feature,weight_mean,weight_std,weight_abs_mean,feature_type
rel_distance_from_n_terminus,-6.789091511301085,0.6770471407302286,6.789091511301085,handcrafted
rel_distance_from_c_terminus,-6.753839289262335,0.6695220762341202,6.753839289262335,handcrafted
mean_rsa_peptide,-0.05138029173331802,0.01944742184655035,0.05138029173331802,handcrafted
mean_disorder_peptide,0.12935096886086428,0.020705060361849954,0.12935096886086428,handcrafted
mean_rsa_nflank,-0.00011437298175989777,0.0145383410361543,0.00011437298175989777,handcrafted
mean_disorder_nflank,-0.04197327798292762,0.01911829844332798,0.04197327798292762,handcrafted
mean_rsa_cflank,0.08261753430549172,0.020912164642386676,0.08261753430549172,handcrafted
mean_disorder_cflank,0.0029257678906968246,0.025451405806310803,0.0029257678906968246,handcrafted
q8point_H_peptide,0.03418314153944162,0.01986195433958494,0.03418314153944162,handcrafted
q8point_G_peptide,0.019148942607215863,0.008554494783033795,0.019148942607215863,handcrafted
q8point_I_peptide,0.027203805439610866,0.010848119718955652,0.027203805439610866,handcrafted
q8point_E_peptide,-0.007861955629531492,0.01444991132959952,0.007861955629531492,handcrafted
q8point_B_peptide,-0.011590876580942466,0.005441558232312104,0.011590876580942466,handcrafted
q8point_T_peptide,-0.005498839597652004,0.005052912135352305,0.005498839597652004,handcrafted
q8point_S_peptide,-0.009990043220579507,0.0061041502874808196,0.009990043220579507,handcrafted
q8point_C_peptide,-0.06799359856808238,0.014922222544310585,0.06799359856808238,handcrafted
q8point_H_nflank,0.012431482523701909,0.02445799649041126,0.012431482523701909,handcrafted
q8point_G_nflank,-0.005618968630629753,0.010581561734942386,0.005618968630629753,handcrafted
q8point_I_nflank,-0.11048432361376992,0.1580565224415068,0.11048432361376992,handcrafted
q8point_E_nflank,-0.03891269636485233,0.005326989235893492,0.03891269636485233,handcrafted
q8point_B_nflank,0.0020978121109056927,0.006073321789922466,0.0020978121109056927,handcrafted
q8point_T_nflank,-0.010062921995436154,0.01098651488651322,0.010062921995436154,handcrafted
q8point_S_nflank,-0.021303235378831727,0.008006057766829899,0.021303235378831727,handcrafted
q8point_C_nflank,0.031013482727564,0.008792249657907506,0.031013482727564,handcrafted
q8point_H_cflank,-0.015867903588448827,0.011711753098223966,0.015867903588448827,handcrafted
q8point_G_cflank,-0.0023742716237239807,0.004937401287523811,0.0023742716237239807,handcrafted
q8point_I_cflank,-0.005799141773351205,0.009466004694453951,0.005799141773351205,handcrafted
q8point_E_cflank,-0.018536941033391662,0.014283768096538134,0.018536941033391662,handcrafted
q8point_B_cflank,0.007588753682207039,0.0028096272015935347,0.007588753682207039,handcrafted
q8point_T_cflank,-0.019613123451877913,0.010107874985468387,0.019613123451877913,handcrafted
q8point_S_cflank,-0.028679268347971236,0.006308769889442342,0.028679268347971236,handcrafted
q8point_C_cflank,0.0010128923979809503,0.010035485506953488,0.0010128923979809503,handcrafted
q8trans_H_n_pep,0.023732377329545352,0.019462332302642542,0.023732377329545352,handcrafted
q8trans_G_n_pep,-0.016320447444634522,0.011834508267814894,0.016320447444634522,handcrafted
q8trans_I_n_pep,0.07516500234065242,0.1292127508271384,0.07516500234065242,handcrafted
q8trans_E_n_pep,-0.004619329464351474,0.012029198178786055,0.004619329464351474,handcrafted
q8trans_B_n_pep,0.0,0.0,0.0,handcrafted
q8trans_T_n_pep,0.008709097134103594,0.006021007800754364,0.008709097134103594,handcrafted
q8trans_S_n_pep,0.002763246227245798,0.004218607082504353,0.002763246227245798,handcrafted
q8trans_C_n_pep,0.020494114097938693,0.011459332085299341,0.020494114097938693,handcrafted
q8trans_H_pep_c,-0.01026546994763083,0.02438951147740164,0.01026546994763083,handcrafted
q8trans_G_pep_c,-0.006981763588620196,0.004350134984871259,0.006981763588620196,handcrafted
q8trans_I_pep_c,-0.02289153929943718,0.011550420941380753,0.02289153929943718,handcrafted
q8trans_E_pep_c,0.023187530224422385,0.012544235586360114,0.023187530224422385,handcrafted
q8trans_B_pep_c,0.0,0.0,0.0,handcrafted
q8trans_T_pep_c,-0.00537770565761146,0.008146167914722289,0.00537770565761146,handcrafted
q8trans_S_pep_c,0.001296285162521198,0.004452373672331001,0.001296285162521198,handcrafted
q8trans_C_pep_c,0.014974111485630196,0.009972115961787072,0.014974111485630196,handcrafted
mean_plddt_peptide,0.03886230710266277,0.0371196191939964,0.03886230710266277,handcrafted
mean_plddt_nflank,0.00901934701638823,0.03192960689648342,0.00901934701638823,handcrafted
mean_plddt_cflank,0.24566684293030994,0.019979417663907047,0.24566684293030994,handcrafted
N10_A,0.03517387322892563,0.015120324906049617,0.03517387322892563,handcrafted
N10_C,-0.0697270782959178,0.051571082877714634,0.0697270782959178,handcrafted
N10_D,-0.02642032157410721,0.07293498507286439,0.02642032157410721,handcrafted
N10_E,-0.12537355704178074,0.06704964123500456,0.12537355704178074,handcrafted
N10_F,0.14009274323555598,0.06784216851125875,0.14009274323555598,handcrafted
N10_G,-0.08278198255733,0.06115937553160624,0.08278198255733,handcrafted
N10_H,-0.017265256079925014,0.04083395101909856,0.017265256079925014,handcrafted
N10_I,-0.23345056007301862,0.20684802750865566,0.23345056007301862,handcrafted
N10_K,0.028425617562151617,0.04919789577225467,0.028425617562151617,handcrafted
N10_L,-0.11840218198830135,0.07284490884335329,0.11840218198830135,handcrafted
N10_M,-0.002709071470155473,0.042142150625674626,0.002709071470155473,handcrafted
N10_N,0.0007156528240212127,0.012690672774017633,0.0007156528240212127,handcrafted
N10_P,-0.05655584679289204,0.06980815697908263,0.05655584679289204,handcrafted
N10_Q,0.13681857884942722,0.04725249967816881,0.13681857884942722,handcrafted
N10_R,-0.1060224802383017,0.10319632677931513,0.1060224802383017,handcrafted
N10_S,-0.07977866290929457,0.05212452807306696,0.07977866290929457,handcrafted
N10_T,0.0296109746865357,0.03744329178265181,0.0296109746865357,handcrafted
N10_V,0.10763583685766442,0.13077671786869577,0.10763583685766442,handcrafted
N10_W,-0.08349453104840947,0.06678837249634934,0.08349453104840947,handcrafted
N10_Y,-0.06725030777411091,0.044243277046722325,0.06725030777411091,handcrafted
N9_A,-0.034150335272617086,0.018415636623176863,0.034150335272617086,handcrafted
N9_C,0.1353688944545872,0.05868748126787569,0.1353688944545872,handcrafted
N9_D,-0.006932045108606619,0.07940777980368247,0.006932045108606619,handcrafted
N9_E,0.28122414243208194,0.02748024833650898,0.28122414243208194,handcrafted
N9_F,-0.10839677301921728,0.05970259094222371,0.10839677301921728,handcrafted
N9_G,0.1550980531263993,0.07647446374044105,0.1550980531263993,handcrafted
N9_H,0.08579973350942754,0.03682218642094258,0.08579973350942754,handcrafted
N9_I,0.9564458456097921,0.15819528992850193,0.9564458456097921,handcrafted
N9_K,-0.17843629256082724,0.049129569054903816,0.17843629256082724,handcrafted
N9_L,0.14513677358750574,0.07170495561224029,0.14513677358750574,handcrafted
N9_M,-0.17180011790487965,0.04302892627181213,0.17180011790487965,handcrafted
N9_N,-0.003485940116633412,0.019005660035767015,0.003485940116633412,handcrafted
N9_P,0.12062479472328529,0.08223883273568176,0.12062479472328529,handcrafted
N9_Q,-0.10610325668078138,0.01919288704203955,0.10610325668078138,handcrafted
N9_R,0.28675329473947886,0.10583954108531406,0.28675329473947886,handcrafted
N9_S,0.1984277889763374,0.030041773483456477,0.1984277889763374,handcrafted
N9_T,-0.068469997421552,0.025148302635979263,0.068469997421552,handcrafted
N9_V,-0.5351183310496438,0.10964868299229341,0.5351183310496438,handcrafted
N9_W,0.13390208094935058,0.060716548178209144,0.13390208094935058,handcrafted
N9_Y,0.01704279555096188,0.0328472497593283,0.01704279555096188,handcrafted
N8_A,0.02745582873449216,0.012922279400734163,0.02745582873449216,handcrafted
N8_C,-0.08026226580991493,0.02654555170841618,0.08026226580991493,handcrafted
N8_D,-0.1412560151605587,0.04669704892616213,0.1412560151605587,handcrafted
N8_E,0.03423408374294574,0.05995729852056924,0.03423408374294574,handcrafted
N8_F,-0.1876568569686552,0.04686043770098795,0.1876568569686552,handcrafted
N8_G,-0.09855906658259264,0.048289210832435446,0.09855906658259264,handcrafted
N8_H,-0.042766247286508734,0.030831692271009056,0.042766247286508734,handcrafted
N8_I,0.23035331357972888,0.19005129128500678,0.23035331357972888,handcrafted
N8_K,-0.06905422727838353,0.049614864031393154,0.06905422727838353,handcrafted
N8_L,-0.15413527917974537,0.028239492968252893,0.15413527917974537,handcrafted
N8_M,0.06307502676774515,0.033897304336000016,0.06307502676774515,handcrafted
N8_N,-0.059774659738046645,0.020296468108209516,0.059774659738046645,handcrafted
N8_P,-0.12203846725792418,0.040105407993688384,0.12203846725792418,handcrafted
N8_Q,-0.04955035512050585,0.03254887585659175,0.04955035512050585,handcrafted
N8_R,-0.05791249394606999,0.07295125754117182,0.05791249394606999,handcrafted
N8_S,0.017127882016224474,0.038660872271966344,0.017127882016224474,handcrafted
N8_T,0.04810322304566127,0.013051182512210565,0.04810322304566127,handcrafted
N8_V,-0.3587939156091313,0.11138247883990832,0.3587939156091313,handcrafted
N8_W,-0.07748086334879577,0.04328786834850636,0.07748086334879577,handcrafted
N8_Y,0.09204053702403923,0.03657181343326928,0.09204053702403923,handcrafted
N7_A,0.010271707214352638,0.012287717821096831,0.010271707214352638,handcrafted
N7_C,0.08268415893042066,0.022843499097380992,0.08268415893042066,handcrafted
N7_D,0.07607630554812764,0.037939783929071214,0.07607630554812764,handcrafted
N7_E,0.03260367289393161,0.03638680913598812,0.03260367289393161,handcrafted
N7_F,0.012050145622199937,0.05576025540360648,0.012050145622199937,handcrafted
N7_G,0.0941722112282974,0.032115561454699335,0.0941722112282974,handcrafted
N7_H,0.020249406795626663,0.022446488263945834,0.020249406795626663,handcrafted
N7_I,0.15591689995809943,0.11020325602630446,0.15591689995809943,handcrafted
N7_K,0.008014791581763117,0.04349326407013617,0.008014791581763117,handcrafted
N7_L,0.0034376008460961518,0.028548059200985965,0.0034376008460961518,handcrafted
N7_M,0.05176959085256194,0.03176456780566426,0.05176959085256194,handcrafted
N7_N,-0.03958859262248992,0.008731070072288304,0.03958859262248992,handcrafted
N7_P,0.05917358285370257,0.026671695052761624,0.05917358285370257,handcrafted
N7_Q,-0.015167984327469134,0.009685151595562687,0.015167984327469134,handcrafted
N7_R,0.06829811334146675,0.05732373510035584,0.06829811334146675,handcrafted
N7_S,0.00501960301811503,0.03831676658502648,0.00501960301811503,handcrafted
N7_T,-0.004440688933920226,0.023217642994801682,0.004440688933920226,handcrafted
N7_V,-0.05184071044547626,0.07304229412376653,0.05184071044547626,handcrafted
N7_W,0.02376809559226238,0.03206211506784337,0.02376809559226238,handcrafted
N7_Y,0.009339185887487457,0.0394835124780294,0.009339185887487457,handcrafted
N6_A,0.005875729387353647,0.013738898131438073,0.005875729387353647,handcrafted
N6_C,-0.005870116675673043,0.02530570529718846,0.005870116675673043,handcrafted
N6_D,-0.005057917203900661,0.04393490292863156,0.005057917203900661,handcrafted
N6_E,0.04683924388186589,0.07047692101322639,0.04683924388186589,handcrafted
N6_F,0.060652443885285456,0.09170661663307655,0.060652443885285456,handcrafted
N6_G,0.06395158671825685,0.02810475035566143,0.06395158671825685,handcrafted
N6_H,0.02535920752763579,0.023213981501561242,0.02535920752763579,handcrafted
N6_I,0.07108570827232244,0.2820396367889309,0.07108570827232244,handcrafted
N6_K,-0.03016712453307252,0.06674462285215964,0.03016712453307252,handcrafted
N6_L,-0.04962990983039386,0.04520582374598988,0.04962990983039386,handcrafted
N6_M,0.04091238192738363,0.05761453900708614,0.04091238192738363,handcrafted
N6_N,0.016849499191100875,0.005429445835398934,0.016849499191100875,handcrafted
N6_P,0.025779070027686358,0.026903636415629345,0.025779070027686358,handcrafted
N6_Q,0.01638122832969438,0.036481809902167345,0.01638122832969438,handcrafted
N6_R,0.0022872996161653844,0.07175987351070835,0.0022872996161653844,handcrafted
N6_S,0.021060283358766686,0.05440350056795528,0.021060283358766686,handcrafted
N6_T,-0.020726912026149447,0.01997260481790712,0.020726912026149447,handcrafted
N6_V,0.052896404079983625,0.199419789706682,0.052896404079983625,handcrafted
N6_W,0.021429710846060573,0.03221845451715779,0.021429710846060573,handcrafted
N6_Y,-0.016980278926247785,0.04604486622958044,0.016980278926247785,handcrafted
N5_A,-0.001540701398291277,0.015524024883142553,0.001540701398291277,handcrafted
N5_C,-0.02376930502603029,0.06539840323811932,0.02376930502603029,handcrafted
N5_D,0.03304995658193442,0.06463608928831074,0.03304995658193442,handcrafted
N5_E,-0.03842530816631599,0.07937242074532795,0.03842530816631599,handcrafted
N5_F,0.03653622129184502,0.05431666259484737,0.03653622129184502,handcrafted
N5_G,0.021679223016334938,0.08613435774533547,0.021679223016334938,handcrafted
N5_H,0.014533070988181273,0.048925720958290154,0.014533070988181273,handcrafted
N5_I,-0.2181671814552562,0.2536762587430478,0.2181671814552562,handcrafted
N5_K,0.05738503555468479,0.049783353422216924,0.05738503555468479,handcrafted
N5_L,0.08044397176525066,0.10209440138592919,0.08044397176525066,handcrafted
N5_M,0.034909659129425695,0.06531390905277462,0.034909659129425695,handcrafted
N5_N,0.01397829307595315,0.021448650609944008,0.01397829307595315,handcrafted
N5_P,0.0036505485007135227,0.07856063583349275,0.0036505485007135227,handcrafted
N5_Q,0.014251762001006096,0.03375815545245587,0.014251762001006096,handcrafted
N5_R,-0.04911320555658113,0.12146456425958398,0.04911320555658113,handcrafted
N5_S,-0.00043219341459989954,0.055095610493822646,0.00043219341459989954,handcrafted
N5_T,-0.003686111917031399,0.03661740086503916,0.003686111917031399,handcrafted
N5_V,0.17486966795004058,0.13185229904054493,0.17486966795004058,handcrafted
N5_W,0.015152301791126453,0.07317212555548099,0.015152301791126453,handcrafted
N5_Y,-0.007565143514426389,0.03279938473259059,0.007565143514426389,handcrafted
N4_A,0.07227433231475282,0.011668828055704458,0.07227433231475282,aa_encoding
N4_C,0.03349138874871635,0.07797232229230049,0.03349138874871635,aa_encoding
N4_D,0.04855126761422494,0.0870321120390646,0.04855126761422494,aa_encoding
N4_E,-0.07924540213975771,0.08182852081232929,0.07924540213975771,aa_encoding
N4_F,0.06416525416432066,0.06518699242139768,0.06416525416432066,aa_encoding
N4_G,-0.015700419857994252,0.11159270161237878,0.015700419857994252,aa_encoding
N4_H,0.010199246512860843,0.05317328435379938,0.010199246512860843,aa_encoding
N4_I,-0.24910687416809996,0.29269323136721226,0.24910687416809996,aa_encoding
N4_K,-0.008380847120125769,0.05284070493908601,0.008380847120125769,aa_encoding
N4_L,-0.026720874900785764,0.1238782197347923,0.026720874900785764,aa_encoding
N4_M,0.042737879627418277,0.06565667688251187,0.042737879627418277,aa_encoding
N4_N,0.046201113828438126,0.02728323654962436,0.046201113828438126,aa_encoding
N4_P,-0.014761750492261864,0.0940976791416134,0.014761750492261864,aa_encoding
N4_Q,0.09175487719922416,0.040989609303828514,0.09175487719922416,aa_encoding
N4_R,-0.009378326539649474,0.14690029851563396,0.009378326539649474,aa_encoding
N4_S,-0.11968995431821142,0.04173957046465171,0.11968995431821142,aa_encoding
N4_T,0.04236599819384573,0.03118375592800715,0.04236599819384573,aa_encoding
N4_V,0.2282085570487718,0.17760197407242573,0.2282085570487718,aa_encoding
N4_W,0.023664119857767268,0.08238993533070814,0.023664119857767268,aa_encoding
N4_Y,-0.02318241782542071,0.04141051036889053,0.02318241782542071,aa_encoding
N3_A,0.028622741728245145,0.023843488560143945,0.028622741728245145,aa_encoding
N3_C,-0.06720110315280081,0.06738737786352353,0.06720110315280081,aa_encoding
N3_D,0.043368307316144834,0.03275448203186709,0.043368307316144834,aa_encoding
N3_E,-0.19109324921048926,0.09867529041243123,0.19109324921048926,aa_encoding
N3_F,0.022002791028715586,0.043873653262016206,0.022002791028715586,aa_encoding
N3_G,-0.17255132431908282,0.08101575413489023,0.17255132431908282,aa_encoding
N3_H,-0.015689908849564317,0.050007239843593745,0.015689908849564317,aa_encoding
N3_I,-0.7226935106736228,0.3490649485586462,0.7226935106736228,aa_encoding
N3_K,0.1614755387223064,0.07041257560009748,0.1614755387223064,aa_encoding
N3_L,0.0026679406986955005,0.09660675230820262,0.0026679406986955005,aa_encoding
N3_M,0.07694462510844705,0.09973496721208666,0.07694462510844705,aa_encoding
N3_N,0.039105358028311346,0.00743618572788883,0.039105358028311346,aa_encoding
N3_P,-0.1862792709242736,0.07630372954280024,0.1862792709242736,aa_encoding
N3_Q,0.11080762580978695,0.038582453579271335,0.11080762580978695,aa_encoding
N3_R,-0.2095656532583412,0.13147487135890554,0.2095656532583412,aa_encoding
N3_S,-0.13444080687769971,0.07772254938543575,0.13444080687769971,aa_encoding
N3_T,0.07207044922558879,0.029044643920665577,0.07207044922558879,aa_encoding
N3_V,0.4311189781292832,0.15280936526509364,0.4311189781292832,aa_encoding
N3_W,-0.09969418948110464,0.07392488607197727,0.09969418948110464,aa_encoding
N3_Y,0.034008742536335915,0.021451847166850602,0.034008742536335915,aa_encoding
N2_A,0.04842724979301933,0.03256354305506947,0.04842724979301933,aa_encoding
N2_C,0.12544745788791045,0.09963624539925492,0.12544745788791045,aa_encoding
N2_D,0.34652969595693917,0.07215531983108889,0.34652969595693917,aa_encoding
N2_E,-0.10474995447778075,0.10846135280149548,0.10474995447778075,aa_encoding
N2_F,0.3251755654808197,0.04328414886640782,0.3251755654808197,aa_encoding
N2_G,0.18381029590691086,0.12156777588858987,0.18381029590691086,aa_encoding
N2_H,0.07046132867605916,0.05456895480222963,0.07046132867605916,aa_encoding
N2_I,-0.7737933261787644,0.38844126420727093,0.7737933261787644,aa_encoding
N2_K,0.12341218671613699,0.08881358887160602,0.12341218671613699,aa_encoding
N2_L,0.19365009520681528,0.1083020045100435,0.19365009520681528,aa_encoding
N2_M,0.15283682986407568,0.05996018667799136,0.15283682986407568,aa_encoding
N2_N,0.11294567082517826,0.014490081983769932,0.11294567082517826,aa_encoding
N2_P,0.006382436284802638,0.10461739551122348,0.006382436284802638,aa_encoding
N2_Q,0.06378364347943337,0.05657385811178645,0.06378364347943337,aa_encoding
N2_R,0.09305788376718824,0.1998880497878642,0.09305788376718824,aa_encoding
N2_S,-0.031202971006874164,0.08198315916596563,0.031202971006874164,aa_encoding
N2_T,-0.06083330212207814,0.04043787170449097,0.06083330212207814,aa_encoding
N2_V,0.752783424267198,0.1726269122318771,0.752783424267198,aa_encoding
N2_W,0.08186355165903228,0.09617706081608669,0.08186355165903228,aa_encoding
N2_Y,-0.13609105533830274,0.04231090293055656,0.13609105533830274,aa_encoding
N1_A,0.13539139847850784,0.013381710194589272,0.13539139847850784,aa_encoding
N1_C,-0.0027207384360203764,0.02396640171563146,0.0027207384360203764,aa_encoding
N1_D,0.08417181023251814,0.04722971314975718,0.08417181023251814,aa_encoding
N1_E,-0.06232932661451056,0.04096956343764978,0.06232932661451056,aa_encoding
N1_F,-0.031703388883033576,0.06490186320961525,0.031703388883033576,aa_encoding
N1_G,-0.0453711017574691,0.04019583907456528,0.0453711017574691,aa_encoding
N1_H,-0.06790573878913186,0.017940606536166043,0.06790573878913186,aa_encoding
N1_I,-0.4031132432802408,0.16219330820722228,0.4031132432802408,aa_encoding
N1_K,0.0018158440116422853,0.04347389129983168,0.0018158440116422853,aa_encoding
N1_L,0.09579565864077381,0.05043793011584101,0.09579565864077381,aa_encoding
N1_M,0.07207735163003537,0.02129647104881195,0.07207735163003537,aa_encoding
N1_N,0.0037789340981876558,0.0160235682547882,0.0037789340981876558,aa_encoding
N1_P,-0.23177488355534764,0.038151686082625154,0.23177488355534764,aa_encoding
N1_Q,-0.06831838659506348,0.022296200145535013,0.06831838659506348,aa_encoding
N1_R,-0.02753428393580775,0.05281318643078427,0.02753428393580775,aa_encoding
N1_S,0.01863357875168523,0.031167063694870656,0.01863357875168523,aa_encoding
N1_T,-0.0064586749375599994,0.0250170314549538,0.0064586749375599994,aa_encoding
N1_V,0.051728453038923025,0.15217072976640994,0.051728453038923025,aa_encoding
N1_W,-0.06636152432918906,0.024803867692725405,0.06636152432918906,aa_encoding
N1_Y,0.07353903863735248,0.04260546047510649,0.07353903863735248,aa_encoding
P1_A,0.11731473456135202,0.014073300753901839,0.11731473456135202,aa_encoding
P1_C,-0.1356485165841971,0.016196139059300455,0.1356485165841971,aa_encoding
P1_D,-0.2855613033062114,0.09268542748133599,0.2855613033062114,aa_encoding
P1_E,-0.05338420413469509,0.050559905563362706,0.05338420413469509,aa_encoding
P1_F,0.013752875687813254,0.0774754055711919,0.013752875687813254,aa_encoding
P1_G,0.04964337310953142,0.024124645631754857,0.04964337310953142,aa_encoding
P1_H,0.10083720324013064,0.0212686002154332,0.10083720324013064,aa_encoding
P1_I,0.09808006200541533,0.08322926329648692,0.09808006200541533,aa_encoding
P1_K,0.23501110083814192,0.02321072994240269,0.23501110083814192,aa_encoding
P1_L,0.31486322390566174,0.05098873480733199,0.31486322390566174,aa_encoding
P1_M,-0.4000054407362626,0.027455308239083567,0.4000054407362626,aa_encoding
P1_N,0.13277597940736602,0.02732464308072772,0.13277597940736602,aa_encoding
P1_P,-0.11633828021200912,0.027284980303385938,0.11633828021200912,aa_encoding
P1_Q,0.1470309932766479,0.020057994584298192,0.1470309932766479,aa_encoding
P1_R,-0.2009734028699834,0.035447329237767375,0.2009734028699834,aa_encoding
P1_S,0.13183616334890508,0.02051584262927169,0.13183616334890508,aa_encoding
P1_T,0.10986724602592499,0.026849159782845453,0.10986724602592499,aa_encoding
P1_V,0.01593417390825415,0.10225437837548257,0.01593417390825415,aa_encoding
P1_W,-0.05314804946362772,0.021579588505974443,0.05314804946362772,aa_encoding
P1_Y,0.094638050664538,0.03183463896525024,0.094638050664538,aa_encoding
P2_A,-0.19482146614687063,0.05902358061577059,0.19482146614687063,aa_encoding
P2_C,0.33914143025127264,0.10132101294488946,0.33914143025127264,aa_encoding
P2_D,0.5332447498094102,0.11460812446580786,0.5332447498094102,aa_encoding
P2_E,0.01204053854863701,0.3548692606251825,0.01204053854863701,aa_encoding
P2_F,-0.6159291850716271,0.07831885967892073,0.6159291850716271,aa_encoding
P2_G,-0.20284930234576568,0.021667894362770494,0.20284930234576568,aa_encoding
P2_H,0.8304637791034768,0.1742509646794256,0.8304637791034768,aa_encoding
P2_I,-0.15780453246155182,0.10222875787480365,0.15780453246155182,aa_encoding
P2_K,-0.9924992780408275,0.103219187357181,0.9924992780408275,aa_encoding
P2_L,0.03193633489046134,0.08251138140757021,0.03193633489046134,aa_encoding
P2_M,-0.22664507923012273,0.12605009203659995,0.22664507923012273,aa_encoding
P2_N,-0.519194337210623,0.22075831867245038,0.519194337210623,aa_encoding
P2_P,0.6942170232069728,0.17725254599026372,0.6942170232069728,aa_encoding
P2_Q,0.18052693376685766,0.28047735911504024,0.18052693376685766,aa_encoding
P2_R,-1.1149285175697243,0.16219515703044388,1.1149285175697243,aa_encoding
P2_S,-0.08569192994966476,0.07416341295663315,0.08569192994966476,aa_encoding
P2_T,-0.031917104441446055,0.07690627776664323,0.031917104441446055,aa_encoding
P2_V,-0.22960897075286058,0.06055608140978948,0.22960897075286058,aa_encoding
P2_W,0.4240853897539777,0.076292684370444,0.4240853897539777,aa_encoding
P2_Y,0.02716988623414166,0.03404707946246079,0.02716988623414166,aa_encoding
P3_A,0.17728690154385676,0.009551029923249915,0.17728690154385676,aa_encoding
P3_C,-0.044336899492929016,0.013329825799867051,0.044336899492929016,aa_encoding
P3_D,0.005570402235099482,0.07513842577359359,0.005570402235099482,aa_encoding
P3_E,-0.27419897575578167,0.026826588038690986,0.27419897575578167,aa_encoding
P3_F,-0.16348350610543272,0.05733427339519101,0.16348350610543272,aa_encoding
P3_G,-0.26279972905498317,0.03186584046890793,0.26279972905498317,aa_encoding
P3_H,0.13141337380918147,0.02546897789559365,0.13141337380918147,aa_encoding
P3_I,0.4255878693325757,0.11322548192778395,0.4255878693325757,aa_encoding
P3_K,-0.18428257117390695,0.03164966219009449,0.18428257117390695,aa_encoding
P3_L,-0.19045678395915638,0.04667242151923534,0.19045678395915638,aa_encoding
P3_M,0.02845620135996012,0.01316378807962564,0.02845620135996012,aa_encoding
P3_N,-0.18402496945126753,0.013547947301654073,0.18402496945126753,aa_encoding
P3_P,-0.21288904401816638,0.024116055357772774,0.21288904401816638,aa_encoding
P3_Q,0.19749059125986995,0.01248152163875486,0.19749059125986995,aa_encoding
P3_R,-0.056664469776405865,0.02490344467588474,0.056664469776405865,aa_encoding
P3_S,-0.019894026678423393,0.014621788420753153,0.019894026678423393,aa_encoding
P3_T,0.19265087012699122,0.018925986326691624,0.19265087012699122,aa_encoding
P3_V,-0.6902233088620402,0.15112457150856998,0.6902233088620402,aa_encoding
P3_W,-0.026768572864430316,0.03895338922256831,0.026768572864430316,aa_encoding
P3_Y,-0.08288046256678791,0.034404160396774734,0.08288046256678791,aa_encoding
P4_A,-0.09763949675192966,0.02040934765887881,0.09763949675192966,aa_encoding
P4_C,-0.06685295080390834,0.01798101288662191,0.06685295080390834,aa_encoding
P4_D,-0.23840075199285699,0.12924323477348618,0.23840075199285699,aa_encoding
P4_E,0.11514498694649977,0.08178489629273308,0.11514498694649977,aa_encoding
P4_F,-0.1388789017192445,0.11545833477537466,0.1388789017192445,aa_encoding
P4_G,-0.12518089613471503,0.0601778209582071,0.12518089613471503,aa_encoding
P4_H,0.18119796315870243,0.027124778695392246,0.18119796315870243,aa_encoding
P4_I,0.39818406507468707,0.18979102810874027,0.39818406507468707,aa_encoding
P4_K,-0.005371114212911438,0.0363872401956362,0.005371114212911438,aa_encoding
P4_L,-0.1460242561759389,0.044327585215126065,0.1460242561759389,aa_encoding
P4_M,-0.14043584782189072,0.0625512883643724,0.14043584782189072,aa_encoding
P4_N,-0.101847711630538,0.023360323485281748,0.101847711630538,aa_encoding
P4_P,-0.23483256708427866,0.07464533023874334,0.23483256708427866,aa_encoding
P4_Q,-0.02266039818025904,0.029127648334118197,0.02266039818025904,aa_encoding
P4_R,-0.08315536161186875,0.03005829109592657,0.08315536161186875,aa_encoding
P4_S,0.14978070353588094,0.025604473994610816,0.14978070353588094,aa_encoding
P4_T,0.038089618252105065,0.03602440991787033,0.038089618252105065,aa_encoding
P4_V,-0.22179006623542322,0.21853096165962815,0.22179006623542322,aa_encoding
P4_W,0.023213310661928548,0.02005273021752872,0.023213310661928548,aa_encoding
P4_Y,-0.09182043696415614,0.0795256351108581,0.09182043696415614,aa_encoding
P5_A,-0.015072049718157293,0.004105586960366584,0.015072049718157293,aa_encoding
P5_C,-0.04691411369475623,0.009627385707905126,0.04691411369475623,aa_encoding
P5_D,0.02863765571539644,0.017395272760487145,0.02863765571539644,aa_encoding
P5_E,-0.16677438396255878,0.017497979402292987,0.16677438396255878,aa_encoding
P5_F,0.2201495397865271,0.02624576852081274,0.2201495397865271,aa_encoding
P5_G,0.022800191968459126,0.026240001712557606,0.022800191968459126,aa_encoding
P5_H,0.23985107250351834,0.00813754653159234,0.23985107250351834,aa_encoding
P5_I,-0.017209777903922967,0.0411609834532854,0.017209777903922967,aa_encoding
P5_K,0.2034788597293927,0.013801435248812733,0.2034788597293927,aa_encoding
P5_L,-0.05758645330292635,0.03112727599217307,0.05758645330292635,aa_encoding
P5_M,-0.1580865236050275,0.03206940136200336,0.1580865236050275,aa_encoding
P5_N,0.01791180385363054,0.019050978066453127,0.01791180385363054,aa_encoding
P5_P,-0.17403346036280387,0.021219018027925796,0.17403346036280387,aa_encoding
P5_Q,0.09230963414737346,0.013573699888406022,0.09230963414737346,aa_encoding
P5_R,0.047274531660513895,0.021253766443025443,0.047274531660513895,aa_encoding
P5_S,0.02948952627008798,0.012805702449847727,0.02948952627008798,aa_encoding
P5_T,0.059039607667651116,0.022428882478255956,0.059039607667651116,aa_encoding
P5_V,0.24712373458844442,0.06478066285467117,0.24712373458844442,aa_encoding
P5_W,0.037092397266695276,0.0064391724620483145,0.037092397266695276,aa_encoding
P5_Y,-0.19465105612627323,0.020077939866011096,0.19465105612627323,aa_encoding
P6_A,-0.0709881176421832,0.017731358316200586,0.0709881176421832,aa_encoding
P6_C,-0.08921653700069322,0.01675307794118047,0.08921653700069322,aa_encoding
P6_D,-0.4875514222901439,0.07902876734759333,0.4875514222901439,aa_encoding
P6_E,0.09514283644862095,0.03173695024110482,0.09514283644862095,aa_encoding
P6_F,-0.5076826660801339,0.05600062090715081,0.5076826660801339,aa_encoding
P6_G,-0.3342926043682642,0.018295692634161906,0.3342926043682642,aa_encoding
P6_H,-0.08367080342275209,0.021543007076384575,0.08367080342275209,aa_encoding
P6_I,0.31765704021466284,0.0497627974044668,0.31765704021466284,aa_encoding
P6_K,-0.2582304344175596,0.026522306657731174,0.2582304344175596,aa_encoding
P6_L,0.12350232729483793,0.016081346042237734,0.12350232729483793,aa_encoding
P6_M,-0.37361434064193155,0.03177075486709969,0.37361434064193155,aa_encoding
P6_N,0.14651118399146087,0.02278244785415029,0.14651118399146087,aa_encoding
P6_P,-0.2472749914515187,0.03170563270331725,0.2472749914515187,aa_encoding
P6_Q,0.10517937726017715,0.021828554744935266,0.10517937726017715,aa_encoding
P6_R,-0.07607264552050286,0.025985508552208606,0.07607264552050286,aa_encoding
P6_S,0.12170410814404735,0.03583251214509041,0.12170410814404735,aa_encoding
P6_T,0.04141305162241414,0.019555610264852027,0.04141305162241414,aa_encoding
P6_V,-0.3819603514690546,0.08442765276256796,0.3819603514690546,aa_encoding
P6_W,-0.1118537310640862,0.030319794984569836,0.1118537310640862,aa_encoding
P6_Y,0.13600090074555346,0.0384853389843637,0.13600090074555346,aa_encoding
P7_A,0.1000392298256811,0.021350465608727425,0.1000392298256811,aa_encoding
P7_C,-0.09917811435681914,0.013137109793534819,0.09917811435681914,aa_encoding
P7_D,-0.38471862437831317,0.058874604715606835,0.38471862437831317,aa_encoding
P7_E,-0.03177268992295784,0.01932088663712108,0.03177268992295784,aa_encoding
P7_F,-0.2713050866395787,0.06610037295348534,0.2713050866395787,aa_encoding
P7_G,-0.3291829653033111,0.029030787876910942,0.3291829653033111,aa_encoding
P7_H,0.23837048467322447,0.03675389683539208,0.23837048467322447,aa_encoding
P7_I,0.39671562475033634,0.11098386076029719,0.39671562475033634,aa_encoding
P7_K,0.0046824375768739195,0.03603124180416611,0.0046824375768739195,aa_encoding
P7_L,-0.1154218737767955,0.03802455470607906,0.1154218737767955,aa_encoding
P7_M,-0.3091342166640535,0.03430864502896395,0.3091342166640535,aa_encoding
P7_N,0.0269744309503518,0.016557104107524676,0.0269744309503518,aa_encoding
P7_P,-0.10879061131092027,0.049375832164428674,0.10879061131092027,aa_encoding
P7_Q,0.012226201621272166,0.008878888507240945,0.012226201621272166,aa_encoding
P7_R,-0.15467897490360968,0.031880689923051715,0.15467897490360968,aa_encoding
P7_S,-0.02675503443036271,0.01587755116106542,0.02675503443036271,aa_encoding
P7_T,0.13985084895015643,0.02823810615289932,0.13985084895015643,aa_encoding
P7_V,-0.3259884558319377,0.16678344740089157,0.3259884558319377,aa_encoding
P7_W,-0.045529902375754674,0.03704986509431244,0.045529902375754674,aa_encoding
P7_Y,0.09994534903791663,0.04639306659530482,0.09994534903791663,aa_encoding
P8_A,-0.07748506540925809,0.014503464902883793,0.07748506540925809,aa_encoding
P8_C,0.11198072257024742,0.021163693484281258,0.11198072257024742,aa_encoding
P8_D,0.253839373568374,0.08935581080027459,0.253839373568374,aa_encoding
P8_E,-0.19643665843036537,0.043464110480662795,0.19643665843036537,aa_encoding
P8_F,0.693672319455134,0.09287979707248162,0.693672319455134,aa_encoding
P8_G,0.5657452445881291,0.06126951937382767,0.5657452445881291,aa_encoding
P8_H,0.2884766487127462,0.02802694715497659,0.2884766487127462,aa_encoding
P8_I,-1.1124899569621207,0.16485861021102244,1.1124899569621207,aa_encoding
P8_K,0.4453583350470504,0.03707786629368293,0.4453583350470504,aa_encoding
P8_L,0.6510706841886515,0.07294421082144874,0.6510706841886515,aa_encoding
P8_M,-0.25798117952894084,0.027855286228145846,0.25798117952894084,aa_encoding
P8_N,0.2617103062196881,0.033252178485521464,0.2617103062196881,aa_encoding
P8_P,0.2080948551254517,0.04356165095764131,0.2080948551254517,aa_encoding
P8_Q,0.22723151649456175,0.009899860059645214,0.22723151649456175,aa_encoding
P8_R,0.20409434185610986,0.03314324822614021,0.20409434185610986,aa_encoding
P8_S,-0.22330338100707547,0.009999366170656164,0.22330338100707547,aa_encoding
P8_T,-0.015155915286919586,0.035180421795573395,0.015155915286919586,aa_encoding
P8_V,1.396802348426829,0.1956043368591962,1.396802348426829,aa_encoding
P8_W,0.14822854829482618,0.03124541075521713,0.14822854829482618,aa_encoding
P8_Y,-0.279748769623514,0.05498154331745485,0.279748769623514,aa_encoding
P9_A,-0.6274321091186053,0.2575722829664415,0.6274321091186053,aa_encoding
P9_C,-0.018211724058560412,0.11935073680327855,0.018211724058560412,aa_encoding
P9_D,-1.2839117796075001,0.26156787950502697,1.2839117796075001,aa_encoding
P9_E,-0.4028246416948457,0.1979427905732926,0.4028246416948457,aa_encoding
P9_F,-0.449720615285791,0.18539295782594434,0.449720615285791,aa_encoding
P9_G,-0.0314519403938396,0.3502548092281905,0.0314519403938396,aa_encoding
P9_H,0.716699442629867,0.7580948546745299,0.716699442629867,aa_encoding
P9_I,0.0011026363624640754,0.08432793158288841,0.0011026363624640754,aa_encoding
P9_K,1.0313507841425387,0.2627947864700575,1.0313507841425387,aa_encoding
P9_L,-0.17157624904107122,0.09533792990689147,0.17157624904107122,aa_encoding
P9_M,-1.571097556904027,0.2994551005007271,1.571097556904027,aa_encoding
P9_N,-1.0397787709116417,0.1517744731950829,1.0397787709116417,aa_encoding
P9_P,-0.2230359738931237,0.11650946551437392,0.2230359738931237,aa_encoding
P9_Q,1.0528949177390892,0.2976387122917967,1.0528949177390892,aa_encoding
P9_R,-0.7152813816119339,0.2062908429252791,0.7152813816119339,aa_encoding
P9_S,0.6321518537275906,0.17502447793540707,0.6321518537275906,aa_encoding
P9_T,0.2738357189589402,0.0785391079341161,0.2738357189589402,aa_encoding
P9_V,1.0500243960113127,0.2317921513331108,1.0500243960113127,aa_encoding
P9_W,0.9039210722813495,0.1957878005706625,0.9039210722813495,aa_encoding
P9_Y,-0.4497893825192171,0.1950619462206374,0.4497893825192171,aa_encoding
C1_A,0.04956487245489169,0.03805545489740128,0.04956487245489169,aa_encoding
C1_C,0.6759889176447673,0.09417154116336889,0.6759889176447673,aa_encoding
C1_D,0.8028081597354365,0.08558386748084193,0.8028081597354365,aa_encoding
C1_E,0.11433540123434008,0.06520315284032348,0.11433540123434008,aa_encoding
C1_F,0.618165111497786,0.04984070722876829,0.618165111497786,aa_encoding
C1_G,0.8586615533909626,0.13062238430365375,0.8586615533909626,aa_encoding
C1_H,0.5377267885922452,0.06681802629764881,0.5377267885922452,aa_encoding
C1_I,0.2025394595003151,0.19590620363274838,0.2025394595003151,aa_encoding
C1_K,0.0634739189883404,0.04730377539723807,0.0634739189883404,aa_encoding
C1_L,1.0658475055455991,0.13540504705283998,1.0658475055455991,aa_encoding
C1_M,-0.2875746694748088,0.0500803302560642,0.2875746694748088,aa_encoding
C1_N,0.1611137882333648,0.036633149360885076,0.1611137882333648,aa_encoding
C1_P,0.8070649311284015,0.11653415306104317,0.8070649311284015,aa_encoding
C1_Q,-0.17858786364319407,0.042051169137095036,0.17858786364319407,aa_encoding
C1_R,1.171090017688679,0.168684483917679,1.171090017688679,aa_encoding
C1_S,0.336894979145932,0.07631627306397969,0.336894979145932,aa_encoding
C1_T,-0.3884273580159371,0.0565770439178868,0.3884273580159371,aa_encoding
C1_V,0.9532840808610803,0.10197174805421859,0.9532840808610803,aa_encoding
C1_W,0.6467024040356477,0.09403915284860048,0.6467024040356477,aa_encoding
C1_Y,-0.48393501201686434,0.051190426776305115,0.48393501201686434,aa_encoding
C2_A,0.03633733479562748,0.019528366558170897,0.03633733479562748,aa_encoding
C2_C,-0.07124083601321436,0.08397561488802037,0.07124083601321436,aa_encoding
C2_D,-0.14305623158227482,0.07656735641738843,0.14305623158227482,aa_encoding
C2_E,-0.030406358509039295,0.09113476292371937,0.030406358509039295,aa_encoding
C2_F,-0.258419018677586,0.040278108260578316,0.258419018677586,aa_encoding
C2_G,-0.09887610452406183,0.11456398034987679,0.09887610452406183,aa_encoding
C2_H,-0.11682055128705246,0.06393551209836536,0.11682055128705246,aa_encoding
C2_I,0.128908263344532,0.2932411428358405,0.128908263344532,aa_encoding
C2_K,0.05137761267119665,0.049174859673126695,0.05137761267119665,aa_encoding
C2_L,-0.15071125893708898,0.11151556069498247,0.15071125893708898,aa_encoding
C2_M,0.1649245204211,0.08138364774806862,0.1649245204211,aa_encoding
C2_N,-0.06948181272590845,0.009254566850036892,0.06948181272590845,aa_encoding
C2_P,-0.25244470148847464,0.10242184762406904,0.25244470148847464,aa_encoding
C2_Q,-0.06553794069367057,0.05042169207681121,0.06553794069367057,aa_encoding
C2_R,-0.12706402991172613,0.15519758693148483,0.12706402991172613,aa_encoding
C2_S,-0.053385694462310916,0.05250586274244625,0.053385694462310916,aa_encoding
C2_T,0.12161346017793381,0.03373992594209083,0.12161346017793381,aa_encoding
C2_V,-0.43157411475241964,0.11366604420105376,0.43157411475241964,aa_encoding
C2_W,-0.09068428432945075,0.0884002863933149,0.09068428432945075,aa_encoding
C2_Y,0.10262141934903538,0.03497414110270608,0.10262141934903538,aa_encoding
C3_A,0.062025774232331146,0.009315030981800585,0.062025774232331146,aa_encoding
C3_C,-0.010226252620829882,0.04386021424776947,0.010226252620829882,aa_encoding
C3_D,0.09391744220117,0.02187424356538004,0.09391744220117,aa_encoding
C3_E,-0.06877645928522091,0.07434705711869154,0.06877645928522091,aa_encoding
C3_F,0.10958336874429883,0.041999523695415195,0.10958336874429883,aa_encoding
C3_G,-0.005319133716101096,0.039645640914251684,0.005319133716101096,aa_encoding
C3_H,0.04277310864644352,0.03045029650215506,0.04277310864644352,aa_encoding
C3_I,-0.21129363291413314,0.21882956140374268,0.21129363291413314,aa_encoding
C3_K,0.07532226720924576,0.05055716064491142,0.07532226720924576,aa_encoding
C3_L,-0.10223574743368635,0.03661375274908648,0.10223574743368635,aa_encoding
C3_M,0.10076290128648613,0.032657044279419,0.10076290128648613,aa_encoding
C3_N,-0.04787932639543012,0.018188589086387087,0.04787932639543012,aa_encoding
C3_P,-0.06548166834187853,0.03795959265348494,0.06548166834187853,aa_encoding
C3_Q,0.01197402869960104,0.039422445296663174,0.01197402869960104,aa_encoding
C3_R,-0.051094717920088795,0.08646574930185938,0.051094717920088795,aa_encoding
C3_S,-0.05551123625470581,0.045463951821608825,0.05551123625470581,aa_encoding
C3_T,0.03330698695160091,0.015391228890569111,0.03330698695160091,aa_encoding
C3_V,0.11385743231307655,0.12048975186562559,0.11385743231307655,aa_encoding
C3_W,0.01518610967590269,0.04377370774216434,0.01518610967590269,aa_encoding
C3_Y,-0.07956734886847004,0.0345117432902239,0.07956734886847004,aa_encoding
C4_A,0.05339673769232556,0.022554604242276576,0.05339673769232556,aa_encoding
C4_C,-0.16543864454514098,0.08568167078257004,0.16543864454514098,aa_encoding
C4_D,-0.06907292993633589,0.06252473329066588,0.06907292993633589,aa_encoding
C4_E,-0.25279592866361356,0.08993897840153005,0.25279592866361356,aa_encoding
C4_F,0.02651075164725697,0.044392227304571555,0.02651075164725697,aa_encoding
C4_G,-0.18227838234647875,0.10782116997327779,0.18227838234647875,aa_encoding
C4_H,-0.08767905324872775,0.06498484500740502,0.08767905324872775,aa_encoding
C4_I,-0.9618235449121801,0.2866154212032397,0.9618235449121801,aa_encoding
C4_K,0.22110560077179242,0.04829555629415279,0.22110560077179242,aa_encoding
C4_L,-0.2052241157261983,0.10907155850860072,0.2052241157261983,aa_encoding
C4_M,0.21488109605336142,0.07747616910018507,0.21488109605336142,aa_encoding
C4_N,0.0037598965971048677,0.018921268056686563,0.0037598965971048677,aa_encoding
C4_P,-0.13913836475267816,0.0893923720615503,0.13913836475267816,aa_encoding
C4_Q,0.06512938751835311,0.04193711844260223,0.06512938751835311,aa_encoding
C4_R,-0.35471647747312446,0.13863438150251475,0.35471647747312446,aa_encoding
C4_S,-0.20615135722090572,0.06621314569131628,0.20615135722090572,aa_encoding
C4_T,0.08184164290368678,0.036568868637021634,0.08184164290368678,aa_encoding
C4_V,0.4657151176803076,0.0984585852131951,0.4657151176803076,aa_encoding
C4_W,-0.17907615373381391,0.08233563607791074,0.17907615373381391,aa_encoding
C4_Y,0.047590754024551964,0.04201537239117216,0.047590754024551964,aa_encoding
C5_A,0.016031853065822766,0.022292474274815045,0.016031853065822766,handcrafted
C5_C,0.1028516524175996,0.04120607799079391,0.1028516524175996,handcrafted
C5_D,-0.006713001746390952,0.038900202976325744,0.006713001746390952,handcrafted
C5_E,0.2061484384563653,0.06511909049309136,0.2061484384563653,handcrafted
C5_F,-0.04272755677217781,0.042006242486363726,0.04272755677217781,handcrafted
C5_G,0.1253376520278085,0.07244429043684715,0.1253376520278085,handcrafted
C5_H,0.11090049941861435,0.023517128554070982,0.11090049941861435,handcrafted
C5_I,0.771516687737434,0.1357253409596241,0.771516687737434,handcrafted
C5_K,-0.17316514513089554,0.033691299153679466,0.17316514513089554,handcrafted
C5_L,-0.013436630111778092,0.08274629630023869,0.013436630111778092,handcrafted
C5_M,-0.0391399912667284,0.03834911722349469,0.0391399912667284,handcrafted
C5_N,-0.025371132143431053,0.011346779555187802,0.025371132143431053,handcrafted
C5_P,0.1384275719098955,0.0590328820444446,0.1384275719098955,handcrafted
C5_Q,-0.08703509798643047,0.0387670573914062,0.08703509798643047,handcrafted
C5_R,0.28654380860741613,0.08462729735711558,0.28654380860741613,handcrafted
C5_S,0.0961275642479924,0.0442512877783484,0.0961275642479924,handcrafted
C5_T,-0.027498942961273542,0.026135672733387058,0.027498942961273542,handcrafted
C5_V,-0.42195012080974054,0.08027380632831446,0.42195012080974054,handcrafted
C5_W,0.09864533527398128,0.04144514293118391,0.09864533527398128,handcrafted
C5_Y,-0.0491809602794933,0.02011355044540797,0.0491809602794933,handcrafted
C6_A,0.02148255168581954,0.01679451782054941,0.02148255168581954,handcrafted
C6_C,0.009713440635007531,0.06451269477416037,0.009713440635007531,handcrafted
C6_D,-0.0027414662537640576,0.07711022427343878,0.0027414662537640576,handcrafted
C6_E,-0.006370301304735945,0.06900986188807151,0.006370301304735945,handcrafted
C6_F,-0.07891937212628167,0.046062763499447844,0.07891937212628167,handcrafted
C6_G,0.001888152240356778,0.08803272917336477,0.001888152240356778,handcrafted
C6_H,0.005961360527395943,0.03491231979722408,0.005961360527395943,handcrafted
C6_I,-0.12038364305164292,0.297678991708508,0.12038364305164292,handcrafted
C6_K,0.14228066856157245,0.06171400367319854,0.14228066856157245,handcrafted
C6_L,-0.0031360511539746962,0.08264441371615938,0.0031360511539746962,handcrafted
C6_M,0.06956686481784655,0.07029862597297687,0.06956686481784655,handcrafted
C6_N,-0.02378840518266826,0.007400946188071196,0.02378840518266826,handcrafted
C6_P,-0.033000324794364676,0.08109851038801608,0.033000324794364676,handcrafted
C6_Q,-0.063680488791065,0.02288953233388256,0.063680488791065,handcrafted
C6_R,-0.10215555535260823,0.13348388397024386,0.10215555535260823,handcrafted
C6_S,-0.04334715686338652,0.03636793168058492,0.04334715686338652,handcrafted
C6_T,0.03911003508204302,0.028120767323720788,0.03911003508204302,handcrafted
C6_V,0.02923893786665055,0.1632611324557223,0.02923893786665055,handcrafted
C6_W,-0.012044613661687575,0.06783887496719017,0.012044613661687575,handcrafted
C6_Y,0.06076856075691457,0.03374995146687267,0.06076856075691457,handcrafted
C7_A,0.03365868402442902,0.010574528264895671,0.03365868402442902,handcrafted
C7_C,-0.04983295876504418,0.06238591099857092,0.04983295876504418,handcrafted
C7_D,0.08989348860655483,0.07268442895569403,0.08989348860655483,handcrafted
C7_E,-0.13365787259630227,0.07001571470327723,0.13365787259630227,handcrafted
C7_F,0.10389255190549374,0.057439142408679165,0.10389255190549374,handcrafted
C7_G,-0.023688945470367984,0.07467078858227888,0.023688945470367984,handcrafted
C7_H,-0.019108137786273956,0.054923684799213716,0.019108137786273956,handcrafted
C7_I,-0.4956339360356953,0.3042798345682643,0.4956339360356953,handcrafted
C7_K,0.1342900537658655,0.050917525890668225,0.1342900537658655,handcrafted
C7_L,-0.0076965566786499125,0.07917545848732785,0.0076965566786499125,handcrafted
C7_M,0.02626547962052398,0.060651148675545025,0.02626547962052398,handcrafted
C7_N,-0.018911479847408715,0.016944736139970475,0.018911479847408715,handcrafted
C7_P,-0.0357925922003438,0.07938074356683637,0.0357925922003438,handcrafted
C7_Q,0.0760383695316351,0.03235590368454263,0.0760383695316351,handcrafted
C7_R,-0.17550236860242124,0.128800826179016,0.17550236860242124,handcrafted
C7_S,-0.08877155376403931,0.06605498858930639,0.08877155376403931,handcrafted
C7_T,0.01595527977367415,0.036512644418516045,0.01595527977367415,handcrafted
C7_V,0.3754883440386569,0.15077128810127904,0.3754883440386569,handcrafted
C7_W,-0.039236381325473094,0.07939504716174256,0.039236381325473094,handcrafted
C7_Y,-0.011464839325918472,0.052472732882136906,0.011464839325918472,handcrafted
C8_A,0.0022776274959291744,0.012144245722350044,0.0022776274959291744,handcrafted
C8_C,0.04609708908406397,0.05350107164406988,0.04609708908406397,handcrafted
C8_D,0.09194462929532914,0.06517812302295417,0.09194462929532914,handcrafted
C8_E,0.02887969189446645,0.06624704774443052,0.02887969189446645,handcrafted
C8_F,0.03132084311910051,0.0833421943557663,0.03132084311910051,handcrafted
C8_G,0.06729675975972574,0.07143100742991794,0.06729675975972574,handcrafted
C8_H,0.04398813250319967,0.03174628016592668,0.04398813250319967,handcrafted
C8_I,0.023330356002178004,0.194625416822735,0.023330356002178004,handcrafted
C8_K,0.04465131355119666,0.06308971589331593,0.04465131355119666,handcrafted
C8_L,0.014857140521286814,0.10639261499537386,0.014857140521286814,handcrafted
C8_M,0.03936223940776611,0.07657859929912744,0.03936223940776611,handcrafted
C8_N,0.010993482346079452,0.013095886918343147,0.010993482346079452,handcrafted
C8_P,0.050069362016222696,0.07395990255400435,0.050069362016222696,handcrafted
C8_Q,-0.05285990588939016,0.034104903927942465,0.05285990588939016,handcrafted
C8_R,0.05452986960792067,0.1086851911292288,0.05452986960792067,handcrafted
C8_S,-0.00850376892661756,0.06387745015042053,0.00850376892661756,handcrafted
C8_T,-0.008325159096183638,0.038022173262360036,0.008325159096183638,handcrafted
C8_V,0.09259537811553502,0.11549349171203471,0.09259537811553502,handcrafted
C8_W,0.04512515101286483,0.06174928946705173,0.04512515101286483,handcrafted
C8_Y,-0.03433896725248213,0.04006132205321322,0.03433896725248213,handcrafted
C9_A,0.020472686236815148,0.00837704573183945,0.020472686236815148,handcrafted
C9_C,-0.07577583418768882,0.04207347113042079,0.07577583418768882,handcrafted
C9_D,0.011940026256791383,0.07049283613526992,0.011940026256791383,handcrafted
C9_E,-0.12123779035542288,0.05294386689635476,0.12123779035542288,handcrafted
C9_F,0.10223777260858365,0.08311981668409943,0.10223777260858365,handcrafted
C9_G,-0.02603237593270319,0.06536895554259799,0.02603237593270319,handcrafted
C9_H,-0.05033153539054609,0.0537518106553926,0.05033153539054609,handcrafted
C9_I,-0.513629197579897,0.21159709955330658,0.513629197579897,handcrafted
C9_K,0.16717857803779868,0.04957415451758422,0.16717857803779868,handcrafted
C9_L,-0.035161456725402905,0.06650094985894611,0.035161456725402905,handcrafted
C9_M,0.08514340188219974,0.05446304726894607,0.08514340188219974,handcrafted
C9_N,0.06693744460795041,0.006014093964866171,0.06693744460795041,handcrafted
C9_P,-0.025309327666391206,0.0678274130120191,0.025309327666391206,handcrafted
C9_Q,0.04733814855048403,0.01828210035068975,0.04733814855048403,handcrafted
C9_R,-0.16489508707602785,0.09543714736300635,0.16489508707602785,handcrafted
C9_S,-0.12951703933098074,0.028403885361798678,0.12951703933098074,handcrafted
C9_T,0.005203954108747424,0.02622048241385897,0.005203954108747424,handcrafted
C9_V,0.3750592980673234,0.1486253231993876,0.3750592980673234,handcrafted
C9_W,-0.04072229379064031,0.06250690751290106,0.04072229379064031,handcrafted
C9_Y,-0.03269246414190414,0.06696647913794379,0.03269246414190414,handcrafted
C10_A,-0.015051569499963665,0.018906793706273836,0.015051569499963665,handcrafted
C10_C,-0.013377560065101036,0.026596029258388294,0.013377560065101036,handcrafted
C10_D,-0.011857550358787609,0.022118566969204518,0.011857550358787609,handcrafted
C10_E,-0.06302484877588681,0.051922303430945664,0.06302484877588681,handcrafted
C10_F,-0.01036799860479618,0.033746698111260603,0.01036799860479618,handcrafted
C10_G,-0.014322163350408298,0.04348619861478464,0.014322163350408298,handcrafted
C10_H,0.0198947945571119,0.03700189231048586,0.0198947945571119,handcrafted
C10_I,-0.12938856710309085,0.14717001751515138,0.12938856710309085,handcrafted
C10_K,0.0727213900067838,0.023502335449635963,0.0727213900067838,handcrafted
C10_L,-0.036469883573841205,0.025341457102396485,0.036469883573841205,handcrafted
C10_M,0.004851648507161873,0.030518773207109662,0.004851648507161873,handcrafted
C10_N,-0.0483270808606683,0.020698526139844974,0.0483270808606683,handcrafted
C10_P,-0.07414583721463883,0.03117063195748165,0.07414583721463883,handcrafted
C10_Q,0.03644209462824822,0.02604109276332115,0.03644209462824822,handcrafted
C10_R,-0.09319787439047166,0.05521339597898771,0.09319787439047166,handcrafted
C10_S,-0.0894870410410901,0.03807650699234855,0.0894870410410901,handcrafted
C10_T,0.04745538501706648,0.022773631180593702,0.04745538501706648,handcrafted
C10_V,0.04361821963937647,0.07066453753258621,0.04361821963937647,handcrafted
C10_W,-0.047058109081524135,0.027806568123725988,0.047058109081524135,handcrafted
C10_Y,-0.027600524039178686,0.03262419336375709,0.027600524039178686,handcrafted
esmif_PC001,0.04369328306464316,0.010914562325739837,0.04369328306464316,embedding_pca
esmif_PC002,-0.10073268400436916,0.012261834142790395,0.10073268400436916,embedding_pca
esmif_PC003,-0.04445218791168842,0.016706896616984282,0.04445218791168842,embedding_pca
esmif_PC004,0.025421272773589708,0.008075254441234156,0.025421272773589708,embedding_pca
esmif_PC005,0.013398014917581344,0.015926742680097705,0.013398014917581344,embedding_pca
esmif_PC006,0.07928615384717033,0.015766685213312107,0.07928615384717033,embedding_pca
esmif_PC007,-0.01939336225629898,0.011865302234959524,0.01939336225629898,embedding_pca
esmif_PC008,0.008273680186700005,0.012329162921286798,0.008273680186700005,embedding_pca
esmif_PC009,0.020347389200712485,0.009735750744757037,0.020347389200712485,embedding_pca
esmif_PC010,0.01397494215862453,0.022408867241225042,0.01397494215862453,embedding_pca
esmif_PC011,-0.020051796576415277,0.0071126633428040525,0.020051796576415277,embedding_pca
esmif_PC012,-0.02147802634337362,0.01173420813717519,0.02147802634337362,embedding_pca
esmif_PC013,-0.030740513066304938,0.016597462456149577,0.030740513066304938,embedding_pca
esmif_PC014,0.011815728083442683,0.009130906247379418,0.011815728083442683,embedding_pca
esmif_PC015,-0.03833060804037125,0.011966867199132305,0.03833060804037125,embedding_pca
esmif_PC016,0.03390666013735678,0.012364494768296179,0.03390666013735678,embedding_pca
esmif_PC017,-0.03753636337280189,0.007242426252293088,0.03753636337280189,embedding_pca
esmif_PC018,-0.047190959021994446,0.0222484613892233,0.047190959021994446,embedding_pca
esmif_PC019,-0.009560822460123837,0.035320610834192516,0.009560822460123837,embedding_pca
esmif_PC020,0.03257593422503374,0.022660957300884108,0.03257593422503374,embedding_pca
esmif_PC021,0.06458600234630159,0.01754956968724986,0.06458600234630159,embedding_pca
esmif_PC022,0.011971419934069605,0.012026845708898648,0.011971419934069605,embedding_pca
esmif_PC023,-0.04367118207693459,0.010117110970512105,0.04367118207693459,embedding_pca
esmif_PC024,0.027648381957850937,0.013773364094205223,0.027648381957850937,embedding_pca
esmif_PC025,0.029630153774623087,0.02054612848538296,0.029630153774623087,embedding_pca
esmif_PC026,0.02383768144682554,0.005448428747596452,0.02383768144682554,embedding_pca
esmif_PC027,-0.04568859867522602,0.00971503328294328,0.04568859867522602,embedding_pca
esmif_PC028,-0.010957971564984384,0.04362584629519526,0.010957971564984384,embedding_pca
esmif_PC029,-0.009847860841212693,0.03570760329959015,0.009847860841212693,embedding_pca
esmif_PC030,0.021018024649806576,0.007365437205109481,0.021018024649806576,embedding_pca
esmif_PC031,0.013007439357196343,0.024783797367433306,0.013007439357196343,embedding_pca
esmif_PC032,-0.043199873163012145,0.005307378652929708,0.043199873163012145,embedding_pca
esmif_PC033,-0.01717164628736124,0.02381098315185952,0.01717164628736124,embedding_pca
esmif_PC034,-0.004482698626064011,0.014313580452153375,0.004482698626064011,embedding_pca
esmif_PC035,-0.00618057349756648,0.017661672926847685,0.00618057349756648,embedding_pca
esmif_PC036,-0.005430616898917643,0.009997429539720954,0.005430616898917643,embedding_pca
esmif_PC037,0.04108878928846808,0.01753734500473031,0.04108878928846808,embedding_pca
esmif_PC038,0.013787847436121034,0.030427478579352508,0.013787847436121034,embedding_pca
esmif_PC039,0.0014276172476438962,0.02941408020459729,0.0014276172476438962,embedding_pca
esmif_PC040,-0.008482780906754616,0.03809890128962908,0.008482780906754616,embedding_pca
esmif_PC041,-0.03214063269052111,0.014606352320947166,0.03214063269052111,embedding_pca
esmif_PC042,-0.0010973678589224294,0.023455860674742538,0.0010973678589224294,embedding_pca
esmif_PC043,-0.012411878053428065,0.024334948519468033,0.012411878053428065,embedding_pca
esmif_PC044,-0.009713280743314198,0.01498978410427472,0.009713280743314198,embedding_pca
esmif_PC045,0.005132885197679814,0.020425834112759503,0.005132885197679814,embedding_pca
esmif_PC046,0.0011136013668566476,0.009250396990244703,0.0011136013668566476,embedding_pca
esmif_PC047,0.00648671989968194,0.010551245640184321,0.00648671989968194,embedding_pca
esmif_PC048,-0.009175155048313396,0.03945533702778198,0.009175155048313396,embedding_pca
esmif_PC049,0.014875643134683847,0.01128096714954989,0.014875643134683847,embedding_pca
esmif_PC050,-0.0029475571109931543,0.01653122510423368,0.0029475571109931543,embedding_pca
esmif_PC051,-0.004913907131699544,0.0076722883335760645,0.004913907131699544,embedding_pca
esmif_PC052,0.023813133052495113,0.02113102847019795,0.023813133052495113,embedding_pca
esmif_PC053,-0.004271233522641226,0.023402735195884414,0.004271233522641226,embedding_pca
esmif_PC054,0.013959486188358175,0.009169149110961576,0.013959486188358175,embedding_pca
esmif_PC055,0.021280200233270746,0.009862275514021364,0.021280200233270746,embedding_pca
esmif_PC056,0.0214564862177166,0.01805050118957441,0.0214564862177166,embedding_pca
esmif_PC057,0.004950173154693635,0.020376331764001592,0.004950173154693635,embedding_pca
esmif_PC058,-0.0019357855643693986,0.014602987012114188,0.0019357855643693986,embedding_pca
esmif_PC059,0.008678394301355752,0.016896791104960972,0.008678394301355752,embedding_pca
esmif_PC060,0.006080135795654,0.02238184377708827,0.006080135795654,embedding_pca
esmif_PC061,-0.0008188337087913063,0.028608167634025208,0.0008188337087913063,embedding_pca
esmif_PC062,0.0038823967457492004,0.024868188505093276,0.0038823967457492004,embedding_pca
esmif_PC063,-0.009533793676556997,0.02319087257890521,0.009533793676556997,embedding_pca
esmif_PC064,-0.02240528418001073,0.006965205640026004,0.02240528418001073,embedding_pca
esmif_PC065,-0.01714857799716696,0.01629618864799894,0.01714857799716696,embedding_pca
esmif_PC066,-0.00864291566246307,0.02098408730565614,0.00864291566246307,embedding_pca
esmif_PC067,-0.0061043326717220205,0.015068051996785415,0.0061043326717220205,embedding_pca
esmif_PC068,-0.007864639327275193,0.018449578182677985,0.007864639327275193,embedding_pca
esmif_PC069,-0.00975166414872437,0.006291950926200583,0.00975166414872437,embedding_pca
esmif_PC070,-0.017856891881972328,0.0032551725868646543,0.017856891881972328,embedding_pca
esmif_PC071,0.025577244082688792,0.0353245244814179,0.025577244082688792,embedding_pca
esmif_PC072,-0.008953575147614735,0.010942346911239872,0.008953575147614735,embedding_pca
esmif_PC073,-0.016321512498601153,0.017734254449826754,0.016321512498601153,embedding_pca
esmif_PC074,-0.011269011584470653,0.027965795185550917,0.011269011584470653,embedding_pca
esmif_PC075,-0.007079259569472951,0.028370185661887856,0.007079259569472951,embedding_pca
esmif_PC076,0.01836934775112698,0.013278543436384023,0.01836934775112698,embedding_pca
esmif_PC077,0.0013473077391752421,0.018282116621657084,0.0013473077391752421,embedding_pca
esmif_PC078,-0.0009268393728821825,0.012966999250119286,0.0009268393728821825,embedding_pca
esmif_PC079,0.006829784268211453,0.03759110906551035,0.006829784268211453,embedding_pca
esmif_PC080,-0.0058174179203021505,0.025293827482290775,0.0058174179203021505,embedding_pca
esmif_PC081,0.0005731722991605953,0.019768476972188205,0.0005731722991605953,embedding_pca
esmif_PC082,0.010577812899417238,0.04204497896906667,0.010577812899417238,embedding_pca
esmif_PC083,0.007309048770365106,0.02831202009190603,0.007309048770365106,embedding_pca
esmif_PC084,0.03524385322339542,0.01781470311952036,0.03524385322339542,embedding_pca
esmif_PC085,-0.012401212676332781,0.030403098979579962,0.012401212676332781,embedding_pca
esmif_PC086,-0.0015353413700015328,0.005559518544872745,0.0015353413700015328,embedding_pca
esmif_PC087,-0.0074731621658277805,0.033523270640774414,0.0074731621658277805,embedding_pca
esmif_PC088,6.412000671291163e-05,0.036737859808523815,6.412000671291163e-05,embedding_pca
esmif_PC089,0.025401705573968404,0.010912692328020642,0.025401705573968404,embedding_pca
esmif_PC090,-0.011097068974921328,0.0251804237148544,0.011097068974921328,embedding_pca
esmif_PC091,-0.001542284281040679,0.014972218111379632,0.001542284281040679,embedding_pca
esmif_PC092,-0.010789169977565618,0.010764106633700947,0.010789169977565618,embedding_pca
esmif_PC093,-0.017702085226343225,0.02686733891596457,0.017702085226343225,embedding_pca
esmif_PC094,0.0004591268825848933,0.02171279841019567,0.0004591268825848933,embedding_pca
esmif_PC095,0.003659489214719973,0.013195930282379151,0.003659489214719973,embedding_pca
esmif_PC096,0.012869142381568327,0.02944107259062214,0.012869142381568327,embedding_pca
esmif_PC097,0.008601706366001213,0.036780105388406946,0.008601706366001213,embedding_pca
esmif_PC098,-0.0015477868815598145,0.012464061064498738,0.0015477868815598145,embedding_pca
esmif_PC099,-0.005180407095589075,0.015091209668215285,0.005180407095589075,embedding_pca
esmif_PC100,-0.0001955393819827546,0.02164337879524392,0.0001955393819827546,embedding_pca
esmif_PC101,-0.007992785926281392,0.014577278742971449,0.007992785926281392,embedding_pca
esmif_PC102,0.00879751891486114,0.021306670794188985,0.00879751891486114,embedding_pca
esmif_PC103,-0.018961862395753502,0.02054927264698652,0.018961862395753502,embedding_pca
esmif_PC104,0.011211473475368232,0.02236798946450783,0.011211473475368232,embedding_pca
esmif_PC105,-0.0020177599688009328,0.026085338300047934,0.0020177599688009328,embedding_pca
esmif_PC106,-0.011051109536987212,0.03291324217727686,0.011051109536987212,embedding_pca
esmif_PC107,-0.012748845246522856,0.022556022919157606,0.012748845246522856,embedding_pca
esmif_PC108,-0.004820715110115564,0.015247652287620603,0.004820715110115564,embedding_pca
esmif_PC109,0.004511751359596248,0.013049237328154257,0.004511751359596248,embedding_pca
esmif_PC110,0.005073848638925399,0.02715171891016766,0.005073848638925399,embedding_pca
esmif_PC111,-0.0008652296826173522,0.019457323730629243,0.0008652296826173522,embedding_pca
esmif_PC112,0.007673296076430075,0.010195200189123165,0.007673296076430075,embedding_pca
esmif_PC113,0.006168503218297848,0.01270533057493526,0.006168503218297848,embedding_pca
esmif_PC114,0.004411288538074365,0.019393078902249106,0.004411288538074365,embedding_pca
esmif_PC115,-0.01771165338904247,0.011256975344217924,0.01771165338904247,embedding_pca
esmif_PC116,-0.008091676323800218,0.026722399650591127,0.008091676323800218,embedding_pca
esmif_PC117,-0.005128527243100529,0.026265736143919322,0.005128527243100529,embedding_pca
esmif_PC118,-0.0056767097758986616,0.008371668871294197,0.0056767097758986616,embedding_pca
esmif_PC119,-0.006904730979848911,0.018128980746991014,0.006904730979848911,embedding_pca
esmif_PC120,-0.019505068129241705,0.018917917233307855,0.019505068129241705,embedding_pca
esmif_PC121,-0.00712439596827103,0.024103259645309037,0.00712439596827103,embedding_pca
esmif_PC122,0.011579453761504137,0.01381009440823608,0.011579453761504137,embedding_pca
esmif_PC123,0.003944202143533911,0.016176384628790574,0.003944202143533911,embedding_pca
esmif_PC124,-0.005550811330194626,0.020476807219256547,0.005550811330194626,embedding_pca
esmif_PC125,0.008072643065188437,0.030297479292104978,0.008072643065188437,embedding_pca
esmif_PC126,-0.03302892377162554,0.01314289840626764,0.03302892377162554,embedding_pca
esmif_PC127,-0.006306324768729154,0.013735663173008655,0.006306324768729154,embedding_pca
esmif_PC128,-0.008374136242004658,0.014631935714214079,0.008374136242004658,embedding_pca
esmif_PC129,0.003260230069076604,0.013364317547540994,0.003260230069076604,embedding_pca
esmif_PC130,0.0143731740592536,0.010723825241096321,0.0143731740592536,embedding_pca
esmif_PC131,0.004764161399376749,0.018421331528645966,0.004764161399376749,embedding_pca
esmif_PC132,0.00919592627884203,0.02264073744955957,0.00919592627884203,embedding_pca
esmif_PC133,0.00296857515845883,0.01133851055384132,0.00296857515845883,embedding_pca
esmif_PC134,0.01516853926851992,0.02372341423618763,0.01516853926851992,embedding_pca
esmif_PC135,0.0075131112798539415,0.011107051750237476,0.0075131112798539415,embedding_pca
esmif_PC136,0.01838544740245429,0.01119719143909685,0.01838544740245429,embedding_pca
esmif_PC137,0.0012108131100184078,0.016495476877229368,0.0012108131100184078,embedding_pca
esmif_PC138,-0.004288282604926601,0.03351676058043384,0.004288282604926601,embedding_pca
esmif_PC139,-0.008825791603290249,0.025232770891563186,0.008825791603290249,embedding_pca
esmif_PC140,-0.0239812547871493,0.026060238643808537,0.0239812547871493,embedding_pca
esmif_PC141,-0.016045404818124248,0.026141556392011035,0.016045404818124248,embedding_pca
esmif_PC142,-0.006879485685918428,0.018649973951616404,0.006879485685918428,embedding_pca
esmif_PC143,0.009473502751913426,0.015037879789733704,0.009473502751913426,embedding_pca
esmif_PC144,0.009246127218904178,0.03134492643071449,0.009246127218904178,embedding_pca
esmif_PC145,-0.0006289541254803667,0.015298016263555467,0.0006289541254803667,embedding_pca
esmif_PC146,0.0031073480800209476,0.024120420280329957,0.0031073480800209476,embedding_pca
esmif_PC147,0.004191982689192792,0.018678231076742647,0.004191982689192792,embedding_pca
esmif_PC148,-0.00019026616302703151,0.009383128796865599,0.00019026616302703151,embedding_pca
esmif_PC149,0.001808680772018592,0.02768850859319382,0.001808680772018592,embedding_pca
esmif_PC150,-0.012500070733437035,0.017757832948910143,0.012500070733437035,embedding_pca
esmif_PC151,-0.018088201658799347,0.01150429976284483,0.018088201658799347,embedding_pca
esmif_PC152,0.010442298325543088,0.011504051958194018,0.010442298325543088,embedding_pca
esmif_PC153,0.004025789804739252,0.014622751976106617,0.004025789804739252,embedding_pca
esmif_PC154,-0.0006817782531443736,0.008292347224855943,0.0006817782531443736,embedding_pca
esmif_PC155,0.007155720439729715,0.012764234556144791,0.007155720439729715,embedding_pca
esmif_PC156,-8.991399420791302e-05,0.013236848694495928,8.991399420791302e-05,embedding_pca
esmif_PC157,-0.0089687707656804,0.024335979335849214,0.0089687707656804,embedding_pca
esmif_PC158,-0.007704842911657248,0.015349554575956284,0.007704842911657248,embedding_pca
esmif_PC159,-0.010017364331394402,0.01451896240816018,0.010017364331394402,embedding_pca
esmif_PC160,0.00041785625097809744,0.008042276470756088,0.00041785625097809744,embedding_pca
esmif_PC161,0.0033814092359114993,0.010802733718529156,0.0033814092359114993,embedding_pca
esmif_PC162,0.004258714339922783,0.009380495446537329,0.004258714339922783,embedding_pca
esmif_PC163,-0.005541597052959531,0.017129787936680695,0.005541597052959531,embedding_pca
esmif_PC164,0.0033439663543493453,0.009803076508461614,0.0033439663543493453,embedding_pca
esmif_PC165,-0.0022097141720424226,0.006815452347724435,0.0022097141720424226,embedding_pca
esmif_PC166,-0.00013945949134375242,0.008851006389640422,0.00013945949134375242,embedding_pca
esmif_PC167,0.014678978590510969,0.009855037558433758,0.014678978590510969,embedding_pca
esmif_PC168,-0.003422779434475757,0.017377744398910985,0.003422779434475757,embedding_pca
esmif_PC169,0.0068599680740731046,0.032492158785685524,0.0068599680740731046,embedding_pca
esmif_PC170,-0.006179814842982397,0.025113519457804618,0.006179814842982397,embedding_pca
esmif_PC171,0.02144344894808738,0.008766548680938228,0.02144344894808738,embedding_pca
esmif_PC172,-0.007975223446920157,0.021603259207069278,0.007975223446920157,embedding_pca
esmif_PC173,0.008807852994673668,0.026373776779872345,0.008807852994673668,embedding_pca
esmif_PC174,-0.0018692038222518615,0.03272796053932319,0.0018692038222518615,embedding_pca
esmif_PC175,0.0028192381243467846,0.010840060048492467,0.0028192381243467846,embedding_pca
esmif_PC176,-0.019079398165613933,0.008496097281417403,0.019079398165613933,embedding_pca
esmif_PC177,0.02033563858262464,0.018378211221197642,0.02033563858262464,embedding_pca
esmif_PC178,-0.015085670563229292,0.01268190714460614,0.015085670563229292,embedding_pca
esmif_PC179,-0.0004367542304174979,0.030690843307526375,0.0004367542304174979,embedding_pca
esmif_PC180,-0.007696724690959347,0.014891660237450137,0.007696724690959347,embedding_pca
esmif_PC181,0.013626016702302856,0.014146885509168148,0.013626016702302856,embedding_pca
esmif_PC182,-0.003895647264464043,0.028072981064212507,0.003895647264464043,embedding_pca
esmif_PC183,0.008486140812620085,0.018749409250343515,0.008486140812620085,embedding_pca
esmif_PC184,0.0030934731682466907,0.011486478522519801,0.0030934731682466907,embedding_pca
esmif_PC185,0.012743894471172454,0.012662020118387067,0.012743894471172454,embedding_pca
esmif_PC186,0.02415410350306233,0.007583538616469333,0.02415410350306233,embedding_pca
esmif_PC187,0.001826368205177248,0.018094041887179495,0.001826368205177248,embedding_pca
esmif_PC188,-0.0022221009464714323,0.0065744171141340155,0.0022221009464714323,embedding_pca
esmif_PC189,0.021585878987515246,0.011083960075448355,0.021585878987515246,embedding_pca
esmif_PC190,0.00662280265986018,0.01977270720741518,0.00662280265986018,embedding_pca
esmif_PC191,-0.008510757876506713,0.018588146788639064,0.008510757876506713,embedding_pca
esmif_PC192,-0.007823402564184283,0.013410547395442278,0.007823402564184283,embedding_pca
esmif_PC193,-0.0147466548958397,0.006564811177558955,0.0147466548958397,embedding_pca
esmif_PC194,0.0049859073354559524,0.019436607609896614,0.0049859073354559524,embedding_pca
esmif_PC195,0.0066640225725515,0.007187121592024425,0.0066640225725515,embedding_pca
esmif_PC196,-0.014541575193456929,0.010766212669641605,0.014541575193456929,embedding_pca
esmif_PC197,-0.007089821281588181,0.007135256706384315,0.007089821281588181,embedding_pca
esmif_PC198,-0.0007469847634092971,0.007035508736996082,0.0007469847634092971,embedding_pca
esmif_PC199,0.003197002891934983,0.013875372477757497,0.003197002891934983,embedding_pca
esmif_PC200,-0.014016340724730476,0.008249088710935028,0.014016340724730476,embedding_pca
esmif_PC201,-0.008291783541099657,0.013895644918271584,0.008291783541099657,embedding_pca
esmif_PC202,-0.00496642912120916,0.012028124438038931,0.00496642912120916,embedding_pca
esmif_PC203,0.00020936715511845895,0.013276377318384918,0.00020936715511845895,embedding_pca
esmif_PC204,-0.00146709375721168,0.01611264741582524,0.00146709375721168,embedding_pca
esmif_PC205,-0.006326476538194137,0.009069902783623983,0.006326476538194137,embedding_pca
esmif_PC206,0.012057749774568508,0.008481095610109955,0.012057749774568508,embedding_pca
esmif_PC207,-0.0017716050116402496,0.01776056696301446,0.0017716050116402496,embedding_pca
esmif_PC208,-0.004992600480062443,0.01642758782345256,0.004992600480062443,embedding_pca
esmif_PC209,-0.005644324443821057,0.009125692538278347,0.005644324443821057,embedding_pca
esmif_PC210,-0.004161047134587513,0.007973278770125289,0.004161047134587513,embedding_pca
esmif_PC211,-0.00025137718680613014,0.01835707010790583,0.00025137718680613014,embedding_pca
esmif_PC212,-0.0055849461858892184,0.01649662904013335,0.0055849461858892184,embedding_pca
esmif_PC213,-0.017342433870022236,0.011283155224484054,0.017342433870022236,embedding_pca
esmif_PC214,-0.0004383798681928806,0.010140632665102029,0.0004383798681928806,embedding_pca
esmif_PC215,0.007493658004614501,0.016973685088074713,0.007493658004614501,embedding_pca
esmif_PC216,0.0029091050433264834,0.014903839609740928,0.0029091050433264834,embedding_pca
esmif_PC217,0.0025701565924680534,0.008862856304211329,0.0025701565924680534,embedding_pca
esmif_PC218,0.006362541851377479,0.015624739590675119,0.006362541851377479,embedding_pca
esmif_PC219,0.010696279091521469,0.025192619353607434,0.010696279091521469,embedding_pca
esmif_PC220,0.011424167586412553,0.018283733033432902,0.011424167586412553,embedding_pca
esmif_PC221,0.000231002377274425,0.01854923042548166,0.000231002377274425,embedding_pca
esmif_PC222,-0.012434667732718292,0.020573089308322298,0.012434667732718292,embedding_pca
esmif_PC223,-0.003162768295259038,0.017524693389298088,0.003162768295259038,embedding_pca
esmif_PC224,-0.001238985352196556,0.014640704916325561,0.001238985352196556,embedding_pca
esmif_PC225,0.009918714315590046,0.020519573918160658,0.009918714315590046,embedding_pca
esmif_PC226,-0.005482866155647227,0.014291005102744732,0.005482866155647227,embedding_pca
esmif_PC227,0.0030337077098115508,0.013837247175140965,0.0030337077098115508,embedding_pca
esmif_PC228,0.009848687234045972,0.008483280570141236,0.009848687234045972,embedding_pca
esmif_PC229,0.0025316355349827404,0.006855338573842463,0.0025316355349827404,embedding_pca
esmif_PC230,-0.005098602790903271,0.015603750749321237,0.005098602790903271,embedding_pca
esmif_PC231,0.004966127621179364,0.011076201441438121,0.004966127621179364,embedding_pca
esmif_PC232,-0.00264857554969837,0.011350870548278545,0.00264857554969837,embedding_pca
esmif_PC233,-0.004225752557949173,0.010611508777439958,0.004225752557949173,embedding_pca
esmif_PC234,0.002228079523819836,0.012663794431513655,0.002228079523819836,embedding_pca
esmif_PC235,0.020800525911420023,0.008996286533021623,0.020800525911420023,embedding_pca
esmif_PC236,-0.0045371987100843005,0.009434994423043063,0.0045371987100843005,embedding_pca
esmif_PC237,0.001294630989175228,0.025160222952578228,0.001294630989175228,embedding_pca
esmif_PC238,0.00243338650799316,0.016885990951074622,0.00243338650799316,embedding_pca
esmif_PC239,0.0033444012443180223,0.020844984597895154,0.0033444012443180223,embedding_pca
esmif_PC240,0.00874573735655156,0.011751489994867522,0.00874573735655156,embedding_pca
esmif_PC241,0.010791016764726501,0.01122498428977882,0.010791016764726501,embedding_pca
esmif_PC242,-0.0006745318869978186,0.011625422585786332,0.0006745318869978186,embedding_pca
esmif_PC243,0.010404842523010977,0.017779465350403992,0.010404842523010977,embedding_pca
esmif_PC244,-0.0022417485334915222,0.016125433250557958,0.0022417485334915222,embedding_pca
esmif_PC245,0.000506875280411105,0.0071545392186840515,0.000506875280411105,embedding_pca
esmif_PC246,0.008610431994022028,0.004310285170183422,0.008610431994022028,embedding_pca
esmif_PC247,0.008644003607834117,0.012932411834188935,0.008644003607834117,embedding_pca
esmif_PC248,-0.002250900636354321,0.010431102562949261,0.002250900636354321,embedding_pca
esmif_PC249,0.006712541211272065,0.021080072426060702,0.006712541211272065,embedding_pca
esmif_PC250,0.004265313329180325,0.01246194264618513,0.004265313329180325,embedding_pca
esmif_PC251,0.009998961273958825,0.010770786054680941,0.009998961273958825,embedding_pca
esmif_PC252,0.0028192697077172985,0.02061438070136633,0.0028192697077172985,embedding_pca
esmif_PC253,0.003431663236487486,0.00905129398069142,0.003431663236487486,embedding_pca
esmif_PC254,-0.002586161875897837,0.01681326799589419,0.002586161875897837,embedding_pca
esmif_PC255,-0.007281176923228485,0.013335971351989119,0.007281176923228485,embedding_pca
esmif_PC256,-0.007388276112049813,0.01161745679057691,0.007388276112049813,embedding_pca
esmif_PC257,-0.0009025183235620527,0.012843116609466184,0.0009025183235620527,embedding_pca
esmif_PC258,-0.0007778133512657468,0.015206287848155291,0.0007778133512657468,embedding_pca
esmif_PC259,0.010434799287917036,0.013971457937497565,0.010434799287917036,embedding_pca
esmif_PC260,0.001769006812422897,0.014675436083401336,0.001769006812422897,embedding_pca
esmif_PC261,-0.009194211324641623,0.00722687546628848,0.009194211324641623,embedding_pca
esmif_PC262,-0.013704972879291944,0.01869813060444929,0.013704972879291944,embedding_pca
esmif_PC263,-0.0011110553579797798,0.016537959957105025,0.0011110553579797798,embedding_pca
esmif_PC264,-0.004253016362654353,0.016893030765735815,0.004253016362654353,embedding_pca
esmif_PC265,-0.008438986949450812,0.012480250617731203,0.008438986949450812,embedding_pca
esmif_PC266,-0.008791929734337017,0.02247809877381686,0.008791929734337017,embedding_pca
esmif_PC267,-0.001904023659659788,0.017516247254628997,0.001904023659659788,embedding_pca
esmif_PC268,-0.0005158521518626106,0.02111095805732285,0.0005158521518626106,embedding_pca
esmif_PC269,0.020151400301310227,0.020696185397832696,0.020151400301310227,embedding_pca
esmif_PC270,-0.011784955949323963,0.02568500388681711,0.011784955949323963,embedding_pca
esmif_PC271,0.015268715412337694,0.005779872187886753,0.015268715412337694,embedding_pca
esmif_PC272,0.001226186270058259,0.014831456351632934,0.001226186270058259,embedding_pca
esmif_PC273,-0.012091947935953834,0.017520045832561237,0.012091947935953834,embedding_pca
esmif_PC274,-0.009657917964485063,0.013156038013551603,0.009657917964485063,embedding_pca
esmif_PC275,0.00038353936303937955,0.009755352726220062,0.00038353936303937955,embedding_pca
esmif_PC276,0.001480789299493028,0.01764350320998614,0.001480789299493028,embedding_pca
esmif_PC277,0.006823633868821448,0.013963470518427114,0.006823633868821448,embedding_pca
esmif_PC278,-0.003541027340950352,0.014860211971235883,0.003541027340950352,embedding_pca
esmif_PC279,0.005120216274953686,0.008524986335845513,0.005120216274953686,embedding_pca
esmif_PC280,-0.005763458371600383,0.01324541692047527,0.005763458371600383,embedding_pca
esmif_PC281,0.00044151283926197537,0.009914929159726617,0.00044151283926197537,embedding_pca
esmif_PC282,0.0020287806564338894,0.0070723994594328,0.0020287806564338894,embedding_pca
esmif_PC283,0.01120347461461493,0.012644761640219422,0.01120347461461493,embedding_pca
esmif_PC284,-0.0032183555506150804,0.011850552681658548,0.0032183555506150804,embedding_pca
esmif_PC285,-0.004657413182026262,0.02435019754221048,0.004657413182026262,embedding_pca
esmif_PC286,0.00667036599612592,0.010755279360745426,0.00667036599612592,embedding_pca
esmif_PC287,0.011811095142093714,0.012221760372230397,0.011811095142093714,embedding_pca
esmif_PC288,0.006273890050221017,0.016178541405321458,0.006273890050221017,embedding_pca
esmif_PC289,0.002353312147066221,0.016704429056297727,0.002353312147066221,embedding_pca
esmif_PC290,-0.0030328081569500065,0.009609182212022751,0.0030328081569500065,embedding_pca
esmif_PC291,0.015030762800208264,0.018841983928589556,0.015030762800208264,embedding_pca
esmif_PC292,-0.0012394992111826708,0.014221074550202684,0.0012394992111826708,embedding_pca
esmif_PC293,0.000394529395022682,0.015939704321419695,0.000394529395022682,embedding_pca
esmif_PC294,-0.0025320581807470096,0.01875575812421605,0.0025320581807470096,embedding_pca
esmif_PC295,-0.0030099956928209366,0.030727584902858315,0.0030099956928209366,embedding_pca
esmif_PC296,0.003358908187424306,0.013718856432576544,0.003358908187424306,embedding_pca
esmif_PC297,-0.0007272128184999951,0.012371071371643519,0.0007272128184999951,embedding_pca
esmif_PC298,0.010065811049968145,0.007721507528170183,0.010065811049968145,embedding_pca
esmif_PC299,0.004637681743086811,0.016495068277918374,0.004637681743086811,embedding_pca
esmif_PC300,0.00900364110431282,0.016785128607544,0.00900364110431282,embedding_pca
esmif_PC301,-0.01105675330180984,0.011178903313566052,0.01105675330180984,embedding_pca
esmif_PC302,-0.0034103360047931324,0.02571323660467625,0.0034103360047931324,embedding_pca
esmif_PC303,-0.001509028367656534,0.021191209649511388,0.001509028367656534,embedding_pca
esmif_PC304,-0.005827101894811506,0.01694825783759688,0.005827101894811506,embedding_pca
esmif_PC305,-0.004032841350360331,0.010479489524506927,0.004032841350360331,embedding_pca
esmif_PC306,0.0021802960847588414,0.009383201926929702,0.0021802960847588414,embedding_pca
esmif_PC307,-0.005237972893355492,0.014066863877186074,0.005237972893355492,embedding_pca
esmif_PC308,0.00861066613120384,0.014097941448570966,0.00861066613120384,embedding_pca
esmif_PC309,0.00949589332581965,0.01745210371581354,0.00949589332581965,embedding_pca
esmif_PC310,0.005890405510868058,0.024946159194869068,0.005890405510868058,embedding_pca
esmif_PC311,-0.0008903605153141057,0.021028997883050547,0.0008903605153141057,embedding_pca
esmif_PC312,-0.006926424804066555,0.018224912784237757,0.006926424804066555,embedding_pca
esmif_PC313,0.0005470383122210965,0.014665013250871179,0.0005470383122210965,embedding_pca
esmif_PC314,-0.013310149781679098,0.012184023145671307,0.013310149781679098,embedding_pca
esmif_PC315,0.00258070884249993,0.015967746776558107,0.00258070884249993,embedding_pca
esmif_PC316,-0.007097229910826171,0.017621263143002427,0.007097229910826171,embedding_pca
esmif_PC317,0.0011624533469311057,0.003964184449949162,0.0011624533469311057,embedding_pca
esmif_PC318,0.0016721894640872096,0.022961252671250505,0.0016721894640872096,embedding_pca
esmif_PC319,0.011732465508181713,0.01071429085311562,0.011732465508181713,embedding_pca
esmif_PC320,-0.000997920952433156,0.02316376310665603,0.000997920952433156,embedding_pca
esmif_PC321,-0.0008871541701596309,0.0063328444173700585,0.0008871541701596309,embedding_pca
esmif_PC322,-0.007963710861555489,0.012006296072378256,0.007963710861555489,embedding_pca
esmif_PC323,0.0001802852194087462,0.013270318891831206,0.0001802852194087462,embedding_pca
esmif_PC324,-0.007017077010780801,0.014730443935279735,0.007017077010780801,embedding_pca
esmif_PC325,0.007551399345092741,0.0175808954814003,0.007551399345092741,embedding_pca
esmif_PC326,-0.015807741881616225,0.014671603033380812,0.015807741881616225,embedding_pca
esmif_PC327,0.01966544317124634,0.01434380432822727,0.01966544317124634,embedding_pca
esmif_PC328,-0.0028493234453231984,0.028194343593951406,0.0028493234453231984,embedding_pca
esmif_PC329,-0.00740363926430387,0.011185306375288369,0.00740363926430387,embedding_pca
esmif_PC330,0.009309861984739539,0.01457905034556377,0.009309861984739539,embedding_pca
esmif_PC331,0.0017418469506953423,0.015467165797905106,0.0017418469506953423,embedding_pca
esmif_PC332,-0.0032764129003455254,0.01611689111419474,0.0032764129003455254,embedding_pca
esmif_PC333,0.0011695729156637837,0.009003721458801033,0.0011695729156637837,embedding_pca
esmif_PC334,0.0064150271321878945,0.009847335069434375,0.0064150271321878945,embedding_pca
esmif_PC335,0.006399251707119545,0.009737569255446105,0.006399251707119545,embedding_pca
esmif_PC336,0.007803945673946865,0.013447768981914316,0.007803945673946865,embedding_pca
esmif_PC337,-0.008664109315662121,0.018528521531547312,0.008664109315662121,embedding_pca
esmif_PC338,-0.008259696531318252,0.02357652310287863,0.008259696531318252,embedding_pca
esmif_PC339,-0.01299671051689145,0.013314939485905267,0.01299671051689145,embedding_pca
esmif_PC340,-0.004967298440536768,0.0081281838318099,0.004967298440536768,embedding_pca
esmif_PC341,0.001090647473550524,0.01981624353435177,0.001090647473550524,embedding_pca
esmif_PC342,0.002642745732698282,0.006686843090484684,0.002642745732698282,embedding_pca
esmif_PC343,-0.002703193974004893,0.01737324079730266,0.002703193974004893,embedding_pca
esmif_PC344,-0.004026790455509374,0.009040243495828389,0.004026790455509374,embedding_pca
esmif_PC345,-0.00019838858298136045,0.013630056465349705,0.00019838858298136045,embedding_pca
esmif_PC346,0.0007272159011280907,0.019080932364353577,0.0007272159011280907,embedding_pca
esmif_PC347,-0.01986725740976276,0.016454719423027106,0.01986725740976276,embedding_pca
esmif_PC348,-0.0073713430509440405,0.006281186582115127,0.0073713430509440405,embedding_pca
esmif_PC349,-0.012797586805680189,0.023445761074108333,0.012797586805680189,embedding_pca
esmif_PC350,0.017250564793526206,0.017575576623067284,0.017250564793526206,embedding_pca
esmif_PC351,0.002461960658904073,0.007001855066704709,0.002461960658904073,embedding_pca
esmif_PC352,1.3938406672817962e-05,0.01096066332253104,1.3938406672817962e-05,embedding_pca
esmif_PC353,0.002727463232859205,0.006651369135003354,0.002727463232859205,embedding_pca
esmif_PC354,0.007983040431203481,0.014087997968499274,0.007983040431203481,embedding_pca
esmif_PC355,0.0022023909754205775,0.013864710402932412,0.0022023909754205775,embedding_pca
esmif_PC356,-0.0007569370664015313,0.010416310839117567,0.0007569370664015313,embedding_pca
esmif_PC357,0.002195118980301185,0.008726630945266003,0.002195118980301185,embedding_pca
esmif_PC358,-0.006063949908304786,0.01658484862663276,0.006063949908304786,embedding_pca
esmif_PC359,-0.0009466772185723578,0.01671324334334697,0.0009466772185723578,embedding_pca
esmif_PC360,0.007088150079259013,0.018897633962500604,0.007088150079259013,embedding_pca
esmif_PC361,-0.0009612963385224379,0.013551254277226475,0.0009612963385224379,embedding_pca
esmif_PC362,0.0006171773525020632,0.014424773582887554,0.0006171773525020632,embedding_pca
esmif_PC363,-0.0029379673107473234,0.01525128536979227,0.0029379673107473234,embedding_pca
esmif_PC364,0.02593093683346768,0.012527289776698985,0.02593093683346768,embedding_pca
esmif_PC365,-0.0026794450841448555,0.002332998798058051,0.0026794450841448555,embedding_pca
esmif_PC366,-0.003042975653071138,0.01778928169765735,0.003042975653071138,embedding_pca
esmif_PC367,-0.021891179250157225,0.013613532258984578,0.021891179250157225,embedding_pca
esmif_PC368,0.002614193361623226,0.02033093516041977,0.002614193361623226,embedding_pca
esmif_PC369,0.017679114851381024,0.018912128973916593,0.017679114851381024,embedding_pca
esmif_PC370,-0.006545289653519444,0.0032078171899929133,0.006545289653519444,embedding_pca
esmif_PC371,0.019935048053367845,0.019728828157052833,0.019935048053367845,embedding_pca
esmif_PC372,0.016087044589342007,0.007054645820109485,0.016087044589342007,embedding_pca
esmif_PC373,0.002698127469871018,0.008306938712963242,0.002698127469871018,embedding_pca
esmif_PC374,-0.0006903057646100782,0.022068066752231434,0.0006903057646100782,embedding_pca
esmif_PC375,-0.010743874780658903,0.016695514061361685,0.010743874780658903,embedding_pca
esmif_PC376,-0.0038083690395059053,0.01700580841081642,0.0038083690395059053,embedding_pca
esmif_PC377,-0.00923806830786659,0.01924721543508029,0.00923806830786659,embedding_pca
esmif_PC378,-0.006504728576218271,0.011705822513745558,0.006504728576218271,embedding_pca
esmif_PC379,0.00028468868958165736,0.010812767905727652,0.00028468868958165736,embedding_pca
esmif_PC380,0.003591983623136155,0.00557810612090967,0.003591983623136155,embedding_pca
esmif_PC381,-0.0023726769826453963,0.019216241889164435,0.0023726769826453963,embedding_pca
esmif_PC382,0.0047826596475865615,0.01530379221622066,0.0047826596475865615,embedding_pca
esmif_PC383,0.0021242100164523617,0.008292533108868029,0.0021242100164523617,embedding_pca
esmif_PC384,-0.006565907319632175,0.003685378544649018,0.006565907319632175,embedding_pca
esmif_PC385,0.010477677289856904,0.0217760570484499,0.010477677289856904,embedding_pca
esmif_PC386,-0.004517774420942631,0.01584345184333883,0.004517774420942631,embedding_pca
esmif_PC387,0.0028528112661115974,0.013680687286704334,0.0028528112661115974,embedding_pca
esmif_PC388,-0.0011571141330292242,0.008399532508670036,0.0011571141330292242,embedding_pca
esmif_PC389,0.007474913135929973,0.009193352706806277,0.007474913135929973,embedding_pca
esmif_PC390,-0.004976066553583557,0.00905459240487582,0.004976066553583557,embedding_pca
esmif_PC391,0.0008577853997101877,0.019283667025873946,0.0008577853997101877,embedding_pca
esmif_PC392,0.0029476766147372288,0.01111758066596965,0.0029476766147372288,embedding_pca
esmif_PC393,-0.0026760680526454863,0.01005431375897232,0.0026760680526454863,embedding_pca
esmif_PC394,-0.0069247426094651374,0.009508585597976826,0.0069247426094651374,embedding_pca
esmif_PC395,0.0009905691024363404,0.005532297241692618,0.0009905691024363404,embedding_pca
esmif_PC396,0.005285919256311363,0.013797784726287583,0.005285919256311363,embedding_pca
esmif_PC397,0.014159287389557124,0.008046537409071377,0.014159287389557124,embedding_pca
esmif_PC398,-0.011040314867323427,0.009859646488298582,0.011040314867323427,embedding_pca
esmif_PC399,0.004725002008985927,0.009892034121033134,0.004725002008985927,embedding_pca
esmif_PC400,0.007125657386563518,0.016838354092767186,0.007125657386563518,embedding_pca
esmif_PC401,0.010956581187740183,0.005149064852785848,0.010956581187740183,embedding_pca
esmif_PC402,0.001062646198479733,0.022618601980745254,0.001062646198479733,embedding_pca
esmif_PC403,0.01008319456027553,0.00785851529929365,0.01008319456027553,embedding_pca
esmif_PC404,-0.015481987160996923,0.01704892073241718,0.015481987160996923,embedding_pca
esmif_PC405,-0.011294494841836502,0.013425868807183973,0.011294494841836502,embedding_pca
esmif_PC406,-0.0035780001808261735,0.003652013274605694,0.0035780001808261735,embedding_pca
esmif_PC407,0.010298035860360735,0.01790661358076713,0.010298035860360735,embedding_pca
esmif_PC408,-0.010471189875427205,0.014752561934402738,0.010471189875427205,embedding_pca
esmif_PC409,-0.008276020802570625,0.018846214698571,0.008276020802570625,embedding_pca
esmif_PC410,-0.0015966303737745074,0.02258232551007793,0.0015966303737745074,embedding_pca
esmif_PC411,-1.881918719093545e-05,0.014920996598078683,1.881918719093545e-05,embedding_pca
esmif_PC412,0.006247330164043585,0.011031655365429313,0.006247330164043585,embedding_pca
esmif_PC413,-0.009546996648898654,0.01841430883337839,0.009546996648898654,embedding_pca
esmif_PC414,-0.005015103337190946,0.015402812096711554,0.005015103337190946,embedding_pca
esmif_PC415,0.004887083442245452,0.008030723703822969,0.004887083442245452,embedding_pca
esmif_PC416,0.00650162331567967,0.012745272924122206,0.00650162331567967,embedding_pca
esmif_PC417,-1.6909506812146785e-06,0.014009196142361334,1.6909506812146785e-06,embedding_pca
esmif_PC418,0.017188239966189067,0.004108244812160997,0.017188239966189067,embedding_pca
esmif_PC419,-0.008808791500729786,0.01430328112401235,0.008808791500729786,embedding_pca
esmif_PC420,-0.0059255878430769455,0.005691519262996586,0.0059255878430769455,embedding_pca
esmif_PC421,0.00761948395976105,0.021153173997218694,0.00761948395976105,embedding_pca
esmif_PC422,-0.0026722336267239943,0.02106103932751144,0.0026722336267239943,embedding_pca
esmif_PC423,-0.0053999875941532095,0.017546010563945277,0.0053999875941532095,embedding_pca
esmif_PC424,-0.00017948039590796883,0.01383676148791658,0.00017948039590796883,embedding_pca
esmif_PC425,0.007515471071153096,0.010812383938873382,0.007515471071153096,embedding_pca
esmif_PC426,-0.010213198011050112,0.011108797798939689,0.010213198011050112,embedding_pca
esmif_PC427,-0.0010713334142547868,0.011902055076270703,0.0010713334142547868,embedding_pca
esmif_PC428,-0.023432435284262157,0.017241985414167417,0.023432435284262157,embedding_pca
esmif_PC429,0.009882336619647,0.01702562508813244,0.009882336619647,embedding_pca
esmif_PC430,0.0104219960890574,0.017269538799640397,0.0104219960890574,embedding_pca
esmif_PC431,0.003957886857467039,0.01701821753090729,0.003957886857467039,embedding_pca
esmif_PC432,0.0022468238564945686,0.010420572597289185,0.0022468238564945686,embedding_pca
esmif_PC433,0.011351952857216081,0.015489261579192636,0.011351952857216081,embedding_pca
esmif_PC434,-0.008553906244373506,0.01691427653073369,0.008553906244373506,embedding_pca
esmif_PC435,0.005233190102544706,0.00366805531668099,0.005233190102544706,embedding_pca
esmif_PC436,0.013155004733564147,0.02282212323696156,0.013155004733564147,embedding_pca
esmif_PC437,0.007048888693772645,0.018195052180225945,0.007048888693772645,embedding_pca
esmif_PC438,0.011331960446133896,0.02401939263970756,0.011331960446133896,embedding_pca
esmif_PC439,0.00528254471765475,0.0040947373477142135,0.00528254471765475,embedding_pca
esmif_PC440,0.007162549253543234,0.013165475985500222,0.007162549253543234,embedding_pca
esmif_PC441,0.011296877795579996,0.011394725210624321,0.011296877795579996,embedding_pca
esmif_PC442,0.003745420066488528,0.014981881835022954,0.003745420066488528,embedding_pca
esmif_PC443,0.007273130297298395,0.012789870014367643,0.007273130297298395,embedding_pca
esmif_PC444,-0.00022560719993797683,0.009166390273357543,0.00022560719993797683,embedding_pca
esmif_PC445,-0.003929754300238305,0.021776747802117857,0.003929754300238305,embedding_pca
esmif_PC446,-0.0005491808101823793,0.012971291976969895,0.0005491808101823793,embedding_pca
esmif_PC447,0.006283058614664458,0.015634400376618573,0.006283058614664458,embedding_pca
esmif_PC448,-0.014646875921106622,0.012220065028253905,0.014646875921106622,embedding_pca
esmif_PC449,-0.010887189608932833,0.013666197018094952,0.010887189608932833,embedding_pca
esmif_PC450,8.042263952078507e-05,0.0077333636463612345,8.042263952078507e-05,embedding_pca
esmif_PC451,-0.00014263049879987416,0.016188146191201715,0.00014263049879987416,embedding_pca
esmif_PC452,-0.008341048900729751,0.01680831623251587,0.008341048900729751,embedding_pca
esmif_PC453,-0.0003743770055707824,0.016590042283618784,0.0003743770055707824,embedding_pca
esmif_PC454,0.011307713327602602,0.01757673868109197,0.011307713327602602,embedding_pca
esmif_PC455,-0.0019495970936269798,0.007950342273861684,0.0019495970936269798,embedding_pca
esmif_PC456,-0.010156469131356928,0.015079665465390952,0.010156469131356928,embedding_pca
esmif_PC457,0.001873887458225741,0.016089101631552145,0.001873887458225741,embedding_pca
esmif_PC458,-0.007382857301549708,0.016388575960313755,0.007382857301549708,embedding_pca
esmif_PC459,-0.006981836123514655,0.008434857038672786,0.006981836123514655,embedding_pca
esmif_PC460,-0.006740216557685491,0.00928087830079702,0.006740216557685491,embedding_pca
esmif_PC461,-0.0032272933552898965,0.014954787991155292,0.0032272933552898965,embedding_pca
esmif_PC462,-0.0036350516395240217,0.009425281730035472,0.0036350516395240217,embedding_pca
esmif_PC463,0.004401051528694971,0.0023731543802125604,0.004401051528694971,embedding_pca
esmif_PC464,0.010965438566852082,0.008443090980213997,0.010965438566852082,embedding_pca
esmif_PC465,-0.002081291235241419,0.01367930618576149,0.002081291235241419,embedding_pca
esmif_PC466,0.007962475287901963,0.009760523242086077,0.007962475287901963,embedding_pca
esmif_PC467,-0.0016980482628125566,0.015727724006106714,0.0016980482628125566,embedding_pca
esmif_PC468,-0.005175860312513757,0.004387284614346727,0.005175860312513757,embedding_pca
esmif_PC469,-0.0036727761739942925,0.012722731913743866,0.0036727761739942925,embedding_pca
esmif_PC470,-0.006533916171092983,0.009609069710298524,0.006533916171092983,embedding_pca
esmif_PC471,-0.010463627534751326,0.01145880313575259,0.010463627534751326,embedding_pca
esmif_PC472,-0.002676521655895028,0.0076879630413902895,0.002676521655895028,embedding_pca
esmif_PC473,0.011272428654863399,0.01443263537245744,0.011272428654863399,embedding_pca
esmif_PC474,0.015054783642532973,0.01273915378003255,0.015054783642532973,embedding_pca
esmif_PC475,0.005748460148050019,0.01454721081501108,0.005748460148050019,embedding_pca
esmif_PC476,-4.7865428788704606e-05,0.006945264259720779,4.7865428788704606e-05,embedding_pca
esmif_PC477,-0.00013691289645963758,0.011692158729188759,0.00013691289645963758,embedding_pca
esmif_PC478,0.00026600685962074823,0.010083629104931446,0.00026600685962074823,embedding_pca
esmif_PC479,-0.011325885126546028,0.014123641721373799,0.011325885126546028,embedding_pca
esmif_PC480,-0.002277940953279229,0.011589395784825684,0.002277940953279229,embedding_pca
esmif_PC481,-0.008676002571512206,0.008942238148895087,0.008676002571512206,embedding_pca
esmif_PC482,-0.012251299496684482,0.009597990257834454,0.012251299496684482,embedding_pca
esmif_PC483,-0.01034764765270446,0.007046302969672245,0.01034764765270446,embedding_pca
esmif_PC484,0.001038464797524914,0.015427130535725088,0.001038464797524914,embedding_pca
esmif_PC485,0.0008911669167488802,0.007906427106391072,0.0008911669167488802,embedding_pca
esmif_PC486,0.0037899435219908876,0.01307209964234916,0.0037899435219908876,embedding_pca
esmif_PC487,-0.0025142461296222994,0.026476792935194907,0.0025142461296222994,embedding_pca
esmif_PC488,-0.008615978982757486,0.005508949412941056,0.008615978982757486,embedding_pca
esmif_PC489,0.001184306561235316,0.0071386818391873325,0.001184306561235316,embedding_pca
esmif_PC490,-0.010246560526136966,0.011441686498766708,0.010246560526136966,embedding_pca
esmif_PC491,-0.009551716634304219,0.012798186501388671,0.009551716634304219,embedding_pca
esmif_PC492,-0.0048251681877055095,0.006168922329321388,0.0048251681877055095,embedding_pca
esmif_PC493,0.0016325379340245854,0.01398776067336657,0.0016325379340245854,embedding_pca
esmif_PC494,0.004982747701062303,0.007421925035106276,0.004982747701062303,embedding_pca
esmif_PC495,-0.001093721490386198,0.006083693682162966,0.001093721490386198,embedding_pca
esmif_PC496,-0.004694644192621474,0.008653303909173947,0.004694644192621474,embedding_pca
esmif_PC497,-0.0012369661545162769,0.012841211702729791,0.0012369661545162769,embedding_pca
esmif_PC498,-0.007372693563388069,0.014099223577274608,0.007372693563388069,embedding_pca
esmif_PC499,0.004040861470379237,0.009205279141972764,0.004040861470379237,embedding_pca
esmif_PC500,-0.0017325644839369652,0.014356288177081507,0.0017325644839369652,embedding_pca
esmif_PC501,0.006126530771270219,0.008667551013285823,0.006126530771270219,embedding_pca
esmif_PC502,-0.00544192037606156,0.016177280518677284,0.00544192037606156,embedding_pca
esmif_PC503,0.001455381944299277,0.01504968021295088,0.001455381944299277,embedding_pca
esmif_PC504,-0.0061005817844986005,0.01994951024973367,0.0061005817844986005,embedding_pca
esmif_PC505,0.011187653659144776,0.01411251557375231,0.011187653659144776,embedding_pca
esmif_PC506,-0.0026150738058861485,0.010361126945875852,0.0026150738058861485,embedding_pca
esmif_PC507,0.0002537599739415985,0.01511596753002232,0.0002537599739415985,embedding_pca
esmif_PC508,0.00023998260442442478,0.013089397261034277,0.00023998260442442478,embedding_pca
esmif_PC509,-0.006522957720094163,0.010009522995118985,0.006522957720094163,embedding_pca
esmif_PC510,-0.006812654685923354,0.014513445400339864,0.006812654685923354,embedding_pca
esmif_PC511,-0.0045890647127969,0.007755406833202676,0.0045890647127969,embedding_pca
esmif_PC512,0.003178472525844049,0.009670277484300275,0.003178472525844049,embedding_pca
esmif_PC513,0.016122816608098955,0.014031543728547605,0.016122816608098955,embedding_pca
esmif_PC514,0.007886727053627824,0.007831639848924023,0.007886727053627824,embedding_pca
esmif_PC515,0.003132530667025018,0.012598102103464124,0.003132530667025018,embedding_pca
esmif_PC516,-0.0054152192235854425,0.007747786787788237,0.0054152192235854425,embedding_pca
esmif_PC517,0.00530790925852489,0.010888700600429301,0.00530790925852489,embedding_pca
esmif_PC518,-0.0018183647769448418,0.007470523037309197,0.0018183647769448418,embedding_pca
esmif_PC519,-0.0011332334497063106,0.008272238482285997,0.0011332334497063106,embedding_pca
esmif_PC520,-0.002664224142042493,0.014385080904543539,0.002664224142042493,embedding_pca
esmif_PC521,-0.004052899355031524,0.0048946696496749665,0.004052899355031524,embedding_pca
esmif_PC522,-0.0011488656977975162,0.009180251390826476,0.0011488656977975162,embedding_pca
esmif_PC523,-0.007872773188819196,0.013859265731562943,0.007872773188819196,embedding_pca
esmif_PC524,-0.003366650635667183,0.01450520307907986,0.003366650635667183,embedding_pca
esmif_PC525,-0.005029670693219478,0.005180544081046701,0.005029670693219478,embedding_pca
esmif_PC526,-0.018775491434188878,0.007345882593260949,0.018775491434188878,embedding_pca
esmif_PC527,0.0020709577234688933,0.018238673858351463,0.0020709577234688933,embedding_pca
esmif_PC528,-0.00875458190573617,0.01645483239493565,0.00875458190573617,embedding_pca
esmif_PC529,-0.001025247481056034,0.00987628159200842,0.001025247481056034,embedding_pca
esmif_PC530,0.011212873201668194,0.007770031047148157,0.011212873201668194,embedding_pca
esmif_PC531,-0.001375232344753069,0.008501928615792968,0.001375232344753069,embedding_pca
esmif_PC532,0.009233915625278966,0.006301616432608371,0.009233915625278966,embedding_pca
esmif_PC533,7.498162337200926e-05,0.005189393916014585,7.498162337200926e-05,embedding_pca
esmif_PC534,0.004618614778046041,0.0031958225940897944,0.004618614778046041,embedding_pca
esmif_PC535,2.474587799971839e-05,0.01593199695998897,2.474587799971839e-05,embedding_pca
esmif_PC536,0.005722787011171784,0.013133029703006682,0.005722787011171784,embedding_pca
esmif_PC537,0.0016078887243323886,0.012801482917219987,0.0016078887243323886,embedding_pca
esmif_PC538,-0.010152799897180837,0.0066712433096955456,0.010152799897180837,embedding_pca
esmif_PC539,0.0010851354721009936,0.023636171416310706,0.0010851354721009936,embedding_pca
esmif_PC540,0.003051742386742151,0.008912245997561099,0.003051742386742151,embedding_pca
esmif_PC541,0.006619549281733171,0.013951412244055234,0.006619549281733171,embedding_pca
esmif_PC542,0.0005800077588533346,0.011610904847597837,0.0005800077588533346,embedding_pca
esmif_PC543,-0.00502637152170142,0.009203055629858771,0.00502637152170142,embedding_pca
esmif_PC544,-0.0016719861969741769,0.005931410458061308,0.0016719861969741769,embedding_pca
esmif_PC545,0.0019827161170082206,0.02431462213487835,0.0019827161170082206,embedding_pca
esmif_PC546,0.005168324787863472,0.010609786323263043,0.005168324787863472,embedding_pca
esmif_PC547,0.007553806705988315,0.01134589275688803,0.007553806705988315,embedding_pca
esmif_PC548,0.008136811295357838,0.012613328196960998,0.008136811295357838,embedding_pca
esmif_PC549,-0.015350265471643578,0.006970158315346383,0.015350265471643578,embedding_pca
esmif_PC550,-0.006769365643162573,0.014345622784584861,0.006769365643162573,embedding_pca
esmif_PC551,0.00034103717255460524,0.018429793385193124,0.00034103717255460524,embedding_pca
esmif_PC552,-0.002155316409665954,0.007612882018440276,0.002155316409665954,embedding_pca
esmif_PC553,-0.004905524515535933,0.013510017128139243,0.004905524515535933,embedding_pca
esmif_PC554,-0.008645690158040103,0.010499089663240226,0.008645690158040103,embedding_pca
esmif_PC555,-0.0005424095970243701,0.015154414228459812,0.0005424095970243701,embedding_pca
esmif_PC556,-0.002919146360402864,0.01061991485537679,0.002919146360402864,embedding_pca
esmif_PC557,0.010088898668806547,0.016640214232635855,0.010088898668806547,embedding_pca
esmif_PC558,-0.008245715855234367,0.008664728380436018,0.008245715855234367,embedding_pca
esmif_PC559,-0.005683235804840921,0.01815562749707107,0.005683235804840921,embedding_pca
esmif_PC560,-0.0005410263870648611,0.011485929399313852,0.0005410263870648611,embedding_pca
esmif_PC561,-0.012168426982412505,0.014443200557552837,0.012168426982412505,embedding_pca
esmif_PC562,-0.012273852835570125,0.017101888650952173,0.012273852835570125,embedding_pca
esmif_PC563,-0.00635879111662622,0.019806322017181903,0.00635879111662622,embedding_pca
esmif_PC564,-0.002485139344567689,0.008842218000255014,0.002485139344567689,embedding_pca
esmif_PC565,-0.002549342955151648,0.010540793870550827,0.002549342955151648,embedding_pca
esmif_PC566,0.004113941841953262,0.008811953037072882,0.004113941841953262,embedding_pca
esmif_PC567,-0.01109937486346896,0.01125490976272175,0.01109937486346896,embedding_pca
esmif_PC568,0.007554833096160785,0.005626331292124982,0.007554833096160785,embedding_pca
esmif_PC569,-0.0006343100562715139,0.01954246094923183,0.0006343100562715139,embedding_pca
esmif_PC570,0.0055400830411444614,0.014728401477149874,0.0055400830411444614,embedding_pca
esmif_PC571,0.00535896045402842,0.01226978190201561,0.00535896045402842,embedding_pca
esmif_PC572,0.0005782744474938197,0.008245122707988817,0.0005782744474938197,embedding_pca
esmif_PC573,0.0026325157853756007,0.013937475672165241,0.0026325157853756007,embedding_pca
esmif_PC574,-0.003541802896850239,0.020106644556566106,0.003541802896850239,embedding_pca
esmif_PC575,-0.003010601008200708,0.012724494242966903,0.003010601008200708,embedding_pca
esmif_PC576,-0.007114637264829514,0.011945129147915906,0.007114637264829514,embedding_pca
esmif_PC577,0.009935811609818723,0.00870969646087751,0.009935811609818723,embedding_pca
esmif_PC578,0.005542052596762747,0.02020029067775716,0.005542052596762747,embedding_pca
esmif_PC579,0.01052180472530857,0.005466294700702209,0.01052180472530857,embedding_pca
esmif_PC580,-0.004378976803587746,0.012731291675238444,0.004378976803587746,embedding_pca
esmif_PC581,0.004620283702832675,0.027869428082317557,0.004620283702832675,embedding_pca
esmif_PC582,0.007389875687621171,0.008741444608591551,0.007389875687621171,embedding_pca
esmif_PC583,-0.0006978411214589722,0.006885751145378796,0.0006978411214589722,embedding_pca
esmif_PC584,-0.00018197573100265375,0.013584290498163213,0.00018197573100265375,embedding_pca
esmif_PC585,-0.00222879493143551,0.008143963300039365,0.00222879493143551,embedding_pca
esmif_PC586,0.0016750684448836061,0.01282356697315617,0.0016750684448836061,embedding_pca
esmif_PC587,-0.004676875840607479,0.004450964647991804,0.004676875840607479,embedding_pca
esmif_PC588,-0.004024148129619822,0.013346848983827495,0.004024148129619822,embedding_pca
esmif_PC589,-0.007746494616326228,0.010588643533006235,0.007746494616326228,embedding_pca
esmif_PC590,0.0014294673802504084,0.025307482293365994,0.0014294673802504084,embedding_pca
esmif_PC591,0.002313044426163982,0.00961507600900449,0.002313044426163982,embedding_pca
esmif_PC592,0.006102233826250326,0.010897827632374851,0.006102233826250326,embedding_pca
esmif_PC593,-0.010749613049237236,0.014958602435182142,0.010749613049237236,embedding_pca
esmif_PC594,0.00657747156007831,0.01719888684199187,0.00657747156007831,embedding_pca
esmif_PC595,0.008548488984864579,0.022316430848311215,0.008548488984864579,embedding_pca
esmif_PC596,0.006129006216525415,0.014969665955947327,0.006129006216525415,embedding_pca
esmif_PC597,-0.007747317387881286,0.01624175834014627,0.007747317387881286,embedding_pca
esmif_PC598,-0.002087708655145408,0.012191148383344199,0.002087708655145408,embedding_pca
esmif_PC599,-0.00833565017755078,0.012554295087573226,0.00833565017755078,embedding_pca
esmif_PC600,-0.010696997884070972,0.01139276544747698,0.010696997884070972,embedding_pca
esmif_PC601,-0.00035546931472215206,0.012487189768842439,0.00035546931472215206,embedding_pca
esmif_PC602,-0.00921242027783041,0.011250756279372307,0.00921242027783041,embedding_pca
esmif_PC603,-0.00727265383139242,0.010409635590296753,0.00727265383139242,embedding_pca
esmif_PC604,0.010782079655248442,0.016521899703595383,0.010782079655248442,embedding_pca
esmif_PC605,0.00928201260374721,0.015342515484838695,0.00928201260374721,embedding_pca
esmif_PC606,-0.010478052564672453,0.020808558021883836,0.010478052564672453,embedding_pca
esmif_PC607,0.0009431362606558644,0.004272166159957931,0.0009431362606558644,embedding_pca
esmif_PC608,-0.00890330069521687,0.006155616510312273,0.00890330069521687,embedding_pca
esmif_PC609,0.0006000238824890424,0.011659566998360769,0.0006000238824890424,embedding_pca
esmif_PC610,0.004888114489780439,0.006652617290052976,0.004888114489780439,embedding_pca
esmif_PC611,-0.000880103711759397,0.012208629561201827,0.000880103711759397,embedding_pca
esmif_PC612,-0.00181262864600021,0.007676144956436221,0.00181262864600021,embedding_pca
esmif_PC613,-0.0032216502846015363,0.021612909817184014,0.0032216502846015363,embedding_pca
esmif_PC614,-0.012196134062414385,0.0071494577627466745,0.012196134062414385,embedding_pca
esmif_PC615,0.0025590898726772443,0.00788213790599948,0.0025590898726772443,embedding_pca
esmif_PC616,-0.005145469091434626,0.015819489710946186,0.005145469091434626,embedding_pca
esmif_PC617,-0.004065176316794742,0.008347779244027256,0.004065176316794742,embedding_pca
esmif_PC618,-0.001330540604008901,0.006945895059593802,0.001330540604008901,embedding_pca
esmif_PC619,-0.005621503798022217,0.006477652004730415,0.005621503798022217,embedding_pca
esmif_PC620,0.0011650491041332288,0.018207062989267938,0.0011650491041332288,embedding_pca
esmif_PC621,-0.0047640080248123285,0.008999802180848167,0.0047640080248123285,embedding_pca
esmif_PC622,0.00645804357411203,0.004472021930258321,0.00645804357411203,embedding_pca
esmif_PC623,0.006306872073595228,0.008162633337045245,0.006306872073595228,embedding_pca
esmif_PC624,-0.0012176876460963625,0.01529726082117863,0.0012176876460963625,embedding_pca
esmif_PC625,-0.003666644006581091,0.014412024474496691,0.003666644006581091,embedding_pca
esmif_PC626,0.004524419194216078,0.014569308444303285,0.004524419194216078,embedding_pca
esmif_PC627,-0.0035075530814755703,0.018005007899682197,0.0035075530814755703,embedding_pca
esmif_PC628,0.0018957272511276504,0.014422619785479679,0.0018957272511276504,embedding_pca
esmif_PC629,0.007598608586084746,0.01935065730540896,0.007598608586084746,embedding_pca
esmif_PC630,-0.005890123991205846,0.008841843054176258,0.005890123991205846,embedding_pca
esmif_PC631,-0.005068678213361234,0.01366276794889223,0.005068678213361234,embedding_pca
esmif_PC632,-0.011293722876941085,0.014875966490854245,0.011293722876941085,embedding_pca
esmif_PC633,0.0026702766498410985,0.016997850590130707,0.0026702766498410985,embedding_pca
esmif_PC634,0.0038210508919742847,0.015745192780845716,0.0038210508919742847,embedding_pca
esmif_PC635,0.0034809830714016806,0.020414974689870535,0.0034809830714016806,embedding_pca
esmif_PC636,0.0056326879470127555,0.01756331200387955,0.0056326879470127555,embedding_pca
esmif_PC637,0.00615730228625075,0.020516146735606443,0.00615730228625075,embedding_pca
esmif_PC638,-0.009999764061243805,0.009054340797789924,0.009999764061243805,embedding_pca
esmif_PC639,0.01079599961537592,0.017194819519301335,0.01079599961537592,embedding_pca
esmif_PC640,0.007941073977355391,0.010142202065938504,0.007941073977355391,embedding_pca
esmif_PC641,-0.0002883414159853369,0.0085401260480752,0.0002883414159853369,embedding_pca
esmif_PC642,-0.008773428758904064,0.013263626521364797,0.008773428758904064,embedding_pca
esmif_PC643,-0.0063117133829477205,0.0058507879670002755,0.0063117133829477205,embedding_pca
esmif_PC644,-0.0068305083084643755,0.008537829429721477,0.0068305083084643755,embedding_pca
esmif_PC645,0.005690614461869126,0.010210121806729386,0.005690614461869126,embedding_pca
esmif_PC646,-0.006283933330239902,0.014984552274809937,0.006283933330239902,embedding_pca
esmif_PC647,0.003980595915174167,0.020126078586354255,0.003980595915174167,embedding_pca
esmif_PC648,0.0034235159011907707,0.007739433885313919,0.0034235159011907707,embedding_pca
esmif_PC649,-0.003620108345089959,0.013571412239537473,0.003620108345089959,embedding_pca
esmif_PC650,0.016031934897125122,0.011312019917912693,0.016031934897125122,embedding_pca
esmif_PC651,0.001305914172912869,0.014906181870844266,0.001305914172912869,embedding_pca
esmif_PC652,-0.002062645537710693,0.007449088988530172,0.002062645537710693,embedding_pca
esmif_PC653,-0.0007769949776582699,0.005426423541924021,0.0007769949776582699,embedding_pca
esmif_PC654,0.0022686767504878336,0.017196484826612426,0.0022686767504878336,embedding_pca
esmif_PC655,0.01398335046071678,0.011004597126880027,0.01398335046071678,embedding_pca
esmif_PC656,0.004374581611960615,0.00988907963875822,0.004374581611960615,embedding_pca
esmif_PC657,0.004715049034594592,0.015150851179739487,0.004715049034594592,embedding_pca
esmif_PC658,0.004127912760347111,0.008704917244329754,0.004127912760347111,embedding_pca
esmif_PC659,-0.003392278417830335,0.01454263489359179,0.003392278417830335,embedding_pca
esmif_PC660,0.0040602781085316945,0.010518057676293569,0.0040602781085316945,embedding_pca
esmif_PC661,0.006919399648184213,0.009252072490895052,0.006919399648184213,embedding_pca
esmif_PC662,0.005719332875136286,0.008962296854071877,0.005719332875136286,embedding_pca
esmif_PC663,-0.0002446257472012455,0.013340462896827296,0.0002446257472012455,embedding_pca
esmif_PC664,0.005362727724308377,0.015947138382909943,0.005362727724308377,embedding_pca
esmif_PC665,-0.002504207675797802,0.011512197495466392,0.002504207675797802,embedding_pca
esmif_PC666,0.003333979988868829,0.023707877753362732,0.003333979988868829,embedding_pca
esmif_PC667,-0.003378572547995009,0.017799747593855123,0.003378572547995009,embedding_pca
esmif_PC668,0.009882091673736463,0.002791998402348033,0.009882091673736463,embedding_pca
esmif_PC669,-0.007021064579270811,0.01402424568350265,0.007021064579270811,embedding_pca
esmif_PC670,-0.0021055556125147154,0.009323288527399838,0.0021055556125147154,embedding_pca
esmif_PC671,-0.0034137161509354636,0.011077325167104564,0.0034137161509354636,embedding_pca
esmif_PC672,-0.01020612337072478,0.014892362300288783,0.01020612337072478,embedding_pca
esmif_PC673,-0.0001475926351996358,0.017808348238429632,0.0001475926351996358,embedding_pca
esmif_PC674,0.006200954651231298,0.009612017334423783,0.006200954651231298,embedding_pca
esmif_PC675,0.001121527729465965,0.01540144297635326,0.001121527729465965,embedding_pca
esmif_PC676,-0.007663684192088893,0.01643787929135008,0.007663684192088893,embedding_pca
esmif_PC677,-0.007117934713942074,0.018744303458344422,0.007117934713942074,embedding_pca
esmif_PC678,0.008095830258847395,0.012113950533805106,0.008095830258847395,embedding_pca
esmif_PC679,0.0014481786674517157,0.005981206685077637,0.0014481786674517157,embedding_pca
esmif_PC680,0.004856107727606804,0.010533248679692781,0.004856107727606804,embedding_pca
esmif_PC681,0.004829235119773451,0.007778661841696107,0.004829235119773451,embedding_pca
esmif_PC682,-0.006184718029078036,0.019188310507417483,0.006184718029078036,embedding_pca
esmif_PC683,0.0036441797451801533,0.007123947538314428,0.0036441797451801533,embedding_pca
esmif_PC684,0.003228606890045951,0.01901045049767878,0.003228606890045951,embedding_pca
esmif_PC685,0.0007072825423723936,0.01555463348692796,0.0007072825423723936,embedding_pca
esmif_PC686,-0.00766359950420018,0.0046456321989222235,0.00766359950420018,embedding_pca
esmif_PC687,-0.006781805346735581,0.01300751352617439,0.006781805346735581,embedding_pca
esmif_PC688,-0.009793798311331179,0.01312305985576672,0.009793798311331179,embedding_pca
esmif_PC689,0.0031183710886856677,0.014300290375538897,0.0031183710886856677,embedding_pca
esmif_PC690,-0.007849341417061829,0.013016047801194626,0.007849341417061829,embedding_pca
esmif_PC691,-0.004643480999049661,0.010484054225650135,0.004643480999049661,embedding_pca
esmif_PC692,-0.0027634742243661187,0.007566032863524777,0.0027634742243661187,embedding_pca
esmif_PC693,0.0015013858417798895,0.005905003865152218,0.0015013858417798895,embedding_pca
esmif_PC694,0.0044334126787013,0.008959883592024048,0.0044334126787013,embedding_pca
esmif_PC695,0.00594100580875183,0.017800167461675606,0.00594100580875183,embedding_pca
esmif_PC696,-0.003951672977571169,0.007181836623007501,0.003951672977571169,embedding_pca
esmif_PC697,-0.002972078696240054,0.006110907834926978,0.002972078696240054,embedding_pca
esmif_PC698,-0.005854840783830094,0.018199347928407248,0.005854840783830094,embedding_pca
esmif_PC699,0.00285133821836967,0.00624705697761372,0.00285133821836967,embedding_pca
esmif_PC700,0.004671937545544301,0.014190235819987448,0.004671937545544301,embedding_pca
esmif_PC701,-0.010394801417675107,0.018658725072706894,0.010394801417675107,embedding_pca
esmif_PC702,0.0073107813909497835,0.02299245282989238,0.0073107813909497835,embedding_pca
esmif_PC703,0.0017990443249188755,0.0045611332771336175,0.0017990443249188755,embedding_pca
esmif_PC704,-0.0007905346553993442,0.02226935031604774,0.0007905346553993442,embedding_pca
esmif_PC705,-0.002260490177946325,0.010163745933091786,0.002260490177946325,embedding_pca
esmif_PC706,0.0014653029819842577,0.0075742477620986135,0.0014653029819842577,embedding_pca
esmif_PC707,-0.0009949964113708833,0.010132996858117416,0.0009949964113708833,embedding_pca
esmif_PC708,0.0017250812976693512,0.010609549570825624,0.0017250812976693512,embedding_pca
esmif_PC709,0.004662917692695241,0.013189681583387396,0.004662917692695241,embedding_pca
esmif_PC710,-0.001866625547946077,0.013132671444313553,0.001866625547946077,embedding_pca
esmif_PC711,0.0013334448610874809,0.009902768818360394,0.0013334448610874809,embedding_pca
esmif_PC712,-0.014421577396925312,0.016633373137917948,0.014421577396925312,embedding_pca
esmif_PC713,-0.0020167359432940162,0.015807738072412373,0.0020167359432940162,embedding_pca
esmif_PC714,-0.005629497550417673,0.010506110435340579,0.005629497550417673,embedding_pca
esmif_PC715,0.0013939214859133235,0.022281332341343264,0.0013939214859133235,embedding_pca
esmif_PC716,0.002387518533223191,0.01161160782212258,0.002387518533223191,embedding_pca
esmif_PC717,0.005054547250785224,0.02193581323584503,0.005054547250785224,embedding_pca
esmif_PC718,-0.009619627374303339,0.01262805527313405,0.009619627374303339,embedding_pca
esmif_PC719,-0.0055428615988571935,0.005687420719615113,0.0055428615988571935,embedding_pca
esmif_PC720,0.008954542881859576,0.008773016681580956,0.008954542881859576,embedding_pca
esmif_PC721,-0.010797328733555382,0.012342567391065696,0.010797328733555382,embedding_pca
esmif_PC722,0.007723575418615759,0.014442343472148308,0.007723575418615759,embedding_pca
esmif_PC723,0.0003741658344092666,0.010819461019456151,0.0003741658344092666,embedding_pca
esmif_PC724,0.0012380745335124636,0.018329336840967866,0.0012380745335124636,embedding_pca
esmif_PC725,-0.004783480697427256,0.014260689134765137,0.004783480697427256,embedding_pca
esmif_PC726,0.012362350338461094,0.011079885804622507,0.012362350338461094,embedding_pca
esmif_PC727,0.008849224388001179,0.015387562031418814,0.008849224388001179,embedding_pca
esmif_PC728,-0.009790638428858247,0.010076635304382778,0.009790638428858247,embedding_pca
esmif_PC729,0.0028359095721911406,0.014854728348587693,0.0028359095721911406,embedding_pca
esmif_PC730,-0.0038037171452659597,0.024167057937553877,0.0038037171452659597,embedding_pca
esmif_PC731,-0.00027545774220182723,0.009358819758956114,0.00027545774220182723,embedding_pca
esmif_PC732,-0.005225336671625927,0.015509791279245896,0.005225336671625927,embedding_pca
esmif_PC733,0.002610372560745149,0.01133250411922767,0.002610372560745149,embedding_pca
esmif_PC734,0.005759223110464204,0.008795218190815343,0.005759223110464204,embedding_pca
esmif_PC735,0.0009082737362624625,0.01184842435782897,0.0009082737362624625,embedding_pca
esmif_PC736,-0.01290482054006065,0.012388058921634588,0.01290482054006065,embedding_pca
esmif_PC737,-5.3281240525709925e-05,0.010259954447410204,5.3281240525709925e-05,embedding_pca
esmif_PC738,-0.0010713225435737834,0.01165850314058082,0.0010713225435737834,embedding_pca
esmif_PC739,0.00612398892690502,0.012551565426343055,0.00612398892690502,embedding_pca
esmif_PC740,0.0036444128393636746,0.019179758040344837,0.0036444128393636746,embedding_pca
esmif_PC741,-0.010782732264994249,0.013692020171606437,0.010782732264994249,embedding_pca
esmif_PC742,-0.004160889057364432,0.01446612251159219,0.004160889057364432,embedding_pca
esmif_PC743,0.004589990517310516,0.006361055646331727,0.004589990517310516,embedding_pca
esmif_PC744,0.0029914515997249403,0.013693862257336917,0.0029914515997249403,embedding_pca
esmif_PC745,-6.520530681872888e-06,0.012940112677045663,6.520530681872888e-06,embedding_pca
esmif_PC746,0.00043287204163831134,0.015762874436297022,0.00043287204163831134,embedding_pca
esmif_PC747,0.0037937170263429207,0.007402308069308466,0.0037937170263429207,embedding_pca
esmif_PC748,-0.0005658138371067298,0.010426937300216033,0.0005658138371067298,embedding_pca
esmif_PC749,-0.0013616800848866648,0.01048856712027209,0.0013616800848866648,embedding_pca
esmif_PC750,-0.0044752762036209485,0.009667815519808878,0.0044752762036209485,embedding_pca
esmif_PC751,-0.000666082293005011,0.006900046339137473,0.000666082293005011,embedding_pca
esmif_PC752,0.006660771627344665,0.007880470825653633,0.006660771627344665,embedding_pca
esmif_PC753,-0.010318035371369067,0.021699650827749137,0.010318035371369067,embedding_pca
esmif_PC754,-0.0014906130297431658,0.018187376709592664,0.0014906130297431658,embedding_pca
esmif_PC755,0.01293117982536381,0.012336080931092626,0.01293117982536381,embedding_pca
esmif_PC756,0.004394920864611819,0.015088317685391213,0.004394920864611819,embedding_pca
esmif_PC757,0.008183918103635961,0.01415481701452452,0.008183918103635961,embedding_pca
esmif_PC758,0.0009369059651811613,0.007940253047143422,0.0009369059651811613,embedding_pca
esmif_PC759,0.002569013507487671,0.0064105427582288365,0.002569013507487671,embedding_pca
esmif_PC760,-0.002777262082839456,0.00858104220256527,0.002777262082839456,embedding_pca
esmif_PC761,0.006326781871912377,0.008080893674552005,0.006326781871912377,embedding_pca
esmif_PC762,0.007855479753084824,0.006801001000443828,0.007855479753084824,embedding_pca
esmif_PC763,0.0016745462251195025,0.018882900792634712,0.0016745462251195025,embedding_pca
esmif_PC764,-5.619428453343192e-05,0.011574880456461094,5.619428453343192e-05,embedding_pca
esmif_PC765,-0.01206928984986042,0.016096205578247036,0.01206928984986042,embedding_pca
esmif_PC766,0.0012129243070172087,0.008278309373986556,0.0012129243070172087,embedding_pca
esmif_PC767,-0.0015993314781871236,0.013945855704130714,0.0015993314781871236,embedding_pca
esmif_PC768,0.006072889854678157,0.009792082304268515,0.006072889854678157,embedding_pca
esmif_PC769,-0.005881197344272093,0.011550279457197226,0.005881197344272093,embedding_pca
esmif_PC770,-0.002844486508386936,0.020410201547521534,0.002844486508386936,embedding_pca
esmif_PC771,-0.0030822233098486912,0.013790253263913307,0.0030822233098486912,embedding_pca
esmif_PC772,-0.0078059587317795675,0.019527115733290232,0.0078059587317795675,embedding_pca
esmif_PC773,-0.0016458253211832253,0.009336790889309386,0.0016458253211832253,embedding_pca
esmif_PC774,0.0045874629085463445,0.01030962699529767,0.0045874629085463445,embedding_pca
esmif_PC775,0.011145890376691574,0.012191674252287973,0.011145890376691574,embedding_pca
esmif_PC776,-0.001509646041588254,0.005008313623312753,0.001509646041588254,embedding_pca
esmif_PC777,-0.007052078109721249,0.003397801365040976,0.007052078109721249,embedding_pca
esmif_PC778,-0.0014814370507829282,0.009665737727679855,0.0014814370507829282,embedding_pca
esmif_PC779,-0.006941650938343919,0.01651222939118878,0.006941650938343919,embedding_pca
esmif_PC780,0.020790264897569088,0.006512399730279625,0.020790264897569088,embedding_pca
esmif_PC781,0.011885011559537294,0.019897353339953346,0.011885011559537294,embedding_pca
esmif_PC782,0.0008645046935837668,0.009919653124084092,0.0008645046935837668,embedding_pca
esmif_PC783,-0.003381811081546134,0.01455900954005158,0.003381811081546134,embedding_pca
esmif_PC784,0.007186511871003523,0.010260567420761505,0.007186511871003523,embedding_pca
esmif_PC785,0.0034186431075522565,0.015528611689472413,0.0034186431075522565,embedding_pca
esmif_PC786,0.00683991828324499,0.012755633982337011,0.00683991828324499,embedding_pca
esmif_PC787,-0.009323704119573978,0.01434777443057089,0.009323704119573978,embedding_pca
esmif_PC788,0.0038764927187699624,0.016109163918147925,0.0038764927187699624,embedding_pca
esmif_PC789,-0.00836541468978088,0.015430627823484118,0.00836541468978088,embedding_pca
esmif_PC790,0.011719974370117644,0.01592642927141243,0.011719974370117644,embedding_pca
esmif_PC791,0.012667254174564851,0.011115919805988698,0.012667254174564851,embedding_pca
esmif_PC792,0.002904534067281113,0.020339117470819255,0.002904534067281113,embedding_pca
esmif_PC793,-0.00528091459863552,0.007591539403503545,0.00528091459863552,embedding_pca
esmif_PC794,-0.003820043805336812,0.011628065363480511,0.003820043805336812,embedding_pca
esmif_PC795,-0.0051974871602391325,0.009644847215695139,0.0051974871602391325,embedding_pca
esmif_PC796,-0.006259858240320997,0.013902706127697598,0.006259858240320997,embedding_pca
esmif_PC797,0.002275781542327168,0.01551761049684029,0.002275781542327168,embedding_pca
esmif_PC798,-0.00534691886449102,0.014274432368748598,0.00534691886449102,embedding_pca
esmif_PC799,-0.0037938680952393543,0.01512510787708057,0.0037938680952393543,embedding_pca
esmif_PC800,0.0008643195193247047,0.013223513854207083,0.0008643195193247047,embedding_pca
esmif_PC801,-0.0028371488185724484,0.019722949537372116,0.0028371488185724484,embedding_pca
esmif_PC802,-0.004317963576904416,0.010503422149243954,0.004317963576904416,embedding_pca
esmif_PC803,0.0019319811553839892,0.008686184394484953,0.0019319811553839892,embedding_pca
esmif_PC804,0.006786130690824593,0.006767175513027122,0.006786130690824593,embedding_pca
esmif_PC805,-0.006692032134487551,0.009920237615598168,0.006692032134487551,embedding_pca
esmif_PC806,-0.00527369973114711,0.009793392707762978,0.00527369973114711,embedding_pca
esmif_PC807,0.012170785553033206,0.010788089753975855,0.012170785553033206,embedding_pca
esmif_PC808,0.0050271851336099755,0.005434918058263413,0.0050271851336099755,embedding_pca
esmif_PC809,-0.004484862932371857,0.009217609105361698,0.004484862932371857,embedding_pca
esmif_PC810,0.0071519370219195275,0.012276166809121148,0.0071519370219195275,embedding_pca
esmif_PC811,0.008711850954476665,0.011701507782824324,0.008711850954476665,embedding_pca
esmif_PC812,0.006972961100341591,0.00685514448334655,0.006972961100341591,embedding_pca
esmif_PC813,0.01376474707207603,0.017102465234387007,0.01376474707207603,embedding_pca
esmif_PC814,-0.003684592478633528,0.01691832508633644,0.003684592478633528,embedding_pca
esmif_PC815,0.006805954192538169,0.01249075640739432,0.006805954192538169,embedding_pca
esmif_PC816,-0.002561708966579317,0.02063484731090111,0.002561708966579317,embedding_pca
esmif_PC817,0.003050318058169599,0.009865496294651435,0.003050318058169599,embedding_pca
esmif_PC818,-0.0023631304903557583,0.007414977762290237,0.0023631304903557583,embedding_pca
esmif_PC819,0.008630678180655932,0.017964068936917703,0.008630678180655932,embedding_pca
esmif_PC820,-0.006086809052540788,0.011886377833477981,0.006086809052540788,embedding_pca
esmif_PC821,0.0009035917479214454,0.01020489009071861,0.0009035917479214454,embedding_pca
esmif_PC822,-0.0018376807673265022,0.013118053632531051,0.0018376807673265022,embedding_pca
esmif_PC823,-0.008488921621181502,0.012010332764010546,0.008488921621181502,embedding_pca
esmif_PC824,-0.0037729995748951558,0.007200888131989756,0.0037729995748951558,embedding_pca
esmif_PC825,-0.0004064220636228774,0.007909294533766245,0.0004064220636228774,embedding_pca
esmif_PC826,0.0027626737289754575,0.005541029419692739,0.0027626737289754575,embedding_pca
esmif_PC827,-0.007123304517134882,0.015852989007860648,0.007123304517134882,embedding_pca
esmif_PC828,-0.0038942432296023657,0.013748604213061878,0.0038942432296023657,embedding_pca
esmif_PC829,0.008737795574421375,0.012901973830529457,0.008737795574421375,embedding_pca
esmif_PC830,-0.0046188678960244044,0.008460273995197781,0.0046188678960244044,embedding_pca
esmif_PC831,-0.0017221727101894304,0.010265684495494167,0.0017221727101894304,embedding_pca
esmif_PC832,0.007508188795349547,0.012605823057188716,0.007508188795349547,embedding_pca
esmif_PC833,-0.0058257912657015505,0.00752093970665433,0.0058257912657015505,embedding_pca
esmif_PC834,0.01155586373315932,0.006521588811448447,0.01155586373315932,embedding_pca
esmif_PC835,-0.006632128591595218,0.009938685531591543,0.006632128591595218,embedding_pca
esmif_PC836,-0.0008548821772098958,0.020938543723108712,0.0008548821772098958,embedding_pca
esmif_PC837,0.003422834920692913,0.022325767980806106,0.003422834920692913,embedding_pca
esmif_PC838,-0.006859782127065245,0.011894721466150428,0.006859782127065245,embedding_pca
esmif_PC839,-0.02166473318315392,0.025510840252222756,0.02166473318315392,embedding_pca
esmif_PC840,0.005067877189350857,0.014564077872713141,0.005067877189350857,embedding_pca
esmif_PC841,0.00554767050356497,0.006885345908225294,0.00554767050356497,embedding_pca
esmif_PC842,-0.00639466050076871,0.0061341018036655415,0.00639466050076871,embedding_pca
esmif_PC843,0.0016950395297650914,0.009834599399819515,0.0016950395297650914,embedding_pca
esmif_PC844,-0.006732637267991273,0.023471919479026666,0.006732637267991273,embedding_pca
esmif_PC845,-0.015579253429388045,0.010650991432146827,0.015579253429388045,embedding_pca
esmif_PC846,-0.008546109068531513,0.01692595678492045,0.008546109068531513,embedding_pca
esmif_PC847,0.000951806734618106,0.010165480811666345,0.000951806734618106,embedding_pca
esmif_PC848,-0.0020184440305533492,0.019994978658830643,0.0020184440305533492,embedding_pca
esmif_PC849,0.010052070192206433,0.013838262370920647,0.010052070192206433,embedding_pca
esmif_PC850,0.0010405992174470934,0.014531542767846769,0.0010405992174470934,embedding_pca
esmif_PC851,-0.007053699202049039,0.006922450304418839,0.007053699202049039,embedding_pca
esmif_PC852,-0.0022873053892355152,0.017339686828187758,0.0022873053892355152,embedding_pca
esmif_PC853,6.382522268442984e-05,0.013055281657860471,6.382522268442984e-05,embedding_pca
esmif_PC854,0.0020545074653827667,0.013871358330758954,0.0020545074653827667,embedding_pca
esmif_PC855,0.004761336672576029,0.004983716720675264,0.004761336672576029,embedding_pca
esmif_PC856,-0.003988895346383613,0.0108774010170377,0.003988895346383613,embedding_pca
esmif_PC857,-0.0025348423710774945,0.012523315410138262,0.0025348423710774945,embedding_pca
esmif_PC858,0.01022730201133341,0.011224419535091597,0.01022730201133341,embedding_pca
esmif_PC859,0.007947013362902908,0.009272655510524317,0.007947013362902908,embedding_pca
esmif_PC860,0.0017006369884247246,0.013254149606665419,0.0017006369884247246,embedding_pca
esmif_PC861,0.005097967627842218,0.013613507395483393,0.005097967627842218,embedding_pca
esmif_PC862,0.00041885097459635947,0.00550320435794973,0.00041885097459635947,embedding_pca
esmif_PC863,0.0018744554601503607,0.00555624413270719,0.0018744554601503607,embedding_pca
esmif_PC864,-0.005389022769412585,0.012456897389597824,0.005389022769412585,embedding_pca
esmif_PC865,-0.009343920031977811,0.012902726239871614,0.009343920031977811,embedding_pca
esmif_PC866,-0.011858142281210363,0.008062095108594701,0.011858142281210363,embedding_pca
esmif_PC867,-0.003747215164508293,0.018549544336686676,0.003747215164508293,embedding_pca
esmif_PC868,-0.008874295909238366,0.012626020470257127,0.008874295909238366,embedding_pca
esmif_PC869,0.005700112125797569,0.015034109127610025,0.005700112125797569,embedding_pca
esmif_PC870,-0.012082706575268635,0.016848513904324347,0.012082706575268635,embedding_pca
esmif_PC871,-0.004633159975700851,0.012950816532700448,0.004633159975700851,embedding_pca
esmif_PC872,-0.005671862047478831,0.006549747857383873,0.005671862047478831,embedding_pca
esmif_PC873,-0.0069843534865500325,0.012315999682320233,0.0069843534865500325,embedding_pca
esmif_PC874,0.0030175274176241816,0.008615062310526625,0.0030175274176241816,embedding_pca
esmif_PC875,0.00033213688008985887,0.014934012219784921,0.00033213688008985887,embedding_pca
esmif_PC876,-0.0019584325359474452,0.013767126846549772,0.0019584325359474452,embedding_pca
esmif_PC877,0.002306360721805907,0.0028858528586910913,0.002306360721805907,embedding_pca
esmif_PC878,0.0034226966682591683,0.009595109453797383,0.0034226966682591683,embedding_pca
esmif_PC879,0.007722398796318868,0.015787145526346337,0.007722398796318868,embedding_pca
esmif_PC880,-0.010782592607738168,0.01727578700466311,0.010782592607738168,embedding_pca
esmif_PC881,-0.0006566734549118927,0.010642897882100974,0.0006566734549118927,embedding_pca
esmif_PC882,-0.0061720269048787055,0.0055425022780318835,0.0061720269048787055,embedding_pca
esmif_PC883,-0.013940926388155698,0.004999121617914072,0.013940926388155698,embedding_pca
esmif_PC884,-0.002199631043627379,0.010827159338045974,0.002199631043627379,embedding_pca
esmif_PC885,-0.0014575260746582108,0.006622543147134554,0.0014575260746582108,embedding_pca
esmif_PC886,0.006766340018897188,0.0049878220281134025,0.006766340018897188,embedding_pca
esmif_PC887,0.012436749228315872,0.016491657565721782,0.012436749228315872,embedding_pca
esmif_PC888,0.0029431144765124802,0.014214473786179035,0.0029431144765124802,embedding_pca
esmif_PC889,0.008762725254114635,0.013883143610461422,0.008762725254114635,embedding_pca
esmif_PC890,0.0031233550674517204,0.008597205673371749,0.0031233550674517204,embedding_pca
esmif_PC891,0.00678431131668997,0.009068521280328607,0.00678431131668997,embedding_pca
esmif_PC892,-0.003852717801250398,0.010568192740837175,0.003852717801250398,embedding_pca
esmif_PC893,-0.009435426513218393,0.01592756190543499,0.009435426513218393,embedding_pca
esmif_PC894,0.004655529363874128,0.009539275412221531,0.004655529363874128,embedding_pca
esmif_PC895,-0.0007651961939390765,0.013717872457928432,0.0007651961939390765,embedding_pca
esmif_PC896,0.0011055872939925563,0.009437130922986394,0.0011055872939925563,embedding_pca
esmif_PC897,-0.00518309736826041,0.007601212889431048,0.00518309736826041,embedding_pca
esmif_PC898,0.010926080730717113,0.010017753843849758,0.010926080730717113,embedding_pca
esmif_PC899,0.0008994637693391124,0.008061010627422318,0.0008994637693391124,embedding_pca
esmif_PC900,0.002292154074504495,0.009685263800598844,0.002292154074504495,embedding_pca
esmif_PC901,-0.001101194899735703,0.010204404400923059,0.001101194899735703,embedding_pca
esmif_PC902,0.0004516239183529545,0.006555516244067958,0.0004516239183529545,embedding_pca
esmif_PC903,0.008697130384726004,0.015248345548133643,0.008697130384726004,embedding_pca
esmif_PC904,-0.011188624080783662,0.010178910733505192,0.011188624080783662,embedding_pca
esmif_PC905,0.0007158840266278773,0.006862544618872586,0.0007158840266278773,embedding_pca
esmif_PC906,-0.0035182574002575852,0.017514053137826526,0.0035182574002575852,embedding_pca
esmif_PC907,0.0003681165484278215,0.012205850631293794,0.0003681165484278215,embedding_pca
esmif_PC908,-0.006175295681827642,0.010806226978761041,0.006175295681827642,embedding_pca
esmif_PC909,0.009049989771200842,0.014054941254792943,0.009049989771200842,embedding_pca
esmif_PC910,-0.010867758053888739,0.014197934848907825,0.010867758053888739,embedding_pca
esmif_PC911,0.012644241284958117,0.009778402144151285,0.012644241284958117,embedding_pca
esmif_PC912,0.0027997645005864913,0.004480930883276037,0.0027997645005864913,embedding_pca
esmif_PC913,-0.0014550755917652834,0.012869758623483364,0.0014550755917652834,embedding_pca
esmif_PC914,0.007316539513837048,0.01310417713251339,0.007316539513837048,embedding_pca
esmif_PC915,-0.009198240246119333,0.017467330733855722,0.009198240246119333,embedding_pca
esmif_PC916,-0.00817238351281967,0.017138372184080902,0.00817238351281967,embedding_pca
esmif_PC917,-0.002635451734759621,0.010760572709106471,0.002635451734759621,embedding_pca
esmif_PC918,-0.007861751855382775,0.017626026170496585,0.007861751855382775,embedding_pca
esmif_PC919,0.004174810577728253,0.012999484746322457,0.004174810577728253,embedding_pca
esmif_PC920,0.0036488225768569957,0.0171265271630729,0.0036488225768569957,embedding_pca
esmif_PC921,0.004033048740938503,0.01682178097054996,0.004033048740938503,embedding_pca
esmif_PC922,0.00839686639652351,0.01627941613501592,0.00839686639652351,embedding_pca
esmif_PC923,-0.00037966356303403907,0.010046618015059504,0.00037966356303403907,embedding_pca
esmif_PC924,0.006199809989830234,0.01380472704149885,0.006199809989830234,embedding_pca
esmif_PC925,0.013190120182641457,0.014556249582139408,0.013190120182641457,embedding_pca
esmif_PC926,5.761974632764906e-06,0.005016711823004058,5.761974632764906e-06,embedding_pca
esmif_PC927,-0.0054192403298372015,0.008361118784560235,0.0054192403298372015,embedding_pca
esmif_PC928,0.01237008914700155,0.015933086178464926,0.01237008914700155,embedding_pca
esmif_PC929,0.0035418891507050716,0.009293341818527784,0.0035418891507050716,embedding_pca
esmif_PC930,-0.00870847273179132,0.010964571961490139,0.00870847273179132,embedding_pca
esmif_PC931,-0.004697439270353819,0.015339804648083894,0.004697439270353819,embedding_pca
esmif_PC932,-0.00043680496349809235,0.004994506025381557,0.00043680496349809235,embedding_pca
esmif_PC933,-0.013702927692582075,0.015552449995745442,0.013702927692582075,embedding_pca
esmif_PC934,0.011430624185128236,0.00737313168812212,0.011430624185128236,embedding_pca
esmif_PC935,-0.00018571840964798757,0.018241721262476054,0.00018571840964798757,embedding_pca
esmif_PC936,-0.004550074427537652,0.00904087478403339,0.004550074427537652,embedding_pca
esmif_PC937,-0.001089386243304264,0.011580027692862161,0.001089386243304264,embedding_pca
esmif_PC938,-0.0020496791132702356,0.006424298336737313,0.0020496791132702356,embedding_pca
esmif_PC939,-0.003607081441517035,0.015463466591261644,0.003607081441517035,embedding_pca
esmif_PC940,0.0012693767199058559,0.014311723001520157,0.0012693767199058559,embedding_pca
esmif_PC941,-0.011238802136296296,0.010370410712387344,0.011238802136296296,embedding_pca
esmif_PC942,-0.0015914885675448512,0.012650582082792818,0.0015914885675448512,embedding_pca
esmif_PC943,-0.002378913976375269,0.016299066626358955,0.002378913976375269,embedding_pca
esmif_PC944,0.005380728290787749,0.010003696855282396,0.005380728290787749,embedding_pca
esmif_PC945,0.001126341025414888,0.008856199146206235,0.001126341025414888,embedding_pca
esmif_PC946,0.004407017900006651,0.00706302735587839,0.004407017900006651,embedding_pca
esmif_PC947,-0.006547236109503318,0.009992450190240509,0.006547236109503318,embedding_pca
esmif_PC948,-0.004856175602060389,0.012103733785733284,0.004856175602060389,embedding_pca
esmif_PC949,0.00797424670825613,0.013262679195143614,0.00797424670825613,embedding_pca
esmif_PC950,-0.0001423394223811686,0.013495747951960712,0.0001423394223811686,embedding_pca
esmif_PC951,-0.006765385336844357,0.025592984935334694,0.006765385336844357,embedding_pca
esmif_PC952,0.0006525132465225556,0.01758840922091446,0.0006525132465225556,embedding_pca
esmif_PC953,-0.0007853723733392499,0.01254680465871702,0.0007853723733392499,embedding_pca
esmif_PC954,-0.0067049397920873905,0.006223769906160348,0.0067049397920873905,embedding_pca
esmif_PC955,0.019637303242022897,0.01595015451809305,0.019637303242022897,embedding_pca
esmif_PC956,0.004141991083225825,0.00771099738012183,0.004141991083225825,embedding_pca
esmif_PC957,0.0018203941340885759,0.012302398355358733,0.0018203941340885759,embedding_pca
esmif_PC958,0.0037803827046252693,0.017697536407251732,0.0037803827046252693,embedding_pca
esmif_PC959,0.002790446400563547,0.013387389774020401,0.002790446400563547,embedding_pca
esmif_PC960,-0.001611165768172873,0.015255439250126103,0.001611165768172873,embedding_pca
esmif_PC961,0.006003338807604269,0.012183333773428572,0.006003338807604269,embedding_pca
esmif_PC962,-0.0030786559141871618,0.011482767641096925,0.0030786559141871618,embedding_pca
esmif_PC963,0.010082876400221541,0.01305574594185064,0.010082876400221541,embedding_pca
esmif_PC964,-0.008478928421611279,0.018395765692369663,0.008478928421611279,embedding_pca
esmif_PC965,-0.00252818843000382,0.007662060293516557,0.00252818843000382,embedding_pca
esmif_PC966,-0.0003040629707272369,0.014028971673561114,0.0003040629707272369,embedding_pca
esmif_PC967,-0.0002064548981656686,0.011232951370341724,0.0002064548981656686,embedding_pca
esmif_PC968,0.0007051193996359474,0.014154033018042907,0.0007051193996359474,embedding_pca
esmif_PC969,0.001024044380987299,0.008476977139521693,0.001024044380987299,embedding_pca
esmif_PC970,0.008086285237703305,0.016037435692287567,0.008086285237703305,embedding_pca
esmif_PC971,-0.007598968694924266,0.004627138454344022,0.007598968694924266,embedding_pca
esmif_PC972,0.009660247306137138,0.012851410140574244,0.009660247306137138,embedding_pca
esmif_PC973,-0.006770730006494134,0.00600360976622141,0.006770730006494134,embedding_pca
esmif_PC974,-0.007156164828434721,0.012569636920371515,0.007156164828434721,embedding_pca
esmif_PC975,0.008037958447070394,0.009824894218985095,0.008037958447070394,embedding_pca
esmif_PC976,-0.009140607777349688,0.014559431184809908,0.009140607777349688,embedding_pca
esmif_PC977,0.004888096947354641,0.017694255960055576,0.004888096947354641,embedding_pca
esmif_PC978,-0.007017587559646423,0.013200577612382318,0.007017587559646423,embedding_pca
esmif_PC979,-0.004609025024633584,0.02496583390180507,0.004609025024633584,embedding_pca
esmif_PC980,0.002888468386696131,0.0214749293663811,0.002888468386696131,embedding_pca
esmif_PC981,0.005262316419255795,0.00867360606230834,0.005262316419255795,embedding_pca
esmif_PC982,-0.009868180140279502,0.012893384883722115,0.009868180140279502,embedding_pca
esmif_PC983,-0.007326043500211847,0.013261186335431156,0.007326043500211847,embedding_pca
esmif_PC984,-0.001031658122408865,0.007808587281630146,0.001031658122408865,embedding_pca
esmif_PC985,-3.648771708104162e-05,0.006219591606353968,3.648771708104162e-05,embedding_pca
esmif_PC986,0.0008467326604811408,0.008772342954860223,0.0008467326604811408,embedding_pca
esmif_PC987,0.0038241300005646592,0.010697448231477308,0.0038241300005646592,embedding_pca
esmif_PC988,-0.00844882818931389,0.017735628652259732,0.00844882818931389,embedding_pca
esmif_PC989,0.006046860031630451,0.02050572665079346,0.006046860031630451,embedding_pca
esmif_PC990,-0.009986384049734296,0.0048427886018327215,0.009986384049734296,embedding_pca
esmif_PC991,-0.0005700658631018838,0.004600648137652257,0.0005700658631018838,embedding_pca
esmif_PC992,0.006090626829967421,0.01023398108872883,0.006090626829967421,embedding_pca
esmif_PC993,-0.0004743426927751298,0.019129809721398473,0.0004743426927751298,embedding_pca
esmif_PC994,0.0004671897098355653,0.013106398117868241,0.0004671897098355653,embedding_pca
esmif_PC995,0.006727820871315936,0.00986297372903209,0.006727820871315936,embedding_pca
esmif_PC996,-0.004365429716869049,0.009859911346063208,0.004365429716869049,embedding_pca
esmif_PC997,-0.0037733647324075885,0.009275566794472678,0.0037733647324075885,embedding_pca
esmif_PC998,-0.00016068560641730804,0.021050130791655436,0.00016068560641730804,embedding_pca
esmif_PC999,0.0033984300933060665,0.006235362751709612,0.0033984300933060665,embedding_pca
esmif_PC1000,0.0009451899841238217,0.009759292010699512,0.0009451899841238217,embedding_pca
esmif_PC1001,0.005218959112871028,0.007434108577386761,0.005218959112871028,embedding_pca
esmif_PC1002,0.0024776131373475457,0.011317142714931252,0.0024776131373475457,embedding_pca
esmif_PC1003,-0.006954850042374898,0.012741126380310778,0.006954850042374898,embedding_pca
esmif_PC1004,-0.006771501750648998,0.012327423574753051,0.006771501750648998,embedding_pca
esmif_PC1005,0.003436257635848548,0.007063671039347649,0.003436257635848548,embedding_pca
esmif_PC1006,-0.0011447307946321253,0.014432031083521481,0.0011447307946321253,embedding_pca
esmif_PC1007,0.01234864031097352,0.012355604670670227,0.01234864031097352,embedding_pca
esmif_PC1008,-0.009488198049138438,0.0034624687881979316,0.009488198049138438,embedding_pca
esmif_PC1009,-0.0037129920408047494,0.013503671656275097,0.0037129920408047494,embedding_pca
esmif_PC1010,0.007875822015526677,0.011020966560749327,0.007875822015526677,embedding_pca
esmif_PC1011,0.0068893001251318685,0.010651313507744762,0.0068893001251318685,embedding_pca
esmif_PC1012,0.003727331555361449,0.01133196609412526,0.003727331555361449,embedding_pca
esmif_PC1013,-0.007701688114347771,0.006978970777395665,0.007701688114347771,embedding_pca
esmif_PC1014,0.008093256569316355,0.008456744097478978,0.008093256569316355,embedding_pca
esmif_PC1015,0.0033089013270028536,0.014006939972609956,0.0033089013270028536,embedding_pca
esmif_PC1016,-0.0046129597770273225,0.006972564622394213,0.0046129597770273225,embedding_pca
esmif_PC1017,0.007738802658603429,0.010120183452562827,0.007738802658603429,embedding_pca
esmif_PC1018,-0.00553122048515114,0.01156633325325245,0.00553122048515114,embedding_pca
esmif_PC1019,0.006456886898859754,0.014528509647669264,0.006456886898859754,embedding_pca
esmif_PC1020,0.004373530329747837,0.011697013115518252,0.004373530329747837,embedding_pca
esmif_PC1021,0.004078025045526995,0.014719733275191138,0.004078025045526995,embedding_pca
esmif_PC1022,0.01284975571478755,0.007230681950299659,0.01284975571478755,embedding_pca
esmif_PC1023,0.00475170457341947,0.01379398606869961,0.00475170457341947,embedding_pca
esmif_PC1024,-0.004712832548192743,0.011938878382664947,0.004712832548192743,embedding_pca
esmif_PC1025,0.004939874103443502,0.009929547239120507,0.004939874103443502,embedding_pca
esmif_PC1026,0.002257062896309318,0.014482866959881123,0.002257062896309318,embedding_pca
esmif_PC1027,0.0011894649077940924,0.0047833055862272645,0.0011894649077940924,embedding_pca
esmif_PC1028,-0.004527574972212839,0.008934125790029978,0.004527574972212839,embedding_pca
esmif_PC1029,0.002414477237178285,0.008468922815512094,0.002414477237178285,embedding_pca
esmif_PC1030,-0.003759794738355725,0.010538142717381424,0.003759794738355725,embedding_pca
esmif_PC1031,0.0008818697252138102,0.019447136652394895,0.0008818697252138102,embedding_pca
esmif_PC1032,0.0054660101085490225,0.015777521490124926,0.0054660101085490225,embedding_pca
esmif_PC1033,0.006577231298257986,0.01416139785394217,0.006577231298257986,embedding_pca
esmif_PC1034,-0.006260638367663033,0.014576182563327562,0.006260638367663033,embedding_pca
esmif_PC1035,0.0015721416480904767,0.01339791548490259,0.0015721416480904767,embedding_pca
esmif_PC1036,-0.002880845747551166,0.017232040033620673,0.002880845747551166,embedding_pca
esmif_PC1037,0.00257717960386895,0.008209823854602345,0.00257717960386895,embedding_pca
esmif_PC1038,0.001823081354830211,0.013619039485139778,0.001823081354830211,embedding_pca
esmif_PC1039,0.003260646021302816,0.011485127541627818,0.003260646021302816,embedding_pca
esmif_PC1040,-0.0026426713926560883,0.020174085905803198,0.0026426713926560883,embedding_pca
esmif_PC1041,0.004909106474227337,0.014013089259287655,0.004909106474227337,embedding_pca
esmif_PC1042,0.010925587711351428,0.012887936921883263,0.010925587711351428,embedding_pca
esmif_PC1043,0.013933851763875299,0.01665199532669794,0.013933851763875299,embedding_pca
esmif_PC1044,0.003304021090444338,0.009130700772186386,0.003304021090444338,embedding_pca
esmif_PC1045,0.012888929417041745,0.011790157895715053,0.012888929417041745,embedding_pca
esmif_PC1046,-0.0027548091356638547,0.009674896219823093,0.0027548091356638547,embedding_pca
esmif_PC1047,0.0040002695633866575,0.011636851603044259,0.0040002695633866575,embedding_pca
esmif_PC1048,-0.002663364131929128,0.011311861811398023,0.002663364131929128,embedding_pca
esmif_PC1049,-0.0008389459197528044,0.007992193997527904,0.0008389459197528044,embedding_pca
esmif_PC1050,0.0036973867631106177,0.016728576261971623,0.0036973867631106177,embedding_pca
esmif_PC1051,-0.004481302332816772,0.018711203607924852,0.004481302332816772,embedding_pca
esmif_PC1052,0.004238953074447661,0.012404535367928916,0.004238953074447661,embedding_pca
esmif_PC1053,-0.000295651254651956,0.009197545787569674,0.000295651254651956,embedding_pca
esmif_PC1054,0.0045008476939318405,0.014111785149074341,0.0045008476939318405,embedding_pca
esmif_PC1055,0.0032911502565329083,0.006031309342724876,0.0032911502565329083,embedding_pca
esmif_PC1056,0.0072024296790572625,0.009934292497766657,0.0072024296790572625,embedding_pca
esmif_PC1057,0.0006188415573865054,0.006820419026033819,0.0006188415573865054,embedding_pca
esmif_PC1058,0.004879848321391548,0.007656280157734474,0.004879848321391548,embedding_pca
esmif_PC1059,-0.005363223669543718,0.015883132546897875,0.005363223669543718,embedding_pca
esmif_PC1060,-0.00243539356322895,0.016176689951160117,0.00243539356322895,embedding_pca
esmif_PC1061,-0.005465081054232185,0.016144620364726813,0.005465081054232185,embedding_pca
esmif_PC1062,-0.0006948951820178291,0.015477239212233861,0.0006948951820178291,embedding_pca
esmif_PC1063,-0.006259961769959338,0.004893514279539288,0.006259961769959338,embedding_pca
esmif_PC1064,-0.0021696726620998837,0.010990618230355964,0.0021696726620998837,embedding_pca
esmif_PC1065,-0.00011430102973595014,0.013831885666582718,0.00011430102973595014,embedding_pca
esmif_PC1066,0.0006580131524963697,0.015619999669594141,0.0006580131524963697,embedding_pca
esmif_PC1067,-0.0032812082339159316,0.016862883188230433,0.0032812082339159316,embedding_pca
esmif_PC1068,-0.0011043497360891674,0.009034756319578582,0.0011043497360891674,embedding_pca
esmif_PC1069,-0.002981039797013978,0.008513305596781612,0.002981039797013978,embedding_pca
esmif_PC1070,-0.004203728145613277,0.011644029544823877,0.004203728145613277,embedding_pca
esmif_PC1071,0.0013204139136721502,0.007901242397195106,0.0013204139136721502,embedding_pca
esmif_PC1072,-0.008180382742762334,0.012576239085671747,0.008180382742762334,embedding_pca
esmif_PC1073,-0.003145268636651154,0.009616973057635257,0.003145268636651154,embedding_pca
esmif_PC1074,-0.007626694782881034,0.006115394294786107,0.007626694782881034,embedding_pca
esmif_PC1075,-0.001724774874075411,0.015543258824957402,0.001724774874075411,embedding_pca
esmif_PC1076,-0.004342002454200485,0.010324708086019973,0.004342002454200485,embedding_pca
esmif_PC1077,-0.003326643212250314,0.010989377210073453,0.003326643212250314,embedding_pca
esmif_PC1078,0.0009961567306210248,0.021830530537619068,0.0009961567306210248,embedding_pca
esmif_PC1079,0.006580393862250455,0.00851183015133733,0.006580393862250455,embedding_pca
esmif_PC1080,0.0008593335351041616,0.011512657412574647,0.0008593335351041616,embedding_pca
esmif_PC1081,-0.0028952491882747572,0.013726855235715941,0.0028952491882747572,embedding_pca
esmif_PC1082,0.00792555544615534,0.006012104866261092,0.00792555544615534,embedding_pca
esmif_PC1083,0.0023372173792544403,0.007994889440257152,0.0023372173792544403,embedding_pca
esmif_PC1084,-0.007926791433145574,0.01462154803372615,0.007926791433145574,embedding_pca
esmif_PC1085,0.00466579428544039,0.012487357607681352,0.00466579428544039,embedding_pca
esmif_PC1086,0.00025893646964732665,0.00826679961449899,0.00025893646964732665,embedding_pca
esmif_PC1087,0.00256615528647041,0.010369053490935065,0.00256615528647041,embedding_pca
esmif_PC1088,0.0023363833455127417,0.011321239796160341,0.0023363833455127417,embedding_pca
esmif_PC1089,-0.004400357923949789,0.013110543307751996,0.004400357923949789,embedding_pca
esmif_PC1090,-0.005139283550328915,0.01740712983195588,0.005139283550328915,embedding_pca
esmif_PC1091,-0.0065915230646741525,0.012728427367632914,0.0065915230646741525,embedding_pca
esmif_PC1092,0.004719230693255158,0.01213178788956782,0.004719230693255158,embedding_pca
esmif_PC1093,0.008750386499558341,0.014382528487727543,0.008750386499558341,embedding_pca
esmif_PC1094,0.00880719498875684,0.006533202878257557,0.00880719498875684,embedding_pca
esmif_PC1095,-0.005595824873653242,0.01111056062981729,0.005595824873653242,embedding_pca
esmif_PC1096,0.005473667617123756,0.015532119501265604,0.005473667617123756,embedding_pca
esmif_PC1097,0.004271419127491854,0.015084810869072615,0.004271419127491854,embedding_pca
esmif_PC1098,0.010167318146364917,0.012860693198360933,0.010167318146364917,embedding_pca
esmif_PC1099,-0.0037339260685904305,0.010270597166169364,0.0037339260685904305,embedding_pca
esmif_PC1100,-0.005751768380186722,0.003953189964961845,0.005751768380186722,embedding_pca
esmif_PC1101,0.0054750081557651,0.01399048582136572,0.0054750081557651,embedding_pca
esmif_PC1102,-0.005749503176007879,0.0084397988721121,0.005749503176007879,embedding_pca
esmif_PC1103,0.00649688252282161,0.01973885400902316,0.00649688252282161,embedding_pca
esmif_PC1104,-0.004219696800302292,0.012953350389853867,0.004219696800302292,embedding_pca
esmif_PC1105,0.0008693280089209353,0.013468877965214216,0.0008693280089209353,embedding_pca
esmif_PC1106,-0.009407895217677846,0.00826630936918097,0.009407895217677846,embedding_pca
esmif_PC1107,0.0007243065654988376,0.014307515476442899,0.0007243065654988376,embedding_pca
esmif_PC1108,0.00037266336406072923,0.010285928620611695,0.00037266336406072923,embedding_pca
esmif_PC1109,0.005684595571958005,0.018702941488075053,0.005684595571958005,embedding_pca
esmif_PC1110,-0.00737587626655512,0.008602168092381684,0.00737587626655512,embedding_pca
esmif_PC1111,-0.005605739338139927,0.009370129829737986,0.005605739338139927,embedding_pca
esmif_PC1112,0.0022290996540570564,0.010964872387456456,0.0022290996540570564,embedding_pca
esmif_PC1113,0.0002931649093462732,0.01679588513267616,0.0002931649093462732,embedding_pca
esmif_PC1114,0.0041042601106327185,0.005818144030289492,0.0041042601106327185,embedding_pca
esmif_PC1115,-0.007563264335577982,0.007301071187826216,0.007563264335577982,embedding_pca
esmif_PC1116,-0.007327544814748015,0.004852436462838217,0.007327544814748015,embedding_pca
esmif_PC1117,0.0074529926961643305,0.012189893017524309,0.0074529926961643305,embedding_pca
esmif_PC1118,0.005226730770062089,0.01439929253435485,0.005226730770062089,embedding_pca
esmif_PC1119,9.440800134378453e-05,0.015374491276245196,9.440800134378453e-05,embedding_pca
esmif_PC1120,-0.006993425586045732,0.007062393872686906,0.006993425586045732,embedding_pca
esmif_PC1121,0.0035844231016953984,0.004481419255964313,0.0035844231016953984,embedding_pca
esmif_PC1122,-0.010189520716533498,0.012924501344883101,0.010189520716533498,embedding_pca
esmif_PC1123,0.01869002420424728,0.015095092966656412,0.01869002420424728,embedding_pca
esmif_PC1124,0.0020955454647690326,0.010295543560240821,0.0020955454647690326,embedding_pca
esmif_PC1125,-0.011181277311626707,0.011419224500778358,0.011181277311626707,embedding_pca
esmif_PC1126,-0.010093722540218243,0.009377052400958947,0.010093722540218243,embedding_pca
esmif_PC1127,0.00968391894918199,0.008002198803227601,0.00968391894918199,embedding_pca
esmif_PC1128,0.0017044196605452068,0.007942882707465244,0.0017044196605452068,embedding_pca
esmif_PC1129,0.011301285093328093,0.006576639119777071,0.011301285093328093,embedding_pca
esmif_PC1130,-0.005184242456387466,0.0073860974625292765,0.005184242456387466,embedding_pca
esmif_PC1131,0.007289410353308,0.010898519547928063,0.007289410353308,embedding_pca
esmif_PC1132,0.004068841518208526,0.008817631646019453,0.004068841518208526,embedding_pca
esmif_PC1133,-0.007097742459504489,0.012181935827752089,0.007097742459504489,embedding_pca
esmif_PC1134,-0.0020403487296983,0.01162076352633901,0.0020403487296983,embedding_pca
esmif_PC1135,0.0028271241970064327,0.012517152607593406,0.0028271241970064327,embedding_pca
esmif_PC1136,-0.005095009876200718,0.008161615471812987,0.005095009876200718,embedding_pca
esmif_PC1137,0.002236555789128503,0.009698381891594793,0.002236555789128503,embedding_pca
esmif_PC1138,0.0028461171795839445,0.011579954274761266,0.0028461171795839445,embedding_pca
esmif_PC1139,-0.004805790650949789,0.022960700556149696,0.004805790650949789,embedding_pca
esmif_PC1140,0.0044087866275995865,0.012513600799641858,0.0044087866275995865,embedding_pca
esmif_PC1141,0.004837893905233077,0.01001534365844662,0.004837893905233077,embedding_pca
esmif_PC1142,-0.0016670867392268112,0.009664816837181685,0.0016670867392268112,embedding_pca
esmif_PC1143,0.006473850399525548,0.009307449991704395,0.006473850399525548,embedding_pca
esmif_PC1144,0.0048200534253929435,0.01337708296907207,0.0048200534253929435,embedding_pca
esmif_PC1145,0.009231592307076316,0.013239573269100375,0.009231592307076316,embedding_pca
esmif_PC1146,0.007646357756072211,0.014766012192480254,0.007646357756072211,embedding_pca
esmif_PC1147,-0.0005412660664419909,0.008929986461099807,0.0005412660664419909,embedding_pca
esmif_PC1148,-8.07176387762891e-05,0.01807074568022388,8.07176387762891e-05,embedding_pca
esmif_PC1149,-0.0064779104093328505,0.008244521720935151,0.0064779104093328505,embedding_pca
esmif_PC1150,0.01020892218263603,0.012367320755547358,0.01020892218263603,embedding_pca
esmif_PC1151,0.0026157871746551303,0.009933328820728102,0.0026157871746551303,embedding_pca
esmif_PC1152,0.011844920155698406,0.014698000258931995,0.011844920155698406,embedding_pca
esmif_PC1153,0.00012544676137066848,0.01672394216797137,0.00012544676137066848,embedding_pca
esmif_PC1154,0.0012671285665565065,0.021127683400363584,0.0012671285665565065,embedding_pca
esmif_PC1155,-0.0049614649097899245,0.012173399523807393,0.0049614649097899245,embedding_pca
esmif_PC1156,0.014948464000023523,0.01149584205720894,0.014948464000023523,embedding_pca
esmif_PC1157,-0.007698813224638645,0.0208634790378349,0.007698813224638645,embedding_pca
esmif_PC1158,-0.005453052881897241,0.01771915285886949,0.005453052881897241,embedding_pca
esmif_PC1159,-0.002960987274135332,0.002930095193493953,0.002960987274135332,embedding_pca
esmif_PC1160,0.0012251308302409203,0.01098314172791117,0.0012251308302409203,embedding_pca
esmif_PC1161,-0.006377833289599252,0.008707179332986622,0.006377833289599252,embedding_pca
esmif_PC1162,-0.0006311433622873584,0.016575772771074207,0.0006311433622873584,embedding_pca
esmif_PC1163,-0.00023293123626639268,0.017551695579162984,0.00023293123626639268,embedding_pca
esmif_PC1164,-0.0033421124912585962,0.018621701066229894,0.0033421124912585962,embedding_pca
esmif_PC1165,0.0011176704702348353,0.01428378517614201,0.0011176704702348353,embedding_pca
esmif_PC1166,6.227581112557053e-05,0.010202796000656125,6.227581112557053e-05,embedding_pca
esmif_PC1167,0.008324580674145725,0.01499779948600886,0.008324580674145725,embedding_pca
esmif_PC1168,-0.010518390410735417,0.013559264181278327,0.010518390410735417,embedding_pca
esmif_PC1169,-0.0020950265302955152,0.007479533574259783,0.0020950265302955152,embedding_pca
esmif_PC1170,-0.011573611103148857,0.015580873235869257,0.011573611103148857,embedding_pca
esmif_PC1171,0.004544220377574799,0.014044995912349683,0.004544220377574799,embedding_pca
esmif_PC1172,0.0017905116302053138,0.007605756024007032,0.0017905116302053138,embedding_pca
esmif_PC1173,0.0069983429740543114,0.01728022871412882,0.0069983429740543114,embedding_pca
esmif_PC1174,-0.0030640661541456995,0.01133315895390923,0.0030640661541456995,embedding_pca
esmif_PC1175,0.005905324570499154,0.008580072100130641,0.005905324570499154,embedding_pca
esmif_PC1176,0.0069637694823687386,0.018284726006481993,0.0069637694823687386,embedding_pca
esmif_PC1177,-0.003371113651633742,0.005263399332075756,0.003371113651633742,embedding_pca
esmif_PC1178,0.0030365385693773375,0.01417116576714867,0.0030365385693773375,embedding_pca
esmif_PC1179,0.004399868936631969,0.007022897181624435,0.004399868936631969,embedding_pca
esmif_PC1180,0.001009690349513878,0.003784627362839252,0.001009690349513878,embedding_pca
esmif_PC1181,-0.0075050160911359935,0.018249402356476704,0.0075050160911359935,embedding_pca
esmif_PC1182,0.000751043784326334,0.014435713032280854,0.000751043784326334,embedding_pca
esmif_PC1183,0.0006237879785400549,0.010923178805044821,0.0006237879785400549,embedding_pca
esmif_PC1184,-0.0029179737888618737,0.019418869150360656,0.0029179737888618737,embedding_pca
esmif_PC1185,0.002669816138827742,0.012190003309147854,0.002669816138827742,embedding_pca
esmif_PC1186,0.002898768989926747,0.020981564104894136,0.002898768989926747,embedding_pca
esmif_PC1187,0.002024759430568086,0.00434878610925891,0.002024759430568086,embedding_pca
esmif_PC1188,-0.001235248203040517,0.012065948502589406,0.001235248203040517,embedding_pca
esmif_PC1189,0.0020661639593302005,0.010737878427665723,0.0020661639593302005,embedding_pca
esmif_PC1190,-0.004475783236235632,0.010900018942547666,0.004475783236235632,embedding_pca
esmif_PC1191,-0.005856259192177175,0.010170932771988089,0.005856259192177175,embedding_pca
esmif_PC1192,0.0017502584617262213,0.014064720078680402,0.0017502584617262213,embedding_pca
esmif_PC1193,-0.0011750810855798224,0.0062209951611717825,0.0011750810855798224,embedding_pca
esmif_PC1194,0.006128461919426226,0.012135307390805828,0.006128461919426226,embedding_pca
esmif_PC1195,0.00022704271663467334,0.018189278418686235,0.00022704271663467334,embedding_pca
esmif_PC1196,-0.002761569482548896,0.009749595987732744,0.002761569482548896,embedding_pca
esmif_PC1197,0.006325736865133702,0.007546610256990489,0.006325736865133702,embedding_pca
esmif_PC1198,0.016959486959308597,0.014157938007188599,0.016959486959308597,embedding_pca
esmif_PC1199,-0.002720828794483404,0.008776823007666081,0.002720828794483404,embedding_pca
esmif_PC1200,0.006674277365764957,0.017351969410283715,0.006674277365764957,embedding_pca
esmif_PC1201,0.013130518348444628,0.012607956803632412,0.013130518348444628,embedding_pca
esmif_PC1202,-0.00043011669672657593,0.01007695701838267,0.00043011669672657593,embedding_pca
esmif_PC1203,0.005601173461155776,0.013724195858812818,0.005601173461155776,embedding_pca
esmif_PC1204,0.0033824487386679087,0.005327010551055654,0.0033824487386679087,embedding_pca
esmif_PC1205,-0.0036535919857384252,0.008063774352227292,0.0036535919857384252,embedding_pca
esmif_PC1206,0.002904974520464482,0.009132293993269026,0.002904974520464482,embedding_pca
esmif_PC1207,-0.006724916730106794,0.008806368001884337,0.006724916730106794,embedding_pca
esmif_PC1208,-0.0031902399320878445,0.013569985237539332,0.0031902399320878445,embedding_pca
esmif_PC1209,-0.008360659621462648,0.005406279325546301,0.008360659621462648,embedding_pca
esmif_PC1210,-0.004630796536479698,0.012468837429502704,0.004630796536479698,embedding_pca
esmif_PC1211,-0.004070771082377975,0.007175063190131431,0.004070771082377975,embedding_pca
esmif_PC1212,0.0023415701659289397,0.015370062772012087,0.0023415701659289397,embedding_pca
esmif_PC1213,0.009520801226124333,0.009652235311693442,0.009520801226124333,embedding_pca
esmif_PC1214,-0.0035504305454964052,0.00729784471311455,0.0035504305454964052,embedding_pca
esmif_PC1215,0.0009656055103710204,0.015209151670536073,0.0009656055103710204,embedding_pca
esmif_PC1216,0.0033522422016020723,0.01363529655987274,0.0033522422016020723,embedding_pca
esmif_PC1217,0.00636946165485241,0.008195191648659492,0.00636946165485241,embedding_pca
esmif_PC1218,0.005594861440577731,0.011208108839594407,0.005594861440577731,embedding_pca
esmif_PC1219,0.0022234430226085256,0.01038340048545348,0.0022234430226085256,embedding_pca
esmif_PC1220,-0.010599417367171706,0.012148466289275144,0.010599417367171706,embedding_pca
esmif_PC1221,-0.002553225052852585,0.009261041411275267,0.002553225052852585,embedding_pca
esmif_PC1222,-0.005966315670770361,0.014028097334325482,0.005966315670770361,embedding_pca
esmif_PC1223,-0.0025972480961194903,0.011980644740304145,0.0025972480961194903,embedding_pca
esmif_PC1224,-0.008258184187985643,0.009333174038914972,0.008258184187985643,embedding_pca
esmif_PC1225,-0.0017606024736941384,0.008113039899217685,0.0017606024736941384,embedding_pca
esmif_PC1226,-0.002606317168906451,0.02042974469213227,0.002606317168906451,embedding_pca
esmif_PC1227,-0.01244804921957222,0.010179603574748763,0.01244804921957222,embedding_pca
esmif_PC1228,0.014402706313656501,0.022591991941406816,0.014402706313656501,embedding_pca
esmif_PC1229,-0.0008292808690118359,0.007606481685233355,0.0008292808690118359,embedding_pca
esmif_PC1230,0.002032726744309105,0.015006378780709591,0.002032726744309105,embedding_pca
esmif_PC1231,-0.008785198075873319,0.015500617551958673,0.008785198075873319,embedding_pca
esmif_PC1232,-0.006829601619730381,0.011026333811463139,0.006829601619730381,embedding_pca
esmif_PC1233,-0.009982341348578932,0.022211965415121642,0.009982341348578932,embedding_pca
esmif_PC1234,-0.002831266996567097,0.013757487847374026,0.002831266996567097,embedding_pca
esmif_PC1235,0.005404870520293993,0.012436365151571574,0.005404870520293993,embedding_pca
esmif_PC1236,0.007493091440948145,0.008467960466884193,0.007493091440948145,embedding_pca
esmif_PC1237,-0.009416599252629696,0.01038824932520232,0.009416599252629696,embedding_pca
esmif_PC1238,0.0007730722395995728,0.011332763695661557,0.0007730722395995728,embedding_pca
esmif_PC1239,-0.0034222927899653505,0.007479640080324378,0.0034222927899653505,embedding_pca
esmif_PC1240,-0.001361208686988407,0.015276448633040444,0.001361208686988407,embedding_pca
esmif_PC1241,0.006908688443231304,0.008555432816771513,0.006908688443231304,embedding_pca
esmif_PC1242,0.006248256006245602,0.0099597388538664,0.006248256006245602,embedding_pca
esmif_PC1243,0.004640785998399498,0.008400593706174193,0.004640785998399498,embedding_pca
esmif_PC1244,0.0016119578699937322,0.008321249812551385,0.0016119578699937322,embedding_pca
esmif_PC1245,-0.008232861087048213,0.003765808220263537,0.008232861087048213,embedding_pca
esmif_PC1246,-0.00205510377294539,0.01078678675931654,0.00205510377294539,embedding_pca
esmif_PC1247,0.00031021351770553517,0.012021847181217987,0.00031021351770553517,embedding_pca
esmif_PC1248,-0.006648817909057629,0.013474628735390693,0.006648817909057629,embedding_pca
esmif_PC1249,0.0012018226901933746,0.012248248640128702,0.0012018226901933746,embedding_pca
esmif_PC1250,-0.0033516520714798144,0.013909092800633484,0.0033516520714798144,embedding_pca
esmif_PC1251,0.00015445994841391738,0.012439442671610769,0.00015445994841391738,embedding_pca
esmif_PC1252,-0.009175766029139804,0.012490799480474482,0.009175766029139804,embedding_pca
esmif_PC1253,0.002644405995906015,0.014912801450797552,0.002644405995906015,embedding_pca
esmif_PC1254,-0.006991503317575924,0.009343248656955773,0.006991503317575924,embedding_pca
esmif_PC1255,0.0003108437506973309,0.012497985975618341,0.0003108437506973309,embedding_pca
esmif_PC1256,0.004654749860768854,0.011450025006049847,0.004654749860768854,embedding_pca
esmif_PC1257,-0.011059356266276875,0.010210428163064106,0.011059356266276875,embedding_pca
esmif_PC1258,0.0012622084705765165,0.00456915833198323,0.0012622084705765165,embedding_pca
esmif_PC1259,-0.006399786594576266,0.01587270397491331,0.006399786594576266,embedding_pca
esmif_PC1260,0.0030994497629830853,0.013305369300962646,0.0030994497629830853,embedding_pca
esmif_PC1261,-0.005479678847898335,0.014279188836415215,0.005479678847898335,embedding_pca
esmif_PC1262,0.0033482687729736865,0.004946753944014234,0.0033482687729736865,embedding_pca
esmif_PC1263,0.0008382420352277293,0.011174078747061176,0.0008382420352277293,embedding_pca
esmif_PC1264,-0.005985570024859412,0.015569332165021174,0.005985570024859412,embedding_pca
esmif_PC1265,-0.01955143121585757,0.009216390965173599,0.01955143121585757,embedding_pca
esmif_PC1266,-0.009152703415436086,0.009257297555613173,0.009152703415436086,embedding_pca
esmif_PC1267,-0.003760202244263964,0.008475198077569945,0.003760202244263964,embedding_pca
esmif_PC1268,-0.001110400436121643,0.004730490656190807,0.001110400436121643,embedding_pca
esmif_PC1269,0.0033876886751038867,0.016091612183570265,0.0033876886751038867,embedding_pca
esmif_PC1270,0.006218325434933615,0.013662270110676824,0.006218325434933615,embedding_pca
esmif_PC1271,0.003126411026190544,0.01178765254637869,0.003126411026190544,embedding_pca
esmif_PC1272,-0.003997920541694788,0.010853664054433538,0.003997920541694788,embedding_pca
esmif_PC1273,0.00016795715178066287,0.013388548724785553,0.00016795715178066287,embedding_pca
esmif_PC1274,0.0038087909371463296,0.012762642607912253,0.0038087909371463296,embedding_pca
esmif_PC1275,0.0019711240974843833,0.010818173763463812,0.0019711240974843833,embedding_pca
esmif_PC1276,-0.004012708421842748,0.014287995650003422,0.004012708421842748,embedding_pca
esmif_PC1277,-0.0027702438618340897,0.01206971229144294,0.0027702438618340897,embedding_pca
esmif_PC1278,-0.008647830459474478,0.010830468690778016,0.008647830459474478,embedding_pca
esmif_PC1279,-0.010804860734056957,0.0204940528513705,0.010804860734056957,embedding_pca
esmif_PC1280,-0.0014586952271327617,0.012146171308651017,0.0014586952271327617,embedding_pca
esmif_PC1281,-0.008448181394373257,0.015349328752418628,0.008448181394373257,embedding_pca
esmif_PC1282,-0.011516231722299796,0.0055645745638288144,0.011516231722299796,embedding_pca
esmif_PC1283,-0.0064127653080288715,0.0072123828690912875,0.0064127653080288715,embedding_pca
esmif_PC1284,0.008187707346604723,0.012083427579062217,0.008187707346604723,embedding_pca
esmif_PC1285,-0.012037644553170631,0.007193034885168097,0.012037644553170631,embedding_pca
esmif_PC1286,0.009571105075219442,0.017299976969186344,0.009571105075219442,embedding_pca
esmif_PC1287,0.001913790255080404,0.009094383098522472,0.001913790255080404,embedding_pca
esmif_PC1288,0.016703824738532456,0.010698724883262694,0.016703824738532456,embedding_pca
esmif_PC1289,-6.333596046206904e-05,0.01293958369340747,6.333596046206904e-05,embedding_pca
esmif_PC1290,-0.004421370499432949,0.010898425662547933,0.004421370499432949,embedding_pca
esmif_PC1291,-0.0023266369766024374,0.006995619087792279,0.0023266369766024374,embedding_pca
esmif_PC1292,0.012974732756247742,0.016886612067732606,0.012974732756247742,embedding_pca
esmif_PC1293,-0.0007764397131579087,0.01198903028941979,0.0007764397131579087,embedding_pca
esmif_PC1294,0.001655759259993689,0.01669197908964045,0.001655759259993689,embedding_pca
esmif_PC1295,-0.0033794001162766817,0.007520806064158484,0.0033794001162766817,embedding_pca
esmif_PC1296,-0.00046994251025015836,0.01423704826329543,0.00046994251025015836,embedding_pca
esmif_PC1297,0.000627992163312757,0.00989974140017837,0.000627992163312757,embedding_pca
esmif_PC1298,0.01023169886963079,0.012830779473087162,0.01023169886963079,embedding_pca
esmif_PC1299,-0.0026538990334876063,0.016297344027314812,0.0026538990334876063,embedding_pca
esmif_PC1300,0.002591461010245865,0.005983568330358172,0.002591461010245865,embedding_pca
esmif_PC1301,0.0005907265987166045,0.016121269775802763,0.0005907265987166045,embedding_pca
esmif_PC1302,0.0029326192138191846,0.013598783328819168,0.0029326192138191846,embedding_pca
esmif_PC1303,0.008457455111307789,0.00803648508472652,0.008457455111307789,embedding_pca
esmif_PC1304,0.013196106595580553,0.006291226812381726,0.013196106595580553,embedding_pca
esmif_PC1305,-0.0009271529253539086,0.011838808628576992,0.0009271529253539086,embedding_pca
esmif_PC1306,-0.007031256237543505,0.010627071707527025,0.007031256237543505,embedding_pca
esmif_PC1307,0.009753621415797203,0.011813748101427523,0.009753621415797203,embedding_pca
esmif_PC1308,-0.0020127733507661312,0.009127941218922436,0.0020127733507661312,embedding_pca
esmif_PC1309,0.004513455825489812,0.018527322749197526,0.004513455825489812,embedding_pca
esmif_PC1310,-0.0032719995879399687,0.013530492553393428,0.0032719995879399687,embedding_pca
esmif_PC1311,-0.005579355769135559,0.014274103114360774,0.005579355769135559,embedding_pca
esmif_PC1312,-0.006277958064399247,0.017464444040220996,0.006277958064399247,embedding_pca
esmif_PC1313,0.006192588984116003,0.009797424571012705,0.006192588984116003,embedding_pca
esmif_PC1314,-0.00471419107405184,0.006175887985057587,0.00471419107405184,embedding_pca
esmif_PC1315,0.005389197481438672,0.0131690670423735,0.005389197481438672,embedding_pca
esmif_PC1316,-0.0006364570406660516,0.0062390984305803615,0.0006364570406660516,embedding_pca
esmif_PC1317,0.001617782814237509,0.014176637846436446,0.001617782814237509,embedding_pca
esmif_PC1318,-0.004393827195426181,0.010165253567572367,0.004393827195426181,embedding_pca
esmif_PC1319,0.0017255119232857503,0.01313171542753809,0.0017255119232857503,embedding_pca
esmif_PC1320,0.004146103029029786,0.013507934323462131,0.004146103029029786,embedding_pca
esmif_PC1321,0.00759174682487955,0.014079154489876494,0.00759174682487955,embedding_pca
esmif_PC1322,-0.0020595609707342658,0.0061150638255618025,0.0020595609707342658,embedding_pca
esmif_PC1323,-0.005450234659585875,0.006162682416602938,0.005450234659585875,embedding_pca
esmif_PC1324,0.00651598992563379,0.00923295288775759,0.00651598992563379,embedding_pca
esmif_PC1325,-0.010259574649082556,0.008551421560444005,0.010259574649082556,embedding_pca
esmif_PC1326,-0.001302187818511543,0.014505974691365131,0.001302187818511543,embedding_pca
esmif_PC1327,-0.012119522751447412,0.012477444474962367,0.012119522751447412,embedding_pca
esmif_PC1328,0.0029663094227167256,0.00944492053734355,0.0029663094227167256,embedding_pca
esmif_PC1329,0.008506457109313895,0.005404659670198887,0.008506457109313895,embedding_pca
esmif_PC1330,0.011670066273580585,0.0034722668682001033,0.011670066273580585,embedding_pca
esmif_PC1331,0.0021009286576894855,0.010245693282836126,0.0021009286576894855,embedding_pca
esmif_PC1332,0.00736612297982375,0.015756169299095995,0.00736612297982375,embedding_pca
esmif_PC1333,-0.0012325385818157668,0.007193884807968963,0.0012325385818157668,embedding_pca
esmif_PC1334,-0.004739066790969895,0.007979714398996094,0.004739066790969895,embedding_pca
esmif_PC1335,0.0012902097359150406,0.011953104736402613,0.0012902097359150406,embedding_pca
esmif_PC1336,-0.00361139094896734,0.0147688345006197,0.00361139094896734,embedding_pca
esmif_PC1337,0.0014627706707704229,0.008837515030157726,0.0014627706707704229,embedding_pca
esmif_PC1338,-0.009658275524319148,0.006683214426087342,0.009658275524319148,embedding_pca
esmif_PC1339,0.009558328550190617,0.004827061534207835,0.009558328550190617,embedding_pca
esmif_PC1340,-0.0007158954631742902,0.005832569696630356,0.0007158954631742902,embedding_pca
esmif_PC1341,0.004951884154641367,0.02019269655881652,0.004951884154641367,embedding_pca
esmif_PC1342,0.010269528914590657,0.011785012079033513,0.010269528914590657,embedding_pca
esmif_PC1343,-0.004918492566942141,0.008868183964460524,0.004918492566942141,embedding_pca
esmif_PC1344,-0.001537616120725789,0.004454715004412986,0.001537616120725789,embedding_pca
esmif_PC1345,-0.00953761713562367,0.0115125063155494,0.00953761713562367,embedding_pca
esmif_PC1346,0.0037999917440151285,0.005033573081492216,0.0037999917440151285,embedding_pca
esmif_PC1347,-0.00819965769004723,0.0037388652927449633,0.00819965769004723,embedding_pca
esmif_PC1348,0.01563147813072413,0.007062449396375185,0.01563147813072413,embedding_pca
esmif_PC1349,-0.005255849411556488,0.0072428154564220595,0.005255849411556488,embedding_pca
esmif_PC1350,-0.0027898197724937164,0.016343406800072027,0.0027898197724937164,embedding_pca
esmif_PC1351,-0.0034764825864967283,0.0026283203543238307,0.0034764825864967283,embedding_pca
esmif_PC1352,0.0014124389573225114,0.01568589688499645,0.0014124389573225114,embedding_pca
esmif_PC1353,0.001769796951081815,0.0063964084010653234,0.001769796951081815,embedding_pca
esmif_PC1354,0.0033611111231066707,0.01173315588868621,0.0033611111231066707,embedding_pca
esmif_PC1355,-0.0008398854633926575,0.0182444288314965,0.0008398854633926575,embedding_pca
esmif_PC1356,0.009550740778278166,0.012360784548457814,0.009550740778278166,embedding_pca
esmif_PC1357,0.011100629159212273,0.013425968211867808,0.011100629159212273,embedding_pca
esmif_PC1358,-0.016190873057829975,0.017832400931153763,0.016190873057829975,embedding_pca
esmif_PC1359,0.0016026213788492751,0.011470742176003742,0.0016026213788492751,embedding_pca
esmif_PC1360,-0.0020722664622594006,0.020152135174249613,0.0020722664622594006,embedding_pca
esmif_PC1361,0.003121212427209361,0.0062657967648150955,0.003121212427209361,embedding_pca
esmif_PC1362,-0.004841230413111782,0.01248580348415323,0.004841230413111782,embedding_pca
esmif_PC1363,3.099128437312921e-05,0.009168934846479501,3.099128437312921e-05,embedding_pca
esmif_PC1364,0.0016015879806907094,0.01980490803140438,0.0016015879806907094,embedding_pca
esmif_PC1365,-0.0007940258024691012,0.01674141295551763,0.0007940258024691012,embedding_pca
esmif_PC1366,0.003493625501021923,0.005384843264407913,0.003493625501021923,embedding_pca
esmif_PC1367,0.011109758744730103,0.010184800209929934,0.011109758744730103,embedding_pca
esmif_PC1368,-1.0334827855588285e-05,0.011053763039286423,1.0334827855588285e-05,embedding_pca
esmif_PC1369,-0.0027799631974179907,0.016490264014198758,0.0027799631974179907,embedding_pca
esmif_PC1370,0.010122080226570674,0.015638240693158254,0.010122080226570674,embedding_pca
esmif_PC1371,-0.0005832058991422978,0.010579727836523832,0.0005832058991422978,embedding_pca
esmif_PC1372,-0.01752771637081168,0.012316014092603819,0.01752771637081168,embedding_pca
esmif_PC1373,-0.0015483944235359982,0.005617657329648652,0.0015483944235359982,embedding_pca
esmif_PC1374,0.01165215279819323,0.007948505856198428,0.01165215279819323,embedding_pca
esmif_PC1375,0.006552952179215607,0.016695734344012458,0.006552952179215607,embedding_pca
esmif_PC1376,-0.006721180858844228,0.024555936728526365,0.006721180858844228,embedding_pca
esmif_PC1377,-0.0038499205272463726,0.006563667508910177,0.0038499205272463726,embedding_pca
esmif_PC1378,-0.0016729583807177655,0.013097483488481406,0.0016729583807177655,embedding_pca
esmif_PC1379,-0.011832358972983112,0.011670095702921154,0.011832358972983112,embedding_pca
esmif_PC1380,-0.010907291005465641,0.01511577301155401,0.010907291005465641,embedding_pca
esmif_PC1381,0.0014267915663298113,0.014351568326250801,0.0014267915663298113,embedding_pca
esmif_PC1382,-0.000556931681502128,0.010069992620852605,0.000556931681502128,embedding_pca
esmif_PC1383,0.004448258026346819,0.008310369744392695,0.004448258026346819,embedding_pca
esmif_PC1384,0.004258439330489928,0.01143113558905432,0.004258439330489928,embedding_pca
esmif_PC1385,0.0012115843818299222,0.0066911903118672825,0.0012115843818299222,embedding_pca
esmif_PC1386,0.00521274161242497,0.014273389663436817,0.00521274161242497,embedding_pca
esmif_PC1387,-0.00015600848909613896,0.005126997849302721,0.00015600848909613896,embedding_pca
esmif_PC1388,0.013138201602875566,0.00592736424925165,0.013138201602875566,embedding_pca
esmif_PC1389,-0.014597682695644165,0.00810610736466079,0.014597682695644165,embedding_pca
esmif_PC1390,0.0030959899652693175,0.0037532165171894885,0.0030959899652693175,embedding_pca
esmif_PC1391,0.0040218532972681135,0.009701856184797386,0.0040218532972681135,embedding_pca
esmif_PC1392,0.002587472227600078,0.017029257009199505,0.002587472227600078,embedding_pca
esmif_PC1393,-0.00810978720168657,0.008867898439330484,0.00810978720168657,embedding_pca
esmif_PC1394,0.009841412079634175,0.013489246752443153,0.009841412079634175,embedding_pca
esmif_PC1395,-0.006938921428926934,0.010203619464622747,0.006938921428926934,embedding_pca
esmif_PC1396,-0.00048180108410049265,0.016193132742987778,0.00048180108410049265,embedding_pca
esmif_PC1397,-0.007764695550063723,0.008808145617434052,0.007764695550063723,embedding_pca
esmif_PC1398,-0.0029415264476675713,0.010148601123875644,0.0029415264476675713,embedding_pca
esmif_PC1399,-0.012130986662452967,0.005633855902876764,0.012130986662452967,embedding_pca
esmif_PC1400,0.0052948045289980625,0.019158925866359686,0.0052948045289980625,embedding_pca
esmif_PC1401,-0.0006141995348914367,0.012287383929044963,0.0006141995348914367,embedding_pca
esmif_PC1402,-0.0029527163119167687,0.00899209612757706,0.0029527163119167687,embedding_pca
esmif_PC1403,0.0014738255461982167,0.011672164246032282,0.0014738255461982167,embedding_pca
esmif_PC1404,0.0023365601974554696,0.014125082758304467,0.0023365601974554696,embedding_pca
esmif_PC1405,0.0030765748948783636,0.010920223324218653,0.0030765748948783636,embedding_pca
esmif_PC1406,0.0023779077663777996,0.007709424906140435,0.0023779077663777996,embedding_pca
esmif_PC1407,0.007414777814611651,0.008172764876420806,0.007414777814611651,embedding_pca
esmif_PC1408,-0.009032604742693384,0.007340230301032702,0.009032604742693384,embedding_pca
esmif_PC1409,-0.000587633613522497,0.013561901127233733,0.000587633613522497,embedding_pca
esmif_PC1410,0.0010458987471203016,0.00795578915134151,0.0010458987471203016,embedding_pca
esmif_PC1411,0.0010229431151600084,0.019175929991885693,0.0010229431151600084,embedding_pca
esmif_PC1412,0.001226213005759398,0.019977847367240432,0.001226213005759398,embedding_pca
esmif_PC1413,0.0022455869766165246,0.016134543381775612,0.0022455869766165246,embedding_pca
esmif_PC1414,-0.00193880851108365,0.014694264688183366,0.00193880851108365,embedding_pca
esmif_PC1415,0.008897766341538509,0.017453138353119672,0.008897766341538509,embedding_pca
esmif_PC1416,0.0010322079820170309,0.01748601280828395,0.0010322079820170309,embedding_pca
esmif_PC1417,0.0057013781513291385,0.021965690587167047,0.0057013781513291385,embedding_pca
esmif_PC1418,-0.008047790651701348,0.023082988820207963,0.008047790651701348,embedding_pca
esmif_PC1419,-0.001437247348269074,0.014516532844078334,0.001437247348269074,embedding_pca
esmif_PC1420,0.0038637108371356527,0.016615897924113245,0.0038637108371356527,embedding_pca
esmif_PC1421,0.009707165689974703,0.015224835876071098,0.009707165689974703,embedding_pca
esmif_PC1422,-0.00980149785546776,0.0070905171069447345,0.00980149785546776,embedding_pca
esmif_PC1423,0.005392791635766091,0.008686824512499,0.005392791635766091,embedding_pca
esmif_PC1424,0.014191858105298305,0.011045449648611233,0.014191858105298305,embedding_pca
esmif_PC1425,-0.021029881419818847,0.01179192031750957,0.021029881419818847,embedding_pca
esmif_PC1426,-0.0009062777119996527,0.01266143603981978,0.0009062777119996527,embedding_pca
esmif_PC1427,0.0105644386535119,0.008652225286875127,0.0105644386535119,embedding_pca
esmif_PC1428,0.008213264596816308,0.007439472419257606,0.008213264596816308,embedding_pca
esmif_PC1429,-0.001158030324450571,0.014231962229824658,0.001158030324450571,embedding_pca
esmif_PC1430,-0.0004194084344919323,0.017498425719442625,0.0004194084344919323,embedding_pca
esmif_PC1431,0.004613580905214099,0.007128159424324323,0.004613580905214099,embedding_pca
esmif_PC1432,-0.003996979110486848,0.01097998069063988,0.003996979110486848,embedding_pca
esmif_PC1433,0.0023099280909582394,0.00916813636386938,0.0023099280909582394,embedding_pca
esmif_PC1434,-0.001867380878095668,0.012013585417105111,0.001867380878095668,embedding_pca
esmif_PC1435,0.004890409473513111,0.012971699524186628,0.004890409473513111,embedding_pca
esmif_PC1436,-0.008407609248228623,0.013421142244617332,0.008407609248228623,embedding_pca
esmif_PC1437,-0.006122782715198838,0.015761123900423824,0.006122782715198838,embedding_pca
esmif_PC1438,0.0067775487772771936,0.012496437453099493,0.0067775487772771936,embedding_pca
esmif_PC1439,0.003973580060628271,0.009495451121779191,0.003973580060628271,embedding_pca
esmif_PC1440,-0.00582677764815485,0.013502474626235085,0.00582677764815485,embedding_pca
esmif_PC1441,0.009811266628543392,0.011749743526225997,0.009811266628543392,embedding_pca
esmif_PC1442,0.007586978558011484,0.016907642814531464,0.007586978558011484,embedding_pca
esmif_PC1443,0.00747423492628112,0.011912076351712162,0.00747423492628112,embedding_pca
esmif_PC1444,-0.006864820511725246,0.02461324312593575,0.006864820511725246,embedding_pca
esmif_PC1445,-0.0056716462240421085,0.020321025570052154,0.0056716462240421085,embedding_pca
esmif_PC1446,0.00045221947727430744,0.015957274323474383,0.00045221947727430744,embedding_pca
esmif_PC1447,0.003919679107126641,0.012886384102203132,0.003919679107126641,embedding_pca
esmif_PC1448,-0.0020096600978851014,0.016309284344872537,0.0020096600978851014,embedding_pca
esmif_PC1449,0.004992543075708264,0.023472830412263054,0.004992543075708264,embedding_pca
esmif_PC1450,-0.009076030472233744,0.01198469067021292,0.009076030472233744,embedding_pca
esmif_PC1451,-0.01394704576589705,0.008819273453153741,0.01394704576589705,embedding_pca
esmif_PC1452,0.002385652250332792,0.00722769819013378,0.002385652250332792,embedding_pca
esmif_PC1453,-0.003673997237963861,0.007694092441677381,0.003673997237963861,embedding_pca
esmif_PC1454,0.00952496615964977,0.015584737717916885,0.00952496615964977,embedding_pca
esmif_PC1455,-0.0006811856660998176,0.00585378561434999,0.0006811856660998176,embedding_pca
esmif_PC1456,-0.0018359553246809057,0.0141884592971307,0.0018359553246809057,embedding_pca
esmif_PC1457,-0.00590112264145783,0.010269993287632357,0.00590112264145783,embedding_pca
esmif_PC1458,-0.0031357266125294422,0.00848883878215986,0.0031357266125294422,embedding_pca
esmif_PC1459,-0.001885790443672073,0.010194603174561633,0.001885790443672073,embedding_pca
esmif_PC1460,3.749508034032456e-05,0.015652869006599058,3.749508034032456e-05,embedding_pca
esmif_PC1461,-0.008790238663053843,0.01625554550327753,0.008790238663053843,embedding_pca
esmif_PC1462,0.003512502632836266,0.009209133070183206,0.003512502632836266,embedding_pca
esmif_PC1463,0.010686499506907044,0.015356598108047485,0.010686499506907044,embedding_pca
esmif_PC1464,-0.005087804346046108,0.014651664272786889,0.005087804346046108,embedding_pca
esmif_PC1465,-0.00977404592348087,0.013971166713359823,0.00977404592348087,embedding_pca
esmif_PC1466,0.0016040282331120533,0.018153040729482813,0.0016040282331120533,embedding_pca
esmif_PC1467,-0.006843152734134647,0.006853909973717341,0.006843152734134647,embedding_pca
esmif_PC1468,-0.01398774370084834,0.01505766803312007,0.01398774370084834,embedding_pca
esmif_PC1469,0.002573921439919108,0.008608884676318705,0.002573921439919108,embedding_pca
esmif_PC1470,0.0007796354610424852,0.009776816792704226,0.0007796354610424852,embedding_pca
esmif_PC1471,-0.013494058062906438,0.011841534021286414,0.013494058062906438,embedding_pca
esmif_PC1472,-0.00022879977418936592,0.01231991857711649,0.00022879977418936592,embedding_pca
esmif_PC1473,-0.003008902413349694,0.010659238196351672,0.003008902413349694,embedding_pca
esmif_PC1474,0.0033821321333823246,0.007037957262140324,0.0033821321333823246,embedding_pca
esmif_PC1475,-0.002644877467761331,0.006269431149406893,0.002644877467761331,embedding_pca
esmif_PC1476,0.0032294410955337077,0.010781679177753368,0.0032294410955337077,embedding_pca
esmif_PC1477,-0.0004164273447557796,0.010374761007711212,0.0004164273447557796,embedding_pca
esmif_PC1478,-0.0061661706491920095,0.002951303543099621,0.0061661706491920095,embedding_pca
esmif_PC1479,-0.0017493017022763278,0.005974967156575333,0.0017493017022763278,embedding_pca
esmif_PC1480,-0.007428170076504728,0.008869188973300943,0.007428170076504728,embedding_pca
esmif_PC1481,0.0023331635344579476,0.009803932723702896,0.0023331635344579476,embedding_pca
esmif_PC1482,-0.0073876124146613886,0.005938441117527736,0.0073876124146613886,embedding_pca
esmif_PC1483,-0.008014159298700321,0.012109172369386014,0.008014159298700321,embedding_pca
esmif_PC1484,0.005144598616417829,0.010290334342773825,0.005144598616417829,embedding_pca
esmif_PC1485,-0.002047102604910432,0.012711682390661658,0.002047102604910432,embedding_pca
esmif_PC1486,0.0066827195215739335,0.007734612224292963,0.0066827195215739335,embedding_pca
esmif_PC1487,0.0025132564540313583,0.007703956263566523,0.0025132564540313583,embedding_pca
esmif_PC1488,-0.0012962660703056436,0.006853457066551122,0.0012962660703056436,embedding_pca
esmif_PC1489,-0.002132948372894193,0.004814097249219385,0.002132948372894193,embedding_pca
esmif_PC1490,-0.0005915841052081549,0.01402398000173788,0.0005915841052081549,embedding_pca
esmif_PC1491,-0.007161117721223418,0.0162194042506854,0.007161117721223418,embedding_pca
esmif_PC1492,-0.011654499511856797,0.012010682307036166,0.011654499511856797,embedding_pca
esmif_PC1493,2.6966205738201834e-05,0.003418098916506669,2.6966205738201834e-05,embedding_pca
esmif_PC1494,-0.0036504793971882444,0.006887008725632535,0.0036504793971882444,embedding_pca
esmif_PC1495,-0.002489017713638768,0.013249950060069682,0.002489017713638768,embedding_pca
esmif_PC1496,-0.008229438675683685,0.008705982426636285,0.008229438675683685,embedding_pca
esmif_PC1497,-0.003918881785081062,0.011856822422018562,0.003918881785081062,embedding_pca
esmif_PC1498,0.005281142494431025,0.014624814209035674,0.005281142494431025,embedding_pca
esmif_PC1499,-0.002635035039859194,0.0119998080054978,0.002635035039859194,embedding_pca
esmif_PC1500,0.012624965674770413,0.006205614578348054,0.012624965674770413,embedding_pca
esmif_PC1501,0.015361321506213794,0.011351886158196442,0.015361321506213794,embedding_pca
esmif_PC1502,0.009852855604649182,0.009793567465994779,0.009852855604649182,embedding_pca
esmif_PC1503,0.01399468133497617,0.009326710685720534,0.01399468133497617,embedding_pca
esmif_PC1504,0.020132472569770576,0.007780155661760408,0.020132472569770576,embedding_pca
esmif_PC1505,0.011897427913509537,0.006952817366001289,0.011897427913509537,embedding_pca
esmif_PC1506,-0.005169787548813047,0.012422366510001758,0.005169787548813047,embedding_pca
esmif_PC1507,0.020701510063077844,0.005585687448001073,0.020701510063077844,embedding_pca
esmif_PC1508,0.011086006201065141,0.011796966388938795,0.011086006201065141,embedding_pca
esmif_PC1509,-0.001955842118283182,0.008028203731058782,0.001955842118283182,embedding_pca
esmif_PC1510,-0.002099775690656491,0.003998580515826238,0.002099775690656491,embedding_pca
esmif_PC1511,-0.008342426831432461,0.017995581510461878,0.008342426831432461,embedding_pca
esmif_PC1512,0.011584746772547536,0.005633928773809785,0.011584746772547536,embedding_pca
esmif_PC1513,0.0015689964124800844,0.0050583689394954785,0.0015689964124800844,embedding_pca
esmif_PC1514,-0.0017660222787913246,0.011774788519491364,0.0017660222787913246,embedding_pca
esmif_PC1515,-0.00872559920582364,0.006921005645550411,0.00872559920582364,embedding_pca
esmif_PC1516,0.0014379379862714827,0.009170223626591473,0.0014379379862714827,embedding_pca
esmif_PC1517,-0.008195498003534238,0.0040534468667422115,0.008195498003534238,embedding_pca
esmif_PC1518,-0.0025517466924121907,0.010409152125897075,0.0025517466924121907,embedding_pca
esmif_PC1519,0.013640942908942615,0.007284564001394796,0.013640942908942615,embedding_pca
esmif_PC1520,-0.018194911466393203,0.00608011910428279,0.018194911466393203,embedding_pca
esmif_PC1521,0.012800476041932848,0.005669848699202495,0.012800476041932848,embedding_pca
esmif_PC1522,0.00807777682632345,0.012900239002010575,0.00807777682632345,embedding_pca
esmif_PC1523,-0.058922215097327466,0.04893236834018173,0.058922215097327466,embedding_pca
esmif_PC1524,-0.010714184607197023,0.006676066266726958,0.010714184607197023,embedding_pca
esmif_PC1525,-0.02841957239580346,0.006936290154270221,0.02841957239580346,embedding_pca
esmif_PC1526,0.11191673189773785,0.027877233609318135,0.11191673189773785,embedding_pca
esmif_PC1527,-0.03061712606883662,0.0293535028781003,0.03061712606883662,embedding_pca
esmif_PC1528,-0.004819904427674723,0.011499307240882196,0.004819904427674723,embedding_pca
esmif_PC1529,-0.012370692744687556,0.006569670492768844,0.012370692744687556,embedding_pca
esmif_PC1530,-0.022561993674820906,0.02952474631703234,0.022561993674820906,embedding_pca
esmif_PC1531,0.00299816223532023,0.023067856993331682,0.00299816223532023,embedding_pca
esmif_PC1532,0.025745256559303098,0.006282742208271195,0.025745256559303098,embedding_pca
esmif_PC1533,-0.022847914740853063,0.022216840760653007,0.022847914740853063,embedding_pca
esmif_PC1534,0.33944759894183746,0.08781737689599353,0.33944759894183746,embedding_pca
esmif_PC1535,-0.11156399770829006,0.11206098987299637,0.11156399770829006,embedding_pca
esmif_PC1536,-0.3215001763273193,0.17302372421498222,0.3215001763273193,embedding_pca
