component_idx,explained_variance_ratio,cumulative_variance
1,0.03701235,0.03701235
2,0.01768584,0.05469819
3,0.01433622,0.06903442
4,0.01249060,0.08152502
5,0.01059007,0.09211509
6,0.00831588,0.10043097
7,0.00825531,0.10868628
8,0.00750714,0.11619342
9,0.00686494,0.12305836
10,0.00623792,0.12929629
11,0.00541015,0.13470643
12,0.00533284,0.14003928
13,0.00527567,0.14531494
14,0.00494367,0.15025861
15,0.00482644,0.15508505
16,0.00461325,0.15969830
17,0.00442990,0.16412820
18,0.00435496,0.16848316
19,0.00429415,0.17277731
20,0.00412561,0.17690292
21,0.00370634,0.18060926
22,0.00361419,0.18422345
23,0.00347279,0.18769623
24,0.00343742,0.19113366
25,0.00333191,0.19446557
26,0.00323193,0.19769750
27,0.00316811,0.20086561
28,0.00301944,0.20388504
29,0.00297272,0.20685777
30,0.00291740,0.20977517
31,0.00288323,0.21265840
32,0.00286514,0.21552354
33,0.00278495,0.21830849
34,0.00275545,0.22106394
35,0.00269106,0.22375500
36,0.00260819,0.22636319
37,0.00253278,0.22889597
38,0.00246911,0.23136508
39,0.00241730,0.23378238
40,0.00240750,0.23618988
41,0.00238697,0.23857685
42,0.00233624,0.24091309
43,0.00230624,0.24321932
44,0.00229716,0.24551649
45,0.00225349,0.24776998
46,0.00215990,0.24992988
47,0.00213712,0.25206700
48,0.00209419,0.25416120
49,0.00207344,0.25623464
50,0.00204157,0.25827621
51,0.00198926,0.26026547
52,0.00195896,0.26222443
53,0.00193737,0.26416180
54,0.00190671,0.26606851
55,0.00187983,0.26794834
56,0.00186291,0.26981126
57,0.00178758,0.27159884
58,0.00175166,0.27335050
59,0.00171452,0.27506502
60,0.00169406,0.27675907
61,0.00167794,0.27843702
62,0.00165342,0.28009044
63,0.00164567,0.28173611
64,0.00163328,0.28336939
65,0.00157700,0.28494639
66,0.00155748,0.28650386
67,0.00152205,0.28802591
68,0.00147318,0.28949909
69,0.00146000,0.29095909
70,0.00144784,0.29240694
71,0.00143024,0.29383717
72,0.00141503,0.29525220
73,0.00139953,0.29665173
74,0.00138513,0.29803685
75,0.00137992,0.29941677
76,0.00136277,0.30077955
77,0.00135772,0.30213726
78,0.00134509,0.30348235
79,0.00132342,0.30480577
80,0.00131436,0.30612013
81,0.00130360,0.30742373
82,0.00129902,0.30872274
83,0.00128295,0.31000570
84,0.00127314,0.31127884
85,0.00125924,0.31253808
86,0.00124242,0.31378050
87,0.00123154,0.31501204
88,0.00122747,0.31623950
89,0.00122257,0.31746207
90,0.00121124,0.31867331
91,0.00120430,0.31987761
92,0.00118982,0.32106743
93,0.00118395,0.32225137
94,0.00118039,0.32343176
95,0.00116837,0.32460013
96,0.00116566,0.32576579
97,0.00115923,0.32692503
98,0.00114827,0.32807330
99,0.00114757,0.32922087
100,0.00113970,0.33036057
101,0.00113381,0.33149438
102,0.00111916,0.33261354
103,0.00111653,0.33373007
104,0.00111252,0.33484259
105,0.00109718,0.33593977
106,0.00108839,0.33702816
107,0.00108649,0.33811465
108,0.00108288,0.33919753
109,0.00108025,0.34027777
110,0.00107685,0.34135463
111,0.00106490,0.34241953
112,0.00106040,0.34347993
113,0.00105638,0.34453631
114,0.00104232,0.34557863
115,0.00103325,0.34661188
116,0.00103068,0.34764256
117,0.00102932,0.34867188
118,0.00102322,0.34969510
119,0.00101797,0.35071307
120,0.00101026,0.35172333
121,0.00100764,0.35273097
122,0.00100619,0.35373716
123,0.00099500,0.35473216
124,0.00099204,0.35572420
125,0.00098115,0.35670535
126,0.00097667,0.35768203
127,0.00096954,0.35865157
128,0.00096687,0.35961844
129,0.00096154,0.36057998
130,0.00095493,0.36153491
131,0.00095015,0.36248506
132,0.00094454,0.36342960
133,0.00093590,0.36436550
134,0.00093221,0.36529770
135,0.00092435,0.36622206
136,0.00092123,0.36714329
137,0.00091812,0.36806142
138,0.00091603,0.36897745
139,0.00090862,0.36988607
140,0.00090107,0.37078713
141,0.00089400,0.37168114
142,0.00089034,0.37257147
143,0.00088389,0.37345536
144,0.00088202,0.37433738
145,0.00087929,0.37521668
146,0.00087364,0.37609032
147,0.00086665,0.37695697
148,0.00086517,0.37782213
149,0.00086014,0.37868227
150,0.00085828,0.37954055
151,0.00085411,0.38039466
152,0.00085079,0.38124544
153,0.00084566,0.38209110
154,0.00084332,0.38293442
155,0.00084053,0.38377495
156,0.00083679,0.38461174
157,0.00083545,0.38544719
158,0.00082686,0.38627404
159,0.00082524,0.38709928
160,0.00082365,0.38792293
161,0.00081680,0.38873973
162,0.00081263,0.38955236
163,0.00080935,0.39036171
164,0.00080889,0.39117060
165,0.00080132,0.39197192
166,0.00079968,0.39277161
167,0.00079718,0.39356879
168,0.00079263,0.39436142
169,0.00079136,0.39515277
170,0.00078508,0.39593785
171,0.00078399,0.39672184
172,0.00078327,0.39750511
173,0.00077527,0.39828038
174,0.00077061,0.39905099
175,0.00076772,0.39981871
176,0.00076404,0.40058275
177,0.00076070,0.40134344
178,0.00075922,0.40210267
179,0.00075736,0.40286003
180,0.00075099,0.40361102
181,0.00075083,0.40436185
182,0.00074858,0.40511043
183,0.00074722,0.40585765
184,0.00074246,0.40660010
185,0.00074099,0.40734109
186,0.00073526,0.40807635
187,0.00073301,0.40880936
188,0.00072911,0.40953847
189,0.00072811,0.41026659
190,0.00072664,0.41099323
191,0.00072224,0.41171547
192,0.00072004,0.41243551
193,0.00071795,0.41315347
194,0.00071516,0.41386863
195,0.00071257,0.41458120
196,0.00070934,0.41529054
197,0.00070639,0.41599693
198,0.00070446,0.41670139
199,0.00070218,0.41740357
200,0.00070125,0.41810482
201,0.00069745,0.41880226
202,0.00069534,0.41949761
203,0.00069219,0.42018980
204,0.00068967,0.42087946
205,0.00068571,0.42156518
206,0.00068249,0.42224766
207,0.00068148,0.42292914
208,0.00067987,0.42360901
209,0.00067762,0.42428663
210,0.00067570,0.42496233
211,0.00067434,0.42563667
212,0.00067263,0.42630930
213,0.00067097,0.42698027
214,0.00066757,0.42764784
215,0.00066642,0.42831425
216,0.00066370,0.42897796
217,0.00066136,0.42963932
218,0.00065884,0.43029815
219,0.00065620,0.43095436
220,0.00065485,0.43160920
221,0.00065416,0.43226336
222,0.00065232,0.43291569
223,0.00065184,0.43356753
224,0.00064779,0.43421532
225,0.00064725,0.43486257
226,0.00064395,0.43550651
227,0.00064224,0.43614875
228,0.00064027,0.43678902
229,0.00063778,0.43742681
230,0.00063565,0.43806246
231,0.00063352,0.43869597
232,0.00063296,0.43932893
233,0.00063065,0.43995958
234,0.00062886,0.44058844
235,0.00062550,0.44121394
236,0.00062392,0.44183786
237,0.00062283,0.44246069
238,0.00062221,0.44308291
239,0.00062069,0.44370360
240,0.00061739,0.44432098
241,0.00061665,0.44493763
242,0.00061314,0.44555077
243,0.00061052,0.44616129
244,0.00060964,0.44677094
245,0.00060762,0.44737855
246,0.00060562,0.44798418
247,0.00060402,0.44858819
248,0.00060242,0.44919062
249,0.00060035,0.44979097
250,0.00059943,0.45039040
251,0.00059742,0.45098782
252,0.00059478,0.45158260
253,0.00059318,0.45217577
254,0.00059165,0.45276742
255,0.00059035,0.45335777
256,0.00058772,0.45394549
257,0.00058715,0.45453264
258,0.00058406,0.45511669
259,0.00058304,0.45569973
260,0.00058024,0.45627997
261,0.00057791,0.45685787
262,0.00057620,0.45743408
263,0.00057452,0.45800860
264,0.00057264,0.45858124
265,0.00057197,0.45915321
266,0.00057012,0.45972333
267,0.00056809,0.46029142
268,0.00056484,0.46085626
269,0.00056448,0.46142074
270,0.00056185,0.46198259
271,0.00056016,0.46254275
272,0.00055943,0.46310218
273,0.00055726,0.46365944
274,0.00055666,0.46421610
275,0.00055632,0.46477242
276,0.00055489,0.46532731
277,0.00055362,0.46588093
278,0.00055087,0.46643179
279,0.00055038,0.46698218
280,0.00054881,0.46753099
281,0.00054661,0.46807760
282,0.00054605,0.46862365
283,0.00054415,0.46916780
284,0.00054275,0.46971055
285,0.00054081,0.47025136
286,0.00054021,0.47079157
287,0.00053872,0.47133029
288,0.00053800,0.47186829
289,0.00053783,0.47240613
290,0.00053677,0.47294290
291,0.00053243,0.47347532
292,0.00053192,0.47400724
293,0.00052952,0.47453677
294,0.00052871,0.47506547
295,0.00052744,0.47559292
296,0.00052518,0.47611810
297,0.00052431,0.47664241
298,0.00052366,0.47716607
299,0.00052243,0.47768850
300,0.00052190,0.47821041
301,0.00052025,0.47873066
302,0.00051938,0.47925004
303,0.00051539,0.47976543
304,0.00051468,0.48028011
305,0.00051349,0.48079361
306,0.00051210,0.48130570
307,0.00051119,0.48181690
308,0.00050900,0.48232589
309,0.00050695,0.48283284
310,0.00050583,0.48333867
311,0.00050408,0.48384275
312,0.00050352,0.48434627
313,0.00050145,0.48484772
314,0.00050016,0.48534788
315,0.00049853,0.48584641
316,0.00049755,0.48634396
317,0.00049687,0.48684083
318,0.00049616,0.48733700
319,0.00049520,0.48783220
320,0.00049398,0.48832618
321,0.00049224,0.48881842
322,0.00049168,0.48931010
323,0.00048920,0.48979930
324,0.00048897,0.49028827
325,0.00048736,0.49077563
326,0.00048627,0.49126190
327,0.00048506,0.49174696
328,0.00048487,0.49223183
329,0.00048427,0.49271610
330,0.00048261,0.49319871
331,0.00048057,0.49367928
332,0.00047988,0.49415916
333,0.00047895,0.49463811
334,0.00047792,0.49511603
335,0.00047771,0.49559375
336,0.00047518,0.49606892
337,0.00047438,0.49654331
338,0.00047281,0.49701611
339,0.00047254,0.49748866
340,0.00047054,0.49795920
341,0.00047027,0.49842948
342,0.00046918,0.49889865
343,0.00046787,0.49936653
344,0.00046650,0.49983302
345,0.00046611,0.50029914
346,0.00046415,0.50076328
347,0.00046255,0.50122584
348,0.00046198,0.50168781
349,0.00046089,0.50214870
350,0.00045982,0.50260853
351,0.00045931,0.50306783
352,0.00045827,0.50352610
353,0.00045719,0.50398329
354,0.00045621,0.50443950
355,0.00045436,0.50489386
356,0.00045382,0.50534768
357,0.00045240,0.50580008
358,0.00045102,0.50625111
359,0.00045047,0.50670158
360,0.00044881,0.50715039
361,0.00044783,0.50759822
362,0.00044757,0.50804579
363,0.00044598,0.50849177
364,0.00044416,0.50893593
365,0.00044403,0.50937995
366,0.00044379,0.50982374
367,0.00044311,0.51026685
368,0.00044098,0.51070783
369,0.00043950,0.51114734
370,0.00043889,0.51158622
371,0.00043820,0.51202442
372,0.00043660,0.51246102
373,0.00043627,0.51289729
374,0.00043556,0.51333284
375,0.00043451,0.51376736
376,0.00043345,0.51420080
377,0.00043188,0.51463269
378,0.00043087,0.51506355
379,0.00042928,0.51549283
380,0.00042858,0.51592141
381,0.00042778,0.51634919
382,0.00042750,0.51677669
383,0.00042651,0.51720320
384,0.00042558,0.51762878
385,0.00042491,0.51805369
386,0.00042289,0.51847658
387,0.00042272,0.51889930
388,0.00042224,0.51932154
389,0.00042042,0.51974196
390,0.00041939,0.52016135
391,0.00041866,0.52058001
392,0.00041775,0.52099776
393,0.00041660,0.52141436
394,0.00041621,0.52183057
395,0.00041498,0.52224555
396,0.00041418,0.52265973
397,0.00041306,0.52307279
398,0.00041243,0.52348521
399,0.00041161,0.52389682
400,0.00041038,0.52430720
401,0.00040940,0.52471660
402,0.00040836,0.52512496
403,0.00040738,0.52553234
404,0.00040617,0.52593851
405,0.00040457,0.52634308
406,0.00040434,0.52674742
407,0.00040328,0.52715071
408,0.00040268,0.52755339
409,0.00040205,0.52795544
410,0.00040122,0.52835667
411,0.00040025,0.52875692
412,0.00039979,0.52915671
413,0.00039802,0.52955472
414,0.00039773,0.52995245
415,0.00039693,0.53034939
416,0.00039657,0.53074595
417,0.00039585,0.53114180
418,0.00039398,0.53153578
419,0.00039327,0.53192905
420,0.00039255,0.53232160
421,0.00039219,0.53271379
422,0.00039076,0.53310455
423,0.00039004,0.53349459
424,0.00038837,0.53388297
425,0.00038807,0.53427104
426,0.00038721,0.53465825
427,0.00038696,0.53504521
428,0.00038627,0.53543148
429,0.00038496,0.53581644
430,0.00038417,0.53620061
431,0.00038365,0.53658426
432,0.00038339,0.53696764
433,0.00038309,0.53735073
434,0.00038207,0.53773280
435,0.00038130,0.53811410
436,0.00038002,0.53849412
437,0.00037881,0.53887293
438,0.00037766,0.53925059
439,0.00037735,0.53962794
440,0.00037660,0.54000454
441,0.00037553,0.54038007
442,0.00037453,0.54075460
443,0.00037425,0.54112885
444,0.00037314,0.54150198
445,0.00037256,0.54187454
446,0.00037195,0.54224650
447,0.00037163,0.54261812
448,0.00037057,0.54298870
449,0.00036987,0.54335857
450,0.00036894,0.54372750
451,0.00036854,0.54409604
452,0.00036815,0.54446419
453,0.00036681,0.54483100
454,0.00036636,0.54519737
455,0.00036568,0.54556305
456,0.00036496,0.54592801
457,0.00036407,0.54629208
458,0.00036351,0.54665559
459,0.00036215,0.54701774
460,0.00036157,0.54737932
461,0.00036094,0.54774026
462,0.00035982,0.54810007
463,0.00035920,0.54845928
464,0.00035823,0.54881750
465,0.00035809,0.54917559
466,0.00035604,0.54953163
467,0.00035527,0.54988690
468,0.00035453,0.55024142
469,0.00035390,0.55059532
470,0.00035345,0.55094877
471,0.00035307,0.55130184
472,0.00035176,0.55165360
473,0.00035126,0.55200485
474,0.00035060,0.55235545
475,0.00035007,0.55270553
476,0.00034971,0.55305524
477,0.00034922,0.55340446
478,0.00034807,0.55375252
479,0.00034710,0.55409962
480,0.00034653,0.55444615
481,0.00034628,0.55479243
482,0.00034552,0.55513796
483,0.00034501,0.55548297
484,0.00034388,0.55582684
485,0.00034335,0.55617019
486,0.00034299,0.55651318
487,0.00034253,0.55685571
488,0.00034128,0.55719699
489,0.00034022,0.55753721
490,0.00033962,0.55787682
491,0.00033821,0.55821504
492,0.00033777,0.55855280
493,0.00033749,0.55889029
494,0.00033678,0.55922707
495,0.00033660,0.55956368
496,0.00033520,0.55989888
497,0.00033424,0.56023312
498,0.00033415,0.56056727
499,0.00033310,0.56090037
500,0.00033255,0.56123292
501,0.00033172,0.56156464
502,0.00033047,0.56189511
503,0.00033020,0.56222531
504,0.00032902,0.56255433
505,0.00032863,0.56288295
506,0.00032837,0.56321132
507,0.00032748,0.56353881
508,0.00032711,0.56386592
509,0.00032686,0.56419277
510,0.00032580,0.56451857
511,0.00032532,0.56484389
512,0.00032435,0.56516824
513,0.00032405,0.56549230
514,0.00032348,0.56581577
515,0.00032293,0.56613870
516,0.00032273,0.56646143
517,0.00032224,0.56678367
518,0.00032157,0.56710525
519,0.00032047,0.56742572
520,0.00031931,0.56774503
521,0.00031914,0.56806418
522,0.00031897,0.56838315
523,0.00031786,0.56870101
524,0.00031748,0.56901849
525,0.00031677,0.56933526
526,0.00031635,0.56965161
527,0.00031553,0.56996714
528,0.00031536,0.57028250
529,0.00031433,0.57059684
530,0.00031387,0.57091071
531,0.00031342,0.57122413
532,0.00031264,0.57153677
533,0.00031225,0.57184901
534,0.00031105,0.57216006
535,0.00031086,0.57247092
536,0.00031049,0.57278141
537,0.00031004,0.57309145
538,0.00030939,0.57340084
539,0.00030895,0.57370979
540,0.00030822,0.57401801
541,0.00030734,0.57432535
542,0.00030692,0.57463227
543,0.00030642,0.57493869
544,0.00030607,0.57524476
545,0.00030565,0.57555041
546,0.00030500,0.57585541
547,0.00030408,0.57615949
548,0.00030393,0.57646342
549,0.00030304,0.57676646
550,0.00030282,0.57706928
551,0.00030152,0.57737080
552,0.00030123,0.57767203
553,0.00030104,0.57797307
554,0.00030032,0.57827339
555,0.00029981,0.57857319
556,0.00029934,0.57887253
557,0.00029855,0.57917108
558,0.00029825,0.57946933
559,0.00029796,0.57976729
560,0.00029741,0.58006470
561,0.00029709,0.58036180
562,0.00029666,0.58065845
563,0.00029575,0.58095421
564,0.00029550,0.58124971
565,0.00029448,0.58154419
566,0.00029411,0.58183830
567,0.00029373,0.58213203
568,0.00029320,0.58242523
569,0.00029265,0.58271787
570,0.00029220,0.58301007
571,0.00029164,0.58330172
572,0.00029094,0.58359266
573,0.00029043,0.58388309
574,0.00029023,0.58417332
575,0.00029011,0.58446343
576,0.00028914,0.58475257
577,0.00028881,0.58504137
578,0.00028814,0.58532951
579,0.00028768,0.58561719
580,0.00028724,0.58590443
581,0.00028659,0.58619102
582,0.00028609,0.58647711
583,0.00028586,0.58676297
584,0.00028555,0.58704852
585,0.00028518,0.58733371
586,0.00028419,0.58761790
587,0.00028387,0.58790177
588,0.00028358,0.58818535
589,0.00028322,0.58846857
590,0.00028268,0.58875125
591,0.00028227,0.58903351
592,0.00028190,0.58931542
593,0.00028130,0.58959671
594,0.00028105,0.58987776
595,0.00028075,0.59015852
596,0.00028024,0.59043876
597,0.00027966,0.59071841
598,0.00027920,0.59099761
599,0.00027883,0.59127644
600,0.00027787,0.59155431
601,0.00027777,0.59183208
602,0.00027750,0.59210958
603,0.00027704,0.59238662
604,0.00027599,0.59266261
605,0.00027582,0.59293843
606,0.00027537,0.59321380
607,0.00027495,0.59348876
608,0.00027471,0.59376347
609,0.00027436,0.59403782
610,0.00027344,0.59431127
611,0.00027321,0.59458448
612,0.00027280,0.59485727
613,0.00027260,0.59512987
614,0.00027233,0.59540220
615,0.00027169,0.59567389
616,0.00027164,0.59594552
617,0.00027111,0.59621663
618,0.00027051,0.59648714
619,0.00026986,0.59675700
620,0.00026971,0.59702671
621,0.00026917,0.59729588
622,0.00026840,0.59756428
623,0.00026797,0.59783225
624,0.00026780,0.59810006
625,0.00026727,0.59836733
626,0.00026675,0.59863408
627,0.00026643,0.59890051
628,0.00026583,0.59916634
629,0.00026569,0.59943203
630,0.00026503,0.59969706
631,0.00026466,0.59996172
632,0.00026443,0.60022616
633,0.00026404,0.60049020
634,0.00026370,0.60075390
635,0.00026352,0.60101742
636,0.00026325,0.60128067
637,0.00026254,0.60154321
638,0.00026238,0.60180559
639,0.00026209,0.60206768
640,0.00026178,0.60232946
641,0.00026148,0.60259094
642,0.00026107,0.60285201
643,0.00026040,0.60311241
644,0.00025971,0.60337212
645,0.00025966,0.60363177
646,0.00025919,0.60389096
647,0.00025843,0.60414939
648,0.00025838,0.60440777
649,0.00025787,0.60466565
650,0.00025761,0.60492326
651,0.00025685,0.60518011
652,0.00025667,0.60543678
653,0.00025635,0.60569313
654,0.00025611,0.60594924
655,0.00025542,0.60620466
656,0.00025538,0.60646003
657,0.00025490,0.60671493
658,0.00025475,0.60696968
659,0.00025393,0.60722360
660,0.00025368,0.60747729
661,0.00025346,0.60773075
662,0.00025293,0.60798368
663,0.00025259,0.60823627
664,0.00025222,0.60848849
665,0.00025206,0.60874056
666,0.00025189,0.60899245
667,0.00025153,0.60924398
668,0.00025125,0.60949523
669,0.00025064,0.60974587
670,0.00025052,0.60999640
671,0.00025003,0.61024642
672,0.00024960,0.61049603
673,0.00024938,0.61074540
674,0.00024915,0.61099455
675,0.00024883,0.61124338
676,0.00024873,0.61149211
677,0.00024858,0.61174069
678,0.00024830,0.61198899
679,0.00024763,0.61223661
680,0.00024708,0.61248369
681,0.00024701,0.61273070
682,0.00024627,0.61297697
683,0.00024577,0.61322274
684,0.00024572,0.61346846
685,0.00024544,0.61371390
686,0.00024514,0.61395903
687,0.00024485,0.61420388
688,0.00024444,0.61444833
689,0.00024377,0.61469210
690,0.00024350,0.61493560
691,0.00024328,0.61517888
692,0.00024300,0.61542188
693,0.00024290,0.61566478
694,0.00024219,0.61590697
695,0.00024188,0.61614884
696,0.00024160,0.61639045
697,0.00024138,0.61663183
698,0.00024134,0.61687317
699,0.00024099,0.61711415
700,0.00024077,0.61735492
701,0.00024020,0.61759512
702,0.00024004,0.61783516
703,0.00023968,0.61807484
704,0.00023923,0.61831407
705,0.00023893,0.61855300
706,0.00023885,0.61879185
707,0.00023835,0.61903020
708,0.00023816,0.61926836
709,0.00023783,0.61950619
710,0.00023729,0.61974348
711,0.00023700,0.61998048
712,0.00023672,0.62021720
713,0.00023656,0.62045376
714,0.00023618,0.62068993
715,0.00023569,0.62092563
716,0.00023532,0.62116094
717,0.00023479,0.62139573
718,0.00023449,0.62163022
719,0.00023422,0.62186444
720,0.00023395,0.62209839
721,0.00023381,0.62233220
722,0.00023331,0.62256551
723,0.00023313,0.62279864
724,0.00023257,0.62303121
725,0.00023231,0.62326352
726,0.00023225,0.62349577
727,0.00023187,0.62372764
728,0.00023165,0.62395929
729,0.00023151,0.62419080
730,0.00023097,0.62442177
731,0.00023063,0.62465241
732,0.00023021,0.62488262
733,0.00023010,0.62511271
734,0.00022987,0.62534258
735,0.00022966,0.62557224
736,0.00022960,0.62580185
737,0.00022888,0.62603072
738,0.00022857,0.62625929
739,0.00022854,0.62648783
740,0.00022813,0.62671596
741,0.00022734,0.62694331
742,0.00022720,0.62717050
743,0.00022676,0.62739727
744,0.00022646,0.62762373
745,0.00022637,0.62785010
746,0.00022632,0.62807642
747,0.00022614,0.62830256
748,0.00022577,0.62852834
749,0.00022499,0.62875333
750,0.00022497,0.62897830
751,0.00022464,0.62920293
752,0.00022447,0.62942740
753,0.00022397,0.62965137
754,0.00022371,0.62987508
755,0.00022324,0.63009832
756,0.00022299,0.63032131
757,0.00022275,0.63054406
758,0.00022269,0.63076675
759,0.00022253,0.63098928
760,0.00022221,0.63121149
761,0.00022180,0.63143329
762,0.00022137,0.63165467
763,0.00022126,0.63187593
764,0.00022099,0.63209691
765,0.00022052,0.63231744
766,0.00022039,0.63253783
767,0.00022030,0.63275813
768,0.00021996,0.63297809
769,0.00021965,0.63319775
770,0.00021951,0.63341725
771,0.00021917,0.63363642
772,0.00021875,0.63385517
773,0.00021812,0.63407329
774,0.00021809,0.63429138
775,0.00021794,0.63450931
776,0.00021772,0.63472704
777,0.00021710,0.63494414
778,0.00021690,0.63516103
779,0.00021659,0.63537763
780,0.00021626,0.63559389
781,0.00021607,0.63580996
782,0.00021577,0.63602574
783,0.00021547,0.63624120
784,0.00021533,0.63645653
785,0.00021523,0.63667176
786,0.00021491,0.63688667
787,0.00021480,0.63710147
788,0.00021413,0.63731560
789,0.00021387,0.63752948
790,0.00021366,0.63774314
791,0.00021338,0.63795652
792,0.00021326,0.63816977
793,0.00021298,0.63838275
794,0.00021265,0.63859540
795,0.00021232,0.63880773
796,0.00021227,0.63902000
797,0.00021207,0.63923207
798,0.00021190,0.63944397
799,0.00021144,0.63965541
800,0.00021119,0.63986660
801,0.00021081,0.64007741
802,0.00021062,0.64028803
803,0.00021027,0.64049830
804,0.00020987,0.64070816
805,0.00020977,0.64091793
806,0.00020949,0.64112742
807,0.00020915,0.64133658
808,0.00020879,0.64154536
809,0.00020874,0.64175410
810,0.00020862,0.64196272
811,0.00020841,0.64217113
812,0.00020813,0.64237926
813,0.00020794,0.64258720
814,0.00020759,0.64279479
815,0.00020745,0.64300224
816,0.00020689,0.64320913
817,0.00020685,0.64341599
818,0.00020664,0.64362263
819,0.00020642,0.64382905
820,0.00020598,0.64403502
821,0.00020580,0.64424083
822,0.00020575,0.64444657
823,0.00020553,0.64465210
824,0.00020519,0.64485729
825,0.00020496,0.64506225
826,0.00020489,0.64526714
827,0.00020447,0.64547161
828,0.00020427,0.64567587
829,0.00020389,0.64587976
830,0.00020381,0.64608357
831,0.00020361,0.64628718
832,0.00020326,0.64649044
833,0.00020324,0.64669368
834,0.00020302,0.64689670
835,0.00020257,0.64709927
836,0.00020232,0.64730159
837,0.00020222,0.64750381
838,0.00020198,0.64770578
839,0.00020173,0.64790751
840,0.00020150,0.64810901
841,0.00020130,0.64831031
842,0.00020111,0.64851142
843,0.00020093,0.64871235
844,0.00020080,0.64891315
845,0.00020012,0.64911327
846,0.00020006,0.64931333
847,0.00019991,0.64951324
848,0.00019950,0.64971274
849,0.00019927,0.64991202
850,0.00019901,0.65011103
851,0.00019887,0.65030989
852,0.00019863,0.65050852
853,0.00019831,0.65070683
854,0.00019817,0.65090501
855,0.00019796,0.65110297
856,0.00019743,0.65130040
857,0.00019738,0.65149778
858,0.00019695,0.65169473
859,0.00019689,0.65189162
860,0.00019667,0.65208829
861,0.00019639,0.65228469
862,0.00019636,0.65248104
863,0.00019614,0.65267718
864,0.00019559,0.65287277
865,0.00019543,0.65306820
866,0.00019525,0.65326346
867,0.00019478,0.65345824
868,0.00019467,0.65365291
869,0.00019459,0.65384750
870,0.00019444,0.65404194
871,0.00019416,0.65423610
872,0.00019414,0.65443025
873,0.00019391,0.65462416
874,0.00019367,0.65481783
875,0.00019351,0.65501134
876,0.00019340,0.65520474
877,0.00019319,0.65539793
878,0.00019275,0.65559068
879,0.00019258,0.65578326
880,0.00019232,0.65597558
881,0.00019215,0.65616773
882,0.00019184,0.65635957
883,0.00019174,0.65655131
884,0.00019142,0.65674273
885,0.00019136,0.65693409
886,0.00019124,0.65712534
887,0.00019087,0.65731621
888,0.00019066,0.65750686
889,0.00019023,0.65769710
890,0.00019017,0.65788727
891,0.00018981,0.65807708
892,0.00018976,0.65826683
893,0.00018967,0.65845650
894,0.00018938,0.65864589
895,0.00018906,0.65883495
896,0.00018887,0.65902382
897,0.00018875,0.65921257
898,0.00018870,0.65940127
899,0.00018834,0.65958961
900,0.00018804,0.65977765
901,0.00018784,0.65996549
902,0.00018759,0.66015308
903,0.00018723,0.66034031
904,0.00018695,0.66052726
905,0.00018684,0.66071410
906,0.00018668,0.66090078
907,0.00018645,0.66108723
908,0.00018627,0.66127350
909,0.00018592,0.66145942
910,0.00018583,0.66164525
911,0.00018568,0.66183093
912,0.00018550,0.66201643
913,0.00018537,0.66220179
914,0.00018510,0.66238689
915,0.00018504,0.66257193
916,0.00018479,0.66275672
917,0.00018468,0.66294140
918,0.00018416,0.66312556
919,0.00018389,0.66330945
920,0.00018389,0.66349334
921,0.00018359,0.66367693
922,0.00018340,0.66386033
923,0.00018311,0.66404344
924,0.00018304,0.66422648
925,0.00018277,0.66440925
926,0.00018256,0.66459181
927,0.00018249,0.66477431
928,0.00018222,0.66495653
929,0.00018205,0.66513857
930,0.00018189,0.66532046
931,0.00018178,0.66550224
932,0.00018151,0.66568375
933,0.00018130,0.66586505
934,0.00018099,0.66604604
935,0.00018077,0.66622681
936,0.00018066,0.66640746
937,0.00018021,0.66658768
938,0.00018014,0.66676782
939,0.00018011,0.66694793
940,0.00017986,0.66712780
941,0.00017971,0.66730750
942,0.00017965,0.66748715
943,0.00017960,0.66766675
944,0.00017914,0.66784589
945,0.00017904,0.66802493
946,0.00017883,0.66820376
947,0.00017848,0.66838224
948,0.00017838,0.66856062
949,0.00017807,0.66873870
950,0.00017790,0.66891660
951,0.00017758,0.66909418
952,0.00017753,0.66927171
953,0.00017750,0.66944920
954,0.00017706,0.66962626
955,0.00017700,0.66980327
956,0.00017678,0.66998004
957,0.00017661,0.67015665
958,0.00017640,0.67033305
959,0.00017629,0.67050934
960,0.00017622,0.67068556
961,0.00017609,0.67086165
962,0.00017589,0.67103755
963,0.00017584,0.67121338
964,0.00017548,0.67138886
965,0.00017514,0.67156400
966,0.00017503,0.67173904
967,0.00017502,0.67191405
968,0.00017482,0.67208888
969,0.00017467,0.67226355
970,0.00017434,0.67243789
971,0.00017404,0.67261193
972,0.00017401,0.67278593
973,0.00017374,0.67295967
974,0.00017333,0.67313300
975,0.00017306,0.67330607
976,0.00017295,0.67347902
977,0.00017282,0.67365184
978,0.00017255,0.67382439
979,0.00017228,0.67399667
980,0.00017210,0.67416877
981,0.00017198,0.67434075
982,0.00017196,0.67451270
983,0.00017162,0.67468433
984,0.00017151,0.67485584
985,0.00017137,0.67502721
986,0.00017117,0.67519838
987,0.00017098,0.67536936
988,0.00017089,0.67554025
989,0.00017081,0.67571107
990,0.00017045,0.67588152
991,0.00017030,0.67605182
992,0.00017019,0.67622201
993,0.00017011,0.67639212
994,0.00017002,0.67656214
995,0.00016965,0.67673179
996,0.00016962,0.67690141
997,0.00016912,0.67707054
998,0.00016908,0.67723961
999,0.00016893,0.67740854
1000,0.00016876,0.67757731
1001,0.00016870,0.67774601
1002,0.00016835,0.67791436
1003,0.00016817,0.67808253
1004,0.00016805,0.67825059
1005,0.00016785,0.67841844
1006,0.00016763,0.67858607
1007,0.00016740,0.67875347
1008,0.00016729,0.67892076
1009,0.00016722,0.67908798
1010,0.00016694,0.67925493
1011,0.00016688,0.67942181
1012,0.00016676,0.67958856
1013,0.00016650,0.67975506
1014,0.00016631,0.67992137
1015,0.00016627,0.68008764
1016,0.00016612,0.68025375
1017,0.00016595,0.68041970
1018,0.00016573,0.68058543
1019,0.00016562,0.68075105
1020,0.00016538,0.68091642
1021,0.00016529,0.68108171
1022,0.00016524,0.68124695
1023,0.00016517,0.68141212
1024,0.00016476,0.68157688
1025,0.00016465,0.68174153
1026,0.00016443,0.68190596
1027,0.00016436,0.68207032
1028,0.00016422,0.68223454
1029,0.00016400,0.68239854
1030,0.00016386,0.68256240
1031,0.00016369,0.68272609
1032,0.00016356,0.68288965
1033,0.00016348,0.68305313
1034,0.00016336,0.68321649
1035,0.00016321,0.68337970
1036,0.00016304,0.68354274
1037,0.00016259,0.68370533
1038,0.00016242,0.68386775
1039,0.00016200,0.68402975
1040,0.00016195,0.68419170
1041,0.00016181,0.68435351
1042,0.00016176,0.68451527
1043,0.00016156,0.68467683
1044,0.00016137,0.68483819
1045,0.00016118,0.68499937
1046,0.00016101,0.68516038
1047,0.00016078,0.68532116
1048,0.00016059,0.68548175
1049,0.00016048,0.68564224
1050,0.00016023,0.68580247
1051,0.00016022,0.68596269
1052,0.00016018,0.68612286
1053,0.00016011,0.68628298
1054,0.00015992,0.68644290
1055,0.00015955,0.68660245
1056,0.00015944,0.68676188
1057,0.00015919,0.68692107
1058,0.00015904,0.68708012
1059,0.00015890,0.68723902
1060,0.00015871,0.68739773
1061,0.00015860,0.68755633
1062,0.00015840,0.68771473
1063,0.00015836,0.68787309
1064,0.00015800,0.68803108
1065,0.00015781,0.68818890
1066,0.00015762,0.68834651
1067,0.00015751,0.68850402
1068,0.00015742,0.68866144
1069,0.00015734,0.68881878
1070,0.00015717,0.68897595
1071,0.00015710,0.68913305
1072,0.00015704,0.68929009
1073,0.00015680,0.68944689
1074,0.00015656,0.68960345
1075,0.00015639,0.68975984
1076,0.00015628,0.68991612
1077,0.00015602,0.69007214
1078,0.00015590,0.69022805
1079,0.00015567,0.69038372
1080,0.00015563,0.69053935
1081,0.00015531,0.69069466
1082,0.00015520,0.69084986
1083,0.00015510,0.69100495
1084,0.00015505,0.69116000
1085,0.00015495,0.69131496
1086,0.00015474,0.69146970
1087,0.00015456,0.69162426
1088,0.00015450,0.69177876
1089,0.00015413,0.69193288
1090,0.00015408,0.69208697
1091,0.00015389,0.69224085
1092,0.00015377,0.69239462
1093,0.00015368,0.69254831
1094,0.00015354,0.69270185
1095,0.00015341,0.69285526
1096,0.00015330,0.69300856
1097,0.00015319,0.69316175
1098,0.00015304,0.69331479
1099,0.00015291,0.69346770
1100,0.00015283,0.69362052
1101,0.00015270,0.69377322
1102,0.00015256,0.69392579
1103,0.00015233,0.69407811
1104,0.00015218,0.69423030
1105,0.00015210,0.69438240
1106,0.00015187,0.69453427
1107,0.00015176,0.69468603
1108,0.00015167,0.69483771
1109,0.00015153,0.69498924
1110,0.00015136,0.69514060
1111,0.00015112,0.69529172
1112,0.00015094,0.69544266
1113,0.00015075,0.69559342
1114,0.00015070,0.69574412
1115,0.00015045,0.69589457
1116,0.00015039,0.69604496
1117,0.00015024,0.69619520
1118,0.00015001,0.69634521
1119,0.00014986,0.69649507
1120,0.00014980,0.69664487
1121,0.00014969,0.69679456
1122,0.00014966,0.69694421
1123,0.00014945,0.69709367
1124,0.00014923,0.69724289
1125,0.00014913,0.69739202
1126,0.00014905,0.69754107
1127,0.00014887,0.69768995
1128,0.00014880,0.69783875
1129,0.00014859,0.69798733
1130,0.00014841,0.69813575
1131,0.00014837,0.69828412
1132,0.00014814,0.69843226
1133,0.00014796,0.69858022
1134,0.00014779,0.69872801
1135,0.00014774,0.69887576
1136,0.00014760,0.69902336
1137,0.00014747,0.69917083
1138,0.00014724,0.69931807
1139,0.00014713,0.69946520
1140,0.00014697,0.69961217
1141,0.00014683,0.69975900
1142,0.00014676,0.69990576
1143,0.00014665,0.70005241
1144,0.00014644,0.70019885
1145,0.00014628,0.70034513
1146,0.00014611,0.70049124
1147,0.00014598,0.70063722
1148,0.00014589,0.70078312
1149,0.00014588,0.70092900
1150,0.00014565,0.70107465
1151,0.00014550,0.70122014
1152,0.00014540,0.70136554
1153,0.00014526,0.70151081
1154,0.00014513,0.70165594
1155,0.00014499,0.70180093
1156,0.00014490,0.70194583
1157,0.00014481,0.70209064
1158,0.00014447,0.70223511
1159,0.00014436,0.70237947
1160,0.00014419,0.70252366
1161,0.00014410,0.70266776
1162,0.00014397,0.70281173
1163,0.00014388,0.70295561
1164,0.00014379,0.70309940
1165,0.00014359,0.70324299
1166,0.00014348,0.70338647
1167,0.00014330,0.70352977
1168,0.00014317,0.70367294
1169,0.00014288,0.70381582
1170,0.00014284,0.70395866
1171,0.00014263,0.70410129
1172,0.00014258,0.70424387
1173,0.00014248,0.70438635
1174,0.00014234,0.70452868
1175,0.00014211,0.70467080
1176,0.00014190,0.70481270
1177,0.00014183,0.70495453
1178,0.00014164,0.70509617
1179,0.00014157,0.70523774
1180,0.00014149,0.70537923
1181,0.00014137,0.70552059
1182,0.00014116,0.70566176
1183,0.00014111,0.70580287
1184,0.00014093,0.70594380
1185,0.00014085,0.70608464
1186,0.00014077,0.70622541
1187,0.00014060,0.70636602
1188,0.00014050,0.70650652
1189,0.00014035,0.70664687
1190,0.00014027,0.70678715
1191,0.00014010,0.70692725
1192,0.00014000,0.70706724
1193,0.00013992,0.70720717
1194,0.00013990,0.70734707
1195,0.00013964,0.70748671
1196,0.00013945,0.70762617
1197,0.00013939,0.70776555
1198,0.00013919,0.70790475
1199,0.00013899,0.70804374
1200,0.00013883,0.70818257
1201,0.00013875,0.70832132
1202,0.00013864,0.70845996
1203,0.00013857,0.70859853
1204,0.00013854,0.70873707
1205,0.00013835,0.70887542
1206,0.00013818,0.70901360
1207,0.00013806,0.70915166
1208,0.00013798,0.70928964
1209,0.00013784,0.70942748
1210,0.00013774,0.70956522
1211,0.00013753,0.70970275
1212,0.00013739,0.70984014
1213,0.00013728,0.70997742
1214,0.00013722,0.71011464
1215,0.00013704,0.71025168
1216,0.00013687,0.71038854
1217,0.00013678,0.71052532
1218,0.00013678,0.71066210
1219,0.00013657,0.71079866
1220,0.00013650,0.71093516
1221,0.00013628,0.71107145
1222,0.00013619,0.71120764
1223,0.00013609,0.71134373
1224,0.00013605,0.71147978
1225,0.00013596,0.71161574
1226,0.00013582,0.71175156
1227,0.00013557,0.71188713
1228,0.00013553,0.71202266
1229,0.00013536,0.71215802
1230,0.00013531,0.71229333
1231,0.00013510,0.71242843
1232,0.00013502,0.71256345
1233,0.00013492,0.71269837
1234,0.00013470,0.71283307
1235,0.00013463,0.71296770
1236,0.00013456,0.71310226
1237,0.00013442,0.71323667
1238,0.00013437,0.71337105
1239,0.00013417,0.71350521
1240,0.00013410,0.71363932
1241,0.00013393,0.71377324
1242,0.00013375,0.71390699
1243,0.00013366,0.71404066
1244,0.00013365,0.71417431
1245,0.00013356,0.71430787
1246,0.00013341,0.71444128
1247,0.00013332,0.71457459
1248,0.00013309,0.71470768
1249,0.00013298,0.71484066
1250,0.00013289,0.71497356
1251,0.00013269,0.71510625
1252,0.00013261,0.71523886
1253,0.00013239,0.71537125
1254,0.00013229,0.71550355
1255,0.00013225,0.71563580
1256,0.00013196,0.71576776
1257,0.00013191,0.71589967
1258,0.00013182,0.71603149
1259,0.00013166,0.71616315
1260,0.00013160,0.71629475
1261,0.00013152,0.71642627
1262,0.00013137,0.71655764
1263,0.00013124,0.71668888
1264,0.00013116,0.71682004
1265,0.00013102,0.71695106
1266,0.00013096,0.71708202
1267,0.00013085,0.71721287
1268,0.00013077,0.71734365
1269,0.00013058,0.71747423
1270,0.00013052,0.71760475
1271,0.00013045,0.71773521
1272,0.00013023,0.71786543
1273,0.00013015,0.71799559
1274,0.00013009,0.71812568
1275,0.00013002,0.71825570
1276,0.00012990,0.71838560
1277,0.00012975,0.71851535
1278,0.00012970,0.71864505
1279,0.00012950,0.71877455
1280,0.00012931,0.71890386
1281,0.00012927,0.71903313
1282,0.00012911,0.71916224
1283,0.00012896,0.71929120
1284,0.00012890,0.71942010
1285,0.00012882,0.71954892
1286,0.00012881,0.71967773
1287,0.00012865,0.71980639
1288,0.00012840,0.71993478
1289,0.00012835,0.72006314
1290,0.00012829,0.72019143
1291,0.00012819,0.72031961
1292,0.00012812,0.72044774
1293,0.00012795,0.72057568
1294,0.00012783,0.72070351
1295,0.00012767,0.72083119
1296,0.00012760,0.72095879
1297,0.00012749,0.72108628
1298,0.00012742,0.72121370
1299,0.00012714,0.72134084
1300,0.00012701,0.72146785
1301,0.00012692,0.72159477
1302,0.00012689,0.72172165
1303,0.00012676,0.72184841
1304,0.00012666,0.72197507
1305,0.00012651,0.72210158
1306,0.00012649,0.72222807
1307,0.00012640,0.72235448
1308,0.00012634,0.72248082
1309,0.00012614,0.72260696
1310,0.00012613,0.72273310
1311,0.00012597,0.72285907
1312,0.00012592,0.72298499
1313,0.00012565,0.72311063
1314,0.00012553,0.72323616
1315,0.00012538,0.72336154
1316,0.00012529,0.72348683
1317,0.00012519,0.72361202
1318,0.00012510,0.72373712
1319,0.00012500,0.72386212
1320,0.00012498,0.72398709
1321,0.00012482,0.72411192
1322,0.00012470,0.72423662
1323,0.00012468,0.72436130
1324,0.00012452,0.72448582
1325,0.00012446,0.72461027
1326,0.00012432,0.72473460
1327,0.00012426,0.72485886
1328,0.00012414,0.72498300
1329,0.00012405,0.72510705
1330,0.00012404,0.72523109
1331,0.00012381,0.72535490
1332,0.00012372,0.72547862
1333,0.00012361,0.72560223
1334,0.00012353,0.72572576
1335,0.00012339,0.72584915
1336,0.00012325,0.72597240
1337,0.00012321,0.72609561
1338,0.00012304,0.72621865
1339,0.00012294,0.72634160
1340,0.00012285,0.72646445
1341,0.00012272,0.72658717
1342,0.00012267,0.72670984
1343,0.00012260,0.72683244
1344,0.00012249,0.72695494
1345,0.00012235,0.72707729
1346,0.00012228,0.72719957
1347,0.00012220,0.72732177
1348,0.00012209,0.72744386
1349,0.00012206,0.72756592
1350,0.00012189,0.72768781
1351,0.00012179,0.72780960
1352,0.00012170,0.72793129
1353,0.00012164,0.72805293
1354,0.00012155,0.72817448
1355,0.00012140,0.72829588
1356,0.00012124,0.72841712
1357,0.00012122,0.72853835
1358,0.00012104,0.72865939
1359,0.00012094,0.72878033
1360,0.00012085,0.72890118
1361,0.00012079,0.72902197
1362,0.00012069,0.72914266
1363,0.00012057,0.72926323
1364,0.00012046,0.72938369
1365,0.00012028,0.72950397
1366,0.00012026,0.72962423
1367,0.00012009,0.72974432
1368,0.00012005,0.72986437
1369,0.00011990,0.72998427
1370,0.00011984,0.73010410
1371,0.00011976,0.73022387
1372,0.00011969,0.73034356
1373,0.00011957,0.73046313
1374,0.00011956,0.73058269
1375,0.00011944,0.73070214
1376,0.00011928,0.73082142
1377,0.00011920,0.73094062
1378,0.00011914,0.73105977
1379,0.00011902,0.73117879
1380,0.00011899,0.73129778
1381,0.00011884,0.73141662
1382,0.00011876,0.73153538
1383,0.00011874,0.73165411
1384,0.00011859,0.73177270
1385,0.00011849,0.73189119
1386,0.00011839,0.73200958
1387,0.00011829,0.73212788
1388,0.00011826,0.73224614
1389,0.00011822,0.73236436
1390,0.00011803,0.73248239
1391,0.00011800,0.73260038
1392,0.00011783,0.73271821
1393,0.00011770,0.73283592
1394,0.00011761,0.73295353
1395,0.00011758,0.73307111
1396,0.00011745,0.73318856
1397,0.00011736,0.73330592
1398,0.00011724,0.73342316
1399,0.00011713,0.73354029
1400,0.00011711,0.73365740
1401,0.00011691,0.73377431
1402,0.00011679,0.73389110
1403,0.00011670,0.73400780
1404,0.00011664,0.73412444
1405,0.00011655,0.73424099
1406,0.00011648,0.73435746
1407,0.00011641,0.73447388
1408,0.00011638,0.73459026
1409,0.00011625,0.73470651
1410,0.00011619,0.73482270
1411,0.00011601,0.73493871
1412,0.00011593,0.73505463
1413,0.00011584,0.73517047
1414,0.00011576,0.73528623
1415,0.00011569,0.73540192
1416,0.00011553,0.73551745
1417,0.00011543,0.73563288
1418,0.00011535,0.73574823
1419,0.00011528,0.73586351
1420,0.00011521,0.73597872
1421,0.00011506,0.73609378
1422,0.00011502,0.73620879
1423,0.00011493,0.73632373
1424,0.00011492,0.73643864
1425,0.00011486,0.73655350
1426,0.00011471,0.73666821
1427,0.00011461,0.73678282
1428,0.00011448,0.73689731
1429,0.00011444,0.73701175
1430,0.00011439,0.73712614
1431,0.00011427,0.73724042
1432,0.00011416,0.73735458
1433,0.00011411,0.73746869
1434,0.00011403,0.73758272
1435,0.00011388,0.73769660
1436,0.00011382,0.73781042
1437,0.00011374,0.73792416
1438,0.00011358,0.73803774
1439,0.00011346,0.73815120
1440,0.00011341,0.73826460
1441,0.00011331,0.73837792
1442,0.00011320,0.73849112
1443,0.00011308,0.73860420
1444,0.00011299,0.73871719
1445,0.00011291,0.73883010
1446,0.00011283,0.73894293
1447,0.00011282,0.73905575
1448,0.00011272,0.73916847
1449,0.00011267,0.73928114
1450,0.00011254,0.73939368
1451,0.00011245,0.73950613
1452,0.00011241,0.73961854
1453,0.00011222,0.73973076
1454,0.00011220,0.73984295
1455,0.00011203,0.73995499
1456,0.00011198,0.74006696
1457,0.00011190,0.74017886
1458,0.00011182,0.74029068
1459,0.00011176,0.74040244
1460,0.00011169,0.74051413
1461,0.00011160,0.74062573
1462,0.00011146,0.74073720
1463,0.00011145,0.74084864
1464,0.00011132,0.74095996
1465,0.00011123,0.74107120
1466,0.00011116,0.74118236
1467,0.00011103,0.74129339
1468,0.00011090,0.74140429
1469,0.00011086,0.74151515
1470,0.00011078,0.74162593
1471,0.00011068,0.74173661
1472,0.00011064,0.74184725
1473,0.00011052,0.74195777
1474,0.00011037,0.74206815
1475,0.00011031,0.74217846
1476,0.00011026,0.74228872
1477,0.00011020,0.74239892
1478,0.00011011,0.74250903
1479,0.00011001,0.74261904
1480,0.00010994,0.74272898
1481,0.00010991,0.74283889
1482,0.00010975,0.74294864
1483,0.00010970,0.74305834
1484,0.00010956,0.74316790
1485,0.00010951,0.74327741
1486,0.00010948,0.74338689
1487,0.00010940,0.74349629
1488,0.00010927,0.74360556
1489,0.00010923,0.74371479
1490,0.00010914,0.74382394
1491,0.00010910,0.74393303
1492,0.00010897,0.74404200
1493,0.00010892,0.74415092
1494,0.00010880,0.74425972
1495,0.00010872,0.74436844
1496,0.00010869,0.74447713
1497,0.00010855,0.74458569
1498,0.00010851,0.74469419
1499,0.00010836,0.74480255
1500,0.00010832,0.74491088
1501,0.00010828,0.74501916
1502,0.00010811,0.74512727
1503,0.00010801,0.74523529
1504,0.00010795,0.74534324
1505,0.00010788,0.74545112
1506,0.00010779,0.74555890
1507,0.00010775,0.74566665
1508,0.00010763,0.74577428
1509,0.00010755,0.74588183
1510,0.00010748,0.74598932
1511,0.00010744,0.74609675
1512,0.00010735,0.74620410
1513,0.00010727,0.74631137
1514,0.00010716,0.74641852
1515,0.00010709,0.74652562
1516,0.00010703,0.74663265
1517,0.00010695,0.74673960
1518,0.00010688,0.74684648
1519,0.00010679,0.74695327
1520,0.00010672,0.74705999
1521,0.00010653,0.74716652
1522,0.00010649,0.74727301
1523,0.00010640,0.74737940
1524,0.00010633,0.74748574
1525,0.00010631,0.74759204
1526,0.00010627,0.74769831
1527,0.00010617,0.74780447
1528,0.00010613,0.74791060
1529,0.00010607,0.74801667
1530,0.00010599,0.74812266
1531,0.00010592,0.74822858
1532,0.00010576,0.74833434
1533,0.00010561,0.74843995
1534,0.00010560,0.74854554
1535,0.00010555,0.74865110
1536,0.00010549,0.74875658
1537,0.00010534,0.74886193
1538,0.00010525,0.74896718
1539,0.00010519,0.74907237
1540,0.00010509,0.74917747
1541,0.00010507,0.74928253
1542,0.00010494,0.74938748
1543,0.00010490,0.74949238
1544,0.00010477,0.74959715
1545,0.00010471,0.74970186
1546,0.00010467,0.74980653
1547,0.00010464,0.74991118
1548,0.00010458,0.75001575
1549,0.00010439,0.75012014
1550,0.00010435,0.75022449
1551,0.00010425,0.75032874
1552,0.00010422,0.75043296
1553,0.00010410,0.75053705
1554,0.00010408,0.75064113
1555,0.00010402,0.75074514
1556,0.00010395,0.75084910
1557,0.00010384,0.75095293
1558,0.00010383,0.75105676
1559,0.00010374,0.75116050
1560,0.00010367,0.75126416
1561,0.00010358,0.75136774
1562,0.00010348,0.75147122
1563,0.00010341,0.75157463
1564,0.00010332,0.75167794
1565,0.00010325,0.75178120
1566,0.00010315,0.75188435
1567,0.00010308,0.75198742
1568,0.00010298,0.75209040
1569,0.00010293,0.75219333
1570,0.00010282,0.75229615
1571,0.00010278,0.75239893
1572,0.00010270,0.75250163
1573,0.00010260,0.75260423
1574,0.00010255,0.75270679
1575,0.00010242,0.75280921
1576,0.00010237,0.75291158
1577,0.00010234,0.75301392
1578,0.00010227,0.75311618
1579,0.00010217,0.75321835
1580,0.00010204,0.75332039
1581,0.00010196,0.75342236
1582,0.00010190,0.75352425
1583,0.00010181,0.75362606
1584,0.00010169,0.75372776
1585,0.00010166,0.75382942
1586,0.00010159,0.75393101
1587,0.00010152,0.75403253
1588,0.00010146,0.75413400
1589,0.00010137,0.75423537
1590,0.00010135,0.75433672
1591,0.00010118,0.75443791
1592,0.00010115,0.75453906
1593,0.00010109,0.75464015
1594,0.00010107,0.75474121
1595,0.00010093,0.75484215
1596,0.00010091,0.75494305
1597,0.00010083,0.75504388
1598,0.00010074,0.75514462
1599,0.00010070,0.75524532
1600,0.00010060,0.75534592
1601,0.00010053,0.75544646
1602,0.00010046,0.75554691
1603,0.00010043,0.75564734
1604,0.00010032,0.75574766
1605,0.00010026,0.75584792
1606,0.00010016,0.75594808
1607,0.00010009,0.75604817
1608,0.00010007,0.75614824
1609,0.00010001,0.75624825
1610,0.00009991,0.75634817
1611,0.00009983,0.75644800
1612,0.00009979,0.75654779
1613,0.00009975,0.75664755
1614,0.00009973,0.75674727
1615,0.00009960,0.75684687
1616,0.00009953,0.75694640
1617,0.00009951,0.75704590
1618,0.00009942,0.75714532
1619,0.00009928,0.75724461
1620,0.00009921,0.75734382
1621,0.00009917,0.75744299
1622,0.00009902,0.75754201
1623,0.00009896,0.75764096
1624,0.00009887,0.75773983
1625,0.00009881,0.75783864
1626,0.00009872,0.75793736
1627,0.00009869,0.75803605
1628,0.00009862,0.75813467
1629,0.00009857,0.75823324
1630,0.00009847,0.75833172
1631,0.00009844,0.75843015
1632,0.00009832,0.75852848
1633,0.00009826,0.75862674
1634,0.00009820,0.75872494
1635,0.00009817,0.75882311
1636,0.00009814,0.75892125
1637,0.00009805,0.75901930
1638,0.00009800,0.75911730
1639,0.00009785,0.75921515
1640,0.00009781,0.75931296
1641,0.00009773,0.75941069
1642,0.00009770,0.75950839
1643,0.00009764,0.75960603
1644,0.00009758,0.75970361
1645,0.00009746,0.75980107
1646,0.00009740,0.75989847
1647,0.00009736,0.75999583
1648,0.00009729,0.76009312
1649,0.00009719,0.76019031
1650,0.00009717,0.76028748
1651,0.00009709,0.76038457
1652,0.00009704,0.76048161
1653,0.00009694,0.76057854
1654,0.00009688,0.76067542
1655,0.00009683,0.76077225
1656,0.00009675,0.76086900
1657,0.00009667,0.76096567
1658,0.00009660,0.76106227
1659,0.00009655,0.76115882
1660,0.00009651,0.76125533
1661,0.00009640,0.76135173
1662,0.00009628,0.76144801
1663,0.00009619,0.76154420
1664,0.00009614,0.76164033
1665,0.00009613,0.76173646
1666,0.00009609,0.76183255
1667,0.00009598,0.76192853
1668,0.00009591,0.76202444
1669,0.00009588,0.76212032
1670,0.00009583,0.76221615
1671,0.00009575,0.76231190
1672,0.00009571,0.76240761
1673,0.00009563,0.76250323
1674,0.00009550,0.76259873
1675,0.00009544,0.76269418
1676,0.00009540,0.76278958
1677,0.00009532,0.76288490
1678,0.00009528,0.76298018
1679,0.00009520,0.76307538
1680,0.00009513,0.76317051
1681,0.00009509,0.76326560
1682,0.00009500,0.76336060
1683,0.00009490,0.76345550
1684,0.00009488,0.76355039
1685,0.00009479,0.76364518
1686,0.00009475,0.76373993
1687,0.00009463,0.76383455
1688,0.00009459,0.76392915
1689,0.00009454,0.76402369
1690,0.00009448,0.76411817
1691,0.00009441,0.76421258
1692,0.00009439,0.76430697
1693,0.00009435,0.76440132
1694,0.00009428,0.76449560
1695,0.00009414,0.76458973
1696,0.00009407,0.76468381
1697,0.00009398,0.76477778
1698,0.00009394,0.76487172
1699,0.00009392,0.76496565
1700,0.00009389,0.76505954
1701,0.00009384,0.76515338
1702,0.00009374,0.76524711
1703,0.00009373,0.76534084
1704,0.00009364,0.76543448
1705,0.00009353,0.76552801
1706,0.00009345,0.76562146
1707,0.00009341,0.76571488
1708,0.00009337,0.76580825
1709,0.00009335,0.76590160
1710,0.00009322,0.76599482
1711,0.00009314,0.76608795
1712,0.00009311,0.76618106
1713,0.00009299,0.76627405
1714,0.00009292,0.76636697
1715,0.00009285,0.76645982
1716,0.00009276,0.76655258
1717,0.00009272,0.76664531
1718,0.00009268,0.76673799
1719,0.00009262,0.76683061
1720,0.00009257,0.76692317
1721,0.00009248,0.76701565
1722,0.00009245,0.76710810
1723,0.00009237,0.76720047
1724,0.00009235,0.76729282
1725,0.00009230,0.76738513
1726,0.00009222,0.76747735
1727,0.00009218,0.76756952
1728,0.00009212,0.76766164
1729,0.00009208,0.76775372
1730,0.00009197,0.76784568
1731,0.00009190,0.76793759
1732,0.00009182,0.76802941
1733,0.00009176,0.76812117
1734,0.00009172,0.76821289
1735,0.00009167,0.76830456
1736,0.00009162,0.76839618
1737,0.00009155,0.76848773
1738,0.00009153,0.76857925
1739,0.00009146,0.76867071
1740,0.00009143,0.76876214
1741,0.00009138,0.76885352
1742,0.00009132,0.76894484
1743,0.00009123,0.76903607
1744,0.00009114,0.76912721
1745,0.00009110,0.76921831
1746,0.00009104,0.76930936
1747,0.00009096,0.76940032
1748,0.00009089,0.76949121
1749,0.00009085,0.76958205
1750,0.00009075,0.76967281
1751,0.00009067,0.76976347
1752,0.00009062,0.76985409
1753,0.00009059,0.76994468
1754,0.00009054,0.77003523
1755,0.00009050,0.77012573
1756,0.00009046,0.77021619
1757,0.00009039,0.77030658
1758,0.00009032,0.77039690
1759,0.00009027,0.77048717
1760,0.00009020,0.77057737
1761,0.00009014,0.77066750
1762,0.00009011,0.77075762
1763,0.00009003,0.77084765
1764,0.00009000,0.77093765
1765,0.00008995,0.77102760
1766,0.00008989,0.77111749
1767,0.00008986,0.77120735
1768,0.00008978,0.77129713
1769,0.00008974,0.77138687
1770,0.00008964,0.77147651
1771,0.00008959,0.77156610
1772,0.00008952,0.77165562
1773,0.00008946,0.77174508
1774,0.00008940,0.77183448
1775,0.00008938,0.77192387
1776,0.00008930,0.77201316
1777,0.00008927,0.77210244
1778,0.00008920,0.77219164
1779,0.00008915,0.77228079
1780,0.00008909,0.77236988
1781,0.00008900,0.77245888
1782,0.00008895,0.77254783
1783,0.00008890,0.77263673
1784,0.00008879,0.77272553
1785,0.00008876,0.77281429
1786,0.00008871,0.77290300
1787,0.00008864,0.77299164
1788,0.00008859,0.77308024
1789,0.00008858,0.77316882
1790,0.00008849,0.77325731
1791,0.00008846,0.77334577
1792,0.00008835,0.77343412
1793,0.00008830,0.77352242
1794,0.00008827,0.77361069
1795,0.00008818,0.77369887
1796,0.00008810,0.77378697
1797,0.00008803,0.77387500
1798,0.00008801,0.77396301
1799,0.00008796,0.77405097
1800,0.00008795,0.77413892
1801,0.00008785,0.77422677
1802,0.00008780,0.77431457
1803,0.00008775,0.77440233
1804,0.00008770,0.77449003
1805,0.00008764,0.77457767
1806,0.00008763,0.77466530
1807,0.00008757,0.77475288
1808,0.00008752,0.77484039
1809,0.00008746,0.77492786
1810,0.00008737,0.77501522
1811,0.00008733,0.77510256
1812,0.00008727,0.77518982
1813,0.00008722,0.77527704
1814,0.00008712,0.77536416
1815,0.00008702,0.77545119
1816,0.00008698,0.77553817
1817,0.00008696,0.77562512
1818,0.00008687,0.77571199
1819,0.00008681,0.77579880
1820,0.00008675,0.77588555
1821,0.00008666,0.77597222
1822,0.00008663,0.77605885
1823,0.00008661,0.77614546
1824,0.00008649,0.77623195
1825,0.00008646,0.77631842
1826,0.00008643,0.77640484
1827,0.00008633,0.77649118
1828,0.00008628,0.77657746
1829,0.00008624,0.77666369
1830,0.00008617,0.77674986
1831,0.00008613,0.77683599
1832,0.00008611,0.77692211
1833,0.00008606,0.77700817
1834,0.00008601,0.77709418
1835,0.00008600,0.77718018
1836,0.00008592,0.77726610
1837,0.00008585,0.77735195
1838,0.00008583,0.77743778
1839,0.00008577,0.77752355
1840,0.00008573,0.77760928
1841,0.00008569,0.77769497
1842,0.00008566,0.77778063
1843,0.00008559,0.77786621
1844,0.00008550,0.77795172
1845,0.00008544,0.77803715
1846,0.00008542,0.77812257
1847,0.00008539,0.77820797
1848,0.00008533,0.77829330
1849,0.00008528,0.77837858
1850,0.00008522,0.77846380
1851,0.00008514,0.77854894
1852,0.00008506,0.77863401
1853,0.00008501,0.77871901
1854,0.00008494,0.77880395
1855,0.00008487,0.77888882
1856,0.00008485,0.77897368
1857,0.00008476,0.77905844
1858,0.00008474,0.77914318
1859,0.00008471,0.77922789
1860,0.00008464,0.77931253
1861,0.00008454,0.77939707
1862,0.00008444,0.77948151
1863,0.00008440,0.77956591
1864,0.00008440,0.77965031
1865,0.00008433,0.77973464
1866,0.00008426,0.77981890
1867,0.00008417,0.77990307
1868,0.00008413,0.77998720
1869,0.00008412,0.78007132
1870,0.00008410,0.78015541
1871,0.00008403,0.78023944
1872,0.00008397,0.78032341
1873,0.00008393,0.78040734
1874,0.00008390,0.78049125
1875,0.00008385,0.78057510
1876,0.00008378,0.78065888
1877,0.00008374,0.78074263
1878,0.00008368,0.78082630
1879,0.00008364,0.78090994
1880,0.00008358,0.78099352
1881,0.00008351,0.78107704
1882,0.00008348,0.78116052
1883,0.00008346,0.78124398
1884,0.00008340,0.78132738
1885,0.00008337,0.78141075
1886,0.00008329,0.78149405
1887,0.00008326,0.78157730
1888,0.00008321,0.78166052
1889,0.00008313,0.78174364
1890,0.00008310,0.78182674
1891,0.00008303,0.78190977
1892,0.00008295,0.78199272
1893,0.00008291,0.78207564
1894,0.00008284,0.78215847
1895,0.00008281,0.78224129
1896,0.00008277,0.78232406
1897,0.00008276,0.78240682
1898,0.00008269,0.78248951
1899,0.00008262,0.78257213
1900,0.00008258,0.78265472
1901,0.00008254,0.78273726
1902,0.00008246,0.78281972
1903,0.00008243,0.78290215
1904,0.00008238,0.78298453
1905,0.00008232,0.78306685
1906,0.00008227,0.78314912
1907,0.00008224,0.78323137
1908,0.00008222,0.78331359
1909,0.00008208,0.78339566
1910,0.00008204,0.78347770
1911,0.00008203,0.78355973
1912,0.00008193,0.78364166
1913,0.00008192,0.78372358
1914,0.00008188,0.78380546
1915,0.00008178,0.78388724
1916,0.00008173,0.78396898
1917,0.00008172,0.78405069
1918,0.00008169,0.78413238
1919,0.00008157,0.78421395
1920,0.00008154,0.78429549
1921,0.00008149,0.78437698
1922,0.00008145,0.78445843
1923,0.00008138,0.78453980
1924,0.00008136,0.78462116
1925,0.00008131,0.78470248
1926,0.00008118,0.78478366
1927,0.00008116,0.78486481
1928,0.00008111,0.78494593
1929,0.00008103,0.78502696
1930,0.00008103,0.78510799
1931,0.00008097,0.78518896
1932,0.00008092,0.78526989
1933,0.00008088,0.78535077
1934,0.00008085,0.78543162
1935,0.00008079,0.78551241
1936,0.00008076,0.78559317
1937,0.00008073,0.78567390
1938,0.00008067,0.78575457
1939,0.00008062,0.78583519
1940,0.00008055,0.78591574
1941,0.00008052,0.78599626
1942,0.00008045,0.78607671
1943,0.00008039,0.78615710
1944,0.00008034,0.78623744
1945,0.00008031,0.78631775
1946,0.00008027,0.78639802
1947,0.00008021,0.78647823
1948,0.00008013,0.78655835
1949,0.00008008,0.78663843
1950,0.00008004,0.78671847
1951,0.00008001,0.78679848
1952,0.00007996,0.78687844
1953,0.00007991,0.78695835
1954,0.00007990,0.78703824
1955,0.00007980,0.78711805
1956,0.00007979,0.78719784
1957,0.00007973,0.78727757
1958,0.00007970,0.78735727
1959,0.00007965,0.78743692
1960,0.00007965,0.78751657
1961,0.00007958,0.78759615
1962,0.00007957,0.78767572
1963,0.00007949,0.78775521
1964,0.00007945,0.78783466
1965,0.00007941,0.78791407
1966,0.00007931,0.78799338
1967,0.00007929,0.78807267
1968,0.00007925,0.78815192
1969,0.00007922,0.78823114
1970,0.00007921,0.78831036
1971,0.00007912,0.78838948
1972,0.00007906,0.78846853
1973,0.00007903,0.78854756
1974,0.00007899,0.78862655
1975,0.00007892,0.78870547
1976,0.00007888,0.78878435
1977,0.00007885,0.78886319
1978,0.00007874,0.78894193
1979,0.00007872,0.78902065
1980,0.00007867,0.78909932
1981,0.00007865,0.78917797
1982,0.00007863,0.78925660
1983,0.00007855,0.78933515
1984,0.00007851,0.78941366
1985,0.00007840,0.78949206
1986,0.00007836,0.78957042
1987,0.00007832,0.78964874
1988,0.00007829,0.78972703
1989,0.00007826,0.78980529
1990,0.00007822,0.78988350
1991,0.00007816,0.78996166
1992,0.00007810,0.79003976
1993,0.00007807,0.79011783
1994,0.00007801,0.79019585
1995,0.00007797,0.79027381
1996,0.00007793,0.79035174
1997,0.00007789,0.79042963
1998,0.00007784,0.79050747
1999,0.00007777,0.79058524
2000,0.00007774,0.79066298
2001,0.00007770,0.79074068
2002,0.00007768,0.79081836
2003,0.00007765,0.79089600
2004,0.00007758,0.79097359
2005,0.00007756,0.79105115
2006,0.00007754,0.79112869
2007,0.00007748,0.79120617
2008,0.00007739,0.79128356
2009,0.00007733,0.79136089
2010,0.00007726,0.79143815
2011,0.00007722,0.79151537
2012,0.00007720,0.79159257
2013,0.00007715,0.79166973
2014,0.00007711,0.79174683
2015,0.00007705,0.79182388
2016,0.00007704,0.79190092
2017,0.00007698,0.79197791
2018,0.00007696,0.79205487
2019,0.00007693,0.79213180
2020,0.00007688,0.79220868
2021,0.00007683,0.79228551
2022,0.00007678,0.79236230
2023,0.00007675,0.79243904
2024,0.00007669,0.79251574
2025,0.00007668,0.79259241
2026,0.00007656,0.79266897
2027,0.00007652,0.79274549
2028,0.00007648,0.79282198
2029,0.00007647,0.79289844
2030,0.00007645,0.79297489
2031,0.00007640,0.79305129
2032,0.00007636,0.79312765
2033,0.00007632,0.79320397
2034,0.00007626,0.79328023
2035,0.00007623,0.79335646
2036,0.00007617,0.79343262
2037,0.00007608,0.79350870
2038,0.00007606,0.79358476
2039,0.00007602,0.79366078
2040,0.00007595,0.79373673
2041,0.00007593,0.79381266
2042,0.00007586,0.79388852
2043,0.00007583,0.79396435
2044,0.00007579,0.79404014
2045,0.00007576,0.79411590
2046,0.00007575,0.79419165
2047,0.00007570,0.79426735
2048,0.00007568,0.79434302
2049,0.00007563,0.79441865
2050,0.00007558,0.79449423
2051,0.00007555,0.79456979
2052,0.00007547,0.79464526
2053,0.00007543,0.79472069
2054,0.00007540,0.79479609
2055,0.00007533,0.79487142
2056,0.00007526,0.79494668
2057,0.00007525,0.79502193
2058,0.00007520,0.79509714
2059,0.00007515,0.79517228
2060,0.00007514,0.79524742
2061,0.00007510,0.79532252
2062,0.00007503,0.79539755
2063,0.00007500,0.79547255
2064,0.00007499,0.79554754
2065,0.00007493,0.79562247
2066,0.00007492,0.79569740
2067,0.00007484,0.79577224
2068,0.00007480,0.79584704
2069,0.00007474,0.79592177
2070,0.00007471,0.79599648
2071,0.00007467,0.79607115
2072,0.00007461,0.79614577
2073,0.00007457,0.79622034
2074,0.00007454,0.79629488
2075,0.00007448,0.79636936
2076,0.00007444,0.79644380
2077,0.00007440,0.79651820
2078,0.00007433,0.79659253
2079,0.00007431,0.79666684
2080,0.00007427,0.79674111
2081,0.00007424,0.79681535
2082,0.00007417,0.79688952
2083,0.00007413,0.79696365
2084,0.00007406,0.79703771
2085,0.00007402,0.79711173
2086,0.00007399,0.79718572
2087,0.00007397,0.79725969
2088,0.00007391,0.79733360
2089,0.00007389,0.79740749
2090,0.00007380,0.79748129
2091,0.00007379,0.79755508
2092,0.00007377,0.79762885
2093,0.00007370,0.79770255
2094,0.00007366,0.79777621
2095,0.00007361,0.79784982
2096,0.00007358,0.79792341
2097,0.00007358,0.79799698
2098,0.00007352,0.79807050
2099,0.00007349,0.79814399
2100,0.00007346,0.79821745
2101,0.00007339,0.79829084
2102,0.00007335,0.79836419
2103,0.00007334,0.79843753
2104,0.00007326,0.79851080
2105,0.00007325,0.79858405
2106,0.00007319,0.79865724
2107,0.00007317,0.79873041
2108,0.00007309,0.79880350
2109,0.00007304,0.79887654
2110,0.00007301,0.79894955
2111,0.00007298,0.79902253
2112,0.00007294,0.79909547
2113,0.00007294,0.79916841
2114,0.00007288,0.79924129
2115,0.00007285,0.79931415
2116,0.00007281,0.79938695
2117,0.00007276,0.79945971
2118,0.00007272,0.79953244
2119,0.00007263,0.79960507
2120,0.00007259,0.79967766
2121,0.00007259,0.79975025
2122,0.00007255,0.79982280
2123,0.00007251,0.79989531
2124,0.00007249,0.79996780
2125,0.00007244,0.80004025
2126,0.00007236,0.80011260
2127,0.00007230,0.80018491
2128,0.00007228,0.80025718
2129,0.00007224,0.80032942
2130,0.00007223,0.80040165
2131,0.00007218,0.80047384
2132,0.00007215,0.80054599
2133,0.00007211,0.80061810
2134,0.00007208,0.80069018
2135,0.00007204,0.80076222
2136,0.00007199,0.80083421
2137,0.00007196,0.80090617
2138,0.00007192,0.80097809
2139,0.00007188,0.80104997
2140,0.00007187,0.80112185
2141,0.00007186,0.80119370
2142,0.00007178,0.80126548
2143,0.00007177,0.80133725
2144,0.00007168,0.80140893
2145,0.00007160,0.80148053
2146,0.00007158,0.80155211
2147,0.00007156,0.80162367
2148,0.00007147,0.80169515
2149,0.00007145,0.80176660
2150,0.00007140,0.80183800
2151,0.00007139,0.80190939
2152,0.00007135,0.80198074
2153,0.00007133,0.80205207
2154,0.00007127,0.80212334
2155,0.00007121,0.80219456
2156,0.00007117,0.80226573
2157,0.00007112,0.80233684
2158,0.00007108,0.80240793
2159,0.00007107,0.80247900
2160,0.00007101,0.80255001
2161,0.00007100,0.80262101
2162,0.00007091,0.80269193
2163,0.00007090,0.80276282
2164,0.00007086,0.80283368
2165,0.00007081,0.80290450
2166,0.00007074,0.80297523
2167,0.00007070,0.80304593
2168,0.00007069,0.80311662
2169,0.00007066,0.80318728
2170,0.00007065,0.80325792
2171,0.00007058,0.80332850
2172,0.00007056,0.80339906
2173,0.00007051,0.80346957
2174,0.00007047,0.80354005
2175,0.00007044,0.80361049
2176,0.00007042,0.80368091
2177,0.00007034,0.80375125
2178,0.00007032,0.80382157
2179,0.00007031,0.80389188
2180,0.00007024,0.80396211
2181,0.00007022,0.80403233
2182,0.00007018,0.80410251
2183,0.00007012,0.80417263
2184,0.00007008,0.80424271
2185,0.00007006,0.80431277
2186,0.00007003,0.80438279
2187,0.00006998,0.80445278
2188,0.00006996,0.80452273
2189,0.00006993,0.80459267
2190,0.00006987,0.80466254
2191,0.00006984,0.80473238
2192,0.00006980,0.80480217
2193,0.00006975,0.80487193
2194,0.00006973,0.80494166
2195,0.00006968,0.80501134
2196,0.00006965,0.80508099
2197,0.00006958,0.80515057
2198,0.00006956,0.80522013
2199,0.00006954,0.80528967
2200,0.00006950,0.80535917
2201,0.00006945,0.80542862
2202,0.00006943,0.80549804
2203,0.00006936,0.80556740
2204,0.00006932,0.80563673
2205,0.00006927,0.80570599
2206,0.00006925,0.80577525
2207,0.00006922,0.80584447
2208,0.00006921,0.80591368
2209,0.00006915,0.80598284
2210,0.00006913,0.80605196
2211,0.00006909,0.80612105
2212,0.00006905,0.80619010
2213,0.00006903,0.80625913
2214,0.00006896,0.80632809
2215,0.00006891,0.80639700
2216,0.00006886,0.80646586
2217,0.00006884,0.80653471
2218,0.00006880,0.80660350
2219,0.00006875,0.80667225
2220,0.00006873,0.80674098
2221,0.00006871,0.80680969
2222,0.00006868,0.80687837
2223,0.00006862,0.80694699
2224,0.00006859,0.80701558
2225,0.00006857,0.80708415
2226,0.00006853,0.80715268
2227,0.00006849,0.80722117
2228,0.00006846,0.80728963
2229,0.00006844,0.80735807
2230,0.00006839,0.80742646
2231,0.00006837,0.80749483
2232,0.00006835,0.80756317
2233,0.00006826,0.80763144
2234,0.00006823,0.80769967
2235,0.00006817,0.80776784
2236,0.00006816,0.80783600
2237,0.00006812,0.80790412
2238,0.00006810,0.80797221
2239,0.00006804,0.80804025
2240,0.00006799,0.80810825
2241,0.00006795,0.80817620
2242,0.00006792,0.80824412
2243,0.00006788,0.80831199
2244,0.00006785,0.80837985
2245,0.00006783,0.80844768
2246,0.00006778,0.80851546
2247,0.00006775,0.80858321
2248,0.00006771,0.80865093
2249,0.00006767,0.80871860
2250,0.00006759,0.80878618
2251,0.00006758,0.80885376
2252,0.00006757,0.80892134
2253,0.00006750,0.80898883
2254,0.00006748,0.80905632
2255,0.00006747,0.80912379
2256,0.00006742,0.80919120
2257,0.00006741,0.80925861
2258,0.00006735,0.80932597
2259,0.00006733,0.80939329
2260,0.00006728,0.80946057
2261,0.00006724,0.80952781
2262,0.00006722,0.80959503
2263,0.00006720,0.80966224
2264,0.00006717,0.80972941
2265,0.00006713,0.80979654
2266,0.00006710,0.80986363
2267,0.00006705,0.80993069
2268,0.00006700,0.80999768
2269,0.00006697,0.81006465
2270,0.00006696,0.81013160
2271,0.00006694,0.81019854
2272,0.00006687,0.81026542
2273,0.00006685,0.81033226
2274,0.00006680,0.81039906
2275,0.00006678,0.81046584
2276,0.00006673,0.81053257
2277,0.00006666,0.81059923
2278,0.00006664,0.81066587
2279,0.00006662,0.81073249
2280,0.00006660,0.81079909
2281,0.00006657,0.81086566
2282,0.00006655,0.81093221
2283,0.00006653,0.81099875
2284,0.00006648,0.81106523
2285,0.00006645,0.81113168
2286,0.00006642,0.81119810
2287,0.00006640,0.81126449
2288,0.00006633,0.81133083
2289,0.00006632,0.81139715
2290,0.00006629,0.81146344
2291,0.00006625,0.81152969
2292,0.00006618,0.81159587
2293,0.00006616,0.81166203
2294,0.00006610,0.81172813
2295,0.00006609,0.81179422
2296,0.00006606,0.81186028
2297,0.00006602,0.81192630
2298,0.00006599,0.81199229
2299,0.00006595,0.81205824
2300,0.00006593,0.81212416
2301,0.00006586,0.81219003
2302,0.00006583,0.81225586
2303,0.00006578,0.81232164
2304,0.00006577,0.81238741
2305,0.00006575,0.81245316
2306,0.00006570,0.81251887
2307,0.00006566,0.81258453
2308,0.00006563,0.81265016
2309,0.00006559,0.81271575
2310,0.00006557,0.81278132
2311,0.00006556,0.81284688
2312,0.00006552,0.81291240
2313,0.00006549,0.81297789
2314,0.00006548,0.81304337
2315,0.00006543,0.81310879
2316,0.00006541,0.81317420
2317,0.00006537,0.81323956
2318,0.00006533,0.81330489
2319,0.00006527,0.81337017
2320,0.00006523,0.81343540
2321,0.00006520,0.81350060
2322,0.00006515,0.81356575
2323,0.00006515,0.81363090
2324,0.00006510,0.81369600
2325,0.00006506,0.81376105
2326,0.00006505,0.81382610
2327,0.00006501,0.81389111
2328,0.00006496,0.81395606
2329,0.00006495,0.81402101
2330,0.00006492,0.81408594
2331,0.00006490,0.81415083
2332,0.00006486,0.81421570
2333,0.00006484,0.81428054
2334,0.00006483,0.81434537
2335,0.00006477,0.81441014
2336,0.00006475,0.81447489
2337,0.00006469,0.81453958
2338,0.00006467,0.81460425
2339,0.00006459,0.81466885
2340,0.00006457,0.81473341
2341,0.00006453,0.81479795
2342,0.00006452,0.81486247
2343,0.00006448,0.81492695
2344,0.00006442,0.81499137
2345,0.00006438,0.81505575
2346,0.00006433,0.81512008
2347,0.00006433,0.81518441
2348,0.00006427,0.81524868
2349,0.00006426,0.81531294
2350,0.00006424,0.81537718
2351,0.00006422,0.81544141
2352,0.00006419,0.81550560
2353,0.00006415,0.81556975
2354,0.00006411,0.81563386
2355,0.00006409,0.81569795
2356,0.00006406,0.81576201
2357,0.00006400,0.81582600
2358,0.00006397,0.81588998
2359,0.00006394,0.81595392
2360,0.00006387,0.81601779
2361,0.00006383,0.81608162
2362,0.00006382,0.81614544
2363,0.00006379,0.81620923
2364,0.00006377,0.81627300
2365,0.00006373,0.81633672
2366,0.00006369,0.81640041
2367,0.00006368,0.81646409
2368,0.00006364,0.81652773
2369,0.00006359,0.81659132
2370,0.00006357,0.81665489
2371,0.00006350,0.81671839
2372,0.00006347,0.81678186
2373,0.00006345,0.81684531
2374,0.00006342,0.81690873
2375,0.00006339,0.81697212
2376,0.00006336,0.81703547
2377,0.00006334,0.81709881
2378,0.00006333,0.81716214
2379,0.00006327,0.81722541
2380,0.00006325,0.81728866
2381,0.00006321,0.81735187
2382,0.00006318,0.81741505
2383,0.00006314,0.81747819
2384,0.00006313,0.81754132
2385,0.00006305,0.81760438
2386,0.00006303,0.81766741
2387,0.00006302,0.81773042
2388,0.00006298,0.81779340
2389,0.00006296,0.81785636
2390,0.00006292,0.81791928
2391,0.00006290,0.81798218
2392,0.00006286,0.81804504
2393,0.00006284,0.81810787
2394,0.00006279,0.81817067
2395,0.00006275,0.81823342
2396,0.00006275,0.81829617
2397,0.00006270,0.81835887
2398,0.00006267,0.81842153
2399,0.00006265,0.81848419
2400,0.00006259,0.81854678
2401,0.00006258,0.81860936
2402,0.00006256,0.81867192
2403,0.00006252,0.81873445
2404,0.00006249,0.81879693
2405,0.00006245,0.81885938
2406,0.00006242,0.81892180
2407,0.00006239,0.81898419
2408,0.00006236,0.81904655
2409,0.00006233,0.81910888
2410,0.00006229,0.81917117
2411,0.00006228,0.81923345
2412,0.00006223,0.81929568
2413,0.00006220,0.81935788
2414,0.00006218,0.81942006
2415,0.00006213,0.81948219
2416,0.00006210,0.81954429
2417,0.00006208,0.81960637
2418,0.00006208,0.81966845
2419,0.00006204,0.81973048
2420,0.00006201,0.81979249
2421,0.00006196,0.81985446
2422,0.00006194,0.81991640
2423,0.00006190,0.81997830
2424,0.00006188,0.82004018
2425,0.00006182,0.82010201
2426,0.00006182,0.82016382
2427,0.00006179,0.82022562
2428,0.00006176,0.82028738
2429,0.00006172,0.82034910
2430,0.00006171,0.82041081
2431,0.00006169,0.82047250
2432,0.00006163,0.82053413
2433,0.00006161,0.82059573
2434,0.00006158,0.82065731
2435,0.00006155,0.82071885
2436,0.00006149,0.82078034
2437,0.00006145,0.82084180
2438,0.00006143,0.82090322
2439,0.00006139,0.82096461
2440,0.00006138,0.82102598
2441,0.00006135,0.82108733
2442,0.00006133,0.82114866
2443,0.00006129,0.82120995
2444,0.00006123,0.82127118
2445,0.00006121,0.82133239
2446,0.00006119,0.82139358
2447,0.00006116,0.82145474
2448,0.00006114,0.82151588
2449,0.00006109,0.82157698
2450,0.00006107,0.82163804
2451,0.00006104,0.82169908
2452,0.00006100,0.82176008
2453,0.00006097,0.82182105
2454,0.00006094,0.82188199
2455,0.00006092,0.82194291
2456,0.00006088,0.82200379
2457,0.00006086,0.82206465
2458,0.00006082,0.82212547
2459,0.00006078,0.82218624
2460,0.00006075,0.82224699
2461,0.00006072,0.82230771
2462,0.00006071,0.82236843
2463,0.00006068,0.82242911
2464,0.00006066,0.82248977
2465,0.00006064,0.82255041
2466,0.00006060,0.82261101
2467,0.00006058,0.82267159
2468,0.00006055,0.82273214
2469,0.00006052,0.82279266
2470,0.00006049,0.82285315
2471,0.00006045,0.82291360
2472,0.00006043,0.82297403
2473,0.00006039,0.82303442
2474,0.00006037,0.82309479
2475,0.00006034,0.82315513
2476,0.00006029,0.82321542
2477,0.00006026,0.82327568
2478,0.00006023,0.82333591
2479,0.00006021,0.82339612
2480,0.00006015,0.82345627
2481,0.00006012,0.82351639
2482,0.00006010,0.82357649
2483,0.00006008,0.82363657
2484,0.00006006,0.82369663
2485,0.00006001,0.82375664
2486,0.00005999,0.82381663
2487,0.00005997,0.82387660
2488,0.00005994,0.82393654
2489,0.00005992,0.82399645
2490,0.00005988,0.82405633
2491,0.00005983,0.82411616
2492,0.00005980,0.82417596
2493,0.00005978,0.82423575
2494,0.00005977,0.82429552
2495,0.00005972,0.82435524
2496,0.00005971,0.82441495
2497,0.00005966,0.82447460
2498,0.00005963,0.82453423
2499,0.00005960,0.82459384
2500,0.00005958,0.82465341
2501,0.00005957,0.82471299
2502,0.00005952,0.82477250
2503,0.00005949,0.82483199
2504,0.00005948,0.82489147
2505,0.00005944,0.82495091
2506,0.00005941,0.82501032
2507,0.00005939,0.82506971
2508,0.00005934,0.82512904
2509,0.00005932,0.82518836
2510,0.00005930,0.82524766
2511,0.00005927,0.82530693
2512,0.00005924,0.82536617
2513,0.00005920,0.82542537
2514,0.00005919,0.82548455
2515,0.00005912,0.82554368
2516,0.00005910,0.82560278
2517,0.00005908,0.82566185
2518,0.00005906,0.82572092
2519,0.00005904,0.82577996
2520,0.00005899,0.82583895
2521,0.00005897,0.82589792
2522,0.00005896,0.82595687
2523,0.00005891,0.82601578
2524,0.00005887,0.82607466
2525,0.00005886,0.82613352
2526,0.00005884,0.82619236
2527,0.00005881,0.82625117
2528,0.00005878,0.82630995
2529,0.00005874,0.82636869
2530,0.00005872,0.82642741
2531,0.00005870,0.82648611
2532,0.00005869,0.82654480
2533,0.00005866,0.82660346
2534,0.00005860,0.82666206
2535,0.00005857,0.82672063
2536,0.00005854,0.82677917
2537,0.00005853,0.82683770
2538,0.00005851,0.82689621
2539,0.00005849,0.82695470
2540,0.00005844,0.82701314
2541,0.00005842,0.82707157
2542,0.00005841,0.82712998
2543,0.00005838,0.82718836
2544,0.00005835,0.82724671
2545,0.00005834,0.82730505
2546,0.00005829,0.82736334
2547,0.00005824,0.82742158
2548,0.00005822,0.82747980
2549,0.00005821,0.82753801
2550,0.00005816,0.82759617
2551,0.00005814,0.82765431
2552,0.00005812,0.82771243
2553,0.00005809,0.82777052
2554,0.00005808,0.82782860
2555,0.00005806,0.82788665
2556,0.00005801,0.82794466
2557,0.00005799,0.82800265
2558,0.00005797,0.82806061
2559,0.00005793,0.82811854
2560,0.00005791,0.82817645
2561,0.00005788,0.82823433
2562,0.00005786,0.82829219
2563,0.00005781,0.82835000
2564,0.00005780,0.82840780
2565,0.00005777,0.82846557
2566,0.00005775,0.82852332
2567,0.00005770,0.82858102
2568,0.00005768,0.82863870
2569,0.00005764,0.82869634
2570,0.00005762,0.82875395
2571,0.00005759,0.82881154
2572,0.00005758,0.82886912
2573,0.00005755,0.82892667
2574,0.00005749,0.82898416
2575,0.00005748,0.82904164
2576,0.00005745,0.82909909
2577,0.00005742,0.82915651
2578,0.00005741,0.82921392
2579,0.00005740,0.82927132
2580,0.00005732,0.82932865
2581,0.00005731,0.82938596
2582,0.00005729,0.82944325
2583,0.00005727,0.82950052
2584,0.00005725,0.82955777
2585,0.00005722,0.82961498
2586,0.00005721,0.82967220
2587,0.00005714,0.82972934
2588,0.00005713,0.82978646
2589,0.00005710,0.82984357
2590,0.00005708,0.82990065
2591,0.00005706,0.82995771
2592,0.00005705,0.83001476
2593,0.00005701,0.83007176
2594,0.00005699,0.83012875
2595,0.00005697,0.83018572
2596,0.00005695,0.83024267
2597,0.00005693,0.83029959
2598,0.00005688,0.83035647
2599,0.00005685,0.83041333
2600,0.00005684,0.83047017
2601,0.00005680,0.83052696
2602,0.00005679,0.83058375
2603,0.00005677,0.83064053
2604,0.00005677,0.83069729
2605,0.00005670,0.83075400
2606,0.00005668,0.83081068
2607,0.00005667,0.83086734
2608,0.00005664,0.83092398
2609,0.00005662,0.83098060
2610,0.00005660,0.83103720
2611,0.00005657,0.83109377
2612,0.00005652,0.83115029
2613,0.00005650,0.83120679
2614,0.00005649,0.83126328
2615,0.00005645,0.83131973
2616,0.00005641,0.83137614
2617,0.00005638,0.83143252
2618,0.00005635,0.83148886
2619,0.00005630,0.83154516
2620,0.00005629,0.83160146
2621,0.00005627,0.83165772
2622,0.00005624,0.83171397
2623,0.00005620,0.83177017
2624,0.00005618,0.83182635
2625,0.00005617,0.83188252
2626,0.00005612,0.83193864
2627,0.00005609,0.83199473
2628,0.00005607,0.83205080
2629,0.00005604,0.83210684
2630,0.00005603,0.83216288
2631,0.00005601,0.83221888
2632,0.00005597,0.83227485
2633,0.00005596,0.83233081
2634,0.00005592,0.83238673
2635,0.00005589,0.83244262
2636,0.00005587,0.83249850
2637,0.00005585,0.83255435
2638,0.00005584,0.83261019
2639,0.00005579,0.83266597
2640,0.00005577,0.83272175
2641,0.00005575,0.83277749
2642,0.00005571,0.83283321
2643,0.00005571,0.83288892
2644,0.00005570,0.83294461
2645,0.00005565,0.83300027
2646,0.00005561,0.83305588
2647,0.00005558,0.83311146
2648,0.00005558,0.83316703
2649,0.00005554,0.83322258
2650,0.00005553,0.83327810
2651,0.00005549,0.83333359
2652,0.00005545,0.83338904
2653,0.00005542,0.83344446
2654,0.00005541,0.83349988
2655,0.00005540,0.83355527
2656,0.00005537,0.83361064
2657,0.00005533,0.83366597
2658,0.00005531,0.83372128
2659,0.00005530,0.83377658
2660,0.00005527,0.83383186
2661,0.00005525,0.83388711
2662,0.00005521,0.83394232
2663,0.00005521,0.83399753
2664,0.00005517,0.83405270
2665,0.00005513,0.83410783
2666,0.00005510,0.83416293
2667,0.00005508,0.83421801
2668,0.00005507,0.83427308
2669,0.00005503,0.83432810
2670,0.00005501,0.83438311
2671,0.00005495,0.83443806
2672,0.00005492,0.83449298
2673,0.00005490,0.83454788
2674,0.00005487,0.83460274
2675,0.00005486,0.83465760
2676,0.00005482,0.83471242
2677,0.00005480,0.83476722
2678,0.00005479,0.83482201
2679,0.00005473,0.83487674
2680,0.00005471,0.83493146
2681,0.00005469,0.83498614
2682,0.00005467,0.83504081
2683,0.00005463,0.83509544
2684,0.00005461,0.83515005
2685,0.00005458,0.83520463
2686,0.00005457,0.83525920
2687,0.00005454,0.83531374
2688,0.00005451,0.83536825
2689,0.00005448,0.83542273
2690,0.00005447,0.83547720
2691,0.00005443,0.83553163
2692,0.00005443,0.83558606
2693,0.00005438,0.83564044
2694,0.00005435,0.83569479
2695,0.00005434,0.83574913
2696,0.00005431,0.83580344
2697,0.00005430,0.83585773
2698,0.00005428,0.83591202
2699,0.00005427,0.83596629
2700,0.00005426,0.83602055
2701,0.00005422,0.83607476
2702,0.00005421,0.83612897
2703,0.00005416,0.83618313
2704,0.00005414,0.83623727
2705,0.00005412,0.83629138
2706,0.00005411,0.83634549
2707,0.00005407,0.83639956
2708,0.00005403,0.83645358
2709,0.00005401,0.83650759
2710,0.00005399,0.83656159
2711,0.00005395,0.83661553
2712,0.00005393,0.83666947
2713,0.00005388,0.83672335
2714,0.00005387,0.83677722
2715,0.00005384,0.83683105
2716,0.00005382,0.83688487
2717,0.00005382,0.83693869
2718,0.00005379,0.83699248
2719,0.00005378,0.83704626
2720,0.00005374,0.83710000
2721,0.00005374,0.83715374
2722,0.00005370,0.83720744
2723,0.00005368,0.83726112
2724,0.00005365,0.83731476
2725,0.00005363,0.83736839
2726,0.00005359,0.83742198
2727,0.00005358,0.83747555
2728,0.00005353,0.83752909
2729,0.00005353,0.83758262
2730,0.00005349,0.83763611
2731,0.00005346,0.83768957
2732,0.00005343,0.83774300
2733,0.00005343,0.83779643
2734,0.00005341,0.83784984
2735,0.00005337,0.83790321
2736,0.00005336,0.83795657
2737,0.00005334,0.83800991
2738,0.00005331,0.83806322
2739,0.00005328,0.83811650
2740,0.00005327,0.83816978
2741,0.00005325,0.83822303
2742,0.00005322,0.83827625
2743,0.00005321,0.83832946
2744,0.00005315,0.83838261
2745,0.00005313,0.83843574
2746,0.00005311,0.83848886
2747,0.00005311,0.83854196
2748,0.00005308,0.83859504
2749,0.00005306,0.83864810
2750,0.00005303,0.83870114
2751,0.00005300,0.83875413
2752,0.00005298,0.83880711
2753,0.00005296,0.83886007
2754,0.00005294,0.83891302
2755,0.00005293,0.83896594
2756,0.00005286,0.83901880
2757,0.00005283,0.83907163
2758,0.00005280,0.83912443
2759,0.00005277,0.83917720
2760,0.00005276,0.83922996
2761,0.00005275,0.83928271
2762,0.00005273,0.83933544
2763,0.00005270,0.83938814
2764,0.00005265,0.83944079
2765,0.00005263,0.83949342
2766,0.00005262,0.83954604
2767,0.00005260,0.83959865
2768,0.00005257,0.83965122
2769,0.00005256,0.83970378
2770,0.00005251,0.83975629
2771,0.00005249,0.83980878
2772,0.00005249,0.83986127
2773,0.00005245,0.83991372
2774,0.00005244,0.83996616
2775,0.00005240,0.84001856
2776,0.00005239,0.84007095
2777,0.00005235,0.84012330
2778,0.00005233,0.84017563
2779,0.00005232,0.84022795
2780,0.00005229,0.84028024
2781,0.00005227,0.84033251
2782,0.00005224,0.84038474
2783,0.00005223,0.84043697
2784,0.00005220,0.84048917
2785,0.00005220,0.84054137
2786,0.00005218,0.84059355
2787,0.00005214,0.84064569
2788,0.00005213,0.84069782
2789,0.00005212,0.84074994
2790,0.00005207,0.84080201
2791,0.00005205,0.84085406
2792,0.00005202,0.84090608
2793,0.00005200,0.84095808
2794,0.00005198,0.84101007
2795,0.00005196,0.84106203
2796,0.00005195,0.84111398
2797,0.00005192,0.84116590
2798,0.00005190,0.84121780
2799,0.00005189,0.84126969
2800,0.00005187,0.84132156
2801,0.00005185,0.84137342
2802,0.00005182,0.84142523
2803,0.00005181,0.84147705
2804,0.00005180,0.84152884
2805,0.00005178,0.84158062
2806,0.00005174,0.84163236
2807,0.00005171,0.84168407
2808,0.00005169,0.84173576
2809,0.00005167,0.84178743
2810,0.00005164,0.84183907
2811,0.00005162,0.84189070
2812,0.00005160,0.84194229
2813,0.00005157,0.84199386
2814,0.00005156,0.84204542
2815,0.00005151,0.84209693
2816,0.00005150,0.84214843
2817,0.00005148,0.84219991
2818,0.00005143,0.84225134
2819,0.00005140,0.84230275
2820,0.00005139,0.84235414
2821,0.00005138,0.84240552
2822,0.00005135,0.84245686
2823,0.00005133,0.84250819
2824,0.00005129,0.84255948
2825,0.00005126,0.84261074
2826,0.00005124,0.84266198
2827,0.00005121,0.84271320
2828,0.00005118,0.84276438
2829,0.00005116,0.84281555
2830,0.00005116,0.84286671
2831,0.00005113,0.84291783
2832,0.00005111,0.84296894
2833,0.00005108,0.84302002
2834,0.00005105,0.84307107
2835,0.00005104,0.84312211
2836,0.00005102,0.84317313
2837,0.00005100,0.84322413
2838,0.00005098,0.84327511
2839,0.00005095,0.84332605
2840,0.00005094,0.84337699
2841,0.00005093,0.84342792
2842,0.00005087,0.84347879
2843,0.00005086,0.84352966
2844,0.00005084,0.84358050
2845,0.00005083,0.84363133
2846,0.00005080,0.84368213
2847,0.00005079,0.84373292
2848,0.00005074,0.84378366
2849,0.00005074,0.84383440
2850,0.00005072,0.84388512
2851,0.00005069,0.84393581
2852,0.00005067,0.84398648
2853,0.00005065,0.84403713
2854,0.00005063,0.84408776
2855,0.00005062,0.84413838
2856,0.00005059,0.84418897
2857,0.00005054,0.84423951
2858,0.00005053,0.84429004
2859,0.00005050,0.84434055
2860,0.00005048,0.84439103
2861,0.00005045,0.84444148
2862,0.00005044,0.84449192
2863,0.00005041,0.84454233
2864,0.00005039,0.84459272
2865,0.00005037,0.84464309
2866,0.00005035,0.84469344
2867,0.00005031,0.84474375
2868,0.00005029,0.84479404
2869,0.00005027,0.84484431
2870,0.00005025,0.84489456
2871,0.00005023,0.84494479
2872,0.00005020,0.84499499
2873,0.00005019,0.84504518
2874,0.00005018,0.84509535
2875,0.00005015,0.84514550
2876,0.00005014,0.84519564
2877,0.00005009,0.84524573
2878,0.00005008,0.84529581
2879,0.00005006,0.84534587
2880,0.00005003,0.84539590
2881,0.00005000,0.84544590
2882,0.00005000,0.84549590
2883,0.00004998,0.84554588
2884,0.00004997,0.84559585
2885,0.00004992,0.84564577
2886,0.00004990,0.84569567
2887,0.00004987,0.84574554
2888,0.00004986,0.84579540
2889,0.00004984,0.84584524
2890,0.00004981,0.84589505
2891,0.00004978,0.84594484
2892,0.00004976,0.84599460
2893,0.00004975,0.84604435
2894,0.00004974,0.84609408
2895,0.00004971,0.84614380
2896,0.00004968,0.84619348
2897,0.00004968,0.84624316
2898,0.00004961,0.84629277
2899,0.00004960,0.84634237
2900,0.00004959,0.84639196
2901,0.00004957,0.84644153
2902,0.00004956,0.84649109
2903,0.00004954,0.84654062
2904,0.00004952,0.84659014
2905,0.00004951,0.84663965
2906,0.00004950,0.84668915
2907,0.00004946,0.84673861
2908,0.00004945,0.84678806
2909,0.00004942,0.84683747
2910,0.00004940,0.84688687
2911,0.00004938,0.84693625
2912,0.00004936,0.84698562
2913,0.00004934,0.84703495
2914,0.00004933,0.84708429
2915,0.00004932,0.84713361
2916,0.00004930,0.84718291
2917,0.00004926,0.84723216
2918,0.00004923,0.84728139
2919,0.00004920,0.84733059
2920,0.00004917,0.84737976
2921,0.00004916,0.84742892
2922,0.00004913,0.84747805
2923,0.00004911,0.84752716
2924,0.00004910,0.84757626
2925,0.00004907,0.84762534
2926,0.00004905,0.84767438
2927,0.00004902,0.84772341
2928,0.00004902,0.84777243
2929,0.00004901,0.84782144
2930,0.00004897,0.84787041
2931,0.00004896,0.84791936
2932,0.00004893,0.84796830
2933,0.00004891,0.84801721
2934,0.00004890,0.84806610
2935,0.00004885,0.84811496
2936,0.00004884,0.84816379
2937,0.00004883,0.84821262
2938,0.00004882,0.84826144
2939,0.00004880,0.84831025
2940,0.00004877,0.84835902
2941,0.00004875,0.84840777
2942,0.00004874,0.84845651
2943,0.00004873,0.84850524
2944,0.00004871,0.84855395
2945,0.00004870,0.84860265
2946,0.00004865,0.84865130
2947,0.00004863,0.84869993
2948,0.00004859,0.84874853
2949,0.00004859,0.84879712
2950,0.00004857,0.84884569
2951,0.00004853,0.84889422
2952,0.00004851,0.84894273
2953,0.00004849,0.84899121
2954,0.00004848,0.84903969
2955,0.00004844,0.84908813
2956,0.00004842,0.84913656
2957,0.00004840,0.84918496
2958,0.00004838,0.84923334
2959,0.00004837,0.84928171
2960,0.00004834,0.84933004
2961,0.00004832,0.84937836
2962,0.00004830,0.84942667
2963,0.00004827,0.84947493
2964,0.00004825,0.84952318
2965,0.00004823,0.84957141
2966,0.00004821,0.84961962
2967,0.00004820,0.84966782
2968,0.00004819,0.84971601
2969,0.00004817,0.84976417
2970,0.00004813,0.84981231
2971,0.00004811,0.84986042
2972,0.00004809,0.84990851
2973,0.00004808,0.84995658
2974,0.00004804,0.85000463
2975,0.00004802,0.85005264
2976,0.00004801,0.85010065
2977,0.00004800,0.85014865
2978,0.00004797,0.85019662
2979,0.00004793,0.85024455
2980,0.00004791,0.85029245
2981,0.00004790,0.85034035
2982,0.00004788,0.85038824
2983,0.00004786,0.85043609
2984,0.00004784,0.85048393
2985,0.00004783,0.85053176
2986,0.00004780,0.85057956
2987,0.00004778,0.85062735
2988,0.00004777,0.85067512
2989,0.00004775,0.85072287
2990,0.00004774,0.85077061
2991,0.00004771,0.85081832
2992,0.00004769,0.85086601
2993,0.00004768,0.85091369
2994,0.00004766,0.85096135
2995,0.00004763,0.85100898
2996,0.00004760,0.85105658
2997,0.00004759,0.85110417
2998,0.00004757,0.85115174
2999,0.00004756,0.85119930
3000,0.00004752,0.85124682
3001,0.00004751,0.85129433
3002,0.00004750,0.85134184
3003,0.00004748,0.85138932
3004,0.00004747,0.85143679
3005,0.00004744,0.85148422
3006,0.00004742,0.85153165
3007,0.00004740,0.85157905
3008,0.00004738,0.85162643
3009,0.00004735,0.85167378
3010,0.00004734,0.85172111
3011,0.00004731,0.85176843
3012,0.00004729,0.85181571
3013,0.00004727,0.85186298
3014,0.00004724,0.85191022
3015,0.00004722,0.85195745
3016,0.00004722,0.85200466
3017,0.00004719,0.85205185
3018,0.00004717,0.85209902
3019,0.00004715,0.85214617
3020,0.00004713,0.85219330
3021,0.00004711,0.85224041
3022,0.00004711,0.85228752
3023,0.00004709,0.85233461
3024,0.00004707,0.85238168
3025,0.00004706,0.85242874
3026,0.00004703,0.85247577
3027,0.00004702,0.85252279
3028,0.00004698,0.85256978
3029,0.00004695,0.85261672
3030,0.00004692,0.85266364
3031,0.00004690,0.85271054
3032,0.00004689,0.85275743
3033,0.00004688,0.85280431
3034,0.00004686,0.85285117
3035,0.00004684,0.85289801
3036,0.00004681,0.85294482
3037,0.00004680,0.85299162
3038,0.00004677,0.85303839
3039,0.00004676,0.85308515
3040,0.00004675,0.85313190
3041,0.00004673,0.85317864
3042,0.00004672,0.85322536
3043,0.00004671,0.85327207
3044,0.00004666,0.85331873
3045,0.00004666,0.85336539
3046,0.00004664,0.85341203
3047,0.00004662,0.85345865
3048,0.00004661,0.85350527
3049,0.00004659,0.85355185
3050,0.00004656,0.85359841
3051,0.00004655,0.85364496
3052,0.00004654,0.85369150
3053,0.00004653,0.85373803
3054,0.00004648,0.85378450
3055,0.00004645,0.85383095
3056,0.00004644,0.85387739
3057,0.00004642,0.85392381
3058,0.00004642,0.85397022
3059,0.00004640,0.85401662
3060,0.00004636,0.85406298
3061,0.00004634,0.85410932
3062,0.00004632,0.85415564
3063,0.00004632,0.85420196
3064,0.00004631,0.85424827
3065,0.00004628,0.85429455
3066,0.00004628,0.85434082
3067,0.00004623,0.85438705
3068,0.00004622,0.85443328
3069,0.00004619,0.85447946
3070,0.00004616,0.85452563
3071,0.00004616,0.85457178
3072,0.00004614,0.85461792
3073,0.00004613,0.85466405
3074,0.00004610,0.85471015
3075,0.00004606,0.85475621
3076,0.00004605,0.85480226
3077,0.00004602,0.85484828
3078,0.00004600,0.85489429
3079,0.00004599,0.85494028
3080,0.00004596,0.85498623
3081,0.00004595,0.85503219
3082,0.00004595,0.85507814
3083,0.00004592,0.85512405
3084,0.00004589,0.85516994
3085,0.00004589,0.85521583
3086,0.00004588,0.85526171
3087,0.00004584,0.85530755
3088,0.00004580,0.85535335
3089,0.00004576,0.85539912
3090,0.00004574,0.85544486
3091,0.00004573,0.85549059
3092,0.00004573,0.85553632
3093,0.00004571,0.85558203
3094,0.00004568,0.85562770
3095,0.00004565,0.85567335
3096,0.00004564,0.85571899
3097,0.00004562,0.85576462
3098,0.00004560,0.85581021
3099,0.00004557,0.85585578
3100,0.00004556,0.85590134
3101,0.00004555,0.85594689
3102,0.00004552,0.85599241
3103,0.00004552,0.85603793
3104,0.00004550,0.85608343
3105,0.00004548,0.85612891
3106,0.00004545,0.85617436
3107,0.00004545,0.85621981
3108,0.00004544,0.85626525
3109,0.00004541,0.85631066
3110,0.00004539,0.85635605
3111,0.00004537,0.85640142
3112,0.00004536,0.85644678
3113,0.00004533,0.85649211
3114,0.00004533,0.85653744
3115,0.00004530,0.85658274
3116,0.00004529,0.85662803
3117,0.00004527,0.85667330
3118,0.00004525,0.85671855
3119,0.00004522,0.85676378
3120,0.00004520,0.85680898
3121,0.00004518,0.85685416
3122,0.00004517,0.85689933
3123,0.00004516,0.85694449
3124,0.00004514,0.85698963
3125,0.00004512,0.85703475
3126,0.00004512,0.85707986
3127,0.00004508,0.85712494
3128,0.00004506,0.85717000
3129,0.00004504,0.85721504
3130,0.00004502,0.85726006
3131,0.00004500,0.85730506
3132,0.00004498,0.85735004
3133,0.00004497,0.85739502
3134,0.00004496,0.85743997
3135,0.00004494,0.85748491
3136,0.00004492,0.85752983
3137,0.00004489,0.85757472
3138,0.00004487,0.85761959
3139,0.00004485,0.85766444
3140,0.00004483,0.85770927
3141,0.00004482,0.85775410
3142,0.00004481,0.85779891
3143,0.00004477,0.85784368
3144,0.00004475,0.85788842
3145,0.00004473,0.85793316
3146,0.00004472,0.85797788
3147,0.00004470,0.85802257
3148,0.00004469,0.85806726
3149,0.00004468,0.85811194
3150,0.00004464,0.85815658
3151,0.00004463,0.85820121
3152,0.00004462,0.85824582
3153,0.00004460,0.85829042
3154,0.00004458,0.85833500
3155,0.00004455,0.85837955
3156,0.00004453,0.85842409
3157,0.00004453,0.85846862
3158,0.00004451,0.85851313
3159,0.00004450,0.85855763
3160,0.00004449,0.85860212
3161,0.00004447,0.85864659
3162,0.00004443,0.85869102
3163,0.00004441,0.85873543
3164,0.00004440,0.85877983
3165,0.00004439,0.85882422
3166,0.00004436,0.85886857
3167,0.00004435,0.85891293
3168,0.00004435,0.85895728
3169,0.00004433,0.85900160
3170,0.00004431,0.85904591
3171,0.00004429,0.85909021
3172,0.00004428,0.85913449
3173,0.00004424,0.85917872
3174,0.00004420,0.85922293
3175,0.00004419,0.85926712
3176,0.00004418,0.85931130
3177,0.00004417,0.85935547
3178,0.00004415,0.85939962
3179,0.00004414,0.85944377
3180,0.00004413,0.85948790
3181,0.00004412,0.85953202
3182,0.00004407,0.85957609
3183,0.00004406,0.85962015
3184,0.00004404,0.85966419
3185,0.00004400,0.85970819
3186,0.00004399,0.85975218
3187,0.00004398,0.85979616
3188,0.00004396,0.85984013
3189,0.00004394,0.85988406
3190,0.00004393,0.85992799
3191,0.00004391,0.85997191
3192,0.00004390,0.86001581
3193,0.00004388,0.86005968
3194,0.00004387,0.86010355
3195,0.00004385,0.86014740
3196,0.00004382,0.86019122
3197,0.00004382,0.86023503
3198,0.00004379,0.86027882
3199,0.00004378,0.86032260
3200,0.00004377,0.86036636
3201,0.00004373,0.86041009
3202,0.00004372,0.86045381
3203,0.00004369,0.86049750
3204,0.00004368,0.86054119
3205,0.00004368,0.86058486
3206,0.00004366,0.86062853
3207,0.00004364,0.86067216
3208,0.00004360,0.86071576
3209,0.00004360,0.86075936
3210,0.00004358,0.86080294
3211,0.00004356,0.86084650
3212,0.00004356,0.86089006
3213,0.00004354,0.86093360
3214,0.00004352,0.86097712
3215,0.00004349,0.86102061
3216,0.00004348,0.86106409
3217,0.00004344,0.86110753
3218,0.00004344,0.86115097
3219,0.00004342,0.86119439
3220,0.00004342,0.86123781
3221,0.00004339,0.86128120
3222,0.00004338,0.86132458
3223,0.00004338,0.86136796
3224,0.00004335,0.86141131
3225,0.00004333,0.86145463
3226,0.00004332,0.86149796
3227,0.00004329,0.86154125
3228,0.00004328,0.86158453
3229,0.00004327,0.86162779
3230,0.00004324,0.86167103
3231,0.00004323,0.86171427
3232,0.00004318,0.86175745
3233,0.00004316,0.86180061
3234,0.00004315,0.86184376
3235,0.00004313,0.86188689
3236,0.00004312,0.86193001
3237,0.00004310,0.86197311
3238,0.00004309,0.86201619
3239,0.00004307,0.86205926
3240,0.00004305,0.86210231
3241,0.00004304,0.86214535
3242,0.00004302,0.86218837
3243,0.00004300,0.86223137
3244,0.00004299,0.86227436
3245,0.00004298,0.86231734
3246,0.00004296,0.86236030
3247,0.00004292,0.86240322
3248,0.00004291,0.86244613
3249,0.00004289,0.86248902
3250,0.00004287,0.86253189
3251,0.00004284,0.86257473
3252,0.00004284,0.86261756
3253,0.00004282,0.86266038
3254,0.00004280,0.86270319
3255,0.00004278,0.86274597
3256,0.00004277,0.86278874
3257,0.00004275,0.86283148
3258,0.00004274,0.86287423
3259,0.00004274,0.86291696
3260,0.00004272,0.86295968
3261,0.00004270,0.86300238
3262,0.00004269,0.86304507
3263,0.00004267,0.86308774
3264,0.00004267,0.86313040
3265,0.00004264,0.86317304
3266,0.00004261,0.86321565
3267,0.00004259,0.86325824
3268,0.00004259,0.86330083
3269,0.00004259,0.86334342
3270,0.00004255,0.86338597
3271,0.00004253,0.86342850
3272,0.00004253,0.86347103
3273,0.00004250,0.86351353
3274,0.00004248,0.86355601
3275,0.00004246,0.86359848
3276,0.00004244,0.86364092
3277,0.00004243,0.86368335
3278,0.00004239,0.86372574
3279,0.00004237,0.86376811
3280,0.00004236,0.86381048
3281,0.00004235,0.86385283
3282,0.00004233,0.86389516
3283,0.00004232,0.86393748
3284,0.00004230,0.86397978
3285,0.00004229,0.86402206
3286,0.00004226,0.86406432
3287,0.00004226,0.86410658
3288,0.00004223,0.86414881
3289,0.00004221,0.86419102
3290,0.00004220,0.86423322
3291,0.00004218,0.86427540
3292,0.00004216,0.86431757
3293,0.00004216,0.86435972
3294,0.00004213,0.86440185
3295,0.00004211,0.86444397
3296,0.00004209,0.86448606
3297,0.00004207,0.86452813
3298,0.00004205,0.86457018
3299,0.00004205,0.86461223
3300,0.00004202,0.86465426
3301,0.00004201,0.86469626
3302,0.00004198,0.86473825
3303,0.00004198,0.86478022
3304,0.00004195,0.86482218
3305,0.00004195,0.86486412
3306,0.00004192,0.86490605
3307,0.00004191,0.86494796
3308,0.00004190,0.86498985
3309,0.00004188,0.86503173
3310,0.00004187,0.86507360
3311,0.00004184,0.86511545
3312,0.00004183,0.86515728
3313,0.00004182,0.86519910
3314,0.00004181,0.86524091
3315,0.00004179,0.86528271
3316,0.00004178,0.86532448
3317,0.00004176,0.86536624
3318,0.00004175,0.86540799
3319,0.00004174,0.86544973
3320,0.00004172,0.86549145
3321,0.00004171,0.86553316
3322,0.00004167,0.86557484
3323,0.00004165,0.86561648
3324,0.00004164,0.86565812
3325,0.00004163,0.86569975
3326,0.00004162,0.86574137
3327,0.00004160,0.86578296
3328,0.00004158,0.86582454
3329,0.00004157,0.86586611
3330,0.00004156,0.86590766
3331,0.00004154,0.86594920
3332,0.00004151,0.86599071
3333,0.00004151,0.86603222
3334,0.00004149,0.86607371
3335,0.00004148,0.86611519
3336,0.00004148,0.86615666
3337,0.00004145,0.86619812
3338,0.00004145,0.86623956
3339,0.00004143,0.86628099
3340,0.00004141,0.86632240
3341,0.00004139,0.86636379
3342,0.00004137,0.86640516
3343,0.00004134,0.86644651
3344,0.00004133,0.86648784
3345,0.00004131,0.86652915
3346,0.00004129,0.86657044
3347,0.00004129,0.86661173
3348,0.00004127,0.86665300
3349,0.00004126,0.86669426
3350,0.00004124,0.86673550
3351,0.00004124,0.86677674
3352,0.00004121,0.86681795
3353,0.00004118,0.86685914
3354,0.00004117,0.86690031
3355,0.00004115,0.86694146
3356,0.00004115,0.86698261
3357,0.00004113,0.86702374
3358,0.00004112,0.86706486
3359,0.00004109,0.86710594
3360,0.00004107,0.86714702
3361,0.00004106,0.86718808
3362,0.00004104,0.86722913
3363,0.00004103,0.86727015
3364,0.00004101,0.86731116
3365,0.00004100,0.86735217
3366,0.00004100,0.86739317
3367,0.00004097,0.86743414
3368,0.00004096,0.86747510
3369,0.00004094,0.86751605
3370,0.00004092,0.86755697
3371,0.00004090,0.86759787
3372,0.00004089,0.86763876
3373,0.00004086,0.86767962
3374,0.00004085,0.86772047
3375,0.00004083,0.86776130
3376,0.00004082,0.86780212
3377,0.00004081,0.86784292
3378,0.00004080,0.86788373
3379,0.00004078,0.86792450
3380,0.00004075,0.86796525
3381,0.00004074,0.86800599
3382,0.00004073,0.86804672
3383,0.00004071,0.86808743
3384,0.00004069,0.86812812
3385,0.00004069,0.86816881
3386,0.00004067,0.86820948
3387,0.00004066,0.86825013
3388,0.00004065,0.86829078
3389,0.00004060,0.86833138
3390,0.00004059,0.86837197
3391,0.00004056,0.86841253
3392,0.00004055,0.86845308
3393,0.00004054,0.86849362
3394,0.00004052,0.86853414
3395,0.00004049,0.86857463
3396,0.00004048,0.86861511
3397,0.00004048,0.86865559
3398,0.00004046,0.86869605
3399,0.00004043,0.86873648
3400,0.00004042,0.86877690
3401,0.00004041,0.86881731
3402,0.00004040,0.86885771
3403,0.00004038,0.86889808
3404,0.00004037,0.86893846
3405,0.00004035,0.86897881
3406,0.00004033,0.86901914
3407,0.00004030,0.86905944
3408,0.00004030,0.86909974
3409,0.00004027,0.86914001
3410,0.00004027,0.86918028
3411,0.00004025,0.86922054
3412,0.00004024,0.86926078
3413,0.00004022,0.86930100
3414,0.00004020,0.86934120
3415,0.00004019,0.86938139
3416,0.00004017,0.86942156
3417,0.00004015,0.86946171
3418,0.00004015,0.86950186
3419,0.00004013,0.86954200
3420,0.00004011,0.86958211
3421,0.00004010,0.86962221
3422,0.00004009,0.86966229
3423,0.00004006,0.86970236
3424,0.00004004,0.86974240
3425,0.00004002,0.86978242
3426,0.00004000,0.86982242
3427,0.00003999,0.86986241
3428,0.00003997,0.86990238
3429,0.00003996,0.86994234
3430,0.00003996,0.86998230
3431,0.00003994,0.87002224
3432,0.00003994,0.87006218
3433,0.00003991,0.87010209
3434,0.00003991,0.87014200
3435,0.00003989,0.87018190
3436,0.00003988,0.87022178
3437,0.00003987,0.87026165
3438,0.00003984,0.87030150
3439,0.00003983,0.87034132
3440,0.00003982,0.87038115
3441,0.00003980,0.87042095
3442,0.00003980,0.87046074
3443,0.00003976,0.87050051
3444,0.00003976,0.87054026
3445,0.00003974,0.87058000
3446,0.00003974,0.87061974
3447,0.00003972,0.87065945
3448,0.00003970,0.87069916
3449,0.00003967,0.87073883
3450,0.00003967,0.87077849
3451,0.00003965,0.87081814
3452,0.00003964,0.87085778
3453,0.00003964,0.87089742
3454,0.00003961,0.87093703
3455,0.00003960,0.87097663
3456,0.00003958,0.87101621
3457,0.00003958,0.87105579
3458,0.00003957,0.87109536
3459,0.00003955,0.87113491
3460,0.00003951,0.87117442
3461,0.00003951,0.87121394
3462,0.00003949,0.87125343
3463,0.00003948,0.87129291
3464,0.00003947,0.87133238
3465,0.00003946,0.87137183
3466,0.00003944,0.87141127
3467,0.00003942,0.87145069
3468,0.00003939,0.87149008
3469,0.00003938,0.87152946
3470,0.00003936,0.87156882
3471,0.00003935,0.87160817
3472,0.00003935,0.87164752
3473,0.00003934,0.87168686
3474,0.00003931,0.87172617
3475,0.00003930,0.87176547
3476,0.00003928,0.87180474
3477,0.00003926,0.87184401
3478,0.00003925,0.87188326
3479,0.00003923,0.87192248
3480,0.00003922,0.87196171
3481,0.00003920,0.87200091
3482,0.00003920,0.87204011
3483,0.00003919,0.87207929
3484,0.00003916,0.87211845
3485,0.00003915,0.87215760
3486,0.00003912,0.87219672
3487,0.00003911,0.87223583
3488,0.00003909,0.87227493
3489,0.00003908,0.87231400
3490,0.00003907,0.87235307
3491,0.00003906,0.87239212
3492,0.00003904,0.87243116
3493,0.00003902,0.87247018
3494,0.00003901,0.87250919
3495,0.00003899,0.87254817
3496,0.00003898,0.87258715
3497,0.00003897,0.87262612
3498,0.00003895,0.87266507
3499,0.00003894,0.87270400
3500,0.00003892,0.87274292
3501,0.00003890,0.87278182
3502,0.00003889,0.87282071
3503,0.00003888,0.87285959
3504,0.00003887,0.87289846
3505,0.00003886,0.87293731
3506,0.00003885,0.87297617
3507,0.00003883,0.87301500
3508,0.00003881,0.87305381
3509,0.00003879,0.87309260
3510,0.00003877,0.87313137
3511,0.00003876,0.87317014
3512,0.00003874,0.87320887
3513,0.00003872,0.87324759
3514,0.00003871,0.87328630
3515,0.00003869,0.87332499
3516,0.00003868,0.87336367
3517,0.00003866,0.87340233
3518,0.00003865,0.87344098
3519,0.00003864,0.87347962
3520,0.00003862,0.87351824
3521,0.00003861,0.87355685
3522,0.00003860,0.87359545
3523,0.00003858,0.87363403
3524,0.00003857,0.87367260
3525,0.00003856,0.87371116
3526,0.00003855,0.87374971
3527,0.00003854,0.87378825
3528,0.00003852,0.87382677
3529,0.00003852,0.87386529
3530,0.00003850,0.87390379
3531,0.00003849,0.87394228
3532,0.00003846,0.87398074
3533,0.00003845,0.87401919
3534,0.00003844,0.87405763
3535,0.00003842,0.87409605
3536,0.00003842,0.87413447
3537,0.00003840,0.87417287
3538,0.00003838,0.87421126
3539,0.00003837,0.87424962
3540,0.00003835,0.87428797
3541,0.00003834,0.87432631
3542,0.00003832,0.87436463
3543,0.00003829,0.87440292
3544,0.00003829,0.87444121
3545,0.00003827,0.87447947
3546,0.00003826,0.87451773
3547,0.00003824,0.87455597
3548,0.00003823,0.87459420
3549,0.00003822,0.87463243
3550,0.00003821,0.87467063
3551,0.00003818,0.87470882
3552,0.00003817,0.87474699
3553,0.00003817,0.87478516
3554,0.00003816,0.87482332
3555,0.00003813,0.87486145
3556,0.00003811,0.87489956
3557,0.00003810,0.87493767
3558,0.00003809,0.87497576
3559,0.00003807,0.87501383
3560,0.00003806,0.87505188
3561,0.00003804,0.87508992
3562,0.00003802,0.87512794
3563,0.00003801,0.87516595
3564,0.00003800,0.87520395
3565,0.00003799,0.87524194
3566,0.00003797,0.87527991
3567,0.00003796,0.87531786
3568,0.00003794,0.87535581
3569,0.00003794,0.87539374
3570,0.00003792,0.87543167
3571,0.00003791,0.87546958
3572,0.00003787,0.87550745
3573,0.00003787,0.87554532
3574,0.00003785,0.87558317
3575,0.00003784,0.87562101
3576,0.00003783,0.87565884
3577,0.00003783,0.87569667
3578,0.00003780,0.87573447
3579,0.00003779,0.87577226
3580,0.00003776,0.87581002
3581,0.00003776,0.87584777
3582,0.00003774,0.87588551
3583,0.00003772,0.87592323
3584,0.00003771,0.87596095
3585,0.00003770,0.87599864
3586,0.00003769,0.87603633
3587,0.00003768,0.87607401
3588,0.00003766,0.87611167
3589,0.00003765,0.87614932
3590,0.00003764,0.87618696
3591,0.00003762,0.87622458
3592,0.00003761,0.87626219
3593,0.00003760,0.87629979
3594,0.00003759,0.87633738
3595,0.00003756,0.87637494
3596,0.00003755,0.87641249
3597,0.00003754,0.87645003
3598,0.00003751,0.87648755
3599,0.00003751,0.87652505
3600,0.00003750,0.87656255
3601,0.00003748,0.87660004
3602,0.00003748,0.87663751
3603,0.00003747,0.87667499
3604,0.00003745,0.87671243
3605,0.00003743,0.87674986
3606,0.00003742,0.87678728
3607,0.00003742,0.87682470
3608,0.00003740,0.87686210
3609,0.00003739,0.87689949
3610,0.00003737,0.87693686
3611,0.00003736,0.87697422
3612,0.00003734,0.87701156
3613,0.00003733,0.87704889
3614,0.00003730,0.87708618
3615,0.00003728,0.87712347
3616,0.00003727,0.87716074
3617,0.00003725,0.87719799
3618,0.00003724,0.87723524
3619,0.00003724,0.87727247
3620,0.00003721,0.87730968
3621,0.00003720,0.87734688
3622,0.00003718,0.87738406
3623,0.00003717,0.87742123
3624,0.00003715,0.87745838
3625,0.00003713,0.87749551
3626,0.00003712,0.87753264
3627,0.00003711,0.87756974
3628,0.00003709,0.87760684
3629,0.00003708,0.87764392
3630,0.00003706,0.87768098
3631,0.00003705,0.87771803
3632,0.00003703,0.87775506
3633,0.00003702,0.87779208
3634,0.00003701,0.87782909
3635,0.00003701,0.87786610
3636,0.00003699,0.87790309
3637,0.00003696,0.87794006
3638,0.00003696,0.87797702
3639,0.00003694,0.87801395
3640,0.00003692,0.87805088
3641,0.00003692,0.87808780
3642,0.00003691,0.87812471
3643,0.00003688,0.87816159
3644,0.00003687,0.87819846
3645,0.00003687,0.87823533
3646,0.00003684,0.87827217
3647,0.00003684,0.87830901
3648,0.00003680,0.87834581
3649,0.00003680,0.87838261
3650,0.00003679,0.87841940
3651,0.00003678,0.87845618
3652,0.00003677,0.87849295
3653,0.00003674,0.87852969
3654,0.00003674,0.87856643
3655,0.00003673,0.87860316
3656,0.00003670,0.87863987
3657,0.00003669,0.87867656
3658,0.00003667,0.87871323
3659,0.00003666,0.87874989
3660,0.00003666,0.87878655
3661,0.00003664,0.87882319
3662,0.00003663,0.87885982
3663,0.00003662,0.87889643
3664,0.00003661,0.87893305
3665,0.00003660,0.87896965
3666,0.00003658,0.87900623
3667,0.00003657,0.87904280
3668,0.00003655,0.87907935
3669,0.00003654,0.87911590
3670,0.00003653,0.87915243
3671,0.00003653,0.87918896
3672,0.00003651,0.87922547
3673,0.00003650,0.87926197
3674,0.00003648,0.87929846
3675,0.00003648,0.87933493
3676,0.00003646,0.87937139
3677,0.00003644,0.87940784
3678,0.00003644,0.87944428
3679,0.00003641,0.87948069
3680,0.00003639,0.87951708
3681,0.00003639,0.87955347
3682,0.00003638,0.87958984
3683,0.00003636,0.87962620
3684,0.00003635,0.87966255
3685,0.00003634,0.87969889
3686,0.00003633,0.87973522
3687,0.00003632,0.87977154
3688,0.00003630,0.87980785
3689,0.00003630,0.87984415
3690,0.00003628,0.87988043
3691,0.00003628,0.87991671
3692,0.00003626,0.87995297
3693,0.00003623,0.87998920
3694,0.00003622,0.88002542
3695,0.00003620,0.88006162
3696,0.00003618,0.88009780
3697,0.00003617,0.88013398
3698,0.00003616,0.88017014
3699,0.00003615,0.88020629
3700,0.00003613,0.88024242
3701,0.00003611,0.88027854
3702,0.00003611,0.88031465
3703,0.00003609,0.88035073
3704,0.00003609,0.88038682
3705,0.00003607,0.88042289
3706,0.00003606,0.88045895
3707,0.00003605,0.88049500
3708,0.00003604,0.88053104
3709,0.00003603,0.88056707
3710,0.00003601,0.88060308
3711,0.00003599,0.88063906
3712,0.00003598,0.88067504
3713,0.00003596,0.88071100
3714,0.00003594,0.88074694
3715,0.00003593,0.88078287
3716,0.00003592,0.88081880
3717,0.00003591,0.88085471
3718,0.00003590,0.88089061
3719,0.00003588,0.88092649
3720,0.00003587,0.88096235
3721,0.00003585,0.88099820
3722,0.00003584,0.88103404
3723,0.00003583,0.88106987
3724,0.00003582,0.88110570
3725,0.00003581,0.88114151
3726,0.00003580,0.88117731
3727,0.00003578,0.88121309
3728,0.00003576,0.88124885
3729,0.00003575,0.88128461
3730,0.00003574,0.88132035
3731,0.00003574,0.88135609
3732,0.00003572,0.88139180
3733,0.00003571,0.88142752
3734,0.00003570,0.88146321
3735,0.00003568,0.88149889
3736,0.00003567,0.88153456
3737,0.00003567,0.88157023
3738,0.00003565,0.88160588
3739,0.00003563,0.88164151
3740,0.00003563,0.88167714
3741,0.00003561,0.88171275
3742,0.00003560,0.88174835
3743,0.00003558,0.88178393
3744,0.00003556,0.88181949
3745,0.00003555,0.88185504
3746,0.00003554,0.88189058
3747,0.00003553,0.88192611
3748,0.00003551,0.88196162
3749,0.00003550,0.88199712
3750,0.00003550,0.88203262
3751,0.00003549,0.88206811
3752,0.00003548,0.88210359
3753,0.00003545,0.88213904
3754,0.00003545,0.88217449
3755,0.00003543,0.88220992
3756,0.00003542,0.88224534
3757,0.00003539,0.88228073
3758,0.00003538,0.88231612
3759,0.00003538,0.88235149
3760,0.00003537,0.88238686
3761,0.00003535,0.88242222
3762,0.00003535,0.88245757
3763,0.00003533,0.88249290
3764,0.00003532,0.88252822
3765,0.00003530,0.88256352
3766,0.00003529,0.88259881
3767,0.00003528,0.88263409
3768,0.00003526,0.88266935
3769,0.00003525,0.88270460
3770,0.00003524,0.88273984
3771,0.00003523,0.88277507
3772,0.00003520,0.88281027
3773,0.00003519,0.88284546
3774,0.00003518,0.88288064
3775,0.00003518,0.88291583
3776,0.00003517,0.88295100
3777,0.00003517,0.88298617
3778,0.00003516,0.88302133
3779,0.00003512,0.88305645
3780,0.00003511,0.88309156
3781,0.00003510,0.88312667
3782,0.00003509,0.88316175
3783,0.00003508,0.88319684
3784,0.00003506,0.88323190
3785,0.00003505,0.88326695
3786,0.00003504,0.88330199
3787,0.00003502,0.88333701
3788,0.00003500,0.88337201
3789,0.00003500,0.88340701
3790,0.00003498,0.88344199
3791,0.00003496,0.88347696
3792,0.00003495,0.88351190
3793,0.00003494,0.88354684
3794,0.00003493,0.88358177
3795,0.00003492,0.88361670
3796,0.00003491,0.88365161
3797,0.00003489,0.88368649
3798,0.00003488,0.88372137
3799,0.00003487,0.88375624
3800,0.00003486,0.88379110
3801,0.00003485,0.88382594
3802,0.00003483,0.88386077
3803,0.00003482,0.88389559
3804,0.00003482,0.88393041
3805,0.00003480,0.88396521
3806,0.00003479,0.88399999
3807,0.00003478,0.88403477
3808,0.00003476,0.88406953
3809,0.00003474,0.88410427
3810,0.00003472,0.88413900
3811,0.00003471,0.88417371
3812,0.00003470,0.88420841
3813,0.00003469,0.88424310
3814,0.00003468,0.88427778
3815,0.00003467,0.88431246
3816,0.00003466,0.88434712
3817,0.00003465,0.88438177
3818,0.00003464,0.88441641
3819,0.00003462,0.88445103
3820,0.00003461,0.88448564
3821,0.00003460,0.88452024
3822,0.00003459,0.88455483
3823,0.00003459,0.88458942
3824,0.00003457,0.88462399
3825,0.00003455,0.88465855
3826,0.00003455,0.88469309
3827,0.00003453,0.88472762
3828,0.00003451,0.88476214
3829,0.00003450,0.88479663
3830,0.00003449,0.88483112
3831,0.00003448,0.88486560
3832,0.00003446,0.88490006
3833,0.00003445,0.88493451
3834,0.00003444,0.88496894
3835,0.00003443,0.88500337
3836,0.00003441,0.88503778
3837,0.00003441,0.88507219
3838,0.00003439,0.88510658
3839,0.00003438,0.88514096
3840,0.00003438,0.88517534
3841,0.00003435,0.88520968
3842,0.00003433,0.88524401
3843,0.00003432,0.88527833
3844,0.00003431,0.88531263
3845,0.00003430,0.88534694
3846,0.00003430,0.88538124
3847,0.00003427,0.88541551
3848,0.00003425,0.88544976
3849,0.00003425,0.88548401
3850,0.00003424,0.88551825
3851,0.00003423,0.88555248
3852,0.00003422,0.88558670
3853,0.00003421,0.88562091
3854,0.00003421,0.88565512
3855,0.00003420,0.88568931
3856,0.00003416,0.88572348
3857,0.00003415,0.88575763
3858,0.00003414,0.88579177
3859,0.00003414,0.88582590
3860,0.00003413,0.88586003
3861,0.00003410,0.88589413
3862,0.00003408,0.88592821
3863,0.00003408,0.88596229
3864,0.00003406,0.88599635
3865,0.00003405,0.88603040
3866,0.00003404,0.88606444
3867,0.00003403,0.88609847
3868,0.00003402,0.88613249
3869,0.00003401,0.88616651
3870,0.00003401,0.88620052
3871,0.00003400,0.88623452
3872,0.00003398,0.88626851
3873,0.00003397,0.88630248
3874,0.00003396,0.88633643
3875,0.00003395,0.88637038
3876,0.00003394,0.88640432
3877,0.00003392,0.88643824
3878,0.00003392,0.88647216
3879,0.00003390,0.88650606
3880,0.00003389,0.88653995
3881,0.00003388,0.88657383
3882,0.00003386,0.88660769
3883,0.00003386,0.88664155
3884,0.00003385,0.88667540
3885,0.00003383,0.88670923
3886,0.00003381,0.88674304
3887,0.00003380,0.88677683
3888,0.00003379,0.88681062
3889,0.00003377,0.88684439
3890,0.00003377,0.88687815
3891,0.00003376,0.88691191
3892,0.00003374,0.88694565
3893,0.00003373,0.88697938
3894,0.00003372,0.88701310
3895,0.00003370,0.88704681
3896,0.00003370,0.88708051
3897,0.00003367,0.88711418
3898,0.00003366,0.88714784
3899,0.00003365,0.88718149
3900,0.00003364,0.88721513
3901,0.00003362,0.88724875
3902,0.00003361,0.88728237
3903,0.00003360,0.88731597
3904,0.00003359,0.88734956
3905,0.00003358,0.88738313
3906,0.00003356,0.88741669
3907,0.00003355,0.88745024
3908,0.00003354,0.88748378
3909,0.00003353,0.88751732
3910,0.00003353,0.88755084
3911,0.00003351,0.88758435
3912,0.00003350,0.88761785
3913,0.00003348,0.88765133
3914,0.00003347,0.88768480
3915,0.00003345,0.88771826
3916,0.00003345,0.88775171
3917,0.00003343,0.88778513
3918,0.00003342,0.88781856
3919,0.00003340,0.88785196
3920,0.00003340,0.88788536
3921,0.00003338,0.88791874
3922,0.00003335,0.88795210
3923,0.00003335,0.88798545
3924,0.00003335,0.88801879
3925,0.00003333,0.88805212
3926,0.00003331,0.88808544
3927,0.00003331,0.88811874
3928,0.00003330,0.88815205
3929,0.00003329,0.88818533
3930,0.00003328,0.88821862
3931,0.00003327,0.88825189
3932,0.00003326,0.88828515
3933,0.00003324,0.88831839
3934,0.00003323,0.88835162
3935,0.00003322,0.88838485
3936,0.00003321,0.88841805
3937,0.00003320,0.88845125
3938,0.00003319,0.88848444
3939,0.00003318,0.88851763
3940,0.00003318,0.88855081
3941,0.00003316,0.88858397
3942,0.00003314,0.88861711
3943,0.00003313,0.88865024
3944,0.00003312,0.88868336
3945,0.00003311,0.88871647
3946,0.00003310,0.88874957
3947,0.00003309,0.88878266
3948,0.00003308,0.88881574
3949,0.00003307,0.88884880
3950,0.00003305,0.88888185
3951,0.00003304,0.88891489
3952,0.00003302,0.88894791
3953,0.00003301,0.88898093
3954,0.00003301,0.88901393
3955,0.00003300,0.88904693
3956,0.00003299,0.88907992
3957,0.00003297,0.88911289
3958,0.00003296,0.88914585
3959,0.00003295,0.88917880
3960,0.00003294,0.88921174
3961,0.00003292,0.88924466
3962,0.00003291,0.88927757
3963,0.00003289,0.88931046
3964,0.00003289,0.88934335
3965,0.00003287,0.88937622
3966,0.00003286,0.88940908
3967,0.00003284,0.88944192
3968,0.00003283,0.88947475
3969,0.00003283,0.88950758
3970,0.00003281,0.88954039
3971,0.00003280,0.88957320
3972,0.00003280,0.88960600
3973,0.00003279,0.88963878
3974,0.00003278,0.88967156
3975,0.00003276,0.88970433
3976,0.00003276,0.88973708
3977,0.00003275,0.88976983
3978,0.00003273,0.88980256
3979,0.00003272,0.88983527
3980,0.00003271,0.88986798
3981,0.00003270,0.88990069
3982,0.00003270,0.88993339
3983,0.00003270,0.88996608
3984,0.00003267,0.88999875
3985,0.00003266,0.89003141
3986,0.00003265,0.89006406
3987,0.00003263,0.89009669
3988,0.00003261,0.89012930
3989,0.00003261,0.89016190
3990,0.00003259,0.89019449
3991,0.00003257,0.89022706
3992,0.00003257,0.89025963
3993,0.00003256,0.89029219
3994,0.00003254,0.89032473
3995,0.00003253,0.89035726
3996,0.00003253,0.89038978
3997,0.00003252,0.89042230
3998,0.00003250,0.89045480
3999,0.00003249,0.89048728
4000,0.00003246,0.89051975
4001,0.00003245,0.89055219
4002,0.00003244,0.89058463
4003,0.00003243,0.89061706
4004,0.00003242,0.89064948
4005,0.00003241,0.89068189
4006,0.00003240,0.89071429
4007,0.00003240,0.89074669
4008,0.00003238,0.89077907
4009,0.00003237,0.89081145
4010,0.00003236,0.89084381
4011,0.00003235,0.89087616
4012,0.00003235,0.89090851
4013,0.00003234,0.89094085
4014,0.00003232,0.89097317
4015,0.00003231,0.89100548
4016,0.00003230,0.89103778
4017,0.00003229,0.89107007
4018,0.00003228,0.89110235
4019,0.00003227,0.89113462
4020,0.00003225,0.89116688
4021,0.00003225,0.89119912
4022,0.00003224,0.89123137
4023,0.00003223,0.89126360
4024,0.00003221,0.89129581
4025,0.00003220,0.89132802
4026,0.00003220,0.89136022
4027,0.00003218,0.89139240
4028,0.00003218,0.89142457
4029,0.00003217,0.89145674
4030,0.00003216,0.89148890
4031,0.00003214,0.89152104
4032,0.00003214,0.89155317
4033,0.00003212,0.89158529
4034,0.00003211,0.89161740
4035,0.00003210,0.89164950
4036,0.00003209,0.89168159
4037,0.00003209,0.89171368
4038,0.00003208,0.89174576
4039,0.00003206,0.89177782
4040,0.00003205,0.89180986
4041,0.00003203,0.89184190
4042,0.00003201,0.89187391
4043,0.00003200,0.89190591
4044,0.00003200,0.89193791
4045,0.00003199,0.89196990
4046,0.00003198,0.89200188
4047,0.00003197,0.89203385
4048,0.00003196,0.89206581
4049,0.00003194,0.89209776
4050,0.00003193,0.89212969
4051,0.00003193,0.89216162
4052,0.00003191,0.89219353
4053,0.00003190,0.89222542
4054,0.00003189,0.89225732
4055,0.00003189,0.89228920
4056,0.00003187,0.89232107
4057,0.00003186,0.89235293
4058,0.00003184,0.89238477
4059,0.00003183,0.89241660
4060,0.00003182,0.89244842
4061,0.00003181,0.89248022
4062,0.00003180,0.89251203
4063,0.00003178,0.89254381
4064,0.00003177,0.89257558
4065,0.00003176,0.89260734
4066,0.00003175,0.89263909
4067,0.00003174,0.89267083
4068,0.00003173,0.89270257
4069,0.00003173,0.89273430
4070,0.00003172,0.89276602
4071,0.00003171,0.89279773
4072,0.00003170,0.89282943
4073,0.00003168,0.89286111
4074,0.00003168,0.89289279
4075,0.00003166,0.89292446
4076,0.00003165,0.89295611
4077,0.00003164,0.89298775
4078,0.00003163,0.89301938
4079,0.00003162,0.89305101
4080,0.00003162,0.89308262
4081,0.00003160,0.89311422
4082,0.00003159,0.89314581
4083,0.00003158,0.89317739
4084,0.00003157,0.89320895
4085,0.00003156,0.89324051
4086,0.00003155,0.89327207
4087,0.00003153,0.89330360
4088,0.00003152,0.89333512
4089,0.00003151,0.89336663
4090,0.00003150,0.89339813
4091,0.00003148,0.89342961
4092,0.00003147,0.89346109
4093,0.00003146,0.89349255
4094,0.00003145,0.89352400
4095,0.00003145,0.89355545
4096,0.00003143,0.89358688
4097,0.00003143,0.89361831
4098,0.00003142,0.89364972
4099,0.00003140,0.89368113
4100,0.00003139,0.89371252
4101,0.00003139,0.89374390
4102,0.00003138,0.89377529
4103,0.00003136,0.89380665
4104,0.00003135,0.89383800
4105,0.00003133,0.89386933
4106,0.00003133,0.89390066
4107,0.00003131,0.89393197
4108,0.00003131,0.89396328
4109,0.00003130,0.89399458
4110,0.00003129,0.89402587
4111,0.00003127,0.89405714
4112,0.00003126,0.89408840
4113,0.00003125,0.89411965
4114,0.00003123,0.89415089
4115,0.00003122,0.89418211
4116,0.00003122,0.89421332
4117,0.00003120,0.89424453
4118,0.00003120,0.89427573
4119,0.00003118,0.89430691
4120,0.00003118,0.89433809
4121,0.00003117,0.89436926
4122,0.00003117,0.89440043
4123,0.00003116,0.89443159
4124,0.00003114,0.89446274
4125,0.00003113,0.89449387
4126,0.00003113,0.89452499
4127,0.00003111,0.89455611
4128,0.00003111,0.89458722
4129,0.00003110,0.89461832
4130,0.00003109,0.89464941
4131,0.00003106,0.89468047
4132,0.00003106,0.89471152
4133,0.00003105,0.89474258
4134,0.00003104,0.89477361
4135,0.00003102,0.89480463
4136,0.00003101,0.89483565
4137,0.00003101,0.89486666
4138,0.00003099,0.89489765
4139,0.00003097,0.89492862
4140,0.00003096,0.89495958
4141,0.00003095,0.89499054
4142,0.00003095,0.89502148
4143,0.00003093,0.89505242
4144,0.00003093,0.89508334
4145,0.00003092,0.89511426
4146,0.00003091,0.89514517
4147,0.00003090,0.89517608
4148,0.00003089,0.89520696
4149,0.00003088,0.89523785
4150,0.00003086,0.89526871
4151,0.00003086,0.89529957
4152,0.00003085,0.89533042
4153,0.00003084,0.89536127
4154,0.00003083,0.89539209
4155,0.00003082,0.89542291
4156,0.00003082,0.89545373
4157,0.00003081,0.89548454
4158,0.00003079,0.89551533
4159,0.00003078,0.89554611
4160,0.00003077,0.89557688
4161,0.00003076,0.89560764
4162,0.00003075,0.89563840
4163,0.00003073,0.89566913
4164,0.00003072,0.89569985
4165,0.00003071,0.89573056
4166,0.00003070,0.89576126
4167,0.00003069,0.89579195
4168,0.00003069,0.89582264
4169,0.00003067,0.89585331
4170,0.00003066,0.89588397
4171,0.00003064,0.89591462
4172,0.00003063,0.89594525
4173,0.00003063,0.89597587
4174,0.00003061,0.89600649
4175,0.00003061,0.89603710
4176,0.00003060,0.89606770
4177,0.00003059,0.89609830
4178,0.00003058,0.89612888
4179,0.00003058,0.89615946
4180,0.00003057,0.89619003
4181,0.00003055,0.89622058
4182,0.00003055,0.89625113
4183,0.00003053,0.89628166
4184,0.00003052,0.89631219
4185,0.00003052,0.89634270
4186,0.00003051,0.89637322
4187,0.00003050,0.89640371
4188,0.00003048,0.89643420
4189,0.00003047,0.89646467
4190,0.00003047,0.89649514
4191,0.00003046,0.89652559
4192,0.00003045,0.89655604
4193,0.00003044,0.89658648
4194,0.00003042,0.89661690
4195,0.00003042,0.89664732
4196,0.00003039,0.89667771
4197,0.00003039,0.89670809
4198,0.00003038,0.89673847
4199,0.00003037,0.89676884
4200,0.00003035,0.89679919
4201,0.00003034,0.89682953
4202,0.00003033,0.89685986
4203,0.00003032,0.89689018
4204,0.00003031,0.89692049
4205,0.00003030,0.89695079
4206,0.00003029,0.89698108
4207,0.00003029,0.89701137
4208,0.00003027,0.89704164
4209,0.00003025,0.89707189
4210,0.00003024,0.89710213
4211,0.00003023,0.89713237
4212,0.00003022,0.89716258
4213,0.00003021,0.89719279
4214,0.00003020,0.89722299
4215,0.00003019,0.89725318
4216,0.00003019,0.89728337
4217,0.00003018,0.89731355
4218,0.00003016,0.89734372
4219,0.00003016,0.89737387
4220,0.00003015,0.89740402
4221,0.00003014,0.89743416
4222,0.00003013,0.89746429
4223,0.00003012,0.89749441
4224,0.00003011,0.89752452
4225,0.00003010,0.89755463
4226,0.00003009,0.89758472
4227,0.00003008,0.89761480
4228,0.00003007,0.89764487
4229,0.00003006,0.89767493
4230,0.00003005,0.89770498
4231,0.00003004,0.89773502
4232,0.00003002,0.89776504
4233,0.00003001,0.89779506
4234,0.00003001,0.89782506
4235,0.00003000,0.89785506
4236,0.00002998,0.89788505
4237,0.00002997,0.89791502
4238,0.00002997,0.89794499
4239,0.00002996,0.89797495
4240,0.00002995,0.89800491
4241,0.00002994,0.89803485
4242,0.00002993,0.89806478
4243,0.00002992,0.89809470
4244,0.00002991,0.89812461
4245,0.00002991,0.89815452
4246,0.00002990,0.89818441
4247,0.00002988,0.89821429
4248,0.00002987,0.89824416
4249,0.00002986,0.89827402
4250,0.00002985,0.89830387
4251,0.00002985,0.89833372
4252,0.00002983,0.89836355
4253,0.00002982,0.89839337
4254,0.00002981,0.89842318
4255,0.00002980,0.89845298
4256,0.00002979,0.89848277
4257,0.00002978,0.89851255
4258,0.00002977,0.89854232
4259,0.00002976,0.89857208
4260,0.00002975,0.89860183
4261,0.00002973,0.89863156
4262,0.00002973,0.89866129
4263,0.00002972,0.89869101
4264,0.00002971,0.89872072
4265,0.00002970,0.89875041
4266,0.00002969,0.89878010
4267,0.00002968,0.89880978
4268,0.00002967,0.89883946
4269,0.00002966,0.89886912
4270,0.00002965,0.89889877
4271,0.00002965,0.89892842
4272,0.00002964,0.89895806
4273,0.00002963,0.89898769
4274,0.00002962,0.89901731
4275,0.00002961,0.89904692
4276,0.00002960,0.89907652
4277,0.00002959,0.89910612
4278,0.00002957,0.89913569
4279,0.00002956,0.89916525
4280,0.00002956,0.89919481
4281,0.00002955,0.89922436
4282,0.00002954,0.89925390
4283,0.00002954,0.89928344
4284,0.00002952,0.89931296
4285,0.00002950,0.89934246
4286,0.00002950,0.89937196
4287,0.00002949,0.89940145
4288,0.00002948,0.89943093
4289,0.00002948,0.89946040
4290,0.00002946,0.89948987
4291,0.00002946,0.89951933
4292,0.00002945,0.89954877
4293,0.00002943,0.89957820
4294,0.00002942,0.89960762
4295,0.00002940,0.89963702
4296,0.00002939,0.89966641
4297,0.00002938,0.89969579
4298,0.00002938,0.89972517
4299,0.00002937,0.89975455
4300,0.00002936,0.89978390
4301,0.00002935,0.89981325
4302,0.00002934,0.89984259
4303,0.00002932,0.89987191
4304,0.00002932,0.89990123
4305,0.00002931,0.89993054
4306,0.00002930,0.89995984
4307,0.00002929,0.89998913
4308,0.00002929,0.90001842
4309,0.00002927,0.90004769
4310,0.00002926,0.90007695
4311,0.00002926,0.90010621
4312,0.00002925,0.90013546
4313,0.00002924,0.90016470
4314,0.00002923,0.90019393
4315,0.00002923,0.90022316
4316,0.00002922,0.90025238
4317,0.00002921,0.90028159
4318,0.00002919,0.90031078
4319,0.00002919,0.90033997
4320,0.00002917,0.90036914
4321,0.00002917,0.90039831
4322,0.00002915,0.90042746
4323,0.00002914,0.90045660
4324,0.00002913,0.90048573
4325,0.00002913,0.90051486
4326,0.00002911,0.90054397
4327,0.00002910,0.90057307
4328,0.00002909,0.90060216
4329,0.00002908,0.90063124
4330,0.00002907,0.90066032
4331,0.00002907,0.90068939
4332,0.00002905,0.90071844
4333,0.00002905,0.90074749
4334,0.00002904,0.90077653
4335,0.00002903,0.90080556
4336,0.00002903,0.90083459
4337,0.00002901,0.90086360
4338,0.00002901,0.90089261
4339,0.00002900,0.90092160
4340,0.00002899,0.90095059
4341,0.00002898,0.90097957
4342,0.00002897,0.90100854
4343,0.00002896,0.90103750
4344,0.00002895,0.90106644
4345,0.00002894,0.90109538
4346,0.00002893,0.90112431
4347,0.00002892,0.90115323
4348,0.00002891,0.90118215
4349,0.00002890,0.90121105
4350,0.00002890,0.90123995
4351,0.00002889,0.90126883
4352,0.00002887,0.90129771
4353,0.00002887,0.90132658
4354,0.00002887,0.90135544
4355,0.00002885,0.90138429
4356,0.00002884,0.90141314
4357,0.00002884,0.90144197
4358,0.00002882,0.90147079
4359,0.00002881,0.90149960
4360,0.00002880,0.90152840
4361,0.00002879,0.90155719
4362,0.00002879,0.90158598
4363,0.00002878,0.90161476
4364,0.00002877,0.90164353
4365,0.00002876,0.90167228
4366,0.00002874,0.90170103
4367,0.00002874,0.90172977
4368,0.00002872,0.90175848
4369,0.00002870,0.90178718
4370,0.00002869,0.90181588
4371,0.00002869,0.90184456
4372,0.00002868,0.90187324
4373,0.00002867,0.90190191
4374,0.00002867,0.90193058
4375,0.00002864,0.90195922
4376,0.00002864,0.90198787
4377,0.00002863,0.90201650
4378,0.00002862,0.90204512
4379,0.00002861,0.90207373
4380,0.00002860,0.90210233
4381,0.00002860,0.90213093
4382,0.00002859,0.90215952
4383,0.00002858,0.90218809
4384,0.00002857,0.90221666
4385,0.00002856,0.90224522
4386,0.00002855,0.90227377
4387,0.00002853,0.90230230
4388,0.00002853,0.90233083
4389,0.00002852,0.90235936
4390,0.00002852,0.90238788
4391,0.00002851,0.90241639
4392,0.00002850,0.90244489
4393,0.00002850,0.90247339
4394,0.00002849,0.90250188
4395,0.00002847,0.90253035
4396,0.00002847,0.90255882
4397,0.00002846,0.90258727
4398,0.00002845,0.90261572
4399,0.00002844,0.90264416
4400,0.00002843,0.90267259
4401,0.00002843,0.90270102
4402,0.00002842,0.90272944
4403,0.00002842,0.90275786
4404,0.00002840,0.90278626
4405,0.00002839,0.90281465
4406,0.00002837,0.90284302
4407,0.00002836,0.90287138
4408,0.00002835,0.90289973
4409,0.00002835,0.90292808
4410,0.00002833,0.90295641
4411,0.00002833,0.90298474
4412,0.00002832,0.90301305
4413,0.00002831,0.90304136
4414,0.00002830,0.90306966
4415,0.00002829,0.90309795
4416,0.00002828,0.90312623
4417,0.00002827,0.90315451
4418,0.00002827,0.90318278
4419,0.00002827,0.90321104
4420,0.00002825,0.90323929
4421,0.00002824,0.90326754
4422,0.00002824,0.90329578
4423,0.00002822,0.90332400
4424,0.00002821,0.90335221
4425,0.00002820,0.90338041
4426,0.00002819,0.90340860
4427,0.00002818,0.90343678
4428,0.00002817,0.90346495
4429,0.00002815,0.90349310
4430,0.00002814,0.90352124
4431,0.00002813,0.90354937
4432,0.00002812,0.90357750
4433,0.00002812,0.90360561
4434,0.00002812,0.90363373
4435,0.00002811,0.90366184
4436,0.00002810,0.90368994
4437,0.00002809,0.90371802
4438,0.00002807,0.90374609
4439,0.00002806,0.90377416
4440,0.00002806,0.90380221
4441,0.00002805,0.90383026
4442,0.00002804,0.90385830
4443,0.00002803,0.90388634
4444,0.00002802,0.90391436
4445,0.00002802,0.90394237
4446,0.00002801,0.90397038
4447,0.00002801,0.90399839
4448,0.00002799,0.90402638
4449,0.00002797,0.90405436
4450,0.00002797,0.90408232
4451,0.00002796,0.90411028
4452,0.00002795,0.90413823
4453,0.00002794,0.90416618
4454,0.00002793,0.90419411
4455,0.00002793,0.90422203
4456,0.00002791,0.90424994
4457,0.00002791,0.90427785
4458,0.00002790,0.90430575
4459,0.00002789,0.90433364
4460,0.00002787,0.90436152
4461,0.00002786,0.90438938
4462,0.00002786,0.90441724
4463,0.00002785,0.90444509
4464,0.00002784,0.90447293
4465,0.00002784,0.90450076
4466,0.00002784,0.90452860
4467,0.00002781,0.90455641
4468,0.00002780,0.90458422
4469,0.00002780,0.90461202
4470,0.00002780,0.90463982
4471,0.00002778,0.90466760
4472,0.00002778,0.90469538
4473,0.00002777,0.90472315
4474,0.00002776,0.90475091
4475,0.00002775,0.90477865
4476,0.00002774,0.90480639
4477,0.00002773,0.90483412
4478,0.00002772,0.90486184
4479,0.00002772,0.90488956
4480,0.00002771,0.90491727
4481,0.00002770,0.90494497
4482,0.00002769,0.90497266
4483,0.00002767,0.90500033
4484,0.00002767,0.90502800
4485,0.00002765,0.90505565
4486,0.00002764,0.90508329
4487,0.00002764,0.90511093
4488,0.00002763,0.90513856
4489,0.00002761,0.90516617
4490,0.00002761,0.90519378
4491,0.00002759,0.90522137
4492,0.00002759,0.90524896
4493,0.00002757,0.90527653
4494,0.00002757,0.90530410
4495,0.00002756,0.90533166
4496,0.00002755,0.90535922
4497,0.00002754,0.90538676
4498,0.00002753,0.90541430
4499,0.00002753,0.90544183
4500,0.00002752,0.90546935
4501,0.00002752,0.90549687
4502,0.00002751,0.90552437
4503,0.00002749,0.90555187
4504,0.00002748,0.90557935
4505,0.00002747,0.90560682
4506,0.00002746,0.90563428
4507,0.00002746,0.90566174
4508,0.00002745,0.90568918
4509,0.00002744,0.90571663
4510,0.00002743,0.90574406
4511,0.00002742,0.90577148
4512,0.00002742,0.90579890
4513,0.00002742,0.90582631
4514,0.00002740,0.90585371
4515,0.00002737,0.90588109
4516,0.00002737,0.90590845
4517,0.00002736,0.90593581
4518,0.00002736,0.90596317
4519,0.00002734,0.90599051
4520,0.00002734,0.90601785
4521,0.00002733,0.90604518
4522,0.00002733,0.90607251
4523,0.00002732,0.90609983
4524,0.00002731,0.90612714
4525,0.00002730,0.90615444
4526,0.00002729,0.90618173
4527,0.00002728,0.90620901
4528,0.00002727,0.90623628
4529,0.00002726,0.90626355
4530,0.00002726,0.90629081
4531,0.00002725,0.90631805
4532,0.00002724,0.90634530
4533,0.00002723,0.90637253
4534,0.00002722,0.90639975
4535,0.00002721,0.90642696
4536,0.00002720,0.90645417
4537,0.00002719,0.90648136
4538,0.00002719,0.90650855
4539,0.00002718,0.90653573
4540,0.00002717,0.90656290
4541,0.00002716,0.90659007
4542,0.00002715,0.90661722
4543,0.00002714,0.90664436
4544,0.00002714,0.90667150
4545,0.00002713,0.90669863
4546,0.00002711,0.90672574
4547,0.00002710,0.90675284
4548,0.00002710,0.90677994
4549,0.00002709,0.90680703
4550,0.00002707,0.90683411
4551,0.00002707,0.90686117
4552,0.00002706,0.90688823
4553,0.00002705,0.90691528
4554,0.00002705,0.90694233
4555,0.00002704,0.90696937
4556,0.00002702,0.90699640
4557,0.00002702,0.90702342
4558,0.00002701,0.90705043
4559,0.00002700,0.90707743
4560,0.00002700,0.90710443
4561,0.00002699,0.90713142
4562,0.00002698,0.90715840
4563,0.00002697,0.90718537
4564,0.00002696,0.90721233
4565,0.00002695,0.90723929
4566,0.00002694,0.90726623
4567,0.00002694,0.90729317
4568,0.00002692,0.90732009
4569,0.00002692,0.90734701
4570,0.00002691,0.90737392
4571,0.00002690,0.90740082
4572,0.00002689,0.90742771
4573,0.00002688,0.90745459
4574,0.00002687,0.90748146
4575,0.00002686,0.90750832
4576,0.00002686,0.90753518
4577,0.00002684,0.90756202
4578,0.00002683,0.90758884
4579,0.00002682,0.90761567
4580,0.00002682,0.90764249
4581,0.00002682,0.90766931
4582,0.00002681,0.90769611
4583,0.00002680,0.90772291
4584,0.00002679,0.90774970
4585,0.00002678,0.90777648
4586,0.00002677,0.90780326
4587,0.00002676,0.90783002
4588,0.00002676,0.90785678
4589,0.00002675,0.90788352
4590,0.00002674,0.90791026
4591,0.00002673,0.90793699
4592,0.00002672,0.90796371
4593,0.00002671,0.90799042
4594,0.00002670,0.90801711
4595,0.00002669,0.90804380
4596,0.00002669,0.90807049
4597,0.00002667,0.90809717
4598,0.00002667,0.90812383
4599,0.00002666,0.90815049
4600,0.00002665,0.90817714
4601,0.00002664,0.90820379
4602,0.00002663,0.90823042
4603,0.00002663,0.90825704
4604,0.00002661,0.90828366
4605,0.00002661,0.90831026
4606,0.00002660,0.90833686
4607,0.00002659,0.90836345
4608,0.00002658,0.90839002
4609,0.00002658,0.90841660
4610,0.00002657,0.90844317
4611,0.00002655,0.90846972
4612,0.00002655,0.90849627
4613,0.00002654,0.90852280
4614,0.00002653,0.90854934
4615,0.00002652,0.90857585
4616,0.00002652,0.90860237
4617,0.00002651,0.90862888
4618,0.00002651,0.90865538
4619,0.00002650,0.90868189
4620,0.00002649,0.90870838
4621,0.00002649,0.90873487
4622,0.00002647,0.90876134
4623,0.00002646,0.90878781
4624,0.00002646,0.90881427
4625,0.00002644,0.90884071
4626,0.00002643,0.90886714
4627,0.00002643,0.90889357
4628,0.00002642,0.90892000
4629,0.00002642,0.90894641
4630,0.00002641,0.90897282
4631,0.00002640,0.90899922
4632,0.00002638,0.90902560
4633,0.00002638,0.90905198
4634,0.00002637,0.90907835
4635,0.00002637,0.90910472
4636,0.00002636,0.90913107
4637,0.00002636,0.90915743
4638,0.00002635,0.90918378
4639,0.00002634,0.90921012
4640,0.00002633,0.90923645
4641,0.00002633,0.90926278
4642,0.00002631,0.90928909
4643,0.00002630,0.90931540
4644,0.00002630,0.90934170
4645,0.00002629,0.90936798
4646,0.00002628,0.90939426
4647,0.00002627,0.90942053
4648,0.00002626,0.90944679
4649,0.00002625,0.90947305
4650,0.00002625,0.90949929
4651,0.00002624,0.90952554
4652,0.00002623,0.90955176
4653,0.00002622,0.90957798
4654,0.00002621,0.90960419
4655,0.00002621,0.90963040
4656,0.00002620,0.90965660
4657,0.00002619,0.90968278
4658,0.00002618,0.90970896
4659,0.00002617,0.90973513
4660,0.00002616,0.90976129
4661,0.00002615,0.90978744
4662,0.00002615,0.90981359
4663,0.00002613,0.90983972
4664,0.00002613,0.90986585
4665,0.00002613,0.90989198
4666,0.00002611,0.90991809
4667,0.00002611,0.90994420
4668,0.00002610,0.90997030
4669,0.00002610,0.90999639
4670,0.00002608,0.91002247
4671,0.00002608,0.91004855
4672,0.00002607,0.91007462
4673,0.00002606,0.91010068
4674,0.00002606,0.91012674
4675,0.00002605,0.91015279
4676,0.00002604,0.91017882
4677,0.00002603,0.91020485
4678,0.00002602,0.91023086
4679,0.00002601,0.91025688
4680,0.00002601,0.91028289
4681,0.00002600,0.91030888
4682,0.00002599,0.91033487
4683,0.00002598,0.91036086
4684,0.00002598,0.91038684
4685,0.00002597,0.91041280
4686,0.00002595,0.91043876
4687,0.00002595,0.91046471
4688,0.00002594,0.91049065
4689,0.00002594,0.91051658
4690,0.00002593,0.91054251
4691,0.00002591,0.91056842
4692,0.00002590,0.91059431
4693,0.00002589,0.91062020
4694,0.00002588,0.91064609
4695,0.00002588,0.91067196
4696,0.00002587,0.91069783
4697,0.00002586,0.91072370
4698,0.00002586,0.91074955
4699,0.00002584,0.91077539
4700,0.00002584,0.91080124
4701,0.00002583,0.91082707
4702,0.00002583,0.91085289
4703,0.00002582,0.91087871
4704,0.00002581,0.91090451
4705,0.00002580,0.91093032
4706,0.00002579,0.91095611
4707,0.00002578,0.91098189
4708,0.00002578,0.91100767
4709,0.00002577,0.91103343
4710,0.00002576,0.91105919
4711,0.00002575,0.91108494
4712,0.00002574,0.91111068
4713,0.00002574,0.91113642
4714,0.00002573,0.91116214
4715,0.00002572,0.91118786
4716,0.00002572,0.91121358
4717,0.00002570,0.91123928
4718,0.00002570,0.91126498
4719,0.00002569,0.91129067
4720,0.00002568,0.91131636
4721,0.00002568,0.91134203
4722,0.00002566,0.91136770
4723,0.00002566,0.91139336
4724,0.00002565,0.91141901
4725,0.00002564,0.91144465
4726,0.00002563,0.91147028
4727,0.00002563,0.91149591
4728,0.00002561,0.91152152
4729,0.00002561,0.91154713
4730,0.00002560,0.91157273
4731,0.00002560,0.91159833
4732,0.00002558,0.91162391
4733,0.00002558,0.91164949
4734,0.00002557,0.91167507
4735,0.00002557,0.91170063
4736,0.00002556,0.91172619
4737,0.00002555,0.91175175
4738,0.00002554,0.91177729
4739,0.00002553,0.91180282
4740,0.00002553,0.91182835
4741,0.00002551,0.91185387
4742,0.00002551,0.91187938
4743,0.00002551,0.91190488
4744,0.00002550,0.91193038
4745,0.00002549,0.91195587
4746,0.00002548,0.91198134
4747,0.00002547,0.91200681
4748,0.00002546,0.91203227
4749,0.00002545,0.91205772
4750,0.00002545,0.91208317
4751,0.00002544,0.91210861
4752,0.00002543,0.91213404
4753,0.00002542,0.91215946
4754,0.00002541,0.91218487
4755,0.00002540,0.91221028
4756,0.00002540,0.91223568
4757,0.00002539,0.91226107
4758,0.00002538,0.91228645
4759,0.00002538,0.91231183
4760,0.00002537,0.91233720
4761,0.00002536,0.91236256
4762,0.00002536,0.91238792
4763,0.00002535,0.91241327
4764,0.00002534,0.91243861
4765,0.00002533,0.91246394
4766,0.00002532,0.91248926
4767,0.00002531,0.91251457
4768,0.00002531,0.91253988
4769,0.00002530,0.91256517
4770,0.00002529,0.91259046
4771,0.00002528,0.91261574
4772,0.00002527,0.91264101
4773,0.00002526,0.91266628
4774,0.00002526,0.91269153
4775,0.00002525,0.91271679
4776,0.00002524,0.91274203
4777,0.00002524,0.91276727
4778,0.00002523,0.91279250
4779,0.00002522,0.91281772
4780,0.00002521,0.91284294
4781,0.00002520,0.91286814
4782,0.00002520,0.91289334
4783,0.00002519,0.91291853
4784,0.00002519,0.91294371
4785,0.00002518,0.91296889
4786,0.00002517,0.91299406
4787,0.00002516,0.91301922
4788,0.00002516,0.91304439
4789,0.00002515,0.91306954
4790,0.00002514,0.91309468
4791,0.00002513,0.91311981
4792,0.00002511,0.91314492
4793,0.00002511,0.91317003
4794,0.00002510,0.91319513
4795,0.00002509,0.91322022
4796,0.00002508,0.91324531
4797,0.00002508,0.91327039
4798,0.00002507,0.91329546
4799,0.00002506,0.91332052
4800,0.00002506,0.91334558
4801,0.00002505,0.91337064
4802,0.00002505,0.91339569
4803,0.00002504,0.91342072
4804,0.00002503,0.91344575
4805,0.00002502,0.91347077
4806,0.00002502,0.91349579
4807,0.00002501,0.91352080
4808,0.00002499,0.91354579
4809,0.00002499,0.91357078
4810,0.00002498,0.91359576
4811,0.00002496,0.91362073
4812,0.00002496,0.91364569
4813,0.00002495,0.91367064
4814,0.00002494,0.91369559
4815,0.00002494,0.91372053
4816,0.00002493,0.91374545
4817,0.00002492,0.91377037
4818,0.00002491,0.91379528
4819,0.00002490,0.91382018
4820,0.00002490,0.91384508
4821,0.00002489,0.91386998
4822,0.00002489,0.91389486
4823,0.00002487,0.91391973
4824,0.00002487,0.91394460
4825,0.00002486,0.91396946
4826,0.00002486,0.91399432
4827,0.00002484,0.91401916
4828,0.00002484,0.91404400
4829,0.00002483,0.91406882
4830,0.00002482,0.91409365
4831,0.00002481,0.91411846
4832,0.00002480,0.91414327
4833,0.00002479,0.91416806
4834,0.00002479,0.91419285
4835,0.00002478,0.91421763
4836,0.00002478,0.91424241
4837,0.00002477,0.91426718
4838,0.00002477,0.91429195
4839,0.00002476,0.91431672
4840,0.00002476,0.91434147
4841,0.00002475,0.91436622
4842,0.00002473,0.91439095
4843,0.00002473,0.91441568
4844,0.00002472,0.91444040
4845,0.00002470,0.91446510
4846,0.00002469,0.91448980
4847,0.00002469,0.91451449
4848,0.00002469,0.91453918
4849,0.00002468,0.91456385
4850,0.00002467,0.91458852
4851,0.00002466,0.91461318
4852,0.00002465,0.91463783
4853,0.00002465,0.91466248
4854,0.00002464,0.91468712
4855,0.00002463,0.91471175
4856,0.00002463,0.91473638
4857,0.00002461,0.91476099
4858,0.00002461,0.91478560
4859,0.00002461,0.91481021
4860,0.00002459,0.91483480
4861,0.00002459,0.91485939
4862,0.00002458,0.91488397
4863,0.00002457,0.91490855
4864,0.00002457,0.91493312
4865,0.00002455,0.91495767
4866,0.00002455,0.91498222
4867,0.00002454,0.91500676
4868,0.00002453,0.91503129
4869,0.00002452,0.91505581
4870,0.00002452,0.91508033
4871,0.00002451,0.91510484
4872,0.00002450,0.91512934
4873,0.00002450,0.91515384
4874,0.00002449,0.91517833
4875,0.00002448,0.91520281
4876,0.00002447,0.91522729
4877,0.00002447,0.91525175
4878,0.00002446,0.91527621
4879,0.00002445,0.91530066
4880,0.00002445,0.91532511
4881,0.00002444,0.91534956
4882,0.00002444,0.91537399
4883,0.00002443,0.91539842
4884,0.00002442,0.91542284
4885,0.00002440,0.91544724
4886,0.00002440,0.91547164
4887,0.00002440,0.91549604
4888,0.00002439,0.91552043
4889,0.00002439,0.91554481
4890,0.00002439,0.91556920
4891,0.00002438,0.91559358
4892,0.00002437,0.91561795
4893,0.00002436,0.91564231
4894,0.00002435,0.91566666
4895,0.00002434,0.91569100
4896,0.00002434,0.91571534
4897,0.00002433,0.91573967
4898,0.00002432,0.91576399
4899,0.00002431,0.91578830
4900,0.00002430,0.91581259
4901,0.00002429,0.91583688
4902,0.00002429,0.91586117
4903,0.00002428,0.91588545
4904,0.00002427,0.91590972
4905,0.00002427,0.91593398
4906,0.00002425,0.91595823
4907,0.00002424,0.91598247
4908,0.00002423,0.91600671
4909,0.00002423,0.91603094
4910,0.00002421,0.91605515
4911,0.00002421,0.91607936
4912,0.00002420,0.91610356
4913,0.00002420,0.91612775
4914,0.00002419,0.91615194
4915,0.00002419,0.91617613
4916,0.00002418,0.91620031
4917,0.00002418,0.91622449
4918,0.00002417,0.91624866
4919,0.00002416,0.91627281
4920,0.00002415,0.91629696
4921,0.00002415,0.91632111
4922,0.00002414,0.91634526
4923,0.00002413,0.91636939
4924,0.00002413,0.91639352
4925,0.00002412,0.91641764
4926,0.00002411,0.91644175
4927,0.00002410,0.91646585
4928,0.00002409,0.91648994
4929,0.00002409,0.91651403
4930,0.00002408,0.91653811
4931,0.00002407,0.91656218
4932,0.00002407,0.91658625
4933,0.00002406,0.91661030
4934,0.00002405,0.91663436
4935,0.00002405,0.91665840
4936,0.00002404,0.91668244
4937,0.00002403,0.91670647
4938,0.00002402,0.91673049
4939,0.00002402,0.91675451
4940,0.00002401,0.91677853
4941,0.00002401,0.91680254
4942,0.00002399,0.91682652
4943,0.00002398,0.91685051
4944,0.00002398,0.91687449
4945,0.00002397,0.91689846
4946,0.00002396,0.91692242
4947,0.00002395,0.91694637
4948,0.00002395,0.91697033
4949,0.00002395,0.91699427
4950,0.00002394,0.91701821
4951,0.00002393,0.91704214
4952,0.00002392,0.91706607
4953,0.00002392,0.91708999
4954,0.00002391,0.91711389
4955,0.00002391,0.91713780
4956,0.00002389,0.91716169
4957,0.00002389,0.91718558
4958,0.00002388,0.91720946
4959,0.00002388,0.91723334
4960,0.00002387,0.91725722
4961,0.00002386,0.91728108
4962,0.00002385,0.91730493
4963,0.00002385,0.91732877
4964,0.00002384,0.91735261
4965,0.00002384,0.91737645
4966,0.00002382,0.91740027
4967,0.00002382,0.91742410
4968,0.00002382,0.91744791
4969,0.00002380,0.91747172
4970,0.00002380,0.91749551
4971,0.00002379,0.91751930
4972,0.00002378,0.91754309
4973,0.00002377,0.91756685
4974,0.00002376,0.91759061
4975,0.00002376,0.91761437
4976,0.00002375,0.91763812
4977,0.00002374,0.91766186
4978,0.00002374,0.91768560
4979,0.00002373,0.91770933
4980,0.00002372,0.91773305
4981,0.00002371,0.91775676
4982,0.00002371,0.91778047
4983,0.00002371,0.91780418
4984,0.00002370,0.91782788
4985,0.00002369,0.91785157
4986,0.00002368,0.91787525
4987,0.00002368,0.91789893
4988,0.00002367,0.91792260
4989,0.00002366,0.91794626
4990,0.00002366,0.91796992
4991,0.00002364,0.91799356
4992,0.00002363,0.91801719
4993,0.00002362,0.91804082
4994,0.00002362,0.91806444
4995,0.00002361,0.91808805
4996,0.00002361,0.91811166
4997,0.00002361,0.91813527
4998,0.00002360,0.91815887
4999,0.00002359,0.91818246
5000,0.00002359,0.91820604
5001,0.00002358,0.91822962
5002,0.00002357,0.91825319
5003,0.00002355,0.91827674
5004,0.00002354,0.91830028
5005,0.00002354,0.91832382
5006,0.00002353,0.91834735
5007,0.00002353,0.91837088
5008,0.00002352,0.91839440
5009,0.00002351,0.91841791
5010,0.00002351,0.91844142
5011,0.00002350,0.91846492
5012,0.00002349,0.91848841
5013,0.00002349,0.91851190
5014,0.00002348,0.91853539
5015,0.00002347,0.91855885
5016,0.00002346,0.91858232
5017,0.00002346,0.91860578
5018,0.00002345,0.91862923
5019,0.00002344,0.91865267
5020,0.00002343,0.91867610
5021,0.00002342,0.91869952
5022,0.00002342,0.91872294
5023,0.00002341,0.91874635
5024,0.00002341,0.91876977
5025,0.00002340,0.91879316
5026,0.00002339,0.91881655
5027,0.00002337,0.91883993
5028,0.00002337,0.91886330
5029,0.00002336,0.91888666
5030,0.00002335,0.91891001
5031,0.00002335,0.91893336
5032,0.00002335,0.91895671
5033,0.00002333,0.91898005
5034,0.00002333,0.91900338
5035,0.00002333,0.91902671
5036,0.00002332,0.91905003
5037,0.00002332,0.91907334
5038,0.00002331,0.91909665
5039,0.00002330,0.91911995
5040,0.00002330,0.91914325
5041,0.00002329,0.91916654
5042,0.00002328,0.91918982
5043,0.00002328,0.91921310
5044,0.00002327,0.91923638
5045,0.00002326,0.91925964
5046,0.00002326,0.91928289
5047,0.00002325,0.91930614
5048,0.00002324,0.91932938
5049,0.00002323,0.91935261
5050,0.00002323,0.91937584
5051,0.00002322,0.91939906
5052,0.00002321,0.91942227
5053,0.00002320,0.91944547
5054,0.00002320,0.91946867
5055,0.00002319,0.91949186
5056,0.00002318,0.91951505
5057,0.00002318,0.91953822
5058,0.00002317,0.91956139
5059,0.00002316,0.91958456
5060,0.00002315,0.91960771
5061,0.00002315,0.91963086
5062,0.00002315,0.91965401
5063,0.00002314,0.91967715
5064,0.00002314,0.91970029
5065,0.00002313,0.91972342
5066,0.00002312,0.91974654
5067,0.00002311,0.91976965
5068,0.00002310,0.91979275
5069,0.00002310,0.91981585
5070,0.00002309,0.91983894
5071,0.00002308,0.91986203
5072,0.00002308,0.91988511
5073,0.00002307,0.91990818
5074,0.00002307,0.91993125
5075,0.00002306,0.91995431
5076,0.00002305,0.91997737
5077,0.00002304,0.92000041
5078,0.00002304,0.92002345
5079,0.00002304,0.92004649
5080,0.00002303,0.92006952
5081,0.00002302,0.92009254
5082,0.00002302,0.92011555
5083,0.00002301,0.92013856
5084,0.00002300,0.92016156
5085,0.00002300,0.92018456
5086,0.00002299,0.92020755
5087,0.00002299,0.92023054
5088,0.00002299,0.92025353
5089,0.00002297,0.92027649
5090,0.00002296,0.92029945
5091,0.00002295,0.92032240
5092,0.00002295,0.92034535
5093,0.00002293,0.92036829
5094,0.00002293,0.92039122
5095,0.00002292,0.92041414
5096,0.00002291,0.92043705
5097,0.00002291,0.92045996
5098,0.00002291,0.92048287
5099,0.00002290,0.92050577
5100,0.00002289,0.92052866
5101,0.00002288,0.92055155
5102,0.00002287,0.92057442
5103,0.00002287,0.92059729
5104,0.00002286,0.92062015
5105,0.00002285,0.92064300
5106,0.00002284,0.92066584
5107,0.00002284,0.92068868
5108,0.00002283,0.92071152
5109,0.00002283,0.92073434
5110,0.00002283,0.92075717
5111,0.00002282,0.92077999
5112,0.00002281,0.92080280
5113,0.00002280,0.92082560
5114,0.00002280,0.92084839
5115,0.00002280,0.92087119
5116,0.00002279,0.92089398
5117,0.00002278,0.92091676
5118,0.00002277,0.92093952
5119,0.00002277,0.92096229
5120,0.00002276,0.92098505
5121,0.00002275,0.92100780
5122,0.00002275,0.92103055
5123,0.00002274,0.92105329
5124,0.00002273,0.92107602
5125,0.00002272,0.92109874
5126,0.00002271,0.92112145
5127,0.00002270,0.92114414
5128,0.00002269,0.92116683
5129,0.00002269,0.92118952
5130,0.00002268,0.92121221
5131,0.00002267,0.92123488
5132,0.00002266,0.92125754
5133,0.00002266,0.92128020
5134,0.00002265,0.92130285
5135,0.00002265,0.92132550
5136,0.00002264,0.92134815
5137,0.00002264,0.92137078
5138,0.00002263,0.92139341
5139,0.00002262,0.92141603
5140,0.00002261,0.92143864
5141,0.00002261,0.92146125
5142,0.00002260,0.92148385
5143,0.00002259,0.92150644
5144,0.00002259,0.92152903
5145,0.00002258,0.92155161
5146,0.00002258,0.92157419
5147,0.00002257,0.92159675
5148,0.00002256,0.92161931
5149,0.00002255,0.92164187
5150,0.00002254,0.92166441
5151,0.00002254,0.92168695
5152,0.00002253,0.92170949
5153,0.00002253,0.92173202
5154,0.00002252,0.92175453
5155,0.00002252,0.92177705
5156,0.00002251,0.92179956
5157,0.00002250,0.92182206
5158,0.00002250,0.92184456
5159,0.00002250,0.92186706
5160,0.00002248,0.92188954
5161,0.00002248,0.92191202
5162,0.00002247,0.92193449
5163,0.00002247,0.92195695
5164,0.00002246,0.92197941
5165,0.00002245,0.92200186
5166,0.00002244,0.92202431
5167,0.00002243,0.92204674
5168,0.00002243,0.92206917
5169,0.00002242,0.92209159
5170,0.00002241,0.92211400
5171,0.00002241,0.92213641
5172,0.00002241,0.92215882
5173,0.00002240,0.92218121
5174,0.00002239,0.92220360
5175,0.00002239,0.92222599
5176,0.00002238,0.92224837
5177,0.00002238,0.92227075
5178,0.00002237,0.92229312
5179,0.00002237,0.92231548
5180,0.00002236,0.92233785
5181,0.00002235,0.92236020
5182,0.00002234,0.92238254
5183,0.00002234,0.92240488
5184,0.00002233,0.92242721
5185,0.00002232,0.92244953
5186,0.00002231,0.92247184
5187,0.00002231,0.92249414
5188,0.00002230,0.92251645
5189,0.00002229,0.92253874
5190,0.00002228,0.92256102
5191,0.00002228,0.92258330
5192,0.00002227,0.92260557
5193,0.00002227,0.92262784
5194,0.00002226,0.92265010
5195,0.00002225,0.92267236
5196,0.00002225,0.92269460
5197,0.00002224,0.92271684
5198,0.00002223,0.92273908
5199,0.00002223,0.92276131
5200,0.00002222,0.92278353
5201,0.00002222,0.92280575
5202,0.00002221,0.92282796
5203,0.00002221,0.92285017
5204,0.00002220,0.92287238
5205,0.00002219,0.92289457
5206,0.00002219,0.92291676
5207,0.00002218,0.92293894
5208,0.00002218,0.92296111
5209,0.00002217,0.92298328
5210,0.00002217,0.92300545
5211,0.00002216,0.92302761
5212,0.00002214,0.92304975
5213,0.00002214,0.92307189
5214,0.00002214,0.92309402
5215,0.00002213,0.92311615
5216,0.00002212,0.92313827
5217,0.00002211,0.92316038
5218,0.00002211,0.92318248
5219,0.00002210,0.92320458
5220,0.00002210,0.92322668
5221,0.00002209,0.92324876
5222,0.00002208,0.92327084
5223,0.00002207,0.92329291
5224,0.00002207,0.92331497
5225,0.00002206,0.92333703
5226,0.00002205,0.92335908
5227,0.00002204,0.92338112
5228,0.00002204,0.92340316
5229,0.00002203,0.92342520
5230,0.00002203,0.92344723
5231,0.00002203,0.92346926
5232,0.00002202,0.92349128
5233,0.00002201,0.92351328
5234,0.00002200,0.92353528
5235,0.00002199,0.92355727
5236,0.00002198,0.92357925
5237,0.00002198,0.92360123
5238,0.00002198,0.92362321
5239,0.00002197,0.92364518
5240,0.00002196,0.92366715
5241,0.00002196,0.92368910
5242,0.00002195,0.92371105
5243,0.00002194,0.92373300
5244,0.00002193,0.92375493
5245,0.00002193,0.92377686
5246,0.00002192,0.92379878
5247,0.00002192,0.92382070
5248,0.00002190,0.92384260
5249,0.00002190,0.92386451
5250,0.00002189,0.92388640
5251,0.00002189,0.92390829
5252,0.00002188,0.92393017
5253,0.00002188,0.92395205
5254,0.00002187,0.92397392
5255,0.00002186,0.92399579
5256,0.00002186,0.92401765
5257,0.00002185,0.92403950
5258,0.00002185,0.92406134
5259,0.00002184,0.92408318
5260,0.00002184,0.92410502
5261,0.00002183,0.92412685
5262,0.00002183,0.92414867
5263,0.00002182,0.92417049
5264,0.00002181,0.92419230
5265,0.00002181,0.92421411
5266,0.00002180,0.92423591
5267,0.00002179,0.92425770
5268,0.00002178,0.92427948
5269,0.00002177,0.92430125
5270,0.00002177,0.92432302
5271,0.00002177,0.92434479
5272,0.00002176,0.92436655
5273,0.00002175,0.92438830
5274,0.00002175,0.92441004
5275,0.00002174,0.92443178
5276,0.00002174,0.92445352
5277,0.00002174,0.92447526
5278,0.00002172,0.92449698
5279,0.00002172,0.92451870
5280,0.00002171,0.92454041
5281,0.00002171,0.92456212
5282,0.00002170,0.92458382
5283,0.00002169,0.92460551
5284,0.00002169,0.92462720
5285,0.00002168,0.92464888
5286,0.00002167,0.92467055
5287,0.00002166,0.92469221
5288,0.00002166,0.92471387
5289,0.00002165,0.92473552
5290,0.00002165,0.92475716
5291,0.00002165,0.92477881
5292,0.00002164,0.92480045
5293,0.00002163,0.92482208
5294,0.00002163,0.92484371
5295,0.00002162,0.92486534
5296,0.00002161,0.92488695
5297,0.00002161,0.92490856
5298,0.00002160,0.92493016
5299,0.00002160,0.92495175
5300,0.00002159,0.92497334
5301,0.00002159,0.92499493
5302,0.00002158,0.92501651
5303,0.00002157,0.92503808
5304,0.00002156,0.92505964
5305,0.00002156,0.92508120
5306,0.00002155,0.92510275
5307,0.00002154,0.92512429
5308,0.00002154,0.92514583
5309,0.00002153,0.92516736
5310,0.00002152,0.92518889
5311,0.00002151,0.92521040
5312,0.00002151,0.92523190
5313,0.00002150,0.92525341
5314,0.00002150,0.92527491
5315,0.00002149,0.92529640
5316,0.00002149,0.92531789
5317,0.00002149,0.92533938
5318,0.00002148,0.92536085
5319,0.00002147,0.92538232
5320,0.00002146,0.92540378
5321,0.00002145,0.92542523
5322,0.00002145,0.92544669
5323,0.00002145,0.92546813
5324,0.00002144,0.92548957
5325,0.00002144,0.92551101
5326,0.00002143,0.92553244
5327,0.00002142,0.92555387
5328,0.00002142,0.92557529
5329,0.00002142,0.92559670
5330,0.00002140,0.92561811
5331,0.00002140,0.92563950
5332,0.00002139,0.92566089
5333,0.00002138,0.92568228
5334,0.00002138,0.92570366
5335,0.00002137,0.92572504
5336,0.00002137,0.92574640
5337,0.00002136,0.92576776
5338,0.00002135,0.92578912
5339,0.00002135,0.92581047
5340,0.00002134,0.92583181
5341,0.00002134,0.92585315
5342,0.00002133,0.92587448
5343,0.00002133,0.92589581
5344,0.00002132,0.92591713
5345,0.00002131,0.92593844
5346,0.00002131,0.92595975
5347,0.00002130,0.92598105
5348,0.00002129,0.92600234
5349,0.00002129,0.92602363
5350,0.00002128,0.92604491
5351,0.00002127,0.92606618
5352,0.00002127,0.92608745
5353,0.00002126,0.92610872
5354,0.00002126,0.92612997
5355,0.00002125,0.92615122
5356,0.00002125,0.92617247
5357,0.00002123,0.92619371
5358,0.00002122,0.92621493
5359,0.00002122,0.92623615
5360,0.00002122,0.92625737
5361,0.00002121,0.92627858
5362,0.00002121,0.92629979
5363,0.00002120,0.92632098
5364,0.00002119,0.92634218
5365,0.00002118,0.92636336
5366,0.00002118,0.92638454
5367,0.00002116,0.92640570
5368,0.00002116,0.92642687
5369,0.00002116,0.92644802
5370,0.00002116,0.92646918
5371,0.00002115,0.92649032
5372,0.00002114,0.92651146
5373,0.00002113,0.92653260
5374,0.00002112,0.92655372
5375,0.00002112,0.92657484
5376,0.00002112,0.92659596
5377,0.00002111,0.92661708
5378,0.00002110,0.92663818
5379,0.00002110,0.92665927
5380,0.00002109,0.92668037
5381,0.00002109,0.92670145
5382,0.00002109,0.92672254
5383,0.00002107,0.92674361
5384,0.00002107,0.92676468
5385,0.00002106,0.92678574
5386,0.00002105,0.92680679
5387,0.00002105,0.92682784
5388,0.00002104,0.92684889
5389,0.00002104,0.92686992
5390,0.00002104,0.92689096
5391,0.00002103,0.92691199
5392,0.00002103,0.92693301
5393,0.00002102,0.92695403
5394,0.00002101,0.92697504
5395,0.00002101,0.92699605
5396,0.00002100,0.92701705
5397,0.00002100,0.92703804
5398,0.00002098,0.92705902
5399,0.00002098,0.92708000
5400,0.00002097,0.92710097
5401,0.00002096,0.92712194
5402,0.00002096,0.92714290
5403,0.00002096,0.92716385
5404,0.00002095,0.92718480
5405,0.00002094,0.92720574
5406,0.00002093,0.92722667
5407,0.00002093,0.92724761
5408,0.00002092,0.92726853
5409,0.00002092,0.92728945
5410,0.00002091,0.92731036
5411,0.00002090,0.92733126
5412,0.00002090,0.92735216
5413,0.00002089,0.92737305
5414,0.00002089,0.92739393
5415,0.00002088,0.92741481
5416,0.00002087,0.92743568
5417,0.00002087,0.92745655
5418,0.00002086,0.92747742
5419,0.00002086,0.92749828
5420,0.00002085,0.92751913
5421,0.00002084,0.92753997
5422,0.00002084,0.92756081
5423,0.00002083,0.92758164
5424,0.00002082,0.92760247
5425,0.00002082,0.92762329
5426,0.00002082,0.92764411
5427,0.00002082,0.92766492
5428,0.00002081,0.92768573
5429,0.00002080,0.92770653
5430,0.00002079,0.92772732
5431,0.00002079,0.92774811
5432,0.00002078,0.92776889
5433,0.00002078,0.92778967
5434,0.00002077,0.92781045
5435,0.00002076,0.92783121
5436,0.00002076,0.92785197
5437,0.00002075,0.92787272
5438,0.00002075,0.92789347
5439,0.00002075,0.92791422
5440,0.00002074,0.92793496
5441,0.00002073,0.92795569
5442,0.00002072,0.92797641
5443,0.00002071,0.92799712
5444,0.00002071,0.92801783
5445,0.00002070,0.92803853
5446,0.00002070,0.92805922
5447,0.00002069,0.92807991
5448,0.00002068,0.92810059
5449,0.00002067,0.92812126
5450,0.00002067,0.92814193
5451,0.00002066,0.92816259
5452,0.00002065,0.92818324
5453,0.00002065,0.92820389
5454,0.00002065,0.92822454
5455,0.00002064,0.92824518
5456,0.00002064,0.92826582
5457,0.00002063,0.92828645
5458,0.00002062,0.92830707
5459,0.00002062,0.92832769
5460,0.00002061,0.92834830
5461,0.00002061,0.92836890
5462,0.00002061,0.92838951
5463,0.00002060,0.92841011
5464,0.00002060,0.92843070
5465,0.00002059,0.92845129
5466,0.00002058,0.92847187
5467,0.00002057,0.92849244
5468,0.00002057,0.92851300
5469,0.00002056,0.92853356
5470,0.00002056,0.92855412
5471,0.00002055,0.92857468
5472,0.00002054,0.92859522
5473,0.00002054,0.92861576
5474,0.00002053,0.92863629
5475,0.00002053,0.92865682
5476,0.00002052,0.92867734
5477,0.00002052,0.92869786
5478,0.00002051,0.92871837
5479,0.00002051,0.92873888
5480,0.00002050,0.92875938
5481,0.00002050,0.92877988
5482,0.00002049,0.92880037
5483,0.00002048,0.92882085
5484,0.00002048,0.92884133
5485,0.00002047,0.92886180
5486,0.00002047,0.92888227
5487,0.00002046,0.92890273
5488,0.00002045,0.92892318
5489,0.00002045,0.92894363
5490,0.00002044,0.92896407
5491,0.00002044,0.92898451
5492,0.00002043,0.92900494
5493,0.00002043,0.92902537
5494,0.00002042,0.92904579
5495,0.00002041,0.92906620
5496,0.00002041,0.92908661
5497,0.00002040,0.92910701
5498,0.00002040,0.92912741
5499,0.00002039,0.92914780
5500,0.00002039,0.92916819
5501,0.00002038,0.92918857
5502,0.00002038,0.92920895
5503,0.00002037,0.92922932
5504,0.00002037,0.92924969
5505,0.00002036,0.92927005
5506,0.00002035,0.92929040
5507,0.00002034,0.92931074
5508,0.00002034,0.92933108
5509,0.00002033,0.92935141
5510,0.00002032,0.92937173
5511,0.00002032,0.92939205
5512,0.00002031,0.92941236
5513,0.00002031,0.92943267
5514,0.00002030,0.92945297
5515,0.00002030,0.92947327
5516,0.00002030,0.92949357
5517,0.00002029,0.92951386
5518,0.00002028,0.92953414
5519,0.00002028,0.92955442
5520,0.00002027,0.92957469
5521,0.00002026,0.92959495
5522,0.00002026,0.92961521
5523,0.00002025,0.92963546
5524,0.00002025,0.92965571
5525,0.00002024,0.92967595
5526,0.00002024,0.92969619
5527,0.00002023,0.92971642
5528,0.00002023,0.92973665
5529,0.00002022,0.92975687
5530,0.00002021,0.92977708
5531,0.00002021,0.92979729
5532,0.00002020,0.92981749
5533,0.00002019,0.92983768
5534,0.00002019,0.92985786
5535,0.00002018,0.92987804
5536,0.00002018,0.92989822
5537,0.00002017,0.92991839
5538,0.00002017,0.92993856
5539,0.00002016,0.92995872
5540,0.00002016,0.92997888
5541,0.00002015,0.92999902
5542,0.00002014,0.93001917
5543,0.00002014,0.93003930
5544,0.00002014,0.93005944
5545,0.00002012,0.93007956
5546,0.00002012,0.93009968
5547,0.00002011,0.93011979
5548,0.00002010,0.93013989
5549,0.00002009,0.93015998
5550,0.00002009,0.93018007
5551,0.00002008,0.93020015
5552,0.00002008,0.93022023
5553,0.00002007,0.93024030
5554,0.00002007,0.93026036
5555,0.00002006,0.93028042
5556,0.00002006,0.93030048
5557,0.00002005,0.93032053
5558,0.00002005,0.93034058
5559,0.00002004,0.93036062
5560,0.00002004,0.93038065
5561,0.00002003,0.93040068
5562,0.00002002,0.93042070
5563,0.00002002,0.93044072
5564,0.00002001,0.93046073
5565,0.00002001,0.93048074
5566,0.00002000,0.93050074
5567,0.00002000,0.93052074
5568,0.00002000,0.93054074
5569,0.00001999,0.93056073
5570,0.00001999,0.93058072
5571,0.00001999,0.93060070
5572,0.00001997,0.93062068
5573,0.00001997,0.93064065
5574,0.00001996,0.93066061
5575,0.00001996,0.93068057
5576,0.00001995,0.93070052
5577,0.00001994,0.93072046
5578,0.00001994,0.93074040
5579,0.00001994,0.93076034
5580,0.00001993,0.93078027
5581,0.00001992,0.93080018
5582,0.00001992,0.93082010
5583,0.00001990,0.93084000
5584,0.00001990,0.93085990
5585,0.00001989,0.93087980
5586,0.00001989,0.93089968
5587,0.00001988,0.93091957
5588,0.00001988,0.93093944
5589,0.00001987,0.93095931
5590,0.00001987,0.93097918
5591,0.00001986,0.93099905
5592,0.00001986,0.93101891
5593,0.00001985,0.93103876
5594,0.00001985,0.93105860
5595,0.00001984,0.93107845
5596,0.00001984,0.93109828
5597,0.00001983,0.93111811
5598,0.00001982,0.93113793
5599,0.00001982,0.93115775
5600,0.00001981,0.93117756
5601,0.00001980,0.93119736
5602,0.00001980,0.93121716
5603,0.00001979,0.93123695
5604,0.00001979,0.93125674
5605,0.00001979,0.93127653
5606,0.00001978,0.93129631
5607,0.00001978,0.93131609
5608,0.00001977,0.93133587
5609,0.00001977,0.93135563
5610,0.00001976,0.93137540
5611,0.00001976,0.93139515
5612,0.00001976,0.93141491
5613,0.00001975,0.93143466
5614,0.00001974,0.93145440
5615,0.00001974,0.93147414
5616,0.00001973,0.93149387
5617,0.00001973,0.93151360
5618,0.00001972,0.93153332
5619,0.00001972,0.93155304
5620,0.00001971,0.93157276
5621,0.00001971,0.93159246
5622,0.00001970,0.93161216
5623,0.00001969,0.93163184
5624,0.00001968,0.93165152
5625,0.00001968,0.93167120
5626,0.00001967,0.93169087
5627,0.00001966,0.93171053
5628,0.00001966,0.93173019
5629,0.00001965,0.93174985
5630,0.00001965,0.93176949
5631,0.00001964,0.93178913
5632,0.00001963,0.93180876
5633,0.00001963,0.93182839
5634,0.00001962,0.93184801
5635,0.00001962,0.93186763
5636,0.00001962,0.93188725
5637,0.00001961,0.93190685
5638,0.00001960,0.93192646
5639,0.00001960,0.93194606
5640,0.00001960,0.93196565
5641,0.00001959,0.93198525
5642,0.00001958,0.93200483
5643,0.00001958,0.93202441
5644,0.00001958,0.93204399
5645,0.00001957,0.93206356
5646,0.00001956,0.93208312
5647,0.00001956,0.93210268
5648,0.00001955,0.93212224
5649,0.00001954,0.93214178
5650,0.00001954,0.93216132
5651,0.00001953,0.93218085
5652,0.00001952,0.93220038
5653,0.00001952,0.93221990
5654,0.00001952,0.93223941
5655,0.00001951,0.93225893
5656,0.00001951,0.93227843
5657,0.00001950,0.93229794
5658,0.00001949,0.93231743
5659,0.00001949,0.93233692
5660,0.00001949,0.93235641
5661,0.00001948,0.93237589
5662,0.00001947,0.93239536
5663,0.00001947,0.93241483
5664,0.00001946,0.93243430
5665,0.00001946,0.93245376
5666,0.00001946,0.93247322
5667,0.00001945,0.93249266
5668,0.00001945,0.93251211
5669,0.00001944,0.93253155
5670,0.00001944,0.93255099
5671,0.00001943,0.93257041
5672,0.00001942,0.93258983
5673,0.00001941,0.93260924
5674,0.00001941,0.93262865
5675,0.00001941,0.93264806
5676,0.00001940,0.93266746
5677,0.00001940,0.93268685
5678,0.00001939,0.93270624
5679,0.00001938,0.93272563
5680,0.00001938,0.93274500
5681,0.00001937,0.93276437
5682,0.00001937,0.93278374
5683,0.00001936,0.93280310
5684,0.00001936,0.93282246
5685,0.00001935,0.93284181
5686,0.00001934,0.93286115
5687,0.00001934,0.93288049
5688,0.00001934,0.93289982
5689,0.00001933,0.93291915
5690,0.00001932,0.93293848
5691,0.00001932,0.93295780
5692,0.00001931,0.93297711
5693,0.00001931,0.93299642
5694,0.00001930,0.93301572
5695,0.00001929,0.93303501
5696,0.00001928,0.93305429
5697,0.00001928,0.93307357
5698,0.00001927,0.93309284
5699,0.00001927,0.93311211
5700,0.00001927,0.93313138
5701,0.00001926,0.93315064
5702,0.00001925,0.93316989
5703,0.00001925,0.93318914
5704,0.00001924,0.93320838
5705,0.00001924,0.93322762
5706,0.00001923,0.93324686
5707,0.00001923,0.93326608
5708,0.00001922,0.93328531
5709,0.00001922,0.93330453
5710,0.00001921,0.93332374
5711,0.00001921,0.93334295
5712,0.00001920,0.93336215
5713,0.00001920,0.93338135
5714,0.00001919,0.93340054
5715,0.00001918,0.93341972
5716,0.00001918,0.93343890
5717,0.00001918,0.93345808
5718,0.00001917,0.93347725
5719,0.00001917,0.93349641
5720,0.00001916,0.93351558
5721,0.00001915,0.93353472
5722,0.00001915,0.93355387
5723,0.00001914,0.93357301
5724,0.00001914,0.93359215
5725,0.00001913,0.93361128
5726,0.00001912,0.93363040
5727,0.00001912,0.93364952
5728,0.00001912,0.93366864
5729,0.00001911,0.93368775
5730,0.00001910,0.93370686
5731,0.00001910,0.93372596
5732,0.00001910,0.93374505
5733,0.00001909,0.93376415
5734,0.00001909,0.93378323
5735,0.00001909,0.93380232
5736,0.00001907,0.93382139
5737,0.00001907,0.93384046
5738,0.00001907,0.93385953
5739,0.00001906,0.93387859
5740,0.00001906,0.93389765
5741,0.00001905,0.93391670
5742,0.00001905,0.93393574
5743,0.00001904,0.93395478
5744,0.00001904,0.93397382
5745,0.00001904,0.93399285
5746,0.00001903,0.93401188
5747,0.00001902,0.93403090
5748,0.00001902,0.93404992
5749,0.00001901,0.93406893
5750,0.00001900,0.93408794
5751,0.00001900,0.93410693
5752,0.00001900,0.93412593
5753,0.00001899,0.93414492
5754,0.00001898,0.93416390
5755,0.00001898,0.93418288
5756,0.00001897,0.93420185
5757,0.00001897,0.93422081
5758,0.00001896,0.93423978
5759,0.00001896,0.93425874
5760,0.00001895,0.93427769
5761,0.00001895,0.93429664
5762,0.00001894,0.93431558
5763,0.00001893,0.93433451
5764,0.00001893,0.93435344
5765,0.00001892,0.93437236
5766,0.00001892,0.93439128
5767,0.00001892,0.93441020
5768,0.00001891,0.93442911
5769,0.00001891,0.93444802
5770,0.00001890,0.93446692
5771,0.00001889,0.93448581
5772,0.00001888,0.93450470
5773,0.00001888,0.93452358
5774,0.00001888,0.93454245
5775,0.00001887,0.93456133
5776,0.00001887,0.93458020
5777,0.00001886,0.93459906
5778,0.00001886,0.93461792
5779,0.00001885,0.93463677
5780,0.00001885,0.93465562
5781,0.00001884,0.93467446
5782,0.00001884,0.93469329
5783,0.00001884,0.93471213
5784,0.00001883,0.93473096
5785,0.00001882,0.93474979
5786,0.00001882,0.93476861
5787,0.00001881,0.93478742
5788,0.00001881,0.93480623
5789,0.00001880,0.93482503
5790,0.00001880,0.93484383
5791,0.00001880,0.93486263
5792,0.00001879,0.93488142
5793,0.00001878,0.93490020
5794,0.00001877,0.93491898
5795,0.00001877,0.93493774
5796,0.00001876,0.93495651
5797,0.00001876,0.93497527
5798,0.00001876,0.93499403
5799,0.00001876,0.93501278
5800,0.00001875,0.93503153
5801,0.00001874,0.93505028
5802,0.00001874,0.93506902
5803,0.00001873,0.93508775
5804,0.00001873,0.93510648
5805,0.00001872,0.93512520
5806,0.00001872,0.93514392
5807,0.00001870,0.93516263
5808,0.00001870,0.93518133
5809,0.00001870,0.93520003
5810,0.00001869,0.93521872
5811,0.00001868,0.93523740
5812,0.00001868,0.93525608
5813,0.00001867,0.93527475
5814,0.00001867,0.93529342
5815,0.00001866,0.93531209
5816,0.00001866,0.93533074
5817,0.00001866,0.93534940
5818,0.00001865,0.93536805
5819,0.00001864,0.93538669
5820,0.00001864,0.93540533
5821,0.00001863,0.93542396
5822,0.00001863,0.93544258
5823,0.00001862,0.93546121
5824,0.00001862,0.93547983
5825,0.00001861,0.93549844
5826,0.00001861,0.93551705
5827,0.00001861,0.93553566
5828,0.00001860,0.93555426
5829,0.00001859,0.93557285
5830,0.00001859,0.93559144
5831,0.00001858,0.93561003
5832,0.00001858,0.93562861
5833,0.00001857,0.93564718
5834,0.00001857,0.93566575
5835,0.00001856,0.93568431
5836,0.00001856,0.93570287
5837,0.00001855,0.93572142
5838,0.00001855,0.93573997
5839,0.00001854,0.93575851
5840,0.00001854,0.93577705
5841,0.00001853,0.93579559
5842,0.00001853,0.93581412
5843,0.00001852,0.93583264
5844,0.00001852,0.93585115
5845,0.00001851,0.93586967
5846,0.00001851,0.93588817
5847,0.00001850,0.93590667
5848,0.00001850,0.93592517
5849,0.00001849,0.93594366
5850,0.00001848,0.93596214
5851,0.00001848,0.93598062
5852,0.00001848,0.93599910
5853,0.00001847,0.93601757
5854,0.00001847,0.93603603
5855,0.00001846,0.93605449
5856,0.00001845,0.93607295
5857,0.00001845,0.93609139
5858,0.00001845,0.93610984
5859,0.00001844,0.93612828
5860,0.00001843,0.93614671
5861,0.00001843,0.93616514
5862,0.00001842,0.93618356
5863,0.00001842,0.93620198
5864,0.00001841,0.93622039
5865,0.00001841,0.93623881
5866,0.00001841,0.93625721
5867,0.00001840,0.93627561
5868,0.00001839,0.93629401
5869,0.00001839,0.93631240
5870,0.00001838,0.93633078
5871,0.00001838,0.93634916
5872,0.00001837,0.93636753
5873,0.00001837,0.93638590
5874,0.00001836,0.93640427
5875,0.00001835,0.93642262
5876,0.00001835,0.93644097
5877,0.00001834,0.93645932
5878,0.00001834,0.93647766
5879,0.00001834,0.93649600
5880,0.00001834,0.93651433
5881,0.00001832,0.93653265
5882,0.00001832,0.93655097
5883,0.00001831,0.93656928
5884,0.00001831,0.93658759
5885,0.00001831,0.93660589
5886,0.00001830,0.93662419
5887,0.00001830,0.93664249
5888,0.00001829,0.93666079
5889,0.00001829,0.93667907
5890,0.00001828,0.93669736
5891,0.00001828,0.93671564
5892,0.00001827,0.93673391
5893,0.00001827,0.93675217
5894,0.00001826,0.93677044
5895,0.00001826,0.93678870
5896,0.00001826,0.93680696
5897,0.00001825,0.93682521
5898,0.00001824,0.93684345
5899,0.00001824,0.93686169
5900,0.00001823,0.93687992
5901,0.00001823,0.93689815
5902,0.00001823,0.93691638
5903,0.00001822,0.93693460
5904,0.00001822,0.93695281
5905,0.00001821,0.93697102
5906,0.00001820,0.93698923
5907,0.00001820,0.93700743
5908,0.00001819,0.93702562
5909,0.00001819,0.93704381
5910,0.00001819,0.93706200
5911,0.00001818,0.93708017
5912,0.00001817,0.93709835
5913,0.00001817,0.93711652
5914,0.00001816,0.93713468
5915,0.00001816,0.93715284
5916,0.00001815,0.93717099
5917,0.00001815,0.93718914
5918,0.00001815,0.93720729
5919,0.00001814,0.93722543
5920,0.00001813,0.93724355
5921,0.00001812,0.93726168
5922,0.00001812,0.93727979
5923,0.00001812,0.93729791
5924,0.00001811,0.93731602
5925,0.00001810,0.93733412
5926,0.00001810,0.93735222
5927,0.00001809,0.93737031
5928,0.00001809,0.93738841
5929,0.00001809,0.93740650
5930,0.00001809,0.93742458
5931,0.00001808,0.93744266
5932,0.00001807,0.93746073
5933,0.00001806,0.93747880
5934,0.00001806,0.93749686
5935,0.00001806,0.93751492
5936,0.00001805,0.93753297
5937,0.00001805,0.93755102
5938,0.00001805,0.93756907
5939,0.00001804,0.93758711
5940,0.00001804,0.93760515
5941,0.00001803,0.93762318
5942,0.00001803,0.93764121
5943,0.00001802,0.93765923
5944,0.00001802,0.93767725
5945,0.00001801,0.93769526
5946,0.00001801,0.93771327
5947,0.00001800,0.93773128
5948,0.00001799,0.93774927
5949,0.00001799,0.93776726
5950,0.00001798,0.93778524
5951,0.00001798,0.93780322
5952,0.00001798,0.93782120
5953,0.00001798,0.93783917
5954,0.00001796,0.93785714
5955,0.00001796,0.93787510
5956,0.00001796,0.93789305
5957,0.00001795,0.93791100
5958,0.00001794,0.93792895
5959,0.00001794,0.93794689
5960,0.00001794,0.93796482
5961,0.00001793,0.93798276
5962,0.00001793,0.93800069
5963,0.00001793,0.93801862
5964,0.00001792,0.93803654
5965,0.00001792,0.93805446
5966,0.00001791,0.93807238
5967,0.00001791,0.93809029
5968,0.00001790,0.93810818
5969,0.00001789,0.93812608
5970,0.00001789,0.93814396
5971,0.00001788,0.93816185
5972,0.00001788,0.93817973
5973,0.00001788,0.93819760
5974,0.00001787,0.93821548
5975,0.00001787,0.93823334
5976,0.00001786,0.93825120
5977,0.00001785,0.93826906
5978,0.00001785,0.93828691
5979,0.00001785,0.93830476
5980,0.00001785,0.93832260
5981,0.00001784,0.93834044
5982,0.00001783,0.93835827
5983,0.00001782,0.93837609
5984,0.00001782,0.93839391
5985,0.00001782,0.93841173
5986,0.00001781,0.93842954
5987,0.00001781,0.93844735
5988,0.00001781,0.93846516
5989,0.00001780,0.93848296
5990,0.00001779,0.93850075
5991,0.00001779,0.93851854
5992,0.00001778,0.93853632
5993,0.00001778,0.93855410
5994,0.00001777,0.93857187
5995,0.00001776,0.93858964
5996,0.00001776,0.93860740
5997,0.00001776,0.93862516
5998,0.00001775,0.93864291
5999,0.00001775,0.93866066
6000,0.00001775,0.93867841
6001,0.00001774,0.93869615
6002,0.00001774,0.93871388
6003,0.00001773,0.93873161
6004,0.00001772,0.93874933
6005,0.00001772,0.93876705
6006,0.00001771,0.93878477
6007,0.00001771,0.93880247
6008,0.00001770,0.93882018
6009,0.00001770,0.93883788
6010,0.00001769,0.93885557
6011,0.00001769,0.93887326
6012,0.00001769,0.93889094
6013,0.00001768,0.93890863
6014,0.00001768,0.93892631
6015,0.00001767,0.93894398
6016,0.00001767,0.93896165
6017,0.00001767,0.93897932
6018,0.00001766,0.93899698
6019,0.00001766,0.93901464
6020,0.00001766,0.93903229
6021,0.00001765,0.93904994
6022,0.00001764,0.93906758
6023,0.00001764,0.93908522
6024,0.00001763,0.93910286
6025,0.00001763,0.93912049
6026,0.00001762,0.93913811
6027,0.00001762,0.93915572
6028,0.00001761,0.93917334
6029,0.00001760,0.93919094
6030,0.00001760,0.93920854
6031,0.00001760,0.93922614
6032,0.00001760,0.93924373
6033,0.00001759,0.93926133
6034,0.00001759,0.93927891
6035,0.00001758,0.93929650
6036,0.00001757,0.93931407
6037,0.00001757,0.93933164
6038,0.00001757,0.93934921
6039,0.00001756,0.93936677
6040,0.00001755,0.93938432
6041,0.00001754,0.93940186
6042,0.00001754,0.93941940
6043,0.00001754,0.93943694
6044,0.00001753,0.93945447
6045,0.00001753,0.93947200
6046,0.00001752,0.93948952
6047,0.00001752,0.93950705
6048,0.00001752,0.93952456
6049,0.00001751,0.93954207
6050,0.00001751,0.93955958
6051,0.00001750,0.93957708
6052,0.00001750,0.93959458
6053,0.00001749,0.93961208
6054,0.00001749,0.93962956
6055,0.00001748,0.93964704
6056,0.00001747,0.93966452
6057,0.00001747,0.93968199
6058,0.00001747,0.93969946
6059,0.00001746,0.93971692
6060,0.00001746,0.93973438
6061,0.00001746,0.93975183
6062,0.00001745,0.93976928
6063,0.00001744,0.93978672
6064,0.00001744,0.93980415
6065,0.00001743,0.93982159
6066,0.00001743,0.93983901
6067,0.00001742,0.93985644
6068,0.00001742,0.93987385
6069,0.00001741,0.93989126
6070,0.00001740,0.93990867
6071,0.00001740,0.93992607
6072,0.00001740,0.93994347
6073,0.00001738,0.93996085
6074,0.00001738,0.93997823
6075,0.00001738,0.93999561
6076,0.00001738,0.94001299
6077,0.00001737,0.94003036
6078,0.00001737,0.94004773
6079,0.00001736,0.94006509
6080,0.00001736,0.94008245
6081,0.00001735,0.94009980
6082,0.00001735,0.94011715
6083,0.00001734,0.94013449
6084,0.00001734,0.94015183
6085,0.00001734,0.94016916
6086,0.00001733,0.94018649
6087,0.00001732,0.94020382
6088,0.00001732,0.94022114
6089,0.00001732,0.94023846
6090,0.00001731,0.94025577
6091,0.00001731,0.94027308
6092,0.00001731,0.94029039
6093,0.00001730,0.94030769
6094,0.00001729,0.94032498
6095,0.00001729,0.94034227
6096,0.00001728,0.94035955
6097,0.00001728,0.94037683
6098,0.00001727,0.94039411
6099,0.00001727,0.94041138
6100,0.00001726,0.94042864
6101,0.00001726,0.94044590
6102,0.00001725,0.94046315
6103,0.00001725,0.94048041
6104,0.00001725,0.94049765
6105,0.00001724,0.94051490
6106,0.00001723,0.94053213
6107,0.00001723,0.94054936
6108,0.00001722,0.94056658
6109,0.00001722,0.94058381
6110,0.00001722,0.94060102
6111,0.00001721,0.94061824
6112,0.00001721,0.94063545
6113,0.00001721,0.94065265
6114,0.00001720,0.94066985
6115,0.00001719,0.94068704
6116,0.00001719,0.94070423
6117,0.00001719,0.94072142
6118,0.00001718,0.94073860
6119,0.00001717,0.94075578
6120,0.00001717,0.94077295
6121,0.00001717,0.94079011
6122,0.00001716,0.94080727
6123,0.00001716,0.94082443
6124,0.00001716,0.94084159
6125,0.00001715,0.94085874
6126,0.00001715,0.94087588
6127,0.00001714,0.94089303
6128,0.00001714,0.94091017
6129,0.00001714,0.94092731
6130,0.00001713,0.94094444
6131,0.00001713,0.94096156
6132,0.00001712,0.94097868
6133,0.00001712,0.94099580
6134,0.00001711,0.94101291
6135,0.00001711,0.94103002
6136,0.00001711,0.94104713
6137,0.00001710,0.94106423
6138,0.00001710,0.94108133
6139,0.00001709,0.94109842
6140,0.00001709,0.94111551
6141,0.00001708,0.94113259
6142,0.00001707,0.94114966
6143,0.00001707,0.94116673
6144,0.00001707,0.94118380
6145,0.00001706,0.94120086
6146,0.00001706,0.94121792
6147,0.00001706,0.94123497
6148,0.00001705,0.94125202
6149,0.00001705,0.94126907
6150,0.00001704,0.94128611
6151,0.00001703,0.94130314
6152,0.00001702,0.94132016
6153,0.00001702,0.94133718
6154,0.00001702,0.94135420
6155,0.00001701,0.94137121
6156,0.00001701,0.94138823
6157,0.00001701,0.94140524
6158,0.00001700,0.94142224
6159,0.00001699,0.94143923
6160,0.00001699,0.94145622
6161,0.00001699,0.94147321
6162,0.00001698,0.94149019
6163,0.00001698,0.94150717
6164,0.00001697,0.94152415
6165,0.00001697,0.94154111
6166,0.00001696,0.94155807
6167,0.00001696,0.94157503
6168,0.00001696,0.94159199
6169,0.00001695,0.94160894
6170,0.00001695,0.94162589
6171,0.00001695,0.94164284
6172,0.00001695,0.94165978
6173,0.00001694,0.94167672
6174,0.00001693,0.94169365
6175,0.00001692,0.94171057
6176,0.00001692,0.94172749
6177,0.00001692,0.94174440
6178,0.00001691,0.94176132
6179,0.00001691,0.94177822
6180,0.00001690,0.94179512
6181,0.00001690,0.94181202
6182,0.00001689,0.94182891
6183,0.00001689,0.94184580
6184,0.00001688,0.94186269
6185,0.00001688,0.94187957
6186,0.00001687,0.94189644
6187,0.00001687,0.94191331
6188,0.00001687,0.94193018
6189,0.00001686,0.94194704
6190,0.00001686,0.94196390
6191,0.00001685,0.94198075
6192,0.00001684,0.94199759
6193,0.00001684,0.94201443
6194,0.00001683,0.94203126
6195,0.00001683,0.94204809
6196,0.00001682,0.94206491
6197,0.00001682,0.94208174
6198,0.00001681,0.94209855
6199,0.00001681,0.94211536
6200,0.00001680,0.94213217
6201,0.00001680,0.94214897
6202,0.00001680,0.94216577
6203,0.00001679,0.94218255
6204,0.00001679,0.94219934
6205,0.00001679,0.94221613
6206,0.00001678,0.94223292
6207,0.00001678,0.94224969
6208,0.00001678,0.94226647
6209,0.00001677,0.94228324
6210,0.00001676,0.94230000
6211,0.00001676,0.94231676
6212,0.00001675,0.94233351
6213,0.00001675,0.94235026
6214,0.00001674,0.94236700
6215,0.00001674,0.94238374
6216,0.00001674,0.94240047
6217,0.00001673,0.94241721
6218,0.00001673,0.94243394
6219,0.00001673,0.94245066
6220,0.00001672,0.94246738
6221,0.00001671,0.94248409
6222,0.00001671,0.94250080
6223,0.00001671,0.94251751
6224,0.00001670,0.94253421
6225,0.00001670,0.94255091
6226,0.00001669,0.94256760
6227,0.00001668,0.94258428
6228,0.00001668,0.94260096
6229,0.00001667,0.94261763
6230,0.00001667,0.94263430
6231,0.00001667,0.94265097
6232,0.00001666,0.94266763
6233,0.00001666,0.94268429
6234,0.00001666,0.94270095
6235,0.00001665,0.94271760
6236,0.00001665,0.94273425
6237,0.00001664,0.94275089
6238,0.00001664,0.94276753
6239,0.00001663,0.94278416
6240,0.00001663,0.94280079
6241,0.00001663,0.94281742
6242,0.00001662,0.94283404
6243,0.00001662,0.94285066
6244,0.00001661,0.94286727
6245,0.00001661,0.94288388
6246,0.00001660,0.94290048
6247,0.00001659,0.94291707
6248,0.00001659,0.94293366
6249,0.00001658,0.94295024
6250,0.00001658,0.94296682
6251,0.00001658,0.94298340
6252,0.00001657,0.94299997
6253,0.00001657,0.94301653
6254,0.00001656,0.94303309
6255,0.00001656,0.94304965
6256,0.00001655,0.94306620
6257,0.00001655,0.94308275
6258,0.00001654,0.94309929
6259,0.00001654,0.94311584
6260,0.00001654,0.94313237
6261,0.00001654,0.94314891
6262,0.00001653,0.94316544
6263,0.00001652,0.94318196
6264,0.00001652,0.94319848
6265,0.00001652,0.94321500
6266,0.00001651,0.94323151
6267,0.00001651,0.94324802
6268,0.00001651,0.94326452
6269,0.00001650,0.94328102
6270,0.00001650,0.94329752
6271,0.00001649,0.94331401
6272,0.00001649,0.94333050
6273,0.00001648,0.94334698
6274,0.00001648,0.94336347
6275,0.00001647,0.94337994
6276,0.00001647,0.94339641
6277,0.00001646,0.94341287
6278,0.00001646,0.94342933
6279,0.00001646,0.94344579
6280,0.00001645,0.94346224
6281,0.00001644,0.94347869
6282,0.00001644,0.94349513
6283,0.00001644,0.94351157
6284,0.00001643,0.94352800
6285,0.00001643,0.94354443
6286,0.00001643,0.94356085
6287,0.00001642,0.94357727
6288,0.00001642,0.94359369
6289,0.00001641,0.94361010
6290,0.00001641,0.94362651
6291,0.00001640,0.94364292
6292,0.00001640,0.94365932
6293,0.00001639,0.94367571
6294,0.00001639,0.94369210
6295,0.00001639,0.94370849
6296,0.00001638,0.94372487
6297,0.00001638,0.94374125
6298,0.00001637,0.94375762
6299,0.00001637,0.94377398
6300,0.00001636,0.94379035
6301,0.00001636,0.94380671
6302,0.00001635,0.94382306
6303,0.00001635,0.94383941
6304,0.00001635,0.94385576
6305,0.00001634,0.94387210
6306,0.00001634,0.94388844
6307,0.00001633,0.94390477
6308,0.00001633,0.94392109
6309,0.00001632,0.94393742
6310,0.00001632,0.94395374
6311,0.00001632,0.94397006
6312,0.00001631,0.94398637
6313,0.00001631,0.94400268
6314,0.00001631,0.94401899
6315,0.00001630,0.94403529
6316,0.00001630,0.94405158
6317,0.00001629,0.94406787
6318,0.00001628,0.94408416
6319,0.00001628,0.94410044
6320,0.00001628,0.94411671
6321,0.00001627,0.94413299
6322,0.00001627,0.94414926
6323,0.00001626,0.94416552
6324,0.00001626,0.94418178
6325,0.00001626,0.94419804
6326,0.00001625,0.94421429
6327,0.00001625,0.94423054
6328,0.00001624,0.94424678
6329,0.00001624,0.94426303
6330,0.00001624,0.94427926
6331,0.00001623,0.94429550
6332,0.00001623,0.94431173
6333,0.00001622,0.94432795
6334,0.00001622,0.94434417
6335,0.00001621,0.94436038
6336,0.00001621,0.94437659
6337,0.00001620,0.94439279
6338,0.00001620,0.94440899
6339,0.00001619,0.94442518
6340,0.00001619,0.94444137
6341,0.00001619,0.94445756
6342,0.00001618,0.94447374
6343,0.00001618,0.94448992
6344,0.00001618,0.94450609
6345,0.00001617,0.94452227
6346,0.00001617,0.94453844
6347,0.00001616,0.94455460
6348,0.00001615,0.94457075
6349,0.00001615,0.94458691
6350,0.00001615,0.94460305
6351,0.00001614,0.94461920
6352,0.00001614,0.94463534
6353,0.00001614,0.94465148
6354,0.00001613,0.94466761
6355,0.00001613,0.94468374
6356,0.00001613,0.94469987
6357,0.00001612,0.94471599
6358,0.00001612,0.94473211
6359,0.00001611,0.94474822
6360,0.00001611,0.94476433
6361,0.00001610,0.94478044
6362,0.00001610,0.94479654
6363,0.00001610,0.94481263
6364,0.00001609,0.94482873
6365,0.00001609,0.94484482
6366,0.00001608,0.94486090
6367,0.00001608,0.94487698
6368,0.00001608,0.94489306
6369,0.00001607,0.94490913
6370,0.00001607,0.94492520
6371,0.00001606,0.94494126
6372,0.00001606,0.94495732
6373,0.00001606,0.94497337
6374,0.00001605,0.94498943
6375,0.00001605,0.94500547
6376,0.00001604,0.94502152
6377,0.00001604,0.94503756
6378,0.00001603,0.94505360
6379,0.00001603,0.94506963
6380,0.00001603,0.94508565
6381,0.00001602,0.94510167
6382,0.00001601,0.94511768
6383,0.00001601,0.94513369
6384,0.00001601,0.94514970
6385,0.00001600,0.94516571
6386,0.00001600,0.94518171
6387,0.00001600,0.94519770
6388,0.00001599,0.94521369
6389,0.00001599,0.94522968
6390,0.00001598,0.94524566
6391,0.00001597,0.94526164
6392,0.00001597,0.94527761
6393,0.00001597,0.94529357
6394,0.00001596,0.94530953
6395,0.00001596,0.94532549
6396,0.00001595,0.94534144
6397,0.00001595,0.94535739
6398,0.00001595,0.94537334
6399,0.00001594,0.94538928
6400,0.00001593,0.94540521
6401,0.00001593,0.94542114
6402,0.00001593,0.94543707
6403,0.00001593,0.94545300
6404,0.00001592,0.94546892
6405,0.00001591,0.94548483
6406,0.00001591,0.94550074
6407,0.00001591,0.94551665
6408,0.00001590,0.94553255
6409,0.00001590,0.94554844
6410,0.00001589,0.94556434
6411,0.00001589,0.94558023
6412,0.00001589,0.94559611
6413,0.00001588,0.94561200
6414,0.00001588,0.94562788
6415,0.00001587,0.94564375
6416,0.00001587,0.94565961
6417,0.00001586,0.94567548
6418,0.00001586,0.94569134
6419,0.00001586,0.94570720
6420,0.00001585,0.94572305
6421,0.00001585,0.94573890
6422,0.00001585,0.94575475
6423,0.00001584,0.94577059
6424,0.00001583,0.94578643
6425,0.00001583,0.94580226
6426,0.00001582,0.94581808
6427,0.00001582,0.94583390
6428,0.00001582,0.94584972
6429,0.00001581,0.94586553
6430,0.00001581,0.94588134
6431,0.00001581,0.94589714
6432,0.00001580,0.94591295
6433,0.00001580,0.94592875
6434,0.00001579,0.94594454
6435,0.00001579,0.94596034
6436,0.00001579,0.94597613
6437,0.00001578,0.94599191
6438,0.00001578,0.94600769
6439,0.00001577,0.94602346
6440,0.00001577,0.94603923
6441,0.00001576,0.94605499
6442,0.00001576,0.94607075
6443,0.00001575,0.94608651
6444,0.00001575,0.94610226
6445,0.00001575,0.94611800
6446,0.00001574,0.94613375
6447,0.00001574,0.94614948
6448,0.00001574,0.94616522
6449,0.00001573,0.94618095
6450,0.00001573,0.94619668
6451,0.00001573,0.94621241
6452,0.00001572,0.94622813
6453,0.00001572,0.94624385
6454,0.00001572,0.94625956
6455,0.00001571,0.94627527
6456,0.00001570,0.94629098
6457,0.00001569,0.94630667
6458,0.00001569,0.94632236
6459,0.00001569,0.94633804
6460,0.00001568,0.94635373
6461,0.00001568,0.94636940
6462,0.00001567,0.94638507
6463,0.00001567,0.94640075
6464,0.00001566,0.94641641
6465,0.00001566,0.94643207
6466,0.00001566,0.94644773
6467,0.00001565,0.94646338
6468,0.00001565,0.94647904
6469,0.00001564,0.94649468
6470,0.00001564,0.94651032
6471,0.00001564,0.94652596
6472,0.00001563,0.94654159
6473,0.00001563,0.94655722
6474,0.00001563,0.94657285
6475,0.00001562,0.94658847
6476,0.00001562,0.94660409
6477,0.00001562,0.94661971
6478,0.00001561,0.94663532
6479,0.00001560,0.94665093
6480,0.00001560,0.94666653
6481,0.00001560,0.94668213
6482,0.00001560,0.94669773
6483,0.00001559,0.94671332
6484,0.00001559,0.94672891
6485,0.00001558,0.94674449
6486,0.00001558,0.94676007
6487,0.00001558,0.94677565
6488,0.00001557,0.94679121
6489,0.00001556,0.94680678
6490,0.00001556,0.94682234
6491,0.00001556,0.94683789
6492,0.00001555,0.94685345
6493,0.00001555,0.94686899
6494,0.00001554,0.94688453
6495,0.00001554,0.94690007
6496,0.00001554,0.94691561
6497,0.00001553,0.94693114
6498,0.00001552,0.94694666
6499,0.00001552,0.94696218
6500,0.00001552,0.94697770
6501,0.00001551,0.94699321
6502,0.00001551,0.94700872
6503,0.00001550,0.94702422
6504,0.00001550,0.94703973
6505,0.00001550,0.94705522
6506,0.00001549,0.94707072
6507,0.00001549,0.94708621
6508,0.00001549,0.94710170
6509,0.00001548,0.94711718
6510,0.00001548,0.94713266
6511,0.00001548,0.94714814
6512,0.00001548,0.94716362
6513,0.00001547,0.94717909
6514,0.00001546,0.94719455
6515,0.00001546,0.94721001
6516,0.00001546,0.94722546
6517,0.00001545,0.94724091
6518,0.00001544,0.94725636
6519,0.00001544,0.94727180
6520,0.00001544,0.94728724
6521,0.00001544,0.94730268
6522,0.00001543,0.94731811
6523,0.00001543,0.94733354
6524,0.00001542,0.94734896
6525,0.00001542,0.94736438
6526,0.00001542,0.94737980
6527,0.00001541,0.94739521
6528,0.00001541,0.94741062
6529,0.00001541,0.94742603
6530,0.00001540,0.94744143
6531,0.00001540,0.94745683
6532,0.00001539,0.94747222
6533,0.00001539,0.94748761
6534,0.00001538,0.94750299
6535,0.00001538,0.94751837
6536,0.00001537,0.94753374
6537,0.00001537,0.94754912
6538,0.00001537,0.94756448
6539,0.00001537,0.94757985
6540,0.00001536,0.94759521
6541,0.00001535,0.94761056
6542,0.00001535,0.94762591
6543,0.00001534,0.94764125
6544,0.00001534,0.94765659
6545,0.00001533,0.94767193
6546,0.00001533,0.94768726
6547,0.00001533,0.94770259
6548,0.00001533,0.94771792
6549,0.00001532,0.94773324
6550,0.00001532,0.94774856
6551,0.00001531,0.94776387
6552,0.00001531,0.94777918
6553,0.00001531,0.94779449
6554,0.00001530,0.94780979
6555,0.00001530,0.94782509
6556,0.00001529,0.94784038
6557,0.00001529,0.94785568
6558,0.00001529,0.94787096
6559,0.00001529,0.94788625
6560,0.00001528,0.94790153
6561,0.00001527,0.94791680
6562,0.00001527,0.94793208
6563,0.00001527,0.94794734
6564,0.00001526,0.94796261
6565,0.00001525,0.94797786
6566,0.00001525,0.94799311
6567,0.00001524,0.94800835
6568,0.00001524,0.94802360
6569,0.00001523,0.94803883
6570,0.00001523,0.94805406
6571,0.00001523,0.94806929
6572,0.00001523,0.94808452
6573,0.00001522,0.94809975
6574,0.00001522,0.94811497
6575,0.00001522,0.94813018
6576,0.00001521,0.94814540
6577,0.00001521,0.94816061
6578,0.00001521,0.94817582
6579,0.00001521,0.94819102
6580,0.00001520,0.94820622
6581,0.00001520,0.94822142
6582,0.00001519,0.94823661
6583,0.00001519,0.94825180
6584,0.00001519,0.94826699
6585,0.00001518,0.94828218
6586,0.00001518,0.94829735
6587,0.00001517,0.94831253
6588,0.00001517,0.94832770
6589,0.00001517,0.94834287
6590,0.00001516,0.94835803
6591,0.00001515,0.94837318
6592,0.00001515,0.94838833
6593,0.00001515,0.94840348
6594,0.00001514,0.94841863
6595,0.00001514,0.94843377
6596,0.00001514,0.94844890
6597,0.00001513,0.94846403
6598,0.00001513,0.94847917
6599,0.00001513,0.94849429
6600,0.00001512,0.94850941
6601,0.00001512,0.94852453
6602,0.00001511,0.94853965
6603,0.00001511,0.94855476
6604,0.00001511,0.94856987
6605,0.00001510,0.94858497
6606,0.00001510,0.94860007
6607,0.00001509,0.94861516
6608,0.00001509,0.94863025
6609,0.00001509,0.94864534
6610,0.00001508,0.94866042
6611,0.00001508,0.94867551
6612,0.00001508,0.94869058
6613,0.00001507,0.94870566
6614,0.00001507,0.94872073
6615,0.00001506,0.94873579
6616,0.00001506,0.94875085
6617,0.00001506,0.94876590
6618,0.00001505,0.94878095
6619,0.00001505,0.94879600
6620,0.00001504,0.94881104
6621,0.00001504,0.94882608
6622,0.00001504,0.94884112
6623,0.00001504,0.94885616
6624,0.00001503,0.94887119
6625,0.00001503,0.94888622
6626,0.00001502,0.94890124
6627,0.00001502,0.94891626
6628,0.00001501,0.94893128
6629,0.00001501,0.94894628
6630,0.00001501,0.94896129
6631,0.00001500,0.94897629
6632,0.00001500,0.94899129
6633,0.00001499,0.94900628
6634,0.00001499,0.94902127
6635,0.00001499,0.94903626
6636,0.00001498,0.94905124
6637,0.00001498,0.94906622
6638,0.00001497,0.94908119
6639,0.00001497,0.94909616
6640,0.00001497,0.94911113
6641,0.00001497,0.94912610
6642,0.00001496,0.94914105
6643,0.00001496,0.94915601
6644,0.00001495,0.94917097
6645,0.00001495,0.94918592
6646,0.00001494,0.94920086
6647,0.00001494,0.94921580
6648,0.00001494,0.94923074
6649,0.00001494,0.94924568
6650,0.00001493,0.94926061
6651,0.00001493,0.94927554
6652,0.00001493,0.94929047
6653,0.00001492,0.94930539
6654,0.00001491,0.94932031
6655,0.00001491,0.94933522
6656,0.00001491,0.94935012
6657,0.00001490,0.94936503
6658,0.00001490,0.94937993
6659,0.00001490,0.94939483
6660,0.00001489,0.94940972
6661,0.00001489,0.94942460
6662,0.00001488,0.94943949
6663,0.00001488,0.94945436
6664,0.00001488,0.94946924
6665,0.00001487,0.94948411
6666,0.00001487,0.94949897
6667,0.00001486,0.94951384
6668,0.00001486,0.94952870
6669,0.00001486,0.94954356
6670,0.00001486,0.94955841
6671,0.00001485,0.94957326
6672,0.00001484,0.94958810
6673,0.00001484,0.94960295
6674,0.00001484,0.94961779
6675,0.00001483,0.94963262
6676,0.00001482,0.94964744
6677,0.00001482,0.94966227
6678,0.00001482,0.94967709
6679,0.00001481,0.94969190
6680,0.00001481,0.94970671
6681,0.00001481,0.94972151
6682,0.00001480,0.94973631
6683,0.00001480,0.94975111
6684,0.00001480,0.94976590
6685,0.00001479,0.94978069
6686,0.00001479,0.94979548
6687,0.00001478,0.94981026
6688,0.00001478,0.94982504
6689,0.00001478,0.94983982
6690,0.00001477,0.94985459
6691,0.00001477,0.94986935
6692,0.00001476,0.94988412
6693,0.00001476,0.94989888
6694,0.00001476,0.94991363
6695,0.00001475,0.94992839
6696,0.00001475,0.94994313
6697,0.00001474,0.94995788
6698,0.00001474,0.94997261
6699,0.00001473,0.94998735
6700,0.00001473,0.95000208
6701,0.00001473,0.95001681
6702,0.00001473,0.95003154
6703,0.00001472,0.95004626
6704,0.00001472,0.95006098
6705,0.00001472,0.95007569
6706,0.00001471,0.95009041
6707,0.00001471,0.95010511
6708,0.00001470,0.95011982
6709,0.00001470,0.95013451
6710,0.00001470,0.95014921
6711,0.00001469,0.95016390
6712,0.00001468,0.95017858
6713,0.00001468,0.95019327
6714,0.00001468,0.95020795
6715,0.00001467,0.95022262
6716,0.00001467,0.95023729
6717,0.00001467,0.95025196
6718,0.00001466,0.95026662
6719,0.00001466,0.95028129
6720,0.00001466,0.95029595
6721,0.00001466,0.95031061
6722,0.00001465,0.95032526
6723,0.00001465,0.95033990
6724,0.00001464,0.95035455
6725,0.00001464,0.95036919
6726,0.00001464,0.95038383
6727,0.00001463,0.95039846
6728,0.00001463,0.95041309
6729,0.00001463,0.95042771
6730,0.00001462,0.95044233
6731,0.00001462,0.95045695
6732,0.00001462,0.95047157
6733,0.00001461,0.95048618
6734,0.00001461,0.95050079
6735,0.00001460,0.95051540
6736,0.00001460,0.95052999
6737,0.00001459,0.95054458
6738,0.00001459,0.95055917
6739,0.00001459,0.95057376
6740,0.00001458,0.95058834
6741,0.00001458,0.95060292
6742,0.00001458,0.95061750
6743,0.00001457,0.95063207
6744,0.00001457,0.95064664
6745,0.00001456,0.95066120
6746,0.00001456,0.95067576
6747,0.00001456,0.95069032
6748,0.00001455,0.95070487
6749,0.00001455,0.95071942
6750,0.00001455,0.95073397
6751,0.00001454,0.95074851
6752,0.00001454,0.95076305
6753,0.00001454,0.95077759
6754,0.00001453,0.95079212
6755,0.00001453,0.95080665
6756,0.00001453,0.95082118
6757,0.00001452,0.95083570
6758,0.00001451,0.95085021
6759,0.00001451,0.95086472
6760,0.00001450,0.95087923
6761,0.00001450,0.95089373
6762,0.00001450,0.95090823
6763,0.00001450,0.95092273
6764,0.00001450,0.95093722
6765,0.00001449,0.95095172
6766,0.00001449,0.95096621
6767,0.00001448,0.95098069
6768,0.00001448,0.95099517
6769,0.00001448,0.95100965
6770,0.00001448,0.95102412
6771,0.00001447,0.95103860
6772,0.00001447,0.95105306
6773,0.00001446,0.95106752
6774,0.00001446,0.95108198
6775,0.00001445,0.95109643
6776,0.00001445,0.95111088
6777,0.00001444,0.95112533
6778,0.00001444,0.95113977
6779,0.00001444,0.95115420
6780,0.00001443,0.95116863
6781,0.00001443,0.95118307
6782,0.00001443,0.95119749
6783,0.00001442,0.95121191
6784,0.00001442,0.95122633
6785,0.00001441,0.95124075
6786,0.00001441,0.95125516
6787,0.00001441,0.95126957
6788,0.00001441,0.95128398
6789,0.00001441,0.95129838
6790,0.00001440,0.95131278
6791,0.00001440,0.95132718
6792,0.00001439,0.95134158
6793,0.00001439,0.95135597
6794,0.00001438,0.95137035
6795,0.00001438,0.95138473
6796,0.00001438,0.95139911
6797,0.00001437,0.95141348
6798,0.00001437,0.95142785
6799,0.00001437,0.95144222
6800,0.00001436,0.95145658
6801,0.00001436,0.95147094
6802,0.00001435,0.95148529
6803,0.00001435,0.95149964
6804,0.00001434,0.95151399
6805,0.00001434,0.95152833
6806,0.00001434,0.95154267
6807,0.00001434,0.95155700
6808,0.00001433,0.95157133
6809,0.00001433,0.95158566
6810,0.00001433,0.95159998
6811,0.00001432,0.95161430
6812,0.00001432,0.95162862
6813,0.00001431,0.95164294
6814,0.00001431,0.95165724
6815,0.00001430,0.95167155
6816,0.00001430,0.95168585
6817,0.00001430,0.95170015
6818,0.00001429,0.95171444
6819,0.00001429,0.95172872
6820,0.00001428,0.95174301
6821,0.00001428,0.95175729
6822,0.00001428,0.95177156
6823,0.00001428,0.95178584
6824,0.00001427,0.95180011
6825,0.00001427,0.95181438
6826,0.00001427,0.95182864
6827,0.00001426,0.95184291
6828,0.00001426,0.95185716
6829,0.00001425,0.95187142
6830,0.00001425,0.95188567
6831,0.00001424,0.95189991
6832,0.00001424,0.95191415
6833,0.00001424,0.95192839
6834,0.00001424,0.95194262
6835,0.00001423,0.95195686
6836,0.00001423,0.95197109
6837,0.00001423,0.95198531
6838,0.00001422,0.95199953
6839,0.00001422,0.95201375
6840,0.00001421,0.95202796
6841,0.00001421,0.95204217
6842,0.00001420,0.95205637
6843,0.00001420,0.95207057
6844,0.00001420,0.95208477
6845,0.00001419,0.95209896
6846,0.00001419,0.95211315
6847,0.00001418,0.95212733
6848,0.00001418,0.95214151
6849,0.00001418,0.95215568
6850,0.00001417,0.95216986
6851,0.00001417,0.95218403
6852,0.00001417,0.95219819
6853,0.00001416,0.95221236
6854,0.00001416,0.95222652
6855,0.00001416,0.95224068
6856,0.00001416,0.95225483
6857,0.00001415,0.95226898
6858,0.00001414,0.95228312
6859,0.00001414,0.95229726
6860,0.00001413,0.95231140
6861,0.00001413,0.95232553
6862,0.00001413,0.95233966
6863,0.00001413,0.95235379
6864,0.00001413,0.95236791
6865,0.00001412,0.95238203
6866,0.00001412,0.95239615
6867,0.00001411,0.95241026
6868,0.00001411,0.95242437
6869,0.00001410,0.95243847
6870,0.00001410,0.95245258
6871,0.00001409,0.95246667
6872,0.00001409,0.95248076
6873,0.00001409,0.95249485
6874,0.00001409,0.95250894
6875,0.00001408,0.95252302
6876,0.00001408,0.95253710
6877,0.00001408,0.95255118
6878,0.00001407,0.95256525
6879,0.00001407,0.95257932
6880,0.00001407,0.95259339
6881,0.00001406,0.95260745
6882,0.00001406,0.95262151
6883,0.00001406,0.95263557
6884,0.00001405,0.95264962
6885,0.00001405,0.95266367
6886,0.00001404,0.95267771
6887,0.00001404,0.95269175
6888,0.00001403,0.95270578
6889,0.00001403,0.95271982
6890,0.00001403,0.95273385
6891,0.00001403,0.95274788
6892,0.00001402,0.95276190
6893,0.00001402,0.95277591
6894,0.00001401,0.95278993
6895,0.00001401,0.95280394
6896,0.00001401,0.95281795
6897,0.00001400,0.95283195
6898,0.00001400,0.95284595
6899,0.00001400,0.95285995
6900,0.00001399,0.95287394
6901,0.00001399,0.95288793
6902,0.00001398,0.95290192
6903,0.00001398,0.95291590
6904,0.00001398,0.95292987
6905,0.00001397,0.95294385
6906,0.00001397,0.95295782
6907,0.00001397,0.95297178
6908,0.00001396,0.95298574
6909,0.00001396,0.95299970
6910,0.00001396,0.95301366
6911,0.00001395,0.95302761
6912,0.00001395,0.95304156
6913,0.00001394,0.95305550
6914,0.00001394,0.95306944
6915,0.00001394,0.95308338
6916,0.00001394,0.95309732
6917,0.00001393,0.95311125
6918,0.00001393,0.95312518
6919,0.00001393,0.95313911
6920,0.00001392,0.95315303
6921,0.00001392,0.95316695
6922,0.00001392,0.95318087
6923,0.00001391,0.95319478
6924,0.00001391,0.95320869
6925,0.00001390,0.95322259
6926,0.00001390,0.95323648
6927,0.00001390,0.95325038
6928,0.00001389,0.95326427
6929,0.00001389,0.95327816
6930,0.00001388,0.95329205
6931,0.00001388,0.95330593
6932,0.00001388,0.95331981
6933,0.00001388,0.95333368
6934,0.00001387,0.95334755
6935,0.00001387,0.95336142
6936,0.00001386,0.95337528
6937,0.00001386,0.95338914
6938,0.00001386,0.95340300
6939,0.00001385,0.95341685
6940,0.00001385,0.95343070
6941,0.00001385,0.95344455
6942,0.00001384,0.95345839
6943,0.00001384,0.95347223
6944,0.00001384,0.95348607
6945,0.00001383,0.95349990
6946,0.00001383,0.95351373
6947,0.00001383,0.95352755
6948,0.00001382,0.95354138
6949,0.00001382,0.95355519
6950,0.00001381,0.95356901
6951,0.00001381,0.95358282
6952,0.00001381,0.95359662
6953,0.00001380,0.95361043
6954,0.00001380,0.95362423
6955,0.00001379,0.95363802
6956,0.00001379,0.95365181
6957,0.00001379,0.95366560
6958,0.00001379,0.95367939
6959,0.00001378,0.95369317
6960,0.00001378,0.95370695
6961,0.00001378,0.95372073
6962,0.00001377,0.95373450
6963,0.00001377,0.95374827
6964,0.00001377,0.95376204
6965,0.00001376,0.95377580
6966,0.00001376,0.95378956
6967,0.00001376,0.95380332
6968,0.00001375,0.95381707
6969,0.00001375,0.95383082
6970,0.00001375,0.95384457
6971,0.00001374,0.95385831
6972,0.00001374,0.95387205
6973,0.00001374,0.95388579
6974,0.00001373,0.95389952
6975,0.00001373,0.95391325
6976,0.00001373,0.95392697
6977,0.00001372,0.95394070
6978,0.00001372,0.95395442
6979,0.00001372,0.95396813
6980,0.00001371,0.95398185
6981,0.00001371,0.95399555
6982,0.00001370,0.95400926
6983,0.00001370,0.95402296
6984,0.00001370,0.95403666
6985,0.00001369,0.95405035
6986,0.00001369,0.95406404
6987,0.00001369,0.95407772
6988,0.00001368,0.95409141
6989,0.00001368,0.95410509
6990,0.00001368,0.95411876
6991,0.00001367,0.95413244
6992,0.00001367,0.95414611
6993,0.00001367,0.95415977
6994,0.00001366,0.95417344
6995,0.00001366,0.95418710
6996,0.00001366,0.95420076
6997,0.00001365,0.95421441
6998,0.00001365,0.95422806
6999,0.00001365,0.95424171
7000,0.00001364,0.95425535
7001,0.00001364,0.95426899
7002,0.00001363,0.95428263
7003,0.00001363,0.95429626
7004,0.00001363,0.95430989
7005,0.00001363,0.95432352
7006,0.00001362,0.95433714
7007,0.00001362,0.95435076
7008,0.00001362,0.95436438
7009,0.00001361,0.95437799
7010,0.00001361,0.95439160
7011,0.00001361,0.95440521
7012,0.00001360,0.95441881
7013,0.00001360,0.95443241
7014,0.00001360,0.95444601
7015,0.00001359,0.95445960
7016,0.00001359,0.95447319
7017,0.00001359,0.95448677
7018,0.00001358,0.95450035
7019,0.00001357,0.95451393
7020,0.00001357,0.95452750
7021,0.00001357,0.95454107
7022,0.00001357,0.95455463
7023,0.00001356,0.95456819
7024,0.00001356,0.95458175
7025,0.00001355,0.95459531
7026,0.00001355,0.95460886
7027,0.00001355,0.95462240
7028,0.00001355,0.95463595
7029,0.00001354,0.95464949
7030,0.00001354,0.95466303
7031,0.00001352,0.95467655
7032,0.00001352,0.95469007
7033,0.00001352,0.95470359
7034,0.00001352,0.95471711
7035,0.00001351,0.95473063
7036,0.00001351,0.95474414
7037,0.00001351,0.95475765
7038,0.00001351,0.95477116
7039,0.00001350,0.95478466
7040,0.00001350,0.95479816
7041,0.00001349,0.95481165
7042,0.00001349,0.95482514
7043,0.00001349,0.95483863
7044,0.00001349,0.95485212
7045,0.00001348,0.95486560
7046,0.00001348,0.95487908
7047,0.00001347,0.95489255
7048,0.00001347,0.95490602
7049,0.00001347,0.95491949
7050,0.00001347,0.95493296
7051,0.00001346,0.95494642
7052,0.00001346,0.95495988
7053,0.00001346,0.95497333
7054,0.00001345,0.95498679
7055,0.00001345,0.95500024
7056,0.00001345,0.95501369
7057,0.00001345,0.95502713
7058,0.00001344,0.95504057
7059,0.00001344,0.95505401
7060,0.00001344,0.95506745
7061,0.00001343,0.95508088
7062,0.00001343,0.95509431
7063,0.00001343,0.95510773
7064,0.00001342,0.95512115
7065,0.00001341,0.95513457
7066,0.00001341,0.95514798
7067,0.00001341,0.95516139
7068,0.00001341,0.95517480
7069,0.00001340,0.95518820
7070,0.00001340,0.95520160
7071,0.00001340,0.95521499
7072,0.00001339,0.95522839
7073,0.00001339,0.95524178
7074,0.00001339,0.95525517
7075,0.00001339,0.95526855
7076,0.00001338,0.95528193
7077,0.00001338,0.95529531
7078,0.00001337,0.95530868
7079,0.00001337,0.95532205
7080,0.00001337,0.95533542
7081,0.00001337,0.95534878
7082,0.00001336,0.95536214
7083,0.00001336,0.95537550
7084,0.00001336,0.95538886
7085,0.00001335,0.95540221
7086,0.00001335,0.95541555
7087,0.00001335,0.95542890
7088,0.00001334,0.95544224
7089,0.00001334,0.95545557
7090,0.00001334,0.95546891
7091,0.00001333,0.95548224
7092,0.00001333,0.95549557
7093,0.00001332,0.95550890
7094,0.00001332,0.95552222
7095,0.00001332,0.95553554
7096,0.00001332,0.95554885
7097,0.00001332,0.95556217
7098,0.00001331,0.95557548
7099,0.00001331,0.95558879
7100,0.00001330,0.95560210
7101,0.00001330,0.95561540
7102,0.00001330,0.95562869
7103,0.00001329,0.95564198
7104,0.00001329,0.95565527
7105,0.00001329,0.95566856
7106,0.00001328,0.95568184
7107,0.00001327,0.95569512
7108,0.00001327,0.95570839
7109,0.00001327,0.95572166
7110,0.00001327,0.95573493
7111,0.00001327,0.95574819
7112,0.00001326,0.95576145
7113,0.00001326,0.95577471
7114,0.00001326,0.95578797
7115,0.00001325,0.95580122
7116,0.00001325,0.95581447
7117,0.00001325,0.95582771
7118,0.00001324,0.95584095
7119,0.00001324,0.95585419
7120,0.00001324,0.95586742
7121,0.00001323,0.95588066
7122,0.00001323,0.95589388
7123,0.00001322,0.95590711
7124,0.00001322,0.95592033
7125,0.00001322,0.95593355
7126,0.00001321,0.95594676
7127,0.00001321,0.95595997
7128,0.00001321,0.95597317
7129,0.00001320,0.95598638
7130,0.00001320,0.95599957
7131,0.00001320,0.95601277
7132,0.00001319,0.95602596
7133,0.00001319,0.95603915
7134,0.00001319,0.95605234
7135,0.00001318,0.95606552
7136,0.00001318,0.95607870
7137,0.00001318,0.95609188
7138,0.00001318,0.95610506
7139,0.00001317,0.95611823
7140,0.00001317,0.95613139
7141,0.00001316,0.95614456
7142,0.00001316,0.95615772
7143,0.00001316,0.95617088
7144,0.00001315,0.95618403
7145,0.00001315,0.95619718
7146,0.00001315,0.95621033
7147,0.00001314,0.95622347
7148,0.00001314,0.95623661
7149,0.00001314,0.95624975
7150,0.00001313,0.95626288
7151,0.00001313,0.95627601
7152,0.00001313,0.95628913
7153,0.00001312,0.95630226
7154,0.00001312,0.95631538
7155,0.00001312,0.95632850
7156,0.00001311,0.95634161
7157,0.00001311,0.95635471
7158,0.00001310,0.95636782
7159,0.00001310,0.95638092
7160,0.00001310,0.95639402
7161,0.00001310,0.95640711
7162,0.00001309,0.95642021
7163,0.00001309,0.95643330
7164,0.00001308,0.95644638
7165,0.00001308,0.95645946
7166,0.00001308,0.95647254
7167,0.00001307,0.95648561
7168,0.00001307,0.95649869
7169,0.00001307,0.95651176
7170,0.00001307,0.95652482
7171,0.00001306,0.95653788
7172,0.00001306,0.95655094
7173,0.00001305,0.95656400
7174,0.00001305,0.95657705
7175,0.00001305,0.95659009
7176,0.00001304,0.95660313
7177,0.00001304,0.95661617
7178,0.00001303,0.95662920
7179,0.00001303,0.95664223
7180,0.00001303,0.95665527
7181,0.00001303,0.95666829
7182,0.00001302,0.95668132
7183,0.00001302,0.95669433
7184,0.00001302,0.95670735
7185,0.00001301,0.95672036
7186,0.00001301,0.95673337
7187,0.00001301,0.95674638
7188,0.00001300,0.95675938
7189,0.00001300,0.95677238
7190,0.00001300,0.95678538
7191,0.00001299,0.95679837
7192,0.00001299,0.95681136
7193,0.00001299,0.95682435
7194,0.00001298,0.95683733
7195,0.00001298,0.95685030
7196,0.00001298,0.95686328
7197,0.00001297,0.95687625
7198,0.00001297,0.95688922
7199,0.00001297,0.95690219
7200,0.00001296,0.95691515
7201,0.00001296,0.95692811
7202,0.00001296,0.95694107
7203,0.00001295,0.95695402
7204,0.00001295,0.95696697
7205,0.00001295,0.95697992
7206,0.00001295,0.95699287
7207,0.00001294,0.95700581
7208,0.00001294,0.95701875
7209,0.00001294,0.95703169
7210,0.00001293,0.95704462
7211,0.00001293,0.95705755
7212,0.00001293,0.95707048
7213,0.00001292,0.95708340
7214,0.00001292,0.95709632
7215,0.00001292,0.95710924
7216,0.00001291,0.95712215
7217,0.00001291,0.95713506
7218,0.00001291,0.95714797
7219,0.00001290,0.95716087
7220,0.00001290,0.95717378
7221,0.00001290,0.95718668
7222,0.00001290,0.95719957
7223,0.00001289,0.95721247
7224,0.00001289,0.95722535
7225,0.00001289,0.95723824
7226,0.00001288,0.95725112
7227,0.00001287,0.95726399
7228,0.00001287,0.95727686
7229,0.00001287,0.95728973
7230,0.00001286,0.95730259
7231,0.00001286,0.95731545
7232,0.00001286,0.95732831
7233,0.00001286,0.95734117
7234,0.00001285,0.95735402
7235,0.00001285,0.95736687
7236,0.00001284,0.95737971
7237,0.00001284,0.95739256
7238,0.00001284,0.95740539
7239,0.00001284,0.95741823
7240,0.00001283,0.95743106
7241,0.00001283,0.95744389
7242,0.00001283,0.95745671
7243,0.00001282,0.95746953
7244,0.00001282,0.95748235
7245,0.00001281,0.95749516
7246,0.00001281,0.95750797
7247,0.00001281,0.95752078
7248,0.00001281,0.95753359
7249,0.00001280,0.95754639
7250,0.00001280,0.95755919
7251,0.00001280,0.95757199
7252,0.00001280,0.95758479
7253,0.00001279,0.95759757
7254,0.00001279,0.95761036
7255,0.00001279,0.95762315
7256,0.00001278,0.95763593
7257,0.00001278,0.95764871
7258,0.00001278,0.95766149
7259,0.00001277,0.95767426
7260,0.00001277,0.95768703
7261,0.00001277,0.95769980
7262,0.00001276,0.95771256
7263,0.00001276,0.95772532
7264,0.00001276,0.95773808
7265,0.00001275,0.95775083
7266,0.00001275,0.95776358
7267,0.00001275,0.95777633
7268,0.00001274,0.95778907
7269,0.00001274,0.95780181
7270,0.00001274,0.95781455
7271,0.00001274,0.95782728
7272,0.00001273,0.95784002
7273,0.00001273,0.95785275
7274,0.00001273,0.95786547
7275,0.00001272,0.95787819
7276,0.00001272,0.95789091
7277,0.00001271,0.95790362
7278,0.00001271,0.95791633
7279,0.00001271,0.95792904
7280,0.00001271,0.95794175
7281,0.00001270,0.95795445
7282,0.00001270,0.95796715
7283,0.00001270,0.95797984
7284,0.00001269,0.95799254
7285,0.00001269,0.95800523
7286,0.00001269,0.95801791
7287,0.00001268,0.95803060
7288,0.00001268,0.95804327
7289,0.00001268,0.95805595
7290,0.00001267,0.95806863
7291,0.00001267,0.95808129
7292,0.00001266,0.95809396
7293,0.00001266,0.95810662
7294,0.00001266,0.95811928
7295,0.00001266,0.95813194
7296,0.00001266,0.95814459
7297,0.00001265,0.95815724
7298,0.00001265,0.95816990
7299,0.00001264,0.95818254
7300,0.00001264,0.95819518
7301,0.00001264,0.95820782
7302,0.00001264,0.95822045
7303,0.00001263,0.95823308
7304,0.00001263,0.95824571
7305,0.00001262,0.95825833
7306,0.00001262,0.95827095
7307,0.00001262,0.95828357
7308,0.00001262,0.95829619
7309,0.00001261,0.95830880
7310,0.00001261,0.95832141
7311,0.00001261,0.95833401
7312,0.00001260,0.95834661
7313,0.00001260,0.95835921
7314,0.00001260,0.95837181
7315,0.00001259,0.95838440
7316,0.00001259,0.95839699
7317,0.00001259,0.95840958
7318,0.00001258,0.95842216
7319,0.00001258,0.95843474
7320,0.00001258,0.95844732
7321,0.00001257,0.95845989
7322,0.00001257,0.95847246
7323,0.00001256,0.95848503
7324,0.00001256,0.95849759
7325,0.00001256,0.95851015
7326,0.00001256,0.95852270
7327,0.00001255,0.95853525
7328,0.00001255,0.95854780
7329,0.00001255,0.95856035
7330,0.00001254,0.95857289
7331,0.00001254,0.95858544
7332,0.00001254,0.95859797
7333,0.00001253,0.95861051
7334,0.00001253,0.95862304
7335,0.00001253,0.95863557
7336,0.00001252,0.95864809
7337,0.00001252,0.95866061
7338,0.00001252,0.95867313
7339,0.00001251,0.95868564
7340,0.00001251,0.95869815
7341,0.00001251,0.95871066
7342,0.00001251,0.95872317
7343,0.00001250,0.95873567
7344,0.00001250,0.95874818
7345,0.00001250,0.95876067
7346,0.00001250,0.95877317
7347,0.00001249,0.95878566
7348,0.00001249,0.95879816
7349,0.00001249,0.95881064
7350,0.00001248,0.95882312
7351,0.00001248,0.95883561
7352,0.00001248,0.95884808
7353,0.00001248,0.95886056
7354,0.00001248,0.95887304
7355,0.00001247,0.95888551
7356,0.00001247,0.95889797
7357,0.00001246,0.95891044
7358,0.00001246,0.95892290
7359,0.00001246,0.95893535
7360,0.00001245,0.95894781
7361,0.00001245,0.95896026
7362,0.00001245,0.95897270
7363,0.00001244,0.95898514
7364,0.00001244,0.95899758
7365,0.00001243,0.95901001
7366,0.00001243,0.95902244
7367,0.00001243,0.95903487
7368,0.00001242,0.95904730
7369,0.00001242,0.95905972
7370,0.00001242,0.95907214
7371,0.00001242,0.95908456
7372,0.00001241,0.95909697
7373,0.00001241,0.95910938
7374,0.00001241,0.95912179
7375,0.00001240,0.95913419
7376,0.00001240,0.95914659
7377,0.00001240,0.95915899
7378,0.00001239,0.95917138
7379,0.00001239,0.95918377
7380,0.00001239,0.95919616
7381,0.00001239,0.95920855
7382,0.00001238,0.95922093
7383,0.00001238,0.95923331
7384,0.00001238,0.95924569
7385,0.00001238,0.95925807
7386,0.00001237,0.95927044
7387,0.00001237,0.95928281
7388,0.00001237,0.95929517
7389,0.00001236,0.95930754
7390,0.00001236,0.95931990
7391,0.00001236,0.95933225
7392,0.00001236,0.95934461
7393,0.00001235,0.95935696
7394,0.00001234,0.95936931
7395,0.00001234,0.95938165
7396,0.00001234,0.95939399
7397,0.00001234,0.95940632
7398,0.00001233,0.95941866
7399,0.00001233,0.95943099
7400,0.00001233,0.95944332
7401,0.00001233,0.95945564
7402,0.00001232,0.95946796
7403,0.00001232,0.95948028
7404,0.00001232,0.95949260
7405,0.00001231,0.95950491
7406,0.00001231,0.95951722
7407,0.00001231,0.95952953
7408,0.00001231,0.95954184
7409,0.00001230,0.95955414
7410,0.00001230,0.95956644
7411,0.00001230,0.95957874
7412,0.00001229,0.95959103
7413,0.00001229,0.95960332
7414,0.00001229,0.95961561
7415,0.00001228,0.95962789
7416,0.00001228,0.95964017
7417,0.00001227,0.95965244
7418,0.00001227,0.95966472
7419,0.00001227,0.95967698
7420,0.00001226,0.95968925
7421,0.00001226,0.95970151
7422,0.00001226,0.95971377
7423,0.00001226,0.95972602
7424,0.00001225,0.95973827
7425,0.00001225,0.95975052
7426,0.00001225,0.95976276
7427,0.00001224,0.95977501
7428,0.00001224,0.95978725
7429,0.00001224,0.95979949
7430,0.00001224,0.95981172
7431,0.00001223,0.95982395
7432,0.00001223,0.95983618
7433,0.00001223,0.95984841
7434,0.00001222,0.95986064
7435,0.00001222,0.95987286
7436,0.00001222,0.95988508
7437,0.00001221,0.95989729
7438,0.00001221,0.95990950
7439,0.00001221,0.95992171
7440,0.00001220,0.95993391
7441,0.00001220,0.95994611
7442,0.00001220,0.95995831
7443,0.00001219,0.95997051
7444,0.00001219,0.95998270
7445,0.00001219,0.95999488
7446,0.00001219,0.96000707
7447,0.00001218,0.96001925
7448,0.00001218,0.96003143
7449,0.00001218,0.96004361
7450,0.00001217,0.96005578
7451,0.00001217,0.96006796
7452,0.00001217,0.96008013
7453,0.00001217,0.96009229
7454,0.00001216,0.96010446
7455,0.00001216,0.96011662
7456,0.00001216,0.96012877
7457,0.00001215,0.96014093
7458,0.00001215,0.96015308
7459,0.00001215,0.96016523
7460,0.00001214,0.96017737
7461,0.00001214,0.96018951
7462,0.00001214,0.96020165
7463,0.00001213,0.96021378
7464,0.00001213,0.96022591
7465,0.00001213,0.96023804
7466,0.00001213,0.96025017
7467,0.00001212,0.96026229
7468,0.00001212,0.96027442
7469,0.00001212,0.96028653
7470,0.00001211,0.96029865
7471,0.00001211,0.96031076
7472,0.00001211,0.96032287
7473,0.00001210,0.96033497
7474,0.00001210,0.96034707
7475,0.00001210,0.96035917
7476,0.00001209,0.96037126
7477,0.00001209,0.96038335
7478,0.00001209,0.96039544
7479,0.00001209,0.96040753
7480,0.00001208,0.96041961
7481,0.00001208,0.96043169
7482,0.00001208,0.96044377
7483,0.00001207,0.96045585
7484,0.00001207,0.96046792
7485,0.00001207,0.96047998
7486,0.00001207,0.96049205
7487,0.00001206,0.96050411
7488,0.00001206,0.96051617
7489,0.00001206,0.96052823
7490,0.00001205,0.96054028
7491,0.00001205,0.96055233
7492,0.00001205,0.96056438
7493,0.00001205,0.96057643
7494,0.00001204,0.96058847
7495,0.00001204,0.96060050
7496,0.00001203,0.96061253
7497,0.00001203,0.96062457
7498,0.00001203,0.96063659
7499,0.00001203,0.96064862
7500,0.00001202,0.96066064
7501,0.00001202,0.96067266
7502,0.00001201,0.96068468
7503,0.00001201,0.96069669
7504,0.00001201,0.96070870
7505,0.00001201,0.96072071
7506,0.00001201,0.96073272
7507,0.00001200,0.96074472
7508,0.00001200,0.96075672
7509,0.00001200,0.96076872
7510,0.00001199,0.96078072
7511,0.00001199,0.96079270
7512,0.00001199,0.96080469
7513,0.00001198,0.96081667
7514,0.00001198,0.96082865
7515,0.00001197,0.96084062
7516,0.00001197,0.96085259
7517,0.00001197,0.96086455
7518,0.00001197,0.96087652
7519,0.00001196,0.96088849
7520,0.00001196,0.96090045
7521,0.00001196,0.96091241
7522,0.00001196,0.96092436
7523,0.00001195,0.96093632
7524,0.00001195,0.96094827
7525,0.00001195,0.96096022
7526,0.00001195,0.96097216
7527,0.00001194,0.96098410
7528,0.00001194,0.96099604
7529,0.00001194,0.96100797
7530,0.00001193,0.96101991
7531,0.00001193,0.96103184
7532,0.00001193,0.96104376
7533,0.00001192,0.96105569
7534,0.00001192,0.96106761
7535,0.00001192,0.96107953
7536,0.00001191,0.96109145
7537,0.00001191,0.96110336
7538,0.00001191,0.96111527
7539,0.00001191,0.96112718
7540,0.00001190,0.96113908
7541,0.00001190,0.96115098
7542,0.00001190,0.96116287
7543,0.00001189,0.96117477
7544,0.00001189,0.96118666
7545,0.00001189,0.96119855
7546,0.00001188,0.96121043
7547,0.00001188,0.96122231
7548,0.00001188,0.96123419
7549,0.00001188,0.96124607
7550,0.00001188,0.96125795
7551,0.00001187,0.96126982
7552,0.00001187,0.96128169
7553,0.00001187,0.96129356
7554,0.00001186,0.96130542
7555,0.00001186,0.96131728
7556,0.00001186,0.96132914
7557,0.00001186,0.96134100
7558,0.00001185,0.96135285
7559,0.00001185,0.96136470
7560,0.00001184,0.96137654
7561,0.00001184,0.96138838
7562,0.00001184,0.96140022
7563,0.00001183,0.96141205
7564,0.00001183,0.96142388
7565,0.00001183,0.96143571
7566,0.00001182,0.96144753
7567,0.00001182,0.96145935
7568,0.00001182,0.96147117
7569,0.00001182,0.96148298
7570,0.00001181,0.96149480
7571,0.00001181,0.96150661
7572,0.00001181,0.96151841
7573,0.00001181,0.96153022
7574,0.00001180,0.96154202
7575,0.00001180,0.96155382
7576,0.00001179,0.96156562
7577,0.00001179,0.96157741
7578,0.00001179,0.96158920
7579,0.00001179,0.96160099
7580,0.00001178,0.96161277
7581,0.00001178,0.96162455
7582,0.00001178,0.96163633
7583,0.00001178,0.96164811
7584,0.00001177,0.96165988
7585,0.00001177,0.96167165
7586,0.00001177,0.96168341
7587,0.00001176,0.96169517
7588,0.00001176,0.96170693
7589,0.00001175,0.96171869
7590,0.00001175,0.96173044
7591,0.00001175,0.96174219
7592,0.00001175,0.96175393
7593,0.00001175,0.96176568
7594,0.00001174,0.96177742
7595,0.00001174,0.96178916
7596,0.00001174,0.96180089
7597,0.00001173,0.96181262
7598,0.00001173,0.96182436
7599,0.00001173,0.96183608
7600,0.00001173,0.96184781
7601,0.00001172,0.96185953
7602,0.00001172,0.96187125
7603,0.00001172,0.96188297
7604,0.00001171,0.96189468
7605,0.00001171,0.96190639
7606,0.00001171,0.96191810
7607,0.00001171,0.96192980
7608,0.00001170,0.96194150
7609,0.00001170,0.96195320
7610,0.00001170,0.96196490
7611,0.00001169,0.96197659
7612,0.00001169,0.96198828
7613,0.00001169,0.96199997
7614,0.00001169,0.96201166
7615,0.00001168,0.96202334
7616,0.00001168,0.96203502
7617,0.00001167,0.96204669
7618,0.00001167,0.96205836
7619,0.00001167,0.96207003
7620,0.00001167,0.96208170
7621,0.00001166,0.96209336
7622,0.00001166,0.96210503
7623,0.00001166,0.96211668
7624,0.00001165,0.96212834
7625,0.00001165,0.96213999
7626,0.00001165,0.96215164
7627,0.00001165,0.96216329
7628,0.00001164,0.96217493
7629,0.00001164,0.96218657
7630,0.00001164,0.96219821
7631,0.00001164,0.96220985
7632,0.00001163,0.96222149
7633,0.00001163,0.96223311
7634,0.00001163,0.96224474
7635,0.00001162,0.96225636
7636,0.00001162,0.96226799
7637,0.00001162,0.96227960
7638,0.00001162,0.96229122
7639,0.00001161,0.96230283
7640,0.00001161,0.96231444
7641,0.00001160,0.96232604
7642,0.00001160,0.96233764
7643,0.00001160,0.96234924
7644,0.00001160,0.96236084
7645,0.00001159,0.96237243
7646,0.00001159,0.96238402
7647,0.00001159,0.96239561
7648,0.00001159,0.96240720
7649,0.00001158,0.96241878
7650,0.00001158,0.96243036
7651,0.00001158,0.96244194
7652,0.00001158,0.96245352
7653,0.00001158,0.96246510
7654,0.00001157,0.96247667
7655,0.00001157,0.96248824
7656,0.00001156,0.96249980
7657,0.00001156,0.96251136
7658,0.00001156,0.96252292
7659,0.00001155,0.96253447
7660,0.00001155,0.96254602
7661,0.00001155,0.96255757
7662,0.00001155,0.96256912
7663,0.00001154,0.96258066
7664,0.00001154,0.96259220
7665,0.00001154,0.96260374
7666,0.00001154,0.96261528
7667,0.00001153,0.96262681
7668,0.00001153,0.96263834
7669,0.00001153,0.96264987
7670,0.00001153,0.96266140
7671,0.00001152,0.96267292
7672,0.00001152,0.96268443
7673,0.00001151,0.96269595
7674,0.00001151,0.96270746
7675,0.00001151,0.96271897
7676,0.00001151,0.96273048
7677,0.00001150,0.96274198
7678,0.00001150,0.96275348
7679,0.00001150,0.96276498
7680,0.00001150,0.96277647
7681,0.00001150,0.96278797
7682,0.00001149,0.96279946
7683,0.00001149,0.96281094
7684,0.00001148,0.96282243
7685,0.00001148,0.96283391
7686,0.00001148,0.96284538
7687,0.00001147,0.96285686
7688,0.00001147,0.96286833
7689,0.00001147,0.96287979
7690,0.00001146,0.96289126
7691,0.00001146,0.96290272
7692,0.00001146,0.96291418
7693,0.00001146,0.96292563
7694,0.00001145,0.96293709
7695,0.00001145,0.96294853
7696,0.00001145,0.96295998
7697,0.00001145,0.96297143
7698,0.00001144,0.96298287
7699,0.00001144,0.96299431
7700,0.00001144,0.96300574
7701,0.00001143,0.96301718
7702,0.00001143,0.96302861
7703,0.00001143,0.96304004
7704,0.00001142,0.96305146
7705,0.00001142,0.96306288
7706,0.00001142,0.96307430
7707,0.00001141,0.96308571
7708,0.00001141,0.96309712
7709,0.00001141,0.96310854
7710,0.00001141,0.96311995
7711,0.00001141,0.96313135
7712,0.00001140,0.96314275
7713,0.00001140,0.96315415
7714,0.00001140,0.96316555
7715,0.00001139,0.96317694
7716,0.00001139,0.96318833
7717,0.00001139,0.96319972
7718,0.00001139,0.96321110
7719,0.00001138,0.96322249
7720,0.00001138,0.96323387
7721,0.00001138,0.96324525
7722,0.00001137,0.96325662
7723,0.00001137,0.96326799
7724,0.00001137,0.96327936
7725,0.00001137,0.96329073
7726,0.00001137,0.96330210
7727,0.00001136,0.96331346
7728,0.00001136,0.96332482
7729,0.00001136,0.96333618
7730,0.00001135,0.96334753
7731,0.00001135,0.96335888
7732,0.00001135,0.96337023
7733,0.00001134,0.96338158
7734,0.00001134,0.96339292
7735,0.00001134,0.96340426
7736,0.00001134,0.96341559
7737,0.00001133,0.96342693
7738,0.00001133,0.96343825
7739,0.00001133,0.96344958
7740,0.00001132,0.96346091
7741,0.00001132,0.96347223
7742,0.00001132,0.96348355
7743,0.00001132,0.96349486
7744,0.00001131,0.96350618
7745,0.00001131,0.96351749
7746,0.00001131,0.96352880
7747,0.00001130,0.96354011
7748,0.00001130,0.96355141
7749,0.00001130,0.96356271
7750,0.00001129,0.96357400
7751,0.00001129,0.96358529
7752,0.00001129,0.96359658
7753,0.00001129,0.96360787
7754,0.00001129,0.96361915
7755,0.00001128,0.96363044
7756,0.00001128,0.96364172
7757,0.00001127,0.96365299
7758,0.00001127,0.96366426
7759,0.00001127,0.96367553
7760,0.00001127,0.96368680
7761,0.00001126,0.96369807
7762,0.00001126,0.96370933
7763,0.00001126,0.96372059
7764,0.00001126,0.96373185
7765,0.00001126,0.96374311
7766,0.00001125,0.96375436
7767,0.00001125,0.96376561
7768,0.00001125,0.96377686
7769,0.00001124,0.96378810
7770,0.00001124,0.96379934
7771,0.00001124,0.96381058
7772,0.00001124,0.96382182
7773,0.00001124,0.96383306
7774,0.00001123,0.96384429
7775,0.00001123,0.96385552
7776,0.00001123,0.96386675
7777,0.00001122,0.96387797
7778,0.00001122,0.96388920
7779,0.00001122,0.96390042
7780,0.00001122,0.96391164
7781,0.00001122,0.96392285
7782,0.00001121,0.96393406
7783,0.00001121,0.96394527
7784,0.00001120,0.96395647
7785,0.00001120,0.96396767
7786,0.00001120,0.96397887
7787,0.00001119,0.96399007
7788,0.00001119,0.96400126
7789,0.00001119,0.96401245
7790,0.00001118,0.96402363
7791,0.00001118,0.96403481
7792,0.00001118,0.96404599
7793,0.00001118,0.96405717
7794,0.00001117,0.96406835
7795,0.00001117,0.96407952
7796,0.00001117,0.96409069
7797,0.00001117,0.96410185
7798,0.00001116,0.96411302
7799,0.00001116,0.96412417
7800,0.00001116,0.96413533
7801,0.00001115,0.96414649
7802,0.00001115,0.96415764
7803,0.00001115,0.96416879
7804,0.00001115,0.96417993
7805,0.00001115,0.96419108
7806,0.00001114,0.96420222
7807,0.00001114,0.96421336
7808,0.00001114,0.96422449
7809,0.00001113,0.96423562
7810,0.00001113,0.96424675
7811,0.00001113,0.96425788
7812,0.00001113,0.96426901
7813,0.00001112,0.96428013
7814,0.00001112,0.96429125
7815,0.00001111,0.96430236
7816,0.00001111,0.96431347
7817,0.00001111,0.96432458
7818,0.00001111,0.96433569
7819,0.00001110,0.96434679
7820,0.00001110,0.96435789
7821,0.00001110,0.96436899
7822,0.00001110,0.96438008
7823,0.00001109,0.96439118
7824,0.00001109,0.96440227
7825,0.00001109,0.96441336
7826,0.00001108,0.96442444
7827,0.00001108,0.96443552
7828,0.00001108,0.96444660
7829,0.00001108,0.96445768
7830,0.00001107,0.96446875
7831,0.00001107,0.96447982
7832,0.00001107,0.96449089
7833,0.00001107,0.96450196
7834,0.00001106,0.96451302
7835,0.00001106,0.96452409
7836,0.00001106,0.96453514
7837,0.00001106,0.96454620
7838,0.00001106,0.96455726
7839,0.00001105,0.96456831
7840,0.00001105,0.96457936
7841,0.00001104,0.96459040
7842,0.00001104,0.96460144
7843,0.00001104,0.96461248
7844,0.00001103,0.96462351
7845,0.00001103,0.96463455
7846,0.00001103,0.96464558
7847,0.00001103,0.96465661
7848,0.00001102,0.96466763
7849,0.00001102,0.96467865
7850,0.00001102,0.96468967
7851,0.00001101,0.96470068
7852,0.00001101,0.96471169
7853,0.00001101,0.96472270
7854,0.00001101,0.96473371
7855,0.00001101,0.96474472
7856,0.00001100,0.96475572
7857,0.00001100,0.96476672
7858,0.00001100,0.96477772
7859,0.00001099,0.96478871
7860,0.00001099,0.96479970
7861,0.00001099,0.96481069
7862,0.00001098,0.96482168
7863,0.00001098,0.96483266
7864,0.00001098,0.96484364
7865,0.00001098,0.96485462
7866,0.00001097,0.96486559
7867,0.00001097,0.96487657
7868,0.00001097,0.96488754
7869,0.00001097,0.96489851
7870,0.00001096,0.96490947
7871,0.00001096,0.96492043
7872,0.00001096,0.96493139
7873,0.00001096,0.96494235
7874,0.00001095,0.96495330
7875,0.00001095,0.96496425
7876,0.00001095,0.96497520
7877,0.00001095,0.96498615
7878,0.00001094,0.96499709
7879,0.00001094,0.96500803
7880,0.00001094,0.96501897
7881,0.00001094,0.96502990
7882,0.00001093,0.96504084
7883,0.00001093,0.96505176
7884,0.00001093,0.96506269
7885,0.00001092,0.96507361
7886,0.00001092,0.96508454
7887,0.00001092,0.96509546
7888,0.00001092,0.96510637
7889,0.00001091,0.96511729
7890,0.00001091,0.96512820
7891,0.00001091,0.96513910
7892,0.00001091,0.96515001
7893,0.00001090,0.96516091
7894,0.00001090,0.96517181
7895,0.00001090,0.96518271
7896,0.00001089,0.96519361
7897,0.00001089,0.96520450
7898,0.00001089,0.96521538
7899,0.00001088,0.96522627
7900,0.00001088,0.96523715
7901,0.00001088,0.96524804
7902,0.00001088,0.96525891
7903,0.00001088,0.96526979
7904,0.00001087,0.96528066
7905,0.00001087,0.96529153
7906,0.00001087,0.96530240
7907,0.00001087,0.96531327
7908,0.00001086,0.96532413
7909,0.00001086,0.96533499
7910,0.00001086,0.96534586
7911,0.00001086,0.96535671
7912,0.00001085,0.96536757
7913,0.00001085,0.96537841
7914,0.00001085,0.96538926
7915,0.00001085,0.96540011
7916,0.00001084,0.96541095
7917,0.00001084,0.96542179
7918,0.00001084,0.96543263
7919,0.00001083,0.96544346
7920,0.00001083,0.96545429
7921,0.00001083,0.96546512
7922,0.00001083,0.96547595
7923,0.00001082,0.96548677
7924,0.00001082,0.96549759
7925,0.00001082,0.96550841
7926,0.00001081,0.96551923
7927,0.00001081,0.96553004
7928,0.00001081,0.96554085
7929,0.00001081,0.96555166
7930,0.00001081,0.96556246
7931,0.00001080,0.96557326
7932,0.00001080,0.96558406
7933,0.00001080,0.96559486
7934,0.00001079,0.96560565
7935,0.00001079,0.96561645
7936,0.00001079,0.96562723
7937,0.00001078,0.96563802
7938,0.00001078,0.96564879
7939,0.00001078,0.96565957
7940,0.00001078,0.96567035
7941,0.00001077,0.96568112
7942,0.00001077,0.96569190
7943,0.00001077,0.96570267
7944,0.00001077,0.96571343
7945,0.00001077,0.96572420
7946,0.00001076,0.96573496
7947,0.00001076,0.96574572
7948,0.00001076,0.96575648
7949,0.00001076,0.96576724
7950,0.00001075,0.96577799
7951,0.00001075,0.96578874
7952,0.00001075,0.96579949
7953,0.00001074,0.96581023
7954,0.00001074,0.96582097
7955,0.00001074,0.96583172
7956,0.00001074,0.96584245
7957,0.00001073,0.96585319
7958,0.00001073,0.96586392
7959,0.00001073,0.96587465
7960,0.00001073,0.96588537
7961,0.00001072,0.96589610
7962,0.00001072,0.96590682
7963,0.00001072,0.96591754
7964,0.00001072,0.96592825
7965,0.00001071,0.96593897
7966,0.00001071,0.96594968
7967,0.00001071,0.96596039
7968,0.00001071,0.96597109
7969,0.00001070,0.96598180
7970,0.00001070,0.96599250
7971,0.00001070,0.96600319
7972,0.00001070,0.96601389
7973,0.00001069,0.96602458
7974,0.00001069,0.96603527
7975,0.00001069,0.96604596
7976,0.00001069,0.96605664
7977,0.00001068,0.96606732
7978,0.00001068,0.96607800
7979,0.00001068,0.96608868
7980,0.00001068,0.96609936
7981,0.00001067,0.96611003
7982,0.00001067,0.96612070
7983,0.00001067,0.96613137
7984,0.00001066,0.96614203
7985,0.00001066,0.96615269
7986,0.00001065,0.96616334
7987,0.00001065,0.96617400
7988,0.00001065,0.96618464
7989,0.00001065,0.96619529
7990,0.00001065,0.96620594
7991,0.00001064,0.96621658
7992,0.00001064,0.96622722
7993,0.00001063,0.96623785
7994,0.00001063,0.96624849
7995,0.00001063,0.96625912
7996,0.00001063,0.96626974
7997,0.00001062,0.96628037
7998,0.00001062,0.96629099
7999,0.00001062,0.96630161
8000,0.00001062,0.96631223
8001,0.00001061,0.96632284
8002,0.00001061,0.96633345
8003,0.00001061,0.96634406
8004,0.00001061,0.96635467
8005,0.00001061,0.96636528
8006,0.00001060,0.96637588
8007,0.00001060,0.96638648
8008,0.00001060,0.96639708
8009,0.00001060,0.96640768
8010,0.00001059,0.96641827
8011,0.00001059,0.96642887
8012,0.00001059,0.96643946
8013,0.00001059,0.96645004
8014,0.00001058,0.96646062
8015,0.00001058,0.96647120
8016,0.00001058,0.96648178
8017,0.00001058,0.96649236
8018,0.00001057,0.96650294
8019,0.00001057,0.96651350
8020,0.00001056,0.96652407
8021,0.00001056,0.96653463
8022,0.00001056,0.96654519
8023,0.00001056,0.96655575
8024,0.00001056,0.96656630
8025,0.00001055,0.96657686
8026,0.00001055,0.96658741
8027,0.00001055,0.96659795
8028,0.00001055,0.96660850
8029,0.00001054,0.96661904
8030,0.00001054,0.96662958
8031,0.00001053,0.96664011
8032,0.00001053,0.96665065
8033,0.00001053,0.96666118
8034,0.00001053,0.96667171
8035,0.00001053,0.96668224
8036,0.00001053,0.96669276
8037,0.00001052,0.96670328
8038,0.00001052,0.96671380
8039,0.00001052,0.96672432
8040,0.00001052,0.96673484
8041,0.00001051,0.96674535
8042,0.00001051,0.96675586
8043,0.00001051,0.96676636
8044,0.00001050,0.96677686
8045,0.00001050,0.96678736
8046,0.00001050,0.96679786
8047,0.00001049,0.96680835
8048,0.00001049,0.96681885
8049,0.00001049,0.96682934
8050,0.00001049,0.96683983
8051,0.00001049,0.96685032
8052,0.00001049,0.96686080
8053,0.00001048,0.96687128
8054,0.00001048,0.96688176
8055,0.00001048,0.96689223
8056,0.00001047,0.96690271
8057,0.00001047,0.96691318
8058,0.00001047,0.96692365
8059,0.00001047,0.96693411
8060,0.00001046,0.96694458
8061,0.00001046,0.96695504
8062,0.00001046,0.96696550
8063,0.00001046,0.96697595
8064,0.00001045,0.96698640
8065,0.00001045,0.96699685
8066,0.00001045,0.96700730
8067,0.00001044,0.96701774
8068,0.00001044,0.96702819
8069,0.00001044,0.96703862
8070,0.00001044,0.96704906
8071,0.00001043,0.96705949
8072,0.00001043,0.96706992
8073,0.00001043,0.96708035
8074,0.00001043,0.96709077
8075,0.00001042,0.96710120
8076,0.00001042,0.96711162
8077,0.00001042,0.96712203
8078,0.00001042,0.96713245
8079,0.00001041,0.96714286
8080,0.00001041,0.96715327
8081,0.00001041,0.96716368
8082,0.00001041,0.96717408
8083,0.00001040,0.96718449
8084,0.00001040,0.96719489
8085,0.00001040,0.96720529
8086,0.00001040,0.96721568
8087,0.00001039,0.96722607
8088,0.00001039,0.96723646
8089,0.00001038,0.96724684
8090,0.00001038,0.96725723
8091,0.00001038,0.96726761
8092,0.00001038,0.96727799
8093,0.00001038,0.96728836
8094,0.00001037,0.96729874
8095,0.00001037,0.96730911
8096,0.00001037,0.96731948
8097,0.00001037,0.96732984
8098,0.00001037,0.96734021
8099,0.00001036,0.96735057
8100,0.00001036,0.96736093
8101,0.00001036,0.96737129
8102,0.00001036,0.96738165
8103,0.00001035,0.96739200
8104,0.00001035,0.96740235
8105,0.00001035,0.96741270
8106,0.00001035,0.96742304
8107,0.00001034,0.96743339
8108,0.00001034,0.96744373
8109,0.00001034,0.96745407
8110,0.00001034,0.96746441
8111,0.00001033,0.96747474
8112,0.00001033,0.96748507
8113,0.00001032,0.96749540
8114,0.00001032,0.96750572
8115,0.00001032,0.96751604
8116,0.00001032,0.96752636
8117,0.00001031,0.96753668
8118,0.00001031,0.96754699
8119,0.00001031,0.96755730
8120,0.00001031,0.96756761
8121,0.00001030,0.96757792
8122,0.00001030,0.96758822
8123,0.00001030,0.96759852
8124,0.00001030,0.96760881
8125,0.00001030,0.96761911
8126,0.00001029,0.96762940
8127,0.00001029,0.96763969
8128,0.00001029,0.96764998
8129,0.00001029,0.96766027
8130,0.00001028,0.96767055
8131,0.00001028,0.96768083
8132,0.00001028,0.96769111
8133,0.00001028,0.96770139
8134,0.00001027,0.96771166
8135,0.00001027,0.96772193
8136,0.00001027,0.96773220
8137,0.00001027,0.96774247
8138,0.00001026,0.96775273
8139,0.00001026,0.96776299
8140,0.00001026,0.96777325
8141,0.00001026,0.96778351
8142,0.00001025,0.96779376
8143,0.00001025,0.96780401
8144,0.00001025,0.96781425
8145,0.00001025,0.96782450
8146,0.00001024,0.96783474
8147,0.00001024,0.96784498
8148,0.00001024,0.96785522
8149,0.00001023,0.96786545
8150,0.00001023,0.96787568
8151,0.00001023,0.96788591
8152,0.00001023,0.96789614
8153,0.00001023,0.96790637
8154,0.00001022,0.96791659
8155,0.00001022,0.96792681
8156,0.00001022,0.96793703
8157,0.00001021,0.96794725
8158,0.00001021,0.96795746
8159,0.00001021,0.96796767
8160,0.00001021,0.96797787
8161,0.00001020,0.96798808
8162,0.00001020,0.96799828
8163,0.00001020,0.96800848
8164,0.00001020,0.96801868
8165,0.00001019,0.96802887
8166,0.00001019,0.96803906
8167,0.00001019,0.96804925
8168,0.00001019,0.96805944
8169,0.00001018,0.96806962
8170,0.00001018,0.96807980
8171,0.00001018,0.96808998
8172,0.00001018,0.96810015
8173,0.00001017,0.96811032
8174,0.00001017,0.96812050
8175,0.00001017,0.96813066
8176,0.00001017,0.96814083
8177,0.00001016,0.96815099
8178,0.00001016,0.96816115
8179,0.00001016,0.96817131
8180,0.00001015,0.96818146
8181,0.00001015,0.96819162
8182,0.00001015,0.96820177
8183,0.00001015,0.96821192
8184,0.00001015,0.96822206
8185,0.00001014,0.96823221
8186,0.00001014,0.96824235
8187,0.00001014,0.96825249
8188,0.00001014,0.96826262
8189,0.00001014,0.96827276
8190,0.00001013,0.96828289
8191,0.00001013,0.96829302
8192,0.00001013,0.96830315
8193,0.00001013,0.96831328
8194,0.00001012,0.96832340
8195,0.00001012,0.96833353
8196,0.00001012,0.96834364
8197,0.00001012,0.96835376
8198,0.00001011,0.96836387
8199,0.00001011,0.96837398
8200,0.00001011,0.96838409
8201,0.00001011,0.96839420
8202,0.00001011,0.96840431
8203,0.00001010,0.96841441
8204,0.00001010,0.96842450
8205,0.00001009,0.96843460
8206,0.00001009,0.96844469
8207,0.00001009,0.96845478
8208,0.00001009,0.96846486
8209,0.00001008,0.96847495
8210,0.00001008,0.96848503
8211,0.00001008,0.96849511
8212,0.00001008,0.96850519
8213,0.00001008,0.96851526
8214,0.00001007,0.96852534
8215,0.00001007,0.96853541
8216,0.00001007,0.96854547
8217,0.00001006,0.96855554
8218,0.00001006,0.96856560
8219,0.00001006,0.96857566
8220,0.00001006,0.96858571
8221,0.00001005,0.96859577
8222,0.00001005,0.96860582
8223,0.00001005,0.96861587
8224,0.00001005,0.96862591
8225,0.00001004,0.96863596
8226,0.00001004,0.96864600
8227,0.00001004,0.96865604
8228,0.00001004,0.96866608
8229,0.00001004,0.96867611
8230,0.00001003,0.96868615
8231,0.00001003,0.96869618
8232,0.00001003,0.96870621
8233,0.00001003,0.96871624
8234,0.00001002,0.96872626
8235,0.00001002,0.96873628
8236,0.00001002,0.96874629
8237,0.00001001,0.96875631
8238,0.00001001,0.96876632
8239,0.00001001,0.96877633
8240,0.00001001,0.96878634
8241,0.00001001,0.96879635
8242,0.00001000,0.96880635
8243,0.00001000,0.96881635
8244,0.00001000,0.96882635
8245,0.00000999,0.96883634
8246,0.00000999,0.96884633
8247,0.00000999,0.96885632
8248,0.00000999,0.96886631
8249,0.00000998,0.96887629
8250,0.00000998,0.96888628
8251,0.00000998,0.96889626
8252,0.00000998,0.96890624
8253,0.00000998,0.96891622
8254,0.00000997,0.96892619
8255,0.00000997,0.96893616
8256,0.00000997,0.96894612
8257,0.00000996,0.96895609
8258,0.00000996,0.96896605
8259,0.00000996,0.96897601
8260,0.00000996,0.96898597
8261,0.00000996,0.96899593
8262,0.00000995,0.96900588
8263,0.00000995,0.96901583
8264,0.00000995,0.96902577
8265,0.00000994,0.96903572
8266,0.00000994,0.96904566
8267,0.00000994,0.96905560
8268,0.00000994,0.96906554
8269,0.00000994,0.96907548
8270,0.00000993,0.96908542
8271,0.00000993,0.96909535
8272,0.00000993,0.96910528
8273,0.00000993,0.96911521
8274,0.00000992,0.96912513
8275,0.00000992,0.96913505
8276,0.00000992,0.96914498
8277,0.00000992,0.96915489
8278,0.00000992,0.96916481
8279,0.00000991,0.96917472
8280,0.00000991,0.96918463
8281,0.00000990,0.96919453
8282,0.00000990,0.96920444
8283,0.00000990,0.96921434
8284,0.00000990,0.96922424
8285,0.00000990,0.96923413
8286,0.00000989,0.96924403
8287,0.00000989,0.96925392
8288,0.00000989,0.96926381
8289,0.00000989,0.96927369
8290,0.00000988,0.96928358
8291,0.00000988,0.96929346
8292,0.00000988,0.96930334
8293,0.00000988,0.96931322
8294,0.00000988,0.96932309
8295,0.00000987,0.96933297
8296,0.00000987,0.96934284
8297,0.00000987,0.96935271
8298,0.00000986,0.96936257
8299,0.00000986,0.96937243
8300,0.00000986,0.96938230
8301,0.00000986,0.96939216
8302,0.00000986,0.96940201
8303,0.00000986,0.96941187
8304,0.00000985,0.96942172
8305,0.00000985,0.96943157
8306,0.00000985,0.96944142
8307,0.00000984,0.96945126
8308,0.00000984,0.96946110
8309,0.00000984,0.96947094
8310,0.00000984,0.96948078
8311,0.00000984,0.96949062
8312,0.00000983,0.96950045
8313,0.00000983,0.96951028
8314,0.00000983,0.96952010
8315,0.00000983,0.96952993
8316,0.00000982,0.96953975
8317,0.00000982,0.96954957
8318,0.00000982,0.96955939
8319,0.00000981,0.96956920
8320,0.00000981,0.96957901
8321,0.00000981,0.96958882
8322,0.00000981,0.96959863
8323,0.00000980,0.96960844
8324,0.00000980,0.96961824
8325,0.00000980,0.96962804
8326,0.00000980,0.96963783
8327,0.00000979,0.96964763
8328,0.00000979,0.96965742
8329,0.00000979,0.96966721
8330,0.00000979,0.96967700
8331,0.00000979,0.96968679
8332,0.00000978,0.96969657
8333,0.00000978,0.96970635
8334,0.00000978,0.96971613
8335,0.00000978,0.96972590
8336,0.00000977,0.96973567
8337,0.00000977,0.96974544
8338,0.00000977,0.96975521
8339,0.00000976,0.96976498
8340,0.00000976,0.96977474
8341,0.00000976,0.96978450
8342,0.00000976,0.96979426
8343,0.00000975,0.96980401
8344,0.00000975,0.96981376
8345,0.00000975,0.96982351
8346,0.00000975,0.96983326
8347,0.00000975,0.96984300
8348,0.00000974,0.96985275
8349,0.00000974,0.96986249
8350,0.00000974,0.96987223
8351,0.00000974,0.96988197
8352,0.00000974,0.96989170
8353,0.00000974,0.96990144
8354,0.00000973,0.96991117
8355,0.00000973,0.96992090
8356,0.00000973,0.96993063
8357,0.00000972,0.96994035
8358,0.00000972,0.96995007
8359,0.00000972,0.96995979
8360,0.00000972,0.96996951
8361,0.00000971,0.96997922
8362,0.00000971,0.96998894
8363,0.00000971,0.96999864
8364,0.00000971,0.97000835
8365,0.00000971,0.97001806
8366,0.00000970,0.97002776
8367,0.00000970,0.97003746
8368,0.00000970,0.97004716
8369,0.00000969,0.97005685
8370,0.00000969,0.97006654
8371,0.00000969,0.97007623
8372,0.00000969,0.97008592
8373,0.00000968,0.97009560
8374,0.00000968,0.97010529
8375,0.00000968,0.97011497
8376,0.00000968,0.97012465
8377,0.00000968,0.97013432
8378,0.00000967,0.97014399
8379,0.00000967,0.97015367
8380,0.00000967,0.97016333
8381,0.00000967,0.97017300
8382,0.00000966,0.97018266
8383,0.00000966,0.97019233
8384,0.00000966,0.97020199
8385,0.00000965,0.97021164
8386,0.00000965,0.97022129
8387,0.00000965,0.97023095
8388,0.00000965,0.97024060
8389,0.00000965,0.97025024
8390,0.00000965,0.97025989
8391,0.00000965,0.97026954
8392,0.00000964,0.97027918
8393,0.00000964,0.97028881
8394,0.00000964,0.97029845
8395,0.00000963,0.97030808
8396,0.00000963,0.97031771
8397,0.00000963,0.97032734
8398,0.00000962,0.97033696
8399,0.00000962,0.97034658
8400,0.00000962,0.97035620
8401,0.00000962,0.97036582
8402,0.00000962,0.97037544
8403,0.00000962,0.97038506
8404,0.00000961,0.97039467
8405,0.00000961,0.97040428
8406,0.00000961,0.97041389
8407,0.00000961,0.97042350
8408,0.00000960,0.97043310
8409,0.00000960,0.97044270
8410,0.00000960,0.97045230
8411,0.00000959,0.97046189
8412,0.00000959,0.97047149
8413,0.00000959,0.97048108
8414,0.00000959,0.97049066
8415,0.00000959,0.97050025
8416,0.00000958,0.97050983
8417,0.00000958,0.97051942
8418,0.00000958,0.97052900
8419,0.00000958,0.97053858
8420,0.00000958,0.97054816
8421,0.00000957,0.97055773
8422,0.00000957,0.97056730
8423,0.00000957,0.97057687
8424,0.00000956,0.97058643
8425,0.00000956,0.97059600
8426,0.00000956,0.97060556
8427,0.00000956,0.97061512
8428,0.00000956,0.97062467
8429,0.00000956,0.97063423
8430,0.00000955,0.97064378
8431,0.00000955,0.97065333
8432,0.00000955,0.97066288
8433,0.00000955,0.97067243
8434,0.00000954,0.97068197
8435,0.00000954,0.97069151
8436,0.00000954,0.97070105
8437,0.00000954,0.97071059
8438,0.00000953,0.97072012
8439,0.00000953,0.97072966
8440,0.00000953,0.97073919
8441,0.00000952,0.97074871
8442,0.00000952,0.97075823
8443,0.00000952,0.97076775
8444,0.00000952,0.97077727
8445,0.00000952,0.97078678
8446,0.00000951,0.97079630
8447,0.00000951,0.97080581
8448,0.00000951,0.97081531
8449,0.00000950,0.97082482
8450,0.00000950,0.97083432
8451,0.00000950,0.97084382
8452,0.00000950,0.97085332
8453,0.00000950,0.97086282
8454,0.00000949,0.97087232
8455,0.00000949,0.97088181
8456,0.00000949,0.97089130
8457,0.00000949,0.97090078
8458,0.00000949,0.97091027
8459,0.00000948,0.97091975
8460,0.00000948,0.97092924
8461,0.00000948,0.97093871
8462,0.00000948,0.97094819
8463,0.00000947,0.97095767
8464,0.00000947,0.97096714
8465,0.00000947,0.97097661
8466,0.00000947,0.97098607
8467,0.00000946,0.97099554
8468,0.00000946,0.97100500
8469,0.00000946,0.97101446
8470,0.00000946,0.97102391
8471,0.00000945,0.97103337
8472,0.00000945,0.97104282
8473,0.00000945,0.97105227
8474,0.00000945,0.97106172
8475,0.00000945,0.97107117
8476,0.00000944,0.97108061
8477,0.00000944,0.97109005
8478,0.00000944,0.97109949
8479,0.00000944,0.97110893
8480,0.00000943,0.97111836
8481,0.00000943,0.97112780
8482,0.00000943,0.97113722
8483,0.00000943,0.97114665
8484,0.00000942,0.97115607
8485,0.00000942,0.97116550
8486,0.00000942,0.97117491
8487,0.00000942,0.97118433
8488,0.00000942,0.97119375
8489,0.00000942,0.97120316
8490,0.00000941,0.97121258
8491,0.00000941,0.97122199
8492,0.00000941,0.97123139
8493,0.00000941,0.97124080
8494,0.00000940,0.97125020
8495,0.00000940,0.97125960
8496,0.00000940,0.97126900
8497,0.00000940,0.97127840
8498,0.00000939,0.97128779
8499,0.00000939,0.97129718
8500,0.00000939,0.97130657
8501,0.00000939,0.97131596
8502,0.00000938,0.97132534
8503,0.00000938,0.97133472
8504,0.00000938,0.97134410
8505,0.00000937,0.97135348
8506,0.00000937,0.97136285
8507,0.00000937,0.97137222
8508,0.00000937,0.97138159
8509,0.00000937,0.97139096
8510,0.00000937,0.97140032
8511,0.00000936,0.97140968
8512,0.00000936,0.97141904
8513,0.00000936,0.97142840
8514,0.00000936,0.97143775
8515,0.00000935,0.97144711
8516,0.00000935,0.97145646
8517,0.00000935,0.97146581
8518,0.00000935,0.97147515
8519,0.00000934,0.97148449
8520,0.00000934,0.97149384
8521,0.00000934,0.97150318
8522,0.00000934,0.97151251
8523,0.00000934,0.97152185
8524,0.00000933,0.97153118
8525,0.00000933,0.97154051
8526,0.00000932,0.97154983
8527,0.00000932,0.97155916
8528,0.00000932,0.97156848
8529,0.00000932,0.97157780
8530,0.00000932,0.97158712
8531,0.00000932,0.97159644
8532,0.00000932,0.97160576
8533,0.00000931,0.97161507
8534,0.00000931,0.97162438
8535,0.00000931,0.97163369
8536,0.00000930,0.97164299
8537,0.00000930,0.97165229
8538,0.00000930,0.97166159
8539,0.00000930,0.97167089
8540,0.00000929,0.97168018
8541,0.00000929,0.97168948
8542,0.00000929,0.97169877
8543,0.00000929,0.97170806
8544,0.00000929,0.97171734
8545,0.00000928,0.97172663
8546,0.00000928,0.97173590
8547,0.00000928,0.97174518
8548,0.00000928,0.97175446
8549,0.00000927,0.97176373
8550,0.00000927,0.97177300
8551,0.00000927,0.97178227
8552,0.00000927,0.97179153
8553,0.00000926,0.97180079
8554,0.00000926,0.97181005
8555,0.00000926,0.97181931
8556,0.00000925,0.97182857
8557,0.00000925,0.97183782
8558,0.00000925,0.97184707
8559,0.00000925,0.97185632
8560,0.00000925,0.97186557
8561,0.00000925,0.97187482
8562,0.00000925,0.97188407
8563,0.00000924,0.97189331
8564,0.00000924,0.97190256
8565,0.00000924,0.97191179
8566,0.00000924,0.97192103
8567,0.00000923,0.97193026
8568,0.00000923,0.97193950
8569,0.00000923,0.97194873
8570,0.00000923,0.97195795
8571,0.00000923,0.97196718
8572,0.00000922,0.97197640
8573,0.00000922,0.97198563
8574,0.00000922,0.97199484
8575,0.00000922,0.97200406
8576,0.00000921,0.97201328
8577,0.00000921,0.97202249
8578,0.00000921,0.97203170
8579,0.00000921,0.97204091
8580,0.00000921,0.97205011
8581,0.00000920,0.97205932
8582,0.00000920,0.97206852
8583,0.00000920,0.97207772
8584,0.00000920,0.97208692
8585,0.00000920,0.97209611
8586,0.00000919,0.97210531
8587,0.00000919,0.97211449
8588,0.00000919,0.97212368
8589,0.00000918,0.97213287
8590,0.00000918,0.97214205
8591,0.00000918,0.97215123
8592,0.00000918,0.97216041
8593,0.00000918,0.97216958
8594,0.00000918,0.97217876
8595,0.00000917,0.97218793
8596,0.00000917,0.97219710
8597,0.00000917,0.97220626
8598,0.00000916,0.97221543
8599,0.00000916,0.97222459
8600,0.00000916,0.97223375
8601,0.00000916,0.97224291
8602,0.00000916,0.97225207
8603,0.00000915,0.97226122
8604,0.00000915,0.97227037
8605,0.00000915,0.97227952
8606,0.00000915,0.97228867
8607,0.00000915,0.97229781
8608,0.00000914,0.97230695
8609,0.00000914,0.97231610
8610,0.00000914,0.97232524
8611,0.00000914,0.97233437
8612,0.00000913,0.97234351
8613,0.00000913,0.97235264
8614,0.00000913,0.97236177
8615,0.00000913,0.97237089
8616,0.00000912,0.97238002
8617,0.00000912,0.97238914
8618,0.00000912,0.97239826
8619,0.00000912,0.97240738
8620,0.00000912,0.97241650
8621,0.00000911,0.97242561
8622,0.00000911,0.97243472
8623,0.00000911,0.97244383
8624,0.00000911,0.97245294
8625,0.00000911,0.97246205
8626,0.00000910,0.97247115
8627,0.00000910,0.97248025
8628,0.00000910,0.97248935
8629,0.00000910,0.97249845
8630,0.00000909,0.97250754
8631,0.00000909,0.97251663
8632,0.00000909,0.97252572
8633,0.00000909,0.97253481
8634,0.00000909,0.97254389
8635,0.00000908,0.97255298
8636,0.00000908,0.97256206
8637,0.00000908,0.97257114
8638,0.00000908,0.97258021
8639,0.00000908,0.97258929
8640,0.00000907,0.97259836
8641,0.00000907,0.97260743
8642,0.00000907,0.97261650
8643,0.00000907,0.97262557
8644,0.00000906,0.97263463
8645,0.00000906,0.97264369
8646,0.00000906,0.97265275
8647,0.00000906,0.97266181
8648,0.00000906,0.97267087
8649,0.00000905,0.97267992
8650,0.00000905,0.97268897
8651,0.00000905,0.97269802
8652,0.00000905,0.97270707
8653,0.00000904,0.97271611
8654,0.00000904,0.97272516
8655,0.00000904,0.97273420
8656,0.00000904,0.97274324
8657,0.00000904,0.97275227
8658,0.00000904,0.97276131
8659,0.00000903,0.97277034
8660,0.00000903,0.97277937
8661,0.00000903,0.97278840
8662,0.00000903,0.97279743
8663,0.00000902,0.97280645
8664,0.00000902,0.97281547
8665,0.00000902,0.97282449
8666,0.00000902,0.97283351
8667,0.00000901,0.97284252
8668,0.00000901,0.97285153
8669,0.00000901,0.97286054
8670,0.00000901,0.97286955
8671,0.00000900,0.97287855
8672,0.00000900,0.97288756
8673,0.00000900,0.97289656
8674,0.00000900,0.97290555
8675,0.00000900,0.97291455
8676,0.00000899,0.97292354
8677,0.00000899,0.97293253
8678,0.00000899,0.97294152
8679,0.00000899,0.97295051
8680,0.00000898,0.97295949
8681,0.00000898,0.97296847
8682,0.00000898,0.97297745
8683,0.00000898,0.97298642
8684,0.00000897,0.97299540
8685,0.00000897,0.97300437
8686,0.00000897,0.97301334
8687,0.00000897,0.97302231
8688,0.00000897,0.97303127
8689,0.00000896,0.97304024
8690,0.00000896,0.97304920
8691,0.00000896,0.97305816
8692,0.00000896,0.97306712
8693,0.00000896,0.97307608
8694,0.00000895,0.97308503
8695,0.00000895,0.97309398
8696,0.00000895,0.97310293
8697,0.00000895,0.97311188
8698,0.00000895,0.97312083
8699,0.00000895,0.97312978
8700,0.00000894,0.97313872
8701,0.00000894,0.97314766
8702,0.00000894,0.97315660
8703,0.00000893,0.97316553
8704,0.00000893,0.97317447
8705,0.00000893,0.97318340
8706,0.00000893,0.97319233
8707,0.00000893,0.97320126
8708,0.00000893,0.97321018
8709,0.00000892,0.97321910
8710,0.00000892,0.97322802
8711,0.00000892,0.97323694
8712,0.00000891,0.97324585
8713,0.00000891,0.97325476
8714,0.00000891,0.97326367
8715,0.00000891,0.97327258
8716,0.00000890,0.97328148
8717,0.00000890,0.97329039
8718,0.00000890,0.97329929
8719,0.00000890,0.97330819
8720,0.00000890,0.97331708
8721,0.00000890,0.97332598
8722,0.00000889,0.97333487
8723,0.00000889,0.97334376
8724,0.00000889,0.97335265
8725,0.00000889,0.97336154
8726,0.00000888,0.97337042
8727,0.00000888,0.97337931
8728,0.00000888,0.97338819
8729,0.00000888,0.97339707
8730,0.00000888,0.97340594
8731,0.00000887,0.97341482
8732,0.00000887,0.97342369
8733,0.00000887,0.97343256
8734,0.00000887,0.97344142
8735,0.00000886,0.97345029
8736,0.00000886,0.97345915
8737,0.00000886,0.97346801
8738,0.00000886,0.97347686
8739,0.00000885,0.97348572
8740,0.00000885,0.97349457
8741,0.00000885,0.97350342
8742,0.00000885,0.97351227
8743,0.00000885,0.97352112
8744,0.00000884,0.97352996
8745,0.00000884,0.97353880
8746,0.00000884,0.97354764
8747,0.00000884,0.97355648
8748,0.00000883,0.97356531
8749,0.00000883,0.97357414
8750,0.00000883,0.97358297
8751,0.00000883,0.97359180
8752,0.00000883,0.97360063
8753,0.00000882,0.97360945
8754,0.00000882,0.97361827
8755,0.00000882,0.97362709
8756,0.00000882,0.97363591
8757,0.00000882,0.97364472
8758,0.00000881,0.97365353
8759,0.00000881,0.97366234
8760,0.00000881,0.97367115
8761,0.00000880,0.97367995
8762,0.00000880,0.97368875
8763,0.00000880,0.97369755
8764,0.00000880,0.97370635
8765,0.00000880,0.97371515
8766,0.00000879,0.97372394
8767,0.00000879,0.97373273
8768,0.00000879,0.97374152
8769,0.00000879,0.97375031
8770,0.00000879,0.97375910
8771,0.00000878,0.97376788
8772,0.00000878,0.97377666
8773,0.00000878,0.97378544
8774,0.00000878,0.97379422
8775,0.00000878,0.97380300
8776,0.00000877,0.97381177
8777,0.00000877,0.97382055
8778,0.00000877,0.97382932
8779,0.00000877,0.97383808
8780,0.00000876,0.97384685
8781,0.00000876,0.97385561
8782,0.00000876,0.97386437
8783,0.00000876,0.97387313
8784,0.00000876,0.97388188
8785,0.00000876,0.97389064
8786,0.00000875,0.97389939
8787,0.00000875,0.97390814
8788,0.00000875,0.97391689
8789,0.00000875,0.97392564
8790,0.00000874,0.97393438
8791,0.00000874,0.97394312
8792,0.00000874,0.97395186
8793,0.00000874,0.97396060
8794,0.00000874,0.97396933
8795,0.00000873,0.97397807
8796,0.00000873,0.97398680
8797,0.00000873,0.97399553
8798,0.00000873,0.97400426
8799,0.00000873,0.97401298
8800,0.00000872,0.97402170
8801,0.00000872,0.97403043
8802,0.00000872,0.97403914
8803,0.00000872,0.97404786
8804,0.00000872,0.97405658
8805,0.00000871,0.97406529
8806,0.00000871,0.97407400
8807,0.00000871,0.97408270
8808,0.00000871,0.97409141
8809,0.00000870,0.97410011
8810,0.00000870,0.97410882
8811,0.00000870,0.97411752
8812,0.00000870,0.97412622
8813,0.00000870,0.97413492
8814,0.00000869,0.97414361
8815,0.00000869,0.97415230
8816,0.00000869,0.97416100
8817,0.00000869,0.97416968
8818,0.00000869,0.97417837
8819,0.00000868,0.97418705
8820,0.00000868,0.97419574
8821,0.00000868,0.97420442
8822,0.00000868,0.97421309
8823,0.00000868,0.97422177
8824,0.00000867,0.97423044
8825,0.00000867,0.97423911
8826,0.00000867,0.97424778
8827,0.00000867,0.97425645
8828,0.00000867,0.97426512
8829,0.00000866,0.97427378
8830,0.00000866,0.97428244
8831,0.00000866,0.97429110
8832,0.00000866,0.97429976
8833,0.00000865,0.97430841
8834,0.00000865,0.97431707
8835,0.00000865,0.97432572
8836,0.00000865,0.97433436
8837,0.00000865,0.97434301
8838,0.00000865,0.97435166
8839,0.00000864,0.97436030
8840,0.00000864,0.97436894
8841,0.00000864,0.97437758
8842,0.00000864,0.97438622
8843,0.00000863,0.97439485
8844,0.00000863,0.97440348
8845,0.00000863,0.97441211
8846,0.00000863,0.97442073
8847,0.00000863,0.97442936
8848,0.00000862,0.97443798
8849,0.00000862,0.97444661
8850,0.00000862,0.97445523
8851,0.00000861,0.97446384
8852,0.00000861,0.97447245
8853,0.00000861,0.97448106
8854,0.00000861,0.97448967
8855,0.00000861,0.97449828
8856,0.00000861,0.97450688
8857,0.00000860,0.97451548
8858,0.00000860,0.97452409
8859,0.00000860,0.97453269
8860,0.00000860,0.97454128
8861,0.00000859,0.97454988
8862,0.00000859,0.97455847
8863,0.00000859,0.97456706
8864,0.00000859,0.97457565
8865,0.00000859,0.97458423
8866,0.00000858,0.97459282
8867,0.00000858,0.97460140
8868,0.00000858,0.97460998
8869,0.00000858,0.97461856
8870,0.00000858,0.97462713
8871,0.00000857,0.97463571
8872,0.00000857,0.97464428
8873,0.00000857,0.97465285
8874,0.00000857,0.97466142
8875,0.00000856,0.97466998
8876,0.00000856,0.97467854
8877,0.00000856,0.97468710
8878,0.00000856,0.97469566
8879,0.00000856,0.97470422
8880,0.00000855,0.97471277
8881,0.00000855,0.97472133
8882,0.00000855,0.97472987
8883,0.00000855,0.97473842
8884,0.00000854,0.97474697
8885,0.00000854,0.97475551
8886,0.00000854,0.97476405
8887,0.00000854,0.97477259
8888,0.00000854,0.97478113
8889,0.00000853,0.97478966
8890,0.00000853,0.97479819
8891,0.00000853,0.97480672
8892,0.00000853,0.97481525
8893,0.00000853,0.97482377
8894,0.00000852,0.97483230
8895,0.00000852,0.97484082
8896,0.00000852,0.97484934
8897,0.00000852,0.97485786
8898,0.00000852,0.97486637
8899,0.00000851,0.97487489
8900,0.00000851,0.97488340
8901,0.00000851,0.97489191
8902,0.00000851,0.97490042
8903,0.00000851,0.97490892
8904,0.00000850,0.97491743
8905,0.00000850,0.97492593
8906,0.00000850,0.97493442
8907,0.00000850,0.97494292
8908,0.00000850,0.97495142
8909,0.00000849,0.97495991
8910,0.00000849,0.97496840
8911,0.00000849,0.97497688
8912,0.00000849,0.97498537
8913,0.00000849,0.97499386
8914,0.00000848,0.97500234
8915,0.00000848,0.97501082
8916,0.00000848,0.97501930
8917,0.00000848,0.97502778
8918,0.00000848,0.97503625
8919,0.00000847,0.97504472
8920,0.00000847,0.97505320
8921,0.00000847,0.97506166
8922,0.00000847,0.97507013
8923,0.00000846,0.97507859
8924,0.00000846,0.97508705
8925,0.00000846,0.97509551
8926,0.00000846,0.97510397
8927,0.00000846,0.97511243
8928,0.00000846,0.97512088
8929,0.00000845,0.97512933
8930,0.00000845,0.97513778
8931,0.00000845,0.97514623
8932,0.00000845,0.97515468
8933,0.00000844,0.97516312
8934,0.00000844,0.97517156
8935,0.00000844,0.97518000
8936,0.00000844,0.97518844
8937,0.00000844,0.97519688
8938,0.00000844,0.97520531
8939,0.00000843,0.97521375
8940,0.00000843,0.97522218
8941,0.00000843,0.97523060
8942,0.00000843,0.97523903
8943,0.00000842,0.97524745
8944,0.00000842,0.97525587
8945,0.00000842,0.97526429
8946,0.00000842,0.97527271
8947,0.00000842,0.97528113
8948,0.00000841,0.97528954
8949,0.00000841,0.97529795
8950,0.00000841,0.97530636
8951,0.00000841,0.97531477
8952,0.00000840,0.97532317
8953,0.00000840,0.97533158
8954,0.00000840,0.97533998
8955,0.00000840,0.97534838
8956,0.00000840,0.97535677
8957,0.00000840,0.97536517
8958,0.00000839,0.97537356
8959,0.00000839,0.97538195
8960,0.00000839,0.97539034
8961,0.00000839,0.97539873
8962,0.00000838,0.97540711
8963,0.00000838,0.97541549
8964,0.00000838,0.97542387
8965,0.00000838,0.97543225
8966,0.00000838,0.97544063
8967,0.00000837,0.97544900
8968,0.00000837,0.97545738
8969,0.00000837,0.97546575
8970,0.00000837,0.97547412
8971,0.00000837,0.97548249
8972,0.00000837,0.97549085
8973,0.00000836,0.97549921
8974,0.00000836,0.97550757
8975,0.00000836,0.97551593
8976,0.00000836,0.97552429
8977,0.00000836,0.97553265
8978,0.00000835,0.97554100
8979,0.00000835,0.97554935
8980,0.00000835,0.97555770
8981,0.00000835,0.97556604
8982,0.00000835,0.97557439
8983,0.00000834,0.97558273
8984,0.00000834,0.97559107
8985,0.00000834,0.97559941
8986,0.00000834,0.97560775
8987,0.00000833,0.97561608
8988,0.00000833,0.97562441
8989,0.00000833,0.97563274
8990,0.00000833,0.97564107
8991,0.00000832,0.97564939
8992,0.00000832,0.97565772
8993,0.00000832,0.97566604
8994,0.00000832,0.97567436
8995,0.00000832,0.97568268
8996,0.00000832,0.97569100
8997,0.00000831,0.97569931
8998,0.00000831,0.97570762
8999,0.00000831,0.97571593
9000,0.00000831,0.97572424
9001,0.00000831,0.97573254
9002,0.00000830,0.97574085
9003,0.00000830,0.97574915
9004,0.00000830,0.97575745
9005,0.00000830,0.97576575
9006,0.00000830,0.97577404
9007,0.00000829,0.97578234
9008,0.00000829,0.97579062
9009,0.00000829,0.97579891
9010,0.00000829,0.97580720
9011,0.00000829,0.97581549
9012,0.00000828,0.97582377
9013,0.00000828,0.97583205
9014,0.00000828,0.97584033
9015,0.00000828,0.97584861
9016,0.00000828,0.97585689
9017,0.00000827,0.97586516
9018,0.00000827,0.97587343
9019,0.00000827,0.97588170
9020,0.00000827,0.97588997
9021,0.00000827,0.97589824
9022,0.00000827,0.97590650
9023,0.00000826,0.97591476
9024,0.00000826,0.97592302
9025,0.00000826,0.97593128
9026,0.00000826,0.97593954
9027,0.00000825,0.97594779
9028,0.00000825,0.97595605
9029,0.00000825,0.97596430
9030,0.00000825,0.97597255
9031,0.00000825,0.97598079
9032,0.00000824,0.97598904
9033,0.00000824,0.97599728
9034,0.00000824,0.97600552
9035,0.00000824,0.97601376
9036,0.00000823,0.97602199
9037,0.00000823,0.97603022
9038,0.00000823,0.97603845
9039,0.00000823,0.97604668
9040,0.00000823,0.97605490
9041,0.00000822,0.97606313
9042,0.00000822,0.97607135
9043,0.00000822,0.97607957
9044,0.00000822,0.97608779
9045,0.00000822,0.97609601
9046,0.00000821,0.97610422
9047,0.00000821,0.97611243
9048,0.00000821,0.97612064
9049,0.00000821,0.97612885
9050,0.00000821,0.97613706
9051,0.00000821,0.97614526
9052,0.00000820,0.97615346
9053,0.00000820,0.97616166
9054,0.00000820,0.97616986
9055,0.00000819,0.97617805
9056,0.00000819,0.97618625
9057,0.00000819,0.97619444
9058,0.00000819,0.97620263
9059,0.00000819,0.97621081
9060,0.00000819,0.97621900
9061,0.00000818,0.97622718
9062,0.00000818,0.97623537
9063,0.00000818,0.97624355
9064,0.00000818,0.97625173
9065,0.00000817,0.97625990
9066,0.00000817,0.97626807
9067,0.00000817,0.97627625
9068,0.00000817,0.97628441
9069,0.00000816,0.97629258
9070,0.00000816,0.97630074
9071,0.00000816,0.97630890
9072,0.00000816,0.97631706
9073,0.00000816,0.97632522
9074,0.00000816,0.97633338
9075,0.00000816,0.97634153
9076,0.00000815,0.97634969
9077,0.00000815,0.97635784
9078,0.00000815,0.97636599
9079,0.00000815,0.97637414
9080,0.00000815,0.97638228
9081,0.00000814,0.97639043
9082,0.00000814,0.97639857
9083,0.00000814,0.97640671
9084,0.00000814,0.97641485
9085,0.00000814,0.97642298
9086,0.00000813,0.97643112
9087,0.00000813,0.97643925
9088,0.00000813,0.97644738
9089,0.00000813,0.97645551
9090,0.00000813,0.97646364
9091,0.00000813,0.97647177
9092,0.00000812,0.97647989
9093,0.00000812,0.97648801
9094,0.00000812,0.97649613
9095,0.00000812,0.97650425
9096,0.00000812,0.97651237
9097,0.00000811,0.97652048
9098,0.00000811,0.97652859
9099,0.00000811,0.97653670
9100,0.00000811,0.97654480
9101,0.00000810,0.97655291
9102,0.00000810,0.97656101
9103,0.00000810,0.97656911
9104,0.00000810,0.97657721
9105,0.00000809,0.97658530
9106,0.00000809,0.97659339
9107,0.00000809,0.97660149
9108,0.00000809,0.97660958
9109,0.00000809,0.97661767
9110,0.00000809,0.97662575
9111,0.00000808,0.97663383
9112,0.00000808,0.97664192
9113,0.00000808,0.97665000
9114,0.00000808,0.97665808
9115,0.00000808,0.97666615
9116,0.00000808,0.97667423
9117,0.00000807,0.97668231
9118,0.00000807,0.97669038
9119,0.00000807,0.97669845
9120,0.00000807,0.97670651
9121,0.00000807,0.97671458
9122,0.00000806,0.97672264
9123,0.00000806,0.97673071
9124,0.00000806,0.97673876
9125,0.00000806,0.97674682
9126,0.00000805,0.97675487
9127,0.00000805,0.97676293
9128,0.00000805,0.97677098
9129,0.00000805,0.97677903
9130,0.00000805,0.97678707
9131,0.00000804,0.97679512
9132,0.00000804,0.97680316
9133,0.00000804,0.97681120
9134,0.00000804,0.97681924
9135,0.00000804,0.97682727
9136,0.00000803,0.97683531
9137,0.00000803,0.97684334
9138,0.00000803,0.97685137
9139,0.00000803,0.97685940
9140,0.00000803,0.97686742
9141,0.00000802,0.97687545
9142,0.00000802,0.97688347
9143,0.00000802,0.97689149
9144,0.00000802,0.97689951
9145,0.00000802,0.97690752
9146,0.00000802,0.97691554
9147,0.00000801,0.97692355
9148,0.00000801,0.97693156
9149,0.00000801,0.97693957
9150,0.00000801,0.97694758
9151,0.00000801,0.97695558
9152,0.00000800,0.97696359
9153,0.00000800,0.97697159
9154,0.00000800,0.97697959
9155,0.00000800,0.97698758
9156,0.00000800,0.97699558
9157,0.00000799,0.97700357
9158,0.00000799,0.97701156
9159,0.00000799,0.97701955
9160,0.00000799,0.97702754
9161,0.00000798,0.97703553
9162,0.00000798,0.97704351
9163,0.00000798,0.97705149
9164,0.00000798,0.97705947
9165,0.00000798,0.97706745
9166,0.00000798,0.97707542
9167,0.00000797,0.97708340
9168,0.00000797,0.97709137
9169,0.00000797,0.97709934
9170,0.00000797,0.97710731
9171,0.00000797,0.97711528
9172,0.00000797,0.97712324
9173,0.00000796,0.97713121
9174,0.00000796,0.97713917
9175,0.00000796,0.97714713
9176,0.00000795,0.97715508
9177,0.00000795,0.97716304
9178,0.00000795,0.97717099
9179,0.00000795,0.97717894
9180,0.00000795,0.97718689
9181,0.00000795,0.97719483
9182,0.00000795,0.97720278
9183,0.00000794,0.97721072
9184,0.00000794,0.97721866
9185,0.00000794,0.97722660
9186,0.00000794,0.97723454
9187,0.00000793,0.97724247
9188,0.00000793,0.97725041
9189,0.00000793,0.97725834
9190,0.00000793,0.97726627
9191,0.00000793,0.97727419
9192,0.00000792,0.97728212
9193,0.00000792,0.97729004
9194,0.00000792,0.97729796
9195,0.00000792,0.97730588
9196,0.00000792,0.97731380
9197,0.00000792,0.97732171
9198,0.00000791,0.97732962
9199,0.00000791,0.97733753
9200,0.00000791,0.97734544
9201,0.00000791,0.97735335
9202,0.00000790,0.97736125
9203,0.00000790,0.97736915
9204,0.00000790,0.97737705
9205,0.00000790,0.97738495
9206,0.00000790,0.97739285
9207,0.00000789,0.97740074
9208,0.00000789,0.97740863
9209,0.00000789,0.97741652
9210,0.00000789,0.97742441
9211,0.00000789,0.97743229
9212,0.00000788,0.97744018
9213,0.00000788,0.97744806
9214,0.00000788,0.97745594
9215,0.00000788,0.97746382
9216,0.00000788,0.97747170
9217,0.00000788,0.97747957
9218,0.00000787,0.97748745
9219,0.00000787,0.97749532
9220,0.00000787,0.97750319
9221,0.00000787,0.97751106
9222,0.00000787,0.97751892
9223,0.00000786,0.97752678
9224,0.00000786,0.97753465
9225,0.00000786,0.97754251
9226,0.00000786,0.97755037
9227,0.00000786,0.97755822
9228,0.00000785,0.97756608
9229,0.00000785,0.97757393
9230,0.00000785,0.97758178
9231,0.00000785,0.97758962
9232,0.00000785,0.97759747
9233,0.00000784,0.97760531
9234,0.00000784,0.97761315
9235,0.00000784,0.97762099
9236,0.00000784,0.97762883
9237,0.00000784,0.97763666
9238,0.00000783,0.97764450
9239,0.00000783,0.97765233
9240,0.00000783,0.97766016
9241,0.00000783,0.97766799
9242,0.00000783,0.97767581
9243,0.00000782,0.97768364
9244,0.00000782,0.97769146
9245,0.00000782,0.97769928
9246,0.00000782,0.97770710
9247,0.00000782,0.97771492
9248,0.00000782,0.97772273
9249,0.00000781,0.97773055
9250,0.00000781,0.97773836
9251,0.00000781,0.97774617
9252,0.00000781,0.97775397
9253,0.00000780,0.97776178
9254,0.00000780,0.97776958
9255,0.00000780,0.97777739
9256,0.00000780,0.97778518
9257,0.00000780,0.97779298
9258,0.00000779,0.97780078
9259,0.00000779,0.97780857
9260,0.00000779,0.97781636
9261,0.00000779,0.97782415
9262,0.00000779,0.97783194
9263,0.00000778,0.97783972
9264,0.00000778,0.97784750
9265,0.00000778,0.97785528
9266,0.00000778,0.97786306
9267,0.00000778,0.97787084
9268,0.00000778,0.97787862
9269,0.00000777,0.97788639
9270,0.00000777,0.97789416
9271,0.00000777,0.97790193
9272,0.00000777,0.97790970
9273,0.00000777,0.97791746
9274,0.00000777,0.97792523
9275,0.00000776,0.97793299
9276,0.00000776,0.97794075
9277,0.00000776,0.97794851
9278,0.00000776,0.97795627
9279,0.00000776,0.97796403
9280,0.00000775,0.97797178
9281,0.00000775,0.97797953
9282,0.00000775,0.97798728
9283,0.00000775,0.97799503
9284,0.00000775,0.97800278
9285,0.00000775,0.97801052
9286,0.00000774,0.97801827
9287,0.00000774,0.97802601
9288,0.00000774,0.97803375
9289,0.00000774,0.97804149
9290,0.00000774,0.97804922
9291,0.00000773,0.97805695
9292,0.00000773,0.97806468
9293,0.00000773,0.97807241
9294,0.00000773,0.97808014
9295,0.00000773,0.97808787
9296,0.00000773,0.97809559
9297,0.00000772,0.97810332
9298,0.00000772,0.97811104
9299,0.00000772,0.97811876
9300,0.00000772,0.97812647
9301,0.00000772,0.97813419
9302,0.00000771,0.97814190
9303,0.00000771,0.97814961
9304,0.00000771,0.97815732
9305,0.00000771,0.97816503
9306,0.00000771,0.97817273
9307,0.00000770,0.97818043
9308,0.00000770,0.97818813
9309,0.00000770,0.97819583
9310,0.00000770,0.97820353
9311,0.00000770,0.97821123
9312,0.00000769,0.97821892
9313,0.00000769,0.97822662
9314,0.00000769,0.97823431
9315,0.00000769,0.97824200
9316,0.00000769,0.97824968
9317,0.00000768,0.97825737
9318,0.00000768,0.97826505
9319,0.00000768,0.97827273
9320,0.00000768,0.97828041
9321,0.00000768,0.97828809
9322,0.00000768,0.97829576
9323,0.00000767,0.97830344
9324,0.00000767,0.97831111
9325,0.00000767,0.97831878
9326,0.00000767,0.97832644
9327,0.00000766,0.97833411
9328,0.00000766,0.97834177
9329,0.00000766,0.97834943
9330,0.00000766,0.97835709
9331,0.00000766,0.97836475
9332,0.00000766,0.97837240
9333,0.00000765,0.97838005
9334,0.00000765,0.97838771
9335,0.00000765,0.97839536
9336,0.00000765,0.97840301
9337,0.00000765,0.97841065
9338,0.00000765,0.97841830
9339,0.00000764,0.97842594
9340,0.00000764,0.97843358
9341,0.00000764,0.97844122
9342,0.00000764,0.97844886
9343,0.00000763,0.97845649
9344,0.00000763,0.97846412
9345,0.00000763,0.97847175
9346,0.00000763,0.97847938
9347,0.00000763,0.97848701
9348,0.00000763,0.97849464
9349,0.00000762,0.97850226
9350,0.00000762,0.97850988
9351,0.00000762,0.97851750
9352,0.00000762,0.97852512
9353,0.00000762,0.97853274
9354,0.00000761,0.97854035
9355,0.00000761,0.97854797
9356,0.00000761,0.97855558
9357,0.00000761,0.97856319
9358,0.00000761,0.97857080
9359,0.00000761,0.97857840
9360,0.00000761,0.97858601
9361,0.00000760,0.97859361
9362,0.00000760,0.97860121
9363,0.00000760,0.97860881
9364,0.00000760,0.97861640
9365,0.00000759,0.97862400
9366,0.00000759,0.97863159
9367,0.00000759,0.97863918
9368,0.00000759,0.97864677
9369,0.00000759,0.97865435
9370,0.00000758,0.97866194
9371,0.00000758,0.97866952
9372,0.00000758,0.97867710
9373,0.00000758,0.97868468
9374,0.00000758,0.97869225
9375,0.00000758,0.97869983
9376,0.00000757,0.97870740
9377,0.00000757,0.97871497
9378,0.00000757,0.97872254
9379,0.00000757,0.97873010
9380,0.00000756,0.97873767
9381,0.00000756,0.97874523
9382,0.00000756,0.97875279
9383,0.00000756,0.97876035
9384,0.00000756,0.97876790
9385,0.00000755,0.97877546
9386,0.00000755,0.97878301
9387,0.00000755,0.97879056
9388,0.00000755,0.97879812
9389,0.00000755,0.97880567
9390,0.00000755,0.97881321
9391,0.00000755,0.97882076
9392,0.00000755,0.97882831
9393,0.00000754,0.97883585
9394,0.00000754,0.97884339
9395,0.00000754,0.97885093
9396,0.00000754,0.97885847
9397,0.00000754,0.97886600
9398,0.00000753,0.97887354
9399,0.00000753,0.97888107
9400,0.00000753,0.97888860
9401,0.00000753,0.97889613
9402,0.00000753,0.97890365
9403,0.00000753,0.97891118
9404,0.00000752,0.97891870
9405,0.00000752,0.97892622
9406,0.00000752,0.97893374
9407,0.00000752,0.97894125
9408,0.00000751,0.97894877
9409,0.00000751,0.97895628
9410,0.00000751,0.97896380
9411,0.00000751,0.97897131
9412,0.00000751,0.97897881
9413,0.00000750,0.97898632
9414,0.00000750,0.97899382
9415,0.00000750,0.97900132
9416,0.00000750,0.97900882
9417,0.00000750,0.97901632
9418,0.00000749,0.97902381
9419,0.00000749,0.97903130
9420,0.00000749,0.97903879
9421,0.00000749,0.97904628
9422,0.00000749,0.97905377
9423,0.00000749,0.97906126
9424,0.00000749,0.97906875
9425,0.00000748,0.97907623
9426,0.00000748,0.97908371
9427,0.00000748,0.97909119
9428,0.00000748,0.97909867
9429,0.00000748,0.97910614
9430,0.00000747,0.97911362
9431,0.00000747,0.97912109
9432,0.00000747,0.97912856
9433,0.00000747,0.97913603
9434,0.00000747,0.97914350
9435,0.00000747,0.97915096
9436,0.00000746,0.97915842
9437,0.00000746,0.97916588
9438,0.00000746,0.97917334
9439,0.00000746,0.97918080
9440,0.00000746,0.97918826
9441,0.00000745,0.97919571
9442,0.00000745,0.97920316
9443,0.00000745,0.97921061
9444,0.00000745,0.97921806
9445,0.00000745,0.97922551
9446,0.00000744,0.97923295
9447,0.00000744,0.97924039
9448,0.00000744,0.97924784
9449,0.00000744,0.97925528
9450,0.00000744,0.97926271
9451,0.00000744,0.97927015
9452,0.00000743,0.97927759
9453,0.00000743,0.97928502
9454,0.00000743,0.97929245
9455,0.00000743,0.97929988
9456,0.00000743,0.97930730
9457,0.00000743,0.97931473
9458,0.00000742,0.97932215
9459,0.00000742,0.97932957
9460,0.00000742,0.97933699
9461,0.00000742,0.97934441
9462,0.00000742,0.97935183
9463,0.00000742,0.97935924
9464,0.00000741,0.97936666
9465,0.00000741,0.97937407
9466,0.00000741,0.97938148
9467,0.00000741,0.97938889
9468,0.00000740,0.97939629
9469,0.00000740,0.97940370
9470,0.00000740,0.97941110
9471,0.00000740,0.97941850
9472,0.00000740,0.97942589
9473,0.00000739,0.97943329
9474,0.00000739,0.97944068
9475,0.00000739,0.97944807
9476,0.00000739,0.97945546
9477,0.00000739,0.97946285
9478,0.00000739,0.97947024
9479,0.00000738,0.97947762
9480,0.00000738,0.97948501
9481,0.00000738,0.97949239
9482,0.00000738,0.97949977
9483,0.00000738,0.97950714
9484,0.00000738,0.97951452
9485,0.00000737,0.97952189
9486,0.00000737,0.97952926
9487,0.00000737,0.97953663
9488,0.00000737,0.97954400
9489,0.00000737,0.97955137
9490,0.00000736,0.97955873
9491,0.00000736,0.97956610
9492,0.00000736,0.97957346
9493,0.00000736,0.97958082
9494,0.00000736,0.97958817
9495,0.00000736,0.97959553
9496,0.00000735,0.97960289
9497,0.00000735,0.97961024
9498,0.00000735,0.97961759
9499,0.00000735,0.97962494
9500,0.00000735,0.97963229
9501,0.00000735,0.97963964
9502,0.00000735,0.97964698
9503,0.00000734,0.97965433
9504,0.00000734,0.97966167
9505,0.00000734,0.97966900
9506,0.00000734,0.97967634
9507,0.00000733,0.97968367
9508,0.00000733,0.97969101
9509,0.00000733,0.97969834
9510,0.00000733,0.97970567
9511,0.00000733,0.97971300
9512,0.00000733,0.97972032
9513,0.00000732,0.97972765
9514,0.00000732,0.97973497
9515,0.00000732,0.97974229
9516,0.00000732,0.97974960
9517,0.00000731,0.97975692
9518,0.00000731,0.97976423
9519,0.00000731,0.97977154
9520,0.00000731,0.97977885
9521,0.00000731,0.97978616
9522,0.00000731,0.97979347
9523,0.00000730,0.97980077
9524,0.00000730,0.97980807
9525,0.00000730,0.97981538
9526,0.00000730,0.97982268
9527,0.00000730,0.97982997
9528,0.00000730,0.97983727
9529,0.00000729,0.97984457
9530,0.00000729,0.97985186
9531,0.00000729,0.97985915
9532,0.00000729,0.97986644
9533,0.00000729,0.97987372
9534,0.00000728,0.97988101
9535,0.00000728,0.97988829
9536,0.00000728,0.97989557
9537,0.00000728,0.97990285
9538,0.00000728,0.97991012
9539,0.00000727,0.97991740
9540,0.00000727,0.97992467
9541,0.00000727,0.97993194
9542,0.00000727,0.97993921
9543,0.00000727,0.97994648
9544,0.00000727,0.97995374
9545,0.00000726,0.97996100
9546,0.00000726,0.97996826
9547,0.00000726,0.97997552
9548,0.00000726,0.97998278
9549,0.00000726,0.97999004
9550,0.00000726,0.97999729
9551,0.00000725,0.98000455
9552,0.00000725,0.98001180
9553,0.00000725,0.98001905
9554,0.00000725,0.98002630
9555,0.00000725,0.98003354
9556,0.00000724,0.98004079
9557,0.00000724,0.98004803
9558,0.00000724,0.98005527
9559,0.00000724,0.98006251
9560,0.00000724,0.98006974
9561,0.00000724,0.98007698
9562,0.00000723,0.98008421
9563,0.00000723,0.98009145
9564,0.00000723,0.98009868
9565,0.00000723,0.98010591
9566,0.00000723,0.98011313
9567,0.00000723,0.98012036
9568,0.00000722,0.98012758
9569,0.00000722,0.98013480
9570,0.00000722,0.98014202
9571,0.00000722,0.98014924
9572,0.00000721,0.98015645
9573,0.00000721,0.98016366
9574,0.00000721,0.98017087
9575,0.00000721,0.98017808
9576,0.00000721,0.98018529
9577,0.00000721,0.98019250
9578,0.00000720,0.98019970
9579,0.00000720,0.98020690
9580,0.00000720,0.98021411
9581,0.00000720,0.98022130
9582,0.00000720,0.98022850
9583,0.00000720,0.98023570
9584,0.00000720,0.98024290
9585,0.00000719,0.98025009
9586,0.00000719,0.98025728
9587,0.00000719,0.98026447
9588,0.00000719,0.98027166
9589,0.00000719,0.98027885
9590,0.00000719,0.98028603
9591,0.00000718,0.98029322
9592,0.00000718,0.98030040
9593,0.00000718,0.98030758
9594,0.00000718,0.98031476
9595,0.00000718,0.98032193
9596,0.00000717,0.98032910
9597,0.00000717,0.98033628
9598,0.00000717,0.98034345
9599,0.00000717,0.98035061
9600,0.00000717,0.98035778
9601,0.00000716,0.98036494
9602,0.00000716,0.98037211
9603,0.00000716,0.98037927
9604,0.00000716,0.98038643
9605,0.00000716,0.98039359
9606,0.00000716,0.98040074
9607,0.00000715,0.98040790
9608,0.00000715,0.98041505
9609,0.00000715,0.98042220
9610,0.00000715,0.98042935
9611,0.00000715,0.98043650
9612,0.00000715,0.98044364
9613,0.00000714,0.98045079
9614,0.00000714,0.98045793
9615,0.00000714,0.98046507
9616,0.00000714,0.98047220
9617,0.00000714,0.98047934
9618,0.00000713,0.98048647
9619,0.00000713,0.98049361
9620,0.00000713,0.98050074
9621,0.00000713,0.98050787
9622,0.00000713,0.98051499
9623,0.00000712,0.98052212
9624,0.00000712,0.98052924
9625,0.00000712,0.98053636
9626,0.00000712,0.98054348
9627,0.00000712,0.98055060
9628,0.00000712,0.98055772
9629,0.00000712,0.98056483
9630,0.00000711,0.98057195
9631,0.00000711,0.98057906
9632,0.00000711,0.98058617
9633,0.00000711,0.98059328
9634,0.00000711,0.98060039
9635,0.00000711,0.98060750
9636,0.00000710,0.98061460
9637,0.00000710,0.98062170
9638,0.00000710,0.98062880
9639,0.00000710,0.98063590
9640,0.00000710,0.98064299
9641,0.00000709,0.98065009
9642,0.00000709,0.98065718
9643,0.00000709,0.98066427
9644,0.00000709,0.98067136
9645,0.00000709,0.98067845
9646,0.00000708,0.98068553
9647,0.00000708,0.98069262
9648,0.00000708,0.98069970
9649,0.00000708,0.98070678
9650,0.00000708,0.98071386
9651,0.00000708,0.98072094
9652,0.00000708,0.98072802
9653,0.00000707,0.98073509
9654,0.00000707,0.98074216
9655,0.00000707,0.98074924
9656,0.00000707,0.98075630
9657,0.00000707,0.98076337
9658,0.00000707,0.98077044
9659,0.00000706,0.98077750
9660,0.00000706,0.98078456
9661,0.00000706,0.98079162
9662,0.00000706,0.98079867
9663,0.00000706,0.98080573
9664,0.00000705,0.98081278
9665,0.00000705,0.98081983
9666,0.00000705,0.98082688
9667,0.00000705,0.98083393
9668,0.00000705,0.98084098
9669,0.00000704,0.98084802
9670,0.00000704,0.98085506
9671,0.00000704,0.98086210
9672,0.00000704,0.98086914
9673,0.00000704,0.98087618
9674,0.00000704,0.98088322
9675,0.00000703,0.98089025
9676,0.00000703,0.98089729
9677,0.00000703,0.98090432
9678,0.00000703,0.98091135
9679,0.00000703,0.98091838
9680,0.00000703,0.98092541
9681,0.00000703,0.98093244
9682,0.00000702,0.98093946
9683,0.00000702,0.98094648
9684,0.00000702,0.98095350
9685,0.00000702,0.98096052
9686,0.00000702,0.98096754
9687,0.00000702,0.98097456
9688,0.00000701,0.98098157
9689,0.00000701,0.98098858
9690,0.00000701,0.98099559
9691,0.00000701,0.98100260
9692,0.00000701,0.98100961
9693,0.00000701,0.98101661
9694,0.00000700,0.98102362
9695,0.00000700,0.98103062
9696,0.00000700,0.98103762
9697,0.00000700,0.98104462
9698,0.00000700,0.98105161
9699,0.00000699,0.98105861
9700,0.00000699,0.98106560
9701,0.00000699,0.98107259
9702,0.00000699,0.98107958
9703,0.00000699,0.98108657
9704,0.00000699,0.98109355
9705,0.00000698,0.98110053
9706,0.00000698,0.98110752
9707,0.00000698,0.98111450
9708,0.00000698,0.98112148
9709,0.00000698,0.98112845
9710,0.00000698,0.98113543
9711,0.00000697,0.98114240
9712,0.00000697,0.98114938
9713,0.00000697,0.98115635
9714,0.00000697,0.98116331
9715,0.00000697,0.98117028
9716,0.00000696,0.98117724
9717,0.00000696,0.98118421
9718,0.00000696,0.98119117
9719,0.00000696,0.98119813
9720,0.00000696,0.98120508
9721,0.00000696,0.98121204
9722,0.00000696,0.98121900
9723,0.00000695,0.98122595
9724,0.00000695,0.98123290
9725,0.00000695,0.98123985
9726,0.00000695,0.98124680
9727,0.00000694,0.98125374
9728,0.00000694,0.98126069
9729,0.00000694,0.98126763
9730,0.00000694,0.98127457
9731,0.00000694,0.98128151
9732,0.00000694,0.98128845
9733,0.00000694,0.98129538
9734,0.00000693,0.98130231
9735,0.00000693,0.98130925
9736,0.00000693,0.98131618
9737,0.00000693,0.98132310
9738,0.00000693,0.98133003
9739,0.00000692,0.98133695
9740,0.00000692,0.98134388
9741,0.00000692,0.98135080
9742,0.00000692,0.98135772
9743,0.00000692,0.98136463
9744,0.00000692,0.98137155
9745,0.00000691,0.98137847
9746,0.00000691,0.98138538
9747,0.00000691,0.98139229
9748,0.00000691,0.98139920
9749,0.00000691,0.98140611
9750,0.00000691,0.98141302
9751,0.00000690,0.98141992
9752,0.00000690,0.98142682
9753,0.00000690,0.98143373
9754,0.00000690,0.98144063
9755,0.00000690,0.98144752
9756,0.00000690,0.98145442
9757,0.00000689,0.98146131
9758,0.00000689,0.98146821
9759,0.00000689,0.98147510
9760,0.00000689,0.98148199
9761,0.00000689,0.98148888
9762,0.00000689,0.98149577
9763,0.00000689,0.98150265
9764,0.00000688,0.98150954
9765,0.00000688,0.98151642
9766,0.00000688,0.98152330
9767,0.00000688,0.98153018
9768,0.00000688,0.98153705
9769,0.00000687,0.98154393
9770,0.00000687,0.98155080
9771,0.00000687,0.98155767
9772,0.00000687,0.98156454
9773,0.00000687,0.98157141
9774,0.00000687,0.98157827
9775,0.00000686,0.98158514
9776,0.00000686,0.98159200
9777,0.00000686,0.98159886
9778,0.00000686,0.98160572
9779,0.00000686,0.98161257
9780,0.00000686,0.98161943
9781,0.00000685,0.98162628
9782,0.00000685,0.98163313
9783,0.00000685,0.98163998
9784,0.00000685,0.98164683
9785,0.00000685,0.98165367
9786,0.00000684,0.98166052
9787,0.00000684,0.98166736
9788,0.00000684,0.98167420
9789,0.00000684,0.98168104
9790,0.00000684,0.98168788
9791,0.00000684,0.98169472
9792,0.00000683,0.98170155
9793,0.00000683,0.98170838
9794,0.00000683,0.98171521
9795,0.00000683,0.98172204
9796,0.00000683,0.98172887
9797,0.00000683,0.98173569
9798,0.00000682,0.98174252
9799,0.00000682,0.98174934
9800,0.00000682,0.98175616
9801,0.00000682,0.98176298
9802,0.00000682,0.98176980
9803,0.00000682,0.98177661
9804,0.00000681,0.98178343
9805,0.00000681,0.98179024
9806,0.00000681,0.98179705
9807,0.00000681,0.98180386
9808,0.00000681,0.98181067
9809,0.00000681,0.98181748
9810,0.00000680,0.98182428
9811,0.00000680,0.98183108
9812,0.00000680,0.98183788
9813,0.00000680,0.98184468
9814,0.00000680,0.98185148
9815,0.00000680,0.98185828
9816,0.00000680,0.98186507
9817,0.00000679,0.98187187
9818,0.00000679,0.98187866
9819,0.00000679,0.98188545
9820,0.00000679,0.98189223
9821,0.00000678,0.98189902
9822,0.00000678,0.98190580
9823,0.00000678,0.98191258
9824,0.00000678,0.98191936
9825,0.00000678,0.98192614
9826,0.00000678,0.98193291
9827,0.00000677,0.98193969
9828,0.00000677,0.98194646
9829,0.00000677,0.98195323
9830,0.00000677,0.98196000
9831,0.00000677,0.98196677
9832,0.00000677,0.98197354
9833,0.00000676,0.98198030
9834,0.00000676,0.98198706
9835,0.00000676,0.98199382
9836,0.00000676,0.98200058
9837,0.00000676,0.98200734
9838,0.00000676,0.98201410
9839,0.00000675,0.98202085
9840,0.00000675,0.98202761
9841,0.00000675,0.98203436
9842,0.00000675,0.98204111
9843,0.00000675,0.98204785
9844,0.00000675,0.98205460
9845,0.00000674,0.98206134
9846,0.00000674,0.98206808
9847,0.00000674,0.98207483
9848,0.00000674,0.98208156
9849,0.00000674,0.98208830
9850,0.00000674,0.98209504
9851,0.00000674,0.98210178
9852,0.00000673,0.98210851
9853,0.00000673,0.98211524
9854,0.00000673,0.98212197
9855,0.00000673,0.98212870
9856,0.00000673,0.98213542
9857,0.00000672,0.98214214
9858,0.00000672,0.98214887
9859,0.00000672,0.98215558
9860,0.00000672,0.98216230
9861,0.00000672,0.98216902
9862,0.00000672,0.98217574
9863,0.00000671,0.98218245
9864,0.00000671,0.98218916
9865,0.00000671,0.98219587
9866,0.00000671,0.98220258
9867,0.00000670,0.98220928
9868,0.00000670,0.98221599
9869,0.00000670,0.98222269
9870,0.00000670,0.98222939
9871,0.00000670,0.98223609
9872,0.00000670,0.98224279
9873,0.00000669,0.98224948
9874,0.00000669,0.98225618
9875,0.00000669,0.98226287
9876,0.00000669,0.98226956
9877,0.00000669,0.98227625
9878,0.00000669,0.98228294
9879,0.00000669,0.98228963
9880,0.00000669,0.98229631
9881,0.00000668,0.98230300
9882,0.00000668,0.98230968
9883,0.00000668,0.98231636
9884,0.00000668,0.98232304
9885,0.00000668,0.98232971
9886,0.00000668,0.98233639
9887,0.00000667,0.98234306
9888,0.00000667,0.98234974
9889,0.00000667,0.98235641
9890,0.00000667,0.98236307
9891,0.00000667,0.98236974
9892,0.00000666,0.98237640
9893,0.00000666,0.98238307
9894,0.00000666,0.98238973
9895,0.00000666,0.98239639
9896,0.00000666,0.98240304
9897,0.00000666,0.98240970
9898,0.00000665,0.98241636
9899,0.00000665,0.98242301
9900,0.00000665,0.98242966
9901,0.00000665,0.98243631
9902,0.00000665,0.98244296
9903,0.00000665,0.98244960
9904,0.00000664,0.98245625
9905,0.00000664,0.98246289
9906,0.00000664,0.98246953
9907,0.00000664,0.98247617
9908,0.00000664,0.98248281
9909,0.00000664,0.98248945
9910,0.00000664,0.98249608
9911,0.00000663,0.98250271
9912,0.00000663,0.98250934
9913,0.00000663,0.98251597
9914,0.00000663,0.98252260
9915,0.00000663,0.98252923
9916,0.00000662,0.98253585
9917,0.00000662,0.98254248
9918,0.00000662,0.98254910
9919,0.00000662,0.98255572
9920,0.00000662,0.98256233
9921,0.00000662,0.98256895
9922,0.00000661,0.98257556
9923,0.00000661,0.98258217
9924,0.00000661,0.98258878
9925,0.00000661,0.98259539
9926,0.00000661,0.98260200
9927,0.00000660,0.98260860
9928,0.00000660,0.98261521
9929,0.00000660,0.98262181
9930,0.00000660,0.98262840
9931,0.00000660,0.98263500
9932,0.00000660,0.98264160
9933,0.00000660,0.98264820
9934,0.00000659,0.98265479
9935,0.00000659,0.98266138
9936,0.00000659,0.98266797
9937,0.00000659,0.98267456
9938,0.00000659,0.98268115
9939,0.00000658,0.98268773
9940,0.00000658,0.98269431
9941,0.00000658,0.98270090
9942,0.00000658,0.98270748
9943,0.00000658,0.98271406
9944,0.00000658,0.98272063
9945,0.00000657,0.98272721
9946,0.00000657,0.98273378
9947,0.00000657,0.98274035
9948,0.00000657,0.98274692
9949,0.00000657,0.98275349
9950,0.00000657,0.98276006
9951,0.00000657,0.98276663
9952,0.00000656,0.98277319
9953,0.00000656,0.98277976
9954,0.00000656,0.98278632
9955,0.00000656,0.98279288
9956,0.00000656,0.98279944
9957,0.00000656,0.98280600
9958,0.00000656,0.98281255
9959,0.00000655,0.98281911
9960,0.00000655,0.98282566
9961,0.00000655,0.98283221
9962,0.00000655,0.98283875
9963,0.00000655,0.98284530
9964,0.00000655,0.98285185
9965,0.00000654,0.98285839
9966,0.00000654,0.98286493
9967,0.00000654,0.98287147
9968,0.00000654,0.98287801
9969,0.00000654,0.98288454
9970,0.00000654,0.98289108
9971,0.00000653,0.98289761
9972,0.00000653,0.98290414
9973,0.00000653,0.98291068
9974,0.00000653,0.98291721
9975,0.00000653,0.98292373
9976,0.00000653,0.98293026
9977,0.00000653,0.98293678
9978,0.00000652,0.98294331
9979,0.00000652,0.98294983
9980,0.00000652,0.98295635
9981,0.00000652,0.98296287
9982,0.00000652,0.98296938
9983,0.00000651,0.98297590
9984,0.00000651,0.98298241
9985,0.00000651,0.98298892
9986,0.00000651,0.98299543
9987,0.00000651,0.98300194
9988,0.00000651,0.98300845
9989,0.00000651,0.98301496
9990,0.00000650,0.98302146
9991,0.00000650,0.98302797
9992,0.00000650,0.98303447
9993,0.00000650,0.98304097
9994,0.00000650,0.98304746
9995,0.00000650,0.98305396
9996,0.00000649,0.98306046
9997,0.00000649,0.98306695
9998,0.00000649,0.98307344
9999,0.00000649,0.98307993
10000,0.00000649,0.98308642
10001,0.00000649,0.98309290
10002,0.00000648,0.98309939
10003,0.00000648,0.98310587
10004,0.00000648,0.98311235
10005,0.00000648,0.98311883
10006,0.00000648,0.98312531
10007,0.00000648,0.98313179
10008,0.00000648,0.98313827
10009,0.00000647,0.98314474
10010,0.00000647,0.98315121
10011,0.00000647,0.98315768
10012,0.00000647,0.98316415
10013,0.00000647,0.98317062
10014,0.00000647,0.98317709
10015,0.00000646,0.98318355
10016,0.00000646,0.98319001
10017,0.00000646,0.98319647
10018,0.00000646,0.98320293
10019,0.00000646,0.98320939
10020,0.00000646,0.98321585
10021,0.00000646,0.98322230
10022,0.00000645,0.98322876
10023,0.00000645,0.98323521
10024,0.00000645,0.98324166
10025,0.00000645,0.98324811
10026,0.00000645,0.98325456
10027,0.00000645,0.98326101
10028,0.00000645,0.98326745
10029,0.00000644,0.98327390
10030,0.00000644,0.98328034
10031,0.00000644,0.98328678
10032,0.00000644,0.98329322
10033,0.00000644,0.98329966
10034,0.00000644,0.98330609
10035,0.00000643,0.98331253
10036,0.00000643,0.98331896
10037,0.00000643,0.98332539
10038,0.00000643,0.98333181
10039,0.00000643,0.98333824
10040,0.00000643,0.98334467
10041,0.00000642,0.98335109
10042,0.00000642,0.98335751
10043,0.00000642,0.98336393
10044,0.00000642,0.98337035
10045,0.00000642,0.98337677
10046,0.00000641,0.98338318
10047,0.00000641,0.98338959
10048,0.00000641,0.98339600
10049,0.00000641,0.98340241
10050,0.00000641,0.98340882
10051,0.00000641,0.98341523
10052,0.00000641,0.98342164
10053,0.00000640,0.98342804
10054,0.00000640,0.98343444
10055,0.00000640,0.98344084
10056,0.00000640,0.98344724
10057,0.00000640,0.98345364
10058,0.00000639,0.98346004
10059,0.00000639,0.98346643
10060,0.00000639,0.98347282
10061,0.00000639,0.98347922
10062,0.00000639,0.98348561
10063,0.00000639,0.98349199
10064,0.00000639,0.98349838
10065,0.00000639,0.98350477
10066,0.00000639,0.98351115
10067,0.00000638,0.98351753
10068,0.00000638,0.98352391
10069,0.00000638,0.98353029
10070,0.00000638,0.98353667
10071,0.00000638,0.98354305
10072,0.00000637,0.98354942
10073,0.00000637,0.98355579
10074,0.00000637,0.98356216
10075,0.00000637,0.98356853
10076,0.00000637,0.98357490
10077,0.00000637,0.98358127
10078,0.00000637,0.98358763
10079,0.00000636,0.98359400
10080,0.00000636,0.98360036
10081,0.00000636,0.98360672
10082,0.00000636,0.98361308
10083,0.00000636,0.98361944
10084,0.00000636,0.98362579
10085,0.00000636,0.98363215
10086,0.00000635,0.98363850
10087,0.00000635,0.98364486
10088,0.00000635,0.98365121
10089,0.00000635,0.98365756
10090,0.00000635,0.98366390
10091,0.00000635,0.98367025
10092,0.00000634,0.98367659
10093,0.00000634,0.98368293
10094,0.00000634,0.98368928
10095,0.00000634,0.98369561
10096,0.00000634,0.98370195
10097,0.00000633,0.98370828
10098,0.00000633,0.98371462
10099,0.00000633,0.98372095
10100,0.00000633,0.98372728
10101,0.00000633,0.98373361
10102,0.00000633,0.98373993
10103,0.00000633,0.98374626
10104,0.00000632,0.98375258
10105,0.00000632,0.98375890
10106,0.00000632,0.98376522
10107,0.00000632,0.98377154
10108,0.00000632,0.98377786
10109,0.00000631,0.98378417
10110,0.00000631,0.98379049
10111,0.00000631,0.98379680
10112,0.00000631,0.98380311
10113,0.00000631,0.98380942
10114,0.00000631,0.98381573
10115,0.00000631,0.98382203
10116,0.00000630,0.98382833
10117,0.00000630,0.98383464
10118,0.00000630,0.98384094
10119,0.00000630,0.98384724
10120,0.00000630,0.98385353
10121,0.00000630,0.98385983
10122,0.00000630,0.98386613
10123,0.00000630,0.98387242
10124,0.00000629,0.98387871
10125,0.00000629,0.98388501
10126,0.00000629,0.98389130
10127,0.00000629,0.98389758
10128,0.00000629,0.98390387
10129,0.00000629,0.98391016
10130,0.00000628,0.98391644
10131,0.00000628,0.98392272
10132,0.00000628,0.98392901
10133,0.00000628,0.98393528
10134,0.00000628,0.98394156
10135,0.00000627,0.98394784
10136,0.00000627,0.98395411
10137,0.00000627,0.98396038
10138,0.00000627,0.98396665
10139,0.00000627,0.98397292
10140,0.00000627,0.98397919
10141,0.00000627,0.98398545
10142,0.00000626,0.98399172
10143,0.00000626,0.98399798
10144,0.00000626,0.98400424
10145,0.00000626,0.98401050
10146,0.00000626,0.98401675
10147,0.00000625,0.98402301
10148,0.00000625,0.98402926
10149,0.00000625,0.98403551
10150,0.00000625,0.98404176
10151,0.00000625,0.98404801
10152,0.00000625,0.98405426
10153,0.00000625,0.98406050
10154,0.00000624,0.98406675
10155,0.00000624,0.98407299
10156,0.00000624,0.98407923
10157,0.00000624,0.98408547
10158,0.00000624,0.98409170
10159,0.00000623,0.98409794
10160,0.00000623,0.98410417
10161,0.00000623,0.98411040
10162,0.00000623,0.98411663
10163,0.00000623,0.98412286
10164,0.00000623,0.98412909
10165,0.00000623,0.98413532
10166,0.00000623,0.98414154
10167,0.00000622,0.98414777
10168,0.00000622,0.98415399
10169,0.00000622,0.98416021
10170,0.00000622,0.98416643
10171,0.00000622,0.98417265
10172,0.00000622,0.98417887
10173,0.00000621,0.98418508
10174,0.00000621,0.98419129
10175,0.00000621,0.98419751
10176,0.00000621,0.98420372
10177,0.00000621,0.98420992
10178,0.00000621,0.98421613
10179,0.00000621,0.98422234
10180,0.00000620,0.98422854
10181,0.00000620,0.98423474
10182,0.00000620,0.98424094
10183,0.00000620,0.98424714
10184,0.00000620,0.98425334
10185,0.00000620,0.98425953
10186,0.00000619,0.98426573
10187,0.00000619,0.98427192
10188,0.00000619,0.98427811
10189,0.00000619,0.98428430
10190,0.00000619,0.98429049
10191,0.00000619,0.98429668
10192,0.00000618,0.98430286
10193,0.00000618,0.98430904
10194,0.00000618,0.98431523
10195,0.00000618,0.98432141
10196,0.00000618,0.98432758
10197,0.00000618,0.98433376
10198,0.00000617,0.98433994
10199,0.00000617,0.98434611
10200,0.00000617,0.98435228
10201,0.00000617,0.98435845
10202,0.00000617,0.98436462
10203,0.00000617,0.98437078
10204,0.00000617,0.98437695
10205,0.00000617,0.98438311
10206,0.00000616,0.98438928
10207,0.00000616,0.98439544
10208,0.00000616,0.98440160
10209,0.00000616,0.98440776
10210,0.00000616,0.98441392
10211,0.00000615,0.98442007
10212,0.00000615,0.98442622
10213,0.00000615,0.98443237
10214,0.00000615,0.98443852
10215,0.00000615,0.98444467
10216,0.00000615,0.98445082
10217,0.00000614,0.98445696
10218,0.00000614,0.98446310
10219,0.00000614,0.98446925
10220,0.00000614,0.98447539
10221,0.00000614,0.98448153
10222,0.00000614,0.98448766
10223,0.00000614,0.98449380
10224,0.00000613,0.98449993
10225,0.00000613,0.98450607
10226,0.00000613,0.98451220
10227,0.00000613,0.98451833
10228,0.00000613,0.98452445
10229,0.00000613,0.98453058
10230,0.00000613,0.98453670
10231,0.00000612,0.98454283
10232,0.00000612,0.98454895
10233,0.00000612,0.98455507
10234,0.00000612,0.98456118
10235,0.00000612,0.98456730
10236,0.00000612,0.98457342
10237,0.00000612,0.98457953
10238,0.00000611,0.98458565
10239,0.00000611,0.98459176
10240,0.00000611,0.98459787
10241,0.00000611,0.98460398
10242,0.00000611,0.98461008
10243,0.00000610,0.98461619
10244,0.00000610,0.98462229
10245,0.00000610,0.98462840
10246,0.00000610,0.98463450
10247,0.00000610,0.98464060
10248,0.00000610,0.98464670
10249,0.00000610,0.98465279
10250,0.00000609,0.98465889
10251,0.00000609,0.98466498
10252,0.00000609,0.98467107
10253,0.00000609,0.98467716
10254,0.00000609,0.98468325
10255,0.00000609,0.98468934
10256,0.00000609,0.98469542
10257,0.00000608,0.98470151
10258,0.00000608,0.98470759
10259,0.00000608,0.98471367
10260,0.00000608,0.98471975
10261,0.00000608,0.98472583
10262,0.00000608,0.98473190
10263,0.00000607,0.98473798
10264,0.00000607,0.98474405
10265,0.00000607,0.98475012
10266,0.00000607,0.98475619
10267,0.00000607,0.98476226
10268,0.00000607,0.98476832
10269,0.00000607,0.98477439
10270,0.00000606,0.98478045
10271,0.00000606,0.98478652
10272,0.00000606,0.98479258
10273,0.00000606,0.98479864
10274,0.00000606,0.98480470
10275,0.00000606,0.98481075
10276,0.00000605,0.98481681
10277,0.00000605,0.98482286
10278,0.00000605,0.98482891
10279,0.00000605,0.98483496
10280,0.00000605,0.98484101
10281,0.00000605,0.98484705
10282,0.00000604,0.98485310
10283,0.00000604,0.98485914
10284,0.00000604,0.98486518
10285,0.00000604,0.98487122
10286,0.00000604,0.98487726
10287,0.00000604,0.98488330
10288,0.00000604,0.98488933
10289,0.00000603,0.98489536
10290,0.00000603,0.98490140
10291,0.00000603,0.98490743
10292,0.00000603,0.98491346
10293,0.00000603,0.98491948
10294,0.00000603,0.98492551
10295,0.00000602,0.98493153
10296,0.00000602,0.98493756
10297,0.00000602,0.98494358
10298,0.00000602,0.98494960
10299,0.00000602,0.98495562
10300,0.00000602,0.98496164
10301,0.00000602,0.98496766
10302,0.00000601,0.98497367
10303,0.00000601,0.98497968
10304,0.00000601,0.98498570
10305,0.00000601,0.98499171
10306,0.00000601,0.98499771
10307,0.00000601,0.98500372
10308,0.00000601,0.98500973
10309,0.00000601,0.98501574
10310,0.00000600,0.98502174
10311,0.00000600,0.98502774
10312,0.00000600,0.98503374
10313,0.00000600,0.98503974
10314,0.00000600,0.98504574
10315,0.00000600,0.98505174
10316,0.00000599,0.98505773
10317,0.00000599,0.98506372
10318,0.00000599,0.98506972
10319,0.00000599,0.98507570
10320,0.00000599,0.98508169
10321,0.00000599,0.98508768
10322,0.00000599,0.98509367
10323,0.00000598,0.98509965
10324,0.00000598,0.98510563
10325,0.00000598,0.98511161
10326,0.00000598,0.98511759
10327,0.00000598,0.98512357
10328,0.00000598,0.98512955
10329,0.00000597,0.98513552
10330,0.00000597,0.98514149
10331,0.00000597,0.98514747
10332,0.00000597,0.98515344
10333,0.00000597,0.98515941
10334,0.00000597,0.98516537
10335,0.00000597,0.98517134
10336,0.00000597,0.98517731
10337,0.00000596,0.98518327
10338,0.00000596,0.98518924
10339,0.00000596,0.98519520
10340,0.00000596,0.98520116
10341,0.00000596,0.98520712
10342,0.00000596,0.98521307
10343,0.00000595,0.98521903
10344,0.00000595,0.98522498
10345,0.00000595,0.98523093
10346,0.00000595,0.98523688
10347,0.00000595,0.98524282
10348,0.00000595,0.98524877
10349,0.00000595,0.98525472
10350,0.00000594,0.98526066
10351,0.00000594,0.98526660
10352,0.00000594,0.98527254
10353,0.00000594,0.98527848
10354,0.00000594,0.98528442
10355,0.00000593,0.98529035
10356,0.00000593,0.98529629
10357,0.00000593,0.98530222
10358,0.00000593,0.98530815
10359,0.00000593,0.98531408
10360,0.00000593,0.98532001
10361,0.00000593,0.98532594
10362,0.00000592,0.98533186
10363,0.00000592,0.98533779
10364,0.00000592,0.98534371
10365,0.00000592,0.98534963
10366,0.00000592,0.98535555
10367,0.00000592,0.98536147
10368,0.00000592,0.98536738
10369,0.00000592,0.98537330
10370,0.00000591,0.98537921
10371,0.00000591,0.98538512
10372,0.00000591,0.98539103
10373,0.00000591,0.98539694
10374,0.00000591,0.98540285
10375,0.00000590,0.98540875
10376,0.00000590,0.98541466
10377,0.00000590,0.98542056
10378,0.00000590,0.98542646
10379,0.00000590,0.98543236
10380,0.00000590,0.98543825
10381,0.00000590,0.98544415
10382,0.00000589,0.98545004
10383,0.00000589,0.98545594
10384,0.00000589,0.98546183
10385,0.00000589,0.98546772
10386,0.00000589,0.98547360
10387,0.00000589,0.98547949
10388,0.00000589,0.98548537
10389,0.00000588,0.98549126
10390,0.00000588,0.98549714
10391,0.00000588,0.98550302
10392,0.00000588,0.98550890
10393,0.00000588,0.98551478
10394,0.00000588,0.98552065
10395,0.00000587,0.98552653
10396,0.00000587,0.98553240
10397,0.00000587,0.98553827
10398,0.00000587,0.98554415
10399,0.00000587,0.98555001
10400,0.00000587,0.98555588
10401,0.00000587,0.98556175
10402,0.00000587,0.98556761
10403,0.00000586,0.98557348
10404,0.00000586,0.98557934
10405,0.00000586,0.98558520
10406,0.00000586,0.98559106
10407,0.00000586,0.98559692
10408,0.00000586,0.98560278
10409,0.00000586,0.98560864
10410,0.00000585,0.98561449
10411,0.00000585,0.98562035
10412,0.00000585,0.98562620
10413,0.00000585,0.98563205
10414,0.00000585,0.98563790
10415,0.00000585,0.98564374
10416,0.00000584,0.98564959
10417,0.00000584,0.98565543
10418,0.00000584,0.98566127
10419,0.00000584,0.98566711
10420,0.00000584,0.98567295
10421,0.00000584,0.98567879
10422,0.00000584,0.98568463
10423,0.00000584,0.98569046
10424,0.00000583,0.98569629
10425,0.00000583,0.98570213
10426,0.00000583,0.98570796
10427,0.00000583,0.98571378
10428,0.00000583,0.98571961
10429,0.00000582,0.98572543
10430,0.00000582,0.98573125
10431,0.00000582,0.98573708
10432,0.00000582,0.98574290
10433,0.00000582,0.98574872
10434,0.00000582,0.98575453
10435,0.00000582,0.98576035
10436,0.00000581,0.98576616
10437,0.00000581,0.98577198
10438,0.00000581,0.98577779
10439,0.00000581,0.98578360
10440,0.00000581,0.98578941
10441,0.00000581,0.98579522
10442,0.00000581,0.98580102
10443,0.00000581,0.98580683
10444,0.00000580,0.98581263
10445,0.00000580,0.98581843
10446,0.00000580,0.98582423
10447,0.00000580,0.98583003
10448,0.00000580,0.98583583
10449,0.00000579,0.98584162
10450,0.00000579,0.98584742
10451,0.00000579,0.98585321
10452,0.00000579,0.98585900
10453,0.00000579,0.98586479
10454,0.00000579,0.98587057
10455,0.00000579,0.98587636
10456,0.00000578,0.98588214
10457,0.00000578,0.98588792
10458,0.00000578,0.98589370
10459,0.00000578,0.98589948
10460,0.00000578,0.98590526
10461,0.00000578,0.98591104
10462,0.00000578,0.98591681
10463,0.00000577,0.98592259
10464,0.00000577,0.98592836
10465,0.00000577,0.98593413
10466,0.00000577,0.98593990
10467,0.00000577,0.98594567
10468,0.00000577,0.98595144
10469,0.00000577,0.98595721
10470,0.00000576,0.98596297
10471,0.00000576,0.98596873
10472,0.00000576,0.98597450
10473,0.00000576,0.98598026
10474,0.00000576,0.98598602
10475,0.00000576,0.98599177
10476,0.00000575,0.98599753
10477,0.00000575,0.98600328
10478,0.00000575,0.98600903
10479,0.00000575,0.98601478
10480,0.00000575,0.98602053
10481,0.00000575,0.98602627
10482,0.00000575,0.98603202
10483,0.00000574,0.98603776
10484,0.00000574,0.98604351
10485,0.00000574,0.98604925
10486,0.00000574,0.98605499
10487,0.00000574,0.98606073
10488,0.00000574,0.98606647
10489,0.00000574,0.98607221
10490,0.00000574,0.98607794
10491,0.00000573,0.98608368
10492,0.00000573,0.98608941
10493,0.00000573,0.98609514
10494,0.00000573,0.98610087
10495,0.00000573,0.98610660
10496,0.00000573,0.98611232
10497,0.00000572,0.98611805
10498,0.00000572,0.98612377
10499,0.00000572,0.98612949
10500,0.00000572,0.98613521
10501,0.00000572,0.98614093
10502,0.00000572,0.98614665
10503,0.00000572,0.98615237
10504,0.00000571,0.98615808
10505,0.00000571,0.98616379
10506,0.00000571,0.98616951
10507,0.00000571,0.98617521
10508,0.00000571,0.98618092
10509,0.00000571,0.98618663
10510,0.00000570,0.98619233
10511,0.00000570,0.98619804
10512,0.00000570,0.98620374
10513,0.00000570,0.98620944
10514,0.00000570,0.98621514
10515,0.00000570,0.98622084
10516,0.00000570,0.98622653
10517,0.00000570,0.98623223
10518,0.00000569,0.98623792
10519,0.00000569,0.98624362
10520,0.00000569,0.98624931
10521,0.00000569,0.98625500
10522,0.00000569,0.98626069
10523,0.00000569,0.98626638
10524,0.00000569,0.98627206
10525,0.00000568,0.98627775
10526,0.00000568,0.98628343
10527,0.00000568,0.98628911
10528,0.00000568,0.98629479
10529,0.00000568,0.98630047
10530,0.00000568,0.98630615
10531,0.00000567,0.98631182
10532,0.00000567,0.98631749
10533,0.00000567,0.98632317
10534,0.00000567,0.98632884
10535,0.00000567,0.98633450
10536,0.00000567,0.98634017
10537,0.00000567,0.98634584
10538,0.00000566,0.98635150
10539,0.00000566,0.98635716
10540,0.00000566,0.98636283
10541,0.00000566,0.98636849
10542,0.00000566,0.98637415
10543,0.00000566,0.98637980
10544,0.00000566,0.98638546
10545,0.00000566,0.98639112
10546,0.00000565,0.98639677
10547,0.00000565,0.98640242
10548,0.00000565,0.98640808
10549,0.00000565,0.98641373
10550,0.00000565,0.98641938
10551,0.00000565,0.98642502
10552,0.00000565,0.98643067
10553,0.00000564,0.98643631
10554,0.00000564,0.98644195
10555,0.00000564,0.98644760
10556,0.00000564,0.98645324
10557,0.00000564,0.98645888
10558,0.00000564,0.98646451
10559,0.00000564,0.98647015
10560,0.00000563,0.98647578
10561,0.00000563,0.98648142
10562,0.00000563,0.98648705
10563,0.00000563,0.98649268
10564,0.00000563,0.98649831
10565,0.00000563,0.98650394
10566,0.00000563,0.98650956
10567,0.00000562,0.98651519
10568,0.00000562,0.98652081
10569,0.00000562,0.98652643
10570,0.00000562,0.98653205
10571,0.00000562,0.98653767
10572,0.00000562,0.98654328
10573,0.00000561,0.98654890
10574,0.00000561,0.98655451
10575,0.00000561,0.98656012
10576,0.00000561,0.98656573
10577,0.00000561,0.98657134
10578,0.00000561,0.98657695
10579,0.00000561,0.98658256
10580,0.00000560,0.98658816
10581,0.00000560,0.98659376
10582,0.00000560,0.98659937
10583,0.00000560,0.98660497
10584,0.00000560,0.98661057
10585,0.00000560,0.98661617
10586,0.00000560,0.98662176
10587,0.00000560,0.98662736
10588,0.00000559,0.98663295
10589,0.00000559,0.98663854
10590,0.00000559,0.98664413
10591,0.00000559,0.98664972
10592,0.00000559,0.98665531
10593,0.00000559,0.98666089
10594,0.00000558,0.98666648
10595,0.00000558,0.98667206
10596,0.00000558,0.98667764
10597,0.00000558,0.98668322
10598,0.00000558,0.98668880
10599,0.00000558,0.98669438
10600,0.00000558,0.98669995
10601,0.00000557,0.98670553
10602,0.00000557,0.98671110
10603,0.00000557,0.98671667
10604,0.00000557,0.98672224
10605,0.00000557,0.98672781
10606,0.00000557,0.98673338
10607,0.00000557,0.98673895
10608,0.00000556,0.98674451
10609,0.00000556,0.98675007
10610,0.00000556,0.98675564
10611,0.00000556,0.98676120
10612,0.00000556,0.98676676
10613,0.00000556,0.98677231
10614,0.00000555,0.98677787
10615,0.00000555,0.98678342
10616,0.00000555,0.98678897
10617,0.00000555,0.98679452
10618,0.00000555,0.98680007
10619,0.00000555,0.98680562
10620,0.00000555,0.98681116
10621,0.00000554,0.98681671
10622,0.00000554,0.98682225
10623,0.00000554,0.98682779
10624,0.00000554,0.98683333
10625,0.00000554,0.98683887
10626,0.00000554,0.98684441
10627,0.00000554,0.98684995
10628,0.00000554,0.98685548
10629,0.00000553,0.98686102
10630,0.00000553,0.98686655
10631,0.00000553,0.98687208
10632,0.00000553,0.98687761
10633,0.00000553,0.98688314
10634,0.00000553,0.98688867
10635,0.00000553,0.98689419
10636,0.00000552,0.98689972
10637,0.00000552,0.98690524
10638,0.00000552,0.98691076
10639,0.00000552,0.98691628
10640,0.00000552,0.98692180
10641,0.00000552,0.98692732
10642,0.00000552,0.98693283
10643,0.00000551,0.98693835
10644,0.00000551,0.98694386
10645,0.00000551,0.98694937
10646,0.00000551,0.98695489
10647,0.00000551,0.98696040
10648,0.00000551,0.98696590
10649,0.00000550,0.98697140
10650,0.00000550,0.98697691
10651,0.00000550,0.98698241
10652,0.00000550,0.98698791
10653,0.00000550,0.98699341
10654,0.00000550,0.98699891
10655,0.00000550,0.98700441
10656,0.00000550,0.98700990
10657,0.00000549,0.98701540
10658,0.00000549,0.98702089
10659,0.00000549,0.98702638
10660,0.00000549,0.98703187
10661,0.00000549,0.98703736
10662,0.00000549,0.98704285
10663,0.00000549,0.98704833
10664,0.00000548,0.98705382
10665,0.00000548,0.98705930
10666,0.00000548,0.98706478
10667,0.00000548,0.98707026
10668,0.00000548,0.98707574
10669,0.00000548,0.98708122
10670,0.00000548,0.98708670
10671,0.00000547,0.98709217
10672,0.00000547,0.98709764
10673,0.00000547,0.98710311
10674,0.00000547,0.98710858
10675,0.00000547,0.98711405
10676,0.00000547,0.98711952
10677,0.00000546,0.98712498
10678,0.00000546,0.98713044
10679,0.00000546,0.98713591
10680,0.00000546,0.98714137
10681,0.00000546,0.98714683
10682,0.00000546,0.98715229
10683,0.00000546,0.98715774
10684,0.00000546,0.98716320
10685,0.00000545,0.98716865
10686,0.00000545,0.98717410
10687,0.00000545,0.98717955
10688,0.00000545,0.98718500
10689,0.00000545,0.98719045
10690,0.00000545,0.98719590
10691,0.00000545,0.98720134
10692,0.00000545,0.98720679
10693,0.00000544,0.98721223
10694,0.00000544,0.98721768
10695,0.00000544,0.98722312
10696,0.00000544,0.98722856
10697,0.00000544,0.98723400
10698,0.00000544,0.98723943
10699,0.00000544,0.98724487
10700,0.00000543,0.98725030
10701,0.00000543,0.98725574
10702,0.00000543,0.98726117
10703,0.00000543,0.98726660
10704,0.00000543,0.98727202
10705,0.00000543,0.98727745
10706,0.00000542,0.98728287
10707,0.00000542,0.98728830
10708,0.00000542,0.98729372
10709,0.00000542,0.98729914
10710,0.00000542,0.98730456
10711,0.00000542,0.98730998
10712,0.00000542,0.98731540
10713,0.00000542,0.98732081
10714,0.00000542,0.98732623
10715,0.00000541,0.98733164
10716,0.00000541,0.98733705
10717,0.00000541,0.98734247
10718,0.00000541,0.98734788
10719,0.00000541,0.98735329
10720,0.00000541,0.98735869
10721,0.00000541,0.98736410
10722,0.00000540,0.98736950
10723,0.00000540,0.98737491
10724,0.00000540,0.98738031
10725,0.00000540,0.98738571
10726,0.00000540,0.98739111
10727,0.00000540,0.98739650
10728,0.00000540,0.98740190
10729,0.00000540,0.98740729
10730,0.00000539,0.98741269
10731,0.00000539,0.98741808
10732,0.00000539,0.98742347
10733,0.00000539,0.98742886
10734,0.00000539,0.98743424
10735,0.00000538,0.98743963
10736,0.00000538,0.98744501
10737,0.00000538,0.98745039
10738,0.00000538,0.98745577
10739,0.00000538,0.98746115
10740,0.00000538,0.98746653
10741,0.00000538,0.98747191
10742,0.00000537,0.98747728
10743,0.00000537,0.98748265
10744,0.00000537,0.98748803
10745,0.00000537,0.98749340
10746,0.00000537,0.98749877
10747,0.00000537,0.98750414
10748,0.00000537,0.98750950
10749,0.00000536,0.98751487
10750,0.00000536,0.98752023
10751,0.00000536,0.98752559
10752,0.00000536,0.98753095
10753,0.00000536,0.98753631
10754,0.00000536,0.98754167
10755,0.00000536,0.98754703
10756,0.00000536,0.98755238
10757,0.00000535,0.98755773
10758,0.00000535,0.98756309
10759,0.00000535,0.98756844
10760,0.00000535,0.98757379
10761,0.00000535,0.98757914
10762,0.00000535,0.98758448
10763,0.00000535,0.98758983
10764,0.00000534,0.98759517
10765,0.00000534,0.98760052
10766,0.00000534,0.98760586
10767,0.00000534,0.98761120
10768,0.00000534,0.98761653
10769,0.00000534,0.98762187
10770,0.00000534,0.98762721
10771,0.00000533,0.98763254
10772,0.00000533,0.98763787
10773,0.00000533,0.98764320
10774,0.00000533,0.98764853
10775,0.00000533,0.98765386
10776,0.00000533,0.98765919
10777,0.00000533,0.98766451
10778,0.00000532,0.98766984
10779,0.00000532,0.98767516
10780,0.00000532,0.98768048
10781,0.00000532,0.98768580
10782,0.00000532,0.98769112
10783,0.00000532,0.98769644
10784,0.00000532,0.98770175
10785,0.00000531,0.98770707
10786,0.00000531,0.98771238
10787,0.00000531,0.98771769
10788,0.00000531,0.98772300
10789,0.00000531,0.98772831
10790,0.00000531,0.98773362
10791,0.00000531,0.98773893
10792,0.00000531,0.98774423
10793,0.00000530,0.98774954
10794,0.00000530,0.98775484
10795,0.00000530,0.98776014
10796,0.00000530,0.98776544
10797,0.00000530,0.98777074
10798,0.00000530,0.98777604
10799,0.00000530,0.98778133
10800,0.00000529,0.98778663
10801,0.00000529,0.98779192
10802,0.00000529,0.98779722
10803,0.00000529,0.98780251
10804,0.00000529,0.98780780
10805,0.00000529,0.98781308
10806,0.00000529,0.98781837
10807,0.00000528,0.98782366
10808,0.00000528,0.98782894
10809,0.00000528,0.98783422
10810,0.00000528,0.98783950
10811,0.00000528,0.98784478
10812,0.00000528,0.98785006
10813,0.00000528,0.98785534
10814,0.00000528,0.98786062
10815,0.00000528,0.98786589
10816,0.00000528,0.98787117
10817,0.00000527,0.98787644
10818,0.00000527,0.98788171
10819,0.00000527,0.98788698
10820,0.00000527,0.98789225
10821,0.00000527,0.98789752
10822,0.00000527,0.98790279
10823,0.00000527,0.98790805
10824,0.00000526,0.98791332
10825,0.00000526,0.98791858
10826,0.00000526,0.98792384
10827,0.00000526,0.98792910
10828,0.00000526,0.98793436
10829,0.00000526,0.98793962
10830,0.00000526,0.98794487
10831,0.00000525,0.98795013
10832,0.00000525,0.98795538
10833,0.00000525,0.98796063
10834,0.00000525,0.98796588
10835,0.00000525,0.98797113
10836,0.00000525,0.98797638
10837,0.00000524,0.98798162
10838,0.00000524,0.98798687
10839,0.00000524,0.98799211
10840,0.00000524,0.98799735
10841,0.00000524,0.98800259
10842,0.00000524,0.98800783
10843,0.00000524,0.98801306
10844,0.00000524,0.98801830
10845,0.00000523,0.98802353
10846,0.00000523,0.98802877
10847,0.00000523,0.98803400
10848,0.00000523,0.98803923
10849,0.00000523,0.98804446
10850,0.00000523,0.98804969
10851,0.00000523,0.98805491
10852,0.00000522,0.98806014
10853,0.00000522,0.98806536
10854,0.00000522,0.98807058
10855,0.00000522,0.98807580
10856,0.00000522,0.98808102
10857,0.00000522,0.98808624
10858,0.00000522,0.98809145
10859,0.00000521,0.98809667
10860,0.00000521,0.98810188
10861,0.00000521,0.98810709
10862,0.00000521,0.98811231
10863,0.00000521,0.98811751
10864,0.00000521,0.98812272
10865,0.00000521,0.98812793
10866,0.00000520,0.98813313
10867,0.00000520,0.98813833
10868,0.00000520,0.98814353
10869,0.00000520,0.98814874
10870,0.00000520,0.98815393
10871,0.00000520,0.98815913
10872,0.00000520,0.98816433
10873,0.00000519,0.98816952
10874,0.00000519,0.98817471
10875,0.00000519,0.98817991
10876,0.00000519,0.98818510
10877,0.00000519,0.98819028
10878,0.00000519,0.98819547
10879,0.00000519,0.98820066
10880,0.00000519,0.98820584
10881,0.00000518,0.98821103
10882,0.00000518,0.98821621
10883,0.00000518,0.98822139
10884,0.00000518,0.98822657
10885,0.00000518,0.98823175
10886,0.00000518,0.98823693
10887,0.00000517,0.98824210
10888,0.00000517,0.98824727
10889,0.00000517,0.98825245
10890,0.00000517,0.98825762
10891,0.00000517,0.98826279
10892,0.00000517,0.98826796
10893,0.00000517,0.98827313
10894,0.00000517,0.98827830
10895,0.00000517,0.98828346
10896,0.00000516,0.98828862
10897,0.00000516,0.98829379
10898,0.00000516,0.98829895
10899,0.00000516,0.98830411
10900,0.00000516,0.98830927
10901,0.00000516,0.98831443
10902,0.00000516,0.98831958
10903,0.00000516,0.98832474
10904,0.00000515,0.98832989
10905,0.00000515,0.98833504
10906,0.00000515,0.98834020
10907,0.00000515,0.98834534
10908,0.00000515,0.98835049
10909,0.00000515,0.98835564
10910,0.00000514,0.98836078
10911,0.00000514,0.98836593
10912,0.00000514,0.98837107
10913,0.00000514,0.98837621
10914,0.00000514,0.98838135
10915,0.00000514,0.98838649
10916,0.00000514,0.98839163
10917,0.00000514,0.98839677
10918,0.00000514,0.98840190
10919,0.00000513,0.98840704
10920,0.00000513,0.98841217
10921,0.00000513,0.98841730
10922,0.00000513,0.98842243
10923,0.00000513,0.98842756
10924,0.00000513,0.98843269
10925,0.00000513,0.98843781
10926,0.00000512,0.98844294
10927,0.00000512,0.98844806
10928,0.00000512,0.98845318
10929,0.00000512,0.98845830
10930,0.00000512,0.98846342
10931,0.00000512,0.98846854
10932,0.00000512,0.98847366
10933,0.00000512,0.98847877
10934,0.00000511,0.98848389
10935,0.00000511,0.98848900
10936,0.00000511,0.98849411
10937,0.00000511,0.98849922
10938,0.00000511,0.98850433
10939,0.00000511,0.98850944
10940,0.00000511,0.98851454
10941,0.00000510,0.98851965
10942,0.00000510,0.98852475
10943,0.00000510,0.98852985
10944,0.00000510,0.98853495
10945,0.00000510,0.98854005
10946,0.00000510,0.98854515
10947,0.00000510,0.98855025
10948,0.00000510,0.98855534
10949,0.00000509,0.98856044
10950,0.00000509,0.98856553
10951,0.00000509,0.98857062
10952,0.00000509,0.98857571
10953,0.00000509,0.98858080
10954,0.00000509,0.98858589
10955,0.00000509,0.98859097
10956,0.00000508,0.98859606
10957,0.00000508,0.98860114
10958,0.00000508,0.98860622
10959,0.00000508,0.98861130
10960,0.00000508,0.98861638
10961,0.00000508,0.98862146
10962,0.00000508,0.98862653
10963,0.00000508,0.98863161
10964,0.00000507,0.98863668
10965,0.00000507,0.98864176
10966,0.00000507,0.98864683
10967,0.00000507,0.98865190
10968,0.00000507,0.98865697
10969,0.00000507,0.98866204
10970,0.00000507,0.98866710
10971,0.00000507,0.98867217
10972,0.00000506,0.98867723
10973,0.00000506,0.98868230
10974,0.00000506,0.98868736
10975,0.00000506,0.98869242
10976,0.00000506,0.98869748
10977,0.00000506,0.98870253
10978,0.00000506,0.98870759
10979,0.00000505,0.98871265
10980,0.00000505,0.98871770
10981,0.00000505,0.98872275
10982,0.00000505,0.98872780
10983,0.00000505,0.98873285
10984,0.00000505,0.98873790
10985,0.00000505,0.98874295
10986,0.00000505,0.98874799
10987,0.00000504,0.98875304
10988,0.00000504,0.98875808
10989,0.00000504,0.98876312
10990,0.00000504,0.98876817
10991,0.00000504,0.98877321
10992,0.00000504,0.98877824
10993,0.00000504,0.98878328
10994,0.00000503,0.98878832
10995,0.00000503,0.98879335
10996,0.00000503,0.98879838
10997,0.00000503,0.98880341
10998,0.00000503,0.98880844
10999,0.00000503,0.98881347
11000,0.00000503,0.98881850
11001,0.00000503,0.98882352
11002,0.00000502,0.98882855
11003,0.00000502,0.98883357
11004,0.00000502,0.98883859
11005,0.00000502,0.98884361
11006,0.00000502,0.98884863
11007,0.00000502,0.98885365
11008,0.00000502,0.98885867
11009,0.00000501,0.98886368
11010,0.00000501,0.98886870
11011,0.00000501,0.98887371
11012,0.00000501,0.98887872
11013,0.00000501,0.98888373
11014,0.00000501,0.98888873
11015,0.00000501,0.98889374
11016,0.00000501,0.98889875
11017,0.00000500,0.98890375
11018,0.00000500,0.98890875
11019,0.00000500,0.98891375
11020,0.00000500,0.98891875
11021,0.00000500,0.98892375
11022,0.00000500,0.98892875
11023,0.00000500,0.98893375
11024,0.00000500,0.98893874
11025,0.00000499,0.98894374
11026,0.00000499,0.98894873
11027,0.00000499,0.98895372
11028,0.00000499,0.98895871
11029,0.00000499,0.98896370
11030,0.00000499,0.98896869
11031,0.00000499,0.98897367
11032,0.00000498,0.98897866
11033,0.00000498,0.98898364
11034,0.00000498,0.98898862
11035,0.00000498,0.98899360
11036,0.00000498,0.98899858
11037,0.00000498,0.98900355
11038,0.00000498,0.98900853
11039,0.00000497,0.98901350
11040,0.00000497,0.98901848
11041,0.00000497,0.98902345
11042,0.00000497,0.98902842
11043,0.00000497,0.98903339
11044,0.00000497,0.98903836
11045,0.00000497,0.98904333
11046,0.00000497,0.98904829
11047,0.00000497,0.98905326
11048,0.00000497,0.98905822
11049,0.00000496,0.98906319
11050,0.00000496,0.98906815
11051,0.00000496,0.98907311
11052,0.00000496,0.98907807
11053,0.00000496,0.98908303
11054,0.00000496,0.98908798
11055,0.00000495,0.98909294
11056,0.00000495,0.98909789
11057,0.00000495,0.98910284
11058,0.00000495,0.98910779
11059,0.00000495,0.98911274
11060,0.00000495,0.98911769
11061,0.00000495,0.98912264
11062,0.00000495,0.98912758
11063,0.00000494,0.98913253
11064,0.00000494,0.98913747
11065,0.00000494,0.98914241
11066,0.00000494,0.98914735
11067,0.00000494,0.98915229
11068,0.00000494,0.98915723
11069,0.00000494,0.98916217
11070,0.00000494,0.98916710
11071,0.00000493,0.98917204
11072,0.00000493,0.98917697
11073,0.00000493,0.98918190
11074,0.00000493,0.98918683
11075,0.00000493,0.98919176
11076,0.00000493,0.98919669
11077,0.00000493,0.98920162
11078,0.00000493,0.98920654
11079,0.00000492,0.98921147
11080,0.00000492,0.98921639
11081,0.00000492,0.98922131
11082,0.00000492,0.98922623
11083,0.00000492,0.98923115
11084,0.00000492,0.98923607
11085,0.00000492,0.98924099
11086,0.00000491,0.98924590
11087,0.00000491,0.98925082
11088,0.00000491,0.98925573
11089,0.00000491,0.98926064
11090,0.00000491,0.98926555
11091,0.00000491,0.98927046
11092,0.00000491,0.98927536
11093,0.00000490,0.98928027
11094,0.00000490,0.98928517
11095,0.00000490,0.98929008
11096,0.00000490,0.98929498
11097,0.00000490,0.98929988
11098,0.00000490,0.98930478
11099,0.00000490,0.98930967
11100,0.00000490,0.98931457
11101,0.00000489,0.98931947
11102,0.00000489,0.98932436
11103,0.00000489,0.98932925
11104,0.00000489,0.98933414
11105,0.00000489,0.98933903
11106,0.00000489,0.98934392
11107,0.00000489,0.98934881
11108,0.00000489,0.98935369
11109,0.00000488,0.98935858
11110,0.00000488,0.98936346
11111,0.00000488,0.98936834
11112,0.00000488,0.98937322
11113,0.00000488,0.98937810
11114,0.00000488,0.98938298
11115,0.00000488,0.98938785
11116,0.00000488,0.98939273
11117,0.00000487,0.98939760
11118,0.00000487,0.98940247
11119,0.00000487,0.98940734
11120,0.00000487,0.98941221
11121,0.00000487,0.98941708
11122,0.00000487,0.98942195
11123,0.00000487,0.98942682
11124,0.00000486,0.98943168
11125,0.00000486,0.98943654
11126,0.00000486,0.98944141
11127,0.00000486,0.98944627
11128,0.00000486,0.98945113
11129,0.00000486,0.98945598
11130,0.00000486,0.98946084
11131,0.00000486,0.98946570
11132,0.00000485,0.98947055
11133,0.00000485,0.98947540
11134,0.00000485,0.98948026
11135,0.00000485,0.98948511
11136,0.00000485,0.98948996
11137,0.00000485,0.98949480
11138,0.00000485,0.98949965
11139,0.00000485,0.98950450
11140,0.00000484,0.98950934
11141,0.00000484,0.98951418
11142,0.00000484,0.98951903
11143,0.00000484,0.98952387
11144,0.00000484,0.98952870
11145,0.00000484,0.98953354
11146,0.00000484,0.98953838
11147,0.00000483,0.98954321
11148,0.00000483,0.98954805
11149,0.00000483,0.98955288
11150,0.00000483,0.98955771
11151,0.00000483,0.98956254
11152,0.00000483,0.98956737
11153,0.00000483,0.98957220
11154,0.00000483,0.98957702
11155,0.00000483,0.98958185
11156,0.00000482,0.98958667
11157,0.00000482,0.98959150
11158,0.00000482,0.98959632
11159,0.00000482,0.98960114
11160,0.00000482,0.98960596
11161,0.00000482,0.98961077
11162,0.00000482,0.98961559
11163,0.00000481,0.98962040
11164,0.00000481,0.98962522
11165,0.00000481,0.98963003
11166,0.00000481,0.98963484
11167,0.00000481,0.98963965
11168,0.00000481,0.98964446
11169,0.00000481,0.98964927
11170,0.00000481,0.98965407
11171,0.00000480,0.98965888
11172,0.00000480,0.98966368
11173,0.00000480,0.98966848
11174,0.00000480,0.98967328
11175,0.00000480,0.98967808
11176,0.00000480,0.98968288
11177,0.00000480,0.98968768
11178,0.00000480,0.98969248
11179,0.00000479,0.98969727
11180,0.00000479,0.98970206
11181,0.00000479,0.98970685
11182,0.00000479,0.98971164
11183,0.00000479,0.98971643
11184,0.00000479,0.98972122
11185,0.00000479,0.98972601
11186,0.00000478,0.98973079
11187,0.00000478,0.98973557
11188,0.00000478,0.98974036
11189,0.00000478,0.98974514
11190,0.00000478,0.98974992
11191,0.00000478,0.98975470
11192,0.00000478,0.98975948
11193,0.00000478,0.98976426
11194,0.00000478,0.98976903
11195,0.00000478,0.98977381
11196,0.00000477,0.98977858
11197,0.00000477,0.98978335
11198,0.00000477,0.98978812
11199,0.00000477,0.98979289
11200,0.00000477,0.98979766
11201,0.00000477,0.98980243
11202,0.00000476,0.98980719
11203,0.00000476,0.98981195
11204,0.00000476,0.98981671
11205,0.00000476,0.98982148
11206,0.00000476,0.98982624
11207,0.00000476,0.98983099
11208,0.00000476,0.98983575
11209,0.00000476,0.98984051
11210,0.00000476,0.98984526
11211,0.00000475,0.98985002
11212,0.00000475,0.98985477
11213,0.00000475,0.98985952
11214,0.00000475,0.98986427
11215,0.00000475,0.98986902
11216,0.00000475,0.98987377
11217,0.00000475,0.98987852
11218,0.00000475,0.98988326
11219,0.00000474,0.98988801
11220,0.00000474,0.98989275
11221,0.00000474,0.98989749
11222,0.00000474,0.98990223
11223,0.00000474,0.98990697
11224,0.00000474,0.98991170
11225,0.00000474,0.98991644
11226,0.00000474,0.98992117
11227,0.00000473,0.98992591
11228,0.00000473,0.98993064
11229,0.00000473,0.98993537
11230,0.00000473,0.98994010
11231,0.00000473,0.98994483
11232,0.00000473,0.98994956
11233,0.00000473,0.98995429
11234,0.00000473,0.98995901
11235,0.00000472,0.98996374
11236,0.00000472,0.98996846
11237,0.00000472,0.98997318
11238,0.00000472,0.98997790
11239,0.00000472,0.98998262
11240,0.00000472,0.98998734
11241,0.00000472,0.98999206
11242,0.00000472,0.98999677
11243,0.00000471,0.99000149
11244,0.00000471,0.99000620
11245,0.00000471,0.99001091
11246,0.00000471,0.99001562
11247,0.00000471,0.99002033
11248,0.00000471,0.99002504
11249,0.00000471,0.99002975
11250,0.00000471,0.99003445
11251,0.00000470,0.99003916
11252,0.00000470,0.99004386
11253,0.00000470,0.99004856
11254,0.00000470,0.99005326
11255,0.00000470,0.99005796
11256,0.00000470,0.99006266
11257,0.00000470,0.99006735
11258,0.00000469,0.99007205
11259,0.00000469,0.99007674
11260,0.00000469,0.99008143
11261,0.00000469,0.99008612
11262,0.00000469,0.99009081
11263,0.00000469,0.99009550
11264,0.00000469,0.99010019
11265,0.00000469,0.99010487
11266,0.00000468,0.99010956
11267,0.00000468,0.99011424
11268,0.00000468,0.99011892
11269,0.00000468,0.99012360
11270,0.00000468,0.99012828
11271,0.00000468,0.99013296
11272,0.00000468,0.99013764
11273,0.00000467,0.99014231
11274,0.00000467,0.99014698
11275,0.00000467,0.99015166
11276,0.00000467,0.99015633
11277,0.00000467,0.99016100
11278,0.00000467,0.99016567
11279,0.00000467,0.99017034
11280,0.00000467,0.99017500
11281,0.00000467,0.99017967
11282,0.00000467,0.99018433
11283,0.00000466,0.99018900
11284,0.00000466,0.99019366
11285,0.00000466,0.99019832
11286,0.00000466,0.99020298
11287,0.00000466,0.99020764
11288,0.00000466,0.99021230
11289,0.00000466,0.99021695
11290,0.00000466,0.99022161
11291,0.00000465,0.99022626
11292,0.00000465,0.99023091
11293,0.00000465,0.99023557
11294,0.00000465,0.99024021
11295,0.00000465,0.99024486
11296,0.00000465,0.99024951
11297,0.00000465,0.99025415
11298,0.00000464,0.99025880
11299,0.00000464,0.99026344
11300,0.00000464,0.99026808
11301,0.00000464,0.99027272
11302,0.00000464,0.99027736
11303,0.00000464,0.99028200
11304,0.00000464,0.99028664
11305,0.00000464,0.99029127
11306,0.00000463,0.99029591
11307,0.00000463,0.99030054
11308,0.00000463,0.99030517
11309,0.00000463,0.99030980
11310,0.00000463,0.99031443
11311,0.00000463,0.99031906
11312,0.00000463,0.99032368
11313,0.00000463,0.99032831
11314,0.00000462,0.99033293
11315,0.00000462,0.99033756
11316,0.00000462,0.99034218
11317,0.00000462,0.99034680
11318,0.00000462,0.99035142
11319,0.00000462,0.99035603
11320,0.00000462,0.99036065
11321,0.00000461,0.99036526
11322,0.00000461,0.99036988
11323,0.00000461,0.99037449
11324,0.00000461,0.99037910
11325,0.00000461,0.99038371
11326,0.00000461,0.99038832
11327,0.00000461,0.99039293
11328,0.00000461,0.99039753
11329,0.00000461,0.99040214
11330,0.00000460,0.99040674
11331,0.00000460,0.99041135
11332,0.00000460,0.99041595
11333,0.00000460,0.99042055
11334,0.00000460,0.99042515
11335,0.00000460,0.99042974
11336,0.00000460,0.99043434
11337,0.00000459,0.99043893
11338,0.00000459,0.99044353
11339,0.00000459,0.99044812
11340,0.00000459,0.99045271
11341,0.00000459,0.99045730
11342,0.00000459,0.99046189
11343,0.00000459,0.99046648
11344,0.00000459,0.99047106
11345,0.00000458,0.99047565
11346,0.00000458,0.99048023
11347,0.00000458,0.99048481
11348,0.00000458,0.99048940
11349,0.00000458,0.99049398
11350,0.00000458,0.99049856
11351,0.00000458,0.99050313
11352,0.00000458,0.99050771
11353,0.00000458,0.99051229
11354,0.00000457,0.99051686
11355,0.00000457,0.99052143
11356,0.00000457,0.99052601
11357,0.00000457,0.99053058
11358,0.00000457,0.99053515
11359,0.00000457,0.99053971
11360,0.00000457,0.99054428
11361,0.00000456,0.99054884
11362,0.00000456,0.99055341
11363,0.00000456,0.99055797
11364,0.00000456,0.99056253
11365,0.00000456,0.99056709
11366,0.00000456,0.99057165
11367,0.00000456,0.99057621
11368,0.00000456,0.99058077
11369,0.00000456,0.99058533
11370,0.00000456,0.99058988
11371,0.00000455,0.99059444
11372,0.00000455,0.99059899
11373,0.00000455,0.99060354
11374,0.00000455,0.99060809
11375,0.00000455,0.99061264
11376,0.00000455,0.99061719
11377,0.00000455,0.99062174
11378,0.00000455,0.99062628
11379,0.00000454,0.99063083
11380,0.00000454,0.99063537
11381,0.00000454,0.99063991
11382,0.00000454,0.99064445
11383,0.00000454,0.99064899
11384,0.00000454,0.99065353
11385,0.00000454,0.99065807
11386,0.00000454,0.99066261
11387,0.00000453,0.99066714
11388,0.00000453,0.99067167
11389,0.00000453,0.99067621
11390,0.00000453,0.99068073
11391,0.00000453,0.99068526
11392,0.00000453,0.99068979
11393,0.00000453,0.99069432
11394,0.00000453,0.99069884
11395,0.00000452,0.99070337
11396,0.00000452,0.99070789
11397,0.00000452,0.99071241
11398,0.00000452,0.99071693
11399,0.00000452,0.99072145
11400,0.00000452,0.99072597
11401,0.00000452,0.99073049
11402,0.00000452,0.99073500
11403,0.00000451,0.99073952
11404,0.00000451,0.99074403
11405,0.00000451,0.99074855
11406,0.00000451,0.99075306
11407,0.00000451,0.99075757
11408,0.00000451,0.99076208
11409,0.00000451,0.99076659
11410,0.00000451,0.99077109
11411,0.00000451,0.99077560
11412,0.00000450,0.99078011
11413,0.00000450,0.99078461
11414,0.00000450,0.99078911
11415,0.00000450,0.99079361
11416,0.00000450,0.99079811
11417,0.00000450,0.99080261
11418,0.00000450,0.99080711
11419,0.00000450,0.99081160
11420,0.00000449,0.99081610
11421,0.00000449,0.99082059
11422,0.00000449,0.99082508
11423,0.00000449,0.99082957
11424,0.00000449,0.99083406
11425,0.00000449,0.99083855
11426,0.00000449,0.99084304
11427,0.00000449,0.99084752
11428,0.00000448,0.99085201
11429,0.00000448,0.99085649
11430,0.00000448,0.99086097
11431,0.00000448,0.99086546
11432,0.00000448,0.99086994
11433,0.00000448,0.99087442
11434,0.00000448,0.99087889
11435,0.00000448,0.99088337
11436,0.00000447,0.99088785
11437,0.00000447,0.99089232
11438,0.00000447,0.99089679
11439,0.00000447,0.99090126
11440,0.00000447,0.99090573
11441,0.00000447,0.99091020
11442,0.00000447,0.99091467
11443,0.00000447,0.99091913
11444,0.00000447,0.99092360
11445,0.00000446,0.99092806
11446,0.00000446,0.99093253
11447,0.00000446,0.99093699
11448,0.00000446,0.99094145
11449,0.00000446,0.99094591
11450,0.00000446,0.99095036
11451,0.00000446,0.99095482
11452,0.00000446,0.99095928
11453,0.00000445,0.99096373
11454,0.00000445,0.99096818
11455,0.00000445,0.99097264
11456,0.00000445,0.99097709
11457,0.00000445,0.99098154
11458,0.00000445,0.99098599
11459,0.00000445,0.99099043
11460,0.00000445,0.99099488
11461,0.00000445,0.99099932
11462,0.00000444,0.99100377
11463,0.00000444,0.99100821
11464,0.00000444,0.99101265
11465,0.00000444,0.99101709
11466,0.00000444,0.99102153
11467,0.00000444,0.99102597
11468,0.00000444,0.99103041
11469,0.00000444,0.99103484
11470,0.00000444,0.99103928
11471,0.00000443,0.99104371
11472,0.00000443,0.99104814
11473,0.00000443,0.99105257
11474,0.00000443,0.99105700
11475,0.00000443,0.99106143
11476,0.00000443,0.99106586
11477,0.00000443,0.99107028
11478,0.00000443,0.99107471
11479,0.00000442,0.99107913
11480,0.00000442,0.99108355
11481,0.00000442,0.99108798
11482,0.00000442,0.99109240
11483,0.00000442,0.99109682
11484,0.00000442,0.99110123
11485,0.00000442,0.99110565
11486,0.00000442,0.99111007
11487,0.00000441,0.99111448
11488,0.00000441,0.99111889
11489,0.00000441,0.99112331
11490,0.00000441,0.99112772
11491,0.00000441,0.99113213
11492,0.00000441,0.99113653
11493,0.00000441,0.99114094
11494,0.00000441,0.99114535
11495,0.00000441,0.99114975
11496,0.00000440,0.99115415
11497,0.00000440,0.99115856
11498,0.00000440,0.99116296
11499,0.00000440,0.99116736
11500,0.00000440,0.99117175
11501,0.00000440,0.99117615
11502,0.00000439,0.99118055
11503,0.00000439,0.99118494
11504,0.00000439,0.99118933
11505,0.00000439,0.99119372
11506,0.00000439,0.99119811
11507,0.00000439,0.99120250
11508,0.00000439,0.99120689
11509,0.00000439,0.99121128
11510,0.00000439,0.99121566
11511,0.00000438,0.99122005
11512,0.00000438,0.99122443
11513,0.00000438,0.99122881
11514,0.00000438,0.99123319
11515,0.00000438,0.99123757
11516,0.00000438,0.99124195
11517,0.00000438,0.99124633
11518,0.00000438,0.99125071
11519,0.00000437,0.99125508
11520,0.00000437,0.99125945
11521,0.00000437,0.99126383
11522,0.00000437,0.99126820
11523,0.00000437,0.99127257
11524,0.00000437,0.99127694
11525,0.00000437,0.99128131
11526,0.00000437,0.99128567
11527,0.00000437,0.99129004
11528,0.00000436,0.99129440
11529,0.00000436,0.99129877
11530,0.00000436,0.99130313
11531,0.00000436,0.99130749
11532,0.00000436,0.99131185
11533,0.00000436,0.99131621
11534,0.00000436,0.99132057
11535,0.00000436,0.99132493
11536,0.00000436,0.99132928
11537,0.00000435,0.99133364
11538,0.00000435,0.99133799
11539,0.00000435,0.99134234
11540,0.00000435,0.99134669
11541,0.00000435,0.99135104
11542,0.00000435,0.99135539
11543,0.00000435,0.99135974
11544,0.00000435,0.99136408
11545,0.00000435,0.99136843
11546,0.00000434,0.99137277
11547,0.00000434,0.99137712
11548,0.00000434,0.99138146
11549,0.00000434,0.99138580
11550,0.00000434,0.99139014
11551,0.00000434,0.99139448
11552,0.00000434,0.99139881
11553,0.00000434,0.99140315
11554,0.00000434,0.99140749
11555,0.00000433,0.99141182
11556,0.00000433,0.99141615
11557,0.00000433,0.99142048
11558,0.00000433,0.99142481
11559,0.00000433,0.99142914
11560,0.00000433,0.99143347
11561,0.00000433,0.99143779
11562,0.00000432,0.99144211
11563,0.00000432,0.99144644
11564,0.00000432,0.99145076
11565,0.00000432,0.99145508
11566,0.00000432,0.99145940
11567,0.00000432,0.99146372
11568,0.00000432,0.99146804
11569,0.00000432,0.99147235
11570,0.00000431,0.99147667
11571,0.00000431,0.99148098
11572,0.00000431,0.99148529
11573,0.00000431,0.99148961
11574,0.00000431,0.99149392
11575,0.00000431,0.99149823
11576,0.00000431,0.99150253
11577,0.00000431,0.99150684
11578,0.00000431,0.99151115
11579,0.00000430,0.99151545
11580,0.00000430,0.99151975
11581,0.00000430,0.99152405
11582,0.00000430,0.99152835
11583,0.00000430,0.99153265
11584,0.00000430,0.99153695
11585,0.00000430,0.99154125
11586,0.00000430,0.99154554
11587,0.00000429,0.99154984
11588,0.00000429,0.99155413
11589,0.00000429,0.99155842
11590,0.00000429,0.99156271
11591,0.00000429,0.99156700
11592,0.00000429,0.99157129
11593,0.00000429,0.99157558
11594,0.00000429,0.99157986
11595,0.00000428,0.99158415
11596,0.00000428,0.99158843
11597,0.00000428,0.99159272
11598,0.00000428,0.99159700
11599,0.00000428,0.99160128
11600,0.00000428,0.99160556
11601,0.00000428,0.99160984
11602,0.00000428,0.99161412
11603,0.00000428,0.99161839
11604,0.00000428,0.99162267
11605,0.00000427,0.99162694
11606,0.00000427,0.99163121
11607,0.00000427,0.99163548
11608,0.00000427,0.99163976
11609,0.00000427,0.99164402
11610,0.00000427,0.99164829
11611,0.00000427,0.99165256
11612,0.00000427,0.99165683
11613,0.00000426,0.99166109
11614,0.00000426,0.99166535
11615,0.00000426,0.99166962
11616,0.00000426,0.99167388
11617,0.00000426,0.99167814
11618,0.00000426,0.99168240
11619,0.00000426,0.99168665
11620,0.00000426,0.99169091
11621,0.00000426,0.99169517
11622,0.00000425,0.99169942
11623,0.00000425,0.99170367
11624,0.00000425,0.99170793
11625,0.00000425,0.99171218
11626,0.00000425,0.99171643
11627,0.00000425,0.99172068
11628,0.00000425,0.99172492
11629,0.00000425,0.99172917
11630,0.00000424,0.99173341
11631,0.00000424,0.99173766
11632,0.00000424,0.99174190
11633,0.00000424,0.99174614
11634,0.00000424,0.99175038
11635,0.00000424,0.99175462
11636,0.00000424,0.99175886
11637,0.00000424,0.99176309
11638,0.00000423,0.99176732
11639,0.00000423,0.99177156
11640,0.00000423,0.99177579
11641,0.00000423,0.99178002
11642,0.00000423,0.99178425
11643,0.00000423,0.99178848
11644,0.00000423,0.99179270
11645,0.00000423,0.99179693
11646,0.00000423,0.99180115
11647,0.00000422,0.99180538
11648,0.00000422,0.99180960
11649,0.00000422,0.99181382
11650,0.00000422,0.99181804
11651,0.00000422,0.99182226
11652,0.00000422,0.99182648
11653,0.00000422,0.99183069
11654,0.00000422,0.99183491
11655,0.00000421,0.99183912
11656,0.00000421,0.99184333
11657,0.00000421,0.99184755
11658,0.00000421,0.99185176
11659,0.00000421,0.99185597
11660,0.00000421,0.99186017
11661,0.00000421,0.99186438
11662,0.00000421,0.99186859
11663,0.00000420,0.99187279
11664,0.00000420,0.99187700
11665,0.00000420,0.99188120
11666,0.00000420,0.99188540
11667,0.00000420,0.99188960
11668,0.00000420,0.99189380
11669,0.00000420,0.99189800
11670,0.00000420,0.99190220
11671,0.00000420,0.99190639
11672,0.00000419,0.99191059
11673,0.00000419,0.99191478
11674,0.00000419,0.99191897
11675,0.00000419,0.99192316
11676,0.00000419,0.99192735
11677,0.00000419,0.99193154
11678,0.00000419,0.99193573
11679,0.00000419,0.99193992
11680,0.00000418,0.99194410
11681,0.00000418,0.99194828
11682,0.00000418,0.99195247
11683,0.00000418,0.99195665
11684,0.00000418,0.99196083
11685,0.00000418,0.99196501
11686,0.00000418,0.99196919
11687,0.00000418,0.99197336
11688,0.00000417,0.99197754
11689,0.00000417,0.99198171
11690,0.00000417,0.99198589
11691,0.00000417,0.99199006
11692,0.00000417,0.99199423
11693,0.00000417,0.99199840
11694,0.00000417,0.99200257
11695,0.00000417,0.99200674
11696,0.00000417,0.99201090
11697,0.00000417,0.99201507
11698,0.00000416,0.99201923
11699,0.00000416,0.99202339
11700,0.00000416,0.99202755
11701,0.00000416,0.99203171
11702,0.00000416,0.99203587
11703,0.00000416,0.99204003
11704,0.00000416,0.99204419
11705,0.00000416,0.99204834
11706,0.00000415,0.99205250
11707,0.00000415,0.99205665
11708,0.00000415,0.99206080
11709,0.00000415,0.99206495
11710,0.00000415,0.99206910
11711,0.00000415,0.99207325
11712,0.00000415,0.99207740
11713,0.00000415,0.99208154
11714,0.00000415,0.99208569
11715,0.00000414,0.99208983
11716,0.00000414,0.99209398
11717,0.00000414,0.99209812
11718,0.00000414,0.99210226
11719,0.00000414,0.99210640
11720,0.00000414,0.99211054
11721,0.00000414,0.99211467
11722,0.00000413,0.99211881
11723,0.00000413,0.99212294
11724,0.00000413,0.99212708
11725,0.00000413,0.99213121
11726,0.00000413,0.99213534
11727,0.00000413,0.99213947
11728,0.00000413,0.99214360
11729,0.00000413,0.99214772
11730,0.00000413,0.99215185
11731,0.00000413,0.99215598
11732,0.00000413,0.99216010
11733,0.00000412,0.99216423
11734,0.00000412,0.99216835
11735,0.00000412,0.99217247
11736,0.00000412,0.99217659
11737,0.00000412,0.99218071
11738,0.00000412,0.99218482
11739,0.00000412,0.99218894
11740,0.00000412,0.99219306
11741,0.00000411,0.99219717
11742,0.00000411,0.99220128
11743,0.00000411,0.99220539
11744,0.00000411,0.99220950
11745,0.00000411,0.99221361
11746,0.00000411,0.99221772
11747,0.00000411,0.99222183
11748,0.00000411,0.99222594
11749,0.00000410,0.99223004
11750,0.00000410,0.99223414
11751,0.00000410,0.99223824
11752,0.00000410,0.99224235
11753,0.00000410,0.99224645
11754,0.00000410,0.99225055
11755,0.00000410,0.99225464
11756,0.00000410,0.99225874
11757,0.00000410,0.99226284
11758,0.00000409,0.99226693
11759,0.00000409,0.99227103
11760,0.00000409,0.99227512
11761,0.00000409,0.99227921
11762,0.00000409,0.99228330
11763,0.00000409,0.99228739
11764,0.00000409,0.99229147
11765,0.00000409,0.99229556
11766,0.00000408,0.99229965
11767,0.00000408,0.99230373
11768,0.00000408,0.99230781
11769,0.00000408,0.99231189
11770,0.00000408,0.99231597
11771,0.00000408,0.99232005
11772,0.00000408,0.99232413
11773,0.00000408,0.99232820
11774,0.00000408,0.99233228
11775,0.00000407,0.99233635
11776,0.00000407,0.99234043
11777,0.00000407,0.99234450
11778,0.00000407,0.99234857
11779,0.00000407,0.99235264
11780,0.00000407,0.99235671
11781,0.00000407,0.99236078
11782,0.00000407,0.99236485
11783,0.00000407,0.99236891
11784,0.00000406,0.99237298
11785,0.00000406,0.99237704
11786,0.00000406,0.99238110
11787,0.00000406,0.99238516
11788,0.00000406,0.99238922
11789,0.00000406,0.99239328
11790,0.00000406,0.99239734
11791,0.00000406,0.99240139
11792,0.00000405,0.99240545
11793,0.00000405,0.99240950
11794,0.00000405,0.99241355
11795,0.00000405,0.99241760
11796,0.00000405,0.99242165
11797,0.00000405,0.99242570
11798,0.00000405,0.99242975
11799,0.00000405,0.99243380
11800,0.00000405,0.99243784
11801,0.00000404,0.99244189
11802,0.00000404,0.99244593
11803,0.00000404,0.99244997
11804,0.00000404,0.99245401
11805,0.00000404,0.99245805
11806,0.00000404,0.99246209
11807,0.00000404,0.99246613
11808,0.00000404,0.99247017
11809,0.00000404,0.99247420
11810,0.00000404,0.99247824
11811,0.00000404,0.99248227
11812,0.00000403,0.99248631
11813,0.00000403,0.99249034
11814,0.00000403,0.99249437
11815,0.00000403,0.99249840
11816,0.00000403,0.99250243
11817,0.00000403,0.99250645
11818,0.00000402,0.99251048
11819,0.00000402,0.99251450
11820,0.00000402,0.99251852
11821,0.00000402,0.99252254
11822,0.00000402,0.99252656
11823,0.00000402,0.99253058
11824,0.00000402,0.99253460
11825,0.00000402,0.99253862
11826,0.00000402,0.99254264
11827,0.00000402,0.99254665
11828,0.00000401,0.99255067
11829,0.00000401,0.99255468
11830,0.00000401,0.99255869
11831,0.00000401,0.99256270
11832,0.00000401,0.99256671
11833,0.00000401,0.99257072
11834,0.00000401,0.99257473
11835,0.00000401,0.99257873
11836,0.00000400,0.99258274
11837,0.00000400,0.99258674
11838,0.00000400,0.99259075
11839,0.00000400,0.99259475
11840,0.00000400,0.99259875
11841,0.00000400,0.99260275
11842,0.00000400,0.99260674
11843,0.00000400,0.99261074
11844,0.00000400,0.99261474
11845,0.00000399,0.99261873
11846,0.00000399,0.99262272
11847,0.00000399,0.99262671
11848,0.00000399,0.99263070
11849,0.00000399,0.99263469
11850,0.00000399,0.99263868
11851,0.00000399,0.99264267
11852,0.00000399,0.99264666
11853,0.00000399,0.99265065
11854,0.00000399,0.99265463
11855,0.00000399,0.99265862
11856,0.00000398,0.99266260
11857,0.00000398,0.99266658
11858,0.00000398,0.99267056
11859,0.00000398,0.99267454
11860,0.00000398,0.99267852
11861,0.00000398,0.99268250
11862,0.00000398,0.99268648
11863,0.00000398,0.99269045
11864,0.00000398,0.99269443
11865,0.00000397,0.99269840
11866,0.00000397,0.99270237
11867,0.00000397,0.99270634
11868,0.00000397,0.99271031
11869,0.00000397,0.99271428
11870,0.00000397,0.99271825
11871,0.00000397,0.99272222
11872,0.00000397,0.99272618
11873,0.00000397,0.99273015
11874,0.00000396,0.99273411
11875,0.00000396,0.99273807
11876,0.00000396,0.99274203
11877,0.00000396,0.99274599
11878,0.00000396,0.99274995
11879,0.00000396,0.99275391
11880,0.00000396,0.99275786
11881,0.00000395,0.99276182
11882,0.00000395,0.99276577
11883,0.00000395,0.99276972
11884,0.00000395,0.99277367
11885,0.00000395,0.99277762
11886,0.00000395,0.99278156
11887,0.00000395,0.99278551
11888,0.00000395,0.99278946
11889,0.00000394,0.99279340
11890,0.00000394,0.99279735
11891,0.00000394,0.99280129
11892,0.00000394,0.99280523
11893,0.00000394,0.99280917
11894,0.00000394,0.99281311
11895,0.00000394,0.99281705
11896,0.00000394,0.99282099
11897,0.00000394,0.99282492
11898,0.00000394,0.99282886
11899,0.00000393,0.99283279
11900,0.00000393,0.99283673
11901,0.00000393,0.99284066
11902,0.00000393,0.99284459
11903,0.00000393,0.99284852
11904,0.00000393,0.99285245
11905,0.00000393,0.99285638
11906,0.00000393,0.99286030
11907,0.00000393,0.99286423
11908,0.00000393,0.99286816
11909,0.00000392,0.99287208
11910,0.00000392,0.99287600
11911,0.00000392,0.99287993
11912,0.00000392,0.99288385
11913,0.00000392,0.99288776
11914,0.00000392,0.99289168
11915,0.00000392,0.99289560
11916,0.00000392,0.99289951
11917,0.00000391,0.99290343
11918,0.00000391,0.99290734
11919,0.00000391,0.99291125
11920,0.00000391,0.99291516
11921,0.00000391,0.99291907
11922,0.00000391,0.99292298
11923,0.00000391,0.99292689
11924,0.00000391,0.99293080
11925,0.00000391,0.99293470
11926,0.00000390,0.99293861
11927,0.00000390,0.99294251
11928,0.00000390,0.99294641
11929,0.00000390,0.99295032
11930,0.00000390,0.99295422
11931,0.00000390,0.99295812
11932,0.00000390,0.99296202
11933,0.00000390,0.99296592
11934,0.00000390,0.99296981
11935,0.00000390,0.99297371
11936,0.00000389,0.99297760
11937,0.00000389,0.99298150
11938,0.00000389,0.99298539
11939,0.00000389,0.99298928
11940,0.00000389,0.99299317
11941,0.00000389,0.99299705
11942,0.00000389,0.99300094
11943,0.00000389,0.99300483
11944,0.00000388,0.99300871
11945,0.00000388,0.99301259
11946,0.00000388,0.99301648
11947,0.00000388,0.99302036
11948,0.00000388,0.99302424
11949,0.00000388,0.99302812
11950,0.00000388,0.99303200
11951,0.00000388,0.99303587
11952,0.00000388,0.99303975
11953,0.00000388,0.99304362
11954,0.00000387,0.99304750
11955,0.00000387,0.99305137
11956,0.00000387,0.99305524
11957,0.00000387,0.99305911
11958,0.00000387,0.99306298
11959,0.00000387,0.99306685
11960,0.00000387,0.99307072
11961,0.00000387,0.99307459
11962,0.00000386,0.99307845
11963,0.00000386,0.99308231
11964,0.00000386,0.99308618
11965,0.00000386,0.99309004
11966,0.00000386,0.99309390
11967,0.00000386,0.99309776
11968,0.00000386,0.99310162
11969,0.00000386,0.99310548
11970,0.00000386,0.99310933
11971,0.00000386,0.99311319
11972,0.00000386,0.99311705
11973,0.00000385,0.99312090
11974,0.00000385,0.99312475
11975,0.00000385,0.99312860
11976,0.00000385,0.99313245
11977,0.00000385,0.99313630
11978,0.00000385,0.99314015
11979,0.00000385,0.99314400
11980,0.00000385,0.99314784
11981,0.00000385,0.99315169
11982,0.00000384,0.99315553
11983,0.00000384,0.99315938
11984,0.00000384,0.99316322
11985,0.00000384,0.99316706
11986,0.00000384,0.99317090
11987,0.00000384,0.99317473
11988,0.00000384,0.99317857
11989,0.00000384,0.99318241
11990,0.00000384,0.99318624
11991,0.00000383,0.99319008
11992,0.00000383,0.99319391
11993,0.00000383,0.99319774
11994,0.00000383,0.99320158
11995,0.00000383,0.99320541
11996,0.00000383,0.99320924
11997,0.00000383,0.99321306
11998,0.00000383,0.99321689
11999,0.00000383,0.99322072
12000,0.00000382,0.99322454
12001,0.00000382,0.99322836
12002,0.00000382,0.99323219
12003,0.00000382,0.99323601
12004,0.00000382,0.99323983
12005,0.00000382,0.99324365
12006,0.00000382,0.99324747
12007,0.00000382,0.99325128
12008,0.00000382,0.99325510
12009,0.00000381,0.99325891
12010,0.00000381,0.99326273
12011,0.00000381,0.99326654
12012,0.00000381,0.99327035
12013,0.00000381,0.99327416
12014,0.00000381,0.99327797
12015,0.00000381,0.99328178
12016,0.00000381,0.99328559
12017,0.00000381,0.99328939
12018,0.00000380,0.99329320
12019,0.00000380,0.99329700
12020,0.00000380,0.99330080
12021,0.00000380,0.99330461
12022,0.00000380,0.99330841
12023,0.00000380,0.99331220
12024,0.00000380,0.99331600
12025,0.00000380,0.99331980
12026,0.00000380,0.99332360
12027,0.00000379,0.99332739
12028,0.00000379,0.99333118
12029,0.00000379,0.99333498
12030,0.00000379,0.99333877
12031,0.00000379,0.99334256
12032,0.00000379,0.99334635
12033,0.00000379,0.99335014
12034,0.00000379,0.99335392
12035,0.00000379,0.99335771
12036,0.00000378,0.99336150
12037,0.00000378,0.99336528
12038,0.00000378,0.99336906
12039,0.00000378,0.99337284
12040,0.00000378,0.99337662
12041,0.00000378,0.99338040
12042,0.00000378,0.99338418
12043,0.00000378,0.99338796
12044,0.00000378,0.99339173
12045,0.00000377,0.99339551
12046,0.00000377,0.99339928
12047,0.00000377,0.99340305
12048,0.00000377,0.99340682
12049,0.00000377,0.99341059
12050,0.00000377,0.99341436
12051,0.00000377,0.99341813
12052,0.00000377,0.99342190
12053,0.00000377,0.99342566
12054,0.00000377,0.99342943
12055,0.00000377,0.99343319
12056,0.00000376,0.99343696
12057,0.00000376,0.99344072
12058,0.00000376,0.99344448
12059,0.00000376,0.99344824
12060,0.00000376,0.99345200
12061,0.00000376,0.99345576
12062,0.00000376,0.99345951
12063,0.00000376,0.99346327
12064,0.00000376,0.99346703
12065,0.00000375,0.99347078
12066,0.00000375,0.99347453
12067,0.00000375,0.99347828
12068,0.00000375,0.99348203
12069,0.00000375,0.99348578
12070,0.00000375,0.99348953
12071,0.00000375,0.99349328
12072,0.00000375,0.99349702
12073,0.00000374,0.99350077
12074,0.00000374,0.99350451
12075,0.00000374,0.99350825
12076,0.00000374,0.99351199
12077,0.00000374,0.99351573
12078,0.00000374,0.99351947
12079,0.00000374,0.99352321
12080,0.00000374,0.99352695
12081,0.00000373,0.99353068
12082,0.00000373,0.99353441
12083,0.00000373,0.99353815
12084,0.00000373,0.99354188
12085,0.00000373,0.99354561
12086,0.00000373,0.99354934
12087,0.00000373,0.99355307
12088,0.00000373,0.99355680
12089,0.00000373,0.99356053
12090,0.00000373,0.99356425
12091,0.00000373,0.99356798
12092,0.00000372,0.99357170
12093,0.00000372,0.99357543
12094,0.00000372,0.99357915
12095,0.00000372,0.99358287
12096,0.00000372,0.99358659
12097,0.00000372,0.99359031
12098,0.00000372,0.99359403
12099,0.00000372,0.99359774
12100,0.00000372,0.99360146
12101,0.00000371,0.99360517
12102,0.00000371,0.99360889
12103,0.00000371,0.99361260
12104,0.00000371,0.99361631
12105,0.00000371,0.99362002
12106,0.00000371,0.99362372
12107,0.00000371,0.99362743
12108,0.00000371,0.99363114
12109,0.00000371,0.99363484
12110,0.00000370,0.99363855
12111,0.00000370,0.99364225
12112,0.00000370,0.99364595
12113,0.00000370,0.99364965
12114,0.00000370,0.99365335
12115,0.00000370,0.99365705
12116,0.00000370,0.99366075
12117,0.00000370,0.99366444
12118,0.00000370,0.99366814
12119,0.00000369,0.99367183
12120,0.00000369,0.99367553
12121,0.00000369,0.99367922
12122,0.00000369,0.99368291
12123,0.00000369,0.99368660
12124,0.00000369,0.99369029
12125,0.00000369,0.99369398
12126,0.00000369,0.99369766
12127,0.00000369,0.99370135
12128,0.00000369,0.99370504
12129,0.00000368,0.99370872
12130,0.00000368,0.99371240
12131,0.00000368,0.99371608
12132,0.00000368,0.99371976
12133,0.00000368,0.99372344
12134,0.00000368,0.99372712
12135,0.00000368,0.99373080
12136,0.00000368,0.99373447
12137,0.00000368,0.99373815
12138,0.00000367,0.99374182
12139,0.00000367,0.99374550
12140,0.00000367,0.99374917
12141,0.00000367,0.99375284
12142,0.00000367,0.99375651
12143,0.00000367,0.99376018
12144,0.00000367,0.99376385
12145,0.00000367,0.99376752
12146,0.00000367,0.99377118
12147,0.00000366,0.99377485
12148,0.00000366,0.99377851
12149,0.00000366,0.99378217
12150,0.00000366,0.99378583
12151,0.00000366,0.99378949
12152,0.00000366,0.99379315
12153,0.00000366,0.99379681
12154,0.00000366,0.99380046
12155,0.00000366,0.99380412
12156,0.00000365,0.99380777
12157,0.00000365,0.99381142
12158,0.00000365,0.99381508
12159,0.00000365,0.99381872
12160,0.00000365,0.99382237
12161,0.00000365,0.99382602
12162,0.00000365,0.99382967
12163,0.00000365,0.99383332
12164,0.00000365,0.99383696
12165,0.00000364,0.99384061
12166,0.00000364,0.99384425
12167,0.00000364,0.99384789
12168,0.00000364,0.99385153
12169,0.00000364,0.99385517
12170,0.00000364,0.99385881
12171,0.00000364,0.99386245
12172,0.00000364,0.99386608
12173,0.00000364,0.99386972
12174,0.00000363,0.99387336
12175,0.00000363,0.99387699
12176,0.00000363,0.99388062
12177,0.00000363,0.99388425
12178,0.00000363,0.99388788
12179,0.00000363,0.99389151
12180,0.00000363,0.99389514
12181,0.00000363,0.99389877
12182,0.00000363,0.99390240
12183,0.00000362,0.99390602
12184,0.00000362,0.99390965
12185,0.00000362,0.99391327
12186,0.00000362,0.99391689
12187,0.00000362,0.99392052
12188,0.00000362,0.99392414
12189,0.00000362,0.99392776
12190,0.00000362,0.99393137
12191,0.00000362,0.99393499
12192,0.00000362,0.99393861
12193,0.00000361,0.99394222
12194,0.00000361,0.99394584
12195,0.00000361,0.99394945
12196,0.00000361,0.99395306
12197,0.00000361,0.99395667
12198,0.00000361,0.99396028
12199,0.00000361,0.99396389
12200,0.00000361,0.99396750
12201,0.00000361,0.99397110
12202,0.00000361,0.99397471
12203,0.00000361,0.99397831
12204,0.00000360,0.99398192
12205,0.00000360,0.99398552
12206,0.00000360,0.99398912
12207,0.00000360,0.99399272
12208,0.00000360,0.99399632
12209,0.00000360,0.99399992
12210,0.00000360,0.99400351
12211,0.00000360,0.99400711
12212,0.00000360,0.99401071
12213,0.00000359,0.99401430
12214,0.00000359,0.99401789
12215,0.00000359,0.99402148
12216,0.00000359,0.99402507
12217,0.00000359,0.99402866
12218,0.00000359,0.99403225
12219,0.00000359,0.99403584
12220,0.00000359,0.99403942
12221,0.00000359,0.99404301
12222,0.00000358,0.99404659
12223,0.00000358,0.99405017
12224,0.00000358,0.99405376
12225,0.00000358,0.99405733
12226,0.00000358,0.99406091
12227,0.00000358,0.99406449
12228,0.00000358,0.99406807
12229,0.00000358,0.99407164
12230,0.00000357,0.99407522
12231,0.00000357,0.99407879
12232,0.00000357,0.99408236
12233,0.00000357,0.99408593
12234,0.00000357,0.99408950
12235,0.00000357,0.99409307
12236,0.00000357,0.99409664
12237,0.00000357,0.99410021
12238,0.00000357,0.99410378
12239,0.00000356,0.99410734
12240,0.00000356,0.99411090
12241,0.00000356,0.99411447
12242,0.00000356,0.99411803
12243,0.00000356,0.99412159
12244,0.00000356,0.99412515
12245,0.00000356,0.99412871
12246,0.00000356,0.99413227
12247,0.00000356,0.99413583
12248,0.00000356,0.99413938
12249,0.00000356,0.99414294
12250,0.00000355,0.99414649
12251,0.00000355,0.99415005
12252,0.00000355,0.99415360
12253,0.00000355,0.99415715
12254,0.00000355,0.99416070
12255,0.00000355,0.99416425
12256,0.00000355,0.99416780
12257,0.00000355,0.99417134
12258,0.00000355,0.99417489
12259,0.00000354,0.99417843
12260,0.00000354,0.99418198
12261,0.00000354,0.99418552
12262,0.00000354,0.99418906
12263,0.00000354,0.99419260
12264,0.00000354,0.99419614
12265,0.00000354,0.99419968
12266,0.00000354,0.99420322
12267,0.00000354,0.99420676
12268,0.00000353,0.99421029
12269,0.00000353,0.99421383
12270,0.00000353,0.99421736
12271,0.00000353,0.99422089
12272,0.00000353,0.99422442
12273,0.00000353,0.99422795
12274,0.00000353,0.99423148
12275,0.00000353,0.99423501
12276,0.00000353,0.99423854
12277,0.00000353,0.99424206
12278,0.00000353,0.99424559
12279,0.00000352,0.99424911
12280,0.00000352,0.99425264
12281,0.00000352,0.99425616
12282,0.00000352,0.99425968
12283,0.00000352,0.99426320
12284,0.00000352,0.99426672
12285,0.00000352,0.99427023
12286,0.00000352,0.99427375
12287,0.00000352,0.99427727
12288,0.00000352,0.99428078
12289,0.00000351,0.99428430
12290,0.00000351,0.99428781
12291,0.00000351,0.99429132
12292,0.00000351,0.99429483
12293,0.00000351,0.99429834
12294,0.00000351,0.99430185
12295,0.00000351,0.99430535
12296,0.00000351,0.99430886
12297,0.00000351,0.99431237
12298,0.00000350,0.99431587
12299,0.00000350,0.99431938
12300,0.00000350,0.99432288
12301,0.00000350,0.99432638
12302,0.00000350,0.99432988
12303,0.00000350,0.99433338
12304,0.00000350,0.99433688
12305,0.00000350,0.99434037
12306,0.00000350,0.99434387
12307,0.00000350,0.99434737
12308,0.00000349,0.99435086
12309,0.00000349,0.99435435
12310,0.00000349,0.99435784
12311,0.00000349,0.99436133
12312,0.00000349,0.99436482
12313,0.00000349,0.99436831
12314,0.00000349,0.99437180
12315,0.00000349,0.99437528
12316,0.00000348,0.99437877
12317,0.00000348,0.99438225
12318,0.00000348,0.99438573
12319,0.00000348,0.99438922
12320,0.00000348,0.99439270
12321,0.00000348,0.99439617
12322,0.00000348,0.99439965
12323,0.00000348,0.99440313
12324,0.00000348,0.99440661
12325,0.00000348,0.99441008
12326,0.00000347,0.99441356
12327,0.00000347,0.99441703
12328,0.00000347,0.99442050
12329,0.00000347,0.99442397
12330,0.00000347,0.99442744
12331,0.00000347,0.99443091
12332,0.00000347,0.99443438
12333,0.00000347,0.99443785
12334,0.00000347,0.99444131
12335,0.00000347,0.99444478
12336,0.00000346,0.99444824
12337,0.00000346,0.99445171
12338,0.00000346,0.99445517
12339,0.00000346,0.99445863
12340,0.00000346,0.99446209
12341,0.00000346,0.99446555
12342,0.00000346,0.99446900
12343,0.00000346,0.99447246
12344,0.00000346,0.99447592
12345,0.00000345,0.99447937
12346,0.00000345,0.99448282
12347,0.00000345,0.99448627
12348,0.00000345,0.99448973
12349,0.00000345,0.99449318
12350,0.00000345,0.99449663
12351,0.00000345,0.99450007
12352,0.00000345,0.99450352
12353,0.00000345,0.99450697
12354,0.00000345,0.99451042
12355,0.00000344,0.99451386
12356,0.00000344,0.99451730
12357,0.00000344,0.99452075
12358,0.00000344,0.99452419
12359,0.00000344,0.99452763
12360,0.00000344,0.99453107
12361,0.00000344,0.99453451
12362,0.00000344,0.99453794
12363,0.00000344,0.99454138
12364,0.00000344,0.99454481
12365,0.00000343,0.99454825
12366,0.00000343,0.99455168
12367,0.00000343,0.99455511
12368,0.00000343,0.99455854
12369,0.00000343,0.99456197
12370,0.00000343,0.99456540
12371,0.00000343,0.99456883
12372,0.00000343,0.99457226
12373,0.00000343,0.99457568
12374,0.00000343,0.99457911
12375,0.00000343,0.99458254
12376,0.00000342,0.99458596
12377,0.00000342,0.99458938
12378,0.00000342,0.99459281
12379,0.00000342,0.99459622
12380,0.00000342,0.99459964
12381,0.00000342,0.99460306
12382,0.00000342,0.99460648
12383,0.00000342,0.99460989
12384,0.00000341,0.99461331
12385,0.00000341,0.99461672
12386,0.00000341,0.99462013
12387,0.00000341,0.99462354
12388,0.00000341,0.99462695
12389,0.00000341,0.99463036
12390,0.00000341,0.99463377
12391,0.00000341,0.99463718
12392,0.00000341,0.99464059
12393,0.00000341,0.99464399
12394,0.00000340,0.99464740
12395,0.00000340,0.99465080
12396,0.00000340,0.99465420
12397,0.00000340,0.99465760
12398,0.00000340,0.99466100
12399,0.00000340,0.99466440
12400,0.00000340,0.99466780
12401,0.00000340,0.99467120
12402,0.00000340,0.99467459
12403,0.00000340,0.99467799
12404,0.00000339,0.99468138
12405,0.00000339,0.99468477
12406,0.00000339,0.99468816
12407,0.00000339,0.99469155
12408,0.00000339,0.99469494
12409,0.00000339,0.99469833
12410,0.00000339,0.99470172
12411,0.00000339,0.99470511
12412,0.00000339,0.99470850
12413,0.00000339,0.99471188
12414,0.00000338,0.99471526
12415,0.00000338,0.99471865
12416,0.00000338,0.99472203
12417,0.00000338,0.99472541
12418,0.00000338,0.99472879
12419,0.00000338,0.99473217
12420,0.00000338,0.99473555
12421,0.00000338,0.99473892
12422,0.00000338,0.99474230
12423,0.00000338,0.99474567
12424,0.00000337,0.99474905
12425,0.00000337,0.99475242
12426,0.00000337,0.99475579
12427,0.00000337,0.99475916
12428,0.00000337,0.99476253
12429,0.00000337,0.99476590
12430,0.00000337,0.99476926
12431,0.00000337,0.99477263
12432,0.00000336,0.99477599
12433,0.00000336,0.99477936
12434,0.00000336,0.99478272
12435,0.00000336,0.99478608
12436,0.00000336,0.99478944
12437,0.00000336,0.99479280
12438,0.00000336,0.99479616
12439,0.00000336,0.99479952
12440,0.00000336,0.99480287
12441,0.00000336,0.99480623
12442,0.00000335,0.99480958
12443,0.00000335,0.99481293
12444,0.00000335,0.99481629
12445,0.00000335,0.99481964
12446,0.00000335,0.99482299
12447,0.00000335,0.99482634
12448,0.00000335,0.99482968
12449,0.00000335,0.99483303
12450,0.00000335,0.99483638
12451,0.00000334,0.99483972
12452,0.00000334,0.99484306
12453,0.00000334,0.99484641
12454,0.00000334,0.99484975
12455,0.00000334,0.99485309
12456,0.00000334,0.99485643
12457,0.00000334,0.99485977
12458,0.00000334,0.99486311
12459,0.00000334,0.99486644
12460,0.00000334,0.99486978
12461,0.00000333,0.99487311
12462,0.00000333,0.99487645
12463,0.00000333,0.99487978
12464,0.00000333,0.99488311
12465,0.00000333,0.99488644
12466,0.00000333,0.99488977
12467,0.00000333,0.99489310
12468,0.00000333,0.99489643
12469,0.00000333,0.99489976
12470,0.00000333,0.99490308
12471,0.00000333,0.99490641
12472,0.00000332,0.99490973
12473,0.00000332,0.99491306
12474,0.00000332,0.99491638
12475,0.00000332,0.99491970
12476,0.00000332,0.99492302
12477,0.00000332,0.99492634
12478,0.00000332,0.99492966
12479,0.00000332,0.99493297
12480,0.00000332,0.99493629
12481,0.00000331,0.99493960
12482,0.00000331,0.99494291
12483,0.00000331,0.99494623
12484,0.00000331,0.99494954
12485,0.00000331,0.99495285
12486,0.00000331,0.99495615
12487,0.00000331,0.99495946
12488,0.00000331,0.99496277
12489,0.00000331,0.99496608
12490,0.00000330,0.99496938
12491,0.00000330,0.99497268
12492,0.00000330,0.99497599
12493,0.00000330,0.99497929
12494,0.00000330,0.99498259
12495,0.00000330,0.99498589
12496,0.00000330,0.99498918
12497,0.00000330,0.99499248
12498,0.00000330,0.99499578
12499,0.00000330,0.99499908
12500,0.00000330,0.99500237
12501,0.00000329,0.99500566
12502,0.00000329,0.99500896
12503,0.00000329,0.99501225
12504,0.00000329,0.99501554
12505,0.00000329,0.99501883
12506,0.00000329,0.99502212
12507,0.00000329,0.99502540
12508,0.00000329,0.99502869
12509,0.00000329,0.99503197
12510,0.00000328,0.99503526
12511,0.00000328,0.99503854
12512,0.00000328,0.99504182
12513,0.00000328,0.99504511
12514,0.00000328,0.99504839
12515,0.00000328,0.99505167
12516,0.00000328,0.99505495
12517,0.00000328,0.99505822
12518,0.00000328,0.99506150
12519,0.00000328,0.99506478
12520,0.00000328,0.99506805
12521,0.00000327,0.99507133
12522,0.00000327,0.99507460
12523,0.00000327,0.99507787
12524,0.00000327,0.99508114
12525,0.00000327,0.99508442
12526,0.00000327,0.99508768
12527,0.00000327,0.99509095
12528,0.00000327,0.99509422
12529,0.00000327,0.99509749
12530,0.00000326,0.99510075
12531,0.00000326,0.99510402
12532,0.00000326,0.99510728
12533,0.00000326,0.99511054
12534,0.00000326,0.99511380
12535,0.00000326,0.99511706
12536,0.00000326,0.99512032
12537,0.00000326,0.99512357
12538,0.00000326,0.99512683
12539,0.00000326,0.99513008
12540,0.00000325,0.99513334
12541,0.00000325,0.99513659
12542,0.00000325,0.99513985
12543,0.00000325,0.99514310
12544,0.00000325,0.99514635
12545,0.00000325,0.99514960
12546,0.00000325,0.99515285
12547,0.00000325,0.99515609
12548,0.00000325,0.99515934
12549,0.00000325,0.99516259
12550,0.00000324,0.99516583
12551,0.00000324,0.99516907
12552,0.00000324,0.99517231
12553,0.00000324,0.99517555
12554,0.00000324,0.99517879
12555,0.00000324,0.99518203
12556,0.00000324,0.99518527
12557,0.00000324,0.99518851
12558,0.00000324,0.99519174
12559,0.00000323,0.99519498
12560,0.00000323,0.99519821
12561,0.00000323,0.99520144
12562,0.00000323,0.99520468
12563,0.00000323,0.99520791
12564,0.00000323,0.99521114
12565,0.00000323,0.99521437
12566,0.00000323,0.99521760
12567,0.00000323,0.99522083
12568,0.00000323,0.99522405
12569,0.00000323,0.99522728
12570,0.00000323,0.99523050
12571,0.00000322,0.99523373
12572,0.00000322,0.99523695
12573,0.00000322,0.99524017
12574,0.00000322,0.99524339
12575,0.00000322,0.99524661
12576,0.00000322,0.99524983
12577,0.00000322,0.99525305
12578,0.00000322,0.99525626
12579,0.00000322,0.99525948
12580,0.00000321,0.99526269
12581,0.00000321,0.99526590
12582,0.00000321,0.99526912
12583,0.00000321,0.99527233
12584,0.00000321,0.99527554
12585,0.00000321,0.99527875
12586,0.00000321,0.99528196
12587,0.00000321,0.99528516
12588,0.00000321,0.99528837
12589,0.00000321,0.99529158
12590,0.00000320,0.99529478
12591,0.00000320,0.99529798
12592,0.00000320,0.99530119
12593,0.00000320,0.99530439
12594,0.00000320,0.99530759
12595,0.00000320,0.99531079
12596,0.00000320,0.99531399
12597,0.00000320,0.99531718
12598,0.00000320,0.99532038
12599,0.00000320,0.99532358
12600,0.00000320,0.99532677
12601,0.00000319,0.99532996
12602,0.00000319,0.99533316
12603,0.00000319,0.99533635
12604,0.00000319,0.99533954
12605,0.00000319,0.99534273
12606,0.00000319,0.99534592
12607,0.00000319,0.99534911
12608,0.00000319,0.99535229
12609,0.00000319,0.99535548
12610,0.00000318,0.99535866
12611,0.00000318,0.99536185
12612,0.00000318,0.99536503
12613,0.00000318,0.99536821
12614,0.00000318,0.99537139
12615,0.00000318,0.99537457
12616,0.00000318,0.99537775
12617,0.00000318,0.99538093
12618,0.00000318,0.99538410
12619,0.00000318,0.99538728
12620,0.00000318,0.99539046
12621,0.00000317,0.99539363
12622,0.00000317,0.99539680
12623,0.00000317,0.99539998
12624,0.00000317,0.99540315
12625,0.00000317,0.99540632
12626,0.00000317,0.99540949
12627,0.00000317,0.99541266
12628,0.00000317,0.99541582
12629,0.00000317,0.99541899
12630,0.00000317,0.99542216
12631,0.00000317,0.99542532
12632,0.00000316,0.99542849
12633,0.00000316,0.99543165
12634,0.00000316,0.99543481
12635,0.00000316,0.99543797
12636,0.00000316,0.99544113
12637,0.00000316,0.99544429
12638,0.00000316,0.99544745
12639,0.00000316,0.99545060
12640,0.00000316,0.99545376
12641,0.00000316,0.99545692
12642,0.00000315,0.99546007
12643,0.00000315,0.99546322
12644,0.00000315,0.99546637
12645,0.00000315,0.99546952
12646,0.00000315,0.99547267
12647,0.00000315,0.99547582
12648,0.00000315,0.99547897
12649,0.00000315,0.99548212
12650,0.00000315,0.99548526
12651,0.00000314,0.99548841
12652,0.00000314,0.99549155
12653,0.00000314,0.99549469
12654,0.00000314,0.99549784
12655,0.00000314,0.99550098
12656,0.00000314,0.99550412
12657,0.00000314,0.99550725
12658,0.00000314,0.99551039
12659,0.00000314,0.99551353
12660,0.00000314,0.99551666
12661,0.00000313,0.99551980
12662,0.00000313,0.99552293
12663,0.00000313,0.99552607
12664,0.00000313,0.99552920
12665,0.00000313,0.99553233
12666,0.00000313,0.99553546
12667,0.00000313,0.99553859
12668,0.00000313,0.99554172
12669,0.00000313,0.99554484
12670,0.00000313,0.99554797
12671,0.00000312,0.99555109
12672,0.00000312,0.99555422
12673,0.00000312,0.99555734
12674,0.00000312,0.99556046
12675,0.00000312,0.99556358
12676,0.00000312,0.99556670
12677,0.00000312,0.99556982
12678,0.00000312,0.99557294
12679,0.00000312,0.99557606
12680,0.00000312,0.99557917
12681,0.00000311,0.99558229
12682,0.00000311,0.99558540
12683,0.00000311,0.99558851
12684,0.00000311,0.99559163
12685,0.00000311,0.99559474
12686,0.00000311,0.99559785
12687,0.00000311,0.99560095
12688,0.00000311,0.99560406
12689,0.00000311,0.99560717
12690,0.00000310,0.99561027
12691,0.00000310,0.99561338
12692,0.00000310,0.99561648
12693,0.00000310,0.99561958
12694,0.00000310,0.99562268
12695,0.00000310,0.99562578
12696,0.00000310,0.99562888
12697,0.00000310,0.99563198
12698,0.00000310,0.99563508
12699,0.00000310,0.99563818
12700,0.00000310,0.99564127
12701,0.00000309,0.99564437
12702,0.00000309,0.99564746
12703,0.00000309,0.99565055
12704,0.00000309,0.99565365
12705,0.00000309,0.99565674
12706,0.00000309,0.99565983
12707,0.00000309,0.99566292
12708,0.00000309,0.99566601
12709,0.00000309,0.99566909
12710,0.00000309,0.99567218
12711,0.00000309,0.99567526
12712,0.00000309,0.99567835
12713,0.00000308,0.99568143
12714,0.00000308,0.99568451
12715,0.00000308,0.99568760
12716,0.00000308,0.99569068
12717,0.00000308,0.99569375
12718,0.00000308,0.99569683
12719,0.00000308,0.99569991
12720,0.00000308,0.99570299
12721,0.00000308,0.99570606
12722,0.00000307,0.99570914
12723,0.00000307,0.99571221
12724,0.00000307,0.99571528
12725,0.00000307,0.99571835
12726,0.00000307,0.99572143
12727,0.00000307,0.99572449
12728,0.00000307,0.99572756
12729,0.00000307,0.99573063
12730,0.00000307,0.99573370
12731,0.00000307,0.99573676
12732,0.00000307,0.99573983
12733,0.00000306,0.99574289
12734,0.00000306,0.99574595
12735,0.00000306,0.99574902
12736,0.00000306,0.99575208
12737,0.00000306,0.99575514
12738,0.00000306,0.99575819
12739,0.00000306,0.99576125
12740,0.00000306,0.99576431
12741,0.00000306,0.99576736
12742,0.00000305,0.99577042
12743,0.00000305,0.99577347
12744,0.00000305,0.99577652
12745,0.00000305,0.99577957
12746,0.00000305,0.99578262
12747,0.00000305,0.99578567
12748,0.00000305,0.99578872
12749,0.00000305,0.99579177
12750,0.00000305,0.99579482
12751,0.00000305,0.99579786
12752,0.00000305,0.99580091
12753,0.00000304,0.99580395
12754,0.00000304,0.99580699
12755,0.00000304,0.99581004
12756,0.00000304,0.99581308
12757,0.00000304,0.99581612
12758,0.00000304,0.99581916
12759,0.00000304,0.99582220
12760,0.00000304,0.99582523
12761,0.00000304,0.99582827
12762,0.00000303,0.99583131
12763,0.00000303,0.99583434
12764,0.00000303,0.99583737
12765,0.00000303,0.99584040
12766,0.00000303,0.99584343
12767,0.00000303,0.99584647
12768,0.00000303,0.99584950
12769,0.00000303,0.99585252
12770,0.00000303,0.99585555
12771,0.00000303,0.99585858
12772,0.00000303,0.99586160
12773,0.00000302,0.99586463
12774,0.00000302,0.99586765
12775,0.00000302,0.99587067
12776,0.00000302,0.99587369
12777,0.00000302,0.99587672
12778,0.00000302,0.99587974
12779,0.00000302,0.99588275
12780,0.00000302,0.99588577
12781,0.00000302,0.99588879
12782,0.00000302,0.99589180
12783,0.00000301,0.99589482
12784,0.00000301,0.99589783
12785,0.00000301,0.99590084
12786,0.00000301,0.99590386
12787,0.00000301,0.99590687
12788,0.00000301,0.99590988
12789,0.00000301,0.99591288
12790,0.00000301,0.99591589
12791,0.00000301,0.99591889
12792,0.00000300,0.99592190
12793,0.00000300,0.99592490
12794,0.00000300,0.99592791
12795,0.00000300,0.99593091
12796,0.00000300,0.99593391
12797,0.00000300,0.99593691
12798,0.00000300,0.99593991
12799,0.00000300,0.99594291
12800,0.00000300,0.99594591
12801,0.00000300,0.99594890
12802,0.00000300,0.99595190
12803,0.00000300,0.99595489
12804,0.00000299,0.99595789
12805,0.00000299,0.99596088
12806,0.00000299,0.99596387
12807,0.00000299,0.99596687
12808,0.00000299,0.99596986
12809,0.00000299,0.99597284
12810,0.00000299,0.99597583
12811,0.00000299,0.99597882
12812,0.00000299,0.99598181
12813,0.00000299,0.99598479
12814,0.00000299,0.99598778
12815,0.00000298,0.99599076
12816,0.00000298,0.99599374
12817,0.00000298,0.99599673
12818,0.00000298,0.99599971
12819,0.00000298,0.99600269
12820,0.00000298,0.99600567
12821,0.00000298,0.99600864
12822,0.00000298,0.99601162
12823,0.00000298,0.99601460
12824,0.00000298,0.99601757
12825,0.00000297,0.99602055
12826,0.00000297,0.99602352
12827,0.00000297,0.99602649
12828,0.00000297,0.99602946
12829,0.00000297,0.99603243
12830,0.00000297,0.99603540
12831,0.00000297,0.99603837
12832,0.00000297,0.99604133
12833,0.00000297,0.99604430
12834,0.00000296,0.99604726
12835,0.00000296,0.99605023
12836,0.00000296,0.99605319
12837,0.00000296,0.99605615
12838,0.00000296,0.99605911
12839,0.00000296,0.99606207
12840,0.00000296,0.99606503
12841,0.00000296,0.99606799
12842,0.00000296,0.99607094
12843,0.00000296,0.99607390
12844,0.00000296,0.99607686
12845,0.00000295,0.99607981
12846,0.00000295,0.99608276
12847,0.00000295,0.99608571
12848,0.00000295,0.99608867
12849,0.00000295,0.99609162
12850,0.00000295,0.99609457
12851,0.00000295,0.99609751
12852,0.00000295,0.99610046
12853,0.00000295,0.99610341
12854,0.00000295,0.99610635
12855,0.00000294,0.99610930
12856,0.00000294,0.99611224
12857,0.00000294,0.99611518
12858,0.00000294,0.99611812
12859,0.00000294,0.99612106
12860,0.00000294,0.99612400
12861,0.00000294,0.99612694
12862,0.00000294,0.99612988
12863,0.00000294,0.99613282
12864,0.00000294,0.99613575
12865,0.00000293,0.99613869
12866,0.00000293,0.99614162
12867,0.00000293,0.99614455
12868,0.00000293,0.99614748
12869,0.00000293,0.99615041
12870,0.00000293,0.99615334
12871,0.00000293,0.99615627
12872,0.00000293,0.99615920
12873,0.00000293,0.99616213
12874,0.00000293,0.99616505
12875,0.00000292,0.99616798
12876,0.00000292,0.99617090
12877,0.00000292,0.99617382
12878,0.00000292,0.99617675
12879,0.00000292,0.99617967
12880,0.00000292,0.99618259
12881,0.00000292,0.99618551
12882,0.00000292,0.99618842
12883,0.00000292,0.99619134
12884,0.00000292,0.99619426
12885,0.00000291,0.99619717
12886,0.00000291,0.99620008
12887,0.00000291,0.99620300
12888,0.00000291,0.99620591
12889,0.00000291,0.99620882
12890,0.00000291,0.99621173
12891,0.00000291,0.99621464
12892,0.00000291,0.99621755
12893,0.00000291,0.99622045
12894,0.00000291,0.99622336
12895,0.00000291,0.99622627
12896,0.00000290,0.99622917
12897,0.00000290,0.99623207
12898,0.00000290,0.99623498
12899,0.00000290,0.99623788
12900,0.00000290,0.99624078
12901,0.00000290,0.99624368
12902,0.00000290,0.99624658
12903,0.00000290,0.99624948
12904,0.00000290,0.99625238
12905,0.00000290,0.99625527
12906,0.00000290,0.99625817
12907,0.00000289,0.99626106
12908,0.00000289,0.99626396
12909,0.00000289,0.99626685
12910,0.00000289,0.99626974
12911,0.00000289,0.99627263
12912,0.00000289,0.99627552
12913,0.00000289,0.99627841
12914,0.00000289,0.99628130
12915,0.00000289,0.99628418
12916,0.00000289,0.99628707
12917,0.00000288,0.99628995
12918,0.00000288,0.99629284
12919,0.00000288,0.99629572
12920,0.00000288,0.99629860
12921,0.00000288,0.99630148
12922,0.00000288,0.99630436
12923,0.00000288,0.99630724
12924,0.00000288,0.99631012
12925,0.00000288,0.99631299
12926,0.00000288,0.99631587
12927,0.00000288,0.99631875
12928,0.00000288,0.99632162
12929,0.00000287,0.99632450
12930,0.00000287,0.99632737
12931,0.00000287,0.99633024
12932,0.00000287,0.99633311
12933,0.00000287,0.99633598
12934,0.00000287,0.99633885
12935,0.00000287,0.99634172
12936,0.00000287,0.99634458
12937,0.00000287,0.99634745
12938,0.00000286,0.99635031
12939,0.00000286,0.99635318
12940,0.00000286,0.99635604
12941,0.00000286,0.99635890
12942,0.00000286,0.99636176
12943,0.00000286,0.99636462
12944,0.00000286,0.99636748
12945,0.00000286,0.99637033
12946,0.00000286,0.99637319
12947,0.00000285,0.99637604
12948,0.00000285,0.99637890
12949,0.00000285,0.99638175
12950,0.00000285,0.99638460
12951,0.00000285,0.99638745
12952,0.00000285,0.99639031
12953,0.00000285,0.99639316
12954,0.00000285,0.99639600
12955,0.00000285,0.99639885
12956,0.00000285,0.99640170
12957,0.00000285,0.99640454
12958,0.00000285,0.99640739
12959,0.00000284,0.99641023
12960,0.00000284,0.99641308
12961,0.00000284,0.99641592
12962,0.00000284,0.99641876
12963,0.00000284,0.99642160
12964,0.00000284,0.99642444
12965,0.00000284,0.99642728
12966,0.00000284,0.99643011
12967,0.00000284,0.99643295
12968,0.00000284,0.99643578
12969,0.00000283,0.99643862
12970,0.00000283,0.99644145
12971,0.00000283,0.99644428
12972,0.00000283,0.99644711
12973,0.00000283,0.99644994
12974,0.00000283,0.99645277
12975,0.00000283,0.99645560
12976,0.00000283,0.99645843
12977,0.00000283,0.99646126
12978,0.00000283,0.99646408
12979,0.00000282,0.99646691
12980,0.00000282,0.99646973
12981,0.00000282,0.99647255
12982,0.00000282,0.99647537
12983,0.00000282,0.99647819
12984,0.00000282,0.99648101
12985,0.00000282,0.99648383
12986,0.00000282,0.99648665
12987,0.00000282,0.99648947
12988,0.00000282,0.99649228
12989,0.00000281,0.99649510
12990,0.00000281,0.99649791
12991,0.00000281,0.99650073
12992,0.00000281,0.99650354
12993,0.00000281,0.99650635
12994,0.00000281,0.99650916
12995,0.00000281,0.99651197
12996,0.00000281,0.99651478
12997,0.00000281,0.99651759
12998,0.00000281,0.99652040
12999,0.00000281,0.99652320
13000,0.00000281,0.99652601
13001,0.00000280,0.99652881
13002,0.00000280,0.99653162
13003,0.00000280,0.99653442
13004,0.00000280,0.99653722
13005,0.00000280,0.99654002
13006,0.00000280,0.99654282
13007,0.00000280,0.99654562
13008,0.00000280,0.99654841
13009,0.00000280,0.99655121
13010,0.00000279,0.99655401
13011,0.00000279,0.99655680
13012,0.00000279,0.99655959
13013,0.00000279,0.99656239
13014,0.00000279,0.99656518
13015,0.00000279,0.99656797
13016,0.00000279,0.99657076
13017,0.00000279,0.99657354
13018,0.00000279,0.99657633
13019,0.00000279,0.99657912
13020,0.00000279,0.99658191
13021,0.00000279,0.99658469
13022,0.00000278,0.99658748
13023,0.00000278,0.99659026
13024,0.00000278,0.99659304
13025,0.00000278,0.99659582
13026,0.00000278,0.99659861
13027,0.00000278,0.99660138
13028,0.00000278,0.99660416
13029,0.00000278,0.99660694
13030,0.00000278,0.99660972
13031,0.00000278,0.99661249
13032,0.00000277,0.99661527
13033,0.00000277,0.99661804
13034,0.00000277,0.99662081
13035,0.00000277,0.99662359
13036,0.00000277,0.99662636
13037,0.00000277,0.99662913
13038,0.00000277,0.99663190
13039,0.00000277,0.99663467
13040,0.00000277,0.99663743
13041,0.00000277,0.99664020
13042,0.00000276,0.99664296
13043,0.00000276,0.99664573
13044,0.00000276,0.99664849
13045,0.00000276,0.99665125
13046,0.00000276,0.99665401
13047,0.00000276,0.99665678
13048,0.00000276,0.99665954
13049,0.00000276,0.99666229
13050,0.00000276,0.99666505
13051,0.00000276,0.99666781
13052,0.00000276,0.99667056
13053,0.00000275,0.99667332
13054,0.00000275,0.99667607
13055,0.00000275,0.99667883
13056,0.00000275,0.99668158
13057,0.00000275,0.99668433
13058,0.00000275,0.99668708
13059,0.00000275,0.99668983
13060,0.00000275,0.99669258
13061,0.00000275,0.99669532
13062,0.00000275,0.99669807
13063,0.00000274,0.99670081
13064,0.00000274,0.99670356
13065,0.00000274,0.99670630
13066,0.00000274,0.99670904
13067,0.00000274,0.99671178
13068,0.00000274,0.99671452
13069,0.00000274,0.99671726
13070,0.00000274,0.99672000
13071,0.00000274,0.99672274
13072,0.00000274,0.99672547
13073,0.00000274,0.99672821
13074,0.00000273,0.99673094
13075,0.00000273,0.99673367
13076,0.00000273,0.99673641
13077,0.00000273,0.99673914
13078,0.00000273,0.99674187
13079,0.00000273,0.99674460
13080,0.00000273,0.99674733
13081,0.00000273,0.99675006
13082,0.00000273,0.99675278
13083,0.00000273,0.99675551
13084,0.00000273,0.99675824
13085,0.00000273,0.99676096
13086,0.00000272,0.99676369
13087,0.00000272,0.99676641
13088,0.00000272,0.99676913
13089,0.00000272,0.99677185
13090,0.00000272,0.99677457
13091,0.00000272,0.99677729
13092,0.00000272,0.99678001
13093,0.00000272,0.99678272
13094,0.00000272,0.99678544
13095,0.00000271,0.99678816
13096,0.00000271,0.99679087
13097,0.00000271,0.99679358
13098,0.00000271,0.99679629
13099,0.00000271,0.99679901
13100,0.00000271,0.99680172
13101,0.00000271,0.99680443
13102,0.00000271,0.99680713
13103,0.00000271,0.99680984
13104,0.00000271,0.99681255
13105,0.00000271,0.99681525
13106,0.00000270,0.99681796
13107,0.00000270,0.99682066
13108,0.00000270,0.99682336
13109,0.00000270,0.99682607
13110,0.00000270,0.99682877
13111,0.00000270,0.99683147
13112,0.00000270,0.99683417
13113,0.00000270,0.99683686
13114,0.00000270,0.99683956
13115,0.00000270,0.99684226
13116,0.00000270,0.99684495
13117,0.00000269,0.99684765
13118,0.00000269,0.99685034
13119,0.00000269,0.99685304
13120,0.00000269,0.99685573
13121,0.00000269,0.99685842
13122,0.00000269,0.99686111
13123,0.00000269,0.99686380
13124,0.00000269,0.99686649
13125,0.00000269,0.99686918
13126,0.00000269,0.99687186
13127,0.00000269,0.99687455
13128,0.00000268,0.99687723
13129,0.00000268,0.99687992
13130,0.00000268,0.99688260
13131,0.00000268,0.99688528
13132,0.00000268,0.99688796
13133,0.00000268,0.99689064
13134,0.00000268,0.99689332
13135,0.00000268,0.99689600
13136,0.00000268,0.99689867
13137,0.00000268,0.99690135
13138,0.00000267,0.99690402
13139,0.00000267,0.99690670
13140,0.00000267,0.99690937
13141,0.00000267,0.99691205
13142,0.00000267,0.99691472
13143,0.00000267,0.99691739
13144,0.00000267,0.99692006
13145,0.00000267,0.99692273
13146,0.00000267,0.99692539
13147,0.00000267,0.99692806
13148,0.00000267,0.99693073
13149,0.00000266,0.99693339
13150,0.00000266,0.99693606
13151,0.00000266,0.99693872
13152,0.00000266,0.99694138
13153,0.00000266,0.99694404
13154,0.00000266,0.99694670
13155,0.00000266,0.99694936
13156,0.00000266,0.99695202
13157,0.00000266,0.99695468
13158,0.00000266,0.99695733
13159,0.00000265,0.99695999
13160,0.00000265,0.99696264
13161,0.00000265,0.99696530
13162,0.00000265,0.99696795
13163,0.00000265,0.99697060
13164,0.00000265,0.99697325
13165,0.00000265,0.99697590
13166,0.00000265,0.99697855
13167,0.00000265,0.99698119
13168,0.00000265,0.99698384
13169,0.00000265,0.99698649
13170,0.00000265,0.99698913
13171,0.00000264,0.99699178
13172,0.00000264,0.99699442
13173,0.00000264,0.99699706
13174,0.00000264,0.99699971
13175,0.00000264,0.99700235
13176,0.00000264,0.99700499
13177,0.00000264,0.99700762
13178,0.00000264,0.99701026
13179,0.00000264,0.99701290
13180,0.00000264,0.99701553
13181,0.00000263,0.99701817
13182,0.00000263,0.99702080
13183,0.00000263,0.99702344
13184,0.00000263,0.99702607
13185,0.00000263,0.99702870
13186,0.00000263,0.99703133
13187,0.00000263,0.99703396
13188,0.00000263,0.99703659
13189,0.00000263,0.99703921
13190,0.00000263,0.99704184
13191,0.00000263,0.99704447
13192,0.00000263,0.99704709
13193,0.00000263,0.99704972
13194,0.00000262,0.99705234
13195,0.00000262,0.99705496
13196,0.00000262,0.99705759
13197,0.00000262,0.99706021
13198,0.00000262,0.99706283
13199,0.00000262,0.99706545
13200,0.00000262,0.99706806
13201,0.00000262,0.99707068
13202,0.00000262,0.99707330
13203,0.00000261,0.99707591
13204,0.00000261,0.99707853
13205,0.00000261,0.99708114
13206,0.00000261,0.99708375
13207,0.00000261,0.99708636
13208,0.00000261,0.99708897
13209,0.00000261,0.99709158
13210,0.00000261,0.99709419
13211,0.00000261,0.99709679
13212,0.00000261,0.99709940
13213,0.00000261,0.99710201
13214,0.00000260,0.99710461
13215,0.00000260,0.99710721
13216,0.00000260,0.99710982
13217,0.00000260,0.99711242
13218,0.00000260,0.99711502
13219,0.00000260,0.99711762
13220,0.00000260,0.99712022
13221,0.00000260,0.99712281
13222,0.00000260,0.99712541
13223,0.00000260,0.99712801
13224,0.00000260,0.99713060
13225,0.00000259,0.99713320
13226,0.00000259,0.99713579
13227,0.00000259,0.99713838
13228,0.00000259,0.99714098
13229,0.00000259,0.99714357
13230,0.00000259,0.99714615
13231,0.00000259,0.99714874
13232,0.00000259,0.99715133
13233,0.00000259,0.99715392
13234,0.00000259,0.99715650
13235,0.00000258,0.99715909
13236,0.00000258,0.99716167
13237,0.00000258,0.99716425
13238,0.00000258,0.99716683
13239,0.00000258,0.99716942
13240,0.00000258,0.99717199
13241,0.00000258,0.99717457
13242,0.00000258,0.99717715
13243,0.00000258,0.99717973
13244,0.00000258,0.99718230
13245,0.00000257,0.99718488
13246,0.00000257,0.99718745
13247,0.00000257,0.99719003
13248,0.00000257,0.99719260
13249,0.00000257,0.99719517
13250,0.00000257,0.99719774
13251,0.00000257,0.99720031
13252,0.00000257,0.99720288
13253,0.00000257,0.99720545
13254,0.00000257,0.99720802
13255,0.00000257,0.99721058
13256,0.00000257,0.99721315
13257,0.00000257,0.99721571
13258,0.00000256,0.99721828
13259,0.00000256,0.99722084
13260,0.00000256,0.99722340
13261,0.00000256,0.99722596
13262,0.00000256,0.99722852
13263,0.00000256,0.99723108
13264,0.00000256,0.99723364
13265,0.00000256,0.99723619
13266,0.00000256,0.99723875
13267,0.00000256,0.99724131
13268,0.00000255,0.99724386
13269,0.00000255,0.99724641
13270,0.00000255,0.99724896
13271,0.00000255,0.99725151
13272,0.00000255,0.99725406
13273,0.00000255,0.99725661
13274,0.00000255,0.99725916
13275,0.00000255,0.99726171
13276,0.00000255,0.99726425
13277,0.00000255,0.99726680
13278,0.00000254,0.99726934
13279,0.00000254,0.99727189
13280,0.00000254,0.99727443
13281,0.00000254,0.99727697
13282,0.00000254,0.99727951
13283,0.00000254,0.99728205
13284,0.00000254,0.99728459
13285,0.00000254,0.99728713
13286,0.00000254,0.99728966
13287,0.00000254,0.99729220
13288,0.00000254,0.99729474
13289,0.00000254,0.99729727
13290,0.00000253,0.99729980
13291,0.00000253,0.99730234
13292,0.00000253,0.99730487
13293,0.00000253,0.99730740
13294,0.00000253,0.99730993
13295,0.00000253,0.99731246
13296,0.00000253,0.99731499
13297,0.00000253,0.99731751
13298,0.00000253,0.99732004
13299,0.00000252,0.99732256
13300,0.00000252,0.99732509
13301,0.00000252,0.99732761
13302,0.00000252,0.99733013
13303,0.00000252,0.99733265
13304,0.00000252,0.99733517
13305,0.00000252,0.99733769
13306,0.00000252,0.99734021
13307,0.00000252,0.99734273
13308,0.00000252,0.99734525
13309,0.00000252,0.99734776
13310,0.00000252,0.99735028
13311,0.00000251,0.99735280
13312,0.00000251,0.99735531
13313,0.00000251,0.99735782
13314,0.00000251,0.99736033
13315,0.00000251,0.99736284
13316,0.00000251,0.99736535
13317,0.00000251,0.99736786
13318,0.00000251,0.99737037
13319,0.00000251,0.99737288
13320,0.00000251,0.99737538
13321,0.00000250,0.99737789
13322,0.00000250,0.99738039
13323,0.00000250,0.99738289
13324,0.00000250,0.99738540
13325,0.00000250,0.99738790
13326,0.00000250,0.99739040
13327,0.00000250,0.99739290
13328,0.00000250,0.99739540
13329,0.00000250,0.99739789
13330,0.00000250,0.99740039
13331,0.00000250,0.99740289
13332,0.00000249,0.99740538
13333,0.00000249,0.99740787
13334,0.00000249,0.99741037
13335,0.00000249,0.99741286
13336,0.00000249,0.99741535
13337,0.00000249,0.99741784
13338,0.00000249,0.99742033
13339,0.00000249,0.99742282
13340,0.00000249,0.99742531
13341,0.00000249,0.99742780
13342,0.00000249,0.99743028
13343,0.00000249,0.99743277
13344,0.00000248,0.99743525
13345,0.00000248,0.99743773
13346,0.00000248,0.99744022
13347,0.00000248,0.99744270
13348,0.00000248,0.99744518
13349,0.00000248,0.99744766
13350,0.00000248,0.99745013
13351,0.00000248,0.99745261
13352,0.00000248,0.99745509
13353,0.00000248,0.99745757
13354,0.00000248,0.99746004
13355,0.00000247,0.99746252
13356,0.00000247,0.99746499
13357,0.00000247,0.99746746
13358,0.00000247,0.99746993
13359,0.00000247,0.99747240
13360,0.00000247,0.99747487
13361,0.00000247,0.99747734
13362,0.00000247,0.99747981
13363,0.00000247,0.99748227
13364,0.00000247,0.99748474
13365,0.00000246,0.99748721
13366,0.00000246,0.99748967
13367,0.00000246,0.99749213
13368,0.00000246,0.99749460
13369,0.00000246,0.99749706
13370,0.00000246,0.99749952
13371,0.00000246,0.99750198
13372,0.00000246,0.99750444
13373,0.00000246,0.99750689
13374,0.00000246,0.99750935
13375,0.00000246,0.99751181
13376,0.00000245,0.99751426
13377,0.00000245,0.99751671
13378,0.00000245,0.99751917
13379,0.00000245,0.99752162
13380,0.00000245,0.99752407
13381,0.00000245,0.99752652
13382,0.00000245,0.99752897
13383,0.00000245,0.99753142
13384,0.00000245,0.99753386
13385,0.00000245,0.99753631
13386,0.00000244,0.99753875
13387,0.00000244,0.99754120
13388,0.00000244,0.99754364
13389,0.00000244,0.99754608
13390,0.00000244,0.99754852
13391,0.00000244,0.99755096
13392,0.00000244,0.99755340
13393,0.00000244,0.99755584
13394,0.00000244,0.99755828
13395,0.00000244,0.99756072
13396,0.00000243,0.99756315
13397,0.00000243,0.99756559
13398,0.00000243,0.99756802
13399,0.00000243,0.99757045
13400,0.00000243,0.99757288
13401,0.00000243,0.99757532
13402,0.00000243,0.99757775
13403,0.00000243,0.99758018
13404,0.00000243,0.99758260
13405,0.00000243,0.99758503
13406,0.00000243,0.99758746
13407,0.00000243,0.99758989
13408,0.00000243,0.99759231
13409,0.00000242,0.99759473
13410,0.00000242,0.99759716
13411,0.00000242,0.99759958
13412,0.00000242,0.99760200
13413,0.00000242,0.99760442
13414,0.00000242,0.99760684
13415,0.00000242,0.99760926
13416,0.00000242,0.99761167
13417,0.00000242,0.99761409
13418,0.00000242,0.99761651
13419,0.00000241,0.99761892
13420,0.00000241,0.99762133
13421,0.00000241,0.99762375
13422,0.00000241,0.99762616
13423,0.00000241,0.99762857
13424,0.00000241,0.99763098
13425,0.00000241,0.99763339
13426,0.00000241,0.99763579
13427,0.00000241,0.99763820
13428,0.00000241,0.99764061
13429,0.00000240,0.99764301
13430,0.00000240,0.99764542
13431,0.00000240,0.99764782
13432,0.00000240,0.99765022
13433,0.00000240,0.99765262
13434,0.00000240,0.99765503
13435,0.00000240,0.99765743
13436,0.00000240,0.99765982
13437,0.00000240,0.99766222
13438,0.00000240,0.99766462
13439,0.00000240,0.99766702
13440,0.00000240,0.99766941
13441,0.00000239,0.99767181
13442,0.00000239,0.99767420
13443,0.00000239,0.99767659
13444,0.00000239,0.99767898
13445,0.00000239,0.99768137
13446,0.00000239,0.99768376
13447,0.00000239,0.99768615
13448,0.00000239,0.99768854
13449,0.00000239,0.99769093
13450,0.00000239,0.99769332
13451,0.00000238,0.99769570
13452,0.00000238,0.99769809
13453,0.00000238,0.99770047
13454,0.00000238,0.99770285
13455,0.00000238,0.99770523
13456,0.00000238,0.99770761
13457,0.00000238,0.99770999
13458,0.00000238,0.99771237
13459,0.00000238,0.99771475
13460,0.00000238,0.99771712
13461,0.00000237,0.99771950
13462,0.00000237,0.99772187
13463,0.00000237,0.99772424
13464,0.00000237,0.99772662
13465,0.00000237,0.99772899
13466,0.00000237,0.99773136
13467,0.00000237,0.99773373
13468,0.00000237,0.99773609
13469,0.00000237,0.99773846
13470,0.00000237,0.99774083
13471,0.00000237,0.99774320
13472,0.00000237,0.99774556
13473,0.00000236,0.99774792
13474,0.00000236,0.99775029
13475,0.00000236,0.99775265
13476,0.00000236,0.99775501
13477,0.00000236,0.99775737
13478,0.00000236,0.99775973
13479,0.00000236,0.99776209
13480,0.00000236,0.99776445
13481,0.00000236,0.99776681
13482,0.00000236,0.99776916
13483,0.00000236,0.99777152
13484,0.00000235,0.99777387
13485,0.00000235,0.99777623
13486,0.00000235,0.99777858
13487,0.00000235,0.99778093
13488,0.00000235,0.99778328
13489,0.00000235,0.99778563
13490,0.00000235,0.99778798
13491,0.00000235,0.99779033
13492,0.00000235,0.99779268
13493,0.00000235,0.99779503
13494,0.00000235,0.99779737
13495,0.00000234,0.99779972
13496,0.00000234,0.99780206
13497,0.00000234,0.99780440
13498,0.00000234,0.99780674
13499,0.00000234,0.99780909
13500,0.00000234,0.99781143
13501,0.00000234,0.99781376
13502,0.00000234,0.99781610
13503,0.00000234,0.99781844
13504,0.00000234,0.99782078
13505,0.00000234,0.99782311
13506,0.00000234,0.99782545
13507,0.00000233,0.99782778
13508,0.00000233,0.99783011
13509,0.00000233,0.99783245
13510,0.00000233,0.99783478
13511,0.00000233,0.99783711
13512,0.00000233,0.99783943
13513,0.00000233,0.99784176
13514,0.00000233,0.99784409
13515,0.00000233,0.99784641
13516,0.00000232,0.99784874
13517,0.00000232,0.99785106
13518,0.00000232,0.99785339
13519,0.00000232,0.99785571
13520,0.00000232,0.99785803
13521,0.00000232,0.99786035
13522,0.00000232,0.99786267
13523,0.00000232,0.99786499
13524,0.00000232,0.99786730
13525,0.00000232,0.99786962
13526,0.00000232,0.99787194
13527,0.00000231,0.99787425
13528,0.00000231,0.99787656
13529,0.00000231,0.99787888
13530,0.00000231,0.99788119
13531,0.00000231,0.99788350
13532,0.00000231,0.99788581
13533,0.00000231,0.99788812
13534,0.00000231,0.99789043
13535,0.00000231,0.99789274
13536,0.00000231,0.99789505
13537,0.00000231,0.99789736
13538,0.00000231,0.99789967
13539,0.00000231,0.99790197
13540,0.00000230,0.99790427
13541,0.00000230,0.99790658
13542,0.00000230,0.99790888
13543,0.00000230,0.99791118
13544,0.00000230,0.99791348
13545,0.00000230,0.99791578
13546,0.00000230,0.99791808
13547,0.00000230,0.99792038
13548,0.00000230,0.99792267
13549,0.00000230,0.99792497
13550,0.00000230,0.99792727
13551,0.00000229,0.99792956
13552,0.00000229,0.99793185
13553,0.00000229,0.99793415
13554,0.00000229,0.99793644
13555,0.00000229,0.99793873
13556,0.00000229,0.99794102
13557,0.00000229,0.99794331
13558,0.00000229,0.99794560
13559,0.00000229,0.99794788
13560,0.00000229,0.99795017
13561,0.00000229,0.99795245
13562,0.00000228,0.99795474
13563,0.00000228,0.99795702
13564,0.00000228,0.99795930
13565,0.00000228,0.99796158
13566,0.00000228,0.99796386
13567,0.00000228,0.99796614
13568,0.00000228,0.99796842
13569,0.00000228,0.99797070
13570,0.00000228,0.99797298
13571,0.00000228,0.99797526
13572,0.00000228,0.99797753
13573,0.00000228,0.99797981
13574,0.00000227,0.99798208
13575,0.00000227,0.99798436
13576,0.00000227,0.99798663
13577,0.00000227,0.99798890
13578,0.00000227,0.99799117
13579,0.00000227,0.99799344
13580,0.00000227,0.99799571
13581,0.00000227,0.99799798
13582,0.00000227,0.99800024
13583,0.00000227,0.99800251
13584,0.00000226,0.99800477
13585,0.00000226,0.99800704
13586,0.00000226,0.99800930
13587,0.00000226,0.99801156
13588,0.00000226,0.99801382
13589,0.00000226,0.99801608
13590,0.00000226,0.99801834
13591,0.00000226,0.99802060
13592,0.00000226,0.99802286
13593,0.00000226,0.99802511
13594,0.00000226,0.99802737
13595,0.00000226,0.99802963
13596,0.00000225,0.99803188
13597,0.00000225,0.99803413
13598,0.00000225,0.99803638
13599,0.00000225,0.99803864
13600,0.00000225,0.99804089
13601,0.00000225,0.99804313
13602,0.00000225,0.99804538
13603,0.00000225,0.99804763
13604,0.00000225,0.99804988
13605,0.00000225,0.99805212
13606,0.00000225,0.99805437
13607,0.00000224,0.99805661
13608,0.00000224,0.99805886
13609,0.00000224,0.99806110
13610,0.00000224,0.99806334
13611,0.00000224,0.99806558
13612,0.00000224,0.99806782
13613,0.00000224,0.99807006
13614,0.00000224,0.99807230
13615,0.00000224,0.99807454
13616,0.00000224,0.99807678
13617,0.00000224,0.99807901
13618,0.00000223,0.99808124
13619,0.00000223,0.99808348
13620,0.00000223,0.99808571
13621,0.00000223,0.99808794
13622,0.00000223,0.99809017
13623,0.00000223,0.99809240
13624,0.00000223,0.99809463
13625,0.00000223,0.99809686
13626,0.00000223,0.99809908
13627,0.00000223,0.99810131
13628,0.00000223,0.99810353
13629,0.00000222,0.99810576
13630,0.00000222,0.99810798
13631,0.00000222,0.99811021
13632,0.00000222,0.99811243
13633,0.00000222,0.99811465
13634,0.00000222,0.99811687
13635,0.00000222,0.99811909
13636,0.00000222,0.99812130
13637,0.00000222,0.99812352
13638,0.00000222,0.99812574
13639,0.00000222,0.99812795
13640,0.00000221,0.99813017
13641,0.00000221,0.99813238
13642,0.00000221,0.99813459
13643,0.00000221,0.99813680
13644,0.00000221,0.99813901
13645,0.00000221,0.99814122
13646,0.00000221,0.99814343
13647,0.00000221,0.99814564
13648,0.00000221,0.99814785
13649,0.00000221,0.99815005
13650,0.00000221,0.99815226
13651,0.00000220,0.99815446
13652,0.00000220,0.99815667
13653,0.00000220,0.99815887
13654,0.00000220,0.99816107
13655,0.00000220,0.99816327
13656,0.00000220,0.99816547
13657,0.00000220,0.99816767
13658,0.00000220,0.99816986
13659,0.00000220,0.99817206
13660,0.00000220,0.99817425
13661,0.00000220,0.99817645
13662,0.00000219,0.99817864
13663,0.00000219,0.99818084
13664,0.00000219,0.99818303
13665,0.00000219,0.99818522
13666,0.00000219,0.99818741
13667,0.00000219,0.99818960
13668,0.00000219,0.99819179
13669,0.00000219,0.99819397
13670,0.00000219,0.99819616
13671,0.00000219,0.99819834
13672,0.00000219,0.99820053
13673,0.00000218,0.99820271
13674,0.00000218,0.99820490
13675,0.00000218,0.99820708
13676,0.00000218,0.99820926
13677,0.00000218,0.99821144
13678,0.00000218,0.99821362
13679,0.00000218,0.99821580
13680,0.00000218,0.99821798
13681,0.00000218,0.99822016
13682,0.00000218,0.99822233
13683,0.00000217,0.99822451
13684,0.00000217,0.99822668
13685,0.00000217,0.99822885
13686,0.00000217,0.99823102
13687,0.00000217,0.99823319
13688,0.00000217,0.99823536
13689,0.00000217,0.99823753
13690,0.00000217,0.99823970
13691,0.00000217,0.99824187
13692,0.00000217,0.99824404
13693,0.00000217,0.99824620
13694,0.00000216,0.99824837
13695,0.00000216,0.99825053
13696,0.00000216,0.99825270
13697,0.00000216,0.99825486
13698,0.00000216,0.99825702
13699,0.00000216,0.99825918
13700,0.00000216,0.99826134
13701,0.00000216,0.99826350
13702,0.00000216,0.99826566
13703,0.00000216,0.99826782
13704,0.00000216,0.99826997
13705,0.00000215,0.99827213
13706,0.00000215,0.99827428
13707,0.00000215,0.99827643
13708,0.00000215,0.99827859
13709,0.00000215,0.99828074
13710,0.00000215,0.99828289
13711,0.00000215,0.99828504
13712,0.00000215,0.99828719
13713,0.00000215,0.99828934
13714,0.00000215,0.99829148
13715,0.00000215,0.99829363
13716,0.00000215,0.99829578
13717,0.00000215,0.99829792
13718,0.00000214,0.99830006
13719,0.00000214,0.99830221
13720,0.00000214,0.99830435
13721,0.00000214,0.99830649
13722,0.00000214,0.99830863
13723,0.00000214,0.99831077
13724,0.00000214,0.99831291
13725,0.00000214,0.99831505
13726,0.00000214,0.99831718
13727,0.00000213,0.99831932
13728,0.00000213,0.99832145
13729,0.00000213,0.99832358
13730,0.00000213,0.99832572
13731,0.00000213,0.99832785
13732,0.00000213,0.99832998
13733,0.00000213,0.99833211
13734,0.00000213,0.99833424
13735,0.00000213,0.99833637
13736,0.00000213,0.99833850
13737,0.00000213,0.99834062
13738,0.00000213,0.99834275
13739,0.00000212,0.99834487
13740,0.00000212,0.99834700
13741,0.00000212,0.99834912
13742,0.00000212,0.99835124
13743,0.00000212,0.99835336
13744,0.00000212,0.99835548
13745,0.00000212,0.99835760
13746,0.00000212,0.99835972
13747,0.00000212,0.99836184
13748,0.00000212,0.99836395
13749,0.00000212,0.99836607
13750,0.00000211,0.99836818
13751,0.00000211,0.99837030
13752,0.00000211,0.99837241
13753,0.00000211,0.99837452
13754,0.00000211,0.99837663
13755,0.00000211,0.99837874
13756,0.00000211,0.99838085
13757,0.00000211,0.99838296
13758,0.00000211,0.99838506
13759,0.00000211,0.99838717
13760,0.00000211,0.99838928
13761,0.00000210,0.99839138
13762,0.00000210,0.99839348
13763,0.00000210,0.99839559
13764,0.00000210,0.99839769
13765,0.00000210,0.99839979
13766,0.00000210,0.99840189
13767,0.00000210,0.99840399
13768,0.00000210,0.99840609
13769,0.00000210,0.99840818
13770,0.00000210,0.99841028
13771,0.00000210,0.99841238
13772,0.00000210,0.99841447
13773,0.00000210,0.99841657
13774,0.00000209,0.99841866
13775,0.00000209,0.99842075
13776,0.00000209,0.99842284
13777,0.00000209,0.99842493
13778,0.00000209,0.99842702
13779,0.00000209,0.99842911
13780,0.00000209,0.99843120
13781,0.00000209,0.99843329
13782,0.00000208,0.99843537
13783,0.00000208,0.99843745
13784,0.00000208,0.99843954
13785,0.00000208,0.99844162
13786,0.00000208,0.99844370
13787,0.00000208,0.99844578
13788,0.00000208,0.99844786
13789,0.00000208,0.99844994
13790,0.00000208,0.99845202
13791,0.00000208,0.99845410
13792,0.00000208,0.99845617
13793,0.00000208,0.99845825
13794,0.00000207,0.99846032
13795,0.00000207,0.99846239
13796,0.00000207,0.99846447
13797,0.00000207,0.99846654
13798,0.00000207,0.99846861
13799,0.00000207,0.99847068
13800,0.00000207,0.99847275
13801,0.00000207,0.99847481
13802,0.00000207,0.99847688
13803,0.00000207,0.99847895
13804,0.00000206,0.99848101
13805,0.00000206,0.99848307
13806,0.00000206,0.99848514
13807,0.00000206,0.99848720
13808,0.00000206,0.99848926
13809,0.00000206,0.99849132
13810,0.00000206,0.99849338
13811,0.00000206,0.99849544
13812,0.00000206,0.99849750
13813,0.00000206,0.99849956
13814,0.00000206,0.99850161
13815,0.00000205,0.99850367
13816,0.00000205,0.99850572
13817,0.00000205,0.99850777
13818,0.00000205,0.99850983
13819,0.00000205,0.99851188
13820,0.00000205,0.99851393
13821,0.00000205,0.99851598
13822,0.00000205,0.99851803
13823,0.00000205,0.99852007
13824,0.00000205,0.99852212
13825,0.00000205,0.99852417
13826,0.00000204,0.99852621
13827,0.00000204,0.99852825
13828,0.00000204,0.99853030
13829,0.00000204,0.99853234
13830,0.00000204,0.99853438
13831,0.00000204,0.99853642
13832,0.00000204,0.99853846
13833,0.00000204,0.99854050
13834,0.00000204,0.99854253
13835,0.00000204,0.99854457
13836,0.00000204,0.99854661
13837,0.00000204,0.99854864
13838,0.00000203,0.99855067
13839,0.00000203,0.99855271
13840,0.00000203,0.99855474
13841,0.00000203,0.99855677
13842,0.00000203,0.99855880
13843,0.00000203,0.99856083
13844,0.00000203,0.99856286
13845,0.00000203,0.99856488
13846,0.00000203,0.99856691
13847,0.00000203,0.99856894
13848,0.00000203,0.99857096
13849,0.00000202,0.99857298
13850,0.00000202,0.99857501
13851,0.00000202,0.99857703
13852,0.00000202,0.99857905
13853,0.00000202,0.99858107
13854,0.00000202,0.99858309
13855,0.00000202,0.99858511
13856,0.00000202,0.99858712
13857,0.00000202,0.99858914
13858,0.00000202,0.99859115
13859,0.00000201,0.99859317
13860,0.00000201,0.99859518
13861,0.00000201,0.99859719
13862,0.00000201,0.99859921
13863,0.00000201,0.99860122
13864,0.00000201,0.99860323
13865,0.00000201,0.99860524
13866,0.00000201,0.99860724
13867,0.00000201,0.99860925
13868,0.00000200,0.99861125
13869,0.00000200,0.99861325
13870,0.00000200,0.99861526
13871,0.00000200,0.99861726
13872,0.00000200,0.99861926
13873,0.00000200,0.99862126
13874,0.00000200,0.99862326
13875,0.00000200,0.99862526
13876,0.00000200,0.99862726
13877,0.00000200,0.99862926
13878,0.00000200,0.99863125
13879,0.00000199,0.99863324
13880,0.00000199,0.99863524
13881,0.00000199,0.99863723
13882,0.00000199,0.99863922
13883,0.00000199,0.99864121
13884,0.00000199,0.99864320
13885,0.00000199,0.99864519
13886,0.00000199,0.99864718
13887,0.00000199,0.99864917
13888,0.00000199,0.99865116
13889,0.00000199,0.99865314
13890,0.00000198,0.99865513
13891,0.00000198,0.99865711
13892,0.00000198,0.99865910
13893,0.00000198,0.99866108
13894,0.00000198,0.99866306
13895,0.00000198,0.99866504
13896,0.00000198,0.99866702
13897,0.00000198,0.99866900
13898,0.00000198,0.99867097
13899,0.00000198,0.99867295
13900,0.00000198,0.99867493
13901,0.00000198,0.99867690
13902,0.00000197,0.99867888
13903,0.00000197,0.99868085
13904,0.00000197,0.99868282
13905,0.00000197,0.99868479
13906,0.00000197,0.99868676
13907,0.00000197,0.99868873
13908,0.00000197,0.99869070
13909,0.00000197,0.99869267
13910,0.00000197,0.99869464
13911,0.00000197,0.99869661
13912,0.00000197,0.99869857
13913,0.00000197,0.99870054
13914,0.00000196,0.99870250
13915,0.00000196,0.99870446
13916,0.00000196,0.99870642
13917,0.00000196,0.99870838
13918,0.00000196,0.99871034
13919,0.00000196,0.99871230
13920,0.00000196,0.99871426
13921,0.00000196,0.99871622
13922,0.00000196,0.99871817
13923,0.00000196,0.99872013
13924,0.00000195,0.99872208
13925,0.00000195,0.99872404
13926,0.00000195,0.99872599
13927,0.00000195,0.99872794
13928,0.00000195,0.99872989
13929,0.00000195,0.99873184
13930,0.00000195,0.99873379
13931,0.00000195,0.99873573
13932,0.00000195,0.99873768
13933,0.00000195,0.99873963
13934,0.00000195,0.99874157
13935,0.00000195,0.99874352
13936,0.00000194,0.99874546
13937,0.00000194,0.99874740
13938,0.00000194,0.99874934
13939,0.00000194,0.99875128
13940,0.00000194,0.99875322
13941,0.00000194,0.99875516
13942,0.00000194,0.99875710
13943,0.00000194,0.99875904
13944,0.00000194,0.99876097
13945,0.00000193,0.99876291
13946,0.00000193,0.99876484
13947,0.00000193,0.99876678
13948,0.00000193,0.99876871
13949,0.00000193,0.99877064
13950,0.00000193,0.99877257
13951,0.00000193,0.99877450
13952,0.00000193,0.99877643
13953,0.00000193,0.99877835
13954,0.00000193,0.99878028
13955,0.00000193,0.99878221
13956,0.00000192,0.99878413
13957,0.00000192,0.99878605
13958,0.00000192,0.99878798
13959,0.00000192,0.99878990
13960,0.00000192,0.99879182
13961,0.00000192,0.99879374
13962,0.00000192,0.99879566
13963,0.00000192,0.99879758
13964,0.00000192,0.99879949
13965,0.00000192,0.99880141
13966,0.00000191,0.99880333
13967,0.00000191,0.99880524
13968,0.00000191,0.99880715
13969,0.00000191,0.99880906
13970,0.00000191,0.99881098
13971,0.00000191,0.99881289
13972,0.00000191,0.99881480
13973,0.00000191,0.99881671
13974,0.00000191,0.99881861
13975,0.00000191,0.99882052
13976,0.00000191,0.99882243
13977,0.00000191,0.99882433
13978,0.00000190,0.99882624
13979,0.00000190,0.99882814
13980,0.00000190,0.99883004
13981,0.00000190,0.99883195
13982,0.00000190,0.99883385
13983,0.00000190,0.99883575
13984,0.00000190,0.99883764
13985,0.00000190,0.99883954
13986,0.00000190,0.99884144
13987,0.00000189,0.99884333
13988,0.00000189,0.99884522
13989,0.00000189,0.99884712
13990,0.00000189,0.99884901
13991,0.00000189,0.99885090
13992,0.00000189,0.99885279
13993,0.00000189,0.99885468
13994,0.00000189,0.99885657
13995,0.00000189,0.99885846
13996,0.00000189,0.99886034
13997,0.00000189,0.99886223
13998,0.00000189,0.99886412
13999,0.00000188,0.99886600
14000,0.00000188,0.99886788
14001,0.00000188,0.99886977
14002,0.00000188,0.99887165
14003,0.00000188,0.99887353
14004,0.00000188,0.99887541
14005,0.00000188,0.99887729
14006,0.00000188,0.99887916
14007,0.00000188,0.99888104
14008,0.00000188,0.99888292
14009,0.00000187,0.99888479
14010,0.00000187,0.99888667
14011,0.00000187,0.99888854
14012,0.00000187,0.99889041
14013,0.00000187,0.99889228
14014,0.00000187,0.99889415
14015,0.00000187,0.99889602
14016,0.00000187,0.99889789
14017,0.00000187,0.99889976
14018,0.00000187,0.99890163
14019,0.00000187,0.99890349
14020,0.00000186,0.99890536
14021,0.00000186,0.99890722
14022,0.00000186,0.99890908
14023,0.00000186,0.99891095
14024,0.00000186,0.99891281
14025,0.00000186,0.99891467
14026,0.00000186,0.99891652
14027,0.00000186,0.99891838
14028,0.00000186,0.99892024
14029,0.00000186,0.99892210
14030,0.00000186,0.99892395
14031,0.00000185,0.99892581
14032,0.00000185,0.99892766
14033,0.00000185,0.99892951
14034,0.00000185,0.99893136
14035,0.00000185,0.99893321
14036,0.00000185,0.99893506
14037,0.00000185,0.99893691
14038,0.00000185,0.99893876
14039,0.00000185,0.99894061
14040,0.00000185,0.99894245
14041,0.00000185,0.99894430
14042,0.00000184,0.99894614
14043,0.00000184,0.99894798
14044,0.00000184,0.99894983
14045,0.00000184,0.99895167
14046,0.00000184,0.99895351
14047,0.00000184,0.99895534
14048,0.00000184,0.99895718
14049,0.00000184,0.99895902
14050,0.00000184,0.99896086
14051,0.00000184,0.99896269
14052,0.00000184,0.99896453
14053,0.00000183,0.99896636
14054,0.00000183,0.99896820
14055,0.00000183,0.99897003
14056,0.00000183,0.99897186
14057,0.00000183,0.99897369
14058,0.00000183,0.99897552
14059,0.00000183,0.99897735
14060,0.00000183,0.99897917
14061,0.00000183,0.99898100
14062,0.00000183,0.99898282
14063,0.00000182,0.99898465
14064,0.00000182,0.99898647
14065,0.00000182,0.99898829
14066,0.00000182,0.99899011
14067,0.00000182,0.99899193
14068,0.00000182,0.99899375
14069,0.00000182,0.99899557
14070,0.00000182,0.99899739
14071,0.00000182,0.99899920
14072,0.00000182,0.99900102
14073,0.00000181,0.99900283
14074,0.00000181,0.99900464
14075,0.00000181,0.99900646
14076,0.00000181,0.99900827
14077,0.00000181,0.99901008
14078,0.00000181,0.99901189
14079,0.00000181,0.99901370
14080,0.00000181,0.99901550
14081,0.00000181,0.99901731
14082,0.00000181,0.99901912
14083,0.00000180,0.99902092
14084,0.00000180,0.99902272
14085,0.00000180,0.99902453
14086,0.00000180,0.99902633
14087,0.00000180,0.99902813
14088,0.00000180,0.99902993
14089,0.00000180,0.99903173
14090,0.00000180,0.99903353
14091,0.00000180,0.99903532
14092,0.00000180,0.99903712
14093,0.00000180,0.99903892
14094,0.00000179,0.99904071
14095,0.00000179,0.99904250
14096,0.00000179,0.99904430
14097,0.00000179,0.99904609
14098,0.00000179,0.99904788
14099,0.00000179,0.99904967
14100,0.00000179,0.99905146
14101,0.00000179,0.99905325
14102,0.00000179,0.99905503
14103,0.00000179,0.99905682
14104,0.00000178,0.99905860
14105,0.00000178,0.99906039
14106,0.00000178,0.99906217
14107,0.00000178,0.99906395
14108,0.00000178,0.99906573
14109,0.00000178,0.99906751
14110,0.00000178,0.99906929
14111,0.00000178,0.99907107
14112,0.00000178,0.99907285
14113,0.00000178,0.99907462
14114,0.00000178,0.99907640
14115,0.00000177,0.99907817
14116,0.00000177,0.99907994
14117,0.00000177,0.99908172
14118,0.00000177,0.99908349
14119,0.00000177,0.99908526
14120,0.00000177,0.99908702
14121,0.00000177,0.99908879
14122,0.00000177,0.99909056
14123,0.00000177,0.99909232
14124,0.00000177,0.99909409
14125,0.00000176,0.99909585
14126,0.00000176,0.99909762
14127,0.00000176,0.99909938
14128,0.00000176,0.99910114
14129,0.00000176,0.99910290
14130,0.00000176,0.99910466
14131,0.00000176,0.99910642
14132,0.00000176,0.99910818
14133,0.00000176,0.99910993
14134,0.00000176,0.99911169
14135,0.00000175,0.99911344
14136,0.00000175,0.99911520
14137,0.00000175,0.99911695
14138,0.00000175,0.99911870
14139,0.00000175,0.99912046
14140,0.00000175,0.99912221
14141,0.00000175,0.99912395
14142,0.00000175,0.99912570
14143,0.00000175,0.99912745
14144,0.00000175,0.99912920
14145,0.00000175,0.99913094
14146,0.00000174,0.99913269
14147,0.00000174,0.99913443
14148,0.00000174,0.99913617
14149,0.00000174,0.99913792
14150,0.00000174,0.99913966
14151,0.00000174,0.99914139
14152,0.00000174,0.99914313
14153,0.00000174,0.99914487
14154,0.00000174,0.99914661
14155,0.00000174,0.99914834
14156,0.00000174,0.99915008
14157,0.00000173,0.99915181
14158,0.00000173,0.99915355
14159,0.00000173,0.99915528
14160,0.00000173,0.99915701
14161,0.00000173,0.99915874
14162,0.00000173,0.99916047
14163,0.00000173,0.99916220
14164,0.00000173,0.99916393
14165,0.00000173,0.99916565
14166,0.00000173,0.99916738
14167,0.00000172,0.99916910
14168,0.00000172,0.99917083
14169,0.00000172,0.99917255
14170,0.00000172,0.99917427
14171,0.00000172,0.99917599
14172,0.00000172,0.99917771
14173,0.00000172,0.99917943
14174,0.00000172,0.99918115
14175,0.00000172,0.99918286
14176,0.00000172,0.99918458
14177,0.00000171,0.99918629
14178,0.00000171,0.99918800
14179,0.00000171,0.99918972
14180,0.00000171,0.99919143
14181,0.00000171,0.99919314
14182,0.00000171,0.99919484
14183,0.00000171,0.99919655
14184,0.00000171,0.99919826
14185,0.00000171,0.99919997
14186,0.00000171,0.99920167
14187,0.00000170,0.99920338
14188,0.00000170,0.99920508
14189,0.00000170,0.99920679
14190,0.00000170,0.99920849
14191,0.00000170,0.99921019
14192,0.00000170,0.99921189
14193,0.00000170,0.99921359
14194,0.00000170,0.99921529
14195,0.00000170,0.99921698
14196,0.00000170,0.99921868
14197,0.00000169,0.99922037
14198,0.00000169,0.99922207
14199,0.00000169,0.99922376
14200,0.00000169,0.99922545
14201,0.00000169,0.99922714
14202,0.00000169,0.99922883
14203,0.00000169,0.99923052
14204,0.00000169,0.99923221
14205,0.00000169,0.99923390
14206,0.00000169,0.99923558
14207,0.00000169,0.99923727
14208,0.00000168,0.99923895
14209,0.00000168,0.99924063
14210,0.00000168,0.99924232
14211,0.00000168,0.99924400
14212,0.00000168,0.99924568
14213,0.00000168,0.99924736
14214,0.00000168,0.99924904
14215,0.00000168,0.99925071
14216,0.00000168,0.99925239
14217,0.00000168,0.99925407
14218,0.00000168,0.99925574
14219,0.00000167,0.99925742
14220,0.00000167,0.99925909
14221,0.00000167,0.99926076
14222,0.00000167,0.99926243
14223,0.00000167,0.99926410
14224,0.00000167,0.99926577
14225,0.00000167,0.99926743
14226,0.00000167,0.99926910
14227,0.00000166,0.99927076
14228,0.00000166,0.99927243
14229,0.00000166,0.99927409
14230,0.00000166,0.99927575
14231,0.00000166,0.99927741
14232,0.00000166,0.99927907
14233,0.00000166,0.99928073
14234,0.00000166,0.99928239
14235,0.00000166,0.99928405
14236,0.00000166,0.99928570
14237,0.00000165,0.99928736
14238,0.00000165,0.99928901
14239,0.00000165,0.99929067
14240,0.00000165,0.99929232
14241,0.00000165,0.99929397
14242,0.00000165,0.99929562
14243,0.00000165,0.99929727
14244,0.00000165,0.99929892
14245,0.00000165,0.99930057
14246,0.00000165,0.99930221
14247,0.00000164,0.99930386
14248,0.00000164,0.99930550
14249,0.00000164,0.99930714
14250,0.00000164,0.99930879
14251,0.00000164,0.99931043
14252,0.00000164,0.99931207
14253,0.00000164,0.99931371
14254,0.00000164,0.99931534
14255,0.00000164,0.99931698
14256,0.00000164,0.99931862
14257,0.00000163,0.99932025
14258,0.00000163,0.99932188
14259,0.00000163,0.99932352
14260,0.00000163,0.99932515
14261,0.00000163,0.99932678
14262,0.00000163,0.99932841
14263,0.00000163,0.99933004
14264,0.00000163,0.99933167
14265,0.00000163,0.99933329
14266,0.00000163,0.99933492
14267,0.00000162,0.99933655
14268,0.00000162,0.99933817
14269,0.00000162,0.99933979
14270,0.00000162,0.99934142
14271,0.00000162,0.99934304
14272,0.00000162,0.99934466
14273,0.00000162,0.99934627
14274,0.00000162,0.99934789
14275,0.00000162,0.99934951
14276,0.00000162,0.99935112
14277,0.00000162,0.99935274
14278,0.00000161,0.99935435
14279,0.00000161,0.99935597
14280,0.00000161,0.99935758
14281,0.00000161,0.99935919
14282,0.00000161,0.99936080
14283,0.00000161,0.99936241
14284,0.00000161,0.99936402
14285,0.00000161,0.99936562
14286,0.00000161,0.99936723
14287,0.00000161,0.99936883
14288,0.00000160,0.99937044
14289,0.00000160,0.99937204
14290,0.00000160,0.99937364
14291,0.00000160,0.99937524
14292,0.00000160,0.99937684
14293,0.00000160,0.99937844
14294,0.00000160,0.99938003
14295,0.00000160,0.99938163
14296,0.00000160,0.99938323
14297,0.00000159,0.99938482
14298,0.00000159,0.99938641
14299,0.00000159,0.99938801
14300,0.00000159,0.99938960
14301,0.00000159,0.99939119
14302,0.00000159,0.99939278
14303,0.00000159,0.99939437
14304,0.00000159,0.99939595
14305,0.00000159,0.99939754
14306,0.00000159,0.99939913
14307,0.00000158,0.99940071
14308,0.00000158,0.99940229
14309,0.00000158,0.99940388
14310,0.00000158,0.99940546
14311,0.00000158,0.99940704
14312,0.00000158,0.99940862
14313,0.00000158,0.99941019
14314,0.00000157,0.99941177
14315,0.00000157,0.99941334
14316,0.00000157,0.99941491
14317,0.00000157,0.99941649
14318,0.00000157,0.99941806
14319,0.00000157,0.99941963
14320,0.00000157,0.99942120
14321,0.00000157,0.99942277
14322,0.00000157,0.99942434
14323,0.00000157,0.99942590
14324,0.00000156,0.99942747
14325,0.00000156,0.99942903
14326,0.00000156,0.99943060
14327,0.00000156,0.99943216
14328,0.00000156,0.99943372
14329,0.00000156,0.99943528
14330,0.00000156,0.99943684
14331,0.00000156,0.99943840
14332,0.00000156,0.99943995
14333,0.00000156,0.99944151
14334,0.00000155,0.99944306
14335,0.00000155,0.99944461
14336,0.00000155,0.99944617
14337,0.00000155,0.99944771
14338,0.00000155,0.99944926
14339,0.00000155,0.99945081
14340,0.00000155,0.99945236
14341,0.00000155,0.99945391
14342,0.00000155,0.99945545
14343,0.00000154,0.99945700
14344,0.00000154,0.99945854
14345,0.00000154,0.99946008
14346,0.00000154,0.99946162
14347,0.00000154,0.99946316
14348,0.00000154,0.99946470
14349,0.00000154,0.99946624
14350,0.00000154,0.99946778
14351,0.00000154,0.99946931
14352,0.00000154,0.99947085
14353,0.00000153,0.99947238
14354,0.00000153,0.99947391
14355,0.00000153,0.99947544
14356,0.00000153,0.99947698
14357,0.00000153,0.99947851
14358,0.00000153,0.99948003
14359,0.00000153,0.99948156
14360,0.00000153,0.99948309
14361,0.00000153,0.99948461
14362,0.00000153,0.99948614
14363,0.00000152,0.99948766
14364,0.00000152,0.99948919
14365,0.00000152,0.99949071
14366,0.00000152,0.99949223
14367,0.00000152,0.99949375
14368,0.00000152,0.99949526
14369,0.00000152,0.99949678
14370,0.00000152,0.99949830
14371,0.00000151,0.99949981
14372,0.00000151,0.99950133
14373,0.00000151,0.99950284
14374,0.00000151,0.99950435
14375,0.00000151,0.99950586
14376,0.00000151,0.99950737
14377,0.00000151,0.99950888
14378,0.00000151,0.99951038
14379,0.00000151,0.99951189
14380,0.00000150,0.99951339
14381,0.00000150,0.99951490
14382,0.00000150,0.99951640
14383,0.00000150,0.99951790
14384,0.00000150,0.99951940
14385,0.00000150,0.99952090
14386,0.00000150,0.99952239
14387,0.00000150,0.99952389
14388,0.00000149,0.99952538
14389,0.00000149,0.99952688
14390,0.00000149,0.99952837
14391,0.00000149,0.99952986
14392,0.00000149,0.99953136
14393,0.00000149,0.99953285
14394,0.00000149,0.99953434
14395,0.00000149,0.99953582
14396,0.00000149,0.99953731
14397,0.00000149,0.99953880
14398,0.00000148,0.99954028
14399,0.00000148,0.99954176
14400,0.00000148,0.99954325
14401,0.00000148,0.99954473
14402,0.00000148,0.99954621
14403,0.00000148,0.99954769
14404,0.00000148,0.99954916
14405,0.00000148,0.99955064
14406,0.00000148,0.99955212
14407,0.00000147,0.99955359
14408,0.00000147,0.99955506
14409,0.00000147,0.99955653
14410,0.00000147,0.99955800
14411,0.00000147,0.99955947
14412,0.00000147,0.99956094
14413,0.00000147,0.99956240
14414,0.00000147,0.99956387
14415,0.00000146,0.99956533
14416,0.00000146,0.99956680
14417,0.00000146,0.99956826
14418,0.00000146,0.99956972
14419,0.00000146,0.99957118
14420,0.00000146,0.99957263
14421,0.00000146,0.99957409
14422,0.00000146,0.99957555
14423,0.00000145,0.99957700
14424,0.00000145,0.99957846
14425,0.00000145,0.99957991
14426,0.00000145,0.99958136
14427,0.00000145,0.99958281
14428,0.00000145,0.99958426
14429,0.00000145,0.99958571
14430,0.00000145,0.99958715
14431,0.00000145,0.99958860
14432,0.00000144,0.99959004
14433,0.00000144,0.99959148
14434,0.00000144,0.99959292
14435,0.00000144,0.99959436
14436,0.00000144,0.99959580
14437,0.00000144,0.99959724
14438,0.00000144,0.99959868
14439,0.00000144,0.99960011
14440,0.00000144,0.99960155
14441,0.00000143,0.99960298
14442,0.00000143,0.99960441
14443,0.00000143,0.99960584
14444,0.00000143,0.99960727
14445,0.00000143,0.99960870
14446,0.00000143,0.99961013
14447,0.00000143,0.99961156
14448,0.00000143,0.99961298
14449,0.00000142,0.99961441
14450,0.00000142,0.99961583
14451,0.00000142,0.99961725
14452,0.00000142,0.99961867
14453,0.00000142,0.99962009
14454,0.00000142,0.99962151
14455,0.00000142,0.99962293
14456,0.00000141,0.99962435
14457,0.00000141,0.99962576
14458,0.00000141,0.99962717
14459,0.00000141,0.99962858
14460,0.00000141,0.99962999
14461,0.00000141,0.99963140
14462,0.00000141,0.99963280
14463,0.00000140,0.99963421
14464,0.00000140,0.99963561
14465,0.00000140,0.99963702
14466,0.00000140,0.99963842
14467,0.00000140,0.99963982
14468,0.00000140,0.99964122
14469,0.00000140,0.99964262
14470,0.00000140,0.99964402
14471,0.00000140,0.99964541
14472,0.00000140,0.99964681
14473,0.00000139,0.99964820
14474,0.00000139,0.99964959
14475,0.00000139,0.99965098
14476,0.00000139,0.99965237
14477,0.00000139,0.99965376
14478,0.00000139,0.99965515
14479,0.00000139,0.99965654
14480,0.00000138,0.99965792
14481,0.00000138,0.99965930
14482,0.00000138,0.99966069
14483,0.00000138,0.99966207
14484,0.00000138,0.99966345
14485,0.00000138,0.99966483
14486,0.00000138,0.99966620
14487,0.00000137,0.99966758
14488,0.00000137,0.99966895
14489,0.00000137,0.99967033
14490,0.00000137,0.99967170
14491,0.00000137,0.99967307
14492,0.00000137,0.99967444
14493,0.00000137,0.99967581
14494,0.00000137,0.99967717
14495,0.00000137,0.99967854
14496,0.00000136,0.99967991
14497,0.00000136,0.99968127
14498,0.00000136,0.99968263
14499,0.00000136,0.99968399
14500,0.00000136,0.99968535
14501,0.00000136,0.99968671
14502,0.00000136,0.99968806
14503,0.00000136,0.99968942
14504,0.00000135,0.99969077
14505,0.00000135,0.99969213
14506,0.00000135,0.99969348
14507,0.00000135,0.99969483
14508,0.00000135,0.99969617
14509,0.00000135,0.99969752
14510,0.00000135,0.99969887
14511,0.00000135,0.99970021
14512,0.00000134,0.99970155
14513,0.00000134,0.99970289
14514,0.00000134,0.99970424
14515,0.00000134,0.99970557
14516,0.00000134,0.99970691
14517,0.00000134,0.99970825
14518,0.00000133,0.99970959
14519,0.00000133,0.99971092
14520,0.00000133,0.99971225
14521,0.00000133,0.99971358
14522,0.00000133,0.99971491
14523,0.00000133,0.99971624
14524,0.00000133,0.99971757
14525,0.00000133,0.99971890
14526,0.00000132,0.99972022
14527,0.00000132,0.99972154
14528,0.00000132,0.99972286
14529,0.00000132,0.99972419
14530,0.00000132,0.99972551
14531,0.00000132,0.99972682
14532,0.00000132,0.99972814
14533,0.00000131,0.99972945
14534,0.00000131,0.99973077
14535,0.00000131,0.99973208
14536,0.00000131,0.99973339
14537,0.00000131,0.99973470
14538,0.00000131,0.99973601
14539,0.00000131,0.99973731
14540,0.00000130,0.99973862
14541,0.00000130,0.99973992
14542,0.00000130,0.99974122
14543,0.00000130,0.99974253
14544,0.00000130,0.99974382
14545,0.00000130,0.99974512
14546,0.00000130,0.99974642
14547,0.00000129,0.99974771
14548,0.00000129,0.99974901
14549,0.00000129,0.99975030
14550,0.00000129,0.99975159
14551,0.00000129,0.99975288
14552,0.00000129,0.99975416
14553,0.00000129,0.99975545
14554,0.00000129,0.99975673
14555,0.00000128,0.99975802
14556,0.00000128,0.99975930
14557,0.00000128,0.99976058
14558,0.00000128,0.99976186
14559,0.00000128,0.99976313
14560,0.00000128,0.99976441
14561,0.00000127,0.99976568
14562,0.00000127,0.99976696
14563,0.00000127,0.99976822
14564,0.00000127,0.99976949
14565,0.00000127,0.99977076
14566,0.00000126,0.99977202
14567,0.00000126,0.99977329
14568,0.00000126,0.99977455
14569,0.00000126,0.99977581
14570,0.00000126,0.99977707
14571,0.00000126,0.99977833
14572,0.00000126,0.99977958
14573,0.00000125,0.99978084
14574,0.00000125,0.99978209
14575,0.00000125,0.99978334
14576,0.00000125,0.99978459
14577,0.00000125,0.99978584
14578,0.00000125,0.99978709
14579,0.00000125,0.99978834
14580,0.00000124,0.99978958
14581,0.00000124,0.99979082
14582,0.00000124,0.99979206
14583,0.00000124,0.99979330
14584,0.00000124,0.99979454
14585,0.00000124,0.99979578
14586,0.00000124,0.99979701
14587,0.00000123,0.99979824
14588,0.00000123,0.99979947
14589,0.00000123,0.99980070
14590,0.00000123,0.99980193
14591,0.00000123,0.99980316
14592,0.00000123,0.99980438
14593,0.00000122,0.99980560
14594,0.00000122,0.99980683
14595,0.00000122,0.99980804
14596,0.00000122,0.99980926
14597,0.00000121,0.99981047
14598,0.00000121,0.99981169
14599,0.00000121,0.99981290
14600,0.00000121,0.99981411
14601,0.00000121,0.99981532
14602,0.00000121,0.99981652
14603,0.00000120,0.99981773
14604,0.00000120,0.99981893
14605,0.00000120,0.99982013
14606,0.00000120,0.99982133
14607,0.00000120,0.99982253
14608,0.00000120,0.99982372
14609,0.00000119,0.99982492
14610,0.00000119,0.99982611
14611,0.00000119,0.99982730
14612,0.00000119,0.99982849
14613,0.00000119,0.99982968
14614,0.00000119,0.99983086
14615,0.00000119,0.99983205
14616,0.00000118,0.99983323
14617,0.00000118,0.99983442
14618,0.00000118,0.99983559
14619,0.00000118,0.99983677
14620,0.00000117,0.99983794
14621,0.00000117,0.99983911
14622,0.00000117,0.99984028
14623,0.00000117,0.99984145
14624,0.00000117,0.99984262
14625,0.00000117,0.99984378
14626,0.00000116,0.99984495
14627,0.00000116,0.99984611
14628,0.00000116,0.99984727
14629,0.00000116,0.99984843
14630,0.00000116,0.99984959
14631,0.00000115,0.99985075
14632,0.00000115,0.99985190
14633,0.00000115,0.99985305
14634,0.00000115,0.99985420
14635,0.00000115,0.99985535
14636,0.00000115,0.99985649
14637,0.00000114,0.99985764
14638,0.00000114,0.99985878
14639,0.00000114,0.99985992
14640,0.00000114,0.99986106
14641,0.00000113,0.99986220
14642,0.00000113,0.99986333
14643,0.00000113,0.99986446
14644,0.00000113,0.99986559
14645,0.00000113,0.99986672
14646,0.00000112,0.99986784
14647,0.00000112,0.99986896
14648,0.00000112,0.99987008
14649,0.00000112,0.99987120
14650,0.00000112,0.99987232
14651,0.00000112,0.99987344
14652,0.00000112,0.99987456
14653,0.00000111,0.99987567
14654,0.00000111,0.99987678
14655,0.00000111,0.99987789
14656,0.00000111,0.99987900
14657,0.00000110,0.99988010
14658,0.00000110,0.99988120
14659,0.00000110,0.99988231
14660,0.00000110,0.99988340
14661,0.00000109,0.99988450
14662,0.00000109,0.99988559
14663,0.00000109,0.99988668
14664,0.00000109,0.99988776
14665,0.00000108,0.99988885
14666,0.00000108,0.99988993
14667,0.00000108,0.99989101
14668,0.00000108,0.99989209
14669,0.00000108,0.99989317
14670,0.00000108,0.99989425
14671,0.00000108,0.99989532
14672,0.00000107,0.99989639
14673,0.00000107,0.99989747
14674,0.00000107,0.99989853
14675,0.00000107,0.99989960
14676,0.00000107,0.99990067
14677,0.00000106,0.99990173
14678,0.00000106,0.99990279
14679,0.00000106,0.99990385
14680,0.00000106,0.99990490
14681,0.00000105,0.99990596
14682,0.00000105,0.99990701
14683,0.00000105,0.99990806
14684,0.00000104,0.99990910
14685,0.00000104,0.99991014
14686,0.00000104,0.99991118
14687,0.00000104,0.99991222
14688,0.00000104,0.99991326
14689,0.00000103,0.99991429
14690,0.00000103,0.99991532
14691,0.00000103,0.99991635
14692,0.00000102,0.99991737
14693,0.00000102,0.99991839
14694,0.00000102,0.99991941
14695,0.00000102,0.99992043
14696,0.00000102,0.99992145
14697,0.00000102,0.99992246
14698,0.00000101,0.99992348
14699,0.00000101,0.99992449
14700,0.00000101,0.99992549
14701,0.00000100,0.99992650
14702,0.00000100,0.99992750
14703,0.00000099,0.99992849
14704,0.00000099,0.99992948
14705,0.00000099,0.99993047
14706,0.00000099,0.99993146
14707,0.00000098,0.99993244
14708,0.00000098,0.99993343
14709,0.00000098,0.99993441
14710,0.00000098,0.99993538
14711,0.00000098,0.99993636
14712,0.00000097,0.99993733
14713,0.00000096,0.99993829
14714,0.00000096,0.99993925
14715,0.00000096,0.99994021
14716,0.00000095,0.99994117
14717,0.00000095,0.99994212
14718,0.00000095,0.99994307
14719,0.00000095,0.99994401
14720,0.00000094,0.99994495
14721,0.00000094,0.99994589
14722,0.00000094,0.99994683
14723,0.00000093,0.99994776
14724,0.00000093,0.99994869
14725,0.00000093,0.99994961
14726,0.00000092,0.99995053
14727,0.00000091,0.99995145
14728,0.00000091,0.99995236
14729,0.00000091,0.99995326
14730,0.00000090,0.99995417
14731,0.00000090,0.99995507
14732,0.00000089,0.99995596
14733,0.00000089,0.99995684
14734,0.00000088,0.99995773
14735,0.00000088,0.99995861
14736,0.00000087,0.99995947
14737,0.00000086,0.99996034
14738,0.00000086,0.99996120
14739,0.00000084,0.99996203
14740,0.00000083,0.99996287
14741,0.00000082,0.99996369
14742,0.00000082,0.99996451
14743,0.00000081,0.99996532
14744,0.00000080,0.99996612
14745,0.00000079,0.99996690
14746,0.00000078,0.99996769
14747,0.00000077,0.99996845
14748,0.00000076,0.99996921
14749,0.00000075,0.99996996
14750,0.00000074,0.99997070
14751,0.00000072,0.99997143
14752,0.00000072,0.99997215
14753,0.00000072,0.99997286
14754,0.00000071,0.99997358
14755,0.00000070,0.99997428
14756,0.00000070,0.99997498
14757,0.00000069,0.99997568
14758,0.00000069,0.99997636
14759,0.00000068,0.99997704
14760,0.00000067,0.99997770
14761,0.00000066,0.99997836
14762,0.00000065,0.99997901
14763,0.00000063,0.99997964
14764,0.00000062,0.99998026
14765,0.00000059,0.99998086
14766,0.00000058,0.99998144
14767,0.00000057,0.99998201
14768,0.00000055,0.99998256
14769,0.00000054,0.99998310
14770,0.00000051,0.99998361
14771,0.00000051,0.99998412
14772,0.00000050,0.99998462
14773,0.00000049,0.99998512
14774,0.00000048,0.99998560
14775,0.00000048,0.99998608
14776,0.00000047,0.99998655
14777,0.00000046,0.99998701
14778,0.00000046,0.99998747
14779,0.00000045,0.99998792
14780,0.00000045,0.99998837
14781,0.00000044,0.99998881
14782,0.00000043,0.99998925
14783,0.00000043,0.99998968
14784,0.00000043,0.99999011
14785,0.00000043,0.99999053
14786,0.00000042,0.99999096
14787,0.00000041,0.99999137
14788,0.00000041,0.99999177
14789,0.00000040,0.99999217
14790,0.00000039,0.99999257
14791,0.00000039,0.99999295
14792,0.00000038,0.99999333
14793,0.00000036,0.99999369
14794,0.00000032,0.99999401
14795,0.00000030,0.99999431
14796,0.00000029,0.99999460
14797,0.00000029,0.99999489
14798,0.00000027,0.99999516
14799,0.00000027,0.99999542
14800,0.00000026,0.99999568
14801,0.00000025,0.99999594
14802,0.00000025,0.99999619
14803,0.00000025,0.99999644
14804,0.00000025,0.99999668
14805,0.00000024,0.99999693
14806,0.00000024,0.99999716
14807,0.00000024,0.99999740
14808,0.00000023,0.99999763
14809,0.00000023,0.99999787
14810,0.00000023,0.99999809
14811,0.00000023,0.99999832
14812,0.00000023,0.99999855
14813,0.00000022,0.99999877
14814,0.00000022,0.99999898
14815,0.00000021,0.99999920
14816,0.00000021,0.99999940
14817,0.00000021,0.99999961
14818,0.00000020,0.99999981
14819,0.00000019,1.00000000
14820,0.00000000,1.00000000
14821,0.00000000,1.00000000
14822,0.00000000,1.00000000
14823,0.00000000,1.00000000
14824,0.00000000,1.00000000
14825,0.00000000,1.00000000
14826,0.00000000,1.00000000
14827,0.00000000,1.00000000
14828,0.00000000,1.00000000
14829,0.00000000,1.00000000
14830,0.00000000,1.00000000
14831,0.00000000,1.00000000
14832,0.00000000,1.00000000
14833,0.00000000,1.00000000
14834,0.00000000,1.00000000
14835,0.00000000,1.00000000
14836,0.00000000,1.00000000
14837,0.00000000,1.00000000
14838,0.00000000,1.00000000
14839,0.00000000,1.00000000
14840,0.00000000,1.00000000
14841,0.00000000,1.00000000
14842,0.00000000,1.00000000
14843,0.00000000,1.00000000
14844,0.00000000,1.00000000
14845,0.00000000,1.00000000
14846,0.00000000,1.00000000
14847,0.00000000,1.00000000
14848,0.00000000,1.00000000
