feature,weight_mean,weight_std,weight_abs_mean,feature_type
rel_distance_from_n_terminus,-0.5385090954646448,0.42021961164232097,0.5385090954646448,handcrafted
rel_distance_from_c_terminus,-0.526210500333454,0.4242934202116118,0.526210500333454,handcrafted
mean_rsa_peptide,-0.06942302377423662,0.016952049888072925,0.06942302377423662,handcrafted
mean_disorder_peptide,0.14108887030594724,0.04119412523397905,0.14108887030594724,handcrafted
mean_rsa_nflank,-0.07224015217488941,0.03906432032709893,0.07224015217488941,handcrafted
mean_disorder_nflank,-0.028692595751105852,0.06360219761297123,0.028692595751105852,handcrafted
mean_rsa_cflank,0.013304620632651032,0.01178874881215384,0.013304620632651032,handcrafted
mean_disorder_cflank,-0.015553481544750702,0.028421137905752427,0.015553481544750702,handcrafted
q8point_H_peptide,0.04039347038561899,0.0192085163837005,0.04039347038561899,handcrafted
q8point_G_peptide,0.02455622676871109,0.006335533525280383,0.02455622676871109,handcrafted
q8point_I_peptide,0.060016444087440834,0.01748165457188501,0.060016444087440834,handcrafted
q8point_E_peptide,0.037761054868480484,0.011189496979117808,0.037761054868480484,handcrafted
q8point_B_peptide,-0.02343706090968043,0.01408983932258665,0.02343706090968043,handcrafted
q8point_T_peptide,-0.014087215928286675,0.00768341354322049,0.014087215928286675,handcrafted
q8point_S_peptide,-0.022096954504909,0.014367054926538196,0.022096954504909,handcrafted
q8point_C_peptide,-0.06747892597339346,0.021019836134373176,0.06747892597339346,handcrafted
q8point_H_nflank,0.011740187225716384,0.013302731710332546,0.011740187225716384,handcrafted
q8point_G_nflank,0.005589941224464095,0.017749595298170693,0.005589941224464095,handcrafted
q8point_I_nflank,-0.06533623553942511,0.06702694502497088,0.06533623553942511,handcrafted
q8point_E_nflank,-0.025360246635364115,0.013828884858887882,0.025360246635364115,handcrafted
q8point_B_nflank,-0.0014100333808136525,0.009324866682788873,0.0014100333808136525,handcrafted
q8point_T_nflank,-0.04438581081188549,0.011816754652015425,0.04438581081188549,handcrafted
q8point_S_nflank,-0.026537229203999358,0.01470958003111035,0.026537229203999358,handcrafted
q8point_C_nflank,0.05303891615844343,0.015165376291207183,0.05303891615844343,handcrafted
q8point_H_cflank,-0.02350878824469778,0.023623615976701314,0.02350878824469778,handcrafted
q8point_G_cflank,-0.017035202814655544,0.01067429671638392,0.017035202814655544,handcrafted
q8point_I_cflank,-0.008380775980344753,0.011456072731136252,0.008380775980344753,handcrafted
q8point_E_cflank,-0.028622880366818926,0.016792932385243164,0.028622880366818926,handcrafted
q8point_B_cflank,0.008053882199692532,0.007556403747429569,0.008053882199692532,handcrafted
q8point_T_cflank,-0.034444172626726485,0.015484973362276949,0.034444172626726485,handcrafted
q8point_S_cflank,-0.0368609874434741,0.017295762476522418,0.0368609874434741,handcrafted
q8point_C_cflank,0.017692296022961986,0.01829202745289544,0.017692296022961986,handcrafted
q8trans_H_n_pep,-0.02306511424376637,0.012304897057954619,0.02306511424376637,handcrafted
q8trans_G_n_pep,-0.03352679902221716,0.021658782655377302,0.03352679902221716,handcrafted
q8trans_I_n_pep,0.011773004267662885,0.05596119973342588,0.011773004267662885,handcrafted
q8trans_E_n_pep,-0.016644057420649706,0.03079065168657475,0.016644057420649706,handcrafted
q8trans_B_n_pep,0.0,0.0,0.0,handcrafted
q8trans_T_n_pep,0.0021140098604422756,0.003475529502659255,0.0021140098604422756,handcrafted
q8trans_S_n_pep,-0.0017308040768261833,0.007323833973482899,0.0017308040768261833,handcrafted
q8trans_C_n_pep,0.02864511603049146,0.008275720383042967,0.02864511603049146,handcrafted
q8trans_H_pep_c,-0.10151205074018668,0.029356344953733963,0.10151205074018668,handcrafted
q8trans_G_pep_c,-0.0011344049930374078,0.012398614815274961,0.0011344049930374078,handcrafted
q8trans_I_pep_c,-0.03980000148050091,0.00902894373876385,0.03980000148050091,handcrafted
q8trans_E_pep_c,0.004552938648963443,0.017244507967848748,0.004552938648963443,handcrafted
q8trans_B_pep_c,0.0,0.0,0.0,handcrafted
q8trans_T_pep_c,-0.010658470109425139,0.01187203281540213,0.010658470109425139,handcrafted
q8trans_S_pep_c,-0.0018006398178116313,0.008925823379620813,0.0018006398178116313,handcrafted
q8trans_C_pep_c,-0.009197089693764805,0.019824479274513487,0.009197089693764805,handcrafted
mean_plddt_peptide,0.02686540773967288,0.047818076672520214,0.02686540773967288,handcrafted
mean_plddt_nflank,-0.03546769562394737,0.03546992908523588,0.03546769562394737,handcrafted
mean_plddt_cflank,0.20190519690992229,0.05300846294274758,0.20190519690992229,handcrafted
N10_A,-0.04803775928645125,0.06557360029211087,0.04803775928645125,handcrafted
N10_C,-0.04778851388656172,0.03170293376779003,0.04778851388656172,handcrafted
N10_D,-0.06837180265927892,0.044588222939656315,0.06837180265927892,handcrafted
N10_E,-0.07317197822042919,0.06506664147092944,0.07317197822042919,handcrafted
N10_F,-0.0204285766952937,0.04141577343918107,0.0204285766952937,handcrafted
N10_G,-0.05237564805883562,0.06645314149216025,0.05237564805883562,handcrafted
N10_H,-0.03850257732402743,0.04085573666388649,0.03850257732402743,handcrafted
N10_I,-0.06858466624946293,0.05407666096241762,0.06858466624946293,handcrafted
N10_K,-0.05490636967397241,0.05820434432682628,0.05490636967397241,handcrafted
N10_L,-0.09471613997166979,0.08812278867079515,0.09471613997166979,handcrafted
N10_M,-0.0686099112155156,0.04300164098306905,0.0686099112155156,handcrafted
N10_N,-0.037381398258835366,0.05095291180800334,0.037381398258835366,handcrafted
N10_P,-0.06639728030774536,0.05620795992404921,0.06639728030774536,handcrafted
N10_Q,-0.009220559620498848,0.06255988976704249,0.009220559620498848,handcrafted
N10_R,-0.04206678856774991,0.06781276347850375,0.04206678856774991,handcrafted
N10_S,-0.0638115574509276,0.06450100723977065,0.0638115574509276,handcrafted
N10_T,-0.0359524221445969,0.0630098663833489,0.0359524221445969,handcrafted
N10_V,-0.07184383932583523,0.07271086337378431,0.07184383932583523,handcrafted
N10_W,-0.02796123816768272,0.021125964965748183,0.02796123816768272,handcrafted
N10_Y,-0.051166616430991796,0.045485265510515516,0.051166616430991796,handcrafted
N9_A,-0.09301243346175388,0.040004398480340556,0.09301243346175388,handcrafted
N9_C,-0.03777635581669388,0.02553582593934549,0.03777635581669388,handcrafted
N9_D,-0.09467650529279223,0.033096125519474266,0.09467650529279223,handcrafted
N9_E,-0.08193888903084764,0.04775437455804895,0.08193888903084764,handcrafted
N9_F,-0.06833048173831718,0.021416510101983206,0.06833048173831718,handcrafted
N9_G,-0.061066597594764974,0.03931193804512436,0.061066597594764974,handcrafted
N9_H,-0.043539320603163345,0.025154080584377146,0.043539320603163345,handcrafted
N9_I,-0.04299154403474083,0.02722429999957285,0.04299154403474083,handcrafted
N9_K,-0.07090807183787565,0.038127046308713976,0.07090807183787565,handcrafted
N9_L,-0.10653777013736401,0.05038408443476778,0.10653777013736401,handcrafted
N9_M,-0.06717675906364673,0.02060564104350775,0.06717675906364673,handcrafted
N9_N,-0.038654021149366245,0.03426233481664333,0.038654021149366245,handcrafted
N9_P,-0.09978943143041101,0.02629407203975612,0.09978943143041101,handcrafted
N9_Q,-0.05051862758993153,0.03435218394650287,0.05051862758993153,handcrafted
N9_R,-0.08621077627721835,0.03904656542099148,0.08621077627721835,handcrafted
N9_S,-0.06602917239203066,0.03688955586622573,0.06602917239203066,handcrafted
N9_T,-0.07970554848548285,0.03164982084592282,0.07970554848548285,handcrafted
N9_V,-0.10116001482551844,0.03889588991922815,0.10116001482551844,handcrafted
N9_W,-0.039922682548767886,0.021426251200073472,0.039922682548767886,handcrafted
N9_Y,-0.05220988821082999,0.02079952066705185,0.05220988821082999,handcrafted
N8_A,0.06652431550191204,0.09829627921733043,0.06652431550191204,handcrafted
N8_C,0.003229037518452091,0.047130961877866036,0.003229037518452091,handcrafted
N8_D,0.029796408146518922,0.07254978699687564,0.029796408146518922,handcrafted
N8_E,0.04666926426791809,0.09575159573705207,0.04666926426791809,handcrafted
N8_F,0.020508634106910693,0.07765624037065823,0.020508634106910693,handcrafted
N8_G,0.08590574866406933,0.08990385879070828,0.08590574866406933,handcrafted
N8_H,0.03075478220213443,0.05983036309283256,0.03075478220213443,handcrafted
N8_I,0.07405220085570736,0.07841299004538688,0.07405220085570736,handcrafted
N8_K,0.0394693035386203,0.08687889390442116,0.0394693035386203,handcrafted
N8_L,0.07750232545164862,0.1161889027890311,0.07750232545164862,handcrafted
N8_M,0.0358712174837247,0.05729598422376351,0.0358712174837247,handcrafted
N8_N,0.04548984296260225,0.08211599558171621,0.04548984296260225,handcrafted
N8_P,0.04190798483716167,0.0798832626637597,0.04190798483716167,handcrafted
N8_Q,0.026320158395943028,0.08072866404475679,0.026320158395943028,handcrafted
N8_R,0.06468809486673255,0.0755867791920182,0.06468809486673255,handcrafted
N8_S,0.07722010514017486,0.09519201515329061,0.07722010514017486,handcrafted
N8_T,0.052938526639192865,0.07766897615927455,0.052938526639192865,handcrafted
N8_V,0.0520567399778598,0.08801271145580093,0.0520567399778598,handcrafted
N8_W,0.040655054075597746,0.04311255480205453,0.040655054075597746,handcrafted
N8_Y,0.028677341543952628,0.06481910808917243,0.028677341543952628,handcrafted
N7_A,-0.08050500351259103,0.0728740617510742,0.08050500351259103,handcrafted
N7_C,-0.018335029660593867,0.05013233244609762,0.018335029660593867,handcrafted
N7_D,-0.1259101854640123,0.07131720990594544,0.1259101854640123,handcrafted
N7_E,-0.1280875994735907,0.08657095735274803,0.1280875994735907,handcrafted
N7_F,-0.07237590620107373,0.06024653875924897,0.07237590620107373,handcrafted
N7_G,-0.07446218570331327,0.07496856207412146,0.07446218570331327,handcrafted
N7_H,-0.081732357188087,0.04427459445311858,0.081732357188087,handcrafted
N7_I,-0.06376148384001358,0.06804841649504804,0.06376148384001358,handcrafted
N7_K,-0.06427499494979542,0.062464467558212916,0.06427499494979542,handcrafted
N7_L,-0.12499599048857304,0.08843583999182744,0.12499599048857304,handcrafted
N7_M,-0.027853683349256815,0.035753651506061204,0.027853683349256815,handcrafted
N7_N,-0.08780758502326332,0.059562305496362766,0.08780758502326332,handcrafted
N7_P,-0.09995631958210618,0.07621674688344797,0.09995631958210618,handcrafted
N7_Q,-0.060734368307413814,0.06874907189725421,0.060734368307413814,handcrafted
N7_R,-0.09708191486977695,0.07786108178339321,0.09708191486977695,handcrafted
N7_S,-0.08686218488411383,0.07735429195566862,0.08686218488411383,handcrafted
N7_T,-0.07692652235828511,0.07124700475842013,0.07692652235828511,handcrafted
N7_V,-0.0821543485235056,0.06982575194644008,0.0821543485235056,handcrafted
N7_W,-0.05362485978217082,0.030856304708476428,0.05362485978217082,handcrafted
N7_Y,-0.06576274796544052,0.052268372099495065,0.06576274796544052,handcrafted
N6_A,-0.00978836009696713,0.04740455014844268,0.00978836009696713,handcrafted
N6_C,-0.06713341201872804,0.03826159935263229,0.06713341201872804,handcrafted
N6_D,-0.10103519533875331,0.045136212229794415,0.10103519533875331,handcrafted
N6_E,-0.05832481749029829,0.05299607449515294,0.05832481749029829,handcrafted
N6_F,-0.028445677737496372,0.04688605114041276,0.028445677737496372,handcrafted
N6_G,-0.02523586821146836,0.03684270922214701,0.02523586821146836,handcrafted
N6_H,-0.028107127377481406,0.02798806516315425,0.028107127377481406,handcrafted
N6_I,-0.02039654744501159,0.03809145427353534,0.02039654744501159,handcrafted
N6_K,-0.07503713080736349,0.047874229246487314,0.07503713080736349,handcrafted
N6_L,-0.07063802833515745,0.06070599367486049,0.07063802833515745,handcrafted
N6_M,0.00703429317568721,0.029199259357966093,0.00703429317568721,handcrafted
N6_N,-0.02850117594156291,0.028116969156172997,0.02850117594156291,handcrafted
N6_P,-0.07432801534278281,0.0386451271993778,0.07432801534278281,handcrafted
N6_Q,-0.03512396878516035,0.042813635008918535,0.03512396878516035,handcrafted
N6_R,-0.08327459539475013,0.046164060996278865,0.08327459539475013,handcrafted
N6_S,-0.0471640964368492,0.04577861565325985,0.0471640964368492,handcrafted
N6_T,-0.05192199680549533,0.0436339273807132,0.05192199680549533,handcrafted
N6_V,-0.03039470320212844,0.05494424972288476,0.03039470320212844,handcrafted
N6_W,-0.015573546051530551,0.021279066096846832,0.015573546051530551,handcrafted
N6_Y,-0.013629730176832255,0.038134669962442885,0.013629730176832255,handcrafted
N5_A,-0.0072699443101234985,0.028159903409010485,0.0072699443101234985,handcrafted
N5_C,-0.040731441811033026,0.023229961191782972,0.040731441811033026,handcrafted
N5_D,-0.056110502128167636,0.021208323219249234,0.056110502128167636,handcrafted
N5_E,-0.05585798878595146,0.03099458222021872,0.05585798878595146,handcrafted
N5_F,-0.01745123926943011,0.02587178644529054,0.01745123926943011,handcrafted
N5_G,-0.008533099882486139,0.02858194200508716,0.008533099882486139,handcrafted
N5_H,-0.012642881828220839,0.009919784904106433,0.012642881828220839,handcrafted
N5_I,-0.021625411494417435,0.015221137598681258,0.021625411494417435,handcrafted
N5_K,-0.013208192944168598,0.020338032314635768,0.013208192944168598,handcrafted
N5_L,0.010981460184374677,0.0381350473494548,0.010981460184374677,handcrafted
N5_M,-0.002775974884841798,0.012415004608319744,0.002775974884841798,handcrafted
N5_N,-0.012967676662657468,0.01702833159249604,0.012967676662657468,handcrafted
N5_P,-0.05338078966897081,0.016904247006640342,0.05338078966897081,handcrafted
N5_Q,0.0010099954435807592,0.0227177003146279,0.0010099954435807592,handcrafted
N5_R,-0.01983487477194499,0.020865975200019756,0.01983487477194499,handcrafted
N5_S,-0.022364539595904294,0.018531672284495142,0.022364539595904294,handcrafted
N5_T,-0.00975357130248105,0.019960742531836953,0.00975357130248105,handcrafted
N5_V,-0.011015895278516704,0.013759886888250718,0.011015895278516704,handcrafted
N5_W,0.021583996607785386,0.014209731883862065,0.021583996607785386,handcrafted
N5_Y,-0.01743842074817371,0.012760371709861305,0.01743842074817371,handcrafted
N4_A,0.03203495428817478,0.03476578317478378,0.03203495428817478,aa_encoding
N4_C,0.023169188675652118,0.02675897172895565,0.023169188675652118,aa_encoding
N4_D,-0.059888182678901856,0.029689659748524326,0.059888182678901856,aa_encoding
N4_E,-0.040645368312026774,0.042064838844138294,0.040645368312026774,aa_encoding
N4_F,-0.019166136329638147,0.03079559325046044,0.019166136329638147,aa_encoding
N4_G,-0.034603532242402944,0.037018206712776835,0.034603532242402944,aa_encoding
N4_H,-0.016561811373803047,0.021791021694351428,0.016561811373803047,aa_encoding
N4_I,-0.014068760464492472,0.03374268396106285,0.014068760464492472,aa_encoding
N4_K,-0.03555956176359957,0.035364144040347587,0.03555956176359957,aa_encoding
N4_L,-0.032676195651281534,0.047911169559901254,0.032676195651281534,aa_encoding
N4_M,-0.0012735581843213895,0.023612808314075938,0.0012735581843213895,aa_encoding
N4_N,0.011881418496293863,0.027303526136794817,0.011881418496293863,aa_encoding
N4_P,-0.0937927609210698,0.025634058613778394,0.0937927609210698,aa_encoding
N4_Q,0.018358945765141854,0.03908273786557746,0.018358945765141854,aa_encoding
N4_R,-0.021871874132324505,0.030871172324350292,0.021871874132324505,aa_encoding
N4_S,-0.030221944668596436,0.04019541350807934,0.030221944668596436,aa_encoding
N4_T,0.01012984142826871,0.03944164316069398,0.01012984142826871,aa_encoding
N4_V,0.01698433958764481,0.028356917601056256,0.01698433958764481,aa_encoding
N4_W,0.022242898739434892,0.021677918612718228,0.022242898739434892,aa_encoding
N4_Y,-0.005147119479370601,0.03117685691916495,0.005147119479370601,aa_encoding
N3_A,0.02526190986061619,0.04333065373305378,0.02526190986061619,aa_encoding
N3_C,0.03597448026465,0.017528362764219922,0.03597448026465,aa_encoding
N3_D,0.02079058543396253,0.03906405442479777,0.02079058543396253,aa_encoding
N3_E,0.039679496354075194,0.03900873982115879,0.039679496354075194,aa_encoding
N3_F,-0.015595232507649553,0.03890216781551106,0.015595232507649553,aa_encoding
N3_G,-0.06314726296309113,0.03118860028978781,0.06314726296309113,aa_encoding
N3_H,0.05183193090420287,0.019409597334285676,0.05183193090420287,aa_encoding
N3_I,-0.007752849622234772,0.03291647972939181,0.007752849622234772,aa_encoding
N3_K,0.05332205130044678,0.04003166173334276,0.05332205130044678,aa_encoding
N3_L,0.04409858890664771,0.05928757234162904,0.04409858890664771,aa_encoding
N3_M,-0.00627548213599226,0.039120689029742334,0.00627548213599226,aa_encoding
N3_N,0.04888712952176568,0.03150020780490924,0.04888712952176568,aa_encoding
N3_P,-0.13001248063258772,0.03257715336720533,0.13001248063258772,aa_encoding
N3_Q,0.07551419957926947,0.0362795685440788,0.07551419957926947,aa_encoding
N3_R,0.06578059868694999,0.03872573872146486,0.06578059868694999,aa_encoding
N3_S,0.04360392896476967,0.035873254110537336,0.04360392896476967,aa_encoding
N3_T,0.07509013148268788,0.03090610022550642,0.07509013148268788,aa_encoding
N3_V,0.04257216942528248,0.03387169179419919,0.04257216942528248,aa_encoding
N3_W,0.0038038646693324637,0.018735510358071795,0.0038038646693324637,aa_encoding
N3_Y,0.011352166823065106,0.030379894627706145,0.011352166823065106,aa_encoding
N2_A,0.0013194931523224387,0.07552101424700562,0.0013194931523224387,aa_encoding
N2_C,-0.009031194251287058,0.03742476476982476,0.009031194251287058,aa_encoding
N2_D,-0.015624047160900854,0.061667092059175935,0.015624047160900854,aa_encoding
N2_E,-0.03450652862689461,0.06762923550719277,0.03450652862689461,aa_encoding
N2_F,-0.07403717559204288,0.0467236708587021,0.07403717559204288,aa_encoding
N2_G,-0.029643837164324588,0.046531185788897686,0.029643837164324588,aa_encoding
N2_H,-0.023309690964082152,0.04277544423069723,0.023309690964082152,aa_encoding
N2_I,-0.1662202166073941,0.06066431653459268,0.1662202166073941,aa_encoding
N2_K,-0.04389051344714049,0.05964913548119728,0.04389051344714049,aa_encoding
N2_L,-0.12074396124139111,0.07838145036418448,0.12074396124139111,aa_encoding
N2_M,-0.0048633409469214395,0.0318267294166536,0.0048633409469214395,aa_encoding
N2_N,0.05022925013191024,0.04539519999207494,0.05022925013191024,aa_encoding
N2_P,-0.24316691730818135,0.06542512688955131,0.24316691730818135,aa_encoding
N2_Q,1.57752306821371e-05,0.05262325466628681,1.57752306821371e-05,aa_encoding
N2_R,-0.01694413600752805,0.061424159515458605,0.01694413600752805,aa_encoding
N2_S,0.01398325010067808,0.058685648642579094,0.01398325010067808,aa_encoding
N2_T,-0.00951100960127858,0.052824692758799606,0.00951100960127858,aa_encoding
N2_V,-0.0951043054511206,0.0705651537023088,0.0951043054511206,aa_encoding
N2_W,-0.045925886219845766,0.024047683839127133,0.045925886219845766,aa_encoding
N2_Y,-0.05281273906050972,0.038129591020500515,0.05281273906050972,aa_encoding
N1_A,0.09516969716331622,0.041612330148276484,0.09516969716331622,aa_encoding
N1_C,0.04135218353152986,0.029776081292414838,0.04135218353152986,aa_encoding
N1_D,0.03292261558149455,0.039598204381142865,0.03292261558149455,aa_encoding
N1_E,-0.050439623676407495,0.03576560460774048,0.050439623676407495,aa_encoding
N1_F,-0.037180802642091275,0.0195570191470745,0.037180802642091275,aa_encoding
N1_G,0.07284256106521009,0.02409205367373235,0.07284256106521009,aa_encoding
N1_H,-0.01747624414892571,0.03146984550890041,0.01747624414892571,aa_encoding
N1_I,-0.09884915781041273,0.0357597806091486,0.09884915781041273,aa_encoding
N1_K,-0.061850871722726464,0.03155162257848279,0.061850871722726464,aa_encoding
N1_L,-0.03714484325619708,0.0438844351498101,0.03714484325619708,aa_encoding
N1_M,-0.02934105847684143,0.023900155995108772,0.02934105847684143,aa_encoding
N1_N,0.01019099455234081,0.031318849900263526,0.01019099455234081,aa_encoding
N1_P,-0.2677940205027488,0.04114296250395422,0.2677940205027488,aa_encoding
N1_Q,-0.07203315344873998,0.025780929349540467,0.07203315344873998,aa_encoding
N1_R,-0.0003971330657404831,0.034050541521205326,0.0003971330657404831,aa_encoding
N1_S,0.034440869761620675,0.041616520686118576,0.034440869761620675,aa_encoding
N1_T,-0.02265526918997071,0.04103994559039922,0.02265526918997071,aa_encoding
N1_V,-0.07696923200064569,0.031847793122735425,0.07696923200064569,aa_encoding
N1_W,-0.026461041906265064,0.010041502138297433,0.026461041906265064,aa_encoding
N1_Y,-0.013145594809813126,0.025496262024785554,0.013145594809813126,aa_encoding
P1_A,0.0255417605054288,0.009082451720069683,0.0255417605054288,aa_encoding
P1_C,-0.056538251487747423,0.009473538104775234,0.056538251487747423,aa_encoding
P1_D,-0.06359858586676335,0.011146312891531444,0.06359858586676335,aa_encoding
P1_E,-0.08885390442142103,0.014681747293142314,0.08885390442142103,aa_encoding
P1_F,0.003478955619915273,0.004631312537315286,0.003478955619915273,aa_encoding
P1_G,-0.016841200623477225,0.013520646145634209,0.016841200623477225,aa_encoding
P1_H,0.04144264009496506,0.011923694446113246,0.04144264009496506,aa_encoding
P1_I,-0.010026002654972955,0.005978009641001204,0.010026002654972955,aa_encoding
P1_K,0.0339581478828943,0.007487927900113766,0.0339581478828943,aa_encoding
P1_L,-0.007054844948390785,0.005784487893691883,0.007054844948390785,aa_encoding
P1_M,-0.13859018769135,0.009233473601444489,0.13859018769135,aa_encoding
P1_N,-0.024049179149936407,0.010426635114081415,0.024049179149936407,aa_encoding
P1_P,-0.047560429654573314,0.006314949096207504,0.047560429654573314,aa_encoding
P1_Q,-0.020714520741896458,0.012847626550054446,0.020714520741896458,aa_encoding
P1_R,-0.01962870854993607,0.013788883257118521,0.01962870854993607,aa_encoding
P1_S,0.07287529356274197,0.0059550545283613655,0.07287529356274197,aa_encoding
P1_T,0.02671550956469997,0.013341642437445421,0.02671550956469997,aa_encoding
P1_V,-0.027854270995818147,0.005112938276490707,0.027854270995818147,aa_encoding
P1_W,-0.02342594029214032,0.015418528300951478,0.02342594029214032,aa_encoding
P1_Y,0.030555142398465702,0.01867924616586889,0.030555142398465702,aa_encoding
P2_A,0.03911956556891174,0.009707663268352422,0.03911956556891174,aa_encoding
P2_C,0.08329159196639557,0.03193763463762444,0.08329159196639557,aa_encoding
P2_D,0.0,0.0,0.0,aa_encoding
P2_E,0.03529876828707087,0.05343327444709359,0.03529876828707087,aa_encoding
P2_F,0.15183536814638093,0.01182892243185066,0.15183536814638093,aa_encoding
P2_G,0.014590406989514287,0.007406190055948385,0.014590406989514287,aa_encoding
P2_H,0.07253735106227199,0.015294870173929179,0.07253735106227199,aa_encoding
P2_I,-0.07192895438996376,0.011891833141065523,0.07192895438996376,aa_encoding
P2_K,-0.10004791487142481,0.017853429100537034,0.10004791487142481,aa_encoding
P2_L,0.11791623496818351,0.013620439640709782,0.11791623496818351,aa_encoding
P2_M,-0.10254948142526836,0.008424636368298323,0.10254948142526836,aa_encoding
P2_N,-0.014458545181932472,0.004349478424559443,0.014458545181932472,aa_encoding
P2_P,0.09003719219485776,0.055541175867654634,0.09003719219485776,aa_encoding
P2_Q,0.017155795751132148,0.009837679783136492,0.017155795751132148,aa_encoding
P2_R,0.0,0.0,0.0,aa_encoding
P2_S,-0.03662222551787486,0.008363711809336179,0.03662222551787486,aa_encoding
P2_T,-0.006294487127883138,0.00932027661002647,0.006294487127883138,aa_encoding
P2_V,-0.10305991337422564,0.011164812024625059,0.10305991337422564,aa_encoding
P2_W,0.15334851952258818,0.02717755608401265,0.15334851952258818,aa_encoding
P2_Y,0.08462196450587552,0.01228011418704802,0.08462196450587552,aa_encoding
P3_A,0.03313484522205904,0.014139221573381327,0.03313484522205904,aa_encoding
P3_C,-0.008965744916109852,0.009371392914323427,0.008965744916109852,aa_encoding
P3_D,0.006195913650284288,0.014277164177528851,0.006195913650284288,aa_encoding
P3_E,-0.10596952171654372,0.008217436488406444,0.10596952171654372,aa_encoding
P3_F,-0.005021452058338438,0.008976504524444897,0.005021452058338438,aa_encoding
P3_G,-0.0658823143587518,0.008233341603371717,0.0658823143587518,aa_encoding
P3_H,0.10016265368256713,0.013804967067575466,0.10016265368256713,aa_encoding
P3_I,0.023629351084366076,0.007667112551843956,0.023629351084366076,aa_encoding
P3_K,-0.13114112995419014,0.01348234042385759,0.13114112995419014,aa_encoding
P3_L,0.08497012511683373,0.02073145494249449,0.08497012511683373,aa_encoding
P3_M,0.029942464254615542,0.01079525780279884,0.029942464254615542,aa_encoding
P3_N,-0.059910102435131084,0.011865597125675304,0.059910102435131084,aa_encoding
P3_P,-0.08576944487767643,0.005208379288038989,0.08576944487767643,aa_encoding
P3_Q,0.04342391453067995,0.012180528890190697,0.04342391453067995,aa_encoding
P3_R,-0.02764020493830573,0.011190539292318029,0.02764020493830573,aa_encoding
P3_S,0.02952818839365423,0.00792757823358487,0.02952818839365423,aa_encoding
P3_T,0.05844346068152197,0.00940670778353395,0.05844346068152197,aa_encoding
P3_V,-0.08805581042397849,0.015385854741477679,0.08805581042397849,aa_encoding
P3_W,0.0726518630691017,0.016151822456043727,0.0726518630691017,aa_encoding
P3_Y,-0.029067725070617056,0.008664708391075828,0.029067725070617056,aa_encoding
P4_A,-0.09275310437985898,0.011642762918166134,0.09275310437985898,aa_encoding
P4_C,-0.006161067906933088,0.007411142053210227,0.006161067906933088,aa_encoding
P4_D,0.0726407344404723,0.015363692979639208,0.0726407344404723,aa_encoding
P4_E,0.045217959945551625,0.012523679886438243,0.045217959945551625,aa_encoding
P4_F,-0.046299405686935455,0.007097872836929472,0.046299405686935455,aa_encoding
P4_G,-0.03601679395328683,0.010885264163323428,0.03601679395328683,aa_encoding
P4_H,0.11181744320310646,0.016530573120711583,0.11181744320310646,aa_encoding
P4_I,0.0033039192468229755,0.003860682933428469,0.0033039192468229755,aa_encoding
P4_K,0.026984221686031547,0.020345430187399753,0.026984221686031547,aa_encoding
P4_L,-0.06846950368154271,0.01213622959421069,0.06846950368154271,aa_encoding
P4_M,-0.04062099850624452,0.008066683739137409,0.04062099850624452,aa_encoding
P4_N,0.006146138982510008,0.006409415806352368,0.006146138982510008,aa_encoding
P4_P,-0.05945658323331354,0.0057628938753967775,0.05945658323331354,aa_encoding
P4_Q,-0.011772399515559842,0.007249039887393546,0.011772399515559842,aa_encoding
P4_R,-0.013547663309722475,0.007175669615251973,0.013547663309722475,aa_encoding
P4_S,0.042524814105062946,0.01724298026821128,0.042524814105062946,aa_encoding
P4_T,-0.007981904966851852,0.008687145714172208,0.007981904966851852,aa_encoding
P4_V,-0.026499952870827202,0.008969507542268603,0.026499952870827202,aa_encoding
P4_W,0.014469569226794238,0.00968586482517954,0.014469569226794238,aa_encoding
P4_Y,-0.05657520673496665,0.018862779128416118,0.05657520673496665,aa_encoding
P5_A,-0.03055245393219071,0.007790694230096452,0.03055245393219071,aa_encoding
P5_C,-0.04712487387700216,0.00831057909085824,0.04712487387700216,aa_encoding
P5_D,-0.005300500536761529,0.012169158444242682,0.005300500536761529,aa_encoding
P5_E,-0.008123562766597283,0.016270788875604292,0.008123562766597283,aa_encoding
P5_F,-0.007487113445535314,0.00932782081932529,0.007487113445535314,aa_encoding
P5_G,-0.0036962326805982174,0.012478422787548786,0.0036962326805982174,aa_encoding
P5_H,0.17712144866845214,0.01134686257221402,0.17712144866845214,aa_encoding
P5_I,-0.057109641812757884,0.011525209750089171,0.057109641812757884,aa_encoding
P5_K,0.14300874283951207,0.016507347730044006,0.14300874283951207,aa_encoding
P5_L,-0.11702763973718996,0.009269524031538965,0.11702763973718996,aa_encoding
P5_M,-0.0779478057100765,0.0051744934015260724,0.0779478057100765,aa_encoding
P5_N,0.07055232319252693,0.008393757866336182,0.07055232319252693,aa_encoding
P5_P,-0.23748177294872952,0.0051232813142439194,0.23748177294872952,aa_encoding
P5_Q,0.05062647552015017,0.0007192703085067682,0.05062647552015017,aa_encoding
P5_R,0.1151857692138821,0.012603466249059586,0.1151857692138821,aa_encoding
P5_S,0.06812006278161184,0.012978772093426256,0.06812006278161184,aa_encoding
P5_T,0.03895841536764828,0.013972115174152562,0.03895841536764828,aa_encoding
P5_V,-0.050390366845279574,0.014212649914338103,0.050390366845279574,aa_encoding
P5_W,-0.010759506279339876,0.011209500809908141,0.010759506279339876,aa_encoding
P5_Y,-0.012962650398533337,0.011634208275792934,0.012962650398533337,aa_encoding
P6_A,-0.08611775807255465,0.010954924007343863,0.08611775807255465,aa_encoding
P6_C,-0.005612488931921776,0.0035343205196275078,0.005612488931921776,aa_encoding
P6_D,-0.0389730887250712,0.011356227923220042,0.0389730887250712,aa_encoding
P6_E,0.010117580876253248,0.006638717378740638,0.010117580876253248,aa_encoding
P6_F,-0.10642100643282042,0.016630927123058824,0.10642100643282042,aa_encoding
P6_G,-0.14037224223116235,0.012677711855967581,0.14037224223116235,aa_encoding
P6_H,0.0006867309269882442,0.004995511851052803,0.0006867309269882442,aa_encoding
P6_I,0.09469205831437363,0.008471461985299708,0.09469205831437363,aa_encoding
P6_K,-0.07372159362512878,0.014770516585390952,0.07372159362512878,aa_encoding
P6_L,0.051040717272809344,0.013138142525971208,0.051040717272809344,aa_encoding
P6_M,-0.12158873404936368,0.010194894311884748,0.12158873404936368,aa_encoding
P6_N,0.050212223325099656,0.00643785229389642,0.050212223325099656,aa_encoding
P6_P,-0.025623558265733815,0.019142087748776328,0.025623558265733815,aa_encoding
P6_Q,0.00966125947829608,0.007366448370625538,0.00966125947829608,aa_encoding
P6_R,0.007968312345461092,0.012044997462479048,0.007968312345461092,aa_encoding
P6_S,0.013788985172356683,0.016523424966191597,0.013788985172356683,aa_encoding
P6_T,0.03589031209703235,0.015037355508135118,0.03589031209703235,aa_encoding
P6_V,0.11154529969607156,0.007187100067588434,0.11154529969607156,aa_encoding
P6_W,-0.026580199541520366,0.01240437982820671,0.026580199541520366,aa_encoding
P6_Y,-0.06619432481209603,0.005589234688719168,0.06619432481209603,aa_encoding
P7_A,-0.050660733169535455,0.008304174588515048,0.050660733169535455,aa_encoding
P7_C,-0.026740908222227144,0.012761186637965171,0.026740908222227144,aa_encoding
P7_D,-0.1347263484244475,0.010628619239482969,0.1347263484244475,aa_encoding
P7_E,-0.06213962287932802,0.009042315307447191,0.06213962287932802,aa_encoding
P7_F,0.033431796572173364,0.016988845390758466,0.033431796572173364,aa_encoding
P7_G,-0.16800734651225216,0.013588310900398479,0.16800734651225216,aa_encoding
P7_H,0.24202891599684548,0.015418405275094546,0.24202891599684548,aa_encoding
P7_I,0.08324851584532018,0.010044259690650127,0.08324851584532018,aa_encoding
P7_K,-0.01064414105076392,0.013035054274649146,0.01064414105076392,aa_encoding
P7_L,-0.06164545366839267,0.01432286751110483,0.06164545366839267,aa_encoding
P7_M,-0.11157450594801457,0.011837378238350323,0.11157450594801457,aa_encoding
P7_N,-0.07220054866130642,0.010847929770519038,0.07220054866130642,aa_encoding
P7_P,0.08574444492803222,0.014748749176541731,0.08574444492803222,aa_encoding
P7_Q,-0.06844854348022472,0.009656849075213032,0.06844854348022472,aa_encoding
P7_R,-0.027658022753544943,0.01223215590076459,0.027658022753544943,aa_encoding
P7_S,-0.08486770129153677,0.006449883123645651,0.08486770129153677,aa_encoding
P7_T,0.012245333117710052,0.013664215729426058,0.012245333117710052,aa_encoding
P7_V,0.08761244393545596,0.01340623781615486,0.08761244393545596,aa_encoding
P7_W,0.044673684057086285,0.009691722872105625,0.044673684057086285,aa_encoding
P7_Y,0.06283385746942216,0.010160352643673933,0.06283385746942216,aa_encoding
P8_A,-0.06764154497216197,0.01505933500481332,0.06764154497216197,aa_encoding
P8_C,-0.015465023843759479,0.018077437264891173,0.015465023843759479,aa_encoding
P8_D,-0.09775438894965108,0.008974024021211264,0.09775438894965108,aa_encoding
P8_E,0.0026112476465166845,0.01640213718492898,0.0026112476465166845,aa_encoding
P8_F,-0.0027178541916775246,0.008624595715386046,0.0027178541916775246,aa_encoding
P8_G,0.014743986339997225,0.013398285940435963,0.014743986339997225,aa_encoding
P8_H,0.10785544917331087,0.0066250790378753225,0.10785544917331087,aa_encoding
P8_I,-0.12231742547984262,0.009034036298603618,0.12231742547984262,aa_encoding
P8_K,0.11163488218780655,0.013977431322594802,0.11163488218780655,aa_encoding
P8_L,-0.08205496017967517,0.01344379432127007,0.08205496017967517,aa_encoding
P8_M,-0.10658456615987559,0.008871489746327269,0.10658456615987559,aa_encoding
P8_N,0.05045286961302754,0.0032754756068016397,0.05045286961302754,aa_encoding
P8_P,-0.17050580291404688,0.012661286502733274,0.17050580291404688,aa_encoding
P8_Q,0.07550764820411573,0.00983027063233779,0.07550764820411573,aa_encoding
P8_R,0.04583707850055786,0.008552659014734764,0.04583707850055786,aa_encoding
P8_S,-0.03135888555701779,0.010844149909525886,0.03135888555701779,aa_encoding
P8_T,0.07446089921106676,0.013973437366176303,0.07446089921106676,aa_encoding
P8_V,-0.06454245856150836,0.007724470809474713,0.06454245856150836,aa_encoding
P8_W,-0.04331894235138441,0.005451170668827216,0.04331894235138441,aa_encoding
P8_Y,0.0645316845645574,0.00797943779448147,0.0645316845645574,aa_encoding
P9_A,-0.03681774329919934,0.012806724029265016,0.03681774329919934,aa_encoding
P9_C,0.07497915137873137,0.014386079079253884,0.07497915137873137,aa_encoding
P9_D,0.0,0.0,0.0,aa_encoding
P9_E,-0.10249836064895343,0.047282756966523065,0.10249836064895343,aa_encoding
P9_F,0.0017370633404145345,0.008466127201153719,0.0017370633404145345,aa_encoding
P9_G,-0.0016441114077916264,0.003544902360222345,0.0016441114077916264,aa_encoding
P9_H,0.039137554733774046,0.022363364481199213,0.039137554733774046,aa_encoding
P9_I,-0.10161511794569718,0.011211609983516193,0.10161511794569718,aa_encoding
P9_K,0.08021524514342446,0.03307627180572004,0.08021524514342446,aa_encoding
P9_L,0.020465143307293446,0.022197958168833014,0.020465143307293446,aa_encoding
P9_M,-0.2147066838732133,0.0068339692995339684,0.2147066838732133,aa_encoding
P9_N,-0.03852810297688988,0.020288135734887507,0.03852810297688988,aa_encoding
P9_P,-0.04402274485280658,0.006594853980340702,0.04402274485280658,aa_encoding
P9_Q,0.08949706726835696,0.0223135958294743,0.08949706726835696,aa_encoding
P9_R,-0.016159408958339155,0.037936016966875805,0.016159408958339155,aa_encoding
P9_S,-0.050360813826850225,0.013139772141041523,0.050360813826850225,aa_encoding
P9_T,-0.10152167295538791,0.007439037971199855,0.10152167295538791,aa_encoding
P9_V,0.14677033965102373,0.015802804652985787,0.14677033965102373,aa_encoding
P9_W,0.08708428178716655,0.017423192008178486,0.08708428178716655,aa_encoding
P9_Y,0.014258296303390493,0.008559222795867003,0.014258296303390493,aa_encoding
C1_A,0.048787757179237036,0.09894850443801856,0.048787757179237036,aa_encoding
C1_C,-0.03333609545767937,0.04868705755382824,0.03333609545767937,aa_encoding
C1_D,-0.17484985626323202,0.08355577573886756,0.17484985626323202,aa_encoding
C1_E,-0.16948218911792268,0.10081969324648314,0.16948218911792268,aa_encoding
C1_F,-0.20226887304035673,0.0809680930820474,0.20226887304035673,aa_encoding
C1_G,-0.058579922746854175,0.08407945321772038,0.058579922746854175,aa_encoding
C1_H,-0.02497155135890505,0.06034056692583383,0.02497155135890505,aa_encoding
C1_I,-0.2951580951560898,0.07593683460067804,0.2951580951560898,aa_encoding
C1_K,0.01273039903524722,0.10312891113340672,0.01273039903524722,aa_encoding
C1_L,-0.277255373328815,0.11671457131819099,0.277255373328815,aa_encoding
C1_M,-0.06663864557232792,0.05746124426170165,0.06663864557232792,aa_encoding
C1_N,-0.08629653731313998,0.07613187304080098,0.08629653731313998,aa_encoding
C1_P,-0.21735892451212174,0.09056066518509136,0.21735892451212174,aa_encoding
C1_Q,-0.07371823712149607,0.08835193214030827,0.07371823712149607,aa_encoding
C1_R,-0.012282041859115727,0.09576529411649273,0.012282041859115727,aa_encoding
C1_S,0.03314910809058422,0.10279114554715328,0.03314910809058422,aa_encoding
C1_T,-0.06972566574305163,0.09582498726333878,0.06972566574305163,aa_encoding
C1_V,-0.17592722175983105,0.09318001730279704,0.17592722175983105,aa_encoding
C1_W,-0.12290594820735327,0.048724770090615994,0.12290594820735327,aa_encoding
C1_Y,-0.11710088331270241,0.061156474441792036,0.11710088331270241,aa_encoding
C2_A,7.970883221029637e-05,0.06244571720680065,7.970883221029637e-05,aa_encoding
C2_C,-0.0002265587336145638,0.035226430819780795,0.0002265587336145638,aa_encoding
C2_D,-0.03958844668360217,0.05965446706075103,0.03958844668360217,aa_encoding
C2_E,-0.05925663839421491,0.0640462976182183,0.05925663839421491,aa_encoding
C2_F,-0.07253703504156774,0.0496094484746414,0.07253703504156774,aa_encoding
C2_G,0.07784268953908172,0.07233722518811497,0.07784268953908172,aa_encoding
C2_H,-0.059162645284092076,0.03871463831624172,0.059162645284092076,aa_encoding
C2_I,-0.018486397643336407,0.046967408616322516,0.018486397643336407,aa_encoding
C2_K,0.015985397120655526,0.048971869763900104,0.015985397120655526,aa_encoding
C2_L,0.040937863478706524,0.06700107416137374,0.040937863478706524,aa_encoding
C2_M,0.053286552722677,0.03975921379507781,0.053286552722677,aa_encoding
C2_N,-0.03171015668580824,0.05902281047592046,0.03171015668580824,aa_encoding
C2_P,-0.144354906935307,0.05180198505339685,0.144354906935307,aa_encoding
C2_Q,-0.024283467763496196,0.05728401455870365,0.024283467763496196,aa_encoding
C2_R,0.025434445499649273,0.05118017580670349,0.025434445499649273,aa_encoding
C2_S,-0.007474599163854625,0.07839471722986935,0.007474599163854625,aa_encoding
C2_T,0.01968650368364381,0.06316168522064956,0.01968650368364381,aa_encoding
C2_V,-0.06684757380693093,0.05272377826100978,0.06684757380693093,aa_encoding
C2_W,0.0110761800026631,0.022020377416891234,0.0110761800026631,aa_encoding
C2_Y,-0.03467648005396319,0.039104631425988995,0.03467648005396319,aa_encoding
C3_A,0.057369178907579976,0.04924981247344738,0.057369178907579976,aa_encoding
C3_C,0.0031965573418081864,0.02374454393995811,0.0031965573418081864,aa_encoding
C3_D,0.02375674715262227,0.030268763318642998,0.02375674715262227,aa_encoding
C3_E,0.04138573604186916,0.037624464390943725,0.04138573604186916,aa_encoding
C3_F,0.017143656548489386,0.0217957690862508,0.017143656548489386,aa_encoding
C3_G,0.06488802356893009,0.040049354114963895,0.06488802356893009,aa_encoding
C3_H,0.021791030529115338,0.016622195306170453,0.021791030529115338,aa_encoding
C3_I,-0.04388033373513046,0.03869881607371074,0.04388033373513046,aa_encoding
C3_K,0.02985522166971072,0.036066792136518054,0.02985522166971072,aa_encoding
C3_L,-0.027430140578312633,0.04361761296525156,0.027430140578312633,aa_encoding
C3_M,0.033407189164927735,0.027080718753845656,0.033407189164927735,aa_encoding
C3_N,-0.0042834839787854965,0.030462848644026933,0.0042834839787854965,aa_encoding
C3_P,-0.06220860743357961,0.031705223609817514,0.06220860743357961,aa_encoding
C3_Q,0.030785793799269285,0.026433176767559692,0.030785793799269285,aa_encoding
C3_R,0.03157464043870636,0.023216667486767487,0.03157464043870636,aa_encoding
C3_S,0.03494226394999522,0.04474018097721735,0.03494226394999522,aa_encoding
C3_T,0.034450660400012455,0.03404159451220132,0.034450660400012455,aa_encoding
C3_V,-0.025586265339374702,0.04250599138796179,0.025586265339374702,aa_encoding
C3_W,0.018614701702106683,0.015000690554963178,0.018614701702106683,aa_encoding
C3_Y,0.012680455625380796,0.03615860332988037,0.012680455625380796,aa_encoding
C4_A,0.14183104576631872,0.1762288671136997,0.14183104576631872,aa_encoding
C4_C,0.06042846721294367,0.09221761012498934,0.06042846721294367,aa_encoding
C4_D,0.082547974948453,0.14428357954736923,0.082547974948453,aa_encoding
C4_E,0.10368509248550446,0.16139055363370522,0.10368509248550446,aa_encoding
C4_F,0.07014460462712954,0.12249472253272978,0.07014460462712954,aa_encoding
C4_G,0.15606061044020966,0.1635337991349798,0.15606061044020966,aa_encoding
C4_H,0.10495026623727463,0.10716946562222342,0.10495026623727463,aa_encoding
C4_I,0.05011620879916452,0.14912938598327047,0.05011620879916452,aa_encoding
C4_K,0.10015643406256111,0.16228423644189804,0.10015643406256111,aa_encoding
C4_L,0.09736549897950028,0.20903299660854813,0.09736549897950028,aa_encoding
C4_M,0.08728519173955132,0.10885537392803439,0.08728519173955132,aa_encoding
C4_N,0.06006358393917245,0.14450491187555434,0.06006358393917245,aa_encoding
C4_P,0.12124061118107732,0.1475822373229827,0.12124061118107732,aa_encoding
C4_Q,0.0915931805704743,0.14735647385519443,0.0915931805704743,aa_encoding
C4_R,0.10469109013705888,0.1456815012652099,0.10469109013705888,aa_encoding
C4_S,0.11623013511039873,0.1825967954536399,0.11623013511039873,aa_encoding
C4_T,0.10874965317285805,0.15299552934263919,0.10874965317285805,aa_encoding
C4_V,0.09701185695488437,0.16991905897884918,0.09701185695488437,aa_encoding
C4_W,0.03890257994657388,0.07172898841284743,0.03890257994657388,aa_encoding
C4_Y,0.08131193338095127,0.1100366662024433,0.08131193338095127,aa_encoding
C5_A,-0.01071535462635453,0.05228140162558092,0.01071535462635453,handcrafted
C5_C,-0.027808784477182397,0.026379125029285792,0.027808784477182397,handcrafted
C5_D,-0.05445655222512298,0.03652755512570406,0.05445655222512298,handcrafted
C5_E,-0.02092394547499283,0.03875132356420577,0.02092394547499283,handcrafted
C5_F,-0.0369497085101636,0.0357291961489,0.0369497085101636,handcrafted
C5_G,-0.008180061756556858,0.04374721422578084,0.008180061756556858,handcrafted
C5_H,0.0032591743981141216,0.027279948369577024,0.0032591743981141216,handcrafted
C5_I,-0.02032749706583454,0.036886732726220534,0.02032749706583454,handcrafted
C5_K,-0.03841291970102067,0.04129029878455643,0.03841291970102067,handcrafted
C5_L,-0.07882197439040976,0.04526879550927851,0.07882197439040976,handcrafted
C5_M,0.009093935438683661,0.025405671941460792,0.009093935438683661,handcrafted
C5_N,-0.042617885330772945,0.040836708876498325,0.042617885330772945,handcrafted
C5_P,-0.026228133822938572,0.03909240081195502,0.026228133822938572,handcrafted
C5_Q,-0.02800367917002646,0.03709375761148298,0.02800367917002646,handcrafted
C5_R,-0.009836664311544428,0.032950064853214285,0.009836664311544428,handcrafted
C5_S,-0.045366261282159016,0.053252516882906616,0.045366261282159016,handcrafted
C5_T,-0.027059960941571738,0.046797703133362824,0.027059960941571738,handcrafted
C5_V,-0.06412931927695224,0.03774871270705209,0.06412931927695224,handcrafted
C5_W,-0.03534965181293812,0.022178270839901138,0.03534965181293812,handcrafted
C5_Y,-0.016439154164096727,0.018752335864571916,0.016439154164096727,handcrafted
C6_A,-0.0542525113466464,0.07291891955730703,0.0542525113466464,handcrafted
C6_C,-0.03684841292904713,0.03721071963376782,0.03684841292904713,handcrafted
C6_D,-0.08826528798723236,0.06523542240508329,0.08826528798723236,handcrafted
C6_E,-0.0875034463500989,0.08706361777734078,0.0875034463500989,handcrafted
C6_F,-0.07268494230686416,0.05177687721852281,0.07268494230686416,handcrafted
C6_G,-0.03002995683667207,0.05876611572086184,0.03002995683667207,handcrafted
C6_H,-0.035073050204132726,0.05766312746757278,0.035073050204132726,handcrafted
C6_I,-0.08494052838516089,0.0642061406507605,0.08494052838516089,handcrafted
C6_K,-0.05406855154113195,0.08394615311208203,0.05406855154113195,handcrafted
C6_L,-0.12081477188269793,0.09717553641720433,0.12081477188269793,handcrafted
C6_M,-0.024945315252210276,0.04133381349288631,0.024945315252210276,handcrafted
C6_N,-0.06370387068079249,0.0496012062416096,0.06370387068079249,handcrafted
C6_P,-0.10044852964120321,0.06682295257221783,0.10044852964120321,handcrafted
C6_Q,-0.07842048019411563,0.06939574868405063,0.07842048019411563,handcrafted
C6_R,-0.07611646851836869,0.07814450064300721,0.07611646851836869,handcrafted
C6_S,-0.07192699762813025,0.07408757806127146,0.07192699762813025,handcrafted
C6_T,-0.04893501719951908,0.06312730250682966,0.04893501719951908,handcrafted
C6_V,-0.08844714976217101,0.06306292131868899,0.08844714976217101,handcrafted
C6_W,-0.03088750333804895,0.035160421924835934,0.03088750333804895,handcrafted
C6_Y,-0.01222882768195415,0.054739921469725596,0.01222882768195415,handcrafted
C7_A,0.009775982500837855,0.03929740196742106,0.009775982500837855,handcrafted
C7_C,-0.022247823642029742,0.0293802075708651,0.022247823642029742,handcrafted
C7_D,0.024893140328073382,0.025927099654382665,0.024893140328073382,handcrafted
C7_E,0.001552510355197242,0.031839239899239515,0.001552510355197242,handcrafted
C7_F,-0.008099207709712187,0.02074512048200338,0.008099207709712187,handcrafted
C7_G,0.016501695578989683,0.048135969781447095,0.016501695578989683,handcrafted
C7_H,-0.029189113645399202,0.023529036823272082,0.029189113645399202,handcrafted
C7_I,-0.03252086276997893,0.03909806739060853,0.03252086276997893,handcrafted
C7_K,-0.01427037917241995,0.03244476991520633,0.01427037917241995,handcrafted
C7_L,-0.04718937480993398,0.03587960251494288,0.04718937480993398,handcrafted
C7_M,-0.03405453381813127,0.014121432804052215,0.03405453381813127,handcrafted
C7_N,-0.031359870367842775,0.03648450751056016,0.031359870367842775,handcrafted
C7_P,-0.02590038626502008,0.03549138309287479,0.02590038626502008,handcrafted
C7_Q,0.0006422074916128253,0.030572141317971077,0.0006422074916128253,handcrafted
C7_R,-0.038580494369160855,0.022899533089331566,0.038580494369160855,handcrafted
C7_S,0.002335496825100168,0.04451139855240999,0.002335496825100168,handcrafted
C7_T,-0.0032131570471689978,0.03696444501198416,0.0032131570471689978,handcrafted
C7_V,-0.01055988720235015,0.03967505942343563,0.01055988720235015,handcrafted
C7_W,-0.008751841190464151,0.004739787798949309,0.008751841190464151,handcrafted
C7_Y,0.006339664320553414,0.028962226653811585,0.006339664320553414,handcrafted
C8_A,-0.009634502872147788,0.04124106999037061,0.009634502872147788,handcrafted
C8_C,-0.038857538125142824,0.023064752000794365,0.038857538125142824,handcrafted
C8_D,-0.01985136533344859,0.04218802247283645,0.01985136533344859,handcrafted
C8_E,-0.01929655510412589,0.04877822003386588,0.01929655510412589,handcrafted
C8_F,-0.06625896676397694,0.03380119949951202,0.06625896676397694,handcrafted
C8_G,-0.021300348329025255,0.031368208125215354,0.021300348329025255,handcrafted
C8_H,-0.030619801083513642,0.032601047391626885,0.030619801083513642,handcrafted
C8_I,-0.05564687343280329,0.04414523575567672,0.05564687343280329,handcrafted
C8_K,-0.029693015902481197,0.03216993140768049,0.029693015902481197,handcrafted
C8_L,-0.09190114027838761,0.050177474061684206,0.09190114027838761,handcrafted
C8_M,-0.00835246272212097,0.029710752035684865,0.00835246272212097,handcrafted
C8_N,-0.03002079656116711,0.03373496479865772,0.03002079656116711,handcrafted
C8_P,-0.06207156756951519,0.04640698179290681,0.06207156756951519,handcrafted
C8_Q,-0.04880103558058545,0.032666698180274074,0.04880103558058545,handcrafted
C8_R,-0.041872593728098095,0.03554556733400845,0.041872593728098095,handcrafted
C8_S,-0.05145133351117891,0.05798239435653547,0.05145133351117891,handcrafted
C8_T,-0.019126515764908786,0.04167360397774449,0.019126515764908786,handcrafted
C8_V,-0.044901054191540335,0.047349144703719905,0.044901054191540335,handcrafted
C8_W,-0.029311713032483127,0.021772668578657204,0.029311713032483127,handcrafted
C8_Y,-0.03325708985956226,0.03511776758577797,0.03325708985956226,handcrafted
C9_A,-0.002311773272472231,0.06468359855658952,0.002311773272472231,handcrafted
C9_C,-0.04703579042125583,0.040527392164787304,0.04703579042125583,handcrafted
C9_D,-0.02221320370698262,0.06050470548615041,0.02221320370698262,handcrafted
C9_E,0.002835022889349376,0.06319585566170074,0.002835022889349376,handcrafted
C9_F,-0.034021437399402915,0.03908504206187775,0.034021437399402915,handcrafted
C9_G,0.019291920470242183,0.059241563415064466,0.019291920470242183,handcrafted
C9_H,-0.03783994519133819,0.02785782792764463,0.03783994519133819,handcrafted
C9_I,-0.024302571303244976,0.048408578501996855,0.024302571303244976,handcrafted
C9_K,-0.010929953440961397,0.05104489611271436,0.010929953440961397,handcrafted
C9_L,-0.04659364193541105,0.07481303372856939,0.04659364193541105,handcrafted
C9_M,-0.0039803677744470614,0.03736514362143573,0.0039803677744470614,handcrafted
C9_N,-0.010446991604839511,0.04838992166657734,0.010446991604839511,handcrafted
C9_P,-0.010696908245864235,0.05271753777848536,0.010696908245864235,handcrafted
C9_Q,-0.024623819922041056,0.0405500002470512,0.024623819922041056,handcrafted
C9_R,-0.028566959126287067,0.055593227576389515,0.028566959126287067,handcrafted
C9_S,-0.034698415520252476,0.0714529960292371,0.034698415520252476,handcrafted
C9_T,-0.02174042991734838,0.05409805952273674,0.02174042991734838,handcrafted
C9_V,-0.012984028802516178,0.05951769243464169,0.012984028802516178,handcrafted
C9_W,8.094374934164879e-05,0.02662361221857834,8.094374934164879e-05,handcrafted
C9_Y,-0.014498978242268507,0.04167397087066652,0.014498978242268507,handcrafted
C10_A,0.06983393648241529,0.07201840342874162,0.06983393648241529,handcrafted
C10_C,0.047499174319372325,0.04081679499805905,0.047499174319372325,handcrafted
C10_D,0.07265710477694257,0.058378787720324656,0.07265710477694257,handcrafted
C10_E,0.10015956903086423,0.06829181340564273,0.10015956903086423,handcrafted
C10_F,0.0436250695719894,0.05267244296937916,0.0436250695719894,handcrafted
C10_G,0.12260961409897317,0.06201849531066118,0.12260961409897317,handcrafted
C10_H,0.04534116915562708,0.03721013009005403,0.04534116915562708,handcrafted
C10_I,0.06321392184036975,0.056311317643174194,0.06321392184036975,handcrafted
C10_K,0.09096231059622815,0.07340703340883241,0.09096231059622815,handcrafted
C10_L,0.09875569222230775,0.09081347641630698,0.09875569222230775,handcrafted
C10_M,0.03413249062896926,0.0444155006091307,0.03413249062896926,handcrafted
C10_N,0.028875660924576697,0.04968664200212235,0.028875660924576697,handcrafted
C10_P,0.057839277938302125,0.0538150579465383,0.057839277938302125,handcrafted
C10_Q,0.06713552065325015,0.06346402139495734,0.06713552065325015,handcrafted
C10_R,0.07192416134500529,0.061882663564954886,0.07192416134500529,handcrafted
C10_S,0.07121009398840397,0.07833304622896471,0.07121009398840397,handcrafted
C10_T,0.07278847645005009,0.058662321094018456,0.07278847645005009,handcrafted
C10_V,0.05108628533497432,0.07281443415668998,0.05108628533497432,handcrafted
C10_W,0.023559243716319303,0.03183896749290499,0.023559243716319303,handcrafted
C10_Y,0.039208765923515694,0.04943874247541865,0.039208765923515694,handcrafted
esmc_PC001,-0.20824159025543304,0.04103251708114858,0.20824159025543304,embedding_pca
esmc_PC002,-0.04768061085439538,0.018097025051897773,0.04768061085439538,embedding_pca
esmc_PC003,-0.24124494192217213,0.022847609201969158,0.24124494192217213,embedding_pca
esmc_PC004,-0.014994841292867378,0.021473993298054994,0.014994841292867378,embedding_pca
esmc_PC005,-0.04494824985557213,0.02652205136088268,0.04494824985557213,embedding_pca
esmc_PC006,0.09160308275543351,0.08627334570606862,0.09160308275543351,embedding_pca
esmc_PC007,-0.053060027529691856,0.03304705837136698,0.053060027529691856,embedding_pca
esmc_PC008,0.01880980674288617,0.038393343501320905,0.01880980674288617,embedding_pca
esmc_PC009,-0.009938695230478512,0.03629997023100469,0.009938695230478512,embedding_pca
esmc_PC010,-0.12000737312200078,0.021852991979990792,0.12000737312200078,embedding_pca
esmc_PC011,0.13931986606744742,0.017797211120150265,0.13931986606744742,embedding_pca
esmc_PC012,0.07881022498928894,0.041019448644643755,0.07881022498928894,embedding_pca
esmc_PC013,-0.08720493789331343,0.1369426796174603,0.08720493789331343,embedding_pca
esmc_PC014,-0.05743016962789911,0.028480485931184647,0.05743016962789911,embedding_pca
esmc_PC015,0.0888111966803495,0.05714763092264998,0.0888111966803495,embedding_pca
esmc_PC016,-0.11088013981961375,0.17185532426628014,0.11088013981961375,embedding_pca
esmc_PC017,-0.08478434304680627,0.04466188429666656,0.08478434304680627,embedding_pca
esmc_PC018,0.16802577755066814,0.06629111267413325,0.16802577755066814,embedding_pca
esmc_PC019,0.3094699472309637,0.04979253380858309,0.3094699472309637,embedding_pca
esmc_PC020,-0.016420168499053638,0.011223646206351533,0.016420168499053638,embedding_pca
esmc_PC021,-0.10105142513160385,0.024299555626310414,0.10105142513160385,embedding_pca
esmc_PC022,0.010189161678499179,0.018430760370211158,0.010189161678499179,embedding_pca
esmc_PC023,-0.06056610133404465,0.050730791657531374,0.06056610133404465,embedding_pca
esmc_PC024,0.017262242581027883,0.011197538313348365,0.017262242581027883,embedding_pca
esmc_PC025,0.0014004167325018934,0.025138005135101105,0.0014004167325018934,embedding_pca
esmc_PC026,-0.003958275380536168,0.025602441374999715,0.003958275380536168,embedding_pca
esmc_PC027,0.013185803809774101,0.04744955769692109,0.013185803809774101,embedding_pca
esmc_PC028,-0.052584146001151987,0.026352991703748458,0.052584146001151987,embedding_pca
esmc_PC029,-0.012126908894762057,0.04255456493869458,0.012126908894762057,embedding_pca
esmc_PC030,-0.03951463889188371,0.06154203436706678,0.03951463889188371,embedding_pca
esmc_PC031,0.009894093957852696,0.07509427249459291,0.009894093957852696,embedding_pca
esmc_PC032,0.14159761074564178,0.024063501383450595,0.14159761074564178,embedding_pca
esmc_PC033,-0.004250579862088994,0.0487829111072558,0.004250579862088994,embedding_pca
esmc_PC034,0.03373625784970178,0.019824451690705264,0.03373625784970178,embedding_pca
esmc_PC035,-0.016562848087008246,0.01558876609973829,0.016562848087008246,embedding_pca
esmc_PC036,0.0257160562551835,0.09881716294140323,0.0257160562551835,embedding_pca
esmc_PC037,-0.043219109683461765,0.07991866908113453,0.043219109683461765,embedding_pca
esmc_PC038,-0.08200474943986634,0.030280221483959823,0.08200474943986634,embedding_pca
esmc_PC039,0.016674397760240166,0.04222367265382955,0.016674397760240166,embedding_pca
esmc_PC040,-0.01620885017504444,0.026025980760680495,0.01620885017504444,embedding_pca
esmc_PC041,-0.08023642762398864,0.019832763091257994,0.08023642762398864,embedding_pca
esmc_PC042,-0.01023813266084418,0.025556268912712402,0.01023813266084418,embedding_pca
esmc_PC043,-0.013314132061684348,0.02994381971684028,0.013314132061684348,embedding_pca
esmc_PC044,-0.03080607674931163,0.032141833099165885,0.03080607674931163,embedding_pca
esmc_PC045,0.07131422890815388,0.030445891328440177,0.07131422890815388,embedding_pca
esmc_PC046,-0.09450776385907783,0.10729866446124268,0.09450776385907783,embedding_pca
esmc_PC047,-0.054185595198408834,0.03282063293512544,0.054185595198408834,embedding_pca
esmc_PC048,-0.018616332129602932,0.04952053767804552,0.018616332129602932,embedding_pca
esmc_PC049,-0.0032587713275895776,0.034993053840030874,0.0032587713275895776,embedding_pca
esmc_PC050,0.01641399179430068,0.07981113593829206,0.01641399179430068,embedding_pca
esmc_PC051,-0.006777335618921523,0.04233727413611987,0.006777335618921523,embedding_pca
esmc_PC052,0.030627757296438313,0.019413402929304283,0.030627757296438313,embedding_pca
esmc_PC053,0.010068371566039621,0.05203953987817615,0.010068371566039621,embedding_pca
esmc_PC054,-0.035118164529343895,0.030553013756141847,0.035118164529343895,embedding_pca
esmc_PC055,-0.03671088092315449,0.09356105547820459,0.03671088092315449,embedding_pca
esmc_PC056,0.0019386560404951864,0.012370834223285438,0.0019386560404951864,embedding_pca
esmc_PC057,0.0011856059427698587,0.026280974959271675,0.0011856059427698587,embedding_pca
esmc_PC058,0.027194770850305017,0.03574776724877979,0.027194770850305017,embedding_pca
esmc_PC059,0.031539166810579625,0.06170825402029723,0.031539166810579625,embedding_pca
esmc_PC060,0.004774164554976478,0.05876327676339129,0.004774164554976478,embedding_pca
esmc_PC061,-0.010114327124465786,0.07027580104261202,0.010114327124465786,embedding_pca
esmc_PC062,0.023088882616151548,0.054302953088332016,0.023088882616151548,embedding_pca
esmc_PC063,-0.013511954323861134,0.03393594672882629,0.013511954323861134,embedding_pca
esmc_PC064,-0.04478291855463592,0.04852973306954789,0.04478291855463592,embedding_pca
esmc_PC065,0.007609001989081189,0.062452625063327855,0.007609001989081189,embedding_pca
esmc_PC066,-0.04991739229082244,0.04559330756230133,0.04991739229082244,embedding_pca
esmc_PC067,-0.06658715652289614,0.05353011742336973,0.06658715652289614,embedding_pca
esmc_PC068,0.008854352340127011,0.07909188094793558,0.008854352340127011,embedding_pca
esmc_PC069,-0.0015542130448270922,0.022779222712278654,0.0015542130448270922,embedding_pca
esmc_PC070,-0.0027902493007685354,0.029286276453009002,0.0027902493007685354,embedding_pca
esmc_PC071,0.023882553247620574,0.03013830411747878,0.023882553247620574,embedding_pca
esmc_PC072,-0.011956341185737206,0.035510109601658825,0.011956341185737206,embedding_pca
esmc_PC073,0.00598210797919468,0.02628381355293995,0.00598210797919468,embedding_pca
esmc_PC074,-0.019536508800254863,0.03620479342748786,0.019536508800254863,embedding_pca
esmc_PC075,-0.029692228601630132,0.02620442657499977,0.029692228601630132,embedding_pca
esmc_PC076,-0.021166175546217865,0.08746135924385134,0.021166175546217865,embedding_pca
esmc_PC077,0.01005278103861032,0.03899741218547898,0.01005278103861032,embedding_pca
esmc_PC078,0.02075944497869867,0.02727078118256593,0.02075944497869867,embedding_pca
esmc_PC079,0.03320038954381427,0.04362020670754091,0.03320038954381427,embedding_pca
esmc_PC080,-0.014510590223981185,0.007681144407781526,0.014510590223981185,embedding_pca
esmc_PC081,-0.0041661376481038365,0.027884017135417005,0.0041661376481038365,embedding_pca
esmc_PC082,0.004226555515778752,0.053155951511527195,0.004226555515778752,embedding_pca
esmc_PC083,0.012120767710824872,0.03343829292118068,0.012120767710824872,embedding_pca
esmc_PC084,-0.000984648382780781,0.045801264461281445,0.000984648382780781,embedding_pca
esmc_PC085,-0.04499707159896242,0.021855360863852816,0.04499707159896242,embedding_pca
esmc_PC086,0.014911224930519948,0.030682294338173315,0.014911224930519948,embedding_pca
esmc_PC087,-0.002381806841265052,0.026576243836507803,0.002381806841265052,embedding_pca
esmc_PC088,0.0021320338939922424,0.03226406448274812,0.0021320338939922424,embedding_pca
esmc_PC089,0.027691436288934522,0.02514714863733745,0.027691436288934522,embedding_pca
esmc_PC090,0.005366806809245164,0.01934409289981304,0.005366806809245164,embedding_pca
esmc_PC091,0.004778760277670113,0.02106903627494051,0.004778760277670113,embedding_pca
esmc_PC092,-0.01562558367841547,0.014933699488406582,0.01562558367841547,embedding_pca
esmc_PC093,-0.014766213385457453,0.024488559964651574,0.014766213385457453,embedding_pca
esmc_PC094,-0.02771647735646122,0.050557670105973194,0.02771647735646122,embedding_pca
esmc_PC095,-0.0007941204594613893,0.052067723132457895,0.0007941204594613893,embedding_pca
esmc_PC096,-0.01828603411758495,0.04042727573545376,0.01828603411758495,embedding_pca
esmc_PC097,0.004247422803920357,0.0332107834519954,0.004247422803920357,embedding_pca
esmc_PC098,-0.008358221381986006,0.015010129453911563,0.008358221381986006,embedding_pca
esmc_PC099,0.01966461763285541,0.015938998126876627,0.01966461763285541,embedding_pca
esmc_PC100,-0.02527660424135584,0.016972303923478343,0.02527660424135584,embedding_pca
esmc_PC101,-0.006886426439136256,0.016293954415065065,0.006886426439136256,embedding_pca
esmc_PC102,0.0012068113749428406,0.02083384095039473,0.0012068113749428406,embedding_pca
esmc_PC103,-0.02942006516770699,0.039703839018282,0.02942006516770699,embedding_pca
esmc_PC104,0.008615030997659458,0.018791539880639595,0.008615030997659458,embedding_pca
esmc_PC105,-0.029494098633134642,0.030166454612086478,0.029494098633134642,embedding_pca
esmc_PC106,-0.0001573032813612206,0.024257655577562952,0.0001573032813612206,embedding_pca
esmc_PC107,0.006992128487042155,0.014046217649840568,0.006992128487042155,embedding_pca
esmc_PC108,-0.012143745867677814,0.011774950452806986,0.012143745867677814,embedding_pca
esmc_PC109,-0.007059619582455379,0.03629105885577678,0.007059619582455379,embedding_pca
esmc_PC110,-0.01841856141064243,0.04858740718051964,0.01841856141064243,embedding_pca
esmc_PC111,0.027686801811936945,0.024688472081842973,0.027686801811936945,embedding_pca
esmc_PC112,-0.01587248822870343,0.010013677231301334,0.01587248822870343,embedding_pca
esmc_PC113,0.005213545567831006,0.0362762384032403,0.005213545567831006,embedding_pca
esmc_PC114,-0.022192236795650473,0.024256324510328695,0.022192236795650473,embedding_pca
esmc_PC115,-0.017442891249002702,0.03450558441113893,0.017442891249002702,embedding_pca
esmc_PC116,0.014177189225826042,0.031454810911685206,0.014177189225826042,embedding_pca
esmc_PC117,-0.02685378985924154,0.047706006321264045,0.02685378985924154,embedding_pca
esmc_PC118,0.018777870390169777,0.04553973431074984,0.018777870390169777,embedding_pca
esmc_PC119,0.032753279650938126,0.05242192572013325,0.032753279650938126,embedding_pca
esmc_PC120,0.018660250979242038,0.049424211444642166,0.018660250979242038,embedding_pca
esmc_PC121,0.012965541624892527,0.02541478743067337,0.012965541624892527,embedding_pca
esmc_PC122,0.04638979467983484,0.065690195824864,0.04638979467983484,embedding_pca
esmc_PC123,0.0024169716943011335,0.015522676072925233,0.0024169716943011335,embedding_pca
esmc_PC124,-0.016457999725378675,0.029896641622020926,0.016457999725378675,embedding_pca
esmc_PC125,0.006710912143838376,0.02126011787206238,0.006710912143838376,embedding_pca
esmc_PC126,-0.03312179354158112,0.01704376054098588,0.03312179354158112,embedding_pca
esmc_PC127,0.0022438032412545952,0.023210672601202867,0.0022438032412545952,embedding_pca
esmc_PC128,-0.013849800374505237,0.02676161805728632,0.013849800374505237,embedding_pca
esmc_PC129,0.004010623605711572,0.04267485294007137,0.004010623605711572,embedding_pca
esmc_PC130,-0.002157943789673869,0.039742399848290255,0.002157943789673869,embedding_pca
esmc_PC131,0.004233209505629846,0.04265709851070707,0.004233209505629846,embedding_pca
esmc_PC132,0.009801270802396489,0.015209283190107323,0.009801270802396489,embedding_pca
esmc_PC133,0.01577055262457428,0.02387371392247782,0.01577055262457428,embedding_pca
esmc_PC134,-0.005058023110145918,0.04293286450302278,0.005058023110145918,embedding_pca
esmc_PC135,0.010049948667884012,0.017034400639854605,0.010049948667884012,embedding_pca
esmc_PC136,0.007298504986327342,0.04429926741800128,0.007298504986327342,embedding_pca
esmc_PC137,0.0032140427530006318,0.03438331509664276,0.0032140427530006318,embedding_pca
esmc_PC138,0.05752005379272309,0.039218275663082856,0.05752005379272309,embedding_pca
esmc_PC139,-0.014641288280206865,0.01986573505387278,0.014641288280206865,embedding_pca
esmc_PC140,-0.04750363005427186,0.038325648075546524,0.04750363005427186,embedding_pca
esmc_PC141,-0.02102771988259899,0.06343368488096723,0.02102771988259899,embedding_pca
esmc_PC142,0.00205510189304043,0.047000001984089844,0.00205510189304043,embedding_pca
esmc_PC143,0.0029562842078358696,0.037831696119802104,0.0029562842078358696,embedding_pca
esmc_PC144,0.0019173737872210217,0.041269633636861286,0.0019173737872210217,embedding_pca
esmc_PC145,-0.02066501588232485,0.026524774306536106,0.02066501588232485,embedding_pca
esmc_PC146,-0.0008395042210742984,0.031343749683407036,0.0008395042210742984,embedding_pca
esmc_PC147,0.0026375445004887172,0.021600686221869756,0.0026375445004887172,embedding_pca
esmc_PC148,0.0002245540374121951,0.059555098934324646,0.0002245540374121951,embedding_pca
esmc_PC149,-0.021541861033779613,0.0425844098616451,0.021541861033779613,embedding_pca
esmc_PC150,-0.008177800541563057,0.015147214652025323,0.008177800541563057,embedding_pca
esmc_PC151,-0.028746625812701977,0.0420947457678124,0.028746625812701977,embedding_pca
esmc_PC152,-0.013417245659952334,0.031265772243149595,0.013417245659952334,embedding_pca
esmc_PC153,0.004492523637272714,0.017064069589933294,0.004492523637272714,embedding_pca
esmc_PC154,-0.012542633725629282,0.027694001320101563,0.012542633725629282,embedding_pca
esmc_PC155,0.006364586309222589,0.02239971108767383,0.006364586309222589,embedding_pca
esmc_PC156,-0.0038753294088785554,0.037012292421859404,0.0038753294088785554,embedding_pca
esmc_PC157,0.0002754425063555929,0.03166361844517142,0.0002754425063555929,embedding_pca
esmc_PC158,-0.007498018565052528,0.02044761287224281,0.007498018565052528,embedding_pca
esmc_PC159,0.01110799945598805,0.02167800244620938,0.01110799945598805,embedding_pca
esmc_PC160,-0.0043044793818117775,0.01866279642574646,0.0043044793818117775,embedding_pca
esmc_PC161,-0.007689416876182159,0.026530811376966834,0.007689416876182159,embedding_pca
esmc_PC162,0.008874293873992953,0.04868771737687174,0.008874293873992953,embedding_pca
esmc_PC163,0.012036236464840307,0.03435770302506762,0.012036236464840307,embedding_pca
esmc_PC164,-0.008870074549303318,0.025058862099049846,0.008870074549303318,embedding_pca
esmc_PC165,0.02024683144699419,0.04034864710996462,0.02024683144699419,embedding_pca
esmc_PC166,0.008120510858431844,0.03361642890012501,0.008120510858431844,embedding_pca
esmc_PC167,0.00321885716492301,0.04884289471891455,0.00321885716492301,embedding_pca
esmc_PC168,0.012953032061016731,0.024305522715157207,0.012953032061016731,embedding_pca
esmc_PC169,-0.01852246479857163,0.0154871143806313,0.01852246479857163,embedding_pca
esmc_PC170,0.017797858024321697,0.019342003201883607,0.017797858024321697,embedding_pca
esmc_PC171,-0.01395791813257532,0.028547758038996437,0.01395791813257532,embedding_pca
esmc_PC172,0.0008966316402418157,0.03476710917955489,0.0008966316402418157,embedding_pca
esmc_PC173,-0.02508647376197492,0.04027747183501557,0.02508647376197492,embedding_pca
esmc_PC174,0.004941704358863001,0.04244387854129724,0.004941704358863001,embedding_pca
esmc_PC175,-0.018534901198526785,0.05036611116568265,0.018534901198526785,embedding_pca
esmc_PC176,0.013261761844790965,0.018479050595269077,0.013261761844790965,embedding_pca
esmc_PC177,-0.00802667266750811,0.015450498300182719,0.00802667266750811,embedding_pca
esmc_PC178,-0.007246672621652295,0.022625379757746443,0.007246672621652295,embedding_pca
esmc_PC179,-0.0023658440804224154,0.028035366617194683,0.0023658440804224154,embedding_pca
esmc_PC180,0.0045620211227610065,0.04484709781860949,0.0045620211227610065,embedding_pca
esmc_PC181,-0.013849614516469622,0.03518803865199875,0.013849614516469622,embedding_pca
esmc_PC182,-0.007479101374378361,0.02284010972283078,0.007479101374378361,embedding_pca
esmc_PC183,-0.010582220348161296,0.02805867003603784,0.010582220348161296,embedding_pca
esmc_PC184,0.008865672295809784,0.011011798773326625,0.008865672295809784,embedding_pca
esmc_PC185,-0.002090371496281957,0.012978286722274242,0.002090371496281957,embedding_pca
esmc_PC186,0.0033900958119648995,0.016937134683274877,0.0033900958119648995,embedding_pca
esmc_PC187,-0.01797081880976092,0.02063885386916162,0.01797081880976092,embedding_pca
esmc_PC188,-0.01057365502750767,0.020199344939731006,0.01057365502750767,embedding_pca
esmc_PC189,0.01578089625651082,0.0362655330554958,0.01578089625651082,embedding_pca
esmc_PC190,-0.016311367726455122,0.017396807773976803,0.016311367726455122,embedding_pca
esmc_PC191,0.014999917143953956,0.030803781709509006,0.014999917143953956,embedding_pca
esmc_PC192,-0.004723206667761062,0.040421533222122615,0.004723206667761062,embedding_pca
esmc_PC193,0.012160347315447715,0.03426800703783985,0.012160347315447715,embedding_pca
esmc_PC194,-0.02850441616276945,0.009338111316642516,0.02850441616276945,embedding_pca
esmc_PC195,0.0017137653665124388,0.020293967990852674,0.0017137653665124388,embedding_pca
esmc_PC196,-0.007832097606380397,0.015129590536713965,0.007832097606380397,embedding_pca
esmc_PC197,0.006839088607401823,0.03134010788180276,0.006839088607401823,embedding_pca
esmc_PC198,0.009214702101276586,0.01845819965481234,0.009214702101276586,embedding_pca
esmc_PC199,0.018294302311628995,0.02150040331103291,0.018294302311628995,embedding_pca
esmc_PC200,-0.011660525531784056,0.02033568822678884,0.011660525531784056,embedding_pca
esmc_PC201,0.014051945069104935,0.01909691844521926,0.014051945069104935,embedding_pca
esmc_PC202,0.004729383525652241,0.03323024683624046,0.004729383525652241,embedding_pca
esmc_PC203,-0.010653288172491495,0.02877115767438864,0.010653288172491495,embedding_pca
esmc_PC204,-0.017014198469143184,0.033693899649848175,0.017014198469143184,embedding_pca
esmc_PC205,0.007651561483555777,0.014512827292029575,0.007651561483555777,embedding_pca
esmc_PC206,-0.060046167867943354,0.013439638902154813,0.060046167867943354,embedding_pca
esmc_PC207,-0.021773459860115574,0.02423128481812363,0.021773459860115574,embedding_pca
esmc_PC208,-0.0054792823149281186,0.022946904737866522,0.0054792823149281186,embedding_pca
esmc_PC209,0.0013930592132793032,0.0368972362664074,0.0013930592132793032,embedding_pca
esmc_PC210,0.01954614075598953,0.022886710996735275,0.01954614075598953,embedding_pca
esmc_PC211,0.004518422108601909,0.019284173065745813,0.004518422108601909,embedding_pca
esmc_PC212,0.024374791139867968,0.017017059463379315,0.024374791139867968,embedding_pca
esmc_PC213,0.018911129177237827,0.017884338431368302,0.018911129177237827,embedding_pca
esmc_PC214,0.027004707950757285,0.022792579315631372,0.027004707950757285,embedding_pca
esmc_PC215,-0.0043851523093270065,0.027212826748232298,0.0043851523093270065,embedding_pca
esmc_PC216,0.0063871841647065025,0.015606052537479192,0.0063871841647065025,embedding_pca
esmc_PC217,-0.001804181241819635,0.013804781321422382,0.001804181241819635,embedding_pca
esmc_PC218,0.0030165233715837387,0.015363966895580032,0.0030165233715837387,embedding_pca
esmc_PC219,-0.012378873346353647,0.017628615639240102,0.012378873346353647,embedding_pca
esmc_PC220,-0.008453632560789879,0.03030076154227719,0.008453632560789879,embedding_pca
esmc_PC221,0.003807901380348659,0.020320993333532156,0.003807901380348659,embedding_pca
esmc_PC222,-0.01664903357158136,0.03283362675307027,0.01664903357158136,embedding_pca
esmc_PC223,-0.012244933316528686,0.05125203774927634,0.012244933316528686,embedding_pca
esmc_PC224,0.013260878867341393,0.033097830108194344,0.013260878867341393,embedding_pca
esmc_PC225,-0.0009888062075211728,0.032814816622784355,0.0009888062075211728,embedding_pca
esmc_PC226,-0.020365381987572543,0.030321194744381285,0.020365381987572543,embedding_pca
esmc_PC227,-0.015164448105899616,0.019217443180440174,0.015164448105899616,embedding_pca
esmc_PC228,0.005575672047229663,0.035270998308039744,0.005575672047229663,embedding_pca
esmc_PC229,-0.0032418598717765465,0.026075188293552775,0.0032418598717765465,embedding_pca
esmc_PC230,0.01776920066733229,0.016944346067392823,0.01776920066733229,embedding_pca
esmc_PC231,-0.01907242309481614,0.034136632998782356,0.01907242309481614,embedding_pca
esmc_PC232,-0.019194938209974845,0.025550557984551726,0.019194938209974845,embedding_pca
esmc_PC233,-0.0065494191729115235,0.011390431883152193,0.0065494191729115235,embedding_pca
esmc_PC234,-0.019283559493098446,0.02253839229548985,0.019283559493098446,embedding_pca
esmc_PC235,0.01673549116294681,0.012352758615888304,0.01673549116294681,embedding_pca
esmc_PC236,-0.00014782603312786454,0.021700518930228802,0.00014782603312786454,embedding_pca
esmc_PC237,-0.004965510422587485,0.029916425146715716,0.004965510422587485,embedding_pca
esmc_PC238,0.016407598756411703,0.01706502961331811,0.016407598756411703,embedding_pca
esmc_PC239,0.007736971503748964,0.022277757938773356,0.007736971503748964,embedding_pca
esmc_PC240,0.01999668775524024,0.016791829216952974,0.01999668775524024,embedding_pca
esmc_PC241,0.012429328265152922,0.026312577568873872,0.012429328265152922,embedding_pca
esmc_PC242,0.016620667601644955,0.03208325984633116,0.016620667601644955,embedding_pca
esmc_PC243,0.009342741144321936,0.031008609527580205,0.009342741144321936,embedding_pca
esmc_PC244,-0.02846419224062466,0.012678070711492316,0.02846419224062466,embedding_pca
esmc_PC245,0.02053055053815455,0.030543418634766322,0.02053055053815455,embedding_pca
esmc_PC246,-0.017576670716247682,0.02308638754779835,0.017576670716247682,embedding_pca
esmc_PC247,0.011402028277773469,0.020195968418364896,0.011402028277773469,embedding_pca
esmc_PC248,0.004832544901718376,0.019514320789858635,0.004832544901718376,embedding_pca
esmc_PC249,-0.014072079776273843,0.03787047196841693,0.014072079776273843,embedding_pca
esmc_PC250,-0.009251587318751248,0.016944082528542227,0.009251587318751248,embedding_pca
esmc_PC251,-0.014454067610708837,0.021204349100281576,0.014454067610708837,embedding_pca
esmc_PC252,0.012669190145420752,0.011843155197420843,0.012669190145420752,embedding_pca
esmc_PC253,0.016681280863814908,0.03141706733171608,0.016681280863814908,embedding_pca
esmc_PC254,-0.010728491562343224,0.03990158848429894,0.010728491562343224,embedding_pca
esmc_PC255,-0.005423078436315516,0.04135906200159366,0.005423078436315516,embedding_pca
esmc_PC256,-0.02084619271651509,0.02007882235551012,0.02084619271651509,embedding_pca
esmc_PC257,0.010749883163430162,0.012221598663227659,0.010749883163430162,embedding_pca
esmc_PC258,-0.04124149376212792,0.027519548059135503,0.04124149376212792,embedding_pca
esmc_PC259,0.006912815183964968,0.030331050926787253,0.006912815183964968,embedding_pca
esmc_PC260,-0.019665732314037867,0.028240903661302934,0.019665732314037867,embedding_pca
esmc_PC261,-0.01155710018449294,0.026171653870893263,0.01155710018449294,embedding_pca
esmc_PC262,0.007330837702372482,0.035661616209371326,0.007330837702372482,embedding_pca
esmc_PC263,0.013690320900981979,0.04083199856836064,0.013690320900981979,embedding_pca
esmc_PC264,0.007375655700416553,0.014611987597044846,0.007375655700416553,embedding_pca
esmc_PC265,0.010678937238290529,0.01809814509282495,0.010678937238290529,embedding_pca
esmc_PC266,0.004828899688184757,0.02170855979394588,0.004828899688184757,embedding_pca
esmc_PC267,0.006676999016576932,0.027101455522971055,0.006676999016576932,embedding_pca
esmc_PC268,-0.023484412975083874,0.016868043918457035,0.023484412975083874,embedding_pca
esmc_PC269,0.02664186570004321,0.010706159848652134,0.02664186570004321,embedding_pca
esmc_PC270,-0.0008619046293413722,0.018671464559253198,0.0008619046293413722,embedding_pca
esmc_PC271,-0.016530734852722224,0.013251544962831456,0.016530734852722224,embedding_pca
esmc_PC272,-0.007673723484226952,0.015358336981899543,0.007673723484226952,embedding_pca
esmc_PC273,-0.00022622947424359371,0.019168988643807686,0.00022622947424359371,embedding_pca
esmc_PC274,-0.009422789712252725,0.03139801950453841,0.009422789712252725,embedding_pca
esmc_PC275,0.000895183908708752,0.014159558180844198,0.000895183908708752,embedding_pca
esmc_PC276,-0.016170651315575914,0.023493350511167754,0.016170651315575914,embedding_pca
esmc_PC277,-0.005384384864991931,0.03886497590178364,0.005384384864991931,embedding_pca
esmc_PC278,0.015044853171940865,0.024603210915267907,0.015044853171940865,embedding_pca
esmc_PC279,-0.0069318180569680424,0.010491118465669512,0.0069318180569680424,embedding_pca
esmc_PC280,-0.01588440168526107,0.027769526119640116,0.01588440168526107,embedding_pca
esmc_PC281,0.0014158415772221136,0.012721982445920849,0.0014158415772221136,embedding_pca
esmc_PC282,0.0015255263609459196,0.02350078256350886,0.0015255263609459196,embedding_pca
esmc_PC283,-0.005233794733791144,0.01990799514325575,0.005233794733791144,embedding_pca
esmc_PC284,0.003748609250646439,0.015472534960927025,0.003748609250646439,embedding_pca
esmc_PC285,-0.004737253395880438,0.013643190223463856,0.004737253395880438,embedding_pca
esmc_PC286,-0.0036890033639008614,0.011791851520370421,0.0036890033639008614,embedding_pca
esmc_PC287,-0.01535165187274333,0.020163477468448612,0.01535165187274333,embedding_pca
esmc_PC288,-0.0034841244414834994,0.01602405253297113,0.0034841244414834994,embedding_pca
esmc_PC289,0.009088305430348703,0.013103403127572794,0.009088305430348703,embedding_pca
esmc_PC290,0.014314481721100624,0.01719921340987245,0.014314481721100624,embedding_pca
esmc_PC291,0.0019615193086578863,0.0104157566415342,0.0019615193086578863,embedding_pca
esmc_PC292,0.00016203317743777564,0.01436876263915227,0.00016203317743777564,embedding_pca
esmc_PC293,-0.003551435006632588,0.010544024761100328,0.003551435006632588,embedding_pca
esmc_PC294,-0.014985582931294168,0.0168244225126903,0.014985582931294168,embedding_pca
esmc_PC295,-0.0017024668392351173,0.03453356506448905,0.0017024668392351173,embedding_pca
esmc_PC296,-0.00348663216703646,0.016302063973860262,0.00348663216703646,embedding_pca
esmc_PC297,-0.0072167516518548925,0.024943981133204732,0.0072167516518548925,embedding_pca
esmc_PC298,0.012817927349036612,0.004671148873008128,0.012817927349036612,embedding_pca
esmc_PC299,-0.009832813594913645,0.014192018915034245,0.009832813594913645,embedding_pca
esmc_PC300,-0.0012888481785815115,0.025883784185119486,0.0012888481785815115,embedding_pca
esmc_PC301,-0.01825957680271444,0.027591621967977185,0.01825957680271444,embedding_pca
esmc_PC302,-0.005770280660111539,0.020368248690745498,0.005770280660111539,embedding_pca
esmc_PC303,-0.0030507229776565157,0.024518841268390754,0.0030507229776565157,embedding_pca
esmc_PC304,0.005970050922904747,0.018204648516488106,0.005970050922904747,embedding_pca
esmc_PC305,0.0023706613876531505,0.01404362151605381,0.0023706613876531505,embedding_pca
esmc_PC306,0.0035896175176379176,0.03966045977285938,0.0035896175176379176,embedding_pca
esmc_PC307,-0.002144131607050562,0.015987345345024214,0.002144131607050562,embedding_pca
esmc_PC308,0.0006566578014721658,0.025157009397651597,0.0006566578014721658,embedding_pca
esmc_PC309,-0.015382811189728665,0.015200705257021071,0.015382811189728665,embedding_pca
esmc_PC310,-0.000573866108751303,0.01240062913582851,0.000573866108751303,embedding_pca
esmc_PC311,0.007977704283227695,0.022917684262816748,0.007977704283227695,embedding_pca
esmc_PC312,-0.017828605916466046,0.0185137922205744,0.017828605916466046,embedding_pca
esmc_PC313,0.004440755136785541,0.012977011856957274,0.004440755136785541,embedding_pca
esmc_PC314,0.0037547015946656076,0.023952670267462648,0.0037547015946656076,embedding_pca
esmc_PC315,0.010540762912893556,0.011005829851625688,0.010540762912893556,embedding_pca
esmc_PC316,0.016259558371244508,0.01840524764301392,0.016259558371244508,embedding_pca
esmc_PC317,0.00020643842437635448,0.010739352308138052,0.00020643842437635448,embedding_pca
esmc_PC318,0.0044889599468107885,0.008575587237629374,0.0044889599468107885,embedding_pca
esmc_PC319,-0.002349113317996902,0.01945612308495583,0.002349113317996902,embedding_pca
esmc_PC320,0.0023411222028482124,0.01984869314880569,0.0023411222028482124,embedding_pca
esmc_PC321,0.0006287860991397748,0.0216277142366093,0.0006287860991397748,embedding_pca
esmc_PC322,-0.023210414227362332,0.013583538246193046,0.023210414227362332,embedding_pca
esmc_PC323,0.025186943016762997,0.031125343382376387,0.025186943016762997,embedding_pca
esmc_PC324,-0.009578884133691689,0.007971729472190839,0.009578884133691689,embedding_pca
esmc_PC325,-0.01785617906847145,0.028807522747739064,0.01785617906847145,embedding_pca
esmc_PC326,0.009183187973412086,0.01872210436672314,0.009183187973412086,embedding_pca
esmc_PC327,0.016657280782544644,0.0235382123597561,0.016657280782544644,embedding_pca
esmc_PC328,0.0026466731772018756,0.030419827770926063,0.0026466731772018756,embedding_pca
esmc_PC329,-0.015373311086102043,0.024625188938732924,0.015373311086102043,embedding_pca
esmc_PC330,0.01441936779147992,0.012919155767979907,0.01441936779147992,embedding_pca
esmc_PC331,-0.015943076417839076,0.02545840421954132,0.015943076417839076,embedding_pca
esmc_PC332,-0.009308979766577276,0.03337393212024259,0.009308979766577276,embedding_pca
esmc_PC333,0.006414484282973693,0.019523879835570978,0.006414484282973693,embedding_pca
esmc_PC334,0.002364927039440993,0.008860461948883697,0.002364927039440993,embedding_pca
esmc_PC335,-0.02145266467791706,0.015459359368659251,0.02145266467791706,embedding_pca
esmc_PC336,0.007165951832679929,0.019714232301505503,0.007165951832679929,embedding_pca
esmc_PC337,-7.23056565620675e-05,0.02053403893761899,7.23056565620675e-05,embedding_pca
esmc_PC338,0.0030375532396768367,0.032205805275667625,0.0030375532396768367,embedding_pca
esmc_PC339,0.011500572029164874,0.016175668028661213,0.011500572029164874,embedding_pca
esmc_PC340,-0.0061953160878059675,0.013356430178477022,0.0061953160878059675,embedding_pca
esmc_PC341,-0.014569854980245028,0.029919120564105898,0.014569854980245028,embedding_pca
esmc_PC342,-0.004973723069126053,0.02567358635759817,0.004973723069126053,embedding_pca
esmc_PC343,0.013720315670410935,0.007717629241612693,0.013720315670410935,embedding_pca
esmc_PC344,-0.008116844322456723,0.03726751416827319,0.008116844322456723,embedding_pca
esmc_PC345,-0.012386106993668494,0.012756199592079848,0.012386106993668494,embedding_pca
esmc_PC346,-0.005334054820082761,0.016476965886945635,0.005334054820082761,embedding_pca
esmc_PC347,-0.0015685929118670883,0.0221107755161351,0.0015685929118670883,embedding_pca
esmc_PC348,0.012569817451088474,0.02055402567830832,0.012569817451088474,embedding_pca
esmc_PC349,-0.010878587802549298,0.010635183234862556,0.010878587802549298,embedding_pca
esmc_PC350,0.008912507771121283,0.0231576769305027,0.008912507771121283,embedding_pca
esmc_PC351,-0.011735156631291205,0.015363479184463008,0.011735156631291205,embedding_pca
esmc_PC352,0.0031556870481760603,0.008677044045907,0.0031556870481760603,embedding_pca
esmc_PC353,0.0069855026972792484,0.022541845391314486,0.0069855026972792484,embedding_pca
esmc_PC354,0.009468213897175717,0.0177798579247579,0.009468213897175717,embedding_pca
esmc_PC355,0.0060184085058047985,0.011639795283922885,0.0060184085058047985,embedding_pca
esmc_PC356,0.001521810259592958,0.01452387505118981,0.001521810259592958,embedding_pca
esmc_PC357,-0.002468170599428547,0.025038808594228273,0.002468170599428547,embedding_pca
esmc_PC358,0.004490827979568958,0.032948512769501344,0.004490827979568958,embedding_pca
esmc_PC359,0.0064900009592637805,0.017681547046901388,0.0064900009592637805,embedding_pca
esmc_PC360,-0.0024854844530154733,0.014462804834890342,0.0024854844530154733,embedding_pca
esmc_PC361,-0.001563084517320241,0.026485834849617248,0.001563084517320241,embedding_pca
esmc_PC362,-0.006365570926396488,0.020216594507792344,0.006365570926396488,embedding_pca
esmc_PC363,0.004775416231757814,0.017709636977292602,0.004775416231757814,embedding_pca
esmc_PC364,-0.011825021235867459,0.025170296058376476,0.011825021235867459,embedding_pca
esmc_PC365,0.0036653080445728284,0.009634895607273226,0.0036653080445728284,embedding_pca
esmc_PC366,-0.022566962858808097,0.009470033378374718,0.022566962858808097,embedding_pca
esmc_PC367,-0.013352074423118065,0.019510063254656974,0.013352074423118065,embedding_pca
esmc_PC368,0.0010796539817078872,0.01947408859888497,0.0010796539817078872,embedding_pca
esmc_PC369,0.01285128760010767,0.02257372795697501,0.01285128760010767,embedding_pca
esmc_PC370,0.005675938651560993,0.008733956826779592,0.005675938651560993,embedding_pca
esmc_PC371,-0.002491726458527891,0.011077154869055118,0.002491726458527891,embedding_pca
esmc_PC372,-0.009441904582169322,0.03517462954185837,0.009441904582169322,embedding_pca
esmc_PC373,-0.0230968995582983,0.01750421372160038,0.0230968995582983,embedding_pca
esmc_PC374,-0.009281348328939456,0.008550218951701981,0.009281348328939456,embedding_pca
esmc_PC375,-0.01766773558017639,0.013853452302762404,0.01766773558017639,embedding_pca
esmc_PC376,0.014570304822075442,0.02521187533412573,0.014570304822075442,embedding_pca
esmc_PC377,-0.0028057695915614292,0.03169369452858951,0.0028057695915614292,embedding_pca
esmc_PC378,0.0009352338115937705,0.022284715091317804,0.0009352338115937705,embedding_pca
esmc_PC379,0.011944122488305732,0.014187993016235467,0.011944122488305732,embedding_pca
esmc_PC380,-0.010157210628717375,0.009677161569793202,0.010157210628717375,embedding_pca
esmc_PC381,0.004233008061805809,0.024874723613222786,0.004233008061805809,embedding_pca
esmc_PC382,-0.0004019456928238829,0.022171395579114874,0.0004019456928238829,embedding_pca
esmc_PC383,-0.009004198732483249,0.026412801627711126,0.009004198732483249,embedding_pca
esmc_PC384,0.011509725004027369,0.0111966894648011,0.011509725004027369,embedding_pca
esmc_PC385,-0.00017053441687016612,0.028096508323032215,0.00017053441687016612,embedding_pca
esmc_PC386,-0.020308844393066638,0.01953480291495459,0.020308844393066638,embedding_pca
esmc_PC387,-0.004248243523476344,0.013547629850816997,0.004248243523476344,embedding_pca
esmc_PC388,0.007450414658519311,0.02062438037766463,0.007450414658519311,embedding_pca
esmc_PC389,-0.0002520554744371824,0.024725216894395448,0.0002520554744371824,embedding_pca
esmc_PC390,0.013801828784507444,0.018782305646465155,0.013801828784507444,embedding_pca
esmc_PC391,-0.00629372742648448,0.01951603793913309,0.00629372742648448,embedding_pca
esmc_PC392,-0.005327636816173678,0.013860590244585528,0.005327636816173678,embedding_pca
esmc_PC393,-0.003040689452598651,0.02359947744496969,0.003040689452598651,embedding_pca
esmc_PC394,-0.003657618878217581,0.028745722963022313,0.003657618878217581,embedding_pca
esmc_PC395,0.0016680126281887308,0.008706291107720683,0.0016680126281887308,embedding_pca
esmc_PC396,0.006949022751684089,0.03421250877298932,0.006949022751684089,embedding_pca
esmc_PC397,0.002156483911997327,0.02170655574082397,0.002156483911997327,embedding_pca
esmc_PC398,0.0005260742352497325,0.007069987072932625,0.0005260742352497325,embedding_pca
esmc_PC399,-0.016365336444264775,0.027306958763953563,0.016365336444264775,embedding_pca
esmc_PC400,-0.005474892513864496,0.029607823082494215,0.005474892513864496,embedding_pca
esmc_PC401,-0.008143749912240086,0.018732461411595826,0.008143749912240086,embedding_pca
esmc_PC402,-0.004366872877998458,0.024190209811584613,0.004366872877998458,embedding_pca
esmc_PC403,-0.004060386782308722,0.020475666875409613,0.004060386782308722,embedding_pca
esmc_PC404,-0.0013485724077984787,0.011427990533993007,0.0013485724077984787,embedding_pca
esmc_PC405,-0.013996278043725921,0.017473663984750046,0.013996278043725921,embedding_pca
esmc_PC406,-0.003677994585458278,0.017427274293731875,0.003677994585458278,embedding_pca
esmc_PC407,-0.0114635122705557,0.024460313409956882,0.0114635122705557,embedding_pca
esmc_PC408,-0.0009839912549814548,0.0177633709107682,0.0009839912549814548,embedding_pca
esmc_PC409,0.012303054097595998,0.018875440810331844,0.012303054097595998,embedding_pca
esmc_PC410,0.005964851355025151,0.027759889477938546,0.005964851355025151,embedding_pca
esmc_PC411,-0.008950320132021558,0.02339562021523699,0.008950320132021558,embedding_pca
esmc_PC412,0.005531526481710576,0.019205629475118127,0.005531526481710576,embedding_pca
esmc_PC413,0.0020583291109434335,0.02186638516377489,0.0020583291109434335,embedding_pca
esmc_PC414,0.003283381402639763,0.02241480848542184,0.003283381402639763,embedding_pca
esmc_PC415,0.004002490759028512,0.011995354311507795,0.004002490759028512,embedding_pca
esmc_PC416,-0.015850369270904087,0.01176437523644033,0.015850369270904087,embedding_pca
esmc_PC417,0.005778411390724976,0.025369121918005687,0.005778411390724976,embedding_pca
esmc_PC418,-0.005662994678754247,0.012656228165544662,0.005662994678754247,embedding_pca
esmc_PC419,-0.011386495240699835,0.01664201994333166,0.011386495240699835,embedding_pca
esmc_PC420,-0.0005441628009309259,0.023880033612215506,0.0005441628009309259,embedding_pca
esmc_PC421,0.012085047041696316,0.030977166178105427,0.012085047041696316,embedding_pca
esmc_PC422,0.0029806644625312226,0.021757127813681474,0.0029806644625312226,embedding_pca
esmc_PC423,0.01857176792793528,0.02598420090262485,0.01857176792793528,embedding_pca
esmc_PC424,0.002433090039871044,0.040345782100455356,0.002433090039871044,embedding_pca
esmc_PC425,-0.009391032025239424,0.03980380103717834,0.009391032025239424,embedding_pca
esmc_PC426,0.0024485635389475827,0.018032884607766017,0.0024485635389475827,embedding_pca
esmc_PC427,0.004488522078021875,0.02476180238371634,0.004488522078021875,embedding_pca
esmc_PC428,0.013575811419519124,0.019158750616334326,0.013575811419519124,embedding_pca
esmc_PC429,-0.013857254220988966,0.022190939143618797,0.013857254220988966,embedding_pca
esmc_PC430,-0.009683367104343744,0.021971286783585866,0.009683367104343744,embedding_pca
esmc_PC431,-0.013318641291901431,0.0075984601934946045,0.013318641291901431,embedding_pca
esmc_PC432,-0.0014061942708058902,0.017429806162445396,0.0014061942708058902,embedding_pca
esmc_PC433,0.007317854940158008,0.0174874183193899,0.007317854940158008,embedding_pca
esmc_PC434,-0.014032523522581396,0.019323658742989386,0.014032523522581396,embedding_pca
esmc_PC435,-0.0006380664989683038,0.019546221886294072,0.0006380664989683038,embedding_pca
esmc_PC436,-0.009461397288041361,0.02753880674233463,0.009461397288041361,embedding_pca
esmc_PC437,0.004839874989645968,0.012067434994557496,0.004839874989645968,embedding_pca
esmc_PC438,-0.008159416378690386,0.02581290306789819,0.008159416378690386,embedding_pca
esmc_PC439,0.007698502993941049,0.02238480465574406,0.007698502993941049,embedding_pca
esmc_PC440,-0.01373251633174855,0.023719455790664763,0.01373251633174855,embedding_pca
esmc_PC441,-0.002372390919913978,0.029034205516396017,0.002372390919913978,embedding_pca
esmc_PC442,0.012365626427728224,0.022581972672061218,0.012365626427728224,embedding_pca
esmc_PC443,0.004556932016667329,0.032659250168719664,0.004556932016667329,embedding_pca
esmc_PC444,-0.024841935597855948,0.02081622695431046,0.024841935597855948,embedding_pca
esmc_PC445,0.006122874003055709,0.03434684437775003,0.006122874003055709,embedding_pca
esmc_PC446,0.0031433622768066278,0.015473333177203794,0.0031433622768066278,embedding_pca
esmc_PC447,0.016477785828390566,0.019907426693554477,0.016477785828390566,embedding_pca
esmc_PC448,0.0003252503317221447,0.015553515714780284,0.0003252503317221447,embedding_pca
esmc_PC449,0.0032396227217952266,0.01838351657703801,0.0032396227217952266,embedding_pca
esmc_PC450,-0.010807120743649793,0.02142329229118139,0.010807120743649793,embedding_pca
esmc_PC451,0.002664010076295918,0.02748034257066398,0.002664010076295918,embedding_pca
esmc_PC452,-0.003324920168611631,0.016034287217829585,0.003324920168611631,embedding_pca
esmc_PC453,-0.0020932324250628274,0.011035324590950522,0.0020932324250628274,embedding_pca
esmc_PC454,-0.004564508235568166,0.023710729131780954,0.004564508235568166,embedding_pca
esmc_PC455,0.0010608371555638832,0.018467425885226978,0.0010608371555638832,embedding_pca
esmc_PC456,-0.006648759620494361,0.02370150946873789,0.006648759620494361,embedding_pca
esmc_PC457,-0.01957240177765921,0.02120445534265681,0.01957240177765921,embedding_pca
esmc_PC458,0.010639008091518791,0.014721216375522593,0.010639008091518791,embedding_pca
esmc_PC459,0.011095732842919872,0.013854558559849931,0.011095732842919872,embedding_pca
esmc_PC460,0.009657994282684384,0.02446664907837211,0.009657994282684384,embedding_pca
esmc_PC461,-0.009911669247926965,0.02907769244796264,0.009911669247926965,embedding_pca
esmc_PC462,-0.0040717131636933005,0.02448032354189634,0.0040717131636933005,embedding_pca
esmc_PC463,-0.012167175911055522,0.0252264847064381,0.012167175911055522,embedding_pca
esmc_PC464,0.012664394670365597,0.015362855696560061,0.012664394670365597,embedding_pca
esmc_PC465,-0.006524955173367333,0.01266329915587476,0.006524955173367333,embedding_pca
esmc_PC466,-0.0025271934375481024,0.017588519347820603,0.0025271934375481024,embedding_pca
esmc_PC467,0.0011947779262756544,0.02806242053287651,0.0011947779262756544,embedding_pca
esmc_PC468,0.00715791399826534,0.029859249506364007,0.00715791399826534,embedding_pca
esmc_PC469,-0.003605377035163217,0.0195304097200101,0.003605377035163217,embedding_pca
esmc_PC470,0.0033863587036487884,0.028982955696080673,0.0033863587036487884,embedding_pca
esmc_PC471,0.011460378519306237,0.015242076225029431,0.011460378519306237,embedding_pca
esmc_PC472,-0.009066159575502986,0.020895165053043636,0.009066159575502986,embedding_pca
esmc_PC473,0.02648855647242008,0.008294485364460978,0.02648855647242008,embedding_pca
esmc_PC474,-0.002906812051361017,0.026917159570096275,0.002906812051361017,embedding_pca
esmc_PC475,0.02279899870427505,0.018468240135245832,0.02279899870427505,embedding_pca
esmc_PC476,-0.0076481884599219965,0.034894320428345844,0.0076481884599219965,embedding_pca
esmc_PC477,-0.007990564532315133,0.01855515414920231,0.007990564532315133,embedding_pca
esmc_PC478,-0.006255116798513702,0.010316590582409533,0.006255116798513702,embedding_pca
esmc_PC479,0.010568026687790767,0.0053406955708902885,0.010568026687790767,embedding_pca
esmc_PC480,-0.007399208022144904,0.01550406019536042,0.007399208022144904,embedding_pca
esmc_PC481,0.0020643412692110718,0.020117141028381785,0.0020643412692110718,embedding_pca
esmc_PC482,0.0012956849880242888,0.03382545926598659,0.0012956849880242888,embedding_pca
esmc_PC483,0.009541313072297084,0.023999061288150096,0.009541313072297084,embedding_pca
esmc_PC484,0.007280092950109976,0.027279648911808375,0.007280092950109976,embedding_pca
esmc_PC485,-0.01846602710734529,0.03547876043531919,0.01846602710734529,embedding_pca
esmc_PC486,-0.004751901169193879,0.018449224734118426,0.004751901169193879,embedding_pca
esmc_PC487,0.006275207037981703,0.014813731441952149,0.006275207037981703,embedding_pca
esmc_PC488,0.00543414054264766,0.021046666864365095,0.00543414054264766,embedding_pca
esmc_PC489,-0.005984066599738953,0.013004589705823626,0.005984066599738953,embedding_pca
esmc_PC490,0.010436644041186934,0.014536575759379956,0.010436644041186934,embedding_pca
esmc_PC491,0.004399750732390735,0.025543198037991835,0.004399750732390735,embedding_pca
esmc_PC492,0.007391784615973689,0.010514571058354396,0.007391784615973689,embedding_pca
esmc_PC493,0.009454171061073558,0.014186379088486389,0.009454171061073558,embedding_pca
esmc_PC494,-0.007916970338716415,0.01569203569207793,0.007916970338716415,embedding_pca
esmc_PC495,-0.024630171104132376,0.01711671562097833,0.024630171104132376,embedding_pca
esmc_PC496,0.00721685488303528,0.013212796076877455,0.00721685488303528,embedding_pca
esmc_PC497,0.0042028589728453315,0.007950402435876806,0.0042028589728453315,embedding_pca
esmc_PC498,0.013334411767459118,0.01603688331481741,0.013334411767459118,embedding_pca
esmc_PC499,-0.006577453369384626,0.006991048141447969,0.006577453369384626,embedding_pca
esmc_PC500,-0.007166756026937152,0.019799946799040444,0.007166756026937152,embedding_pca
esmc_PC501,0.0015247730282702894,0.024071831875254895,0.0015247730282702894,embedding_pca
esmc_PC502,-0.0018219514420948102,0.025831326467256017,0.0018219514420948102,embedding_pca
esmc_PC503,0.009098573903912166,0.023699798715801672,0.009098573903912166,embedding_pca
esmc_PC504,-0.007667225295996551,0.007204785826860318,0.007667225295996551,embedding_pca
esmc_PC505,0.002052766210867317,0.02102637040695543,0.002052766210867317,embedding_pca
esmc_PC506,0.010173748328165871,0.024503106211182884,0.010173748328165871,embedding_pca
esmc_PC507,-0.005063493280314753,0.009535574549117048,0.005063493280314753,embedding_pca
esmc_PC508,0.014149944839793283,0.02368653395174104,0.014149944839793283,embedding_pca
esmc_PC509,0.01094374660633842,0.030673248846113943,0.01094374660633842,embedding_pca
esmc_PC510,-0.001300643052563446,0.013378881954239676,0.001300643052563446,embedding_pca
esmc_PC511,-0.006428788964310495,0.015302074020280857,0.006428788964310495,embedding_pca
esmc_PC512,-0.010441843221086239,0.019704123960555583,0.010441843221086239,embedding_pca
esmc_PC513,0.004491947213396132,0.02226106795604478,0.004491947213396132,embedding_pca
esmc_PC514,0.004743794745475831,0.015772052381260535,0.004743794745475831,embedding_pca
esmc_PC515,0.0013639927557971125,0.023891689335789463,0.0013639927557971125,embedding_pca
esmc_PC516,0.00042258641431234016,0.02119133004521124,0.00042258641431234016,embedding_pca
esmc_PC517,0.01071767893784964,0.025497503432757137,0.01071767893784964,embedding_pca
esmc_PC518,-0.0028902882703278924,0.011831169632466653,0.0028902882703278924,embedding_pca
esmc_PC519,0.0011617010065211764,0.019699699387052495,0.0011617010065211764,embedding_pca
esmc_PC520,-0.0008628084005318021,0.020339017505415797,0.0008628084005318021,embedding_pca
esmc_PC521,0.007477726069537021,0.02220736872081873,0.007477726069537021,embedding_pca
esmc_PC522,0.009468332324911021,0.013163415780733023,0.009468332324911021,embedding_pca
esmc_PC523,-0.007343735661051637,0.017558342480037615,0.007343735661051637,embedding_pca
esmc_PC524,0.0019371905095507062,0.017456826448739197,0.0019371905095507062,embedding_pca
esmc_PC525,-0.003523699154922714,0.015655732531911923,0.003523699154922714,embedding_pca
esmc_PC526,0.010759737761390732,0.023317678250051373,0.010759737761390732,embedding_pca
esmc_PC527,-0.018869858848608458,0.020653820051937277,0.018869858848608458,embedding_pca
esmc_PC528,0.003995035531076667,0.014372909634591513,0.003995035531076667,embedding_pca
esmc_PC529,-0.011582628246044755,0.01720931162493366,0.011582628246044755,embedding_pca
esmc_PC530,-0.002821552450554031,0.017876410035744836,0.002821552450554031,embedding_pca
esmc_PC531,-0.005971305720119958,0.025676780679260415,0.005971305720119958,embedding_pca
esmc_PC532,-0.001994713600265831,0.010946754788146409,0.001994713600265831,embedding_pca
esmc_PC533,0.001821260132185165,0.018592138466016733,0.001821260132185165,embedding_pca
esmc_PC534,-0.007281125520688081,0.01999880568160009,0.007281125520688081,embedding_pca
esmc_PC535,4.3663770978121655e-05,0.008662299365830487,4.3663770978121655e-05,embedding_pca
esmc_PC536,-0.0007302363128570306,0.0180414669253726,0.0007302363128570306,embedding_pca
esmc_PC537,0.003419359030918415,0.017857373488106162,0.003419359030918415,embedding_pca
esmc_PC538,0.0012964813552812828,0.019689220250807087,0.0012964813552812828,embedding_pca
esmc_PC539,5.234330160048522e-05,0.019874803933684973,5.234330160048522e-05,embedding_pca
esmc_PC540,-0.008276620182948093,0.013816547424234642,0.008276620182948093,embedding_pca
esmc_PC541,0.004307294331910791,0.012312859181056558,0.004307294331910791,embedding_pca
esmc_PC542,-0.01148767177814997,0.009638131777835731,0.01148767177814997,embedding_pca
esmc_PC543,-0.015459273986213959,0.015531061502852826,0.015459273986213959,embedding_pca
esmc_PC544,0.019004625494575517,0.03237668608569678,0.019004625494575517,embedding_pca
esmc_PC545,-0.000782510994846087,0.014643245364810053,0.000782510994846087,embedding_pca
esmc_PC546,-0.000962274561293814,0.042179383354937774,0.000962274561293814,embedding_pca
esmc_PC547,-0.006946044871843781,0.020906591356023643,0.006946044871843781,embedding_pca
esmc_PC548,0.00046957221353294287,0.01800088131296772,0.00046957221353294287,embedding_pca
esmc_PC549,-0.015368913592229824,0.017271087862773867,0.015368913592229824,embedding_pca
esmc_PC550,-0.008474640837697344,0.028156515507133894,0.008474640837697344,embedding_pca
esmc_PC551,-0.004456347774342873,0.024422597794932215,0.004456347774342873,embedding_pca
esmc_PC552,0.007026811731338263,0.01277043172674031,0.007026811731338263,embedding_pca
esmc_PC553,-0.005403135615802652,0.015772152099304045,0.005403135615802652,embedding_pca
esmc_PC554,-0.003780439856572171,0.016294068429532738,0.003780439856572171,embedding_pca
esmc_PC555,-0.005859514036465993,0.012165187034690425,0.005859514036465993,embedding_pca
esmc_PC556,0.022186146626185215,0.025043831963936898,0.022186146626185215,embedding_pca
esmc_PC557,-0.014418518766187355,0.0319964749037976,0.014418518766187355,embedding_pca
esmc_PC558,0.00910151720386811,0.027892519252495813,0.00910151720386811,embedding_pca
esmc_PC559,0.004785995414423811,0.030454230763028844,0.004785995414423811,embedding_pca
esmc_PC560,0.00016617984701963184,0.015663483490870496,0.00016617984701963184,embedding_pca
esmc_PC561,-0.0035578908426447562,0.04250868715482426,0.0035578908426447562,embedding_pca
esmc_PC562,-0.006162557488765577,0.011492400256616206,0.006162557488765577,embedding_pca
esmc_PC563,-0.002788329871084738,0.021885183386071358,0.002788329871084738,embedding_pca
esmc_PC564,-0.0034881942360769345,0.03231695317428531,0.0034881942360769345,embedding_pca
esmc_PC565,-0.006426589283393241,0.0194760286704048,0.006426589283393241,embedding_pca
esmc_PC566,0.011072423585768754,0.011541032869760205,0.011072423585768754,embedding_pca
esmc_PC567,0.015447940159190151,0.012093905423591747,0.015447940159190151,embedding_pca
esmc_PC568,-0.005144002319053221,0.030367857996690135,0.005144002319053221,embedding_pca
esmc_PC569,0.0007700473487217668,0.02734709887092874,0.0007700473487217668,embedding_pca
esmc_PC570,0.016015589609348367,0.029398288813545784,0.016015589609348367,embedding_pca
esmc_PC571,-0.0038334041267174294,0.015453253763202687,0.0038334041267174294,embedding_pca
esmc_PC572,-0.020550841305703935,0.012138161336020381,0.020550841305703935,embedding_pca
esmc_PC573,-0.0024448867774384078,0.013254711850396648,0.0024448867774384078,embedding_pca
esmc_PC574,-0.004435040849545787,0.02007519741658269,0.004435040849545787,embedding_pca
esmc_PC575,0.006551004384942223,0.02525233143534361,0.006551004384942223,embedding_pca
esmc_PC576,-0.003364791175779476,0.026388042093858404,0.003364791175779476,embedding_pca
esmc_PC577,0.0065346951178444825,0.0036126881238035553,0.0065346951178444825,embedding_pca
esmc_PC578,-0.013943691227662897,0.024526859439550044,0.013943691227662897,embedding_pca
esmc_PC579,-0.010791990148984075,0.015161268499215392,0.010791990148984075,embedding_pca
esmc_PC580,-0.00543469552882454,0.016137603627117202,0.00543469552882454,embedding_pca
esmc_PC581,0.003897727482843667,0.026664424417931386,0.003897727482843667,embedding_pca
esmc_PC582,0.010290128320835052,0.013500539381160208,0.010290128320835052,embedding_pca
esmc_PC583,0.00526758152828932,0.026496443437328408,0.00526758152828932,embedding_pca
esmc_PC584,0.014194571294487873,0.019177371682308934,0.014194571294487873,embedding_pca
esmc_PC585,-0.00086437585697072,0.020322420716992806,0.00086437585697072,embedding_pca
esmc_PC586,-0.010667624232325241,0.027540631975464653,0.010667624232325241,embedding_pca
esmc_PC587,-0.030815157447328167,0.008098999856082784,0.030815157447328167,embedding_pca
esmc_PC588,0.00479281970614534,0.016710415428468718,0.00479281970614534,embedding_pca
esmc_PC589,-0.0021359324986548814,0.024410827398729875,0.0021359324986548814,embedding_pca
esmc_PC590,-0.01548987261964673,0.017694328709360642,0.01548987261964673,embedding_pca
esmc_PC591,-0.0035504693849203574,0.0197555840117923,0.0035504693849203574,embedding_pca
esmc_PC592,0.0056431254694134115,0.014294797700222494,0.0056431254694134115,embedding_pca
esmc_PC593,0.009713166022468977,0.011339691092389928,0.009713166022468977,embedding_pca
esmc_PC594,-0.011071854111912615,0.01932057147804382,0.011071854111912615,embedding_pca
esmc_PC595,0.011566948561533362,0.013945401148671571,0.011566948561533362,embedding_pca
esmc_PC596,-0.008131019291126772,0.01012142301567652,0.008131019291126772,embedding_pca
esmc_PC597,0.0025262124810822963,0.026979913899332138,0.0025262124810822963,embedding_pca
esmc_PC598,-0.012510731537663893,0.008144810089219115,0.012510731537663893,embedding_pca
esmc_PC599,-0.004101215279974096,0.01632538177083964,0.004101215279974096,embedding_pca
esmc_PC600,-0.00026987669900847,0.02224009723319127,0.00026987669900847,embedding_pca
esmc_PC601,0.010681002470194587,0.02334410629258394,0.010681002470194587,embedding_pca
esmc_PC602,-0.0009935879867379218,0.0182148058590513,0.0009935879867379218,embedding_pca
esmc_PC603,-0.007983421885192705,0.013378217630144575,0.007983421885192705,embedding_pca
esmc_PC604,0.013870049536397505,0.02327371248086986,0.013870049536397505,embedding_pca
esmc_PC605,-0.0014933329770517657,0.013380810104393346,0.0014933329770517657,embedding_pca
esmc_PC606,-0.005835633516417136,0.023697912954733617,0.005835633516417136,embedding_pca
esmc_PC607,-0.011455837013660316,0.022689696171936325,0.011455837013660316,embedding_pca
esmc_PC608,-0.007046921499667456,0.03026493008971205,0.007046921499667456,embedding_pca
esmc_PC609,-0.0022390374688610977,0.02255219741549619,0.0022390374688610977,embedding_pca
esmc_PC610,0.01480185462809434,0.021631027036564648,0.01480185462809434,embedding_pca
esmc_PC611,-0.008262534153589319,0.013661750277487464,0.008262534153589319,embedding_pca
esmc_PC612,-0.0049399655072399126,0.027281245321164927,0.0049399655072399126,embedding_pca
esmc_PC613,0.005067776597063676,0.031674871419017495,0.005067776597063676,embedding_pca
esmc_PC614,-0.0006537052874691377,0.026337512620205124,0.0006537052874691377,embedding_pca
esmc_PC615,-0.003979991995029555,0.02087193312523754,0.003979991995029555,embedding_pca
esmc_PC616,0.001025315002593003,0.026200554780275245,0.001025315002593003,embedding_pca
esmc_PC617,-0.00043069056562080183,0.019172901039110214,0.00043069056562080183,embedding_pca
esmc_PC618,0.00024355199703152733,0.01640620407770689,0.00024355199703152733,embedding_pca
esmc_PC619,-0.015790771499861175,0.020137816813058908,0.015790771499861175,embedding_pca
esmc_PC620,0.003550143414971197,0.010895232076508693,0.003550143414971197,embedding_pca
esmc_PC621,0.005346086021070548,0.013600341633334878,0.005346086021070548,embedding_pca
esmc_PC622,-0.005737534225652228,0.0251844137963281,0.005737534225652228,embedding_pca
esmc_PC623,-0.010507857077084421,0.026713018527297187,0.010507857077084421,embedding_pca
esmc_PC624,0.006955831464407046,0.02896867699258865,0.006955831464407046,embedding_pca
esmc_PC625,-0.028937588391659514,0.023431891103283108,0.028937588391659514,embedding_pca
esmc_PC626,-0.006403378966632557,0.016397430216496128,0.006403378966632557,embedding_pca
esmc_PC627,-0.016692805658439495,0.028331060747268932,0.016692805658439495,embedding_pca
esmc_PC628,-0.014393189676878526,0.014781187352073141,0.014393189676878526,embedding_pca
esmc_PC629,0.010535088362996306,0.02306887106699452,0.010535088362996306,embedding_pca
esmc_PC630,0.004803366633213219,0.020167561935955737,0.004803366633213219,embedding_pca
esmc_PC631,-0.018324464506760167,0.014483115001802596,0.018324464506760167,embedding_pca
esmc_PC632,0.0016675792142263539,0.01688723273835747,0.0016675792142263539,embedding_pca
esmc_PC633,0.00019355768750797114,0.014755122610951486,0.00019355768750797114,embedding_pca
esmc_PC634,-0.0021660901874953984,0.02289127347168934,0.0021660901874953984,embedding_pca
esmc_PC635,-0.004670614918437926,0.00804455042329521,0.004670614918437926,embedding_pca
esmc_PC636,0.014851474293090952,0.025407831195583822,0.014851474293090952,embedding_pca
esmc_PC637,0.006361816004773242,0.006697396196405279,0.006361816004773242,embedding_pca
esmc_PC638,-0.005169175504024737,0.02926133842412633,0.005169175504024737,embedding_pca
esmc_PC639,0.00023601299992136447,0.008546551162151195,0.00023601299992136447,embedding_pca
esmc_PC640,-0.006808409488525208,0.02189409874960629,0.006808409488525208,embedding_pca
esmc_PC641,0.012952448780466756,0.016727413438128082,0.012952448780466756,embedding_pca
esmc_PC642,0.001834300679388233,0.01708569848444995,0.001834300679388233,embedding_pca
esmc_PC643,0.02510625568404553,0.01227731888165592,0.02510625568404553,embedding_pca
esmc_PC644,-0.008168414020168695,0.01677743058468219,0.008168414020168695,embedding_pca
esmc_PC645,-0.001080688522268644,0.006697439193797821,0.001080688522268644,embedding_pca
esmc_PC646,0.0001710894470698762,0.023945959502627224,0.0001710894470698762,embedding_pca
esmc_PC647,0.01529097512569523,0.006434455664970378,0.01529097512569523,embedding_pca
esmc_PC648,0.014673707153120946,0.01963371155411109,0.014673707153120946,embedding_pca
esmc_PC649,0.018758824747726024,0.012843830608473567,0.018758824747726024,embedding_pca
esmc_PC650,0.006227541825347101,0.02082475698051108,0.006227541825347101,embedding_pca
esmc_PC651,-0.00047024007358873154,0.013007721358284721,0.00047024007358873154,embedding_pca
esmc_PC652,0.0013342533160333435,0.01692947372056276,0.0013342533160333435,embedding_pca
esmc_PC653,0.0013041857521517534,0.017659980484229475,0.0013041857521517534,embedding_pca
esmc_PC654,0.0039120238946749476,0.03117647279513889,0.0039120238946749476,embedding_pca
esmc_PC655,0.003271332833445296,0.02184784002800055,0.003271332833445296,embedding_pca
esmc_PC656,0.015296371081697496,0.016216630769373155,0.015296371081697496,embedding_pca
esmc_PC657,0.008227079261204308,0.0033029762574787545,0.008227079261204308,embedding_pca
esmc_PC658,-0.005305131755384464,0.01919407642571322,0.005305131755384464,embedding_pca
esmc_PC659,-0.00996858939817499,0.02377411985697377,0.00996858939817499,embedding_pca
esmc_PC660,0.002337122689022966,0.005242364913842837,0.002337122689022966,embedding_pca
esmc_PC661,-0.0012917589051899066,0.01257620696056086,0.0012917589051899066,embedding_pca
esmc_PC662,-0.007958525722619809,0.01949843490253884,0.007958525722619809,embedding_pca
esmc_PC663,0.011706258969332809,0.02145631105099372,0.011706258969332809,embedding_pca
esmc_PC664,0.001609715406394947,0.024279846780907218,0.001609715406394947,embedding_pca
esmc_PC665,0.0011044667551330933,0.012026463355443929,0.0011044667551330933,embedding_pca
esmc_PC666,0.0003548488004481825,0.01622180180441363,0.0003548488004481825,embedding_pca
esmc_PC667,0.005429111894527247,0.016672598471892175,0.005429111894527247,embedding_pca
esmc_PC668,-0.0013395158122587814,0.02481653242912074,0.0013395158122587814,embedding_pca
esmc_PC669,0.01855615275272567,0.020266806748705502,0.01855615275272567,embedding_pca
esmc_PC670,0.009614272540854183,0.013772204662077075,0.009614272540854183,embedding_pca
esmc_PC671,-0.006622186704307488,0.012940138987196093,0.006622186704307488,embedding_pca
esmc_PC672,0.001221483783826564,0.0050659273503990635,0.001221483783826564,embedding_pca
esmc_PC673,-0.009466784814330184,0.011853391554407552,0.009466784814330184,embedding_pca
esmc_PC674,-0.009488654023889804,0.012564461483551077,0.009488654023889804,embedding_pca
esmc_PC675,0.002156686702322378,0.023200021248111713,0.002156686702322378,embedding_pca
esmc_PC676,0.006401428503350603,0.013113997667358584,0.006401428503350603,embedding_pca
esmc_PC677,0.02379880461092891,0.013858220631529824,0.02379880461092891,embedding_pca
esmc_PC678,0.0035998808395555104,0.009793455237826631,0.0035998808395555104,embedding_pca
esmc_PC679,-0.011639893515118868,0.007043656713866106,0.011639893515118868,embedding_pca
esmc_PC680,-0.0055888048900445565,0.012161971035485981,0.0055888048900445565,embedding_pca
esmc_PC681,-0.006130264852891782,0.013550339786287524,0.006130264852891782,embedding_pca
esmc_PC682,0.011306302950988046,0.014616627603803299,0.011306302950988046,embedding_pca
esmc_PC683,-0.012686357803186882,0.01796008268412123,0.012686357803186882,embedding_pca
esmc_PC684,-0.013298871924599494,0.017625681765243848,0.013298871924599494,embedding_pca
esmc_PC685,0.004094512789162045,0.021924845077667284,0.004094512789162045,embedding_pca
esmc_PC686,0.013093167104071985,0.018442651025075175,0.013093167104071985,embedding_pca
esmc_PC687,0.0020622334784869095,0.020119165410574753,0.0020622334784869095,embedding_pca
esmc_PC688,0.0011748832989984226,0.006955550079437531,0.0011748832989984226,embedding_pca
esmc_PC689,-0.008029527732176606,0.028390719616366095,0.008029527732176606,embedding_pca
esmc_PC690,-0.0033256105551213765,0.014707960351378065,0.0033256105551213765,embedding_pca
esmc_PC691,0.0006306531272477613,0.013086919765950392,0.0006306531272477613,embedding_pca
esmc_PC692,-0.0010335881640911426,0.013778200439508283,0.0010335881640911426,embedding_pca
esmc_PC693,0.007364444054901673,0.009846216267274176,0.007364444054901673,embedding_pca
esmc_PC694,0.005144980833129969,0.01315500739660065,0.005144980833129969,embedding_pca
esmc_PC695,-0.0020917022093570347,0.013313021129665767,0.0020917022093570347,embedding_pca
esmc_PC696,0.002977999423071506,0.01869495454291072,0.002977999423071506,embedding_pca
esmc_PC697,0.01787545757597574,0.01705332461523992,0.01787545757597574,embedding_pca
esmc_PC698,-0.002764979135813489,0.016236311039590594,0.002764979135813489,embedding_pca
esmc_PC699,-0.0010321793254608712,0.009451842687222494,0.0010321793254608712,embedding_pca
esmc_PC700,-0.0007978926673782837,0.010975159831513068,0.0007978926673782837,embedding_pca
esmc_PC701,0.0015291519853104798,0.01567189859337592,0.0015291519853104798,embedding_pca
esmc_PC702,0.0036696169858080247,0.022106112594664492,0.0036696169858080247,embedding_pca
esmc_PC703,0.009610086867110118,0.01659444329798384,0.009610086867110118,embedding_pca
esmc_PC704,-0.0017391960518842043,0.015560265690999928,0.0017391960518842043,embedding_pca
esmc_PC705,0.008189584539595516,0.009198259954277505,0.008189584539595516,embedding_pca
esmc_PC706,-0.008578976932040409,0.017119325135099516,0.008578976932040409,embedding_pca
esmc_PC707,-0.00607054002707417,0.006032144796639859,0.00607054002707417,embedding_pca
esmc_PC708,-0.012524080225058437,0.01182897965057866,0.012524080225058437,embedding_pca
esmc_PC709,-0.0007882358487804634,0.012728058745368307,0.0007882358487804634,embedding_pca
esmc_PC710,-0.007118395194976791,0.016788997487291114,0.007118395194976791,embedding_pca
esmc_PC711,-0.0035986189741670145,0.01210701377539967,0.0035986189741670145,embedding_pca
esmc_PC712,-0.009047795642712542,0.011994915694984036,0.009047795642712542,embedding_pca
esmc_PC713,-0.012577052288885105,0.01777070330806051,0.012577052288885105,embedding_pca
esmc_PC714,0.007507535318933252,0.018232653529534928,0.007507535318933252,embedding_pca
esmc_PC715,-0.007925299903579788,0.016679006886879517,0.007925299903579788,embedding_pca
esmc_PC716,-0.004614126620117686,0.008173374598175442,0.004614126620117686,embedding_pca
esmc_PC717,0.00857292105132181,0.016333620077139482,0.00857292105132181,embedding_pca
esmc_PC718,-0.003156690000509996,0.017355068166023235,0.003156690000509996,embedding_pca
esmc_PC719,-0.007628611371917396,0.02177978453563961,0.007628611371917396,embedding_pca
esmc_PC720,-0.0008742092912966279,0.023886463596820503,0.0008742092912966279,embedding_pca
esmc_PC721,-0.020796598081178265,0.024513788534743338,0.020796598081178265,embedding_pca
esmc_PC722,0.01847914344391365,0.014756466959492433,0.01847914344391365,embedding_pca
esmc_PC723,-0.003679132054519195,0.018049769666176604,0.003679132054519195,embedding_pca
esmc_PC724,-0.024199338728705895,0.012791648565068845,0.024199338728705895,embedding_pca
esmc_PC725,0.007607679480514748,0.022473391792605657,0.007607679480514748,embedding_pca
esmc_PC726,-0.0033821132997714732,0.01168450119966215,0.0033821132997714732,embedding_pca
esmc_PC727,-0.0023576579140721604,0.014518021063875324,0.0023576579140721604,embedding_pca
esmc_PC728,-0.00106414480439877,0.026916090748283425,0.00106414480439877,embedding_pca
esmc_PC729,-0.00627368589775356,0.015537810191036774,0.00627368589775356,embedding_pca
esmc_PC730,-0.004685497118619255,0.034203623800343134,0.004685497118619255,embedding_pca
esmc_PC731,-0.010032565199023893,0.015154449560796842,0.010032565199023893,embedding_pca
esmc_PC732,0.0009225573635851323,0.008255188999128327,0.0009225573635851323,embedding_pca
esmc_PC733,0.010176019327128458,0.021274534461449092,0.010176019327128458,embedding_pca
esmc_PC734,0.005794221041660115,0.012746947723956962,0.005794221041660115,embedding_pca
esmc_PC735,-0.0023713743770250413,0.009029938683668451,0.0023713743770250413,embedding_pca
esmc_PC736,-0.006506606664562632,0.019239913509837583,0.006506606664562632,embedding_pca
esmc_PC737,-0.003701539389040999,0.011842747059107081,0.003701539389040999,embedding_pca
esmc_PC738,0.002830584284085285,0.01218422035382372,0.002830584284085285,embedding_pca
esmc_PC739,0.008060251303210891,0.015001547040213819,0.008060251303210891,embedding_pca
esmc_PC740,0.004073674231072774,0.014862355096893744,0.004073674231072774,embedding_pca
esmc_PC741,-0.0035741909845208642,0.011712080311089343,0.0035741909845208642,embedding_pca
esmc_PC742,0.009752793850705373,0.017918076554770495,0.009752793850705373,embedding_pca
esmc_PC743,0.025324056570652103,0.011939896909130327,0.025324056570652103,embedding_pca
esmc_PC744,0.005695126235942945,0.012709919635926933,0.005695126235942945,embedding_pca
esmc_PC745,0.007437326400663874,0.016025038812822714,0.007437326400663874,embedding_pca
esmc_PC746,0.0014857514413849804,0.00797349115839261,0.0014857514413849804,embedding_pca
esmc_PC747,0.0014809121605098303,0.015832424726135278,0.0014809121605098303,embedding_pca
esmc_PC748,-0.0001863907330701022,0.006572012831297762,0.0001863907330701022,embedding_pca
esmc_PC749,-0.0012779579852139993,0.014315769291251135,0.0012779579852139993,embedding_pca
esmc_PC750,0.0016635474183328309,0.019155111488219377,0.0016635474183328309,embedding_pca
esmc_PC751,0.007126809515539456,0.010367366341062967,0.007126809515539456,embedding_pca
esmc_PC752,0.0025949722237307406,0.016111587062128275,0.0025949722237307406,embedding_pca
esmc_PC753,-0.0008409793014241516,0.017805719616606652,0.0008409793014241516,embedding_pca
esmc_PC754,-0.00491342172021683,0.02456321270916418,0.00491342172021683,embedding_pca
esmc_PC755,0.010394143840267694,0.016781973250445583,0.010394143840267694,embedding_pca
esmc_PC756,0.006399673495050999,0.006523797747751386,0.006399673495050999,embedding_pca
esmc_PC757,-0.0021109528897479053,0.02230295118907476,0.0021109528897479053,embedding_pca
esmc_PC758,-0.0030807356246987717,0.01212015009244197,0.0030807356246987717,embedding_pca
esmc_PC759,0.00505099725665673,0.010702776965961764,0.00505099725665673,embedding_pca
esmc_PC760,-0.003146842757768205,0.010495179458074034,0.003146842757768205,embedding_pca
esmc_PC761,-0.0014462119250756105,0.007451438764760275,0.0014462119250756105,embedding_pca
esmc_PC762,-0.02187246420081848,0.01679855376027929,0.02187246420081848,embedding_pca
esmc_PC763,0.0008448169039462352,0.02978801735203001,0.0008448169039462352,embedding_pca
esmc_PC764,-0.017531731600431956,0.008117032999316947,0.017531731600431956,embedding_pca
esmc_PC765,-0.013112331229283269,0.012775176065908691,0.013112331229283269,embedding_pca
esmc_PC766,0.001092550113450073,0.00941653593504825,0.001092550113450073,embedding_pca
esmc_PC767,-0.007561385058286053,0.019866718750672436,0.007561385058286053,embedding_pca
esmc_PC768,0.007546893885445628,0.009829896718546028,0.007546893885445628,embedding_pca
esmc_PC769,-0.00987060731642536,0.004575418096493123,0.00987060731642536,embedding_pca
esmc_PC770,0.010925095693321769,0.011061298750835852,0.010925095693321769,embedding_pca
esmc_PC771,0.005871638798910859,0.01736919966388891,0.005871638798910859,embedding_pca
esmc_PC772,0.00459230155980892,0.015368379563183586,0.00459230155980892,embedding_pca
esmc_PC773,-0.0020936573594185466,0.030947578337358207,0.0020936573594185466,embedding_pca
esmc_PC774,-0.0006851077266749863,0.01895411070904355,0.0006851077266749863,embedding_pca
esmc_PC775,-0.012197872642156493,0.014888642347188775,0.012197872642156493,embedding_pca
esmc_PC776,0.0058523015508040645,0.015641584724689305,0.0058523015508040645,embedding_pca
esmc_PC777,-0.006678151646683417,0.022886170408650198,0.006678151646683417,embedding_pca
esmc_PC778,-0.012614148823437638,0.02025037764271635,0.012614148823437638,embedding_pca
esmc_PC779,-0.0024368260538509133,0.008276538308721921,0.0024368260538509133,embedding_pca
esmc_PC780,-0.008609599727967116,0.00202095784218081,0.008609599727967116,embedding_pca
esmc_PC781,-0.004308533710742827,0.015859017597332624,0.004308533710742827,embedding_pca
esmc_PC782,-0.0007157428851149152,0.019525764619554804,0.0007157428851149152,embedding_pca
esmc_PC783,-0.0028522651808578366,0.013895745902630466,0.0028522651808578366,embedding_pca
esmc_PC784,-0.009272028646471196,0.02085708739056239,0.009272028646471196,embedding_pca
esmc_PC785,-0.004190997345844541,0.009432062689361214,0.004190997345844541,embedding_pca
esmc_PC786,-0.008659437276581338,0.015341388692141066,0.008659437276581338,embedding_pca
esmc_PC787,-0.0018505952850910484,0.015514708207028287,0.0018505952850910484,embedding_pca
esmc_PC788,-0.005782285048133882,0.016569561085673697,0.005782285048133882,embedding_pca
esmc_PC789,-0.00695127097597297,0.010590298541885482,0.00695127097597297,embedding_pca
esmc_PC790,-0.011818196987831453,0.014559698734226561,0.011818196987831453,embedding_pca
esmc_PC791,-0.005543968496869401,0.02187456664072155,0.005543968496869401,embedding_pca
esmc_PC792,-0.0010736090965289776,0.017239794454399347,0.0010736090965289776,embedding_pca
esmc_PC793,0.017701580164944452,0.014084602857756793,0.017701580164944452,embedding_pca
esmc_PC794,0.01256918211370323,0.01947177501097481,0.01256918211370323,embedding_pca
esmc_PC795,0.00023040187685625777,0.009030653351884447,0.00023040187685625777,embedding_pca
esmc_PC796,0.007541593007642502,0.00573476807161946,0.007541593007642502,embedding_pca
esmc_PC797,-0.006415829797223613,0.013466451739649596,0.006415829797223613,embedding_pca
esmc_PC798,0.0019594059384614206,0.022648893973509634,0.0019594059384614206,embedding_pca
esmc_PC799,-0.000759301325211963,0.013575004658989994,0.000759301325211963,embedding_pca
esmc_PC800,0.001579969356125858,0.01794868886452685,0.001579969356125858,embedding_pca
esmc_PC801,0.019329536660824303,0.020796415419489164,0.019329536660824303,embedding_pca
esmc_PC802,-0.002551738811701186,0.010575477544019506,0.002551738811701186,embedding_pca
esmc_PC803,0.0075667658848427395,0.022341301852653477,0.0075667658848427395,embedding_pca
esmc_PC804,0.009413311973193877,0.015709838536485367,0.009413311973193877,embedding_pca
esmc_PC805,0.015327934793441713,0.01814548997331252,0.015327934793441713,embedding_pca
esmc_PC806,-0.0026135969710253137,0.01784884073622619,0.0026135969710253137,embedding_pca
esmc_PC807,0.005043370597469399,0.025824299154803634,0.005043370597469399,embedding_pca
esmc_PC808,0.0005859409864371952,0.017169657640410962,0.0005859409864371952,embedding_pca
esmc_PC809,-0.013212619491931647,0.026088400356741138,0.013212619491931647,embedding_pca
esmc_PC810,-0.0022341798345395262,0.028201791096132606,0.0022341798345395262,embedding_pca
esmc_PC811,-0.007139571756021343,0.011624394357991159,0.007139571756021343,embedding_pca
esmc_PC812,-0.003143490633192006,0.005658184126711592,0.003143490633192006,embedding_pca
esmc_PC813,-0.0020576418349187798,0.004431828081817559,0.0020576418349187798,embedding_pca
esmc_PC814,0.013815397601807675,0.01350065131393908,0.013815397601807675,embedding_pca
esmc_PC815,0.002896311967378709,0.026016033579301937,0.002896311967378709,embedding_pca
esmc_PC816,-0.0028582349146980338,0.020092931644600447,0.0028582349146980338,embedding_pca
esmc_PC817,-0.00324134501447433,0.013672965772838701,0.00324134501447433,embedding_pca
esmc_PC818,-0.004437605421843377,0.030421046941623234,0.004437605421843377,embedding_pca
esmc_PC819,0.005254610956950325,0.023154228601617383,0.005254610956950325,embedding_pca
esmc_PC820,4.528382056226826e-05,0.019684702974978884,4.528382056226826e-05,embedding_pca
esmc_PC821,-0.0021488309313586595,0.019077774352877774,0.0021488309313586595,embedding_pca
esmc_PC822,0.005169613232574288,0.017048013849929832,0.005169613232574288,embedding_pca
esmc_PC823,0.01239844761611184,0.021829907379340093,0.01239844761611184,embedding_pca
esmc_PC824,0.004981067485092129,0.013459421768894073,0.004981067485092129,embedding_pca
esmc_PC825,-0.016418219159351894,0.01319060229153976,0.016418219159351894,embedding_pca
esmc_PC826,0.008522337555572563,0.01716344920379527,0.008522337555572563,embedding_pca
esmc_PC827,0.0030726193832943246,0.008606545856229185,0.0030726193832943246,embedding_pca
esmc_PC828,-0.012581665377537313,0.006283365613326624,0.012581665377537313,embedding_pca
esmc_PC829,-0.0019830275975666,0.012812600694197023,0.0019830275975666,embedding_pca
esmc_PC830,0.012951659916088144,0.018271001468734636,0.012951659916088144,embedding_pca
esmc_PC831,0.013474408929398116,0.014473552580069148,0.013474408929398116,embedding_pca
esmc_PC832,-0.019144770142471162,0.012589702081364885,0.019144770142471162,embedding_pca
esmc_PC833,0.0011534077818533752,0.013415603542560923,0.0011534077818533752,embedding_pca
esmc_PC834,0.001274051760808696,0.009611528711717327,0.001274051760808696,embedding_pca
esmc_PC835,-0.00046032966559504603,0.007676096995763857,0.00046032966559504603,embedding_pca
esmc_PC836,-0.004325616106582669,0.01625764539024948,0.004325616106582669,embedding_pca
esmc_PC837,0.010098473732038522,0.010344374677989144,0.010098473732038522,embedding_pca
esmc_PC838,-0.0058907509758514155,0.015198861817443732,0.0058907509758514155,embedding_pca
esmc_PC839,-0.006088916822920091,0.022418745577144468,0.006088916822920091,embedding_pca
esmc_PC840,-0.007665630346224882,0.019958956363311832,0.007665630346224882,embedding_pca
esmc_PC841,-0.0036092550651756956,0.018143080354983153,0.0036092550651756956,embedding_pca
esmc_PC842,0.007250565734977149,0.023333009319270393,0.007250565734977149,embedding_pca
esmc_PC843,0.006865245767602381,0.03262049838484129,0.006865245767602381,embedding_pca
esmc_PC844,0.004485319742767271,0.021918806902942685,0.004485319742767271,embedding_pca
esmc_PC845,0.0055289790192176065,0.02473864856357368,0.0055289790192176065,embedding_pca
esmc_PC846,-0.009169439600134895,0.0163246374554627,0.009169439600134895,embedding_pca
esmc_PC847,-0.00762487244575354,0.015425117509848487,0.00762487244575354,embedding_pca
esmc_PC848,0.000388000364382823,0.010430762664986824,0.000388000364382823,embedding_pca
esmc_PC849,0.005193627497451925,0.02145057243381684,0.005193627497451925,embedding_pca
esmc_PC850,-0.010869162944900571,0.020474042157819953,0.010869162944900571,embedding_pca
esmc_PC851,-0.021410743767195012,0.016052302327809104,0.021410743767195012,embedding_pca
esmc_PC852,0.004937276703706091,0.02040738797718951,0.004937276703706091,embedding_pca
esmc_PC853,0.01628741254015211,0.029414577582510443,0.01628741254015211,embedding_pca
esmc_PC854,-0.0030012989367649615,0.015593643791150365,0.0030012989367649615,embedding_pca
esmc_PC855,-0.005435959318283383,0.01423952866531932,0.005435959318283383,embedding_pca
esmc_PC856,0.0152010275194395,0.029081279064562683,0.0152010275194395,embedding_pca
esmc_PC857,-0.0027690977039679437,0.036628803710694595,0.0027690977039679437,embedding_pca
esmc_PC858,-0.00612929490562317,0.021219699665808032,0.00612929490562317,embedding_pca
esmc_PC859,0.011146915853070028,0.017888422558817025,0.011146915853070028,embedding_pca
esmc_PC860,-0.0048739595886442295,0.025305210921675442,0.0048739595886442295,embedding_pca
esmc_PC861,0.0037101479916216004,0.01725011815242437,0.0037101479916216004,embedding_pca
esmc_PC862,0.00842516667967331,0.02949769186714387,0.00842516667967331,embedding_pca
esmc_PC863,-0.007236764250215489,0.013305450826600621,0.007236764250215489,embedding_pca
esmc_PC864,0.016509747482656725,0.013880544283438497,0.016509747482656725,embedding_pca
esmc_PC865,0.016498387274310893,0.013433939360977105,0.016498387274310893,embedding_pca
esmc_PC866,-0.009583656648930107,0.013542727971695959,0.009583656648930107,embedding_pca
esmc_PC867,-0.0035670294573193206,0.016536113703111286,0.0035670294573193206,embedding_pca
esmc_PC868,0.0028937776741301533,0.02124540291606126,0.0028937776741301533,embedding_pca
esmc_PC869,-0.01194487379742595,0.02192193707842019,0.01194487379742595,embedding_pca
esmc_PC870,0.0009038404134332868,0.007332074616629239,0.0009038404134332868,embedding_pca
esmc_PC871,0.012610726893559276,0.018135943375175115,0.012610726893559276,embedding_pca
esmc_PC872,0.010708364206203124,0.02056631180485698,0.010708364206203124,embedding_pca
esmc_PC873,-0.004228632987976885,0.017062780001773605,0.004228632987976885,embedding_pca
esmc_PC874,-0.002671608889422019,0.026213444276397345,0.002671608889422019,embedding_pca
esmc_PC875,-0.00040384350331028297,0.01997471797644499,0.00040384350331028297,embedding_pca
esmc_PC876,0.003537163864746037,0.010437456966592134,0.003537163864746037,embedding_pca
esmc_PC877,-0.010513636709962037,0.0033085442481611965,0.010513636709962037,embedding_pca
esmc_PC878,0.00467368494643578,0.012516608223273213,0.00467368494643578,embedding_pca
esmc_PC879,0.003063420626619908,0.01442867022853272,0.003063420626619908,embedding_pca
esmc_PC880,0.019049172372991197,0.020601201292740918,0.019049172372991197,embedding_pca
esmc_PC881,-0.012258861848061475,0.026226383715677648,0.012258861848061475,embedding_pca
esmc_PC882,0.005199866495530939,0.01155905009427352,0.005199866495530939,embedding_pca
esmc_PC883,-0.017573400293463343,0.010268077535380647,0.017573400293463343,embedding_pca
esmc_PC884,0.014501590752966365,0.023554280669728773,0.014501590752966365,embedding_pca
esmc_PC885,-0.009991950647471711,0.027892486382003964,0.009991950647471711,embedding_pca
esmc_PC886,-0.006358699414402915,0.008203428438054777,0.006358699414402915,embedding_pca
esmc_PC887,-0.019322895591396372,0.01946449516145396,0.019322895591396372,embedding_pca
esmc_PC888,-0.006454574778139025,0.01687894849397644,0.006454574778139025,embedding_pca
esmc_PC889,0.0004386953999101855,0.011339691178138015,0.0004386953999101855,embedding_pca
esmc_PC890,0.007091883696733942,0.011071034609913747,0.007091883696733942,embedding_pca
esmc_PC891,0.007722901622736808,0.016467849035739734,0.007722901622736808,embedding_pca
esmc_PC892,-0.017069904595823072,0.014113319752242465,0.017069904595823072,embedding_pca
esmc_PC893,-0.002552839740670783,0.0287668714762827,0.002552839740670783,embedding_pca
esmc_PC894,-0.01070637301581554,0.009201546836768125,0.01070637301581554,embedding_pca
esmc_PC895,0.013618426680557497,0.029515613790519316,0.013618426680557497,embedding_pca
esmc_PC896,-0.002201262771776117,0.018132272676682836,0.002201262771776117,embedding_pca
esmc_PC897,-0.009722014582003561,0.019090061343495446,0.009722014582003561,embedding_pca
esmc_PC898,-0.0008168983021251397,0.012003972999560209,0.0008168983021251397,embedding_pca
esmc_PC899,0.008264647324616653,0.02798384589673307,0.008264647324616653,embedding_pca
esmc_PC900,-0.0008970440231028623,0.01975817787522501,0.0008970440231028623,embedding_pca
esmc_PC901,-0.0030815167419208866,0.017272715755134754,0.0030815167419208866,embedding_pca
esmc_PC902,-0.0005542117885719586,0.011077621021658657,0.0005542117885719586,embedding_pca
esmc_PC903,0.003012199003437607,0.026807060546484,0.003012199003437607,embedding_pca
esmc_PC904,0.004534142697176528,0.01790829414996735,0.004534142697176528,embedding_pca
esmc_PC905,0.013617920999051767,0.012984074283661311,0.013617920999051767,embedding_pca
esmc_PC906,-0.0072077154503393,0.03207047569623394,0.0072077154503393,embedding_pca
esmc_PC907,0.00155245783847019,0.016673815762336418,0.00155245783847019,embedding_pca
esmc_PC908,-0.003975058021237127,0.020232443411624605,0.003975058021237127,embedding_pca
esmc_PC909,-0.00796961453055233,0.008268595869872572,0.00796961453055233,embedding_pca
esmc_PC910,-0.011743926466745375,0.012224578670788145,0.011743926466745375,embedding_pca
esmc_PC911,-0.0013663780573533208,0.027489086566376986,0.0013663780573533208,embedding_pca
esmc_PC912,-0.015231397729334961,0.017865456970428795,0.015231397729334961,embedding_pca
esmc_PC913,-0.010852540436624111,0.01433200786517743,0.010852540436624111,embedding_pca
esmc_PC914,0.012787359178173507,0.012781574176163081,0.012787359178173507,embedding_pca
esmc_PC915,0.0033753679980864726,0.008668391878030934,0.0033753679980864726,embedding_pca
esmc_PC916,0.0014576711968969616,0.008574529968328075,0.0014576711968969616,embedding_pca
esmc_PC917,0.005054518804693919,0.02301932238157627,0.005054518804693919,embedding_pca
esmc_PC918,0.0048843773707005645,0.01852645538161216,0.0048843773707005645,embedding_pca
esmc_PC919,-0.007647220360660968,0.011792703409746924,0.007647220360660968,embedding_pca
esmc_PC920,0.013290453408913027,0.0196157706147745,0.013290453408913027,embedding_pca
esmc_PC921,-0.0006976633152135276,0.013946085243943862,0.0006976633152135276,embedding_pca
esmc_PC922,-0.019062780972007913,0.008459760762778943,0.019062780972007913,embedding_pca
esmc_PC923,0.0029722670126042976,0.005308325739417139,0.0029722670126042976,embedding_pca
esmc_PC924,-0.01090470060520737,0.010801025281261327,0.01090470060520737,embedding_pca
esmc_PC925,0.0019417727901833673,0.018447914600209336,0.0019417727901833673,embedding_pca
esmc_PC926,0.0023773176982067696,0.008053966484517986,0.0023773176982067696,embedding_pca
esmc_PC927,-0.0003379697445637313,0.019264918121164765,0.0003379697445637313,embedding_pca
esmc_PC928,-0.00034173704705283553,0.013083384330269999,0.00034173704705283553,embedding_pca
esmc_PC929,-0.006828184298455615,0.011664450268592098,0.006828184298455615,embedding_pca
esmc_PC930,-0.0030438391929103947,0.010657094322979312,0.0030438391929103947,embedding_pca
esmc_PC931,0.003938574482925968,0.014580512133994257,0.003938574482925968,embedding_pca
esmc_PC932,0.0028936444174630462,0.012408427083384391,0.0028936444174630462,embedding_pca
esmc_PC933,-0.0006359718370484272,0.010379190025911552,0.0006359718370484272,embedding_pca
esmc_PC934,0.004446618941575231,0.006222688533136,0.004446618941575231,embedding_pca
esmc_PC935,0.009076348546765289,0.0274543308431902,0.009076348546765289,embedding_pca
esmc_PC936,0.007277441200744955,0.016104337818959265,0.007277441200744955,embedding_pca
esmc_PC937,-0.008886214298182364,0.029198452899256513,0.008886214298182364,embedding_pca
esmc_PC938,-0.016957399307909,0.014093805350600416,0.016957399307909,embedding_pca
esmc_PC939,-0.0002579409798037807,0.013943321023428162,0.0002579409798037807,embedding_pca
esmc_PC940,0.0008910901416477664,0.009896202765442404,0.0008910901416477664,embedding_pca
esmc_PC941,0.0006452237210566876,0.010514490261701785,0.0006452237210566876,embedding_pca
esmc_PC942,-0.007946236035562632,0.017654084682185253,0.007946236035562632,embedding_pca
esmc_PC943,0.0028552889325855722,0.011445526156870164,0.0028552889325855722,embedding_pca
esmc_PC944,-0.00618385747257796,0.016624604446272,0.00618385747257796,embedding_pca
esmc_PC945,0.022915366031607223,0.013404785038502084,0.022915366031607223,embedding_pca
esmc_PC946,0.007406997548760866,0.01203762997875161,0.007406997548760866,embedding_pca
esmc_PC947,-0.005159272216393965,0.012457723148984452,0.005159272216393965,embedding_pca
esmc_PC948,0.0056692227667956485,0.01757861351800808,0.0056692227667956485,embedding_pca
esmc_PC949,-0.0006191688077471471,0.014239509201016487,0.0006191688077471471,embedding_pca
esmc_PC950,-0.0036207168202466193,0.015278810226027909,0.0036207168202466193,embedding_pca
esmc_PC951,-0.0012504388515567802,0.02218856778184666,0.0012504388515567802,embedding_pca
esmc_PC952,-0.006177515049205343,0.011646127187388501,0.006177515049205343,embedding_pca
esmc_PC953,-0.01148870372637511,0.020333746509872137,0.01148870372637511,embedding_pca
esmc_PC954,8.398923686722646e-05,0.009715586378708337,8.398923686722646e-05,embedding_pca
esmc_PC955,-0.006604845604801508,0.024756895696614756,0.006604845604801508,embedding_pca
esmc_PC956,0.0047289365265312504,0.014011780831260645,0.0047289365265312504,embedding_pca
esmc_PC957,0.008693087386402367,0.017102664177226255,0.008693087386402367,embedding_pca
esmc_PC958,-0.02092403018993717,0.017128295311955765,0.02092403018993717,embedding_pca
esmc_PC959,-0.009364779972023268,0.019196488081843953,0.009364779972023268,embedding_pca
esmc_PC960,0.014661273437723665,0.024573486645374596,0.014661273437723665,embedding_pca
esmc_PC961,-0.0029730437339602345,0.024813790324519587,0.0029730437339602345,embedding_pca
esmc_PC962,-0.0032310707984560213,0.023000675581727702,0.0032310707984560213,embedding_pca
esmc_PC963,-0.002924107082405376,0.012196319822335615,0.002924107082405376,embedding_pca
esmc_PC964,-0.005323983817289492,0.02937224661231635,0.005323983817289492,embedding_pca
esmc_PC965,-0.0019073228215996177,0.02590835183213193,0.0019073228215996177,embedding_pca
esmc_PC966,-0.022459365969201513,0.02518866341677149,0.022459365969201513,embedding_pca
esmc_PC967,0.0002763351458905529,0.006910303484307321,0.0002763351458905529,embedding_pca
esmc_PC968,0.005024067336927779,0.013156436761577196,0.005024067336927779,embedding_pca
esmc_PC969,0.005825772134620705,0.01573982183750326,0.005825772134620705,embedding_pca
esmc_PC970,0.003889308251151255,0.02592031437212715,0.003889308251151255,embedding_pca
esmc_PC971,-0.004072986901637129,0.011216573794355419,0.004072986901637129,embedding_pca
esmc_PC972,0.0049237817319353816,0.012490885761950484,0.0049237817319353816,embedding_pca
esmc_PC973,0.00501168237402725,0.03150814645007022,0.00501168237402725,embedding_pca
esmc_PC974,0.003118988246948887,0.014689692706066033,0.003118988246948887,embedding_pca
esmc_PC975,-0.0053720140915646765,0.01024072465938896,0.0053720140915646765,embedding_pca
esmc_PC976,0.0017965376718497028,0.02047514809265349,0.0017965376718497028,embedding_pca
esmc_PC977,0.006371056423939064,0.014327048592930415,0.006371056423939064,embedding_pca
esmc_PC978,-0.012874834239382165,0.015261796189533255,0.012874834239382165,embedding_pca
esmc_PC979,-0.017342933296886024,0.01638638602388649,0.017342933296886024,embedding_pca
esmc_PC980,0.0013412401960629593,0.02237198173378317,0.0013412401960629593,embedding_pca
esmc_PC981,0.0018427730829945414,0.015159773153739387,0.0018427730829945414,embedding_pca
esmc_PC982,-0.005012958035661358,0.009547474908771785,0.005012958035661358,embedding_pca
esmc_PC983,0.0008260047577343672,0.021534182316971698,0.0008260047577343672,embedding_pca
esmc_PC984,0.0016772544211973168,0.017098289976247343,0.0016772544211973168,embedding_pca
esmc_PC985,-0.0012640127799097172,0.015950542706768798,0.0012640127799097172,embedding_pca
esmc_PC986,5.9795204015548195e-05,0.024050661748998073,5.9795204015548195e-05,embedding_pca
esmc_PC987,0.009856380317494903,0.02537101074683158,0.009856380317494903,embedding_pca
esmc_PC988,0.009925129618389757,0.02318426155366385,0.009925129618389757,embedding_pca
esmc_PC989,0.0024675458046988586,0.014783543479565715,0.0024675458046988586,embedding_pca
esmc_PC990,0.012812579282158731,0.016669034440519898,0.012812579282158731,embedding_pca
esmc_PC991,0.0015749721727273396,0.01457363519075279,0.0015749721727273396,embedding_pca
esmc_PC992,-0.018297062836414364,0.016255737744792692,0.018297062836414364,embedding_pca
esmc_PC993,0.01726928540904437,0.01711087527004302,0.01726928540904437,embedding_pca
esmc_PC994,0.009788099753169313,0.021794082756333474,0.009788099753169313,embedding_pca
esmc_PC995,-0.010119635900072567,0.008462227029635415,0.010119635900072567,embedding_pca
esmc_PC996,0.0048409695952164634,0.014244151465890139,0.0048409695952164634,embedding_pca
esmc_PC997,0.011315853688865002,0.016010851485772595,0.011315853688865002,embedding_pca
esmc_PC998,0.01564422723992607,0.009480747347956259,0.01564422723992607,embedding_pca
esmc_PC999,0.006949634429082615,0.01642084581633272,0.006949634429082615,embedding_pca
esmc_PC1000,0.004041557426142744,0.018047629136778275,0.004041557426142744,embedding_pca
esmc_PC1001,-0.005909939622681211,0.013491359033717934,0.005909939622681211,embedding_pca
esmc_PC1002,0.010491540821012179,0.01876199559510281,0.010491540821012179,embedding_pca
esmc_PC1003,-0.014293540972523966,0.02528626702765498,0.014293540972523966,embedding_pca
esmc_PC1004,0.002751911476308596,0.02033537401067433,0.002751911476308596,embedding_pca
esmc_PC1005,0.0036832090836938177,0.022588836833218967,0.0036832090836938177,embedding_pca
esmc_PC1006,-0.001320073790496037,0.021396031977165997,0.001320073790496037,embedding_pca
esmc_PC1007,0.006258923297946509,0.013876384210773423,0.006258923297946509,embedding_pca
esmc_PC1008,0.00922100507815094,0.030004866081443454,0.00922100507815094,embedding_pca
esmc_PC1009,0.006103103069534473,0.021780201496501565,0.006103103069534473,embedding_pca
esmc_PC1010,0.007498966778056661,0.010932754626416718,0.007498966778056661,embedding_pca
esmc_PC1011,0.0042014257378042335,0.029535271671265035,0.0042014257378042335,embedding_pca
esmc_PC1012,0.010559230644091044,0.01853279458603915,0.010559230644091044,embedding_pca
esmc_PC1013,0.000440241952679196,0.01772309743623498,0.000440241952679196,embedding_pca
esmc_PC1014,-0.006092531795378608,0.01383229937786045,0.006092531795378608,embedding_pca
esmc_PC1015,0.008160273078208255,0.010562897224920537,0.008160273078208255,embedding_pca
esmc_PC1016,0.002431921585200346,0.012585869489324119,0.002431921585200346,embedding_pca
esmc_PC1017,0.009968796661176175,0.02525017474123049,0.009968796661176175,embedding_pca
esmc_PC1018,-0.00015080256671264197,0.012833629069761045,0.00015080256671264197,embedding_pca
esmc_PC1019,-0.004394997686381361,0.02222614533638768,0.004394997686381361,embedding_pca
esmc_PC1020,0.011337596571418983,0.014912329694221658,0.011337596571418983,embedding_pca
esmc_PC1021,-0.004754687733567837,0.016667842442278383,0.004754687733567837,embedding_pca
esmc_PC1022,0.0024080843207318686,0.007211294478457959,0.0024080843207318686,embedding_pca
esmc_PC1023,-0.014750758525091823,0.021509854295052824,0.014750758525091823,embedding_pca
esmc_PC1024,0.006813677961149523,0.00989885112145943,0.006813677961149523,embedding_pca
esmc_PC1025,0.004286520263348209,0.018671703697883145,0.004286520263348209,embedding_pca
esmc_PC1026,-0.012662720232989283,0.02943357250023599,0.012662720232989283,embedding_pca
esmc_PC1027,0.0007561253443497777,0.012057835077355656,0.0007561253443497777,embedding_pca
esmc_PC1028,0.005082744319894824,0.013676492250667437,0.005082744319894824,embedding_pca
esmc_PC1029,0.0061710519475041995,0.012959577134307796,0.0061710519475041995,embedding_pca
esmc_PC1030,0.00787316215616038,0.013403561040740378,0.00787316215616038,embedding_pca
esmc_PC1031,-0.005165031836645609,0.010092321055086924,0.005165031836645609,embedding_pca
esmc_PC1032,0.002140833477722341,0.007322203034145289,0.002140833477722341,embedding_pca
esmc_PC1033,-0.00029006421415186224,0.014805083603397766,0.00029006421415186224,embedding_pca
esmc_PC1034,-0.01076318187880992,0.009021908050000126,0.01076318187880992,embedding_pca
esmc_PC1035,0.002153028011806879,0.012888593243170833,0.002153028011806879,embedding_pca
esmc_PC1036,0.003914537434295718,0.017409069130391745,0.003914537434295718,embedding_pca
esmc_PC1037,-0.004865810495951852,0.014255095417327626,0.004865810495951852,embedding_pca
esmc_PC1038,-0.016388384445518267,0.01180036923804503,0.016388384445518267,embedding_pca
esmc_PC1039,0.0054659053559080305,0.0197383782748417,0.0054659053559080305,embedding_pca
esmc_PC1040,-0.0002682151605544653,0.00705363204274041,0.0002682151605544653,embedding_pca
esmc_PC1041,0.007860910840955462,0.020023617634429558,0.007860910840955462,embedding_pca
esmc_PC1042,-0.009441723475237746,0.008076183916170985,0.009441723475237746,embedding_pca
esmc_PC1043,-0.0045439744754098435,0.02574867182644733,0.0045439744754098435,embedding_pca
esmc_PC1044,0.011837558455708011,0.020704253773802365,0.011837558455708011,embedding_pca
esmc_PC1045,-0.0007339610835145882,0.024630749075014384,0.0007339610835145882,embedding_pca
esmc_PC1046,-0.009257647733124558,0.01021561616712398,0.009257647733124558,embedding_pca
esmc_PC1047,-0.0035446002996517138,0.011236333969929777,0.0035446002996517138,embedding_pca
esmc_PC1048,-0.008077153350642852,0.013457410745158877,0.008077153350642852,embedding_pca
esmc_PC1049,-0.013740207242119601,0.009030282032307877,0.013740207242119601,embedding_pca
esmc_PC1050,-0.004966560502764028,0.01994947103523468,0.004966560502764028,embedding_pca
esmc_PC1051,0.0039200567225718685,0.01438230567365534,0.0039200567225718685,embedding_pca
esmc_PC1052,0.007448032245395544,0.008390429446201412,0.007448032245395544,embedding_pca
esmc_PC1053,0.0021884466600690746,0.01997812922541055,0.0021884466600690746,embedding_pca
esmc_PC1054,0.0018918553743271591,0.01365215335913869,0.0018918553743271591,embedding_pca
esmc_PC1055,-0.017392695816359445,0.01515799705605789,0.017392695816359445,embedding_pca
esmc_PC1056,0.0006318964718036824,0.014471654649008556,0.0006318964718036824,embedding_pca
esmc_PC1057,-0.005516263157449681,0.010001706597438818,0.005516263157449681,embedding_pca
esmc_PC1058,0.005583186641293203,0.020656495969540663,0.005583186641293203,embedding_pca
esmc_PC1059,0.010350889890109821,0.012409756107387876,0.010350889890109821,embedding_pca
esmc_PC1060,0.00149028234321687,0.008075766094575275,0.00149028234321687,embedding_pca
esmc_PC1061,-0.008330585611953916,0.023689606061789832,0.008330585611953916,embedding_pca
esmc_PC1062,-0.0013198820118482616,0.027208194784940867,0.0013198820118482616,embedding_pca
esmc_PC1063,0.002689902562336012,0.030586076853783117,0.002689902562336012,embedding_pca
esmc_PC1064,0.003625478467398598,0.014820723532496758,0.003625478467398598,embedding_pca
esmc_PC1065,-0.0013373551459396776,0.01936471361977869,0.0013373551459396776,embedding_pca
esmc_PC1066,0.003820682783381879,0.014474373699121884,0.003820682783381879,embedding_pca
esmc_PC1067,-0.004319989727868326,0.02234889405342634,0.004319989727868326,embedding_pca
esmc_PC1068,0.005366708789503431,0.030969036787431466,0.005366708789503431,embedding_pca
esmc_PC1069,-0.013651770035785885,0.018450792326848302,0.013651770035785885,embedding_pca
esmc_PC1070,0.0019759147732460987,0.02344199409118493,0.0019759147732460987,embedding_pca
esmc_PC1071,0.00881986826679253,0.023883897746064434,0.00881986826679253,embedding_pca
esmc_PC1072,0.00899607106279276,0.019199228488156823,0.00899607106279276,embedding_pca
esmc_PC1073,-0.014087809411066191,0.011739348749085459,0.014087809411066191,embedding_pca
esmc_PC1074,-0.0031089049618606415,0.015044419671233092,0.0031089049618606415,embedding_pca
esmc_PC1075,-0.017475920320947254,0.013707173137789182,0.017475920320947254,embedding_pca
esmc_PC1076,0.006184273913695503,0.016987680516623783,0.006184273913695503,embedding_pca
esmc_PC1077,0.004797415322176322,0.007203868790304886,0.004797415322176322,embedding_pca
esmc_PC1078,0.001852953914147197,0.02288034571099902,0.001852953914147197,embedding_pca
esmc_PC1079,-0.013386495332953916,0.02022907802347827,0.013386495332953916,embedding_pca
esmc_PC1080,-0.004350289937050389,0.019037894902576076,0.004350289937050389,embedding_pca
esmc_PC1081,0.0026633295539239925,0.01902025049970567,0.0026633295539239925,embedding_pca
esmc_PC1082,0.005471336328365771,0.017987579826355054,0.005471336328365771,embedding_pca
esmc_PC1083,0.0004380695081982404,0.016755944513812522,0.0004380695081982404,embedding_pca
esmc_PC1084,-0.004995108710304954,0.02465977881730915,0.004995108710304954,embedding_pca
esmc_PC1085,-0.006624365997810672,0.01693189886433052,0.006624365997810672,embedding_pca
esmc_PC1086,-0.003984667836827003,0.017491050931238147,0.003984667836827003,embedding_pca
esmc_PC1087,0.005904239737874422,0.024310083725831322,0.005904239737874422,embedding_pca
esmc_PC1088,-0.000882597753627436,0.011118704300297743,0.000882597753627436,embedding_pca
esmc_PC1089,0.003109519508200049,0.011110706585324788,0.003109519508200049,embedding_pca
esmc_PC1090,-0.014730902023276865,0.01590444537755838,0.014730902023276865,embedding_pca
esmc_PC1091,0.012478161432213173,0.02558749167028226,0.012478161432213173,embedding_pca
esmc_PC1092,0.009091825132103876,0.016127371895717873,0.009091825132103876,embedding_pca
esmc_PC1093,0.0010318958817974247,0.019835117185796832,0.0010318958817974247,embedding_pca
esmc_PC1094,-0.0017598395545521742,0.014556147517594332,0.0017598395545521742,embedding_pca
esmc_PC1095,-0.004077209483987088,0.01325578036139127,0.004077209483987088,embedding_pca
esmc_PC1096,0.00635367599482712,0.008222146638579814,0.00635367599482712,embedding_pca
esmc_PC1097,-0.012584620901305698,0.017786132577716357,0.012584620901305698,embedding_pca
esmc_PC1098,-0.0016375730057711555,0.012289427595791458,0.0016375730057711555,embedding_pca
esmc_PC1099,0.007151129138930868,0.01615784901103804,0.007151129138930868,embedding_pca
esmc_PC1100,0.00346796635671199,0.0201345398125739,0.00346796635671199,embedding_pca
esmc_PC1101,-0.009729244062081255,0.00988028158266282,0.009729244062081255,embedding_pca
esmc_PC1102,-7.606846833350595e-05,0.008311376368324856,7.606846833350595e-05,embedding_pca
esmc_PC1103,0.01144182909371207,0.01485013203080857,0.01144182909371207,embedding_pca
esmc_PC1104,-0.0030645758439119485,0.021720091305368273,0.0030645758439119485,embedding_pca
esmc_PC1105,-0.00805897591871498,0.031117097151147417,0.00805897591871498,embedding_pca
esmc_PC1106,0.018213243559625426,0.014840559038297405,0.018213243559625426,embedding_pca
esmc_PC1107,-0.0014501252578103287,0.023629673636019973,0.0014501252578103287,embedding_pca
esmc_PC1108,-0.007446450442891872,0.005743601986430974,0.007446450442891872,embedding_pca
esmc_PC1109,-0.005304182024178798,0.020774401166281185,0.005304182024178798,embedding_pca
esmc_PC1110,-0.005344805736412299,0.027305334543933805,0.005344805736412299,embedding_pca
esmc_PC1111,-0.000596759599650203,0.019029097123812396,0.000596759599650203,embedding_pca
esmc_PC1112,0.0048385323190586905,0.015026302974566563,0.0048385323190586905,embedding_pca
esmc_PC1113,-0.004126929885591258,0.019987158899560296,0.004126929885591258,embedding_pca
esmc_PC1114,0.02481621718865677,0.022871022414852376,0.02481621718865677,embedding_pca
esmc_PC1115,0.011163464518182922,0.00881473719925071,0.011163464518182922,embedding_pca
esmc_PC1116,-0.00909989164943777,0.008912051631990634,0.00909989164943777,embedding_pca
esmc_PC1117,-0.0113484523129703,0.01339633118200711,0.0113484523129703,embedding_pca
esmc_PC1118,-0.00020666739082143005,0.016821821062857647,0.00020666739082143005,embedding_pca
esmc_PC1119,-0.002563241334954854,0.02784430786018163,0.002563241334954854,embedding_pca
esmc_PC1120,-0.0060336857370496865,0.01616036997338679,0.0060336857370496865,embedding_pca
esmc_PC1121,-0.005434815125463459,0.0192101457390871,0.005434815125463459,embedding_pca
esmc_PC1122,-0.0006371126988724461,0.015293019847640438,0.0006371126988724461,embedding_pca
esmc_PC1123,-0.0035995266408460056,0.025634276653069128,0.0035995266408460056,embedding_pca
esmc_PC1124,-0.0057694945953223305,0.009317984292497765,0.0057694945953223305,embedding_pca
esmc_PC1125,0.0008155490752051735,0.027368111333471726,0.0008155490752051735,embedding_pca
esmc_PC1126,-0.007926488089200729,0.0036723218753564107,0.007926488089200729,embedding_pca
esmc_PC1127,0.0068274675620573905,0.014707315426116934,0.0068274675620573905,embedding_pca
esmc_PC1128,-0.01220833151838894,0.01401792218979337,0.01220833151838894,embedding_pca
esmc_PC1129,-0.005763102381364382,0.02490455944868452,0.005763102381364382,embedding_pca
esmc_PC1130,0.013366605325923922,0.020009492295224578,0.013366605325923922,embedding_pca
esmc_PC1131,-0.0014700836609133835,0.009959038780347394,0.0014700836609133835,embedding_pca
esmc_PC1132,0.003342272461878782,0.015360864994444725,0.003342272461878782,embedding_pca
esmc_PC1133,-0.0027257152886592064,0.0107866533699182,0.0027257152886592064,embedding_pca
esmc_PC1134,-0.0013274900646199313,0.018363488866332923,0.0013274900646199313,embedding_pca
esmc_PC1135,-0.02180622449349139,0.01730643761884777,0.02180622449349139,embedding_pca
esmc_PC1136,0.0017762374407515984,0.013138391086125389,0.0017762374407515984,embedding_pca
esmc_PC1137,-0.0021305613235622993,0.014328893356395752,0.0021305613235622993,embedding_pca
esmc_PC1138,-0.0011619293798715686,0.015430290365281155,0.0011619293798715686,embedding_pca
esmc_PC1139,0.004769689723684817,0.023422880333526307,0.004769689723684817,embedding_pca
esmc_PC1140,-0.00716313027831425,0.013999390767993055,0.00716313027831425,embedding_pca
esmc_PC1141,0.008120580707608877,0.01348579094950521,0.008120580707608877,embedding_pca
esmc_PC1142,-0.0008623897719605668,0.017288073582683566,0.0008623897719605668,embedding_pca
esmc_PC1143,-0.002097258143135228,0.025717308032312744,0.002097258143135228,embedding_pca
esmc_PC1144,0.00016419518833766592,0.02492612358073044,0.00016419518833766592,embedding_pca
esmc_PC1145,-0.003247688461370349,0.015191991984993153,0.003247688461370349,embedding_pca
esmc_PC1146,0.0011126093754251277,0.020350455994575318,0.0011126093754251277,embedding_pca
esmc_PC1147,0.015769619422533215,0.013543198390893725,0.015769619422533215,embedding_pca
esmc_PC1148,0.017066226409201614,0.016524641171789443,0.017066226409201614,embedding_pca
esmc_PC1149,0.0017059682896607767,0.019056257064048874,0.0017059682896607767,embedding_pca
esmc_PC1150,0.019985819449134447,0.018094361733102932,0.019985819449134447,embedding_pca
esmc_PC1151,-0.005691750945420646,0.014716673059409697,0.005691750945420646,embedding_pca
esmc_PC1152,0.0075270959565403904,0.0189234347745609,0.0075270959565403904,embedding_pca
esmc_PC1153,-0.01297213052816984,0.018543734902345753,0.01297213052816984,embedding_pca
esmc_PC1154,-0.0055077063296170604,0.029535192991758823,0.0055077063296170604,embedding_pca
esmc_PC1155,0.011008161099639115,0.011113916377787523,0.011008161099639115,embedding_pca
esmc_PC1156,-0.012664415708574869,0.020799766233488684,0.012664415708574869,embedding_pca
esmc_PC1157,-0.00021342210604540917,0.011010240846121365,0.00021342210604540917,embedding_pca
esmc_PC1158,-0.000338410190846973,0.012230003341616051,0.000338410190846973,embedding_pca
esmc_PC1159,-0.00823175916318627,0.023953916654543245,0.00823175916318627,embedding_pca
esmc_PC1160,-0.0041850637996882056,0.021761863500995984,0.0041850637996882056,embedding_pca
esmc_PC1161,0.00435590484940476,0.020551974257971138,0.00435590484940476,embedding_pca
esmc_PC1162,-0.011602403238849776,0.017379631419608223,0.011602403238849776,embedding_pca
esmc_PC1163,0.004000631960570107,0.012279752954358713,0.004000631960570107,embedding_pca
esmc_PC1164,-6.24454807833099e-05,0.010748489388064476,6.24454807833099e-05,embedding_pca
esmc_PC1165,0.0024135084219506697,0.015311041625286107,0.0024135084219506697,embedding_pca
esmc_PC1166,0.011987637361502632,0.01404470604930766,0.011987637361502632,embedding_pca
esmc_PC1167,-0.000526501143328453,0.014081910024469367,0.000526501143328453,embedding_pca
esmc_PC1168,-0.010061018504673471,0.01708813828050597,0.010061018504673471,embedding_pca
esmc_PC1169,0.007219878602329942,0.009302598419413454,0.007219878602329942,embedding_pca
esmc_PC1170,-0.0020660239880217713,0.01347265217735596,0.0020660239880217713,embedding_pca
esmc_PC1171,-0.013246932270539913,0.024151186576297626,0.013246932270539913,embedding_pca
esmc_PC1172,0.013856110902906033,0.019272960543250353,0.013856110902906033,embedding_pca
esmc_PC1173,-0.011662844495381637,0.01436124526668984,0.011662844495381637,embedding_pca
esmc_PC1174,-0.0001744495811463437,0.012760320738597545,0.0001744495811463437,embedding_pca
esmc_PC1175,-0.003737815644929214,0.013159538306893618,0.003737815644929214,embedding_pca
esmc_PC1176,-0.009174366091316544,0.008871830689080921,0.009174366091316544,embedding_pca
esmc_PC1177,0.007307485143453798,0.018939344418270634,0.007307485143453798,embedding_pca
esmc_PC1178,-0.0010051888478723105,0.018438597867861936,0.0010051888478723105,embedding_pca
esmc_PC1179,0.0017121215701948367,0.004662782924843605,0.0017121215701948367,embedding_pca
esmc_PC1180,-0.00278570942314313,0.02535421926992045,0.00278570942314313,embedding_pca
esmc_PC1181,-0.017836664641809424,0.01566673842060494,0.017836664641809424,embedding_pca
esmc_PC1182,0.003941014365785587,0.020970228696572293,0.003941014365785587,embedding_pca
esmc_PC1183,0.009690013164176175,0.01947851083877396,0.009690013164176175,embedding_pca
esmc_PC1184,0.007291784182190326,0.026029549142924508,0.007291784182190326,embedding_pca
esmc_PC1185,0.010180187601756562,0.011402889275194299,0.010180187601756562,embedding_pca
esmc_PC1186,0.009779265931245555,0.006695154694376763,0.009779265931245555,embedding_pca
esmc_PC1187,-0.012220594219654336,0.009828015453743807,0.012220594219654336,embedding_pca
esmc_PC1188,0.00035012111852622644,0.017172184362551697,0.00035012111852622644,embedding_pca
esmc_PC1189,-0.0008404275072007373,0.014584059329661154,0.0008404275072007373,embedding_pca
esmc_PC1190,-0.0033128411123496486,0.007152982430037942,0.0033128411123496486,embedding_pca
esmc_PC1191,-0.006897227935352214,0.004911806267087915,0.006897227935352214,embedding_pca
esmc_PC1192,-0.011665015927097861,0.013004327637435843,0.011665015927097861,embedding_pca
esmc_PC1193,0.014639767855349765,0.010279595912759185,0.014639767855349765,embedding_pca
esmc_PC1194,0.002021961165570689,0.01938353571159205,0.002021961165570689,embedding_pca
esmc_PC1195,0.012998918020764996,0.004622582252454625,0.012998918020764996,embedding_pca
esmc_PC1196,0.005843242494601697,0.021162053357835924,0.005843242494601697,embedding_pca
esmc_PC1197,0.007960895407378933,0.016543125358965224,0.007960895407378933,embedding_pca
esmc_PC1198,0.012491034369738132,0.02247183595325694,0.012491034369738132,embedding_pca
esmc_PC1199,-0.007073997938584392,0.01317203372030715,0.007073997938584392,embedding_pca
esmc_PC1200,0.0035902843414169286,0.014563594808898333,0.0035902843414169286,embedding_pca
esmc_PC1201,-0.002581780873488874,0.022601078498767305,0.002581780873488874,embedding_pca
esmc_PC1202,0.003698109193934541,0.012379220031307876,0.003698109193934541,embedding_pca
esmc_PC1203,0.005306047511651406,0.02560563546640696,0.005306047511651406,embedding_pca
esmc_PC1204,0.012072356754990377,0.013066586038931604,0.012072356754990377,embedding_pca
esmc_PC1205,-0.012274620009322976,0.008041339128537302,0.012274620009322976,embedding_pca
esmc_PC1206,-0.0032884026430249876,0.01039855085184548,0.0032884026430249876,embedding_pca
esmc_PC1207,0.002133307311444995,0.01327118588446941,0.002133307311444995,embedding_pca
esmc_PC1208,0.007948888086097403,0.010912060854672613,0.007948888086097403,embedding_pca
esmc_PC1209,-0.010852330139432907,0.008836968011358167,0.010852330139432907,embedding_pca
esmc_PC1210,-0.00412390714333455,0.01634683343184235,0.00412390714333455,embedding_pca
esmc_PC1211,0.0036371093088549884,0.012168280872523564,0.0036371093088549884,embedding_pca
esmc_PC1212,-0.002741791270823275,0.019006767420829535,0.002741791270823275,embedding_pca
esmc_PC1213,0.009499807465963619,0.010860198496843172,0.009499807465963619,embedding_pca
esmc_PC1214,-0.01298026960397958,0.015837339701967986,0.01298026960397958,embedding_pca
esmc_PC1215,0.0117270425414332,0.017826710865825945,0.0117270425414332,embedding_pca
esmc_PC1216,-0.00857006221735363,0.018477838095787572,0.00857006221735363,embedding_pca
esmc_PC1217,-0.024732778860773984,0.018538711653936543,0.024732778860773984,embedding_pca
esmc_PC1218,0.0026702548943998783,0.016067141827485257,0.0026702548943998783,embedding_pca
esmc_PC1219,0.009286354837974437,0.02602572127360472,0.009286354837974437,embedding_pca
esmc_PC1220,0.003675477938491261,0.015113470380775285,0.003675477938491261,embedding_pca
esmc_PC1221,0.005406131042731149,0.019341709950983017,0.005406131042731149,embedding_pca
esmc_PC1222,-0.0008572875905109654,0.019442561672151602,0.0008572875905109654,embedding_pca
esmc_PC1223,0.005815176418924493,0.0122571758085605,0.005815176418924493,embedding_pca
esmc_PC1224,-0.0116771334536033,0.027807711743338754,0.0116771334536033,embedding_pca
esmc_PC1225,-0.01396342012412198,0.022306053390405946,0.01396342012412198,embedding_pca
esmc_PC1226,0.008836459713381904,0.017368656573953513,0.008836459713381904,embedding_pca
esmc_PC1227,0.013437711349218793,0.011471845458148895,0.013437711349218793,embedding_pca
esmc_PC1228,0.00022274908543610527,0.012935275059633478,0.00022274908543610527,embedding_pca
esmc_PC1229,-0.003985591536576164,0.028044057124671007,0.003985591536576164,embedding_pca
esmc_PC1230,-0.004722274080282207,0.015108661700276426,0.004722274080282207,embedding_pca
esmc_PC1231,0.0071658814975900905,0.02568466631583835,0.0071658814975900905,embedding_pca
esmc_PC1232,-0.004504800236334628,0.018805940245517235,0.004504800236334628,embedding_pca
esmc_PC1233,-0.010032874402738281,0.010727841858777697,0.010032874402738281,embedding_pca
esmc_PC1234,0.003284386450751358,0.017398964798050923,0.003284386450751358,embedding_pca
esmc_PC1235,0.0020484765225812366,0.02351169625914596,0.0020484765225812366,embedding_pca
esmc_PC1236,0.007720947571627085,0.015768013046756655,0.007720947571627085,embedding_pca
esmc_PC1237,-0.015063950752352579,0.006531210622509485,0.015063950752352579,embedding_pca
esmc_PC1238,0.0012426448239160497,0.01669187187738265,0.0012426448239160497,embedding_pca
esmc_PC1239,-0.0018253206469118943,0.009795547214091803,0.0018253206469118943,embedding_pca
esmc_PC1240,0.00022252369442310945,0.020937311101386063,0.00022252369442310945,embedding_pca
esmc_PC1241,-0.0043096722325362885,0.020414264360717558,0.0043096722325362885,embedding_pca
esmc_PC1242,-0.015651115717545225,0.013936238621804677,0.015651115717545225,embedding_pca
esmc_PC1243,0.018203044490123613,0.021309925671069093,0.018203044490123613,embedding_pca
esmc_PC1244,-0.02010073281224662,0.011089497045948405,0.02010073281224662,embedding_pca
esmc_PC1245,-0.0030965406754359407,0.016028215262960683,0.0030965406754359407,embedding_pca
esmc_PC1246,-0.014563581494726164,0.020443417671023995,0.014563581494726164,embedding_pca
esmc_PC1247,0.014638395389174146,0.013356382452447952,0.014638395389174146,embedding_pca
esmc_PC1248,0.010385068993014066,0.0118075289694089,0.010385068993014066,embedding_pca
esmc_PC1249,0.005940967660041767,0.012524749442374595,0.005940967660041767,embedding_pca
esmc_PC1250,-0.012541022975496832,0.01871785209973423,0.012541022975496832,embedding_pca
esmc_PC1251,0.005208616936840312,0.016301064591175314,0.005208616936840312,embedding_pca
esmc_PC1252,0.015129285180708541,0.024701310733226144,0.015129285180708541,embedding_pca
esmc_PC1253,-0.016165389176004408,0.011408780668091445,0.016165389176004408,embedding_pca
esmc_PC1254,0.0017929460166059403,0.018411412916386188,0.0017929460166059403,embedding_pca
esmc_PC1255,-0.010226627977416265,0.027532987257921113,0.010226627977416265,embedding_pca
esmc_PC1256,-0.0016285721275324232,0.005487735859571906,0.0016285721275324232,embedding_pca
esmc_PC1257,0.014075243865844226,0.015512717261878287,0.014075243865844226,embedding_pca
esmc_PC1258,0.009935696880829539,0.008209902117576039,0.009935696880829539,embedding_pca
esmc_PC1259,0.010905390181646029,0.02429411651945149,0.010905390181646029,embedding_pca
esmc_PC1260,0.01820856512833709,0.013735782726501715,0.01820856512833709,embedding_pca
esmc_PC1261,-0.0027118437686910663,0.02077846106568368,0.0027118437686910663,embedding_pca
esmc_PC1262,-0.007739161383952374,0.023921706751065,0.007739161383952374,embedding_pca
esmc_PC1263,0.002167360002797822,0.008889764295386958,0.002167360002797822,embedding_pca
esmc_PC1264,-0.0036502580946842556,0.008614486787373827,0.0036502580946842556,embedding_pca
esmc_PC1265,-0.0034242524707454635,0.017257203787905365,0.0034242524707454635,embedding_pca
esmc_PC1266,0.008189176194749074,0.010129437555439836,0.008189176194749074,embedding_pca
esmc_PC1267,-0.010938013527932633,0.017829855054864847,0.010938013527932633,embedding_pca
esmc_PC1268,0.0060428341698590005,0.009186391928228115,0.0060428341698590005,embedding_pca
esmc_PC1269,0.00856354677489014,0.016003076109398863,0.00856354677489014,embedding_pca
esmc_PC1270,-0.005716020775297229,0.018631080098042593,0.005716020775297229,embedding_pca
esmc_PC1271,0.002942194897111513,0.0191834716344375,0.002942194897111513,embedding_pca
esmc_PC1272,0.009233508369981854,0.005675364760041806,0.009233508369981854,embedding_pca
esmc_PC1273,-0.006319846798565764,0.023992456840261044,0.006319846798565764,embedding_pca
esmc_PC1274,-0.001506572598389893,0.009987992241870433,0.001506572598389893,embedding_pca
esmc_PC1275,0.007358773103183658,0.016243884195089247,0.007358773103183658,embedding_pca
esmc_PC1276,0.009178248502650758,0.01492030695569705,0.009178248502650758,embedding_pca
esmc_PC1277,-0.0010009327685917351,0.026218498276599084,0.0010009327685917351,embedding_pca
esmc_PC1278,-0.008319970427677643,0.009513262491949004,0.008319970427677643,embedding_pca
esmc_PC1279,0.006381606059253456,0.017693746408597173,0.006381606059253456,embedding_pca
esmc_PC1280,-0.009227395167282328,0.005375911215549622,0.009227395167282328,embedding_pca
esmc_PC1281,-0.0010606801839915941,0.010553298740523067,0.0010606801839915941,embedding_pca
esmc_PC1282,-0.006347603857191619,0.013087534468931256,0.006347603857191619,embedding_pca
esmc_PC1283,0.00948027193549394,0.013033737073851377,0.00948027193549394,embedding_pca
esmc_PC1284,-0.008406580771828554,0.027640143905262465,0.008406580771828554,embedding_pca
esmc_PC1285,-0.010701500469368614,0.012395492878894666,0.010701500469368614,embedding_pca
esmc_PC1286,0.015882875164706736,0.02059706101294456,0.015882875164706736,embedding_pca
esmc_PC1287,-0.005314372066742576,0.017749926705175625,0.005314372066742576,embedding_pca
esmc_PC1288,0.0025886991358456484,0.015271362153137683,0.0025886991358456484,embedding_pca
esmc_PC1289,-0.012587943633064206,0.013731145006586896,0.012587943633064206,embedding_pca
esmc_PC1290,0.013742106518182872,0.016555729774118264,0.013742106518182872,embedding_pca
esmc_PC1291,-0.004872670762889898,0.015571815100640391,0.004872670762889898,embedding_pca
esmc_PC1292,0.002062890811846622,0.023097972254692307,0.002062890811846622,embedding_pca
esmc_PC1293,0.005922477597823099,0.012753706053539336,0.005922477597823099,embedding_pca
esmc_PC1294,-0.005518367893593098,0.011068018933323402,0.005518367893593098,embedding_pca
esmc_PC1295,-0.010281252612127511,0.013189904674517016,0.010281252612127511,embedding_pca
esmc_PC1296,-0.004691135663419053,0.02246270332347055,0.004691135663419053,embedding_pca
esmc_PC1297,0.01749193947504469,0.007331341338884434,0.01749193947504469,embedding_pca
esmc_PC1298,0.010753834313961898,0.009927686225197666,0.010753834313961898,embedding_pca
esmc_PC1299,-0.016405406832423003,0.014608704346091213,0.016405406832423003,embedding_pca
esmc_PC1300,0.0035103455878438355,0.028386692080927787,0.0035103455878438355,embedding_pca
esmc_PC1301,-0.016731637037444038,0.012017410779626616,0.016731637037444038,embedding_pca
esmc_PC1302,0.0036902960292156785,0.015642571604129383,0.0036902960292156785,embedding_pca
esmc_PC1303,0.005213861492750614,0.02178992448425059,0.005213861492750614,embedding_pca
esmc_PC1304,-0.00719340781883981,0.007767349846498534,0.00719340781883981,embedding_pca
esmc_PC1305,0.002476817630669563,0.003764244945995702,0.002476817630669563,embedding_pca
esmc_PC1306,-0.00020116692737056317,0.010976520089650325,0.00020116692737056317,embedding_pca
esmc_PC1307,-0.0014107119561938036,0.01396306640126346,0.0014107119561938036,embedding_pca
esmc_PC1308,-0.005106741676391998,0.008858452170104177,0.005106741676391998,embedding_pca
esmc_PC1309,0.0027254555456285804,0.01966292643783867,0.0027254555456285804,embedding_pca
esmc_PC1310,0.004904220706441369,0.014896575722232925,0.004904220706441369,embedding_pca
esmc_PC1311,-0.00043771159477913255,0.015044386206487391,0.00043771159477913255,embedding_pca
esmc_PC1312,0.00564151437247098,0.013113255228289093,0.00564151437247098,embedding_pca
esmc_PC1313,-0.009852310920487935,0.02572383992338533,0.009852310920487935,embedding_pca
esmc_PC1314,0.007624805945618286,0.013256421682001458,0.007624805945618286,embedding_pca
esmc_PC1315,-0.002342962544926666,0.01027895965209869,0.002342962544926666,embedding_pca
esmc_PC1316,0.006148911569370387,0.015989181765134655,0.006148911569370387,embedding_pca
esmc_PC1317,-0.01563211286756833,0.02097489011006613,0.01563211286756833,embedding_pca
esmc_PC1318,0.0016624747960026075,0.005744730325612633,0.0016624747960026075,embedding_pca
esmc_PC1319,0.009976309096255515,0.01801224159075579,0.009976309096255515,embedding_pca
esmc_PC1320,0.0027046496094973544,0.012847940414039615,0.0027046496094973544,embedding_pca
esmc_PC1321,0.013263506719929943,0.02183953298886343,0.013263506719929943,embedding_pca
esmc_PC1322,-0.0015241015894799613,0.023309003786038316,0.0015241015894799613,embedding_pca
esmc_PC1323,-0.008435071228732346,0.020931567685665155,0.008435071228732346,embedding_pca
esmc_PC1324,-0.007434404374814782,0.010128719339121737,0.007434404374814782,embedding_pca
esmc_PC1325,0.007407009279959244,0.009171791784205241,0.007407009279959244,embedding_pca
esmc_PC1326,-0.008011538458159528,0.010489263075836109,0.008011538458159528,embedding_pca
esmc_PC1327,-0.00924219021207428,0.014912662579541661,0.00924219021207428,embedding_pca
esmc_PC1328,-0.008516971108978321,0.020028331886753636,0.008516971108978321,embedding_pca
esmc_PC1329,-0.0061258152504065355,0.015186527266330017,0.0061258152504065355,embedding_pca
esmc_PC1330,0.0033972566078042414,0.008118588207872651,0.0033972566078042414,embedding_pca
esmc_PC1331,-0.0015429267821880782,0.013276214104606492,0.0015429267821880782,embedding_pca
esmc_PC1332,0.009712744485514724,0.01159984864757081,0.009712744485514724,embedding_pca
esmc_PC1333,-0.0028920680048443075,0.022850007811148376,0.0028920680048443075,embedding_pca
esmc_PC1334,-0.0031375526466737385,0.0016110877281179834,0.0031375526466737385,embedding_pca
esmc_PC1335,-0.00048531007599198346,0.02578774626222586,0.00048531007599198346,embedding_pca
esmc_PC1336,-0.014042902304068957,0.014398024200786369,0.014042902304068957,embedding_pca
esmc_PC1337,-0.0004737962482377116,0.023639554854715993,0.0004737962482377116,embedding_pca
esmc_PC1338,-0.007099328136553,0.015532888584433208,0.007099328136553,embedding_pca
esmc_PC1339,0.0072433556368366485,0.012768056113910211,0.0072433556368366485,embedding_pca
esmc_PC1340,-0.0062486531614456345,0.005016131597089238,0.0062486531614456345,embedding_pca
esmc_PC1341,0.01278425271886489,0.0098653838461748,0.01278425271886489,embedding_pca
esmc_PC1342,0.0033616338601169136,0.013615480781841448,0.0033616338601169136,embedding_pca
esmc_PC1343,0.002947451525037006,0.01986048781897949,0.002947451525037006,embedding_pca
esmc_PC1344,-0.0041812128033514575,0.021317221103556484,0.0041812128033514575,embedding_pca
esmc_PC1345,0.009340858528180108,0.015990044336361784,0.009340858528180108,embedding_pca
esmc_PC1346,0.011708191262544172,0.019826099792279995,0.011708191262544172,embedding_pca
esmc_PC1347,0.006632363075971402,0.02168734877517603,0.006632363075971402,embedding_pca
esmc_PC1348,0.005470555801929809,0.015936801353423614,0.005470555801929809,embedding_pca
esmc_PC1349,-0.010983794217764966,0.014558408792900527,0.010983794217764966,embedding_pca
esmc_PC1350,-0.008979422927536845,0.00950041762609964,0.008979422927536845,embedding_pca
esmc_PC1351,0.0295632012099167,0.02257183544309712,0.0295632012099167,embedding_pca
esmc_PC1352,0.004709700598334986,0.027810771517136967,0.004709700598334986,embedding_pca
esmc_PC1353,0.0017322729183317804,0.01407469358274921,0.0017322729183317804,embedding_pca
esmc_PC1354,-0.0028968973358403163,0.012445500195890328,0.0028968973358403163,embedding_pca
esmc_PC1355,0.005748228020755572,0.016362900859835727,0.005748228020755572,embedding_pca
esmc_PC1356,0.011054956154004055,0.028301619688321195,0.011054956154004055,embedding_pca
esmc_PC1357,-0.005549242291393745,0.015503509361610816,0.005549242291393745,embedding_pca
esmc_PC1358,0.0024434220768840007,0.015436007521134843,0.0024434220768840007,embedding_pca
esmc_PC1359,0.0052438392350115035,0.020450505629967534,0.0052438392350115035,embedding_pca
esmc_PC1360,0.015559642783241328,0.019186014575036957,0.015559642783241328,embedding_pca
esmc_PC1361,0.00017786824174217014,0.014025027369799638,0.00017786824174217014,embedding_pca
esmc_PC1362,0.007931875666724039,0.008976374382795794,0.007931875666724039,embedding_pca
esmc_PC1363,-0.001806645369514864,0.01085995326816885,0.001806645369514864,embedding_pca
esmc_PC1364,0.010847909710984347,0.015072895848522921,0.010847909710984347,embedding_pca
esmc_PC1365,-0.0006921918765646638,0.014707299783527758,0.0006921918765646638,embedding_pca
esmc_PC1366,-0.005769612925955134,0.010568841985022176,0.005769612925955134,embedding_pca
esmc_PC1367,0.0033353812168894505,0.014611503655714958,0.0033353812168894505,embedding_pca
esmc_PC1368,-0.004764119173792353,0.013317900163423917,0.004764119173792353,embedding_pca
esmc_PC1369,-0.000751499974020435,0.00399377264071896,0.000751499974020435,embedding_pca
esmc_PC1370,-0.0027705513580878684,0.016035388995521597,0.0027705513580878684,embedding_pca
esmc_PC1371,-0.0014403212103292974,0.014678088804785987,0.0014403212103292974,embedding_pca
esmc_PC1372,0.014710289864685705,0.023684886603397785,0.014710289864685705,embedding_pca
esmc_PC1373,-0.0024071895289681836,0.015020420042624012,0.0024071895289681836,embedding_pca
esmc_PC1374,0.013567139639653364,0.0133351664806031,0.013567139639653364,embedding_pca
esmc_PC1375,0.0030452873290677373,0.015994438026008584,0.0030452873290677373,embedding_pca
esmc_PC1376,-0.0072198067779828705,0.014657354705591805,0.0072198067779828705,embedding_pca
esmc_PC1377,-0.0035854515666004587,0.02090406790144204,0.0035854515666004587,embedding_pca
esmc_PC1378,-0.004915820833469461,0.014657018398522246,0.004915820833469461,embedding_pca
esmc_PC1379,0.003956397937557166,0.009127347793336555,0.003956397937557166,embedding_pca
esmc_PC1380,-0.006795497654159858,0.019464545970038428,0.006795497654159858,embedding_pca
esmc_PC1381,-0.010065702756417598,0.010746972898544583,0.010065702756417598,embedding_pca
esmc_PC1382,-0.005562744609858433,0.014221661257241157,0.005562744609858433,embedding_pca
esmc_PC1383,-0.0019880810517018707,0.011516340602682527,0.0019880810517018707,embedding_pca
esmc_PC1384,-0.0013981141564300124,0.014508442564182374,0.0013981141564300124,embedding_pca
esmc_PC1385,0.003942559687683667,0.02795845440808205,0.003942559687683667,embedding_pca
esmc_PC1386,-0.006240876662355123,0.026996107975354098,0.006240876662355123,embedding_pca
esmc_PC1387,-0.008773699845282193,0.011649695419589209,0.008773699845282193,embedding_pca
esmc_PC1388,0.0013330378796156243,0.019520600579747506,0.0013330378796156243,embedding_pca
esmc_PC1389,0.00037843522266536205,0.014065738919340546,0.00037843522266536205,embedding_pca
esmc_PC1390,-0.012998976244288302,0.009537181585219686,0.012998976244288302,embedding_pca
esmc_PC1391,0.0021405470005097294,0.02118407250042375,0.0021405470005097294,embedding_pca
esmc_PC1392,0.0028421098978434977,0.014771108474335042,0.0028421098978434977,embedding_pca
esmc_PC1393,-0.00588700802796371,0.02524629570165029,0.00588700802796371,embedding_pca
esmc_PC1394,0.009752960631112927,0.030160427291965945,0.009752960631112927,embedding_pca
esmc_PC1395,-0.00797241534928898,0.018230514827913102,0.00797241534928898,embedding_pca
esmc_PC1396,0.008542577114330221,0.0159170821626716,0.008542577114330221,embedding_pca
esmc_PC1397,0.003112450944305601,0.017129146052265617,0.003112450944305601,embedding_pca
esmc_PC1398,0.007880110487991778,0.01584659164954338,0.007880110487991778,embedding_pca
esmc_PC1399,0.0006475048936074188,0.019646651825811545,0.0006475048936074188,embedding_pca
esmc_PC1400,-0.0020980042310740953,0.010757806189175004,0.0020980042310740953,embedding_pca
esmc_PC1401,0.008567957837748132,0.011012307188862808,0.008567957837748132,embedding_pca
esmc_PC1402,0.01793060646443499,0.01904238649763934,0.01793060646443499,embedding_pca
esmc_PC1403,0.0016797792042040163,0.014890543316457035,0.0016797792042040163,embedding_pca
esmc_PC1404,0.0013259040371245237,0.02236779575584891,0.0013259040371245237,embedding_pca
esmc_PC1405,0.009297958345580056,0.00964608030095163,0.009297958345580056,embedding_pca
esmc_PC1406,0.006956351211601266,0.012315857363912492,0.006956351211601266,embedding_pca
esmc_PC1407,0.0086702620517338,0.02532832484112161,0.0086702620517338,embedding_pca
esmc_PC1408,-0.0014702669380116766,0.011509720194005583,0.0014702669380116766,embedding_pca
esmc_PC1409,-0.014337083146880387,0.014050878210232726,0.014337083146880387,embedding_pca
esmc_PC1410,-0.010799170817637848,0.013736603874754531,0.010799170817637848,embedding_pca
esmc_PC1411,-0.0017172584018696681,0.0121492653064233,0.0017172584018696681,embedding_pca
esmc_PC1412,0.0008764691249941253,0.018447981388103052,0.0008764691249941253,embedding_pca
esmc_PC1413,-0.003283742802263756,0.019084725926768978,0.003283742802263756,embedding_pca
esmc_PC1414,-0.01501103160694382,0.012976525226805005,0.01501103160694382,embedding_pca
esmc_PC1415,0.01493023651689546,0.015446917832157618,0.01493023651689546,embedding_pca
esmc_PC1416,-0.004166864253607801,0.01485149173844798,0.004166864253607801,embedding_pca
esmc_PC1417,0.002745245474885427,0.012087383165883567,0.002745245474885427,embedding_pca
esmc_PC1418,4.690245963384042e-05,0.023603451264052833,4.690245963384042e-05,embedding_pca
esmc_PC1419,-0.007912493252537746,0.02024774451864467,0.007912493252537746,embedding_pca
esmc_PC1420,-0.006655839354354756,0.014848078971638461,0.006655839354354756,embedding_pca
esmc_PC1421,0.01942930132209051,0.021220951037648615,0.01942930132209051,embedding_pca
esmc_PC1422,-0.006997554431704559,0.014079703416887872,0.006997554431704559,embedding_pca
esmc_PC1423,0.0025103770991495187,0.016362334422450848,0.0025103770991495187,embedding_pca
esmc_PC1424,0.006569310116858224,0.01835833795554461,0.006569310116858224,embedding_pca
esmc_PC1425,0.01121262576786983,0.012991248872982745,0.01121262576786983,embedding_pca
esmc_PC1426,0.004763470935128732,0.012208347932350183,0.004763470935128732,embedding_pca
esmc_PC1427,0.0026397352835729284,0.017738913004355115,0.0026397352835729284,embedding_pca
esmc_PC1428,0.0004908933139168674,0.016941606995878062,0.0004908933139168674,embedding_pca
esmc_PC1429,0.018489909327780264,0.017347212403207406,0.018489909327780264,embedding_pca
esmc_PC1430,-0.004205622361240541,0.015959582476021413,0.004205622361240541,embedding_pca
esmc_PC1431,0.009331397081295,0.015746493942181892,0.009331397081295,embedding_pca
esmc_PC1432,-0.007946972931337781,0.019662605836922805,0.007946972931337781,embedding_pca
esmc_PC1433,-0.005336351163380637,0.01654042463335331,0.005336351163380637,embedding_pca
esmc_PC1434,0.00032133217683811784,0.015787512556181785,0.00032133217683811784,embedding_pca
esmc_PC1435,0.0031094401728290295,0.021682657179369316,0.0031094401728290295,embedding_pca
esmc_PC1436,-0.0007961234136418989,0.009953144930588968,0.0007961234136418989,embedding_pca
esmc_PC1437,0.004248627446962446,0.01755827918553452,0.004248627446962446,embedding_pca
esmc_PC1438,0.002465501933820817,0.01192176093097707,0.002465501933820817,embedding_pca
esmc_PC1439,-0.0010253768937470167,0.00813571403372229,0.0010253768937470167,embedding_pca
esmc_PC1440,0.0066296343988779816,0.024013891945630254,0.0066296343988779816,embedding_pca
esmc_PC1441,-0.004472077580020371,0.014513092398435621,0.004472077580020371,embedding_pca
esmc_PC1442,0.0060960389209347016,0.013532159924746517,0.0060960389209347016,embedding_pca
esmc_PC1443,-0.01124811330625174,0.01068846801142717,0.01124811330625174,embedding_pca
esmc_PC1444,0.007957561913884099,0.01823947950311197,0.007957561913884099,embedding_pca
esmc_PC1445,0.005584895368618478,0.015024214197572073,0.005584895368618478,embedding_pca
esmc_PC1446,0.00947315168091294,0.01374559306857271,0.00947315168091294,embedding_pca
esmc_PC1447,0.0018712782174366658,0.011195712732395446,0.0018712782174366658,embedding_pca
esmc_PC1448,0.013497747031072432,0.009735771988056831,0.013497747031072432,embedding_pca
esmc_PC1449,0.0010146554814234742,0.012373297521585424,0.0010146554814234742,embedding_pca
esmc_PC1450,-0.005367783305474899,0.018690772720653177,0.005367783305474899,embedding_pca
esmc_PC1451,-0.01031510567514188,0.015758375333917576,0.01031510567514188,embedding_pca
esmc_PC1452,0.00034002542798698357,0.009205749140429752,0.00034002542798698357,embedding_pca
esmc_PC1453,0.00496630323420394,0.015101670530597043,0.00496630323420394,embedding_pca
esmc_PC1454,0.0010265668958279349,0.022390593571329435,0.0010265668958279349,embedding_pca
esmc_PC1455,-0.00035836356243152366,0.013434654123677647,0.00035836356243152366,embedding_pca
esmc_PC1456,-8.010852988337286e-05,0.009776081413190255,8.010852988337286e-05,embedding_pca
esmc_PC1457,-0.009295116995581727,0.011970986927565421,0.009295116995581727,embedding_pca
esmc_PC1458,0.00034228840263670485,0.012803977663352338,0.00034228840263670485,embedding_pca
esmc_PC1459,-0.004841907839853768,0.01732820372507445,0.004841907839853768,embedding_pca
esmc_PC1460,-0.0016173624764606379,0.03099658932893238,0.0016173624764606379,embedding_pca
esmc_PC1461,0.0038404697818430755,0.011951182711371878,0.0038404697818430755,embedding_pca
esmc_PC1462,0.007472834764162767,0.013729438099958025,0.007472834764162767,embedding_pca
esmc_PC1463,-0.0007925722572554153,0.018902403096417,0.0007925722572554153,embedding_pca
esmc_PC1464,0.008545031853745848,0.015074309968435135,0.008545031853745848,embedding_pca
esmc_PC1465,0.010604514925874161,0.01762239836941767,0.010604514925874161,embedding_pca
esmc_PC1466,0.010563489662394988,0.014276955689673076,0.010563489662394988,embedding_pca
esmc_PC1467,-0.001006938667383335,0.01319957450593941,0.001006938667383335,embedding_pca
esmc_PC1468,0.004127529436700421,0.012727253274341458,0.004127529436700421,embedding_pca
esmc_PC1469,-0.005811874727855145,0.020027350016631973,0.005811874727855145,embedding_pca
esmc_PC1470,-0.002130714680920619,0.013223323680390121,0.002130714680920619,embedding_pca
esmc_PC1471,0.012355102016400468,0.012371977822362355,0.012355102016400468,embedding_pca
esmc_PC1472,0.0015629349326847103,0.02293395839377546,0.0015629349326847103,embedding_pca
esmc_PC1473,0.0059431963742114765,0.023331710719171953,0.0059431963742114765,embedding_pca
esmc_PC1474,-0.0007719590744221825,0.020861516767356814,0.0007719590744221825,embedding_pca
esmc_PC1475,0.0108504623552024,0.014908377763760637,0.0108504623552024,embedding_pca
esmc_PC1476,0.005327400532917107,0.014494897159756541,0.005327400532917107,embedding_pca
esmc_PC1477,0.012640343111561292,0.01797945699753012,0.012640343111561292,embedding_pca
esmc_PC1478,-0.001305168204622924,0.014884244373817938,0.001305168204622924,embedding_pca
esmc_PC1479,0.006513975217032919,0.004473880603380648,0.006513975217032919,embedding_pca
esmc_PC1480,-0.00272242413404616,0.02305918246428619,0.00272242413404616,embedding_pca
esmc_PC1481,-0.006933899816275066,0.00985736023212122,0.006933899816275066,embedding_pca
esmc_PC1482,-0.0021557215241416808,0.01341629342588645,0.0021557215241416808,embedding_pca
esmc_PC1483,-0.008238508300968195,0.017158838588536552,0.008238508300968195,embedding_pca
esmc_PC1484,0.006382534683683444,0.0066227022211247455,0.006382534683683444,embedding_pca
esmc_PC1485,-0.002103397038126513,0.01880235252019002,0.002103397038126513,embedding_pca
esmc_PC1486,-0.012469152621543092,0.013431174354316571,0.012469152621543092,embedding_pca
esmc_PC1487,-0.0030945971463358693,0.011175278465909641,0.0030945971463358693,embedding_pca
esmc_PC1488,-0.003006074304564426,0.01193018518043342,0.003006074304564426,embedding_pca
esmc_PC1489,0.0069088056433941475,0.015311534304225362,0.0069088056433941475,embedding_pca
esmc_PC1490,0.002469228884243224,0.012578074376223726,0.002469228884243224,embedding_pca
esmc_PC1491,-0.006532550735707155,0.009111499398402317,0.006532550735707155,embedding_pca
esmc_PC1492,0.0035168477284867466,0.02219265973447977,0.0035168477284867466,embedding_pca
esmc_PC1493,-0.0009401616405228626,0.014288819423287956,0.0009401616405228626,embedding_pca
esmc_PC1494,-0.0069992767450546885,0.012930854951026262,0.0069992767450546885,embedding_pca
esmc_PC1495,0.00019102661481214706,0.014889851837136123,0.00019102661481214706,embedding_pca
esmc_PC1496,0.005194523956811738,0.008956781638228908,0.005194523956811738,embedding_pca
esmc_PC1497,-0.01674468121332242,0.027041848331638998,0.01674468121332242,embedding_pca
esmc_PC1498,-0.007097807365657907,0.016667200604892518,0.007097807365657907,embedding_pca
esmc_PC1499,0.015319573381506852,0.01971781251752034,0.015319573381506852,embedding_pca
esmc_PC1500,0.010961978563913293,0.007475131369241689,0.010961978563913293,embedding_pca
esmc_PC1501,-0.0025117559638259774,0.012527448342873207,0.0025117559638259774,embedding_pca
esmc_PC1502,-0.00568512619778736,0.00660180772245494,0.00568512619778736,embedding_pca
esmc_PC1503,-0.004910465109936045,0.010777533147714203,0.004910465109936045,embedding_pca
esmc_PC1504,0.00025779165733901926,0.012569287364751573,0.00025779165733901926,embedding_pca
esmc_PC1505,-0.011764246719188576,0.016459720222136754,0.011764246719188576,embedding_pca
esmc_PC1506,-0.0038509553642079716,0.008428389898448291,0.0038509553642079716,embedding_pca
esmc_PC1507,-0.004068687016924471,0.015510284276808346,0.004068687016924471,embedding_pca
esmc_PC1508,-0.0030758736747131207,0.017398666581034956,0.0030758736747131207,embedding_pca
esmc_PC1509,0.004379979419405221,0.013957051203906603,0.004379979419405221,embedding_pca
esmc_PC1510,0.001483758611407467,0.02016820681550423,0.001483758611407467,embedding_pca
esmc_PC1511,-0.0061494749462649165,0.018226375440626774,0.0061494749462649165,embedding_pca
esmc_PC1512,-0.0016224991324657802,0.01275185726814707,0.0016224991324657802,embedding_pca
esmc_PC1513,-0.007563610121391629,0.02098588096331796,0.007563610121391629,embedding_pca
esmc_PC1514,-0.0012541844019593948,0.0217843558551801,0.0012541844019593948,embedding_pca
esmc_PC1515,0.008482770518875148,0.022494653456986112,0.008482770518875148,embedding_pca
esmc_PC1516,0.015659141656419448,0.015650236417716488,0.015659141656419448,embedding_pca
esmc_PC1517,0.004919223143234648,0.017461667749085946,0.004919223143234648,embedding_pca
esmc_PC1518,0.005939165977199088,0.011270167171599474,0.005939165977199088,embedding_pca
esmc_PC1519,0.003937995170646476,0.014809555932064813,0.003937995170646476,embedding_pca
esmc_PC1520,-0.0008657264758323991,0.018015427662520973,0.0008657264758323991,embedding_pca
esmc_PC1521,0.0012131085741555181,0.013509184998662544,0.0012131085741555181,embedding_pca
esmc_PC1522,-0.0009006537870426635,0.01866694957535578,0.0009006537870426635,embedding_pca
esmc_PC1523,0.00039109101309200804,0.008905770818445928,0.00039109101309200804,embedding_pca
esmc_PC1524,0.005136864934798635,0.013562673125046455,0.005136864934798635,embedding_pca
esmc_PC1525,0.0045894962027326,0.015358508203988219,0.0045894962027326,embedding_pca
esmc_PC1526,0.0020143317923607866,0.004389645891262901,0.0020143317923607866,embedding_pca
esmc_PC1527,-0.0035391146395337596,0.014550538294917143,0.0035391146395337596,embedding_pca
esmc_PC1528,-0.010508252377364104,0.023513817291055637,0.010508252377364104,embedding_pca
esmc_PC1529,0.007890153247156287,0.012965920419777491,0.007890153247156287,embedding_pca
esmc_PC1530,-0.009083638403292963,0.01503074903435183,0.009083638403292963,embedding_pca
esmc_PC1531,0.002212425543808784,0.011100707355563481,0.002212425543808784,embedding_pca
esmc_PC1532,0.003885701082507143,0.006729430818228691,0.003885701082507143,embedding_pca
esmc_PC1533,-0.006960673860470492,0.021514017783539785,0.006960673860470492,embedding_pca
esmc_PC1534,-0.0037345577389346725,0.018500035193989472,0.0037345577389346725,embedding_pca
esmc_PC1535,0.010235298985786744,0.01416502705218666,0.010235298985786744,embedding_pca
esmc_PC1536,-0.0003780812455677936,0.00422454742736663,0.0003780812455677936,embedding_pca
esmc_PC1537,-0.001428723240590224,0.007068435890956869,0.001428723240590224,embedding_pca
esmc_PC1538,0.009840436247358197,0.014136336343923259,0.009840436247358197,embedding_pca
esmc_PC1539,-0.018299784994622325,0.011168711704035762,0.018299784994622325,embedding_pca
esmc_PC1540,0.008880078428938324,0.009163483863924342,0.008880078428938324,embedding_pca
esmc_PC1541,-0.0056048693180741896,0.0069033356447324576,0.0056048693180741896,embedding_pca
esmc_PC1542,0.002073446945892879,0.021440771738131074,0.002073446945892879,embedding_pca
esmc_PC1543,-0.003854173351117314,0.009535569628472868,0.003854173351117314,embedding_pca
esmc_PC1544,-0.0019925255157521816,0.026216858263519154,0.0019925255157521816,embedding_pca
esmc_PC1545,-0.005719097872342371,0.014976566212853228,0.005719097872342371,embedding_pca
esmc_PC1546,-0.008037093769731557,0.008993852984092951,0.008037093769731557,embedding_pca
esmc_PC1547,0.005791693598085747,0.024317607637039454,0.005791693598085747,embedding_pca
esmc_PC1548,0.000217442926441074,0.007009554546651078,0.000217442926441074,embedding_pca
esmc_PC1549,0.011934696472529462,0.016033405320498746,0.011934696472529462,embedding_pca
esmc_PC1550,-0.0135714510039797,0.01278518085622733,0.0135714510039797,embedding_pca
esmc_PC1551,0.015197071849586435,0.015767121919100128,0.015197071849586435,embedding_pca
esmc_PC1552,0.007391209678593219,0.020126761863950696,0.007391209678593219,embedding_pca
esmc_PC1553,-0.009122543720465677,0.00863114847078148,0.009122543720465677,embedding_pca
esmc_PC1554,0.006914685908128729,0.01951897934998366,0.006914685908128729,embedding_pca
esmc_PC1555,0.005928846312168111,0.01570334924191123,0.005928846312168111,embedding_pca
esmc_PC1556,0.002114939821237122,0.008438632070958301,0.002114939821237122,embedding_pca
esmc_PC1557,0.009225555232004174,0.012663723218825685,0.009225555232004174,embedding_pca
esmc_PC1558,-0.0008796786450006075,0.013439534436682946,0.0008796786450006075,embedding_pca
esmc_PC1559,0.0021665036341006515,0.009406687064861419,0.0021665036341006515,embedding_pca
esmc_PC1560,-0.013169488567569849,0.01924111773149582,0.013169488567569849,embedding_pca
esmc_PC1561,-0.01554460311398131,0.022774252868687766,0.01554460311398131,embedding_pca
esmc_PC1562,0.0061977567054058045,0.021362200219649498,0.0061977567054058045,embedding_pca
esmc_PC1563,-0.0022535885683297734,0.019575825914400942,0.0022535885683297734,embedding_pca
esmc_PC1564,-0.012800846238014649,0.015436472279042296,0.012800846238014649,embedding_pca
esmc_PC1565,0.0023397142340027045,0.014126266274535644,0.0023397142340027045,embedding_pca
esmc_PC1566,0.0012436699280346407,0.0053043321877334374,0.0012436699280346407,embedding_pca
esmc_PC1567,-0.009294376785487527,0.017910483100300426,0.009294376785487527,embedding_pca
esmc_PC1568,-0.0033422870402402965,0.010527498043563668,0.0033422870402402965,embedding_pca
esmc_PC1569,0.0039978736699341705,0.0072834386487528,0.0039978736699341705,embedding_pca
esmc_PC1570,-0.0044428071521781885,0.018941796857283876,0.0044428071521781885,embedding_pca
esmc_PC1571,0.006962410518160234,0.008018619332881704,0.006962410518160234,embedding_pca
esmc_PC1572,0.0008835363125661869,0.023551179427039978,0.0008835363125661869,embedding_pca
esmc_PC1573,0.005598505716070743,0.011518599660735382,0.005598505716070743,embedding_pca
esmc_PC1574,-0.0018032010281061259,0.020450511578961456,0.0018032010281061259,embedding_pca
esmc_PC1575,0.005766498513148761,0.021107214264542946,0.005766498513148761,embedding_pca
esmc_PC1576,0.0026199074256323964,0.012400227125406655,0.0026199074256323964,embedding_pca
esmc_PC1577,-0.0007904740081448033,0.006972397883442331,0.0007904740081448033,embedding_pca
esmc_PC1578,0.013783699653509719,0.023001773536194158,0.013783699653509719,embedding_pca
esmc_PC1579,0.00022613908336425458,0.018052043469466976,0.00022613908336425458,embedding_pca
esmc_PC1580,-0.013151041841077796,0.012980802492992273,0.013151041841077796,embedding_pca
esmc_PC1581,0.002034844271735567,0.02674650653564265,0.002034844271735567,embedding_pca
esmc_PC1582,0.004510135006190489,0.012544934246223933,0.004510135006190489,embedding_pca
esmc_PC1583,0.001308592398241503,0.014203449449727974,0.001308592398241503,embedding_pca
esmc_PC1584,-0.007227955843821783,0.011323061237429701,0.007227955843821783,embedding_pca
esmc_PC1585,-0.007423809350842661,0.013576392885458286,0.007423809350842661,embedding_pca
esmc_PC1586,-0.007583984291794685,0.011510045421875382,0.007583984291794685,embedding_pca
esmc_PC1587,0.0035971762735455296,0.019814101193090152,0.0035971762735455296,embedding_pca
esmc_PC1588,0.007761861710362372,0.0163342032865566,0.007761861710362372,embedding_pca
esmc_PC1589,-0.009318958337177757,0.012423785642671319,0.009318958337177757,embedding_pca
esmc_PC1590,0.008291816266888354,0.02311034045428026,0.008291816266888354,embedding_pca
esmc_PC1591,0.0052363238292303165,0.011225420505410857,0.0052363238292303165,embedding_pca
esmc_PC1592,-0.005243347284169187,0.017475668908174185,0.005243347284169187,embedding_pca
esmc_PC1593,0.011304273375339735,0.018074219278880678,0.011304273375339735,embedding_pca
esmc_PC1594,0.012727205731998361,0.013754879587931543,0.012727205731998361,embedding_pca
esmc_PC1595,0.005909594004266374,0.02364465843344133,0.005909594004266374,embedding_pca
esmc_PC1596,3.7946803982547365e-05,0.008970014592388909,3.7946803982547365e-05,embedding_pca
esmc_PC1597,-0.002855615022283678,0.015898254132398763,0.002855615022283678,embedding_pca
esmc_PC1598,-0.00585086071762266,0.014021868115434495,0.00585086071762266,embedding_pca
esmc_PC1599,0.008221098111879318,0.010899994502317333,0.008221098111879318,embedding_pca
esmc_PC1600,-0.008218601552178283,0.012273461233001113,0.008218601552178283,embedding_pca
esmc_PC1601,-0.01061384066562172,0.004086731089613928,0.01061384066562172,embedding_pca
esmc_PC1602,-0.01701945625651907,0.011856497537884087,0.01701945625651907,embedding_pca
esmc_PC1603,-5.431267616003502e-06,0.011732986445424675,5.431267616003502e-06,embedding_pca
esmc_PC1604,0.0022828294600969676,0.014193596056158922,0.0022828294600969676,embedding_pca
esmc_PC1605,0.009038490084338525,0.01352111644435387,0.009038490084338525,embedding_pca
esmc_PC1606,-0.005620120205137544,0.007841183062461989,0.005620120205137544,embedding_pca
esmc_PC1607,-0.0023279514645424895,0.023525936864654463,0.0023279514645424895,embedding_pca
esmc_PC1608,-0.0029617506097765174,0.01547545327766867,0.0029617506097765174,embedding_pca
esmc_PC1609,-0.01804203653749722,0.018876821996801657,0.01804203653749722,embedding_pca
esmc_PC1610,0.012340688264543745,0.01119596241306786,0.012340688264543745,embedding_pca
esmc_PC1611,0.008504401637525331,0.01570544117079345,0.008504401637525331,embedding_pca
esmc_PC1612,-0.004705037643387448,0.020398863791197826,0.004705037643387448,embedding_pca
esmc_PC1613,0.005950423792543308,0.02822172231197777,0.005950423792543308,embedding_pca
esmc_PC1614,-0.00018410586663493157,0.013337569580000857,0.00018410586663493157,embedding_pca
esmc_PC1615,0.012795203639098082,0.017600575848209968,0.012795203639098082,embedding_pca
esmc_PC1616,-0.01148871940432089,0.030262161836816886,0.01148871940432089,embedding_pca
esmc_PC1617,-0.0027658598493358875,0.00742048227724032,0.0027658598493358875,embedding_pca
esmc_PC1618,-0.007066810374586498,0.012387302198787182,0.007066810374586498,embedding_pca
esmc_PC1619,0.0035336737932723885,0.011934487261700223,0.0035336737932723885,embedding_pca
esmc_PC1620,0.014769971412128796,0.0054048264566835605,0.014769971412128796,embedding_pca
esmc_PC1621,-0.0067401470847155785,0.009735937230399925,0.0067401470847155785,embedding_pca
esmc_PC1622,0.0014612717512074238,0.017276715251815584,0.0014612717512074238,embedding_pca
esmc_PC1623,-0.005153728401147776,0.010417507113820836,0.005153728401147776,embedding_pca
esmc_PC1624,0.009699818724882093,0.014381764136465766,0.009699818724882093,embedding_pca
esmc_PC1625,-0.0014363605067508767,0.016828896096756637,0.0014363605067508767,embedding_pca
esmc_PC1626,9.264169346498239e-05,0.016242493648746754,9.264169346498239e-05,embedding_pca
esmc_PC1627,-0.004505266694353349,0.015665509305133708,0.004505266694353349,embedding_pca
esmc_PC1628,-0.00687881977939091,0.025784613835640336,0.00687881977939091,embedding_pca
esmc_PC1629,0.0008777108696353626,0.0040980990705537035,0.0008777108696353626,embedding_pca
esmc_PC1630,-0.009802410685603655,0.013355996855837712,0.009802410685603655,embedding_pca
esmc_PC1631,0.00357739857645263,0.02313087847655702,0.00357739857645263,embedding_pca
esmc_PC1632,0.0017340930311059602,0.02443446794794966,0.0017340930311059602,embedding_pca
esmc_PC1633,0.0012484987383613686,0.017004964503225816,0.0012484987383613686,embedding_pca
esmc_PC1634,-0.00895987136190383,0.013771398901879773,0.00895987136190383,embedding_pca
esmc_PC1635,0.0028592730177572937,0.007992328536999119,0.0028592730177572937,embedding_pca
esmc_PC1636,-0.0009459505179597566,0.029171029642739918,0.0009459505179597566,embedding_pca
esmc_PC1637,0.007780885787884726,0.016006104206083532,0.007780885787884726,embedding_pca
esmc_PC1638,-0.004167678998902521,0.016604804136503965,0.004167678998902521,embedding_pca
esmc_PC1639,0.011687140458811706,0.011073633280497541,0.011687140458811706,embedding_pca
esmc_PC1640,0.0008477397258543709,0.016505697377144305,0.0008477397258543709,embedding_pca
esmc_PC1641,-0.013608246762808935,0.026404538723450114,0.013608246762808935,embedding_pca
esmc_PC1642,-0.0074725133814102,0.017389213628539377,0.0074725133814102,embedding_pca
esmc_PC1643,-0.0011658331829106847,0.01185097526457301,0.0011658331829106847,embedding_pca
esmc_PC1644,-0.005542094581310884,0.006050557571685084,0.005542094581310884,embedding_pca
esmc_PC1645,-0.007279505698299096,0.005010594936055556,0.007279505698299096,embedding_pca
esmc_PC1646,-0.008330214007575826,0.017237813996827188,0.008330214007575826,embedding_pca
esmc_PC1647,-0.010177633916786265,0.015526939579061367,0.010177633916786265,embedding_pca
esmc_PC1648,-0.0023272009219522647,0.014217683701553407,0.0023272009219522647,embedding_pca
esmc_PC1649,-0.00929470793375774,0.013185982687881199,0.00929470793375774,embedding_pca
esmc_PC1650,0.0017922793394474813,0.008870678402835227,0.0017922793394474813,embedding_pca
esmc_PC1651,-0.00776930698305531,0.01685790669834005,0.00776930698305531,embedding_pca
esmc_PC1652,-0.006180943029098611,0.021167421359922438,0.006180943029098611,embedding_pca
esmc_PC1653,0.011422333308611888,0.018385779004045005,0.011422333308611888,embedding_pca
esmc_PC1654,0.0015511995858028683,0.012599022533313834,0.0015511995858028683,embedding_pca
esmc_PC1655,-0.009273269757013203,0.0208207777035883,0.009273269757013203,embedding_pca
esmc_PC1656,0.002308274043671518,0.012005436469181327,0.002308274043671518,embedding_pca
esmc_PC1657,-0.00219634270140363,0.012801019329765807,0.00219634270140363,embedding_pca
esmc_PC1658,6.172153455296856e-06,0.008275808922959893,6.172153455296856e-06,embedding_pca
esmc_PC1659,-0.0017529351306625502,0.0143294631486875,0.0017529351306625502,embedding_pca
esmc_PC1660,-0.012111121832987105,0.015065717345066882,0.012111121832987105,embedding_pca
esmc_PC1661,0.004786090217719481,0.013065866712084224,0.004786090217719481,embedding_pca
esmc_PC1662,0.005196560168641453,0.012924021308431241,0.005196560168641453,embedding_pca
esmc_PC1663,-0.014892081225483123,0.007732189986849275,0.014892081225483123,embedding_pca
esmc_PC1664,-0.005501026755234673,0.017335981177881956,0.005501026755234673,embedding_pca
esmc_PC1665,0.0057845178266106075,0.02027843360246003,0.0057845178266106075,embedding_pca
esmc_PC1666,0.0009522213253621112,0.010473336370276084,0.0009522213253621112,embedding_pca
esmc_PC1667,-0.0016218608179162698,0.009134971766270499,0.0016218608179162698,embedding_pca
esmc_PC1668,0.015931656738186806,0.025767273896166,0.015931656738186806,embedding_pca
esmc_PC1669,-0.003622780918854652,0.013839293119636891,0.003622780918854652,embedding_pca
esmc_PC1670,-0.002813045874991176,0.014171267066880208,0.002813045874991176,embedding_pca
esmc_PC1671,-0.002790000677387155,0.02042871404380975,0.002790000677387155,embedding_pca
esmc_PC1672,-0.0038200447684081642,0.008758931790103144,0.0038200447684081642,embedding_pca
esmc_PC1673,-0.004454271745630749,0.020191641844867356,0.004454271745630749,embedding_pca
esmc_PC1674,-0.012658913956949364,0.012017187727041008,0.012658913956949364,embedding_pca
esmc_PC1675,0.011958913204315025,0.014566415952092389,0.011958913204315025,embedding_pca
esmc_PC1676,-0.004593255026542188,0.019977259010405958,0.004593255026542188,embedding_pca
esmc_PC1677,-0.0029173321079196506,0.014244690755815905,0.0029173321079196506,embedding_pca
esmc_PC1678,0.005046181065098671,0.01179689483889457,0.005046181065098671,embedding_pca
esmc_PC1679,-0.0015411699622790043,0.022008210590880248,0.0015411699622790043,embedding_pca
esmc_PC1680,-0.008226477601835844,0.00821586178448543,0.008226477601835844,embedding_pca
esmc_PC1681,-0.013421629500289325,0.014115457774084508,0.013421629500289325,embedding_pca
esmc_PC1682,-0.0020042248094590005,0.011144481730926487,0.0020042248094590005,embedding_pca
esmc_PC1683,0.000625964374564255,0.013935981145121259,0.000625964374564255,embedding_pca
esmc_PC1684,0.011178113764626869,0.016328995297866317,0.011178113764626869,embedding_pca
esmc_PC1685,-0.00803006862559507,0.02300657649395659,0.00803006862559507,embedding_pca
esmc_PC1686,-0.005272442593125426,0.015230928918498407,0.005272442593125426,embedding_pca
esmc_PC1687,0.006116548190414847,0.006588906519407727,0.006116548190414847,embedding_pca
esmc_PC1688,0.0017962168094451622,0.012930085494109329,0.0017962168094451622,embedding_pca
esmc_PC1689,0.002087276819243737,0.014787524975222146,0.002087276819243737,embedding_pca
esmc_PC1690,0.014643790399510161,0.014810141360811036,0.014643790399510161,embedding_pca
esmc_PC1691,0.009164336196992532,0.02043838198069595,0.009164336196992532,embedding_pca
esmc_PC1692,0.008380775360222758,0.012027206816562927,0.008380775360222758,embedding_pca
esmc_PC1693,0.0017191400140494223,0.01153510877827638,0.0017191400140494223,embedding_pca
esmc_PC1694,0.008598583564684325,0.023758123672974776,0.008598583564684325,embedding_pca
esmc_PC1695,0.0020561772169512688,0.010189846849617226,0.0020561772169512688,embedding_pca
esmc_PC1696,0.01108481039332804,0.013212026076664302,0.01108481039332804,embedding_pca
esmc_PC1697,0.017947742828841862,0.015533114338471758,0.017947742828841862,embedding_pca
esmc_PC1698,0.002808901135667342,0.01784127123639634,0.002808901135667342,embedding_pca
esmc_PC1699,0.0035163886352266548,0.011809519784870293,0.0035163886352266548,embedding_pca
esmc_PC1700,-0.007163227953191087,0.019236247749472975,0.007163227953191087,embedding_pca
esmc_PC1701,0.008451572508920736,0.012018347211896145,0.008451572508920736,embedding_pca
esmc_PC1702,-0.0008366454065308036,0.005209308366429538,0.0008366454065308036,embedding_pca
esmc_PC1703,-0.0065476603346389575,0.017155443800125052,0.0065476603346389575,embedding_pca
esmc_PC1704,-0.009828394301245855,0.02082481589637335,0.009828394301245855,embedding_pca
esmc_PC1705,0.00635370931431177,0.009224316109832693,0.00635370931431177,embedding_pca
esmc_PC1706,-0.007619698718386955,0.016778682542782867,0.007619698718386955,embedding_pca
esmc_PC1707,0.005904355272918122,0.02551737660400246,0.005904355272918122,embedding_pca
esmc_PC1708,-0.01601810609099063,0.005725223017459312,0.01601810609099063,embedding_pca
esmc_PC1709,0.011842361327698156,0.019358456895284273,0.011842361327698156,embedding_pca
esmc_PC1710,0.006523081642929839,0.019275722305980885,0.006523081642929839,embedding_pca
esmc_PC1711,-0.0008966003864079147,0.016742438213475735,0.0008966003864079147,embedding_pca
esmc_PC1712,0.00482605989468918,0.01536406965082797,0.00482605989468918,embedding_pca
esmc_PC1713,-0.0006464628093057576,0.01956304161391378,0.0006464628093057576,embedding_pca
esmc_PC1714,-0.010159738487913624,0.01904807858412866,0.010159738487913624,embedding_pca
esmc_PC1715,-0.011962644105088719,0.01690119219456242,0.011962644105088719,embedding_pca
esmc_PC1716,-0.007166263137286369,0.011471610647576423,0.007166263137286369,embedding_pca
esmc_PC1717,0.010337673738402926,0.0054323629674464845,0.010337673738402926,embedding_pca
esmc_PC1718,-0.010827947886103164,0.018620842676111606,0.010827947886103164,embedding_pca
esmc_PC1719,0.0005214539155654365,0.00915300343552508,0.0005214539155654365,embedding_pca
esmc_PC1720,-0.0074928573800105095,0.016747180822056052,0.0074928573800105095,embedding_pca
esmc_PC1721,0.0012384110823030435,0.009814803357263112,0.0012384110823030435,embedding_pca
esmc_PC1722,0.0007668321751028939,0.019752871367816678,0.0007668321751028939,embedding_pca
esmc_PC1723,0.001952140740672105,0.024444538908856978,0.001952140740672105,embedding_pca
esmc_PC1724,0.0006437149452497131,0.010867686056513311,0.0006437149452497131,embedding_pca
esmc_PC1725,-0.009764897419545813,0.012392535144886183,0.009764897419545813,embedding_pca
esmc_PC1726,0.008823900101754331,0.017410209119737025,0.008823900101754331,embedding_pca
esmc_PC1727,-0.0106287021601694,0.005217435408459605,0.0106287021601694,embedding_pca
esmc_PC1728,-0.0036051638062803274,0.01513005177524383,0.0036051638062803274,embedding_pca
esmc_PC1729,0.00978006075172157,0.01461878357672831,0.00978006075172157,embedding_pca
esmc_PC1730,0.011827125434360113,0.00871619923903433,0.011827125434360113,embedding_pca
esmc_PC1731,-0.0013408903265964708,0.020555770130221362,0.0013408903265964708,embedding_pca
esmc_PC1732,0.005085842741708315,0.020154037815554027,0.005085842741708315,embedding_pca
esmc_PC1733,-0.0005965123757686614,0.009832745715851602,0.0005965123757686614,embedding_pca
esmc_PC1734,0.02460290084096734,0.01008239982670339,0.02460290084096734,embedding_pca
esmc_PC1735,0.0028702771253928,0.01559115881581607,0.0028702771253928,embedding_pca
esmc_PC1736,0.006154881629208373,0.01064964387058419,0.006154881629208373,embedding_pca
esmc_PC1737,-0.004957858364322556,0.027657392180914443,0.004957858364322556,embedding_pca
esmc_PC1738,0.003909109073337304,0.009833040839218262,0.003909109073337304,embedding_pca
esmc_PC1739,-0.002531017038471969,0.007895841448628557,0.002531017038471969,embedding_pca
esmc_PC1740,-0.0011483528015542941,0.014052660086860116,0.0011483528015542941,embedding_pca
esmc_PC1741,0.007846943463292932,0.01228262172216607,0.007846943463292932,embedding_pca
esmc_PC1742,0.008977268077945518,0.020574620557443378,0.008977268077945518,embedding_pca
esmc_PC1743,0.0022680251881944135,0.006202043214376287,0.0022680251881944135,embedding_pca
esmc_PC1744,0.0030388244968065116,0.014036238848027753,0.0030388244968065116,embedding_pca
esmc_PC1745,-0.00018549585405305165,0.010864919622999248,0.00018549585405305165,embedding_pca
esmc_PC1746,0.0021148209133174975,0.026276419566599773,0.0021148209133174975,embedding_pca
esmc_PC1747,-0.01802836509212908,0.012824026431854742,0.01802836509212908,embedding_pca
esmc_PC1748,0.0007596259968367002,0.019920714210533378,0.0007596259968367002,embedding_pca
esmc_PC1749,-0.005414514806739679,0.01013906907680887,0.005414514806739679,embedding_pca
esmc_PC1750,0.008909956114380464,0.0077781434542900495,0.008909956114380464,embedding_pca
esmc_PC1751,-0.013175546572647582,0.019995870944660286,0.013175546572647582,embedding_pca
esmc_PC1752,-0.015554793722060306,0.018066234248083148,0.015554793722060306,embedding_pca
esmc_PC1753,0.002618946080328379,0.0167312024925187,0.002618946080328379,embedding_pca
esmc_PC1754,0.004818113442602377,0.016954432966051813,0.004818113442602377,embedding_pca
esmc_PC1755,0.0007014813105943067,0.020833073834502128,0.0007014813105943067,embedding_pca
esmc_PC1756,0.006161938580769173,0.010721435020009218,0.006161938580769173,embedding_pca
esmc_PC1757,-0.0036619040091928922,0.008156161384074287,0.0036619040091928922,embedding_pca
esmc_PC1758,0.007803686039317438,0.014859595153502648,0.007803686039317438,embedding_pca
esmc_PC1759,0.0058796758664046945,0.014365467630350282,0.0058796758664046945,embedding_pca
esmc_PC1760,0.006479329728444803,0.007429234804291846,0.006479329728444803,embedding_pca
esmc_PC1761,0.0025614026895845166,0.0067166889820290876,0.0025614026895845166,embedding_pca
esmc_PC1762,-0.01775131072954632,0.020171592783028235,0.01775131072954632,embedding_pca
esmc_PC1763,-0.006898821315752493,0.012826588534491187,0.006898821315752493,embedding_pca
esmc_PC1764,0.006676869323421099,0.017743044333366306,0.006676869323421099,embedding_pca
esmc_PC1765,0.004783295512052509,0.004788999832516609,0.004783295512052509,embedding_pca
esmc_PC1766,-0.002103221332070919,0.019814491267287383,0.002103221332070919,embedding_pca
esmc_PC1767,0.004958587329751151,0.014276286443637131,0.004958587329751151,embedding_pca
esmc_PC1768,0.010062654672867757,0.011318134382509457,0.010062654672867757,embedding_pca
esmc_PC1769,0.014624338120739221,0.013149875649628426,0.014624338120739221,embedding_pca
esmc_PC1770,0.00767653806180861,0.02183021328461782,0.00767653806180861,embedding_pca
esmc_PC1771,-0.0018883073820636497,0.01667772052343503,0.0018883073820636497,embedding_pca
esmc_PC1772,-0.00664445576467042,0.024059282668779266,0.00664445576467042,embedding_pca
esmc_PC1773,0.007472516277648035,0.012578175235458434,0.007472516277648035,embedding_pca
esmc_PC1774,0.0009799822000668718,0.020465792797916695,0.0009799822000668718,embedding_pca
esmc_PC1775,-0.001831212488067168,0.008561444706058536,0.001831212488067168,embedding_pca
esmc_PC1776,0.004136248329939821,0.018359667168169114,0.004136248329939821,embedding_pca
esmc_PC1777,-0.005884793394860775,0.013403258159249275,0.005884793394860775,embedding_pca
esmc_PC1778,0.0029545960803381713,0.008054470987196522,0.0029545960803381713,embedding_pca
esmc_PC1779,0.001626541141049237,0.015662618361653717,0.001626541141049237,embedding_pca
esmc_PC1780,0.0031944785898168683,0.007172950597251543,0.0031944785898168683,embedding_pca
esmc_PC1781,0.00149847935141544,0.012379507409045684,0.00149847935141544,embedding_pca
esmc_PC1782,0.009035997493026878,0.018692126875604533,0.009035997493026878,embedding_pca
esmc_PC1783,0.010130420167200253,0.012845527257737289,0.010130420167200253,embedding_pca
esmc_PC1784,-0.0020006260355876844,0.02087289532568397,0.0020006260355876844,embedding_pca
esmc_PC1785,-0.005873511478464083,0.019351537305859177,0.005873511478464083,embedding_pca
esmc_PC1786,-0.003515047131365234,0.022190537796114216,0.003515047131365234,embedding_pca
esmc_PC1787,0.0024398722694385787,0.015197755584514673,0.0024398722694385787,embedding_pca
esmc_PC1788,-0.012925141341269111,0.015258937913394176,0.012925141341269111,embedding_pca
esmc_PC1789,0.007046873509470262,0.01290914211261566,0.007046873509470262,embedding_pca
esmc_PC1790,0.001970523273021612,0.00873460054866265,0.001970523273021612,embedding_pca
esmc_PC1791,0.005116959805662143,0.010402898322696051,0.005116959805662143,embedding_pca
esmc_PC1792,-0.005834087437715499,0.004904403074747815,0.005834087437715499,embedding_pca
esmc_PC1793,-0.0029814396515488407,0.020363916823626222,0.0029814396515488407,embedding_pca
esmc_PC1794,0.004129263161561698,0.02229211323423514,0.004129263161561698,embedding_pca
esmc_PC1795,-0.00472698689196079,0.01405214596682347,0.00472698689196079,embedding_pca
esmc_PC1796,0.0019294679468281634,0.014472579086347487,0.0019294679468281634,embedding_pca
esmc_PC1797,0.003331723751256688,0.011924992119759677,0.003331723751256688,embedding_pca
esmc_PC1798,0.0019013480852993017,0.0070198556016732045,0.0019013480852993017,embedding_pca
esmc_PC1799,-0.004852735356779677,0.02689155939509188,0.004852735356779677,embedding_pca
esmc_PC1800,-0.006197122245084031,0.013736549700477252,0.006197122245084031,embedding_pca
esmc_PC1801,-0.00025154031314023604,0.019106894953049843,0.00025154031314023604,embedding_pca
esmc_PC1802,-0.003112242006193947,0.027479451701480844,0.003112242006193947,embedding_pca
esmc_PC1803,0.00660518863048803,0.007438168358077854,0.00660518863048803,embedding_pca
esmc_PC1804,-0.0026479607188245784,0.01832195654543795,0.0026479607188245784,embedding_pca
esmc_PC1805,-0.005575738107065918,0.013280305445956394,0.005575738107065918,embedding_pca
esmc_PC1806,-0.012399721489746355,0.009345711423494647,0.012399721489746355,embedding_pca
esmc_PC1807,0.005855634924724393,0.019705806235560296,0.005855634924724393,embedding_pca
esmc_PC1808,-0.0013603816628226576,0.011600089139135105,0.0013603816628226576,embedding_pca
esmc_PC1809,-0.023966263779792593,0.009955323719762234,0.023966263779792593,embedding_pca
esmc_PC1810,0.007263310491895004,0.013901799346438355,0.007263310491895004,embedding_pca
esmc_PC1811,-0.010071533693233234,0.013238251972820577,0.010071533693233234,embedding_pca
esmc_PC1812,-0.005375847524780311,0.02463894850134401,0.005375847524780311,embedding_pca
esmc_PC1813,-0.004552838107889692,0.015532387982373939,0.004552838107889692,embedding_pca
esmc_PC1814,0.008614763378580574,0.02099427141463664,0.008614763378580574,embedding_pca
esmc_PC1815,0.006761861545136786,0.01312573138475242,0.006761861545136786,embedding_pca
esmc_PC1816,-0.0029739158133991308,0.01352807517510239,0.0029739158133991308,embedding_pca
esmc_PC1817,-0.015534395645304283,0.015225967004160573,0.015534395645304283,embedding_pca
esmc_PC1818,-0.003227027790104127,0.018826283905868116,0.003227027790104127,embedding_pca
esmc_PC1819,-0.007283840270230822,0.012939430555450548,0.007283840270230822,embedding_pca
esmc_PC1820,0.008071315245936317,0.017463909722820324,0.008071315245936317,embedding_pca
esmc_PC1821,0.00790684323087439,0.01694031523239148,0.00790684323087439,embedding_pca
esmc_PC1822,-0.01108802779713022,0.012535890133028924,0.01108802779713022,embedding_pca
esmc_PC1823,-0.0029274750483370836,0.015723396205344162,0.0029274750483370836,embedding_pca
esmc_PC1824,-0.008809648381580328,0.01627308909979351,0.008809648381580328,embedding_pca
esmc_PC1825,0.008816756590011203,0.010886734586459588,0.008816756590011203,embedding_pca
esmc_PC1826,-0.0024762398008892524,0.012357105347264696,0.0024762398008892524,embedding_pca
esmc_PC1827,-0.003535284274653089,0.02602865827732924,0.003535284274653089,embedding_pca
esmc_PC1828,0.005185784929131197,0.009384062675374363,0.005185784929131197,embedding_pca
esmc_PC1829,0.007201148458148038,0.014103751669151897,0.007201148458148038,embedding_pca
esmc_PC1830,-0.0023443865206382915,0.013831375007241823,0.0023443865206382915,embedding_pca
esmc_PC1831,-0.016239766055629552,0.008422516183252654,0.016239766055629552,embedding_pca
esmc_PC1832,0.004926284229466048,0.015081321610066568,0.004926284229466048,embedding_pca
esmc_PC1833,0.004228192635695837,0.024097867684230948,0.004228192635695837,embedding_pca
esmc_PC1834,0.008222615379948488,0.011015803452829329,0.008222615379948488,embedding_pca
esmc_PC1835,0.00352274144292858,0.006775150219237912,0.00352274144292858,embedding_pca
esmc_PC1836,-0.00045991704119105833,0.019375953079570553,0.00045991704119105833,embedding_pca
esmc_PC1837,0.011544179950750695,0.010387732752797783,0.011544179950750695,embedding_pca
esmc_PC1838,0.0040922154186853335,0.02989013476377126,0.0040922154186853335,embedding_pca
esmc_PC1839,-0.004456262757213834,0.01229925039361754,0.004456262757213834,embedding_pca
esmc_PC1840,0.006765577027921618,0.00711509165016866,0.006765577027921618,embedding_pca
esmc_PC1841,0.0034740505086925354,0.022209933495503695,0.0034740505086925354,embedding_pca
esmc_PC1842,0.014341280314195117,0.012164251885508902,0.014341280314195117,embedding_pca
esmc_PC1843,0.010159494785276245,0.011950881224687678,0.010159494785276245,embedding_pca
esmc_PC1844,-0.006514385443551342,0.010202076031101322,0.006514385443551342,embedding_pca
esmc_PC1845,-0.009467958231784706,0.005331149334451773,0.009467958231784706,embedding_pca
esmc_PC1846,-0.003915310744267935,0.02632605380281631,0.003915310744267935,embedding_pca
esmc_PC1847,-0.009185470326685494,0.01682379498275512,0.009185470326685494,embedding_pca
esmc_PC1848,-0.010499568800351388,0.011607209584053204,0.010499568800351388,embedding_pca
esmc_PC1849,0.003620972446786411,0.011900271399625918,0.003620972446786411,embedding_pca
esmc_PC1850,-0.010978887788024312,0.014973132415123734,0.010978887788024312,embedding_pca
esmc_PC1851,-0.00838668365456512,0.009788274407156386,0.00838668365456512,embedding_pca
esmc_PC1852,-0.0031779622853582686,0.00864687350743351,0.0031779622853582686,embedding_pca
esmc_PC1853,0.0038886928885441914,0.020436133681988017,0.0038886928885441914,embedding_pca
esmc_PC1854,-0.0015573589844637779,0.00795179985101494,0.0015573589844637779,embedding_pca
esmc_PC1855,-0.0005005192732098192,0.021796486147503236,0.0005005192732098192,embedding_pca
esmc_PC1856,0.0017072214487208065,0.008717243077853933,0.0017072214487208065,embedding_pca
esmc_PC1857,0.0025850050184565844,0.01248729496653968,0.0025850050184565844,embedding_pca
esmc_PC1858,-0.016713936569278044,0.023316938117533593,0.016713936569278044,embedding_pca
esmc_PC1859,0.01466937394283259,0.011465324478019193,0.01466937394283259,embedding_pca
esmc_PC1860,-0.0028426565731412504,0.003935774311954416,0.0028426565731412504,embedding_pca
esmc_PC1861,-0.009655919494972964,0.02176317086382764,0.009655919494972964,embedding_pca
esmc_PC1862,-0.0005038665421654237,0.007619857160863628,0.0005038665421654237,embedding_pca
esmc_PC1863,0.004264581565312899,0.012882108193669303,0.004264581565312899,embedding_pca
esmc_PC1864,0.0016971720503347824,0.012270932115765661,0.0016971720503347824,embedding_pca
esmc_PC1865,-0.010993543429882771,0.01585042679174503,0.010993543429882771,embedding_pca
esmc_PC1866,0.011704611626973043,0.012701096378566057,0.011704611626973043,embedding_pca
esmc_PC1867,0.0031881400723838696,0.01750700633111679,0.0031881400723838696,embedding_pca
esmc_PC1868,0.0058952777511544095,0.010567443600539789,0.0058952777511544095,embedding_pca
esmc_PC1869,0.0038903172393863136,0.009290362779676991,0.0038903172393863136,embedding_pca
esmc_PC1870,0.019254234815210165,0.015151368712504635,0.019254234815210165,embedding_pca
esmc_PC1871,-0.007632767795708895,0.017979181430691823,0.007632767795708895,embedding_pca
esmc_PC1872,0.0020024833998540338,0.014259466779896856,0.0020024833998540338,embedding_pca
esmc_PC1873,-0.006977943506565115,0.017588310422659768,0.006977943506565115,embedding_pca
esmc_PC1874,0.0005896531731439484,0.00843627355751695,0.0005896531731439484,embedding_pca
esmc_PC1875,-0.0027064039516335263,0.010280200757726704,0.0027064039516335263,embedding_pca
esmc_PC1876,0.0005531418527760397,0.014267613277318618,0.0005531418527760397,embedding_pca
esmc_PC1877,-0.013785846339463054,0.011697477503097815,0.013785846339463054,embedding_pca
esmc_PC1878,0.00043662744441261313,0.018229619987308095,0.00043662744441261313,embedding_pca
esmc_PC1879,0.0004814347542077555,0.015843793894225362,0.0004814347542077555,embedding_pca
esmc_PC1880,-0.0022590085304764816,0.009724289613830926,0.0022590085304764816,embedding_pca
esmc_PC1881,0.008575716552110115,0.021192138776412864,0.008575716552110115,embedding_pca
esmc_PC1882,-0.0002439426078274201,0.01021295218561261,0.0002439426078274201,embedding_pca
esmc_PC1883,0.006127819448767456,0.009553868596124247,0.006127819448767456,embedding_pca
esmc_PC1884,0.012019859293419071,0.010394583794387168,0.012019859293419071,embedding_pca
esmc_PC1885,0.0005817498298091785,0.01622942166207069,0.0005817498298091785,embedding_pca
esmc_PC1886,-0.01220474156256498,0.020058070082566035,0.01220474156256498,embedding_pca
esmc_PC1887,0.004506079822838701,0.012643264300871948,0.004506079822838701,embedding_pca
esmc_PC1888,0.0016488818915266872,0.010832480258402517,0.0016488818915266872,embedding_pca
esmc_PC1889,0.002023226415996834,0.012945613187066258,0.002023226415996834,embedding_pca
esmc_PC1890,-0.0050365643885362235,0.010312539680157003,0.0050365643885362235,embedding_pca
esmc_PC1891,0.0010632402227492926,0.015140566188964064,0.0010632402227492926,embedding_pca
esmc_PC1892,0.0025670295647929444,0.016879964598644256,0.0025670295647929444,embedding_pca
esmc_PC1893,0.011289348476204237,0.007958627847953476,0.011289348476204237,embedding_pca
esmc_PC1894,0.009712629258130843,0.01350849386979438,0.009712629258130843,embedding_pca
esmc_PC1895,0.009820405518417005,0.018237698146435003,0.009820405518417005,embedding_pca
esmc_PC1896,-0.0059456248129294694,0.014370081074417828,0.0059456248129294694,embedding_pca
esmc_PC1897,-0.014015463067286352,0.011782659016716114,0.014015463067286352,embedding_pca
esmc_PC1898,-0.0008777230550711592,0.004882269506678888,0.0008777230550711592,embedding_pca
esmc_PC1899,-0.003168110224899931,0.009599014767689536,0.003168110224899931,embedding_pca
esmc_PC1900,-0.00164290361353975,0.013562283687348438,0.00164290361353975,embedding_pca
esmc_PC1901,-0.006867236287879615,0.012584956919294638,0.006867236287879615,embedding_pca
esmc_PC1902,-0.003108007258692861,0.013478775408919102,0.003108007258692861,embedding_pca
esmc_PC1903,-0.007129229405219468,0.01706981528960645,0.007129229405219468,embedding_pca
esmc_PC1904,-0.003949160587936462,0.009716959809149968,0.003949160587936462,embedding_pca
esmc_PC1905,0.0021096351352503243,0.017923342421428037,0.0021096351352503243,embedding_pca
esmc_PC1906,0.01632327302279416,0.009383400127139993,0.01632327302279416,embedding_pca
esmc_PC1907,-0.012489535096584733,0.016771445576746893,0.012489535096584733,embedding_pca
esmc_PC1908,0.0002370506344698122,0.013778850861600469,0.0002370506344698122,embedding_pca
esmc_PC1909,0.006169553814923008,0.01731366167852668,0.006169553814923008,embedding_pca
esmc_PC1910,0.004027908746395473,0.01730516742544379,0.004027908746395473,embedding_pca
esmc_PC1911,-0.002804852919149641,0.011379215881807325,0.002804852919149641,embedding_pca
esmc_PC1912,0.0010400975479278698,0.007013234726612194,0.0010400975479278698,embedding_pca
esmc_PC1913,0.00673108343410752,0.00836215588207184,0.00673108343410752,embedding_pca
esmc_PC1914,-0.0009077889025109621,0.017968063136769196,0.0009077889025109621,embedding_pca
esmc_PC1915,-0.0022764054799620068,0.014713096071459842,0.0022764054799620068,embedding_pca
esmc_PC1916,0.0041044564847957056,0.009010490225571254,0.0041044564847957056,embedding_pca
esmc_PC1917,0.00430680784733154,0.014832924349998016,0.00430680784733154,embedding_pca
esmc_PC1918,0.00642227002837196,0.011989777374256463,0.00642227002837196,embedding_pca
esmc_PC1919,0.005893732785796609,0.014056339767611004,0.005893732785796609,embedding_pca
esmc_PC1920,-0.0009112045147469707,0.009868362225146565,0.0009112045147469707,embedding_pca
esmc_PC1921,-0.015501629615972432,0.008457416898470621,0.015501629615972432,embedding_pca
esmc_PC1922,-0.004004941537762956,0.0133856729276537,0.004004941537762956,embedding_pca
esmc_PC1923,0.007289622764128793,0.009829709264874049,0.007289622764128793,embedding_pca
esmc_PC1924,-0.008540743455492186,0.014966922900929545,0.008540743455492186,embedding_pca
esmc_PC1925,-0.002722114745273261,0.01280749892509321,0.002722114745273261,embedding_pca
esmc_PC1926,0.005986403659267442,0.018058047337911803,0.005986403659267442,embedding_pca
esmc_PC1927,0.0031514840301164714,0.00707058110905681,0.0031514840301164714,embedding_pca
esmc_PC1928,0.010626917220036974,0.01919448621498687,0.010626917220036974,embedding_pca
esmc_PC1929,0.002001784241151273,0.013047336411276578,0.002001784241151273,embedding_pca
esmc_PC1930,-0.012605426168895161,0.007243475543864407,0.012605426168895161,embedding_pca
esmc_PC1931,-0.006892403188964552,0.009704492859169571,0.006892403188964552,embedding_pca
esmc_PC1932,0.007782535974646966,0.010695677392474538,0.007782535974646966,embedding_pca
esmc_PC1933,-0.006751487143400031,0.0113937705992102,0.006751487143400031,embedding_pca
esmc_PC1934,-0.00813498396346626,0.03140232022913936,0.00813498396346626,embedding_pca
esmc_PC1935,0.010209977475840206,0.01779548987332803,0.010209977475840206,embedding_pca
esmc_PC1936,-0.019948181327612904,0.010220417849335086,0.019948181327612904,embedding_pca
esmc_PC1937,0.0025274032571175205,0.01464297913201201,0.0025274032571175205,embedding_pca
esmc_PC1938,0.005659369233667335,0.013330355590987865,0.005659369233667335,embedding_pca
esmc_PC1939,0.0029026401876564955,0.005124150356656575,0.0029026401876564955,embedding_pca
esmc_PC1940,0.011170063862636378,0.016948928138107628,0.011170063862636378,embedding_pca
esmc_PC1941,-0.0016937281681388317,0.009124740008161093,0.0016937281681388317,embedding_pca
esmc_PC1942,0.0011246734075854323,0.0189637395483091,0.0011246734075854323,embedding_pca
esmc_PC1943,-0.0033933938483149974,0.008816331232304277,0.0033933938483149974,embedding_pca
esmc_PC1944,-0.002742029387034084,0.016762675849060417,0.002742029387034084,embedding_pca
esmc_PC1945,0.003433886153982279,0.010669869762431073,0.003433886153982279,embedding_pca
esmc_PC1946,0.005595141416675004,0.024271357209421265,0.005595141416675004,embedding_pca
esmc_PC1947,0.0013714023424839343,0.017444246054955568,0.0013714023424839343,embedding_pca
esmc_PC1948,0.009762262439609082,0.009957526779348285,0.009762262439609082,embedding_pca
esmc_PC1949,0.011692154194791894,0.010499101879365102,0.011692154194791894,embedding_pca
esmc_PC1950,0.007763413791150214,0.012759339039398304,0.007763413791150214,embedding_pca
esmc_PC1951,0.004618808201979191,0.013283564120718494,0.004618808201979191,embedding_pca
esmc_PC1952,0.000631588077062221,0.02338481216697809,0.000631588077062221,embedding_pca
esmc_PC1953,0.0006954723396264912,0.029295900899764585,0.0006954723396264912,embedding_pca
esmc_PC1954,-0.008561406127049481,0.016674407975026694,0.008561406127049481,embedding_pca
esmc_PC1955,0.0033095891464540424,0.017642860220955254,0.0033095891464540424,embedding_pca
esmc_PC1956,0.00015795238396747874,0.01689502862592902,0.00015795238396747874,embedding_pca
esmc_PC1957,-0.004527144067688528,0.014218982078195988,0.004527144067688528,embedding_pca
esmc_PC1958,-0.008875507398565855,0.009648585159581257,0.008875507398565855,embedding_pca
esmc_PC1959,-0.00523311253420354,0.01393926870727671,0.00523311253420354,embedding_pca
esmc_PC1960,-0.0006723383637645556,0.023195526983640594,0.0006723383637645556,embedding_pca
esmc_PC1961,0.00244986568452728,0.01053651249399487,0.00244986568452728,embedding_pca
esmc_PC1962,-0.006827516263729827,0.016623479156813302,0.006827516263729827,embedding_pca
esmc_PC1963,-0.002337714634791724,0.015189524017564746,0.002337714634791724,embedding_pca
esmc_PC1964,-0.014451498457424222,0.017728321737114076,0.014451498457424222,embedding_pca
esmc_PC1965,-0.006449533063947387,0.008516961553120473,0.006449533063947387,embedding_pca
esmc_PC1966,0.005661446227800365,0.015803473437725313,0.005661446227800365,embedding_pca
esmc_PC1967,-0.0028183377508153138,0.01859350387736913,0.0028183377508153138,embedding_pca
esmc_PC1968,-0.0018437651746438517,0.014704981021367594,0.0018437651746438517,embedding_pca
esmc_PC1969,-0.004379753823155053,0.007051956387842258,0.004379753823155053,embedding_pca
esmc_PC1970,0.011794707429524156,0.018009064817374517,0.011794707429524156,embedding_pca
esmc_PC1971,-0.0036828945134660036,0.014701232685807608,0.0036828945134660036,embedding_pca
esmc_PC1972,-0.005021467870621441,0.01586808733490244,0.005021467870621441,embedding_pca
esmc_PC1973,-0.0030041131384967944,0.018038590836079362,0.0030041131384967944,embedding_pca
esmc_PC1974,0.007906599666636802,0.023038145286915036,0.007906599666636802,embedding_pca
esmc_PC1975,-0.0027091240438871416,0.009264551318907896,0.0027091240438871416,embedding_pca
esmc_PC1976,0.0046293088610815615,0.016837216394802124,0.0046293088610815615,embedding_pca
esmc_PC1977,0.005083674629270683,0.018034340620958905,0.005083674629270683,embedding_pca
esmc_PC1978,-0.006881324713065422,0.01441323178155475,0.006881324713065422,embedding_pca
esmc_PC1979,-0.005835120290040984,0.005602229782995081,0.005835120290040984,embedding_pca
esmc_PC1980,-0.0028969898703031993,0.01612915102662701,0.0028969898703031993,embedding_pca
esmc_PC1981,0.0014787817371086965,0.023960789587955028,0.0014787817371086965,embedding_pca
esmc_PC1982,0.006483462162166406,0.020167268466678046,0.006483462162166406,embedding_pca
esmc_PC1983,0.0017733843310262965,0.011255740145193706,0.0017733843310262965,embedding_pca
esmc_PC1984,-0.0012101518499954996,0.018322907329845112,0.0012101518499954996,embedding_pca
esmc_PC1985,0.00494279395526649,0.015300528068545776,0.00494279395526649,embedding_pca
esmc_PC1986,-0.00033904235057448314,0.011656586042055208,0.00033904235057448314,embedding_pca
esmc_PC1987,-0.0009621960508942194,0.007362356545336483,0.0009621960508942194,embedding_pca
esmc_PC1988,0.007221804223830218,0.01170424383419581,0.007221804223830218,embedding_pca
esmc_PC1989,0.009425095770782533,0.015744893277242236,0.009425095770782533,embedding_pca
esmc_PC1990,0.009846824222645047,0.012943984782484952,0.009846824222645047,embedding_pca
esmc_PC1991,0.008043521856574665,0.017949062231653826,0.008043521856574665,embedding_pca
esmc_PC1992,0.013264374604807675,0.01168237602411816,0.013264374604807675,embedding_pca
esmc_PC1993,0.0014434545334898233,0.023144476811278236,0.0014434545334898233,embedding_pca
esmc_PC1994,-0.007082267679528856,0.023052669166924347,0.007082267679528856,embedding_pca
esmc_PC1995,-0.01086619845949639,0.0117629287648904,0.01086619845949639,embedding_pca
esmc_PC1996,0.003212599258088961,0.01451319698436257,0.003212599258088961,embedding_pca
esmc_PC1997,-0.00019598754650531833,0.014877437165264054,0.00019598754650531833,embedding_pca
esmc_PC1998,0.0035318755928638286,0.00848117883236744,0.0035318755928638286,embedding_pca
esmc_PC1999,0.0140050157888879,0.012524250422545392,0.0140050157888879,embedding_pca
esmc_PC2000,0.0060315288731742685,0.007571816477023459,0.0060315288731742685,embedding_pca
esmc_PC2001,-0.0018954959806651728,0.013756845975778375,0.0018954959806651728,embedding_pca
esmc_PC2002,-0.008822168450498127,0.018683337897505686,0.008822168450498127,embedding_pca
esmc_PC2003,0.0036002105500257072,0.0163233893253946,0.0036002105500257072,embedding_pca
esmc_PC2004,-0.007024776241368977,0.017826078913588075,0.007024776241368977,embedding_pca
esmc_PC2005,0.005026762879428807,0.011697024615787094,0.005026762879428807,embedding_pca
esmc_PC2006,0.007416564054554019,0.006271768380546101,0.007416564054554019,embedding_pca
esmc_PC2007,0.005421163315036389,0.018935369093413628,0.005421163315036389,embedding_pca
esmc_PC2008,0.01784219394707322,0.022610315360386938,0.01784219394707322,embedding_pca
esmc_PC2009,-0.0014462055700099972,0.017982970785127037,0.0014462055700099972,embedding_pca
esmc_PC2010,0.009695283661699677,0.025222466132475595,0.009695283661699677,embedding_pca
esmc_PC2011,-0.0020771295361089828,0.019867019261303374,0.0020771295361089828,embedding_pca
esmc_PC2012,0.01236634279309036,0.012525517261378698,0.01236634279309036,embedding_pca
esmc_PC2013,0.011997899728336514,0.013242576663837307,0.011997899728336514,embedding_pca
esmc_PC2014,-0.012143082083315423,0.008208041764914683,0.012143082083315423,embedding_pca
esmc_PC2015,0.011348474304104038,0.014244190364473898,0.011348474304104038,embedding_pca
esmc_PC2016,-0.0008460253356739836,0.013030093121221116,0.0008460253356739836,embedding_pca
esmc_PC2017,0.00391003593605279,0.018248780987079705,0.00391003593605279,embedding_pca
esmc_PC2018,-0.013023151937007227,0.010280443106848483,0.013023151937007227,embedding_pca
esmc_PC2019,-0.004035202561299689,0.01615216429571981,0.004035202561299689,embedding_pca
esmc_PC2020,0.0006825134217555487,0.006691860920744225,0.0006825134217555487,embedding_pca
esmc_PC2021,0.002284138708419869,0.01296194429599606,0.002284138708419869,embedding_pca
esmc_PC2022,-0.008893790980698849,0.013291836739779267,0.008893790980698849,embedding_pca
esmc_PC2023,0.012464566792183345,0.02040766361529077,0.012464566792183345,embedding_pca
esmc_PC2024,0.00691758874407313,0.012817733239565563,0.00691758874407313,embedding_pca
esmc_PC2025,0.006726572648434586,0.013407658422200092,0.006726572648434586,embedding_pca
esmc_PC2026,-0.00695141528511725,0.008124950521503676,0.00695141528511725,embedding_pca
esmc_PC2027,-0.008796941005669552,0.009955626994107606,0.008796941005669552,embedding_pca
esmc_PC2028,-0.00037175734402821695,0.004612884529430114,0.00037175734402821695,embedding_pca
esmc_PC2029,0.013734788483485676,0.012295144099591843,0.013734788483485676,embedding_pca
esmc_PC2030,-0.0005688064886291728,0.014584419296793974,0.0005688064886291728,embedding_pca
esmc_PC2031,-0.005197512353322447,0.021581673197128053,0.005197512353322447,embedding_pca
esmc_PC2032,0.0008586745139651302,0.0068030911057282055,0.0008586745139651302,embedding_pca
esmc_PC2033,0.00653003325915754,0.013652916410868611,0.00653003325915754,embedding_pca
esmc_PC2034,-0.00341352740465072,0.014795494104712844,0.00341352740465072,embedding_pca
esmc_PC2035,0.003698681901704786,0.01577504485313057,0.003698681901704786,embedding_pca
esmc_PC2036,-0.005398111218627663,0.027798750366372266,0.005398111218627663,embedding_pca
esmc_PC2037,-0.006888974041302932,0.01984940262245311,0.006888974041302932,embedding_pca
esmc_PC2038,-0.0061552632223338555,0.026416825630911602,0.0061552632223338555,embedding_pca
esmc_PC2039,0.01768597890590362,0.015240709159495568,0.01768597890590362,embedding_pca
esmc_PC2040,-0.004012950700730741,0.013070333050061205,0.004012950700730741,embedding_pca
esmc_PC2041,-0.002720379356534997,0.013505265777769842,0.002720379356534997,embedding_pca
esmc_PC2042,-0.001457634824845137,0.00875693808314791,0.001457634824845137,embedding_pca
esmc_PC2043,0.005731631940180688,0.016742923645737623,0.005731631940180688,embedding_pca
esmc_PC2044,-0.009831961485079276,0.016998395030759332,0.009831961485079276,embedding_pca
esmc_PC2045,0.00727300418669759,0.01777675081103516,0.00727300418669759,embedding_pca
esmc_PC2046,-0.007730184052083329,0.022629649057813183,0.007730184052083329,embedding_pca
esmc_PC2047,-0.011584809027064989,0.01913173083532276,0.011584809027064989,embedding_pca
esmc_PC2048,0.014149942309463667,0.01648376645307092,0.014149942309463667,embedding_pca
esmc_PC2049,0.011524466543343692,0.013542226716567133,0.011524466543343692,embedding_pca
esmc_PC2050,0.006611029312809806,0.013669469463470222,0.006611029312809806,embedding_pca
esmc_PC2051,0.008491120553824335,0.013192143433740896,0.008491120553824335,embedding_pca
esmc_PC2052,-0.0004314890433063859,0.011224552284697943,0.0004314890433063859,embedding_pca
esmc_PC2053,0.008877781499179062,0.015641768133033144,0.008877781499179062,embedding_pca
esmc_PC2054,-0.0007489775026231375,0.008674292802599019,0.0007489775026231375,embedding_pca
esmc_PC2055,0.003502221524904807,0.010414194539730439,0.003502221524904807,embedding_pca
esmc_PC2056,0.015452803270501012,0.010728859996171068,0.015452803270501012,embedding_pca
esmc_PC2057,0.0024261120730255715,0.022323059228215543,0.0024261120730255715,embedding_pca
esmc_PC2058,0.0039831596351331145,0.01832462656097405,0.0039831596351331145,embedding_pca
esmc_PC2059,-0.002671533945167813,0.02124896059241309,0.002671533945167813,embedding_pca
esmc_PC2060,0.002425901069785154,0.014480260081349656,0.002425901069785154,embedding_pca
esmc_PC2061,0.007919984365457957,0.012998363194984467,0.007919984365457957,embedding_pca
esmc_PC2062,0.011445350243881354,0.016944125748615046,0.011445350243881354,embedding_pca
esmc_PC2063,-0.016928702980863058,0.013423584199298165,0.016928702980863058,embedding_pca
esmc_PC2064,0.002887002615847481,0.01662480811196384,0.002887002615847481,embedding_pca
esmc_PC2065,0.002687562052328358,0.01901168029060192,0.002687562052328358,embedding_pca
esmc_PC2066,-0.0055554541614040946,0.0057046991077709264,0.0055554541614040946,embedding_pca
esmc_PC2067,-0.003166828741323393,0.007672517260989286,0.003166828741323393,embedding_pca
esmc_PC2068,-0.02151132077008792,0.010175694160533006,0.02151132077008792,embedding_pca
esmc_PC2069,-0.005458567885045086,0.01378999764891051,0.005458567885045086,embedding_pca
esmc_PC2070,-0.008816747236758704,0.018347429057268435,0.008816747236758704,embedding_pca
esmc_PC2071,0.003147446847999818,0.01443308712617949,0.003147446847999818,embedding_pca
esmc_PC2072,-0.01810069280720599,0.01970953439197063,0.01810069280720599,embedding_pca
esmc_PC2073,0.005973527711083121,0.009590390553777174,0.005973527711083121,embedding_pca
esmc_PC2074,-0.006139459513389631,0.006228868135835573,0.006139459513389631,embedding_pca
esmc_PC2075,0.005131743414630031,0.007901707304928967,0.005131743414630031,embedding_pca
esmc_PC2076,0.008101484514659748,0.005939430600515538,0.008101484514659748,embedding_pca
esmc_PC2077,0.002792611893744262,0.011293618154035621,0.002792611893744262,embedding_pca
esmc_PC2078,0.009154014984886945,0.02561052069984977,0.009154014984886945,embedding_pca
esmc_PC2079,0.0017535857035220648,0.021469496540627464,0.0017535857035220648,embedding_pca
esmc_PC2080,-0.010074408559724787,0.00668138039555527,0.010074408559724787,embedding_pca
esmc_PC2081,-0.004628369988114093,0.012923518944478143,0.004628369988114093,embedding_pca
esmc_PC2082,0.00507765136327504,0.02527206095059026,0.00507765136327504,embedding_pca
esmc_PC2083,-0.0033727714244761687,0.029064032874337974,0.0033727714244761687,embedding_pca
esmc_PC2084,-0.012748741270830274,0.017064371062097385,0.012748741270830274,embedding_pca
esmc_PC2085,0.0028837742183365858,0.022376283464217814,0.0028837742183365858,embedding_pca
esmc_PC2086,-0.020532810324313304,0.012790394316351051,0.020532810324313304,embedding_pca
esmc_PC2087,-0.019362924128661294,0.01767323228578578,0.019362924128661294,embedding_pca
esmc_PC2088,-0.01538838521216783,0.01057837024686658,0.01538838521216783,embedding_pca
esmc_PC2089,0.0003337354340782777,0.020595727494052612,0.0003337354340782777,embedding_pca
esmc_PC2090,-0.0032118909287232765,0.010009838717268328,0.0032118909287232765,embedding_pca
esmc_PC2091,-0.01272188010036163,0.014283656021292864,0.01272188010036163,embedding_pca
esmc_PC2092,-0.004142655799030411,0.01623503568367593,0.004142655799030411,embedding_pca
esmc_PC2093,-0.002979450166468278,0.019822728445959767,0.002979450166468278,embedding_pca
esmc_PC2094,0.006725938901235687,0.00848798330609815,0.006725938901235687,embedding_pca
esmc_PC2095,0.007544690873081296,0.02838684910296201,0.007544690873081296,embedding_pca
esmc_PC2096,-0.012243420604713836,0.01270138220636259,0.012243420604713836,embedding_pca
esmc_PC2097,0.00035609331577965837,0.01972584849760962,0.00035609331577965837,embedding_pca
esmc_PC2098,-0.0014496118439472905,0.024665944400666533,0.0014496118439472905,embedding_pca
esmc_PC2099,-0.00543194195198192,0.020981393924085327,0.00543194195198192,embedding_pca
esmc_PC2100,-0.003123102945144021,0.018598369055604486,0.003123102945144021,embedding_pca
esmc_PC2101,0.009264365816052306,0.022484046167631295,0.009264365816052306,embedding_pca
esmc_PC2102,-0.00955991969179886,0.022699598492190973,0.00955991969179886,embedding_pca
esmc_PC2103,-0.004542669203751829,0.015068285753023066,0.004542669203751829,embedding_pca
esmc_PC2104,0.016049762197004838,0.021787988479092465,0.016049762197004838,embedding_pca
esmc_PC2105,-0.0009365960233449447,0.022100499009973663,0.0009365960233449447,embedding_pca
esmc_PC2106,0.00220416867250732,0.03137542421340441,0.00220416867250732,embedding_pca
esmc_PC2107,0.004229302995745884,0.014992784464887674,0.004229302995745884,embedding_pca
esmc_PC2108,-0.008468363770400552,0.014239769807000056,0.008468363770400552,embedding_pca
esmc_PC2109,0.009396516314878062,0.014743559728774041,0.009396516314878062,embedding_pca
esmc_PC2110,0.005599422974788305,0.01724781850100862,0.005599422974788305,embedding_pca
esmc_PC2111,0.0050541119071826,0.010658647669442535,0.0050541119071826,embedding_pca
esmc_PC2112,-0.007689701015460938,0.009765238237665223,0.007689701015460938,embedding_pca
esmc_PC2113,-0.001076510645960716,0.020826064373798744,0.001076510645960716,embedding_pca
esmc_PC2114,0.014068742176220667,0.013316013950581438,0.014068742176220667,embedding_pca
esmc_PC2115,-0.004776907763130113,0.018892675242566274,0.004776907763130113,embedding_pca
esmc_PC2116,-0.0013695005594827852,0.012863791813387546,0.0013695005594827852,embedding_pca
esmc_PC2117,0.017058727559025207,0.01584896740902425,0.017058727559025207,embedding_pca
esmc_PC2118,-0.012280540988048079,0.017823226576971062,0.012280540988048079,embedding_pca
esmc_PC2119,-0.006285879326344411,0.011284613653204392,0.006285879326344411,embedding_pca
esmc_PC2120,-0.011107913973055591,0.013421160918166638,0.011107913973055591,embedding_pca
esmc_PC2121,-0.008524477024136362,0.013572737622632511,0.008524477024136362,embedding_pca
esmc_PC2122,0.009060616611625997,0.021824185243276947,0.009060616611625997,embedding_pca
esmc_PC2123,-0.012765478305297773,0.009688403911120465,0.012765478305297773,embedding_pca
esmc_PC2124,0.0014999872908184207,0.012746919325222126,0.0014999872908184207,embedding_pca
esmc_PC2125,0.0243385069362355,0.012118726278765219,0.0243385069362355,embedding_pca
esmc_PC2126,0.0022095167952808662,0.012571328229609454,0.0022095167952808662,embedding_pca
esmc_PC2127,-0.001658711913851936,0.016586258010716504,0.001658711913851936,embedding_pca
esmc_PC2128,0.0028340857707166173,0.014785112518221032,0.0028340857707166173,embedding_pca
esmc_PC2129,0.012093925692091567,0.021895157134997678,0.012093925692091567,embedding_pca
esmc_PC2130,0.009883177614589945,0.026224876568445608,0.009883177614589945,embedding_pca
esmc_PC2131,1.704648319939134e-05,0.0169686732752906,1.704648319939134e-05,embedding_pca
esmc_PC2132,-0.005278092082343953,0.023211812978828603,0.005278092082343953,embedding_pca
esmc_PC2133,0.006182999178730278,0.01197444642412502,0.006182999178730278,embedding_pca
esmc_PC2134,0.000478274934584175,0.014505878418466078,0.000478274934584175,embedding_pca
esmc_PC2135,0.0049021947634202865,0.007919916006200203,0.0049021947634202865,embedding_pca
esmc_PC2136,-0.0030258643007831133,0.024731082577792492,0.0030258643007831133,embedding_pca
esmc_PC2137,-0.010607643032127318,0.01634629785935483,0.010607643032127318,embedding_pca
esmc_PC2138,0.0032137037403247555,0.01777028440295455,0.0032137037403247555,embedding_pca
esmc_PC2139,-0.0024937250598962625,0.017153320122364694,0.0024937250598962625,embedding_pca
esmc_PC2140,0.01175767068489061,0.014052250303423717,0.01175767068489061,embedding_pca
esmc_PC2141,-0.004239138273685602,0.01902914588235508,0.004239138273685602,embedding_pca
esmc_PC2142,-0.00011209387081214834,0.01587477488439235,0.00011209387081214834,embedding_pca
esmc_PC2143,0.0029209189670404705,0.018688408283102045,0.0029209189670404705,embedding_pca
esmc_PC2144,-0.00846716803251005,0.016675936605073032,0.00846716803251005,embedding_pca
esmc_PC2145,0.0030979058984153527,0.024988692887899722,0.0030979058984153527,embedding_pca
esmc_PC2146,0.014591976084675124,0.021021102572363375,0.014591976084675124,embedding_pca
esmc_PC2147,0.013483610609833463,0.017083771834697097,0.013483610609833463,embedding_pca
esmc_PC2148,0.01530088715806866,0.025127438212028192,0.01530088715806866,embedding_pca
esmc_PC2149,-0.00851451444241872,0.020366375063006197,0.00851451444241872,embedding_pca
esmc_PC2150,0.007718729508437762,0.02450258436123024,0.007718729508437762,embedding_pca
esmc_PC2151,-0.002051423231084128,0.02183665784784809,0.002051423231084128,embedding_pca
esmc_PC2152,-0.018004010642929766,0.017275403443074273,0.018004010642929766,embedding_pca
esmc_PC2153,0.008520307946694384,0.00845972857381976,0.008520307946694384,embedding_pca
esmc_PC2154,-0.01022244661188432,0.01787124828743277,0.01022244661188432,embedding_pca
esmc_PC2155,-0.014897531271583341,0.02523377857994801,0.014897531271583341,embedding_pca
esmc_PC2156,-0.010540615180851134,0.021989978785342066,0.010540615180851134,embedding_pca
esmc_PC2157,0.008508342055155676,0.030692569685265778,0.008508342055155676,embedding_pca
esmc_PC2158,0.005915738185262457,0.019074675845244294,0.005915738185262457,embedding_pca
esmc_PC2159,0.006483483614352495,0.025022286454202434,0.006483483614352495,embedding_pca
esmc_PC2160,-0.0037966395841209978,0.02072675898573744,0.0037966395841209978,embedding_pca
esmc_PC2161,0.001945171059223185,0.007214534172352497,0.001945171059223185,embedding_pca
esmc_PC2162,0.010922389241055628,0.01802990937243849,0.010922389241055628,embedding_pca
esmc_PC2163,-0.008057668003085027,0.012878840485070306,0.008057668003085027,embedding_pca
esmc_PC2164,-0.007087508587992261,0.02377697155473097,0.007087508587992261,embedding_pca
esmc_PC2165,-0.004793497718657512,0.010313818518408803,0.004793497718657512,embedding_pca
esmc_PC2166,-0.008770630179333046,0.014315341419648926,0.008770630179333046,embedding_pca
esmc_PC2167,0.012578594334606707,0.013889599608018251,0.012578594334606707,embedding_pca
esmc_PC2168,0.0061686429785165935,0.01181560461089707,0.0061686429785165935,embedding_pca
esmc_PC2169,0.006481706961617209,0.017328722513018986,0.006481706961617209,embedding_pca
esmc_PC2170,0.005411117071704399,0.010487619137934738,0.005411117071704399,embedding_pca
esmc_PC2171,-0.0029826822442142907,0.016615245311323662,0.0029826822442142907,embedding_pca
esmc_PC2172,-0.012927968070305962,0.021388399932902667,0.012927968070305962,embedding_pca
esmc_PC2173,0.0015997707308233668,0.02142385510021235,0.0015997707308233668,embedding_pca
esmc_PC2174,0.005804523660030968,0.008838897138891718,0.005804523660030968,embedding_pca
esmc_PC2175,0.007425708746701535,0.015222790688847384,0.007425708746701535,embedding_pca
esmc_PC2176,0.020888160425616913,0.014535694820326227,0.020888160425616913,embedding_pca
esmc_PC2177,-0.016503847200987604,0.012190498528818428,0.016503847200987604,embedding_pca
esmc_PC2178,-0.0037198389815029224,0.023785442086321426,0.0037198389815029224,embedding_pca
esmc_PC2179,0.0018863978665061044,0.008672011517937034,0.0018863978665061044,embedding_pca
esmc_PC2180,0.000524488382829164,0.013459481930866218,0.000524488382829164,embedding_pca
esmc_PC2181,-0.01704924453603198,0.02390995480840346,0.01704924453603198,embedding_pca
esmc_PC2182,-0.008161096177362883,0.02798826548840166,0.008161096177362883,embedding_pca
esmc_PC2183,0.024919742683232902,0.01208341165173967,0.024919742683232902,embedding_pca
esmc_PC2184,0.004498488223141704,0.028026012314518147,0.004498488223141704,embedding_pca
esmc_PC2185,0.00685791064468261,0.013089997800838044,0.00685791064468261,embedding_pca
esmc_PC2186,-0.006478624063249177,0.020583231641696554,0.006478624063249177,embedding_pca
esmc_PC2187,0.0021441878083060194,0.016146409232842846,0.0021441878083060194,embedding_pca
esmc_PC2188,-0.00017652632532396442,0.003920756699052685,0.00017652632532396442,embedding_pca
esmc_PC2189,-0.00048283546391546825,0.012943899740791466,0.00048283546391546825,embedding_pca
esmc_PC2190,0.0035511420022738133,0.013212697507834444,0.0035511420022738133,embedding_pca
esmc_PC2191,-0.006378377263571486,0.01970245085200627,0.006378377263571486,embedding_pca
esmc_PC2192,-0.004387541657584833,0.016587523165654997,0.004387541657584833,embedding_pca
esmc_PC2193,0.004862814948196949,0.017124284351167116,0.004862814948196949,embedding_pca
esmc_PC2194,-0.0030698154776352066,0.008459341771452219,0.0030698154776352066,embedding_pca
esmc_PC2195,-0.01601081721855143,0.013070199047724686,0.01601081721855143,embedding_pca
esmc_PC2196,-0.014243559784732305,0.010900149158653765,0.014243559784732305,embedding_pca
esmc_PC2197,0.0050739640273033335,0.010816701598291295,0.0050739640273033335,embedding_pca
esmc_PC2198,0.006552158663292637,0.016495060104775038,0.006552158663292637,embedding_pca
esmc_PC2199,0.020032756112814923,0.014256106780449793,0.020032756112814923,embedding_pca
esmc_PC2200,-0.004879482133228809,0.018874737284329313,0.004879482133228809,embedding_pca
esmc_PC2201,0.015955017186399984,0.00324158281736259,0.015955017186399984,embedding_pca
esmc_PC2202,-0.007835051089396701,0.02123287883647902,0.007835051089396701,embedding_pca
esmc_PC2203,0.0005621071644181612,0.019895047857611557,0.0005621071644181612,embedding_pca
esmc_PC2204,-0.011750290096737859,0.01160468235819882,0.011750290096737859,embedding_pca
esmc_PC2205,0.003632555115533501,0.022543949213909564,0.003632555115533501,embedding_pca
esmc_PC2206,0.000976645389949039,0.019130814205876125,0.000976645389949039,embedding_pca
esmc_PC2207,0.003978872966232578,0.021813875280139283,0.003978872966232578,embedding_pca
esmc_PC2208,0.00022901324810103082,0.025246842024665497,0.00022901324810103082,embedding_pca
esmc_PC2209,0.01065435393981164,0.020081772931529816,0.01065435393981164,embedding_pca
esmc_PC2210,0.003523366770038726,0.024906348506798282,0.003523366770038726,embedding_pca
esmc_PC2211,0.01013507868612657,0.017641622991086733,0.01013507868612657,embedding_pca
esmc_PC2212,-0.0002304875331440262,0.019575996274766735,0.0002304875331440262,embedding_pca
esmc_PC2213,-0.02083291126537437,0.021359401979244467,0.02083291126537437,embedding_pca
esmc_PC2214,-0.004988840874945952,0.009121690039826201,0.004988840874945952,embedding_pca
esmc_PC2215,-0.0060989820448425795,0.00995142339990477,0.0060989820448425795,embedding_pca
esmc_PC2216,-0.01453581170747601,0.02021573141245422,0.01453581170747601,embedding_pca
esmc_PC2217,0.0036511614224349746,0.01585004577462346,0.0036511614224349746,embedding_pca
esmc_PC2218,0.006645704700138799,0.02193592345585185,0.006645704700138799,embedding_pca
esmc_PC2219,-0.015895087610272154,0.0077565471781678615,0.015895087610272154,embedding_pca
esmc_PC2220,0.01718043777440154,0.00655963101143147,0.01718043777440154,embedding_pca
esmc_PC2221,-0.0033053608417109234,0.007209061255220765,0.0033053608417109234,embedding_pca
esmc_PC2222,0.0005426681602784478,0.013368963700254055,0.0005426681602784478,embedding_pca
esmc_PC2223,0.018664367447697738,0.010078467521345709,0.018664367447697738,embedding_pca
esmc_PC2224,0.009463854915611513,0.022458140509795194,0.009463854915611513,embedding_pca
esmc_PC2225,0.008172835874877984,0.02190603685473735,0.008172835874877984,embedding_pca
esmc_PC2226,0.009748111104957493,0.013312827157484284,0.009748111104957493,embedding_pca
esmc_PC2227,0.008117315576601053,0.013370727033842615,0.008117315576601053,embedding_pca
esmc_PC2228,-0.0029897572995948576,0.012679934944517954,0.0029897572995948576,embedding_pca
esmc_PC2229,-0.0035903987927117706,0.0307639935384773,0.0035903987927117706,embedding_pca
esmc_PC2230,-0.00554869340802846,0.02138878927991966,0.00554869340802846,embedding_pca
esmc_PC2231,-0.006520265069695513,0.01600291604594471,0.006520265069695513,embedding_pca
esmc_PC2232,-0.003986812245089248,0.009644185369985295,0.003986812245089248,embedding_pca
esmc_PC2233,0.0070048502865883,0.01822660518745806,0.0070048502865883,embedding_pca
esmc_PC2234,-0.0024384269441276698,0.020694629823034327,0.0024384269441276698,embedding_pca
esmc_PC2235,0.006903882152901035,0.016343505579070914,0.006903882152901035,embedding_pca
esmc_PC2236,0.006510888999324968,0.01735709928356251,0.006510888999324968,embedding_pca
esmc_PC2237,0.00021200058486323044,0.012128047953410135,0.00021200058486323044,embedding_pca
esmc_PC2238,-0.0023689872261311493,0.01669540748717872,0.0023689872261311493,embedding_pca
esmc_PC2239,-0.0012748898083296163,0.01788217636712386,0.0012748898083296163,embedding_pca
esmc_PC2240,0.00984416440445425,0.012327616363267464,0.00984416440445425,embedding_pca
esmc_PC2241,-0.007724791200776698,0.013334597094968655,0.007724791200776698,embedding_pca
esmc_PC2242,-0.0010414836186165971,0.025237208402158613,0.0010414836186165971,embedding_pca
esmc_PC2243,-0.016763800011721324,0.015779824772802317,0.016763800011721324,embedding_pca
esmc_PC2244,0.005705902120174793,0.014705774368553493,0.005705902120174793,embedding_pca
esmc_PC2245,-0.003321649378370699,0.015175391532340298,0.003321649378370699,embedding_pca
esmc_PC2246,0.006030827494222901,0.014893215215430203,0.006030827494222901,embedding_pca
esmc_PC2247,0.003348593599430722,0.009630041619483711,0.003348593599430722,embedding_pca
esmc_PC2248,-0.01394509877539665,0.01339666763805421,0.01394509877539665,embedding_pca
esmc_PC2249,-0.00531986314375959,0.016094085153391564,0.00531986314375959,embedding_pca
esmc_PC2250,0.007865388493894765,0.02368297324904158,0.007865388493894765,embedding_pca
esmc_PC2251,0.006797806566523355,0.01591866549243632,0.006797806566523355,embedding_pca
esmc_PC2252,0.007127134665790252,0.011063670356848637,0.007127134665790252,embedding_pca
esmc_PC2253,0.00967326378615427,0.011156488627023403,0.00967326378615427,embedding_pca
esmc_PC2254,-0.0005237423995961452,0.012213809561938222,0.0005237423995961452,embedding_pca
esmc_PC2255,0.005019547169094606,0.014835343536371158,0.005019547169094606,embedding_pca
esmc_PC2256,0.007201246300923984,0.013412377914163083,0.007201246300923984,embedding_pca
esmc_PC2257,0.004160684844469945,0.01340446646784014,0.004160684844469945,embedding_pca
esmc_PC2258,-0.016517939747806076,0.011421744514043715,0.016517939747806076,embedding_pca
esmc_PC2259,-0.0027375632863402347,0.02558471031165454,0.0027375632863402347,embedding_pca
esmc_PC2260,-0.0034159782749926234,0.020703408229909483,0.0034159782749926234,embedding_pca
esmc_PC2261,-0.004390097354067491,0.017130006582421375,0.004390097354067491,embedding_pca
esmc_PC2262,0.011648885190802158,0.017477051856254772,0.011648885190802158,embedding_pca
esmc_PC2263,-0.0010349276295248857,0.01705980187226093,0.0010349276295248857,embedding_pca
esmc_PC2264,0.015106969714816032,0.02049975367692815,0.015106969714816032,embedding_pca
esmc_PC2265,0.0018461174144218083,0.014709872720688445,0.0018461174144218083,embedding_pca
esmc_PC2266,-0.0028328716926751566,0.009417341312468267,0.0028328716926751566,embedding_pca
esmc_PC2267,-0.017348960543097394,0.02318920259646941,0.017348960543097394,embedding_pca
esmc_PC2268,-0.016602122580910036,0.008803751470675643,0.016602122580910036,embedding_pca
esmc_PC2269,-0.023836332900894756,0.023391539282355794,0.023836332900894756,embedding_pca
esmc_PC2270,0.0022367917353960463,0.014928928063442135,0.0022367917353960463,embedding_pca
esmc_PC2271,0.006291930918608075,0.01731510687065279,0.006291930918608075,embedding_pca
esmc_PC2272,0.001173571738426711,0.012717872135920148,0.001173571738426711,embedding_pca
esmc_PC2273,0.002315796544962859,0.02820777767252729,0.002315796544962859,embedding_pca
esmc_PC2274,-0.00909341412287407,0.020911515597360368,0.00909341412287407,embedding_pca
esmc_PC2275,-0.012526793806506564,0.011166144770272909,0.012526793806506564,embedding_pca
esmc_PC2276,0.00860640361015632,0.01187308303512862,0.00860640361015632,embedding_pca
esmc_PC2277,-0.016289810402538754,0.017168342279151257,0.016289810402538754,embedding_pca
esmc_PC2278,-0.0015159801551647891,0.016294685270139136,0.0015159801551647891,embedding_pca
esmc_PC2279,-0.00939114510782151,0.009187016010406295,0.00939114510782151,embedding_pca
esmc_PC2280,-0.012780872597345025,0.019509291289613803,0.012780872597345025,embedding_pca
esmc_PC2281,-0.007298072764335459,0.019973328682612437,0.007298072764335459,embedding_pca
esmc_PC2282,0.001318194918491428,0.018711249000759867,0.001318194918491428,embedding_pca
esmc_PC2283,0.003040487029936246,0.011557723162445532,0.003040487029936246,embedding_pca
esmc_PC2284,-0.016486646586888486,0.014621607049714854,0.016486646586888486,embedding_pca
esmc_PC2285,-0.01401794964850268,0.015602806284372163,0.01401794964850268,embedding_pca
esmc_PC2286,0.009212481589592215,0.021597500070724557,0.009212481589592215,embedding_pca
esmc_PC2287,-0.009362508272699986,0.01838515222484393,0.009362508272699986,embedding_pca
esmc_PC2288,0.01165955258584259,0.007065498541365888,0.01165955258584259,embedding_pca
esmc_PC2289,-0.011300810858314322,0.01511307890963842,0.011300810858314322,embedding_pca
esmc_PC2290,-0.008769183985015463,0.020295542050954938,0.008769183985015463,embedding_pca
esmc_PC2291,0.00012216287618881382,0.01707722966447346,0.00012216287618881382,embedding_pca
esmc_PC2292,-0.004964833843443791,0.010703861645485624,0.004964833843443791,embedding_pca
esmc_PC2293,0.0025593215660071277,0.011509555461159636,0.0025593215660071277,embedding_pca
esmc_PC2294,0.006755394986055431,0.021378974716089343,0.006755394986055431,embedding_pca
esmc_PC2295,-0.002042843494019366,0.02057055853642794,0.002042843494019366,embedding_pca
esmc_PC2296,-0.002286870977726612,0.016256426713725278,0.002286870977726612,embedding_pca
esmc_PC2297,0.00095031270347026,0.021079148607999282,0.00095031270347026,embedding_pca
esmc_PC2298,0.009959771831784734,0.012016283285616857,0.009959771831784734,embedding_pca
esmc_PC2299,-0.00178347281392576,0.020602792192969774,0.00178347281392576,embedding_pca
esmc_PC2300,-0.006726918462937349,0.01605926314694651,0.006726918462937349,embedding_pca
esmc_PC2301,-0.0004547830219987127,0.009896256388622973,0.0004547830219987127,embedding_pca
esmc_PC2302,-0.009906613957005489,0.016918445655590173,0.009906613957005489,embedding_pca
esmc_PC2303,-0.0013345013628496018,0.011089644864285294,0.0013345013628496018,embedding_pca
esmc_PC2304,-0.00913595333514084,0.012035737485932917,0.00913595333514084,embedding_pca
esmc_PC2305,-0.0033126760171150265,0.020327856200069785,0.0033126760171150265,embedding_pca
esmc_PC2306,-0.009801256029509847,0.008628361294890542,0.009801256029509847,embedding_pca
esmc_PC2307,-0.011610786181059712,0.018693820929893967,0.011610786181059712,embedding_pca
esmc_PC2308,0.0036938479389374106,0.0243291443434561,0.0036938479389374106,embedding_pca
esmc_PC2309,-0.004247745356702318,0.010251649517027964,0.004247745356702318,embedding_pca
esmc_PC2310,-0.003930648977114469,0.014252738132396968,0.003930648977114469,embedding_pca
esmc_PC2311,-0.0019434043260199596,0.010143365216209246,0.0019434043260199596,embedding_pca
esmc_PC2312,0.0016537444299287983,0.019017625468654018,0.0016537444299287983,embedding_pca
esmc_PC2313,0.0009372741687104782,0.008238955885741578,0.0009372741687104782,embedding_pca
esmc_PC2314,0.009284222287460678,0.009132888031299264,0.009284222287460678,embedding_pca
esmc_PC2315,-0.014314437699940535,0.010306819699212147,0.014314437699940535,embedding_pca
esmc_PC2316,0.0026411432911251573,0.016105643851769838,0.0026411432911251573,embedding_pca
esmc_PC2317,-0.01294813281726787,0.006657134264231171,0.01294813281726787,embedding_pca
esmc_PC2318,-0.006129927279950413,0.013027808514851726,0.006129927279950413,embedding_pca
esmc_PC2319,-0.009270873556741357,0.006670218320898314,0.009270873556741357,embedding_pca
esmc_PC2320,-0.011083640740105202,0.022709863870246823,0.011083640740105202,embedding_pca
esmc_PC2321,0.0048735072516074025,0.019093068370288964,0.0048735072516074025,embedding_pca
esmc_PC2322,-0.008094358346921895,0.013981525546381803,0.008094358346921895,embedding_pca
esmc_PC2323,-0.004572874635795143,0.009133492270820361,0.004572874635795143,embedding_pca
esmc_PC2324,-0.0007708564688838279,0.025776603253068162,0.0007708564688838279,embedding_pca
esmc_PC2325,0.008765190206370638,0.009839542973640873,0.008765190206370638,embedding_pca
esmc_PC2326,0.0065624838124369745,0.005438670079735658,0.0065624838124369745,embedding_pca
esmc_PC2327,-0.0005348489595884909,0.008970864585338488,0.0005348489595884909,embedding_pca
esmc_PC2328,0.010468283986826405,0.004815485431186252,0.010468283986826405,embedding_pca
esmc_PC2329,0.000886157454561442,0.015542347480512598,0.000886157454561442,embedding_pca
esmc_PC2330,-0.013365957673906817,0.010815556157833823,0.013365957673906817,embedding_pca
esmc_PC2331,-0.004362166695465261,0.005565199503821801,0.004362166695465261,embedding_pca
esmc_PC2332,-0.004760263583642391,0.016978602180270856,0.004760263583642391,embedding_pca
esmc_PC2333,0.017288640563986934,0.010457212085685513,0.017288640563986934,embedding_pca
esmc_PC2334,0.031042829950449276,0.014583889771461495,0.031042829950449276,embedding_pca
esmc_PC2335,-0.0015215971070341838,0.011990463040769216,0.0015215971070341838,embedding_pca
esmc_PC2336,-0.012427583833419364,0.008550186154728223,0.012427583833419364,embedding_pca
esmc_PC2337,0.012699323274797563,0.0170118932820067,0.012699323274797563,embedding_pca
esmc_PC2338,-0.010578284113560878,0.02628724415478486,0.010578284113560878,embedding_pca
esmc_PC2339,-0.009661530396448348,0.010970386667509007,0.009661530396448348,embedding_pca
esmc_PC2340,-0.0053492330492045355,0.011884415181506836,0.0053492330492045355,embedding_pca
esmc_PC2341,0.005403728458973649,0.01435788814872056,0.005403728458973649,embedding_pca
esmc_PC2342,0.00010634972430132086,0.019059512348476866,0.00010634972430132086,embedding_pca
esmc_PC2343,0.007292156890954941,0.007936460498064573,0.007292156890954941,embedding_pca
esmc_PC2344,0.005147034129065976,0.015184693591817339,0.005147034129065976,embedding_pca
esmc_PC2345,0.008392005060322536,0.02237763958525381,0.008392005060322536,embedding_pca
esmc_PC2346,0.00498976422212689,0.01833796642303206,0.00498976422212689,embedding_pca
esmc_PC2347,0.005539642510015743,0.023445966675625374,0.005539642510015743,embedding_pca
esmc_PC2348,0.008150373526542232,0.015901567543040014,0.008150373526542232,embedding_pca
esmc_PC2349,0.001313423849603102,0.010057848120629483,0.001313423849603102,embedding_pca
esmc_PC2350,-0.009030269180865478,0.017466788976863854,0.009030269180865478,embedding_pca
esmc_PC2351,-0.01023667975840961,0.008219152365626498,0.01023667975840961,embedding_pca
esmc_PC2352,-0.016816594586883123,0.01248181619063346,0.016816594586883123,embedding_pca
esmc_PC2353,-0.00490612302373557,0.014709145396371493,0.00490612302373557,embedding_pca
esmc_PC2354,0.0009925324958485803,0.012415428988234957,0.0009925324958485803,embedding_pca
esmc_PC2355,-0.015275129495408806,0.01715274421874288,0.015275129495408806,embedding_pca
esmc_PC2356,0.023434649470144283,0.004716653622183664,0.023434649470144283,embedding_pca
esmc_PC2357,0.008717873880155737,0.017915495874659293,0.008717873880155737,embedding_pca
esmc_PC2358,0.0198606636217248,0.014054794480096134,0.0198606636217248,embedding_pca
esmc_PC2359,0.0137126977174819,0.016348726710225185,0.0137126977174819,embedding_pca
esmc_PC2360,-0.010363071132027467,0.0239237067836207,0.010363071132027467,embedding_pca
esmc_PC2361,0.0026880354525010077,0.014367653408854573,0.0026880354525010077,embedding_pca
esmc_PC2362,0.004074646018449005,0.01755253173320602,0.004074646018449005,embedding_pca
esmc_PC2363,0.01296362413049972,0.0118895325575081,0.01296362413049972,embedding_pca
esmc_PC2364,-0.0014753656758394332,0.008555811713543363,0.0014753656758394332,embedding_pca
esmc_PC2365,-0.01457342746739868,0.014688021520925139,0.01457342746739868,embedding_pca
esmc_PC2366,0.003493120052817103,0.019475035480252933,0.003493120052817103,embedding_pca
esmc_PC2367,0.02305594927375413,0.023149443762945417,0.02305594927375413,embedding_pca
esmc_PC2368,0.0006974405626818975,0.016046475861354836,0.0006974405626818975,embedding_pca
esmc_PC2369,0.004164205666253683,0.01698434178940349,0.004164205666253683,embedding_pca
esmc_PC2370,0.007402475761534242,0.009745828718583793,0.007402475761534242,embedding_pca
esmc_PC2371,0.00858375565571497,0.02456464668488609,0.00858375565571497,embedding_pca
esmc_PC2372,-0.0004631196730181756,0.009859583689257231,0.0004631196730181756,embedding_pca
esmc_PC2373,0.010852214571873417,0.008307281424420712,0.010852214571873417,embedding_pca
esmc_PC2374,-0.0034681300044318284,0.014146829124988363,0.0034681300044318284,embedding_pca
esmc_PC2375,-0.012556211623050238,0.010111965664915675,0.012556211623050238,embedding_pca
esmc_PC2376,0.00918439587628691,0.014200642914820621,0.00918439587628691,embedding_pca
esmc_PC2377,0.0006149827558704329,0.0071620111879418915,0.0006149827558704329,embedding_pca
esmc_PC2378,-0.006634020154495497,0.02706605503236538,0.006634020154495497,embedding_pca
esmc_PC2379,0.0033716922190310666,0.01130167312415979,0.0033716922190310666,embedding_pca
esmc_PC2380,-0.0021505594327694867,0.017390400871650193,0.0021505594327694867,embedding_pca
esmc_PC2381,-0.007037829875510315,0.01307182743048781,0.007037829875510315,embedding_pca
esmc_PC2382,0.005067509536689945,0.019771035760724167,0.005067509536689945,embedding_pca
esmc_PC2383,0.0005528669732156419,0.010232445575408871,0.0005528669732156419,embedding_pca
esmc_PC2384,0.003059621701432551,0.02147113885358405,0.003059621701432551,embedding_pca
esmc_PC2385,0.023666080341872515,0.015733410143149634,0.023666080341872515,embedding_pca
esmc_PC2386,0.006111003261952546,0.020397455409525537,0.006111003261952546,embedding_pca
esmc_PC2387,0.010153771401231002,0.023736802724110887,0.010153771401231002,embedding_pca
esmc_PC2388,-0.00019454808885518426,0.011661035498121223,0.00019454808885518426,embedding_pca
esmc_PC2389,0.008582280391000573,0.006817322926967201,0.008582280391000573,embedding_pca
esmc_PC2390,0.00343375468330141,0.014780590567922676,0.00343375468330141,embedding_pca
esmc_PC2391,0.00778763125192965,0.01264589347437194,0.00778763125192965,embedding_pca
esmc_PC2392,0.0009066699716957241,0.0056862829937441095,0.0009066699716957241,embedding_pca
esmc_PC2393,-0.007527125078946792,0.021140083976844255,0.007527125078946792,embedding_pca
esmc_PC2394,-0.004746870699011385,0.014807317037539751,0.004746870699011385,embedding_pca
esmc_PC2395,0.003364621324785584,0.018795861467906926,0.003364621324785584,embedding_pca
esmc_PC2396,-0.020034385385750978,0.009478775280938486,0.020034385385750978,embedding_pca
esmc_PC2397,0.0038181490322981597,0.005451681526828024,0.0038181490322981597,embedding_pca
esmc_PC2398,-0.012006195295615118,0.014236233296356496,0.012006195295615118,embedding_pca
esmc_PC2399,0.006190429606880949,0.008758127310511113,0.006190429606880949,embedding_pca
esmc_PC2400,-0.00595643039081804,0.023385692472936516,0.00595643039081804,embedding_pca
esmc_PC2401,0.0012867095043619715,0.020230033169591145,0.0012867095043619715,embedding_pca
esmc_PC2402,0.002632287548509936,0.010766989857549704,0.002632287548509936,embedding_pca
esmc_PC2403,-0.007698069942939437,0.01601147714399454,0.007698069942939437,embedding_pca
esmc_PC2404,-0.003603715301075062,0.0058881819285983026,0.003603715301075062,embedding_pca
esmc_PC2405,0.006477089413044609,0.015344743243574887,0.006477089413044609,embedding_pca
esmc_PC2406,-0.009683869936590317,0.02498591284188135,0.009683869936590317,embedding_pca
esmc_PC2407,-0.00619936040171841,0.01322065425511865,0.00619936040171841,embedding_pca
esmc_PC2408,-0.007256748197021238,0.02108260343122775,0.007256748197021238,embedding_pca
esmc_PC2409,0.007472482843923471,0.02135796230058469,0.007472482843923471,embedding_pca
esmc_PC2410,-0.004142264258093947,0.032658127649608557,0.004142264258093947,embedding_pca
esmc_PC2411,0.0060908692339652825,0.02598410543816055,0.0060908692339652825,embedding_pca
esmc_PC2412,0.011858112486711835,0.02258159674057671,0.011858112486711835,embedding_pca
esmc_PC2413,0.014156940991892237,0.011470715367427976,0.014156940991892237,embedding_pca
esmc_PC2414,-0.00651282750366027,0.01564591849170484,0.00651282750366027,embedding_pca
esmc_PC2415,0.008123662609083945,0.008275462011143535,0.008123662609083945,embedding_pca
esmc_PC2416,0.011335432421304076,0.014549261372002704,0.011335432421304076,embedding_pca
esmc_PC2417,-0.0017312052026862818,0.015107911394025633,0.0017312052026862818,embedding_pca
esmc_PC2418,-0.012094383094892315,0.022034732030814238,0.012094383094892315,embedding_pca
esmc_PC2419,-0.01688641937815822,0.011880041691131396,0.01688641937815822,embedding_pca
esmc_PC2420,-0.010670210926814219,0.0063080951427304,0.010670210926814219,embedding_pca
esmc_PC2421,-0.005808893925755878,0.015013347533145264,0.005808893925755878,embedding_pca
esmc_PC2422,-0.005669186525663729,0.01737784249383081,0.005669186525663729,embedding_pca
esmc_PC2423,0.00938710506851366,0.01114071088693186,0.00938710506851366,embedding_pca
esmc_PC2424,-0.006818889036643872,0.015584137606088172,0.006818889036643872,embedding_pca
esmc_PC2425,0.00013153219980688858,0.011170578026424531,0.00013153219980688858,embedding_pca
esmc_PC2426,-0.00670109546630257,0.010738731990454725,0.00670109546630257,embedding_pca
esmc_PC2427,0.003855600612340236,0.013577303417834535,0.003855600612340236,embedding_pca
esmc_PC2428,-0.000745291436288336,0.019086340539528263,0.000745291436288336,embedding_pca
esmc_PC2429,-0.004629938323606291,0.009870075226097444,0.004629938323606291,embedding_pca
esmc_PC2430,0.00039258063390897773,0.011326599698505697,0.00039258063390897773,embedding_pca
esmc_PC2431,-0.006223506311853123,0.018301831753962508,0.006223506311853123,embedding_pca
esmc_PC2432,0.011271852871640444,0.011954147070203326,0.011271852871640444,embedding_pca
esmc_PC2433,0.0015028731535452308,0.011970660472766218,0.0015028731535452308,embedding_pca
esmc_PC2434,0.007539831590303872,0.028655142363009162,0.007539831590303872,embedding_pca
esmc_PC2435,0.008120900981553023,0.005278140518213762,0.008120900981553023,embedding_pca
esmc_PC2436,-0.005948189765631752,0.005847240781174824,0.005948189765631752,embedding_pca
esmc_PC2437,-0.011780243312039468,0.02358098919249272,0.011780243312039468,embedding_pca
esmc_PC2438,-0.011630897746198895,0.015511402004852945,0.011630897746198895,embedding_pca
esmc_PC2439,0.005644056284760779,0.009733927480635307,0.005644056284760779,embedding_pca
esmc_PC2440,0.00945313502564966,0.028378577626532217,0.00945313502564966,embedding_pca
esmc_PC2441,0.004127084866227595,0.020704021550142414,0.004127084866227595,embedding_pca
esmc_PC2442,-0.001512755736403057,0.023901933604234406,0.001512755736403057,embedding_pca
esmc_PC2443,-0.007652846748735885,0.013927285959264804,0.007652846748735885,embedding_pca
esmc_PC2444,-0.003088580909390918,0.010929745464081044,0.003088580909390918,embedding_pca
esmc_PC2445,-0.0020649643682777094,0.01710450762242803,0.0020649643682777094,embedding_pca
esmc_PC2446,0.0036217571773145122,0.02215567463386972,0.0036217571773145122,embedding_pca
esmc_PC2447,-0.008574162087445852,0.0062128766463064,0.008574162087445852,embedding_pca
esmc_PC2448,0.004757440164615065,0.01563530946257838,0.004757440164615065,embedding_pca
esmc_PC2449,0.006913721889159693,0.017636903412006518,0.006913721889159693,embedding_pca
esmc_PC2450,-0.0010993736009208357,0.00802385286751022,0.0010993736009208357,embedding_pca
esmc_PC2451,0.005174041109284747,0.020805308004099642,0.005174041109284747,embedding_pca
esmc_PC2452,0.0038347321272299865,0.026295077080321454,0.0038347321272299865,embedding_pca
esmc_PC2453,0.008670811167361684,0.013952286799835826,0.008670811167361684,embedding_pca
esmc_PC2454,0.006151578826758731,0.01301546478949039,0.006151578826758731,embedding_pca
esmc_PC2455,0.001729119802511711,0.0070250102833276235,0.001729119802511711,embedding_pca
esmc_PC2456,0.01191047152468983,0.018728971962778822,0.01191047152468983,embedding_pca
esmc_PC2457,0.005884333665494141,0.010403041919834355,0.005884333665494141,embedding_pca
esmc_PC2458,0.002165237381684949,0.015288192665088381,0.002165237381684949,embedding_pca
esmc_PC2459,-0.004566532712494268,0.0191263772464642,0.004566532712494268,embedding_pca
esmc_PC2460,-0.003093852465637035,0.011305155023133041,0.003093852465637035,embedding_pca
esmc_PC2461,-0.004254230696368395,0.021370798479531036,0.004254230696368395,embedding_pca
esmc_PC2462,-0.013027109652442373,0.01600480354130823,0.013027109652442373,embedding_pca
esmc_PC2463,-0.00974444181623893,0.014732019500373401,0.00974444181623893,embedding_pca
esmc_PC2464,-0.007617834347516217,0.013823220124737415,0.007617834347516217,embedding_pca
esmc_PC2465,0.006605036605733983,0.015232770151511036,0.006605036605733983,embedding_pca
esmc_PC2466,-0.002305458105379967,0.013733034635038882,0.002305458105379967,embedding_pca
esmc_PC2467,-0.0019349157069218884,0.021082878317129527,0.0019349157069218884,embedding_pca
esmc_PC2468,-0.001024898665162735,0.005004606580403991,0.001024898665162735,embedding_pca
esmc_PC2469,-0.007949277954857396,0.024856516207797958,0.007949277954857396,embedding_pca
esmc_PC2470,0.00422618213043833,0.007033518024380723,0.00422618213043833,embedding_pca
esmc_PC2471,0.015306955624434465,0.014926687407768095,0.015306955624434465,embedding_pca
esmc_PC2472,-0.00013636751374937126,0.022962567130277327,0.00013636751374937126,embedding_pca
esmc_PC2473,-0.0041998377867406645,0.01109197365611653,0.0041998377867406645,embedding_pca
esmc_PC2474,0.007010465949522242,0.016081138906163583,0.007010465949522242,embedding_pca
esmc_PC2475,0.00895899227094599,0.025888306449907576,0.00895899227094599,embedding_pca
esmc_PC2476,-0.004654624583015679,0.014226203970226779,0.004654624583015679,embedding_pca
esmc_PC2477,-0.015153996459963348,0.01448647984050811,0.015153996459963348,embedding_pca
esmc_PC2478,-0.009140820959005959,0.02168414853635295,0.009140820959005959,embedding_pca
esmc_PC2479,-0.0023225742416555636,0.010107909060370193,0.0023225742416555636,embedding_pca
esmc_PC2480,-0.0022898824760502596,0.005890594235904009,0.0022898824760502596,embedding_pca
esmc_PC2481,0.0021670392913110937,0.022336989562817672,0.0021670392913110937,embedding_pca
esmc_PC2482,0.006450591910855652,0.01652582098387208,0.006450591910855652,embedding_pca
esmc_PC2483,-0.01394112093019546,0.01998044238645403,0.01394112093019546,embedding_pca
esmc_PC2484,0.008600862004599263,0.020431851386544683,0.008600862004599263,embedding_pca
esmc_PC2485,0.004809628078743569,0.01794950520820441,0.004809628078743569,embedding_pca
esmc_PC2486,0.007802758273479679,0.010279128249768397,0.007802758273479679,embedding_pca
esmc_PC2487,-0.01587057514864406,0.015500596209366295,0.01587057514864406,embedding_pca
esmc_PC2488,0.0017355600265840676,0.02360961941266434,0.0017355600265840676,embedding_pca
esmc_PC2489,0.009572641811370778,0.01835032588080837,0.009572641811370778,embedding_pca
esmc_PC2490,-0.0029092763501015685,0.012712301631953577,0.0029092763501015685,embedding_pca
esmc_PC2491,-0.0071967981247695574,0.018774304918382383,0.0071967981247695574,embedding_pca
esmc_PC2492,0.0014792435332220773,0.011327781398104543,0.0014792435332220773,embedding_pca
esmc_PC2493,-0.005680747074160141,0.007593168832956024,0.005680747074160141,embedding_pca
esmc_PC2494,0.008168230004136018,0.015910544599538612,0.008168230004136018,embedding_pca
esmc_PC2495,0.009941523055273002,0.01326274175469632,0.009941523055273002,embedding_pca
esmc_PC2496,-0.013080284307395901,0.012178108706824594,0.013080284307395901,embedding_pca
esmc_PC2497,0.002393060423340718,0.021449972790825274,0.002393060423340718,embedding_pca
esmc_PC2498,-0.009755611628102201,0.011740543480621056,0.009755611628102201,embedding_pca
esmc_PC2499,-0.0017907372658084453,0.016122582838883636,0.0017907372658084453,embedding_pca
esmc_PC2500,0.002047794842681241,0.007882215622055211,0.002047794842681241,embedding_pca
esmc_PC2501,0.0052613645688482265,0.01824559405596708,0.0052613645688482265,embedding_pca
esmc_PC2502,-0.00969338633103483,0.00919440560808068,0.00969338633103483,embedding_pca
esmc_PC2503,0.0024349337335663676,0.007410527700098998,0.0024349337335663676,embedding_pca
esmc_PC2504,0.006288545109941921,0.010127241901979127,0.006288545109941921,embedding_pca
esmc_PC2505,-0.012649543241749366,0.032499326029009803,0.012649543241749366,embedding_pca
esmc_PC2506,0.018914172202167987,0.02168930878796751,0.018914172202167987,embedding_pca
esmc_PC2507,0.002702512047043799,0.028369481431162805,0.002702512047043799,embedding_pca
esmc_PC2508,-0.006991368724167041,0.007837132541639659,0.006991368724167041,embedding_pca
esmc_PC2509,0.014006367283985499,0.01562938215922514,0.014006367283985499,embedding_pca
esmc_PC2510,-0.010784199338920166,0.016726470398417074,0.010784199338920166,embedding_pca
esmc_PC2511,-0.010224616905837924,0.01953463063445722,0.010224616905837924,embedding_pca
esmc_PC2512,0.0008419842387870254,0.016865183197038343,0.0008419842387870254,embedding_pca
esmc_PC2513,0.0015453440031819366,0.0248254784415932,0.0015453440031819366,embedding_pca
esmc_PC2514,-0.013977491138429146,0.018333528779270875,0.013977491138429146,embedding_pca
esmc_PC2515,0.005306800949547394,0.018188430814711467,0.005306800949547394,embedding_pca
esmc_PC2516,-0.007128419035098918,0.01001074977590326,0.007128419035098918,embedding_pca
esmc_PC2517,0.006981136083007378,0.012520493346134745,0.006981136083007378,embedding_pca
esmc_PC2518,0.009655730166048282,0.011550668532296419,0.009655730166048282,embedding_pca
esmc_PC2519,-0.011164295467757832,0.01544124292789118,0.011164295467757832,embedding_pca
esmc_PC2520,-0.0039702871956428494,0.017308408323133323,0.0039702871956428494,embedding_pca
esmc_PC2521,0.0018987748795376493,0.017733527296217903,0.0018987748795376493,embedding_pca
esmc_PC2522,-0.0021491959048394018,0.013015565321766865,0.0021491959048394018,embedding_pca
esmc_PC2523,0.0050915412834544455,0.012761618706008115,0.0050915412834544455,embedding_pca
esmc_PC2524,-0.008903405092908217,0.01926456343386349,0.008903405092908217,embedding_pca
esmc_PC2525,-0.01308479590741945,0.017947910519925375,0.01308479590741945,embedding_pca
esmc_PC2526,0.005057429965254314,0.007457242484644685,0.005057429965254314,embedding_pca
esmc_PC2527,-0.007373758972274634,0.016719608920124085,0.007373758972274634,embedding_pca
esmc_PC2528,-0.001640995983233151,0.0099561177860113,0.001640995983233151,embedding_pca
esmc_PC2529,0.000983937972035403,0.018824093652816523,0.000983937972035403,embedding_pca
esmc_PC2530,0.011546652263315294,0.024431391926713057,0.011546652263315294,embedding_pca
esmc_PC2531,-0.0035959695661434026,0.008867407555524573,0.0035959695661434026,embedding_pca
esmc_PC2532,0.009171773779206038,0.0077865231093227705,0.009171773779206038,embedding_pca
esmc_PC2533,0.002621770795903209,0.01114296363353981,0.002621770795903209,embedding_pca
esmc_PC2534,-0.00881453873266684,0.017968403458870057,0.00881453873266684,embedding_pca
esmc_PC2535,-0.0015186806827289074,0.02233199060396665,0.0015186806827289074,embedding_pca
esmc_PC2536,0.006646335650596856,0.01963031851731453,0.006646335650596856,embedding_pca
esmc_PC2537,0.0044088752294472915,0.009535920725270671,0.0044088752294472915,embedding_pca
esmc_PC2538,0.011913781011185034,0.021273317873481346,0.011913781011185034,embedding_pca
esmc_PC2539,-0.018591663118546584,0.008811639925544687,0.018591663118546584,embedding_pca
esmc_PC2540,-0.009788024565002922,0.010424774513271099,0.009788024565002922,embedding_pca
esmc_PC2541,0.0035784767904524437,0.008327465635102857,0.0035784767904524437,embedding_pca
esmc_PC2542,-0.004069598721912793,0.022037082775418517,0.004069598721912793,embedding_pca
esmc_PC2543,-0.013809995353885815,0.014282043820267359,0.013809995353885815,embedding_pca
esmc_PC2544,-0.0017262085396658046,0.009377754070224707,0.0017262085396658046,embedding_pca
esmc_PC2545,0.008368788417427444,0.009560872625076797,0.008368788417427444,embedding_pca
esmc_PC2546,0.002570507605279163,0.011233395927942797,0.002570507605279163,embedding_pca
esmc_PC2547,-0.012617101396474203,0.015471482279696079,0.012617101396474203,embedding_pca
esmc_PC2548,-0.005043788348661703,0.01605301507089949,0.005043788348661703,embedding_pca
esmc_PC2549,-0.008532262396265177,0.023970041567856877,0.008532262396265177,embedding_pca
esmc_PC2550,0.006942540404360399,0.010581233428653223,0.006942540404360399,embedding_pca
esmc_PC2551,-0.0024566856145756904,0.01864993368565036,0.0024566856145756904,embedding_pca
esmc_PC2552,-0.004639289834623842,0.018096940017261937,0.004639289834623842,embedding_pca
esmc_PC2553,0.003121896263810245,0.01232051501410215,0.003121896263810245,embedding_pca
esmc_PC2554,-0.013818977774122766,0.016048419386352254,0.013818977774122766,embedding_pca
esmc_PC2555,-0.002874871264502101,0.018016100718565946,0.002874871264502101,embedding_pca
esmc_PC2556,-0.009181877736701361,0.017823890391546703,0.009181877736701361,embedding_pca
esmc_PC2557,0.0004706919544212717,0.015377119253404462,0.0004706919544212717,embedding_pca
esmc_PC2558,0.0037690845172979673,0.018765820617284303,0.0037690845172979673,embedding_pca
esmc_PC2559,0.0069809133987467405,0.019604287489634647,0.0069809133987467405,embedding_pca
esmc_PC2560,0.002739823682251568,0.017324088281695287,0.002739823682251568,embedding_pca
esmc_PC2561,-0.002960907699034944,0.026725982435360843,0.002960907699034944,embedding_pca
esmc_PC2562,-0.0037805663637417455,0.01652586180708879,0.0037805663637417455,embedding_pca
esmc_PC2563,0.010458415779679124,0.009790222897692203,0.010458415779679124,embedding_pca
esmc_PC2564,-0.006554084147641337,0.009456598498724024,0.006554084147641337,embedding_pca
esmc_PC2565,-0.0030530250427615382,0.020204074585345348,0.0030530250427615382,embedding_pca
esmc_PC2566,0.0022747933578948377,0.014638200130544345,0.0022747933578948377,embedding_pca
esmc_PC2567,0.009427268886939667,0.015082424759242386,0.009427268886939667,embedding_pca
esmc_PC2568,0.0023426853513069403,0.015026834333761657,0.0023426853513069403,embedding_pca
esmc_PC2569,-0.0006630018679463564,0.011452803715792914,0.0006630018679463564,embedding_pca
esmc_PC2570,0.007171548314075185,0.013332213263614801,0.007171548314075185,embedding_pca
esmc_PC2571,-0.01217242810081026,0.024683100591972162,0.01217242810081026,embedding_pca
esmc_PC2572,0.009136720400524734,0.016087475429647793,0.009136720400524734,embedding_pca
esmc_PC2573,0.0002869124996599172,0.012128331993193906,0.0002869124996599172,embedding_pca
esmc_PC2574,0.003123053760984667,0.026521479935692278,0.003123053760984667,embedding_pca
esmc_PC2575,-0.004521592148125924,0.014430506035264381,0.004521592148125924,embedding_pca
esmc_PC2576,0.004721243858409151,0.02476680399951985,0.004721243858409151,embedding_pca
esmc_PC2577,0.006557428363767294,0.011505890993830935,0.006557428363767294,embedding_pca
esmc_PC2578,0.008506279221068185,0.012485106769472173,0.008506279221068185,embedding_pca
esmc_PC2579,-0.00723946745392221,0.015062825811109237,0.00723946745392221,embedding_pca
esmc_PC2580,0.010333151203089103,0.013375346034168399,0.010333151203089103,embedding_pca
esmc_PC2581,0.014415679395025355,0.01926730227343005,0.014415679395025355,embedding_pca
esmc_PC2582,0.004823668952652313,0.0137529074242408,0.004823668952652313,embedding_pca
esmc_PC2583,-0.0022366818814883874,0.013318178686418564,0.0022366818814883874,embedding_pca
esmc_PC2584,0.004508966691967839,0.008951502403001224,0.004508966691967839,embedding_pca
esmc_PC2585,-0.008648883261798449,0.014960554488268793,0.008648883261798449,embedding_pca
esmc_PC2586,-0.007451833130898508,0.020606443618575186,0.007451833130898508,embedding_pca
esmc_PC2587,0.0032278765096850947,0.014616938386411909,0.0032278765096850947,embedding_pca
esmc_PC2588,0.010201943481761181,0.020329703959090506,0.010201943481761181,embedding_pca
esmc_PC2589,-0.008381427525885188,0.015123768925216037,0.008381427525885188,embedding_pca
esmc_PC2590,0.0010313955193038005,0.019998470573905823,0.0010313955193038005,embedding_pca
esmc_PC2591,0.0019151894680763891,0.023609201529835276,0.0019151894680763891,embedding_pca
esmc_PC2592,-0.018533146348423478,0.015118809599023866,0.018533146348423478,embedding_pca
esmc_PC2593,0.020060489637908237,0.024759158098971674,0.020060489637908237,embedding_pca
esmc_PC2594,-0.006645679560292819,0.01667467045826669,0.006645679560292819,embedding_pca
esmc_PC2595,-0.003160490752077054,0.005562016834012357,0.003160490752077054,embedding_pca
esmc_PC2596,-0.002177814312269739,0.017286731400869382,0.002177814312269739,embedding_pca
esmc_PC2597,0.006124843124120689,0.0189722391150017,0.006124843124120689,embedding_pca
esmc_PC2598,0.005476055750643992,0.02139906616235056,0.005476055750643992,embedding_pca
esmc_PC2599,0.0017010136173532212,0.014228898126621361,0.0017010136173532212,embedding_pca
esmc_PC2600,0.0014376074479346434,0.013811644858275128,0.0014376074479346434,embedding_pca
esmc_PC2601,-0.0033371903647418854,0.030286169262122516,0.0033371903647418854,embedding_pca
esmc_PC2602,-0.004583836457341124,0.021812595249089742,0.004583836457341124,embedding_pca
esmc_PC2603,0.001582289315050292,0.012843323325639377,0.001582289315050292,embedding_pca
esmc_PC2604,0.011067779825318907,0.017053732976126723,0.011067779825318907,embedding_pca
esmc_PC2605,-0.005663531675569748,0.008019609449963352,0.005663531675569748,embedding_pca
esmc_PC2606,-0.0014621219219346996,0.015414082462833874,0.0014621219219346996,embedding_pca
esmc_PC2607,-0.004189567279787142,0.021619306104588034,0.004189567279787142,embedding_pca
esmc_PC2608,0.001883930115314278,0.025166749271912238,0.001883930115314278,embedding_pca
esmc_PC2609,0.007623771895938386,0.01757405322382558,0.007623771895938386,embedding_pca
esmc_PC2610,-0.00628364233116333,0.017389224740776935,0.00628364233116333,embedding_pca
esmc_PC2611,0.015230607127425152,0.0034183802736474306,0.015230607127425152,embedding_pca
esmc_PC2612,0.00793120436468547,0.005524718417862853,0.00793120436468547,embedding_pca
esmc_PC2613,-0.002699218489274675,0.01634425045303403,0.002699218489274675,embedding_pca
esmc_PC2614,0.00826107287268119,0.012487170006231051,0.00826107287268119,embedding_pca
esmc_PC2615,-0.008343113137688624,0.02170835499326999,0.008343113137688624,embedding_pca
esmc_PC2616,-0.005527832921806389,0.015523289029624765,0.005527832921806389,embedding_pca
esmc_PC2617,0.014736143607657261,0.01245302341072178,0.014736143607657261,embedding_pca
esmc_PC2618,-0.006260799027983053,0.016407000984339382,0.006260799027983053,embedding_pca
esmc_PC2619,0.0012664030168536798,0.013909145708086353,0.0012664030168536798,embedding_pca
esmc_PC2620,-0.0007222219116391279,0.013143082320861948,0.0007222219116391279,embedding_pca
esmc_PC2621,0.005057116040087696,0.01556296351908633,0.005057116040087696,embedding_pca
esmc_PC2622,0.0076554184258436995,0.01301581763016229,0.0076554184258436995,embedding_pca
esmc_PC2623,0.0006981557852361556,0.006511728360825633,0.0006981557852361556,embedding_pca
esmc_PC2624,-0.0026224351542578845,0.0208976309345992,0.0026224351542578845,embedding_pca
esmc_PC2625,0.0235522264481042,0.012018990824135281,0.0235522264481042,embedding_pca
esmc_PC2626,-0.010080330551261884,0.009389920573116585,0.010080330551261884,embedding_pca
esmc_PC2627,-0.0082470690856833,0.011961458437806797,0.0082470690856833,embedding_pca
esmc_PC2628,0.010264063851554645,0.02709790846883224,0.010264063851554645,embedding_pca
esmc_PC2629,0.006771151262587205,0.02287827973881505,0.006771151262587205,embedding_pca
esmc_PC2630,-0.000846145488777811,0.012985614445420585,0.000846145488777811,embedding_pca
esmc_PC2631,0.0029666289268129586,0.023257045085725007,0.0029666289268129586,embedding_pca
esmc_PC2632,-0.006293164334199286,0.024971359892711553,0.006293164334199286,embedding_pca
esmc_PC2633,0.021593800582808916,0.017310168159997936,0.021593800582808916,embedding_pca
esmc_PC2634,-0.0062783380881551885,0.012454614718687843,0.0062783380881551885,embedding_pca
esmc_PC2635,0.002510112863651254,0.02933548507659833,0.002510112863651254,embedding_pca
esmc_PC2636,-0.01284021793739347,0.01305212540946036,0.01284021793739347,embedding_pca
esmc_PC2637,-0.005747467967634934,0.015580812776961588,0.005747467967634934,embedding_pca
esmc_PC2638,-0.006967027338853004,0.020010042385774755,0.006967027338853004,embedding_pca
esmc_PC2639,0.01398686356025316,0.013347677425536284,0.01398686356025316,embedding_pca
esmc_PC2640,0.021699757472748233,0.02025573968066919,0.021699757472748233,embedding_pca
esmc_PC2641,0.0029834455245409033,0.009644760417243884,0.0029834455245409033,embedding_pca
esmc_PC2642,-0.006982819742653398,0.023365892234138184,0.006982819742653398,embedding_pca
esmc_PC2643,0.01179082239225181,0.017850436967993297,0.01179082239225181,embedding_pca
esmc_PC2644,-0.0015748634994644593,0.01104575302191384,0.0015748634994644593,embedding_pca
esmc_PC2645,-0.012689006567952518,0.009469709749100668,0.012689006567952518,embedding_pca
esmc_PC2646,0.0008311229492750941,0.010651714831192042,0.0008311229492750941,embedding_pca
esmc_PC2647,0.013113919766315605,0.010037303634453248,0.013113919766315605,embedding_pca
esmc_PC2648,0.006481111643000162,0.009627847589935797,0.006481111643000162,embedding_pca
esmc_PC2649,0.00046124145372208674,0.020938814152965345,0.00046124145372208674,embedding_pca
esmc_PC2650,0.0044406695513200655,0.004829825922566844,0.0044406695513200655,embedding_pca
esmc_PC2651,0.0004349484633126677,0.018559195856359924,0.0004349484633126677,embedding_pca
esmc_PC2652,0.0031506443338803042,0.006023451143792076,0.0031506443338803042,embedding_pca
esmc_PC2653,-0.002025549717499954,0.0246020550490362,0.002025549717499954,embedding_pca
esmc_PC2654,0.005248971071313091,0.015182704130568055,0.005248971071313091,embedding_pca
esmc_PC2655,-0.006434573162749063,0.014204733702219575,0.006434573162749063,embedding_pca
esmc_PC2656,-0.010321502198313284,0.016430183756411157,0.010321502198313284,embedding_pca
esmc_PC2657,0.003912902656601607,0.017126598086200085,0.003912902656601607,embedding_pca
esmc_PC2658,0.007047362276285265,0.011367217214862259,0.007047362276285265,embedding_pca
esmc_PC2659,-0.0015895075784390206,0.019554680209598857,0.0015895075784390206,embedding_pca
esmc_PC2660,0.0062956391779966205,0.01644663510375823,0.0062956391779966205,embedding_pca
esmc_PC2661,-0.0005027240289395961,0.018005316341433406,0.0005027240289395961,embedding_pca
esmc_PC2662,0.0063014492674095465,0.021219520243918794,0.0063014492674095465,embedding_pca
esmc_PC2663,-0.015465852653322749,0.01967624159729739,0.015465852653322749,embedding_pca
esmc_PC2664,-0.0053771954916686845,0.019747678906105525,0.0053771954916686845,embedding_pca
esmc_PC2665,-0.007172521521382374,0.006856461239620917,0.007172521521382374,embedding_pca
esmc_PC2666,-0.0008294041860967388,0.021938975777742998,0.0008294041860967388,embedding_pca
esmc_PC2667,-0.0077885490391497725,0.018826260671081375,0.0077885490391497725,embedding_pca
esmc_PC2668,-0.0007276014424830522,0.013225748157212709,0.0007276014424830522,embedding_pca
esmc_PC2669,-0.0006040889123192549,0.01825736538462754,0.0006040889123192549,embedding_pca
esmc_PC2670,0.009325108386556485,0.020092329368748215,0.009325108386556485,embedding_pca
esmc_PC2671,0.001856716673365806,0.0191998780391624,0.001856716673365806,embedding_pca
esmc_PC2672,0.009723783018328389,0.016116188423217225,0.009723783018328389,embedding_pca
esmc_PC2673,0.004673816542166403,0.014688369069725095,0.004673816542166403,embedding_pca
esmc_PC2674,0.013706906661117374,0.01567336499856253,0.013706906661117374,embedding_pca
esmc_PC2675,-0.0018355498813846173,0.02186827823595673,0.0018355498813846173,embedding_pca
esmc_PC2676,0.005708730651367545,0.011198522027943162,0.005708730651367545,embedding_pca
esmc_PC2677,0.014042687638166565,0.010629472168896453,0.014042687638166565,embedding_pca
esmc_PC2678,-0.015857157630980757,0.011692136014165183,0.015857157630980757,embedding_pca
esmc_PC2679,0.007047412925368593,0.014064351776407743,0.007047412925368593,embedding_pca
esmc_PC2680,-0.005825199046957738,0.025363115067816785,0.005825199046957738,embedding_pca
esmc_PC2681,-0.006975056838262654,0.02152904566652089,0.006975056838262654,embedding_pca
esmc_PC2682,0.002201785176923741,0.02309679611010764,0.002201785176923741,embedding_pca
esmc_PC2683,-0.006802367144683107,0.020352478900740267,0.006802367144683107,embedding_pca
esmc_PC2684,0.011575692768441361,0.021112515851462548,0.011575692768441361,embedding_pca
esmc_PC2685,-0.001815175104242462,0.015400994326967793,0.001815175104242462,embedding_pca
esmc_PC2686,-0.004461124800631467,0.02323198764779602,0.004461124800631467,embedding_pca
esmc_PC2687,-0.009997161022791167,0.012584510743432049,0.009997161022791167,embedding_pca
esmc_PC2688,-0.004964701183830991,0.013578441074650296,0.004964701183830991,embedding_pca
esmc_PC2689,0.0093921288881221,0.017902743704014172,0.0093921288881221,embedding_pca
esmc_PC2690,0.017676474493963572,0.016405772228953674,0.017676474493963572,embedding_pca
esmc_PC2691,-0.002246299486265605,0.010513909908461523,0.002246299486265605,embedding_pca
esmc_PC2692,0.002779320527898718,0.01346455518231351,0.002779320527898718,embedding_pca
esmc_PC2693,-0.0027511337009669934,0.02062253392652773,0.0027511337009669934,embedding_pca
esmc_PC2694,0.005578499858589171,0.010528095914732928,0.005578499858589171,embedding_pca
esmc_PC2695,0.0004711742004504334,0.012953351148617006,0.0004711742004504334,embedding_pca
esmc_PC2696,-0.011038477462172699,0.007076309752639353,0.011038477462172699,embedding_pca
esmc_PC2697,-0.013767737144204475,0.0114199086234586,0.013767737144204475,embedding_pca
esmc_PC2698,-0.007149312772658216,0.020907924102308916,0.007149312772658216,embedding_pca
esmc_PC2699,0.0077482543478032875,0.007223202593913238,0.0077482543478032875,embedding_pca
esmc_PC2700,-0.004515270962238223,0.023868833831072574,0.004515270962238223,embedding_pca
esmc_PC2701,-0.007146803316101955,0.008553640773595547,0.007146803316101955,embedding_pca
esmc_PC2702,-0.006626411947229271,0.012062363716855096,0.006626411947229271,embedding_pca
esmc_PC2703,-0.003982796182623726,0.006443309254076038,0.003982796182623726,embedding_pca
esmc_PC2704,0.0009183249855545469,0.006644645947419655,0.0009183249855545469,embedding_pca
esmc_PC2705,0.002224113617132774,0.0117394874161892,0.002224113617132774,embedding_pca
esmc_PC2706,0.00741456430240163,0.010771299925942215,0.00741456430240163,embedding_pca
esmc_PC2707,0.011372821644453662,0.019205670778668835,0.011372821644453662,embedding_pca
esmc_PC2708,0.005885158896527429,0.01220614126006327,0.005885158896527429,embedding_pca
esmc_PC2709,0.0023633840732888434,0.024173272372556873,0.0023633840732888434,embedding_pca
esmc_PC2710,0.01218158269323312,0.00962982488193793,0.01218158269323312,embedding_pca
esmc_PC2711,0.013956716751781109,0.006810925241284179,0.013956716751781109,embedding_pca
esmc_PC2712,0.000749356802400896,0.011223083306360924,0.000749356802400896,embedding_pca
esmc_PC2713,0.01319855403405057,0.007050183227085964,0.01319855403405057,embedding_pca
esmc_PC2714,0.0028769170092635696,0.015711280026352654,0.0028769170092635696,embedding_pca
esmc_PC2715,0.00035513107795554443,0.007453024840169797,0.00035513107795554443,embedding_pca
esmc_PC2716,0.00853574228929128,0.011375680077694073,0.00853574228929128,embedding_pca
esmc_PC2717,0.012657023022161724,0.005077044046826769,0.012657023022161724,embedding_pca
esmc_PC2718,0.004497324788710552,0.01554839344371991,0.004497324788710552,embedding_pca
esmc_PC2719,0.012021876178112397,0.02012145259570594,0.012021876178112397,embedding_pca
esmc_PC2720,-0.008963923127813331,0.013654012083906113,0.008963923127813331,embedding_pca
esmc_PC2721,-0.014224419614550343,0.014001534604768686,0.014224419614550343,embedding_pca
esmc_PC2722,-0.002967022169386877,0.007251939571763934,0.002967022169386877,embedding_pca
esmc_PC2723,0.005646079755285176,0.020166345531499246,0.005646079755285176,embedding_pca
esmc_PC2724,0.007093657567020353,0.01241146265253741,0.007093657567020353,embedding_pca
esmc_PC2725,0.007515243341495977,0.016788972753872564,0.007515243341495977,embedding_pca
esmc_PC2726,0.0024901954312879235,0.01305327232257365,0.0024901954312879235,embedding_pca
esmc_PC2727,-0.002778123375309741,0.02039943316959979,0.002778123375309741,embedding_pca
esmc_PC2728,0.0009094371415078823,0.012651662801178494,0.0009094371415078823,embedding_pca
esmc_PC2729,0.006005419774007414,0.013519283381704193,0.006005419774007414,embedding_pca
esmc_PC2730,0.00593517357053161,0.011914069445967006,0.00593517357053161,embedding_pca
esmc_PC2731,-0.004265596519883898,0.00408516174668113,0.004265596519883898,embedding_pca
esmc_PC2732,0.010610313564607968,0.010586632607266343,0.010610313564607968,embedding_pca
esmc_PC2733,-0.014871026221891107,0.027542755477975817,0.014871026221891107,embedding_pca
esmc_PC2734,0.0021634602147772783,0.022036074840306247,0.0021634602147772783,embedding_pca
esmc_PC2735,0.007293830301194371,0.009302147290819221,0.007293830301194371,embedding_pca
esmc_PC2736,0.00013097464242721666,0.005259312088589568,0.00013097464242721666,embedding_pca
esmc_PC2737,-0.0006985813585756055,0.006621794028098461,0.0006985813585756055,embedding_pca
esmc_PC2738,0.0024478944402625234,0.03821538815452063,0.0024478944402625234,embedding_pca
esmc_PC2739,0.003256198723297632,0.012889044494396089,0.003256198723297632,embedding_pca
esmc_PC2740,0.01608544750605192,0.013716945329629608,0.01608544750605192,embedding_pca
esmc_PC2741,0.001399718847142514,0.016016827545367665,0.001399718847142514,embedding_pca
esmc_PC2742,0.002047469347143708,0.022890708909068764,0.002047469347143708,embedding_pca
esmc_PC2743,0.004785734165042832,0.01752873794101726,0.004785734165042832,embedding_pca
esmc_PC2744,-0.002003181331859614,0.015894609653658902,0.002003181331859614,embedding_pca
esmc_PC2745,-0.0043452590228132346,0.005612399641623837,0.0043452590228132346,embedding_pca
esmc_PC2746,-0.004182476978127806,0.017005974211658847,0.004182476978127806,embedding_pca
esmc_PC2747,0.005141505279570768,0.02029646944143377,0.005141505279570768,embedding_pca
esmc_PC2748,0.00895962864625752,0.015319699477372306,0.00895962864625752,embedding_pca
esmc_PC2749,0.0040136719972793545,0.0029465370976451202,0.0040136719972793545,embedding_pca
esmc_PC2750,-0.006266658055860791,0.012803163108817472,0.006266658055860791,embedding_pca
esmc_PC2751,0.00977275812865307,0.01020035926794091,0.00977275812865307,embedding_pca
esmc_PC2752,0.004923373384166799,0.018664752521705477,0.004923373384166799,embedding_pca
esmc_PC2753,-0.0011488281874820843,0.022325814593026166,0.0011488281874820843,embedding_pca
esmc_PC2754,-0.005871305247228317,0.026905664032203864,0.005871305247228317,embedding_pca
esmc_PC2755,0.01719583737259404,0.008570195531608354,0.01719583737259404,embedding_pca
esmc_PC2756,-0.006621296875311158,0.02513003329152111,0.006621296875311158,embedding_pca
esmc_PC2757,0.0020212689282005578,0.015151300392801596,0.0020212689282005578,embedding_pca
esmc_PC2758,0.016733859622962678,0.01936689635739661,0.016733859622962678,embedding_pca
esmc_PC2759,-0.013970190219091249,0.014149995956305837,0.013970190219091249,embedding_pca
esmc_PC2760,-0.013854024026970096,0.015229023985688855,0.013854024026970096,embedding_pca
esmc_PC2761,0.0018079296386323922,0.019467135666100647,0.0018079296386323922,embedding_pca
esmc_PC2762,0.0017724737960109864,0.02022049615866769,0.0017724737960109864,embedding_pca
esmc_PC2763,0.002636191092994617,0.011363625041856751,0.002636191092994617,embedding_pca
esmc_PC2764,0.001619477070963763,0.026364523892210844,0.001619477070963763,embedding_pca
esmc_PC2765,0.0017457035767218724,0.013860309737465288,0.0017457035767218724,embedding_pca
esmc_PC2766,0.00242976939100115,0.015058414779645656,0.00242976939100115,embedding_pca
esmc_PC2767,-0.0047912722395374845,0.010139212363926732,0.0047912722395374845,embedding_pca
esmc_PC2768,-0.005899470939930204,0.007631385587748132,0.005899470939930204,embedding_pca
esmc_PC2769,0.0028219754962061313,0.021916779993539557,0.0028219754962061313,embedding_pca
esmc_PC2770,0.007011037206101971,0.01681373793447434,0.007011037206101971,embedding_pca
esmc_PC2771,-0.0016237251910384567,0.02467587043017206,0.0016237251910384567,embedding_pca
esmc_PC2772,0.007070207176688753,0.023889502507023326,0.007070207176688753,embedding_pca
esmc_PC2773,0.007553568735488345,0.014311525950647117,0.007553568735488345,embedding_pca
esmc_PC2774,0.004019637728447519,0.0161771976183657,0.004019637728447519,embedding_pca
esmc_PC2775,0.02210632942553471,0.02140393049396902,0.02210632942553471,embedding_pca
esmc_PC2776,0.0002928816024311224,0.01293848067260839,0.0002928816024311224,embedding_pca
esmc_PC2777,-0.0005291565574157067,0.009708069409325846,0.0005291565574157067,embedding_pca
esmc_PC2778,-0.0017397591325207587,0.007041273279832377,0.0017397591325207587,embedding_pca
esmc_PC2779,0.008634750845329015,0.01279306958409194,0.008634750845329015,embedding_pca
esmc_PC2780,0.016662556258799043,0.016961408097743873,0.016662556258799043,embedding_pca
esmc_PC2781,0.001485027547783662,0.01444109479159544,0.001485027547783662,embedding_pca
esmc_PC2782,0.005923445318341232,0.011371529890373627,0.005923445318341232,embedding_pca
esmc_PC2783,-0.005630183024635296,0.018438606250347,0.005630183024635296,embedding_pca
esmc_PC2784,0.0019961208328227397,0.017235752695076014,0.0019961208328227397,embedding_pca
esmc_PC2785,0.003476395231181833,0.026148341760522765,0.003476395231181833,embedding_pca
esmc_PC2786,0.006789901564249285,0.013254725846042863,0.006789901564249285,embedding_pca
esmc_PC2787,-0.0012382003232397202,0.023131440585564794,0.0012382003232397202,embedding_pca
esmc_PC2788,0.004449025998556172,0.008093180736356528,0.004449025998556172,embedding_pca
esmc_PC2789,0.0016654644047913877,0.01942584271498731,0.0016654644047913877,embedding_pca
esmc_PC2790,0.006594919996798518,0.007377528162069796,0.006594919996798518,embedding_pca
esmc_PC2791,-0.0008699416313671555,0.017709485904908253,0.0008699416313671555,embedding_pca
esmc_PC2792,-0.0011040967735064403,0.009851887489359673,0.0011040967735064403,embedding_pca
esmc_PC2793,-0.010453885883946265,0.019200156328007433,0.010453885883946265,embedding_pca
esmc_PC2794,0.001447833013844701,0.016680330368327723,0.001447833013844701,embedding_pca
esmc_PC2795,-0.008820688743433454,0.011344103208970871,0.008820688743433454,embedding_pca
esmc_PC2796,-0.008249317808359889,0.01845316960328946,0.008249317808359889,embedding_pca
esmc_PC2797,-0.01071113613153828,0.020274942978517792,0.01071113613153828,embedding_pca
esmc_PC2798,0.009568305888412837,0.017894311322143898,0.009568305888412837,embedding_pca
esmc_PC2799,-0.0035395589992134983,0.012923200396607278,0.0035395589992134983,embedding_pca
esmc_PC2800,-0.005927527631043124,0.019578101473266392,0.005927527631043124,embedding_pca
esmc_PC2801,0.012204867801349847,0.018957130473455097,0.012204867801349847,embedding_pca
esmc_PC2802,-0.004446019276551567,0.017551484603333663,0.004446019276551567,embedding_pca
esmc_PC2803,0.003469401119876729,0.016832256813508212,0.003469401119876729,embedding_pca
esmc_PC2804,0.00437508560767902,0.013513933335173043,0.00437508560767902,embedding_pca
esmc_PC2805,-0.011624189697683484,0.016733147064495257,0.011624189697683484,embedding_pca
esmc_PC2806,0.000819059245196728,0.02103291269867978,0.000819059245196728,embedding_pca
esmc_PC2807,0.019308876988995465,0.02001432762630593,0.019308876988995465,embedding_pca
esmc_PC2808,0.006467263663785745,0.004000106952374648,0.006467263663785745,embedding_pca
esmc_PC2809,-0.012132536568036352,0.01644689629528991,0.012132536568036352,embedding_pca
esmc_PC2810,0.004481158941370812,0.010789001132882245,0.004481158941370812,embedding_pca
esmc_PC2811,-0.010934383698327515,0.009175025033110533,0.010934383698327515,embedding_pca
esmc_PC2812,0.012217447862937944,0.03128169984773081,0.012217447862937944,embedding_pca
esmc_PC2813,-0.001545412354428744,0.0260892505660121,0.001545412354428744,embedding_pca
esmc_PC2814,-0.014529096576733961,0.021424490284426598,0.014529096576733961,embedding_pca
esmc_PC2815,-0.002045213408058741,0.005207590684085532,0.002045213408058741,embedding_pca
esmc_PC2816,-0.004489740954062427,0.012881921653404477,0.004489740954062427,embedding_pca
esmc_PC2817,-0.002340439208721467,0.012993018315121127,0.002340439208721467,embedding_pca
esmc_PC2818,0.018819513800839162,0.01738046375157337,0.018819513800839162,embedding_pca
esmc_PC2819,0.01283629059650608,0.006558584408322508,0.01283629059650608,embedding_pca
esmc_PC2820,-0.001605022518914911,0.013477234459035863,0.001605022518914911,embedding_pca
esmc_PC2821,0.002282482956865935,0.0024117474145956396,0.002282482956865935,embedding_pca
esmc_PC2822,-0.017085134885290666,0.017446783414796014,0.017085134885290666,embedding_pca
esmc_PC2823,0.004834447870504945,0.018322321921043525,0.004834447870504945,embedding_pca
esmc_PC2824,0.004735653721747929,0.013257348014648323,0.004735653721747929,embedding_pca
esmc_PC2825,0.01797484564336935,0.016850553025777443,0.01797484564336935,embedding_pca
esmc_PC2826,-0.0043124248499747265,0.019411816692660636,0.0043124248499747265,embedding_pca
esmc_PC2827,0.005289851776175578,0.01759575164312545,0.005289851776175578,embedding_pca
esmc_PC2828,0.012428156517921516,0.019271859091872474,0.012428156517921516,embedding_pca
esmc_PC2829,-0.000386955738000188,0.016300773564795024,0.000386955738000188,embedding_pca
esmc_PC2830,0.004710851229854663,0.010053459599318935,0.004710851229854663,embedding_pca
esmc_PC2831,0.0007153152623172348,0.01985559058881991,0.0007153152623172348,embedding_pca
esmc_PC2832,7.616083860940999e-05,0.01729105250643671,7.616083860940999e-05,embedding_pca
esmc_PC2833,-0.006555149869293767,0.01652562012532744,0.006555149869293767,embedding_pca
esmc_PC2834,-0.0006917103327618983,0.012818520501592927,0.0006917103327618983,embedding_pca
esmc_PC2835,-0.010097815329145665,0.019043230483923736,0.010097815329145665,embedding_pca
esmc_PC2836,0.008009724002037501,0.019273608377733984,0.008009724002037501,embedding_pca
esmc_PC2837,0.00044478265308825655,0.027880690516881784,0.00044478265308825655,embedding_pca
esmc_PC2838,-0.008305722356767043,0.0180876620464999,0.008305722356767043,embedding_pca
esmc_PC2839,-0.0013667685584736876,0.022684464824252626,0.0013667685584736876,embedding_pca
esmc_PC2840,0.018186862102303393,0.015508989774852253,0.018186862102303393,embedding_pca
esmc_PC2841,-0.0017107889683752367,0.020504318219977908,0.0017107889683752367,embedding_pca
esmc_PC2842,-0.00022492887184171368,0.013622196926241836,0.00022492887184171368,embedding_pca
esmc_PC2843,0.013874639513755949,0.013725076129697282,0.013874639513755949,embedding_pca
esmc_PC2844,0.010221370074415283,0.02415575927349191,0.010221370074415283,embedding_pca
esmc_PC2845,0.0017677191111070286,0.01459832868876354,0.0017677191111070286,embedding_pca
esmc_PC2846,0.0014219042888191492,0.007077957484619568,0.0014219042888191492,embedding_pca
esmc_PC2847,0.008460178033089615,0.024125351898298883,0.008460178033089615,embedding_pca
esmc_PC2848,0.0007160341488431268,0.018702413933111794,0.0007160341488431268,embedding_pca
esmc_PC2849,-0.012627112538148346,0.014549913547991471,0.012627112538148346,embedding_pca
esmc_PC2850,-0.0030968571571465876,0.018948607503101098,0.0030968571571465876,embedding_pca
esmc_PC2851,0.010311732843784258,0.011651501002175744,0.010311732843784258,embedding_pca
esmc_PC2852,0.017628323750037055,0.015449820585393447,0.017628323750037055,embedding_pca
esmc_PC2853,0.0051272622533149225,0.015774355210861856,0.0051272622533149225,embedding_pca
esmc_PC2854,-0.003188513159747085,0.019375643684948988,0.003188513159747085,embedding_pca
esmc_PC2855,-0.009610154826045504,0.01426214630982784,0.009610154826045504,embedding_pca
esmc_PC2856,-0.004270150967215724,0.01573595991966862,0.004270150967215724,embedding_pca
esmc_PC2857,-0.011710582536021816,0.022322441332382478,0.011710582536021816,embedding_pca
esmc_PC2858,0.009336631145317013,0.012329310279617428,0.009336631145317013,embedding_pca
esmc_PC2859,-0.0008404233041953257,0.012543572612756541,0.0008404233041953257,embedding_pca
esmc_PC2860,0.010172516352509264,0.019488942981615055,0.010172516352509264,embedding_pca
esmc_PC2861,0.007415375582343647,0.017030146317289042,0.007415375582343647,embedding_pca
esmc_PC2862,0.006125737904544391,0.008082398974353101,0.006125737904544391,embedding_pca
esmc_PC2863,0.01504833342240496,0.013264454391898214,0.01504833342240496,embedding_pca
esmc_PC2864,-0.006203214080421682,0.017230697513443968,0.006203214080421682,embedding_pca
esmc_PC2865,-0.004715064964896053,0.012785507947687064,0.004715064964896053,embedding_pca
esmc_PC2866,0.023340067997975444,0.020856143060317897,0.023340067997975444,embedding_pca
esmc_PC2867,-0.0039002111669663303,0.025128615514273138,0.0039002111669663303,embedding_pca
esmc_PC2868,-0.0024478744339896425,0.013597794517695404,0.0024478744339896425,embedding_pca
esmc_PC2869,0.0007558171547094496,0.016133497348934645,0.0007558171547094496,embedding_pca
esmc_PC2870,0.0078043094074265115,0.012443002368385978,0.0078043094074265115,embedding_pca
esmc_PC2871,-0.0035654239476144863,0.012984930328644858,0.0035654239476144863,embedding_pca
esmc_PC2872,0.02420326772188704,0.00829867796913946,0.02420326772188704,embedding_pca
esmc_PC2873,-0.00897030458049185,0.016085626968998096,0.00897030458049185,embedding_pca
esmc_PC2874,-0.00331322322105069,0.012021355609948518,0.00331322322105069,embedding_pca
esmc_PC2875,0.005512937961067667,0.011285722872391138,0.005512937961067667,embedding_pca
esmc_PC2876,-0.005887659109100794,0.012447635646264424,0.005887659109100794,embedding_pca
esmc_PC2877,0.008453379808726718,0.024103176451612966,0.008453379808726718,embedding_pca
esmc_PC2878,-0.005501101677161959,0.013394177940315154,0.005501101677161959,embedding_pca
esmc_PC2879,-0.0010855955825241112,0.009291684119582443,0.0010855955825241112,embedding_pca
esmc_PC2880,0.011822722493691531,0.013345767024827206,0.011822722493691531,embedding_pca
esmc_PC2881,0.00357382933673074,0.014661773040855391,0.00357382933673074,embedding_pca
esmc_PC2882,-0.005835020471187154,0.01851458954354949,0.005835020471187154,embedding_pca
esmc_PC2883,-0.007272694619718176,0.022194689145451172,0.007272694619718176,embedding_pca
esmc_PC2884,0.009456452057235613,0.01625916476731629,0.009456452057235613,embedding_pca
esmc_PC2885,0.0019827625146037952,0.030669796177865416,0.0019827625146037952,embedding_pca
esmc_PC2886,-0.0049941144067807905,0.017375710741454845,0.0049941144067807905,embedding_pca
esmc_PC2887,0.001000300567961874,0.017053388823610002,0.001000300567961874,embedding_pca
esmc_PC2888,-0.008908689166590886,0.018305602707578094,0.008908689166590886,embedding_pca
esmc_PC2889,0.004280094020682086,0.015365448523544087,0.004280094020682086,embedding_pca
esmc_PC2890,0.01795201789728589,0.012279562469762195,0.01795201789728589,embedding_pca
esmc_PC2891,0.013229096850458843,0.01315916003778136,0.013229096850458843,embedding_pca
esmc_PC2892,-0.014979033541378983,0.025165502015499514,0.014979033541378983,embedding_pca
esmc_PC2893,-0.0034789716428756876,0.015216414075106995,0.0034789716428756876,embedding_pca
esmc_PC2894,0.0014910500172660764,0.013132478766477431,0.0014910500172660764,embedding_pca
esmc_PC2895,0.007661236603633903,0.021385225318074328,0.007661236603633903,embedding_pca
esmc_PC2896,-0.010698064296519039,0.017192102953142104,0.010698064296519039,embedding_pca
esmc_PC2897,0.011435030340976524,0.024449900268964694,0.011435030340976524,embedding_pca
esmc_PC2898,0.008398332893053959,0.008836263836239923,0.008398332893053959,embedding_pca
esmc_PC2899,0.0009915709941232984,0.012084835723780605,0.0009915709941232984,embedding_pca
esmc_PC2900,0.01986408627304891,0.019247488614647527,0.01986408627304891,embedding_pca
esmc_PC2901,-0.007722110554180759,0.01435235971131488,0.007722110554180759,embedding_pca
esmc_PC2902,0.011402793891683142,0.032625143406680435,0.011402793891683142,embedding_pca
esmc_PC2903,0.007687057309733544,0.008395369297852421,0.007687057309733544,embedding_pca
esmc_PC2904,-0.01483460858078319,0.015906353734211395,0.01483460858078319,embedding_pca
esmc_PC2905,-0.0024039038476752366,0.021579586912706387,0.0024039038476752366,embedding_pca
esmc_PC2906,-0.01009569736371418,0.02201015395830069,0.01009569736371418,embedding_pca
esmc_PC2907,-0.003666702637280264,0.010706206847292433,0.003666702637280264,embedding_pca
esmc_PC2908,0.002394431305989926,0.016213567180323137,0.002394431305989926,embedding_pca
esmc_PC2909,0.0028470735446252254,0.02146562398156026,0.0028470735446252254,embedding_pca
esmc_PC2910,-0.011660820166420574,0.018729346346407126,0.011660820166420574,embedding_pca
esmc_PC2911,-0.002474164927734708,0.021183189470664,0.002474164927734708,embedding_pca
esmc_PC2912,0.0003261643496254581,0.01872977182452857,0.0003261643496254581,embedding_pca
esmc_PC2913,0.006579834366074769,0.023181079650714576,0.006579834366074769,embedding_pca
esmc_PC2914,-0.00887824125613646,0.013752426935183873,0.00887824125613646,embedding_pca
esmc_PC2915,-0.011075441547138498,0.015037016174139156,0.011075441547138498,embedding_pca
esmc_PC2916,0.0046258275620186485,0.01016088795567816,0.0046258275620186485,embedding_pca
esmc_PC2917,-0.003791547817709759,0.013874135197198424,0.003791547817709759,embedding_pca
esmc_PC2918,0.008903139671965477,0.023113833169946665,0.008903139671965477,embedding_pca
esmc_PC2919,-0.005075540540574597,0.006338251609485078,0.005075540540574597,embedding_pca
esmc_PC2920,-0.011108079011686218,0.00919976817091828,0.011108079011686218,embedding_pca
esmc_PC2921,0.007836984845373983,0.006727607651067641,0.007836984845373983,embedding_pca
esmc_PC2922,-0.013204511658512594,0.011523906064262993,0.013204511658512594,embedding_pca
esmc_PC2923,-0.0026178587484849795,0.008684361170513214,0.0026178587484849795,embedding_pca
esmc_PC2924,-0.007667442962557019,0.013964535423045791,0.007667442962557019,embedding_pca
esmc_PC2925,-0.0014799461005079648,0.01763899431256126,0.0014799461005079648,embedding_pca
esmc_PC2926,0.003908394840475506,0.010188541468081999,0.003908394840475506,embedding_pca
esmc_PC2927,0.004658550040818506,0.014510472407904405,0.004658550040818506,embedding_pca
esmc_PC2928,-0.008323825541265758,0.009139370613221598,0.008323825541265758,embedding_pca
esmc_PC2929,0.01379631781002649,0.007944237127917126,0.01379631781002649,embedding_pca
esmc_PC2930,0.010645753153149674,0.007634070901874918,0.010645753153149674,embedding_pca
esmc_PC2931,-0.00014138498627034416,0.01668611492684363,0.00014138498627034416,embedding_pca
esmc_PC2932,-0.0016637251970378062,0.016765274796602052,0.0016637251970378062,embedding_pca
esmc_PC2933,-0.008341625897816318,0.010334901402557713,0.008341625897816318,embedding_pca
esmc_PC2934,-0.0043715174032285435,0.022193730471388375,0.0043715174032285435,embedding_pca
esmc_PC2935,0.0019483557784837232,0.01080093167120371,0.0019483557784837232,embedding_pca
esmc_PC2936,-0.0027533500608478375,0.009062659833630393,0.0027533500608478375,embedding_pca
esmc_PC2937,-0.006444329842999377,0.011746226886615141,0.006444329842999377,embedding_pca
esmc_PC2938,-0.0036686267506859612,0.00924809485658808,0.0036686267506859612,embedding_pca
esmc_PC2939,0.002510071860271095,0.013612052471961057,0.002510071860271095,embedding_pca
esmc_PC2940,-0.01746587590191969,0.022217098134737566,0.01746587590191969,embedding_pca
esmc_PC2941,0.0057048291918258736,0.01878259213649894,0.0057048291918258736,embedding_pca
esmc_PC2942,-0.012397347161989073,0.011122097497073944,0.012397347161989073,embedding_pca
esmc_PC2943,0.0159449259309715,0.013559091833852599,0.0159449259309715,embedding_pca
esmc_PC2944,0.008549288116034573,0.015064019968482573,0.008549288116034573,embedding_pca
esmc_PC2945,0.008134214590445563,0.00794308392466503,0.008134214590445563,embedding_pca
esmc_PC2946,-4.325176289196008e-05,0.011067220509852156,4.325176289196008e-05,embedding_pca
esmc_PC2947,-0.005205694146299033,0.01563555941591936,0.005205694146299033,embedding_pca
esmc_PC2948,-0.006794628463981113,0.003368707659866499,0.006794628463981113,embedding_pca
esmc_PC2949,-0.003028782415750444,0.021028513701911895,0.003028782415750444,embedding_pca
esmc_PC2950,0.005911565480116848,0.009386804863289768,0.005911565480116848,embedding_pca
esmc_PC2951,-0.008707402843206837,0.015040335477738368,0.008707402843206837,embedding_pca
esmc_PC2952,0.012340957893441978,0.026073306477080758,0.012340957893441978,embedding_pca
esmc_PC2953,0.007489405890442026,0.013388863366277919,0.007489405890442026,embedding_pca
esmc_PC2954,0.008029154751170938,0.02595337137263543,0.008029154751170938,embedding_pca
esmc_PC2955,-0.003562140506825123,0.019722602186453882,0.003562140506825123,embedding_pca
esmc_PC2956,0.004846083582703917,0.016975611761288305,0.004846083582703917,embedding_pca
esmc_PC2957,-0.003874189559283181,0.0069964873689933385,0.003874189559283181,embedding_pca
esmc_PC2958,-0.0032991842269953697,0.02462330382306071,0.0032991842269953697,embedding_pca
esmc_PC2959,-0.0006875464097403643,0.017040215922242287,0.0006875464097403643,embedding_pca
esmc_PC2960,0.004053614362833855,0.018575669369253173,0.004053614362833855,embedding_pca
esmc_PC2961,-0.002914264323145858,0.006791834664570789,0.002914264323145858,embedding_pca
esmc_PC2962,-0.0034350628554350544,0.011912004035788607,0.0034350628554350544,embedding_pca
esmc_PC2963,0.0039853494914954225,0.02595385184964274,0.0039853494914954225,embedding_pca
esmc_PC2964,-0.0079079191297543,0.022523529222879986,0.0079079191297543,embedding_pca
esmc_PC2965,0.0037212038281706702,0.007385893452755627,0.0037212038281706702,embedding_pca
esmc_PC2966,-0.0019454502367482408,0.01619177919409984,0.0019454502367482408,embedding_pca
esmc_PC2967,-0.00410261204038676,0.014500971969160182,0.00410261204038676,embedding_pca
esmc_PC2968,0.01694233514579445,0.013759096773919522,0.01694233514579445,embedding_pca
esmc_PC2969,0.002885409197360779,0.02376255088591932,0.002885409197360779,embedding_pca
esmc_PC2970,0.004035891157383823,0.01668431438422917,0.004035891157383823,embedding_pca
esmc_PC2971,-0.0040888150880638244,0.01517467725650163,0.0040888150880638244,embedding_pca
esmc_PC2972,-0.004213692017382033,0.011370044896815956,0.004213692017382033,embedding_pca
esmc_PC2973,-0.00041760023371402097,0.016546974906246452,0.00041760023371402097,embedding_pca
esmc_PC2974,-0.007484173075904263,0.02380516422336248,0.007484173075904263,embedding_pca
esmc_PC2975,-0.014981377418131627,0.009765586701276786,0.014981377418131627,embedding_pca
esmc_PC2976,0.00450840967129474,0.010421152449931647,0.00450840967129474,embedding_pca
esmc_PC2977,-0.007163720332631215,0.00853772379611814,0.007163720332631215,embedding_pca
esmc_PC2978,-0.0061707905410887266,0.010058903764318334,0.0061707905410887266,embedding_pca
esmc_PC2979,0.005861286358025964,0.019191397509951056,0.005861286358025964,embedding_pca
esmc_PC2980,-0.0003604354976020463,0.02307562005115207,0.0003604354976020463,embedding_pca
esmc_PC2981,0.006443184243653585,0.019759177107566642,0.006443184243653585,embedding_pca
esmc_PC2982,0.0060782494490896465,0.021170999671227764,0.0060782494490896465,embedding_pca
esmc_PC2983,0.010033006763765513,0.01269059676572898,0.010033006763765513,embedding_pca
esmc_PC2984,0.006741021463836839,0.006191567334354588,0.006741021463836839,embedding_pca
esmc_PC2985,2.3761437743539948e-05,0.017507842638625544,2.3761437743539948e-05,embedding_pca
esmc_PC2986,-0.0034201047289406624,0.02433394402198967,0.0034201047289406624,embedding_pca
esmc_PC2987,-0.008502083949259697,0.01492206344075297,0.008502083949259697,embedding_pca
esmc_PC2988,0.0027486243018766793,0.01527355812781752,0.0027486243018766793,embedding_pca
esmc_PC2989,-0.0066084854609705455,0.012207837890335424,0.0066084854609705455,embedding_pca
esmc_PC2990,-0.005686474304355687,0.01436679467516875,0.005686474304355687,embedding_pca
esmc_PC2991,-0.007333227146154482,0.018084984927127724,0.007333227146154482,embedding_pca
esmc_PC2992,0.00678559207885094,0.01628155617431863,0.00678559207885094,embedding_pca
esmc_PC2993,-0.01494629116944326,0.012504414895693233,0.01494629116944326,embedding_pca
esmc_PC2994,0.0125100127458456,0.014886313744916429,0.0125100127458456,embedding_pca
esmc_PC2995,0.012221762340162017,0.014678350998563404,0.012221762340162017,embedding_pca
esmc_PC2996,-0.011263515608097172,0.013377335881056088,0.011263515608097172,embedding_pca
esmc_PC2997,0.00035579458021688917,0.01792758087551243,0.00035579458021688917,embedding_pca
esmc_PC2998,-0.016868907774945062,0.015126861702384552,0.016868907774945062,embedding_pca
esmc_PC2999,-0.009061714442334909,0.010048489263156025,0.009061714442334909,embedding_pca
esmc_PC3000,0.005037542407012417,0.0170501360640785,0.005037542407012417,embedding_pca
esmc_PC3001,-0.009090547134762065,0.012394399738169663,0.009090547134762065,embedding_pca
esmc_PC3002,0.00942401898343809,0.009914070344942013,0.00942401898343809,embedding_pca
esmc_PC3003,0.006662267652782122,0.01924349178369788,0.006662267652782122,embedding_pca
esmc_PC3004,0.011594872909970726,0.0241349813636562,0.011594872909970726,embedding_pca
esmc_PC3005,0.01417639116532382,0.015419467657049196,0.01417639116532382,embedding_pca
esmc_PC3006,0.008613452776044564,0.010811798152623104,0.008613452776044564,embedding_pca
esmc_PC3007,0.0007169972896509551,0.021543161981047533,0.0007169972896509551,embedding_pca
esmc_PC3008,-0.0064428536046210235,0.009055623197924152,0.0064428536046210235,embedding_pca
esmc_PC3009,0.007641002803516447,0.007048903047490252,0.007641002803516447,embedding_pca
esmc_PC3010,-0.009631379349139275,0.015415486665258772,0.009631379349139275,embedding_pca
esmc_PC3011,-0.013642404460680138,0.011077005066238026,0.013642404460680138,embedding_pca
esmc_PC3012,0.007221677011554848,0.019617212366435814,0.007221677011554848,embedding_pca
esmc_PC3013,0.0019258463406762725,0.02241229900174952,0.0019258463406762725,embedding_pca
esmc_PC3014,-0.003144451851167712,0.017821367104122965,0.003144451851167712,embedding_pca
esmc_PC3015,-0.0033525282066911946,0.010082955703703702,0.0033525282066911946,embedding_pca
esmc_PC3016,-0.001767635783991931,0.02362515653361314,0.001767635783991931,embedding_pca
esmc_PC3017,0.0057276979234481915,0.00823517813399425,0.0057276979234481915,embedding_pca
esmc_PC3018,0.003921856108651964,0.019289068647759908,0.003921856108651964,embedding_pca
esmc_PC3019,-0.01981549964668366,0.01067882650091324,0.01981549964668366,embedding_pca
esmc_PC3020,0.00535990222932521,0.010819436555428824,0.00535990222932521,embedding_pca
esmc_PC3021,-0.008654266255064302,0.020282607381081567,0.008654266255064302,embedding_pca
esmc_PC3022,-0.0063890011499128044,0.02204484488036745,0.0063890011499128044,embedding_pca
esmc_PC3023,0.00537001499992667,0.009955675336241799,0.00537001499992667,embedding_pca
esmc_PC3024,0.0058169605773315276,0.010396246230573485,0.0058169605773315276,embedding_pca
esmc_PC3025,-0.01598194502883745,0.012664676251912416,0.01598194502883745,embedding_pca
esmc_PC3026,0.0028391593678034803,0.01640836511377367,0.0028391593678034803,embedding_pca
esmc_PC3027,-0.007520111332240964,0.011342256308320278,0.007520111332240964,embedding_pca
esmc_PC3028,-0.009004495314021664,0.005438837709680298,0.009004495314021664,embedding_pca
esmc_PC3029,-0.008097881321501433,0.00872697127766833,0.008097881321501433,embedding_pca
esmc_PC3030,0.01371332335385798,0.011089864400522266,0.01371332335385798,embedding_pca
esmc_PC3031,0.008034814495752824,0.017420344605187505,0.008034814495752824,embedding_pca
esmc_PC3032,-0.005838851839085406,0.014310637439801762,0.005838851839085406,embedding_pca
esmc_PC3033,0.003135968172410376,0.028207874848317258,0.003135968172410376,embedding_pca
esmc_PC3034,0.001794963618827354,0.026796238079040566,0.001794963618827354,embedding_pca
esmc_PC3035,0.0036549876720761237,0.017256871972167673,0.0036549876720761237,embedding_pca
esmc_PC3036,0.011407800335668622,0.014456604196433478,0.011407800335668622,embedding_pca
esmc_PC3037,0.006256130420299056,0.015345787937813458,0.006256130420299056,embedding_pca
esmc_PC3038,-0.004298538802384158,0.007878180670368138,0.004298538802384158,embedding_pca
esmc_PC3039,0.0023455084128575607,0.02549161619210379,0.0023455084128575607,embedding_pca
esmc_PC3040,-0.008999929813214637,0.0131269957744359,0.008999929813214637,embedding_pca
esmc_PC3041,-0.00555115488201492,0.016428876998085075,0.00555115488201492,embedding_pca
esmc_PC3042,0.011472617160652324,0.018549469979255048,0.011472617160652324,embedding_pca
esmc_PC3043,0.003474986044081909,0.013361991856730482,0.003474986044081909,embedding_pca
esmc_PC3044,-0.023904868593310168,0.015255566925229544,0.023904868593310168,embedding_pca
esmc_PC3045,-0.006654831261658045,0.01893355211661841,0.006654831261658045,embedding_pca
esmc_PC3046,-0.009193621454865445,0.015291108736245725,0.009193621454865445,embedding_pca
esmc_PC3047,0.008177463290611447,0.018280099530799652,0.008177463290611447,embedding_pca
esmc_PC3048,0.0010951001289064672,0.01992978716908661,0.0010951001289064672,embedding_pca
esmc_PC3049,-0.011846586449399201,0.016478596707998786,0.011846586449399201,embedding_pca
esmc_PC3050,-0.00835889410289701,0.010964021960101353,0.00835889410289701,embedding_pca
esmc_PC3051,-0.0008197344168655793,0.011980094686299878,0.0008197344168655793,embedding_pca
esmc_PC3052,0.00875709856901787,0.018201668549341216,0.00875709856901787,embedding_pca
esmc_PC3053,0.003685060126381344,0.006534458477666033,0.003685060126381344,embedding_pca
esmc_PC3054,-0.004826704111818487,0.01652529058483042,0.004826704111818487,embedding_pca
esmc_PC3055,-0.003140877603467228,0.021299203412429964,0.003140877603467228,embedding_pca
esmc_PC3056,-0.003834080305108707,0.014625232939814173,0.003834080305108707,embedding_pca
esmc_PC3057,-0.00017966202712346615,0.0017951403859883894,0.00017966202712346615,embedding_pca
esmc_PC3058,0.009929125969681452,0.01455436270477846,0.009929125969681452,embedding_pca
esmc_PC3059,-0.007873243149943032,0.019584006216381282,0.007873243149943032,embedding_pca
esmc_PC3060,-0.013325946466034721,0.02322924923814112,0.013325946466034721,embedding_pca
esmc_PC3061,0.0022568158376210816,0.006954103929018658,0.0022568158376210816,embedding_pca
esmc_PC3062,0.0031950800761673683,0.009183915556732413,0.0031950800761673683,embedding_pca
esmc_PC3063,0.004230775676396329,0.022510280915550525,0.004230775676396329,embedding_pca
esmc_PC3064,0.009436316844549849,0.01153499712540918,0.009436316844549849,embedding_pca
esmc_PC3065,0.01487406773845748,0.015566168610755824,0.01487406773845748,embedding_pca
esmc_PC3066,0.0018211507429115755,0.009629131315676782,0.0018211507429115755,embedding_pca
esmc_PC3067,-0.01945123137259924,0.009937563075994903,0.01945123137259924,embedding_pca
esmc_PC3068,0.002366101880976022,0.017632808253448273,0.002366101880976022,embedding_pca
esmc_PC3069,-0.02043105908538724,0.010258565826118537,0.02043105908538724,embedding_pca
esmc_PC3070,-0.018878576868698517,0.02370125841467674,0.018878576868698517,embedding_pca
esmc_PC3071,0.005155922084473308,0.014359633755013368,0.005155922084473308,embedding_pca
esmc_PC3072,-0.00811027805677485,0.012585291438465679,0.00811027805677485,embedding_pca
esmc_PC3073,-0.0029871825465429148,0.01927494445843703,0.0029871825465429148,embedding_pca
esmc_PC3074,-0.004761177698113253,0.022842790640467316,0.004761177698113253,embedding_pca
esmc_PC3075,-0.005938854398193802,0.015646564199181368,0.005938854398193802,embedding_pca
esmc_PC3076,-0.0005077464183584838,0.013251524739333408,0.0005077464183584838,embedding_pca
esmc_PC3077,0.003500805193928213,0.016762730962915705,0.003500805193928213,embedding_pca
esmc_PC3078,-0.0061408217162208165,0.01417300449975427,0.0061408217162208165,embedding_pca
esmc_PC3079,-0.00863901448682641,0.008895111091454482,0.00863901448682641,embedding_pca
esmc_PC3080,-0.011343813939152297,0.007373884101369836,0.011343813939152297,embedding_pca
esmc_PC3081,0.008378410101712745,0.013376492364192622,0.008378410101712745,embedding_pca
esmc_PC3082,-0.011688384387505375,0.013584430861241415,0.011688384387505375,embedding_pca
esmc_PC3083,0.00040692075976305196,0.012425194604895053,0.00040692075976305196,embedding_pca
esmc_PC3084,0.010221140176710638,0.01686998125415629,0.010221140176710638,embedding_pca
esmc_PC3085,-0.0021473299036532546,0.014361557856210669,0.0021473299036532546,embedding_pca
esmc_PC3086,0.006051910075191218,0.010381791497328643,0.006051910075191218,embedding_pca
esmc_PC3087,0.009580584105097031,0.01955807147530915,0.009580584105097031,embedding_pca
esmc_PC3088,-0.005089877660467789,0.012881200019020302,0.005089877660467789,embedding_pca
esmc_PC3089,-0.011521156222430542,0.02096259926406588,0.011521156222430542,embedding_pca
esmc_PC3090,-0.0016569817196165314,0.009316127638548602,0.0016569817196165314,embedding_pca
esmc_PC3091,0.000840158117577372,0.026857436806703,0.000840158117577372,embedding_pca
esmc_PC3092,0.0033294489298093892,0.013238963351059311,0.0033294489298093892,embedding_pca
esmc_PC3093,-0.0005455648891447119,0.00733985725282286,0.0005455648891447119,embedding_pca
esmc_PC3094,0.004324192804658314,0.018227269675883454,0.004324192804658314,embedding_pca
esmc_PC3095,-0.006950869431113252,0.016903931178924587,0.006950869431113252,embedding_pca
esmc_PC3096,0.0016657097809227455,0.005523639668197952,0.0016657097809227455,embedding_pca
esmc_PC3097,-0.005291460434957819,0.01807880804107653,0.005291460434957819,embedding_pca
esmc_PC3098,-0.011052592702273434,0.018406720517262623,0.011052592702273434,embedding_pca
esmc_PC3099,-0.004506139034883081,0.01652865496016456,0.004506139034883081,embedding_pca
esmc_PC3100,0.011852681321522732,0.008817655030771534,0.011852681321522732,embedding_pca
esmc_PC3101,-0.009185103662580107,0.023234720194276394,0.009185103662580107,embedding_pca
esmc_PC3102,0.004611135232150057,0.014606689963436632,0.004611135232150057,embedding_pca
esmc_PC3103,-0.01074540378986271,0.012695558250982493,0.01074540378986271,embedding_pca
esmc_PC3104,-0.005691227627741775,0.022424753291643274,0.005691227627741775,embedding_pca
esmc_PC3105,0.0047632271870598,0.018956531785853006,0.0047632271870598,embedding_pca
esmc_PC3106,-0.005048127279999884,0.008476645609844213,0.005048127279999884,embedding_pca
esmc_PC3107,-0.003992868663797449,0.012688636597110302,0.003992868663797449,embedding_pca
esmc_PC3108,-3.8751568454889994e-05,0.005982846392424466,3.8751568454889994e-05,embedding_pca
esmc_PC3109,-0.009186890074524943,0.013912721537777518,0.009186890074524943,embedding_pca
esmc_PC3110,-0.0037966714333012965,0.017758710082565302,0.0037966714333012965,embedding_pca
esmc_PC3111,-0.0015464642832820907,0.014032924127237011,0.0015464642832820907,embedding_pca
esmc_PC3112,0.010006024828499705,0.014733106541398403,0.010006024828499705,embedding_pca
esmc_PC3113,-0.00783667552113093,0.019495257997589315,0.00783667552113093,embedding_pca
esmc_PC3114,-0.00782215699266064,0.012895626698805906,0.00782215699266064,embedding_pca
esmc_PC3115,-0.005715674003147021,0.014201071494506593,0.005715674003147021,embedding_pca
esmc_PC3116,-0.007039111694594115,0.018930067886069407,0.007039111694594115,embedding_pca
esmc_PC3117,0.002583302586423992,0.019402584141504146,0.002583302586423992,embedding_pca
esmc_PC3118,-0.0019525715867986751,0.012689875693264236,0.0019525715867986751,embedding_pca
esmc_PC3119,-0.018100939643164855,0.016194792069131065,0.018100939643164855,embedding_pca
esmc_PC3120,0.003896029914195414,0.014508495278614137,0.003896029914195414,embedding_pca
esmc_PC3121,0.002180611378746274,0.02218427229929345,0.002180611378746274,embedding_pca
esmc_PC3122,-0.003781441444773423,0.02042567753923434,0.003781441444773423,embedding_pca
esmc_PC3123,-0.004352809982795247,0.012538209104786865,0.004352809982795247,embedding_pca
esmc_PC3124,0.015945133222547914,0.017966609791556613,0.015945133222547914,embedding_pca
esmc_PC3125,0.003830195128794464,0.011782744037973443,0.003830195128794464,embedding_pca
esmc_PC3126,0.009314115384865112,0.01142093380690224,0.009314115384865112,embedding_pca
esmc_PC3127,-0.007876573695990208,0.015617895382133016,0.007876573695990208,embedding_pca
esmc_PC3128,-0.0023381463771751146,0.01428025118383087,0.0023381463771751146,embedding_pca
esmc_PC3129,0.0010021467347230578,0.01608908963984055,0.0010021467347230578,embedding_pca
esmc_PC3130,0.002079732603467878,0.012032903439847593,0.002079732603467878,embedding_pca
esmc_PC3131,0.0038256023610658075,0.02242303010756662,0.0038256023610658075,embedding_pca
esmc_PC3132,0.0037405008367473124,0.01849173534121901,0.0037405008367473124,embedding_pca
esmc_PC3133,-0.003022176972342796,0.010329788934842413,0.003022176972342796,embedding_pca
esmc_PC3134,-0.0008920841509371952,0.01655522854188546,0.0008920841509371952,embedding_pca
esmc_PC3135,0.006293685704534316,0.005574005749406573,0.006293685704534316,embedding_pca
esmc_PC3136,-0.0055791973675312695,0.01470960860584606,0.0055791973675312695,embedding_pca
esmc_PC3137,-0.0035533155537733827,0.01135050933886869,0.0035533155537733827,embedding_pca
esmc_PC3138,0.009196953627011725,0.005334406376648265,0.009196953627011725,embedding_pca
esmc_PC3139,0.00038082840677442837,0.016156252944616145,0.00038082840677442837,embedding_pca
esmc_PC3140,-0.01809942126741334,0.013173784717025185,0.01809942126741334,embedding_pca
esmc_PC3141,0.004017510596385708,0.015162297833685539,0.004017510596385708,embedding_pca
esmc_PC3142,-0.010814314507736403,0.018156965171697546,0.010814314507736403,embedding_pca
esmc_PC3143,-0.003802766175466593,0.00823531285593781,0.003802766175466593,embedding_pca
esmc_PC3144,-0.006571012496789366,0.02071882514378056,0.006571012496789366,embedding_pca
esmc_PC3145,0.0053516811552793185,0.008577588221925102,0.0053516811552793185,embedding_pca
esmc_PC3146,0.0035422522576887467,0.019402238133667246,0.0035422522576887467,embedding_pca
esmc_PC3147,0.002873627631962577,0.018039203540072397,0.002873627631962577,embedding_pca
esmc_PC3148,-0.00044467011642722597,0.011625930598446639,0.00044467011642722597,embedding_pca
esmc_PC3149,0.004349181509463454,0.025858446635350273,0.004349181509463454,embedding_pca
esmc_PC3150,0.005506142199394434,0.014445110692249971,0.005506142199394434,embedding_pca
esmc_PC3151,-0.008348214438380585,0.01556043406487026,0.008348214438380585,embedding_pca
esmc_PC3152,-0.005378761172970994,0.014825614805068103,0.005378761172970994,embedding_pca
esmc_PC3153,-0.0015457552404965103,0.023820579706708905,0.0015457552404965103,embedding_pca
esmc_PC3154,0.004311844435561243,0.013433702640665207,0.004311844435561243,embedding_pca
esmc_PC3155,-0.02202526275572975,0.010461146303909208,0.02202526275572975,embedding_pca
esmc_PC3156,-0.007745466595033243,0.016085475194426796,0.007745466595033243,embedding_pca
esmc_PC3157,0.0005062403645723918,0.013434963706766598,0.0005062403645723918,embedding_pca
esmc_PC3158,-0.007711967200347616,0.01476676216679931,0.007711967200347616,embedding_pca
esmc_PC3159,-0.008545819947015412,0.01870376615729237,0.008545819947015412,embedding_pca
esmc_PC3160,0.002778949341281667,0.013198572824854432,0.002778949341281667,embedding_pca
esmc_PC3161,0.0018511949435057692,0.02008270125057822,0.0018511949435057692,embedding_pca
esmc_PC3162,-0.003656179554361208,0.012497974295815157,0.003656179554361208,embedding_pca
esmc_PC3163,-0.009131662941149584,0.01606049873224303,0.009131662941149584,embedding_pca
esmc_PC3164,-0.0030498529050692587,0.02020802623535508,0.0030498529050692587,embedding_pca
esmc_PC3165,0.0040441329319040615,0.017280057950253884,0.0040441329319040615,embedding_pca
esmc_PC3166,-0.004296208054249661,0.021701395122757,0.004296208054249661,embedding_pca
esmc_PC3167,-0.0025974543422780574,0.011514240349795504,0.0025974543422780574,embedding_pca
esmc_PC3168,-0.012340690384900837,0.014455791485814282,0.012340690384900837,embedding_pca
esmc_PC3169,-0.003244982117078115,0.015889192953620998,0.003244982117078115,embedding_pca
esmc_PC3170,-0.003589089497565358,0.025661324442930927,0.003589089497565358,embedding_pca
esmc_PC3171,0.0068323148459445825,0.014214277331097838,0.0068323148459445825,embedding_pca
esmc_PC3172,-0.0017796167416552495,0.006967404604690403,0.0017796167416552495,embedding_pca
esmc_PC3173,0.001839994387438142,0.013293871647422927,0.001839994387438142,embedding_pca
esmc_PC3174,-0.0005969295932346472,0.021337516435596945,0.0005969295932346472,embedding_pca
esmc_PC3175,0.0020828909472519817,0.013593232708605553,0.0020828909472519817,embedding_pca
esmc_PC3176,0.01902039280690304,0.00895451526106606,0.01902039280690304,embedding_pca
esmc_PC3177,-0.002044399119176703,0.020611349994637065,0.002044399119176703,embedding_pca
esmc_PC3178,0.009301219935541508,0.013138133348224534,0.009301219935541508,embedding_pca
esmc_PC3179,-0.005469767664782935,0.010917173454741916,0.005469767664782935,embedding_pca
esmc_PC3180,0.007378118561472247,0.013115720495535742,0.007378118561472247,embedding_pca
esmc_PC3181,0.0018320675963071228,0.01393702588140827,0.0018320675963071228,embedding_pca
esmc_PC3182,0.003110850416403534,0.01720908560369759,0.003110850416403534,embedding_pca
esmc_PC3183,-0.0077306920618002845,0.01632704858690949,0.0077306920618002845,embedding_pca
esmc_PC3184,-0.002562633062030364,0.014094767859624987,0.002562633062030364,embedding_pca
esmc_PC3185,0.009639281384336531,0.013688413515594203,0.009639281384336531,embedding_pca
esmc_PC3186,-0.007020749315343312,0.01810704835955338,0.007020749315343312,embedding_pca
esmc_PC3187,-0.015806576502481066,0.015912606034097204,0.015806576502481066,embedding_pca
esmc_PC3188,-0.004256682318661247,0.006724272061507006,0.004256682318661247,embedding_pca
esmc_PC3189,0.018849161141203524,0.009965254860345715,0.018849161141203524,embedding_pca
esmc_PC3190,0.01273485729744218,0.013673855277678958,0.01273485729744218,embedding_pca
esmc_PC3191,0.010977696779274097,0.018015315107348627,0.010977696779274097,embedding_pca
esmc_PC3192,0.003413208002002073,0.008644325877371007,0.003413208002002073,embedding_pca
esmc_PC3193,0.022554169765249703,0.010236492166607382,0.022554169765249703,embedding_pca
esmc_PC3194,0.017547383559150993,0.01353313062131965,0.017547383559150993,embedding_pca
esmc_PC3195,0.0029077031226287333,0.02159194603862897,0.0029077031226287333,embedding_pca
esmc_PC3196,-0.0030386403810376468,0.013635111355659243,0.0030386403810376468,embedding_pca
esmc_PC3197,-0.002279799569096085,0.009360151078881157,0.002279799569096085,embedding_pca
esmc_PC3198,0.008355008693482605,0.013024716910344555,0.008355008693482605,embedding_pca
esmc_PC3199,-0.00294246730795104,0.005778157979067692,0.00294246730795104,embedding_pca
esmc_PC3200,-0.006812158999101597,0.01822925361341294,0.006812158999101597,embedding_pca
esmc_PC3201,0.0018128955223044238,0.019650938463078506,0.0018128955223044238,embedding_pca
esmc_PC3202,-0.0019925330411526775,0.01353421184360665,0.0019925330411526775,embedding_pca
esmc_PC3203,-0.010998782094997562,0.007151653875673409,0.010998782094997562,embedding_pca
esmc_PC3204,0.000975310596206333,0.00983536337041952,0.000975310596206333,embedding_pca
esmc_PC3205,-0.007103741252316517,0.020484919919931992,0.007103741252316517,embedding_pca
esmc_PC3206,-0.0028311149012557146,0.020072742605801726,0.0028311149012557146,embedding_pca
esmc_PC3207,0.017181522119125568,0.014704672564976567,0.017181522119125568,embedding_pca
esmc_PC3208,-0.025305241557575735,0.030007119229971093,0.025305241557575735,embedding_pca
esmc_PC3209,0.019047345166663735,0.013290776015824584,0.019047345166663735,embedding_pca
esmc_PC3210,0.002054064733859709,0.01442007779753475,0.002054064733859709,embedding_pca
esmc_PC3211,0.008719104786184212,0.019817736871842965,0.008719104786184212,embedding_pca
esmc_PC3212,-0.014310857062621099,0.007754621584914293,0.014310857062621099,embedding_pca
esmc_PC3213,-0.007548132772574127,0.01231614414509762,0.007548132772574127,embedding_pca
esmc_PC3214,-0.0011037691323337756,0.012648085966969636,0.0011037691323337756,embedding_pca
esmc_PC3215,-2.3538900443104486e-05,0.01762563281382765,2.3538900443104486e-05,embedding_pca
esmc_PC3216,0.0030974588200279414,0.0022384225414032737,0.0030974588200279414,embedding_pca
esmc_PC3217,0.008077844460077666,0.011825789026318461,0.008077844460077666,embedding_pca
esmc_PC3218,0.00999757873399488,0.016333092831281718,0.00999757873399488,embedding_pca
esmc_PC3219,-0.0033447896557836842,0.012288258163237257,0.0033447896557836842,embedding_pca
esmc_PC3220,-0.005522236611188213,0.016110531157567214,0.005522236611188213,embedding_pca
esmc_PC3221,-0.0022503156729577604,0.012965755045054102,0.0022503156729577604,embedding_pca
esmc_PC3222,0.00243729097277945,0.014039085735499026,0.00243729097277945,embedding_pca
esmc_PC3223,-0.007987812740900215,0.012587713151398497,0.007987812740900215,embedding_pca
esmc_PC3224,-0.0008113127033848658,0.01984352212046527,0.0008113127033848658,embedding_pca
esmc_PC3225,0.007400709759470203,0.02017039903902684,0.007400709759470203,embedding_pca
esmc_PC3226,0.01747780321823546,0.019798190751527535,0.01747780321823546,embedding_pca
esmc_PC3227,-0.002580050456880114,0.014457951888669331,0.002580050456880114,embedding_pca
esmc_PC3228,0.009497750537507607,0.017633511920973507,0.009497750537507607,embedding_pca
esmc_PC3229,-0.003014511200904861,0.004597639645841509,0.003014511200904861,embedding_pca
esmc_PC3230,0.0015745778948230414,0.010221217884475019,0.0015745778948230414,embedding_pca
esmc_PC3231,0.002807463290331511,0.014176249983568846,0.002807463290331511,embedding_pca
esmc_PC3232,0.007611929192430256,0.00974804256552461,0.007611929192430256,embedding_pca
esmc_PC3233,-0.009801694688411517,0.01853112152336297,0.009801694688411517,embedding_pca
esmc_PC3234,-0.001481428991815278,0.01743237936697528,0.001481428991815278,embedding_pca
esmc_PC3235,0.016604050104023455,0.019897912564052805,0.016604050104023455,embedding_pca
esmc_PC3236,0.004048885098895292,0.00939077316687228,0.004048885098895292,embedding_pca
esmc_PC3237,-0.0011119810045311733,0.019568954088319653,0.0011119810045311733,embedding_pca
esmc_PC3238,-0.011490920329990556,0.015181246002503953,0.011490920329990556,embedding_pca
esmc_PC3239,-0.0027765051974457376,0.010949870066621036,0.0027765051974457376,embedding_pca
esmc_PC3240,0.0044109009167594086,0.011883386977548054,0.0044109009167594086,embedding_pca
esmc_PC3241,0.004869988711862535,0.012692473266029748,0.004869988711862535,embedding_pca
esmc_PC3242,0.01114607513432108,0.012055005053325948,0.01114607513432108,embedding_pca
esmc_PC3243,0.001018174522840838,0.011469371816337386,0.001018174522840838,embedding_pca
esmc_PC3244,0.007576576658969905,0.011169399942233366,0.007576576658969905,embedding_pca
esmc_PC3245,-0.0078652958001855,0.011747125668473846,0.0078652958001855,embedding_pca
esmc_PC3246,-0.0016658717415576865,0.013252200084653247,0.0016658717415576865,embedding_pca
esmc_PC3247,0.0050890198793486704,0.012017956401750076,0.0050890198793486704,embedding_pca
esmc_PC3248,-3.1123272518714456e-05,0.02004746066447314,3.1123272518714456e-05,embedding_pca
esmc_PC3249,-0.01129458582451415,0.014406210590130851,0.01129458582451415,embedding_pca
esmc_PC3250,0.01523003854963722,0.006017484950607484,0.01523003854963722,embedding_pca
esmc_PC3251,-0.001358794607770681,0.016567475452409188,0.001358794607770681,embedding_pca
esmc_PC3252,0.007763395543870312,0.022920862559527237,0.007763395543870312,embedding_pca
esmc_PC3253,-0.0011257893661551159,0.013852951343981715,0.0011257893661551159,embedding_pca
esmc_PC3254,-0.011491978865024524,0.011132221261360152,0.011491978865024524,embedding_pca
esmc_PC3255,-0.010761627382848504,0.009298253180436852,0.010761627382848504,embedding_pca
esmc_PC3256,0.00968034669271471,0.022252087711220815,0.00968034669271471,embedding_pca
esmc_PC3257,0.0070003908918287085,0.017601111568433588,0.0070003908918287085,embedding_pca
esmc_PC3258,0.010310834493866553,0.014659597398199152,0.010310834493866553,embedding_pca
esmc_PC3259,0.0036894030615049803,0.006918708143822943,0.0036894030615049803,embedding_pca
esmc_PC3260,-0.005317408165605445,0.011072589025804736,0.005317408165605445,embedding_pca
esmc_PC3261,-0.0077931318290382495,0.013906031611166245,0.0077931318290382495,embedding_pca
esmc_PC3262,0.001668763460334699,0.008455259232710628,0.001668763460334699,embedding_pca
esmc_PC3263,-0.015289381698429975,0.026839092397141412,0.015289381698429975,embedding_pca
esmc_PC3264,0.00540086019362936,0.01841823438818315,0.00540086019362936,embedding_pca
esmc_PC3265,-0.0037622193547744327,0.01502025980237421,0.0037622193547744327,embedding_pca
esmc_PC3266,0.01406944604030442,0.02014124130764045,0.01406944604030442,embedding_pca
esmc_PC3267,0.009410665980083435,0.019349433987939552,0.009410665980083435,embedding_pca
esmc_PC3268,0.005411825863844117,0.012856919269646399,0.005411825863844117,embedding_pca
esmc_PC3269,-0.0014069892407811255,0.01729774213837893,0.0014069892407811255,embedding_pca
esmc_PC3270,-0.008129965730491415,0.013629234642271539,0.008129965730491415,embedding_pca
esmc_PC3271,0.0024245293591975406,0.007246187446906905,0.0024245293591975406,embedding_pca
esmc_PC3272,0.008006668858492223,0.00666155675373518,0.008006668858492223,embedding_pca
esmc_PC3273,0.007836082934601871,0.02354482804591802,0.007836082934601871,embedding_pca
esmc_PC3274,0.004586882915566055,0.00901735044845275,0.004586882915566055,embedding_pca
esmc_PC3275,-0.0002600493898999268,0.008170697613765468,0.0002600493898999268,embedding_pca
esmc_PC3276,-0.0064904770360415445,0.017120776138490803,0.0064904770360415445,embedding_pca
esmc_PC3277,-0.007154464983063558,0.008136031039330648,0.007154464983063558,embedding_pca
esmc_PC3278,0.0014774403629806809,0.012524924722224306,0.0014774403629806809,embedding_pca
esmc_PC3279,0.009994108572358057,0.018650100619861283,0.009994108572358057,embedding_pca
esmc_PC3280,0.0009755018416005241,0.012133083378095228,0.0009755018416005241,embedding_pca
esmc_PC3281,0.01118910355108525,0.005247856858753519,0.01118910355108525,embedding_pca
esmc_PC3282,0.017251230698728144,0.01095260995768488,0.017251230698728144,embedding_pca
esmc_PC3283,-0.009946512846469925,0.010387227081246278,0.009946512846469925,embedding_pca
esmc_PC3284,9.238567363868931e-05,0.01436171024698005,9.238567363868931e-05,embedding_pca
esmc_PC3285,-0.008612969651147105,0.01447395867866563,0.008612969651147105,embedding_pca
esmc_PC3286,-0.00639044774279904,0.009344643149223463,0.00639044774279904,embedding_pca
esmc_PC3287,-0.010397968033666428,0.00949882689750706,0.010397968033666428,embedding_pca
esmc_PC3288,0.0017974308880081159,0.018357068305956004,0.0017974308880081159,embedding_pca
esmc_PC3289,-0.007576546589169604,0.016191597966618634,0.007576546589169604,embedding_pca
esmc_PC3290,-0.011944112365145743,0.02325720817151884,0.011944112365145743,embedding_pca
esmc_PC3291,-0.007957187348013803,0.007774916746461777,0.007957187348013803,embedding_pca
esmc_PC3292,0.009036891477123738,0.018681095984354235,0.009036891477123738,embedding_pca
esmc_PC3293,0.009411063829220481,0.007517124601593793,0.009411063829220481,embedding_pca
esmc_PC3294,0.016843358060002655,0.021076198902318696,0.016843358060002655,embedding_pca
esmc_PC3295,0.006808881004082365,0.016488118426781783,0.006808881004082365,embedding_pca
esmc_PC3296,0.008242250487361408,0.014897502438035021,0.008242250487361408,embedding_pca
esmc_PC3297,-0.009981448942788369,0.020055109430163323,0.009981448942788369,embedding_pca
esmc_PC3298,-0.001556124327844513,0.01280672351981186,0.001556124327844513,embedding_pca
esmc_PC3299,0.0015054553566346066,0.016180514262380097,0.0015054553566346066,embedding_pca
esmc_PC3300,0.0006867461670206118,0.012155093274272367,0.0006867461670206118,embedding_pca
esmc_PC3301,0.0037894772672657307,0.021199243370914795,0.0037894772672657307,embedding_pca
esmc_PC3302,1.3553483578484724e-05,0.008123462760036542,1.3553483578484724e-05,embedding_pca
esmc_PC3303,-0.008276068531890191,0.016094503078945693,0.008276068531890191,embedding_pca
esmc_PC3304,0.008629067358106507,0.020408945342930893,0.008629067358106507,embedding_pca
esmc_PC3305,0.008722418659393777,0.019354388446945727,0.008722418659393777,embedding_pca
esmc_PC3306,-0.015046243782845276,0.01920817984481801,0.015046243782845276,embedding_pca
esmc_PC3307,0.0046711975496155,0.01748934258880121,0.0046711975496155,embedding_pca
esmc_PC3308,-0.007699373991785693,0.019186547064037534,0.007699373991785693,embedding_pca
esmc_PC3309,0.010987621428317076,0.005409026128754615,0.010987621428317076,embedding_pca
esmc_PC3310,0.011615492233940566,0.019370166722036126,0.011615492233940566,embedding_pca
esmc_PC3311,-0.004907166276149591,0.0065308334378928355,0.004907166276149591,embedding_pca
esmc_PC3312,-0.007641748140551688,0.007108087964870222,0.007641748140551688,embedding_pca
esmc_PC3313,-0.006845877340748924,0.012722155399354238,0.006845877340748924,embedding_pca
esmc_PC3314,0.0003094248777986058,0.019784719785441877,0.0003094248777986058,embedding_pca
esmc_PC3315,0.003112413795705508,0.007410457589557014,0.003112413795705508,embedding_pca
esmc_PC3316,-0.0037833327878646584,0.018379813791282788,0.0037833327878646584,embedding_pca
esmc_PC3317,0.008882669871990568,0.014800469826294977,0.008882669871990568,embedding_pca
esmc_PC3318,-0.00950884688934011,0.015913836604288252,0.00950884688934011,embedding_pca
esmc_PC3319,0.005273178623891371,0.008741240350110112,0.005273178623891371,embedding_pca
esmc_PC3320,0.006384329541689671,0.012353406722757221,0.006384329541689671,embedding_pca
esmc_PC3321,-0.009694970875673673,0.01318690897049007,0.009694970875673673,embedding_pca
esmc_PC3322,0.001078857764247525,0.01134699134221085,0.001078857764247525,embedding_pca
esmc_PC3323,-0.011781344668158953,0.012430043712020823,0.011781344668158953,embedding_pca
esmc_PC3324,0.001667162258006679,0.012743946985125836,0.001667162258006679,embedding_pca
esmc_PC3325,-0.010966309632448764,0.019956102721424167,0.010966309632448764,embedding_pca
esmc_PC3326,0.010453453614693766,0.02573907173578201,0.010453453614693766,embedding_pca
esmc_PC3327,0.007944255423424336,0.015687320286110248,0.007944255423424336,embedding_pca
esmc_PC3328,-0.004705583415327555,0.02306945133134371,0.004705583415327555,embedding_pca
esmc_PC3329,0.009887468102948124,0.017981956283725224,0.009887468102948124,embedding_pca
esmc_PC3330,-0.008326516056328285,0.016640169784854515,0.008326516056328285,embedding_pca
esmc_PC3331,-0.0028720271360912672,0.017699091714434477,0.0028720271360912672,embedding_pca
esmc_PC3332,-0.000637239221114529,0.016335037057038305,0.000637239221114529,embedding_pca
esmc_PC3333,0.012991833512290277,0.010739221130451,0.012991833512290277,embedding_pca
esmc_PC3334,-0.0001079949316129803,0.006538775611709509,0.0001079949316129803,embedding_pca
esmc_PC3335,-0.006663971689023877,0.018133688642439104,0.006663971689023877,embedding_pca
esmc_PC3336,0.00912530080939709,0.016842995891929488,0.00912530080939709,embedding_pca
esmc_PC3337,-0.0014889495106973042,0.009671146508184835,0.0014889495106973042,embedding_pca
esmc_PC3338,0.012923790923809759,0.007664256469369505,0.012923790923809759,embedding_pca
esmc_PC3339,0.008876051554970088,0.012186349871428788,0.008876051554970088,embedding_pca
esmc_PC3340,-0.02082401709559502,0.029521534812323783,0.02082401709559502,embedding_pca
esmc_PC3341,0.011787785668045963,0.004350716205557785,0.011787785668045963,embedding_pca
esmc_PC3342,0.003116286550380159,0.013565492272284832,0.003116286550380159,embedding_pca
esmc_PC3343,0.009850287579529052,0.017117840901093615,0.009850287579529052,embedding_pca
esmc_PC3344,-0.0023071928043331565,0.02164796620076768,0.0023071928043331565,embedding_pca
esmc_PC3345,-0.006937634391616376,0.012520873730481167,0.006937634391616376,embedding_pca
esmc_PC3346,-0.008763204426810745,0.014831250252908278,0.008763204426810745,embedding_pca
esmc_PC3347,0.00674758711193246,0.01773510705083793,0.00674758711193246,embedding_pca
esmc_PC3348,-0.006239970195903302,0.01860714637177308,0.006239970195903302,embedding_pca
esmc_PC3349,-0.008937890899036516,0.018940431177710416,0.008937890899036516,embedding_pca
esmc_PC3350,-0.006601026168406382,0.005698897809608637,0.006601026168406382,embedding_pca
esmc_PC3351,-5.828261860428841e-05,0.018869511783668934,5.828261860428841e-05,embedding_pca
esmc_PC3352,-0.008404904082843466,0.010060503619372297,0.008404904082843466,embedding_pca
esmc_PC3353,0.001285303922890163,0.006253878295805474,0.001285303922890163,embedding_pca
esmc_PC3354,-0.0006327556979767721,0.004605123743795374,0.0006327556979767721,embedding_pca
esmc_PC3355,-0.008477166467127399,0.020450159949192637,0.008477166467127399,embedding_pca
esmc_PC3356,0.011322666457117525,0.00988029754699033,0.011322666457117525,embedding_pca
esmc_PC3357,0.0019134415755549378,0.00924318376351664,0.0019134415755549378,embedding_pca
esmc_PC3358,-0.012852839729860798,0.013929155544556898,0.012852839729860798,embedding_pca
esmc_PC3359,0.00943032168106753,0.02766883875652526,0.00943032168106753,embedding_pca
esmc_PC3360,0.002986030496280364,0.003693026208871575,0.002986030496280364,embedding_pca
esmc_PC3361,0.01633053262687063,0.015515079092360452,0.01633053262687063,embedding_pca
esmc_PC3362,0.001476151848818086,0.02367502179396663,0.001476151848818086,embedding_pca
esmc_PC3363,0.0040510721356150645,0.004288256268314409,0.0040510721356150645,embedding_pca
esmc_PC3364,-0.0055579365978200386,0.00932636834012273,0.0055579365978200386,embedding_pca
esmc_PC3365,0.005588175682844974,0.02407378624358736,0.005588175682844974,embedding_pca
esmc_PC3366,0.009705769979231687,0.010531362334683445,0.009705769979231687,embedding_pca
esmc_PC3367,-0.0012961315772727217,0.007321794064196542,0.0012961315772727217,embedding_pca
esmc_PC3368,-0.01305066068910531,0.005909520534151426,0.01305066068910531,embedding_pca
esmc_PC3369,0.008010755380087903,0.016211528070774764,0.008010755380087903,embedding_pca
esmc_PC3370,-0.002271325277986888,0.03630838036769859,0.002271325277986888,embedding_pca
esmc_PC3371,0.008108003614241854,0.019259974275124905,0.008108003614241854,embedding_pca
esmc_PC3372,0.007934077299884308,0.013482533717435114,0.007934077299884308,embedding_pca
esmc_PC3373,-0.01320857872847731,0.019781679898203983,0.01320857872847731,embedding_pca
esmc_PC3374,0.007653511958097353,0.021814178084417876,0.007653511958097353,embedding_pca
esmc_PC3375,-0.005044589609042412,0.012011590873798701,0.005044589609042412,embedding_pca
esmc_PC3376,-0.010464638782096873,0.01011102395959276,0.010464638782096873,embedding_pca
esmc_PC3377,-0.00931629675906519,0.010219974146580074,0.00931629675906519,embedding_pca
esmc_PC3378,0.003121741686875213,0.006849298615920612,0.003121741686875213,embedding_pca
esmc_PC3379,-0.0020903138257680246,0.012854509114444405,0.0020903138257680246,embedding_pca
esmc_PC3380,0.0009894755639537002,0.008543933932850762,0.0009894755639537002,embedding_pca
esmc_PC3381,0.003291396794420508,0.011125192693479634,0.003291396794420508,embedding_pca
esmc_PC3382,-0.003501755329986722,0.011019309253092899,0.003501755329986722,embedding_pca
esmc_PC3383,-0.007834672100850088,0.020172994070932204,0.007834672100850088,embedding_pca
esmc_PC3384,-0.00506872671855765,0.013992892545655129,0.00506872671855765,embedding_pca
esmc_PC3385,0.0016271098359093173,0.019396027118574535,0.0016271098359093173,embedding_pca
esmc_PC3386,-0.0033691253096222356,0.013473206629295877,0.0033691253096222356,embedding_pca
esmc_PC3387,0.002996274937265393,0.010704424843113779,0.002996274937265393,embedding_pca
esmc_PC3388,0.0016624398679258132,0.016478761961493966,0.0016624398679258132,embedding_pca
esmc_PC3389,0.010599379620639527,0.012427225807188278,0.010599379620639527,embedding_pca
esmc_PC3390,0.006728906652503501,0.012881865753502768,0.006728906652503501,embedding_pca
esmc_PC3391,0.0017603308297903548,0.02101002320187871,0.0017603308297903548,embedding_pca
esmc_PC3392,0.0005248619642123995,0.010411072863027098,0.0005248619642123995,embedding_pca
esmc_PC3393,-0.0017029833372323167,0.021707096730885146,0.0017029833372323167,embedding_pca
esmc_PC3394,-0.01691634338493856,0.012632006800310415,0.01691634338493856,embedding_pca
esmc_PC3395,0.003617851177549934,0.01147417525524925,0.003617851177549934,embedding_pca
esmc_PC3396,-0.00018385143656949148,0.013449046272758584,0.00018385143656949148,embedding_pca
esmc_PC3397,-0.0010562754108269436,0.014893584576145816,0.0010562754108269436,embedding_pca
esmc_PC3398,-0.0068669047083744494,0.02189207888283965,0.0068669047083744494,embedding_pca
esmc_PC3399,0.0019487414044950346,0.007549231284245523,0.0019487414044950346,embedding_pca
esmc_PC3400,-0.0028742715162592344,0.024229731257782747,0.0028742715162592344,embedding_pca
esmc_PC3401,0.008349479095249683,0.0024036272823043394,0.008349479095249683,embedding_pca
esmc_PC3402,0.002521888675990592,0.01806756099994736,0.002521888675990592,embedding_pca
esmc_PC3403,-0.0007515376827029824,0.014146501903757581,0.0007515376827029824,embedding_pca
esmc_PC3404,-0.00032740216792263724,0.023347293164998097,0.00032740216792263724,embedding_pca
esmc_PC3405,-0.0037913826514682004,0.008791544532423382,0.0037913826514682004,embedding_pca
esmc_PC3406,-0.002309061246772024,0.008507270331350479,0.002309061246772024,embedding_pca
esmc_PC3407,-0.0037508225203917397,0.01810299838178085,0.0037508225203917397,embedding_pca
esmc_PC3408,0.0068910162427054805,0.014663482973796526,0.0068910162427054805,embedding_pca
esmc_PC3409,0.010406287497600504,0.00440729228796533,0.010406287497600504,embedding_pca
esmc_PC3410,-0.0035800710135278054,0.02195053038294285,0.0035800710135278054,embedding_pca
esmc_PC3411,0.0011027750525986805,0.010374439456735317,0.0011027750525986805,embedding_pca
esmc_PC3412,-0.0025274741096284947,0.015617300351595816,0.0025274741096284947,embedding_pca
esmc_PC3413,0.005600629365807894,0.009298989959126527,0.005600629365807894,embedding_pca
esmc_PC3414,-0.021021813294837093,0.006340098019340356,0.021021813294837093,embedding_pca
esmc_PC3415,0.004394042120785764,0.010519017366483217,0.004394042120785764,embedding_pca
esmc_PC3416,0.009409949387286665,0.021537542947825172,0.009409949387286665,embedding_pca
esmc_PC3417,0.0035897816997644293,0.012359379834188784,0.0035897816997644293,embedding_pca
esmc_PC3418,-0.0074752701797639615,0.015402873637082955,0.0074752701797639615,embedding_pca
esmc_PC3419,0.01302625255080266,0.012673227559263735,0.01302625255080266,embedding_pca
esmc_PC3420,0.001259012489870357,0.02483997391036191,0.001259012489870357,embedding_pca
esmc_PC3421,0.0023761488975231975,0.009527776369213948,0.0023761488975231975,embedding_pca
esmc_PC3422,-0.0005122900629359065,0.019754509441717423,0.0005122900629359065,embedding_pca
esmc_PC3423,0.0027481245759854818,0.019350187573132453,0.0027481245759854818,embedding_pca
esmc_PC3424,0.01133749514492122,0.026036105065416752,0.01133749514492122,embedding_pca
esmc_PC3425,-0.010481276785388686,0.015455528643578926,0.010481276785388686,embedding_pca
esmc_PC3426,-0.0021352073852248716,0.018464990913073166,0.0021352073852248716,embedding_pca
esmc_PC3427,-0.00812152429834807,0.01849438620744235,0.00812152429834807,embedding_pca
esmc_PC3428,0.011940637951156786,0.016933198059079724,0.011940637951156786,embedding_pca
esmc_PC3429,0.005458908318208085,0.016752673317818385,0.005458908318208085,embedding_pca
esmc_PC3430,0.005858193707327971,0.011019751916894598,0.005858193707327971,embedding_pca
esmc_PC3431,-0.01053401871841304,0.020753369760992412,0.01053401871841304,embedding_pca
esmc_PC3432,-0.00462519466954891,0.011147045807527626,0.00462519466954891,embedding_pca
esmc_PC3433,-0.01602891788125311,0.017993421099535917,0.01602891788125311,embedding_pca
esmc_PC3434,0.002276251895929214,0.015095485768632804,0.002276251895929214,embedding_pca
esmc_PC3435,-0.008524932388237065,0.019802644859973448,0.008524932388237065,embedding_pca
esmc_PC3436,0.004137753974296278,0.014400195423838648,0.004137753974296278,embedding_pca
esmc_PC3437,0.00034358803817635295,0.013409138580256896,0.00034358803817635295,embedding_pca
esmc_PC3438,0.0015245956524855692,0.011031078185064049,0.0015245956524855692,embedding_pca
esmc_PC3439,-0.019448281641537224,0.026360807492949476,0.019448281641537224,embedding_pca
esmc_PC3440,0.0047028505722406105,0.012239025449378268,0.0047028505722406105,embedding_pca
esmc_PC3441,-0.017826757053930935,0.019946740104118652,0.017826757053930935,embedding_pca
esmc_PC3442,0.007007468637847641,0.006547374782981123,0.007007468637847641,embedding_pca
esmc_PC3443,0.001926144701985206,0.024382661633783213,0.001926144701985206,embedding_pca
esmc_PC3444,-0.004442767893133186,0.018963891729307986,0.004442767893133186,embedding_pca
esmc_PC3445,-0.0037515270684036484,0.00876063684064266,0.0037515270684036484,embedding_pca
esmc_PC3446,-0.00746668816211125,0.0101392686859594,0.00746668816211125,embedding_pca
esmc_PC3447,-0.008144254829790564,0.014131561839121516,0.008144254829790564,embedding_pca
esmc_PC3448,-0.0017342852531833674,0.016660014079385423,0.0017342852531833674,embedding_pca
esmc_PC3449,-0.006821635402769706,0.01910180816224875,0.006821635402769706,embedding_pca
esmc_PC3450,0.004144902866589089,0.006476169081796132,0.004144902866589089,embedding_pca
esmc_PC3451,0.0016987169845704034,0.021688928588227123,0.0016987169845704034,embedding_pca
esmc_PC3452,0.0036782318645470144,0.00554129973527829,0.0036782318645470144,embedding_pca
esmc_PC3453,-0.0018402951273600004,0.025324135094123703,0.0018402951273600004,embedding_pca
esmc_PC3454,-0.004111381811277369,0.010591577672311095,0.004111381811277369,embedding_pca
esmc_PC3455,0.006052428427058576,0.006848848486000406,0.006052428427058576,embedding_pca
esmc_PC3456,0.010241959353555707,0.008221542473769024,0.010241959353555707,embedding_pca
esmif_PC001,0.09030491668690399,0.040527577337781166,0.09030491668690399,embedding_pca
esmif_PC002,-0.1366075591229629,0.015072950414432837,0.1366075591229629,embedding_pca
esmif_PC003,0.11797488296176539,0.0269357873491341,0.11797488296176539,embedding_pca
esmif_PC004,0.027961054245724502,0.01727229469745763,0.027961054245724502,embedding_pca
esmif_PC005,0.030817395291793996,0.02563407959124873,0.030817395291793996,embedding_pca
esmif_PC006,0.11358077105148942,0.01903979862810163,0.11358077105148942,embedding_pca
esmif_PC007,-0.005750855589445569,0.010314096160724059,0.005750855589445569,embedding_pca
esmif_PC008,0.003120000905105126,0.02272615657795889,0.003120000905105126,embedding_pca
esmif_PC009,0.01503410221564048,0.017891321301207602,0.01503410221564048,embedding_pca
esmif_PC010,-0.043950830082761724,0.0428327100192532,0.043950830082761724,embedding_pca
esmif_PC011,-0.09443293719130211,0.021467865299280624,0.09443293719130211,embedding_pca
esmif_PC012,-0.03871855075606268,0.022155605373953013,0.03871855075606268,embedding_pca
esmif_PC013,-0.029119043889364198,0.012508235501995396,0.029119043889364198,embedding_pca
esmif_PC014,-0.021142324001616995,0.0167401365929867,0.021142324001616995,embedding_pca
esmif_PC015,-0.055648830944183734,0.015479803572922647,0.055648830944183734,embedding_pca
esmif_PC016,0.0911339575688874,0.012325938247822708,0.0911339575688874,embedding_pca
esmif_PC017,0.036865740498745136,0.023265429958006536,0.036865740498745136,embedding_pca
esmif_PC018,0.057366851750772906,0.0227754846378677,0.057366851750772906,embedding_pca
esmif_PC019,0.005459473095243779,0.030976099690007863,0.005459473095243779,embedding_pca
esmif_PC020,0.02183244429773585,0.019260471393465588,0.02183244429773585,embedding_pca
esmif_PC021,0.06495879474260256,0.031811598070580864,0.06495879474260256,embedding_pca
esmif_PC022,0.03104359239025393,0.008371982709685907,0.03104359239025393,embedding_pca
esmif_PC023,-0.015987862462108263,0.011516178266452534,0.015987862462108263,embedding_pca
esmif_PC024,-0.003704241412552871,0.02242580489963369,0.003704241412552871,embedding_pca
esmif_PC025,0.021356936804793364,0.03619382606530528,0.021356936804793364,embedding_pca
esmif_PC026,0.031936099213524895,0.009583945830464667,0.031936099213524895,embedding_pca
esmif_PC027,0.00027965340533739824,0.010492854025726792,0.00027965340533739824,embedding_pca
esmif_PC028,-0.012301430515538109,0.03555000216123118,0.012301430515538109,embedding_pca
esmif_PC029,0.009446699911549793,0.012212644470273292,0.009446699911549793,embedding_pca
esmif_PC030,0.02113459546568418,0.020588198728661328,0.02113459546568418,embedding_pca
esmif_PC031,0.01643547132643216,0.016786746226729134,0.01643547132643216,embedding_pca
esmif_PC032,-0.015793262567064325,0.023202774216308005,0.015793262567064325,embedding_pca
esmif_PC033,-0.023427070569949297,0.016259509319356713,0.023427070569949297,embedding_pca
esmif_PC034,-0.01211401181878656,0.021993055539502388,0.01211401181878656,embedding_pca
esmif_PC035,0.01713134640803917,0.03354904515533675,0.01713134640803917,embedding_pca
esmif_PC036,-0.04015402549056335,0.05670328016299797,0.04015402549056335,embedding_pca
esmif_PC037,0.051912103673047286,0.016626277355243583,0.051912103673047286,embedding_pca
esmif_PC038,0.011322436928870836,0.017426281809821288,0.011322436928870836,embedding_pca
esmif_PC039,0.0016283978782877088,0.028816798999863374,0.0016283978782877088,embedding_pca
esmif_PC040,-0.01054689723244823,0.028262053295081337,0.01054689723244823,embedding_pca
esmif_PC041,-0.05287251315443686,0.022933021196193358,0.05287251315443686,embedding_pca
esmif_PC042,0.017487136404866276,0.04037683242536315,0.017487136404866276,embedding_pca
esmif_PC043,0.02537267554447145,0.03514271765196647,0.02537267554447145,embedding_pca
esmif_PC044,-0.02319881823756435,0.10244935830811616,0.02319881823756435,embedding_pca
esmif_PC045,0.012064977001224062,0.04575181720089823,0.012064977001224062,embedding_pca
esmif_PC046,-0.03482941780809716,0.012747952460624682,0.03482941780809716,embedding_pca
esmif_PC047,-0.020637683314216265,0.03052576435960948,0.020637683314216265,embedding_pca
esmif_PC048,-0.0026418229220019603,0.026558690643595066,0.0026418229220019603,embedding_pca
esmif_PC049,0.03044350548933588,0.014677677574416995,0.03044350548933588,embedding_pca
esmif_PC050,0.004200067156603769,0.02513023631306408,0.004200067156603769,embedding_pca
esmif_PC051,-0.009018092168865262,0.008967087419662331,0.009018092168865262,embedding_pca
esmif_PC052,0.007334690483141422,0.013287986474287793,0.007334690483141422,embedding_pca
esmif_PC053,-0.011991921313926917,0.013143111337208562,0.011991921313926917,embedding_pca
esmif_PC054,-0.004724053821792732,0.01182889774011706,0.004724053821792732,embedding_pca
esmif_PC055,0.007356508479359275,0.02479559432467735,0.007356508479359275,embedding_pca
esmif_PC056,0.022497546184436702,0.019179844692396978,0.022497546184436702,embedding_pca
esmif_PC057,-0.007808866219756086,0.013346443694478235,0.007808866219756086,embedding_pca
esmif_PC058,0.005124006778910714,0.02815464682238329,0.005124006778910714,embedding_pca
esmif_PC059,0.019317727105599695,0.02015275180982742,0.019317727105599695,embedding_pca
esmif_PC060,-0.014082092827336754,0.013354701468967025,0.014082092827336754,embedding_pca
esmif_PC061,-0.00923893537920351,0.04491795747610716,0.00923893537920351,embedding_pca
esmif_PC062,0.007624015293565241,0.007759375466296183,0.007624015293565241,embedding_pca
esmif_PC063,0.00038524455875625977,0.015222663869174214,0.00038524455875625977,embedding_pca
esmif_PC064,-0.003949997779533207,0.008147430375079121,0.003949997779533207,embedding_pca
esmif_PC065,0.0019184391270647284,0.010752055771969816,0.0019184391270647284,embedding_pca
esmif_PC066,-7.067272714046877e-05,0.023545612065689475,7.067272714046877e-05,embedding_pca
esmif_PC067,-0.017018571940578268,0.024551139234919136,0.017018571940578268,embedding_pca
esmif_PC068,-7.81700395756188e-05,0.020144319469750847,7.81700395756188e-05,embedding_pca
esmif_PC069,-0.008842487681582965,0.02075483519394683,0.008842487681582965,embedding_pca
esmif_PC070,-0.049833753533882766,0.01316289111015047,0.049833753533882766,embedding_pca
esmif_PC071,0.01837111157969489,0.03643977560019044,0.01837111157969489,embedding_pca
esmif_PC072,-0.006612351643168346,0.029815791230602292,0.006612351643168346,embedding_pca
esmif_PC073,-0.019299294161496207,0.046746943904712505,0.019299294161496207,embedding_pca
esmif_PC074,0.0020412348132527,0.03155910560389617,0.0020412348132527,embedding_pca
esmif_PC075,0.004372156113567827,0.018379009976096136,0.004372156113567827,embedding_pca
esmif_PC076,0.01793351158552814,0.015983889142993677,0.01793351158552814,embedding_pca
esmif_PC077,-0.00023602790081420736,0.014766337966634674,0.00023602790081420736,embedding_pca
esmif_PC078,-0.007802836063456694,0.010747251990679656,0.007802836063456694,embedding_pca
esmif_PC079,0.011550455691952139,0.008167198834602504,0.011550455691952139,embedding_pca
esmif_PC080,-0.0017848138659091865,0.011082854200224786,0.0017848138659091865,embedding_pca
esmif_PC081,0.012646056002805647,0.016824621809704378,0.012646056002805647,embedding_pca
esmif_PC082,0.00679376487763558,0.013691876987877185,0.00679376487763558,embedding_pca
esmif_PC083,0.004360106458694226,0.021736637087191316,0.004360106458694226,embedding_pca
esmif_PC084,0.007472512573977007,0.025003614784237543,0.007472512573977007,embedding_pca
esmif_PC085,-0.0010622851106647762,0.014393666873386345,0.0010622851106647762,embedding_pca
esmif_PC086,-0.0019264866492409165,0.010682410245997538,0.0019264866492409165,embedding_pca
esmif_PC087,-0.00929556093789258,0.025366754591639847,0.00929556093789258,embedding_pca
esmif_PC088,-0.005107841948476076,0.03166481005381276,0.005107841948476076,embedding_pca
esmif_PC089,0.027990847438339024,0.013684538182908384,0.027990847438339024,embedding_pca
esmif_PC090,-0.020502981895457607,0.02576545098853255,0.020502981895457607,embedding_pca
esmif_PC091,-0.006132282340269859,0.026612551038901876,0.006132282340269859,embedding_pca
esmif_PC092,-0.013351492119150224,0.02090662638652421,0.013351492119150224,embedding_pca
esmif_PC093,-0.020702505354160645,0.02836363523269259,0.020702505354160645,embedding_pca
esmif_PC094,-0.013699055624370644,0.01731601640120087,0.013699055624370644,embedding_pca
esmif_PC095,0.0030861701987059346,0.0033825583882108644,0.0030861701987059346,embedding_pca
esmif_PC096,-0.013806095366609417,0.015130260863240524,0.013806095366609417,embedding_pca
esmif_PC097,-0.013856019614786932,0.023661752784377498,0.013856019614786932,embedding_pca
esmif_PC098,-0.002981936924216745,0.01225303893716278,0.002981936924216745,embedding_pca
esmif_PC099,0.010796105571566943,0.017050985442997053,0.010796105571566943,embedding_pca
esmif_PC100,-0.004789649854576099,0.0156405322454074,0.004789649854576099,embedding_pca
esmif_PC101,-0.004989878800624684,0.0191187712288457,0.004989878800624684,embedding_pca
esmif_PC102,-0.00804593840955126,0.0077380954457169065,0.00804593840955126,embedding_pca
esmif_PC103,-0.020859770495187183,0.017494106705368415,0.020859770495187183,embedding_pca
esmif_PC104,-0.015162415050508887,0.017652221306682706,0.015162415050508887,embedding_pca
esmif_PC105,0.004260929805088319,0.02403500928460768,0.004260929805088319,embedding_pca
esmif_PC106,-0.019245383354397638,0.02000905474153917,0.019245383354397638,embedding_pca
esmif_PC107,-0.004668920026009571,0.014724362214666246,0.004668920026009571,embedding_pca
esmif_PC108,-0.005465525587516377,0.02749986953422051,0.005465525587516377,embedding_pca
esmif_PC109,0.0038730135603603,0.015178257882593738,0.0038730135603603,embedding_pca
esmif_PC110,0.001090587792698253,0.02561840708278187,0.001090587792698253,embedding_pca
esmif_PC111,-0.0077495036816989295,0.010857424732663639,0.0077495036816989295,embedding_pca
esmif_PC112,-0.003182096523883164,0.013523855841093353,0.003182096523883164,embedding_pca
esmif_PC113,0.00680464843527617,0.014483798607833255,0.00680464843527617,embedding_pca
esmif_PC114,-0.0033192920449630985,0.017365799722800706,0.0033192920449630985,embedding_pca
esmif_PC115,-0.0070424636718753346,0.022388553988841292,0.0070424636718753346,embedding_pca
esmif_PC116,0.003057308247008566,0.02694935680781514,0.003057308247008566,embedding_pca
esmif_PC117,0.01312897841528778,0.01738717855721734,0.01312897841528778,embedding_pca
esmif_PC118,-0.014200324064847104,0.007112513032739665,0.014200324064847104,embedding_pca
esmif_PC119,-0.017940505904018727,0.012667129409614567,0.017940505904018727,embedding_pca
esmif_PC120,-0.010804979266334403,0.014720877932504579,0.010804979266334403,embedding_pca
esmif_PC121,-0.011546522464493591,0.0167307072238576,0.011546522464493591,embedding_pca
esmif_PC122,0.009033365815475373,0.03547428552186083,0.009033365815475373,embedding_pca
esmif_PC123,0.00835968776120552,0.018434434857253625,0.00835968776120552,embedding_pca
esmif_PC124,-0.0040336989228220415,0.02710654163811636,0.0040336989228220415,embedding_pca
esmif_PC125,-0.0062558061247886265,0.02436954195818215,0.0062558061247886265,embedding_pca
esmif_PC126,-0.0033823426296939116,0.015340709722970726,0.0033823426296939116,embedding_pca
esmif_PC127,-0.0031152669789278613,0.011419684969375052,0.0031152669789278613,embedding_pca
esmif_PC128,-0.0052846442787880185,0.018916276352138887,0.0052846442787880185,embedding_pca
esmif_PC129,0.00260062714270476,0.012135649277300571,0.00260062714270476,embedding_pca
esmif_PC130,0.0018716198995670015,0.022449635924200195,0.0018716198995670015,embedding_pca
esmif_PC131,-0.0030829335389162714,0.01119999530519301,0.0030829335389162714,embedding_pca
esmif_PC132,0.010567013068102177,0.029986552322566105,0.010567013068102177,embedding_pca
esmif_PC133,-0.007605267994188427,0.014884649224127681,0.007605267994188427,embedding_pca
esmif_PC134,0.0018325812853951262,0.014651339918035685,0.0018325812853951262,embedding_pca
esmif_PC135,0.015898658585538288,0.01037866968282437,0.015898658585538288,embedding_pca
esmif_PC136,0.018901014151737422,0.011247971464111495,0.018901014151737422,embedding_pca
esmif_PC137,0.004150088661147429,0.02361668594670964,0.004150088661147429,embedding_pca
esmif_PC138,-0.002232363427833729,0.02973869356080749,0.002232363427833729,embedding_pca
esmif_PC139,-0.011215628389165282,0.015621463782957722,0.011215628389165282,embedding_pca
esmif_PC140,-0.0023250568273283727,0.01010756353460843,0.0023250568273283727,embedding_pca
esmif_PC141,-0.012493507546739845,0.02529951039929359,0.012493507546739845,embedding_pca
esmif_PC142,-0.011118083286558566,0.020062337550378454,0.011118083286558566,embedding_pca
esmif_PC143,0.007793814550502219,0.023942623781918783,0.007793814550502219,embedding_pca
esmif_PC144,0.0032484341369483838,0.02331846814584875,0.0032484341369483838,embedding_pca
esmif_PC145,-0.004198322239188617,0.011758883005100475,0.004198322239188617,embedding_pca
esmif_PC146,0.005049873101825765,0.020721976533885012,0.005049873101825765,embedding_pca
esmif_PC147,-0.00680346835495429,0.01685913860662883,0.00680346835495429,embedding_pca
esmif_PC148,0.0019374444070657654,0.008352595041021888,0.0019374444070657654,embedding_pca
esmif_PC149,0.0052755276179537085,0.02234288444917487,0.0052755276179537085,embedding_pca
esmif_PC150,-0.018089301105042192,0.010386535684616918,0.018089301105042192,embedding_pca
esmif_PC151,-0.027825248154715477,0.016486193086961504,0.027825248154715477,embedding_pca
esmif_PC152,0.011119641316393864,0.011325784700582698,0.011119641316393864,embedding_pca
esmif_PC153,0.011295969470033298,0.01692168069278958,0.011295969470033298,embedding_pca
esmif_PC154,-0.0046339572905200995,0.009792224631311684,0.0046339572905200995,embedding_pca
esmif_PC155,0.0027014488355413258,0.023113308009118996,0.0027014488355413258,embedding_pca
esmif_PC156,-0.0034805845137814645,0.008650950785504149,0.0034805845137814645,embedding_pca
esmif_PC157,-0.011105738029045064,0.009893305523107876,0.011105738029045064,embedding_pca
esmif_PC158,-0.001921399072201673,0.00566104972239307,0.001921399072201673,embedding_pca
esmif_PC159,-0.006410656567098836,0.010372408127830624,0.006410656567098836,embedding_pca
esmif_PC160,-0.0030597415024574866,0.011573319868049332,0.0030597415024574866,embedding_pca
esmif_PC161,0.0027341462912846733,0.021034552265291,0.0027341462912846733,embedding_pca
esmif_PC162,-0.0011193021050087842,0.007300308839418358,0.0011193021050087842,embedding_pca
esmif_PC163,0.0038029567031349063,0.017136848078459173,0.0038029567031349063,embedding_pca
esmif_PC164,-0.010480598630668945,0.007582999634497106,0.010480598630668945,embedding_pca
esmif_PC165,-0.000478029568042496,0.022260166256816514,0.000478029568042496,embedding_pca
esmif_PC166,0.00042225611317064785,0.02274809621504507,0.00042225611317064785,embedding_pca
esmif_PC167,0.016501176105518635,0.01896696005529357,0.016501176105518635,embedding_pca
esmif_PC168,-0.0066144829435144815,0.007498060933412517,0.0066144829435144815,embedding_pca
esmif_PC169,0.00728473166045044,0.022441985737625274,0.00728473166045044,embedding_pca
esmif_PC170,-0.01152311874956124,0.025639638386650898,0.01152311874956124,embedding_pca
esmif_PC171,0.026398798948131474,0.008073686097823616,0.026398798948131474,embedding_pca
esmif_PC172,-0.015299008895740821,0.016988381114196233,0.015299008895740821,embedding_pca
esmif_PC173,0.011527633880155291,0.0381266121397125,0.011527633880155291,embedding_pca
esmif_PC174,-0.004347083319001356,0.03033520513722851,0.004347083319001356,embedding_pca
esmif_PC175,0.002722051420453133,0.009590366853065429,0.002722051420453133,embedding_pca
esmif_PC176,-0.015917874190479527,0.010518963283491462,0.015917874190479527,embedding_pca
esmif_PC177,0.015096405423758627,0.014774706921313382,0.015096405423758627,embedding_pca
esmif_PC178,-0.012992925796529164,0.024081349873580394,0.012992925796529164,embedding_pca
esmif_PC179,-0.009701568720939205,0.02221584472034127,0.009701568720939205,embedding_pca
esmif_PC180,-0.0051252179241863816,0.021917828416012433,0.0051252179241863816,embedding_pca
esmif_PC181,0.008732534523808124,0.02661439797493357,0.008732534523808124,embedding_pca
esmif_PC182,0.009573364818727592,0.018121470340993834,0.009573364818727592,embedding_pca
esmif_PC183,-0.005274909783829602,0.019482862286416446,0.005274909783829602,embedding_pca
esmif_PC184,0.011761306571067526,0.013390829357390156,0.011761306571067526,embedding_pca
esmif_PC185,0.009992295940986603,0.01696033264710322,0.009992295940986603,embedding_pca
esmif_PC186,0.02721826703805147,0.019420329607865827,0.02721826703805147,embedding_pca
esmif_PC187,-0.00124316487875685,0.02157248283601092,0.00124316487875685,embedding_pca
esmif_PC188,-0.007818260990758708,0.014626391687559312,0.007818260990758708,embedding_pca
esmif_PC189,0.013933053180694072,0.012553227566577504,0.013933053180694072,embedding_pca
esmif_PC190,0.006812755973616634,0.01641947884093485,0.006812755973616634,embedding_pca
esmif_PC191,-0.008579813557000831,0.013448258158079252,0.008579813557000831,embedding_pca
esmif_PC192,-0.0034071708121844206,0.013425362949061345,0.0034071708121844206,embedding_pca
esmif_PC193,-0.007893321580566154,0.00936629076122796,0.007893321580566154,embedding_pca
esmif_PC194,-0.00345443361564709,0.01562559804839471,0.00345443361564709,embedding_pca
esmif_PC195,0.0025875826434786195,0.015767620305575592,0.0025875826434786195,embedding_pca
esmif_PC196,-0.017966607452030464,0.01064003307250824,0.017966607452030464,embedding_pca
esmif_PC197,-0.004084779994569672,0.02081937249987594,0.004084779994569672,embedding_pca
esmif_PC198,0.005865497539354886,0.005693465738612552,0.005865497539354886,embedding_pca
esmif_PC199,-0.0007667206018023454,0.014456348085381621,0.0007667206018023454,embedding_pca
esmif_PC200,-0.009004824367421487,0.008658859903300712,0.009004824367421487,embedding_pca
esmif_PC201,-0.010792063595700641,0.01674440734182635,0.010792063595700641,embedding_pca
esmif_PC202,-0.010770751160674902,0.022047420766349687,0.010770751160674902,embedding_pca
esmif_PC203,-0.012502049732443834,0.011881277210133948,0.012502049732443834,embedding_pca
esmif_PC204,-0.0020392383204675246,0.017019311617822625,0.0020392383204675246,embedding_pca
esmif_PC205,-0.006951402009525226,0.008803749462702652,0.006951402009525226,embedding_pca
esmif_PC206,0.0128141448405848,0.010396565582713275,0.0128141448405848,embedding_pca
esmif_PC207,0.0024326362416096123,0.023948530655179753,0.0024326362416096123,embedding_pca
esmif_PC208,-0.016721525154995122,0.015622174883882059,0.016721525154995122,embedding_pca
esmif_PC209,-0.006887632433479801,0.010952923841280016,0.006887632433479801,embedding_pca
esmif_PC210,-0.0020653897320780214,0.02023308854800854,0.0020653897320780214,embedding_pca
esmif_PC211,-0.010816444267011427,0.017194247080761026,0.010816444267011427,embedding_pca
esmif_PC212,-0.004420215673566529,0.01900845842225782,0.004420215673566529,embedding_pca
esmif_PC213,-0.004052631838016346,0.011724124878025696,0.004052631838016346,embedding_pca
esmif_PC214,0.0035142638741448955,0.025488525618229254,0.0035142638741448955,embedding_pca
esmif_PC215,0.014255862670404245,0.01550417186023159,0.014255862670404245,embedding_pca
esmif_PC216,0.006892264316519368,0.009282249111467782,0.006892264316519368,embedding_pca
esmif_PC217,0.008229181349245095,0.007048940205588567,0.008229181349245095,embedding_pca
esmif_PC218,0.005152167210062717,0.018438426094117534,0.005152167210062717,embedding_pca
esmif_PC219,0.005434717321150123,0.023073764174228337,0.005434717321150123,embedding_pca
esmif_PC220,0.00917045553854962,0.02266108540532346,0.00917045553854962,embedding_pca
esmif_PC221,-0.0034315392277098856,0.014649303300807482,0.0034315392277098856,embedding_pca
esmif_PC222,-0.021839219272747453,0.017716097036971162,0.021839219272747453,embedding_pca
esmif_PC223,0.0035205052825419774,0.019744723517155442,0.0035205052825419774,embedding_pca
esmif_PC224,-0.007798621336742226,0.017847853040093852,0.007798621336742226,embedding_pca
esmif_PC225,0.010282015908572997,0.030246588195324716,0.010282015908572997,embedding_pca
esmif_PC226,-0.008959384238839463,0.019337617637850225,0.008959384238839463,embedding_pca
esmif_PC227,-0.0008110243618753294,0.01347602027213496,0.0008110243618753294,embedding_pca
esmif_PC228,0.004113039803232932,0.00810259119699431,0.004113039803232932,embedding_pca
esmif_PC229,0.011708536340684753,0.015450376398792535,0.011708536340684753,embedding_pca
esmif_PC230,-0.00382835198658064,0.013318568760882582,0.00382835198658064,embedding_pca
esmif_PC231,0.0043082739750232284,0.008968523393933786,0.0043082739750232284,embedding_pca
esmif_PC232,-0.0005548666322442887,0.02297015692103584,0.0005548666322442887,embedding_pca
esmif_PC233,-0.003998208675021377,0.014774194666614338,0.003998208675021377,embedding_pca
esmif_PC234,0.005164900709383594,0.014729602678540222,0.005164900709383594,embedding_pca
esmif_PC235,0.01734145521909568,0.010646376081690083,0.01734145521909568,embedding_pca
esmif_PC236,-0.0014854357025484183,0.0095298307667563,0.0014854357025484183,embedding_pca
esmif_PC237,-0.0019978926878345014,0.029872894479830655,0.0019978926878345014,embedding_pca
esmif_PC238,-0.004135152630960275,0.019280193465028208,0.004135152630960275,embedding_pca
esmif_PC239,0.007787963823742023,0.021071801205677834,0.007787963823742023,embedding_pca
esmif_PC240,0.022333254336071723,0.00848342147932092,0.022333254336071723,embedding_pca
esmif_PC241,-0.008133024893740685,0.0188867663767055,0.008133024893740685,embedding_pca
esmif_PC242,-0.00885119540112186,0.014280229880998141,0.00885119540112186,embedding_pca
esmif_PC243,0.0041549253520026756,0.021081393119857125,0.0041549253520026756,embedding_pca
esmif_PC244,-0.01577162806801855,0.021171426528911352,0.01577162806801855,embedding_pca
esmif_PC245,-0.003935906486969796,0.012425114984238157,0.003935906486969796,embedding_pca
esmif_PC246,0.014996832054243464,0.016059353717609,0.014996832054243464,embedding_pca
esmif_PC247,0.005148566553656382,0.009400986726431549,0.005148566553656382,embedding_pca
esmif_PC248,-0.0160105752285394,0.012555471713512567,0.0160105752285394,embedding_pca
esmif_PC249,0.005828958156337384,0.020455082363329418,0.005828958156337384,embedding_pca
esmif_PC250,0.005714753882495513,0.015667159038224424,0.005714753882495513,embedding_pca
esmif_PC251,0.013128198570147473,0.02038105681780159,0.013128198570147473,embedding_pca
esmif_PC252,0.00495293774836156,0.009689562196268339,0.00495293774836156,embedding_pca
esmif_PC253,-0.00650759559686685,0.01550734264536491,0.00650759559686685,embedding_pca
esmif_PC254,-0.0023832054867348584,0.00808636473185404,0.0023832054867348584,embedding_pca
esmif_PC255,-0.005240042406570775,0.02418064352821979,0.005240042406570775,embedding_pca
esmif_PC256,0.005437112116713055,0.014269493347090165,0.005437112116713055,embedding_pca
esmif_PC257,-0.0029137418995429315,0.018814511290411427,0.0029137418995429315,embedding_pca
esmif_PC258,-0.0008229105438557385,0.025414975738440756,0.0008229105438557385,embedding_pca
esmif_PC259,-0.009043847029695625,0.01034808845093714,0.009043847029695625,embedding_pca
esmif_PC260,0.0064740035043424305,0.011675559632817507,0.0064740035043424305,embedding_pca
esmif_PC261,-0.009836377179522078,0.019450147080722943,0.009836377179522078,embedding_pca
esmif_PC262,-0.007267266722911251,0.007543901551119954,0.007267266722911251,embedding_pca
esmif_PC263,0.013963147585627158,0.01787049659574295,0.013963147585627158,embedding_pca
esmif_PC264,-0.0008708626767682373,0.02587372255866986,0.0008708626767682373,embedding_pca
esmif_PC265,0.006231655530728681,0.011835741972519482,0.006231655530728681,embedding_pca
esmif_PC266,0.0004251075442193844,0.020265836511851532,0.0004251075442193844,embedding_pca
esmif_PC267,-0.009947226229799471,0.006972683701520556,0.009947226229799471,embedding_pca
esmif_PC268,-0.00013422840732341124,0.01834019225333519,0.00013422840732341124,embedding_pca
esmif_PC269,0.01576804296166586,0.021541842115650234,0.01576804296166586,embedding_pca
esmif_PC270,-0.009702556854644436,0.02833756660781201,0.009702556854644436,embedding_pca
esmif_PC271,0.0026299523981504758,0.014843212899934096,0.0026299523981504758,embedding_pca
esmif_PC272,0.003306914435280566,0.013373154581012884,0.003306914435280566,embedding_pca
esmif_PC273,-0.008118504070152993,0.00989759477196019,0.008118504070152993,embedding_pca
esmif_PC274,-0.020308770591920676,0.018612113113347872,0.020308770591920676,embedding_pca
esmif_PC275,-0.0037908179864299487,0.002509449397881749,0.0037908179864299487,embedding_pca
esmif_PC276,0.0006311595270771745,0.0254821065675104,0.0006311595270771745,embedding_pca
esmif_PC277,0.013294009415986626,0.01726899960334059,0.013294009415986626,embedding_pca
esmif_PC278,-0.006868737768388406,0.030891886446678014,0.006868737768388406,embedding_pca
esmif_PC279,-0.0005145652805315651,0.01833278024119917,0.0005145652805315651,embedding_pca
esmif_PC280,-0.00827582326198804,0.011827759355051794,0.00827582326198804,embedding_pca
esmif_PC281,0.005702016019473588,0.010623663560353382,0.005702016019473588,embedding_pca
esmif_PC282,0.004399301963838609,0.016591769960983816,0.004399301963838609,embedding_pca
esmif_PC283,0.0039519744436001146,0.018379545325636702,0.0039519744436001146,embedding_pca
esmif_PC284,-0.0019557724318583665,0.030632188739927554,0.0019557724318583665,embedding_pca
esmif_PC285,-0.0069790178666076595,0.037121978696290206,0.0069790178666076595,embedding_pca
esmif_PC286,-0.0005183324177976105,0.011429050591034733,0.0005183324177976105,embedding_pca
esmif_PC287,0.01346514422089685,0.01790984334634512,0.01346514422089685,embedding_pca
esmif_PC288,0.0007154741420356464,0.024620956697431567,0.0007154741420356464,embedding_pca
esmif_PC289,-0.004692994185977029,0.025553327041478398,0.004692994185977029,embedding_pca
esmif_PC290,-0.008068800845263938,0.010722316707478174,0.008068800845263938,embedding_pca
esmif_PC291,0.02692692077113441,0.030009152287983985,0.02692692077113441,embedding_pca
esmif_PC292,0.008577427574128849,0.020582815372093357,0.008577427574128849,embedding_pca
esmif_PC293,0.0035651821225867316,0.022820526901109306,0.0035651821225867316,embedding_pca
esmif_PC294,-0.0015894438150993583,0.015156132294585777,0.0015894438150993583,embedding_pca
esmif_PC295,-0.0037670210104854204,0.040099539021692984,0.0037670210104854204,embedding_pca
esmif_PC296,0.0007338849577029092,0.019788836014740446,0.0007338849577029092,embedding_pca
esmif_PC297,0.006910979935289413,0.020469378471453862,0.006910979935289413,embedding_pca
esmif_PC298,0.012036108327374891,0.011986724393811658,0.012036108327374891,embedding_pca
esmif_PC299,-0.0001837889839658013,0.0063507396764525235,0.0001837889839658013,embedding_pca
esmif_PC300,0.012791057955645793,0.02190575368260385,0.012791057955645793,embedding_pca
esmif_PC301,-0.000982776007821959,0.017263379479508893,0.000982776007821959,embedding_pca
esmif_PC302,-0.007318012782257037,0.021807485218285263,0.007318012782257037,embedding_pca
esmif_PC303,0.00566090768786435,0.017183049639040833,0.00566090768786435,embedding_pca
esmif_PC304,-0.01026413680524715,0.029997593080865543,0.01026413680524715,embedding_pca
esmif_PC305,0.0010527027766028519,0.009422492194039032,0.0010527027766028519,embedding_pca
esmif_PC306,0.0008281075401306856,0.008614907061410791,0.0008281075401306856,embedding_pca
esmif_PC307,-0.011862811587402497,0.008690553229980792,0.011862811587402497,embedding_pca
esmif_PC308,0.0065290595283503325,0.015901899410920586,0.0065290595283503325,embedding_pca
esmif_PC309,-0.0036007509039523594,0.013371703932549934,0.0036007509039523594,embedding_pca
esmif_PC310,0.006472439664133389,0.016568147035736665,0.006472439664133389,embedding_pca
esmif_PC311,-6.424039275947576e-05,0.027372004662629196,6.424039275947576e-05,embedding_pca
esmif_PC312,-0.009523292229185468,0.014855985146432422,0.009523292229185468,embedding_pca
esmif_PC313,-0.004035199694682454,0.018510467969569178,0.004035199694682454,embedding_pca
esmif_PC314,-0.014009060695544548,0.014244654363467186,0.014009060695544548,embedding_pca
esmif_PC315,0.008612121781604583,0.021042803294996755,0.008612121781604583,embedding_pca
esmif_PC316,-0.008501911705220596,0.019390739111763786,0.008501911705220596,embedding_pca
esmif_PC317,-0.009997642157554876,0.007318312869885707,0.009997642157554876,embedding_pca
esmif_PC318,-0.0005765578000404226,0.02083263156896194,0.0005765578000404226,embedding_pca
esmif_PC319,0.006901760098298629,0.009920702202774197,0.006901760098298629,embedding_pca
esmif_PC320,0.009565499179620506,0.016494395659870754,0.009565499179620506,embedding_pca
esmif_PC321,0.005119311236119367,0.00634846691744677,0.005119311236119367,embedding_pca
esmif_PC322,-0.0021659344598253623,0.007022444949022556,0.0021659344598253623,embedding_pca
esmif_PC323,0.004494770061902781,0.021172507764419715,0.004494770061902781,embedding_pca
esmif_PC324,0.008877265483913108,0.016737663565784145,0.008877265483913108,embedding_pca
esmif_PC325,0.012131007347149373,0.019684066770188673,0.012131007347149373,embedding_pca
esmif_PC326,-0.01625195456984182,0.020226654675718336,0.01625195456984182,embedding_pca
esmif_PC327,0.008525745626074088,0.01554845768796576,0.008525745626074088,embedding_pca
esmif_PC328,-0.002053447440052218,0.02966180575760893,0.002053447440052218,embedding_pca
esmif_PC329,-0.0063982310167798985,0.019861632971770325,0.0063982310167798985,embedding_pca
esmif_PC330,0.006505821579547483,0.018463980451785,0.006505821579547483,embedding_pca
esmif_PC331,0.003521979886213397,0.027077583879058155,0.003521979886213397,embedding_pca
esmif_PC332,0.00021539155181278662,0.022646415275587365,0.00021539155181278662,embedding_pca
esmif_PC333,-0.005544485189769866,0.011432665249610096,0.005544485189769866,embedding_pca
esmif_PC334,0.010428360242931046,0.016230455564375267,0.010428360242931046,embedding_pca
esmif_PC335,0.00013411384876439082,0.010312794300667248,0.00013411384876439082,embedding_pca
esmif_PC336,0.002881792007281286,0.02151868424016134,0.002881792007281286,embedding_pca
esmif_PC337,-0.011262838048301258,0.01560526789586379,0.011262838048301258,embedding_pca
esmif_PC338,-0.002306100658586482,0.030968046737445482,0.002306100658586482,embedding_pca
esmif_PC339,-0.003948628979644179,0.011271507063841054,0.003948628979644179,embedding_pca
esmif_PC340,0.008042256943906026,0.012419415434445252,0.008042256943906026,embedding_pca
esmif_PC341,-0.008217339094818145,0.024744739805643085,0.008217339094818145,embedding_pca
esmif_PC342,-0.00043958684623026414,0.01362181528770168,0.00043958684623026414,embedding_pca
esmif_PC343,0.005332970516434599,0.02952819014445441,0.005332970516434599,embedding_pca
esmif_PC344,-0.0005645963909087608,0.005919696266735489,0.0005645963909087608,embedding_pca
esmif_PC345,-0.006019375778094164,0.020580384269583078,0.006019375778094164,embedding_pca
esmif_PC346,-0.0002965894522503086,0.022806430888732087,0.0002965894522503086,embedding_pca
esmif_PC347,-0.027934227547141637,0.014958578669948394,0.027934227547141637,embedding_pca
esmif_PC348,0.0007665230281642829,0.01833561329911697,0.0007665230281642829,embedding_pca
esmif_PC349,-0.014756292169264667,0.022299509939806696,0.014756292169264667,embedding_pca
esmif_PC350,0.01569167494703516,0.012147636553621279,0.01569167494703516,embedding_pca
esmif_PC351,0.003750123919799224,0.014051496596265794,0.003750123919799224,embedding_pca
esmif_PC352,0.005686697231210141,0.02218898172891249,0.005686697231210141,embedding_pca
esmif_PC353,0.007367325931606164,0.005114069249181556,0.007367325931606164,embedding_pca
esmif_PC354,0.0016461344190992465,0.016247723013872298,0.0016461344190992465,embedding_pca
esmif_PC355,0.010569511449380778,0.023321800927806335,0.010569511449380778,embedding_pca
esmif_PC356,0.011725811321379235,0.011268099221897249,0.011725811321379235,embedding_pca
esmif_PC357,0.014077698976914998,0.028823334283126136,0.014077698976914998,embedding_pca
esmif_PC358,-0.011550955877480121,0.020670704054611532,0.011550955877480121,embedding_pca
esmif_PC359,0.0006588172785788494,0.012999687942214868,0.0006588172785788494,embedding_pca
esmif_PC360,0.004168307066964272,0.025337075620164757,0.004168307066964272,embedding_pca
esmif_PC361,0.0049490689510152345,0.009251833000986169,0.0049490689510152345,embedding_pca
esmif_PC362,-0.01228619071658897,0.027135846838355866,0.01228619071658897,embedding_pca
esmif_PC363,-0.008379950529424819,0.017953393688582175,0.008379950529424819,embedding_pca
esmif_PC364,0.020874291852027944,0.00746883554643307,0.020874291852027944,embedding_pca
esmif_PC365,0.0014634646942917628,0.016643441736142395,0.0014634646942917628,embedding_pca
esmif_PC366,-0.008403715523050397,0.02282783738375148,0.008403715523050397,embedding_pca
esmif_PC367,-0.028880454015879832,0.010826090373175256,0.028880454015879832,embedding_pca
esmif_PC368,-0.003910334776001325,0.02215129005509901,0.003910334776001325,embedding_pca
esmif_PC369,0.02011732498829765,0.020831164171208,0.02011732498829765,embedding_pca
esmif_PC370,-0.0036152127786816994,0.005709230027719662,0.0036152127786816994,embedding_pca
esmif_PC371,0.01656940792283618,0.008160626282392157,0.01656940792283618,embedding_pca
esmif_PC372,0.01633936028567578,0.016090715482102617,0.01633936028567578,embedding_pca
esmif_PC373,-0.002811635214634181,0.009545860459058123,0.002811635214634181,embedding_pca
esmif_PC374,0.008383780028533405,0.027095173839495456,0.008383780028533405,embedding_pca
esmif_PC375,0.0029919124826572273,0.013052045122806619,0.0029919124826572273,embedding_pca
esmif_PC376,-0.010212545659573007,0.02611520239212999,0.010212545659573007,embedding_pca
esmif_PC377,-0.0018878381586687587,0.020019232287399585,0.0018878381586687587,embedding_pca
esmif_PC378,0.0029100930010548323,0.0177810869908086,0.0029100930010548323,embedding_pca
esmif_PC379,0.007036124435789709,0.018113084380333152,0.007036124435789709,embedding_pca
esmif_PC380,-0.007439161816687634,0.016861088467712917,0.007439161816687634,embedding_pca
esmif_PC381,0.0051379061909570395,0.01261283727163246,0.0051379061909570395,embedding_pca
esmif_PC382,0.009009447696202167,0.022500968323900722,0.009009447696202167,embedding_pca
esmif_PC383,0.0038491918178131987,0.013778335936873361,0.0038491918178131987,embedding_pca
esmif_PC384,-0.016244721587940884,0.011410286797181611,0.016244721587940884,embedding_pca
esmif_PC385,-0.004033745358866681,0.01544545429981088,0.004033745358866681,embedding_pca
esmif_PC386,-0.00048524593398136044,0.03540138652794088,0.00048524593398136044,embedding_pca
esmif_PC387,0.008406043188709881,0.01781294963079299,0.008406043188709881,embedding_pca
esmif_PC388,-0.0033829579638864453,0.024671739981310715,0.0033829579638864453,embedding_pca
esmif_PC389,0.009349774083980805,0.013358684159803636,0.009349774083980805,embedding_pca
esmif_PC390,-0.01902672020941486,0.01993442275659052,0.01902672020941486,embedding_pca
esmif_PC391,-0.007270222133942274,0.015232630102545676,0.007270222133942274,embedding_pca
esmif_PC392,-0.012985119400512632,0.020928903764868147,0.012985119400512632,embedding_pca
esmif_PC393,0.0021081317250505336,0.013982449139914413,0.0021081317250505336,embedding_pca
esmif_PC394,-0.012878985736681966,0.013712288334675096,0.012878985736681966,embedding_pca
esmif_PC395,0.0031586976947215475,0.009865837014562848,0.0031586976947215475,embedding_pca
esmif_PC396,0.013874015586754907,0.020356615194825678,0.013874015586754907,embedding_pca
esmif_PC397,0.004892121231945442,0.007240683044685282,0.004892121231945442,embedding_pca
esmif_PC398,-0.01659460703197897,0.011490609760878704,0.01659460703197897,embedding_pca
esmif_PC399,0.01721003986816578,0.018315657011648605,0.01721003986816578,embedding_pca
esmif_PC400,0.008758134248721615,0.01722919824494586,0.008758134248721615,embedding_pca
esmif_PC401,0.011897448199280956,0.011703204552020906,0.011897448199280956,embedding_pca
esmif_PC402,-0.0014704497240623847,0.01089472194377394,0.0014704497240623847,embedding_pca
esmif_PC403,0.006316928482242587,0.009737118992132894,0.006316928482242587,embedding_pca
esmif_PC404,-0.005487899827536847,0.020595121908557185,0.005487899827536847,embedding_pca
esmif_PC405,-0.012448445528153641,0.012226647424648024,0.012448445528153641,embedding_pca
esmif_PC406,-0.009864376583659764,0.011313164753956181,0.009864376583659764,embedding_pca
esmif_PC407,0.007666740693506292,0.02199359431464273,0.007666740693506292,embedding_pca
esmif_PC408,-0.017577070969370067,0.013813118202547211,0.017577070969370067,embedding_pca
esmif_PC409,-0.011560167472902456,0.018167370724251623,0.011560167472902456,embedding_pca
esmif_PC410,-0.001071656879076753,0.017930659186057574,0.001071656879076753,embedding_pca
esmif_PC411,0.0023923671575112166,0.01981139638010616,0.0023923671575112166,embedding_pca
esmif_PC412,0.013025646163148389,0.009620594142120685,0.013025646163148389,embedding_pca
esmif_PC413,-0.009423137771970427,0.021838188251014287,0.009423137771970427,embedding_pca
esmif_PC414,-0.015994679056042006,0.009517553985803359,0.015994679056042006,embedding_pca
esmif_PC415,0.007088310320656108,0.016406260982396365,0.007088310320656108,embedding_pca
esmif_PC416,0.005804851708339184,0.015437038503334994,0.005804851708339184,embedding_pca
esmif_PC417,-0.0026672817527235307,0.01436041059262272,0.0026672817527235307,embedding_pca
esmif_PC418,0.016579935439376987,0.011046728306417997,0.016579935439376987,embedding_pca
esmif_PC419,-0.008463327766174197,0.01167630539064948,0.008463327766174197,embedding_pca
esmif_PC420,-0.012035437192311592,0.010491825139484788,0.012035437192311592,embedding_pca
esmif_PC421,0.0005850011275253111,0.01982078597759323,0.0005850011275253111,embedding_pca
esmif_PC422,-0.003641413144279841,0.028807773766001434,0.003641413144279841,embedding_pca
esmif_PC423,-0.005239580525320863,0.027666817855873264,0.005239580525320863,embedding_pca
esmif_PC424,-0.008977844246258115,0.012590118330336587,0.008977844246258115,embedding_pca
esmif_PC425,0.009678988327906052,0.017651888407804617,0.009678988327906052,embedding_pca
esmif_PC426,-0.019404182972576463,0.012543531453883108,0.019404182972576463,embedding_pca
esmif_PC427,0.0038218373339337338,0.017494317028010704,0.0038218373339337338,embedding_pca
esmif_PC428,-0.02493596381063897,0.0066019380410090546,0.02493596381063897,embedding_pca
esmif_PC429,0.014212270003812357,0.019084427450727786,0.014212270003812357,embedding_pca
esmif_PC430,0.0067772265343440385,0.025963756961053203,0.0067772265343440385,embedding_pca
esmif_PC431,0.007892234063690258,0.011659109527448143,0.007892234063690258,embedding_pca
esmif_PC432,0.007872842448428138,0.0130667107096482,0.007872842448428138,embedding_pca
esmif_PC433,0.020427198606119697,0.016659282925031688,0.020427198606119697,embedding_pca
esmif_PC434,-0.006475284731530445,0.027754837867920826,0.006475284731530445,embedding_pca
esmif_PC435,0.007878481825010874,0.011654564232624951,0.007878481825010874,embedding_pca
esmif_PC436,0.008847334371762385,0.021296494185785386,0.008847334371762385,embedding_pca
esmif_PC437,0.007235881387301367,0.010107375185482484,0.007235881387301367,embedding_pca
esmif_PC438,0.010227888343440517,0.021785678314651245,0.010227888343440517,embedding_pca
esmif_PC439,0.008977347758957496,0.014138132017592682,0.008977347758957496,embedding_pca
esmif_PC440,0.008418106487409482,0.014756759740878787,0.008418106487409482,embedding_pca
esmif_PC441,0.0026866133109666028,0.009795814229730913,0.0026866133109666028,embedding_pca
esmif_PC442,0.003876901616973198,0.017150262974600008,0.003876901616973198,embedding_pca
esmif_PC443,0.011124384369756284,0.015037673318990826,0.011124384369756284,embedding_pca
esmif_PC444,-0.0011182189201883277,0.009191596250522897,0.0011182189201883277,embedding_pca
esmif_PC445,-0.0036648449634960807,0.0167389128331826,0.0036648449634960807,embedding_pca
esmif_PC446,-0.005313087892336438,0.017643439195380552,0.005313087892336438,embedding_pca
esmif_PC447,0.014717922773827555,0.026719952357023142,0.014717922773827555,embedding_pca
esmif_PC448,-0.007401675516921671,0.01664915984457775,0.007401675516921671,embedding_pca
esmif_PC449,-0.016211700599404404,0.01927523927936274,0.016211700599404404,embedding_pca
esmif_PC450,-0.0022454631610556797,0.010220937050062785,0.0022454631610556797,embedding_pca
esmif_PC451,0.009037632021921033,0.02465923619241504,0.009037632021921033,embedding_pca
esmif_PC452,-0.0067531456826182374,0.02802494027347957,0.0067531456826182374,embedding_pca
esmif_PC453,0.006850808558524842,0.030926386829166597,0.006850808558524842,embedding_pca
esmif_PC454,0.020319792199343018,0.015807111726946863,0.020319792199343018,embedding_pca
esmif_PC455,-0.0014440268281520736,0.011666673308552766,0.0014440268281520736,embedding_pca
esmif_PC456,-0.013138878856311232,0.02469913016844064,0.013138878856311232,embedding_pca
esmif_PC457,-0.0014851914867292867,0.022317472950028665,0.0014851914867292867,embedding_pca
esmif_PC458,-0.0024683290446845885,0.023512197763384833,0.0024683290446845885,embedding_pca
esmif_PC459,0.003700001036805974,0.010571615568441382,0.003700001036805974,embedding_pca
esmif_PC460,-0.007685450055339371,0.011122666703222386,0.007685450055339371,embedding_pca
esmif_PC461,-0.0008657316241678446,0.022606856795598845,0.0008657316241678446,embedding_pca
esmif_PC462,-0.005369527453836393,0.02424438597398503,0.005369527453836393,embedding_pca
esmif_PC463,-0.00341383472386243,0.015932204757872305,0.00341383472386243,embedding_pca
esmif_PC464,0.013061637182820263,0.014926434814117148,0.013061637182820263,embedding_pca
esmif_PC465,-0.001956371582147029,0.019896931584152042,0.001956371582147029,embedding_pca
esmif_PC466,0.0037675197732892863,0.010737717291998329,0.0037675197732892863,embedding_pca
esmif_PC467,0.0026001212742474125,0.023114645905786824,0.0026001212742474125,embedding_pca
esmif_PC468,-0.008970674175987825,0.019398764768018863,0.008970674175987825,embedding_pca
esmif_PC469,-0.0018127111679743766,0.02194016039816224,0.0018127111679743766,embedding_pca
esmif_PC470,-0.007627309696630708,0.016805939108137158,0.007627309696630708,embedding_pca
esmif_PC471,0.0036889191464184803,0.03249381909453416,0.0036889191464184803,embedding_pca
esmif_PC472,-0.010019254236422045,0.010179025735010666,0.010019254236422045,embedding_pca
esmif_PC473,0.01759011130879372,0.01890664458777494,0.01759011130879372,embedding_pca
esmif_PC474,0.016095045106024962,0.025725303483235186,0.016095045106024962,embedding_pca
esmif_PC475,-0.00028252717529778283,0.023962714948400566,0.00028252717529778283,embedding_pca
esmif_PC476,-0.00363903386432647,0.01262709598138577,0.00363903386432647,embedding_pca
esmif_PC477,-0.008653298956296799,0.01356033727404516,0.008653298956296799,embedding_pca
esmif_PC478,0.006229814495336273,0.01619541215906491,0.006229814495336273,embedding_pca
esmif_PC479,-0.012781207390006478,0.024379042724406184,0.012781207390006478,embedding_pca
esmif_PC480,-0.009632578677061101,0.017114830985057023,0.009632578677061101,embedding_pca
esmif_PC481,-0.008658368086321928,0.015850939662068582,0.008658368086321928,embedding_pca
esmif_PC482,-0.004768911005126833,0.01277516554043134,0.004768911005126833,embedding_pca
esmif_PC483,-0.01617143478545233,0.014421090281518271,0.01617143478545233,embedding_pca
esmif_PC484,0.010439646085343895,0.01417587265308521,0.010439646085343895,embedding_pca
esmif_PC485,0.0069661895521958795,0.01736085572525151,0.0069661895521958795,embedding_pca
esmif_PC486,0.0003604513667467517,0.015416945142935385,0.0003604513667467517,embedding_pca
esmif_PC487,0.0017713870928834877,0.03007227342305451,0.0017713870928834877,embedding_pca
esmif_PC488,-0.01017410345301122,0.00930609216890875,0.01017410345301122,embedding_pca
esmif_PC489,-0.0013259337606033165,0.011227418376769056,0.0013259337606033165,embedding_pca
esmif_PC490,-0.007986106329060222,0.021922507142478325,0.007986106329060222,embedding_pca
esmif_PC491,-0.02019775248744249,0.018600929665636614,0.02019775248744249,embedding_pca
esmif_PC492,-0.0022428927387915546,0.01912159455680075,0.0022428927387915546,embedding_pca
esmif_PC493,-0.005856145651320418,0.020192877864849405,0.005856145651320418,embedding_pca
esmif_PC494,0.005943944683014407,0.009451617060650246,0.005943944683014407,embedding_pca
esmif_PC495,-0.003866561960966622,0.01163264834442774,0.003866561960966622,embedding_pca
esmif_PC496,-0.011053429096833722,0.016265082237266908,0.011053429096833722,embedding_pca
esmif_PC497,-0.0029862923370117056,0.01309325805801956,0.0029862923370117056,embedding_pca
esmif_PC498,-0.005296353373680889,0.01850946983834825,0.005296353373680889,embedding_pca
esmif_PC499,-7.604613058948412e-05,0.021319416321466923,7.604613058948412e-05,embedding_pca
esmif_PC500,-0.00016988965045150253,0.014195006983215047,0.00016988965045150253,embedding_pca
esmif_PC501,0.004659524985959009,0.014628465290739426,0.004659524985959009,embedding_pca
esmif_PC502,-0.007874780276050165,0.022126670467412943,0.007874780276050165,embedding_pca
esmif_PC503,0.008020330033746043,0.025710854741993527,0.008020330033746043,embedding_pca
esmif_PC504,-0.002879288423794784,0.023474371018863797,0.002879288423794784,embedding_pca
esmif_PC505,0.011000055586858801,0.015062211578005927,0.011000055586858801,embedding_pca
esmif_PC506,0.002040511767178296,0.018017911769440977,0.002040511767178296,embedding_pca
esmif_PC507,-0.00024245565336822317,0.015430570018509384,0.00024245565336822317,embedding_pca
esmif_PC508,0.0005102754340997335,0.013236397644744904,0.0005102754340997335,embedding_pca
esmif_PC509,-0.012564456363132182,0.005226015860469146,0.012564456363132182,embedding_pca
esmif_PC510,-0.004140368913282158,0.013844350081374315,0.004140368913282158,embedding_pca
esmif_PC511,0.012287469486538116,0.014762354441550999,0.012287469486538116,embedding_pca
esmif_PC512,-0.0007959635302716269,0.019125439469626398,0.0007959635302716269,embedding_pca
esmif_PC513,0.02351453728036442,0.02921390841385966,0.02351453728036442,embedding_pca
esmif_PC514,0.009308677210273055,0.01392713401631157,0.009308677210273055,embedding_pca
esmif_PC515,0.015290144534542763,0.016886902263830873,0.015290144534542763,embedding_pca
esmif_PC516,-0.0005780945854519862,0.014946841312835893,0.0005780945854519862,embedding_pca
esmif_PC517,0.004799723382795565,0.02269461554816369,0.004799723382795565,embedding_pca
esmif_PC518,-0.007767273833395688,0.006446887627704755,0.007767273833395688,embedding_pca
esmif_PC519,0.005410093275622458,0.011785934533792692,0.005410093275622458,embedding_pca
esmif_PC520,0.0022510451630449136,0.009821578198623702,0.0022510451630449136,embedding_pca
esmif_PC521,-0.0040936378682036425,0.01012921586449369,0.0040936378682036425,embedding_pca
esmif_PC522,-0.004475198274815411,0.01501125508479576,0.004475198274815411,embedding_pca
esmif_PC523,-0.0197802059477393,0.017381576323269855,0.0197802059477393,embedding_pca
esmif_PC524,0.0019644450503544446,0.012311950605958563,0.0019644450503544446,embedding_pca
esmif_PC525,-0.00677847994075161,0.012906271538204069,0.00677847994075161,embedding_pca
esmif_PC526,-0.003959212995642699,0.004917881565912218,0.003959212995642699,embedding_pca
esmif_PC527,0.010397159631330661,0.018988329133037954,0.010397159631330661,embedding_pca
esmif_PC528,-0.008736321121325738,0.021541432240486356,0.008736321121325738,embedding_pca
esmif_PC529,0.0016805456777446684,0.012558457708921403,0.0016805456777446684,embedding_pca
esmif_PC530,0.012768860529323158,0.02084988221112279,0.012768860529323158,embedding_pca
esmif_PC531,-0.00116106738048521,0.013132327513972168,0.00116106738048521,embedding_pca
esmif_PC532,-0.004343720325326469,0.005531260793686387,0.004343720325326469,embedding_pca
esmif_PC533,0.0026677972175139864,0.00317568076419014,0.0026677972175139864,embedding_pca
esmif_PC534,0.0069975420726669235,0.003481326983897133,0.0069975420726669235,embedding_pca
esmif_PC535,-0.0053965081272089165,0.019397991217032888,0.0053965081272089165,embedding_pca
esmif_PC536,0.01292437450410024,0.0166682092535758,0.01292437450410024,embedding_pca
esmif_PC537,-0.007035752682032187,0.017690458173673883,0.007035752682032187,embedding_pca
esmif_PC538,-0.0070945091591690865,0.006057382770743982,0.0070945091591690865,embedding_pca
esmif_PC539,0.0155076193176483,0.027253362527351464,0.0155076193176483,embedding_pca
esmif_PC540,0.00419841089580871,0.005963313613547758,0.00419841089580871,embedding_pca
esmif_PC541,0.0149018309312209,0.019746169325678874,0.0149018309312209,embedding_pca
esmif_PC542,-0.00544443641657407,0.012799952905170643,0.00544443641657407,embedding_pca
esmif_PC543,0.0006735458343892383,0.013136304077381167,0.0006735458343892383,embedding_pca
esmif_PC544,-0.007763323477540482,0.010143899837577082,0.007763323477540482,embedding_pca
esmif_PC545,0.004069101091743775,0.021930087347383304,0.004069101091743775,embedding_pca
esmif_PC546,0.009678427760784487,0.012652644114756651,0.009678427760784487,embedding_pca
esmif_PC547,0.013862112422478224,0.012962526184604375,0.013862112422478224,embedding_pca
esmif_PC548,-9.170707774878578e-05,0.027724429098392633,9.170707774878578e-05,embedding_pca
esmif_PC549,-0.01684921956997295,0.014224908524746754,0.01684921956997295,embedding_pca
esmif_PC550,-0.004780639671096258,0.013184219475809389,0.004780639671096258,embedding_pca
esmif_PC551,0.0008584161332726422,0.010444022090298058,0.0008584161332726422,embedding_pca
esmif_PC552,-0.0015012192546195696,0.010146336454273002,0.0015012192546195696,embedding_pca
esmif_PC553,0.000813353090598162,0.017349677275670078,0.000813353090598162,embedding_pca
esmif_PC554,-0.014929148643165005,0.00965457388431728,0.014929148643165005,embedding_pca
esmif_PC555,-0.012197775750341786,0.02228477504137666,0.012197775750341786,embedding_pca
esmif_PC556,-0.002416507905265503,0.016547562940527907,0.002416507905265503,embedding_pca
esmif_PC557,0.015213139890718244,0.02064494169277118,0.015213139890718244,embedding_pca
esmif_PC558,-0.009116693086385758,0.00924238227274286,0.009116693086385758,embedding_pca
esmif_PC559,0.004224256180684794,0.023681783835798186,0.004224256180684794,embedding_pca
esmif_PC560,0.0001346370439904557,0.014115544471311234,0.0001346370439904557,embedding_pca
esmif_PC561,-0.009993033275022354,0.02005307294618913,0.009993033275022354,embedding_pca
esmif_PC562,-0.014191254166590764,0.013435212302355419,0.014191254166590764,embedding_pca
esmif_PC563,-0.013021461554080982,0.021397971275866734,0.013021461554080982,embedding_pca
esmif_PC564,-0.007920189520894318,0.015565530065285634,0.007920189520894318,embedding_pca
esmif_PC565,-0.008882307622895429,0.008888383741521212,0.008882307622895429,embedding_pca
esmif_PC566,0.009089659423246197,0.012443537215652674,0.009089659423246197,embedding_pca
esmif_PC567,-0.013469258653447447,0.015531497398178455,0.013469258653447447,embedding_pca
esmif_PC568,0.0054170776379567406,0.01027090108006242,0.0054170776379567406,embedding_pca
esmif_PC569,0.001180962168290951,0.02258263260561903,0.001180962168290951,embedding_pca
esmif_PC570,0.0034005214377651125,0.01941640072663953,0.0034005214377651125,embedding_pca
esmif_PC571,0.0032205494237043525,0.013114503866793364,0.0032205494237043525,embedding_pca
esmif_PC572,-0.00800915544445244,0.019956461413183163,0.00800915544445244,embedding_pca
esmif_PC573,0.0021706571163147056,0.013844347663907818,0.0021706571163147056,embedding_pca
esmif_PC574,-0.0008771503007502145,0.03214028006283515,0.0008771503007502145,embedding_pca
esmif_PC575,0.010907565686162033,0.010452586631721997,0.010907565686162033,embedding_pca
esmif_PC576,0.002250305454539776,0.02091854503617093,0.002250305454539776,embedding_pca
esmif_PC577,0.008836499653960626,0.005496399997375906,0.008836499653960626,embedding_pca
esmif_PC578,-0.002636641415318189,0.028594315586592995,0.002636641415318189,embedding_pca
esmif_PC579,0.0160272438391121,0.013938217299014675,0.0160272438391121,embedding_pca
esmif_PC580,-0.0033820736860554687,0.012457708603140263,0.0033820736860554687,embedding_pca
esmif_PC581,-0.0006792752670939977,0.032503600756448724,0.0006792752670939977,embedding_pca
esmif_PC582,0.0007811200204053716,0.010999446713197485,0.0007811200204053716,embedding_pca
esmif_PC583,0.003599943987602724,0.0073133868068029784,0.003599943987602724,embedding_pca
esmif_PC584,8.039930296037668e-05,0.019614975313534424,8.039930296037668e-05,embedding_pca
esmif_PC585,-0.0001026111473273153,0.018340389586044163,0.0001026111473273153,embedding_pca
esmif_PC586,0.005164493212049245,0.012196952919520231,0.005164493212049245,embedding_pca
esmif_PC587,-0.011180571354300624,0.012361056725301056,0.011180571354300624,embedding_pca
esmif_PC588,-0.005367713315428432,0.012332681459290952,0.005367713315428432,embedding_pca
esmif_PC589,-0.012006286871477152,0.014062835266120205,0.012006286871477152,embedding_pca
esmif_PC590,-0.0006644067970700631,0.029586940965986176,0.0006644067970700631,embedding_pca
esmif_PC591,0.011805913953996664,0.022904404630772212,0.011805913953996664,embedding_pca
esmif_PC592,0.002261914144460634,0.009428162707463609,0.002261914144460634,embedding_pca
esmif_PC593,-0.0074663581964611245,0.019991515133801485,0.0074663581964611245,embedding_pca
esmif_PC594,0.003239860880766833,0.021738055589063367,0.003239860880766833,embedding_pca
esmif_PC595,0.01257089830488894,0.03162631307144747,0.01257089830488894,embedding_pca
esmif_PC596,0.0047509927992608935,0.020079774954759794,0.0047509927992608935,embedding_pca
esmif_PC597,-0.003823182859916229,0.018699759039764643,0.003823182859916229,embedding_pca
esmif_PC598,0.0026734330571243727,0.013902964571233894,0.0026734330571243727,embedding_pca
esmif_PC599,-0.014218933139347861,0.022115017735069836,0.014218933139347861,embedding_pca
esmif_PC600,-0.013042080151584628,0.017900450903316708,0.013042080151584628,embedding_pca
esmif_PC601,-0.001615821924605993,0.0072636582965716154,0.001615821924605993,embedding_pca
esmif_PC602,-0.01821225807754675,0.01597156608651768,0.01821225807754675,embedding_pca
esmif_PC603,0.0013177375251835616,0.01804667004192937,0.0013177375251835616,embedding_pca
esmif_PC604,0.005424149124162677,0.025984398943451937,0.005424149124162677,embedding_pca
esmif_PC605,0.0038164970012704775,0.013970246888355799,0.0038164970012704775,embedding_pca
esmif_PC606,-0.009165798020988145,0.02614958656019421,0.009165798020988145,embedding_pca
esmif_PC607,0.00544052788813761,0.010750124700805622,0.00544052788813761,embedding_pca
esmif_PC608,-0.011829660638551027,0.013169320709503838,0.011829660638551027,embedding_pca
esmif_PC609,0.004182053719984981,0.021738720296233468,0.004182053719984981,embedding_pca
esmif_PC610,0.0014055328800403222,0.02183358664923018,0.0014055328800403222,embedding_pca
esmif_PC611,-0.003899537684056862,0.013087337487268926,0.003899537684056862,embedding_pca
esmif_PC612,-0.013432934325920225,0.019764145369180707,0.013432934325920225,embedding_pca
esmif_PC613,0.0020441077393554253,0.02287190574832126,0.0020441077393554253,embedding_pca
esmif_PC614,-0.019669941977708265,0.008062357972489703,0.019669941977708265,embedding_pca
esmif_PC615,0.0006805517015811828,0.011739844214213941,0.0006805517015811828,embedding_pca
esmif_PC616,-0.006046900021571909,0.027764424747619983,0.006046900021571909,embedding_pca
esmif_PC617,-0.0033756606510299235,0.01788051898831464,0.0033756606510299235,embedding_pca
esmif_PC618,-0.0051727492129878,0.021377487772915267,0.0051727492129878,embedding_pca
esmif_PC619,-0.008819841482437068,0.0070542333653157464,0.008819841482437068,embedding_pca
esmif_PC620,0.002621922203299757,0.024509412628624636,0.002621922203299757,embedding_pca
esmif_PC621,-0.007043143581247527,0.01643794940238986,0.007043143581247527,embedding_pca
esmif_PC622,-0.0010165167483460638,0.01657521028354765,0.0010165167483460638,embedding_pca
esmif_PC623,0.004352947912508417,0.009329646119515478,0.004352947912508417,embedding_pca
esmif_PC624,0.001911107920651775,0.01436059156760989,0.001911107920651775,embedding_pca
esmif_PC625,-0.005053209099154766,0.020655792011314615,0.005053209099154766,embedding_pca
esmif_PC626,0.005572087617607786,0.015220982497679043,0.005572087617607786,embedding_pca
esmif_PC627,-0.009221089160792765,0.028969515612702865,0.009221089160792765,embedding_pca
esmif_PC628,0.0011861491637567066,0.01605507908644182,0.0011861491637567066,embedding_pca
esmif_PC629,0.0013512571793845717,0.016269491107836927,0.0013512571793845717,embedding_pca
esmif_PC630,-0.005277480955489031,0.009811886624617919,0.005277480955489031,embedding_pca
esmif_PC631,-0.00952248750018794,0.019135603665315783,0.00952248750018794,embedding_pca
esmif_PC632,-0.007116154211670622,0.01683672888804264,0.007116154211670622,embedding_pca
esmif_PC633,0.005527710867525808,0.02057123636390447,0.005527710867525808,embedding_pca
esmif_PC634,0.01705980770528694,0.025505067295516572,0.01705980770528694,embedding_pca
esmif_PC635,0.0031796157491259256,0.025956833954190846,0.0031796157491259256,embedding_pca
esmif_PC636,0.007791213593586144,0.018348024596029567,0.007791213593586144,embedding_pca
esmif_PC637,0.010290981545370871,0.021371238932795262,0.010290981545370871,embedding_pca
esmif_PC638,-0.006142689625131213,0.012475486188076272,0.006142689625131213,embedding_pca
esmif_PC639,0.019331219152165815,0.02408356151079513,0.019331219152165815,embedding_pca
esmif_PC640,0.0037088419218137504,0.009671516511088024,0.0037088419218137504,embedding_pca
esmif_PC641,-0.008419901303293292,0.010185503874821984,0.008419901303293292,embedding_pca
esmif_PC642,-0.00875987460328614,0.013722170859024765,0.00875987460328614,embedding_pca
esmif_PC643,-0.0014085767903120195,0.009305796927597032,0.0014085767903120195,embedding_pca
esmif_PC644,-0.007453827093436047,0.010767773084539146,0.007453827093436047,embedding_pca
esmif_PC645,0.009648117678319024,0.01891324472047506,0.009648117678319024,embedding_pca
esmif_PC646,-0.006370774519428905,0.02309873009575363,0.006370774519428905,embedding_pca
esmif_PC647,0.007122267066164351,0.025176676111149047,0.007122267066164351,embedding_pca
esmif_PC648,-0.003682570242333967,0.011365212602030734,0.003682570242333967,embedding_pca
esmif_PC649,-0.010080831104962718,0.01304037109444888,0.010080831104962718,embedding_pca
esmif_PC650,0.03012237286976178,0.02811302931213933,0.03012237286976178,embedding_pca
esmif_PC651,-0.0034812674908616644,0.0202208970026604,0.0034812674908616644,embedding_pca
esmif_PC652,0.003456523551140346,0.014932880818462078,0.003456523551140346,embedding_pca
esmif_PC653,-0.003682170321910621,0.008781453398895632,0.003682170321910621,embedding_pca
esmif_PC654,-0.006242804408043249,0.02435885277574723,0.006242804408043249,embedding_pca
esmif_PC655,0.01795106454286133,0.01637705078053101,0.01795106454286133,embedding_pca
esmif_PC656,0.013944452777216154,0.013267620794710375,0.013944452777216154,embedding_pca
esmif_PC657,0.010892991237535052,0.022635498303988824,0.010892991237535052,embedding_pca
esmif_PC658,0.006281829167613731,0.014292742481538029,0.006281829167613731,embedding_pca
esmif_PC659,0.0010435218788252363,0.021702832593812293,0.0010435218788252363,embedding_pca
esmif_PC660,0.009125140633291617,0.011445943699725741,0.009125140633291617,embedding_pca
esmif_PC661,0.007453942139133652,0.01334454457881128,0.007453942139133652,embedding_pca
esmif_PC662,0.004219796183182802,0.020573228154859468,0.004219796183182802,embedding_pca
esmif_PC663,0.0030260381597524014,0.004033566224588306,0.0030260381597524014,embedding_pca
esmif_PC664,0.0020247586347188133,0.017481716301401978,0.0020247586347188133,embedding_pca
esmif_PC665,0.0021404281107144617,0.015191066343669382,0.0021404281107144617,embedding_pca
esmif_PC666,0.004061255049543114,0.028256651742663938,0.004061255049543114,embedding_pca
esmif_PC667,-0.0038197483637491493,0.02315687512091852,0.0038197483637491493,embedding_pca
esmif_PC668,0.010858259063016403,0.006741508597952857,0.010858259063016403,embedding_pca
esmif_PC669,-0.007711928979991895,0.012116236258563366,0.007711928979991895,embedding_pca
esmif_PC670,0.0021277739924727528,0.02001669545955492,0.0021277739924727528,embedding_pca
esmif_PC671,-0.004061812868598215,0.010782626061500693,0.004061812868598215,embedding_pca
esmif_PC672,-0.012766934560446839,0.029439906436161855,0.012766934560446839,embedding_pca
esmif_PC673,-0.0075401825810380765,0.028954325977318816,0.0075401825810380765,embedding_pca
esmif_PC674,0.009095641026287187,0.018640416561560576,0.009095641026287187,embedding_pca
esmif_PC675,0.008990352026881322,0.02273972815425687,0.008990352026881322,embedding_pca
esmif_PC676,-0.0169715105764554,0.015428734271030827,0.0169715105764554,embedding_pca
esmif_PC677,-0.012391977950136792,0.022983852002760558,0.012391977950136792,embedding_pca
esmif_PC678,0.014821523051828179,0.02237645305269002,0.014821523051828179,embedding_pca
esmif_PC679,-0.0031504079774956166,0.010799244916689718,0.0031504079774956166,embedding_pca
esmif_PC680,0.01110408254939084,0.019928304192836848,0.01110408254939084,embedding_pca
esmif_PC681,0.006103857604988427,0.00847785458882495,0.006103857604988427,embedding_pca
esmif_PC682,-0.011054616851825235,0.023144548645831493,0.011054616851825235,embedding_pca
esmif_PC683,0.004808526522677481,0.012070110002026624,0.004808526522677481,embedding_pca
esmif_PC684,0.0009313104368140632,0.018537291752137638,0.0009313104368140632,embedding_pca
esmif_PC685,-0.0010578664813510497,0.02250521712460598,0.0010578664813510497,embedding_pca
esmif_PC686,-0.008059777588970935,0.010082612497743107,0.008059777588970935,embedding_pca
esmif_PC687,-0.0008576148145683355,0.013271507361036597,0.0008576148145683355,embedding_pca
esmif_PC688,-0.01411595950114693,0.01976309158468863,0.01411595950114693,embedding_pca
esmif_PC689,-0.0006641737589147447,0.019580654350855792,0.0006641737589147447,embedding_pca
esmif_PC690,-0.011612735838994883,0.012478275458116115,0.011612735838994883,embedding_pca
esmif_PC691,-0.010720969354622188,0.01754252244047692,0.010720969354622188,embedding_pca
esmif_PC692,-0.0010781123097567998,0.01732742178240832,0.0010781123097567998,embedding_pca
esmif_PC693,-0.0005009652640113931,0.011837942664125434,0.0005009652640113931,embedding_pca
esmif_PC694,0.0054958571939369445,0.013742532818655154,0.0054958571939369445,embedding_pca
esmif_PC695,0.00847391638088612,0.024709466535092723,0.00847391638088612,embedding_pca
esmif_PC696,-0.0027903732881968115,0.0153221990586494,0.0027903732881968115,embedding_pca
esmif_PC697,-0.0060541817763977695,0.007321436367491844,0.0060541817763977695,embedding_pca
esmif_PC698,-0.0037598293531511083,0.017695293466455084,0.0037598293531511083,embedding_pca
esmif_PC699,0.009979468769766672,0.009323502077145052,0.009979468769766672,embedding_pca
esmif_PC700,0.01251746399019273,0.015179260208529234,0.01251746399019273,embedding_pca
esmif_PC701,-0.012053872808131583,0.014582362815941339,0.012053872808131583,embedding_pca
esmif_PC702,0.011933477134594753,0.02765081362870377,0.011933477134594753,embedding_pca
esmif_PC703,0.0032056643057209247,0.004519799654487382,0.0032056643057209247,embedding_pca
esmif_PC704,0.004189811075838515,0.0250905990765144,0.004189811075838515,embedding_pca
esmif_PC705,-0.004764577303344385,0.009522235836002901,0.004764577303344385,embedding_pca
esmif_PC706,-0.0011185529321998497,0.01233593893991984,0.0011185529321998497,embedding_pca
esmif_PC707,-0.00260461607736267,0.01767408290180364,0.00260461607736267,embedding_pca
esmif_PC708,0.01058965151888076,0.011639887448015578,0.01058965151888076,embedding_pca
esmif_PC709,0.012546786627219694,0.01932869686536914,0.012546786627219694,embedding_pca
esmif_PC710,-0.0027341213534636797,0.014193522043781088,0.0027341213534636797,embedding_pca
esmif_PC711,-0.0019865665020306496,0.016334201931866146,0.0019865665020306496,embedding_pca
esmif_PC712,-0.010197608002645074,0.0168675727488356,0.010197608002645074,embedding_pca
esmif_PC713,0.0002811921924544952,0.025410257550297227,0.0002811921924544952,embedding_pca
esmif_PC714,-0.00902724934050129,0.008210839513706663,0.00902724934050129,embedding_pca
esmif_PC715,-0.00024249335210172127,0.020402144448931726,0.00024249335210172127,embedding_pca
esmif_PC716,0.002286282563882632,0.009156991109084932,0.002286282563882632,embedding_pca
esmif_PC717,0.006090230947097364,0.01893296580319432,0.006090230947097364,embedding_pca
esmif_PC718,-0.000666924162157706,0.015425116086876196,0.000666924162157706,embedding_pca
esmif_PC719,-0.004810140719326515,0.010584652584401772,0.004810140719326515,embedding_pca
esmif_PC720,-0.0008035033615080645,0.016029986331757663,0.0008035033615080645,embedding_pca
esmif_PC721,-0.013731069533170822,0.017507553500862014,0.013731069533170822,embedding_pca
esmif_PC722,0.009402603199016219,0.024929910951364882,0.009402603199016219,embedding_pca
esmif_PC723,0.004259387036628877,0.0151567850235054,0.004259387036628877,embedding_pca
esmif_PC724,0.0008369057237177738,0.019693372429504315,0.0008369057237177738,embedding_pca
esmif_PC725,-0.002314439527972158,0.02640029677516932,0.002314439527972158,embedding_pca
esmif_PC726,0.007539798729688396,0.018943271138547515,0.007539798729688396,embedding_pca
esmif_PC727,0.004864574198158041,0.025296146753523346,0.004864574198158041,embedding_pca
esmif_PC728,-0.00658433437058808,0.004957303066900214,0.00658433437058808,embedding_pca
esmif_PC729,0.0029504249274227394,0.021157968503819423,0.0029504249274227394,embedding_pca
esmif_PC730,-0.006716308852304581,0.029924738146281837,0.006716308852304581,embedding_pca
esmif_PC731,0.007425419126468856,0.023862199199720973,0.007425419126468856,embedding_pca
esmif_PC732,0.0001603917435934809,0.016560647679106612,0.0001603917435934809,embedding_pca
esmif_PC733,-0.0003485340110832326,0.015034872980179121,0.0003485340110832326,embedding_pca
esmif_PC734,0.00957526730936465,0.015548941289677596,0.00957526730936465,embedding_pca
esmif_PC735,0.0041599955181619575,0.006187311196835733,0.0041599955181619575,embedding_pca
esmif_PC736,-0.010253075598821156,0.016751491429214133,0.010253075598821156,embedding_pca
esmif_PC737,-0.0009502655292191756,0.012138430455607705,0.0009502655292191756,embedding_pca
esmif_PC738,0.005523841640478339,0.016466666718724904,0.005523841640478339,embedding_pca
esmif_PC739,0.0014343342456901707,0.017586622535521103,0.0014343342456901707,embedding_pca
esmif_PC740,0.008077117560016028,0.019423789673031874,0.008077117560016028,embedding_pca
esmif_PC741,-0.015304807267149462,0.012428165458004342,0.015304807267149462,embedding_pca
esmif_PC742,-0.004154563516700559,0.012904586413939904,0.004154563516700559,embedding_pca
esmif_PC743,0.006876416687023544,0.013053706593156357,0.006876416687023544,embedding_pca
esmif_PC744,0.0035167628240362512,0.02180573715600226,0.0035167628240362512,embedding_pca
esmif_PC745,0.0009036604464227993,0.026336658458366195,0.0009036604464227993,embedding_pca
esmif_PC746,0.002078917833417527,0.020057178564206708,0.002078917833417527,embedding_pca
esmif_PC747,0.00713502642656452,0.00976031329689662,0.00713502642656452,embedding_pca
esmif_PC748,0.006349633845305394,0.01678606407211289,0.006349633845305394,embedding_pca
esmif_PC749,0.005051720815276528,0.00814516552992411,0.005051720815276528,embedding_pca
esmif_PC750,-0.009638568200926362,0.008171199698084422,0.009638568200926362,embedding_pca
esmif_PC751,0.009109513128388473,0.009071187678716366,0.009109513128388473,embedding_pca
esmif_PC752,0.0063621912284541155,0.004446620158189234,0.0063621912284541155,embedding_pca
esmif_PC753,-0.016036895425289348,0.028683332512121826,0.016036895425289348,embedding_pca
esmif_PC754,0.0023762191433060464,0.024753844045091435,0.0023762191433060464,embedding_pca
esmif_PC755,0.008191370093170263,0.019311819722711895,0.008191370093170263,embedding_pca
esmif_PC756,0.010414554333991122,0.017380887245000375,0.010414554333991122,embedding_pca
esmif_PC757,0.004499162492256676,0.020919026982788615,0.004499162492256676,embedding_pca
esmif_PC758,0.005434862407473169,0.008274053190699645,0.005434862407473169,embedding_pca
esmif_PC759,0.011447178214243504,0.010769408250875112,0.011447178214243504,embedding_pca
esmif_PC760,-0.009323527173828,0.013411258410909652,0.009323527173828,embedding_pca
esmif_PC761,0.007040770676755781,0.004842632310255006,0.007040770676755781,embedding_pca
esmif_PC762,0.012223298508973112,0.005698723308243564,0.012223298508973112,embedding_pca
esmif_PC763,0.002560929052128026,0.018706453460234737,0.002560929052128026,embedding_pca
esmif_PC764,0.0011413068962033395,0.017313220076446735,0.0011413068962033395,embedding_pca
esmif_PC765,-0.008804629235698533,0.024089875400391387,0.008804629235698533,embedding_pca
esmif_PC766,0.0038850630443560464,0.009424872911220501,0.0038850630443560464,embedding_pca
esmif_PC767,-0.0009110414789184548,0.01632454036648394,0.0009110414789184548,embedding_pca
esmif_PC768,0.0044148049228383435,0.01057791503316545,0.0044148049228383435,embedding_pca
esmif_PC769,-0.01410967416754302,0.010868394129067944,0.01410967416754302,embedding_pca
esmif_PC770,-0.008515975912049747,0.01696428957252038,0.008515975912049747,embedding_pca
esmif_PC771,-0.0019688932393038304,0.012181203155339913,0.0019688932393038304,embedding_pca
esmif_PC772,-0.01290632251332969,0.01854271868008222,0.01290632251332969,embedding_pca
esmif_PC773,0.0012095761466607798,0.011382416452887496,0.0012095761466607798,embedding_pca
esmif_PC774,0.0033670978773625406,0.012195577933792882,0.0033670978773625406,embedding_pca
esmif_PC775,-0.0021662564577136084,0.01367809148263579,0.0021662564577136084,embedding_pca
esmif_PC776,-0.006641187421936696,0.0039446782780445284,0.006641187421936696,embedding_pca
esmif_PC777,-0.005788971233291041,0.012882236523977799,0.005788971233291041,embedding_pca
esmif_PC778,-0.00039493030509228194,0.007162515353297427,0.00039493030509228194,embedding_pca
esmif_PC779,0.0005392067123836306,0.02030685979178302,0.0005392067123836306,embedding_pca
esmif_PC780,0.027042770782512177,0.01656218600970089,0.027042770782512177,embedding_pca
esmif_PC781,0.02044891973944458,0.02212404615110591,0.02044891973944458,embedding_pca
esmif_PC782,-0.004874250804986681,0.007602330562955721,0.004874250804986681,embedding_pca
esmif_PC783,-0.011897354622718672,0.013724522670602741,0.011897354622718672,embedding_pca
esmif_PC784,-0.0035473664904364364,0.01099871673969091,0.0035473664904364364,embedding_pca
esmif_PC785,-0.0057673504329933635,0.014111324775029513,0.0057673504329933635,embedding_pca
esmif_PC786,0.0009977869343325715,0.020648898030747653,0.0009977869343325715,embedding_pca
esmif_PC787,-0.008237794981273338,0.013961028043536172,0.008237794981273338,embedding_pca
esmif_PC788,-0.0009554005280648044,0.020743561029815897,0.0009554005280648044,embedding_pca
esmif_PC789,-0.005025201337903828,0.02551208702403539,0.005025201337903828,embedding_pca
esmif_PC790,0.005293702547533216,0.01797458503994181,0.005293702547533216,embedding_pca
esmif_PC791,0.009596309195431734,0.007755617085902556,0.009596309195431734,embedding_pca
esmif_PC792,0.002818506851769091,0.022603213842590432,0.002818506851769091,embedding_pca
esmif_PC793,-0.0004905564895678245,0.01576806149579608,0.0004905564895678245,embedding_pca
esmif_PC794,-0.0016918811539011328,0.009054002464721114,0.0016918811539011328,embedding_pca
esmif_PC795,0.002176101919264528,0.015725592603929764,0.002176101919264528,embedding_pca
esmif_PC796,-0.008038401774273816,0.009487894405689526,0.008038401774273816,embedding_pca
esmif_PC797,-0.001309984469638119,0.023294708542881824,0.001309984469638119,embedding_pca
esmif_PC798,-0.00472296272429174,0.014619005878031747,0.00472296272429174,embedding_pca
esmif_PC799,0.003710085390188823,0.01332911701822202,0.003710085390188823,embedding_pca
esmif_PC800,-0.0008210755740018588,0.01601660423961386,0.0008210755740018588,embedding_pca
esmif_PC801,-0.002490446952599098,0.017734157612655187,0.002490446952599098,embedding_pca
esmif_PC802,-0.010752425746735666,0.013021783656595667,0.010752425746735666,embedding_pca
esmif_PC803,0.004880249188383104,0.004988747469712872,0.004880249188383104,embedding_pca
esmif_PC804,0.01300115257281037,0.009538264706669814,0.01300115257281037,embedding_pca
esmif_PC805,0.0031580586772293486,0.009812422736878655,0.0031580586772293486,embedding_pca
esmif_PC806,-0.011289040854931721,0.02135075900064732,0.011289040854931721,embedding_pca
esmif_PC807,0.015101478173184728,0.006290458177124006,0.015101478173184728,embedding_pca
esmif_PC808,-0.002455328145021231,0.008656728710716448,0.002455328145021231,embedding_pca
esmif_PC809,-0.0009621304987875064,0.015051294114868835,0.0009621304987875064,embedding_pca
esmif_PC810,0.0017470899879340265,0.01320767496577531,0.0017470899879340265,embedding_pca
esmif_PC811,0.009632915123677763,0.014412417801420071,0.009632915123677763,embedding_pca
esmif_PC812,0.011070314488798975,0.006216541011345531,0.011070314488798975,embedding_pca
esmif_PC813,0.01831612225316539,0.017951439845665534,0.01831612225316539,embedding_pca
esmif_PC814,0.0029344783534546214,0.019300118428164356,0.0029344783534546214,embedding_pca
esmif_PC815,0.011570510679166928,0.014077923116960099,0.011570510679166928,embedding_pca
esmif_PC816,-0.0031604864502943466,0.029797844600234893,0.0031604864502943466,embedding_pca
esmif_PC817,-0.006689342809272028,0.007383671056089804,0.006689342809272028,embedding_pca
esmif_PC818,-0.00536425103683026,0.009238047343104135,0.00536425103683026,embedding_pca
esmif_PC819,0.007559970392572397,0.014879273240747923,0.007559970392572397,embedding_pca
esmif_PC820,-0.0029202009269765445,0.0161256141214777,0.0029202009269765445,embedding_pca
esmif_PC821,0.0005184636719770617,0.012256125225592688,0.0005184636719770617,embedding_pca
esmif_PC822,-0.0013440713032682398,0.01738570770124062,0.0013440713032682398,embedding_pca
esmif_PC823,-0.01036258232419132,0.011705789106649466,0.01036258232419132,embedding_pca
esmif_PC824,-0.0012816131742356674,0.011965446136960966,0.0012816131742356674,embedding_pca
esmif_PC825,0.007320816745372735,0.017150272070452728,0.007320816745372735,embedding_pca
esmif_PC826,0.003431858853646307,0.012380815804669952,0.003431858853646307,embedding_pca
esmif_PC827,-0.0038743718667498205,0.02263044520225824,0.0038743718667498205,embedding_pca
esmif_PC828,-0.00025269372809117867,0.019610974555701502,0.00025269372809117867,embedding_pca
esmif_PC829,0.008924742601043372,0.019731790526546274,0.008924742601043372,embedding_pca
esmif_PC830,-0.001979876716800697,0.013136542435084383,0.001979876716800697,embedding_pca
esmif_PC831,0.0011154153645993974,0.01858462172662904,0.0011154153645993974,embedding_pca
esmif_PC832,0.01360001268497663,0.012106180538267073,0.01360001268497663,embedding_pca
esmif_PC833,-0.008755191240665823,0.006936342737523696,0.008755191240665823,embedding_pca
esmif_PC834,0.009102678501885434,0.007135252538592032,0.009102678501885434,embedding_pca
esmif_PC835,-0.00501471881595132,0.01468933380761766,0.00501471881595132,embedding_pca
esmif_PC836,0.002719026550591575,0.01571990910663087,0.002719026550591575,embedding_pca
esmif_PC837,-0.007066941858123144,0.029696969320034437,0.007066941858123144,embedding_pca
esmif_PC838,-0.002765783695302661,0.011815735879514466,0.002765783695302661,embedding_pca
esmif_PC839,-0.030146676489096608,0.029242226034752582,0.030146676489096608,embedding_pca
esmif_PC840,0.004612876940633698,0.015019527073697034,0.004612876940633698,embedding_pca
esmif_PC841,0.00022560890699259306,0.00884498939138712,0.00022560890699259306,embedding_pca
esmif_PC842,-0.014220060526314549,0.011650689269558905,0.014220060526314549,embedding_pca
esmif_PC843,-0.011345378090688658,0.016162379018642755,0.011345378090688658,embedding_pca
esmif_PC844,-0.007985155232394795,0.02813929703739378,0.007985155232394795,embedding_pca
esmif_PC845,-0.015620071593491764,0.0127850835281171,0.015620071593491764,embedding_pca
esmif_PC846,-0.010390617919507478,0.022225870373282275,0.010390617919507478,embedding_pca
esmif_PC847,2.6843548967331754e-05,0.012729265747812631,2.6843548967331754e-05,embedding_pca
esmif_PC848,-0.0009172597776877847,0.027567449965555997,0.0009172597776877847,embedding_pca
esmif_PC849,0.01205684831750746,0.020156899133328108,0.01205684831750746,embedding_pca
esmif_PC850,0.006011665457037477,0.016053238138113556,0.006011665457037477,embedding_pca
esmif_PC851,-0.00029009703723052553,0.008295483206851409,0.00029009703723052553,embedding_pca
esmif_PC852,-0.00800639062534923,0.015106160988784848,0.00800639062534923,embedding_pca
esmif_PC853,0.006593370596898853,0.026335740363427465,0.006593370596898853,embedding_pca
esmif_PC854,0.004993574750758039,0.021366940678423738,0.004993574750758039,embedding_pca
esmif_PC855,0.0036762472479959602,0.009486723663098669,0.0036762472479959602,embedding_pca
esmif_PC856,-0.00655760603197845,0.011894823985339057,0.00655760603197845,embedding_pca
esmif_PC857,-0.008435942200629312,0.015957123425648617,0.008435942200629312,embedding_pca
esmif_PC858,0.005004874230482558,0.011966797184162938,0.005004874230482558,embedding_pca
esmif_PC859,0.010875161459456464,0.00609340147169171,0.010875161459456464,embedding_pca
esmif_PC860,0.004711527207681259,0.012812801201203464,0.004711527207681259,embedding_pca
esmif_PC861,0.0010290002753916756,0.01993936064672663,0.0010290002753916756,embedding_pca
esmif_PC862,0.0018631441567849756,0.004712567964176837,0.0018631441567849756,embedding_pca
esmif_PC863,0.001860113533781603,0.013193371095686851,0.001860113533781603,embedding_pca
esmif_PC864,-0.004497740441752857,0.017055861295328958,0.004497740441752857,embedding_pca
esmif_PC865,-0.015881629654218028,0.017736520375949996,0.015881629654218028,embedding_pca
esmif_PC866,-0.01264964168003487,0.011306489949060156,0.01264964168003487,embedding_pca
esmif_PC867,-0.008577450969192523,0.02190955967558706,0.008577450969192523,embedding_pca
esmif_PC868,-0.01678149160911647,0.01936478808101875,0.01678149160911647,embedding_pca
esmif_PC869,1.643085497370078e-05,0.029827501015914765,1.643085497370078e-05,embedding_pca
esmif_PC870,-0.012230570108397381,0.02196906306848497,0.012230570108397381,embedding_pca
esmif_PC871,-0.007971054152159701,0.024706510551881094,0.007971054152159701,embedding_pca
esmif_PC872,-0.0031999921281412186,0.011136240590208594,0.0031999921281412186,embedding_pca
esmif_PC873,-0.008842631016274312,0.017115053354329245,0.008842631016274312,embedding_pca
esmif_PC874,0.0012788704298122252,0.017459003674257755,0.0012788704298122252,embedding_pca
esmif_PC875,0.0029475387252583763,0.019344919616311407,0.0029475387252583763,embedding_pca
esmif_PC876,-0.0009860765217492168,0.012296740324242736,0.0009860765217492168,embedding_pca
esmif_PC877,0.0127914870166673,0.0063705701206434855,0.0127914870166673,embedding_pca
esmif_PC878,-0.001492905488634282,0.020298277668414647,0.001492905488634282,embedding_pca
esmif_PC879,0.011249080583839699,0.013051795896167994,0.011249080583839699,embedding_pca
esmif_PC880,-0.0033676952887537874,0.013270667440502712,0.0033676952887537874,embedding_pca
esmif_PC881,-0.0021591066928513918,0.01946597933103254,0.0021591066928513918,embedding_pca
esmif_PC882,-0.0004222595820974879,0.0073071715377977945,0.0004222595820974879,embedding_pca
esmif_PC883,-0.01134624787695081,0.002381032558819674,0.01134624787695081,embedding_pca
esmif_PC884,-0.010146277894682306,0.01942539300586877,0.010146277894682306,embedding_pca
esmif_PC885,-0.0009984890202088727,0.01230489416753537,0.0009984890202088727,embedding_pca
esmif_PC886,0.004546492129169468,0.0075329417453925554,0.004546492129169468,embedding_pca
esmif_PC887,0.010209340882872743,0.016128171840516577,0.010209340882872743,embedding_pca
esmif_PC888,0.004619939580371821,0.019399107236264583,0.004619939580371821,embedding_pca
esmif_PC889,0.012582416184202205,0.013242193900438862,0.012582416184202205,embedding_pca
esmif_PC890,0.012547756991663836,0.009504475765154133,0.012547756991663836,embedding_pca
esmif_PC891,0.0037472750692315246,0.0048663339128709225,0.0037472750692315246,embedding_pca
esmif_PC892,0.003096596045529934,0.012471945893694068,0.003096596045529934,embedding_pca
esmif_PC893,-0.009138280797004166,0.016262000626884116,0.009138280797004166,embedding_pca
esmif_PC894,0.002139373923114276,0.00963376754208351,0.002139373923114276,embedding_pca
esmif_PC895,-0.0016110456421764108,0.014831718794889136,0.0016110456421764108,embedding_pca
esmif_PC896,-0.0012091371611930182,0.008440750035307334,0.0012091371611930182,embedding_pca
esmif_PC897,-0.008034919556343223,0.013137167283278796,0.008034919556343223,embedding_pca
esmif_PC898,0.004866395810193442,0.008559710959454398,0.004866395810193442,embedding_pca
esmif_PC899,-0.0028423645767598994,0.008619440184549696,0.0028423645767598994,embedding_pca
esmif_PC900,0.0020753353465792932,0.01880728952675337,0.0020753353465792932,embedding_pca
esmif_PC901,-0.0007644268077340411,0.014528887489716745,0.0007644268077340411,embedding_pca
esmif_PC902,0.003204118461876279,0.010487264615883542,0.003204118461876279,embedding_pca
esmif_PC903,0.007344419359873257,0.007935393214897408,0.007344419359873257,embedding_pca
esmif_PC904,-0.007646070972718172,0.009089701074248462,0.007646070972718172,embedding_pca
esmif_PC905,-0.0010469130418514175,0.0171701070323465,0.0010469130418514175,embedding_pca
esmif_PC906,-0.009176804906639576,0.017451219773026206,0.009176804906639576,embedding_pca
esmif_PC907,0.0008374999987422312,0.014164600436909834,0.0008374999987422312,embedding_pca
esmif_PC908,-0.006499371118004217,0.012049314846841862,0.006499371118004217,embedding_pca
esmif_PC909,0.006817376536219696,0.01766100276815958,0.006817376536219696,embedding_pca
esmif_PC910,-0.016703828890905235,0.011583866102580843,0.016703828890905235,embedding_pca
esmif_PC911,0.019312269115960456,0.00828355877892373,0.019312269115960456,embedding_pca
esmif_PC912,0.001368976785258106,0.007557410170185301,0.001368976785258106,embedding_pca
esmif_PC913,0.0024943767933635606,0.013918245688228154,0.0024943767933635606,embedding_pca
esmif_PC914,0.011116471263336045,0.009068444926511323,0.011116471263336045,embedding_pca
esmif_PC915,-0.008451311202151045,0.01943250803553952,0.008451311202151045,embedding_pca
esmif_PC916,-0.00967853346280564,0.02038775477071304,0.00967853346280564,embedding_pca
esmif_PC917,-0.0026339001576030654,0.012605902597593612,0.0026339001576030654,embedding_pca
esmif_PC918,-0.005475064422986008,0.018773341619377226,0.005475064422986008,embedding_pca
esmif_PC919,0.005405570370704158,0.013448148057539869,0.005405570370704158,embedding_pca
esmif_PC920,-0.0007690633718411708,0.023765747044982227,0.0007690633718411708,embedding_pca
esmif_PC921,0.004871176200714754,0.017632159258915557,0.004871176200714754,embedding_pca
esmif_PC922,0.013938307224590645,0.015307374029528916,0.013938307224590645,embedding_pca
esmif_PC923,-0.00022923896660758948,0.013300253128637328,0.00022923896660758948,embedding_pca
esmif_PC924,0.013760665417434356,0.010250941405921494,0.013760665417434356,embedding_pca
esmif_PC925,0.012418499188984054,0.01613638489200796,0.012418499188984054,embedding_pca
esmif_PC926,-0.00040991207465533065,0.009676007617243144,0.00040991207465533065,embedding_pca
esmif_PC927,-0.005121673471655222,0.01827729551177053,0.005121673471655222,embedding_pca
esmif_PC928,0.00835113243846846,0.019168465489785666,0.00835113243846846,embedding_pca
esmif_PC929,0.010310908180706641,0.008922596474077732,0.010310908180706641,embedding_pca
esmif_PC930,-0.01411154625701995,0.013247219810017686,0.01411154625701995,embedding_pca
esmif_PC931,-0.007834752504193191,0.011217465651536354,0.007834752504193191,embedding_pca
esmif_PC932,-0.002954521654540126,0.00775029294580406,0.002954521654540126,embedding_pca
esmif_PC933,-0.01415030997520562,0.020710435452191377,0.01415030997520562,embedding_pca
esmif_PC934,0.00812956270765962,0.014024113142780183,0.00812956270765962,embedding_pca
esmif_PC935,-0.002416122823391851,0.022713901174265083,0.002416122823391851,embedding_pca
esmif_PC936,-0.008904432600364913,0.013355409822054793,0.008904432600364913,embedding_pca
esmif_PC937,-0.006994739534366745,0.015926569952802547,0.006994739534366745,embedding_pca
esmif_PC938,-0.0005236104256250093,0.008701561542594076,0.0005236104256250093,embedding_pca
esmif_PC939,-0.005884626941817068,0.017830859187791512,0.005884626941817068,embedding_pca
esmif_PC940,0.0038559492638125283,0.017172888401962867,0.0038559492638125283,embedding_pca
esmif_PC941,-0.014865704096896287,0.017673428998724722,0.014865704096896287,embedding_pca
esmif_PC942,-0.0030929352172647763,0.014983055847743797,0.0030929352172647763,embedding_pca
esmif_PC943,0.0023893157261889123,0.02984109467170609,0.0023893157261889123,embedding_pca
esmif_PC944,0.0009398891891288927,0.012318980375018268,0.0009398891891288927,embedding_pca
esmif_PC945,0.0038246840044204437,0.010069546293243721,0.0038246840044204437,embedding_pca
esmif_PC946,0.004817041442599841,0.009503308261330033,0.004817041442599841,embedding_pca
esmif_PC947,-0.005641410879009908,0.01399149272057258,0.005641410879009908,embedding_pca
esmif_PC948,-0.0035998123437810245,0.018270212763384246,0.0035998123437810245,embedding_pca
esmif_PC949,0.009165633880723448,0.00890285229173218,0.009165633880723448,embedding_pca
esmif_PC950,-0.0028656453576641353,0.019961130763921763,0.0028656453576641353,embedding_pca
esmif_PC951,-0.008934930604058122,0.029985668939913092,0.008934930604058122,embedding_pca
esmif_PC952,0.000602218188118963,0.0213917645425625,0.000602218188118963,embedding_pca
esmif_PC953,-0.0006191241604269433,0.014681219668754384,0.0006191241604269433,embedding_pca
esmif_PC954,-0.01168224346033742,0.014472309617810007,0.01168224346033742,embedding_pca
esmif_PC955,0.021227351341536648,0.012867567956299512,0.021227351341536648,embedding_pca
esmif_PC956,0.00500864833169203,0.0037896230022110983,0.00500864833169203,embedding_pca
esmif_PC957,0.006725437866508038,0.01831106011731911,0.006725437866508038,embedding_pca
esmif_PC958,0.005035414784298883,0.01978200716524304,0.005035414784298883,embedding_pca
esmif_PC959,-0.0015507526362592966,0.011501254985980956,0.0015507526362592966,embedding_pca
esmif_PC960,0.0010106012915343404,0.0154923068704956,0.0010106012915343404,embedding_pca
esmif_PC961,7.933901395429586e-05,0.01719381277471004,7.933901395429586e-05,embedding_pca
esmif_PC962,-0.002573485379229626,0.009029672880630724,0.002573485379229626,embedding_pca
esmif_PC963,0.0027607929283070772,0.018588897375785136,0.0027607929283070772,embedding_pca
esmif_PC964,-0.004894415154561481,0.02149133398564452,0.004894415154561481,embedding_pca
esmif_PC965,-0.003518783680701027,0.01792302822218444,0.003518783680701027,embedding_pca
esmif_PC966,0.0018090115901417312,0.02080846959563905,0.0018090115901417312,embedding_pca
esmif_PC967,-0.002440808623622876,0.022968782619200975,0.002440808623622876,embedding_pca
esmif_PC968,-3.609368664734963e-05,0.02009739026177302,3.609368664734963e-05,embedding_pca
esmif_PC969,0.0028159385084326576,0.011927336978692292,0.0028159385084326576,embedding_pca
esmif_PC970,0.007931847496754577,0.016167493789345084,0.007931847496754577,embedding_pca
esmif_PC971,-0.0026507993262219138,0.012150981621794963,0.0026507993262219138,embedding_pca
esmif_PC972,0.005125321941360344,0.014465516216636675,0.005125321941360344,embedding_pca
esmif_PC973,-0.004513785725780147,0.008289475538164797,0.004513785725780147,embedding_pca
esmif_PC974,-0.008804757691822205,0.01751110456530199,0.008804757691822205,embedding_pca
esmif_PC975,0.006798542799966169,0.009370162018172278,0.006798542799966169,embedding_pca
esmif_PC976,-0.019108392228797753,0.02040441009449602,0.019108392228797753,embedding_pca
esmif_PC977,0.0022393465750451904,0.017606246204724778,0.0022393465750451904,embedding_pca
esmif_PC978,-0.009793764493973076,0.015367137365189984,0.009793764493973076,embedding_pca
esmif_PC979,-0.0049899450234390085,0.03325100560054461,0.0049899450234390085,embedding_pca
esmif_PC980,0.006216702296778198,0.02968344496840128,0.006216702296778198,embedding_pca
esmif_PC981,0.007200872073616585,0.009900388870963681,0.007200872073616585,embedding_pca
esmif_PC982,-0.01095170497639979,0.02275126884155837,0.01095170497639979,embedding_pca
esmif_PC983,-0.011074258733567295,0.019507688016036032,0.011074258733567295,embedding_pca
esmif_PC984,0.0007512446221685856,0.011405843176866593,0.0007512446221685856,embedding_pca
esmif_PC985,-0.0005881979100227422,0.02046321130142044,0.0005881979100227422,embedding_pca
esmif_PC986,-0.007834543964794726,0.012308966475681892,0.007834543964794726,embedding_pca
esmif_PC987,0.004270966088186635,0.015183414566708216,0.004270966088186635,embedding_pca
esmif_PC988,-0.004676182394084283,0.023964518571166896,0.004676182394084283,embedding_pca
esmif_PC989,0.010765398241525228,0.031572711784995024,0.010765398241525228,embedding_pca
esmif_PC990,-0.010849612099484165,0.010337575214393744,0.010849612099484165,embedding_pca
esmif_PC991,0.001564672620069928,0.008778075462853651,0.001564672620069928,embedding_pca
esmif_PC992,0.009706898710645064,0.00878919704487588,0.009706898710645064,embedding_pca
esmif_PC993,-0.002843967494644618,0.019339364325586555,0.002843967494644618,embedding_pca
esmif_PC994,0.004095820155059398,0.02544741093284273,0.004095820155059398,embedding_pca
esmif_PC995,0.007931668275007535,0.015194511925715927,0.007931668275007535,embedding_pca
esmif_PC996,-0.010050244801664287,0.015261558024670477,0.010050244801664287,embedding_pca
esmif_PC997,-0.003061921652282554,0.01188809410982094,0.003061921652282554,embedding_pca
esmif_PC998,0.00467271997281112,0.025757931621996036,0.00467271997281112,embedding_pca
esmif_PC999,0.00595905958176785,0.01014489937658777,0.00595905958176785,embedding_pca
esmif_PC1000,-0.0053540670862857135,0.015017635915376266,0.0053540670862857135,embedding_pca
esmif_PC1001,0.0013488347766747407,0.013876215117291264,0.0013488347766747407,embedding_pca
esmif_PC1002,0.003616761947296697,0.018838790462591792,0.003616761947296697,embedding_pca
esmif_PC1003,-0.005664294607542546,0.017680100953098583,0.005664294607542546,embedding_pca
esmif_PC1004,-0.009563273555380966,0.018083153044311965,0.009563273555380966,embedding_pca
esmif_PC1005,0.0024004374873204414,0.014559124531307048,0.0024004374873204414,embedding_pca
esmif_PC1006,-0.0033468086695772926,0.022849050829558612,0.0033468086695772926,embedding_pca
esmif_PC1007,0.018448966497350023,0.017911644608709015,0.018448966497350023,embedding_pca
esmif_PC1008,-0.013557212023029234,0.008878591715399866,0.013557212023029234,embedding_pca
esmif_PC1009,-0.0035425104406586277,0.014969513180490297,0.0035425104406586277,embedding_pca
esmif_PC1010,0.00570977244030076,0.01580022222914279,0.00570977244030076,embedding_pca
esmif_PC1011,0.014418796495666283,0.023924160666250974,0.014418796495666283,embedding_pca
esmif_PC1012,0.005094933939819389,0.01849996875312224,0.005094933939819389,embedding_pca
esmif_PC1013,-0.006309509040231762,0.019845962523330582,0.006309509040231762,embedding_pca
esmif_PC1014,0.009868503786806052,0.017940287906710154,0.009868503786806052,embedding_pca
esmif_PC1015,0.0010518327427145768,0.014105990137569387,0.0010518327427145768,embedding_pca
esmif_PC1016,-0.0008077572351870996,0.005874341787442692,0.0008077572351870996,embedding_pca
esmif_PC1017,0.003945579545468941,0.017968519715951974,0.003945579545468941,embedding_pca
esmif_PC1018,-0.005704732805580798,0.01551447936951786,0.005704732805580798,embedding_pca
esmif_PC1019,0.010977052085354112,0.018291907509937266,0.010977052085354112,embedding_pca
esmif_PC1020,-0.0002788372155710858,0.01041705732168715,0.0002788372155710858,embedding_pca
esmif_PC1021,-0.0024986315409030514,0.029102550167731403,0.0024986315409030514,embedding_pca
esmif_PC1022,0.012238443624338489,0.010971963839688187,0.012238443624338489,embedding_pca
esmif_PC1023,0.008090452734649933,0.01451155665905026,0.008090452734649933,embedding_pca
esmif_PC1024,-0.0038449117325301463,0.02044703474772003,0.0038449117325301463,embedding_pca
esmif_PC1025,0.006371191367417546,0.014691929337277731,0.006371191367417546,embedding_pca
esmif_PC1026,0.0072108501969392795,0.01676470421213299,0.0072108501969392795,embedding_pca
esmif_PC1027,0.0032202871275406977,0.009849690811129965,0.0032202871275406977,embedding_pca
esmif_PC1028,-0.0030218548224564814,0.014460914899297059,0.0030218548224564814,embedding_pca
esmif_PC1029,0.004872595647936134,0.019716921819980797,0.004872595647936134,embedding_pca
esmif_PC1030,-0.0009175368135196461,0.012527196256062972,0.0009175368135196461,embedding_pca
esmif_PC1031,-0.004496913925536469,0.0320882427124904,0.004496913925536469,embedding_pca
esmif_PC1032,0.00977918407448757,0.016159974109808954,0.00977918407448757,embedding_pca
esmif_PC1033,0.0206514834988079,0.01724855259211592,0.0206514834988079,embedding_pca
esmif_PC1034,-0.011038439886775475,0.019602199755749488,0.011038439886775475,embedding_pca
esmif_PC1035,-0.004072402771044625,0.010594380411553481,0.004072402771044625,embedding_pca
esmif_PC1036,-0.00797395399930722,0.02215849167425855,0.00797395399930722,embedding_pca
esmif_PC1037,0.005877748172401423,0.012177772923479827,0.005877748172401423,embedding_pca
esmif_PC1038,-0.0029937271437179584,0.01879549540702549,0.0029937271437179584,embedding_pca
esmif_PC1039,0.0006599813349317119,0.01735138125450986,0.0006599813349317119,embedding_pca
esmif_PC1040,-0.006414922384030892,0.023807544550634982,0.006414922384030892,embedding_pca
esmif_PC1041,-0.0016238243382460157,0.016123046684651237,0.0016238243382460157,embedding_pca
esmif_PC1042,0.00040433282445603743,0.021347293748025502,0.00040433282445603743,embedding_pca
esmif_PC1043,0.016312623028789497,0.015448754783962149,0.016312623028789497,embedding_pca
esmif_PC1044,0.0018066069359461514,0.021309633672861726,0.0018066069359461514,embedding_pca
esmif_PC1045,0.012768587095406323,0.0074878579415610805,0.012768587095406323,embedding_pca
esmif_PC1046,0.002763837472111818,0.01469325232037179,0.002763837472111818,embedding_pca
esmif_PC1047,-0.004924333427593984,0.01332955773185472,0.004924333427593984,embedding_pca
esmif_PC1048,-0.010022755966903564,0.013066300279095607,0.010022755966903564,embedding_pca
esmif_PC1049,-0.0007447671551689626,0.01570858568252731,0.0007447671551689626,embedding_pca
esmif_PC1050,-0.0006506279309936101,0.01784209959516048,0.0006506279309936101,embedding_pca
esmif_PC1051,0.0009637980207358356,0.02197710702788526,0.0009637980207358356,embedding_pca
esmif_PC1052,-0.0038363205069438756,0.010046281398196811,0.0038363205069438756,embedding_pca
esmif_PC1053,-0.0027597612979333767,0.009058618808067282,0.0027597612979333767,embedding_pca
esmif_PC1054,0.0033620581667059266,0.029080634517341046,0.0033620581667059266,embedding_pca
esmif_PC1055,0.003980966040925841,0.01284048069847695,0.003980966040925841,embedding_pca
esmif_PC1056,0.012699342086674406,0.013575069272966554,0.012699342086674406,embedding_pca
esmif_PC1057,-0.00146890645102042,0.015275653889146054,0.00146890645102042,embedding_pca
esmif_PC1058,0.006591097915794894,0.01370660321234156,0.006591097915794894,embedding_pca
esmif_PC1059,-0.008625991437910898,0.02363091860765544,0.008625991437910898,embedding_pca
esmif_PC1060,-0.004828193003391432,0.02314277345381798,0.004828193003391432,embedding_pca
esmif_PC1061,-0.009521791386116063,0.026489369331509,0.009521791386116063,embedding_pca
esmif_PC1062,-0.00037119118226486487,0.019077086774616635,0.00037119118226486487,embedding_pca
esmif_PC1063,-0.0031431935850734505,0.012778426918340744,0.0031431935850734505,embedding_pca
esmif_PC1064,-0.0058069746303779915,0.018790556878486554,0.0058069746303779915,embedding_pca
esmif_PC1065,-0.003279989077322719,0.020248924726375638,0.003279989077322719,embedding_pca
esmif_PC1066,0.00025297374816014,0.023394329924919834,0.00025297374816014,embedding_pca
esmif_PC1067,0.003026350204439061,0.01500420877148091,0.003026350204439061,embedding_pca
esmif_PC1068,0.004089416769939453,0.014325537776733347,0.004089416769939453,embedding_pca
esmif_PC1069,-0.014847019491052294,0.005236136067442079,0.014847019491052294,embedding_pca
esmif_PC1070,-0.009126374215875383,0.012537387043549356,0.009126374215875383,embedding_pca
esmif_PC1071,0.003705052033778509,0.016724827003879564,0.003705052033778509,embedding_pca
esmif_PC1072,-0.007823501517072324,0.017619513715778252,0.007823501517072324,embedding_pca
esmif_PC1073,-0.008070527908332542,0.010798448490707921,0.008070527908332542,embedding_pca
esmif_PC1074,-0.0030850718280804696,0.010584826705170112,0.0030850718280804696,embedding_pca
esmif_PC1075,-0.0018502035136011264,0.02157392891995226,0.0018502035136011264,embedding_pca
esmif_PC1076,-0.004143547767200138,0.013136634996490289,0.004143547767200138,embedding_pca
esmif_PC1077,-0.009268765268451235,0.01352182556460877,0.009268765268451235,embedding_pca
esmif_PC1078,-0.0021397147760479516,0.026281494553932257,0.0021397147760479516,embedding_pca
esmif_PC1079,0.004042529572314618,0.021063085997437288,0.004042529572314618,embedding_pca
esmif_PC1080,-0.00638837958991148,0.021927449310108472,0.00638837958991148,embedding_pca
esmif_PC1081,-0.008040522084432278,0.018403681471702533,0.008040522084432278,embedding_pca
esmif_PC1082,0.012281568682460912,0.011937744241788643,0.012281568682460912,embedding_pca
esmif_PC1083,0.007446270625253856,0.013823203345666767,0.007446270625253856,embedding_pca
esmif_PC1084,-0.01051302170813883,0.02132517565483886,0.01051302170813883,embedding_pca
esmif_PC1085,-0.0007404473940724954,0.013536109898177603,0.0007404473940724954,embedding_pca
esmif_PC1086,-0.0009936730143320662,0.01616297139998396,0.0009936730143320662,embedding_pca
esmif_PC1087,-0.0047468767928314,0.01632554358117302,0.0047468767928314,embedding_pca
esmif_PC1088,0.0020225908562342227,0.00930686114453163,0.0020225908562342227,embedding_pca
esmif_PC1089,-0.011437744507004502,0.015555805772650933,0.011437744507004502,embedding_pca
esmif_PC1090,-0.006754178794472399,0.018024724665439733,0.006754178794472399,embedding_pca
esmif_PC1091,-0.006113208389549373,0.017014658073297984,0.006113208389549373,embedding_pca
esmif_PC1092,0.015708133065574257,0.017381226871662773,0.015708133065574257,embedding_pca
esmif_PC1093,0.0057603440905505685,0.01861668156483178,0.0057603440905505685,embedding_pca
esmif_PC1094,0.008106892845577467,0.006390948990579488,0.008106892845577467,embedding_pca
esmif_PC1095,-0.003170655197987853,0.011972471308992615,0.003170655197987853,embedding_pca
esmif_PC1096,0.009027651489640545,0.021840668729928438,0.009027651489640545,embedding_pca
esmif_PC1097,0.005459827054887999,0.01859922048168701,0.005459827054887999,embedding_pca
esmif_PC1098,0.017131661966442818,0.012417412593986061,0.017131661966442818,embedding_pca
esmif_PC1099,-0.004161268011886368,0.017153514682186965,0.004161268011886368,embedding_pca
esmif_PC1100,-0.008649589671939299,0.00622534897498477,0.008649589671939299,embedding_pca
esmif_PC1101,0.005008482144931753,0.020329938163017976,0.005008482144931753,embedding_pca
esmif_PC1102,-0.013721906950917639,0.014325605740460986,0.013721906950917639,embedding_pca
esmif_PC1103,0.009289263799241027,0.018547038144584645,0.009289263799241027,embedding_pca
esmif_PC1104,-0.006238947833791043,0.013832713061264627,0.006238947833791043,embedding_pca
esmif_PC1105,-0.007722967316007416,0.019212388972426987,0.007722967316007416,embedding_pca
esmif_PC1106,-0.013185170472887356,0.011977719430925024,0.013185170472887356,embedding_pca
esmif_PC1107,-0.0035544391206522017,0.018379670101756746,0.0035544391206522017,embedding_pca
esmif_PC1108,-0.0012755861050353047,0.008239728095580297,0.0012755861050353047,embedding_pca
esmif_PC1109,0.007391223668675654,0.027271195589349415,0.007391223668675654,embedding_pca
esmif_PC1110,-0.0006184699943820426,0.012334931386623857,0.0006184699943820426,embedding_pca
esmif_PC1111,-0.010080547406774396,0.012848664418268103,0.010080547406774396,embedding_pca
esmif_PC1112,0.008592088670733113,0.008023448617740367,0.008592088670733113,embedding_pca
esmif_PC1113,0.005598542011019702,0.02202575459359067,0.005598542011019702,embedding_pca
esmif_PC1114,0.001554930897876171,0.015156978075262085,0.001554930897876171,embedding_pca
esmif_PC1115,-0.005286110719475071,0.005746596757144742,0.005286110719475071,embedding_pca
esmif_PC1116,-0.014431698365683632,0.01032199346388654,0.014431698365683632,embedding_pca
esmif_PC1117,0.004297413374680992,0.01510158525383705,0.004297413374680992,embedding_pca
esmif_PC1118,0.007366516642968256,0.012811832791768571,0.007366516642968256,embedding_pca
esmif_PC1119,-0.0014420055292838894,0.023275127344096213,0.0014420055292838894,embedding_pca
esmif_PC1120,-0.0013314460558060696,0.007289970120767835,0.0013314460558060696,embedding_pca
esmif_PC1121,0.003261455557740664,0.006036854397842542,0.003261455557740664,embedding_pca
esmif_PC1122,-0.008874934180568403,0.018433275566431012,0.008874934180568403,embedding_pca
esmif_PC1123,0.016859042384828528,0.023592710906351132,0.016859042384828528,embedding_pca
esmif_PC1124,-0.00021588285306001193,0.009211719662770745,0.00021588285306001193,embedding_pca
esmif_PC1125,-0.012752160923838046,0.010933404121985742,0.012752160923838046,embedding_pca
esmif_PC1126,-0.007567364860582669,0.009421312686769694,0.007567364860582669,embedding_pca
esmif_PC1127,0.01665924020782978,0.010713529086430139,0.01665924020782978,embedding_pca
esmif_PC1128,0.006136051304201199,0.010662182799837923,0.006136051304201199,embedding_pca
esmif_PC1129,0.009519749304226499,0.011699228711921607,0.009519749304226499,embedding_pca
esmif_PC1130,-0.004022773974396578,0.007824323844873502,0.004022773974396578,embedding_pca
esmif_PC1131,0.01391506883173911,0.015755643440147973,0.01391506883173911,embedding_pca
esmif_PC1132,0.0011457593801204803,0.011817650919248083,0.0011457593801204803,embedding_pca
esmif_PC1133,-0.0033664437737062776,0.017615914042191632,0.0033664437737062776,embedding_pca
esmif_PC1134,-0.0007168390511175703,0.01711596308630046,0.0007168390511175703,embedding_pca
esmif_PC1135,-0.002461896568394877,0.014649352382841633,0.002461896568394877,embedding_pca
esmif_PC1136,-0.010128703669097527,0.011738894408631797,0.010128703669097527,embedding_pca
esmif_PC1137,0.0028672595303485824,0.0035801554434480008,0.0028672595303485824,embedding_pca
esmif_PC1138,0.009986571642160786,0.01696268244534882,0.009986571642160786,embedding_pca
esmif_PC1139,-0.004750465971606788,0.033718111817797845,0.004750465971606788,embedding_pca
esmif_PC1140,0.0027449952780039754,0.009938918876591273,0.0027449952780039754,embedding_pca
esmif_PC1141,0.00971706668182417,0.018661350603903646,0.00971706668182417,embedding_pca
esmif_PC1142,-0.006564718646295824,0.012296526111124481,0.006564718646295824,embedding_pca
esmif_PC1143,-0.002278206794346064,0.012196507885080945,0.002278206794346064,embedding_pca
esmif_PC1144,-0.002297589524264321,0.022324828552487047,0.002297589524264321,embedding_pca
esmif_PC1145,0.018944451683360376,0.01595527783719839,0.018944451683360376,embedding_pca
esmif_PC1146,0.010469737974040397,0.02291313806700194,0.010469737974040397,embedding_pca
esmif_PC1147,0.003077291229463925,0.013076606016871056,0.003077291229463925,embedding_pca
esmif_PC1148,0.0024568840987573433,0.031981994991149426,0.0024568840987573433,embedding_pca
esmif_PC1149,-0.006224020012543336,0.011171100388053391,0.006224020012543336,embedding_pca
esmif_PC1150,0.0220367448357652,0.016529985156365442,0.0220367448357652,embedding_pca
esmif_PC1151,0.007982933389005114,0.014243335199478612,0.007982933389005114,embedding_pca
esmif_PC1152,0.012655559574059205,0.017018694863767777,0.012655559574059205,embedding_pca
esmif_PC1153,0.004914246683478908,0.025087486170361297,0.004914246683478908,embedding_pca
esmif_PC1154,-0.0022310077380199114,0.02866177225473892,0.0022310077380199114,embedding_pca
esmif_PC1155,-0.006217247117227634,0.01633899506937051,0.006217247117227634,embedding_pca
esmif_PC1156,0.012427985745669052,0.0123008435170079,0.012427985745669052,embedding_pca
esmif_PC1157,-0.005415497786829759,0.0279205043622878,0.005415497786829759,embedding_pca
esmif_PC1158,-0.017413736098797258,0.01775264238778019,0.017413736098797258,embedding_pca
esmif_PC1159,-0.006938973879175111,0.007059655274456652,0.006938973879175111,embedding_pca
esmif_PC1160,0.00313725042973209,0.01083374732809042,0.00313725042973209,embedding_pca
esmif_PC1161,-0.002788542069745031,0.01084860042179656,0.002788542069745031,embedding_pca
esmif_PC1162,-0.0013162604748321414,0.021265123570629173,0.0013162604748321414,embedding_pca
esmif_PC1163,-0.006141258567071762,0.022010257854962235,0.006141258567071762,embedding_pca
esmif_PC1164,-0.008216206519892086,0.026298393150021297,0.008216206519892086,embedding_pca
esmif_PC1165,0.007431378129654481,0.025711623187528322,0.007431378129654481,embedding_pca
esmif_PC1166,-0.002901369330937097,0.01882177747931293,0.002901369330937097,embedding_pca
esmif_PC1167,0.007378962193672544,0.01661745952341224,0.007378962193672544,embedding_pca
esmif_PC1168,-0.010686221537928342,0.021588702205283652,0.010686221537928342,embedding_pca
esmif_PC1169,-0.01104982751449603,0.011422567427346748,0.01104982751449603,embedding_pca
esmif_PC1170,-0.018830474203285753,0.010089253539654015,0.018830474203285753,embedding_pca
esmif_PC1171,0.007846040269504511,0.02125402847571445,0.007846040269504511,embedding_pca
esmif_PC1172,0.002484264901348552,0.006935967677296484,0.002484264901348552,embedding_pca
esmif_PC1173,0.010288153145328025,0.014773497872982684,0.010288153145328025,embedding_pca
esmif_PC1174,-0.0036769170351680382,0.007993918301646856,0.0036769170351680382,embedding_pca
esmif_PC1175,0.008516181641351327,0.019314688639181028,0.008516181641351327,embedding_pca
esmif_PC1176,0.0052797161743344,0.02687232653439206,0.0052797161743344,embedding_pca
esmif_PC1177,-0.008826813238104345,0.017991152171677377,0.008826813238104345,embedding_pca
esmif_PC1178,-0.00561965085691918,0.024426483460092033,0.00561965085691918,embedding_pca
esmif_PC1179,0.012496075632462536,0.011078330126867675,0.012496075632462536,embedding_pca
esmif_PC1180,0.005856681824374256,0.006729631044361013,0.005856681824374256,embedding_pca
esmif_PC1181,-0.008930955041391929,0.025868187938770427,0.008930955041391929,embedding_pca
esmif_PC1182,0.004390853507322911,0.011879513405943917,0.004390853507322911,embedding_pca
esmif_PC1183,-0.00025373663091359113,0.01821265264383266,0.00025373663091359113,embedding_pca
esmif_PC1184,-0.0074083859406447765,0.029308985313496762,0.0074083859406447765,embedding_pca
esmif_PC1185,0.0035329586830755754,0.012461594909108852,0.0035329586830755754,embedding_pca
esmif_PC1186,-0.0015601304165785152,0.01674550701117056,0.0015601304165785152,embedding_pca
esmif_PC1187,0.006069294384916883,0.01027468253567496,0.006069294384916883,embedding_pca
esmif_PC1188,-0.0014626845470255068,0.023786880536660338,0.0014626845470255068,embedding_pca
esmif_PC1189,0.00189015709348322,0.01764901180454885,0.00189015709348322,embedding_pca
esmif_PC1190,-0.0004441606390699109,0.017483110548300748,0.0004441606390699109,embedding_pca
esmif_PC1191,-0.009339006104398594,0.012349308656375024,0.009339006104398594,embedding_pca
esmif_PC1192,0.0018997005942740445,0.02532687958325192,0.0018997005942740445,embedding_pca
esmif_PC1193,-0.007852296091238378,0.007513605310136142,0.007852296091238378,embedding_pca
esmif_PC1194,0.008689252734622139,0.01291193930649865,0.008689252734622139,embedding_pca
esmif_PC1195,-0.003262442705365156,0.02006839121289625,0.003262442705365156,embedding_pca
esmif_PC1196,0.002126322841186321,0.019906707210667854,0.002126322841186321,embedding_pca
esmif_PC1197,0.009701365775069097,0.007887872910041076,0.009701365775069097,embedding_pca
esmif_PC1198,0.02182595654887916,0.021532453921810822,0.02182595654887916,embedding_pca
esmif_PC1199,-0.0011744910651721283,0.011457204227833851,0.0011744910651721283,embedding_pca
esmif_PC1200,0.004313653205900556,0.0266747437919681,0.004313653205900556,embedding_pca
esmif_PC1201,0.015492253738741201,0.014422180495879053,0.015492253738741201,embedding_pca
esmif_PC1202,-0.00014842626462508514,0.014409392888253417,0.00014842626462508514,embedding_pca
esmif_PC1203,0.014952476058833417,0.01043023493484515,0.014952476058833417,embedding_pca
esmif_PC1204,0.006873371034985326,0.012115555721967571,0.006873371034985326,embedding_pca
esmif_PC1205,0.0050246112854169895,0.011273251781273662,0.0050246112854169895,embedding_pca
esmif_PC1206,0.00783375805148675,0.017120469583465765,0.00783375805148675,embedding_pca
esmif_PC1207,-0.007311079552006753,0.01160039869882212,0.007311079552006753,embedding_pca
esmif_PC1208,-0.001142440608176734,0.013609973414259553,0.001142440608176734,embedding_pca
esmif_PC1209,-0.01552600231622015,0.00835981106981779,0.01552600231622015,embedding_pca
esmif_PC1210,-0.006963467939900586,0.021416432152899522,0.006963467939900586,embedding_pca
esmif_PC1211,-0.0051086638332881575,0.011542278554921853,0.0051086638332881575,embedding_pca
esmif_PC1212,0.0010952127434423757,0.016494284186430692,0.0010952127434423757,embedding_pca
esmif_PC1213,0.005102676247384326,0.015370313324169958,0.005102676247384326,embedding_pca
esmif_PC1214,-0.008789958566432938,0.00827163156955198,0.008789958566432938,embedding_pca
esmif_PC1215,0.0007486306864048869,0.020319427504192186,0.0007486306864048869,embedding_pca
esmif_PC1216,0.006496962674756822,0.020501321674150037,0.006496962674756822,embedding_pca
esmif_PC1217,0.011754351764403878,0.017570043611285686,0.011754351764403878,embedding_pca
esmif_PC1218,0.014032136196429418,0.00815809795667742,0.014032136196429418,embedding_pca
esmif_PC1219,0.0029788294154618803,0.013563062652643253,0.0029788294154618803,embedding_pca
esmif_PC1220,-0.006215396746976764,0.022251952623870988,0.006215396746976764,embedding_pca
esmif_PC1221,0.008470243628248511,0.006484899580346137,0.008470243628248511,embedding_pca
esmif_PC1222,-0.005717614416767751,0.009287244298363495,0.005717614416767751,embedding_pca
esmif_PC1223,-0.009311719208013491,0.014839783679319984,0.009311719208013491,embedding_pca
esmif_PC1224,-0.005706192182164961,0.018663373319770988,0.005706192182164961,embedding_pca
esmif_PC1225,0.008523743118460459,0.00869291228862797,0.008523743118460459,embedding_pca
esmif_PC1226,-0.0014424061835526434,0.024615013197956764,0.0014424061835526434,embedding_pca
esmif_PC1227,-0.011816775673600172,0.012643062611764462,0.011816775673600172,embedding_pca
esmif_PC1228,0.01807677539263778,0.024849528344327656,0.01807677539263778,embedding_pca
esmif_PC1229,0.007282545277008433,0.009925295232974772,0.007282545277008433,embedding_pca
esmif_PC1230,0.001491232925435414,0.014631611271247916,0.001491232925435414,embedding_pca
esmif_PC1231,-0.007264247993079315,0.026201820921657855,0.007264247993079315,embedding_pca
esmif_PC1232,-0.012912223428024769,0.018619042991550167,0.012912223428024769,embedding_pca
esmif_PC1233,-0.00682276772930672,0.027178579977355406,0.00682276772930672,embedding_pca
esmif_PC1234,-0.008704325860101041,0.019931842436629668,0.008704325860101041,embedding_pca
esmif_PC1235,0.010101368641234617,0.016298166178687967,0.010101368641234617,embedding_pca
esmif_PC1236,0.013492218334757028,0.014262916050164125,0.013492218334757028,embedding_pca
esmif_PC1237,-0.008863898644652696,0.019114348601872118,0.008863898644652696,embedding_pca
esmif_PC1238,0.0025420532785414432,0.011372026184786029,0.0025420532785414432,embedding_pca
esmif_PC1239,-0.0091610086362247,0.014824641775629002,0.0091610086362247,embedding_pca
esmif_PC1240,-0.0012778303090856494,0.025133201079512106,0.0012778303090856494,embedding_pca
esmif_PC1241,0.0070416691641888695,0.01876205356163638,0.0070416691641888695,embedding_pca
esmif_PC1242,0.007279932768243969,0.010412242789546337,0.007279932768243969,embedding_pca
esmif_PC1243,0.003957156623819307,0.007625779855243683,0.003957156623819307,embedding_pca
esmif_PC1244,0.005184902932289098,0.008431549463966752,0.005184902932289098,embedding_pca
esmif_PC1245,-0.007250932202843516,0.006185952113840643,0.007250932202843516,embedding_pca
esmif_PC1246,-0.00030479568395959747,0.01345038641475037,0.00030479568395959747,embedding_pca
esmif_PC1247,0.007298709357363023,0.007194175174980787,0.007298709357363023,embedding_pca
esmif_PC1248,-0.010670666990330346,0.021447746137100456,0.010670666990330346,embedding_pca
esmif_PC1249,0.015104713215277493,0.0201360747778981,0.015104713215277493,embedding_pca
esmif_PC1250,0.005320027403548593,0.018454071025712896,0.005320027403548593,embedding_pca
esmif_PC1251,0.002011003470653262,0.013370569552376706,0.002011003470653262,embedding_pca
esmif_PC1252,-0.010302764492433648,0.014338289941385852,0.010302764492433648,embedding_pca
esmif_PC1253,0.007917499423343152,0.01815066261467724,0.007917499423343152,embedding_pca
esmif_PC1254,-0.013773993296928636,0.015731788516822436,0.013773993296928636,embedding_pca
esmif_PC1255,0.0008508890283914362,0.013595589275703127,0.0008508890283914362,embedding_pca
esmif_PC1256,-0.002423368779968909,0.014196753080314333,0.002423368779968909,embedding_pca
esmif_PC1257,-0.013443098573920393,0.015287396667251141,0.013443098573920393,embedding_pca
esmif_PC1258,0.005283478397196604,0.017377693168891997,0.005283478397196604,embedding_pca
esmif_PC1259,-0.01172812892923695,0.022488065096121803,0.01172812892923695,embedding_pca
esmif_PC1260,0.002731412649710753,0.021390475316769613,0.002731412649710753,embedding_pca
esmif_PC1261,-0.009307827472405873,0.021737971026129597,0.009307827472405873,embedding_pca
esmif_PC1262,-0.003754604144840483,0.004985126605447383,0.003754604144840483,embedding_pca
esmif_PC1263,0.009143356076349607,0.015313622227108671,0.009143356076349607,embedding_pca
esmif_PC1264,-0.006469562992554479,0.02458876793011422,0.006469562992554479,embedding_pca
esmif_PC1265,-0.02053547412141317,0.015220125018113512,0.02053547412141317,embedding_pca
esmif_PC1266,-0.0088743949213409,0.01455160860365451,0.0088743949213409,embedding_pca
esmif_PC1267,-0.005207928127078899,0.007780460405549134,0.005207928127078899,embedding_pca
esmif_PC1268,-0.003928893118186635,0.007989752101800121,0.003928893118186635,embedding_pca
esmif_PC1269,0.0031474449890640027,0.019664558350398494,0.0031474449890640027,embedding_pca
esmif_PC1270,0.006296490489751986,0.021135144515004513,0.006296490489751986,embedding_pca
esmif_PC1271,0.007026413467418111,0.01962179301113759,0.007026413467418111,embedding_pca
esmif_PC1272,-0.0011835888130547116,0.020434298896225434,0.0011835888130547116,embedding_pca
esmif_PC1273,0.00291815612859388,0.01915790123568756,0.00291815612859388,embedding_pca
esmif_PC1274,0.007924447385959186,0.013724175583464613,0.007924447385959186,embedding_pca
esmif_PC1275,0.0035413279758678196,0.016043394318433195,0.0035413279758678196,embedding_pca
esmif_PC1276,-0.008498579390736474,0.016464362121470205,0.008498579390736474,embedding_pca
esmif_PC1277,0.0022458166085010628,0.021855470018400713,0.0022458166085010628,embedding_pca
esmif_PC1278,-0.004883819581216841,0.004732184197489348,0.004883819581216841,embedding_pca
esmif_PC1279,-0.007273888605556953,0.027277617111569452,0.007273888605556953,embedding_pca
esmif_PC1280,-0.00041708213069167194,0.015256585216111292,0.00041708213069167194,embedding_pca
esmif_PC1281,-0.01888619690741563,0.01623982126832489,0.01888619690741563,embedding_pca
esmif_PC1282,-0.011299892552903146,0.00939151978246931,0.011299892552903146,embedding_pca
esmif_PC1283,-0.0058013333489178465,0.009591695183257917,0.0058013333489178465,embedding_pca
esmif_PC1284,0.00416568973418583,0.015464496917474885,0.00416568973418583,embedding_pca
esmif_PC1285,-0.02159481958056392,0.005993039647971104,0.02159481958056392,embedding_pca
esmif_PC1286,0.007867805001053677,0.02397649435077895,0.007867805001053677,embedding_pca
esmif_PC1287,0.007733314627290827,0.014199058479428787,0.007733314627290827,embedding_pca
esmif_PC1288,0.026752855447727753,0.014037409231548698,0.026752855447727753,embedding_pca
esmif_PC1289,-0.005455747596373926,0.01519753631510036,0.005455747596373926,embedding_pca
esmif_PC1290,-0.007100686500437671,0.0130256303484026,0.007100686500437671,embedding_pca
esmif_PC1291,-0.0011830773035011234,0.01044026332025849,0.0011830773035011234,embedding_pca
esmif_PC1292,0.01703973671894768,0.026147725783776103,0.01703973671894768,embedding_pca
esmif_PC1293,-0.000623322909166067,0.016996635324352766,0.000623322909166067,embedding_pca
esmif_PC1294,0.004496335823031677,0.0184580000320116,0.004496335823031677,embedding_pca
esmif_PC1295,-0.007912524626244605,0.0058300734227935466,0.007912524626244605,embedding_pca
esmif_PC1296,-0.001628407388434759,0.021318720414465187,0.001628407388434759,embedding_pca
esmif_PC1297,0.005560972779563053,0.014528637629172406,0.005560972779563053,embedding_pca
esmif_PC1298,0.01637212503277556,0.012373382171219314,0.01637212503277556,embedding_pca
esmif_PC1299,-0.004010487092342306,0.023488700394359432,0.004010487092342306,embedding_pca
esmif_PC1300,0.0010745208743383576,0.010859205600894846,0.0010745208743383576,embedding_pca
esmif_PC1301,0.00018105032391972157,0.013852180832753013,0.00018105032391972157,embedding_pca
esmif_PC1302,0.004233832517439242,0.027173279332662937,0.004233832517439242,embedding_pca
esmif_PC1303,0.010919779787484696,0.009262827661354561,0.010919779787484696,embedding_pca
esmif_PC1304,0.01807891487818369,0.010895698856326934,0.01807891487818369,embedding_pca
esmif_PC1305,-0.0036345683880536126,0.014851997353003403,0.0036345683880536126,embedding_pca
esmif_PC1306,-0.0018838647723224873,0.012413977635994963,0.0018838647723224873,embedding_pca
esmif_PC1307,0.017051128384181456,0.015113559943514873,0.017051128384181456,embedding_pca
esmif_PC1308,0.007896520906517341,0.016248942723413134,0.007896520906517341,embedding_pca
esmif_PC1309,0.008585991736655222,0.024154288608351615,0.008585991736655222,embedding_pca
esmif_PC1310,-0.006528577794017954,0.015938304953745548,0.006528577794017954,embedding_pca
esmif_PC1311,-0.0044211130871235,0.011548517129773764,0.0044211130871235,embedding_pca
esmif_PC1312,-0.00999353793727703,0.028368377774186188,0.00999353793727703,embedding_pca
esmif_PC1313,0.006548454774773714,0.016703321482473305,0.006548454774773714,embedding_pca
esmif_PC1314,-0.011421587634383092,0.013886749528485664,0.011421587634383092,embedding_pca
esmif_PC1315,0.011922397253367991,0.024423905745723555,0.011922397253367991,embedding_pca
esmif_PC1316,0.0006420644991449295,0.012517646562469486,0.0006420644991449295,embedding_pca
esmif_PC1317,0.0074811943653369075,0.018096020644061506,0.0074811943653369075,embedding_pca
esmif_PC1318,0.0019853279399944792,0.015391555037050865,0.0019853279399944792,embedding_pca
esmif_PC1319,0.008665154137638065,0.01723001847673255,0.008665154137638065,embedding_pca
esmif_PC1320,0.006607603035675515,0.014080875573560104,0.006607603035675515,embedding_pca
esmif_PC1321,0.006484869848208184,0.018029173226733548,0.006484869848208184,embedding_pca
esmif_PC1322,-0.007406380267825735,0.008975731949244913,0.007406380267825735,embedding_pca
esmif_PC1323,-0.016603415452361898,0.007330402903005193,0.016603415452361898,embedding_pca
esmif_PC1324,0.002993510344247055,0.009281141157014988,0.002993510344247055,embedding_pca
esmif_PC1325,-0.008112704946820766,0.006370002698346898,0.008112704946820766,embedding_pca
esmif_PC1326,0.0004422288728495614,0.016736571372343873,0.0004422288728495614,embedding_pca
esmif_PC1327,-0.01003061446295644,0.020544484856880856,0.01003061446295644,embedding_pca
esmif_PC1328,0.008921382252896303,0.0096455803272575,0.008921382252896303,embedding_pca
esmif_PC1329,0.009899874030302892,0.005507404695363427,0.009899874030302892,embedding_pca
esmif_PC1330,0.013771828609526623,0.003304019951507802,0.013771828609526623,embedding_pca
esmif_PC1331,0.003332076864616204,0.01677703644821562,0.003332076864616204,embedding_pca
esmif_PC1332,0.010760243988683827,0.012941270200917182,0.010760243988683827,embedding_pca
esmif_PC1333,-0.0016350586187891133,0.011850205700417308,0.0016350586187891133,embedding_pca
esmif_PC1334,-0.0007179785536825755,0.009504087630894853,0.0007179785536825755,embedding_pca
esmif_PC1335,-0.0010285794770272614,0.009189887280632724,0.0010285794770272614,embedding_pca
esmif_PC1336,-0.0021033467185804255,0.016630613753933644,0.0021033467185804255,embedding_pca
esmif_PC1337,0.003723212826228014,0.014215524827979779,0.003723212826228014,embedding_pca
esmif_PC1338,-0.008467799950713959,0.012819530101511935,0.008467799950713959,embedding_pca
esmif_PC1339,0.010890238548171772,0.012700022846916712,0.010890238548171772,embedding_pca
esmif_PC1340,-0.0014147149249304377,0.00793027276066924,0.0014147149249304377,embedding_pca
esmif_PC1341,0.007145584916684014,0.031074422980222748,0.007145584916684014,embedding_pca
esmif_PC1342,0.00818323891078958,0.01583085439234186,0.00818323891078958,embedding_pca
esmif_PC1343,-0.005394931473392333,0.011810226127991347,0.005394931473392333,embedding_pca
esmif_PC1344,0.005734760010815401,0.004444214096474024,0.005734760010815401,embedding_pca
esmif_PC1345,-0.013946481688534232,0.012658319767566022,0.013946481688534232,embedding_pca
esmif_PC1346,0.005345711605614088,0.010658858496614868,0.005345711605614088,embedding_pca
esmif_PC1347,-0.010093511990972675,0.008832485919344992,0.010093511990972675,embedding_pca
esmif_PC1348,0.019774002531015435,0.008623871933625456,0.019774002531015435,embedding_pca
esmif_PC1349,0.002220084312372322,0.011043152949561449,0.002220084312372322,embedding_pca
esmif_PC1350,-0.006046646849991367,0.026116878676146323,0.006046646849991367,embedding_pca
esmif_PC1351,0.004779524652794665,0.0063852698723097555,0.004779524652794665,embedding_pca
esmif_PC1352,-0.0009463430003533189,0.023732832095977187,0.0009463430003533189,embedding_pca
esmif_PC1353,0.0008797688144010467,0.006056884121980199,0.0008797688144010467,embedding_pca
esmif_PC1354,0.006659767133040383,0.0054340220707694035,0.006659767133040383,embedding_pca
esmif_PC1355,-0.0005638128357846634,0.024470157122542403,0.0005638128357846634,embedding_pca
esmif_PC1356,0.01229081870434608,0.019461013001444368,0.01229081870434608,embedding_pca
esmif_PC1357,0.01225319696759652,0.01612866684237412,0.01225319696759652,embedding_pca
esmif_PC1358,-0.015607772574180539,0.023160654660593555,0.015607772574180539,embedding_pca
esmif_PC1359,-0.004310581596771002,0.019046652909309684,0.004310581596771002,embedding_pca
esmif_PC1360,-0.00048555274722954857,0.024905840879697164,0.00048555274722954857,embedding_pca
esmif_PC1361,-0.005105445644872251,0.013554307903352226,0.005105445644872251,embedding_pca
esmif_PC1362,-0.0029409456870991674,0.015474215600623543,0.0029409456870991674,embedding_pca
esmif_PC1363,0.0005027609185072051,0.012223612014373025,0.0005027609185072051,embedding_pca
esmif_PC1364,-0.004720213738630267,0.02577318474643138,0.004720213738630267,embedding_pca
esmif_PC1365,-0.005053527324755406,0.016609863033151595,0.005053527324755406,embedding_pca
esmif_PC1366,0.0032505187080204764,0.011566126779540279,0.0032505187080204764,embedding_pca
esmif_PC1367,0.013633233820600171,0.011632494091816206,0.013633233820600171,embedding_pca
esmif_PC1368,0.004662083296258297,0.012509186561826802,0.004662083296258297,embedding_pca
esmif_PC1369,0.0011672773882446044,0.02157362578454976,0.0011672773882446044,embedding_pca
esmif_PC1370,0.013026916039550886,0.017547299043755463,0.013026916039550886,embedding_pca
esmif_PC1371,-0.00014968193610989596,0.021139294432690515,0.00014968193610989596,embedding_pca
esmif_PC1372,-0.02214855954911311,0.02223877276685663,0.02214855954911311,embedding_pca
esmif_PC1373,0.0026036701082646036,0.00747611572948024,0.0026036701082646036,embedding_pca
esmif_PC1374,0.014967697682056136,0.011085624220054071,0.014967697682056136,embedding_pca
esmif_PC1375,0.014627823166297006,0.024438203952424846,0.014627823166297006,embedding_pca
esmif_PC1376,-0.014864973485653432,0.032707618496370675,0.014864973485653432,embedding_pca
esmif_PC1377,-0.004046359114550433,0.004430758567993835,0.004046359114550433,embedding_pca
esmif_PC1378,-0.000202408940973587,0.015623915741928805,0.000202408940973587,embedding_pca
esmif_PC1379,-0.017588574839598536,0.018125464262095343,0.017588574839598536,embedding_pca
esmif_PC1380,-0.01352257683060416,0.019336281576600434,0.01352257683060416,embedding_pca
esmif_PC1381,0.0008400303923059975,0.012309351455541778,0.0008400303923059975,embedding_pca
esmif_PC1382,-0.0026895931699022135,0.012326654437651048,0.0026895931699022135,embedding_pca
esmif_PC1383,0.002657916117123613,0.012027077141064388,0.002657916117123613,embedding_pca
esmif_PC1384,-0.00417086626618763,0.01727250334811164,0.00417086626618763,embedding_pca
esmif_PC1385,0.0010193776055528586,0.006639312642977021,0.0010193776055528586,embedding_pca
esmif_PC1386,0.006306077354037551,0.029144905711420446,0.006306077354037551,embedding_pca
esmif_PC1387,-0.003634105159323724,0.006256312924851111,0.003634105159323724,embedding_pca
esmif_PC1388,0.020330254089473507,0.013894062113540403,0.020330254089473507,embedding_pca
esmif_PC1389,-0.01788990956440315,0.015626481219425486,0.01788990956440315,embedding_pca
esmif_PC1390,0.0034399625873421068,0.0036083617097998283,0.0034399625873421068,embedding_pca
esmif_PC1391,0.0077648265342406915,0.013928484671067706,0.0077648265342406915,embedding_pca
esmif_PC1392,0.00986316919541378,0.01915885985110311,0.00986316919541378,embedding_pca
esmif_PC1393,-0.010660695761433178,0.011897245333576724,0.010660695761433178,embedding_pca
esmif_PC1394,0.014309333410407226,0.01148720281362209,0.014309333410407226,embedding_pca
esmif_PC1395,-0.002768030267998158,0.017611904339758996,0.002768030267998158,embedding_pca
esmif_PC1396,-0.002835563729255359,0.01952735388917324,0.002835563729255359,embedding_pca
esmif_PC1397,-0.001398557492891839,0.018018021002254934,0.001398557492891839,embedding_pca
esmif_PC1398,-0.004033719918852485,0.01596362143599051,0.004033719918852485,embedding_pca
esmif_PC1399,-0.010469069128066453,0.007641444772851692,0.010469069128066453,embedding_pca
esmif_PC1400,0.005176171007979978,0.017591960101829594,0.005176171007979978,embedding_pca
esmif_PC1401,-0.00011795263911390667,0.013611344206212513,0.00011795263911390667,embedding_pca
esmif_PC1402,-0.002091772082947558,0.015560684089033366,0.002091772082947558,embedding_pca
esmif_PC1403,0.0029609738437536047,0.015474160325907012,0.0029609738437536047,embedding_pca
esmif_PC1404,0.004597170345216563,0.013812768373429488,0.004597170345216563,embedding_pca
esmif_PC1405,0.008856352794619233,0.012329444177944847,0.008856352794619233,embedding_pca
esmif_PC1406,0.010991163771292995,0.015673685525405483,0.010991163771292995,embedding_pca
esmif_PC1407,0.011965322540158755,0.007464582226425772,0.011965322540158755,embedding_pca
esmif_PC1408,-0.005939100083105249,0.011538002021025293,0.005939100083105249,embedding_pca
esmif_PC1409,-0.0037318729122980594,0.016351516613635507,0.0037318729122980594,embedding_pca
esmif_PC1410,0.007136475291010148,0.012014796510738553,0.007136475291010148,embedding_pca
esmif_PC1411,0.008397796041674711,0.019525560713890725,0.008397796041674711,embedding_pca
esmif_PC1412,-0.0012131896701340576,0.023168340349080177,0.0012131896701340576,embedding_pca
esmif_PC1413,0.00588491305851919,0.01821127535407073,0.00588491305851919,embedding_pca
esmif_PC1414,-0.0005237978436263564,0.01731286048888635,0.0005237978436263564,embedding_pca
esmif_PC1415,0.01331132009961647,0.021385565457800303,0.01331132009961647,embedding_pca
esmif_PC1416,-0.0004143711879217533,0.014204675025205194,0.0004143711879217533,embedding_pca
esmif_PC1417,0.007955107981966544,0.031125993526667197,0.007955107981966544,embedding_pca
esmif_PC1418,-0.014516685406377988,0.02652040020618998,0.014516685406377988,embedding_pca
esmif_PC1419,-0.003893411231916674,0.021007414664374616,0.003893411231916674,embedding_pca
esmif_PC1420,0.008180889370049717,0.018545660182756243,0.008180889370049717,embedding_pca
esmif_PC1421,0.006225013024191516,0.01955522377975816,0.006225013024191516,embedding_pca
esmif_PC1422,-0.0065292527451575304,0.006460466197139955,0.0065292527451575304,embedding_pca
esmif_PC1423,0.004532157845723246,0.008047818081457702,0.004532157845723246,embedding_pca
esmif_PC1424,0.012800483234588494,0.016297897551604105,0.012800483234588494,embedding_pca
esmif_PC1425,-0.02306350910265591,0.014729936809602018,0.02306350910265591,embedding_pca
esmif_PC1426,0.0014478236173831565,0.01824495541784615,0.0014478236173831565,embedding_pca
esmif_PC1427,0.01433954314059709,0.013054340589312487,0.01433954314059709,embedding_pca
esmif_PC1428,0.005690585224113525,0.005712944511044395,0.005690585224113525,embedding_pca
esmif_PC1429,0.0024032269058497646,0.018384216048181353,0.0024032269058497646,embedding_pca
esmif_PC1430,-0.00489375803442498,0.021746821349472426,0.00489375803442498,embedding_pca
esmif_PC1431,0.004891215592119004,0.006005519458308853,0.004891215592119004,embedding_pca
esmif_PC1432,-0.00021552710807341559,0.013281147606045289,0.00021552710807341559,embedding_pca
esmif_PC1433,-8.157378309653143e-05,0.01435709954357564,8.157378309653143e-05,embedding_pca
esmif_PC1434,-0.0009859613274765498,0.014037581112541025,0.0009859613274765498,embedding_pca
esmif_PC1435,0.00391259596116417,0.021217211500917505,0.00391259596116417,embedding_pca
esmif_PC1436,-0.013722723294508646,0.011050051198371744,0.013722723294508646,embedding_pca
esmif_PC1437,-0.0052467931147706665,0.023970984642792653,0.0052467931147706665,embedding_pca
esmif_PC1438,0.0074643471001468705,0.021328802211048277,0.0074643471001468705,embedding_pca
esmif_PC1439,0.004766750549204611,0.020918353088508954,0.004766750549204611,embedding_pca
esmif_PC1440,-0.009817185476170932,0.02070159517521402,0.009817185476170932,embedding_pca
esmif_PC1441,0.017011720530973398,0.016707083263221838,0.017011720530973398,embedding_pca
esmif_PC1442,-0.004244969449094538,0.01823715250520928,0.004244969449094538,embedding_pca
esmif_PC1443,0.011263959743399053,0.013048449107035695,0.011263959743399053,embedding_pca
esmif_PC1444,-0.0027509524795097167,0.03555146059029563,0.0027509524795097167,embedding_pca
esmif_PC1445,-0.005042934763235625,0.02346767515811084,0.005042934763235625,embedding_pca
esmif_PC1446,0.007202094993524215,0.018110156071822474,0.007202094993524215,embedding_pca
esmif_PC1447,0.008570687917905832,0.017244785532956376,0.008570687917905832,embedding_pca
esmif_PC1448,-0.0026454120395793036,0.01669846806893731,0.0026454120395793036,embedding_pca
esmif_PC1449,0.006818414227221434,0.03200353200743795,0.006818414227221434,embedding_pca
esmif_PC1450,-0.019179100871859527,0.01773618872384453,0.019179100871859527,embedding_pca
esmif_PC1451,-0.024780642333607227,0.018254467063107814,0.024780642333607227,embedding_pca
esmif_PC1452,0.005137119248815859,0.008649601536056446,0.005137119248815859,embedding_pca
esmif_PC1453,-0.004621610200092576,0.012624638948324787,0.004621610200092576,embedding_pca
esmif_PC1454,0.008269894776315774,0.02099699299387376,0.008269894776315774,embedding_pca
esmif_PC1455,0.002536552680313036,0.010620019585193865,0.002536552680313036,embedding_pca
esmif_PC1456,-0.006614997530647963,0.01197706230928903,0.006614997530647963,embedding_pca
esmif_PC1457,-0.006061535408129834,0.005864666130092419,0.006061535408129834,embedding_pca
esmif_PC1458,0.000637825540194476,0.014565112897576003,0.000637825540194476,embedding_pca
esmif_PC1459,0.00032917922919518326,0.01384758597299995,0.00032917922919518326,embedding_pca
esmif_PC1460,0.00033256865352650905,0.019310043604788017,0.00033256865352650905,embedding_pca
esmif_PC1461,-0.0058007928007721725,0.02141919499171192,0.0058007928007721725,embedding_pca
esmif_PC1462,0.0028971454097779245,0.01011306806072308,0.0028971454097779245,embedding_pca
esmif_PC1463,0.010853804498880609,0.0164404119648031,0.010853804498880609,embedding_pca
esmif_PC1464,-0.009494061897000064,0.021854092859684735,0.009494061897000064,embedding_pca
esmif_PC1465,-0.014795826121469258,0.015014073486535393,0.014795826121469258,embedding_pca
esmif_PC1466,0.001623263047904968,0.013738229033078636,0.001623263047904968,embedding_pca
esmif_PC1467,-0.009589207858423526,0.003573671796455812,0.009589207858423526,embedding_pca
esmif_PC1468,-0.01204196146553187,0.009588587829184645,0.01204196146553187,embedding_pca
esmif_PC1469,0.0034600312650189895,0.01565954710192625,0.0034600312650189895,embedding_pca
esmif_PC1470,0.0023887089762727573,0.011731296766303276,0.0023887089762727573,embedding_pca
esmif_PC1471,-0.013396384121461583,0.019212831775207984,0.013396384121461583,embedding_pca
esmif_PC1472,-0.004145966046799877,0.009854715201406593,0.004145966046799877,embedding_pca
esmif_PC1473,-0.0038477352058196314,0.006114492000887999,0.0038477352058196314,embedding_pca
esmif_PC1474,0.000515610592203852,0.006615009944727741,0.000515610592203852,embedding_pca
esmif_PC1475,-0.0021067124801350786,0.00839236195755461,0.0021067124801350786,embedding_pca
esmif_PC1476,0.0026383679147643927,0.008866723273342703,0.0026383679147643927,embedding_pca
esmif_PC1477,-0.0013102769534870998,0.009766434537373045,0.0013102769534870998,embedding_pca
esmif_PC1478,-0.008127745897546234,0.01144900135394702,0.008127745897546234,embedding_pca
esmif_PC1479,0.005306356922001048,0.005818441310439482,0.005306356922001048,embedding_pca
esmif_PC1480,-0.007160341304439292,0.007877078068294465,0.007160341304439292,embedding_pca
esmif_PC1481,0.00495702245902054,0.019476330951821674,0.00495702245902054,embedding_pca
esmif_PC1482,-0.006081873621785576,0.010029982900473543,0.006081873621785576,embedding_pca
esmif_PC1483,-0.011118893047485139,0.018643386190627817,0.011118893047485139,embedding_pca
esmif_PC1484,0.005946361317389549,0.019073977813464107,0.005946361317389549,embedding_pca
esmif_PC1485,0.0029691827867344353,0.020879416439516112,0.0029691827867344353,embedding_pca
esmif_PC1486,0.0041119083651389885,0.011288307797915216,0.0041119083651389885,embedding_pca
esmif_PC1487,0.0038646479498788354,0.007751694167351091,0.0038646479498788354,embedding_pca
esmif_PC1488,0.0008721309917341425,0.009944281099577236,0.0008721309917341425,embedding_pca
esmif_PC1489,-0.0031982922759720284,0.007599467627893216,0.0031982922759720284,embedding_pca
esmif_PC1490,-0.003297265619641912,0.013055174488176231,0.003297265619641912,embedding_pca
esmif_PC1491,-0.004631938607344342,0.015748260753414154,0.004631938607344342,embedding_pca
esmif_PC1492,-0.009998829271548115,0.00945431957058704,0.009998829271548115,embedding_pca
esmif_PC1493,-0.00010222582560200991,0.007704649999658561,0.00010222582560200991,embedding_pca
esmif_PC1494,-0.0038789716693447343,0.007502725488457257,0.0038789716693447343,embedding_pca
esmif_PC1495,-0.006760284354308556,0.0206308324898863,0.006760284354308556,embedding_pca
esmif_PC1496,-0.01172959658875044,0.009306297688676064,0.01172959658875044,embedding_pca
esmif_PC1497,-0.005372539331293477,0.013906472222899787,0.005372539331293477,embedding_pca
esmif_PC1498,0.00990274676184817,0.02038352486353027,0.00990274676184817,embedding_pca
esmif_PC1499,-0.0015747892344707335,0.02463734794075337,0.0015747892344707335,embedding_pca
esmif_PC1500,0.018782268004700356,0.00817081246820582,0.018782268004700356,embedding_pca
esmif_PC1501,0.018713861992610083,0.009742314883823962,0.018713861992610083,embedding_pca
esmif_PC1502,0.016829272354812738,0.009812467323782137,0.016829272354812738,embedding_pca
esmif_PC1503,-0.003586693739642323,0.006102941515902312,0.003586693739642323,embedding_pca
esmif_PC1504,0.015771074307960428,0.01685285660266346,0.015771074307960428,embedding_pca
esmif_PC1505,0.017341512565543043,0.023447973986931502,0.017341512565543043,embedding_pca
esmif_PC1506,-0.0029405844718173495,0.018657978017591784,0.0029405844718173495,embedding_pca
esmif_PC1507,0.02674000675570553,0.010731989598864733,0.02674000675570553,embedding_pca
esmif_PC1508,0.01518903026782185,0.02031467686015101,0.01518903026782185,embedding_pca
esmif_PC1509,-0.005910734216642973,0.016112319557318792,0.005910734216642973,embedding_pca
esmif_PC1510,0.0075621568886052246,0.012923051201530615,0.0075621568886052246,embedding_pca
esmif_PC1511,-0.007778833806678554,0.017871404560290703,0.007778833806678554,embedding_pca
esmif_PC1512,0.014668528368916139,0.008500155119778528,0.014668528368916139,embedding_pca
esmif_PC1513,-0.0004520393029378432,0.008464229448831462,0.0004520393029378432,embedding_pca
esmif_PC1514,-7.266164534137169e-05,0.008908359204209619,7.266164534137169e-05,embedding_pca
esmif_PC1515,-0.0030835465976849627,0.0056500107981680035,0.0030835465976849627,embedding_pca
esmif_PC1516,-0.002180391440365986,0.021246279929684024,0.002180391440365986,embedding_pca
esmif_PC1517,-0.016877514400201642,0.005639923956569186,0.016877514400201642,embedding_pca
esmif_PC1518,-0.0015390681990972565,0.01695525731399411,0.0015390681990972565,embedding_pca
esmif_PC1519,0.011496727504023299,0.00558604809501117,0.011496727504023299,embedding_pca
esmif_PC1520,-0.012824435952872335,0.010110757904542496,0.012824435952872335,embedding_pca
esmif_PC1521,0.023306042441840865,0.007789967042361007,0.023306042441840865,embedding_pca
esmif_PC1522,-0.004230144817292768,0.013637261050750261,0.004230144817292768,embedding_pca
esmif_PC1523,0.052110963799076024,0.08462149919357564,0.052110963799076024,embedding_pca
esmif_PC1524,-0.007208682184674369,0.0055974135106779226,0.007208682184674369,embedding_pca
esmif_PC1525,-0.026463767187012592,0.006342207001019096,0.026463767187012592,embedding_pca
esmif_PC1526,0.038787914101031315,0.0406804505647756,0.038787914101031315,embedding_pca
esmif_PC1527,0.019567213974321897,0.06453508897530887,0.019567213974321897,embedding_pca
esmif_PC1528,-0.007342678766460745,0.019098197114455914,0.007342678766460745,embedding_pca
esmif_PC1529,-0.013092270218933721,0.008769827809673685,0.013092270218933721,embedding_pca
esmif_PC1530,0.014727340216269716,0.028369846104426097,0.014727340216269716,embedding_pca
esmif_PC1531,0.005584709308396205,0.04517617336912107,0.005584709308396205,embedding_pca
esmif_PC1532,0.01427060374645248,0.014047822470608776,0.01427060374645248,embedding_pca
esmif_PC1533,0.007169464336622211,0.009414409276741646,0.007169464336622211,embedding_pca
esmif_PC1534,-0.16157129479128168,0.26858205279878355,0.16157129479128168,embedding_pca
esmif_PC1535,0.1727246942911583,0.24540506640860366,0.1727246942911583,embedding_pca
esmif_PC1536,0.40513196142570507,0.322938549141353,0.40513196142570507,embedding_pca
