feature,weight_mean,weight_std,weight_abs_mean,feature_type
rel_distance_from_n_terminus,0.0002441797271887849,1.2512069810235498e-05,0.0002441797271887849,handcrafted
rel_distance_from_c_terminus,0.0002675854169843882,1.3796195467562178e-05,0.0002675854169843882,handcrafted
mean_rsa_peptide,0.0002943188010818276,1.0064083750006886e-05,0.0002943188010818276,handcrafted
mean_disorder_peptide,0.00028745238640655747,1.6112625781161354e-05,0.00028745238640655747,handcrafted
mean_rsa_nflank,0.0002780091981222212,1.226343184856354e-05,0.0002780091981222212,handcrafted
mean_disorder_nflank,0.00028783637416023554,1.7634364797501828e-05,0.00028783637416023554,handcrafted
mean_rsa_cflank,0.00041500102861490913,3.309921278669866e-05,0.00041500102861490913,handcrafted
mean_disorder_cflank,0.00032805817012880134,1.997655412690537e-05,0.00032805817012880134,handcrafted
q8point_H_peptide,4.2314940110604003e-05,6.462555785844133e-06,4.2314940110604003e-05,handcrafted
q8point_G_peptide,1.5380471452782357e-05,4.493221912567893e-06,1.5380471452782357e-05,handcrafted
q8point_I_peptide,2.0670675677838052e-07,5.979930248685707e-08,2.0670675677838052e-07,handcrafted
q8point_E_peptide,1.2321410162569737e-05,2.1762424754732204e-06,1.2321410162569737e-05,handcrafted
q8point_B_peptide,1.1651753671144663e-06,1.884040142211028e-07,1.1651753671144663e-06,handcrafted
q8point_T_peptide,1.555719991829511e-05,3.3186850419834073e-06,1.555719991829511e-05,handcrafted
q8point_S_peptide,1.4313504987961386e-05,2.103376032036409e-06,1.4313504987961386e-05,handcrafted
q8point_C_peptide,5.4953223823177915e-05,1.322583001466145e-05,5.4953223823177915e-05,handcrafted
q8point_H_nflank,0.0001745473944694341,3.679786602308173e-05,0.0001745473944694341,handcrafted
q8point_G_nflank,1.146223029068532e-05,1.3822759294526916e-06,1.146223029068532e-05,handcrafted
q8point_I_nflank,3.867087328522485e-07,1.3961762351025305e-07,3.867087328522485e-07,handcrafted
q8point_E_nflank,2.007744883906044e-05,6.14490583911215e-06,2.007744883906044e-05,handcrafted
q8point_B_nflank,1.3615381525494886e-06,2.6396668492209186e-07,1.3615381525494886e-06,handcrafted
q8point_T_nflank,1.0907765836096627e-05,2.140624110353676e-06,1.0907765836096627e-05,handcrafted
q8point_S_nflank,1.380989893447046e-05,1.792211518863289e-06,1.380989893447046e-05,handcrafted
q8point_C_nflank,1.2415184873277371e-05,1.8836165849149649e-06,1.2415184873277371e-05,handcrafted
q8point_H_cflank,1.5532582812711055e-05,2.3662977758077685e-06,1.5532582812711055e-05,handcrafted
q8point_G_cflank,1.0351797948380643e-05,2.629716803507023e-06,1.0351797948380643e-05,handcrafted
q8point_I_cflank,6.851544955182683e-08,4.896065665391967e-08,6.851544955182683e-08,handcrafted
q8point_E_cflank,1.2262722973866824e-05,2.871800369611192e-06,1.2262722973866824e-05,handcrafted
q8point_B_cflank,1.4400412868716778e-06,3.737730289302479e-07,1.4400412868716778e-06,handcrafted
q8point_T_cflank,1.2659411813962297e-05,3.791062092248181e-06,1.2659411813962297e-05,handcrafted
q8point_S_cflank,1.21532132867098e-05,1.8895195842915724e-06,1.21532132867098e-05,handcrafted
q8point_C_cflank,1.3659401331784853e-05,1.6752931763622742e-06,1.3659401331784853e-05,handcrafted
q8trans_H_n_pep,8.574180894376946e-05,1.2144107916923029e-05,8.574180894376946e-05,handcrafted
q8trans_G_n_pep,8.933748888249725e-06,1.1701497265036655e-06,8.933748888249725e-06,handcrafted
q8trans_I_n_pep,2.0337917967932452e-07,6.201654212173515e-08,2.0337917967932452e-07,handcrafted
q8trans_E_n_pep,1.4323763773114634e-05,2.2495706524776142e-06,1.4323763773114634e-05,handcrafted
q8trans_B_n_pep,0.0,0.0,0.0,handcrafted
q8trans_T_n_pep,7.643281807542824e-06,5.444179722972548e-07,7.643281807542824e-06,handcrafted
q8trans_S_n_pep,1.5210722843274292e-06,6.060290805716666e-07,1.5210722843274292e-06,handcrafted
q8trans_C_n_pep,6.010414904918162e-05,1.1495565550124277e-05,6.010414904918162e-05,handcrafted
q8trans_H_pep_c,1.731713272702214e-05,2.2906525407869852e-06,1.731713272702214e-05,handcrafted
q8trans_G_pep_c,2.515753782205453e-06,1.3117778859226664e-06,2.515753782205453e-06,handcrafted
q8trans_I_pep_c,3.8852936337127137e-08,4.758605582991497e-08,3.8852936337127137e-08,handcrafted
q8trans_E_pep_c,9.699570179240582e-06,1.7156809210058145e-06,9.699570179240582e-06,handcrafted
q8trans_B_pep_c,0.0,0.0,0.0,handcrafted
q8trans_T_pep_c,5.886024331997309e-06,1.0047128730532901e-06,5.886024331997309e-06,handcrafted
q8trans_S_pep_c,3.956694882942433e-07,1.4629283099602426e-07,3.956694882942433e-07,handcrafted
q8trans_C_pep_c,1.9559096702972548e-05,4.465472447019098e-06,1.9559096702972548e-05,handcrafted
mean_plddt_peptide,0.0007100265803449338,6.932104833737137e-05,0.0007100265803449338,handcrafted
mean_plddt_nflank,0.0006930520398333616,5.798718043159269e-05,0.0006930520398333616,handcrafted
mean_plddt_cflank,0.0005121312578577937,3.241699740093613e-05,0.0005121312578577937,handcrafted
N10_A,1.162665891658288e-05,2.0199171009916974e-06,1.162665891658288e-05,handcrafted
N10_C,7.402116968411566e-06,1.358961448168815e-06,7.402116968411566e-06,handcrafted
N10_D,1.1661060353914023e-05,1.214828365498528e-06,1.1661060353914023e-05,handcrafted
N10_E,1.3525600369315653e-05,3.200040085835862e-06,1.3525600369315653e-05,handcrafted
N10_F,1.1406316383096568e-05,9.879099565966115e-07,1.1406316383096568e-05,handcrafted
N10_G,1.0561635718903232e-05,1.6937509557822166e-06,1.0561635718903232e-05,handcrafted
N10_H,8.813337196737883e-06,1.4741935831003824e-06,8.813337196737883e-06,handcrafted
N10_I,1.0441954736937343e-05,2.717611272876392e-06,1.0441954736937343e-05,handcrafted
N10_K,1.2624895540982703e-05,2.378458762480068e-06,1.2624895540982703e-05,handcrafted
N10_L,1.537800310814984e-05,1.7377668793058517e-06,1.537800310814984e-05,handcrafted
N10_M,1.0648949076746741e-05,5.886325226096035e-07,1.0648949076746741e-05,handcrafted
N10_N,1.0434923071554311e-05,1.6607498630852344e-06,1.0434923071554311e-05,handcrafted
N10_P,1.3301111559203895e-05,2.1590915128371277e-06,1.3301111559203895e-05,handcrafted
N10_Q,1.5140252858563861e-05,1.7291215894712878e-06,1.5140252858563861e-05,handcrafted
N10_R,1.1904765231795976e-05,9.418136808107754e-07,1.1904765231795976e-05,handcrafted
N10_S,1.3809658298563304e-05,1.4628957300810744e-06,1.3809658298563304e-05,handcrafted
N10_T,1.2265637965941422e-05,1.2111963071073356e-06,1.2265637965941422e-05,handcrafted
N10_V,1.1107272856906329e-05,2.4171590864428974e-06,1.1107272856906329e-05,handcrafted
N10_W,6.58311848553784e-06,8.245410437390027e-07,6.58311848553784e-06,handcrafted
N10_Y,8.652503525815316e-06,1.0905823437407026e-06,8.652503525815316e-06,handcrafted
N9_A,1.1583586336168658e-05,1.452390295509373e-06,1.1583586336168658e-05,handcrafted
N9_C,7.3180915544791334e-06,1.4432568294152763e-06,7.3180915544791334e-06,handcrafted
N9_D,1.2545465173180472e-05,1.7182478111334388e-06,1.2545465173180472e-05,handcrafted
N9_E,1.3720735867911476e-05,1.7196902698738606e-06,1.3720735867911476e-05,handcrafted
N9_F,1.0267149313805001e-05,9.372275544095352e-07,1.0267149313805001e-05,handcrafted
N9_G,1.0846749910811861e-05,1.717706211277628e-06,1.0846749910811861e-05,handcrafted
N9_H,8.764127551283683e-06,9.298357328403213e-07,8.764127551283683e-06,handcrafted
N9_I,1.0296517491021852e-05,8.806730286412876e-07,1.0296517491021852e-05,handcrafted
N9_K,1.1597121421860116e-05,2.0434414780088804e-06,1.1597121421860116e-05,handcrafted
N9_L,1.3827260876033098e-05,2.6750312934873554e-06,1.3827260876033098e-05,handcrafted
N9_M,7.843726367166667e-06,1.4440491513250986e-06,7.843726367166667e-06,handcrafted
N9_N,1.119436336468301e-05,2.15093347736199e-06,1.119436336468301e-05,handcrafted
N9_P,1.3135757962775639e-05,2.4104585638082352e-06,1.3135757962775639e-05,handcrafted
N9_Q,1.3013588788447311e-05,2.1930891714230735e-06,1.3013588788447311e-05,handcrafted
N9_R,1.1890316430160633e-05,2.0766224988767793e-06,1.1890316430160633e-05,handcrafted
N9_S,1.5189444478828197e-05,1.6603260101469853e-06,1.5189444478828197e-05,handcrafted
N9_T,1.0831194680140007e-05,1.1261274513329414e-06,1.0831194680140007e-05,handcrafted
N9_V,1.216584480259668e-05,2.257596039399854e-06,1.216584480259668e-05,handcrafted
N9_W,6.186752598114654e-06,6.35913948671287e-07,6.186752598114654e-06,handcrafted
N9_Y,9.073745623452696e-06,1.284368499585241e-06,9.073745623452696e-06,handcrafted
N8_A,1.226423256171937e-05,2.3295994997922224e-06,1.226423256171937e-05,handcrafted
N8_C,7.96563995166005e-06,9.74852669234551e-07,7.96563995166005e-06,handcrafted
N8_D,1.337849447712945e-05,7.292711803024524e-07,1.337849447712945e-05,handcrafted
N8_E,1.3927408646809529e-05,2.4023096559666626e-06,1.3927408646809529e-05,handcrafted
N8_F,9.123690137293275e-06,1.2414076158803193e-06,9.123690137293275e-06,handcrafted
N8_G,1.0885786723638436e-05,1.2346580037179456e-06,1.0885786723638436e-05,handcrafted
N8_H,1.0347867091310978e-05,2.172951676136647e-06,1.0347867091310978e-05,handcrafted
N8_I,1.1094004955500609e-05,2.234634768734977e-06,1.1094004955500609e-05,handcrafted
N8_K,1.2755016610101099e-05,2.6838146130293903e-06,1.2755016610101099e-05,handcrafted
N8_L,1.5568698937127434e-05,1.2728023588469078e-06,1.5568698937127434e-05,handcrafted
N8_M,1.1735410422486892e-05,3.0426727522699417e-06,1.1735410422486892e-05,handcrafted
N8_N,1.0815937584826948e-05,1.6947550424427334e-06,1.0815937584826948e-05,handcrafted
N8_P,1.299762471546756e-05,1.2521773078309779e-06,1.299762471546756e-05,handcrafted
N8_Q,1.2557455412489856e-05,2.1832709213573266e-06,1.2557455412489856e-05,handcrafted
N8_R,1.2213903518699118e-05,1.1800226791529478e-06,1.2213903518699118e-05,handcrafted
N8_S,1.2218350297925189e-05,6.235725856231855e-07,1.2218350297925189e-05,handcrafted
N8_T,1.205844690219443e-05,1.5472094566125918e-06,1.205844690219443e-05,handcrafted
N8_V,1.1771228943765834e-05,2.9917353072905716e-06,1.1771228943765834e-05,handcrafted
N8_W,5.321259627992589e-06,4.1246023871496187e-07,5.321259627992589e-06,handcrafted
N8_Y,8.597037032788717e-06,4.850236832625811e-07,8.597037032788717e-06,handcrafted
N7_A,1.3431815314237728e-05,2.25132850710629e-06,1.3431815314237728e-05,handcrafted
N7_C,9.000147413520635e-06,4.800539393121029e-07,9.000147413520635e-06,handcrafted
N7_D,1.3150191091899685e-05,1.4125819339762237e-06,1.3150191091899685e-05,handcrafted
N7_E,1.3387867296530803e-05,2.1165592436931997e-06,1.3387867296530803e-05,handcrafted
N7_F,9.710912024042634e-06,1.4444108882278546e-06,9.710912024042634e-06,handcrafted
N7_G,1.2491648722682733e-05,2.619745710510719e-06,1.2491648722682733e-05,handcrafted
N7_H,9.300534928081606e-06,1.5294485561574042e-06,9.300534928081606e-06,handcrafted
N7_I,1.07762793718581e-05,1.3979086432107601e-06,1.07762793718581e-05,handcrafted
N7_K,1.3668677251430262e-05,2.7133814525410916e-06,1.3668677251430262e-05,handcrafted
N7_L,1.5013295687072168e-05,1.760840619158446e-06,1.5013295687072168e-05,handcrafted
N7_M,8.365082611256017e-06,8.41298616924391e-07,8.365082611256017e-06,handcrafted
N7_N,1.3776247651325005e-05,9.96185278471388e-07,1.3776247651325005e-05,handcrafted
N7_P,1.2155016051945292e-05,2.256449795177535e-06,1.2155016051945292e-05,handcrafted
N7_Q,1.2129797916373943e-05,1.1154459244428283e-06,1.2129797916373943e-05,handcrafted
N7_R,1.1336544240063585e-05,2.591389734728435e-06,1.1336544240063585e-05,handcrafted
N7_S,1.419232634504799e-05,1.7161292414832654e-06,1.419232634504799e-05,handcrafted
N7_T,1.0440140522404446e-05,5.013873770498854e-07,1.0440140522404446e-05,handcrafted
N7_V,1.0033177812789114e-05,1.7847477216337977e-06,1.0033177812789114e-05,handcrafted
N7_W,5.30662763718669e-06,1.2347473233373038e-06,5.30662763718669e-06,handcrafted
N7_Y,9.633940363383555e-06,1.1720416269727839e-06,9.633940363383555e-06,handcrafted
N6_A,1.3551839789769749e-05,1.3586814676920304e-06,1.3551839789769749e-05,handcrafted
N6_C,7.107610793703143e-06,1.2233815249354375e-06,7.107610793703143e-06,handcrafted
N6_D,1.0018481570599425e-05,1.0728903012354572e-06,1.0018481570599425e-05,handcrafted
N6_E,1.2221226124047762e-05,2.5560522572076564e-06,1.2221226124047762e-05,handcrafted
N6_F,1.0539170320348977e-05,1.4941240223404381e-06,1.0539170320348977e-05,handcrafted
N6_G,1.1802868692540485e-05,1.9965755510526376e-06,1.1802868692540485e-05,handcrafted
N6_H,1.0226208771336802e-05,1.4033797929228214e-06,1.0226208771336802e-05,handcrafted
N6_I,1.1091461349683536e-05,1.4931440738648071e-06,1.1091461349683536e-05,handcrafted
N6_K,1.2788299013325544e-05,2.529008142168152e-06,1.2788299013325544e-05,handcrafted
N6_L,1.4891731626704946e-05,1.6977759319713963e-06,1.4891731626704946e-05,handcrafted
N6_M,9.429447995101727e-06,2.636358935178706e-06,9.429447995101727e-06,handcrafted
N6_N,1.0662287865761593e-05,1.0619823529467443e-06,1.0662287865761593e-05,handcrafted
N6_P,1.3526727864736875e-05,2.6146051006596966e-06,1.3526727864736875e-05,handcrafted
N6_Q,1.2381819560208834e-05,1.4045655369960747e-06,1.2381819560208834e-05,handcrafted
N6_R,1.1812757076319756e-05,1.7730090317534937e-06,1.1812757076319756e-05,handcrafted
N6_S,1.3659104408868762e-05,2.8015401682852386e-06,1.3659104408868762e-05,handcrafted
N6_T,1.1398803097786432e-05,1.8712933470029175e-06,1.1398803097786432e-05,handcrafted
N6_V,1.1733726316617365e-05,6.974414366347385e-07,1.1733726316617365e-05,handcrafted
N6_W,4.953413952831649e-06,8.780866204471389e-07,4.953413952831649e-06,handcrafted
N6_Y,1.0865821228839064e-05,3.3806570046226382e-06,1.0865821228839064e-05,handcrafted
N5_A,1.2255205490710718e-05,1.9314175819520303e-06,1.2255205490710718e-05,handcrafted
N5_C,7.657349314937556e-06,8.523870940315556e-07,7.657349314937556e-06,handcrafted
N5_D,1.1529771432368676e-05,1.8010695057339623e-06,1.1529771432368676e-05,handcrafted
N5_E,1.3846410535155708e-05,2.3324536710497554e-06,1.3846410535155708e-05,handcrafted
N5_F,1.0639816923629005e-05,2.3416726129902515e-06,1.0639816923629005e-05,handcrafted
N5_G,1.1634444985959485e-05,8.894506431303802e-07,1.1634444985959485e-05,handcrafted
N5_H,1.0885829782637199e-05,1.5389635083485022e-06,1.0885829782637199e-05,handcrafted
N5_I,1.1084406448175713e-05,1.5967018398690383e-06,1.1084406448175713e-05,handcrafted
N5_K,1.2387236861256053e-05,9.892025390360122e-07,1.2387236861256053e-05,handcrafted
N5_L,1.3773725294201946e-05,2.6796138829611388e-06,1.3773725294201946e-05,handcrafted
N5_M,9.889938653686709e-06,1.4552558948275516e-06,9.889938653686709e-06,handcrafted
N5_N,1.0703892048502163e-05,1.4727948261353664e-06,1.0703892048502163e-05,handcrafted
N5_P,1.5320562730976192e-05,1.4323904752607287e-06,1.5320562730976192e-05,handcrafted
N5_Q,1.2662692389981692e-05,1.896434510759825e-06,1.2662692389981692e-05,handcrafted
N5_R,1.221824281951457e-05,3.1992035513405696e-06,1.221824281951457e-05,handcrafted
N5_S,1.2897092916405329e-05,1.668264733633149e-06,1.2897092916405329e-05,handcrafted
N5_T,1.0541986305990198e-05,2.2258665264426493e-06,1.0541986305990198e-05,handcrafted
N5_V,1.2990932441787984e-05,2.562746708904597e-06,1.2990932441787984e-05,handcrafted
N5_W,4.34902927452204e-06,8.374116988035697e-07,4.34902927452204e-06,handcrafted
N5_Y,7.113092424233882e-06,1.0546011360539136e-06,7.113092424233882e-06,handcrafted
N4_A,1.5599120551618165e-05,1.1655658951112308e-06,1.5599120551618165e-05,aa_encoding
N4_C,7.105985833146892e-06,1.0600357144080668e-06,7.105985833146892e-06,aa_encoding
N4_D,1.3590526128848994e-05,1.8130015486668662e-06,1.3590526128848994e-05,aa_encoding
N4_E,1.2896081115928886e-05,3.2625765833322154e-06,1.2896081115928886e-05,aa_encoding
N4_F,1.0689964085635193e-05,1.6485289825488658e-06,1.0689964085635193e-05,aa_encoding
N4_G,1.4806087219060984e-05,1.8110424180198015e-06,1.4806087219060984e-05,aa_encoding
N4_H,8.794707028910374e-06,7.032570810675382e-07,8.794707028910374e-06,aa_encoding
N4_I,1.0298106100935363e-05,1.6678911325969378e-06,1.0298106100935363e-05,aa_encoding
N4_K,1.1823347588597723e-05,1.135778268298237e-06,1.1823347588597723e-05,aa_encoding
N4_L,1.3499537462996025e-05,3.033527656784197e-06,1.3499537462996025e-05,aa_encoding
N4_M,9.320979717026855e-06,1.8185608041307274e-06,9.320979717026855e-06,aa_encoding
N4_N,1.0442573334287878e-05,1.0393902404067591e-06,1.0442573334287878e-05,aa_encoding
N4_P,1.9995083505903226e-05,7.82425909658294e-06,1.9995083505903226e-05,aa_encoding
N4_Q,1.2759555532352597e-05,2.208619427870108e-06,1.2759555532352597e-05,aa_encoding
N4_R,1.162186992599947e-05,1.1977676649228714e-06,1.162186992599947e-05,aa_encoding
N4_S,1.3992553946837527e-05,2.280490607855254e-06,1.3992553946837527e-05,aa_encoding
N4_T,1.1386170451197033e-05,1.4337610349173873e-06,1.1386170451197033e-05,aa_encoding
N4_V,1.5543648035875087e-05,2.3320633779585856e-06,1.5543648035875087e-05,aa_encoding
N4_W,5.185784622611465e-06,9.645638670698971e-07,5.185784622611465e-06,aa_encoding
N4_Y,8.709687051078697e-06,1.5866646144532685e-06,8.709687051078697e-06,aa_encoding
N3_A,1.3510118344156434e-05,2.367527474900856e-06,1.3510118344156434e-05,aa_encoding
N3_C,7.848746152006473e-06,1.5574829898461122e-06,7.848746152006473e-06,aa_encoding
N3_D,1.207025795643099e-05,1.4995314722601285e-06,1.207025795643099e-05,aa_encoding
N3_E,1.5015009435439405e-05,1.3373950375690014e-06,1.5015009435439405e-05,aa_encoding
N3_F,1.0181859416961919e-05,9.35248519062259e-07,1.0181859416961919e-05,aa_encoding
N3_G,8.047540769036955e-05,1.8892050097279313e-05,8.047540769036955e-05,aa_encoding
N3_H,9.16784548572167e-06,8.138494706762597e-07,9.16784548572167e-06,aa_encoding
N3_I,1.4951037339513253e-05,2.522880646220672e-06,1.4951037339513253e-05,aa_encoding
N3_K,1.3794030982777847e-05,2.2061113318983297e-06,1.3794030982777847e-05,aa_encoding
N3_L,1.4915539264516006e-05,1.7418294647900958e-06,1.4915539264516006e-05,aa_encoding
N3_M,9.712627624432309e-06,1.0808371763476865e-06,9.712627624432309e-06,aa_encoding
N3_N,1.1042845424263957e-05,2.2740939296271066e-06,1.1042845424263957e-05,aa_encoding
N3_P,0.00027726131017968364,5.23037772657696e-05,0.00027726131017968364,aa_encoding
N3_Q,1.2874009016387818e-05,2.6857519573027663e-06,1.2874009016387818e-05,aa_encoding
N3_R,1.341026059149132e-05,3.035742739644666e-06,1.341026059149132e-05,aa_encoding
N3_S,1.2465642261246819e-05,1.9851298027137787e-06,1.2465642261246819e-05,aa_encoding
N3_T,1.2581139759159846e-05,1.7572587416318093e-06,1.2581139759159846e-05,aa_encoding
N3_V,1.2660175781189611e-05,2.735330885897735e-06,1.2660175781189611e-05,aa_encoding
N3_W,4.67692995855133e-06,9.606781058361925e-07,4.67692995855133e-06,aa_encoding
N3_Y,8.062068530044929e-06,1.2952885678669965e-06,8.062068530044929e-06,aa_encoding
N2_A,1.7166311308034602e-05,3.756407950488333e-06,1.7166311308034602e-05,aa_encoding
N2_C,8.687010353992769e-06,2.1955455940451795e-06,8.687010353992769e-06,aa_encoding
N2_D,1.2524931859572456e-05,2.2763298432362185e-06,1.2524931859572456e-05,aa_encoding
N2_E,1.4657510737387574e-05,2.4508985991289127e-06,1.4657510737387574e-05,aa_encoding
N2_F,1.2192680740977634e-05,1.8967058945259481e-06,1.2192680740977634e-05,aa_encoding
N2_G,1.2090530682629662e-05,1.8836598074798305e-06,1.2090530682629662e-05,aa_encoding
N2_H,8.854732194218452e-06,8.576548989390209e-07,8.854732194218452e-06,aa_encoding
N2_I,3.767086031529402e-05,8.092440406090177e-06,3.767086031529402e-05,aa_encoding
N2_K,1.3101166712065477e-05,1.8443244964549882e-06,1.3101166712065477e-05,aa_encoding
N2_L,1.4241635252091244e-05,1.5823892364729582e-06,1.4241635252091244e-05,aa_encoding
N2_M,1.0359131405459476e-05,3.878322215355647e-07,1.0359131405459476e-05,aa_encoding
N2_N,1.5170773780123523e-05,3.3956553025360213e-06,1.5170773780123523e-05,aa_encoding
N2_P,0.00057088615194048,5.3766460485241775e-05,0.00057088615194048,aa_encoding
N2_Q,1.4842768671560201e-05,1.8726010962577051e-06,1.4842768671560201e-05,aa_encoding
N2_R,1.1896053590147271e-05,6.195502027413677e-07,1.1896053590147271e-05,aa_encoding
N2_S,1.4177453994755013e-05,1.1200175765926707e-06,1.4177453994755013e-05,aa_encoding
N2_T,1.2063715465520921e-05,3.033584863086229e-06,1.2063715465520921e-05,aa_encoding
N2_V,1.4212327262377735e-05,2.130069911793901e-06,1.4212327262377735e-05,aa_encoding
N2_W,5.885621996719108e-06,9.902973881761552e-07,5.885621996719108e-06,aa_encoding
N2_Y,9.08095334020932e-06,8.178757396777839e-07,9.08095334020932e-06,aa_encoding
N1_A,6.471806240320271e-05,1.4871774577810926e-05,6.471806240320271e-05,aa_encoding
N1_C,9.53552163391299e-06,1.2661172268540888e-06,9.53552163391299e-06,aa_encoding
N1_D,1.4382684490078676e-05,1.8868327555756394e-06,1.4382684490078676e-05,aa_encoding
N1_E,1.3103070605674739e-05,2.4129839184005804e-06,1.3103070605674739e-05,aa_encoding
N1_F,1.1227365884690233e-05,1.7113607008721627e-06,1.1227365884690233e-05,aa_encoding
N1_G,1.1246248494421257e-05,2.9019322660946467e-06,1.1246248494421257e-05,aa_encoding
N1_H,9.406522215957876e-06,1.2431543663771978e-06,9.406522215957876e-06,aa_encoding
N1_I,2.5359088003876934e-05,2.4901767336685738e-06,2.5359088003876934e-05,aa_encoding
N1_K,1.4396480002759849e-05,1.5315327852810183e-06,1.4396480002759849e-05,aa_encoding
N1_L,1.358962847715638e-05,2.787292090121901e-06,1.358962847715638e-05,aa_encoding
N1_M,8.337947810894863e-06,1.8620897258406813e-06,8.337947810894863e-06,aa_encoding
N1_N,1.2241676014307351e-05,2.241049144107131e-06,1.2241676014307351e-05,aa_encoding
N1_P,0.0006925300658450451,5.142438359741352e-05,0.0006925300658450451,aa_encoding
N1_Q,1.7769606414178457e-05,5.055282588464351e-06,1.7769606414178457e-05,aa_encoding
N1_R,1.192778426775912e-05,1.498095463805211e-06,1.192778426775912e-05,aa_encoding
N1_S,2.037981571894264e-05,1.1180210950758705e-06,2.037981571894264e-05,aa_encoding
N1_T,1.0682021583055825e-05,1.530349934919916e-06,1.0682021583055825e-05,aa_encoding
N1_V,1.2736473644141504e-05,3.172970546226181e-06,1.2736473644141504e-05,aa_encoding
N1_W,3.96215985016942e-06,1.3748807987105086e-06,3.96215985016942e-06,aa_encoding
N1_Y,7.816898695147242e-06,1.1692978619120204e-06,7.816898695147242e-06,aa_encoding
P1_A,1.4102348399499427e-05,3.652982960019183e-06,1.4102348399499427e-05,aa_encoding
P1_C,5.201783994443784e-07,1.700369910505818e-07,5.201783994443784e-07,aa_encoding
P1_D,1.5297851161415506e-06,4.820421921087742e-07,1.5297851161415506e-06,aa_encoding
P1_E,5.669504321606153e-06,1.6022705511754314e-06,5.669504321606153e-06,aa_encoding
P1_F,1.6805720849712728e-05,3.8131892351025268e-06,1.6805720849712728e-05,aa_encoding
P1_G,1.699786470177445e-05,2.9049021879595176e-06,1.699786470177445e-05,aa_encoding
P1_H,1.0620194648659646e-05,1.2871151363087782e-06,1.0620194648659646e-05,aa_encoding
P1_I,1.0990023219172927e-05,1.230434614097257e-06,1.0990023219172927e-05,aa_encoding
P1_K,1.4751276409912179e-05,3.2557921203857825e-06,1.4751276409912179e-05,aa_encoding
P1_L,1.3835820244612372e-05,2.193092154049787e-06,1.3835820244612372e-05,aa_encoding
P1_M,3.340818242331465e-05,8.122472111920876e-06,3.340818242331465e-05,aa_encoding
P1_N,1.0068761647268281e-05,1.1993473533920232e-06,1.0068761647268281e-05,aa_encoding
P1_P,1.0563974304322235e-06,3.8552919046713937e-07,1.0563974304322235e-06,aa_encoding
P1_Q,1.1128533097212357e-05,9.934627421112381e-07,1.1128533097212357e-05,aa_encoding
P1_R,1.296369355884109e-05,2.177925700295178e-06,1.296369355884109e-05,aa_encoding
P1_S,2.616576747046932e-05,4.942235949377446e-06,2.616576747046932e-05,aa_encoding
P1_T,1.2000414453613754e-05,2.315762981724156e-06,1.2000414453613754e-05,aa_encoding
P1_V,1.1595197656297162e-05,2.335702442972677e-06,1.1595197656297162e-05,aa_encoding
P1_W,2.344064685240865e-06,7.764553480039794e-07,2.344064685240865e-06,aa_encoding
P1_Y,1.039224348516315e-05,2.4500053133105946e-06,1.039224348516315e-05,aa_encoding
P2_A,1.6386793886116726e-05,6.118689737545469e-06,1.6386793886116726e-05,aa_encoding
P2_C,2.4332545236753687e-08,4.866509047350738e-08,2.4332545236753687e-08,aa_encoding
P2_D,0.0,0.0,0.0,aa_encoding
P2_E,4.96535143525169e-08,6.081491760577799e-08,4.96535143525169e-08,aa_encoding
P2_F,6.300141550358266e-05,1.6857872398277003e-05,6.300141550358266e-05,aa_encoding
P2_G,5.465354747355635e-07,3.631368240344982e-07,5.465354747355635e-07,aa_encoding
P2_H,7.946734793429727e-23,1.5893469586859453e-22,7.946734793429727e-23,aa_encoding
P2_I,1.102943924795488e-05,2.3736926072232633e-06,1.102943924795488e-05,aa_encoding
P2_K,0.0,0.0,0.0,aa_encoding
P2_L,1.3686638801976701e-05,3.7211721706577458e-06,1.3686638801976701e-05,aa_encoding
P2_M,5.6114923495515626e-05,1.1605041684088078e-05,5.6114923495515626e-05,aa_encoding
P2_N,0.0,0.0,0.0,aa_encoding
P2_P,9.388261904565198e-08,8.578681854220027e-08,9.388261904565198e-08,aa_encoding
P2_Q,1.1331855994089474e-05,3.370012746542669e-06,1.1331855994089474e-05,aa_encoding
P2_R,0.0,0.0,0.0,aa_encoding
P2_S,2.8027328573000097e-06,8.371320608310163e-07,2.8027328573000097e-06,aa_encoding
P2_T,8.509118386969359e-06,2.4919102854579087e-06,8.509118386969359e-06,aa_encoding
P2_V,1.5840857791540473e-05,2.859001412824124e-06,1.5840857791540473e-05,aa_encoding
P2_W,1.8377452054038854e-07,2.524341355659327e-07,1.8377452054038854e-07,aa_encoding
P2_Y,1.8400813820835747e-07,9.267973888882764e-08,1.8400813820835747e-07,aa_encoding
P3_A,1.31491082688229e-05,2.1450785897190024e-06,1.31491082688229e-05,aa_encoding
P3_C,1.296627334601513e-06,3.1381039538519843e-07,1.296627334601513e-06,aa_encoding
P3_D,1.6133300640749244e-05,2.90226191373791e-06,1.6133300640749244e-05,aa_encoding
P3_E,1.4550824356622494e-05,2.00137399888834e-06,1.4550824356622494e-05,aa_encoding
P3_F,1.22160152303537e-05,7.793571653660373e-07,1.22160152303537e-05,aa_encoding
P3_G,1.653192222648512e-05,1.9411758071864694e-06,1.653192222648512e-05,aa_encoding
P3_H,5.077478111074654e-05,2.123578205061683e-05,5.077478111074654e-05,aa_encoding
P3_I,1.1974373932196938e-05,1.7100808916574905e-06,1.1974373932196938e-05,aa_encoding
P3_K,1.8337137786347508e-05,1.4004376270332359e-06,1.8337137786347508e-05,aa_encoding
P3_L,3.283703226294019e-05,1.3849780938765919e-05,3.283703226294019e-05,aa_encoding
P3_M,1.2346975682872167e-05,1.783445681559592e-06,1.2346975682872167e-05,aa_encoding
P3_N,1.2058755527251256e-05,1.6104154870240896e-06,1.2058755527251256e-05,aa_encoding
P3_P,0.0001354011907903539,1.321868709603241e-05,0.0001354011907903539,aa_encoding
P3_Q,2.7461157270999924e-05,6.101718729253804e-06,2.7461157270999924e-05,aa_encoding
P3_R,5.281651929260512e-06,6.892123462309037e-07,5.281651929260512e-06,aa_encoding
P3_S,1.4762264673788796e-05,2.543257653387395e-06,1.4762264673788796e-05,aa_encoding
P3_T,1.919251717876297e-05,4.410900853589117e-06,1.919251717876297e-05,aa_encoding
P3_V,1.2782869197531655e-05,2.3033018464006544e-06,1.2782869197531655e-05,aa_encoding
P3_W,1.4600348058061877e-05,4.48009480166403e-06,1.4600348058061877e-05,aa_encoding
P3_Y,1.9711658271897517e-05,4.5032389476458155e-06,1.9711658271897517e-05,aa_encoding
P4_A,1.3258660590347688e-05,9.010796213624788e-07,1.3258660590347688e-05,aa_encoding
P4_C,1.0657268605935785e-06,6.249866013154211e-07,1.0657268605935785e-06,aa_encoding
P4_D,1.5381395006019546e-05,1.737650917403033e-06,1.5381395006019546e-05,aa_encoding
P4_E,1.3862013157990197e-05,2.4773338966783977e-06,1.3862013157990197e-05,aa_encoding
P4_F,4.51570803021789e-06,8.599776006220453e-07,4.51570803021789e-06,aa_encoding
P4_G,1.1438831502705771e-05,2.2820181485787028e-06,1.1438831502705771e-05,aa_encoding
P4_H,4.8729236017055286e-05,1.528503378791967e-05,4.8729236017055286e-05,aa_encoding
P4_I,5.586609526047732e-06,5.050585755988145e-07,5.586609526047732e-06,aa_encoding
P4_K,3.546568159072331e-05,1.115672859931119e-05,3.546568159072331e-05,aa_encoding
P4_L,9.853010989335762e-06,1.4782748848255376e-06,9.853010989335762e-06,aa_encoding
P4_M,2.6904993354520023e-06,7.676307019470937e-07,2.6904993354520023e-06,aa_encoding
P4_N,1.1817387254280523e-05,1.7644277800657494e-06,1.1817387254280523e-05,aa_encoding
P4_P,0.00017300425494526465,2.4474899893788613e-05,0.00017300425494526465,aa_encoding
P4_Q,1.3351823551662241e-05,1.3047844246753447e-06,1.3351823551662241e-05,aa_encoding
P4_R,1.2077902120112076e-05,2.460629868998029e-06,1.2077902120112076e-05,aa_encoding
P4_S,1.6920403861407706e-05,1.2186974867206938e-06,1.6920403861407706e-05,aa_encoding
P4_T,1.1029258397705106e-05,2.7032527729961766e-06,1.1029258397705106e-05,aa_encoding
P4_V,8.84331196896231e-06,2.3968700235371647e-06,8.84331196896231e-06,aa_encoding
P4_W,1.956167510307004e-06,3.445175502257365e-07,1.956167510307004e-06,aa_encoding
P4_Y,4.339743119629424e-06,8.10270397818385e-07,4.339743119629424e-06,aa_encoding
P5_A,1.0947392858437122e-05,1.1238106807859758e-06,1.0947392858437122e-05,aa_encoding
P5_C,1.9411647895874684e-06,2.4662545951765966e-07,1.9411647895874684e-06,aa_encoding
P5_D,1.4523057658264037e-05,1.3562428080823857e-06,1.4523057658264037e-05,aa_encoding
P5_E,1.4370593537044225e-05,2.0389825601578896e-06,1.4370593537044225e-05,aa_encoding
P5_F,1.1892483850187578e-05,1.7449335276388096e-06,1.1892483850187578e-05,aa_encoding
P5_G,9.626614342008748e-06,1.82323195196346e-06,9.626614342008748e-06,aa_encoding
P5_H,0.00020801283247739291,2.6913172219430402e-05,0.00020801283247739291,aa_encoding
P5_I,2.4106977502567706e-05,4.164272675086115e-06,2.4106977502567706e-05,aa_encoding
P5_K,0.00022108595778586463,3.450144181490301e-05,0.00022108595778586463,aa_encoding
P5_L,3.2583024959113114e-05,5.562133314788114e-06,3.2583024959113114e-05,aa_encoding
P5_M,8.384197094094874e-06,9.903735761126712e-07,8.384197094094874e-06,aa_encoding
P5_N,1.2871190886647915e-05,1.3760548476497753e-06,1.2871190886647915e-05,aa_encoding
P5_P,0.000670751157823722,4.330721565128284e-05,0.000670751157823722,aa_encoding
P5_Q,1.3909174041292361e-05,2.0805789377307834e-06,1.3909174041292361e-05,aa_encoding
P5_R,8.325349262668197e-05,1.8839906034619028e-05,8.325349262668197e-05,aa_encoding
P5_S,1.8439436712845974e-05,2.1395091852405427e-06,1.8439436712845974e-05,aa_encoding
P5_T,1.5713249570969685e-05,3.0623526286478377e-06,1.5713249570969685e-05,aa_encoding
P5_V,1.5642882100518897e-05,2.044670156505214e-06,1.5642882100518897e-05,aa_encoding
P5_W,5.330478083895655e-06,1.9339948415771135e-06,5.330478083895655e-06,aa_encoding
P5_Y,9.893460565515494e-06,1.6089263856532643e-06,9.893460565515494e-06,aa_encoding
P6_A,1.2112257131133136e-05,8.888087495427224e-07,1.2112257131133136e-05,aa_encoding
P6_C,1.946940526145795e-06,7.498749110419294e-07,1.946940526145795e-06,aa_encoding
P6_D,2.6787872444687532e-05,1.1210468284879458e-05,2.6787872444687532e-05,aa_encoding
P6_E,1.206397247977727e-05,1.0455609390599963e-06,1.206397247977727e-05,aa_encoding
P6_F,6.740150047905029e-05,1.267812793208006e-05,6.740150047905029e-05,aa_encoding
P6_G,6.560625279016006e-05,1.2837758979216075e-05,6.560625279016006e-05,aa_encoding
P6_H,8.22261911224229e-06,1.0010701392322133e-06,8.22261911224229e-06,aa_encoding
P6_I,2.6152267202119124e-05,6.4601444328845154e-06,2.6152267202119124e-05,aa_encoding
P6_K,1.2588992314053722e-05,2.9237373455194628e-06,1.2588992314053722e-05,aa_encoding
P6_L,2.178923408664564e-05,3.653812303011577e-06,2.178923408664564e-05,aa_encoding
P6_M,4.4282038082346325e-05,1.0234246571250905e-05,4.4282038082346325e-05,aa_encoding
P6_N,1.2923439734196992e-05,1.9901095448757204e-06,1.2923439734196992e-05,aa_encoding
P6_P,3.072266130376053e-05,1.191196680617763e-05,3.072266130376053e-05,aa_encoding
P6_Q,1.1866175682763989e-05,1.983173252420209e-06,1.1866175682763989e-05,aa_encoding
P6_R,7.010171468219565e-06,1.4175971128232674e-06,7.010171468219565e-06,aa_encoding
P6_S,1.3081885445043431e-05,1.410766468980547e-06,1.3081885445043431e-05,aa_encoding
P6_T,1.1345045413353895e-05,1.2886623435062573e-06,1.1345045413353895e-05,aa_encoding
P6_V,5.6212525996821406e-05,1.846300600352073e-05,5.6212525996821406e-05,aa_encoding
P6_W,2.5507664259743135e-06,9.389965086372479e-07,2.5507664259743135e-06,aa_encoding
P6_Y,7.269973331977219e-06,1.8369934754557422e-06,7.269973331977219e-06,aa_encoding
P7_A,1.262012152205322e-05,1.3060551060400895e-06,1.262012152205322e-05,aa_encoding
P7_C,1.9836641629298757e-06,2.747884746478425e-07,1.9836641629298757e-06,aa_encoding
P7_D,8.161140155865489e-05,1.3368680749509234e-05,8.161140155865489e-05,aa_encoding
P7_E,1.5375043688867663e-05,2.0100678993874428e-06,1.5375043688867663e-05,aa_encoding
P7_F,1.1532920063976172e-05,1.6540720211251705e-06,1.1532920063976172e-05,aa_encoding
P7_G,5.762665812679955e-05,6.421943708202466e-06,5.762665812679955e-05,aa_encoding
P7_H,0.0002051842908168601,4.7618814236384016e-05,0.0002051842908168601,aa_encoding
P7_I,1.5163857167289346e-05,1.8435699583858905e-06,1.5163857167289346e-05,aa_encoding
P7_K,1.2363479900828408e-05,2.6667212422313615e-06,1.2363479900828408e-05,aa_encoding
P7_L,2.9327062284876616e-05,7.966957944294094e-06,2.9327062284876616e-05,aa_encoding
P7_M,3.188699453949226e-05,6.728791549471072e-06,3.188699453949226e-05,aa_encoding
P7_N,1.1387986447267662e-05,1.397587821047991e-06,1.1387986447267662e-05,aa_encoding
P7_P,1.2665352302515943e-05,2.6108169662435685e-06,1.2665352302515943e-05,aa_encoding
P7_Q,1.3071368151976702e-05,2.567413583498413e-06,1.3071368151976702e-05,aa_encoding
P7_R,9.549479479023639e-06,2.383429626367637e-06,9.549479479023639e-06,aa_encoding
P7_S,1.5069107817615509e-05,1.4996579252765137e-06,1.5069107817615509e-05,aa_encoding
P7_T,1.2502069453541747e-05,2.344901034403763e-06,1.2502069453541747e-05,aa_encoding
P7_V,2.2861248117967002e-05,8.505629478320083e-06,2.2861248117967002e-05,aa_encoding
P7_W,8.76944711173817e-06,1.518216038864197e-06,8.76944711173817e-06,aa_encoding
P7_Y,1.1730929980345127e-05,1.908910671131303e-06,1.1730929980345127e-05,aa_encoding
P8_A,1.3534628769820857e-05,3.4270647147335965e-06,1.3534628769820857e-05,aa_encoding
P8_C,1.9656073555078017e-06,6.622809077349005e-07,1.9656073555078017e-06,aa_encoding
P8_D,1.3039882921107806e-05,2.18936133510663e-06,1.3039882921107806e-05,aa_encoding
P8_E,1.5266744779814684e-05,2.9046182319348574e-06,1.5266744779814684e-05,aa_encoding
P8_F,8.63010479430514e-06,7.610152177251964e-07,8.63010479430514e-06,aa_encoding
P8_G,1.2000111343839683e-05,1.3801772097115775e-06,1.2000111343839683e-05,aa_encoding
P8_H,1.4921527189358449e-05,2.463014109506528e-06,1.4921527189358449e-05,aa_encoding
P8_I,2.0242155560637658e-05,2.9465549632569797e-06,2.0242155560637658e-05,aa_encoding
P8_K,0.0001182957833645052,2.836307569706192e-05,0.0001182957833645052,aa_encoding
P8_L,2.415167420360317e-05,5.7535869851212045e-06,2.415167420360317e-05,aa_encoding
P8_M,2.3834295269550437e-05,4.809264280176894e-06,2.3834295269550437e-05,aa_encoding
P8_N,1.2064568752437475e-05,2.081094079393767e-06,1.2064568752437475e-05,aa_encoding
P8_P,0.0001321145800313255,2.37703368131797e-05,0.0001321145800313255,aa_encoding
P8_Q,1.5584602829152114e-05,8.623791333121091e-07,1.5584602829152114e-05,aa_encoding
P8_R,1.8682890825664074e-05,3.119453668477482e-06,1.8682890825664074e-05,aa_encoding
P8_S,1.6422000008941506e-05,2.2543897301987717e-06,1.6422000008941506e-05,aa_encoding
P8_T,2.0612641972279845e-05,2.8596919644555623e-06,2.0612641972279845e-05,aa_encoding
P8_V,1.084776767480851e-05,8.21931886275321e-07,1.084776767480851e-05,aa_encoding
P8_W,2.3229910884423095e-06,7.257476302674144e-07,2.3229910884423095e-06,aa_encoding
P8_Y,1.0781697247078036e-05,2.7761918995976785e-06,1.0781697247078036e-05,aa_encoding
P9_A,1.3927719889087722e-05,1.8668881018376518e-06,1.3927719889087722e-05,aa_encoding
P9_C,2.2672556235821586e-05,6.121023833995634e-06,2.2672556235821586e-05,aa_encoding
P9_D,0.0,0.0,0.0,aa_encoding
P9_E,5.704989185625046e-08,7.511286102443055e-08,5.704989185625046e-08,aa_encoding
P9_F,4.28864937202913e-06,5.105997841077982e-07,4.28864937202913e-06,aa_encoding
P9_G,4.467631753567927e-08,5.544692758445086e-08,4.467631753567927e-08,aa_encoding
P9_H,2.4297862561426662e-08,4.859572512285333e-08,2.4297862561426662e-08,aa_encoding
P9_I,4.930461211916601e-05,2.165851427401555e-05,4.930461211916601e-05,aa_encoding
P9_K,0.0,0.0,0.0,aa_encoding
P9_L,1.7314281337721797e-05,5.4007031670650004e-06,1.7314281337721797e-05,aa_encoding
P9_M,0.00024075738650791568,5.26609191709506e-05,0.00024075738650791568,aa_encoding
P9_N,5.412525170017132e-08,4.4543291993119655e-08,5.412525170017132e-08,aa_encoding
P9_P,2.859134282637046e-07,2.270900923077003e-07,2.859134282637046e-07,aa_encoding
P9_Q,2.446453009452314e-08,4.8929060189046286e-08,2.446453009452314e-08,aa_encoding
P9_R,4.399083103714217e-08,8.798166207428434e-08,4.399083103714217e-08,aa_encoding
P9_S,1.0128219820241673e-06,3.8809002449107096e-07,1.0128219820241673e-06,aa_encoding
P9_T,4.880835700789048e-06,8.125181873395462e-07,4.880835700789048e-06,aa_encoding
P9_V,0.00010633343746449262,1.3271044240731859e-05,0.00010633343746449262,aa_encoding
P9_W,0.0,0.0,0.0,aa_encoding
P9_Y,5.973530279363721e-07,2.726586485428787e-07,5.973530279363721e-07,aa_encoding
C1_A,0.00019897421539700013,4.4814191002016546e-05,0.00019897421539700013,aa_encoding
C1_C,8.21639156447972e-06,2.025729641936945e-06,8.21639156447972e-06,aa_encoding
C1_D,3.27049626130428e-05,1.2043700456931967e-05,3.27049626130428e-05,aa_encoding
C1_E,2.0257433045275677e-05,3.6468457433061766e-06,2.0257433045275677e-05,aa_encoding
C1_F,5.932957601898082e-05,1.4274375149242906e-05,5.932957601898082e-05,aa_encoding
C1_G,9.185249191431371e-06,1.0271959484762328e-06,9.185249191431371e-06,aa_encoding
C1_H,1.4831189475368315e-05,3.7760434445853396e-06,1.4831189475368315e-05,aa_encoding
C1_I,0.0002773202552415348,2.0279208947019063e-05,0.0002773202552415348,aa_encoding
C1_K,0.00013181699324655284,1.434510726634022e-05,0.00013181699324655284,aa_encoding
C1_L,0.00010921035614673062,4.845812877838988e-05,0.00010921035614673062,aa_encoding
C1_M,1.047141015800508e-05,2.691225555859467e-06,1.047141015800508e-05,aa_encoding
C1_N,1.0976137086682658e-05,1.322039630716833e-06,1.0976137086682658e-05,aa_encoding
C1_P,0.00013689676553183574,1.8737056145961917e-05,0.00013689676553183574,aa_encoding
C1_Q,1.2477589074392475e-05,2.904785927099393e-06,1.2477589074392475e-05,aa_encoding
C1_R,7.991577570667291e-05,1.6975556364358666e-05,7.991577570667291e-05,aa_encoding
C1_S,7.499182185856884e-05,1.796406011282159e-05,7.499182185856884e-05,aa_encoding
C1_T,1.2079374253623481e-05,2.363421798093107e-06,1.2079374253623481e-05,aa_encoding
C1_V,1.3218828647641501e-05,4.757749551280077e-07,1.3218828647641501e-05,aa_encoding
C1_W,6.0921097701738604e-06,1.7325820227471018e-06,6.0921097701738604e-06,aa_encoding
C1_Y,9.403455347153197e-06,1.4677079893706949e-06,9.403455347153197e-06,aa_encoding
C2_A,1.3605563416674022e-05,1.2098233881954437e-06,1.3605563416674022e-05,aa_encoding
C2_C,8.515294886048576e-06,2.3276465490833236e-06,8.515294886048576e-06,aa_encoding
C2_D,1.2499729485519213e-05,1.280510549527598e-06,1.2499729485519213e-05,aa_encoding
C2_E,1.4052560873660945e-05,1.438185926984241e-06,1.4052560873660945e-05,aa_encoding
C2_F,1.0475414470731682e-05,2.0944812094315658e-06,1.0475414470731682e-05,aa_encoding
C2_G,1.631270362250955e-05,4.4057425280089295e-06,1.631270362250955e-05,aa_encoding
C2_H,9.98951165359825e-06,9.514369841374735e-07,9.98951165359825e-06,aa_encoding
C2_I,1.0040131476180146e-05,1.683861151946582e-06,1.0040131476180146e-05,aa_encoding
C2_K,1.5633992267356786e-05,1.9392112751246137e-06,1.5633992267356786e-05,aa_encoding
C2_L,1.3571496694025454e-05,1.780008601021529e-06,1.3571496694025454e-05,aa_encoding
C2_M,1.50870016369356e-05,4.214865837251734e-06,1.50870016369356e-05,aa_encoding
C2_N,1.2262636999228202e-05,1.6580172444181706e-06,1.2262636999228202e-05,aa_encoding
C2_P,0.00010004745394680153,3.545157784017522e-05,0.00010004745394680153,aa_encoding
C2_Q,1.410369324249079e-05,1.604539455761065e-06,1.410369324249079e-05,aa_encoding
C2_R,1.3280071999364997e-05,2.7195231426516083e-06,1.3280071999364997e-05,aa_encoding
C2_S,1.333319796556559e-05,2.3023366929908605e-06,1.333319796556559e-05,aa_encoding
C2_T,1.1183483304675177e-05,2.686738262932658e-06,1.1183483304675177e-05,aa_encoding
C2_V,1.2061579822722967e-05,2.0279336097829286e-06,1.2061579822722967e-05,aa_encoding
C2_W,5.3720958570547305e-06,1.6617334894647023e-06,5.3720958570547305e-06,aa_encoding
C2_Y,8.814816805607452e-06,1.2233972491470287e-06,8.814816805607452e-06,aa_encoding
C3_A,1.3952567668677238e-05,2.19504809576632e-06,1.3952567668677238e-05,aa_encoding
C3_C,8.0271219478647e-06,1.3563562093121138e-06,8.0271219478647e-06,aa_encoding
C3_D,1.3025241706111533e-05,8.58268290097963e-07,1.3025241706111533e-05,aa_encoding
C3_E,1.3932803506060662e-05,8.129461984219011e-07,1.3932803506060662e-05,aa_encoding
C3_F,9.645893850066904e-06,1.471050149749548e-06,9.645893850066904e-06,aa_encoding
C3_G,1.179836789981013e-05,1.4015992981566554e-06,1.179836789981013e-05,aa_encoding
C3_H,1.0642603367284838e-05,1.1677605944879105e-06,1.0642603367284838e-05,aa_encoding
C3_I,1.3162293696836728e-05,2.8461631712407398e-06,1.3162293696836728e-05,aa_encoding
C3_K,1.3769016151552453e-05,2.4814454033614884e-06,1.3769016151552453e-05,aa_encoding
C3_L,1.4016078224406837e-05,2.9996331773886225e-06,1.4016078224406837e-05,aa_encoding
C3_M,9.022540993875922e-06,5.003025168563161e-07,9.022540993875922e-06,aa_encoding
C3_N,1.1107632833521748e-05,3.0334253281070413e-06,1.1107632833521748e-05,aa_encoding
C3_P,2.650053553387678e-05,7.015005287473437e-06,2.650053553387678e-05,aa_encoding
C3_Q,1.278908708923866e-05,2.5086371186774982e-06,1.278908708923866e-05,aa_encoding
C3_R,1.0671011614242744e-05,1.413409518844432e-06,1.0671011614242744e-05,aa_encoding
C3_S,1.3402663999190272e-05,2.8042281158613247e-06,1.3402663999190272e-05,aa_encoding
C3_T,1.1436957905642384e-05,2.3140088802202517e-06,1.1436957905642384e-05,aa_encoding
C3_V,1.0669821270704366e-05,2.222367768664658e-06,1.0669821270704366e-05,aa_encoding
C3_W,5.493638779780583e-06,8.769366416608722e-07,5.493638779780583e-06,aa_encoding
C3_Y,8.763337647539183e-06,1.941664854069452e-06,8.763337647539183e-06,aa_encoding
C4_A,1.3011102790315698e-05,1.257885634362828e-06,1.3011102790315698e-05,aa_encoding
C4_C,9.763139573919863e-06,1.4292924039731366e-06,9.763139573919863e-06,aa_encoding
C4_D,1.2386691608981161e-05,1.764206237918768e-06,1.2386691608981161e-05,aa_encoding
C4_E,1.2906297968013442e-05,2.3072623436806886e-06,1.2906297968013442e-05,aa_encoding
C4_F,1.0466333298816089e-05,8.919935957670081e-07,1.0466333298816089e-05,aa_encoding
C4_G,1.1335225931392893e-05,1.11463964595396e-06,1.1335225931392893e-05,aa_encoding
C4_H,8.852359310039464e-06,1.4739470388604507e-06,8.852359310039464e-06,aa_encoding
C4_I,1.1378436024848e-05,1.9309006590225065e-06,1.1378436024848e-05,aa_encoding
C4_K,1.473311385826133e-05,1.7146119634545102e-06,1.473311385826133e-05,aa_encoding
C4_L,1.5743414220273988e-05,3.1974548783980503e-06,1.5743414220273988e-05,aa_encoding
C4_M,9.025942414236288e-06,9.57820815224687e-07,9.025942414236288e-06,aa_encoding
C4_N,9.983251305587658e-06,1.0777856015852789e-06,9.983251305587658e-06,aa_encoding
C4_P,1.1536381846808456e-05,2.254836807535035e-06,1.1536381846808456e-05,aa_encoding
C4_Q,1.3892143062997669e-05,2.354637438224382e-06,1.3892143062997669e-05,aa_encoding
C4_R,1.1125524069764557e-05,2.259767820453923e-06,1.1125524069764557e-05,aa_encoding
C4_S,1.4319268051588094e-05,1.7438388501632877e-06,1.4319268051588094e-05,aa_encoding
C4_T,1.0491792198731156e-05,1.4862943570964326e-06,1.0491792198731156e-05,aa_encoding
C4_V,1.2572511076975387e-05,1.7167143375908563e-06,1.2572511076975387e-05,aa_encoding
C4_W,6.016426410005816e-06,1.4779898063128956e-06,6.016426410005816e-06,aa_encoding
C4_Y,8.588306135317478e-06,9.882014394507432e-07,8.588306135317478e-06,aa_encoding
C5_A,1.2985875545385477e-05,2.3595502951430952e-06,1.2985875545385477e-05,handcrafted
C5_C,8.352680793766637e-06,1.2841000281518103e-06,8.352680793766637e-06,handcrafted
C5_D,1.1769114142105027e-05,1.4679191075932648e-06,1.1769114142105027e-05,handcrafted
C5_E,1.3728846340846931e-05,2.252148391265671e-06,1.3728846340846931e-05,handcrafted
C5_F,1.0073883967155103e-05,9.24129268523722e-07,1.0073883967155103e-05,handcrafted
C5_G,1.115629172130317e-05,1.4384845557129496e-06,1.115629172130317e-05,handcrafted
C5_H,8.534793593319179e-06,2.199430925559803e-06,8.534793593319179e-06,handcrafted
C5_I,1.029850926441028e-05,7.225136472482855e-07,1.029850926441028e-05,handcrafted
C5_K,1.0731969196724105e-05,8.995085419912505e-07,1.0731969196724105e-05,handcrafted
C5_L,1.7059913699254976e-05,2.3522999755194048e-06,1.7059913699254976e-05,handcrafted
C5_M,8.681677939271224e-06,1.161351701806287e-06,8.681677939271224e-06,handcrafted
C5_N,1.2780379873050004e-05,2.1923572666932352e-06,1.2780379873050004e-05,handcrafted
C5_P,1.3948891294234252e-05,1.2192193237353648e-06,1.3948891294234252e-05,handcrafted
C5_Q,1.3905277075797759e-05,2.7743228989251947e-06,1.3905277075797759e-05,handcrafted
C5_R,1.1869212064046307e-05,1.742876479982114e-06,1.1869212064046307e-05,handcrafted
C5_S,1.4515349530154397e-05,1.698644041190941e-06,1.4515349530154397e-05,handcrafted
C5_T,1.0958236530902624e-05,1.1737393478481082e-06,1.0958236530902624e-05,handcrafted
C5_V,1.292939425988603e-05,1.4349364454286321e-06,1.292939425988603e-05,handcrafted
C5_W,4.430174425684807e-06,8.321454580573223e-07,4.430174425684807e-06,handcrafted
C5_Y,9.184032043962719e-06,8.704578334398156e-07,9.184032043962719e-06,handcrafted
C6_A,1.3303774450071966e-05,2.818411988195724e-06,1.3303774450071966e-05,handcrafted
C6_C,7.460423057435535e-06,1.3633511971968448e-06,7.460423057435535e-06,handcrafted
C6_D,1.1896464089593921e-05,1.4463164980309651e-06,1.1896464089593921e-05,handcrafted
C6_E,1.3584788426949291e-05,1.1165759388852377e-06,1.3584788426949291e-05,handcrafted
C6_F,1.0865241674529362e-05,1.4451873931311718e-06,1.0865241674529362e-05,handcrafted
C6_G,1.1599798471789854e-05,1.1947961374605376e-06,1.1599798471789854e-05,handcrafted
C6_H,1.0773821808781001e-05,1.3578654551133405e-06,1.0773821808781001e-05,handcrafted
C6_I,9.955632169413138e-06,1.2515902664463684e-06,9.955632169413138e-06,handcrafted
C6_K,2.0944700538633055e-05,6.041133651714971e-06,2.0944700538633055e-05,handcrafted
C6_L,1.3670955871099454e-05,1.42722788318937e-06,1.3670955871099454e-05,handcrafted
C6_M,9.096613957184563e-06,1.1938157901165894e-06,9.096613957184563e-06,handcrafted
C6_N,1.0346375734856958e-05,1.7880848681825298e-07,1.0346375734856958e-05,handcrafted
C6_P,1.2971727726995675e-05,1.2449875995766947e-06,1.2971727726995675e-05,handcrafted
C6_Q,1.127890769229607e-05,1.7406643334687262e-06,1.127890769229607e-05,handcrafted
C6_R,1.2584640419713778e-05,1.2602184630247346e-06,1.2584640419713778e-05,handcrafted
C6_S,1.546024291064658e-05,1.1799818340362006e-06,1.546024291064658e-05,handcrafted
C6_T,1.2656344276884553e-05,1.037512730327743e-06,1.2656344276884553e-05,handcrafted
C6_V,1.1111558533985568e-05,1.3362887544066295e-06,1.1111558533985568e-05,handcrafted
C6_W,5.0598380471700926e-06,1.486164503903184e-06,5.0598380471700926e-06,handcrafted
C6_Y,8.06240275459152e-06,5.24039846417339e-07,8.06240275459152e-06,handcrafted
C7_A,1.247556735314693e-05,5.063712701632613e-07,1.247556735314693e-05,handcrafted
C7_C,8.127215037285948e-06,1.0633439548247456e-06,8.127215037285948e-06,handcrafted
C7_D,1.1223959070568455e-05,2.1688756083754102e-06,1.1223959070568455e-05,handcrafted
C7_E,1.2058611940302144e-05,2.6452505959029875e-06,1.2058611940302144e-05,handcrafted
C7_F,1.0990415816615196e-05,7.388582372688246e-07,1.0990415816615196e-05,handcrafted
C7_G,1.370946566871224e-05,2.9935310843295597e-06,1.370946566871224e-05,handcrafted
C7_H,1.0500413219114355e-05,1.920998213931513e-06,1.0500413219114355e-05,handcrafted
C7_I,1.0873195693419029e-05,2.9801012863783525e-06,1.0873195693419029e-05,handcrafted
C7_K,1.3303629914960841e-05,2.2390057447167234e-06,1.3303629914960841e-05,handcrafted
C7_L,1.3947455396499047e-05,1.6598902628571224e-06,1.3947455396499047e-05,handcrafted
C7_M,9.716425089638258e-06,2.0807872831704507e-06,9.716425089638258e-06,handcrafted
C7_N,1.0969725933283992e-05,1.046312013642787e-06,1.0969725933283992e-05,handcrafted
C7_P,1.0721681932284363e-05,1.7827927992738133e-06,1.0721681932284363e-05,handcrafted
C7_Q,1.2989064580668332e-05,1.4157292879174278e-06,1.2989064580668332e-05,handcrafted
C7_R,1.3689210106292157e-05,1.1631912505611534e-06,1.3689210106292157e-05,handcrafted
C7_S,1.4529930270199451e-05,1.7871752412589243e-06,1.4529930270199451e-05,handcrafted
C7_T,1.0762626524996362e-05,1.6739797655265478e-06,1.0762626524996362e-05,handcrafted
C7_V,1.1859091511279151e-05,1.625601787575332e-06,1.1859091511279151e-05,handcrafted
C7_W,4.918913170696793e-06,6.892579391422376e-07,4.918913170696793e-06,handcrafted
C7_Y,9.460459680680149e-06,4.899368962676892e-07,9.460459680680149e-06,handcrafted
C8_A,1.1631449693531335e-05,1.2231458443953986e-06,1.1631449693531335e-05,handcrafted
C8_C,7.879819088757243e-06,7.114686473565528e-07,7.879819088757243e-06,handcrafted
C8_D,1.0768330740932105e-05,1.2819638802876844e-06,1.0768330740932105e-05,handcrafted
C8_E,1.2045418429714892e-05,1.8100640942469656e-06,1.2045418429714892e-05,handcrafted
C8_F,1.0708556293720818e-05,1.7933381855689336e-06,1.0708556293720818e-05,handcrafted
C8_G,1.1772237006496994e-05,1.1766127127483714e-06,1.1772237006496994e-05,handcrafted
C8_H,9.638894534186797e-06,1.458647354495506e-06,9.638894534186797e-06,handcrafted
C8_I,1.0926713178877555e-05,1.834686211206038e-06,1.0926713178877555e-05,handcrafted
C8_K,1.2315142846938329e-05,6.608035100750678e-07,1.2315142846938329e-05,handcrafted
C8_L,1.3231589817303362e-05,2.805400295417219e-06,1.3231589817303362e-05,handcrafted
C8_M,8.171685847339362e-06,1.5341366548067223e-06,8.171685847339362e-06,handcrafted
C8_N,1.141376758635618e-05,7.084522893271901e-07,1.141376758635618e-05,handcrafted
C8_P,1.2955467365338745e-05,1.8548111271662097e-06,1.2955467365338745e-05,handcrafted
C8_Q,1.3524033895056544e-05,1.854419050283789e-06,1.3524033895056544e-05,handcrafted
C8_R,1.3166605701725591e-05,1.5228427386501949e-06,1.3166605701725591e-05,handcrafted
C8_S,1.5164418354581769e-05,1.7993837336070167e-06,1.5164418354581769e-05,handcrafted
C8_T,1.1091409812781557e-05,2.921362346020848e-06,1.1091409812781557e-05,handcrafted
C8_V,1.11735874851386e-05,2.5700380048825856e-06,1.11735874851386e-05,handcrafted
C8_W,5.853227305196721e-06,9.330624406905431e-07,5.853227305196721e-06,handcrafted
C8_Y,9.9303296543888e-06,1.2313328851838734e-06,9.9303296543888e-06,handcrafted
C9_A,1.170115022265306e-05,1.2787863476801125e-06,1.170115022265306e-05,handcrafted
C9_C,6.791411104671523e-06,6.529964077578973e-07,6.791411104671523e-06,handcrafted
C9_D,1.1173788215323356e-05,1.3314817570671853e-06,1.1173788215323356e-05,handcrafted
C9_E,1.374019387894753e-05,1.7087883599077416e-06,1.374019387894753e-05,handcrafted
C9_F,1.003577701788734e-05,1.6290541184800085e-06,1.003577701788734e-05,handcrafted
C9_G,1.0777394909797397e-05,5.791248030642053e-07,1.0777394909797397e-05,handcrafted
C9_H,8.459690701549232e-06,1.0491077670284467e-06,8.459690701549232e-06,handcrafted
C9_I,1.0385398400416184e-05,2.8787480443323387e-06,1.0385398400416184e-05,handcrafted
C9_K,1.4961137231376556e-05,1.930563311053369e-06,1.4961137231376556e-05,handcrafted
C9_L,1.450072409017055e-05,2.717450515583213e-06,1.450072409017055e-05,handcrafted
C9_M,1.044175852824209e-05,2.6108134677320147e-06,1.044175852824209e-05,handcrafted
C9_N,1.1985279322417077e-05,1.0805112373455374e-06,1.1985279322417077e-05,handcrafted
C9_P,1.1432443988242262e-05,1.1248467783055073e-06,1.1432443988242262e-05,handcrafted
C9_Q,1.2344139926729245e-05,2.5480392407218525e-06,1.2344139926729245e-05,handcrafted
C9_R,1.4098674671579256e-05,2.2963123448237563e-06,1.4098674671579256e-05,handcrafted
C9_S,1.4166163086933582e-05,1.6497929202435243e-06,1.4166163086933582e-05,handcrafted
C9_T,1.1800910201675578e-05,1.2607501831650449e-06,1.1800910201675578e-05,handcrafted
C9_V,1.2500216229552888e-05,1.5132552112961145e-06,1.2500216229552888e-05,handcrafted
C9_W,6.132252406869222e-06,1.7752552773995586e-06,6.132252406869222e-06,handcrafted
C9_Y,9.058417501833598e-06,1.9602519672928596e-06,9.058417501833598e-06,handcrafted
C10_A,1.1754442854723378e-05,1.5932049064507427e-06,1.1754442854723378e-05,handcrafted
C10_C,7.578593308776167e-06,5.740916925944179e-07,7.578593308776167e-06,handcrafted
C10_D,1.1447484961854207e-05,1.2126714691945635e-06,1.1447484961854207e-05,handcrafted
C10_E,1.3073823261826838e-05,1.3372434573677528e-06,1.3073823261826838e-05,handcrafted
C10_F,1.0343626241702993e-05,2.2237080789389067e-06,1.0343626241702993e-05,handcrafted
C10_G,1.1171535321721008e-05,1.404970314600752e-06,1.1171535321721008e-05,handcrafted
C10_H,9.376240282122342e-06,8.327245954002356e-07,9.376240282122342e-06,handcrafted
C10_I,9.454966949033013e-06,1.283024310746932e-06,9.454966949033013e-06,handcrafted
C10_K,1.228969100625266e-05,1.948526832018533e-06,1.228969100625266e-05,handcrafted
C10_L,1.2305696482084003e-05,2.1051400212703486e-06,1.2305696482084003e-05,handcrafted
C10_M,7.4195583287883705e-06,1.785717070835513e-06,7.4195583287883705e-06,handcrafted
C10_N,1.0465627167477878e-05,1.0824719095339256e-06,1.0465627167477878e-05,handcrafted
C10_P,1.2269915760501878e-05,1.2335801948406155e-06,1.2269915760501878e-05,handcrafted
C10_Q,1.421779335556088e-05,1.713287313113505e-06,1.421779335556088e-05,handcrafted
C10_R,1.0745352598148796e-05,2.613090894112227e-06,1.0745352598148796e-05,handcrafted
C10_S,1.4599116289483086e-05,1.3603144428355063e-06,1.4599116289483086e-05,handcrafted
C10_T,1.2505262566379883e-05,2.6425532594146386e-06,1.2505262566379883e-05,handcrafted
C10_V,9.984729444459514e-06,2.5852706084285785e-06,9.984729444459514e-06,handcrafted
C10_W,4.886835257185192e-06,1.0573809559620641e-06,4.886835257185192e-06,handcrafted
C10_Y,1.0236750867602427e-05,2.8585907419127507e-06,1.0236750867602427e-05,handcrafted
esmc_PC001,0.0010257632868287082,8.079311567259482e-05,0.0010257632868287082,embedding_pca
esmc_PC002,0.0004721753836205221,3.185988779461599e-05,0.0004721753836205221,embedding_pca
esmc_PC003,0.0006717980074815419,6.677189482762484e-05,0.0006717980074815419,embedding_pca
esmc_PC004,0.00036170891802847743,5.9956640607733994e-05,0.00036170891802847743,embedding_pca
esmc_PC005,0.0003919867323408244,9.637976844315666e-05,0.0003919867323408244,embedding_pca
esmc_PC006,0.0007712343782816291,8.402012762180985e-05,0.0007712343782816291,embedding_pca
esmc_PC007,0.0005905170420300728,1.521304183129692e-05,0.0005905170420300728,embedding_pca
esmc_PC008,0.00028385144456191414,2.0312263526286592e-05,0.00028385144456191414,embedding_pca
esmc_PC009,0.00027524417397121304,1.626931827719922e-05,0.00027524417397121304,embedding_pca
esmc_PC010,0.0003859858481139571,1.9588200149134912e-05,0.0003859858481139571,embedding_pca
esmc_PC011,0.00040831392741740925,3.8589941132182046e-05,0.00040831392741740925,embedding_pca
esmc_PC012,0.00030481978398139083,0.00010897651343360605,0.00030481978398139083,embedding_pca
esmc_PC013,0.0010888306321851758,0.00031540929361732344,0.0010888306321851758,embedding_pca
esmc_PC014,0.000321323277759569,2.9810606647175495e-05,0.000321323277759569,embedding_pca
esmc_PC015,0.00043488181320499805,6.973067029723437e-05,0.00043488181320499805,embedding_pca
esmc_PC016,0.00037550023785361275,6.720570316926655e-05,0.00037550023785361275,embedding_pca
esmc_PC017,0.0003987442175542351,0.00011351318357680603,0.0003987442175542351,embedding_pca
esmc_PC018,0.0004980335384526304,0.00018643667897762437,0.0004980335384526304,embedding_pca
esmc_PC019,0.0009145766250930606,0.00025394328161285653,0.0009145766250930606,embedding_pca
esmc_PC020,0.00028930277149086226,1.8993752396420343e-05,0.00028930277149086226,embedding_pca
esmc_PC021,0.0003346009850081459,3.1609624633402566e-05,0.0003346009850081459,embedding_pca
esmc_PC022,0.00025423228850583854,2.4327216595228873e-05,0.00025423228850583854,embedding_pca
esmc_PC023,0.00031357636231057367,4.755797286304483e-05,0.00031357636231057367,embedding_pca
esmc_PC024,0.0003084442935826771,4.5651370510595925e-05,0.0003084442935826771,embedding_pca
esmc_PC025,0.00022187965544780532,1.4550132312142648e-05,0.00022187965544780532,embedding_pca
esmc_PC026,0.00026287948731057627,1.0710388938437257e-05,0.00026287948731057627,embedding_pca
esmc_PC027,0.0003869527110387243,7.970142318312323e-05,0.0003869527110387243,embedding_pca
esmc_PC028,0.00022347117512656038,1.5106091029455252e-05,0.00022347117512656038,embedding_pca
esmc_PC029,0.00034652250255248524,6.838693366499947e-05,0.00034652250255248524,embedding_pca
esmc_PC030,0.00029120127507559066,8.276708251031461e-05,0.00029120127507559066,embedding_pca
esmc_PC031,0.00031261845824717536,6.857917428564364e-05,0.00031261845824717536,embedding_pca
esmc_PC032,0.0003202279690088644,5.7943453843210094e-05,0.0003202279690088644,embedding_pca
esmc_PC033,0.0003091641065228907,4.90114356974578e-05,0.0003091641065228907,embedding_pca
esmc_PC034,0.00025994979281675077,3.663786229252319e-05,0.00025994979281675077,embedding_pca
esmc_PC035,0.0002584657710585645,2.132608416681998e-05,0.0002584657710585645,embedding_pca
esmc_PC036,0.0003209640760176314,0.00010203658413254698,0.0003209640760176314,embedding_pca
esmc_PC037,0.0003166324265620616,4.128280558889726e-05,0.0003166324265620616,embedding_pca
esmc_PC038,0.00027249478233631164,5.1275936648952476e-05,0.00027249478233631164,embedding_pca
esmc_PC039,0.00033571630588467367,7.765964875012572e-05,0.00033571630588467367,embedding_pca
esmc_PC040,0.00025799521227641103,3.54111407142909e-05,0.00025799521227641103,embedding_pca
esmc_PC041,0.00022172767166892763,1.584536404743447e-05,0.00022172767166892763,embedding_pca
esmc_PC042,0.00021796413835746146,9.229673885282746e-06,0.00021796413835746146,embedding_pca
esmc_PC043,0.0002968023940085185,4.1916923186389764e-05,0.0002968023940085185,embedding_pca
esmc_PC044,0.0002777619725257112,4.443289597843796e-05,0.0002777619725257112,embedding_pca
esmc_PC045,0.0002925434328479112,3.958425358511202e-05,0.0002925434328479112,embedding_pca
esmc_PC046,0.0003600810440008863,6.883236640190104e-05,0.0003600810440008863,embedding_pca
esmc_PC047,0.0002881844592081608,5.5677852818640043e-05,0.0002881844592081608,embedding_pca
esmc_PC048,0.0002592682712927809,3.4170584415801485e-05,0.0002592682712927809,embedding_pca
esmc_PC049,0.00028001430722048547,8.57202256281142e-05,0.00028001430722048547,embedding_pca
esmc_PC050,0.00027188055325392624,5.3498008994289785e-05,0.00027188055325392624,embedding_pca
esmc_PC051,0.0002049932514818432,1.9608065344209176e-05,0.0002049932514818432,embedding_pca
esmc_PC052,0.00023169457242836278,2.358768424480258e-05,0.00023169457242836278,embedding_pca
esmc_PC053,0.00021607267797691586,1.025829860633975e-05,0.00021607267797691586,embedding_pca
esmc_PC054,0.0002703056545260976,1.755484935132632e-05,0.0002703056545260976,embedding_pca
esmc_PC055,0.0003780400924033219,5.745432565596832e-05,0.0003780400924033219,embedding_pca
esmc_PC056,0.0003167194424448387,8.099712303785453e-05,0.0003167194424448387,embedding_pca
esmc_PC057,0.00021868774191192717,2.038603410941452e-05,0.00021868774191192717,embedding_pca
esmc_PC058,0.0002561675908930512,3.268988461440709e-05,0.0002561675908930512,embedding_pca
esmc_PC059,0.00033779234438085576,0.00010276474656854987,0.00033779234438085576,embedding_pca
esmc_PC060,0.0004230188195216096,0.00012450078107558677,0.0004230188195216096,embedding_pca
esmc_PC061,0.0003265682180258491,5.079787920111511e-05,0.0003265682180258491,embedding_pca
esmc_PC062,0.0002388306766779303,3.771916984426371e-05,0.0002388306766779303,embedding_pca
esmc_PC063,0.0003237557467202036,8.099908124208461e-05,0.0003237557467202036,embedding_pca
esmc_PC064,0.0003643292392418376,0.00010376521685963216,0.0003643292392418376,embedding_pca
esmc_PC065,0.00030002121026342064,5.2063049830966704e-05,0.00030002121026342064,embedding_pca
esmc_PC066,0.00025860885480470663,4.0464792826521323e-05,0.00025860885480470663,embedding_pca
esmc_PC067,0.0003057904258641649,6.911679752529103e-05,0.0003057904258641649,embedding_pca
esmc_PC068,0.0002898078689400255,4.246780541180735e-05,0.0002898078689400255,embedding_pca
esmc_PC069,0.0002546216851667566,3.1676697334156266e-05,0.0002546216851667566,embedding_pca
esmc_PC070,0.0002539758254722535,4.528922437328874e-05,0.0002539758254722535,embedding_pca
esmc_PC071,0.00025145898477767675,3.643850030569145e-05,0.00025145898477767675,embedding_pca
esmc_PC072,0.00024646372222988624,1.787198030535792e-05,0.00024646372222988624,embedding_pca
esmc_PC073,0.00022420426598955364,9.039903764474182e-06,0.00022420426598955364,embedding_pca
esmc_PC074,0.00024448117437541505,2.0480498850047344e-05,0.00024448117437541505,embedding_pca
esmc_PC075,0.00023650703004480768,2.8741581159176848e-05,0.00023650703004480768,embedding_pca
esmc_PC076,0.0002722499907582113,5.186220539852489e-05,0.0002722499907582113,embedding_pca
esmc_PC077,0.00025838664316208673,5.580104137147702e-05,0.00025838664316208673,embedding_pca
esmc_PC078,0.0002436795585882752,2.264553043775643e-05,0.0002436795585882752,embedding_pca
esmc_PC079,0.0002519755863478826,2.7721266948185444e-05,0.0002519755863478826,embedding_pca
esmc_PC080,0.00023362562331925946,1.3057214068228784e-05,0.00023362562331925946,embedding_pca
esmc_PC081,0.00021141827272144398,6.982784287141668e-06,0.00021141827272144398,embedding_pca
esmc_PC082,0.0002350359809845889,1.5448455110333563e-05,0.0002350359809845889,embedding_pca
esmc_PC083,0.00023340911096591497,1.9945516647980047e-05,0.00023340911096591497,embedding_pca
esmc_PC084,0.0002165159699126523,8.598686471392808e-06,0.0002165159699126523,embedding_pca
esmc_PC085,0.00026526587116089916,3.406002552986007e-05,0.00026526587116089916,embedding_pca
esmc_PC086,0.0002391882127784897,2.2292794109571936e-05,0.0002391882127784897,embedding_pca
esmc_PC087,0.00023080582996898297,2.2217821426197604e-05,0.00023080582996898297,embedding_pca
esmc_PC088,0.00025263325275452607,7.254818728898155e-05,0.00025263325275452607,embedding_pca
esmc_PC089,0.0003010088650696504,4.977112572207223e-05,0.0003010088650696504,embedding_pca
esmc_PC090,0.00023711571135804423,3.480545435948034e-05,0.00023711571135804423,embedding_pca
esmc_PC091,0.00022198745804946616,6.750749928411182e-06,0.00022198745804946616,embedding_pca
esmc_PC092,0.0002342172994334716,1.2162272971918254e-05,0.0002342172994334716,embedding_pca
esmc_PC093,0.00022411591282014043,8.222361194438511e-06,0.00022411591282014043,embedding_pca
esmc_PC094,0.0002713590666296942,6.135840116403998e-05,0.0002713590666296942,embedding_pca
esmc_PC095,0.0002837728064480553,4.236035421908061e-05,0.0002837728064480553,embedding_pca
esmc_PC096,0.00023162804147280718,1.6668391644992167e-05,0.00023162804147280718,embedding_pca
esmc_PC097,0.00023988913901418278,1.7263463851011634e-05,0.00023988913901418278,embedding_pca
esmc_PC098,0.00028566032824569964,6.396178862906004e-05,0.00028566032824569964,embedding_pca
esmc_PC099,0.00021521676002983313,9.543916119730876e-06,0.00021521676002983313,embedding_pca
esmc_PC100,0.0002314654496947217,2.1617919121928055e-05,0.0002314654496947217,embedding_pca
esmc_PC101,0.00027898538721568566,3.130639432465245e-05,0.00027898538721568566,embedding_pca
esmc_PC102,0.00021624339939825443,1.3655171925001444e-05,0.00021624339939825443,embedding_pca
esmc_PC103,0.0002406823695275033,2.0248228490435766e-05,0.0002406823695275033,embedding_pca
esmc_PC104,0.00026256069148675084,4.544933255659882e-05,0.00026256069148675084,embedding_pca
esmc_PC105,0.0002596440985733474,6.050843752992803e-05,0.0002596440985733474,embedding_pca
esmc_PC106,0.00024088295634999593,2.9237499148629535e-05,0.00024088295634999593,embedding_pca
esmc_PC107,0.00023339241544038098,8.871814460363413e-06,0.00023339241544038098,embedding_pca
esmc_PC108,0.00023055103377853247,1.7728891280083985e-05,0.00023055103377853247,embedding_pca
esmc_PC109,0.00023086634311455376,1.7584560791278703e-05,0.00023086634311455376,embedding_pca
esmc_PC110,0.00022623742903974702,2.6000346663299563e-05,0.00022623742903974702,embedding_pca
esmc_PC111,0.00022414098149847896,2.050648157687875e-05,0.00022414098149847896,embedding_pca
esmc_PC112,0.00022278553843915055,2.538891668635622e-05,0.00022278553843915055,embedding_pca
esmc_PC113,0.00023973626700801997,2.473514375656848e-05,0.00023973626700801997,embedding_pca
esmc_PC114,0.00022898061528868157,2.0124080941339083e-05,0.00022898061528868157,embedding_pca
esmc_PC115,0.00023209606368205672,4.2759388988919785e-05,0.00023209606368205672,embedding_pca
esmc_PC116,0.00022716456975519465,1.3792909614558298e-05,0.00022716456975519465,embedding_pca
esmc_PC117,0.0002679105205531872,5.7027541297147406e-05,0.0002679105205531872,embedding_pca
esmc_PC118,0.0002490129648927108,3.584440029199392e-05,0.0002490129648927108,embedding_pca
esmc_PC119,0.00021684683384863942,9.691410023359638e-06,0.00021684683384863942,embedding_pca
esmc_PC120,0.000219411135093763,1.3337988103914917e-05,0.000219411135093763,embedding_pca
esmc_PC121,0.00022083306518204366,1.4031448419152427e-05,0.00022083306518204366,embedding_pca
esmc_PC122,0.00021702960022771715,2.2174081401804193e-05,0.00021702960022771715,embedding_pca
esmc_PC123,0.0002358620480295053,2.092360921165812e-05,0.0002358620480295053,embedding_pca
esmc_PC124,0.00022840076319096238,2.0864820702710224e-05,0.00022840076319096238,embedding_pca
esmc_PC125,0.00025059305554012655,2.980794251617168e-05,0.00025059305554012655,embedding_pca
esmc_PC126,0.0002425949240927653,4.942555460798765e-05,0.0002425949240927653,embedding_pca
esmc_PC127,0.00023078556773964667,1.5022739760802607e-05,0.00023078556773964667,embedding_pca
esmc_PC128,0.00022971496958091746,3.17137640424764e-05,0.00022971496958091746,embedding_pca
esmc_PC129,0.0002635728105095914,8.458521130132948e-05,0.0002635728105095914,embedding_pca
esmc_PC130,0.00023464451377115534,3.7838460861572563e-05,0.00023464451377115534,embedding_pca
esmc_PC131,0.00023915431689871535,2.651757526168253e-05,0.00023915431689871535,embedding_pca
esmc_PC132,0.00024522750116559377,1.7453325143562153e-05,0.00024522750116559377,embedding_pca
esmc_PC133,0.00025996767735242773,4.463027727992448e-05,0.00025996767735242773,embedding_pca
esmc_PC134,0.0002421388533995678,3.4064992819749716e-05,0.0002421388533995678,embedding_pca
esmc_PC135,0.00022783348983268704,1.4680121315966768e-05,0.00022783348983268704,embedding_pca
esmc_PC136,0.0002584082413588413,3.6790901358918797e-05,0.0002584082413588413,embedding_pca
esmc_PC137,0.0002526448150961603,3.8849248715298126e-05,0.0002526448150961603,embedding_pca
esmc_PC138,0.0002667544659281756,2.8344976782241945e-05,0.0002667544659281756,embedding_pca
esmc_PC139,0.00022606210415217673,3.890369039972058e-06,0.00022606210415217673,embedding_pca
esmc_PC140,0.0002523176133904056,3.6256605997539584e-05,0.0002523176133904056,embedding_pca
esmc_PC141,0.0002719441020109739,5.8574522316325226e-05,0.0002719441020109739,embedding_pca
esmc_PC142,0.00021953485282037952,8.188620685101933e-06,0.00021953485282037952,embedding_pca
esmc_PC143,0.0002290407859703766,2.30912302228504e-05,0.0002290407859703766,embedding_pca
esmc_PC144,0.00022734715134563416,1.5587358926154672e-05,0.00022734715134563416,embedding_pca
esmc_PC145,0.00021547385279174834,1.4336288548549371e-05,0.00021547385279174834,embedding_pca
esmc_PC146,0.00023539458190274085,2.8307947808772637e-05,0.00023539458190274085,embedding_pca
esmc_PC147,0.0002323973452268706,4.0967915807516054e-05,0.0002323973452268706,embedding_pca
esmc_PC148,0.00023748356257280418,2.3534329211830636e-05,0.00023748356257280418,embedding_pca
esmc_PC149,0.00022012884579770674,2.806785989566917e-05,0.00022012884579770674,embedding_pca
esmc_PC150,0.0002182706041436987,1.2261122944236648e-05,0.0002182706041436987,embedding_pca
esmc_PC151,0.00022215561062267458,1.8772907852030503e-05,0.00022215561062267458,embedding_pca
esmc_PC152,0.00022503756250884542,2.0135014844422633e-05,0.00022503756250884542,embedding_pca
esmc_PC153,0.0002164230681769124,1.4505532636687832e-05,0.0002164230681769124,embedding_pca
esmc_PC154,0.00021264317292367195,1.7235957016955138e-05,0.00021264317292367195,embedding_pca
esmc_PC155,0.000224005725771774,2.839300260581179e-05,0.000224005725771774,embedding_pca
esmc_PC156,0.0002143556730210413,1.2703801135291726e-05,0.0002143556730210413,embedding_pca
esmc_PC157,0.00022219647244634444,1.5806345272993736e-05,0.00022219647244634444,embedding_pca
esmc_PC158,0.0002206825628659458,3.470518008463517e-05,0.0002206825628659458,embedding_pca
esmc_PC159,0.0002537431275438823,3.864297572987197e-05,0.0002537431275438823,embedding_pca
esmc_PC160,0.00024786146634756857,2.1885864145839678e-05,0.00024786146634756857,embedding_pca
esmc_PC161,0.00023887072542160627,3.0471419872190296e-05,0.00023887072542160627,embedding_pca
esmc_PC162,0.00021028118466054048,5.677276226069681e-06,0.00021028118466054048,embedding_pca
esmc_PC163,0.00022929719706002346,3.402158355887421e-05,0.00022929719706002346,embedding_pca
esmc_PC164,0.00021239856677735948,1.1865052161118233e-05,0.00021239856677735948,embedding_pca
esmc_PC165,0.00021522386734069924,1.8292794156307668e-05,0.00021522386734069924,embedding_pca
esmc_PC166,0.00025385518982960965,2.181666306248668e-05,0.00025385518982960965,embedding_pca
esmc_PC167,0.0002410121638421826,3.394389338593201e-05,0.0002410121638421826,embedding_pca
esmc_PC168,0.00021655632593544993,6.093944940995932e-06,0.00021655632593544993,embedding_pca
esmc_PC169,0.00021479350295288666,9.683531574132909e-06,0.00021479350295288666,embedding_pca
esmc_PC170,0.0002047888488156003,9.19349231135566e-06,0.0002047888488156003,embedding_pca
esmc_PC171,0.00021088040839342665,7.43367400186224e-06,0.00021088040839342665,embedding_pca
esmc_PC172,0.0002111861202979322,5.336361433413785e-06,0.0002111861202979322,embedding_pca
esmc_PC173,0.0002355974981317212,3.5833152058647826e-05,0.0002355974981317212,embedding_pca
esmc_PC174,0.00023362345932322813,1.7677347015516508e-05,0.00023362345932322813,embedding_pca
esmc_PC175,0.00023768344870526785,3.9686942134596946e-05,0.00023768344870526785,embedding_pca
esmc_PC176,0.00021378693907201008,1.6544326394933446e-05,0.00021378693907201008,embedding_pca
esmc_PC177,0.00021615803098164204,1.7429959209433753e-05,0.00021615803098164204,embedding_pca
esmc_PC178,0.00021524987850882643,9.419029868485888e-06,0.00021524987850882643,embedding_pca
esmc_PC179,0.00021785299665076372,1.2729484343688635e-05,0.00021785299665076372,embedding_pca
esmc_PC180,0.00021478824648250128,1.3228972055228801e-05,0.00021478824648250128,embedding_pca
esmc_PC181,0.00022154496103443262,1.603877165250769e-05,0.00022154496103443262,embedding_pca
esmc_PC182,0.0002267648118000756,1.4436105033954885e-05,0.0002267648118000756,embedding_pca
esmc_PC183,0.00022693945341523583,1.3028333449341909e-05,0.00022693945341523583,embedding_pca
esmc_PC184,0.0001983018323614838,4.274954455013202e-06,0.0001983018323614838,embedding_pca
esmc_PC185,0.0002138060834873003,1.6235460210324757e-05,0.0002138060834873003,embedding_pca
esmc_PC186,0.00021536614646284607,7.775801774896047e-06,0.00021536614646284607,embedding_pca
esmc_PC187,0.00021180122119536523,1.7635586482106965e-05,0.00021180122119536523,embedding_pca
esmc_PC188,0.0002150572829541767,2.120557346112186e-05,0.0002150572829541767,embedding_pca
esmc_PC189,0.00020970500616218944,1.824686835880002e-05,0.00020970500616218944,embedding_pca
esmc_PC190,0.0002169234376641425,1.4132283125686642e-05,0.0002169234376641425,embedding_pca
esmc_PC191,0.00020113624634989662,1.084442966670001e-05,0.00020113624634989662,embedding_pca
esmc_PC192,0.00021713678768433254,1.7278344278104346e-05,0.00021713678768433254,embedding_pca
esmc_PC193,0.00021835524520448404,1.7673039466105946e-05,0.00021835524520448404,embedding_pca
esmc_PC194,0.00021818214973610574,1.8982357584252226e-05,0.00021818214973610574,embedding_pca
esmc_PC195,0.00020526230550035543,1.3311873831445318e-05,0.00020526230550035543,embedding_pca
esmc_PC196,0.00021062384587862182,1.2864552988650265e-05,0.00021062384587862182,embedding_pca
esmc_PC197,0.00021465251183453343,1.0618116096455631e-05,0.00021465251183453343,embedding_pca
esmc_PC198,0.00020825605189851286,1.1255736370448482e-05,0.00020825605189851286,embedding_pca
esmc_PC199,0.00021551943652717374,3.532955363549966e-06,0.00021551943652717374,embedding_pca
esmc_PC200,0.0002206816394565467,1.5904511810374706e-05,0.0002206816394565467,embedding_pca
esmc_PC201,0.00020991009662493426,1.2825500046960602e-05,0.00020991009662493426,embedding_pca
esmc_PC202,0.0002114339302904555,1.3406216942341033e-05,0.0002114339302904555,embedding_pca
esmc_PC203,0.00022323034238764101,1.282087161144e-05,0.00022323034238764101,embedding_pca
esmc_PC204,0.00022049127617403035,2.426150885831249e-05,0.00022049127617403035,embedding_pca
esmc_PC205,0.00020957424429117276,6.670348499875118e-06,0.00020957424429117276,embedding_pca
esmc_PC206,0.0002398727251414851,1.3006842820903465e-05,0.0002398727251414851,embedding_pca
esmc_PC207,0.00023213919227235276,4.150521855380087e-05,0.00023213919227235276,embedding_pca
esmc_PC208,0.0002121836971890733,7.851695984674942e-06,0.0002121836971890733,embedding_pca
esmc_PC209,0.00023552285524513182,3.483952469400135e-05,0.00023552285524513182,embedding_pca
esmc_PC210,0.0002177256996265251,4.54442415429724e-06,0.0002177256996265251,embedding_pca
esmc_PC211,0.00021491655040183893,8.268237058040262e-06,0.00021491655040183893,embedding_pca
esmc_PC212,0.00024760511868670714,4.865983441136176e-05,0.00024760511868670714,embedding_pca
esmc_PC213,0.0002140406882271005,6.6983641139602176e-06,0.0002140406882271005,embedding_pca
esmc_PC214,0.00020058963368912896,1.6972753367304876e-05,0.00020058963368912896,embedding_pca
esmc_PC215,0.00021563981244761675,5.620209290112987e-06,0.00021563981244761675,embedding_pca
esmc_PC216,0.00020514439567012295,1.2653086026349343e-05,0.00020514439567012295,embedding_pca
esmc_PC217,0.0002093781645138211,1.369328817701396e-05,0.0002093781645138211,embedding_pca
esmc_PC218,0.00020106859682933437,1.0840651183394856e-05,0.00020106859682933437,embedding_pca
esmc_PC219,0.00020518243110376585,1.7809530063158647e-05,0.00020518243110376585,embedding_pca
esmc_PC220,0.00020611870324368137,6.992147083759159e-06,0.00020611870324368137,embedding_pca
esmc_PC221,0.00020904483594360047,1.0287638339549544e-05,0.00020904483594360047,embedding_pca
esmc_PC222,0.00022913587343714243,3.135300348794461e-05,0.00022913587343714243,embedding_pca
esmc_PC223,0.00020759253829672267,8.04715759423818e-06,0.00020759253829672267,embedding_pca
esmc_PC224,0.00022846243574718757,3.8299286000953965e-05,0.00022846243574718757,embedding_pca
esmc_PC225,0.00021528976503144728,1.048758054404305e-05,0.00021528976503144728,embedding_pca
esmc_PC226,0.00023161057303663443,3.1164957847601116e-05,0.00023161057303663443,embedding_pca
esmc_PC227,0.00021819310331232548,1.7203453834071056e-05,0.00021819310331232548,embedding_pca
esmc_PC228,0.0002382738364362669,4.482351899818867e-05,0.0002382738364362669,embedding_pca
esmc_PC229,0.0002138157673117308,9.571199914279313e-06,0.0002138157673117308,embedding_pca
esmc_PC230,0.0002249201486728531,1.5182135203408575e-05,0.0002249201486728531,embedding_pca
esmc_PC231,0.00022918660905152954,1.5173947529046085e-05,0.00022918660905152954,embedding_pca
esmc_PC232,0.00021436306612238732,1.5355023491876875e-05,0.00021436306612238732,embedding_pca
esmc_PC233,0.000210933492751798,1.1051093922953277e-05,0.000210933492751798,embedding_pca
esmc_PC234,0.0002085905312365519,1.6266040541645202e-05,0.0002085905312365519,embedding_pca
esmc_PC235,0.0002169402443781778,1.05803569000706e-05,0.0002169402443781778,embedding_pca
esmc_PC236,0.00021176285869005233,1.1055773338846977e-05,0.00021176285869005233,embedding_pca
esmc_PC237,0.00020135150836947182,1.3508088852449905e-05,0.00020135150836947182,embedding_pca
esmc_PC238,0.00020616657942874498,8.899971545166285e-06,0.00020616657942874498,embedding_pca
esmc_PC239,0.00020654842788963602,4.624538534512064e-06,0.00020654842788963602,embedding_pca
esmc_PC240,0.00020275704561741802,8.995694925539369e-06,0.00020275704561741802,embedding_pca
esmc_PC241,0.00021371324175559282,9.942362339128366e-06,0.00021371324175559282,embedding_pca
esmc_PC242,0.00021000878354562606,9.037486545855319e-06,0.00021000878354562606,embedding_pca
esmc_PC243,0.0002072466935321367,1.1188285442409667e-05,0.0002072466935321367,embedding_pca
esmc_PC244,0.00021734357412998267,9.579799598150462e-06,0.00021734357412998267,embedding_pca
esmc_PC245,0.00021144532929309002,8.192176518317613e-06,0.00021144532929309002,embedding_pca
esmc_PC246,0.00021382769998990473,2.4915617385527055e-05,0.00021382769998990473,embedding_pca
esmc_PC247,0.00020452230733476506,9.014517886742644e-06,0.00020452230733476506,embedding_pca
esmc_PC248,0.0002010920259181443,1.5566009150808413e-05,0.0002010920259181443,embedding_pca
esmc_PC249,0.000210111782733274,7.499382136476381e-06,0.000210111782733274,embedding_pca
esmc_PC250,0.00021845532606378157,1.3416497916470463e-05,0.00021845532606378157,embedding_pca
esmc_PC251,0.00020745293973325937,1.2678789887717801e-05,0.00020745293973325937,embedding_pca
esmc_PC252,0.0002049474742712697,8.463640929617502e-06,0.0002049474742712697,embedding_pca
esmc_PC253,0.00021601293977475006,1.7410017465225586e-05,0.00021601293977475006,embedding_pca
esmc_PC254,0.00021084364569302718,1.3586954966665682e-05,0.00021084364569302718,embedding_pca
esmc_PC255,0.0002083962679614772,5.205684948630893e-06,0.0002083962679614772,embedding_pca
esmc_PC256,0.00020359706892077268,6.5504909723052055e-06,0.00020359706892077268,embedding_pca
esmc_PC257,0.0002122575175802659,1.4205922152044185e-05,0.0002122575175802659,embedding_pca
esmc_PC258,0.00021589737438146127,1.4613333832693056e-06,0.00021589737438146127,embedding_pca
esmc_PC259,0.0002206135850426816,1.1293892814166543e-05,0.0002206135850426816,embedding_pca
esmc_PC260,0.0002089115092983806,1.5785894340990702e-05,0.0002089115092983806,embedding_pca
esmc_PC261,0.00020214140887243258,7.491829355874874e-06,0.00020214140887243258,embedding_pca
esmc_PC262,0.0002022608492061931,1.1089498704300329e-05,0.0002022608492061931,embedding_pca
esmc_PC263,0.0002085136639491467,1.9722292892359057e-05,0.0002085136639491467,embedding_pca
esmc_PC264,0.00020723141558113574,5.2814238377188505e-06,0.00020723141558113574,embedding_pca
esmc_PC265,0.00020844444874850446,4.46387395528579e-06,0.00020844444874850446,embedding_pca
esmc_PC266,0.00019820568215786664,8.113638384767298e-06,0.00019820568215786664,embedding_pca
esmc_PC267,0.0002155435165821286,1.8409117155174704e-05,0.0002155435165821286,embedding_pca
esmc_PC268,0.00021413081138713178,1.3128729408360636e-05,0.00021413081138713178,embedding_pca
esmc_PC269,0.0002035727552017231,1.5020834526700575e-05,0.0002035727552017231,embedding_pca
esmc_PC270,0.00020628362697250752,6.887177224616709e-06,0.00020628362697250752,embedding_pca
esmc_PC271,0.0002099673117266217,1.1129902411652973e-05,0.0002099673117266217,embedding_pca
esmc_PC272,0.00020332822003838754,6.897385173236088e-06,0.00020332822003838754,embedding_pca
esmc_PC273,0.00020753036748590234,3.949536831548891e-06,0.00020753036748590234,embedding_pca
esmc_PC274,0.00020736246531553957,1.0147414156625505e-05,0.00020736246531553957,embedding_pca
esmc_PC275,0.00021010354925908304,7.935569478043521e-06,0.00021010354925908304,embedding_pca
esmc_PC276,0.00020226349015701624,1.1891342636215892e-05,0.00020226349015701624,embedding_pca
esmc_PC277,0.00021293526660313332,1.5846581368096063e-05,0.00021293526660313332,embedding_pca
esmc_PC278,0.00020713951400718584,6.51266039378537e-06,0.00020713951400718584,embedding_pca
esmc_PC279,0.0002102737751824576,1.065289071657842e-05,0.0002102737751824576,embedding_pca
esmc_PC280,0.0002081542275035287,1.326517779210184e-05,0.0002081542275035287,embedding_pca
esmc_PC281,0.00019812058474537065,1.5827533789518835e-05,0.00019812058474537065,embedding_pca
esmc_PC282,0.00020412116820609565,9.331819847464315e-06,0.00020412116820609565,embedding_pca
esmc_PC283,0.00020349389972798516,1.2556711995545885e-05,0.00020349389972798516,embedding_pca
esmc_PC284,0.00020583906791084368,1.3976290071794754e-05,0.00020583906791084368,embedding_pca
esmc_PC285,0.0002123323083751006,1.072803350519881e-05,0.0002123323083751006,embedding_pca
esmc_PC286,0.00021179989779103984,1.2803480758358874e-05,0.00021179989779103984,embedding_pca
esmc_PC287,0.0002029599704947371,8.370734379638414e-06,0.0002029599704947371,embedding_pca
esmc_PC288,0.00019400613719478514,4.764745862862834e-06,0.00019400613719478514,embedding_pca
esmc_PC289,0.00021256143159071984,1.436955802619804e-05,0.00021256143159071984,embedding_pca
esmc_PC290,0.00020800060270195092,1.1827886552033084e-05,0.00020800060270195092,embedding_pca
esmc_PC291,0.00020562450234806466,9.148843316986919e-06,0.00020562450234806466,embedding_pca
esmc_PC292,0.00020019663835693478,8.081769400589673e-06,0.00020019663835693478,embedding_pca
esmc_PC293,0.00021220776936903613,2.2041348943003074e-05,0.00021220776936903613,embedding_pca
esmc_PC294,0.00021463802035197113,3.124890672160368e-05,0.00021463802035197113,embedding_pca
esmc_PC295,0.00021392270337369513,1.9019811800035718e-05,0.00021392270337369513,embedding_pca
esmc_PC296,0.0002032778289933471,1.3983233273360518e-05,0.0002032778289933471,embedding_pca
esmc_PC297,0.00020427416220752189,8.188376872297747e-06,0.00020427416220752189,embedding_pca
esmc_PC298,0.00020056679022482414,1.0791068541348125e-05,0.00020056679022482414,embedding_pca
esmc_PC299,0.00020369955823432316,1.4202803397031675e-05,0.00020369955823432316,embedding_pca
esmc_PC300,0.00021077870836080513,1.0042610034129541e-05,0.00021077870836080513,embedding_pca
esmc_PC301,0.0001986351206245548,4.511930485104031e-06,0.0001986351206245548,embedding_pca
esmc_PC302,0.0002082560412650801,7.436333623090508e-06,0.0002082560412650801,embedding_pca
esmc_PC303,0.00019551797470791438,8.870046756775345e-06,0.00019551797470791438,embedding_pca
esmc_PC304,0.00020138248146958133,1.5030202683584854e-05,0.00020138248146958133,embedding_pca
esmc_PC305,0.00019777757915620775,6.647866329843307e-06,0.00019777757915620775,embedding_pca
esmc_PC306,0.00020481166042711783,1.344428911495882e-05,0.00020481166042711783,embedding_pca
esmc_PC307,0.00020141184007629385,5.045741076194774e-06,0.00020141184007629385,embedding_pca
esmc_PC308,0.00019814190127277116,3.807984245835047e-06,0.00019814190127277116,embedding_pca
esmc_PC309,0.0002132091399728809,1.5899815308826475e-05,0.0002132091399728809,embedding_pca
esmc_PC310,0.00019852623276645507,1.064647651989315e-05,0.00019852623276645507,embedding_pca
esmc_PC311,0.0002077999119878229,4.309887671429862e-06,0.0002077999119878229,embedding_pca
esmc_PC312,0.0002022103612898532,4.340130637329994e-06,0.0002022103612898532,embedding_pca
esmc_PC313,0.0002063747038866465,1.629324568609943e-05,0.0002063747038866465,embedding_pca
esmc_PC314,0.00020028411247466926,5.174748170801024e-06,0.00020028411247466926,embedding_pca
esmc_PC315,0.00020120460881188602,2.499565436572764e-06,0.00020120460881188602,embedding_pca
esmc_PC316,0.00020099823587330597,8.187479361573515e-06,0.00020099823587330597,embedding_pca
esmc_PC317,0.00020307704884025882,7.905828302173198e-06,0.00020307704884025882,embedding_pca
esmc_PC318,0.0002001444852093157,1.0012830088307243e-05,0.0002001444852093157,embedding_pca
esmc_PC319,0.0002088489853677551,4.54437614015826e-06,0.0002088489853677551,embedding_pca
esmc_PC320,0.00020607324328608846,5.37847409502809e-06,0.00020607324328608846,embedding_pca
esmc_PC321,0.000213370758669217,1.435325766821226e-05,0.000213370758669217,embedding_pca
esmc_PC322,0.00021137603557014366,1.005142035118166e-05,0.00021137603557014366,embedding_pca
esmc_PC323,0.0002102404041159079,2.4749248791260013e-05,0.0002102404041159079,embedding_pca
esmc_PC324,0.00020366307014836683,5.224706715714374e-06,0.00020366307014836683,embedding_pca
esmc_PC325,0.00020309816275141068,8.692189836794263e-06,0.00020309816275141068,embedding_pca
esmc_PC326,0.00020134406328427374,1.1793233306440062e-05,0.00020134406328427374,embedding_pca
esmc_PC327,0.00020830831249466435,6.2152718487544065e-06,0.00020830831249466435,embedding_pca
esmc_PC328,0.00020130550669163286,3.5636705713116217e-06,0.00020130550669163286,embedding_pca
esmc_PC329,0.00021161865962412147,1.0646842906932064e-05,0.00021161865962412147,embedding_pca
esmc_PC330,0.00020872316132514138,1.5315429782631255e-05,0.00020872316132514138,embedding_pca
esmc_PC331,0.0002057240292368059,1.0632369804940023e-05,0.0002057240292368059,embedding_pca
esmc_PC332,0.00020387799058856643,1.1734118250254872e-05,0.00020387799058856643,embedding_pca
esmc_PC333,0.0002127251544016889,8.080043804393747e-06,0.0002127251544016889,embedding_pca
esmc_PC334,0.00020297080997175188,5.830380050482395e-06,0.00020297080997175188,embedding_pca
esmc_PC335,0.00021667311382380787,1.2686748576626938e-05,0.00021667311382380787,embedding_pca
esmc_PC336,0.0002059452743612077,8.104462317817363e-06,0.0002059452743612077,embedding_pca
esmc_PC337,0.00020109925089821715,7.644004353149204e-06,0.00020109925089821715,embedding_pca
esmc_PC338,0.0002034949077569171,1.6661642367436077e-05,0.0002034949077569171,embedding_pca
esmc_PC339,0.0002016400763093144,9.964105626286078e-06,0.0002016400763093144,embedding_pca
esmc_PC340,0.00019758802651307798,1.2800777041312318e-05,0.00019758802651307798,embedding_pca
esmc_PC341,0.0002000253971276077,1.4233756697245368e-05,0.0002000253971276077,embedding_pca
esmc_PC342,0.00021027091591457165,8.253084983069092e-06,0.00021027091591457165,embedding_pca
esmc_PC343,0.00019951553384197325,1.2120839695151047e-05,0.00019951553384197325,embedding_pca
esmc_PC344,0.0001977811930822842,7.062609439152578e-06,0.0001977811930822842,embedding_pca
esmc_PC345,0.00020191098550788452,2.4105220323400434e-06,0.00020191098550788452,embedding_pca
esmc_PC346,0.0002071086257482503,1.3741524031245908e-05,0.0002071086257482503,embedding_pca
esmc_PC347,0.00020515014284531156,1.1868100038105253e-05,0.00020515014284531156,embedding_pca
esmc_PC348,0.00021158804119232786,9.651516610014805e-06,0.00021158804119232786,embedding_pca
esmc_PC349,0.00020721375424026037,1.2640844127869942e-05,0.00020721375424026037,embedding_pca
esmc_PC350,0.00020414811062594222,1.2126824929981091e-05,0.00020414811062594222,embedding_pca
esmc_PC351,0.00020365098410868781,9.442792264155946e-06,0.00020365098410868781,embedding_pca
esmc_PC352,0.00020659616786550722,1.9168710524372042e-05,0.00020659616786550722,embedding_pca
esmc_PC353,0.00020621083533761317,8.565953582019796e-06,0.00020621083533761317,embedding_pca
esmc_PC354,0.0002023876733417682,1.0603791612029211e-05,0.0002023876733417682,embedding_pca
esmc_PC355,0.00021430038646084475,1.117533594629836e-05,0.00021430038646084475,embedding_pca
esmc_PC356,0.00019517924306620987,8.58919584921017e-06,0.00019517924306620987,embedding_pca
esmc_PC357,0.00020748098573704346,1.7000654819001702e-05,0.00020748098573704346,embedding_pca
esmc_PC358,0.00024318642434700602,3.8859599400821385e-05,0.00024318642434700602,embedding_pca
esmc_PC359,0.00019831303768501064,7.242183599822523e-06,0.00019831303768501064,embedding_pca
esmc_PC360,0.00020331993146780036,1.0309265612291976e-05,0.00020331993146780036,embedding_pca
esmc_PC361,0.00020597586586016558,4.5479186668225154e-06,0.00020597586586016558,embedding_pca
esmc_PC362,0.00020239768847460647,9.383222948901545e-06,0.00020239768847460647,embedding_pca
esmc_PC363,0.0002070418716326067,1.3588795055609679e-05,0.0002070418716326067,embedding_pca
esmc_PC364,0.00020341264543752166,6.366704986668181e-06,0.00020341264543752166,embedding_pca
esmc_PC365,0.0001989209267119242,1.0832843877796191e-05,0.0001989209267119242,embedding_pca
esmc_PC366,0.000205768718286738,1.2813691378648545e-05,0.000205768718286738,embedding_pca
esmc_PC367,0.00020106552952655281,6.837206150481102e-06,0.00020106552952655281,embedding_pca
esmc_PC368,0.00019964905310106436,2.077036440259721e-06,0.00019964905310106436,embedding_pca
esmc_PC369,0.00021565715022075132,1.2829583673006405e-05,0.00021565715022075132,embedding_pca
esmc_PC370,0.00019921292108226384,8.27387303341167e-06,0.00019921292108226384,embedding_pca
esmc_PC371,0.0002033093890538146,9.46646875711004e-06,0.0002033093890538146,embedding_pca
esmc_PC372,0.00020832863834922044,9.249633483718352e-06,0.00020832863834922044,embedding_pca
esmc_PC373,0.00019865196758755881,1.010226861454484e-05,0.00019865196758755881,embedding_pca
esmc_PC374,0.0002027257235564584,6.4216712312775195e-06,0.0002027257235564584,embedding_pca
esmc_PC375,0.00021644915200959717,1.9160865065443767e-05,0.00021644915200959717,embedding_pca
esmc_PC376,0.00021135229844494483,9.955477996171067e-06,0.00021135229844494483,embedding_pca
esmc_PC377,0.00019472850666713836,3.12594462626142e-06,0.00019472850666713836,embedding_pca
esmc_PC378,0.00019628509574425406,1.993375727242937e-05,0.00019628509574425406,embedding_pca
esmc_PC379,0.0002022343293899272,1.137134717224087e-05,0.0002022343293899272,embedding_pca
esmc_PC380,0.0002120097166139586,7.557469448194071e-06,0.0002120097166139586,embedding_pca
esmc_PC381,0.0002053282584895615,1.205887901096779e-05,0.0002053282584895615,embedding_pca
esmc_PC382,0.00020693288829955935,9.230335387666024e-06,0.00020693288829955935,embedding_pca
esmc_PC383,0.00020587679881488245,6.524110179643134e-06,0.00020587679881488245,embedding_pca
esmc_PC384,0.00020259231149871772,1.0313678247707053e-05,0.00020259231149871772,embedding_pca
esmc_PC385,0.00021626008213840179,1.4006723016294038e-05,0.00021626008213840179,embedding_pca
esmc_PC386,0.0002115417980598052,2.124046548105141e-05,0.0002115417980598052,embedding_pca
esmc_PC387,0.0002071988934927297,8.917193347906256e-06,0.0002071988934927297,embedding_pca
esmc_PC388,0.00019491012190811852,6.630462181654137e-06,0.00019491012190811852,embedding_pca
esmc_PC389,0.0002007482451645511,1.1562171167734568e-05,0.0002007482451645511,embedding_pca
esmc_PC390,0.00019733894749413995,1.0873483674233939e-05,0.00019733894749413995,embedding_pca
esmc_PC391,0.00020423624807584508,1.8240604688522173e-05,0.00020423624807584508,embedding_pca
esmc_PC392,0.00021264707351156437,9.251611847894024e-06,0.00021264707351156437,embedding_pca
esmc_PC393,0.00019343422589562827,6.833854325265289e-06,0.00019343422589562827,embedding_pca
esmc_PC394,0.00020441064561241192,9.988282880984545e-06,0.00020441064561241192,embedding_pca
esmc_PC395,0.00019594571337137157,4.275754520626817e-06,0.00019594571337137157,embedding_pca
esmc_PC396,0.00021068328978883253,1.8102518615541635e-05,0.00021068328978883253,embedding_pca
esmc_PC397,0.00020494861280115793,1.2401847774436661e-05,0.00020494861280115793,embedding_pca
esmc_PC398,0.00020162240437226242,1.6946031908044044e-05,0.00020162240437226242,embedding_pca
esmc_PC399,0.00020663336174418112,7.58235906549046e-06,0.00020663336174418112,embedding_pca
esmc_PC400,0.0002084025490882005,1.1734986930958444e-05,0.0002084025490882005,embedding_pca
esmc_PC401,0.00021191997439859155,1.7568728303231876e-05,0.00021191997439859155,embedding_pca
esmc_PC402,0.0002018923443289065,5.629002230259932e-06,0.0002018923443289065,embedding_pca
esmc_PC403,0.00020360823186901708,1.1591205291016267e-05,0.00020360823186901708,embedding_pca
esmc_PC404,0.00020206953737003018,5.587388302218646e-06,0.00020206953737003018,embedding_pca
esmc_PC405,0.00020714425616405978,9.008609531394647e-06,0.00020714425616405978,embedding_pca
esmc_PC406,0.0002066548271114103,9.442969774004776e-06,0.0002066548271114103,embedding_pca
esmc_PC407,0.00020201301945459393,1.224067616457292e-05,0.00020201301945459393,embedding_pca
esmc_PC408,0.00019798522415612364,7.684789343292907e-06,0.00019798522415612364,embedding_pca
esmc_PC409,0.00020728158427523198,7.3287952928384266e-06,0.00020728158427523198,embedding_pca
esmc_PC410,0.0001994701947594892,2.110833665586588e-05,0.0001994701947594892,embedding_pca
esmc_PC411,0.00020371479375605505,1.2170753029355696e-05,0.00020371479375605505,embedding_pca
esmc_PC412,0.0002036385115528081,4.861505094082761e-06,0.0002036385115528081,embedding_pca
esmc_PC413,0.00020332940261790717,9.79996495509495e-06,0.00020332940261790717,embedding_pca
esmc_PC414,0.00020855708812811155,9.265758330084552e-06,0.00020855708812811155,embedding_pca
esmc_PC415,0.00020249152249171538,9.769640421399401e-06,0.00020249152249171538,embedding_pca
esmc_PC416,0.0002136994424545415,2.243244880948679e-05,0.0002136994424545415,embedding_pca
esmc_PC417,0.00019678240529790418,9.480378037018387e-06,0.00019678240529790418,embedding_pca
esmc_PC418,0.00020049261930187145,6.499339861526551e-06,0.00020049261930187145,embedding_pca
esmc_PC419,0.00020601360360015066,8.559334573969538e-06,0.00020601360360015066,embedding_pca
esmc_PC420,0.0001929764324125078,7.264838215018877e-06,0.0001929764324125078,embedding_pca
esmc_PC421,0.00020386933488399342,1.1371298180091018e-05,0.00020386933488399342,embedding_pca
esmc_PC422,0.00021505421333531204,1.835690680534528e-05,0.00021505421333531204,embedding_pca
esmc_PC423,0.00019531908158038338,8.505188604930595e-06,0.00019531908158038338,embedding_pca
esmc_PC424,0.00019653017664002687,8.403807220905656e-06,0.00019653017664002687,embedding_pca
esmc_PC425,0.00019620264019126415,1.2056153505309986e-05,0.00019620264019126415,embedding_pca
esmc_PC426,0.0002051400688225805,8.478948119484554e-06,0.0002051400688225805,embedding_pca
esmc_PC427,0.000204298558353641,6.34977597452302e-06,0.000204298558353641,embedding_pca
esmc_PC428,0.000203357435616163,1.0795608127618501e-05,0.000203357435616163,embedding_pca
esmc_PC429,0.00020600989754522304,2.1314624522863287e-05,0.00020600989754522304,embedding_pca
esmc_PC430,0.00020525475635471466,1.6069050403240658e-05,0.00020525475635471466,embedding_pca
esmc_PC431,0.00020784160066815893,1.9221323574229457e-05,0.00020784160066815893,embedding_pca
esmc_PC432,0.0001956794605910625,6.054134864464786e-06,0.0001956794605910625,embedding_pca
esmc_PC433,0.00019147281108976318,6.953088563002959e-06,0.00019147281108976318,embedding_pca
esmc_PC434,0.00020617122039628052,8.318576190967532e-06,0.00020617122039628052,embedding_pca
esmc_PC435,0.0002129289022129414,1.225462155965001e-05,0.0002129289022129414,embedding_pca
esmc_PC436,0.00020909927712546306,1.258790031304299e-05,0.00020909927712546306,embedding_pca
esmc_PC437,0.00020541893220689012,1.1915059824120847e-05,0.00020541893220689012,embedding_pca
esmc_PC438,0.00020293733342721434,2.5229613119503252e-05,0.00020293733342721434,embedding_pca
esmc_PC439,0.0002015912214330234,1.0202494180756277e-05,0.0002015912214330234,embedding_pca
esmc_PC440,0.00020920057907394726,1.0914209970529119e-05,0.00020920057907394726,embedding_pca
esmc_PC441,0.00019878753897704617,1.3648936805288103e-05,0.00019878753897704617,embedding_pca
esmc_PC442,0.00022059796862527282,2.4247078151222046e-05,0.00022059796862527282,embedding_pca
esmc_PC443,0.00020735934176984087,1.6919093161543755e-05,0.00020735934176984087,embedding_pca
esmc_PC444,0.0001970025388163006,1.167331824801836e-05,0.0001970025388163006,embedding_pca
esmc_PC445,0.00020012253227125006,1.197025928026438e-05,0.00020012253227125006,embedding_pca
esmc_PC446,0.00020849299550125745,4.309608544214148e-06,0.00020849299550125745,embedding_pca
esmc_PC447,0.00019381193289723616,1.0849990785406464e-05,0.00019381193289723616,embedding_pca
esmc_PC448,0.00020140985649796188,1.3355250037633163e-05,0.00020140985649796188,embedding_pca
esmc_PC449,0.00019647615038971352,1.1902827505658733e-05,0.00019647615038971352,embedding_pca
esmc_PC450,0.00020897381294143882,9.751335763962534e-06,0.00020897381294143882,embedding_pca
esmc_PC451,0.0002040229367813729,1.7461921428258032e-05,0.0002040229367813729,embedding_pca
esmc_PC452,0.00019956794457390612,2.886630000962725e-06,0.00019956794457390612,embedding_pca
esmc_PC453,0.00019520618537029319,5.687572502352475e-06,0.00019520618537029319,embedding_pca
esmc_PC454,0.0001982868461603103,1.0347703321681227e-05,0.0001982868461603103,embedding_pca
esmc_PC455,0.00021277837513606837,5.182792060075451e-06,0.00021277837513606837,embedding_pca
esmc_PC456,0.00020290125102879588,8.408550714080082e-06,0.00020290125102879588,embedding_pca
esmc_PC457,0.00019845771290060354,6.306366376642218e-06,0.00019845771290060354,embedding_pca
esmc_PC458,0.00019637668306257032,9.738322122285437e-06,0.00019637668306257032,embedding_pca
esmc_PC459,0.00020264417445213802,1.147024051561977e-05,0.00020264417445213802,embedding_pca
esmc_PC460,0.00020767249824470336,1.158806116579199e-05,0.00020767249824470336,embedding_pca
esmc_PC461,0.0002059331384230383,1.795758901830771e-05,0.0002059331384230383,embedding_pca
esmc_PC462,0.0002051180821541212,3.6230004931830835e-06,0.0002051180821541212,embedding_pca
esmc_PC463,0.00020220872600389958,8.54162048921335e-06,0.00020220872600389958,embedding_pca
esmc_PC464,0.00019053162243458035,6.6245715754217555e-06,0.00019053162243458035,embedding_pca
esmc_PC465,0.0002039731095979508,1.2714968035992316e-05,0.0002039731095979508,embedding_pca
esmc_PC466,0.00020098337214696145,8.733492267352052e-06,0.00020098337214696145,embedding_pca
esmc_PC467,0.00019632742615479206,7.118670392665402e-06,0.00019632742615479206,embedding_pca
esmc_PC468,0.0002006249930334953,1.1975697329258569e-05,0.0002006249930334953,embedding_pca
esmc_PC469,0.00019794636893750097,9.871556190519074e-06,0.00019794636893750097,embedding_pca
esmc_PC470,0.00020017908535500495,1.4620217762238846e-05,0.00020017908535500495,embedding_pca
esmc_PC471,0.0001975891273518987,1.4978298565375505e-05,0.0001975891273518987,embedding_pca
esmc_PC472,0.00019347595865272459,8.506189873122082e-06,0.00019347595865272459,embedding_pca
esmc_PC473,0.00020861768971574407,8.754437564113004e-06,0.00020861768971574407,embedding_pca
esmc_PC474,0.00019851163340684893,4.619310083489453e-06,0.00019851163340684893,embedding_pca
esmc_PC475,0.00019083744511715637,1.1232273826213457e-05,0.00019083744511715637,embedding_pca
esmc_PC476,0.00020006522674128049,1.043451708526685e-05,0.00020006522674128049,embedding_pca
esmc_PC477,0.00019766475131588888,6.209555120465306e-06,0.00019766475131588888,embedding_pca
esmc_PC478,0.00019504944515782728,1.1604000892631466e-05,0.00019504944515782728,embedding_pca
esmc_PC479,0.00019791962500416757,1.0648380803663817e-05,0.00019791962500416757,embedding_pca
esmc_PC480,0.00019747760284552027,9.084041601764373e-06,0.00019747760284552027,embedding_pca
esmc_PC481,0.00020038860289040778,6.853077529977267e-06,0.00020038860289040778,embedding_pca
esmc_PC482,0.00019811894354681197,8.058071561167958e-06,0.00019811894354681197,embedding_pca
esmc_PC483,0.00020765216931781447,9.679873856658499e-06,0.00020765216931781447,embedding_pca
esmc_PC484,0.00020395207909519017,1.8627663527917536e-05,0.00020395207909519017,embedding_pca
esmc_PC485,0.0002081477940479546,1.5191680545787534e-05,0.0002081477940479546,embedding_pca
esmc_PC486,0.0002004809771657278,1.8579955107830782e-05,0.0002004809771657278,embedding_pca
esmc_PC487,0.0001896720895955899,7.856151862165852e-06,0.0001896720895955899,embedding_pca
esmc_PC488,0.0001960657380348009,9.230179282731228e-06,0.0001960657380348009,embedding_pca
esmc_PC489,0.0001946304276446227,1.1728764022992142e-05,0.0001946304276446227,embedding_pca
esmc_PC490,0.00020286531156669837,1.0152527613539507e-05,0.00020286531156669837,embedding_pca
esmc_PC491,0.00020335405181555358,1.2859127407165381e-05,0.00020335405181555358,embedding_pca
esmc_PC492,0.00019745456315912573,4.425049853409049e-06,0.00019745456315912573,embedding_pca
esmc_PC493,0.00019248591477829635,1.0724371575117046e-05,0.00019248591477829635,embedding_pca
esmc_PC494,0.0001951834072878258,5.168770902944096e-06,0.0001951834072878258,embedding_pca
esmc_PC495,0.00019646257023375304,1.1766146245573533e-05,0.00019646257023375304,embedding_pca
esmc_PC496,0.00020244187905910454,1.0949753932039586e-05,0.00020244187905910454,embedding_pca
esmc_PC497,0.000197074806379241,9.471122605635281e-06,0.000197074806379241,embedding_pca
esmc_PC498,0.00019862109783831995,9.72351447759613e-06,0.00019862109783831995,embedding_pca
esmc_PC499,0.0001994449402426603,7.245140408449336e-06,0.0001994449402426603,embedding_pca
esmc_PC500,0.00019658448927386472,8.27244321874836e-06,0.00019658448927386472,embedding_pca
esmc_PC501,0.00021616892931795455,1.6638949696238553e-05,0.00021616892931795455,embedding_pca
esmc_PC502,0.00019192486017993016,9.691540640336545e-06,0.00019192486017993016,embedding_pca
esmc_PC503,0.0001982304782282524,1.3682506221760332e-05,0.0001982304782282524,embedding_pca
esmc_PC504,0.00019757788642480538,7.980128329549218e-06,0.00019757788642480538,embedding_pca
esmc_PC505,0.00019183772320401104,4.229379534645871e-06,0.00019183772320401104,embedding_pca
esmc_PC506,0.0002035008826426901,1.205009741508269e-05,0.0002035008826426901,embedding_pca
esmc_PC507,0.00019677749585066533,5.107188706637386e-06,0.00019677749585066533,embedding_pca
esmc_PC508,0.00020227902184248754,1.2731108520278634e-05,0.00020227902184248754,embedding_pca
esmc_PC509,0.0001985183497266167,1.4306489990220234e-05,0.0001985183497266167,embedding_pca
esmc_PC510,0.00020613245151343543,9.451209826976137e-06,0.00020613245151343543,embedding_pca
esmc_PC511,0.0001983832523043528,4.855420682627569e-06,0.0001983832523043528,embedding_pca
esmc_PC512,0.00018893424177425793,6.682890088407946e-06,0.00018893424177425793,embedding_pca
esmc_PC513,0.00020440378703018037,1.4712187598698888e-05,0.00020440378703018037,embedding_pca
esmc_PC514,0.0001972209825659731,8.30820325805711e-06,0.0001972209825659731,embedding_pca
esmc_PC515,0.0001970362595924,7.439077307756001e-06,0.0001970362595924,embedding_pca
esmc_PC516,0.00019888113750297356,7.76070003161146e-06,0.00019888113750297356,embedding_pca
esmc_PC517,0.00019714935541634504,7.308893055967639e-06,0.00019714935541634504,embedding_pca
esmc_PC518,0.00019999403215978026,4.552892839172735e-06,0.00019999403215978026,embedding_pca
esmc_PC519,0.00019826855180690462,9.497322947561169e-06,0.00019826855180690462,embedding_pca
esmc_PC520,0.00019001423276438103,7.2746390060201535e-06,0.00019001423276438103,embedding_pca
esmc_PC521,0.00019490910446005747,7.789810871212579e-06,0.00019490910446005747,embedding_pca
esmc_PC522,0.00019255947222683513,6.947461074291365e-06,0.00019255947222683513,embedding_pca
esmc_PC523,0.00018911968025181832,6.415196529017848e-06,0.00018911968025181832,embedding_pca
esmc_PC524,0.00020107410764452202,6.51074397038066e-06,0.00020107410764452202,embedding_pca
esmc_PC525,0.00020007867671651937,1.2034603690880702e-05,0.00020007867671651937,embedding_pca
esmc_PC526,0.0001988117337549535,8.55281513278177e-06,0.0001988117337549535,embedding_pca
esmc_PC527,0.00019715498323091222,7.952599587693508e-06,0.00019715498323091222,embedding_pca
esmc_PC528,0.00019767046546690005,4.502981831379012e-06,0.00019767046546690005,embedding_pca
esmc_PC529,0.00020594848491160863,4.908670935002295e-06,0.00020594848491160863,embedding_pca
esmc_PC530,0.00019439134401205244,2.0537300456830893e-06,0.00019439134401205244,embedding_pca
esmc_PC531,0.00020349767246701636,5.7452684527253535e-06,0.00020349767246701636,embedding_pca
esmc_PC532,0.0001932221095791743,5.7072402852774445e-06,0.0001932221095791743,embedding_pca
esmc_PC533,0.0001963387577473082,8.518047381111242e-06,0.0001963387577473082,embedding_pca
esmc_PC534,0.0001927712149680515,9.578261865387024e-06,0.0001927712149680515,embedding_pca
esmc_PC535,0.000185984853336121,5.993353438235857e-06,0.000185984853336121,embedding_pca
esmc_PC536,0.00020008925504274604,3.4206452346486768e-06,0.00020008925504274604,embedding_pca
esmc_PC537,0.00020192710716356352,9.636066071916668e-06,0.00020192710716356352,embedding_pca
esmc_PC538,0.00020152598735487536,1.0610843896375931e-05,0.00020152598735487536,embedding_pca
esmc_PC539,0.00020058597611047557,1.1889807092816708e-05,0.00020058597611047557,embedding_pca
esmc_PC540,0.00018840789298276258,9.693242428899467e-06,0.00018840789298276258,embedding_pca
esmc_PC541,0.0001990648507263098,1.3438404995247658e-05,0.0001990648507263098,embedding_pca
esmc_PC542,0.00020003548105684146,1.1660955088591548e-05,0.00020003548105684146,embedding_pca
esmc_PC543,0.00019519595958545908,6.828635637250162e-06,0.00019519595958545908,embedding_pca
esmc_PC544,0.00020134467540199914,1.0934908961617519e-05,0.00020134467540199914,embedding_pca
esmc_PC545,0.00019759449425626308,1.4452330434162317e-05,0.00019759449425626308,embedding_pca
esmc_PC546,0.00019580550432308935,1.4506975430859352e-05,0.00019580550432308935,embedding_pca
esmc_PC547,0.0001959049166844901,7.846037603610673e-06,0.0001959049166844901,embedding_pca
esmc_PC548,0.00020609829136393042,7.542394401059097e-06,0.00020609829136393042,embedding_pca
esmc_PC549,0.00019189616462995877,9.599625430219983e-06,0.00019189616462995877,embedding_pca
esmc_PC550,0.00019302914184318905,1.2186739921891217e-05,0.00019302914184318905,embedding_pca
esmc_PC551,0.0002023646830025403,1.5548472630723896e-05,0.0002023646830025403,embedding_pca
esmc_PC552,0.000193635866112437,7.438166350422591e-06,0.000193635866112437,embedding_pca
esmc_PC553,0.00019764335474539867,9.743565773894451e-06,0.00019764335474539867,embedding_pca
esmc_PC554,0.0001961721898489915,1.4584963101070997e-05,0.0001961721898489915,embedding_pca
esmc_PC555,0.00019549124201709967,9.674505147141763e-06,0.00019549124201709967,embedding_pca
esmc_PC556,0.00020073336961542323,1.1575124761019878e-05,0.00020073336961542323,embedding_pca
esmc_PC557,0.0002005010905424559,1.1774540924695159e-05,0.0002005010905424559,embedding_pca
esmc_PC558,0.0001999155372463906,1.5325457521372713e-05,0.0001999155372463906,embedding_pca
esmc_PC559,0.0001975447026647525,1.3298229568481087e-05,0.0001975447026647525,embedding_pca
esmc_PC560,0.00019927651752301435,9.753263239060723e-06,0.00019927651752301435,embedding_pca
esmc_PC561,0.00020541983325672946,1.4725767785374014e-05,0.00020541983325672946,embedding_pca
esmc_PC562,0.00020052774951148734,4.526014536845889e-06,0.00020052774951148734,embedding_pca
esmc_PC563,0.00020351139230284323,1.301828950338373e-05,0.00020351139230284323,embedding_pca
esmc_PC564,0.00020455162815812816,1.3055719651113828e-05,0.00020455162815812816,embedding_pca
esmc_PC565,0.00019648116899102932,6.242718088771806e-06,0.00019648116899102932,embedding_pca
esmc_PC566,0.00019614390378682898,1.732660229505915e-05,0.00019614390378682898,embedding_pca
esmc_PC567,0.0002028522976545945,7.1789649856958085e-06,0.0002028522976545945,embedding_pca
esmc_PC568,0.00020366137829144277,1.394986579783134e-05,0.00020366137829144277,embedding_pca
esmc_PC569,0.000205134059368219,1.628852746161288e-05,0.000205134059368219,embedding_pca
esmc_PC570,0.00020371119757733167,1.0993134039394826e-05,0.00020371119757733167,embedding_pca
esmc_PC571,0.0001937919459209926,9.275197087966088e-06,0.0001937919459209926,embedding_pca
esmc_PC572,0.00020581801390317215,6.588429591308577e-06,0.00020581801390317215,embedding_pca
esmc_PC573,0.00020007469358924345,6.488280783876494e-06,0.00020007469358924345,embedding_pca
esmc_PC574,0.00019172270298723775,2.4733145509506278e-06,0.00019172270298723775,embedding_pca
esmc_PC575,0.00019759853729758408,1.2800719288914803e-05,0.00019759853729758408,embedding_pca
esmc_PC576,0.0002043087879377186,1.1734812427931182e-05,0.0002043087879377186,embedding_pca
esmc_PC577,0.00019609121624140704,7.527312826358855e-06,0.00019609121624140704,embedding_pca
esmc_PC578,0.00018947220585311926,1.5395586901892676e-05,0.00018947220585311926,embedding_pca
esmc_PC579,0.00020133802284586392,1.2610527266740404e-05,0.00020133802284586392,embedding_pca
esmc_PC580,0.00019344935488735987,8.863741088710472e-06,0.00019344935488735987,embedding_pca
esmc_PC581,0.00019765205203459949,5.975985875750173e-06,0.00019765205203459949,embedding_pca
esmc_PC582,0.0002019729331756357,9.233267237292521e-06,0.0002019729331756357,embedding_pca
esmc_PC583,0.00019524668357934669,5.13476564310626e-06,0.00019524668357934669,embedding_pca
esmc_PC584,0.00020327000179181168,1.159608699074017e-05,0.00020327000179181168,embedding_pca
esmc_PC585,0.00021019056211799285,1.344938508721909e-05,0.00021019056211799285,embedding_pca
esmc_PC586,0.00020615974042157413,2.2528676217526847e-05,0.00020615974042157413,embedding_pca
esmc_PC587,0.0002042417734861311,8.163179669504866e-06,0.0002042417734861311,embedding_pca
esmc_PC588,0.00018787186835519452,9.056026286511361e-06,0.00018787186835519452,embedding_pca
esmc_PC589,0.00020438675527934303,1.214705906694213e-05,0.00020438675527934303,embedding_pca
esmc_PC590,0.0001947136725284176,1.3792658247568975e-05,0.0001947136725284176,embedding_pca
esmc_PC591,0.00020930464570291418,1.0285300141227961e-05,0.00020930464570291418,embedding_pca
esmc_PC592,0.00019385373701645347,2.381151675256836e-06,0.00019385373701645347,embedding_pca
esmc_PC593,0.00019653594343310455,7.686777556876982e-06,0.00019653594343310455,embedding_pca
esmc_PC594,0.00019038246102530567,1.1711304801829969e-05,0.00019038246102530567,embedding_pca
esmc_PC595,0.0001985882056809997,7.078822472557302e-06,0.0001985882056809997,embedding_pca
esmc_PC596,0.00019642262503456192,1.2795395966891373e-05,0.00019642262503456192,embedding_pca
esmc_PC597,0.000208170167551608,1.3040323097724982e-05,0.000208170167551608,embedding_pca
esmc_PC598,0.0002075262902183768,1.0937681736247262e-05,0.0002075262902183768,embedding_pca
esmc_PC599,0.00020544155037909937,1.2657153613926955e-05,0.00020544155037909937,embedding_pca
esmc_PC600,0.0001938802692878048,5.075841467986618e-06,0.0001938802692878048,embedding_pca
esmc_PC601,0.00019697975047624087,1.430864479661961e-05,0.00019697975047624087,embedding_pca
esmc_PC602,0.00020295420903924634,1.0608182195614841e-05,0.00020295420903924634,embedding_pca
esmc_PC603,0.0001906403059555824,2.672783546971051e-06,0.0001906403059555824,embedding_pca
esmc_PC604,0.00021079551125082174,9.13447583170036e-06,0.00021079551125082174,embedding_pca
esmc_PC605,0.00020476054550373472,1.2539608001872371e-05,0.00020476054550373472,embedding_pca
esmc_PC606,0.00020058963675766606,9.599458090875234e-06,0.00020058963675766606,embedding_pca
esmc_PC607,0.00019404397858083808,3.0071687960287535e-06,0.00019404397858083808,embedding_pca
esmc_PC608,0.00019510111622166065,6.5549754770512995e-06,0.00019510111622166065,embedding_pca
esmc_PC609,0.00019055767404601036,9.263725117565308e-06,0.00019055767404601036,embedding_pca
esmc_PC610,0.00020054376779919176,9.092107862246074e-06,0.00020054376779919176,embedding_pca
esmc_PC611,0.0001978024374789983,8.110340337722689e-06,0.0001978024374789983,embedding_pca
esmc_PC612,0.0001952958702645213,4.449732508400717e-06,0.0001952958702645213,embedding_pca
esmc_PC613,0.00019655170340681397,4.907847506436864e-06,0.00019655170340681397,embedding_pca
esmc_PC614,0.00020256582920637686,1.2701135040481716e-05,0.00020256582920637686,embedding_pca
esmc_PC615,0.00019792212038921035,1.5236332813789971e-05,0.00019792212038921035,embedding_pca
esmc_PC616,0.00019831747972480943,3.3172696125286242e-06,0.00019831747972480943,embedding_pca
esmc_PC617,0.00020577761328951288,3.833982962851521e-06,0.00020577761328951288,embedding_pca
esmc_PC618,0.00019585185757794768,1.4422323558960547e-05,0.00019585185757794768,embedding_pca
esmc_PC619,0.0001930281293963886,9.172288525755542e-06,0.0001930281293963886,embedding_pca
esmc_PC620,0.00019752711023244144,7.360362170760283e-06,0.00019752711023244144,embedding_pca
esmc_PC621,0.00020005004627908257,6.0397303964295555e-06,0.00020005004627908257,embedding_pca
esmc_PC622,0.00020322829272022264,1.1687860072694754e-05,0.00020322829272022264,embedding_pca
esmc_PC623,0.0001933693724982388,8.205469558262739e-06,0.0001933693724982388,embedding_pca
esmc_PC624,0.00018827505841280943,1.2984840170632359e-05,0.00018827505841280943,embedding_pca
esmc_PC625,0.00020216689131796693,9.77783926249171e-06,0.00020216689131796693,embedding_pca
esmc_PC626,0.00018896258721446527,1.0434836001844205e-05,0.00018896258721446527,embedding_pca
esmc_PC627,0.000201210966036273,5.663196238049801e-06,0.000201210966036273,embedding_pca
esmc_PC628,0.00019111479164027017,9.977685587610777e-06,0.00019111479164027017,embedding_pca
esmc_PC629,0.0001924926569377199,5.69035254706852e-06,0.0001924926569377199,embedding_pca
esmc_PC630,0.00020001200720376765,1.1366067043414465e-05,0.00020001200720376765,embedding_pca
esmc_PC631,0.00020234132964964358,1.1374495464563101e-05,0.00020234132964964358,embedding_pca
esmc_PC632,0.00019367128151976943,7.698731180253662e-06,0.00019367128151976943,embedding_pca
esmc_PC633,0.0001944292486501694,7.682360195929483e-06,0.0001944292486501694,embedding_pca
esmc_PC634,0.00020004421431648608,1.2343812399405269e-05,0.00020004421431648608,embedding_pca
esmc_PC635,0.0001875417104828643,7.752920211049177e-06,0.0001875417104828643,embedding_pca
esmc_PC636,0.00020203514704123692,9.98434618801415e-06,0.00020203514704123692,embedding_pca
esmc_PC637,0.00018740244573522318,6.363158797324229e-06,0.00018740244573522318,embedding_pca
esmc_PC638,0.00020325389265720006,6.005416662886655e-06,0.00020325389265720006,embedding_pca
esmc_PC639,0.0002015592010988033,1.2716508465310676e-05,0.0002015592010988033,embedding_pca
esmc_PC640,0.00019792507343970655,8.56774950583688e-06,0.00019792507343970655,embedding_pca
esmc_PC641,0.00019539061359294787,7.67299425722855e-06,0.00019539061359294787,embedding_pca
esmc_PC642,0.00019349535298045505,8.631551540820874e-06,0.00019349535298045505,embedding_pca
esmc_PC643,0.0001964322900962074,3.47483631432365e-06,0.0001964322900962074,embedding_pca
esmc_PC644,0.0002018017452836011,1.0316266623756157e-05,0.0002018017452836011,embedding_pca
esmc_PC645,0.00018850876907986158,1.2846513004290209e-05,0.00018850876907986158,embedding_pca
esmc_PC646,0.0001972722130296922,8.884555019073556e-06,0.0001972722130296922,embedding_pca
esmc_PC647,0.0001996467518225356,1.254779806582122e-05,0.0001996467518225356,embedding_pca
esmc_PC648,0.0002045454352787886,5.02561498458712e-06,0.0002045454352787886,embedding_pca
esmc_PC649,0.00019826024761936833,1.0973107448503052e-05,0.00019826024761936833,embedding_pca
esmc_PC650,0.0001873988557358577,3.472924464585415e-06,0.0001873988557358577,embedding_pca
esmc_PC651,0.00019365523317886976,8.342719636722267e-06,0.00019365523317886976,embedding_pca
esmc_PC652,0.00020246693506161708,1.593505273386883e-05,0.00020246693506161708,embedding_pca
esmc_PC653,0.00019754270658202,9.496171057628825e-06,0.00019754270658202,embedding_pca
esmc_PC654,0.00020052579006065823,1.0258968645411947e-05,0.00020052579006065823,embedding_pca
esmc_PC655,0.0002045890007120014,5.135641337182115e-06,0.0002045890007120014,embedding_pca
esmc_PC656,0.00019087837321397845,5.73893867950676e-06,0.00019087837321397845,embedding_pca
esmc_PC657,0.00020259732296662518,7.93739645012581e-06,0.00020259732296662518,embedding_pca
esmc_PC658,0.00019735494149133816,6.450964987165989e-06,0.00019735494149133816,embedding_pca
esmc_PC659,0.00019768378360874973,2.6478409284040945e-06,0.00019768378360874973,embedding_pca
esmc_PC660,0.00019551355675941724,7.593219403350692e-06,0.00019551355675941724,embedding_pca
esmc_PC661,0.00019718949104370875,1.177313835820702e-05,0.00019718949104370875,embedding_pca
esmc_PC662,0.00019270444942879038,6.121228191940946e-06,0.00019270444942879038,embedding_pca
esmc_PC663,0.00020178705550990232,1.8477527207917957e-06,0.00020178705550990232,embedding_pca
esmc_PC664,0.00019804340693955073,7.4047717206819925e-06,0.00019804340693955073,embedding_pca
esmc_PC665,0.00018830431829186347,1.0334859486851966e-05,0.00018830431829186347,embedding_pca
esmc_PC666,0.00019625859399181913,8.474197239035433e-06,0.00019625859399181913,embedding_pca
esmc_PC667,0.00019649211340834976,1.0146100085067088e-05,0.00019649211340834976,embedding_pca
esmc_PC668,0.00017777873435148708,1.18561574604599e-05,0.00017777873435148708,embedding_pca
esmc_PC669,0.000197560463024863,1.3324302574133588e-05,0.000197560463024863,embedding_pca
esmc_PC670,0.00019798996612549794,9.537766429975585e-06,0.00019798996612549794,embedding_pca
esmc_PC671,0.0001937946244188092,6.933381117238202e-06,0.0001937946244188092,embedding_pca
esmc_PC672,0.00019582746750517382,4.235044524769158e-06,0.00019582746750517382,embedding_pca
esmc_PC673,0.00018880827173717437,1.1835301483531409e-05,0.00018880827173717437,embedding_pca
esmc_PC674,0.0001987306971286247,3.835068599412734e-06,0.0001987306971286247,embedding_pca
esmc_PC675,0.00019252888857377933,1.171696603213416e-05,0.00019252888857377933,embedding_pca
esmc_PC676,0.00019743617060071755,6.466965020639037e-06,0.00019743617060071755,embedding_pca
esmc_PC677,0.00019931619855202785,1.2753614551522516e-05,0.00019931619855202785,embedding_pca
esmc_PC678,0.00019219287825002679,2.5824279467951094e-06,0.00019219287825002679,embedding_pca
esmc_PC679,0.00019572183471742313,7.5487878631403e-06,0.00019572183471742313,embedding_pca
esmc_PC680,0.0001886035770343729,3.4887692335756445e-06,0.0001886035770343729,embedding_pca
esmc_PC681,0.0001936523727338567,5.312720890273726e-06,0.0001936523727338567,embedding_pca
esmc_PC682,0.0002065018256170713,9.42862552896656e-06,0.0002065018256170713,embedding_pca
esmc_PC683,0.00019281111624443875,7.595902886777712e-06,0.00019281111624443875,embedding_pca
esmc_PC684,0.0002003772326024321,7.397443850006998e-06,0.0002003772326024321,embedding_pca
esmc_PC685,0.00019454250360498638,1.7703165300525576e-05,0.00019454250360498638,embedding_pca
esmc_PC686,0.00019659412870378246,5.914481966605253e-06,0.00019659412870378246,embedding_pca
esmc_PC687,0.00018645893300698555,2.9594612604763975e-06,0.00018645893300698555,embedding_pca
esmc_PC688,0.0001958218298413788,5.377336214859435e-06,0.0001958218298413788,embedding_pca
esmc_PC689,0.00020200691301422473,1.1463179547151052e-05,0.00020200691301422473,embedding_pca
esmc_PC690,0.00019559452537378001,7.6009601514528e-06,0.00019559452537378001,embedding_pca
esmc_PC691,0.00019517735745416896,5.668414700616424e-06,0.00019517735745416896,embedding_pca
esmc_PC692,0.00019678207913349137,1.0294420445964431e-05,0.00019678207913349137,embedding_pca
esmc_PC693,0.00019467902728061078,6.61036545049879e-06,0.00019467902728061078,embedding_pca
esmc_PC694,0.0001913718156144679,6.245901387608497e-06,0.0001913718156144679,embedding_pca
esmc_PC695,0.00020369753270122192,7.790117942285595e-06,0.00020369753270122192,embedding_pca
esmc_PC696,0.0002020342333975909,8.249943652866095e-06,0.0002020342333975909,embedding_pca
esmc_PC697,0.0002017690060984036,2.0238491180457413e-05,0.0002017690060984036,embedding_pca
esmc_PC698,0.00019209066715200244,5.62400064265603e-06,0.00019209066715200244,embedding_pca
esmc_PC699,0.00019136097352332663,1.047268231772256e-05,0.00019136097352332663,embedding_pca
esmc_PC700,0.00018885147088121322,9.59814975662759e-06,0.00018885147088121322,embedding_pca
esmc_PC701,0.00019821100369079867,9.399598788918703e-06,0.00019821100369079867,embedding_pca
esmc_PC702,0.0001894856565300296,9.084477372497929e-06,0.0001894856565300296,embedding_pca
esmc_PC703,0.00019918347357205935,9.377522906710962e-06,0.00019918347357205935,embedding_pca
esmc_PC704,0.00018710734968068488,7.3643144429049035e-06,0.00018710734968068488,embedding_pca
esmc_PC705,0.0001994675397946405,7.222682377809992e-06,0.0001994675397946405,embedding_pca
esmc_PC706,0.00020068445894090076,7.3103973219752765e-06,0.00020068445894090076,embedding_pca
esmc_PC707,0.00020304149996267976,5.412384126304215e-06,0.00020304149996267976,embedding_pca
esmc_PC708,0.0001883860314382467,7.85043240621904e-06,0.0001883860314382467,embedding_pca
esmc_PC709,0.0001936224412387484,3.4746501766085767e-06,0.0001936224412387484,embedding_pca
esmc_PC710,0.00019418882378238408,4.341493647339947e-06,0.00019418882378238408,embedding_pca
esmc_PC711,0.00019899951843890844,6.3516344262886905e-06,0.00019899951843890844,embedding_pca
esmc_PC712,0.0001987894589582391,6.171715514391179e-06,0.0001987894589582391,embedding_pca
esmc_PC713,0.0001941602819206365,9.950679961695476e-06,0.0001941602819206365,embedding_pca
esmc_PC714,0.00020575429648303384,6.9082615403809245e-06,0.00020575429648303384,embedding_pca
esmc_PC715,0.00020007826606212908,5.028494310150298e-06,0.00020007826606212908,embedding_pca
esmc_PC716,0.00019314770270082522,9.93695338513533e-06,0.00019314770270082522,embedding_pca
esmc_PC717,0.00018951832368114808,4.509832862567058e-06,0.00018951832368114808,embedding_pca
esmc_PC718,0.00019671424832518966,1.324064111506658e-05,0.00019671424832518966,embedding_pca
esmc_PC719,0.00019874486312369805,1.0314825398829182e-05,0.00019874486312369805,embedding_pca
esmc_PC720,0.00020116099872857646,3.828338381422464e-06,0.00020116099872857646,embedding_pca
esmc_PC721,0.00020277249151547816,1.2784408043904765e-05,0.00020277249151547816,embedding_pca
esmc_PC722,0.0001945057508808085,1.1989906764788752e-05,0.0001945057508808085,embedding_pca
esmc_PC723,0.00020864420543192943,4.54035661207907e-06,0.00020864420543192943,embedding_pca
esmc_PC724,0.00019093861928667598,8.372978110389822e-06,0.00019093861928667598,embedding_pca
esmc_PC725,0.00019055627652748937,1.0135179256963221e-05,0.00019055627652748937,embedding_pca
esmc_PC726,0.00018783209901495357,1.1198264650092414e-05,0.00018783209901495357,embedding_pca
esmc_PC727,0.00019501582689364195,7.712802163988801e-06,0.00019501582689364195,embedding_pca
esmc_PC728,0.00018944714298597175,1.188505175066878e-05,0.00018944714298597175,embedding_pca
esmc_PC729,0.00019547063486771227,1.1943909693876628e-05,0.00019547063486771227,embedding_pca
esmc_PC730,0.00019627659779569554,1.3514459323574804e-05,0.00019627659779569554,embedding_pca
esmc_PC731,0.00019234005425399644,7.475079401268359e-06,0.00019234005425399644,embedding_pca
esmc_PC732,0.00018854651145834182,5.93541863317808e-06,0.00018854651145834182,embedding_pca
esmc_PC733,0.00019189423371397175,1.1951979689131899e-05,0.00019189423371397175,embedding_pca
esmc_PC734,0.00019572033978347558,1.3242139922642679e-05,0.00019572033978347558,embedding_pca
esmc_PC735,0.0001945621057309483,7.848533735759337e-06,0.0001945621057309483,embedding_pca
esmc_PC736,0.0001926728817857093,1.5349734185248856e-05,0.0001926728817857093,embedding_pca
esmc_PC737,0.00019275708369068703,6.993272330065113e-06,0.00019275708369068703,embedding_pca
esmc_PC738,0.0002041263635853755,8.08621837755692e-06,0.0002041263635853755,embedding_pca
esmc_PC739,0.0002010657979976379,1.185791359776113e-05,0.0002010657979976379,embedding_pca
esmc_PC740,0.00018809643234283453,1.5664949011485886e-05,0.00018809643234283453,embedding_pca
esmc_PC741,0.00019225497218623814,5.038372563665991e-06,0.00019225497218623814,embedding_pca
esmc_PC742,0.00019399781521934784,1.0653650486491455e-05,0.00019399781521934784,embedding_pca
esmc_PC743,0.00019792712701334863,9.81034412212044e-06,0.00019792712701334863,embedding_pca
esmc_PC744,0.00019896181645793188,1.339478605854441e-05,0.00019896181645793188,embedding_pca
esmc_PC745,0.00019336364468640582,5.193562005097623e-06,0.00019336364468640582,embedding_pca
esmc_PC746,0.0001955743078515199,6.123508747574983e-06,0.0001955743078515199,embedding_pca
esmc_PC747,0.00019297208792198555,1.1277144963481612e-05,0.00019297208792198555,embedding_pca
esmc_PC748,0.0002019189526645037,8.810607827331572e-06,0.0002019189526645037,embedding_pca
esmc_PC749,0.0001927097552372401,9.633421305164432e-06,0.0001927097552372401,embedding_pca
esmc_PC750,0.00019008874553649936,1.4503046511969487e-05,0.00019008874553649936,embedding_pca
esmc_PC751,0.00019220324507228736,7.08349804505454e-06,0.00019220324507228736,embedding_pca
esmc_PC752,0.0001978851557379574,6.809504118766306e-06,0.0001978851557379574,embedding_pca
esmc_PC753,0.00019767136438117832,4.620421027057038e-06,0.00019767136438117832,embedding_pca
esmc_PC754,0.00019779181408316617,9.817982371856145e-06,0.00019779181408316617,embedding_pca
esmc_PC755,0.0001936533464684769,5.532650693306049e-06,0.0001936533464684769,embedding_pca
esmc_PC756,0.00018768459371513256,9.358931434242026e-06,0.00018768459371513256,embedding_pca
esmc_PC757,0.0001926190275906305,7.240953925438236e-06,0.0001926190275906305,embedding_pca
esmc_PC758,0.0001887433096209725,7.462362013277168e-06,0.0001887433096209725,embedding_pca
esmc_PC759,0.00019717930707789953,1.4773391381799906e-05,0.00019717930707789953,embedding_pca
esmc_PC760,0.00019665748898472281,2.4919335095123187e-06,0.00019665748898472281,embedding_pca
esmc_PC761,0.00019161977457905505,1.0502041617258409e-05,0.00019161977457905505,embedding_pca
esmc_PC762,0.0001925907193903315,1.1674883656280124e-05,0.0001925907193903315,embedding_pca
esmc_PC763,0.0001894866585111518,5.1406193987297e-06,0.0001894866585111518,embedding_pca
esmc_PC764,0.00019506652844861633,3.361086708515298e-06,0.00019506652844861633,embedding_pca
esmc_PC765,0.0001970483551530114,6.979590684594112e-06,0.0001970483551530114,embedding_pca
esmc_PC766,0.00019088886288978266,1.0839456355936522e-05,0.00019088886288978266,embedding_pca
esmc_PC767,0.0001985461702266694,1.1252178242143252e-05,0.0001985461702266694,embedding_pca
esmc_PC768,0.00019965098548077365,6.0246675751813005e-06,0.00019965098548077365,embedding_pca
esmc_PC769,0.0001898267125048332,1.1785993339121575e-05,0.0001898267125048332,embedding_pca
esmc_PC770,0.00019163714132171186,1.2521702498066792e-05,0.00019163714132171186,embedding_pca
esmc_PC771,0.00019945276858539208,5.981446470883805e-06,0.00019945276858539208,embedding_pca
esmc_PC772,0.00019561002536985341,5.797862992614328e-06,0.00019561002536985341,embedding_pca
esmc_PC773,0.0002021033581658713,1.0001557258307036e-05,0.0002021033581658713,embedding_pca
esmc_PC774,0.00019350297273619058,1.3321539644274816e-05,0.00019350297273619058,embedding_pca
esmc_PC775,0.00019597859169833185,1.0071619574998744e-05,0.00019597859169833185,embedding_pca
esmc_PC776,0.00019281689606040974,1.143434460185237e-05,0.00019281689606040974,embedding_pca
esmc_PC777,0.00020232272482043892,5.82915809438632e-06,0.00020232272482043892,embedding_pca
esmc_PC778,0.00019519802826328732,9.859466645934186e-06,0.00019519802826328732,embedding_pca
esmc_PC779,0.00019046138227397198,1.1984901146838801e-05,0.00019046138227397198,embedding_pca
esmc_PC780,0.0001966792861914556,5.500103416446336e-06,0.0001966792861914556,embedding_pca
esmc_PC781,0.00018658573555895583,1.0675778769238048e-05,0.00018658573555895583,embedding_pca
esmc_PC782,0.00019902803190566254,9.225651196684845e-06,0.00019902803190566254,embedding_pca
esmc_PC783,0.0001963972497420913,5.688930714115947e-06,0.0001963972497420913,embedding_pca
esmc_PC784,0.0001961561900201784,1.0830285902091526e-05,0.0001961561900201784,embedding_pca
esmc_PC785,0.00018985444282948946,9.0809168917749e-06,0.00018985444282948946,embedding_pca
esmc_PC786,0.00018731894586037468,6.932615537293903e-06,0.00018731894586037468,embedding_pca
esmc_PC787,0.0001906637488335426,7.872952314530678e-06,0.0001906637488335426,embedding_pca
esmc_PC788,0.00019632788587276877,8.023293877380483e-06,0.00019632788587276877,embedding_pca
esmc_PC789,0.0001856785825579979,5.565585412057713e-06,0.0001856785825579979,embedding_pca
esmc_PC790,0.00019121234052993057,8.924387122180664e-06,0.00019121234052993057,embedding_pca
esmc_PC791,0.00019393420884479879,3.921354747927946e-06,0.00019393420884479879,embedding_pca
esmc_PC792,0.0001976814739318447,1.246026801231279e-05,0.0001976814739318447,embedding_pca
esmc_PC793,0.0002019094312428573,1.4536500609796372e-05,0.0002019094312428573,embedding_pca
esmc_PC794,0.0001983087283370656,4.910390434025745e-06,0.0001983087283370656,embedding_pca
esmc_PC795,0.00018933467848081918,1.3908107827788483e-05,0.00018933467848081918,embedding_pca
esmc_PC796,0.0001866548427353327,4.1743813907153336e-06,0.0001866548427353327,embedding_pca
esmc_PC797,0.0002059067011645187,1.0782572004579423e-05,0.0002059067011645187,embedding_pca
esmc_PC798,0.0001921394433933765,6.056784520520055e-06,0.0001921394433933765,embedding_pca
esmc_PC799,0.00019858513175466575,7.609061172315537e-06,0.00019858513175466575,embedding_pca
esmc_PC800,0.0001931649609517468,8.815213982558753e-06,0.0001931649609517468,embedding_pca
esmc_PC801,0.0001957086572140831,8.603253904745814e-06,0.0001957086572140831,embedding_pca
esmc_PC802,0.00019497861974280428,7.330366892483429e-06,0.00019497861974280428,embedding_pca
esmc_PC803,0.00020215636182765464,5.377789249945871e-06,0.00020215636182765464,embedding_pca
esmc_PC804,0.00019648341211972025,6.845540390120202e-06,0.00019648341211972025,embedding_pca
esmc_PC805,0.00019725131861797677,1.7924598085666916e-05,0.00019725131861797677,embedding_pca
esmc_PC806,0.00019056167112747896,7.039761538768983e-06,0.00019056167112747896,embedding_pca
esmc_PC807,0.00019880245261529283,9.26535456833524e-06,0.00019880245261529283,embedding_pca
esmc_PC808,0.0001892565261043298,7.65804832413033e-06,0.0001892565261043298,embedding_pca
esmc_PC809,0.00018446431735637882,7.981848805535026e-06,0.00018446431735637882,embedding_pca
esmc_PC810,0.00019152931240524725,1.2034696417296637e-05,0.00019152931240524725,embedding_pca
esmc_PC811,0.000189663781271613,9.088724010744097e-06,0.000189663781271613,embedding_pca
esmc_PC812,0.00020015293870574764,9.580402633416021e-06,0.00020015293870574764,embedding_pca
esmc_PC813,0.00019482959455051127,8.680236989378883e-06,0.00019482959455051127,embedding_pca
esmc_PC814,0.0001937677575075489,1.0580707229983847e-05,0.0001937677575075489,embedding_pca
esmc_PC815,0.00019083379101498377,7.81760827581339e-06,0.00019083379101498377,embedding_pca
esmc_PC816,0.00019277788724598256,1.423816890132733e-05,0.00019277788724598256,embedding_pca
esmc_PC817,0.00019335466619217772,7.78114146778725e-06,0.00019335466619217772,embedding_pca
esmc_PC818,0.00020205954879333105,6.664083445040002e-06,0.00020205954879333105,embedding_pca
esmc_PC819,0.00019169198722935476,8.915176272342897e-06,0.00019169198722935476,embedding_pca
esmc_PC820,0.00019362842293153248,1.6637514829207545e-05,0.00019362842293153248,embedding_pca
esmc_PC821,0.00019189024707818707,7.266007665731728e-06,0.00019189024707818707,embedding_pca
esmc_PC822,0.000197278780053123,3.7782512300265255e-06,0.000197278780053123,embedding_pca
esmc_PC823,0.00019703537425615146,1.5181250165765892e-05,0.00019703537425615146,embedding_pca
esmc_PC824,0.00019214332074242799,6.698581868646682e-06,0.00019214332074242799,embedding_pca
esmc_PC825,0.0001976064896178028,9.42747947091357e-06,0.0001976064896178028,embedding_pca
esmc_PC826,0.0001869885104339016,1.1890314032931413e-05,0.0001869885104339016,embedding_pca
esmc_PC827,0.000179175086115674,6.7104123156346175e-06,0.000179175086115674,embedding_pca
esmc_PC828,0.00019180472539426823,1.188542270847625e-05,0.00019180472539426823,embedding_pca
esmc_PC829,0.0002003515775983618,1.264572502237779e-05,0.0002003515775983618,embedding_pca
esmc_PC830,0.0001936527887821646,6.073395865832417e-06,0.0001936527887821646,embedding_pca
esmc_PC831,0.00019944123371274503,8.598429050626876e-06,0.00019944123371274503,embedding_pca
esmc_PC832,0.00019521634519133977,8.965299055097505e-06,0.00019521634519133977,embedding_pca
esmc_PC833,0.00019479859795365918,1.1428584504587803e-05,0.00019479859795365918,embedding_pca
esmc_PC834,0.0001993095739611317,7.371376704091695e-06,0.0001993095739611317,embedding_pca
esmc_PC835,0.00019488769137538607,1.1375181394869327e-05,0.00019488769137538607,embedding_pca
esmc_PC836,0.00019121002014547647,1.2295896908523798e-05,0.00019121002014547647,embedding_pca
esmc_PC837,0.00019529886178076573,1.0668943462244371e-05,0.00019529886178076573,embedding_pca
esmc_PC838,0.0001959491780634588,1.4169625082474596e-05,0.0001959491780634588,embedding_pca
esmc_PC839,0.00018931065874962943,5.357078648939061e-06,0.00018931065874962943,embedding_pca
esmc_PC840,0.0001949028556859597,1.2738874972712835e-05,0.0001949028556859597,embedding_pca
esmc_PC841,0.00019094748956260095,8.564355637051373e-06,0.00019094748956260095,embedding_pca
esmc_PC842,0.00019670313770658483,1.2022260084291958e-05,0.00019670313770658483,embedding_pca
esmc_PC843,0.00019570854349710182,1.0217305765077853e-05,0.00019570854349710182,embedding_pca
esmc_PC844,0.0001989105677552169,1.12284216510536e-05,0.0001989105677552169,embedding_pca
esmc_PC845,0.00019874187265421197,1.9265391252150178e-05,0.00019874187265421197,embedding_pca
esmc_PC846,0.00019257491192968863,7.77638341324308e-06,0.00019257491192968863,embedding_pca
esmc_PC847,0.00019043835523187885,9.923977263420088e-06,0.00019043835523187885,embedding_pca
esmc_PC848,0.00018442460863278117,8.815407156797614e-06,0.00018442460863278117,embedding_pca
esmc_PC849,0.0001860527209642036,5.998793914491376e-06,0.0001860527209642036,embedding_pca
esmc_PC850,0.00019669016067568604,1.8309429691619427e-05,0.00019669016067568604,embedding_pca
esmc_PC851,0.00019258420696190707,8.560461810743568e-06,0.00019258420696190707,embedding_pca
esmc_PC852,0.00019386080644985418,9.64377971032029e-06,0.00019386080644985418,embedding_pca
esmc_PC853,0.00019921312797539355,9.160812463967369e-06,0.00019921312797539355,embedding_pca
esmc_PC854,0.00019117288779060875,7.791021435254702e-06,0.00019117288779060875,embedding_pca
esmc_PC855,0.00019747919527036685,3.8083523159783906e-06,0.00019747919527036685,embedding_pca
esmc_PC856,0.00020331088985625325,4.188428153297308e-06,0.00020331088985625325,embedding_pca
esmc_PC857,0.00020899179914125017,9.177192076420448e-06,0.00020899179914125017,embedding_pca
esmc_PC858,0.0001946145210957422,1.2197707723627629e-05,0.0001946145210957422,embedding_pca
esmc_PC859,0.00019547445223473342,1.0969246879713746e-05,0.00019547445223473342,embedding_pca
esmc_PC860,0.0001907687172748268,8.69662771774744e-06,0.0001907687172748268,embedding_pca
esmc_PC861,0.0001914654172189844,7.453107282600632e-06,0.0001914654172189844,embedding_pca
esmc_PC862,0.00019453361063110985,1.1530596732371117e-05,0.00019453361063110985,embedding_pca
esmc_PC863,0.00019557216198069243,7.194947220701863e-06,0.00019557216198069243,embedding_pca
esmc_PC864,0.00019933755906261348,8.486155864089703e-06,0.00019933755906261348,embedding_pca
esmc_PC865,0.00019607567562081817,8.828406214588165e-06,0.00019607567562081817,embedding_pca
esmc_PC866,0.00019214491032091077,6.8434852285737335e-06,0.00019214491032091077,embedding_pca
esmc_PC867,0.00019078235200659652,1.1029533155217212e-05,0.00019078235200659652,embedding_pca
esmc_PC868,0.0001972450171055554,1.0005222299031457e-05,0.0001972450171055554,embedding_pca
esmc_PC869,0.00018962571643488788,6.946527806035137e-06,0.00018962571643488788,embedding_pca
esmc_PC870,0.00018697801409626265,7.423444007039992e-06,0.00018697801409626265,embedding_pca
esmc_PC871,0.0001952048977274723,3.4048067633465124e-06,0.0001952048977274723,embedding_pca
esmc_PC872,0.00019890563103729765,1.2496089766954197e-05,0.00019890563103729765,embedding_pca
esmc_PC873,0.00019259922361917258,7.956283561979112e-06,0.00019259922361917258,embedding_pca
esmc_PC874,0.00020326515997590413,1.1446704730320053e-05,0.00020326515997590413,embedding_pca
esmc_PC875,0.00019270538957219172,1.1584948217189457e-05,0.00019270538957219172,embedding_pca
esmc_PC876,0.00020281743392862257,6.175245779729725e-06,0.00020281743392862257,embedding_pca
esmc_PC877,0.00020121985353882565,1.8213520114337992e-06,0.00020121985353882565,embedding_pca
esmc_PC878,0.00019468082542469645,1.0228421056757595e-05,0.00019468082542469645,embedding_pca
esmc_PC879,0.00019045162210420963,4.47487894526641e-06,0.00019045162210420963,embedding_pca
esmc_PC880,0.0001975225409459845,6.9870863681798896e-06,0.0001975225409459845,embedding_pca
esmc_PC881,0.00019845463762925125,1.038169151959746e-05,0.00019845463762925125,embedding_pca
esmc_PC882,0.00018944448217697403,5.646132195246554e-06,0.00018944448217697403,embedding_pca
esmc_PC883,0.0001947425588376106,3.5540651254470593e-06,0.0001947425588376106,embedding_pca
esmc_PC884,0.00020692564460225593,1.062089884373863e-05,0.00020692564460225593,embedding_pca
esmc_PC885,0.00020279772537860563,8.124134634793772e-06,0.00020279772537860563,embedding_pca
esmc_PC886,0.00019584284588641796,7.369017921879646e-06,0.00019584284588641796,embedding_pca
esmc_PC887,0.0001914508336463055,8.052272970445052e-06,0.0001914508336463055,embedding_pca
esmc_PC888,0.00019113694142588344,9.429966686265423e-06,0.00019113694142588344,embedding_pca
esmc_PC889,0.0001877241104835725,6.076899545149029e-06,0.0001877241104835725,embedding_pca
esmc_PC890,0.00020088022423347227,9.514520485093761e-06,0.00020088022423347227,embedding_pca
esmc_PC891,0.00018867340952968462,1.0055554822033103e-05,0.00018867340952968462,embedding_pca
esmc_PC892,0.0002016612565037427,2.711354411829267e-06,0.0002016612565037427,embedding_pca
esmc_PC893,0.0002023723109936254,7.814611736638736e-06,0.0002023723109936254,embedding_pca
esmc_PC894,0.0002010627930190616,1.1889162006273618e-05,0.0002010627930190616,embedding_pca
esmc_PC895,0.0002014503655769044,9.970754080027902e-06,0.0002014503655769044,embedding_pca
esmc_PC896,0.00019050176178770723,8.399054949198424e-06,0.00019050176178770723,embedding_pca
esmc_PC897,0.00019352242281561245,1.010424441997798e-05,0.00019352242281561245,embedding_pca
esmc_PC898,0.00019300634021344036,9.335922745046874e-06,0.00019300634021344036,embedding_pca
esmc_PC899,0.0001963918358979933,1.4708441597331785e-05,0.0001963918358979933,embedding_pca
esmc_PC900,0.00019778937606963415,3.108152395129462e-06,0.00019778937606963415,embedding_pca
esmc_PC901,0.00020326241099505394,1.0959561085132067e-05,0.00020326241099505394,embedding_pca
esmc_PC902,0.00019045558733468796,8.836006382176297e-06,0.00019045558733468796,embedding_pca
esmc_PC903,0.0001965518167404134,1.6167692021031827e-05,0.0001965518167404134,embedding_pca
esmc_PC904,0.00019398371377862716,8.391110627813732e-06,0.00019398371377862716,embedding_pca
esmc_PC905,0.0002006621631654347,5.864003128841809e-06,0.0002006621631654347,embedding_pca
esmc_PC906,0.00020138560068490259,9.639266472805275e-06,0.00020138560068490259,embedding_pca
esmc_PC907,0.0001956741596301298,7.6060976317449616e-06,0.0001956741596301298,embedding_pca
esmc_PC908,0.00019185410268960677,7.016563521557561e-06,0.00019185410268960677,embedding_pca
esmc_PC909,0.00019417443084403,4.718785033101545e-06,0.00019417443084403,embedding_pca
esmc_PC910,0.00019412600012411695,8.968902646555382e-06,0.00019412600012411695,embedding_pca
esmc_PC911,0.00018928359859144672,9.480732113025076e-06,0.00018928359859144672,embedding_pca
esmc_PC912,0.00019712733194863032,9.077231994686445e-06,0.00019712733194863032,embedding_pca
esmc_PC913,0.00019741580761198046,1.1235181201101842e-05,0.00019741580761198046,embedding_pca
esmc_PC914,0.00019463324600148133,8.202755740378557e-06,0.00019463324600148133,embedding_pca
esmc_PC915,0.0001922231891403284,4.030154800500935e-06,0.0001922231891403284,embedding_pca
esmc_PC916,0.00019569657980872111,7.508296899834568e-06,0.00019569657980872111,embedding_pca
esmc_PC917,0.00018839319974181667,1.1453291835661589e-05,0.00018839319974181667,embedding_pca
esmc_PC918,0.00019515788435234786,3.0171031800784937e-06,0.00019515788435234786,embedding_pca
esmc_PC919,0.00018672919078164868,1.08936715125775e-05,0.00018672919078164868,embedding_pca
esmc_PC920,0.0001887074636681663,1.055426321680445e-05,0.0001887074636681663,embedding_pca
esmc_PC921,0.00019919834402928064,7.2911934814485795e-06,0.00019919834402928064,embedding_pca
esmc_PC922,0.00019609669481946354,1.0955240519581795e-05,0.00019609669481946354,embedding_pca
esmc_PC923,0.00018953969179417199,3.44840063131691e-06,0.00018953969179417199,embedding_pca
esmc_PC924,0.00019337174443701717,9.940215745397467e-06,0.00019337174443701717,embedding_pca
esmc_PC925,0.0001966714224171801,9.722678169723577e-06,0.0001966714224171801,embedding_pca
esmc_PC926,0.00019632648383008855,9.52427966159181e-06,0.00019632648383008855,embedding_pca
esmc_PC927,0.00019245912312389692,4.6841573438072655e-06,0.00019245912312389692,embedding_pca
esmc_PC928,0.0001912079750655032,9.685018662371251e-06,0.0001912079750655032,embedding_pca
esmc_PC929,0.0001951936272090377,4.358239460387162e-06,0.0001951936272090377,embedding_pca
esmc_PC930,0.0001941849618285641,9.710602343803872e-06,0.0001941849618285641,embedding_pca
esmc_PC931,0.00019218235940387572,3.532468004311706e-06,0.00019218235940387572,embedding_pca
esmc_PC932,0.00018245392037001453,2.549419834529322e-06,0.00018245392037001453,embedding_pca
esmc_PC933,0.00019514611334528863,9.932078033196093e-06,0.00019514611334528863,embedding_pca
esmc_PC934,0.00019673184353712533,3.872059797691406e-06,0.00019673184353712533,embedding_pca
esmc_PC935,0.00019403428203292427,1.1197436380017665e-05,0.00019403428203292427,embedding_pca
esmc_PC936,0.00019358766292047893,1.1708880209685265e-05,0.00019358766292047893,embedding_pca
esmc_PC937,0.00019051994820408472,1.4954988490568146e-05,0.00019051994820408472,embedding_pca
esmc_PC938,0.000201796836764045,4.401071552822196e-06,0.000201796836764045,embedding_pca
esmc_PC939,0.00018951140187859535,9.39283963882329e-06,0.00018951140187859535,embedding_pca
esmc_PC940,0.00019536182077199335,7.728182559599038e-06,0.00019536182077199335,embedding_pca
esmc_PC941,0.00019132950103761064,6.6424573339570435e-06,0.00019132950103761064,embedding_pca
esmc_PC942,0.00019326299850358554,8.477799291096533e-06,0.00019326299850358554,embedding_pca
esmc_PC943,0.0001954742777316004,1.3329599323874136e-05,0.0001954742777316004,embedding_pca
esmc_PC944,0.00019556638206007638,8.854217740454387e-06,0.00019556638206007638,embedding_pca
esmc_PC945,0.00019850139072003127,1.3471571881497799e-05,0.00019850139072003127,embedding_pca
esmc_PC946,0.000195177953321946,9.112076259756763e-06,0.000195177953321946,embedding_pca
esmc_PC947,0.00019336109412911652,1.0035002922358327e-05,0.00019336109412911652,embedding_pca
esmc_PC948,0.00019882866743786213,9.02448500779719e-06,0.00019882866743786213,embedding_pca
esmc_PC949,0.00019363554325947918,8.364987492269946e-06,0.00019363554325947918,embedding_pca
esmc_PC950,0.00019001602047624783,1.0251079558468748e-05,0.00019001602047624783,embedding_pca
esmc_PC951,0.00020097405889489095,1.3309985270751505e-05,0.00020097405889489095,embedding_pca
esmc_PC952,0.00019768911959712102,1.9304217343307435e-06,0.00019768911959712102,embedding_pca
esmc_PC953,0.00019755445779893124,1.0786580720823188e-05,0.00019755445779893124,embedding_pca
esmc_PC954,0.0001907421028577191,7.42843127426382e-06,0.0001907421028577191,embedding_pca
esmc_PC955,0.00019153879293954518,8.78040175708581e-06,0.00019153879293954518,embedding_pca
esmc_PC956,0.00019040369378037672,8.002599201837881e-06,0.00019040369378037672,embedding_pca
esmc_PC957,0.00019881072228266445,1.188134191603252e-05,0.00019881072228266445,embedding_pca
esmc_PC958,0.000196396482541774,1.541807563182711e-05,0.000196396482541774,embedding_pca
esmc_PC959,0.0001942345930291044,1.3873455753241144e-05,0.0001942345930291044,embedding_pca
esmc_PC960,0.000191183645557108,8.561414849747395e-06,0.000191183645557108,embedding_pca
esmc_PC961,0.00019929260106715503,5.176736584173704e-06,0.00019929260106715503,embedding_pca
esmc_PC962,0.00020121469292149526,9.483913627383958e-06,0.00020121469292149526,embedding_pca
esmc_PC963,0.0001870931159049077,8.204868330674921e-06,0.0001870931159049077,embedding_pca
esmc_PC964,0.00019237711602230697,3.420416756342337e-06,0.00019237711602230697,embedding_pca
esmc_PC965,0.0001944104327791967,1.3265123252253871e-05,0.0001944104327791967,embedding_pca
esmc_PC966,0.00020352784954103315,1.3673925857099686e-05,0.00020352784954103315,embedding_pca
esmc_PC967,0.00019536033612550305,1.0532564668427082e-05,0.00019536033612550305,embedding_pca
esmc_PC968,0.0001973233363040045,9.251876961136288e-06,0.0001973233363040045,embedding_pca
esmc_PC969,0.00018964777880615618,9.327895575104541e-06,0.00018964777880615618,embedding_pca
esmc_PC970,0.00018856621278326378,1.1815538165879264e-05,0.00018856621278326378,embedding_pca
esmc_PC971,0.00019211781023831536,1.1098070876134234e-05,0.00019211781023831536,embedding_pca
esmc_PC972,0.00019719523826806944,1.5024726173042497e-05,0.00019719523826806944,embedding_pca
esmc_PC973,0.00019428052185426506,1.2364870419272844e-05,0.00019428052185426506,embedding_pca
esmc_PC974,0.000194717507255497,6.523235189826735e-06,0.000194717507255497,embedding_pca
esmc_PC975,0.00019171553795168658,3.470129358519903e-06,0.00019171553795168658,embedding_pca
esmc_PC976,0.00018851447137792078,5.925219261370226e-06,0.00018851447137792078,embedding_pca
esmc_PC977,0.00019616646665900447,1.1199994009646716e-05,0.00019616646665900447,embedding_pca
esmc_PC978,0.00019537650164869663,9.826399573030157e-06,0.00019537650164869663,embedding_pca
esmc_PC979,0.00020542421908942605,1.23442488414499e-05,0.00020542421908942605,embedding_pca
esmc_PC980,0.00018844151227287483,5.4436736336146076e-06,0.00018844151227287483,embedding_pca
esmc_PC981,0.0001930670216904335,9.105907721735659e-06,0.0001930670216904335,embedding_pca
esmc_PC982,0.00019065593532650288,9.815084489039488e-06,0.00019065593532650288,embedding_pca
esmc_PC983,0.00019827716357923193,7.23269586769058e-06,0.00019827716357923193,embedding_pca
esmc_PC984,0.00018671997382235187,7.3306608084913775e-06,0.00018671997382235187,embedding_pca
esmc_PC985,0.00019095250043738946,1.1783257439958418e-05,0.00019095250043738946,embedding_pca
esmc_PC986,0.00019539474966766827,4.999703370260578e-06,0.00019539474966766827,embedding_pca
esmc_PC987,0.00019911500643448915,1.2134445445140042e-05,0.00019911500643448915,embedding_pca
esmc_PC988,0.00019126688654561442,7.570576795498223e-06,0.00019126688654561442,embedding_pca
esmc_PC989,0.00020035652545517176,1.0789265618657772e-05,0.00020035652545517176,embedding_pca
esmc_PC990,0.00019603648961787927,4.002750116748213e-06,0.00019603648961787927,embedding_pca
esmc_PC991,0.0001913959106530422,8.698484266948137e-06,0.0001913959106530422,embedding_pca
esmc_PC992,0.0001884725237554021,8.653859320410436e-06,0.0001884725237554021,embedding_pca
esmc_PC993,0.00019378329564735076,6.3341476027152665e-06,0.00019378329564735076,embedding_pca
esmc_PC994,0.00020185101766666752,7.098401174862723e-06,0.00020185101766666752,embedding_pca
esmc_PC995,0.00018805977837478555,1.6340759187825425e-05,0.00018805977837478555,embedding_pca
esmc_PC996,0.0001935760870492401,8.706569485320386e-06,0.0001935760870492401,embedding_pca
esmc_PC997,0.00018393579834128038,5.4405115302591454e-06,0.00018393579834128038,embedding_pca
esmc_PC998,0.00020348020877036707,1.4492436562121486e-05,0.00020348020877036707,embedding_pca
esmc_PC999,0.00019195737343054683,9.15955459204376e-06,0.00019195737343054683,embedding_pca
esmc_PC1000,0.00019243139864011478,5.545410266542928e-06,0.00019243139864011478,embedding_pca
esmc_PC1001,0.0002029601919710478,8.377045303947706e-06,0.0002029601919710478,embedding_pca
esmc_PC1002,0.00019647755604720497,7.655088213965662e-06,0.00019647755604720497,embedding_pca
esmc_PC1003,0.00018448514262844805,6.434321668020146e-06,0.00018448514262844805,embedding_pca
esmc_PC1004,0.0001925658459858312,8.929363263203559e-06,0.0001925658459858312,embedding_pca
esmc_PC1005,0.0001963543799563378,3.722284671910913e-06,0.0001963543799563378,embedding_pca
esmc_PC1006,0.0001979958529957629,8.553672248219875e-06,0.0001979958529957629,embedding_pca
esmc_PC1007,0.00019974299496071913,1.0571812514101076e-05,0.00019974299496071913,embedding_pca
esmc_PC1008,0.0001967856380415387,1.0636287512082013e-05,0.0001967856380415387,embedding_pca
esmc_PC1009,0.00018939803092828477,9.063115097543414e-06,0.00018939803092828477,embedding_pca
esmc_PC1010,0.00019686685956652809,1.0007319783873494e-05,0.00019686685956652809,embedding_pca
esmc_PC1011,0.00019120651934418137,8.505129325472744e-06,0.00019120651934418137,embedding_pca
esmc_PC1012,0.00019511563740275427,8.706506529898975e-06,0.00019511563740275427,embedding_pca
esmc_PC1013,0.00018898397564191994,6.334118170734067e-06,0.00018898397564191994,embedding_pca
esmc_PC1014,0.00019549010645840116,9.229861375471274e-06,0.00019549010645840116,embedding_pca
esmc_PC1015,0.00018889231182178814,2.4371361527989047e-06,0.00018889231182178814,embedding_pca
esmc_PC1016,0.00019762538419538082,8.581219724700548e-06,0.00019762538419538082,embedding_pca
esmc_PC1017,0.0002008607357112435,7.995027555281044e-06,0.0002008607357112435,embedding_pca
esmc_PC1018,0.0001965562748840332,1.0756892644648177e-05,0.0001965562748840332,embedding_pca
esmc_PC1019,0.00019655165473419023,8.737351114078787e-06,0.00019655165473419023,embedding_pca
esmc_PC1020,0.00019452374440264667,1.1564719630167439e-05,0.00019452374440264667,embedding_pca
esmc_PC1021,0.00019701850097016428,6.172274266190332e-06,0.00019701850097016428,embedding_pca
esmc_PC1022,0.0001918648552738671,1.2093590314844577e-05,0.0001918648552738671,embedding_pca
esmc_PC1023,0.00019177095938646173,6.1376782011254165e-06,0.00019177095938646173,embedding_pca
esmc_PC1024,0.00019405089846108323,1.0488008812091392e-05,0.00019405089846108323,embedding_pca
esmc_PC1025,0.00018860411635913496,6.557702693459043e-06,0.00018860411635913496,embedding_pca
esmc_PC1026,0.00019488111243179415,8.605519598273885e-06,0.00019488111243179415,embedding_pca
esmc_PC1027,0.00018340380615386367,1.0687776863346933e-05,0.00018340380615386367,embedding_pca
esmc_PC1028,0.00018958517063675351,6.890625143660719e-06,0.00018958517063675351,embedding_pca
esmc_PC1029,0.00019259978649111115,5.64086685836323e-06,0.00019259978649111115,embedding_pca
esmc_PC1030,0.00018685089775302845,5.505630298125976e-06,0.00018685089775302845,embedding_pca
esmc_PC1031,0.0001922318446659127,5.38488985718713e-06,0.0001922318446659127,embedding_pca
esmc_PC1032,0.0001854932417316132,7.542859761035643e-06,0.0001854932417316132,embedding_pca
esmc_PC1033,0.00019472617364996013,1.789356667474236e-05,0.00019472617364996013,embedding_pca
esmc_PC1034,0.00019905228511586122,9.262833939821142e-06,0.00019905228511586122,embedding_pca
esmc_PC1035,0.00019099132593656038,5.886972399356997e-06,0.00019099132593656038,embedding_pca
esmc_PC1036,0.00019445103708196047,9.049724972356262e-06,0.00019445103708196047,embedding_pca
esmc_PC1037,0.00019566585783089137,1.0164033388233108e-05,0.00019566585783089137,embedding_pca
esmc_PC1038,0.0001877422088166731,7.738914302438872e-06,0.0001877422088166731,embedding_pca
esmc_PC1039,0.00019728646235291303,4.932590108411063e-06,0.00019728646235291303,embedding_pca
esmc_PC1040,0.00018892691178313753,1.053594820108395e-05,0.00018892691178313753,embedding_pca
esmc_PC1041,0.00019439622709077872,8.653466571157486e-06,0.00019439622709077872,embedding_pca
esmc_PC1042,0.00019214359076832302,8.164574423510826e-06,0.00019214359076832302,embedding_pca
esmc_PC1043,0.0001937771354626162,1.0882327263516086e-05,0.0001937771354626162,embedding_pca
esmc_PC1044,0.0001886865951862019,1.095854139662369e-05,0.0001886865951862019,embedding_pca
esmc_PC1045,0.00018937728513490068,4.144759013860306e-06,0.00018937728513490068,embedding_pca
esmc_PC1046,0.0001927505439053611,7.707708594016233e-06,0.0001927505439053611,embedding_pca
esmc_PC1047,0.00019060800348690777,8.005490589467534e-06,0.00019060800348690777,embedding_pca
esmc_PC1048,0.00018737493317712035,6.904778195291307e-06,0.00018737493317712035,embedding_pca
esmc_PC1049,0.00018713771476608498,4.173136837929522e-06,0.00018713771476608498,embedding_pca
esmc_PC1050,0.0002010446101293719,4.6623038661091805e-06,0.0002010446101293719,embedding_pca
esmc_PC1051,0.00018454570234239446,1.1322335144312472e-05,0.00018454570234239446,embedding_pca
esmc_PC1052,0.00019356545998129202,8.702377407289015e-06,0.00019356545998129202,embedding_pca
esmc_PC1053,0.0001847359993395033,4.369606689334177e-06,0.0001847359993395033,embedding_pca
esmc_PC1054,0.00018480683306368637,6.538598655247949e-06,0.00018480683306368637,embedding_pca
esmc_PC1055,0.00019555664989464732,6.076277746636542e-06,0.00019555664989464732,embedding_pca
esmc_PC1056,0.00018874781939882571,1.2190029215387093e-05,0.00018874781939882571,embedding_pca
esmc_PC1057,0.00018794887977161234,9.517883285094855e-06,0.00018794887977161234,embedding_pca
esmc_PC1058,0.0001905304408426222,6.351036567560155e-06,0.0001905304408426222,embedding_pca
esmc_PC1059,0.00018545502516076137,8.555407580277929e-06,0.00018545502516076137,embedding_pca
esmc_PC1060,0.00018491895227334016,1.0251933145354363e-05,0.00018491895227334016,embedding_pca
esmc_PC1061,0.00019549003155459036,1.8733362111973492e-05,0.00019549003155459036,embedding_pca
esmc_PC1062,0.00019035502038236137,1.0852700216051236e-05,0.00019035502038236137,embedding_pca
esmc_PC1063,0.00019800943537386602,1.2095186471948961e-05,0.00019800943537386602,embedding_pca
esmc_PC1064,0.0001909671500734328,1.3828524699383037e-05,0.0001909671500734328,embedding_pca
esmc_PC1065,0.00018792182377800349,8.872454544848711e-06,0.00018792182377800349,embedding_pca
esmc_PC1066,0.0001915393524595297,5.122339607346383e-06,0.0001915393524595297,embedding_pca
esmc_PC1067,0.00018803179967538555,1.1107885805407795e-05,0.00018803179967538555,embedding_pca
esmc_PC1068,0.00019760059919086644,1.0927990277365228e-05,0.00019760059919086644,embedding_pca
esmc_PC1069,0.00019709468355574795,1.0876325463147781e-05,0.00019709468355574795,embedding_pca
esmc_PC1070,0.0001950918032101186,8.122527142714898e-06,0.0001950918032101186,embedding_pca
esmc_PC1071,0.00019623000693354012,7.829921875426856e-06,0.00019623000693354012,embedding_pca
esmc_PC1072,0.00019382968487670812,1.320120494118991e-05,0.00019382968487670812,embedding_pca
esmc_PC1073,0.00018887630806586298,9.702198041652292e-06,0.00018887630806586298,embedding_pca
esmc_PC1074,0.00019179628690325288,8.621323118757285e-06,0.00019179628690325288,embedding_pca
esmc_PC1075,0.00019062943525414042,1.0050757484366034e-05,0.00019062943525414042,embedding_pca
esmc_PC1076,0.00019269808007481797,1.3625724621594125e-05,0.00019269808007481797,embedding_pca
esmc_PC1077,0.0001924534436364426,8.200075766641516e-06,0.0001924534436364426,embedding_pca
esmc_PC1078,0.00019294213035610523,5.193665374725023e-06,0.00019294213035610523,embedding_pca
esmc_PC1079,0.00019843810445655877,4.486910910826382e-06,0.00019843810445655877,embedding_pca
esmc_PC1080,0.00019003883416418953,6.3268706898986065e-06,0.00019003883416418953,embedding_pca
esmc_PC1081,0.00018909526137879845,1.0894825199568392e-05,0.00018909526137879845,embedding_pca
esmc_PC1082,0.00019615862761628817,1.1380797372566495e-05,0.00019615862761628817,embedding_pca
esmc_PC1083,0.00019005183941464652,1.0063376037120252e-05,0.00019005183941464652,embedding_pca
esmc_PC1084,0.00019064756125167386,1.008236605968703e-05,0.00019064756125167386,embedding_pca
esmc_PC1085,0.0001819087970434152,9.585433483823204e-06,0.0001819087970434152,embedding_pca
esmc_PC1086,0.00018561993015852598,1.1503444557255627e-05,0.00018561993015852598,embedding_pca
esmc_PC1087,0.00019153699998127434,1.4384585498706414e-05,0.00019153699998127434,embedding_pca
esmc_PC1088,0.00019084081283396952,6.468460442509366e-06,0.00019084081283396952,embedding_pca
esmc_PC1089,0.0001846448983754751,6.6457233718695775e-06,0.0001846448983754751,embedding_pca
esmc_PC1090,0.00019218434286094837,1.0827416000601313e-05,0.00019218434286094837,embedding_pca
esmc_PC1091,0.0002015573063080884,8.733278064432432e-06,0.0002015573063080884,embedding_pca
esmc_PC1092,0.00018440235468249435,1.1374917140481314e-05,0.00018440235468249435,embedding_pca
esmc_PC1093,0.00018763808239121146,3.585649521377035e-06,0.00018763808239121146,embedding_pca
esmc_PC1094,0.00019221242375508184,1.2516980446106017e-05,0.00019221242375508184,embedding_pca
esmc_PC1095,0.00019223799386893517,5.51697010322396e-06,0.00019223799386893517,embedding_pca
esmc_PC1096,0.0001938402985658868,1.3145418627222694e-05,0.0001938402985658868,embedding_pca
esmc_PC1097,0.00020022336176807993,9.326305051769188e-06,0.00020022336176807993,embedding_pca
esmc_PC1098,0.00019106186840232175,6.065240026060339e-06,0.00019106186840232175,embedding_pca
esmc_PC1099,0.00019781811270403005,1.487804630296806e-05,0.00019781811270403005,embedding_pca
esmc_PC1100,0.00018952069446246682,1.213791586666328e-05,0.00018952069446246682,embedding_pca
esmc_PC1101,0.0001956497798682809,8.071745193527847e-06,0.0001956497798682809,embedding_pca
esmc_PC1102,0.00018677189731507228,9.284650659236127e-06,0.00018677189731507228,embedding_pca
esmc_PC1103,0.0001925312993408096,1.3246931326367737e-05,0.0001925312993408096,embedding_pca
esmc_PC1104,0.00019316897767127604,1.1875824514477797e-05,0.00019316897767127604,embedding_pca
esmc_PC1105,0.00019335930566587083,8.384324817153305e-06,0.00019335930566587083,embedding_pca
esmc_PC1106,0.00019446892815220803,6.454284074469771e-06,0.00019446892815220803,embedding_pca
esmc_PC1107,0.00018808962863175137,8.809353282940316e-06,0.00018808962863175137,embedding_pca
esmc_PC1108,0.0001877304760806522,3.952488800197238e-06,0.0001877304760806522,embedding_pca
esmc_PC1109,0.00018431192967067255,1.067874437247911e-05,0.00018431192967067255,embedding_pca
esmc_PC1110,0.00018877722256382102,5.520019653245603e-06,0.00018877722256382102,embedding_pca
esmc_PC1111,0.00018691464837346583,5.851933330012987e-06,0.00018691464837346583,embedding_pca
esmc_PC1112,0.0001936251815647657,6.5225613242130135e-06,0.0001936251815647657,embedding_pca
esmc_PC1113,0.00019534185433697188,1.4919091741842226e-05,0.00019534185433697188,embedding_pca
esmc_PC1114,0.0001914922046102568,8.376783860553563e-06,0.0001914922046102568,embedding_pca
esmc_PC1115,0.00018663496383134354,6.429566734329998e-06,0.00018663496383134354,embedding_pca
esmc_PC1116,0.00018836018124539396,7.020693817713758e-06,0.00018836018124539396,embedding_pca
esmc_PC1117,0.000193473895012215,8.43474776773854e-06,0.000193473895012215,embedding_pca
esmc_PC1118,0.00018944709004995879,8.726521030989191e-06,0.00018944709004995879,embedding_pca
esmc_PC1119,0.0001927172549607641,1.0754075543277264e-05,0.0001927172549607641,embedding_pca
esmc_PC1120,0.00019555268347578285,9.764233545228273e-06,0.00019555268347578285,embedding_pca
esmc_PC1121,0.0001918648856502014,3.5327243936089484e-06,0.0001918648856502014,embedding_pca
esmc_PC1122,0.00019449289289930833,8.403101333791815e-06,0.00019449289289930833,embedding_pca
esmc_PC1123,0.0001846277022395992,6.82298325862927e-06,0.0001846277022395992,embedding_pca
esmc_PC1124,0.0001963954827548342,1.6555718996387157e-05,0.0001963954827548342,embedding_pca
esmc_PC1125,0.00019648823838279523,1.2092525723835788e-05,0.00019648823838279523,embedding_pca
esmc_PC1126,0.00019495423050009533,1.771668495375387e-05,0.00019495423050009533,embedding_pca
esmc_PC1127,0.00019060051695659008,6.928841180276961e-06,0.00019060051695659008,embedding_pca
esmc_PC1128,0.00019380398222555796,3.681465157354776e-06,0.00019380398222555796,embedding_pca
esmc_PC1129,0.00018584221358293836,6.606624275640714e-06,0.00018584221358293836,embedding_pca
esmc_PC1130,0.00019065841181654385,7.156781753777527e-06,0.00019065841181654385,embedding_pca
esmc_PC1131,0.00018688093353409798,7.01766438800649e-06,0.00018688093353409798,embedding_pca
esmc_PC1132,0.00019526995996283408,6.808673565933122e-06,0.00019526995996283408,embedding_pca
esmc_PC1133,0.00019053672060562895,5.7004457925650775e-06,0.00019053672060562895,embedding_pca
esmc_PC1134,0.0001928102835899999,4.823948368491515e-06,0.0001928102835899999,embedding_pca
esmc_PC1135,0.0001933135455532627,8.858721592751664e-06,0.0001933135455532627,embedding_pca
esmc_PC1136,0.00019749201895172407,1.0011299752463873e-05,0.00019749201895172407,embedding_pca
esmc_PC1137,0.0001926286931688594,1.0825765419071622e-05,0.0001926286931688594,embedding_pca
esmc_PC1138,0.00019339546223998328,6.789780941507521e-06,0.00019339546223998328,embedding_pca
esmc_PC1139,0.00019739607400691173,9.800472592970142e-06,0.00019739607400691173,embedding_pca
esmc_PC1140,0.00019071237352852652,1.5267589942979123e-05,0.00019071237352852652,embedding_pca
esmc_PC1141,0.000180133616251962,4.78209393991093e-06,0.000180133616251962,embedding_pca
esmc_PC1142,0.00019388406946333782,6.824213593863475e-06,0.00019388406946333782,embedding_pca
esmc_PC1143,0.00019625952786171338,5.08360697000486e-06,0.00019625952786171338,embedding_pca
esmc_PC1144,0.00018500609766522593,8.691644964688873e-06,0.00018500609766522593,embedding_pca
esmc_PC1145,0.00019147293978072794,1.0404921608058608e-05,0.00019147293978072794,embedding_pca
esmc_PC1146,0.00019275561851586344,6.671801918957444e-06,0.00019275561851586344,embedding_pca
esmc_PC1147,0.00020515089242200782,1.321986403121703e-05,0.00020515089242200782,embedding_pca
esmc_PC1148,0.0001863643473961001,1.193941112601175e-05,0.0001863643473961001,embedding_pca
esmc_PC1149,0.00019004248691156328,8.858509097221735e-06,0.00019004248691156328,embedding_pca
esmc_PC1150,0.0001882160988391398,9.086038149582427e-06,0.0001882160988391398,embedding_pca
esmc_PC1151,0.0001915671144115184,1.5369420474042948e-05,0.0001915671144115184,embedding_pca
esmc_PC1152,0.00019113971598496226,8.44210340655253e-06,0.00019113971598496226,embedding_pca
esmc_PC1153,0.0001930361929058392,6.403945313675781e-06,0.0001930361929058392,embedding_pca
esmc_PC1154,0.00019826602619379746,5.86406744508437e-06,0.00019826602619379746,embedding_pca
esmc_PC1155,0.00018979650408144466,7.646003732279291e-06,0.00018979650408144466,embedding_pca
esmc_PC1156,0.00019217881010440046,1.5725413095472796e-05,0.00019217881010440046,embedding_pca
esmc_PC1157,0.00019004296563800575,5.746247616523362e-06,0.00019004296563800575,embedding_pca
esmc_PC1158,0.0001983939753295595,9.622104814083398e-06,0.0001983939753295595,embedding_pca
esmc_PC1159,0.00019691537559049613,8.733570027793167e-06,0.00019691537559049613,embedding_pca
esmc_PC1160,0.00018883195905797806,6.727140791953531e-06,0.00018883195905797806,embedding_pca
esmc_PC1161,0.00019447232616364227,8.304574537596174e-06,0.00019447232616364227,embedding_pca
esmc_PC1162,0.00019661946786241782,1.3647397310476768e-05,0.00019661946786241782,embedding_pca
esmc_PC1163,0.0001894380827043829,1.0437633161289844e-05,0.0001894380827043829,embedding_pca
esmc_PC1164,0.00019699539818782098,1.2797259313726761e-05,0.00019699539818782098,embedding_pca
esmc_PC1165,0.00018836645993001682,7.667269017997616e-06,0.00018836645993001682,embedding_pca
esmc_PC1166,0.00018152043726083218,5.7717601890481435e-06,0.00018152043726083218,embedding_pca
esmc_PC1167,0.00018441395986605805,6.189832756984224e-06,0.00018441395986605805,embedding_pca
esmc_PC1168,0.0002017839122801637,1.1906043621852017e-05,0.0002017839122801637,embedding_pca
esmc_PC1169,0.00018916905339964795,4.224767003090362e-06,0.00018916905339964795,embedding_pca
esmc_PC1170,0.0001980174746586705,1.3542443699603409e-05,0.0001980174746586705,embedding_pca
esmc_PC1171,0.0001924574705012761,6.262968395014161e-06,0.0001924574705012761,embedding_pca
esmc_PC1172,0.00018736220386624994,1.1525580634822744e-05,0.00018736220386624994,embedding_pca
esmc_PC1173,0.00019283321670102006,1.2193517920409313e-05,0.00019283321670102006,embedding_pca
esmc_PC1174,0.00018984033109045858,5.554870859823278e-06,0.00018984033109045858,embedding_pca
esmc_PC1175,0.0001911223171463988,7.470596812617706e-06,0.0001911223171463988,embedding_pca
esmc_PC1176,0.00018489267116535369,1.1063874004920434e-05,0.00018489267116535369,embedding_pca
esmc_PC1177,0.0001905314808718292,1.3058956858168633e-05,0.0001905314808718292,embedding_pca
esmc_PC1178,0.00019292935425244633,5.798996663970792e-06,0.00019292935425244633,embedding_pca
esmc_PC1179,0.00018887919629001043,4.912100284453288e-06,0.00018887919629001043,embedding_pca
esmc_PC1180,0.00020535986928277094,1.3833601516319133e-05,0.00020535986928277094,embedding_pca
esmc_PC1181,0.00019095014790166285,1.1960675333950761e-05,0.00019095014790166285,embedding_pca
esmc_PC1182,0.00019035558000803668,9.305075461891837e-06,0.00019035558000803668,embedding_pca
esmc_PC1183,0.00019465233806194486,6.421043436866865e-06,0.00019465233806194486,embedding_pca
esmc_PC1184,0.00019597654720287537,7.163647857470227e-06,0.00019597654720287537,embedding_pca
esmc_PC1185,0.00019647504787117517,5.779524470237588e-06,0.00019647504787117517,embedding_pca
esmc_PC1186,0.00018798903438876376,5.766013798017478e-06,0.00018798903438876376,embedding_pca
esmc_PC1187,0.00018295260173174178,1.9373863840921052e-05,0.00018295260173174178,embedding_pca
esmc_PC1188,0.0001933164358080822,9.963983761764155e-06,0.0001933164358080822,embedding_pca
esmc_PC1189,0.00019291217611447793,1.0909405095883936e-05,0.00019291217611447793,embedding_pca
esmc_PC1190,0.00019262364051596677,5.787834046493068e-06,0.00019262364051596677,embedding_pca
esmc_PC1191,0.00019218099503043526,1.7078930756940448e-05,0.00019218099503043526,embedding_pca
esmc_PC1192,0.0001928674895635074,9.473130283384533e-06,0.0001928674895635074,embedding_pca
esmc_PC1193,0.0001841291829022079,1.064295111198566e-05,0.0001841291829022079,embedding_pca
esmc_PC1194,0.00019443915101178893,9.576088153920296e-06,0.00019443915101178893,embedding_pca
esmc_PC1195,0.00018760458778289507,4.387552349892977e-06,0.00018760458778289507,embedding_pca
esmc_PC1196,0.00019656968245896207,1.6332526328715087e-05,0.00019656968245896207,embedding_pca
esmc_PC1197,0.0001905707733289042,8.187028665981806e-06,0.0001905707733289042,embedding_pca
esmc_PC1198,0.0002021249496919566,1.3592612928457271e-05,0.0002021249496919566,embedding_pca
esmc_PC1199,0.00019238913053664516,8.212285003631323e-06,0.00019238913053664516,embedding_pca
esmc_PC1200,0.0001958655683173726,7.756891986317286e-06,0.0001958655683173726,embedding_pca
esmc_PC1201,0.00019177389963558918,5.49523568636775e-06,0.00019177389963558918,embedding_pca
esmc_PC1202,0.00018407554110407159,1.00729890734677e-05,0.00018407554110407159,embedding_pca
esmc_PC1203,0.00018611844093396846,1.3770727782403214e-05,0.00018611844093396846,embedding_pca
esmc_PC1204,0.0001864304761818369,7.741540868259618e-06,0.0001864304761818369,embedding_pca
esmc_PC1205,0.0001958257615687129,5.450095371080183e-06,0.0001958257615687129,embedding_pca
esmc_PC1206,0.00019673687550498484,8.411202915148532e-06,0.00019673687550498484,embedding_pca
esmc_PC1207,0.00019685781796200172,4.1322536340053265e-06,0.00019685781796200172,embedding_pca
esmc_PC1208,0.00019206538338181162,1.5558669373645612e-05,0.00019206538338181162,embedding_pca
esmc_PC1209,0.00018857563846839552,1.0820151025478195e-05,0.00018857563846839552,embedding_pca
esmc_PC1210,0.00018861483108723352,5.956884772843819e-06,0.00018861483108723352,embedding_pca
esmc_PC1211,0.00019118958723763924,8.542741971312548e-06,0.00019118958723763924,embedding_pca
esmc_PC1212,0.00018622345541472151,6.761670547146576e-06,0.00018622345541472151,embedding_pca
esmc_PC1213,0.00019283008759675112,1.4491355349397047e-05,0.00019283008759675112,embedding_pca
esmc_PC1214,0.00019148477869513207,9.344357387369499e-06,0.00019148477869513207,embedding_pca
esmc_PC1215,0.0001886429864811292,7.062280723555868e-06,0.0001886429864811292,embedding_pca
esmc_PC1216,0.0001946299929969492,9.095813176615449e-06,0.0001946299929969492,embedding_pca
esmc_PC1217,0.00019330414423696964,1.3822971318568636e-05,0.00019330414423696964,embedding_pca
esmc_PC1218,0.00019997797064050826,1.3356821542025454e-05,0.00019997797064050826,embedding_pca
esmc_PC1219,0.00019422063601659222,5.518926430995856e-06,0.00019422063601659222,embedding_pca
esmc_PC1220,0.00019228252874589226,1.1378152767887074e-05,0.00019228252874589226,embedding_pca
esmc_PC1221,0.00019919144374926431,1.0291422916091763e-05,0.00019919144374926431,embedding_pca
esmc_PC1222,0.00018882757531171968,5.0237326774493625e-06,0.00018882757531171968,embedding_pca
esmc_PC1223,0.00018727201391535993,5.777423153371524e-06,0.00018727201391535993,embedding_pca
esmc_PC1224,0.00020172166650597273,7.5831980337636566e-06,0.00020172166650597273,embedding_pca
esmc_PC1225,0.00019495858509144438,1.1954252253760273e-05,0.00019495858509144438,embedding_pca
esmc_PC1226,0.00018992899778050466,1.0973923456870435e-05,0.00018992899778050466,embedding_pca
esmc_PC1227,0.00019575608012224128,5.903130690162858e-06,0.00019575608012224128,embedding_pca
esmc_PC1228,0.0001916432323548242,4.97899678252339e-06,0.0001916432323548242,embedding_pca
esmc_PC1229,0.00018850073904239496,7.391977113258662e-06,0.00018850073904239496,embedding_pca
esmc_PC1230,0.00019345967793423012,6.252226796114769e-06,0.00019345967793423012,embedding_pca
esmc_PC1231,0.00019424721492484386,1.1435862295131545e-05,0.00019424721492484386,embedding_pca
esmc_PC1232,0.00018500624279358256,1.0660791801410557e-05,0.00018500624279358256,embedding_pca
esmc_PC1233,0.0001838911852512061,7.541673789261463e-06,0.0001838911852512061,embedding_pca
esmc_PC1234,0.00018938833257967335,8.197633622684217e-06,0.00018938833257967335,embedding_pca
esmc_PC1235,0.00019973535251810594,1.0519521701009879e-05,0.00019973535251810594,embedding_pca
esmc_PC1236,0.0001907051339801945,1.0158541042146916e-05,0.0001907051339801945,embedding_pca
esmc_PC1237,0.00018872641904636532,3.0359136268679658e-06,0.00018872641904636532,embedding_pca
esmc_PC1238,0.00018908854174823968,9.312351560484823e-06,0.00018908854174823968,embedding_pca
esmc_PC1239,0.00019003582251894737,9.386329785331267e-06,0.00019003582251894737,embedding_pca
esmc_PC1240,0.0002015379735652125,7.736311976161432e-06,0.0002015379735652125,embedding_pca
esmc_PC1241,0.0001945170325315395,1.1125465932875708e-05,0.0001945170325315395,embedding_pca
esmc_PC1242,0.00019199782252407377,1.040645045293043e-05,0.00019199782252407377,embedding_pca
esmc_PC1243,0.0001944614684247358,6.152930180265391e-06,0.0001944614684247358,embedding_pca
esmc_PC1244,0.00019297286678840713,1.0966516669002532e-05,0.00019297286678840713,embedding_pca
esmc_PC1245,0.00019524219674573154,6.828772609590188e-06,0.00019524219674573154,embedding_pca
esmc_PC1246,0.00018936567235136196,8.43734552939024e-06,0.00018936567235136196,embedding_pca
esmc_PC1247,0.00018603601194135664,4.098811470309283e-06,0.00018603601194135664,embedding_pca
esmc_PC1248,0.00019178757280591691,9.41605698963615e-06,0.00019178757280591691,embedding_pca
esmc_PC1249,0.0001927869975049201,8.360718096787936e-06,0.0001927869975049201,embedding_pca
esmc_PC1250,0.00019489117590472944,1.0949114852669167e-05,0.00019489117590472944,embedding_pca
esmc_PC1251,0.00019075827557836196,9.048198072119052e-06,0.00019075827557836196,embedding_pca
esmc_PC1252,0.0001890843503808687,1.2217947535097385e-05,0.0001890843503808687,embedding_pca
esmc_PC1253,0.00019126997798819646,7.0599310115716785e-06,0.00019126997798819646,embedding_pca
esmc_PC1254,0.00018496038276520066,1.3753285199350768e-05,0.00018496038276520066,embedding_pca
esmc_PC1255,0.0001927427448118819,1.0836100103190903e-05,0.0001927427448118819,embedding_pca
esmc_PC1256,0.000192542542051607,4.26027396628641e-06,0.000192542542051607,embedding_pca
esmc_PC1257,0.00019380734078158776,1.1809270781280443e-05,0.00019380734078158776,embedding_pca
esmc_PC1258,0.0001916055184249392,5.129875823236366e-06,0.0001916055184249392,embedding_pca
esmc_PC1259,0.00018891075422221783,7.994852557234777e-06,0.00018891075422221783,embedding_pca
esmc_PC1260,0.00019379540977305365,1.1722881967922776e-05,0.00019379540977305365,embedding_pca
esmc_PC1261,0.00019739125094546,6.714106829342809e-06,0.00019739125094546,embedding_pca
esmc_PC1262,0.0001905850680884131,8.198784375645771e-06,0.0001905850680884131,embedding_pca
esmc_PC1263,0.00018782677004526506,5.270872019621159e-06,0.00018782677004526506,embedding_pca
esmc_PC1264,0.00019092182526121091,7.066649186227619e-06,0.00019092182526121091,embedding_pca
esmc_PC1265,0.00019501200338088555,7.707373790673033e-06,0.00019501200338088555,embedding_pca
esmc_PC1266,0.00018917624731922062,2.469175302366478e-06,0.00018917624731922062,embedding_pca
esmc_PC1267,0.0001898838471295441,5.4610110052069995e-06,0.0001898838471295441,embedding_pca
esmc_PC1268,0.00019235909123456072,1.147134555604983e-05,0.00019235909123456072,embedding_pca
esmc_PC1269,0.00019344133089611214,5.959511744514625e-06,0.00019344133089611214,embedding_pca
esmc_PC1270,0.00019115519867144194,1.2649151763116373e-05,0.00019115519867144194,embedding_pca
esmc_PC1271,0.00020296377716179964,1.189946236777965e-05,0.00020296377716179964,embedding_pca
esmc_PC1272,0.00019303915491256622,1.1708506334317736e-05,0.00019303915491256622,embedding_pca
esmc_PC1273,0.0001968338201410494,7.167621435034822e-06,0.0001968338201410494,embedding_pca
esmc_PC1274,0.00019666572022500632,1.0583850814528512e-05,0.00019666572022500632,embedding_pca
esmc_PC1275,0.00018932055217250716,8.569375381646879e-06,0.00018932055217250716,embedding_pca
esmc_PC1276,0.00020070215226707975,8.116662131326933e-06,0.00020070215226707975,embedding_pca
esmc_PC1277,0.00018794292467664425,6.056302266995605e-06,0.00018794292467664425,embedding_pca
esmc_PC1278,0.0001902008838554804,6.744288917698219e-06,0.0001902008838554804,embedding_pca
esmc_PC1279,0.00019412145100655383,1.1054640046141849e-05,0.00019412145100655383,embedding_pca
esmc_PC1280,0.00019126031295264363,6.698145227303885e-06,0.00019126031295264363,embedding_pca
esmc_PC1281,0.00018487683735848268,5.656173499156266e-06,0.00018487683735848268,embedding_pca
esmc_PC1282,0.00019283135850722504,5.48712098720797e-06,0.00019283135850722504,embedding_pca
esmc_PC1283,0.00018592855864562021,5.046155850538203e-06,0.00018592855864562021,embedding_pca
esmc_PC1284,0.00019396517010641386,1.4165312505052442e-05,0.00019396517010641386,embedding_pca
esmc_PC1285,0.00019084832843910482,3.3551611715433906e-06,0.00019084832843910482,embedding_pca
esmc_PC1286,0.00019545135122915028,7.1269297906354485e-06,0.00019545135122915028,embedding_pca
esmc_PC1287,0.00018656350088761805,5.0837136996545176e-06,0.00018656350088761805,embedding_pca
esmc_PC1288,0.00019745607812993046,1.012420227383195e-05,0.00019745607812993046,embedding_pca
esmc_PC1289,0.0001890518564150317,8.678087044084233e-06,0.0001890518564150317,embedding_pca
esmc_PC1290,0.0001995907344251104,9.043414030181174e-06,0.0001995907344251104,embedding_pca
esmc_PC1291,0.00019170793800566788,8.763502500256048e-06,0.00019170793800566788,embedding_pca
esmc_PC1292,0.0001869454748380262,8.21687481566859e-06,0.0001869454748380262,embedding_pca
esmc_PC1293,0.00019635531322836872,9.90978845284178e-06,0.00019635531322836872,embedding_pca
esmc_PC1294,0.00019947201120544832,7.522897243183511e-06,0.00019947201120544832,embedding_pca
esmc_PC1295,0.0001909838768645444,9.09207799689351e-06,0.0001909838768645444,embedding_pca
esmc_PC1296,0.00019609871446621868,1.4986087867938405e-05,0.00019609871446621868,embedding_pca
esmc_PC1297,0.00018780227028271663,1.0767332290377074e-05,0.00018780227028271663,embedding_pca
esmc_PC1298,0.0002009561624885563,1.2076899140197383e-05,0.0002009561624885563,embedding_pca
esmc_PC1299,0.00018876323931861554,7.205456136047205e-06,0.00018876323931861554,embedding_pca
esmc_PC1300,0.00019482234301559264,7.506968567071232e-06,0.00019482234301559264,embedding_pca
esmc_PC1301,0.00018639678793278843,8.767482492746727e-06,0.00018639678793278843,embedding_pca
esmc_PC1302,0.00019232051586884667,9.55577965308621e-06,0.00019232051586884667,embedding_pca
esmc_PC1303,0.00019610818738213147,9.311013445371672e-06,0.00019610818738213147,embedding_pca
esmc_PC1304,0.00018607490838405907,9.135173935140847e-06,0.00018607490838405907,embedding_pca
esmc_PC1305,0.00018437892045717976,6.559142945110493e-06,0.00018437892045717976,embedding_pca
esmc_PC1306,0.00019214057233882977,5.102432717358663e-06,0.00019214057233882977,embedding_pca
esmc_PC1307,0.00019400313781803473,9.588337254197883e-06,0.00019400313781803473,embedding_pca
esmc_PC1308,0.0001848840126433195,7.376147524146818e-06,0.0001848840126433195,embedding_pca
esmc_PC1309,0.00018862572304317995,1.4783846885308494e-05,0.00018862572304317995,embedding_pca
esmc_PC1310,0.00018163038358373203,8.012800058401589e-06,0.00018163038358373203,embedding_pca
esmc_PC1311,0.0001972914114430206,6.389276049538476e-06,0.0001972914114430206,embedding_pca
esmc_PC1312,0.00019010895688357615,7.800391784448713e-06,0.00019010895688357615,embedding_pca
esmc_PC1313,0.00019380905441548937,1.065396296621939e-05,0.00019380905441548937,embedding_pca
esmc_PC1314,0.00018275007970565684,7.259526588694533e-06,0.00018275007970565684,embedding_pca
esmc_PC1315,0.00019010991560186304,8.311461736137629e-06,0.00019010991560186304,embedding_pca
esmc_PC1316,0.00018938924319434827,5.668792265000314e-06,0.00018938924319434827,embedding_pca
esmc_PC1317,0.00019842175316706341,1.1003238691956421e-05,0.00019842175316706341,embedding_pca
esmc_PC1318,0.00019133815781583976,6.20999233092554e-06,0.00019133815781583976,embedding_pca
esmc_PC1319,0.00018757763932306172,8.214738583761082e-06,0.00018757763932306172,embedding_pca
esmc_PC1320,0.0001899617332044302,9.9578513799242e-06,0.0001899617332044302,embedding_pca
esmc_PC1321,0.00019458474150151642,1.4808045581328045e-05,0.00019458474150151642,embedding_pca
esmc_PC1322,0.00018372519699027978,1.1063325886724533e-05,0.00018372519699027978,embedding_pca
esmc_PC1323,0.00018917776060868694,6.5280473359124886e-06,0.00018917776060868694,embedding_pca
esmc_PC1324,0.00019335527417699663,1.093112083573409e-05,0.00019335527417699663,embedding_pca
esmc_PC1325,0.00018515441953473942,7.564622585719227e-06,0.00018515441953473942,embedding_pca
esmc_PC1326,0.00019363551393756766,3.0061850801041298e-06,0.00019363551393756766,embedding_pca
esmc_PC1327,0.00018342491239413798,1.243531857253006e-05,0.00018342491239413798,embedding_pca
esmc_PC1328,0.00018967748204600177,9.709832101489601e-06,0.00018967748204600177,embedding_pca
esmc_PC1329,0.00019541142760089915,8.085696299310802e-06,0.00019541142760089915,embedding_pca
esmc_PC1330,0.00017945094398605813,5.785987513093081e-06,0.00017945094398605813,embedding_pca
esmc_PC1331,0.0001865756125254662,9.703993836621237e-06,0.0001865756125254662,embedding_pca
esmc_PC1332,0.00019135431540406037,3.2662512263421444e-06,0.00019135431540406037,embedding_pca
esmc_PC1333,0.00019408250391736537,7.127391923050624e-06,0.00019408250391736537,embedding_pca
esmc_PC1334,0.000190860227332175,6.857355432548234e-06,0.000190860227332175,embedding_pca
esmc_PC1335,0.00019237066613674763,1.9647816914501716e-05,0.00019237066613674763,embedding_pca
esmc_PC1336,0.0001979305740583283,5.085747433689928e-06,0.0001979305740583283,embedding_pca
esmc_PC1337,0.00018560253976795526,8.195209116811985e-06,0.00018560253976795526,embedding_pca
esmc_PC1338,0.00019192342663892315,9.63838648567087e-06,0.00019192342663892315,embedding_pca
esmc_PC1339,0.0001863806042177076,7.1922680388942305e-06,0.0001863806042177076,embedding_pca
esmc_PC1340,0.000194506566228876,1.0588178944305956e-05,0.000194506566228876,embedding_pca
esmc_PC1341,0.00019938746789346446,1.1568118775135638e-05,0.00019938746789346446,embedding_pca
esmc_PC1342,0.0001945236321014852,6.196645509267769e-06,0.0001945236321014852,embedding_pca
esmc_PC1343,0.00019055901219722603,1.4148414544602122e-05,0.00019055901219722603,embedding_pca
esmc_PC1344,0.00019307669627113182,1.3178660508746505e-05,0.00019307669627113182,embedding_pca
esmc_PC1345,0.00018502674310427926,6.9785890217807165e-06,0.00018502674310427926,embedding_pca
esmc_PC1346,0.0001913142066091183,5.851246741584285e-06,0.0001913142066091183,embedding_pca
esmc_PC1347,0.00019337434061821404,8.253590733797139e-06,0.00019337434061821404,embedding_pca
esmc_PC1348,0.00019494231297285467,6.147428805251609e-06,0.00019494231297285467,embedding_pca
esmc_PC1349,0.00018804494917797158,1.0445293103529816e-05,0.00018804494917797158,embedding_pca
esmc_PC1350,0.00019438682843326408,1.3201179354618474e-05,0.00019438682843326408,embedding_pca
esmc_PC1351,0.00019552768839112104,1.107632022858537e-05,0.00019552768839112104,embedding_pca
esmc_PC1352,0.00019097829876002563,5.7854324204611595e-06,0.00019097829876002563,embedding_pca
esmc_PC1353,0.00019027785198122391,1.3361112100818342e-05,0.00019027785198122391,embedding_pca
esmc_PC1354,0.00019259507947667494,4.255453710197415e-06,0.00019259507947667494,embedding_pca
esmc_PC1355,0.0001860294661231865,8.015573657437957e-06,0.0001860294661231865,embedding_pca
esmc_PC1356,0.00019022216292819474,8.89100963492954e-06,0.00019022216292819474,embedding_pca
esmc_PC1357,0.00018651664066202377,5.8590232494465745e-06,0.00018651664066202377,embedding_pca
esmc_PC1358,0.00019960904305065395,1.4107886501055087e-05,0.00019960904305065395,embedding_pca
esmc_PC1359,0.00019400371344550576,1.0256142513360679e-05,0.00019400371344550576,embedding_pca
esmc_PC1360,0.0001938676703577552,6.046721427820159e-06,0.0001938676703577552,embedding_pca
esmc_PC1361,0.00018764698909426157,7.0108329121380755e-06,0.00018764698909426157,embedding_pca
esmc_PC1362,0.00018855193867749084,1.4944843713482217e-05,0.00018855193867749084,embedding_pca
esmc_PC1363,0.0001943557937219539,7.947617051036164e-06,0.0001943557937219539,embedding_pca
esmc_PC1364,0.00019165872297986327,4.788587583772472e-06,0.00019165872297986327,embedding_pca
esmc_PC1365,0.00018372152575058518,1.0410355022000181e-05,0.00018372152575058518,embedding_pca
esmc_PC1366,0.0001909731301628359,1.1158658032768315e-05,0.0001909731301628359,embedding_pca
esmc_PC1367,0.0001819684671345895,7.0541370759781535e-06,0.0001819684671345895,embedding_pca
esmc_PC1368,0.000192344759217753,6.210344759227e-06,0.000192344759217753,embedding_pca
esmc_PC1369,0.00019086732698806743,8.467595555342117e-06,0.00019086732698806743,embedding_pca
esmc_PC1370,0.0001880521538339289,1.3109484855460061e-05,0.0001880521538339289,embedding_pca
esmc_PC1371,0.00019711371086225115,7.5226596516303884e-06,0.00019711371086225115,embedding_pca
esmc_PC1372,0.00019733637121934454,1.1838702828125552e-05,0.00019733637121934454,embedding_pca
esmc_PC1373,0.00019289350687882705,7.286443333338506e-06,0.00019289350687882705,embedding_pca
esmc_PC1374,0.00019644192492395963,1.076827225816855e-05,0.00019644192492395963,embedding_pca
esmc_PC1375,0.00019129190380084543,1.0765634111238644e-05,0.00019129190380084543,embedding_pca
esmc_PC1376,0.00019441125407530834,8.157408086152534e-06,0.00019441125407530834,embedding_pca
esmc_PC1377,0.0001820751308557594,8.659101033176645e-06,0.0001820751308557594,embedding_pca
esmc_PC1378,0.00018859825752979333,3.956581223050808e-06,0.00018859825752979333,embedding_pca
esmc_PC1379,0.0001874327957825363,8.527861738104224e-06,0.0001874327957825363,embedding_pca
esmc_PC1380,0.00018698298644105084,4.78406615085642e-06,0.00018698298644105084,embedding_pca
esmc_PC1381,0.00018976305967086156,1.1540625513287784e-05,0.00018976305967086156,embedding_pca
esmc_PC1382,0.00018415511108867128,7.022007841582117e-06,0.00018415511108867128,embedding_pca
esmc_PC1383,0.00019066183323863617,9.85116049506995e-06,0.00019066183323863617,embedding_pca
esmc_PC1384,0.00019055493790240343,4.087431003537703e-06,0.00019055493790240343,embedding_pca
esmc_PC1385,0.0001895793098237897,8.704632796228852e-06,0.0001895793098237897,embedding_pca
esmc_PC1386,0.00019041908644477665,6.873053594763583e-06,0.00019041908644477665,embedding_pca
esmc_PC1387,0.00018262520988774857,8.992793327991202e-06,0.00018262520988774857,embedding_pca
esmc_PC1388,0.00018181128275347814,3.6474063845765667e-06,0.00018181128275347814,embedding_pca
esmc_PC1389,0.00019167737410007393,8.817295293557748e-06,0.00019167737410007393,embedding_pca
esmc_PC1390,0.0001948571955380791,9.487191001658846e-06,0.0001948571955380791,embedding_pca
esmc_PC1391,0.00019296354872792246,5.899385277507363e-06,0.00019296354872792246,embedding_pca
esmc_PC1392,0.0001877943622923439,8.361512762389491e-06,0.0001877943622923439,embedding_pca
esmc_PC1393,0.0001892948860267013,1.3394797469996896e-05,0.0001892948860267013,embedding_pca
esmc_PC1394,0.00018838941060622403,9.980300197197644e-06,0.00018838941060622403,embedding_pca
esmc_PC1395,0.0001883329422985219,1.1282379392164625e-05,0.0001883329422985219,embedding_pca
esmc_PC1396,0.00019308320838231014,1.150913100040569e-05,0.00019308320838231014,embedding_pca
esmc_PC1397,0.00019289859085360435,7.977592116634978e-06,0.00019289859085360435,embedding_pca
esmc_PC1398,0.00019377013642831999,5.706288337161909e-06,0.00019377013642831999,embedding_pca
esmc_PC1399,0.0001933671759175955,9.447654088292458e-06,0.0001933671759175955,embedding_pca
esmc_PC1400,0.00019320604749494279,8.035383888465631e-06,0.00019320604749494279,embedding_pca
esmc_PC1401,0.000193429302210747,1.3664142522290187e-05,0.000193429302210747,embedding_pca
esmc_PC1402,0.00018774863136620355,5.6112265955152635e-06,0.00018774863136620355,embedding_pca
esmc_PC1403,0.0001835825706909229,1.0767557941784229e-05,0.0001835825706909229,embedding_pca
esmc_PC1404,0.0001944546187184796,3.984048303362374e-06,0.0001944546187184796,embedding_pca
esmc_PC1405,0.00018877547312809854,5.4364507029497845e-06,0.00018877547312809854,embedding_pca
esmc_PC1406,0.0001913765302311193,2.726955634977788e-06,0.0001913765302311193,embedding_pca
esmc_PC1407,0.00018397824155819636,7.384178292840736e-06,0.00018397824155819636,embedding_pca
esmc_PC1408,0.00018700543498004693,9.231381407800503e-06,0.00018700543498004693,embedding_pca
esmc_PC1409,0.00019105414747390583,9.816686625670553e-06,0.00019105414747390583,embedding_pca
esmc_PC1410,0.00018659270131173781,7.434894318255046e-06,0.00018659270131173781,embedding_pca
esmc_PC1411,0.00019090123793518744,8.597114969881572e-06,0.00019090123793518744,embedding_pca
esmc_PC1412,0.00019483246808424398,4.513081350207151e-06,0.00019483246808424398,embedding_pca
esmc_PC1413,0.000187232662490579,3.4891842722283225e-06,0.000187232662490579,embedding_pca
esmc_PC1414,0.00019360179991721675,9.270706086483787e-06,0.00019360179991721675,embedding_pca
esmc_PC1415,0.00019882509264974505,6.699455623979392e-06,0.00019882509264974505,embedding_pca
esmc_PC1416,0.0001844151256137134,4.939488828686578e-06,0.0001844151256137134,embedding_pca
esmc_PC1417,0.00017918010964150787,8.877822412714625e-06,0.00017918010964150787,embedding_pca
esmc_PC1418,0.00020259690110979237,1.0216055264935693e-05,0.00020259690110979237,embedding_pca
esmc_PC1419,0.0001933741809151532,1.2544658894103487e-05,0.0001933741809151532,embedding_pca
esmc_PC1420,0.00018483433562667444,3.401735611311627e-06,0.00018483433562667444,embedding_pca
esmc_PC1421,0.00020252489544039294,1.101053720443122e-05,0.00020252489544039294,embedding_pca
esmc_PC1422,0.00018579789416569526,1.1100598757580784e-05,0.00018579789416569526,embedding_pca
esmc_PC1423,0.0001855872050616668,8.54836794378351e-06,0.0001855872050616668,embedding_pca
esmc_PC1424,0.00018727809936741933,1.0957522714395255e-05,0.00018727809936741933,embedding_pca
esmc_PC1425,0.0001885162335100372,1.0145894725409998e-05,0.0001885162335100372,embedding_pca
esmc_PC1426,0.0001838774203108992,7.548070775929714e-06,0.0001838774203108992,embedding_pca
esmc_PC1427,0.00018634327737850921,1.0600303395244788e-05,0.00018634327737850921,embedding_pca
esmc_PC1428,0.00019539927756639675,8.719244322559862e-06,0.00019539927756639675,embedding_pca
esmc_PC1429,0.0001905441370394085,6.057073942393911e-06,0.0001905441370394085,embedding_pca
esmc_PC1430,0.0001978373072487228,9.498646573105508e-06,0.0001978373072487228,embedding_pca
esmc_PC1431,0.00018249418758588026,4.062123802369341e-06,0.00018249418758588026,embedding_pca
esmc_PC1432,0.00019709140728135094,1.0584859867147019e-05,0.00019709140728135094,embedding_pca
esmc_PC1433,0.00019354269501276126,8.16919236890002e-06,0.00019354269501276126,embedding_pca
esmc_PC1434,0.0001923645439379777,6.9835038568431634e-06,0.0001923645439379777,embedding_pca
esmc_PC1435,0.00019284908959546252,1.372065513216118e-05,0.00019284908959546252,embedding_pca
esmc_PC1436,0.00019215449068864888,9.955889018563893e-06,0.00019215449068864888,embedding_pca
esmc_PC1437,0.0001987760744558892,8.197656997610527e-06,0.0001987760744558892,embedding_pca
esmc_PC1438,0.00018795337901278842,8.547266039847778e-06,0.00018795337901278842,embedding_pca
esmc_PC1439,0.0001834627337971459,6.905634380626779e-06,0.0001834627337971459,embedding_pca
esmc_PC1440,0.0002025784622886129,8.293438832551006e-06,0.0002025784622886129,embedding_pca
esmc_PC1441,0.00018902368370989712,6.534750307168997e-06,0.00018902368370989712,embedding_pca
esmc_PC1442,0.00018518401163482382,9.459732802370104e-06,0.00018518401163482382,embedding_pca
esmc_PC1443,0.00019431351506044017,5.034742401021115e-06,0.00019431351506044017,embedding_pca
esmc_PC1444,0.00019355370755014023,3.878527556836949e-06,0.00019355370755014023,embedding_pca
esmc_PC1445,0.00018093356686182182,6.338066879492384e-06,0.00018093356686182182,embedding_pca
esmc_PC1446,0.00018293361205651027,9.593955017851899e-06,0.00018293361205651027,embedding_pca
esmc_PC1447,0.00019109057616199077,1.3344125489192942e-05,0.00019109057616199077,embedding_pca
esmc_PC1448,0.00018499653356161743,8.275724558522865e-06,0.00018499653356161743,embedding_pca
esmc_PC1449,0.0001912567941064372,3.8272695648713766e-06,0.0001912567941064372,embedding_pca
esmc_PC1450,0.0001858860324213221,9.65649377357748e-06,0.0001858860324213221,embedding_pca
esmc_PC1451,0.00018909052471294746,1.0486124456275124e-05,0.00018909052471294746,embedding_pca
esmc_PC1452,0.00019257813496195578,6.8196426051894594e-06,0.00019257813496195578,embedding_pca
esmc_PC1453,0.00019136250547598324,5.713377492851381e-06,0.00019136250547598324,embedding_pca
esmc_PC1454,0.00019144999576102312,1.2214711759395361e-05,0.00019144999576102312,embedding_pca
esmc_PC1455,0.0001916617769217572,9.15962182076332e-06,0.0001916617769217572,embedding_pca
esmc_PC1456,0.0001867485983174552,6.271777002840833e-06,0.0001867485983174552,embedding_pca
esmc_PC1457,0.00018545453965435155,8.525626425149934e-06,0.00018545453965435155,embedding_pca
esmc_PC1458,0.00019225100381408056,5.706000013528122e-06,0.00019225100381408056,embedding_pca
esmc_PC1459,0.00019397425721701648,7.913960864729402e-06,0.00019397425721701648,embedding_pca
esmc_PC1460,0.00019799464598312255,1.2517309670984263e-05,0.00019799464598312255,embedding_pca
esmc_PC1461,0.00019099023299593568,7.02432336900723e-06,0.00019099023299593568,embedding_pca
esmc_PC1462,0.0001925709845349531,3.3529231470975345e-06,0.0001925709845349531,embedding_pca
esmc_PC1463,0.000190570469905809,5.898919815539297e-06,0.000190570469905809,embedding_pca
esmc_PC1464,0.00018765645470624322,4.454374305752237e-06,0.00018765645470624322,embedding_pca
esmc_PC1465,0.00018757898844942738,9.019268427325006e-06,0.00018757898844942738,embedding_pca
esmc_PC1466,0.0001839658319113702,8.339101524574554e-06,0.0001839658319113702,embedding_pca
esmc_PC1467,0.00018651714865361183,6.3793717305912654e-06,0.00018651714865361183,embedding_pca
esmc_PC1468,0.0001908761531661906,8.042395675159289e-06,0.0001908761531661906,embedding_pca
esmc_PC1469,0.00018834416090003165,6.581403228587698e-06,0.00018834416090003165,embedding_pca
esmc_PC1470,0.00018577677400222957,8.698519046480896e-06,0.00018577677400222957,embedding_pca
esmc_PC1471,0.00019503956915508885,5.34832101042611e-06,0.00019503956915508885,embedding_pca
esmc_PC1472,0.0001932928486303238,1.7613607470343097e-05,0.0001932928486303238,embedding_pca
esmc_PC1473,0.000193138626939339,8.022638462376926e-06,0.000193138626939339,embedding_pca
esmc_PC1474,0.000195691194197914,1.3176468690444242e-05,0.000195691194197914,embedding_pca
esmc_PC1475,0.00019108456576775106,9.871554705689426e-06,0.00019108456576775106,embedding_pca
esmc_PC1476,0.00018733721311105662,7.468363990373714e-06,0.00018733721311105662,embedding_pca
esmc_PC1477,0.00019150033498263925,1.4342275928932725e-05,0.00019150033498263925,embedding_pca
esmc_PC1478,0.00018791990195256183,7.987490318259054e-06,0.00018791990195256183,embedding_pca
esmc_PC1479,0.00019164063662710924,8.635545094142302e-06,0.00019164063662710924,embedding_pca
esmc_PC1480,0.00019108838662558562,9.067157993724953e-06,0.00019108838662558562,embedding_pca
esmc_PC1481,0.00018654240697671206,1.026859751047471e-05,0.00018654240697671206,embedding_pca
esmc_PC1482,0.00019127611704502744,5.567258600850418e-06,0.00019127611704502744,embedding_pca
esmc_PC1483,0.0001909911330980834,5.526377005626709e-06,0.0001909911330980834,embedding_pca
esmc_PC1484,0.00018964759931020203,7.670425485461322e-06,0.00018964759931020203,embedding_pca
esmc_PC1485,0.00019034701091468685,1.0292929365829558e-05,0.00019034701091468685,embedding_pca
esmc_PC1486,0.00019946266785147326,9.340181973911114e-06,0.00019946266785147326,embedding_pca
esmc_PC1487,0.00018518077589920037,1.2466940977323755e-05,0.00018518077589920037,embedding_pca
esmc_PC1488,0.00019042847473343602,2.45529413398589e-06,0.00019042847473343602,embedding_pca
esmc_PC1489,0.00019233092288644337,6.884996282521234e-06,0.00019233092288644337,embedding_pca
esmc_PC1490,0.00018876440815840937,4.594698078355651e-06,0.00018876440815840937,embedding_pca
esmc_PC1491,0.0001876141052197503,1.0996853077750484e-05,0.0001876141052197503,embedding_pca
esmc_PC1492,0.00018351999414096946,8.873621261322448e-06,0.00018351999414096946,embedding_pca
esmc_PC1493,0.0001844950602576829,2.3877504856281906e-06,0.0001844950602576829,embedding_pca
esmc_PC1494,0.00019353231810451308,1.1186680745859691e-05,0.00019353231810451308,embedding_pca
esmc_PC1495,0.0001929080615093442,1.2582800668838117e-05,0.0001929080615093442,embedding_pca
esmc_PC1496,0.00018690952977603274,7.043665276927541e-06,0.00018690952977603274,embedding_pca
esmc_PC1497,0.00018833985036921093,9.849234685102369e-06,0.00018833985036921093,embedding_pca
esmc_PC1498,0.00019009910831610418,8.53687386519785e-06,0.00019009910831610418,embedding_pca
esmc_PC1499,0.0001972804612759841,5.939393725044414e-06,0.0001972804612759841,embedding_pca
esmc_PC1500,0.00019630522152572333,1.1191824566929002e-05,0.00019630522152572333,embedding_pca
esmc_PC1501,0.0001928994727399605,8.144953004819947e-06,0.0001928994727399605,embedding_pca
esmc_PC1502,0.00019553689563579036,1.217614611686539e-05,0.00019553689563579036,embedding_pca
esmc_PC1503,0.00018710830879450032,3.920545150127995e-06,0.00018710830879450032,embedding_pca
esmc_PC1504,0.0001896153415570813,5.8774258829173845e-06,0.0001896153415570813,embedding_pca
esmc_PC1505,0.0001839535593829864,1.0741297929757478e-05,0.0001839535593829864,embedding_pca
esmc_PC1506,0.00019542295759032813,1.3621862568518018e-05,0.00019542295759032813,embedding_pca
esmc_PC1507,0.00018428686931480398,1.1281996102395836e-05,0.00018428686931480398,embedding_pca
esmc_PC1508,0.000194115014602635,1.295047059876162e-05,0.000194115014602635,embedding_pca
esmc_PC1509,0.00018488654688569037,1.1171731829957888e-05,0.00018488654688569037,embedding_pca
esmc_PC1510,0.00019743280259546106,6.227672030744563e-06,0.00019743280259546106,embedding_pca
esmc_PC1511,0.00019254121415104917,4.081633947225598e-06,0.00019254121415104917,embedding_pca
esmc_PC1512,0.00018604452264250632,9.955702714361991e-06,0.00018604452264250632,embedding_pca
esmc_PC1513,0.00018662303930566318,1.4547785293237604e-05,0.00018662303930566318,embedding_pca
esmc_PC1514,0.00018634230387391538,9.171452198847377e-06,0.00018634230387391538,embedding_pca
esmc_PC1515,0.00019410801847105072,1.0782731493355752e-05,0.00019410801847105072,embedding_pca
esmc_PC1516,0.00018096427029093607,5.063260053915946e-06,0.00018096427029093607,embedding_pca
esmc_PC1517,0.0001966241103690309,7.486712108426456e-06,0.0001966241103690309,embedding_pca
esmc_PC1518,0.00018754010706711864,8.613907341445245e-06,0.00018754010706711864,embedding_pca
esmc_PC1519,0.00019902673264384337,5.795013630599539e-06,0.00019902673264384337,embedding_pca
esmc_PC1520,0.0001829342618852523,1.1843291714397463e-05,0.0001829342618852523,embedding_pca
esmc_PC1521,0.00019114427788112048,6.291466517964753e-06,0.00019114427788112048,embedding_pca
esmc_PC1522,0.00019112230426538118,1.2869862807698173e-05,0.00019112230426538118,embedding_pca
esmc_PC1523,0.00020118651906458657,5.76448089527506e-06,0.00020118651906458657,embedding_pca
esmc_PC1524,0.0001981221024330478,1.792089184307291e-05,0.0001981221024330478,embedding_pca
esmc_PC1525,0.00018690429901910884,1.0466828580913028e-05,0.00018690429901910884,embedding_pca
esmc_PC1526,0.0001913021351790722,5.090154021852675e-06,0.0001913021351790722,embedding_pca
esmc_PC1527,0.00019333570516794773,1.0466008713978835e-05,0.00019333570516794773,embedding_pca
esmc_PC1528,0.00018950738969135959,6.780501089633097e-06,0.00018950738969135959,embedding_pca
esmc_PC1529,0.00018480443946783747,4.571768227450647e-06,0.00018480443946783747,embedding_pca
esmc_PC1530,0.0001863189795221737,6.769321754904705e-06,0.0001863189795221737,embedding_pca
esmc_PC1531,0.00018868313814147342,7.873247309016597e-06,0.00018868313814147342,embedding_pca
esmc_PC1532,0.00018996456607548573,4.827677131551958e-06,0.00018996456607548573,embedding_pca
esmc_PC1533,0.00019628552996475154,5.991715063650351e-06,0.00019628552996475154,embedding_pca
esmc_PC1534,0.0001886906070710754,6.830717453045923e-06,0.0001886906070710754,embedding_pca
esmc_PC1535,0.0001846275837433592,5.236717629003484e-06,0.0001846275837433592,embedding_pca
esmc_PC1536,0.00019069904343754985,3.0736571670396306e-06,0.00019069904343754985,embedding_pca
esmc_PC1537,0.00018941705666541836,5.9735664380669735e-06,0.00018941705666541836,embedding_pca
esmc_PC1538,0.00018738228838375081,9.232229875624733e-06,0.00018738228838375081,embedding_pca
esmc_PC1539,0.0001897680761178785,1.1053365047766479e-05,0.0001897680761178785,embedding_pca
esmc_PC1540,0.00018995937960903075,9.586533683890958e-06,0.00018995937960903075,embedding_pca
esmc_PC1541,0.00018601905919788484,5.575470658708441e-06,0.00018601905919788484,embedding_pca
esmc_PC1542,0.0001844558721664177,6.832372619304263e-06,0.0001844558721664177,embedding_pca
esmc_PC1543,0.00018559631442253383,8.892509822853658e-06,0.00018559631442253383,embedding_pca
esmc_PC1544,0.00018731291529385663,9.2491552577579e-06,0.00018731291529385663,embedding_pca
esmc_PC1545,0.0001822754535236527,1.3204510185853045e-05,0.0001822754535236527,embedding_pca
esmc_PC1546,0.0001903269335871897,4.917050520478143e-06,0.0001903269335871897,embedding_pca
esmc_PC1547,0.0001878263659114731,5.216813356900352e-06,0.0001878263659114731,embedding_pca
esmc_PC1548,0.0001880051466508808,4.6966649433641385e-06,0.0001880051466508808,embedding_pca
esmc_PC1549,0.0001941504816734904,6.185335780358475e-06,0.0001941504816734904,embedding_pca
esmc_PC1550,0.00018841415460765378,7.702093392734847e-06,0.00018841415460765378,embedding_pca
esmc_PC1551,0.00019609926156865433,1.672990844514549e-05,0.00019609926156865433,embedding_pca
esmc_PC1552,0.00019617798581754407,8.876100093923182e-06,0.00019617798581754407,embedding_pca
esmc_PC1553,0.0001894637475798653,1.2580316867244172e-05,0.0001894637475798653,embedding_pca
esmc_PC1554,0.00018479050934681684,5.2890840649362235e-06,0.00018479050934681684,embedding_pca
esmc_PC1555,0.00018657494939870042,6.942804898100308e-06,0.00018657494939870042,embedding_pca
esmc_PC1556,0.00018571075787404207,8.976733769145281e-06,0.00018571075787404207,embedding_pca
esmc_PC1557,0.00018880321632455086,7.024878718519197e-06,0.00018880321632455086,embedding_pca
esmc_PC1558,0.0001890824135335185,8.211760214100336e-06,0.0001890824135335185,embedding_pca
esmc_PC1559,0.00019125455894865583,2.830554278510003e-06,0.00019125455894865583,embedding_pca
esmc_PC1560,0.00019724779309784513,7.790912974197302e-06,0.00019724779309784513,embedding_pca
esmc_PC1561,0.00019755423566669047,7.346456182270485e-06,0.00019755423566669047,embedding_pca
esmc_PC1562,0.0001871969577702702,1.4624876850338103e-05,0.0001871969577702702,embedding_pca
esmc_PC1563,0.00018899883189610138,7.811118058211622e-06,0.00018899883189610138,embedding_pca
esmc_PC1564,0.00019138670900884064,8.134990573521963e-06,0.00019138670900884064,embedding_pca
esmc_PC1565,0.0001865487922619776,8.187777498252163e-06,0.0001865487922619776,embedding_pca
esmc_PC1566,0.00018821959527262616,1.9045951049175422e-05,0.00018821959527262616,embedding_pca
esmc_PC1567,0.00019245861531941348,1.2440458395261085e-05,0.00019245861531941348,embedding_pca
esmc_PC1568,0.0002035679552051567,9.550658527180138e-06,0.0002035679552051567,embedding_pca
esmc_PC1569,0.00019022340456304097,1.0418637854093782e-05,0.00019022340456304097,embedding_pca
esmc_PC1570,0.00018793227262155416,8.265270705184373e-06,0.00018793227262155416,embedding_pca
esmc_PC1571,0.00019562229951626471,6.317972933834823e-06,0.00019562229951626471,embedding_pca
esmc_PC1572,0.00018758300396827147,1.0517991550691847e-05,0.00018758300396827147,embedding_pca
esmc_PC1573,0.0001886279907601309,3.0558798448633154e-06,0.0001886279907601309,embedding_pca
esmc_PC1574,0.0001887088625201906,9.65047643221848e-06,0.0001887088625201906,embedding_pca
esmc_PC1575,0.00018540418049718818,7.699618304083611e-06,0.00018540418049718818,embedding_pca
esmc_PC1576,0.00018790411825350946,8.035691262840727e-06,0.00018790411825350946,embedding_pca
esmc_PC1577,0.00018975038932172623,8.934499000156363e-06,0.00018975038932172623,embedding_pca
esmc_PC1578,0.00019549313024484595,1.1870866810942502e-05,0.00019549313024484595,embedding_pca
esmc_PC1579,0.00019002818608865928,9.058779935272838e-06,0.00019002818608865928,embedding_pca
esmc_PC1580,0.00018785583159083995,6.299100021718128e-06,0.00018785583159083995,embedding_pca
esmc_PC1581,0.00018940858398826095,8.073465847390704e-06,0.00018940858398826095,embedding_pca
esmc_PC1582,0.00019212579151061922,8.453571780248352e-06,0.00019212579151061922,embedding_pca
esmc_PC1583,0.00018469118466904656,6.3923921322120266e-06,0.00018469118466904656,embedding_pca
esmc_PC1584,0.00019119022010383944,1.2128819055775892e-05,0.00019119022010383944,embedding_pca
esmc_PC1585,0.00019251977298693647,5.360646560064979e-06,0.00019251977298693647,embedding_pca
esmc_PC1586,0.00019268296011778352,5.387792241971764e-06,0.00019268296011778352,embedding_pca
esmc_PC1587,0.00018863285121480057,5.980677729613124e-06,0.00018863285121480057,embedding_pca
esmc_PC1588,0.00019161539808199945,6.469914263758485e-06,0.00019161539808199945,embedding_pca
esmc_PC1589,0.000185679177901849,5.534116630589879e-06,0.000185679177901849,embedding_pca
esmc_PC1590,0.00019108089979090237,3.5300237860520952e-06,0.00019108089979090237,embedding_pca
esmc_PC1591,0.0001947833520652712,4.37121848900907e-06,0.0001947833520652712,embedding_pca
esmc_PC1592,0.00018716903674103727,1.0748360805360411e-05,0.00018716903674103727,embedding_pca
esmc_PC1593,0.00018707230909429154,5.9807950660738664e-06,0.00018707230909429154,embedding_pca
esmc_PC1594,0.00018520623838604025,1.3478353899299926e-05,0.00018520623838604025,embedding_pca
esmc_PC1595,0.000193207070685805,5.877316799462713e-06,0.000193207070685805,embedding_pca
esmc_PC1596,0.00019340007893130082,9.744804230829776e-06,0.00019340007893130082,embedding_pca
esmc_PC1597,0.00018444123644173385,1.2304974899001783e-05,0.00018444123644173385,embedding_pca
esmc_PC1598,0.0001850210746114588,5.251442279343403e-06,0.0001850210746114588,embedding_pca
esmc_PC1599,0.00019438608946785856,8.13506631823064e-06,0.00019438608946785856,embedding_pca
esmc_PC1600,0.00019041406904359172,1.1633901266583911e-05,0.00019041406904359172,embedding_pca
esmc_PC1601,0.00018289725077549386,6.03368545857277e-06,0.00018289725077549386,embedding_pca
esmc_PC1602,0.00018722347098969511,7.2942847486189455e-06,0.00018722347098969511,embedding_pca
esmc_PC1603,0.00019541968424144265,1.0752439531680623e-05,0.00019541968424144265,embedding_pca
esmc_PC1604,0.00019086696126940363,5.704790949153735e-06,0.00019086696126940363,embedding_pca
esmc_PC1605,0.00019192466820067665,1.2293133036378269e-05,0.00019192466820067665,embedding_pca
esmc_PC1606,0.00018861608448893975,9.229460852908184e-06,0.00018861608448893975,embedding_pca
esmc_PC1607,0.00019661320562132948,5.565348919502953e-06,0.00019661320562132948,embedding_pca
esmc_PC1608,0.00019040111050473116,1.206223328322607e-05,0.00019040111050473116,embedding_pca
esmc_PC1609,0.0001885610919000812,6.074952697174601e-06,0.0001885610919000812,embedding_pca
esmc_PC1610,0.00019237640281788605,4.68816161974449e-06,0.00019237640281788605,embedding_pca
esmc_PC1611,0.0001936261031944664,9.471529173599259e-06,0.0001936261031944664,embedding_pca
esmc_PC1612,0.00019911589360500082,1.1230242582212643e-05,0.00019911589360500082,embedding_pca
esmc_PC1613,0.00018408407792166667,7.683128829908822e-06,0.00018408407792166667,embedding_pca
esmc_PC1614,0.00018871649456780008,1.5971406462539418e-05,0.00018871649456780008,embedding_pca
esmc_PC1615,0.00019556430967281822,8.427722976930894e-06,0.00019556430967281822,embedding_pca
esmc_PC1616,0.00019546180893878054,1.1883489454408086e-05,0.00019546180893878054,embedding_pca
esmc_PC1617,0.0001881610750343854,5.652280018829008e-06,0.0001881610750343854,embedding_pca
esmc_PC1618,0.00019572832628291341,7.61450538598725e-06,0.00019572832628291341,embedding_pca
esmc_PC1619,0.00019968887532577484,6.4622896835448394e-06,0.00019968887532577484,embedding_pca
esmc_PC1620,0.00019608718666595652,1.1397386851802815e-05,0.00019608718666595652,embedding_pca
esmc_PC1621,0.00018697786767621024,9.576063327644296e-06,0.00018697786767621024,embedding_pca
esmc_PC1622,0.00018944772379239912,7.264073812897001e-06,0.00018944772379239912,embedding_pca
esmc_PC1623,0.0001839542062262817,5.801821903347499e-06,0.0001839542062262817,embedding_pca
esmc_PC1624,0.000185402062118782,8.84048604337755e-06,0.000185402062118782,embedding_pca
esmc_PC1625,0.00018384061611242112,7.36734393249242e-06,0.00018384061611242112,embedding_pca
esmc_PC1626,0.00018947186389717382,8.831239924571725e-06,0.00018947186389717382,embedding_pca
esmc_PC1627,0.00019385322101580357,1.0275009319412015e-05,0.00019385322101580357,embedding_pca
esmc_PC1628,0.0001898341007529045,7.928395142876885e-06,0.0001898341007529045,embedding_pca
esmc_PC1629,0.00019882868213621417,5.645704491520187e-06,0.00019882868213621417,embedding_pca
esmc_PC1630,0.00018821028291497662,5.79478863120091e-06,0.00018821028291497662,embedding_pca
esmc_PC1631,0.00018880337352559351,9.383371757625285e-06,0.00018880337352559351,embedding_pca
esmc_PC1632,0.00019261407885131293,1.588614398177257e-05,0.00019261407885131293,embedding_pca
esmc_PC1633,0.0001989579710009233,9.33736348800568e-06,0.0001989579710009233,embedding_pca
esmc_PC1634,0.0001951668627481606,5.51460507019795e-06,0.0001951668627481606,embedding_pca
esmc_PC1635,0.000188576786462582,5.462050156476338e-06,0.000188576786462582,embedding_pca
esmc_PC1636,0.00019284436854406792,8.194508168407664e-06,0.00019284436854406792,embedding_pca
esmc_PC1637,0.0001856698476814242,1.1786299651701219e-05,0.0001856698476814242,embedding_pca
esmc_PC1638,0.0001830346777998098,9.875478731668024e-06,0.0001830346777998098,embedding_pca
esmc_PC1639,0.00019019905517341385,1.2919012574644753e-05,0.00019019905517341385,embedding_pca
esmc_PC1640,0.00019008404259914164,7.4436429736072965e-06,0.00019008404259914164,embedding_pca
esmc_PC1641,0.0001910482882891789,1.1171675756165516e-05,0.0001910482882891789,embedding_pca
esmc_PC1642,0.00019680367958047236,1.2452711224556165e-05,0.00019680367958047236,embedding_pca
esmc_PC1643,0.00018397576135246812,5.640008580833621e-06,0.00018397576135246812,embedding_pca
esmc_PC1644,0.00019182875639185064,4.438287259048312e-06,0.00019182875639185064,embedding_pca
esmc_PC1645,0.0001823151372649352,1.3538364442649517e-05,0.0001823151372649352,embedding_pca
esmc_PC1646,0.00019526159505502358,8.496162269571872e-06,0.00019526159505502358,embedding_pca
esmc_PC1647,0.00019663053122188716,4.579053024260215e-06,0.00019663053122188716,embedding_pca
esmc_PC1648,0.0001963982348055674,9.637413713110522e-06,0.0001963982348055674,embedding_pca
esmc_PC1649,0.00018369374027227698,6.547644049820482e-06,0.00018369374027227698,embedding_pca
esmc_PC1650,0.0001870505262724282,6.927824984055089e-06,0.0001870505262724282,embedding_pca
esmc_PC1651,0.00019485150142659142,9.23854515525506e-06,0.00019485150142659142,embedding_pca
esmc_PC1652,0.0001955158646966246,1.2426658829247442e-05,0.0001955158646966246,embedding_pca
esmc_PC1653,0.00018874177493424836,1.140831535983944e-05,0.00018874177493424836,embedding_pca
esmc_PC1654,0.00018701938321439787,5.9165790192190694e-06,0.00018701938321439787,embedding_pca
esmc_PC1655,0.00018973010713788753,1.3558472222534713e-05,0.00018973010713788753,embedding_pca
esmc_PC1656,0.0001895305989573799,1.1450839233139094e-05,0.0001895305989573799,embedding_pca
esmc_PC1657,0.00018175476833300557,5.4818860276670285e-06,0.00018175476833300557,embedding_pca
esmc_PC1658,0.00018821463365960956,5.48328656568799e-06,0.00018821463365960956,embedding_pca
esmc_PC1659,0.00018898681458010824,1.1704736557001334e-05,0.00018898681458010824,embedding_pca
esmc_PC1660,0.00019684811382619287,9.68408688972339e-06,0.00019684811382619287,embedding_pca
esmc_PC1661,0.0001974865876199698,4.087669390840887e-06,0.0001974865876199698,embedding_pca
esmc_PC1662,0.0001890077308336693,6.5059360737686135e-06,0.0001890077308336693,embedding_pca
esmc_PC1663,0.00019110637090739006,9.841838530042009e-06,0.00019110637090739006,embedding_pca
esmc_PC1664,0.00018716693229275334,6.675067328048995e-06,0.00018716693229275334,embedding_pca
esmc_PC1665,0.00018832835477029648,6.110025851387398e-06,0.00018832835477029648,embedding_pca
esmc_PC1666,0.00018771970816229588,6.1663300491385456e-06,0.00018771970816229588,embedding_pca
esmc_PC1667,0.00019308764643546618,1.3698646184377433e-05,0.00019308764643546618,embedding_pca
esmc_PC1668,0.0001868048680778702,6.940613581578057e-06,0.0001868048680778702,embedding_pca
esmc_PC1669,0.0001983692553600298,7.539122184523197e-06,0.0001983692553600298,embedding_pca
esmc_PC1670,0.00018387821812781047,7.116389274393599e-06,0.00018387821812781047,embedding_pca
esmc_PC1671,0.00018375356114632986,6.931415660010647e-06,0.00018375356114632986,embedding_pca
esmc_PC1672,0.00018945949751119983,6.107333455264884e-06,0.00018945949751119983,embedding_pca
esmc_PC1673,0.00019162717533487828,1.2461693633689558e-05,0.00019162717533487828,embedding_pca
esmc_PC1674,0.00018334971981616904,4.4488615882933596e-06,0.00018334971981616904,embedding_pca
esmc_PC1675,0.0001845697265962046,4.452440659772767e-06,0.0001845697265962046,embedding_pca
esmc_PC1676,0.00019410668789256562,1.2019523269493795e-05,0.00019410668789256562,embedding_pca
esmc_PC1677,0.00018814654343525403,4.730934644654231e-06,0.00018814654343525403,embedding_pca
esmc_PC1678,0.00019161000005594637,6.366488167276978e-06,0.00019161000005594637,embedding_pca
esmc_PC1679,0.00018684550684308613,7.598412742372289e-06,0.00018684550684308613,embedding_pca
esmc_PC1680,0.00019422545030636554,1.1479521912497046e-05,0.00019422545030636554,embedding_pca
esmc_PC1681,0.00018683779984467178,1.4419107435502215e-05,0.00018683779984467178,embedding_pca
esmc_PC1682,0.00018073897912877223,5.452435623032214e-06,0.00018073897912877223,embedding_pca
esmc_PC1683,0.00018625373304097384,6.971815321476167e-06,0.00018625373304097384,embedding_pca
esmc_PC1684,0.00018455845807726335,5.820108976508421e-06,0.00018455845807726335,embedding_pca
esmc_PC1685,0.0001814369481264706,6.13673759236481e-06,0.0001814369481264706,embedding_pca
esmc_PC1686,0.00019251129637740458,6.487461235234729e-06,0.00019251129637740458,embedding_pca
esmc_PC1687,0.00019670801200179236,8.215990474237769e-06,0.00019670801200179236,embedding_pca
esmc_PC1688,0.00019323165911464484,5.021979491366949e-06,0.00019323165911464484,embedding_pca
esmc_PC1689,0.00019085376842378228,2.8414999341751416e-06,0.00019085376842378228,embedding_pca
esmc_PC1690,0.00019337688622283447,6.872529236402715e-06,0.00019337688622283447,embedding_pca
esmc_PC1691,0.0001923046682606718,7.283537874228783e-06,0.0001923046682606718,embedding_pca
esmc_PC1692,0.00019541189297612744,4.939824527582114e-06,0.00019541189297612744,embedding_pca
esmc_PC1693,0.0001892375633210595,4.4511410251986145e-06,0.0001892375633210595,embedding_pca
esmc_PC1694,0.00018267603250346994,1.8100825160527458e-05,0.00018267603250346994,embedding_pca
esmc_PC1695,0.00019436063556753586,9.297505038751922e-06,0.00019436063556753586,embedding_pca
esmc_PC1696,0.00018488466691074789,8.891575700449164e-06,0.00018488466691074789,embedding_pca
esmc_PC1697,0.00018903162751540895,1.8170950864710836e-05,0.00018903162751540895,embedding_pca
esmc_PC1698,0.00019419756690222857,8.433442962724762e-06,0.00019419756690222857,embedding_pca
esmc_PC1699,0.00018436013928346606,9.574798432893897e-06,0.00018436013928346606,embedding_pca
esmc_PC1700,0.00019156133640112186,5.154955210058386e-06,0.00019156133640112186,embedding_pca
esmc_PC1701,0.0001930541257683703,4.727151181087364e-06,0.0001930541257683703,embedding_pca
esmc_PC1702,0.0001900436537138123,1.0387235518941913e-05,0.0001900436537138123,embedding_pca
esmc_PC1703,0.00018931245004792885,7.34328128705693e-06,0.00018931245004792885,embedding_pca
esmc_PC1704,0.00018627643729951667,5.782784116080228e-06,0.00018627643729951667,embedding_pca
esmc_PC1705,0.00017980933100169208,1.2984396824736795e-05,0.00017980933100169208,embedding_pca
esmc_PC1706,0.00019745262213968382,5.054794717519852e-06,0.00019745262213968382,embedding_pca
esmc_PC1707,0.00018983743966115627,4.840583580674771e-06,0.00018983743966115627,embedding_pca
esmc_PC1708,0.00018636001994100569,6.676291663059161e-06,0.00018636001994100569,embedding_pca
esmc_PC1709,0.0001917000962887529,7.873982624147102e-06,0.0001917000962887529,embedding_pca
esmc_PC1710,0.0001963340341741355,8.90348429436811e-06,0.0001963340341741355,embedding_pca
esmc_PC1711,0.0001899098718353918,8.032385778835909e-06,0.0001899098718353918,embedding_pca
esmc_PC1712,0.0001931144992853581,9.396906551218282e-06,0.0001931144992853581,embedding_pca
esmc_PC1713,0.00018667339272808995,1.1348508373561232e-05,0.00018667339272808995,embedding_pca
esmc_PC1714,0.0001929196052621912,1.465048453138727e-05,0.0001929196052621912,embedding_pca
esmc_PC1715,0.0001873787447258174,1.3209974776957692e-05,0.0001873787447258174,embedding_pca
esmc_PC1716,0.0001874693176497815,9.272588889395164e-06,0.0001874693176497815,embedding_pca
esmc_PC1717,0.00019602288117387734,6.957043370618137e-06,0.00019602288117387734,embedding_pca
esmc_PC1718,0.00019341600739737776,4.701888233462629e-06,0.00019341600739737776,embedding_pca
esmc_PC1719,0.0001903769703573046,7.353996367602949e-06,0.0001903769703573046,embedding_pca
esmc_PC1720,0.00019451146009497736,1.2557571670973324e-05,0.00019451146009497736,embedding_pca
esmc_PC1721,0.00018957797182098717,9.12435715107764e-06,0.00018957797182098717,embedding_pca
esmc_PC1722,0.00018272292001268587,1.213856482500806e-05,0.00018272292001268587,embedding_pca
esmc_PC1723,0.00020460597738738845,1.2186444852136803e-05,0.00020460597738738845,embedding_pca
esmc_PC1724,0.00019518202676486877,6.400634311221644e-06,0.00019518202676486877,embedding_pca
esmc_PC1725,0.00018603936233871354,9.080589960710423e-06,0.00018603936233871354,embedding_pca
esmc_PC1726,0.00019404733478122957,6.786447381836248e-06,0.00019404733478122957,embedding_pca
esmc_PC1727,0.0001896811106108827,5.5870414272624e-06,0.0001896811106108827,embedding_pca
esmc_PC1728,0.00019324324762750645,5.9278029700042925e-06,0.00019324324762750645,embedding_pca
esmc_PC1729,0.00019565781015810617,5.188422765696427e-06,0.00019565781015810617,embedding_pca
esmc_PC1730,0.0001881443813127661,8.835878288964271e-06,0.0001881443813127661,embedding_pca
esmc_PC1731,0.00019191743846589844,7.340943110523664e-06,0.00019191743846589844,embedding_pca
esmc_PC1732,0.00018243324288902264,8.386414285403086e-06,0.00018243324288902264,embedding_pca
esmc_PC1733,0.00018860749349523554,3.862884385216455e-06,0.00018860749349523554,embedding_pca
esmc_PC1734,0.00020041108497614028,9.484355750422596e-06,0.00020041108497614028,embedding_pca
esmc_PC1735,0.0001914522808754649,1.1823378922901115e-05,0.0001914522808754649,embedding_pca
esmc_PC1736,0.00018159175736973219,1.0316112888969429e-05,0.00018159175736973219,embedding_pca
esmc_PC1737,0.00019009167326234104,5.3609800647606454e-06,0.00019009167326234104,embedding_pca
esmc_PC1738,0.0001857420567409422,1.1422742747204412e-05,0.0001857420567409422,embedding_pca
esmc_PC1739,0.00019404591904762536,1.1681368086012588e-05,0.00019404591904762536,embedding_pca
esmc_PC1740,0.00018877863858087152,5.993298097758894e-06,0.00018877863858087152,embedding_pca
esmc_PC1741,0.00019429822778449672,4.484767038903966e-06,0.00019429822778449672,embedding_pca
esmc_PC1742,0.0001933502742015656,8.569382111731505e-06,0.0001933502742015656,embedding_pca
esmc_PC1743,0.0001935989603235745,6.437572809346071e-06,0.0001935989603235745,embedding_pca
esmc_PC1744,0.0001888370160402207,1.1808271884843106e-05,0.0001888370160402207,embedding_pca
esmc_PC1745,0.0001829412436539641,2.7375061884634596e-06,0.0001829412436539641,embedding_pca
esmc_PC1746,0.00019179212902762665,4.807493765046001e-06,0.00019179212902762665,embedding_pca
esmc_PC1747,0.00019158011485751513,8.182575108990242e-06,0.00019158011485751513,embedding_pca
esmc_PC1748,0.0001925161270886096,4.432632767052299e-06,0.0001925161270886096,embedding_pca
esmc_PC1749,0.00018789471458019997,4.212885533428439e-06,0.00018789471458019997,embedding_pca
esmc_PC1750,0.00018828501712744562,8.303276276213031e-06,0.00018828501712744562,embedding_pca
esmc_PC1751,0.00018373451433123538,4.28641213081524e-06,0.00018373451433123538,embedding_pca
esmc_PC1752,0.00018916084394758614,4.81947460487744e-06,0.00018916084394758614,embedding_pca
esmc_PC1753,0.00018239822938484292,6.129878424879631e-06,0.00018239822938484292,embedding_pca
esmc_PC1754,0.00019163661719748598,5.6607659955909805e-06,0.00019163661719748598,embedding_pca
esmc_PC1755,0.00019580717445497764,5.7940143380452985e-06,0.00019580717445497764,embedding_pca
esmc_PC1756,0.00020231238569566658,7.430362760165862e-06,0.00020231238569566658,embedding_pca
esmc_PC1757,0.0001916445031694209,5.522020990603463e-06,0.0001916445031694209,embedding_pca
esmc_PC1758,0.00019189896642413475,1.0809083471847789e-05,0.00019189896642413475,embedding_pca
esmc_PC1759,0.00018918003935666517,1.4246597735248586e-05,0.00018918003935666517,embedding_pca
esmc_PC1760,0.00017690108400672059,7.82026445571977e-06,0.00017690108400672059,embedding_pca
esmc_PC1761,0.000184369137479381,7.29669669840999e-06,0.000184369137479381,embedding_pca
esmc_PC1762,0.00019101447158525537,8.949608147344607e-06,0.00019101447158525537,embedding_pca
esmc_PC1763,0.0001886029556259608,1.139071869249035e-05,0.0001886029556259608,embedding_pca
esmc_PC1764,0.00019225089550138866,5.224972540059748e-06,0.00019225089550138866,embedding_pca
esmc_PC1765,0.00019089407480933548,9.538478511082208e-06,0.00019089407480933548,embedding_pca
esmc_PC1766,0.0001899508192585159,6.624133257947662e-06,0.0001899508192585159,embedding_pca
esmc_PC1767,0.00019367897714334895,6.7357282330453145e-06,0.00019367897714334895,embedding_pca
esmc_PC1768,0.00019029627423214622,8.335891642113497e-06,0.00019029627423214622,embedding_pca
esmc_PC1769,0.00019243964173338624,5.476995616979464e-06,0.00019243964173338624,embedding_pca
esmc_PC1770,0.00019988531997907057,5.330169356985096e-06,0.00019988531997907057,embedding_pca
esmc_PC1771,0.00018759314540358157,7.682946913061159e-06,0.00018759314540358157,embedding_pca
esmc_PC1772,0.00018542686245816495,9.315878360231606e-06,0.00018542686245816495,embedding_pca
esmc_PC1773,0.00018711872522071156,1.0816492234066918e-05,0.00018711872522071156,embedding_pca
esmc_PC1774,0.00019289782155568533,1.0619626008939417e-05,0.00019289782155568533,embedding_pca
esmc_PC1775,0.0001866098776523304,8.64225301554034e-06,0.0001866098776523304,embedding_pca
esmc_PC1776,0.00019127272907774087,7.2333557991723605e-06,0.00019127272907774087,embedding_pca
esmc_PC1777,0.0001878438583826053,6.186638528247112e-06,0.0001878438583826053,embedding_pca
esmc_PC1778,0.00018833589273692855,7.372989776475298e-06,0.00018833589273692855,embedding_pca
esmc_PC1779,0.00019127052942498083,5.7915075356656225e-06,0.00019127052942498083,embedding_pca
esmc_PC1780,0.00019079346878852658,6.205289173785912e-06,0.00019079346878852658,embedding_pca
esmc_PC1781,0.00019498341742679755,1.0295776974655063e-05,0.00019498341742679755,embedding_pca
esmc_PC1782,0.00019421077825726188,4.243403724113969e-06,0.00019421077825726188,embedding_pca
esmc_PC1783,0.00018574868903862565,1.0594598665924408e-05,0.00018574868903862565,embedding_pca
esmc_PC1784,0.00019840717911219686,1.2624465818762662e-05,0.00019840717911219686,embedding_pca
esmc_PC1785,0.00018528850766608013,5.186683393985171e-06,0.00018528850766608013,embedding_pca
esmc_PC1786,0.00019514626745476162,6.534469954023443e-06,0.00019514626745476162,embedding_pca
esmc_PC1787,0.0001837051668269656,8.02778145863842e-06,0.0001837051668269656,embedding_pca
esmc_PC1788,0.00019658905678421996,1.1966599544709272e-05,0.00019658905678421996,embedding_pca
esmc_PC1789,0.0001882914190634088,1.02774245623971e-05,0.0001882914190634088,embedding_pca
esmc_PC1790,0.0001868005561375608,5.545431239767851e-06,0.0001868005561375608,embedding_pca
esmc_PC1791,0.00018766793032293677,1.683180206591568e-05,0.00018766793032293677,embedding_pca
esmc_PC1792,0.0001824176471227845,6.7334293957172495e-06,0.0001824176471227845,embedding_pca
esmc_PC1793,0.00019146103308283273,6.4695890621317435e-06,0.00019146103308283273,embedding_pca
esmc_PC1794,0.0002021568414364949,8.325781476678091e-06,0.0002021568414364949,embedding_pca
esmc_PC1795,0.00019165693588616106,4.505645038920811e-06,0.00019165693588616106,embedding_pca
esmc_PC1796,0.00019630849405344254,5.012843538582279e-06,0.00019630849405344254,embedding_pca
esmc_PC1797,0.00018886333511442297,6.643566958830168e-06,0.00018886333511442297,embedding_pca
esmc_PC1798,0.00019202795345611159,5.1315390021127915e-06,0.00019202795345611159,embedding_pca
esmc_PC1799,0.00019004734155119848,2.5658073860037665e-05,0.00019004734155119848,embedding_pca
esmc_PC1800,0.0001903302105046209,7.909801198031705e-06,0.0001903302105046209,embedding_pca
esmc_PC1801,0.00019339746003335174,8.868510010687481e-06,0.00019339746003335174,embedding_pca
esmc_PC1802,0.00019422849031011348,1.2486155982508907e-05,0.00019422849031011348,embedding_pca
esmc_PC1803,0.00018241723786968465,4.99468404494117e-06,0.00018241723786968465,embedding_pca
esmc_PC1804,0.0001843841200149502,8.212430510189465e-06,0.0001843841200149502,embedding_pca
esmc_PC1805,0.0001949779645991039,1.1224525933327635e-05,0.0001949779645991039,embedding_pca
esmc_PC1806,0.0001947978609601033,7.834213119528212e-06,0.0001947978609601033,embedding_pca
esmc_PC1807,0.0001892857061419009,1.2027951413773613e-05,0.0001892857061419009,embedding_pca
esmc_PC1808,0.00017829365101647236,6.74349639364508e-06,0.00017829365101647236,embedding_pca
esmc_PC1809,0.0001859245621003185,1.4394289096616158e-05,0.0001859245621003185,embedding_pca
esmc_PC1810,0.00017655443221496208,4.517256716741364e-06,0.00017655443221496208,embedding_pca
esmc_PC1811,0.00019080385151198147,1.1628138913416536e-05,0.00019080385151198147,embedding_pca
esmc_PC1812,0.00019187458900370006,9.78087712615126e-06,0.00019187458900370006,embedding_pca
esmc_PC1813,0.0001935206883733872,6.230233834153077e-06,0.0001935206883733872,embedding_pca
esmc_PC1814,0.0001892562926640553,1.1047000750637538e-05,0.0001892562926640553,embedding_pca
esmc_PC1815,0.00017911734702357233,8.795106695154657e-06,0.00017911734702357233,embedding_pca
esmc_PC1816,0.00018694201002425495,6.460753984979339e-06,0.00018694201002425495,embedding_pca
esmc_PC1817,0.00018440505563892392,5.550274913823764e-06,0.00018440505563892392,embedding_pca
esmc_PC1818,0.0001882583148165916,1.0620294302045086e-05,0.0001882583148165916,embedding_pca
esmc_PC1819,0.00018733075486614093,8.483947270166544e-06,0.00018733075486614093,embedding_pca
esmc_PC1820,0.00018690814403504898,7.375558098136931e-06,0.00018690814403504898,embedding_pca
esmc_PC1821,0.0001944482476789224,1.2236344100401492e-05,0.0001944482476789224,embedding_pca
esmc_PC1822,0.0001886563710326697,7.202729797043992e-06,0.0001886563710326697,embedding_pca
esmc_PC1823,0.00019097532081117986,1.0045297989807767e-05,0.00019097532081117986,embedding_pca
esmc_PC1824,0.00019439018971767363,1.2080197184759553e-05,0.00019439018971767363,embedding_pca
esmc_PC1825,0.00019035429619992673,6.541588573193651e-06,0.00019035429619992673,embedding_pca
esmc_PC1826,0.00018752771249842126,6.5217724306116485e-06,0.00018752771249842126,embedding_pca
esmc_PC1827,0.00019551105140371816,8.001300696863514e-06,0.00019551105140371816,embedding_pca
esmc_PC1828,0.0001885783584735828,6.790206310165303e-06,0.0001885783584735828,embedding_pca
esmc_PC1829,0.00019165168880044006,1.0407653213537028e-05,0.00019165168880044006,embedding_pca
esmc_PC1830,0.00018418747152063825,7.960808224211687e-06,0.00018418747152063825,embedding_pca
esmc_PC1831,0.00019698514436367024,5.921105476350969e-06,0.00019698514436367024,embedding_pca
esmc_PC1832,0.00018630940797362646,1.072145659018962e-05,0.00018630940797362646,embedding_pca
esmc_PC1833,0.00018996036941363372,6.3737548796257195e-06,0.00018996036941363372,embedding_pca
esmc_PC1834,0.0001984420304070343,1.2172829256518055e-05,0.0001984420304070343,embedding_pca
esmc_PC1835,0.0001814082700727413,6.0594594855129204e-06,0.0001814082700727413,embedding_pca
esmc_PC1836,0.0001929247050370643,9.917856851168662e-06,0.0001929247050370643,embedding_pca
esmc_PC1837,0.00019825424015318323,1.546940145350486e-05,0.00019825424015318323,embedding_pca
esmc_PC1838,0.00018521820264185286,9.207200456628859e-06,0.00018521820264185286,embedding_pca
esmc_PC1839,0.00019934411426586357,7.4692619728685445e-06,0.00019934411426586357,embedding_pca
esmc_PC1840,0.00018914259679092717,1.2594397000806378e-05,0.00018914259679092717,embedding_pca
esmc_PC1841,0.00018471913092262625,8.789811104973434e-06,0.00018471913092262625,embedding_pca
esmc_PC1842,0.00018558565869625747,6.952613485265705e-06,0.00018558565869625747,embedding_pca
esmc_PC1843,0.00019853584634379025,1.188298311579802e-05,0.00019853584634379025,embedding_pca
esmc_PC1844,0.00018831269993348904,8.902156515876391e-06,0.00018831269993348904,embedding_pca
esmc_PC1845,0.00019374847808789085,4.967724583555691e-06,0.00019374847808789085,embedding_pca
esmc_PC1846,0.00019079819219501798,9.547896899252643e-06,0.00019079819219501798,embedding_pca
esmc_PC1847,0.00018557446857479562,8.72976302017479e-06,0.00018557446857479562,embedding_pca
esmc_PC1848,0.00019435827750977872,6.895725065629262e-06,0.00019435827750977872,embedding_pca
esmc_PC1849,0.00017915057897840303,9.28025708897716e-06,0.00017915057897840303,embedding_pca
esmc_PC1850,0.00019324523848423663,8.089400449016476e-06,0.00019324523848423663,embedding_pca
esmc_PC1851,0.00019393877134670276,1.1221155449488857e-05,0.00019393877134670276,embedding_pca
esmc_PC1852,0.0001886055654189777,6.974940263443881e-06,0.0001886055654189777,embedding_pca
esmc_PC1853,0.00018745649939088066,1.2845710504244736e-05,0.00018745649939088066,embedding_pca
esmc_PC1854,0.00018226631567678668,7.164618212659835e-06,0.00018226631567678668,embedding_pca
esmc_PC1855,0.00018575129916282925,7.930461516584386e-06,0.00018575129916282925,embedding_pca
esmc_PC1856,0.0001943119004677547,8.455826985103945e-06,0.0001943119004677547,embedding_pca
esmc_PC1857,0.00018618724401273418,4.113265827397535e-06,0.00018618724401273418,embedding_pca
esmc_PC1858,0.00019433370069941194,7.79434446508121e-06,0.00019433370069941194,embedding_pca
esmc_PC1859,0.00018742380706802982,9.034201990743554e-06,0.00018742380706802982,embedding_pca
esmc_PC1860,0.00018298849380208305,9.741459593266309e-06,0.00018298849380208305,embedding_pca
esmc_PC1861,0.00020117869228209573,1.1340278478554196e-05,0.00020117869228209573,embedding_pca
esmc_PC1862,0.00018935652605171289,7.049348972419025e-06,0.00018935652605171289,embedding_pca
esmc_PC1863,0.00018984931678553795,3.0056988014797566e-06,0.00018984931678553795,embedding_pca
esmc_PC1864,0.00018678094658813036,2.2049456224323124e-06,0.00018678094658813036,embedding_pca
esmc_PC1865,0.00019655000077708202,1.2602179062897565e-05,0.00019655000077708202,embedding_pca
esmc_PC1866,0.00019579255302315423,7.81188398660855e-06,0.00019579255302315423,embedding_pca
esmc_PC1867,0.00018636935451950927,6.559115778839507e-06,0.00018636935451950927,embedding_pca
esmc_PC1868,0.00018797379077811134,9.177112951266172e-06,0.00018797379077811134,embedding_pca
esmc_PC1869,0.0001879320622004628,6.067202722784503e-06,0.0001879320622004628,embedding_pca
esmc_PC1870,0.00018786668427297,1.3659471681249361e-05,0.00018786668427297,embedding_pca
esmc_PC1871,0.00019189988231995574,1.2551873567650753e-05,0.00019189988231995574,embedding_pca
esmc_PC1872,0.00018880037633452868,1.0990539773476956e-05,0.00018880037633452868,embedding_pca
esmc_PC1873,0.00019148688317676793,6.158489017875114e-06,0.00019148688317676793,embedding_pca
esmc_PC1874,0.0001823260483937732,1.0916013728450358e-05,0.0001823260483937732,embedding_pca
esmc_PC1875,0.00019219967055924265,7.196067124342039e-06,0.00019219967055924265,embedding_pca
esmc_PC1876,0.00018852484161684948,8.800268807322767e-06,0.00018852484161684948,embedding_pca
esmc_PC1877,0.0001944836385778096,1.140076689228712e-05,0.0001944836385778096,embedding_pca
esmc_PC1878,0.00018234804393796935,5.989002179002179e-06,0.00018234804393796935,embedding_pca
esmc_PC1879,0.0001855716227805591,2.9707759035110158e-06,0.0001855716227805591,embedding_pca
esmc_PC1880,0.0001879401557240617,1.5128651795306499e-05,0.0001879401557240617,embedding_pca
esmc_PC1881,0.00019365131692160314,9.139883770567047e-06,0.00019365131692160314,embedding_pca
esmc_PC1882,0.0001957905513607494,8.871699632760465e-06,0.0001957905513607494,embedding_pca
esmc_PC1883,0.0001921263628110714,1.3910660326940824e-06,0.0001921263628110714,embedding_pca
esmc_PC1884,0.00018798684270359637,8.937694786748445e-06,0.00018798684270359637,embedding_pca
esmc_PC1885,0.00019611146716950746,1.139267769005005e-05,0.00019611146716950746,embedding_pca
esmc_PC1886,0.00019098862583945473,1.0848397864102997e-05,0.00019098862583945473,embedding_pca
esmc_PC1887,0.00018661309561031076,1.2731133730399217e-05,0.00018661309561031076,embedding_pca
esmc_PC1888,0.0001860429606534582,3.186570722895633e-06,0.0001860429606534582,embedding_pca
esmc_PC1889,0.00018901165032164614,1.1297003832029134e-05,0.00018901165032164614,embedding_pca
esmc_PC1890,0.00019204127942606443,6.66066498432521e-06,0.00019204127942606443,embedding_pca
esmc_PC1891,0.0001848703152024862,1.1632370658751276e-05,0.0001848703152024862,embedding_pca
esmc_PC1892,0.00018840160570162724,2.1927100930903893e-06,0.00018840160570162724,embedding_pca
esmc_PC1893,0.0001872436643944369,8.66501163013782e-06,0.0001872436643944369,embedding_pca
esmc_PC1894,0.00018786749933562844,6.939115896924027e-06,0.00018786749933562844,embedding_pca
esmc_PC1895,0.00019514839331170582,1.2696798321705002e-05,0.00019514839331170582,embedding_pca
esmc_PC1896,0.00018878389228392734,8.722002151218338e-06,0.00018878389228392734,embedding_pca
esmc_PC1897,0.00018901812009464305,6.165618115897628e-06,0.00018901812009464305,embedding_pca
esmc_PC1898,0.00018741887060613125,4.752346435921131e-06,0.00018741887060613125,embedding_pca
esmc_PC1899,0.00018864029499253386,8.69540724408026e-06,0.00018864029499253386,embedding_pca
esmc_PC1900,0.0001839201383231229,2.52021540098272e-06,0.0001839201383231229,embedding_pca
esmc_PC1901,0.0001885423975058226,9.52139397937786e-06,0.0001885423975058226,embedding_pca
esmc_PC1902,0.00019950214754423353,8.51597517482359e-06,0.00019950214754423353,embedding_pca
esmc_PC1903,0.00018612515711021499,5.710387822344941e-06,0.00018612515711021499,embedding_pca
esmc_PC1904,0.00019268616806651157,8.71069225784982e-06,0.00019268616806651157,embedding_pca
esmc_PC1905,0.00019903939279653388,1.1343743685528198e-05,0.00019903939279653388,embedding_pca
esmc_PC1906,0.00019274582356493839,9.437894146558862e-06,0.00019274582356493839,embedding_pca
esmc_PC1907,0.00018929815187429668,1.0584814340398451e-05,0.00018929815187429668,embedding_pca
esmc_PC1908,0.00019336053915109883,1.0222869322579733e-05,0.00019336053915109883,embedding_pca
esmc_PC1909,0.0001839924597588214,5.0911126417747775e-06,0.0001839924597588214,embedding_pca
esmc_PC1910,0.00019120189600845347,1.3119923071769922e-05,0.00019120189600845347,embedding_pca
esmc_PC1911,0.00018994327728993709,4.6908697897074934e-06,0.00018994327728993709,embedding_pca
esmc_PC1912,0.0001958075236175128,5.311080897911121e-06,0.0001958075236175128,embedding_pca
esmc_PC1913,0.00018258100321583034,8.039667184794486e-06,0.00018258100321583034,embedding_pca
esmc_PC1914,0.00019460009647400667,7.95179229775966e-06,0.00019460009647400667,embedding_pca
esmc_PC1915,0.00018259101183042739,5.208944007977295e-06,0.00018259101183042739,embedding_pca
esmc_PC1916,0.0001842892438647365,8.658392700395562e-06,0.0001842892438647365,embedding_pca
esmc_PC1917,0.00019531093950470943,4.336708612540674e-06,0.00019531093950470943,embedding_pca
esmc_PC1918,0.00018646898439808417,4.647441752051222e-06,0.00018646898439808417,embedding_pca
esmc_PC1919,0.00018888196380047566,6.667338159002778e-06,0.00018888196380047566,embedding_pca
esmc_PC1920,0.00018282420332533093,4.440370307715435e-06,0.00018282420332533093,embedding_pca
esmc_PC1921,0.00019052876120636986,1.3605952163338522e-05,0.00019052876120636986,embedding_pca
esmc_PC1922,0.00018663866009943354,1.172536114364014e-05,0.00018663866009943354,embedding_pca
esmc_PC1923,0.00018815944533498316,5.262308928600975e-06,0.00018815944533498316,embedding_pca
esmc_PC1924,0.0001940845047455491,1.2321902591752108e-05,0.0001940845047455491,embedding_pca
esmc_PC1925,0.00019773659978758142,9.281622427108127e-06,0.00019773659978758142,embedding_pca
esmc_PC1926,0.00018486525130724952,5.305471355672883e-06,0.00018486525130724952,embedding_pca
esmc_PC1927,0.00019037449586501852,1.6251543382841558e-05,0.00019037449586501852,embedding_pca
esmc_PC1928,0.00019046141829600306,7.285963848352071e-06,0.00019046141829600306,embedding_pca
esmc_PC1929,0.0001940147742216422,1.3536394607162356e-05,0.0001940147742216422,embedding_pca
esmc_PC1930,0.0001774371424730695,6.308754188827021e-06,0.0001774371424730695,embedding_pca
esmc_PC1931,0.0001878908478602474,6.4264799561003174e-06,0.0001878908478602474,embedding_pca
esmc_PC1932,0.00018811962132490726,1.5714667639419812e-05,0.00018811962132490726,embedding_pca
esmc_PC1933,0.0001884046341908206,7.297558880844849e-06,0.0001884046341908206,embedding_pca
esmc_PC1934,0.0001851611402747587,1.4760286131492055e-05,0.0001851611402747587,embedding_pca
esmc_PC1935,0.00019406581238066894,6.1510452925383195e-06,0.00019406581238066894,embedding_pca
esmc_PC1936,0.00019034511310076312,4.879139478076312e-06,0.00019034511310076312,embedding_pca
esmc_PC1937,0.00018926213808346425,1.20707033718267e-05,0.00018926213808346425,embedding_pca
esmc_PC1938,0.00018742343621444606,4.3609646159128156e-06,0.00018742343621444606,embedding_pca
esmc_PC1939,0.00019000472186822992,4.427964782094014e-06,0.00019000472186822992,embedding_pca
esmc_PC1940,0.0001914252353354674,5.0505324865773746e-06,0.0001914252353354674,embedding_pca
esmc_PC1941,0.00019009285898815239,5.053325873951286e-06,0.00019009285898815239,embedding_pca
esmc_PC1942,0.00018669845009917094,6.73410594125635e-06,0.00018669845009917094,embedding_pca
esmc_PC1943,0.00019047783646434135,5.233425363732299e-06,0.00019047783646434135,embedding_pca
esmc_PC1944,0.00018483898711132388,1.2004256307813936e-05,0.00018483898711132388,embedding_pca
esmc_PC1945,0.00018518488304813027,8.704572230325207e-06,0.00018518488304813027,embedding_pca
esmc_PC1946,0.00019431488051021613,7.610293122757535e-06,0.00019431488051021613,embedding_pca
esmc_PC1947,0.0001887219905355546,7.175297653321406e-06,0.0001887219905355546,embedding_pca
esmc_PC1948,0.00018651751070550092,5.015936429553218e-06,0.00018651751070550092,embedding_pca
esmc_PC1949,0.00018768583399396223,4.362587173515269e-06,0.00018768583399396223,embedding_pca
esmc_PC1950,0.00019389054885039707,7.370553556397006e-06,0.00019389054885039707,embedding_pca
esmc_PC1951,0.00018975505632292395,8.417839046989713e-06,0.00018975505632292395,embedding_pca
esmc_PC1952,0.00018890241001251403,1.025417496784271e-05,0.00018890241001251403,embedding_pca
esmc_PC1953,0.0001866177888133887,7.974397196768899e-06,0.0001866177888133887,embedding_pca
esmc_PC1954,0.00018866218291348585,5.853392371050402e-06,0.00018866218291348585,embedding_pca
esmc_PC1955,0.00019007300270206039,3.6393146759139113e-06,0.00019007300270206039,embedding_pca
esmc_PC1956,0.00019051337825843527,1.597357725527823e-05,0.00019051337825843527,embedding_pca
esmc_PC1957,0.00018726099414837744,4.295010622520426e-06,0.00018726099414837744,embedding_pca
esmc_PC1958,0.00019066514231012353,1.1616597496390537e-05,0.00019066514231012353,embedding_pca
esmc_PC1959,0.00018941827294093123,1.0593081923282674e-05,0.00018941827294093123,embedding_pca
esmc_PC1960,0.0001924411276892722,1.1613045539261215e-05,0.0001924411276892722,embedding_pca
esmc_PC1961,0.0001957314351822871,3.771582847268648e-06,0.0001957314351822871,embedding_pca
esmc_PC1962,0.0001810005397683262,1.1815815198382644e-05,0.0001810005397683262,embedding_pca
esmc_PC1963,0.0001836364336244802,7.976212064590566e-06,0.0001836364336244802,embedding_pca
esmc_PC1964,0.00018361388311343032,7.047446132589733e-06,0.00018361388311343032,embedding_pca
esmc_PC1965,0.00018658861546249676,1.0086704832914138e-05,0.00018658861546249676,embedding_pca
esmc_PC1966,0.00019041434517913473,1.1440554686690623e-05,0.00019041434517913473,embedding_pca
esmc_PC1967,0.00018589092305468078,6.65734609817919e-06,0.00018589092305468078,embedding_pca
esmc_PC1968,0.00019102631125243912,1.1127454711643656e-05,0.00019102631125243912,embedding_pca
esmc_PC1969,0.00019224952410181817,7.196437973837051e-06,0.00019224952410181817,embedding_pca
esmc_PC1970,0.0001912718354007298,7.765844683702694e-06,0.0001912718354007298,embedding_pca
esmc_PC1971,0.00019403881132332208,6.87006346186703e-06,0.00019403881132332208,embedding_pca
esmc_PC1972,0.00018623594235135662,5.196225810451545e-06,0.00018623594235135662,embedding_pca
esmc_PC1973,0.00018781508383877008,5.497952888534855e-06,0.00018781508383877008,embedding_pca
esmc_PC1974,0.000189645997384417,1.2811620792633922e-05,0.000189645997384417,embedding_pca
esmc_PC1975,0.00018812873913455732,4.330234303749241e-06,0.00018812873913455732,embedding_pca
esmc_PC1976,0.00018563911385435604,1.0524305994849918e-05,0.00018563911385435604,embedding_pca
esmc_PC1977,0.00019059719495119706,1.182561005821952e-05,0.00019059719495119706,embedding_pca
esmc_PC1978,0.00019341713227408067,1.037653201119424e-05,0.00019341713227408067,embedding_pca
esmc_PC1979,0.0001849539671198959,3.838723069288858e-06,0.0001849539671198959,embedding_pca
esmc_PC1980,0.00020021635768656637,1.0673785733498728e-05,0.00020021635768656637,embedding_pca
esmc_PC1981,0.0001875743604970174,6.9019871747777435e-06,0.0001875743604970174,embedding_pca
esmc_PC1982,0.00018874867271425486,3.4627602577773978e-06,0.00018874867271425486,embedding_pca
esmc_PC1983,0.0001943360593521688,8.330963574576229e-06,0.0001943360593521688,embedding_pca
esmc_PC1984,0.00019093135740794426,6.66293330174729e-06,0.00019093135740794426,embedding_pca
esmc_PC1985,0.00019271969955750868,9.890673784551799e-06,0.00019271969955750868,embedding_pca
esmc_PC1986,0.00018950296932321653,7.137936268262891e-06,0.00018950296932321653,embedding_pca
esmc_PC1987,0.00018880295756390893,7.272519229016e-06,0.00018880295756390893,embedding_pca
esmc_PC1988,0.00019333616209467704,9.104573319005568e-06,0.00019333616209467704,embedding_pca
esmc_PC1989,0.000193432324151313,1.0528849857479458e-05,0.000193432324151313,embedding_pca
esmc_PC1990,0.0001963690371468908,7.1448239653233355e-06,0.0001963690371468908,embedding_pca
esmc_PC1991,0.0001899177143078438,9.110873719216291e-06,0.0001899177143078438,embedding_pca
esmc_PC1992,0.00018286078314636597,5.208235636796118e-06,0.00018286078314636597,embedding_pca
esmc_PC1993,0.0001918338900678003,7.685162737203879e-06,0.0001918338900678003,embedding_pca
esmc_PC1994,0.0001928808223967856,8.287969713797486e-06,0.0001928808223967856,embedding_pca
esmc_PC1995,0.00018596203545161774,6.529038167674507e-06,0.00018596203545161774,embedding_pca
esmc_PC1996,0.0001850000560908728,4.1492801425593e-06,0.0001850000560908728,embedding_pca
esmc_PC1997,0.00018631432780084138,7.776169582762668e-06,0.00018631432780084138,embedding_pca
esmc_PC1998,0.00018653437500038272,4.46562755600314e-06,0.00018653437500038272,embedding_pca
esmc_PC1999,0.0001964229773109767,1.4659488235739211e-05,0.0001964229773109767,embedding_pca
esmc_PC2000,0.00019302376990136156,1.1336720129472358e-05,0.00019302376990136156,embedding_pca
esmc_PC2001,0.0001945215316944676,8.506913441812775e-06,0.0001945215316944676,embedding_pca
esmc_PC2002,0.00018712666738406852,1.6510834955520376e-05,0.00018712666738406852,embedding_pca
esmc_PC2003,0.0001851080099416942,1.5011409148152576e-05,0.0001851080099416942,embedding_pca
esmc_PC2004,0.00018974077331437628,8.267147942558448e-06,0.00018974077331437628,embedding_pca
esmc_PC2005,0.0001924783098838476,8.62973613828628e-06,0.0001924783098838476,embedding_pca
esmc_PC2006,0.00019686026251658045,1.1812830982940295e-05,0.00019686026251658045,embedding_pca
esmc_PC2007,0.00018807875448716656,1.4294075860192482e-05,0.00018807875448716656,embedding_pca
esmc_PC2008,0.00019718795134922496,9.205853130356969e-06,0.00019718795134922496,embedding_pca
esmc_PC2009,0.00018279137335855872,1.0766385348378683e-05,0.00018279137335855872,embedding_pca
esmc_PC2010,0.0002005437488766521,8.843502855670811e-06,0.0002005437488766521,embedding_pca
esmc_PC2011,0.0001890663557556688,7.838744211551766e-06,0.0001890663557556688,embedding_pca
esmc_PC2012,0.00019410318273387165,8.181244203040925e-06,0.00019410318273387165,embedding_pca
esmc_PC2013,0.00018707031484392468,8.12707368155356e-06,0.00018707031484392468,embedding_pca
esmc_PC2014,0.00018446839984723168,9.634242177424549e-06,0.00018446839984723168,embedding_pca
esmc_PC2015,0.00019333490321792865,5.9982679402645716e-06,0.00019333490321792865,embedding_pca
esmc_PC2016,0.00018775047293017135,1.0495301519448302e-05,0.00018775047293017135,embedding_pca
esmc_PC2017,0.00018395202168725136,1.2478313221197338e-05,0.00018395202168725136,embedding_pca
esmc_PC2018,0.0001957679810849911,1.0479303571538757e-05,0.0001957679810849911,embedding_pca
esmc_PC2019,0.00018837906787386294,3.6763064533150533e-06,0.00018837906787386294,embedding_pca
esmc_PC2020,0.00018903952475028818,7.945123660378726e-06,0.00018903952475028818,embedding_pca
esmc_PC2021,0.0001937756470345483,7.811267135354947e-06,0.0001937756470345483,embedding_pca
esmc_PC2022,0.00018181806973116676,6.3029626506075304e-06,0.00018181806973116676,embedding_pca
esmc_PC2023,0.00019517238493907825,1.1091005802305948e-05,0.00019517238493907825,embedding_pca
esmc_PC2024,0.00019174313863467947,4.349232618308534e-06,0.00019174313863467947,embedding_pca
esmc_PC2025,0.00019126163136935206,6.2297088415972125e-06,0.00019126163136935206,embedding_pca
esmc_PC2026,0.00017973565387159585,7.11276406022086e-06,0.00017973565387159585,embedding_pca
esmc_PC2027,0.00018396094285684077,5.7752472972174005e-06,0.00018396094285684077,embedding_pca
esmc_PC2028,0.00018978280328981392,7.747732713153877e-06,0.00018978280328981392,embedding_pca
esmc_PC2029,0.00018216341282307553,7.927090444685353e-06,0.00018216341282307553,embedding_pca
esmc_PC2030,0.00019106518759474895,4.083306545453949e-06,0.00019106518759474895,embedding_pca
esmc_PC2031,0.00018616680452733178,6.7233554075445266e-06,0.00018616680452733178,embedding_pca
esmc_PC2032,0.00018173722710803476,1.0483614836082584e-05,0.00018173722710803476,embedding_pca
esmc_PC2033,0.0001903565501531387,1.1103845965388578e-05,0.0001903565501531387,embedding_pca
esmc_PC2034,0.00019245613412049965,1.1015038572004894e-05,0.00019245613412049965,embedding_pca
esmc_PC2035,0.00019490301124194307,8.774391043804323e-06,0.00019490301124194307,embedding_pca
esmc_PC2036,0.00018931305252784658,8.289579547331047e-06,0.00018931305252784658,embedding_pca
esmc_PC2037,0.0001922929299893604,1.2431470400204457e-05,0.0001922929299893604,embedding_pca
esmc_PC2038,0.00019197940013106665,6.104275727508442e-06,0.00019197940013106665,embedding_pca
esmc_PC2039,0.00017990742699238355,6.508251190161439e-06,0.00017990742699238355,embedding_pca
esmc_PC2040,0.00018904748133865879,7.06522202493007e-06,0.00018904748133865879,embedding_pca
esmc_PC2041,0.00018904709201569,6.336465460828831e-06,0.00018904709201569,embedding_pca
esmc_PC2042,0.00018691055609738414,7.640190490518185e-06,0.00018691055609738414,embedding_pca
esmc_PC2043,0.0001842375538470731,3.9948872844580785e-06,0.0001842375538470731,embedding_pca
esmc_PC2044,0.00018479181196912896,5.9164032672923914e-06,0.00018479181196912896,embedding_pca
esmc_PC2045,0.0001880251528550252,6.592283492578264e-06,0.0001880251528550252,embedding_pca
esmc_PC2046,0.00018905807089826459,2.8677824342975812e-06,0.00018905807089826459,embedding_pca
esmc_PC2047,0.00018413776807927283,9.654846394824038e-06,0.00018413776807927283,embedding_pca
esmc_PC2048,0.00018696216137586058,1.2364925477261498e-05,0.00018696216137586058,embedding_pca
esmc_PC2049,0.0001847813106636303,1.0500189332858029e-05,0.0001847813106636303,embedding_pca
esmc_PC2050,0.00019380461627792632,9.010790245239961e-06,0.00019380461627792632,embedding_pca
esmc_PC2051,0.00019154676765597472,9.475179490475583e-06,0.00019154676765597472,embedding_pca
esmc_PC2052,0.00018919110148648118,1.1572792121074458e-05,0.00018919110148648118,embedding_pca
esmc_PC2053,0.0001851774499272803,4.061725641083002e-06,0.0001851774499272803,embedding_pca
esmc_PC2054,0.00018570752994227763,5.125068175659452e-06,0.00018570752994227763,embedding_pca
esmc_PC2055,0.00018458629881358364,1.1050001611203866e-05,0.00018458629881358364,embedding_pca
esmc_PC2056,0.0001860745086539246,1.364790585152913e-05,0.0001860745086539246,embedding_pca
esmc_PC2057,0.00018392134658279646,4.3407028746029e-06,0.00018392134658279646,embedding_pca
esmc_PC2058,0.00018516558453385672,1.0468528908969519e-05,0.00018516558453385672,embedding_pca
esmc_PC2059,0.00019046351447750217,8.994363778357166e-06,0.00019046351447750217,embedding_pca
esmc_PC2060,0.00019624312210795848,8.11053554236959e-06,0.00019624312210795848,embedding_pca
esmc_PC2061,0.0001899938266821815,1.0519241200743381e-05,0.0001899938266821815,embedding_pca
esmc_PC2062,0.00019446442982373968,4.67679808648238e-06,0.00019446442982373968,embedding_pca
esmc_PC2063,0.00019982074035534335,1.2656883715737402e-05,0.00019982074035534335,embedding_pca
esmc_PC2064,0.00019179599608544023,8.291377479357558e-06,0.00019179599608544023,embedding_pca
esmc_PC2065,0.0001959648895176657,5.26726088071392e-06,0.0001959648895176657,embedding_pca
esmc_PC2066,0.00018989005154639455,1.0393407605962502e-05,0.00018989005154639455,embedding_pca
esmc_PC2067,0.00019663836834171497,6.5871313300303805e-06,0.00019663836834171497,embedding_pca
esmc_PC2068,0.00019874921280388515,3.900430162576446e-06,0.00019874921280388515,embedding_pca
esmc_PC2069,0.00017922173115578563,2.8901244902948337e-06,0.00017922173115578563,embedding_pca
esmc_PC2070,0.00018685632899334532,7.316785974397747e-06,0.00018685632899334532,embedding_pca
esmc_PC2071,0.00019333455153671328,6.4264342448488415e-06,0.00019333455153671328,embedding_pca
esmc_PC2072,0.0001951577490233082,6.299866740128106e-06,0.0001951577490233082,embedding_pca
esmc_PC2073,0.00018280541633413912,8.815733637840571e-06,0.00018280541633413912,embedding_pca
esmc_PC2074,0.00018702164880862244,1.2620223492592567e-05,0.00018702164880862244,embedding_pca
esmc_PC2075,0.00018346673505240265,9.770199106536512e-06,0.00018346673505240265,embedding_pca
esmc_PC2076,0.00018614323872758677,5.905976553645943e-06,0.00018614323872758677,embedding_pca
esmc_PC2077,0.00018459516671704356,9.637880325851064e-06,0.00018459516671704356,embedding_pca
esmc_PC2078,0.00018797710307581,1.3781902567914642e-05,0.00018797710307581,embedding_pca
esmc_PC2079,0.00018492895034727925,6.468839433811362e-06,0.00018492895034727925,embedding_pca
esmc_PC2080,0.00019548730333103915,7.384030354169169e-06,0.00019548730333103915,embedding_pca
esmc_PC2081,0.00018422557184882447,5.46429322623846e-06,0.00018422557184882447,embedding_pca
esmc_PC2082,0.00018128473377253414,1.2729466995348084e-05,0.00018128473377253414,embedding_pca
esmc_PC2083,0.00019199236325965756,1.589570944200983e-05,0.00019199236325965756,embedding_pca
esmc_PC2084,0.00018769620888315695,9.117717770167517e-06,0.00018769620888315695,embedding_pca
esmc_PC2085,0.00018888045400136886,9.776133929269977e-06,0.00018888045400136886,embedding_pca
esmc_PC2086,0.00018828315212028802,1.3326369131984572e-05,0.00018828315212028802,embedding_pca
esmc_PC2087,0.0001982204221976925,6.565810767443883e-06,0.0001982204221976925,embedding_pca
esmc_PC2088,0.00018973696250106106,3.546292414841906e-06,0.00018973696250106106,embedding_pca
esmc_PC2089,0.00018605110379910986,8.797589364711975e-06,0.00018605110379910986,embedding_pca
esmc_PC2090,0.00018971918828987735,1.2613669189993059e-05,0.00018971918828987735,embedding_pca
esmc_PC2091,0.00018833287371311218,1.1111793416038741e-05,0.00018833287371311218,embedding_pca
esmc_PC2092,0.0001918773476568757,4.949063617177106e-06,0.0001918773476568757,embedding_pca
esmc_PC2093,0.00019430304433002937,1.1142475496595056e-05,0.00019430304433002937,embedding_pca
esmc_PC2094,0.00018259941654644613,1.0574635406628664e-05,0.00018259941654644613,embedding_pca
esmc_PC2095,0.00018511712840624454,1.0985925222957887e-05,0.00018511712840624454,embedding_pca
esmc_PC2096,0.00018383587920450052,9.49312692678601e-06,0.00018383587920450052,embedding_pca
esmc_PC2097,0.0001879441414383856,6.2005183264057304e-06,0.0001879441414383856,embedding_pca
esmc_PC2098,0.0001858916720315904,8.575932586466908e-06,0.0001858916720315904,embedding_pca
esmc_PC2099,0.0001943344025419589,4.851594991455533e-06,0.0001943344025419589,embedding_pca
esmc_PC2100,0.00019502387386214097,9.699221322634107e-06,0.00019502387386214097,embedding_pca
esmc_PC2101,0.00019671517356359278,1.0359338097901916e-05,0.00019671517356359278,embedding_pca
esmc_PC2102,0.00018657594364184207,8.966547179754332e-06,0.00018657594364184207,embedding_pca
esmc_PC2103,0.0001954660138601861,1.2569742998000332e-05,0.0001954660138601861,embedding_pca
esmc_PC2104,0.00019441784789874336,4.509853810375769e-06,0.00019441784789874336,embedding_pca
esmc_PC2105,0.00019757464222418123,6.556874308950491e-06,0.00019757464222418123,embedding_pca
esmc_PC2106,0.00019364885589327277,9.095529768478582e-06,0.00019364885589327277,embedding_pca
esmc_PC2107,0.0001865474532116974,9.069984743210744e-06,0.0001865474532116974,embedding_pca
esmc_PC2108,0.00017992283323114768,3.1083984669765103e-06,0.00017992283323114768,embedding_pca
esmc_PC2109,0.00019542804875309237,7.75689762242949e-06,0.00019542804875309237,embedding_pca
esmc_PC2110,0.0001938176814816926,7.126354394596029e-06,0.0001938176814816926,embedding_pca
esmc_PC2111,0.0001939418454192441,1.0195220209553164e-05,0.0001939418454192441,embedding_pca
esmc_PC2112,0.00019005027029400613,7.886377834283917e-06,0.00019005027029400613,embedding_pca
esmc_PC2113,0.00019467608074244197,7.395860924839092e-06,0.00019467608074244197,embedding_pca
esmc_PC2114,0.00019489356623563872,1.3979840718466162e-05,0.00019489356623563872,embedding_pca
esmc_PC2115,0.00018585119554706707,1.264022850684324e-05,0.00018585119554706707,embedding_pca
esmc_PC2116,0.00019472224980571706,1.1998736299737395e-05,0.00019472224980571706,embedding_pca
esmc_PC2117,0.00019034963454013732,8.886361451490538e-06,0.00019034963454013732,embedding_pca
esmc_PC2118,0.00019261495801090105,1.241047512806799e-05,0.00019261495801090105,embedding_pca
esmc_PC2119,0.00018298220615303224,7.343995972668066e-06,0.00018298220615303224,embedding_pca
esmc_PC2120,0.000180640982254636,3.1624413043493883e-06,0.000180640982254636,embedding_pca
esmc_PC2121,0.0001964289444732994,1.1083929003033359e-05,0.0001964289444732994,embedding_pca
esmc_PC2122,0.00019017827232266577,1.0257129152262939e-05,0.00019017827232266577,embedding_pca
esmc_PC2123,0.00019231539780450597,1.1036860114781892e-05,0.00019231539780450597,embedding_pca
esmc_PC2124,0.00018142934112366763,8.936829230434947e-06,0.00018142934112366763,embedding_pca
esmc_PC2125,0.00019820469347953213,1.25382322892536e-05,0.00019820469347953213,embedding_pca
esmc_PC2126,0.00018290296362817555,4.279543309048594e-06,0.00018290296362817555,embedding_pca
esmc_PC2127,0.0001942184754306454,7.64951046698696e-06,0.0001942184754306454,embedding_pca
esmc_PC2128,0.00018457313039791187,7.5072271002632895e-06,0.00018457313039791187,embedding_pca
esmc_PC2129,0.00019273727889180202,1.3300241551567339e-05,0.00019273727889180202,embedding_pca
esmc_PC2130,0.00019110805821507867,5.448642419877681e-06,0.00019110805821507867,embedding_pca
esmc_PC2131,0.00018145307450201948,7.507914862362562e-06,0.00018145307450201948,embedding_pca
esmc_PC2132,0.0001840736097180776,1.3313022378375108e-05,0.0001840736097180776,embedding_pca
esmc_PC2133,0.00019636859392880603,5.9089427127338755e-06,0.00019636859392880603,embedding_pca
esmc_PC2134,0.00019326256472492511,8.378533242926894e-06,0.00019326256472492511,embedding_pca
esmc_PC2135,0.0001843601664367008,7.4135918404124065e-06,0.0001843601664367008,embedding_pca
esmc_PC2136,0.00018753386152950448,5.7741942848941785e-06,0.00018753386152950448,embedding_pca
esmc_PC2137,0.00019305051540742898,1.116884991602144e-05,0.00019305051540742898,embedding_pca
esmc_PC2138,0.0001982396410927237,8.283152432952838e-06,0.0001982396410927237,embedding_pca
esmc_PC2139,0.00018637504728190343,1.3386696783605068e-05,0.00018637504728190343,embedding_pca
esmc_PC2140,0.00018748417520747884,7.369600636852768e-06,0.00018748417520747884,embedding_pca
esmc_PC2141,0.00018847791556485417,5.97373821370896e-06,0.00018847791556485417,embedding_pca
esmc_PC2142,0.00018855581184461066,1.0416164765226866e-05,0.00018855581184461066,embedding_pca
esmc_PC2143,0.00018863076844212361,5.195350475401134e-06,0.00018863076844212361,embedding_pca
esmc_PC2144,0.00018152578799591308,1.1132069170660044e-05,0.00018152578799591308,embedding_pca
esmc_PC2145,0.0001888186663665659,7.090287447147315e-06,0.0001888186663665659,embedding_pca
esmc_PC2146,0.0001939310303539678,8.413796490411902e-06,0.0001939310303539678,embedding_pca
esmc_PC2147,0.00018801454664572718,1.3625218162182358e-05,0.00018801454664572718,embedding_pca
esmc_PC2148,0.0001904538408070995,8.758914892295356e-06,0.0001904538408070995,embedding_pca
esmc_PC2149,0.0001852509264639079,7.452281688358909e-06,0.0001852509264639079,embedding_pca
esmc_PC2150,0.0001933154569833656,7.3912049938482055e-06,0.0001933154569833656,embedding_pca
esmc_PC2151,0.00018783478130573054,4.851631364650938e-06,0.00018783478130573054,embedding_pca
esmc_PC2152,0.00019202183177619074,8.85360782048373e-06,0.00019202183177619074,embedding_pca
esmc_PC2153,0.00019360602283270733,5.785304522844101e-06,0.00019360602283270733,embedding_pca
esmc_PC2154,0.00019344986816576825,2.432621874127885e-06,0.00019344986816576825,embedding_pca
esmc_PC2155,0.0001811664562031409,8.075118075069267e-06,0.0001811664562031409,embedding_pca
esmc_PC2156,0.00019490263777158706,9.02451817249945e-06,0.00019490263777158706,embedding_pca
esmc_PC2157,0.00019545074413814624,6.262732941485069e-06,0.00019545074413814624,embedding_pca
esmc_PC2158,0.00019434608203959682,9.48562175533087e-06,0.00019434608203959682,embedding_pca
esmc_PC2159,0.000185910536940075,8.053444358811156e-06,0.000185910536940075,embedding_pca
esmc_PC2160,0.00019826536949110553,9.571011505511093e-06,0.00019826536949110553,embedding_pca
esmc_PC2161,0.00019193237319867259,7.133538762183653e-06,0.00019193237319867259,embedding_pca
esmc_PC2162,0.00018984723288837177,1.1987110327841095e-05,0.00018984723288837177,embedding_pca
esmc_PC2163,0.00018512313087292094,8.224812671725934e-06,0.00018512313087292094,embedding_pca
esmc_PC2164,0.00019960785602266183,4.140837305782494e-06,0.00019960785602266183,embedding_pca
esmc_PC2165,0.00019018091385832807,1.049457448252482e-05,0.00019018091385832807,embedding_pca
esmc_PC2166,0.00019560758322025607,7.360699934234697e-06,0.00019560758322025607,embedding_pca
esmc_PC2167,0.00019395329968804713,7.573049287056013e-06,0.00019395329968804713,embedding_pca
esmc_PC2168,0.00019211742697853456,7.829422337113352e-06,0.00019211742697853456,embedding_pca
esmc_PC2169,0.00019680037239386635,4.170344953412405e-06,0.00019680037239386635,embedding_pca
esmc_PC2170,0.00018943051818079475,6.467650652992585e-06,0.00018943051818079475,embedding_pca
esmc_PC2171,0.0001841321556881671,1.1208277250188104e-05,0.0001841321556881671,embedding_pca
esmc_PC2172,0.00019596723136117551,6.236492571012971e-06,0.00019596723136117551,embedding_pca
esmc_PC2173,0.0001861292744330146,7.948222672758986e-06,0.0001861292744330146,embedding_pca
esmc_PC2174,0.00018459414966791646,8.88406689590052e-06,0.00018459414966791646,embedding_pca
esmc_PC2175,0.00019196871234329873,1.245981374508082e-05,0.00019196871234329873,embedding_pca
esmc_PC2176,0.0001960046383998497,5.070621954268033e-06,0.0001960046383998497,embedding_pca
esmc_PC2177,0.00018782261430993835,9.600079330627602e-06,0.00018782261430993835,embedding_pca
esmc_PC2178,0.00018892807980847628,4.641317529360071e-06,0.00018892807980847628,embedding_pca
esmc_PC2179,0.000194882454657047,1.1865013908984291e-05,0.000194882454657047,embedding_pca
esmc_PC2180,0.00019123852561165442,7.393298673047044e-06,0.00019123852561165442,embedding_pca
esmc_PC2181,0.0001859653136592028,9.383784902350254e-06,0.0001859653136592028,embedding_pca
esmc_PC2182,0.000197084639671408,8.096747334049112e-06,0.000197084639671408,embedding_pca
esmc_PC2183,0.0001965128682210186,1.1260142646432309e-05,0.0001965128682210186,embedding_pca
esmc_PC2184,0.00019111344789548814,1.0304774708075871e-05,0.00019111344789548814,embedding_pca
esmc_PC2185,0.00018928156439560612,1.172555219504568e-05,0.00018928156439560612,embedding_pca
esmc_PC2186,0.00019678569754161268,1.4109897776260123e-05,0.00019678569754161268,embedding_pca
esmc_PC2187,0.00019185404681169743,1.1315027581729216e-05,0.00019185404681169743,embedding_pca
esmc_PC2188,0.00018732307292932397,1.0461573813278406e-05,0.00018732307292932397,embedding_pca
esmc_PC2189,0.00019771109270963857,7.836007647924307e-06,0.00019771109270963857,embedding_pca
esmc_PC2190,0.0001847427341490999,4.269058386817147e-06,0.0001847427341490999,embedding_pca
esmc_PC2191,0.00018842051437855393,1.40840449091902e-05,0.00018842051437855393,embedding_pca
esmc_PC2192,0.00018975971924372663,1.0361670957264203e-05,0.00018975971924372663,embedding_pca
esmc_PC2193,0.0001887060303984519,9.843704552797404e-06,0.0001887060303984519,embedding_pca
esmc_PC2194,0.00018909574736645794,5.771853755222038e-06,0.00018909574736645794,embedding_pca
esmc_PC2195,0.0001906449940050581,9.684030622375233e-06,0.0001906449940050581,embedding_pca
esmc_PC2196,0.00018590495444168882,8.36962387411993e-06,0.00018590495444168882,embedding_pca
esmc_PC2197,0.00019286678366752815,5.956962342117841e-06,0.00019286678366752815,embedding_pca
esmc_PC2198,0.0001859371669027788,4.67743749321734e-06,0.0001859371669027788,embedding_pca
esmc_PC2199,0.0001876241451222479,9.160255864619052e-06,0.0001876241451222479,embedding_pca
esmc_PC2200,0.00019156922902900108,8.009882754672165e-06,0.00019156922902900108,embedding_pca
esmc_PC2201,0.0001882122133832181,6.052222640305096e-06,0.0001882122133832181,embedding_pca
esmc_PC2202,0.00018561250002742255,1.0978925617988322e-05,0.00018561250002742255,embedding_pca
esmc_PC2203,0.00019254032616273007,7.44805375794016e-06,0.00019254032616273007,embedding_pca
esmc_PC2204,0.00019179190497959267,9.824845651213728e-06,0.00019179190497959267,embedding_pca
esmc_PC2205,0.00018650630385320168,4.733422705230082e-06,0.00018650630385320168,embedding_pca
esmc_PC2206,0.00019317954075185673,6.243195471451291e-06,0.00019317954075185673,embedding_pca
esmc_PC2207,0.00019318148016592227,1.5985228861047365e-05,0.00019318148016592227,embedding_pca
esmc_PC2208,0.00018712202103926372,9.32767823312155e-06,0.00018712202103926372,embedding_pca
esmc_PC2209,0.0001955648342825066,7.661096598135674e-06,0.0001955648342825066,embedding_pca
esmc_PC2210,0.00020331394727610358,1.0597744214629584e-05,0.00020331394727610358,embedding_pca
esmc_PC2211,0.00018763326428075444,1.2890763402435092e-05,0.00018763326428075444,embedding_pca
esmc_PC2212,0.00018688372671879673,5.485404622254681e-06,0.00018688372671879673,embedding_pca
esmc_PC2213,0.00019321190480801198,8.408569466807533e-06,0.00019321190480801198,embedding_pca
esmc_PC2214,0.00019281333629349388,1.1979247303191038e-05,0.00019281333629349388,embedding_pca
esmc_PC2215,0.00019126953969379707,3.863746611399626e-06,0.00019126953969379707,embedding_pca
esmc_PC2216,0.00018396230399391018,6.350008532952293e-06,0.00018396230399391018,embedding_pca
esmc_PC2217,0.0001944012380696816,5.141368087950522e-06,0.0001944012380696816,embedding_pca
esmc_PC2218,0.0001875301956498267,7.2214325746086506e-06,0.0001875301956498267,embedding_pca
esmc_PC2219,0.00019474265430428884,8.93532532449187e-06,0.00019474265430428884,embedding_pca
esmc_PC2220,0.00019797359505453917,2.7739166917636103e-06,0.00019797359505453917,embedding_pca
esmc_PC2221,0.00019582906202718922,8.627579942169665e-06,0.00019582906202718922,embedding_pca
esmc_PC2222,0.0001887265214970964,5.941804785688393e-06,0.0001887265214970964,embedding_pca
esmc_PC2223,0.00019522262240813729,1.1563887208503713e-05,0.00019522262240813729,embedding_pca
esmc_PC2224,0.00018847753142475716,4.889907464129377e-06,0.00018847753142475716,embedding_pca
esmc_PC2225,0.00018277196462285786,9.647800189516964e-06,0.00018277196462285786,embedding_pca
esmc_PC2226,0.00019411486747193096,9.73443020867527e-06,0.00019411486747193096,embedding_pca
esmc_PC2227,0.00018892073852046456,1.1134360307639004e-05,0.00018892073852046456,embedding_pca
esmc_PC2228,0.00018807378814696135,6.500839545133343e-06,0.00018807378814696135,embedding_pca
esmc_PC2229,0.00019164327579930963,2.45188956725919e-06,0.00019164327579930963,embedding_pca
esmc_PC2230,0.00019281468183219967,2.7682990708862968e-06,0.00019281468183219967,embedding_pca
esmc_PC2231,0.00018586615027037717,7.6281672284186894e-06,0.00018586615027037717,embedding_pca
esmc_PC2232,0.0001874582162573896,1.1378271759935566e-05,0.0001874582162573896,embedding_pca
esmc_PC2233,0.0001927375014062766,1.2682161775354744e-05,0.0001927375014062766,embedding_pca
esmc_PC2234,0.00018256818631095771,4.569720956419752e-06,0.00018256818631095771,embedding_pca
esmc_PC2235,0.0001876167735589941,5.282869574938911e-06,0.0001876167735589941,embedding_pca
esmc_PC2236,0.00018606522203341394,8.305982184967947e-06,0.00018606522203341394,embedding_pca
esmc_PC2237,0.00019018683243001992,5.955272709059363e-06,0.00019018683243001992,embedding_pca
esmc_PC2238,0.00019305016640919966,8.55952099613743e-06,0.00019305016640919966,embedding_pca
esmc_PC2239,0.00018508224266984298,9.109408240750775e-06,0.00018508224266984298,embedding_pca
esmc_PC2240,0.00019313127589144736,6.590792597485058e-06,0.00019313127589144736,embedding_pca
esmc_PC2241,0.00018693802117293276,7.375979975458899e-06,0.00018693802117293276,embedding_pca
esmc_PC2242,0.00019093380246335283,9.571918667679238e-06,0.00019093380246335283,embedding_pca
esmc_PC2243,0.00018956203418704536,1.1114486574984015e-05,0.00018956203418704536,embedding_pca
esmc_PC2244,0.0001913148565436979,5.952710090892693e-06,0.0001913148565436979,embedding_pca
esmc_PC2245,0.00018423210093137512,6.549782394772135e-06,0.00018423210093137512,embedding_pca
esmc_PC2246,0.0001895928864955364,1.0302895111937642e-05,0.0001895928864955364,embedding_pca
esmc_PC2247,0.00019211167096207395,9.698515242658065e-06,0.00019211167096207395,embedding_pca
esmc_PC2248,0.0001959416393149904,1.0496191766951174e-05,0.0001959416393149904,embedding_pca
esmc_PC2249,0.0002016121324800774,7.0135286486387505e-06,0.0002016121324800774,embedding_pca
esmc_PC2250,0.00018743651661783618,4.790818780705777e-06,0.00018743651661783618,embedding_pca
esmc_PC2251,0.00019756879022533226,9.784511429123321e-06,0.00019756879022533226,embedding_pca
esmc_PC2252,0.0001871989652230455,8.441180698274289e-06,0.0001871989652230455,embedding_pca
esmc_PC2253,0.0001833598624258991,7.661532799778877e-06,0.0001833598624258991,embedding_pca
esmc_PC2254,0.00018557975294352012,5.396367166671849e-06,0.00018557975294352012,embedding_pca
esmc_PC2255,0.00018694587193909118,1.0264348301644337e-05,0.00018694587193909118,embedding_pca
esmc_PC2256,0.00019786586513754226,4.702646409540647e-06,0.00019786586513754226,embedding_pca
esmc_PC2257,0.00018938402993660616,2.4923577515162604e-06,0.00018938402993660616,embedding_pca
esmc_PC2258,0.00019821599300529278,1.130079833308822e-05,0.00019821599300529278,embedding_pca
esmc_PC2259,0.00019526606927715534,6.218258961533537e-06,0.00019526606927715534,embedding_pca
esmc_PC2260,0.0001863209135251504,9.937730024814564e-06,0.0001863209135251504,embedding_pca
esmc_PC2261,0.00019485167160482973,8.483260122233954e-06,0.00019485167160482973,embedding_pca
esmc_PC2262,0.0001862606119088487,1.1378764114710514e-05,0.0001862606119088487,embedding_pca
esmc_PC2263,0.00018773633929475807,1.1642698438002791e-05,0.00018773633929475807,embedding_pca
esmc_PC2264,0.00018920528160500696,5.972363538363012e-06,0.00018920528160500696,embedding_pca
esmc_PC2265,0.00019185817854927104,3.427375286543327e-06,0.00019185817854927104,embedding_pca
esmc_PC2266,0.00019110335494157914,7.1656360671551825e-06,0.00019110335494157914,embedding_pca
esmc_PC2267,0.000188156445473834,8.982126209637347e-06,0.000188156445473834,embedding_pca
esmc_PC2268,0.0001887836349590499,7.242422480875347e-06,0.0001887836349590499,embedding_pca
esmc_PC2269,0.00018827491075296178,7.074850667576166e-06,0.00018827491075296178,embedding_pca
esmc_PC2270,0.00019261613059463073,1.124772435300574e-06,0.00019261613059463073,embedding_pca
esmc_PC2271,0.00019126233079391194,8.923996536457858e-06,0.00019126233079391194,embedding_pca
esmc_PC2272,0.0001951997644174063,8.547077871003768e-06,0.0001951997644174063,embedding_pca
esmc_PC2273,0.00019171681200457602,1.3188334243451401e-05,0.00019171681200457602,embedding_pca
esmc_PC2274,0.00018691917688491502,9.010062338421777e-06,0.00018691917688491502,embedding_pca
esmc_PC2275,0.00019197893595613859,4.544943509600844e-06,0.00019197893595613859,embedding_pca
esmc_PC2276,0.0001908163109549659,3.472700379915801e-06,0.0001908163109549659,embedding_pca
esmc_PC2277,0.00018854000921256128,6.989485455664132e-06,0.00018854000921256128,embedding_pca
esmc_PC2278,0.00018389358158282036,1.1640590260569943e-05,0.00018389358158282036,embedding_pca
esmc_PC2279,0.00018695238398606725,3.774966393410276e-06,0.00018695238398606725,embedding_pca
esmc_PC2280,0.0001883388854628841,6.900015091474181e-06,0.0001883388854628841,embedding_pca
esmc_PC2281,0.00019396751383038134,7.73143023444505e-06,0.00019396751383038134,embedding_pca
esmc_PC2282,0.00019328720150022893,9.833877690251981e-06,0.00019328720150022893,embedding_pca
esmc_PC2283,0.00019287465294209113,8.200236012677886e-06,0.00019287465294209113,embedding_pca
esmc_PC2284,0.00018876257881208594,9.947251572537097e-06,0.00018876257881208594,embedding_pca
esmc_PC2285,0.00018451588277478074,1.2609587970863638e-05,0.00018451588277478074,embedding_pca
esmc_PC2286,0.0001994290118236584,8.096895537891468e-06,0.0001994290118236584,embedding_pca
esmc_PC2287,0.00018565632983016188,5.744868730834321e-06,0.00018565632983016188,embedding_pca
esmc_PC2288,0.00018292444989904716,8.10547861043129e-06,0.00018292444989904716,embedding_pca
esmc_PC2289,0.00018720393806119105,9.2955648011336e-06,0.00018720393806119105,embedding_pca
esmc_PC2290,0.0001930348789357502,8.743417204452705e-06,0.0001930348789357502,embedding_pca
esmc_PC2291,0.0001936660764975783,7.827109610887368e-06,0.0001936660764975783,embedding_pca
esmc_PC2292,0.00019909743629747509,1.0036610941401654e-05,0.00019909743629747509,embedding_pca
esmc_PC2293,0.00018623637599809087,5.390724509984492e-06,0.00018623637599809087,embedding_pca
esmc_PC2294,0.00019101437658202466,9.155501560940093e-06,0.00019101437658202466,embedding_pca
esmc_PC2295,0.00018631974344946231,4.989553817048982e-06,0.00018631974344946231,embedding_pca
esmc_PC2296,0.00018859450317576526,7.343208253668951e-06,0.00018859450317576526,embedding_pca
esmc_PC2297,0.00019309953639251609,6.343041075294986e-06,0.00019309953639251609,embedding_pca
esmc_PC2298,0.00018843864426879912,3.4911665961454356e-06,0.00018843864426879912,embedding_pca
esmc_PC2299,0.0001932944844513399,4.615501326531049e-06,0.0001932944844513399,embedding_pca
esmc_PC2300,0.00018664349423228372,8.343710594034924e-06,0.00018664349423228372,embedding_pca
esmc_PC2301,0.0001922346445360505,1.107603610209334e-05,0.0001922346445360505,embedding_pca
esmc_PC2302,0.0001902954595602426,1.3602286150870947e-05,0.0001902954595602426,embedding_pca
esmc_PC2303,0.000194114016423333,3.5000591935492884e-06,0.000194114016423333,embedding_pca
esmc_PC2304,0.00019198909259109993,5.806688569360527e-06,0.00019198909259109993,embedding_pca
esmc_PC2305,0.0001894370406169772,1.5074466869202896e-05,0.0001894370406169772,embedding_pca
esmc_PC2306,0.00018939564062049223,7.297540596851317e-06,0.00018939564062049223,embedding_pca
esmc_PC2307,0.00019135831405799002,1.1697017199481268e-05,0.00019135831405799002,embedding_pca
esmc_PC2308,0.000193894969809483,3.524495870025884e-06,0.000193894969809483,embedding_pca
esmc_PC2309,0.00018242019611515738,7.489362391546211e-06,0.00018242019611515738,embedding_pca
esmc_PC2310,0.00018739132996652217,1.1492503454271387e-05,0.00018739132996652217,embedding_pca
esmc_PC2311,0.00018181443977813847,8.378194841702919e-06,0.00018181443977813847,embedding_pca
esmc_PC2312,0.0001879145486510311,6.0920774647785335e-06,0.0001879145486510311,embedding_pca
esmc_PC2313,0.0001858527000392577,9.76974309885017e-06,0.0001858527000392577,embedding_pca
esmc_PC2314,0.0001853994408760858,9.091405242656118e-06,0.0001853994408760858,embedding_pca
esmc_PC2315,0.00018563323074767345,7.481498471923683e-06,0.00018563323074767345,embedding_pca
esmc_PC2316,0.00019222910100555272,8.136093644381918e-06,0.00019222910100555272,embedding_pca
esmc_PC2317,0.00019306861009193486,6.82387364989467e-06,0.00019306861009193486,embedding_pca
esmc_PC2318,0.00018915376357554097,5.201026732710016e-06,0.00018915376357554097,embedding_pca
esmc_PC2319,0.0001790155709084721,8.093300298989182e-06,0.0001790155709084721,embedding_pca
esmc_PC2320,0.0001943387784912518,1.2220621097919408e-05,0.0001943387784912518,embedding_pca
esmc_PC2321,0.00019506736375322263,2.528010415594674e-06,0.00019506736375322263,embedding_pca
esmc_PC2322,0.00019134418786618794,3.142933831913759e-06,0.00019134418786618794,embedding_pca
esmc_PC2323,0.00018531138159811076,7.693909916366779e-06,0.00018531138159811076,embedding_pca
esmc_PC2324,0.00019511876005244647,6.875189978612529e-06,0.00019511876005244647,embedding_pca
esmc_PC2325,0.00018678019108388095,5.0219333157622144e-06,0.00018678019108388095,embedding_pca
esmc_PC2326,0.00018457928452116833,8.484821066309372e-06,0.00018457928452116833,embedding_pca
esmc_PC2327,0.00018713509748100445,9.215278551133366e-06,0.00018713509748100445,embedding_pca
esmc_PC2328,0.00018395595618314178,5.929106023113886e-06,0.00018395595618314178,embedding_pca
esmc_PC2329,0.00019225546236435368,9.472744893471471e-06,0.00019225546236435368,embedding_pca
esmc_PC2330,0.0001974860367225796,1.1138921207079959e-05,0.0001974860367225796,embedding_pca
esmc_PC2331,0.00018911371765402784,6.151490749674245e-06,0.00018911371765402784,embedding_pca
esmc_PC2332,0.00019014134440665907,1.2190605203674014e-05,0.00019014134440665907,embedding_pca
esmc_PC2333,0.00019155725003894866,9.406592447062572e-06,0.00019155725003894866,embedding_pca
esmc_PC2334,0.00018732469570495604,1.0152877907374623e-05,0.00018732469570495604,embedding_pca
esmc_PC2335,0.00019707351432877353,9.974916397341787e-06,0.00019707351432877353,embedding_pca
esmc_PC2336,0.00018764464819494457,6.248624988814831e-06,0.00018764464819494457,embedding_pca
esmc_PC2337,0.00019461480273717894,1.0137206531820939e-05,0.00019461480273717894,embedding_pca
esmc_PC2338,0.0001929143536020937,8.329296476746518e-06,0.0001929143536020937,embedding_pca
esmc_PC2339,0.00018593373543808364,1.1281760345143054e-05,0.00018593373543808364,embedding_pca
esmc_PC2340,0.00019422906643141704,8.107745385487718e-06,0.00019422906643141704,embedding_pca
esmc_PC2341,0.00018853177480129937,4.7467395815728155e-06,0.00018853177480129937,embedding_pca
esmc_PC2342,0.00018495781133211165,2.076789125829074e-05,0.00018495781133211165,embedding_pca
esmc_PC2343,0.00019480533169744294,1.054889957637846e-05,0.00019480533169744294,embedding_pca
esmc_PC2344,0.00018987417263024656,6.358356856045283e-06,0.00018987417263024656,embedding_pca
esmc_PC2345,0.0001910643402974228,6.600083541014768e-06,0.0001910643402974228,embedding_pca
esmc_PC2346,0.00018248847144376518,6.408490342530728e-06,0.00018248847144376518,embedding_pca
esmc_PC2347,0.000191389702085252,6.39319247805826e-06,0.000191389702085252,embedding_pca
esmc_PC2348,0.0001896743963618845,1.4876721596216637e-05,0.0001896743963618845,embedding_pca
esmc_PC2349,0.00020032472634561328,1.0887756437761342e-05,0.00020032472634561328,embedding_pca
esmc_PC2350,0.00019706786836483646,9.583119985892942e-06,0.00019706786836483646,embedding_pca
esmc_PC2351,0.00018734754254391968,8.338349817609107e-06,0.00018734754254391968,embedding_pca
esmc_PC2352,0.0001960020443400102,7.765574890743758e-06,0.0001960020443400102,embedding_pca
esmc_PC2353,0.00018779321394272547,1.064717758524656e-05,0.00018779321394272547,embedding_pca
esmc_PC2354,0.0001904562082619649,3.0069248597005446e-06,0.0001904562082619649,embedding_pca
esmc_PC2355,0.0001881607887980782,1.2081684523498938e-05,0.0001881607887980782,embedding_pca
esmc_PC2356,0.00019271572799517013,8.787753123033227e-06,0.00019271572799517013,embedding_pca
esmc_PC2357,0.00018582286857272192,1.0958933511079363e-05,0.00018582286857272192,embedding_pca
esmc_PC2358,0.00019160755304546478,9.828439599688795e-06,0.00019160755304546478,embedding_pca
esmc_PC2359,0.00018790585112354988,8.512596518634944e-06,0.00018790585112354988,embedding_pca
esmc_PC2360,0.00018892658573948167,9.326007985187061e-06,0.00018892658573948167,embedding_pca
esmc_PC2361,0.0001882130333716533,4.381337503797018e-06,0.0001882130333716533,embedding_pca
esmc_PC2362,0.00019485558580058297,1.1884553545969987e-05,0.00019485558580058297,embedding_pca
esmc_PC2363,0.00018832488486540287,8.645773088421216e-06,0.00018832488486540287,embedding_pca
esmc_PC2364,0.00019401717914818798,8.854412158705455e-06,0.00019401717914818798,embedding_pca
esmc_PC2365,0.00018823234324317022,5.0063270635455784e-06,0.00018823234324317022,embedding_pca
esmc_PC2366,0.0001802195910034222,8.881499808298683e-06,0.0001802195910034222,embedding_pca
esmc_PC2367,0.00019015570641532734,9.888262180535741e-06,0.00019015570641532734,embedding_pca
esmc_PC2368,0.00018992037893097584,5.8075640480683015e-06,0.00018992037893097584,embedding_pca
esmc_PC2369,0.0001941394093703043,8.180087177281391e-06,0.0001941394093703043,embedding_pca
esmc_PC2370,0.00018291373628810008,1.0432918310484947e-05,0.00018291373628810008,embedding_pca
esmc_PC2371,0.0001972171071116079,1.491434615135218e-05,0.0001972171071116079,embedding_pca
esmc_PC2372,0.00019320749756853388,6.491530407559525e-06,0.00019320749756853388,embedding_pca
esmc_PC2373,0.0001918604933996473,5.110954596156648e-06,0.0001918604933996473,embedding_pca
esmc_PC2374,0.000185918908843172,4.4100149529712e-06,0.000185918908843172,embedding_pca
esmc_PC2375,0.0001904565526541853,1.0871942061772863e-05,0.0001904565526541853,embedding_pca
esmc_PC2376,0.00018608396749239889,3.5924844241492287e-06,0.00018608396749239889,embedding_pca
esmc_PC2377,0.00019756815313409074,5.4740334567101844e-06,0.00019756815313409074,embedding_pca
esmc_PC2378,0.00019703595526006788,1.0992544110197964e-05,0.00019703595526006788,embedding_pca
esmc_PC2379,0.0001922338803460932,5.4840235273358475e-06,0.0001922338803460932,embedding_pca
esmc_PC2380,0.00019701003409265536,1.1416061085227954e-05,0.00019701003409265536,embedding_pca
esmc_PC2381,0.00018433322404222256,9.509461634938743e-06,0.00018433322404222256,embedding_pca
esmc_PC2382,0.0001914137994745917,1.0220755456142327e-05,0.0001914137994745917,embedding_pca
esmc_PC2383,0.00018449324834700375,1.0922314191019195e-05,0.00018449324834700375,embedding_pca
esmc_PC2384,0.00018354029547790876,7.760105825488657e-06,0.00018354029547790876,embedding_pca
esmc_PC2385,0.0001952695032519798,1.1509260247706597e-05,0.0001952695032519798,embedding_pca
esmc_PC2386,0.0001923191815900668,8.015577784603448e-06,0.0001923191815900668,embedding_pca
esmc_PC2387,0.0001899412293407932,6.309315209431681e-06,0.0001899412293407932,embedding_pca
esmc_PC2388,0.00018691153549811853,1.031711925031219e-05,0.00018691153549811853,embedding_pca
esmc_PC2389,0.00019517764626599056,9.752496969719353e-06,0.00019517764626599056,embedding_pca
esmc_PC2390,0.0001925533252492649,8.34757292705084e-06,0.0001925533252492649,embedding_pca
esmc_PC2391,0.00018292907870235328,5.614112801404407e-06,0.00018292907870235328,embedding_pca
esmc_PC2392,0.00018648103208750649,5.2739885546046185e-06,0.00018648103208750649,embedding_pca
esmc_PC2393,0.0001947900284667866,6.840705293727991e-06,0.0001947900284667866,embedding_pca
esmc_PC2394,0.00019075054750437907,1.0148618977754575e-05,0.00019075054750437907,embedding_pca
esmc_PC2395,0.000193330785363432,5.039418308519666e-06,0.000193330785363432,embedding_pca
esmc_PC2396,0.00018438283380565844,7.830448641830696e-06,0.00018438283380565844,embedding_pca
esmc_PC2397,0.00018309998842512524,6.512553613774545e-06,0.00018309998842512524,embedding_pca
esmc_PC2398,0.0001818831974933287,6.719030146971597e-06,0.0001818831974933287,embedding_pca
esmc_PC2399,0.00018764900114173131,7.388309652548784e-06,0.00018764900114173131,embedding_pca
esmc_PC2400,0.00019820121804734356,6.760481894416287e-06,0.00019820121804734356,embedding_pca
esmc_PC2401,0.00018806945491753202,1.5943412863032864e-05,0.00018806945491753202,embedding_pca
esmc_PC2402,0.00019922962178008026,1.1448221677972028e-05,0.00019922962178008026,embedding_pca
esmc_PC2403,0.00019998821836107256,1.3952117396530027e-05,0.00019998821836107256,embedding_pca
esmc_PC2404,0.00018974650420903652,7.290429282147672e-06,0.00018974650420903652,embedding_pca
esmc_PC2405,0.0001907807692784205,7.156382161188712e-06,0.0001907807692784205,embedding_pca
esmc_PC2406,0.0001962064696773191,1.0791318845333324e-05,0.0001962064696773191,embedding_pca
esmc_PC2407,0.00019392616437380008,5.95313963277263e-06,0.00019392616437380008,embedding_pca
esmc_PC2408,0.00019184623441910998,1.6870936795773637e-05,0.00019184623441910998,embedding_pca
esmc_PC2409,0.00019064967482804117,8.884151494053848e-06,0.00019064967482804117,embedding_pca
esmc_PC2410,0.00019479134890305043,1.296600891741442e-05,0.00019479134890305043,embedding_pca
esmc_PC2411,0.00019893472750249082,1.222850096081398e-05,0.00019893472750249082,embedding_pca
esmc_PC2412,0.00019149266028034893,6.79851358406961e-06,0.00019149266028034893,embedding_pca
esmc_PC2413,0.00018352843476331503,6.8208259121604475e-06,0.00018352843476331503,embedding_pca
esmc_PC2414,0.00018972110048848053,4.510667137983101e-06,0.00018972110048848053,embedding_pca
esmc_PC2415,0.00018923919508522319,4.153876557287811e-06,0.00018923919508522319,embedding_pca
esmc_PC2416,0.00018749195389212132,1.9949378894271774e-05,0.00018749195389212132,embedding_pca
esmc_PC2417,0.00019540726906929544,7.543017474158096e-06,0.00019540726906929544,embedding_pca
esmc_PC2418,0.0001886652702348097,1.6723252273137537e-06,0.0001886652702348097,embedding_pca
esmc_PC2419,0.0001882622615394348,1.1971566503157738e-05,0.0001882622615394348,embedding_pca
esmc_PC2420,0.00018129449035735414,4.191075328188376e-06,0.00018129449035735414,embedding_pca
esmc_PC2421,0.00019369990829276758,5.510265867260545e-06,0.00019369990829276758,embedding_pca
esmc_PC2422,0.00018840178335051812,1.0722578263729381e-05,0.00018840178335051812,embedding_pca
esmc_PC2423,0.00018118914162579367,9.936789032576265e-06,0.00018118914162579367,embedding_pca
esmc_PC2424,0.000188727384869494,5.358435630360101e-06,0.000188727384869494,embedding_pca
esmc_PC2425,0.00019030515517327239,1.4171802107762709e-05,0.00019030515517327239,embedding_pca
esmc_PC2426,0.0001841282203943186,4.977422001101276e-06,0.0001841282203943186,embedding_pca
esmc_PC2427,0.000187388746802862,5.159542153911418e-06,0.000187388746802862,embedding_pca
esmc_PC2428,0.000187804866292392,7.478008221472342e-06,0.000187804866292392,embedding_pca
esmc_PC2429,0.00018479215474833765,7.186979233720979e-06,0.00018479215474833765,embedding_pca
esmc_PC2430,0.0001860105850434188,5.972215647928515e-06,0.0001860105850434188,embedding_pca
esmc_PC2431,0.00019262171700019267,9.258600301202178e-06,0.00019262171700019267,embedding_pca
esmc_PC2432,0.0001877419859682257,1.3312936235467718e-05,0.0001877419859682257,embedding_pca
esmc_PC2433,0.00019498353696420598,1.2186063005875277e-05,0.00019498353696420598,embedding_pca
esmc_PC2434,0.00018908205068129402,7.608988936113441e-06,0.00018908205068129402,embedding_pca
esmc_PC2435,0.00018900778460746536,5.41352743786322e-06,0.00018900778460746536,embedding_pca
esmc_PC2436,0.00018956656420301537,7.021682191699897e-06,0.00018956656420301537,embedding_pca
esmc_PC2437,0.00018658338666866566,6.347063151155776e-06,0.00018658338666866566,embedding_pca
esmc_PC2438,0.00018517583241152327,6.472953231983647e-06,0.00018517583241152327,embedding_pca
esmc_PC2439,0.00019040661390388002,3.127819465565039e-06,0.00019040661390388002,embedding_pca
esmc_PC2440,0.00018751581013479857,4.0056402030480315e-06,0.00018751581013479857,embedding_pca
esmc_PC2441,0.00018174101462646111,6.747317666900228e-06,0.00018174101462646111,embedding_pca
esmc_PC2442,0.00018956443878747164,6.334318885381536e-06,0.00018956443878747164,embedding_pca
esmc_PC2443,0.00019147055821003924,7.675660794996566e-06,0.00019147055821003924,embedding_pca
esmc_PC2444,0.00019981352867854172,1.1229612199475847e-05,0.00019981352867854172,embedding_pca
esmc_PC2445,0.00018492715541107847,7.736301885196798e-06,0.00018492715541107847,embedding_pca
esmc_PC2446,0.00019003732040141075,5.683835606961029e-06,0.00019003732040141075,embedding_pca
esmc_PC2447,0.00019081383282365196,3.1703959632369977e-06,0.00019081383282365196,embedding_pca
esmc_PC2448,0.00019226756082524283,7.563192976444399e-06,0.00019226756082524283,embedding_pca
esmc_PC2449,0.0001896276249901577,8.957180250721398e-06,0.0001896276249901577,embedding_pca
esmc_PC2450,0.00018787615527314969,5.77434982522419e-06,0.00018787615527314969,embedding_pca
esmc_PC2451,0.000198558207652155,3.411879295865601e-06,0.000198558207652155,embedding_pca
esmc_PC2452,0.00018667593832283582,1.139513678993831e-05,0.00018667593832283582,embedding_pca
esmc_PC2453,0.0001882226077926653,1.5622276395419864e-05,0.0001882226077926653,embedding_pca
esmc_PC2454,0.00018320118039334043,6.51208863960936e-06,0.00018320118039334043,embedding_pca
esmc_PC2455,0.0001908473285102935,9.794118312909875e-06,0.0001908473285102935,embedding_pca
esmc_PC2456,0.00019022405822834566,1.3275352505104509e-05,0.00019022405822834566,embedding_pca
esmc_PC2457,0.0001832938047109304,4.588713611164589e-06,0.0001832938047109304,embedding_pca
esmc_PC2458,0.00018675758133734503,7.897026969439302e-06,0.00018675758133734503,embedding_pca
esmc_PC2459,0.00019005814751760507,3.1588966989181736e-06,0.00019005814751760507,embedding_pca
esmc_PC2460,0.00018354753935013185,8.030756648413339e-06,0.00018354753935013185,embedding_pca
esmc_PC2461,0.00018802245535057475,1.1324291065735557e-05,0.00018802245535057475,embedding_pca
esmc_PC2462,0.0001934581757258234,9.95870459778534e-06,0.0001934581757258234,embedding_pca
esmc_PC2463,0.00019520046898170116,1.0011693952391298e-05,0.00019520046898170116,embedding_pca
esmc_PC2464,0.0001866647231841789,6.351848707920555e-06,0.0001866647231841789,embedding_pca
esmc_PC2465,0.0001904743780537215,6.479881947754406e-06,0.0001904743780537215,embedding_pca
esmc_PC2466,0.00018437137590279485,1.0630649805742585e-05,0.00018437137590279485,embedding_pca
esmc_PC2467,0.00019353756370319185,7.892841698672813e-06,0.00019353756370319185,embedding_pca
esmc_PC2468,0.00018160863045939784,1.0274286818263923e-06,0.00018160863045939784,embedding_pca
esmc_PC2469,0.0001933714716683749,3.3210913573577255e-06,0.0001933714716683749,embedding_pca
esmc_PC2470,0.00018590958664110665,8.992622652858338e-06,0.00018590958664110665,embedding_pca
esmc_PC2471,0.0002009615939747035,8.96501519428604e-06,0.0002009615939747035,embedding_pca
esmc_PC2472,0.00020187057345638567,1.359947525260619e-05,0.00020187057345638567,embedding_pca
esmc_PC2473,0.00018482770631997875,7.152090746084628e-06,0.00018482770631997875,embedding_pca
esmc_PC2474,0.0001971046368281799,3.2833598076559984e-06,0.0001971046368281799,embedding_pca
esmc_PC2475,0.00019744820544851234,1.4413478846877047e-05,0.00019744820544851234,embedding_pca
esmc_PC2476,0.00019179858606836015,9.652300945582633e-06,0.00019179858606836015,embedding_pca
esmc_PC2477,0.0001837418949294057,1.1195359402304308e-05,0.0001837418949294057,embedding_pca
esmc_PC2478,0.00018675372076980287,4.339588859476105e-06,0.00018675372076980287,embedding_pca
esmc_PC2479,0.00019068657382267107,6.3180330848675486e-06,0.00019068657382267107,embedding_pca
esmc_PC2480,0.00019088371146257273,1.3505442007507713e-05,0.00019088371146257273,embedding_pca
esmc_PC2481,0.0001935017170181429,1.4184418084383316e-05,0.0001935017170181429,embedding_pca
esmc_PC2482,0.00018463666616674981,7.348876817207746e-06,0.00018463666616674981,embedding_pca
esmc_PC2483,0.00019772368446951925,7.410645465851665e-06,0.00019772368446951925,embedding_pca
esmc_PC2484,0.00019385020978839574,4.1028955682432214e-06,0.00019385020978839574,embedding_pca
esmc_PC2485,0.00019145452196935698,1.554690161026897e-05,0.00019145452196935698,embedding_pca
esmc_PC2486,0.00019239123679397493,7.766911925045168e-06,0.00019239123679397493,embedding_pca
esmc_PC2487,0.00020144841659360587,4.850654929631241e-06,0.00020144841659360587,embedding_pca
esmc_PC2488,0.00019797101020163995,1.9205595470612784e-05,0.00019797101020163995,embedding_pca
esmc_PC2489,0.00019109873943215497,1.305720866074633e-05,0.00019109873943215497,embedding_pca
esmc_PC2490,0.00019045815879321597,2.5702107056994812e-06,0.00019045815879321597,embedding_pca
esmc_PC2491,0.0001973722332568643,2.956542658851991e-06,0.0001973722332568643,embedding_pca
esmc_PC2492,0.00018680472693863702,4.2458145641732445e-06,0.00018680472693863702,embedding_pca
esmc_PC2493,0.0001890968279314301,9.478236748266536e-06,0.0001890968279314301,embedding_pca
esmc_PC2494,0.000188213870832122,6.734953792033883e-06,0.000188213870832122,embedding_pca
esmc_PC2495,0.00018683736263388752,5.517333760006077e-06,0.00018683736263388752,embedding_pca
esmc_PC2496,0.00018300036607952415,9.617383914079653e-06,0.00018300036607952415,embedding_pca
esmc_PC2497,0.00019282671382192534,9.076109540982224e-06,0.00019282671382192534,embedding_pca
esmc_PC2498,0.00018118416582725425,1.1668376434237108e-05,0.00018118416582725425,embedding_pca
esmc_PC2499,0.00018508751222323332,1.3051881396990511e-05,0.00018508751222323332,embedding_pca
esmc_PC2500,0.00018826887305978257,8.324604736914948e-06,0.00018826887305978257,embedding_pca
esmc_PC2501,0.0001879239240670896,3.195641029655165e-06,0.0001879239240670896,embedding_pca
esmc_PC2502,0.0001970002042533934,3.228367102592177e-06,0.0001970002042533934,embedding_pca
esmc_PC2503,0.00019299977515120916,1.081028269608766e-05,0.00019299977515120916,embedding_pca
esmc_PC2504,0.0001898445849026376,1.1927692529741021e-05,0.0001898445849026376,embedding_pca
esmc_PC2505,0.00019597203734708938,4.613194155221838e-06,0.00019597203734708938,embedding_pca
esmc_PC2506,0.00019872520668477505,9.380075494728824e-06,0.00019872520668477505,embedding_pca
esmc_PC2507,0.00019184758184398893,1.240392089969356e-05,0.00019184758184398893,embedding_pca
esmc_PC2508,0.00018327885201276082,1.9212263558363996e-06,0.00018327885201276082,embedding_pca
esmc_PC2509,0.00019015342569455072,7.759435066634886e-06,0.00019015342569455072,embedding_pca
esmc_PC2510,0.00019030986732795736,5.500694945767147e-06,0.00019030986732795736,embedding_pca
esmc_PC2511,0.0001888891420473713,8.63862641189632e-06,0.0001888891420473713,embedding_pca
esmc_PC2512,0.00018909191026326495,4.881420817075099e-06,0.00018909191026326495,embedding_pca
esmc_PC2513,0.00018432996208040864,6.682696550380047e-06,0.00018432996208040864,embedding_pca
esmc_PC2514,0.00019009644201905146,7.961580329509491e-06,0.00019009644201905146,embedding_pca
esmc_PC2515,0.000190254702623434,7.2588379943286965e-06,0.000190254702623434,embedding_pca
esmc_PC2516,0.0002034156838268769,1.625032278087119e-05,0.0002034156838268769,embedding_pca
esmc_PC2517,0.00019195692436013796,5.313125200895102e-06,0.00019195692436013796,embedding_pca
esmc_PC2518,0.0001911975060560375,6.6800088742258565e-06,0.0001911975060560375,embedding_pca
esmc_PC2519,0.000184580679005678,9.089669807821994e-06,0.000184580679005678,embedding_pca
esmc_PC2520,0.00019919890326992287,4.669042315772691e-06,0.00019919890326992287,embedding_pca
esmc_PC2521,0.00018228106532603466,1.0004717284985119e-05,0.00018228106532603466,embedding_pca
esmc_PC2522,0.00018785913472941056,2.1119278568594575e-06,0.00018785913472941056,embedding_pca
esmc_PC2523,0.00019169936719048663,4.623530582276396e-06,0.00019169936719048663,embedding_pca
esmc_PC2524,0.00019396801038828014,1.0453340788557223e-05,0.00019396801038828014,embedding_pca
esmc_PC2525,0.0001944084338798068,5.954419256576664e-06,0.0001944084338798068,embedding_pca
esmc_PC2526,0.00019467569731701292,1.1085995420054237e-05,0.00019467569731701292,embedding_pca
esmc_PC2527,0.00018150224373277447,7.123949325852826e-06,0.00018150224373277447,embedding_pca
esmc_PC2528,0.00018367753115008527,5.794940767055437e-06,0.00018367753115008527,embedding_pca
esmc_PC2529,0.00018964254836586052,4.889113887910975e-06,0.00018964254836586052,embedding_pca
esmc_PC2530,0.00019335924029244674,1.0608892222210436e-05,0.00019335924029244674,embedding_pca
esmc_PC2531,0.0001879492247973329,1.1353038428979235e-05,0.0001879492247973329,embedding_pca
esmc_PC2532,0.00019104813418152316,9.061123828830802e-06,0.00019104813418152316,embedding_pca
esmc_PC2533,0.00019141570938010607,7.068243156272138e-06,0.00019141570938010607,embedding_pca
esmc_PC2534,0.00019014808362619444,9.316211674532849e-06,0.00019014808362619444,embedding_pca
esmc_PC2535,0.00019025693369759234,6.561617749116315e-06,0.00019025693369759234,embedding_pca
esmc_PC2536,0.00019737489533453259,4.491656549456724e-06,0.00019737489533453259,embedding_pca
esmc_PC2537,0.00019141727670010292,9.217756205304533e-06,0.00019141727670010292,embedding_pca
esmc_PC2538,0.0001985671583702359,3.3430520125151047e-06,0.0001985671583702359,embedding_pca
esmc_PC2539,0.00019158481541674271,1.3331808842559927e-05,0.00019158481541674271,embedding_pca
esmc_PC2540,0.00019416109837649785,9.60662907965336e-06,0.00019416109837649785,embedding_pca
esmc_PC2541,0.0001947749183395087,8.752461099210888e-06,0.0001947749183395087,embedding_pca
esmc_PC2542,0.00018784773169707074,1.1861247077659844e-05,0.00018784773169707074,embedding_pca
esmc_PC2543,0.00019650678396635428,1.3215033050778802e-05,0.00019650678396635428,embedding_pca
esmc_PC2544,0.000186413889373124,5.9899827801925815e-06,0.000186413889373124,embedding_pca
esmc_PC2545,0.00019256960066815364,6.638168208050862e-06,0.00019256960066815364,embedding_pca
esmc_PC2546,0.0001909281327131047,6.327067726692485e-06,0.0001909281327131047,embedding_pca
esmc_PC2547,0.00018955667750735313,4.013600210400679e-06,0.00018955667750735313,embedding_pca
esmc_PC2548,0.00018186583368056487,5.331165836780487e-06,0.00018186583368056487,embedding_pca
esmc_PC2549,0.00019530711424340508,5.550619842269339e-06,0.00019530711424340508,embedding_pca
esmc_PC2550,0.00019799686238441914,1.1577448126401326e-05,0.00019799686238441914,embedding_pca
esmc_PC2551,0.000198969483417549,6.5859673099418905e-06,0.000198969483417549,embedding_pca
esmc_PC2552,0.00019699345625512175,1.9223974327228265e-05,0.00019699345625512175,embedding_pca
esmc_PC2553,0.00020298708448430932,5.846637430304886e-06,0.00020298708448430932,embedding_pca
esmc_PC2554,0.00018585782137871506,1.0970923918488101e-05,0.00018585782137871506,embedding_pca
esmc_PC2555,0.0001914824393030107,1.3747173891517212e-05,0.0001914824393030107,embedding_pca
esmc_PC2556,0.00019388282562888304,1.3075190184565226e-05,0.00019388282562888304,embedding_pca
esmc_PC2557,0.000191614801443291,2.9095284281762862e-06,0.000191614801443291,embedding_pca
esmc_PC2558,0.00018710129047102485,1.3282190971403585e-05,0.00018710129047102485,embedding_pca
esmc_PC2559,0.00018740033283126746,4.685069751761637e-06,0.00018740033283126746,embedding_pca
esmc_PC2560,0.0001821681536630577,7.228915171800804e-06,0.0001821681536630577,embedding_pca
esmc_PC2561,0.00018805129542658723,1.2137260589130673e-05,0.00018805129542658723,embedding_pca
esmc_PC2562,0.0001862827822344715,7.114578549265006e-06,0.0001862827822344715,embedding_pca
esmc_PC2563,0.00018870504223322715,1.0017412624659746e-05,0.00018870504223322715,embedding_pca
esmc_PC2564,0.00019281502715152898,4.518289021983778e-06,0.00019281502715152898,embedding_pca
esmc_PC2565,0.00019517234800648183,6.3041708229190595e-06,0.00019517234800648183,embedding_pca
esmc_PC2566,0.00018952252969469673,1.4045313459416086e-05,0.00018952252969469673,embedding_pca
esmc_PC2567,0.0001869060900881393,9.501686166546724e-06,0.0001869060900881393,embedding_pca
esmc_PC2568,0.00018802057659554296,9.927231763111657e-06,0.00018802057659554296,embedding_pca
esmc_PC2569,0.00018307736977636225,4.941307331562545e-06,0.00018307736977636225,embedding_pca
esmc_PC2570,0.0001945837106498413,8.75938971266037e-06,0.0001945837106498413,embedding_pca
esmc_PC2571,0.00019156852217232177,9.58941305236128e-06,0.00019156852217232177,embedding_pca
esmc_PC2572,0.00019115199917188577,1.0590697186333745e-05,0.00019115199917188577,embedding_pca
esmc_PC2573,0.00019406616263012105,3.6402525386517746e-06,0.00019406616263012105,embedding_pca
esmc_PC2574,0.00018831386550788784,8.159368487898275e-06,0.00018831386550788784,embedding_pca
esmc_PC2575,0.00018951604344110058,1.0247161277898734e-05,0.00018951604344110058,embedding_pca
esmc_PC2576,0.00019807650530738523,6.887740027018552e-06,0.00019807650530738523,embedding_pca
esmc_PC2577,0.0001955555336178681,1.375821650037921e-05,0.0001955555336178681,embedding_pca
esmc_PC2578,0.0001911986122570029,3.879556783900165e-06,0.0001911986122570029,embedding_pca
esmc_PC2579,0.00018986845517894843,7.560823052230767e-06,0.00018986845517894843,embedding_pca
esmc_PC2580,0.00018529254325465438,9.551639095756709e-06,0.00018529254325465438,embedding_pca
esmc_PC2581,0.00018723265076968666,3.231942960306831e-06,0.00018723265076968666,embedding_pca
esmc_PC2582,0.00019884295746426333,6.2041350308348e-06,0.00019884295746426333,embedding_pca
esmc_PC2583,0.0001914635575041668,1.33159489611715e-05,0.0001914635575041668,embedding_pca
esmc_PC2584,0.0001888393441271196,6.540804563706488e-06,0.0001888393441271196,embedding_pca
esmc_PC2585,0.00018800404485788094,5.651365199055833e-06,0.00018800404485788094,embedding_pca
esmc_PC2586,0.00018965839082647626,7.328240318410207e-06,0.00018965839082647626,embedding_pca
esmc_PC2587,0.0001901305282449056,6.518005609999145e-06,0.0001901305282449056,embedding_pca
esmc_PC2588,0.00019559749702848352,3.3374671631724324e-06,0.00019559749702848352,embedding_pca
esmc_PC2589,0.00019078565416493718,1.0662113217476988e-05,0.00019078565416493718,embedding_pca
esmc_PC2590,0.0001930033785239481,7.415279646328217e-06,0.0001930033785239481,embedding_pca
esmc_PC2591,0.0001994259826841362,8.121505373858788e-06,0.0001994259826841362,embedding_pca
esmc_PC2592,0.0001871827020018695,4.273319719152166e-06,0.0001871827020018695,embedding_pca
esmc_PC2593,0.00018902744951432824,4.32563628063921e-06,0.00018902744951432824,embedding_pca
esmc_PC2594,0.00018773299066592483,8.576673645631672e-06,0.00018773299066592483,embedding_pca
esmc_PC2595,0.00019036240268180873,7.9504072403637e-06,0.00019036240268180873,embedding_pca
esmc_PC2596,0.0001887437144514635,3.300962154115972e-06,0.0001887437144514635,embedding_pca
esmc_PC2597,0.00019490430623946052,7.518293012544585e-06,0.00019490430623946052,embedding_pca
esmc_PC2598,0.0001862234902831276,5.5299265626683986e-06,0.0001862234902831276,embedding_pca
esmc_PC2599,0.00020007676821342797,2.0025757421341522e-06,0.00020007676821342797,embedding_pca
esmc_PC2600,0.00019033758583055998,7.523115749844751e-06,0.00019033758583055998,embedding_pca
esmc_PC2601,0.0001909931952393905,7.816938225147322e-06,0.0001909931952393905,embedding_pca
esmc_PC2602,0.0001917202149425966,8.011749980594058e-06,0.0001917202149425966,embedding_pca
esmc_PC2603,0.0001879774761625185,8.651837787491778e-06,0.0001879774761625185,embedding_pca
esmc_PC2604,0.000193695765493077,4.237910159052094e-06,0.000193695765493077,embedding_pca
esmc_PC2605,0.00019189669366360802,4.892689846127421e-06,0.00019189669366360802,embedding_pca
esmc_PC2606,0.00019058700392358046,8.221243735556138e-06,0.00019058700392358046,embedding_pca
esmc_PC2607,0.00019455196268062532,1.3754875287397006e-05,0.00019455196268062532,embedding_pca
esmc_PC2608,0.00019484801806388157,9.616312877058952e-06,0.00019484801806388157,embedding_pca
esmc_PC2609,0.00018923341952325896,3.828265283917934e-06,0.00018923341952325896,embedding_pca
esmc_PC2610,0.00019316934844037479,7.538739558103773e-06,0.00019316934844037479,embedding_pca
esmc_PC2611,0.0001940245921160908,9.326972603778448e-06,0.0001940245921160908,embedding_pca
esmc_PC2612,0.00018434897282916329,4.679802117576057e-06,0.00018434897282916329,embedding_pca
esmc_PC2613,0.0001867979530931871,7.1753769154631815e-06,0.0001867979530931871,embedding_pca
esmc_PC2614,0.0001928510075286379,6.1534263047034905e-06,0.0001928510075286379,embedding_pca
esmc_PC2615,0.00019594692456399357,6.5232625708653605e-06,0.00019594692456399357,embedding_pca
esmc_PC2616,0.00019237534016501592,1.1435744419643637e-05,0.00019237534016501592,embedding_pca
esmc_PC2617,0.00020071055535093543,2.1522212149779207e-06,0.00020071055535093543,embedding_pca
esmc_PC2618,0.00019122209038750744,5.200342095647838e-06,0.00019122209038750744,embedding_pca
esmc_PC2619,0.00018865851376688637,6.707530492109978e-06,0.00018865851376688637,embedding_pca
esmc_PC2620,0.0002002575673674298,1.5441991008230485e-05,0.0002002575673674298,embedding_pca
esmc_PC2621,0.0001891428700680859,4.865546106139711e-06,0.0001891428700680859,embedding_pca
esmc_PC2622,0.00018520081194028487,1.1047243841714874e-05,0.00018520081194028487,embedding_pca
esmc_PC2623,0.0001830212986233,6.466166764951709e-06,0.0001830212986233,embedding_pca
esmc_PC2624,0.0001886751366695041,1.0715048285998724e-05,0.0001886751366695041,embedding_pca
esmc_PC2625,0.00019422916402615014,9.014844192450383e-06,0.00019422916402615014,embedding_pca
esmc_PC2626,0.00018972383830274513,9.661945129802745e-06,0.00018972383830274513,embedding_pca
esmc_PC2627,0.00019686229615917624,1.1163008444712941e-05,0.00019686229615917624,embedding_pca
esmc_PC2628,0.00020083073154356768,1.3107368339412343e-05,0.00020083073154356768,embedding_pca
esmc_PC2629,0.00018648258423921074,5.066797728154779e-06,0.00018648258423921074,embedding_pca
esmc_PC2630,0.00018904991974710465,7.134802330159034e-06,0.00018904991974710465,embedding_pca
esmc_PC2631,0.00019535052951493505,1.412063279619281e-05,0.00019535052951493505,embedding_pca
esmc_PC2632,0.0001937412837416346,6.737203384416005e-06,0.0001937412837416346,embedding_pca
esmc_PC2633,0.00019643169342220727,7.778372654029097e-06,0.00019643169342220727,embedding_pca
esmc_PC2634,0.00019636465978857122,8.033953332320107e-06,0.00019636465978857122,embedding_pca
esmc_PC2635,0.0001968298439330999,1.0319229541002578e-05,0.0001968298439330999,embedding_pca
esmc_PC2636,0.00019240635038627447,8.944497798284633e-06,0.00019240635038627447,embedding_pca
esmc_PC2637,0.0001912404749202596,2.841214552538402e-06,0.0001912404749202596,embedding_pca
esmc_PC2638,0.00018844088317357697,1.2333342718716876e-05,0.00018844088317357697,embedding_pca
esmc_PC2639,0.00018970021219384494,9.744499735845653e-06,0.00018970021219384494,embedding_pca
esmc_PC2640,0.00019570380104085464,1.0081954948062292e-05,0.00019570380104085464,embedding_pca
esmc_PC2641,0.00018478373746058164,1.4249816399540783e-05,0.00018478373746058164,embedding_pca
esmc_PC2642,0.00019114749614550247,7.522904915472488e-06,0.00019114749614550247,embedding_pca
esmc_PC2643,0.00019153306211733636,1.1661619437598238e-05,0.00019153306211733636,embedding_pca
esmc_PC2644,0.00019552631525054874,4.488832371368675e-06,0.00019552631525054874,embedding_pca
esmc_PC2645,0.00018430478008330708,1.0881851927505496e-05,0.00018430478008330708,embedding_pca
esmc_PC2646,0.00019584662416981851,1.0397980848238663e-05,0.00019584662416981851,embedding_pca
esmc_PC2647,0.00019317837516207297,6.089392026705903e-06,0.00019317837516207297,embedding_pca
esmc_PC2648,0.00018506042155960238,3.182628284000021e-06,0.00018506042155960238,embedding_pca
esmc_PC2649,0.00019221658714234287,4.656027795151956e-06,0.00019221658714234287,embedding_pca
esmc_PC2650,0.0001873580735113616,9.410309920160647e-06,0.0001873580735113616,embedding_pca
esmc_PC2651,0.0001854312992028661,1.3744899596895885e-05,0.0001854312992028661,embedding_pca
esmc_PC2652,0.00018632911092980473,5.628767205251833e-06,0.00018632911092980473,embedding_pca
esmc_PC2653,0.0001971711683452902,1.1174746256915018e-05,0.0001971711683452902,embedding_pca
esmc_PC2654,0.00019178374542809328,5.420942381483372e-06,0.00019178374542809328,embedding_pca
esmc_PC2655,0.00018774304917941906,6.070042294848963e-06,0.00018774304917941906,embedding_pca
esmc_PC2656,0.0001959783761333302,9.155373479691377e-06,0.0001959783761333302,embedding_pca
esmc_PC2657,0.0001900032523917361,1.1290962827380111e-05,0.0001900032523917361,embedding_pca
esmc_PC2658,0.00019021449991116695,7.993161800403228e-06,0.00019021449991116695,embedding_pca
esmc_PC2659,0.00019676762801736775,7.302396876450499e-06,0.00019676762801736775,embedding_pca
esmc_PC2660,0.0001847732538809727,1.4981619720497898e-05,0.0001847732538809727,embedding_pca
esmc_PC2661,0.00019088920176822555,8.987947410179087e-06,0.00019088920176822555,embedding_pca
esmc_PC2662,0.00018891767219634926,7.708498323309352e-06,0.00018891767219634926,embedding_pca
esmc_PC2663,0.00019322123798816028,6.435038615962449e-06,0.00019322123798816028,embedding_pca
esmc_PC2664,0.00018413712997999502,7.315059799611595e-06,0.00018413712997999502,embedding_pca
esmc_PC2665,0.00019300556575281076,6.737823362383823e-06,0.00019300556575281076,embedding_pca
esmc_PC2666,0.0001973818550491156,6.08615009838481e-06,0.0001973818550491156,embedding_pca
esmc_PC2667,0.00017895567187095144,1.0782539392518204e-05,0.00017895567187095144,embedding_pca
esmc_PC2668,0.00019800028236011255,7.5775770140171405e-06,0.00019800028236011255,embedding_pca
esmc_PC2669,0.0001873221306530964,4.2820306829904415e-06,0.0001873221306530964,embedding_pca
esmc_PC2670,0.0001910087576662692,1.0269227389000752e-05,0.0001910087576662692,embedding_pca
esmc_PC2671,0.00018738569109663783,9.270023631313727e-06,0.00018738569109663783,embedding_pca
esmc_PC2672,0.0001905724845319285,1.3653607502347135e-05,0.0001905724845319285,embedding_pca
esmc_PC2673,0.00018983708452712357,6.728104215881422e-06,0.00018983708452712357,embedding_pca
esmc_PC2674,0.00018376956146619864,6.484210215851133e-06,0.00018376956146619864,embedding_pca
esmc_PC2675,0.00019021427185321593,5.939357677370692e-06,0.00019021427185321593,embedding_pca
esmc_PC2676,0.00019056624092746594,1.3701297065150702e-05,0.00019056624092746594,embedding_pca
esmc_PC2677,0.0001928955751410546,7.1052529992110084e-06,0.0001928955751410546,embedding_pca
esmc_PC2678,0.00019268193122192454,8.56563827988809e-06,0.00019268193122192454,embedding_pca
esmc_PC2679,0.0001918615711430617,1.1888480122326579e-05,0.0001918615711430617,embedding_pca
esmc_PC2680,0.00019377966298446267,8.163881819411792e-06,0.00019377966298446267,embedding_pca
esmc_PC2681,0.0001910231729636503,6.233172819287551e-06,0.0001910231729636503,embedding_pca
esmc_PC2682,0.00019018511704213978,1.5701148104740878e-05,0.00019018511704213978,embedding_pca
esmc_PC2683,0.00019142846460411893,6.8143484925860175e-06,0.00019142846460411893,embedding_pca
esmc_PC2684,0.00018698970823444763,6.991812089148954e-06,0.00018698970823444763,embedding_pca
esmc_PC2685,0.00019370046906064167,4.116165593795702e-06,0.00019370046906064167,embedding_pca
esmc_PC2686,0.00018951975511280044,8.22577448442067e-06,0.00018951975511280044,embedding_pca
esmc_PC2687,0.00018931447524397254,4.407889263596045e-06,0.00018931447524397254,embedding_pca
esmc_PC2688,0.00019608646438497944,6.642845920119993e-06,0.00019608646438497944,embedding_pca
esmc_PC2689,0.00018969506656718932,9.64886562732546e-06,0.00018969506656718932,embedding_pca
esmc_PC2690,0.00019430449992815125,7.02587920882872e-06,0.00019430449992815125,embedding_pca
esmc_PC2691,0.00019200838239564292,1.3161829360211234e-05,0.00019200838239564292,embedding_pca
esmc_PC2692,0.00019562572785569336,1.187395124024086e-05,0.00019562572785569336,embedding_pca
esmc_PC2693,0.00019168171325560846,7.642146246190221e-06,0.00019168171325560846,embedding_pca
esmc_PC2694,0.00020065721365506375,7.84940082938316e-06,0.00020065721365506375,embedding_pca
esmc_PC2695,0.00018776553836955928,8.40436308532818e-06,0.00018776553836955928,embedding_pca
esmc_PC2696,0.00019325937302365495,1.7642144018312902e-06,0.00019325937302365495,embedding_pca
esmc_PC2697,0.00019316057055861254,3.9487521058719065e-06,0.00019316057055861254,embedding_pca
esmc_PC2698,0.00018979496032746124,5.759825061936873e-06,0.00018979496032746124,embedding_pca
esmc_PC2699,0.00018680117693396542,1.2996487441624238e-05,0.00018680117693396542,embedding_pca
esmc_PC2700,0.00019249597507006778,6.227224878220853e-06,0.00019249597507006778,embedding_pca
esmc_PC2701,0.00018430794183278912,1.0398744621499681e-05,0.00018430794183278912,embedding_pca
esmc_PC2702,0.0001902859285252266,5.728710487792942e-06,0.0001902859285252266,embedding_pca
esmc_PC2703,0.00019411966259778312,4.836505635936227e-06,0.00019411966259778312,embedding_pca
esmc_PC2704,0.00019294222033115118,3.7609300176930006e-06,0.00019294222033115118,embedding_pca
esmc_PC2705,0.00018867600355885146,4.0604328640761295e-06,0.00018867600355885146,embedding_pca
esmc_PC2706,0.00019263668451080447,5.592958805642515e-06,0.00019263668451080447,embedding_pca
esmc_PC2707,0.00019336342894908892,9.069060596546592e-06,0.00019336342894908892,embedding_pca
esmc_PC2708,0.00020020646348846145,5.389459631837153e-06,0.00020020646348846145,embedding_pca
esmc_PC2709,0.00019306949490713337,1.1338563660680644e-05,0.00019306949490713337,embedding_pca
esmc_PC2710,0.00018654136737656057,1.2998095872122544e-05,0.00018654136737656057,embedding_pca
esmc_PC2711,0.00018914837867180847,8.703545591198841e-06,0.00018914837867180847,embedding_pca
esmc_PC2712,0.0001848701676547707,3.7655274491211e-06,0.0001848701676547707,embedding_pca
esmc_PC2713,0.0001864336023533347,4.494787297026619e-06,0.0001864336023533347,embedding_pca
esmc_PC2714,0.00018727425449268704,5.179650169410901e-06,0.00018727425449268704,embedding_pca
esmc_PC2715,0.00018663926258810965,9.358581744558683e-06,0.00018663926258810965,embedding_pca
esmc_PC2716,0.00019089873296243112,8.310734060269824e-06,0.00019089873296243112,embedding_pca
esmc_PC2717,0.00018708256541256403,7.604015122482293e-06,0.00018708256541256403,embedding_pca
esmc_PC2718,0.00018905256808177261,1.010422678824379e-05,0.00018905256808177261,embedding_pca
esmc_PC2719,0.00018520839866330454,9.754255455875081e-06,0.00018520839866330454,embedding_pca
esmc_PC2720,0.00019530242323766693,1.5202941219535236e-05,0.00019530242323766693,embedding_pca
esmc_PC2721,0.0001969055703406181,1.4076815384935995e-05,0.0001969055703406181,embedding_pca
esmc_PC2722,0.0001876582131217484,1.0657150370665558e-05,0.0001876582131217484,embedding_pca
esmc_PC2723,0.00019571109766977325,4.993251969395769e-06,0.00019571109766977325,embedding_pca
esmc_PC2724,0.00019320653001820746,5.970609424157156e-06,0.00019320653001820746,embedding_pca
esmc_PC2725,0.00019269632717612627,9.385355352215915e-06,0.00019269632717612627,embedding_pca
esmc_PC2726,0.00019262173979444199,9.396215057608282e-06,0.00019262173979444199,embedding_pca
esmc_PC2727,0.00018847022855276167,8.659855547043007e-06,0.00018847022855276167,embedding_pca
esmc_PC2728,0.0001890390155671582,5.2467861668089956e-06,0.0001890390155671582,embedding_pca
esmc_PC2729,0.00018657700129595211,1.030081491296836e-05,0.00018657700129595211,embedding_pca
esmc_PC2730,0.00019045810204500597,7.823675425568403e-06,0.00019045810204500597,embedding_pca
esmc_PC2731,0.0001804528088791838,1.0891368652978015e-05,0.0001804528088791838,embedding_pca
esmc_PC2732,0.0001883472573872712,1.3085328070763025e-05,0.0001883472573872712,embedding_pca
esmc_PC2733,0.00019258309439987894,9.754291469511414e-06,0.00019258309439987894,embedding_pca
esmc_PC2734,0.00020024730448604594,1.085701588056983e-05,0.00020024730448604594,embedding_pca
esmc_PC2735,0.00019130953554420124,7.30287772044211e-06,0.00019130953554420124,embedding_pca
esmc_PC2736,0.0001938478510448535,1.0476952683486616e-05,0.0001938478510448535,embedding_pca
esmc_PC2737,0.00019002823277804864,5.065302052378356e-06,0.00019002823277804864,embedding_pca
esmc_PC2738,0.00019978492118516347,7.841436589497024e-06,0.00019978492118516347,embedding_pca
esmc_PC2739,0.0001908205916273494,7.303188194256243e-06,0.0001908205916273494,embedding_pca
esmc_PC2740,0.00019110849600464092,1.1746221157747356e-05,0.00019110849600464092,embedding_pca
esmc_PC2741,0.0001815835907247109,1.005839802150033e-05,0.0001815835907247109,embedding_pca
esmc_PC2742,0.00019271952874415748,4.174540260833897e-06,0.00019271952874415748,embedding_pca
esmc_PC2743,0.0001871268457465249,4.863933274111595e-06,0.0001871268457465249,embedding_pca
esmc_PC2744,0.00019737729181257485,5.2897457057725e-06,0.00019737729181257485,embedding_pca
esmc_PC2745,0.00019252324708231245,6.845951222682997e-06,0.00019252324708231245,embedding_pca
esmc_PC2746,0.00019018434859570808,8.954389019171458e-06,0.00019018434859570808,embedding_pca
esmc_PC2747,0.00018895418088097125,1.0467782784184125e-05,0.00018895418088097125,embedding_pca
esmc_PC2748,0.00018865704537604592,1.2152037642963336e-05,0.00018865704537604592,embedding_pca
esmc_PC2749,0.0001846846292180828,6.924030869740613e-06,0.0001846846292180828,embedding_pca
esmc_PC2750,0.00018683229547037302,9.911999568926474e-06,0.00018683229547037302,embedding_pca
esmc_PC2751,0.00017951198997643295,3.908230118261902e-06,0.00017951198997643295,embedding_pca
esmc_PC2752,0.00018358025817929318,8.547563509732074e-06,0.00018358025817929318,embedding_pca
esmc_PC2753,0.00019419946607743607,7.13941156767195e-06,0.00019419946607743607,embedding_pca
esmc_PC2754,0.0001937546882590298,1.4019107717280954e-05,0.0001937546882590298,embedding_pca
esmc_PC2755,0.00019183265136331543,6.668616679482909e-06,0.00019183265136331543,embedding_pca
esmc_PC2756,0.00018394495673169198,1.154371933269664e-05,0.00018394495673169198,embedding_pca
esmc_PC2757,0.00019332665908751884,6.025174905835038e-06,0.00019332665908751884,embedding_pca
esmc_PC2758,0.0001924472381222726,5.094419463781746e-06,0.0001924472381222726,embedding_pca
esmc_PC2759,0.00018903039732900373,1.1967450055032557e-05,0.00018903039732900373,embedding_pca
esmc_PC2760,0.00019958324606671453,6.431435780095402e-06,0.00019958324606671453,embedding_pca
esmc_PC2761,0.00019277263896107493,5.200962623319125e-06,0.00019277263896107493,embedding_pca
esmc_PC2762,0.00019073891221382108,1.3669312080521003e-05,0.00019073891221382108,embedding_pca
esmc_PC2763,0.00019311806716173886,5.008731719289811e-06,0.00019311806716173886,embedding_pca
esmc_PC2764,0.00019198678278452833,1.4181897938670725e-05,0.00019198678278452833,embedding_pca
esmc_PC2765,0.00018509653255790163,1.1381016800604277e-05,0.00018509653255790163,embedding_pca
esmc_PC2766,0.0001952758093024948,4.27627880019717e-06,0.0001952758093024948,embedding_pca
esmc_PC2767,0.0001910969599620139,4.035867368837237e-06,0.0001910969599620139,embedding_pca
esmc_PC2768,0.00018941361786368565,3.986324841424686e-06,0.00018941361786368565,embedding_pca
esmc_PC2769,0.00018906168036443062,1.1649414885765593e-05,0.00018906168036443062,embedding_pca
esmc_PC2770,0.000188582354858446,8.088713754955046e-06,0.000188582354858446,embedding_pca
esmc_PC2771,0.0001934496060960542,3.1651375554261642e-06,0.0001934496060960542,embedding_pca
esmc_PC2772,0.00019270620812725678,1.2589700724579509e-05,0.00019270620812725678,embedding_pca
esmc_PC2773,0.00018635488920816347,8.99531092455789e-06,0.00018635488920816347,embedding_pca
esmc_PC2774,0.00018923153825037119,4.363535829044813e-06,0.00018923153825037119,embedding_pca
esmc_PC2775,0.00018651532465132595,9.97904091884095e-06,0.00018651532465132595,embedding_pca
esmc_PC2776,0.00019640734651925007,1.0913467498660313e-05,0.00019640734651925007,embedding_pca
esmc_PC2777,0.00018767664325430655,1.216121671261713e-05,0.00018767664325430655,embedding_pca
esmc_PC2778,0.00019057657655304267,5.0407444348080405e-06,0.00019057657655304267,embedding_pca
esmc_PC2779,0.00019161677543505596,8.704784342859514e-06,0.00019161677543505596,embedding_pca
esmc_PC2780,0.00019364883170106282,1.4324110475260357e-05,0.00019364883170106282,embedding_pca
esmc_PC2781,0.00018142182033463602,9.215551791035702e-06,0.00018142182033463602,embedding_pca
esmc_PC2782,0.00018493289237658114,6.9367170841328695e-06,0.00018493289237658114,embedding_pca
esmc_PC2783,0.00018699681135871067,9.5474048732868e-06,0.00018699681135871067,embedding_pca
esmc_PC2784,0.00019111742504789467,1.3676408023810268e-05,0.00019111742504789467,embedding_pca
esmc_PC2785,0.00019473725335168905,8.260575246891615e-06,0.00019473725335168905,embedding_pca
esmc_PC2786,0.00018751300352039802,5.782988899185137e-06,0.00018751300352039802,embedding_pca
esmc_PC2787,0.00017971878812234927,5.2530144399773506e-06,0.00017971878812234927,embedding_pca
esmc_PC2788,0.00019794118797173505,1.1835026373655444e-05,0.00019794118797173505,embedding_pca
esmc_PC2789,0.00019230268362604847,5.463954822512154e-06,0.00019230268362604847,embedding_pca
esmc_PC2790,0.00019391094573091678,3.434143108691516e-06,0.00019391094573091678,embedding_pca
esmc_PC2791,0.00019476369289199715,5.968297868388567e-06,0.00019476369289199715,embedding_pca
esmc_PC2792,0.00019175752424305047,9.798916008873464e-06,0.00019175752424305047,embedding_pca
esmc_PC2793,0.00018869498126094952,5.607836215962625e-06,0.00018869498126094952,embedding_pca
esmc_PC2794,0.00018912384888889548,5.242380542514571e-06,0.00018912384888889548,embedding_pca
esmc_PC2795,0.00018918608112671655,1.023124472802642e-05,0.00018918608112671655,embedding_pca
esmc_PC2796,0.00020232169505049192,9.36928190456993e-06,0.00020232169505049192,embedding_pca
esmc_PC2797,0.00019147287600751174,6.032740750033993e-06,0.00019147287600751174,embedding_pca
esmc_PC2798,0.00018986814055999216,1.1553915465988051e-05,0.00018986814055999216,embedding_pca
esmc_PC2799,0.00019436775594254703,8.72161609160292e-06,0.00019436775594254703,embedding_pca
esmc_PC2800,0.00018439432555355403,4.876546843024534e-06,0.00018439432555355403,embedding_pca
esmc_PC2801,0.00019130911369904055,8.479853792872917e-06,0.00019130911369904055,embedding_pca
esmc_PC2802,0.0001920471396213642,6.7378996021113505e-06,0.0001920471396213642,embedding_pca
esmc_PC2803,0.00019281429528016008,7.984758782430604e-06,0.00019281429528016008,embedding_pca
esmc_PC2804,0.00018029562789431962,8.405856676515504e-06,0.00018029562789431962,embedding_pca
esmc_PC2805,0.0001983855107692537,1.4351809843330194e-05,0.0001983855107692537,embedding_pca
esmc_PC2806,0.00019443840635100142,1.097660159859544e-05,0.00019443840635100142,embedding_pca
esmc_PC2807,0.00019729484849118667,6.817441817384087e-06,0.00019729484849118667,embedding_pca
esmc_PC2808,0.00019451461122859016,6.581465408486423e-06,0.00019451461122859016,embedding_pca
esmc_PC2809,0.0001892820121023285,8.680732087366236e-06,0.0001892820121023285,embedding_pca
esmc_PC2810,0.00018920622221671284,6.790744198094921e-06,0.00018920622221671284,embedding_pca
esmc_PC2811,0.00019081226751452442,5.016302192562411e-06,0.00019081226751452442,embedding_pca
esmc_PC2812,0.00019628080827798145,3.7942498439038838e-06,0.00019628080827798145,embedding_pca
esmc_PC2813,0.00019955699872199823,1.5963800766779165e-05,0.00019955699872199823,embedding_pca
esmc_PC2814,0.0002005275298112014,1.4839618600349321e-05,0.0002005275298112014,embedding_pca
esmc_PC2815,0.00018629669458027285,4.700853950931501e-06,0.00018629669458027285,embedding_pca
esmc_PC2816,0.00018708906580636829,3.299299650578315e-06,0.00018708906580636829,embedding_pca
esmc_PC2817,0.000197456927646843,9.400532309065358e-06,0.000197456927646843,embedding_pca
esmc_PC2818,0.00019767638297178426,7.581084112443306e-06,0.00019767638297178426,embedding_pca
esmc_PC2819,0.0001812966614256002,1.0320664291931282e-05,0.0001812966614256002,embedding_pca
esmc_PC2820,0.00018947115057799298,4.544372903684988e-06,0.00018947115057799298,embedding_pca
esmc_PC2821,0.0001953582264029479,5.605549493162892e-06,0.0001953582264029479,embedding_pca
esmc_PC2822,0.00019708614155694392,9.259251450442257e-06,0.00019708614155694392,embedding_pca
esmc_PC2823,0.00019752321594704902,4.3020670074974296e-06,0.00019752321594704902,embedding_pca
esmc_PC2824,0.00019410584615422115,8.132881500306495e-06,0.00019410584615422115,embedding_pca
esmc_PC2825,0.000189466243129483,3.4185131508152883e-06,0.000189466243129483,embedding_pca
esmc_PC2826,0.00018989236413668163,7.962251142589844e-06,0.00018989236413668163,embedding_pca
esmc_PC2827,0.0001905842928659394,1.0523933403324853e-05,0.0001905842928659394,embedding_pca
esmc_PC2828,0.00018705613196820083,1.2060810835412836e-05,0.00018705613196820083,embedding_pca
esmc_PC2829,0.00018956927732261992,5.7658676809816305e-06,0.00018956927732261992,embedding_pca
esmc_PC2830,0.0001895638548061256,3.3846135987640328e-06,0.0001895638548061256,embedding_pca
esmc_PC2831,0.00018646528273570214,4.365852182659592e-06,0.00018646528273570214,embedding_pca
esmc_PC2832,0.0001931935358860675,6.1101728765353365e-06,0.0001931935358860675,embedding_pca
esmc_PC2833,0.00019096352225862734,4.966357744441414e-06,0.00019096352225862734,embedding_pca
esmc_PC2834,0.00019877086191096076,6.516346181053972e-06,0.00019877086191096076,embedding_pca
esmc_PC2835,0.00018828529875282408,1.002332640912365e-05,0.00018828529875282408,embedding_pca
esmc_PC2836,0.00019885494460773184,8.684840984796271e-06,0.00019885494460773184,embedding_pca
esmc_PC2837,0.00019625661358534514,7.010825748993094e-06,0.00019625661358534514,embedding_pca
esmc_PC2838,0.00020181013031372316,9.430310672089858e-06,0.00020181013031372316,embedding_pca
esmc_PC2839,0.00018575963075644726,8.544751647235445e-06,0.00018575963075644726,embedding_pca
esmc_PC2840,0.0001862971390463979,7.415451737287345e-06,0.0001862971390463979,embedding_pca
esmc_PC2841,0.0001914910509358574,5.562657662404435e-06,0.0001914910509358574,embedding_pca
esmc_PC2842,0.00019126720398628122,9.445630207100488e-06,0.00019126720398628122,embedding_pca
esmc_PC2843,0.00018710244976870657,8.140243698568808e-06,0.00018710244976870657,embedding_pca
esmc_PC2844,0.00019296568915812344,9.678599609248313e-06,0.00019296568915812344,embedding_pca
esmc_PC2845,0.0001891457404042624,6.5779776455707084e-06,0.0001891457404042624,embedding_pca
esmc_PC2846,0.0001860058446310372,1.312369663982877e-05,0.0001860058446310372,embedding_pca
esmc_PC2847,0.000186817119947283,1.040132505655356e-05,0.000186817119947283,embedding_pca
esmc_PC2848,0.0001834350791437588,8.508736822283365e-06,0.0001834350791437588,embedding_pca
esmc_PC2849,0.00018830010214174485,4.136147140264635e-06,0.00018830010214174485,embedding_pca
esmc_PC2850,0.00018798261414097918,9.410366740646445e-06,0.00018798261414097918,embedding_pca
esmc_PC2851,0.0001932696306903112,7.283376109268603e-06,0.0001932696306903112,embedding_pca
esmc_PC2852,0.00019361588582607382,4.950295342931218e-06,0.00019361588582607382,embedding_pca
esmc_PC2853,0.00018910323570012934,7.962668182978609e-06,0.00018910323570012934,embedding_pca
esmc_PC2854,0.0001901896830395862,6.227316343284162e-06,0.0001901896830395862,embedding_pca
esmc_PC2855,0.00020030559778825476,1.0020405463619565e-05,0.00020030559778825476,embedding_pca
esmc_PC2856,0.0001877621669301296,6.511465369955072e-06,0.0001877621669301296,embedding_pca
esmc_PC2857,0.00018715295441481655,6.427728416377808e-06,0.00018715295441481655,embedding_pca
esmc_PC2858,0.00019267698263996744,7.467388153170612e-06,0.00019267698263996744,embedding_pca
esmc_PC2859,0.0001862899970571603,4.084641871603484e-06,0.0001862899970571603,embedding_pca
esmc_PC2860,0.00019041343698084317,8.488770700314876e-06,0.00019041343698084317,embedding_pca
esmc_PC2861,0.00018916110005619396,7.829759154070669e-06,0.00018916110005619396,embedding_pca
esmc_PC2862,0.00019287114940242652,6.395578015635097e-06,0.00019287114940242652,embedding_pca
esmc_PC2863,0.00019663445354905612,1.1031665839285602e-05,0.00019663445354905612,embedding_pca
esmc_PC2864,0.00019695765977801788,6.459531746992791e-06,0.00019695765977801788,embedding_pca
esmc_PC2865,0.0001936481323753461,6.265860746883321e-06,0.0001936481323753461,embedding_pca
esmc_PC2866,0.00019393994904909074,5.758452129544762e-06,0.00019393994904909074,embedding_pca
esmc_PC2867,0.00019889225340720255,1.0600495069251223e-05,0.00019889225340720255,embedding_pca
esmc_PC2868,0.00018942186861284384,8.754134182925692e-06,0.00018942186861284384,embedding_pca
esmc_PC2869,0.00018820687200824839,8.90878018815537e-06,0.00018820687200824839,embedding_pca
esmc_PC2870,0.000190167756768984,6.879897625012773e-06,0.000190167756768984,embedding_pca
esmc_PC2871,0.00019076645008236695,9.272115031831078e-06,0.00019076645008236695,embedding_pca
esmc_PC2872,0.00019321383590290383,1.063177677863768e-05,0.00019321383590290383,embedding_pca
esmc_PC2873,0.00019027894430548325,7.958577870078563e-06,0.00019027894430548325,embedding_pca
esmc_PC2874,0.0001932935660924679,6.941690724829725e-06,0.0001932935660924679,embedding_pca
esmc_PC2875,0.00019513515798030327,6.783792274833704e-06,0.00019513515798030327,embedding_pca
esmc_PC2876,0.0001912362873326611,7.2813099434294375e-06,0.0001912362873326611,embedding_pca
esmc_PC2877,0.00018921373418706667,8.206856774735083e-06,0.00018921373418706667,embedding_pca
esmc_PC2878,0.00019027979885638709,3.2240925105806033e-06,0.00019027979885638709,embedding_pca
esmc_PC2879,0.0001923783265276735,1.0301408805171608e-05,0.0001923783265276735,embedding_pca
esmc_PC2880,0.00019181576806166404,6.889168461616214e-06,0.00019181576806166404,embedding_pca
esmc_PC2881,0.00019608155398248114,6.892345575025922e-06,0.00019608155398248114,embedding_pca
esmc_PC2882,0.00019667660892216894,4.367064868361288e-06,0.00019667660892216894,embedding_pca
esmc_PC2883,0.0002000416852957131,6.855456145268757e-06,0.0002000416852957131,embedding_pca
esmc_PC2884,0.00018846330183970824,6.818461707376572e-06,0.00018846330183970824,embedding_pca
esmc_PC2885,0.00019390342666961808,1.3437644414598211e-05,0.00019390342666961808,embedding_pca
esmc_PC2886,0.00018794679240351792,4.517266401609094e-06,0.00018794679240351792,embedding_pca
esmc_PC2887,0.00018868709694682995,8.07145298492647e-06,0.00018868709694682995,embedding_pca
esmc_PC2888,0.00019190980948455137,8.311816850079043e-06,0.00019190980948455137,embedding_pca
esmc_PC2889,0.00018816190892355253,7.788189861975987e-06,0.00018816190892355253,embedding_pca
esmc_PC2890,0.00019371210724382148,1.0954851645732649e-05,0.00019371210724382148,embedding_pca
esmc_PC2891,0.00019705846001798972,1.701060089849095e-05,0.00019705846001798972,embedding_pca
esmc_PC2892,0.0001884251280127561,6.185686763388992e-06,0.0001884251280127561,embedding_pca
esmc_PC2893,0.00019192593266920328,7.924601680509958e-06,0.00019192593266920328,embedding_pca
esmc_PC2894,0.0001851903233396541,7.263402302323069e-06,0.0001851903233396541,embedding_pca
esmc_PC2895,0.00018873314749116087,4.707983823744542e-06,0.00018873314749116087,embedding_pca
esmc_PC2896,0.0001932320134272466,1.568056199462463e-05,0.0001932320134272466,embedding_pca
esmc_PC2897,0.0001934786729423415,4.6486456165528585e-06,0.0001934786729423415,embedding_pca
esmc_PC2898,0.0001875758749424092,1.3673862737143696e-05,0.0001875758749424092,embedding_pca
esmc_PC2899,0.00019394956601620793,7.732904624798403e-06,0.00019394956601620793,embedding_pca
esmc_PC2900,0.0001877516298442954,9.869060230622325e-06,0.0001877516298442954,embedding_pca
esmc_PC2901,0.00019204952693637644,9.23099631801541e-06,0.00019204952693637644,embedding_pca
esmc_PC2902,0.00019487687050625586,1.548327472552968e-05,0.00019487687050625586,embedding_pca
esmc_PC2903,0.00019255476309781703,8.918530969836736e-06,0.00019255476309781703,embedding_pca
esmc_PC2904,0.00019198199624384987,2.7618270481679216e-06,0.00019198199624384987,embedding_pca
esmc_PC2905,0.00019183613834573566,6.911582472445305e-06,0.00019183613834573566,embedding_pca
esmc_PC2906,0.00020385703913270914,5.23551372756195e-06,0.00020385703913270914,embedding_pca
esmc_PC2907,0.00018568336028581097,9.795843401626731e-06,0.00018568336028581097,embedding_pca
esmc_PC2908,0.00019355872658063746,9.654899323861067e-06,0.00019355872658063746,embedding_pca
esmc_PC2909,0.00019281510421938067,8.764099694894944e-06,0.00019281510421938067,embedding_pca
esmc_PC2910,0.00018983109254314508,1.4484599924434715e-05,0.00018983109254314508,embedding_pca
esmc_PC2911,0.00019452498203630835,1.21060595125425e-05,0.00019452498203630835,embedding_pca
esmc_PC2912,0.00019683055132012632,9.208554016025244e-06,0.00019683055132012632,embedding_pca
esmc_PC2913,0.00019558272525319726,1.1228180955047389e-05,0.00019558272525319726,embedding_pca
esmc_PC2914,0.00018794563981936152,7.545737126321804e-06,0.00018794563981936152,embedding_pca
esmc_PC2915,0.00018896320403242426,3.594962521512107e-06,0.00018896320403242426,embedding_pca
esmc_PC2916,0.00019335491533349305,1.0047153526552357e-05,0.00019335491533349305,embedding_pca
esmc_PC2917,0.0001807703371101205,4.989189825184244e-06,0.0001807703371101205,embedding_pca
esmc_PC2918,0.00019384289308607157,8.22858030148785e-06,0.00019384289308607157,embedding_pca
esmc_PC2919,0.00018960180631328563,7.69896394438822e-06,0.00018960180631328563,embedding_pca
esmc_PC2920,0.0001868927226028573,4.783049680865924e-06,0.0001868927226028573,embedding_pca
esmc_PC2921,0.00018936705931491807,7.194048039233396e-06,0.00018936705931491807,embedding_pca
esmc_PC2922,0.00019702729245065273,1.4012438919748727e-05,0.00019702729245065273,embedding_pca
esmc_PC2923,0.00019437625511877098,9.03593594436445e-06,0.00019437625511877098,embedding_pca
esmc_PC2924,0.00018901641196311623,6.739522885643189e-06,0.00018901641196311623,embedding_pca
esmc_PC2925,0.0001925242458094596,1.33954088853167e-05,0.0001925242458094596,embedding_pca
esmc_PC2926,0.00018463990407888105,4.706005833815025e-06,0.00018463990407888105,embedding_pca
esmc_PC2927,0.0001840868640847358,4.101943811966502e-06,0.0001840868640847358,embedding_pca
esmc_PC2928,0.00019753438522352148,1.3090478843541124e-05,0.00019753438522352148,embedding_pca
esmc_PC2929,0.00019454624244597769,1.1320076186795915e-05,0.00019454624244597769,embedding_pca
esmc_PC2930,0.00020207332019820876,1.0294602959418355e-05,0.00020207332019820876,embedding_pca
esmc_PC2931,0.00019158619446673863,1.0501347096748162e-05,0.00019158619446673863,embedding_pca
esmc_PC2932,0.00018978804190605765,5.770655755928458e-06,0.00018978804190605765,embedding_pca
esmc_PC2933,0.00019138261918614266,5.125870261481498e-06,0.00019138261918614266,embedding_pca
esmc_PC2934,0.00018675251052056662,7.254166481457901e-06,0.00018675251052056662,embedding_pca
esmc_PC2935,0.00019725035225177955,1.2610888357784767e-05,0.00019725035225177955,embedding_pca
esmc_PC2936,0.00018858166418741655,5.644478215467145e-06,0.00018858166418741655,embedding_pca
esmc_PC2937,0.00019061064399012554,4.8382452696933095e-06,0.00019061064399012554,embedding_pca
esmc_PC2938,0.0001887447735770002,5.748193540449565e-06,0.0001887447735770002,embedding_pca
esmc_PC2939,0.00019246631330759615,1.2217107123374939e-05,0.00019246631330759615,embedding_pca
esmc_PC2940,0.0001946789331099972,1.1335495330531629e-05,0.0001946789331099972,embedding_pca
esmc_PC2941,0.0001997115548850287,1.2409145208928043e-05,0.0001997115548850287,embedding_pca
esmc_PC2942,0.00018795849081189485,2.8903530399921436e-06,0.00018795849081189485,embedding_pca
esmc_PC2943,0.0001910584794640709,1.3748874974099323e-05,0.0001910584794640709,embedding_pca
esmc_PC2944,0.0001953355518735459,7.232148754992268e-06,0.0001953355518735459,embedding_pca
esmc_PC2945,0.00019379134758643543,6.253935662695125e-06,0.00019379134758643543,embedding_pca
esmc_PC2946,0.0001908231860666833,9.217556123385466e-06,0.0001908231860666833,embedding_pca
esmc_PC2947,0.00018986518326934715,7.214956383623431e-06,0.00018986518326934715,embedding_pca
esmc_PC2948,0.00018035175973011235,7.399073281804816e-06,0.00018035175973011235,embedding_pca
esmc_PC2949,0.00019047516979504338,9.446753761108438e-06,0.00019047516979504338,embedding_pca
esmc_PC2950,0.00019037560761281171,3.545269598157107e-06,0.00019037560761281171,embedding_pca
esmc_PC2951,0.00019353388254967033,7.66123987703364e-06,0.00019353388254967033,embedding_pca
esmc_PC2952,0.00019925249359805606,9.805599600456522e-06,0.00019925249359805606,embedding_pca
esmc_PC2953,0.00019810138004756032,1.1228388008992178e-05,0.00019810138004756032,embedding_pca
esmc_PC2954,0.00019617473637101196,9.855285868289165e-06,0.00019617473637101196,embedding_pca
esmc_PC2955,0.00018588884687634143,7.926632308886253e-06,0.00018588884687634143,embedding_pca
esmc_PC2956,0.0001890140733890103,3.927396473316111e-06,0.0001890140733890103,embedding_pca
esmc_PC2957,0.0001928976472538694,9.452056012215427e-06,0.0001928976472538694,embedding_pca
esmc_PC2958,0.0001896857441992035,3.4113464452986694e-06,0.0001896857441992035,embedding_pca
esmc_PC2959,0.0001853804087981008,2.4921703779017263e-06,0.0001853804087981008,embedding_pca
esmc_PC2960,0.0001854424266331995,6.866828456732701e-06,0.0001854424266331995,embedding_pca
esmc_PC2961,0.0001821781593493639,9.593584720180358e-06,0.0001821781593493639,embedding_pca
esmc_PC2962,0.00018907473831592306,6.272622679134048e-06,0.00018907473831592306,embedding_pca
esmc_PC2963,0.00019321940635363909,6.011472727422011e-06,0.00019321940635363909,embedding_pca
esmc_PC2964,0.00018796847990476605,9.762383552151974e-06,0.00018796847990476605,embedding_pca
esmc_PC2965,0.00018875911101943918,4.880873597714058e-06,0.00018875911101943918,embedding_pca
esmc_PC2966,0.00019191431522992428,3.3308551434810293e-06,0.00019191431522992428,embedding_pca
esmc_PC2967,0.00019567405597087413,3.476540581491377e-06,0.00019567405597087413,embedding_pca
esmc_PC2968,0.00019084884236916411,1.2269910182955786e-05,0.00019084884236916411,embedding_pca
esmc_PC2969,0.00018918505914586559,5.693571841416395e-06,0.00018918505914586559,embedding_pca
esmc_PC2970,0.00019232972025804042,5.851401576830667e-06,0.00019232972025804042,embedding_pca
esmc_PC2971,0.0002001030159400641,1.2691358707855973e-05,0.0002001030159400641,embedding_pca
esmc_PC2972,0.0001875844952630564,1.7469934954768623e-05,0.0001875844952630564,embedding_pca
esmc_PC2973,0.0001960166350786047,1.2011102813998587e-05,0.0001960166350786047,embedding_pca
esmc_PC2974,0.0001890309892761055,4.85379542994772e-06,0.0001890309892761055,embedding_pca
esmc_PC2975,0.00019400969117339294,1.071282560676766e-05,0.00019400969117339294,embedding_pca
esmc_PC2976,0.00019354725826838153,9.43967590155047e-06,0.00019354725826838153,embedding_pca
esmc_PC2977,0.00019483616155316778,3.5906393950853973e-06,0.00019483616155316778,embedding_pca
esmc_PC2978,0.00018836700613638347,8.501287762701302e-06,0.00018836700613638347,embedding_pca
esmc_PC2979,0.00019627210056174672,1.6868893495424497e-05,0.00019627210056174672,embedding_pca
esmc_PC2980,0.00018804442655549983,1.0686357147053423e-05,0.00018804442655549983,embedding_pca
esmc_PC2981,0.00018614565227601372,6.441534603153806e-06,0.00018614565227601372,embedding_pca
esmc_PC2982,0.00019076784049769827,4.099232340301451e-06,0.00019076784049769827,embedding_pca
esmc_PC2983,0.00019430520707876034,8.200947776783489e-06,0.00019430520707876034,embedding_pca
esmc_PC2984,0.00018808201324188456,6.0757933200238455e-06,0.00018808201324188456,embedding_pca
esmc_PC2985,0.00019743983559465019,6.5579692846973695e-06,0.00019743983559465019,embedding_pca
esmc_PC2986,0.00018725421119408363,1.0128936878717106e-05,0.00018725421119408363,embedding_pca
esmc_PC2987,0.00019639147416857902,4.7819809137102005e-06,0.00019639147416857902,embedding_pca
esmc_PC2988,0.0001951740235776024,1.682020730443123e-05,0.0001951740235776024,embedding_pca
esmc_PC2989,0.0001956404975279707,8.5514642026494e-06,0.0001956404975279707,embedding_pca
esmc_PC2990,0.000187775732991373,1.1675287637240548e-05,0.000187775732991373,embedding_pca
esmc_PC2991,0.00018518026609438512,5.627824346346996e-06,0.00018518026609438512,embedding_pca
esmc_PC2992,0.00019321296849014573,1.463951375932707e-05,0.00019321296849014573,embedding_pca
esmc_PC2993,0.00020181448787917754,6.290712821054546e-06,0.00020181448787917754,embedding_pca
esmc_PC2994,0.0001914756320357306,1.0622901177390606e-05,0.0001914756320357306,embedding_pca
esmc_PC2995,0.00017907060808598232,6.383811901531422e-06,0.00017907060808598232,embedding_pca
esmc_PC2996,0.00019221835797112764,8.400063613383105e-06,0.00019221835797112764,embedding_pca
esmc_PC2997,0.00018546241018968398,9.253311446169308e-06,0.00018546241018968398,embedding_pca
esmc_PC2998,0.00018705931451413923,1.0641883863140758e-05,0.00018705931451413923,embedding_pca
esmc_PC2999,0.0001937863073643733,5.943398219883542e-06,0.0001937863073643733,embedding_pca
esmc_PC3000,0.0001941169784376228,6.9740943476831005e-06,0.0001941169784376228,embedding_pca
esmc_PC3001,0.00019280637798266346,8.7656870371329e-06,0.00019280637798266346,embedding_pca
esmc_PC3002,0.00019392865972295772,1.3407332873985209e-05,0.00019392865972295772,embedding_pca
esmc_PC3003,0.00019568079609147445,1.0343687636455285e-05,0.00019568079609147445,embedding_pca
esmc_PC3004,0.00019469171873265646,1.3053349876258213e-05,0.00019469171873265646,embedding_pca
esmc_PC3005,0.00019286624334151098,6.077144032829049e-06,0.00019286624334151098,embedding_pca
esmc_PC3006,0.00019537764989751004,6.269148222787988e-06,0.00019537764989751004,embedding_pca
esmc_PC3007,0.0001850630559383577,1.3121454186009478e-05,0.0001850630559383577,embedding_pca
esmc_PC3008,0.00018802488342128894,1.3913484663187076e-05,0.00018802488342128894,embedding_pca
esmc_PC3009,0.00019405975180068554,7.778822722432953e-06,0.00019405975180068554,embedding_pca
esmc_PC3010,0.00019420918447406803,6.9193236488169355e-06,0.00019420918447406803,embedding_pca
esmc_PC3011,0.00019030407544325204,1.0561356909397083e-05,0.00019030407544325204,embedding_pca
esmc_PC3012,0.00018675080377674258,8.25855454601973e-06,0.00018675080377674258,embedding_pca
esmc_PC3013,0.00019645816540719683,1.5679428638682884e-05,0.00019645816540719683,embedding_pca
esmc_PC3014,0.0001889466970112842,9.24983822335375e-06,0.0001889466970112842,embedding_pca
esmc_PC3015,0.00018994313622308778,1.2055762692460019e-05,0.00018994313622308778,embedding_pca
esmc_PC3016,0.00019184252588931315,1.1757912494921532e-05,0.00019184252588931315,embedding_pca
esmc_PC3017,0.00018337080444363633,9.718819860199218e-06,0.00018337080444363633,embedding_pca
esmc_PC3018,0.00018341070739297084,4.337221004821203e-06,0.00018341070739297084,embedding_pca
esmc_PC3019,0.00018971616130783377,9.123470863686052e-06,0.00018971616130783377,embedding_pca
esmc_PC3020,0.00018537194459029618,3.904685593230113e-06,0.00018537194459029618,embedding_pca
esmc_PC3021,0.00018674160752305013,9.88190187150203e-06,0.00018674160752305013,embedding_pca
esmc_PC3022,0.00018727809325719337,5.531372615777512e-06,0.00018727809325719337,embedding_pca
esmc_PC3023,0.00019098699246997302,3.337842716970632e-06,0.00019098699246997302,embedding_pca
esmc_PC3024,0.00018087777964405355,5.905952613353967e-06,0.00018087777964405355,embedding_pca
esmc_PC3025,0.00018471659753005674,8.919354569773938e-06,0.00018471659753005674,embedding_pca
esmc_PC3026,0.00018773224624090172,2.6037444540989435e-06,0.00018773224624090172,embedding_pca
esmc_PC3027,0.00019344099550304357,6.7697548917659676e-06,0.00019344099550304357,embedding_pca
esmc_PC3028,0.00019685368715751774,1.028633911158482e-05,0.00019685368715751774,embedding_pca
esmc_PC3029,0.00019448126862614277,6.353029442650261e-06,0.00019448126862614277,embedding_pca
esmc_PC3030,0.0002007879360810312,1.260816532804631e-05,0.0002007879360810312,embedding_pca
esmc_PC3031,0.00018836190721744451,1.0461474573666303e-05,0.00018836190721744451,embedding_pca
esmc_PC3032,0.000185873843148843,2.8932810647691646e-06,0.000185873843148843,embedding_pca
esmc_PC3033,0.0002020925176627048,1.161928192815171e-05,0.0002020925176627048,embedding_pca
esmc_PC3034,0.00019916220333432373,7.904528580478877e-06,0.00019916220333432373,embedding_pca
esmc_PC3035,0.0001979354155859728,3.958781989889003e-06,0.0001979354155859728,embedding_pca
esmc_PC3036,0.00018607471814646078,4.592891949667565e-06,0.00018607471814646078,embedding_pca
esmc_PC3037,0.00019810971060362685,9.983400130937773e-06,0.00019810971060362685,embedding_pca
esmc_PC3038,0.00018792538416116382,1.037055304729059e-05,0.00018792538416116382,embedding_pca
esmc_PC3039,0.00019142963731670905,1.6506782226896572e-05,0.00019142963731670905,embedding_pca
esmc_PC3040,0.0001990873364782408,8.168846965685344e-06,0.0001990873364782408,embedding_pca
esmc_PC3041,0.0001863932756619776,1.3113319838118002e-05,0.0001863932756619776,embedding_pca
esmc_PC3042,0.00020008350450683552,9.662465539169873e-06,0.00020008350450683552,embedding_pca
esmc_PC3043,0.00019096790535541906,5.355977162183995e-06,0.00019096790535541906,embedding_pca
esmc_PC3044,0.00018951413008226666,7.957449160682091e-06,0.00018951413008226666,embedding_pca
esmc_PC3045,0.0001885422859779174,2.4961094565517786e-06,0.0001885422859779174,embedding_pca
esmc_PC3046,0.00019363287755620886,7.571394998997963e-06,0.00019363287755620886,embedding_pca
esmc_PC3047,0.00019620942063954845,7.4481284152232255e-06,0.00019620942063954845,embedding_pca
esmc_PC3048,0.00019424803905425603,6.5808073451800585e-06,0.00019424803905425603,embedding_pca
esmc_PC3049,0.0001943621403079183,4.01089852421133e-06,0.0001943621403079183,embedding_pca
esmc_PC3050,0.0001898478205359079,4.229720947104976e-06,0.0001898478205359079,embedding_pca
esmc_PC3051,0.00018773440769311324,8.098639094668657e-06,0.00018773440769311324,embedding_pca
esmc_PC3052,0.00018816158413932944,1.0154727859049136e-05,0.00018816158413932944,embedding_pca
esmc_PC3053,0.00019112028657114247,1.3175632073187938e-05,0.00019112028657114247,embedding_pca
esmc_PC3054,0.00018844868210052414,1.0857224954874108e-05,0.00018844868210052414,embedding_pca
esmc_PC3055,0.00019474636026298986,1.2973610720828195e-05,0.00019474636026298986,embedding_pca
esmc_PC3056,0.0001930803470799535,4.963093106823146e-06,0.0001930803470799535,embedding_pca
esmc_PC3057,0.0001851795180545808,1.0053197004540528e-05,0.0001851795180545808,embedding_pca
esmc_PC3058,0.00018571122395291686,9.176815953785327e-06,0.00018571122395291686,embedding_pca
esmc_PC3059,0.00019280455983762874,6.897850332740123e-06,0.00019280455983762874,embedding_pca
esmc_PC3060,0.00019126804859728464,4.330817201725109e-06,0.00019126804859728464,embedding_pca
esmc_PC3061,0.0001926086593209958,6.521999471081259e-06,0.0001926086593209958,embedding_pca
esmc_PC3062,0.0001943525061227873,2.797797675307836e-06,0.0001943525061227873,embedding_pca
esmc_PC3063,0.00018692303711160673,7.206027077146443e-06,0.00018692303711160673,embedding_pca
esmc_PC3064,0.0001912823716827581,1.7524462879251337e-05,0.0001912823716827581,embedding_pca
esmc_PC3065,0.0001958151710999183,1.4156110532405568e-05,0.0001958151710999183,embedding_pca
esmc_PC3066,0.00018032343286143488,9.720716026191821e-06,0.00018032343286143488,embedding_pca
esmc_PC3067,0.0001880706845593272,5.782894117752803e-06,0.0001880706845593272,embedding_pca
esmc_PC3068,0.00019386192381995698,9.43806124056347e-06,0.00019386192381995698,embedding_pca
esmc_PC3069,0.0001898278984935791,5.892392915340968e-06,0.0001898278984935791,embedding_pca
esmc_PC3070,0.00018381138527736544,6.975461459056262e-06,0.00018381138527736544,embedding_pca
esmc_PC3071,0.000191876167120733,8.061417419078726e-06,0.000191876167120733,embedding_pca
esmc_PC3072,0.00019397785622845518,5.2262439960217425e-06,0.00019397785622845518,embedding_pca
esmc_PC3073,0.000192208278515875,5.212627045933834e-06,0.000192208278515875,embedding_pca
esmc_PC3074,0.00018834458091560768,1.279159261727075e-05,0.00018834458091560768,embedding_pca
esmc_PC3075,0.00019138159904940575,8.440443708340952e-06,0.00019138159904940575,embedding_pca
esmc_PC3076,0.00019038743656705348,9.197158883171873e-06,0.00019038743656705348,embedding_pca
esmc_PC3077,0.00019103666081416376,8.581356294849387e-06,0.00019103666081416376,embedding_pca
esmc_PC3078,0.00019820337375690383,1.296265458358014e-05,0.00019820337375690383,embedding_pca
esmc_PC3079,0.00018818832613887648,7.111751541102822e-06,0.00018818832613887648,embedding_pca
esmc_PC3080,0.00018726789623233639,4.899346758684736e-06,0.00018726789623233639,embedding_pca
esmc_PC3081,0.00019470283069340284,7.110984123487859e-06,0.00019470283069340284,embedding_pca
esmc_PC3082,0.00018716628689298653,1.0036287588151769e-05,0.00018716628689298653,embedding_pca
esmc_PC3083,0.00019026598999558788,9.144449618671119e-06,0.00019026598999558788,embedding_pca
esmc_PC3084,0.00019115723582559187,6.198162841793785e-06,0.00019115723582559187,embedding_pca
esmc_PC3085,0.00018573139258555859,1.208386344992549e-05,0.00018573139258555859,embedding_pca
esmc_PC3086,0.00018808854186843507,1.0478648078596282e-05,0.00018808854186843507,embedding_pca
esmc_PC3087,0.00018958836396969642,1.1829134736104977e-05,0.00018958836396969642,embedding_pca
esmc_PC3088,0.00019716537961933734,1.202553401149418e-05,0.00019716537961933734,embedding_pca
esmc_PC3089,0.00020087425685940194,1.3215394507464809e-05,0.00020087425685940194,embedding_pca
esmc_PC3090,0.00018678573917358868,3.923129802859064e-06,0.00018678573917358868,embedding_pca
esmc_PC3091,0.00018894346288437095,1.2741822570466953e-05,0.00018894346288437095,embedding_pca
esmc_PC3092,0.00018841457807483743,5.85647808901219e-06,0.00018841457807483743,embedding_pca
esmc_PC3093,0.0001879888676777815,6.569087094505012e-06,0.0001879888676777815,embedding_pca
esmc_PC3094,0.0001952982330618486,3.6278859971758347e-06,0.0001952982330618486,embedding_pca
esmc_PC3095,0.00019038504896665655,6.923949799192933e-06,0.00019038504896665655,embedding_pca
esmc_PC3096,0.00019865241156986148,7.165475811585684e-06,0.00019865241156986148,embedding_pca
esmc_PC3097,0.00018904477788734864,8.243026702828065e-06,0.00018904477788734864,embedding_pca
esmc_PC3098,0.00018990436733618183,2.8203441631506496e-06,0.00018990436733618183,embedding_pca
esmc_PC3099,0.00018943755043820747,6.1509365447336985e-06,0.00018943755043820747,embedding_pca
esmc_PC3100,0.0001906792597484552,4.4819961819661055e-06,0.0001906792597484552,embedding_pca
esmc_PC3101,0.00019066287035338943,8.585719385624797e-06,0.00019066287035338943,embedding_pca
esmc_PC3102,0.00019002137926758318,5.404465834373171e-06,0.00019002137926758318,embedding_pca
esmc_PC3103,0.00019475042086157805,9.366033734316094e-06,0.00019475042086157805,embedding_pca
esmc_PC3104,0.00019002571559608288,3.806554530816433e-06,0.00019002571559608288,embedding_pca
esmc_PC3105,0.00019706084304743342,7.583505763608521e-06,0.00019706084304743342,embedding_pca
esmc_PC3106,0.0001913981350771424,6.384230189425013e-06,0.0001913981350771424,embedding_pca
esmc_PC3107,0.0001922445448120736,5.537576552991915e-06,0.0001922445448120736,embedding_pca
esmc_PC3108,0.00019808706561295566,6.767726453624253e-06,0.00019808706561295566,embedding_pca
esmc_PC3109,0.0002023558473213432,1.1735773143937642e-05,0.0002023558473213432,embedding_pca
esmc_PC3110,0.00019300616233423762,6.568888061875039e-06,0.00019300616233423762,embedding_pca
esmc_PC3111,0.00018881084494488322,7.2037974967728775e-06,0.00018881084494488322,embedding_pca
esmc_PC3112,0.00019535099544333245,7.93598397464707e-06,0.00019535099544333245,embedding_pca
esmc_PC3113,0.00018261634718688496,7.786581213901856e-06,0.00018261634718688496,embedding_pca
esmc_PC3114,0.00018876818998638312,8.407869762572805e-06,0.00018876818998638312,embedding_pca
esmc_PC3115,0.0001927918289039409,3.4641010015846977e-06,0.0001927918289039409,embedding_pca
esmc_PC3116,0.00019667092386388324,1.2142707205519877e-05,0.00019667092386388324,embedding_pca
esmc_PC3117,0.00019676086568335294,1.6822664391868208e-05,0.00019676086568335294,embedding_pca
esmc_PC3118,0.00018938150944423655,1.052863405940306e-05,0.00018938150944423655,embedding_pca
esmc_PC3119,0.0001898203587670009,5.73210033994308e-06,0.0001898203587670009,embedding_pca
esmc_PC3120,0.00019128320608095405,3.3968222709453814e-06,0.00019128320608095405,embedding_pca
esmc_PC3121,0.00018947398363948384,1.4714159251632652e-05,0.00018947398363948384,embedding_pca
esmc_PC3122,0.00019680763587590433,6.814231456088764e-06,0.00019680763587590433,embedding_pca
esmc_PC3123,0.00019561820960230982,1.3374931206630063e-05,0.00019561820960230982,embedding_pca
esmc_PC3124,0.0001845508665387746,8.549740895278179e-06,0.0001845508665387746,embedding_pca
esmc_PC3125,0.00019265288888494956,1.0722532308106415e-05,0.00019265288888494956,embedding_pca
esmc_PC3126,0.00019888548419600481,1.3675607777839892e-05,0.00019888548419600481,embedding_pca
esmc_PC3127,0.00019009073783984808,7.748248221342982e-06,0.00019009073783984808,embedding_pca
esmc_PC3128,0.00019680807931966166,1.0202064701111436e-05,0.00019680807931966166,embedding_pca
esmc_PC3129,0.00019351599610155807,5.26585995592323e-06,0.00019351599610155807,embedding_pca
esmc_PC3130,0.00019639111911125295,1.0016808211134098e-05,0.00019639111911125295,embedding_pca
esmc_PC3131,0.0001979070282096039,1.4794096998872985e-05,0.0001979070282096039,embedding_pca
esmc_PC3132,0.00019180969106318704,6.9715445817218795e-06,0.00019180969106318704,embedding_pca
esmc_PC3133,0.0001862994758930361,1.3822959679941098e-05,0.0001862994758930361,embedding_pca
esmc_PC3134,0.0001869374716950903,1.2289464672291498e-05,0.0001869374716950903,embedding_pca
esmc_PC3135,0.00019499513745283609,1.0076902494682963e-05,0.00019499513745283609,embedding_pca
esmc_PC3136,0.00019260652889736322,1.0456374919785923e-05,0.00019260652889736322,embedding_pca
esmc_PC3137,0.00019166030394621706,7.253558863635816e-06,0.00019166030394621706,embedding_pca
esmc_PC3138,0.00019158400831107905,5.161129012914597e-06,0.00019158400831107905,embedding_pca
esmc_PC3139,0.00018968873835156354,1.1922267681610505e-05,0.00018968873835156354,embedding_pca
esmc_PC3140,0.0001953841994917946,1.159188492238291e-05,0.0001953841994917946,embedding_pca
esmc_PC3141,0.0001917256805662703,4.902498977046647e-06,0.0001917256805662703,embedding_pca
esmc_PC3142,0.0001954209694769172,1.1605230439240679e-05,0.0001954209694769172,embedding_pca
esmc_PC3143,0.00019608078526058654,4.863033945691885e-06,0.00019608078526058654,embedding_pca
esmc_PC3144,0.00018781594314353373,8.031971572255221e-06,0.00018781594314353373,embedding_pca
esmc_PC3145,0.00019147388918923795,5.640563620937225e-06,0.00019147388918923795,embedding_pca
esmc_PC3146,0.0001781215119635477,4.844820246900821e-06,0.0001781215119635477,embedding_pca
esmc_PC3147,0.00019259729599949239,1.4670571322394044e-05,0.00019259729599949239,embedding_pca
esmc_PC3148,0.00019544532853218275,1.399025403100727e-05,0.00019544532853218275,embedding_pca
esmc_PC3149,0.00019230880821518513,1.2615043658693936e-05,0.00019230880821518513,embedding_pca
esmc_PC3150,0.00019486250163289106,8.446245884640524e-06,0.00019486250163289106,embedding_pca
esmc_PC3151,0.00018573221084700037,1.1333021885643611e-05,0.00018573221084700037,embedding_pca
esmc_PC3152,0.00018035987168716188,6.413758579618287e-06,0.00018035987168716188,embedding_pca
esmc_PC3153,0.00019720565954650066,7.923658432227101e-06,0.00019720565954650066,embedding_pca
esmc_PC3154,0.000200887269112706,8.160031967682777e-06,0.000200887269112706,embedding_pca
esmc_PC3155,0.00019838188263891567,4.011421358152938e-06,0.00019838188263891567,embedding_pca
esmc_PC3156,0.0001912302879810231,5.303790452699674e-06,0.0001912302879810231,embedding_pca
esmc_PC3157,0.00019201809543912122,9.991313085600895e-06,0.00019201809543912122,embedding_pca
esmc_PC3158,0.0001977737062718222,1.014258983306844e-05,0.0001977737062718222,embedding_pca
esmc_PC3159,0.00019778680419650272,9.01551170820362e-06,0.00019778680419650272,embedding_pca
esmc_PC3160,0.00019311462733093615,9.978867873881315e-06,0.00019311462733093615,embedding_pca
esmc_PC3161,0.00018612632307957164,6.077299649631244e-06,0.00018612632307957164,embedding_pca
esmc_PC3162,0.00019149332349101912,1.0670839038200398e-05,0.00019149332349101912,embedding_pca
esmc_PC3163,0.00018255250410505294,1.2668507817746222e-05,0.00018255250410505294,embedding_pca
esmc_PC3164,0.00019793713426604826,8.25157974817968e-06,0.00019793713426604826,embedding_pca
esmc_PC3165,0.00018681321328080396,4.301906799383993e-06,0.00018681321328080396,embedding_pca
esmc_PC3166,0.0001846878672635374,5.205783271106873e-06,0.0001846878672635374,embedding_pca
esmc_PC3167,0.00018419730692153342,1.2092643778850989e-05,0.00018419730692153342,embedding_pca
esmc_PC3168,0.00018817303625405938,9.000838961626116e-06,0.00018817303625405938,embedding_pca
esmc_PC3169,0.00019978149583731812,8.500589697393206e-06,0.00019978149583731812,embedding_pca
esmc_PC3170,0.00018994473640765924,5.581056511347342e-06,0.00018994473640765924,embedding_pca
esmc_PC3171,0.00019312666069443775,4.1989967814118605e-06,0.00019312666069443775,embedding_pca
esmc_PC3172,0.0001918070132496757,3.4598616772106574e-06,0.0001918070132496757,embedding_pca
esmc_PC3173,0.00018525500733061336,3.83761245398365e-06,0.00018525500733061336,embedding_pca
esmc_PC3174,0.00019086445887541584,9.860600964106518e-06,0.00019086445887541584,embedding_pca
esmc_PC3175,0.00018933578086472618,7.290499664351178e-06,0.00018933578086472618,embedding_pca
esmc_PC3176,0.00018879334996962672,6.5260489661803806e-06,0.00018879334996962672,embedding_pca
esmc_PC3177,0.00019688979610050142,8.592523424952161e-06,0.00019688979610050142,embedding_pca
esmc_PC3178,0.00018595412487651316,1.0088059915890907e-05,0.00018595412487651316,embedding_pca
esmc_PC3179,0.00018583473508449613,5.981822688318272e-06,0.00018583473508449613,embedding_pca
esmc_PC3180,0.00019131437239767129,6.394798670084104e-06,0.00019131437239767129,embedding_pca
esmc_PC3181,0.0001962324976830816,6.835690768680772e-06,0.0001962324976830816,embedding_pca
esmc_PC3182,0.00019604337932751666,1.1206175182376752e-05,0.00019604337932751666,embedding_pca
esmc_PC3183,0.00019878392391946623,2.8557931543538368e-06,0.00019878392391946623,embedding_pca
esmc_PC3184,0.00019791966477302695,8.33323723332997e-06,0.00019791966477302695,embedding_pca
esmc_PC3185,0.00018234444037492934,1.2704581037048886e-05,0.00018234444037492934,embedding_pca
esmc_PC3186,0.000191043072755401,2.1371143055166833e-06,0.000191043072755401,embedding_pca
esmc_PC3187,0.00019887539843957256,1.0546500203735445e-05,0.00019887539843957256,embedding_pca
esmc_PC3188,0.00018648200423155838,8.024152060209964e-06,0.00018648200423155838,embedding_pca
esmc_PC3189,0.00019322081286654488,9.01349585831708e-06,0.00019322081286654488,embedding_pca
esmc_PC3190,0.00019027940736674668,5.474787253464031e-06,0.00019027940736674668,embedding_pca
esmc_PC3191,0.0001920456830675586,7.605933835984244e-06,0.0001920456830675586,embedding_pca
esmc_PC3192,0.000187886896006254,4.887547392486456e-06,0.000187886896006254,embedding_pca
esmc_PC3193,0.00018721577806490262,9.018993569747437e-06,0.00018721577806490262,embedding_pca
esmc_PC3194,0.00018483327886710852,9.938267313898336e-06,0.00018483327886710852,embedding_pca
esmc_PC3195,0.00019827748987723032,8.422179474320827e-06,0.00019827748987723032,embedding_pca
esmc_PC3196,0.00018690942415908852,4.990118692794907e-06,0.00018690942415908852,embedding_pca
esmc_PC3197,0.00018856031767911812,9.130559834961547e-06,0.00018856031767911812,embedding_pca
esmc_PC3198,0.0001985862569888114,5.242243430362581e-06,0.0001985862569888114,embedding_pca
esmc_PC3199,0.00018614687452960682,1.3034076811095337e-05,0.00018614687452960682,embedding_pca
esmc_PC3200,0.00019052609235231245,4.745122852854553e-06,0.00019052609235231245,embedding_pca
esmc_PC3201,0.0001895342621292574,5.952124894950744e-06,0.0001895342621292574,embedding_pca
esmc_PC3202,0.0001907735727753195,5.641614242726443e-06,0.0001907735727753195,embedding_pca
esmc_PC3203,0.0001942324130922008,4.3527480605665745e-06,0.0001942324130922008,embedding_pca
esmc_PC3204,0.00018799150420932006,9.313088117892454e-06,0.00018799150420932006,embedding_pca
esmc_PC3205,0.00019193661040060652,1.023812696082848e-05,0.00019193661040060652,embedding_pca
esmc_PC3206,0.0001870369342529019,5.868739810682561e-06,0.0001870369342529019,embedding_pca
esmc_PC3207,0.0001922877150249032,1.1711233651323484e-05,0.0001922877150249032,embedding_pca
esmc_PC3208,0.00019653210843080366,5.543631380930542e-06,0.00019653210843080366,embedding_pca
esmc_PC3209,0.00019148305083902965,1.0890523397241926e-05,0.00019148305083902965,embedding_pca
esmc_PC3210,0.00018792102809903657,1.1013806748568656e-05,0.00018792102809903657,embedding_pca
esmc_PC3211,0.0001960261941810491,5.92803653045573e-06,0.0001960261941810491,embedding_pca
esmc_PC3212,0.00018833418901957326,8.866635063819624e-06,0.00018833418901957326,embedding_pca
esmc_PC3213,0.00018837482625272346,1.2815959850920334e-05,0.00018837482625272346,embedding_pca
esmc_PC3214,0.00019019915852584572,9.517171745366498e-06,0.00019019915852584572,embedding_pca
esmc_PC3215,0.00018900927356151658,4.6457224538486985e-06,0.00018900927356151658,embedding_pca
esmc_PC3216,0.00018850157818819257,4.116047649641967e-06,0.00018850157818819257,embedding_pca
esmc_PC3217,0.00019414809575926626,9.726847688920285e-06,0.00019414809575926626,embedding_pca
esmc_PC3218,0.00020118073229746883,1.4750769980575069e-05,0.00020118073229746883,embedding_pca
esmc_PC3219,0.00019092901335001673,5.741016715823543e-06,0.00019092901335001673,embedding_pca
esmc_PC3220,0.00019345354309696956,9.885691798664232e-06,0.00019345354309696956,embedding_pca
esmc_PC3221,0.00018896134950145634,1.1851105390527464e-05,0.00018896134950145634,embedding_pca
esmc_PC3222,0.00019088421457748729,5.588546819680739e-06,0.00019088421457748729,embedding_pca
esmc_PC3223,0.00019420526505484957,3.3729781305676262e-06,0.00019420526505484957,embedding_pca
esmc_PC3224,0.00019076832777899184,1.0087735636087073e-05,0.00019076832777899184,embedding_pca
esmc_PC3225,0.00018214347785647553,9.990604221391974e-06,0.00018214347785647553,embedding_pca
esmc_PC3226,0.00019005928818895248,1.0913385674091788e-05,0.00019005928818895248,embedding_pca
esmc_PC3227,0.00018444217002477016,1.0906499514847195e-05,0.00018444217002477016,embedding_pca
esmc_PC3228,0.00018238692050619393,1.022583100126131e-05,0.00018238692050619393,embedding_pca
esmc_PC3229,0.0001940728727605132,1.1282529790894606e-05,0.0001940728727605132,embedding_pca
esmc_PC3230,0.00019126300868361822,9.138446930614612e-06,0.00019126300868361822,embedding_pca
esmc_PC3231,0.00019422394039819856,3.3037841269156005e-06,0.00019422394039819856,embedding_pca
esmc_PC3232,0.00019106258018323244,1.0427592856516287e-05,0.00019106258018323244,embedding_pca
esmc_PC3233,0.0001937334187479641,9.044502125832245e-06,0.0001937334187479641,embedding_pca
esmc_PC3234,0.00018959628033417283,8.833857801172709e-06,0.00018959628033417283,embedding_pca
esmc_PC3235,0.0001899141323603489,8.019964328030381e-06,0.0001899141323603489,embedding_pca
esmc_PC3236,0.00018086396383382408,7.913973053116859e-06,0.00018086396383382408,embedding_pca
esmc_PC3237,0.0001864340763313874,7.541869759286198e-06,0.0001864340763313874,embedding_pca
esmc_PC3238,0.0001895197780407668,1.022897914453225e-05,0.0001895197780407668,embedding_pca
esmc_PC3239,0.0001924404969314185,1.1628720208575669e-05,0.0001924404969314185,embedding_pca
esmc_PC3240,0.00018959321462140433,3.317579254752005e-06,0.00018959321462140433,embedding_pca
esmc_PC3241,0.00018984158432437903,5.552951612572368e-06,0.00018984158432437903,embedding_pca
esmc_PC3242,0.0001933217465063688,5.871150276972699e-06,0.0001933217465063688,embedding_pca
esmc_PC3243,0.00018055319872030545,3.1572190051304014e-06,0.00018055319872030545,embedding_pca
esmc_PC3244,0.00018848702154250496,7.881469040234727e-06,0.00018848702154250496,embedding_pca
esmc_PC3245,0.00018495220912195676,6.003644912961507e-06,0.00018495220912195676,embedding_pca
esmc_PC3246,0.0001921626318762426,8.027119741220296e-06,0.0001921626318762426,embedding_pca
esmc_PC3247,0.00019764225032794846,9.601672293037372e-06,0.00019764225032794846,embedding_pca
esmc_PC3248,0.0001892908138299706,3.773736609673738e-06,0.0001892908138299706,embedding_pca
esmc_PC3249,0.00019085942035105023,4.425889516607272e-06,0.00019085942035105023,embedding_pca
esmc_PC3250,0.0001970373551833203,9.283082655972692e-06,0.0001970373551833203,embedding_pca
esmc_PC3251,0.00019109207854598733,7.799549145688084e-06,0.00019109207854598733,embedding_pca
esmc_PC3252,0.00019938201971941467,1.2294349373159873e-05,0.00019938201971941467,embedding_pca
esmc_PC3253,0.0001883688696708451,1.3835274682536648e-05,0.0001883688696708451,embedding_pca
esmc_PC3254,0.0001862561907176736,8.812872758476466e-06,0.0001862561907176736,embedding_pca
esmc_PC3255,0.00019378056730550878,5.602363470377797e-06,0.00019378056730550878,embedding_pca
esmc_PC3256,0.0001890077541663498,7.332142975093644e-06,0.0001890077541663498,embedding_pca
esmc_PC3257,0.0001848773925208966,1.0742000572924676e-05,0.0001848773925208966,embedding_pca
esmc_PC3258,0.00018170694077980243,3.4872578308621925e-06,0.00018170694077980243,embedding_pca
esmc_PC3259,0.0001851956704645254,1.0163440461898675e-05,0.0001851956704645254,embedding_pca
esmc_PC3260,0.00019424981750692296,9.567629269810474e-06,0.00019424981750692296,embedding_pca
esmc_PC3261,0.00018588378688914032,1.1548188792071154e-05,0.00018588378688914032,embedding_pca
esmc_PC3262,0.00019778456626296016,7.640031039896285e-06,0.00019778456626296016,embedding_pca
esmc_PC3263,0.00020064754352723188,1.4997948299823853e-05,0.00020064754352723188,embedding_pca
esmc_PC3264,0.00019381116482709233,8.117161439289285e-06,0.00019381116482709233,embedding_pca
esmc_PC3265,0.0001882935638975013,3.696663410591355e-06,0.0001882935638975013,embedding_pca
esmc_PC3266,0.00018799351464263728,3.5835060790470127e-06,0.00018799351464263728,embedding_pca
esmc_PC3267,0.0001887552915787513,1.3678743943196856e-05,0.0001887552915787513,embedding_pca
esmc_PC3268,0.00019601008024457828,8.239752967099617e-06,0.00019601008024457828,embedding_pca
esmc_PC3269,0.00019109942301123983,7.937056241895376e-06,0.00019109942301123983,embedding_pca
esmc_PC3270,0.00019092993834581205,7.529349425554049e-06,0.00019092993834581205,embedding_pca
esmc_PC3271,0.00019904994698748292,1.098671557113746e-05,0.00019904994698748292,embedding_pca
esmc_PC3272,0.0001909556960844756,4.092227071195649e-06,0.0001909556960844756,embedding_pca
esmc_PC3273,0.00019930193275038014,1.1619416038345769e-05,0.00019930193275038014,embedding_pca
esmc_PC3274,0.00019345203410438887,7.179722570192853e-06,0.00019345203410438887,embedding_pca
esmc_PC3275,0.00018926203101785595,8.485657910019831e-06,0.00018926203101785595,embedding_pca
esmc_PC3276,0.00020140200755293516,7.895270131732636e-06,0.00020140200755293516,embedding_pca
esmc_PC3277,0.00019320500434807448,9.205160853647531e-06,0.00019320500434807448,embedding_pca
esmc_PC3278,0.0001943397471017673,7.959618178848739e-06,0.0001943397471017673,embedding_pca
esmc_PC3279,0.00019123186993091678,1.3083407156548592e-05,0.00019123186993091678,embedding_pca
esmc_PC3280,0.00019227932688070009,1.0656486767681827e-05,0.00019227932688070009,embedding_pca
esmc_PC3281,0.00019252113637337139,4.19215291623716e-06,0.00019252113637337139,embedding_pca
esmc_PC3282,0.00019790547212953448,1.0549621522277106e-05,0.00019790547212953448,embedding_pca
esmc_PC3283,0.00019427561711328635,1.1739902123645099e-05,0.00019427561711328635,embedding_pca
esmc_PC3284,0.00018604230904033182,1.1615724515133409e-05,0.00018604230904033182,embedding_pca
esmc_PC3285,0.0001875766693337773,8.56107515791177e-06,0.0001875766693337773,embedding_pca
esmc_PC3286,0.00019137615595571792,8.745236522864972e-06,0.00019137615595571792,embedding_pca
esmc_PC3287,0.00019876505410574953,1.1756516071803073e-05,0.00019876505410574953,embedding_pca
esmc_PC3288,0.00019165240103082362,1.1859145857163129e-05,0.00019165240103082362,embedding_pca
esmc_PC3289,0.00018381489227754463,7.2961649854968145e-06,0.00018381489227754463,embedding_pca
esmc_PC3290,0.00019832337043402225,1.5306135729185658e-05,0.00019832337043402225,embedding_pca
esmc_PC3291,0.0001974632001967016,9.379299865408504e-06,0.0001974632001967016,embedding_pca
esmc_PC3292,0.00018607061368786505,7.3272292025545726e-06,0.00018607061368786505,embedding_pca
esmc_PC3293,0.0001895101910989621,4.710556485582028e-06,0.0001895101910989621,embedding_pca
esmc_PC3294,0.00019003790037609264,1.0547509392010597e-05,0.00019003790037609264,embedding_pca
esmc_PC3295,0.0001871033257368583,3.917771112079194e-06,0.0001871033257368583,embedding_pca
esmc_PC3296,0.00018838354611221613,6.592454340783233e-06,0.00018838354611221613,embedding_pca
esmc_PC3297,0.0001914443746880159,1.1353708144422222e-05,0.0001914443746880159,embedding_pca
esmc_PC3298,0.0001912725641598252,8.376852594490413e-06,0.0001912725641598252,embedding_pca
esmc_PC3299,0.00019283781185582097,1.0341493011992604e-05,0.00019283781185582097,embedding_pca
esmc_PC3300,0.0001945804768998383,6.266674616129274e-06,0.0001945804768998383,embedding_pca
esmc_PC3301,0.00019590327771483316,5.637742708297462e-06,0.00019590327771483316,embedding_pca
esmc_PC3302,0.00019220986854520672,6.078506840595074e-06,0.00019220986854520672,embedding_pca
esmc_PC3303,0.0001946558300238337,7.336375684188298e-06,0.0001946558300238337,embedding_pca
esmc_PC3304,0.00018663926770206389,9.728739074503242e-06,0.00018663926770206389,embedding_pca
esmc_PC3305,0.0001914457866412994,5.139045086952864e-06,0.0001914457866412994,embedding_pca
esmc_PC3306,0.00019254410471995033,1.2128407213743238e-05,0.00019254410471995033,embedding_pca
esmc_PC3307,0.00018831800726892077,1.0030979865861606e-05,0.00018831800726892077,embedding_pca
esmc_PC3308,0.00018926961862097584,7.620097687075191e-06,0.00018926961862097584,embedding_pca
esmc_PC3309,0.00018939296045974963,9.556436414029248e-06,0.00018939296045974963,embedding_pca
esmc_PC3310,0.00019220773971157998,1.2561844076409396e-05,0.00019220773971157998,embedding_pca
esmc_PC3311,0.00018136626097602163,4.305379127408729e-06,0.00018136626097602163,embedding_pca
esmc_PC3312,0.0001958956606981522,1.3706453356283768e-05,0.0001958956606981522,embedding_pca
esmc_PC3313,0.00019099509376949096,4.520484073094171e-06,0.00019099509376949096,embedding_pca
esmc_PC3314,0.00018950248397121716,1.121701827135772e-05,0.00018950248397121716,embedding_pca
esmc_PC3315,0.0001793497175933074,6.4716828868194605e-06,0.0001793497175933074,embedding_pca
esmc_PC3316,0.00019345255849345793,9.131459238777953e-06,0.00019345255849345793,embedding_pca
esmc_PC3317,0.00019564051077707425,8.827612892934436e-06,0.00019564051077707425,embedding_pca
esmc_PC3318,0.00019405995895568342,6.4399249936661926e-06,0.00019405995895568342,embedding_pca
esmc_PC3319,0.00019486888898963346,1.179672184581471e-05,0.00019486888898963346,embedding_pca
esmc_PC3320,0.0001992676338022659,3.4215339435755163e-06,0.0001992676338022659,embedding_pca
esmc_PC3321,0.00019146123846747662,6.2040343679450584e-06,0.00019146123846747662,embedding_pca
esmc_PC3322,0.00018283455866495137,7.495533242968837e-06,0.00018283455866495137,embedding_pca
esmc_PC3323,0.00019870647615997028,1.011112111247033e-05,0.00019870647615997028,embedding_pca
esmc_PC3324,0.00019691876390246578,5.591119691078199e-06,0.00019691876390246578,embedding_pca
esmc_PC3325,0.0001893419791736734,1.0539154560848797e-05,0.0001893419791736734,embedding_pca
esmc_PC3326,0.0002005744091227276,1.20689711693764e-05,0.0002005744091227276,embedding_pca
esmc_PC3327,0.00019273878980740944,7.430680533707559e-06,0.00019273878980740944,embedding_pca
esmc_PC3328,0.00018668798735291514,9.675763723084951e-06,0.00018668798735291514,embedding_pca
esmc_PC3329,0.0001912251894140802,3.567083061307815e-06,0.0001912251894140802,embedding_pca
esmc_PC3330,0.00019105533422290595,1.629988412058038e-05,0.00019105533422290595,embedding_pca
esmc_PC3331,0.00018218519002520002,9.041067669018684e-06,0.00018218519002520002,embedding_pca
esmc_PC3332,0.00019964949964500683,6.486446078814492e-06,0.00019964949964500683,embedding_pca
esmc_PC3333,0.00019629583252811993,8.293677671633158e-06,0.00019629583252811993,embedding_pca
esmc_PC3334,0.00019786346765636177,4.62764346178907e-06,0.00019786346765636177,embedding_pca
esmc_PC3335,0.0001955162471140789,1.5919809019148675e-05,0.0001955162471140789,embedding_pca
esmc_PC3336,0.00019318082299347555,8.153173921576901e-06,0.00019318082299347555,embedding_pca
esmc_PC3337,0.00018967057230537794,7.357869131077996e-06,0.00018967057230537794,embedding_pca
esmc_PC3338,0.00019573654227300386,7.044772209666538e-06,0.00019573654227300386,embedding_pca
esmc_PC3339,0.0001938468115000612,1.0551385932240578e-05,0.0001938468115000612,embedding_pca
esmc_PC3340,0.00020408850279944433,1.464026452016206e-05,0.00020408850279944433,embedding_pca
esmc_PC3341,0.00019334845673454407,1.3109651103213355e-05,0.00019334845673454407,embedding_pca
esmc_PC3342,0.0001902897565178012,6.3693826875385215e-06,0.0001902897565178012,embedding_pca
esmc_PC3343,0.00018982939108607252,7.344573293285157e-06,0.00018982939108607252,embedding_pca
esmc_PC3344,0.00019344452844930187,9.549426380112542e-06,0.00019344452844930187,embedding_pca
esmc_PC3345,0.00020335321676126782,8.859279485053235e-06,0.00020335321676126782,embedding_pca
esmc_PC3346,0.0001938141258356763,1.1857404301858971e-05,0.0001938141258356763,embedding_pca
esmc_PC3347,0.0001925032268934335,7.014846002658039e-06,0.0001925032268934335,embedding_pca
esmc_PC3348,0.00018638558069064082,5.204159805608657e-06,0.00018638558069064082,embedding_pca
esmc_PC3349,0.0001897961863199748,6.811914437116482e-06,0.0001897961863199748,embedding_pca
esmc_PC3350,0.00019150513282060823,8.448171778091164e-06,0.00019150513282060823,embedding_pca
esmc_PC3351,0.0001922041778600755,5.305813315675793e-06,0.0001922041778600755,embedding_pca
esmc_PC3352,0.00018980911072600642,3.0576971851702725e-06,0.00018980911072600642,embedding_pca
esmc_PC3353,0.00018649394704306152,1.1497089735696889e-05,0.00018649394704306152,embedding_pca
esmc_PC3354,0.0001950351587807485,8.794583588674385e-06,0.0001950351587807485,embedding_pca
esmc_PC3355,0.00019238465459422218,8.893770890239899e-06,0.00019238465459422218,embedding_pca
esmc_PC3356,0.00018573726519971657,7.565796973785733e-06,0.00018573726519971657,embedding_pca
esmc_PC3357,0.00019134864307729556,3.4737688016260043e-06,0.00019134864307729556,embedding_pca
esmc_PC3358,0.00018900112480853132,8.249759390517937e-06,0.00018900112480853132,embedding_pca
esmc_PC3359,0.00019656273607518106,6.5163687257165915e-06,0.00019656273607518106,embedding_pca
esmc_PC3360,0.00018873142934070086,9.290549415661166e-06,0.00018873142934070086,embedding_pca
esmc_PC3361,0.00018930639086121498,4.73330305916223e-06,0.00018930639086121498,embedding_pca
esmc_PC3362,0.00019654514473425077,1.0460251292415509e-05,0.00019654514473425077,embedding_pca
esmc_PC3363,0.0001911094401197191,6.111802702952733e-06,0.0001911094401197191,embedding_pca
esmc_PC3364,0.0001943986897435302,5.988715782982948e-06,0.0001943986897435302,embedding_pca
esmc_PC3365,0.00019863101481575976,1.274661179311297e-05,0.00019863101481575976,embedding_pca
esmc_PC3366,0.00019707123659788118,7.03460891341495e-06,0.00019707123659788118,embedding_pca
esmc_PC3367,0.00019209553851027244,1.1300463065109044e-05,0.00019209553851027244,embedding_pca
esmc_PC3368,0.00019307153468818404,1.0827122586472062e-05,0.00019307153468818404,embedding_pca
esmc_PC3369,0.0001912974933999976,9.543894782204217e-06,0.0001912974933999976,embedding_pca
esmc_PC3370,0.0001995431978258758,1.4470625640610596e-05,0.0001995431978258758,embedding_pca
esmc_PC3371,0.00018992763761360346,6.724629060810502e-06,0.00018992763761360346,embedding_pca
esmc_PC3372,0.00019334371541879447,9.751881131970815e-06,0.00019334371541879447,embedding_pca
esmc_PC3373,0.00019296584960740536,1.155659387761389e-05,0.00019296584960740536,embedding_pca
esmc_PC3374,0.00019413277681529968,9.175413809306927e-06,0.00019413277681529968,embedding_pca
esmc_PC3375,0.00018835390934010928,1.136326164802871e-05,0.00018835390934010928,embedding_pca
esmc_PC3376,0.00018621567559596363,8.16738698040935e-06,0.00018621567559596363,embedding_pca
esmc_PC3377,0.00019465227612237807,9.06574558492977e-06,0.00019465227612237807,embedding_pca
esmc_PC3378,0.00019846006310118096,6.2287802368964246e-06,0.00019846006310118096,embedding_pca
esmc_PC3379,0.00019079376480560462,6.487891011146534e-06,0.00019079376480560462,embedding_pca
esmc_PC3380,0.0001929634918470292,9.73158089919189e-06,0.0001929634918470292,embedding_pca
esmc_PC3381,0.00019028970658660661,1.0357142831084065e-05,0.00019028970658660661,embedding_pca
esmc_PC3382,0.0001877790241510429,1.2418193728530746e-05,0.0001877790241510429,embedding_pca
esmc_PC3383,0.0001906239027266214,7.195136519092304e-06,0.0001906239027266214,embedding_pca
esmc_PC3384,0.00018394095974941433,1.1245911212634344e-05,0.00018394095974941433,embedding_pca
esmc_PC3385,0.00018666039662076114,4.832810040285385e-06,0.00018666039662076114,embedding_pca
esmc_PC3386,0.0001866008938296901,2.7636752102072245e-06,0.0001866008938296901,embedding_pca
esmc_PC3387,0.0001942056332304389,9.502656606954626e-06,0.0001942056332304389,embedding_pca
esmc_PC3388,0.00018810552198528718,6.91289406504175e-06,0.00018810552198528718,embedding_pca
esmc_PC3389,0.00019216152018987118,9.493564047243346e-06,0.00019216152018987118,embedding_pca
esmc_PC3390,0.00019680290897796442,1.2560789831038751e-05,0.00019680290897796442,embedding_pca
esmc_PC3391,0.00019890663766699055,5.622366327987758e-06,0.00019890663766699055,embedding_pca
esmc_PC3392,0.00019297248341427104,7.669207800596075e-06,0.00019297248341427104,embedding_pca
esmc_PC3393,0.00018716438822532792,1.1193255988195904e-05,0.00018716438822532792,embedding_pca
esmc_PC3394,0.00019480391625890443,3.7729311029441324e-06,0.00019480391625890443,embedding_pca
esmc_PC3395,0.00019213206674223294,6.820901416659507e-06,0.00019213206674223294,embedding_pca
esmc_PC3396,0.00019376730145150229,7.881325360382395e-06,0.00019376730145150229,embedding_pca
esmc_PC3397,0.0001903848288873612,5.214744186378799e-06,0.0001903848288873612,embedding_pca
esmc_PC3398,0.00019166165282291886,1.032651557689764e-05,0.00019166165282291886,embedding_pca
esmc_PC3399,0.0001967269324903125,7.851544611214668e-06,0.0001967269324903125,embedding_pca
esmc_PC3400,0.00018881879572763216,1.533915285312779e-05,0.00018881879572763216,embedding_pca
esmc_PC3401,0.00019364573402524612,1.1476526983120597e-05,0.00019364573402524612,embedding_pca
esmc_PC3402,0.00019942299991903244,1.3416631789667024e-05,0.00019942299991903244,embedding_pca
esmc_PC3403,0.00020043304750979712,8.441778930013229e-06,0.00020043304750979712,embedding_pca
esmc_PC3404,0.00019413943785501857,1.6228938248940585e-05,0.00019413943785501857,embedding_pca
esmc_PC3405,0.00019489660863801272,9.598562797226862e-06,0.00019489660863801272,embedding_pca
esmc_PC3406,0.00019341333901102785,3.9432291410640115e-06,0.00019341333901102785,embedding_pca
esmc_PC3407,0.0001948300025521247,4.488041707502031e-06,0.0001948300025521247,embedding_pca
esmc_PC3408,0.000200085376371049,1.550920877342953e-05,0.000200085376371049,embedding_pca
esmc_PC3409,0.00018723031650788913,1.4573031736366848e-05,0.00018723031650788913,embedding_pca
esmc_PC3410,0.00018631096509253873,6.083670582614328e-06,0.00018631096509253873,embedding_pca
esmc_PC3411,0.0001881803819707753,7.5540268133785235e-06,0.0001881803819707753,embedding_pca
esmc_PC3412,0.0001894655053763051,6.795473943229348e-06,0.0001894655053763051,embedding_pca
esmc_PC3413,0.0001953584653243047,5.5263168606854865e-06,0.0001953584653243047,embedding_pca
esmc_PC3414,0.00019550309419971392,6.5455828628664905e-06,0.00019550309419971392,embedding_pca
esmc_PC3415,0.00018957832052728113,1.1133651815403376e-05,0.00018957832052728113,embedding_pca
esmc_PC3416,0.00019449228548921367,8.331394335725207e-06,0.00019449228548921367,embedding_pca
esmc_PC3417,0.00019509600063751537,2.9376665297585695e-06,0.00019509600063751537,embedding_pca
esmc_PC3418,0.00018922091933220962,2.1899261502920334e-06,0.00018922091933220962,embedding_pca
esmc_PC3419,0.00019203271529620242,5.284349838685292e-06,0.00019203271529620242,embedding_pca
esmc_PC3420,0.0001859760641728367,4.383894945864902e-06,0.0001859760641728367,embedding_pca
esmc_PC3421,0.00019569257134629137,4.891042665752935e-06,0.00019569257134629137,embedding_pca
esmc_PC3422,0.00019632153595638174,9.432851178674785e-06,0.00019632153595638174,embedding_pca
esmc_PC3423,0.0001927139286707524,7.433371048073515e-06,0.0001927139286707524,embedding_pca
esmc_PC3424,0.00019128460227221762,1.3767424312012305e-05,0.00019128460227221762,embedding_pca
esmc_PC3425,0.00019456972970530428,1.0083898164258006e-05,0.00019456972970530428,embedding_pca
esmc_PC3426,0.0001926826054098056,1.751475555300558e-06,0.0001926826054098056,embedding_pca
esmc_PC3427,0.00019293065412379637,9.451204906385562e-06,0.00019293065412379637,embedding_pca
esmc_PC3428,0.00018559184838845886,1.084330416090024e-05,0.00018559184838845886,embedding_pca
esmc_PC3429,0.00018931985370378382,1.0609170732152547e-05,0.00018931985370378382,embedding_pca
esmc_PC3430,0.0001901555355443437,4.707343504740406e-06,0.0001901555355443437,embedding_pca
esmc_PC3431,0.0001892627980465489,6.602704585003467e-06,0.0001892627980465489,embedding_pca
esmc_PC3432,0.00018935666344739263,8.71753481233815e-06,0.00018935666344739263,embedding_pca
esmc_PC3433,0.00019826939702138855,5.563152573040546e-06,0.00019826939702138855,embedding_pca
esmc_PC3434,0.00019693215293968238,1.4873330619706444e-05,0.00019693215293968238,embedding_pca
esmc_PC3435,0.00019060264268489567,4.784765484395575e-06,0.00019060264268489567,embedding_pca
esmc_PC3436,0.0001995679446402942,6.571532845695776e-06,0.0001995679446402942,embedding_pca
esmc_PC3437,0.00019398872906390544,4.810535986278958e-06,0.00019398872906390544,embedding_pca
esmc_PC3438,0.00018441380245688184,7.954466224080142e-06,0.00018441380245688184,embedding_pca
esmc_PC3439,0.0002011318307627419,6.725996642984061e-06,0.0002011318307627419,embedding_pca
esmc_PC3440,0.00019783833542621706,7.194261566636585e-06,0.00019783833542621706,embedding_pca
esmc_PC3441,0.00019182284427308113,1.3424021155225475e-05,0.00019182284427308113,embedding_pca
esmc_PC3442,0.0001915271023440421,6.472902296341396e-06,0.0001915271023440421,embedding_pca
esmc_PC3443,0.0001930476028076242,8.547542983838378e-06,0.0001930476028076242,embedding_pca
esmc_PC3444,0.00019313950760275694,1.1534356653541944e-05,0.00019313950760275694,embedding_pca
esmc_PC3445,0.00018488780065021256,5.715134837141327e-06,0.00018488780065021256,embedding_pca
esmc_PC3446,0.00019458509339570487,6.453865171619667e-06,0.00019458509339570487,embedding_pca
esmc_PC3447,0.00020138792385279974,6.844974074880165e-06,0.00020138792385279974,embedding_pca
esmc_PC3448,0.0001976291972113011,7.008774607861472e-06,0.0001976291972113011,embedding_pca
esmc_PC3449,0.00019223455863277857,1.1206302575238145e-05,0.00019223455863277857,embedding_pca
esmc_PC3450,0.000204101040852053,9.67653084388287e-06,0.000204101040852053,embedding_pca
esmc_PC3451,0.00020359690936718112,1.0043741645404226e-05,0.00020359690936718112,embedding_pca
esmc_PC3452,0.0001962299124495916,8.280263778055746e-06,0.0001962299124495916,embedding_pca
esmc_PC3453,0.00018942333531627922,1.0068181143865892e-05,0.00018942333531627922,embedding_pca
esmc_PC3454,0.0002103232063197743,1.5376036452807295e-05,0.0002103232063197743,embedding_pca
esmc_PC3455,0.0002047887534063234,7.944169143746227e-06,0.0002047887534063234,embedding_pca
esmc_PC3456,0.0001985620324316456,7.649135231879855e-06,0.0001985620324316456,embedding_pca
esmif_PC001,0.0003735505269724721,4.5116348547815196e-05,0.0003735505269724721,embedding_pca
esmif_PC002,0.00037896352036017515,2.7099560442315466e-05,0.00037896352036017515,embedding_pca
esmif_PC003,0.0013442567408540585,0.0001276641607849347,0.0013442567408540585,embedding_pca
esmif_PC004,0.0003140257714109453,3.134972852891298e-05,0.0003140257714109453,embedding_pca
esmif_PC005,0.0002479206118324422,1.9702844512958116e-05,0.0002479206118324422,embedding_pca
esmif_PC006,0.00029827007724345426,2.8459891556076094e-05,0.00029827007724345426,embedding_pca
esmif_PC007,0.00023652024072726014,2.0834257631762014e-05,0.00023652024072726014,embedding_pca
esmif_PC008,0.0002071150747851499,6.015920566158167e-06,0.0002071150747851499,embedding_pca
esmif_PC009,0.00022488476677471237,1.148252659321967e-05,0.00022488476677471237,embedding_pca
esmif_PC010,0.00025254515617530263,2.0323806013271407e-05,0.00025254515617530263,embedding_pca
esmif_PC011,0.00022447921474725853,9.402280540221996e-06,0.00022447921474725853,embedding_pca
esmif_PC012,0.00021857249164843338,1.672648250631366e-05,0.00021857249164843338,embedding_pca
esmif_PC013,0.00022262287523667758,1.620726978392748e-05,0.00022262287523667758,embedding_pca
esmif_PC014,0.00023336408307939697,4.772192174354675e-06,0.00023336408307939697,embedding_pca
esmif_PC015,0.00021736294189786745,2.610689313887166e-05,0.00021736294189786745,embedding_pca
esmif_PC016,0.00023516019074826413,1.4031317655621018e-05,0.00023516019074826413,embedding_pca
esmif_PC017,0.0001861137098257123,9.294421535874416e-06,0.0001861137098257123,embedding_pca
esmif_PC018,0.0003165378102862783,5.009550392290829e-05,0.0003165378102862783,embedding_pca
esmif_PC019,0.00032080737919676117,0.0001271796282049466,0.00032080737919676117,embedding_pca
esmif_PC020,0.00021729637935436293,1.327349140625136e-05,0.00021729637935436293,embedding_pca
esmif_PC021,0.0002866590263046856,5.853719574743938e-05,0.0002866590263046856,embedding_pca
esmif_PC022,0.00020600052441204636,1.477102794866927e-05,0.00020600052441204636,embedding_pca
esmif_PC023,0.00024649963536271504,2.8514451348613173e-05,0.00024649963536271504,embedding_pca
esmif_PC024,0.0002015166518769998,1.6726398062477287e-05,0.0002015166518769998,embedding_pca
esmif_PC025,0.00019821029526495218,1.0946145350802571e-05,0.00019821029526495218,embedding_pca
esmif_PC026,0.00021066586073731973,7.487351426686496e-06,0.00021066586073731973,embedding_pca
esmif_PC027,0.0002401259662277257,1.6632245385274728e-05,0.0002401259662277257,embedding_pca
esmif_PC028,0.00020125171531308513,1.2894780943920336e-05,0.00020125171531308513,embedding_pca
esmif_PC029,0.0003612078071750993,6.493643890358531e-05,0.0003612078071750993,embedding_pca
esmif_PC030,0.00019612350405819328,8.314151762886402e-06,0.00019612350405819328,embedding_pca
esmif_PC031,0.00018678621490270686,6.359636522296046e-06,0.00018678621490270686,embedding_pca
esmif_PC032,0.0003454738817946961,5.755542495246844e-05,0.0003454738817946961,embedding_pca
esmif_PC033,0.00023882073484579055,3.239315604250621e-05,0.00023882073484579055,embedding_pca
esmif_PC034,0.00019737877457012042,1.2497563785399765e-05,0.00019737877457012042,embedding_pca
esmif_PC035,0.00022701570541359002,2.6927459398954257e-05,0.00022701570541359002,embedding_pca
esmif_PC036,0.00023117247131611887,2.996463289465456e-05,0.00023117247131611887,embedding_pca
esmif_PC037,0.00021181621814411758,1.3160400288573709e-05,0.00021181621814411758,embedding_pca
esmif_PC038,0.0002173605494812437,2.4637322191594708e-05,0.0002173605494812437,embedding_pca
esmif_PC039,0.0002131615863363629,2.6238147757255455e-05,0.0002131615863363629,embedding_pca
esmif_PC040,0.00029388541884567355,4.059804366077672e-05,0.00029388541884567355,embedding_pca
esmif_PC041,0.00020066751753128166,1.3132195480443309e-05,0.00020066751753128166,embedding_pca
esmif_PC042,0.00021883473597955036,2.8476981222919942e-05,0.00021883473597955036,embedding_pca
esmif_PC043,0.0002130023528317205,1.0442256101560309e-05,0.0002130023528317205,embedding_pca
esmif_PC044,0.0003079871954114803,6.04390575208648e-05,0.0003079871954114803,embedding_pca
esmif_PC045,0.00018903231422812025,6.253923099192999e-06,0.00018903231422812025,embedding_pca
esmif_PC046,0.0002040176991529135,1.5643014532510658e-05,0.0002040176991529135,embedding_pca
esmif_PC047,0.00019390690355851483,1.758241629973906e-05,0.00019390690355851483,embedding_pca
esmif_PC048,0.0003015700528851837,5.387115307384042e-05,0.0003015700528851837,embedding_pca
esmif_PC049,0.00027468904022940184,5.520265122744313e-05,0.00027468904022940184,embedding_pca
esmif_PC050,0.00020925513552290118,2.5041626935904358e-05,0.00020925513552290118,embedding_pca
esmif_PC051,0.0001939827546867392,1.563563654229548e-05,0.0001939827546867392,embedding_pca
esmif_PC052,0.00019347688538407347,1.3596675429431152e-05,0.00019347688538407347,embedding_pca
esmif_PC053,0.00027386079753846264,2.9502168448755683e-05,0.00027386079753846264,embedding_pca
esmif_PC054,0.00021449093428718087,2.1228604482421692e-05,0.00021449093428718087,embedding_pca
esmif_PC055,0.00021218794417171598,1.1018892347727566e-05,0.00021218794417171598,embedding_pca
esmif_PC056,0.00021471273331021088,2.9180274154216325e-05,0.00021471273331021088,embedding_pca
esmif_PC057,0.00020520246953184275,6.710628064269834e-06,0.00020520246953184275,embedding_pca
esmif_PC058,0.0001909741284776745,8.728106196589979e-06,0.0001909741284776745,embedding_pca
esmif_PC059,0.00019327290835733442,1.2547290878450785e-05,0.00019327290835733442,embedding_pca
esmif_PC060,0.00019804101995873547,1.0012100841098065e-05,0.00019804101995873547,embedding_pca
esmif_PC061,0.0002143437001861702,3.654649429810355e-05,0.0002143437001861702,embedding_pca
esmif_PC062,0.0001884348705238396,2.078933619894562e-06,0.0001884348705238396,embedding_pca
esmif_PC063,0.00018691018557939043,8.196920763075124e-06,0.00018691018557939043,embedding_pca
esmif_PC064,0.00019038951924197606,7.405781890850379e-06,0.00019038951924197606,embedding_pca
esmif_PC065,0.00019598444045993576,6.229431180871621e-06,0.00019598444045993576,embedding_pca
esmif_PC066,0.00019111994398383303,3.9338461848155565e-06,0.00019111994398383303,embedding_pca
esmif_PC067,0.00023011940102699992,5.765335145026312e-05,0.00023011940102699992,embedding_pca
esmif_PC068,0.0002539742297476981,6.413763095114574e-05,0.0002539742297476981,embedding_pca
esmif_PC069,0.00023549101982718793,3.040237748744181e-05,0.00023549101982718793,embedding_pca
esmif_PC070,0.0001964337003148639,1.216481715535246e-05,0.0001964337003148639,embedding_pca
esmif_PC071,0.00020881967754428016,1.7287473762781768e-05,0.00020881967754428016,embedding_pca
esmif_PC072,0.00018119382323329776,1.1059223258768874e-05,0.00018119382323329776,embedding_pca
esmif_PC073,0.00023332321802345992,3.1673433026329305e-05,0.00023332321802345992,embedding_pca
esmif_PC074,0.0002259258850000086,3.874816551999611e-05,0.0002259258850000086,embedding_pca
esmif_PC075,0.00020190476644299667,9.18473246421403e-06,0.00020190476644299667,embedding_pca
esmif_PC076,0.00020428451420772628,1.6297061357598445e-05,0.00020428451420772628,embedding_pca
esmif_PC077,0.00019074794690720812,1.2369653955469943e-05,0.00019074794690720812,embedding_pca
esmif_PC078,0.00020348708033140185,2.2059714825832905e-05,0.00020348708033140185,embedding_pca
esmif_PC079,0.0002368732198021008,3.363973820925791e-05,0.0002368732198021008,embedding_pca
esmif_PC080,0.00022208123985340982,2.486071421142991e-05,0.00022208123985340982,embedding_pca
esmif_PC081,0.00020142301052182435,1.2184575831075224e-05,0.00020142301052182435,embedding_pca
esmif_PC082,0.00022239137794043796,4.028919823332453e-05,0.00022239137794043796,embedding_pca
esmif_PC083,0.00019150669907378555,5.4070475791300416e-06,0.00019150669907378555,embedding_pca
esmif_PC084,0.00019782284925716422,7.894296818560627e-06,0.00019782284925716422,embedding_pca
esmif_PC085,0.0001863243038516048,4.616586706674224e-06,0.0001863243038516048,embedding_pca
esmif_PC086,0.00018308016176059967,8.621088075855761e-06,0.00018308016176059967,embedding_pca
esmif_PC087,0.00019602616688449485,1.0050674501156792e-05,0.00019602616688449485,embedding_pca
esmif_PC088,0.00018506905947916936,1.0938508744995461e-05,0.00018506905947916936,embedding_pca
esmif_PC089,0.00019808352404013376,2.0566437168201778e-05,0.00019808352404013376,embedding_pca
esmif_PC090,0.00019280904371873602,4.212352368968968e-06,0.00019280904371873602,embedding_pca
esmif_PC091,0.00018443657667820563,9.73724391658798e-06,0.00018443657667820563,embedding_pca
esmif_PC092,0.00018450872058355106,9.895666238702874e-06,0.00018450872058355106,embedding_pca
esmif_PC093,0.0002055796302360205,1.398350633912979e-05,0.0002055796302360205,embedding_pca
esmif_PC094,0.0002539870430612207,4.578173372098551e-05,0.0002539870430612207,embedding_pca
esmif_PC095,0.00020206294110998918,2.0378806219061225e-05,0.00020206294110998918,embedding_pca
esmif_PC096,0.00018657698244895258,4.444135585527603e-06,0.00018657698244895258,embedding_pca
esmif_PC097,0.00020110340445347687,4.576307251462998e-06,0.00020110340445347687,embedding_pca
esmif_PC098,0.00018437712493066336,1.4817549617898882e-05,0.00018437712493066336,embedding_pca
esmif_PC099,0.00018695487747741375,3.116359507758588e-06,0.00018695487747741375,embedding_pca
esmif_PC100,0.00017868100229108928,1.301685209673092e-05,0.00017868100229108928,embedding_pca
esmif_PC101,0.00018441897289304973,1.2063659305484283e-05,0.00018441897289304973,embedding_pca
esmif_PC102,0.00019975537396839014,9.529372807675992e-06,0.00019975537396839014,embedding_pca
esmif_PC103,0.00020420758703842138,2.0732102105104513e-05,0.00020420758703842138,embedding_pca
esmif_PC104,0.0002018385548054506,1.3023199148093628e-05,0.0002018385548054506,embedding_pca
esmif_PC105,0.00019435045412307295,1.0723363103976952e-05,0.00019435045412307295,embedding_pca
esmif_PC106,0.00019441767172692954,1.0562241125311529e-05,0.00019441767172692954,embedding_pca
esmif_PC107,0.00018578014461091293,1.2183722805573583e-05,0.00018578014461091293,embedding_pca
esmif_PC108,0.00018794416939332952,8.527118813486366e-06,0.00018794416939332952,embedding_pca
esmif_PC109,0.0001759632593596881,8.821568370050076e-06,0.0001759632593596881,embedding_pca
esmif_PC110,0.00018713886863232096,1.4628563654642157e-05,0.00018713886863232096,embedding_pca
esmif_PC111,0.00017917228854898046,1.3248213602008964e-05,0.00017917228854898046,embedding_pca
esmif_PC112,0.00019337839417463173,1.3747479773738759e-05,0.00019337839417463173,embedding_pca
esmif_PC113,0.0001895557626999602,9.047706986686742e-06,0.0001895557626999602,embedding_pca
esmif_PC114,0.0001898995806820378,2.253977533109154e-05,0.0001898995806820378,embedding_pca
esmif_PC115,0.0001848449896174925,8.140654122458634e-06,0.0001848449896174925,embedding_pca
esmif_PC116,0.00021307848075294614,2.5886228936389563e-05,0.00021307848075294614,embedding_pca
esmif_PC117,0.00019126806774101822,7.717020217542354e-06,0.00019126806774101822,embedding_pca
esmif_PC118,0.00018419143300457807,1.4567207856440467e-05,0.00018419143300457807,embedding_pca
esmif_PC119,0.00018961987758808562,1.3691486722285444e-05,0.00018961987758808562,embedding_pca
esmif_PC120,0.00019453496691242475,1.5598966764221268e-05,0.00019453496691242475,embedding_pca
esmif_PC121,0.00020250652912585346,1.599877515646734e-05,0.00020250652912585346,embedding_pca
esmif_PC122,0.00018095664055668817,7.8459746292174e-06,0.00018095664055668817,embedding_pca
esmif_PC123,0.00024336241901338302,4.936775910860231e-05,0.00024336241901338302,embedding_pca
esmif_PC124,0.00018308205175446805,1.0213351929182321e-05,0.00018308205175446805,embedding_pca
esmif_PC125,0.0001858149598110678,8.81519868204407e-06,0.0001858149598110678,embedding_pca
esmif_PC126,0.0002711550173402993,4.8832290705651265e-05,0.0002711550173402993,embedding_pca
esmif_PC127,0.00019788565382097712,1.2580458805409732e-05,0.00019788565382097712,embedding_pca
esmif_PC128,0.0001958975718288171,5.707274550528454e-06,0.0001958975718288171,embedding_pca
esmif_PC129,0.00018969736513893413,3.6756671742567094e-06,0.00018969736513893413,embedding_pca
esmif_PC130,0.00018884300664744288,6.7349576862846276e-06,0.00018884300664744288,embedding_pca
esmif_PC131,0.00018539233569524023,1.022032500986942e-05,0.00018539233569524023,embedding_pca
esmif_PC132,0.00019455174091848997,1.3631152990675955e-05,0.00019455174091848997,embedding_pca
esmif_PC133,0.00018141317438326063,7.081528561368718e-06,0.00018141317438326063,embedding_pca
esmif_PC134,0.00020197112414866835,1.6881407242896726e-05,0.00020197112414866835,embedding_pca
esmif_PC135,0.0001917508326114351,7.937131860101936e-06,0.0001917508326114351,embedding_pca
esmif_PC136,0.00021853178238318482,5.9994439227992954e-05,0.00021853178238318482,embedding_pca
esmif_PC137,0.0001840555818983681,1.0049078621949423e-05,0.0001840555818983681,embedding_pca
esmif_PC138,0.00020015056553924238,2.416313042375375e-05,0.00020015056553924238,embedding_pca
esmif_PC139,0.0002231132038562335,5.571533297938036e-05,0.0002231132038562335,embedding_pca
esmif_PC140,0.0002471489859210754,8.196775947482444e-05,0.0002471489859210754,embedding_pca
esmif_PC141,0.00019758592240433993,2.7651945211241908e-05,0.00019758592240433993,embedding_pca
esmif_PC142,0.00018670483294075453,8.338140609411839e-06,0.00018670483294075453,embedding_pca
esmif_PC143,0.00018654019281750357,8.109807509359072e-06,0.00018654019281750357,embedding_pca
esmif_PC144,0.00018613550076609627,1.1306426164312552e-05,0.00018613550076609627,embedding_pca
esmif_PC145,0.0001849261784997761,9.021300006301428e-06,0.0001849261784997761,embedding_pca
esmif_PC146,0.0001871128819836491,1.2794372627135963e-05,0.0001871128819836491,embedding_pca
esmif_PC147,0.00018635345348106547,1.0133877827228775e-05,0.00018635345348106547,embedding_pca
esmif_PC148,0.0001828847217721403,1.348647395621886e-05,0.0001828847217721403,embedding_pca
esmif_PC149,0.00019094239507013567,7.21145683222015e-06,0.00019094239507013567,embedding_pca
esmif_PC150,0.00023742427038696756,7.429171872096185e-05,0.00023742427038696756,embedding_pca
esmif_PC151,0.00019047413163697562,1.4054448836499752e-05,0.00019047413163697562,embedding_pca
esmif_PC152,0.00018120758486310889,5.226964476559984e-06,0.00018120758486310889,embedding_pca
esmif_PC153,0.00018670510399523585,7.329727087428903e-06,0.00018670510399523585,embedding_pca
esmif_PC154,0.0002024043175039221,3.650086225952008e-05,0.0002024043175039221,embedding_pca
esmif_PC155,0.00023006700115550698,4.588088408158558e-05,0.00023006700115550698,embedding_pca
esmif_PC156,0.00018490285094905438,5.584356653053226e-06,0.00018490285094905438,embedding_pca
esmif_PC157,0.000201846316779965,1.7846346382074182e-05,0.000201846316779965,embedding_pca
esmif_PC158,0.00023095739832064514,8.544195734861614e-05,0.00023095739832064514,embedding_pca
esmif_PC159,0.00019160435312522937,8.915587768458093e-06,0.00019160435312522937,embedding_pca
esmif_PC160,0.00019054054217989522,1.3651438177242088e-05,0.00019054054217989522,embedding_pca
esmif_PC161,0.00018595710971496316,7.978091934492497e-06,0.00018595710971496316,embedding_pca
esmif_PC162,0.0002007186885600884,1.9902899045025764e-05,0.0002007186885600884,embedding_pca
esmif_PC163,0.00023102835038365773,6.879677711993158e-05,0.00023102835038365773,embedding_pca
esmif_PC164,0.00018224654732169673,3.997804279754923e-06,0.00018224654732169673,embedding_pca
esmif_PC165,0.00023148820074182013,5.91830219600338e-05,0.00023148820074182013,embedding_pca
esmif_PC166,0.00020620372487626428,4.898637689048331e-05,0.00020620372487626428,embedding_pca
esmif_PC167,0.0001878641938909166,7.227885612844289e-06,0.0001878641938909166,embedding_pca
esmif_PC168,0.0002014283951773362,2.188217179843677e-05,0.0002014283951773362,embedding_pca
esmif_PC169,0.00020536591939740459,1.4442070296304314e-05,0.00020536591939740459,embedding_pca
esmif_PC170,0.00020444169788690612,3.19378100566846e-05,0.00020444169788690612,embedding_pca
esmif_PC171,0.0001891019370729869,1.3720304387585914e-05,0.0001891019370729869,embedding_pca
esmif_PC172,0.00018918329695105806,1.0126892782315238e-05,0.00018918329695105806,embedding_pca
esmif_PC173,0.00018802703292339267,9.832190440590696e-06,0.00018802703292339267,embedding_pca
esmif_PC174,0.00018875280646006923,1.8828703987392835e-05,0.00018875280646006923,embedding_pca
esmif_PC175,0.00019184869694738866,1.2638904672285422e-05,0.00019184869694738866,embedding_pca
esmif_PC176,0.00018298911268317583,8.935497554538514e-06,0.00018298911268317583,embedding_pca
esmif_PC177,0.00019318892496552088,2.379678011279225e-05,0.00019318892496552088,embedding_pca
esmif_PC178,0.00018790836730158124,8.836793771565035e-06,0.00018790836730158124,embedding_pca
esmif_PC179,0.00019686776029405193,1.727665748582843e-05,0.00019686776029405193,embedding_pca
esmif_PC180,0.0001938649549049462,9.204713027698397e-06,0.0001938649549049462,embedding_pca
esmif_PC181,0.00018071275187656646,8.081196565092812e-06,0.00018071275187656646,embedding_pca
esmif_PC182,0.0001797040995068769,1.0807460112403234e-05,0.0001797040995068769,embedding_pca
esmif_PC183,0.00019430763543524244,1.3137858346963562e-05,0.00019430763543524244,embedding_pca
esmif_PC184,0.00018382308245404078,4.232488849987963e-06,0.00018382308245404078,embedding_pca
esmif_PC185,0.00018413090685238912,1.5740246415533545e-05,0.00018413090685238912,embedding_pca
esmif_PC186,0.00021212140558521842,4.715715155787261e-05,0.00021212140558521842,embedding_pca
esmif_PC187,0.0001859592174267682,5.349573450864774e-06,0.0001859592174267682,embedding_pca
esmif_PC188,0.00017910362651292057,6.393122701233557e-06,0.00017910362651292057,embedding_pca
esmif_PC189,0.00018333093386932973,1.2192347394138483e-05,0.00018333093386932973,embedding_pca
esmif_PC190,0.00017933697526266058,8.210761788434708e-06,0.00017933697526266058,embedding_pca
esmif_PC191,0.00018363481479559366,6.167129744079949e-06,0.00018363481479559366,embedding_pca
esmif_PC192,0.00018216260778862562,5.364803636910902e-06,0.00018216260778862562,embedding_pca
esmif_PC193,0.00018356348644843855,5.633762775120364e-06,0.00018356348644843855,embedding_pca
esmif_PC194,0.00018365535278271256,1.8348466196840153e-05,0.00018365535278271256,embedding_pca
esmif_PC195,0.0001836622467979907,6.170419944913443e-06,0.0001836622467979907,embedding_pca
esmif_PC196,0.00019479276068681578,1.7471990038493874e-05,0.00019479276068681578,embedding_pca
esmif_PC197,0.00017866044674805728,1.2028022025641531e-05,0.00017866044674805728,embedding_pca
esmif_PC198,0.0001836026458391043,1.409170338278928e-05,0.0001836026458391043,embedding_pca
esmif_PC199,0.00019034437700280908,1.305419288336203e-05,0.00019034437700280908,embedding_pca
esmif_PC200,0.00020165876892768597,1.2977513838704092e-05,0.00020165876892768597,embedding_pca
esmif_PC201,0.0001853895826376691,8.074621058123707e-06,0.0001853895826376691,embedding_pca
esmif_PC202,0.00022190848648529242,4.32694241615793e-05,0.00022190848648529242,embedding_pca
esmif_PC203,0.000191860087907522,6.3513372746561905e-06,0.000191860087907522,embedding_pca
esmif_PC204,0.00019291578213529665,4.924968321296387e-06,0.00019291578213529665,embedding_pca
esmif_PC205,0.00017082331400290702,4.5048772179147885e-06,0.00017082331400290702,embedding_pca
esmif_PC206,0.00018941705369232028,9.765676514008191e-06,0.00018941705369232028,embedding_pca
esmif_PC207,0.00019825144811251244,2.4540148015852632e-05,0.00019825144811251244,embedding_pca
esmif_PC208,0.00018197025302044153,1.1123911426696595e-05,0.00018197025302044153,embedding_pca
esmif_PC209,0.00018514470617337324,6.73204529884225e-06,0.00018514470617337324,embedding_pca
esmif_PC210,0.0002065679980131156,3.44767847334589e-05,0.0002065679980131156,embedding_pca
esmif_PC211,0.00019126163172894002,3.2760855464781e-05,0.00019126163172894002,embedding_pca
esmif_PC212,0.00021096736272448063,6.647182365650705e-05,0.00021096736272448063,embedding_pca
esmif_PC213,0.00018356621090496412,1.35133169307473e-05,0.00018356621090496412,embedding_pca
esmif_PC214,0.0001745410613071441,7.343282683444129e-06,0.0001745410613071441,embedding_pca
esmif_PC215,0.0001898375244703092,1.111838902129304e-05,0.0001898375244703092,embedding_pca
esmif_PC216,0.00018768735477773973,1.2391309536571796e-05,0.00018768735477773973,embedding_pca
esmif_PC217,0.00018357769001167611,1.1194376055872755e-05,0.00018357769001167611,embedding_pca
esmif_PC218,0.0001885593252077582,8.198168223589698e-06,0.0001885593252077582,embedding_pca
esmif_PC219,0.0001982430293604376,3.040932385116368e-05,0.0001982430293604376,embedding_pca
esmif_PC220,0.00018325903346065302,9.8648138948101e-06,0.00018325903346065302,embedding_pca
esmif_PC221,0.00018905713438810545,1.2536564492917579e-05,0.00018905713438810545,embedding_pca
esmif_PC222,0.00023051032651498444,9.73401826498336e-05,0.00023051032651498444,embedding_pca
esmif_PC223,0.00019092519228478683,4.049684770620792e-06,0.00019092519228478683,embedding_pca
esmif_PC224,0.00018895434868362572,9.466747625106314e-06,0.00018895434868362572,embedding_pca
esmif_PC225,0.0001978326359365295,1.711498876939087e-05,0.0001978326359365295,embedding_pca
esmif_PC226,0.0001760185085902346,5.495237006116614e-06,0.0001760185085902346,embedding_pca
esmif_PC227,0.00018336099452764435,7.130406710082815e-06,0.00018336099452764435,embedding_pca
esmif_PC228,0.00020183973517389704,2.6637065183926866e-05,0.00020183973517389704,embedding_pca
esmif_PC229,0.0001822012330100646,6.501761097958269e-06,0.0001822012330100646,embedding_pca
esmif_PC230,0.00020814199218327622,4.7157588916653836e-05,0.00020814199218327622,embedding_pca
esmif_PC231,0.00018976021504144014,5.848583850049062e-06,0.00018976021504144014,embedding_pca
esmif_PC232,0.00018416072861646683,5.617538884874242e-06,0.00018416072861646683,embedding_pca
esmif_PC233,0.00018000923433953561,8.03245909273128e-06,0.00018000923433953561,embedding_pca
esmif_PC234,0.00018304943221357232,1.0052494683185438e-05,0.00018304943221357232,embedding_pca
esmif_PC235,0.00019578310365249828,1.9417489252581862e-05,0.00019578310365249828,embedding_pca
esmif_PC236,0.0001773374002859241,1.2649292626441384e-05,0.0001773374002859241,embedding_pca
esmif_PC237,0.0001873021653245855,7.6165074746249075e-06,0.0001873021653245855,embedding_pca
esmif_PC238,0.00021812025969976203,6.804133688335127e-05,0.00021812025969976203,embedding_pca
esmif_PC239,0.00018439304899212208,8.337357422711973e-06,0.00018439304899212208,embedding_pca
esmif_PC240,0.00018075292885425272,5.190780810100831e-06,0.00018075292885425272,embedding_pca
esmif_PC241,0.00017838989366057855,9.504712346539527e-06,0.00017838989366057855,embedding_pca
esmif_PC242,0.00017816246222524015,9.830348358598135e-06,0.00017816246222524015,embedding_pca
esmif_PC243,0.00018199202810057624,7.614107980742074e-06,0.00018199202810057624,embedding_pca
esmif_PC244,0.00019280435913117134,8.288707772067404e-06,0.00019280435913117134,embedding_pca
esmif_PC245,0.00018644265335394477,7.795194574920814e-06,0.00018644265335394477,embedding_pca
esmif_PC246,0.00017793311134160861,9.006546920590654e-06,0.00017793311134160861,embedding_pca
esmif_PC247,0.00018670230865136569,6.280151876647671e-06,0.00018670230865136569,embedding_pca
esmif_PC248,0.0001811945940320162,7.965170554235835e-06,0.0001811945940320162,embedding_pca
esmif_PC249,0.00018947416196962063,7.510022619506874e-06,0.00018947416196962063,embedding_pca
esmif_PC250,0.0001873089054675442,6.326712881980843e-06,0.0001873089054675442,embedding_pca
esmif_PC251,0.00018610604868429684,1.3405267637080234e-05,0.00018610604868429684,embedding_pca
esmif_PC252,0.0001763336877299693,4.032214747929515e-06,0.0001763336877299693,embedding_pca
esmif_PC253,0.00018128050255500325,7.695822875551566e-06,0.00018128050255500325,embedding_pca
esmif_PC254,0.00018436605885369933,4.711225791143445e-06,0.00018436605885369933,embedding_pca
esmif_PC255,0.0001886824696897521,1.986319570724529e-05,0.0001886824696897521,embedding_pca
esmif_PC256,0.00018093298712727063,6.959322840025929e-06,0.00018093298712727063,embedding_pca
esmif_PC257,0.0001835730498077681,1.4232692414671947e-05,0.0001835730498077681,embedding_pca
esmif_PC258,0.00018426512719644242,8.782491297101424e-06,0.00018426512719644242,embedding_pca
esmif_PC259,0.00017431304342929688,1.4059804764558135e-05,0.00017431304342929688,embedding_pca
esmif_PC260,0.00019005289965848032,1.2945968382610129e-05,0.00019005289965848032,embedding_pca
esmif_PC261,0.00017787883213304955,7.4574028780180405e-06,0.00017787883213304955,embedding_pca
esmif_PC262,0.00023617472167074575,5.7045919546536836e-05,0.00023617472167074575,embedding_pca
esmif_PC263,0.0002031995320880988,4.132613368910895e-05,0.0002031995320880988,embedding_pca
esmif_PC264,0.00020017807818836558,1.9045785575233934e-05,0.00020017807818836558,embedding_pca
esmif_PC265,0.0001808263230995813,4.595955937357554e-06,0.0001808263230995813,embedding_pca
esmif_PC266,0.00018572944175810501,5.389301502044007e-06,0.00018572944175810501,embedding_pca
esmif_PC267,0.0001825976964879911,1.2164905966785127e-05,0.0001825976964879911,embedding_pca
esmif_PC268,0.00019139396170576414,5.0933567521740035e-06,0.00019139396170576414,embedding_pca
esmif_PC269,0.00019376218126212905,7.987543870961096e-06,0.00019376218126212905,embedding_pca
esmif_PC270,0.0001780674346675113,1.1017723626819796e-05,0.0001780674346675113,embedding_pca
esmif_PC271,0.00018115211508393163,7.72569727094179e-06,0.00018115211508393163,embedding_pca
esmif_PC272,0.00017970917020721362,1.071574926944843e-05,0.00017970917020721362,embedding_pca
esmif_PC273,0.00018281719877959903,1.0879849795341463e-05,0.00018281719877959903,embedding_pca
esmif_PC274,0.00018070584531208153,6.6082241242395845e-06,0.00018070584531208153,embedding_pca
esmif_PC275,0.00018884153991347244,7.557326140129261e-06,0.00018884153991347244,embedding_pca
esmif_PC276,0.00018619373930539514,1.084261760367073e-05,0.00018619373930539514,embedding_pca
esmif_PC277,0.0001936994117577574,4.77149015769179e-06,0.0001936994117577574,embedding_pca
esmif_PC278,0.00018806484844618174,1.0387492997476158e-05,0.00018806484844618174,embedding_pca
esmif_PC279,0.00018750614450512148,9.75875756204832e-06,0.00018750614450512148,embedding_pca
esmif_PC280,0.00018464390563121747,1.0823180830926369e-05,0.00018464390563121747,embedding_pca
esmif_PC281,0.00019674713524482483,3.543944169618986e-05,0.00019674713524482483,embedding_pca
esmif_PC282,0.0001945628073907339,3.3492346228168094e-05,0.0001945628073907339,embedding_pca
esmif_PC283,0.00018662304358209013,8.6847554830879e-06,0.00018662304358209013,embedding_pca
esmif_PC284,0.00021241452556100332,3.361796456960203e-05,0.00021241452556100332,embedding_pca
esmif_PC285,0.00020111269496598424,3.986233148358176e-05,0.00020111269496598424,embedding_pca
esmif_PC286,0.00018779012094208156,7.376431245914335e-06,0.00018779012094208156,embedding_pca
esmif_PC287,0.00018987797371044943,4.374569884044809e-06,0.00018987797371044943,embedding_pca
esmif_PC288,0.00018449264252060632,5.649768865941971e-06,0.00018449264252060632,embedding_pca
esmif_PC289,0.00018548566617953804,6.479175497937289e-06,0.00018548566617953804,embedding_pca
esmif_PC290,0.00018227791490927456,4.669561365798677e-06,0.00018227791490927456,embedding_pca
esmif_PC291,0.0001806259803236413,5.436916156226216e-06,0.0001806259803236413,embedding_pca
esmif_PC292,0.0001874806267832681,1.0076118019193825e-05,0.0001874806267832681,embedding_pca
esmif_PC293,0.00017907796162305265,6.594867681772271e-06,0.00017907796162305265,embedding_pca
esmif_PC294,0.00018419872103091474,1.2170666678294154e-05,0.00018419872103091474,embedding_pca
esmif_PC295,0.00018813738570628658,1.5142963055413359e-05,0.00018813738570628658,embedding_pca
esmif_PC296,0.00019559201557114238,2.0436356834879562e-05,0.00019559201557114238,embedding_pca
esmif_PC297,0.0001848442795830541,5.711655679451063e-06,0.0001848442795830541,embedding_pca
esmif_PC298,0.0001720374865733471,5.977475564816832e-06,0.0001720374865733471,embedding_pca
esmif_PC299,0.0002198652648130361,5.5336974944072644e-05,0.0002198652648130361,embedding_pca
esmif_PC300,0.0001759260288921683,6.238229010828129e-06,0.0001759260288921683,embedding_pca
esmif_PC301,0.0001818862162490411,8.169391851881229e-06,0.0001818862162490411,embedding_pca
esmif_PC302,0.00022177498678921,4.8206983703808236e-05,0.00022177498678921,embedding_pca
esmif_PC303,0.00018322231273169365,6.746659515135178e-06,0.00018322231273169365,embedding_pca
esmif_PC304,0.0001863332202747109,1.0058636556535375e-05,0.0001863332202747109,embedding_pca
esmif_PC305,0.00019168730808030452,1.5318520379060075e-05,0.00019168730808030452,embedding_pca
esmif_PC306,0.0001847677510594555,1.3012715574972517e-05,0.0001847677510594555,embedding_pca
esmif_PC307,0.00017917821320275154,4.754682446017846e-06,0.00017917821320275154,embedding_pca
esmif_PC308,0.00019570185775152167,1.8984143139947408e-05,0.00019570185775152167,embedding_pca
esmif_PC309,0.00018276781075743278,5.159710386662995e-06,0.00018276781075743278,embedding_pca
esmif_PC310,0.00018704589665911493,1.1975382079346257e-05,0.00018704589665911493,embedding_pca
esmif_PC311,0.00018342757664211587,1.0115503544632935e-05,0.00018342757664211587,embedding_pca
esmif_PC312,0.00019802234367721473,1.9964683121327463e-05,0.00019802234367721473,embedding_pca
esmif_PC313,0.0002003397784635832,2.5119138312264743e-05,0.0002003397784635832,embedding_pca
esmif_PC314,0.00018410691610185428,7.282282551305793e-06,0.00018410691610185428,embedding_pca
esmif_PC315,0.00019379030573770726,7.993791031130589e-06,0.00019379030573770726,embedding_pca
esmif_PC316,0.0001938850102196304,1.7577766867550647e-05,0.0001938850102196304,embedding_pca
esmif_PC317,0.00017696130705112904,1.5873350040034395e-05,0.00017696130705112904,embedding_pca
esmif_PC318,0.00017747354092780145,4.871399318080119e-06,0.00017747354092780145,embedding_pca
esmif_PC319,0.00018217638423472516,1.0734006192249671e-05,0.00018217638423472516,embedding_pca
esmif_PC320,0.00021531734383110885,4.5947905304600584e-05,0.00021531734383110885,embedding_pca
esmif_PC321,0.00019254226268021802,1.3810081576204379e-05,0.00019254226268021802,embedding_pca
esmif_PC322,0.00019880220802961527,3.372794404499126e-05,0.00019880220802961527,embedding_pca
esmif_PC323,0.00017997678262507687,8.896746643806846e-06,0.00017997678262507687,embedding_pca
esmif_PC324,0.00017529254738703708,3.6483361943694555e-06,0.00017529254738703708,embedding_pca
esmif_PC325,0.00017985150447257536,3.4432797004205148e-06,0.00017985150447257536,embedding_pca
esmif_PC326,0.00018874422690507418,7.839494531360304e-06,0.00018874422690507418,embedding_pca
esmif_PC327,0.00018540891041042603,4.023559833166194e-06,0.00018540891041042603,embedding_pca
esmif_PC328,0.00019130405573316363,3.844101617875938e-06,0.00019130405573316363,embedding_pca
esmif_PC329,0.00018113000983176398,9.985172544491588e-06,0.00018113000983176398,embedding_pca
esmif_PC330,0.00017919522092352854,8.226841428302844e-06,0.00017919522092352854,embedding_pca
esmif_PC331,0.00018097208673455644,8.015648052142884e-06,0.00018097208673455644,embedding_pca
esmif_PC332,0.00018886002363452612,1.1155455692653369e-06,0.00018886002363452612,embedding_pca
esmif_PC333,0.00017682168775910907,5.807587861688836e-06,0.00017682168775910907,embedding_pca
esmif_PC334,0.00018013430252656818,1.1434681594769233e-05,0.00018013430252656818,embedding_pca
esmif_PC335,0.00018373057042496242,5.959208177119024e-06,0.00018373057042496242,embedding_pca
esmif_PC336,0.00019976773961181217,2.4743634673087377e-05,0.00019976773961181217,embedding_pca
esmif_PC337,0.00018553106273920853,1.0762196116375358e-05,0.00018553106273920853,embedding_pca
esmif_PC338,0.00018705489548728304,1.3728478780242086e-05,0.00018705489548728304,embedding_pca
esmif_PC339,0.0001853099560780315,4.902497343948583e-06,0.0001853099560780315,embedding_pca
esmif_PC340,0.00018038603884016805,9.162939412424476e-06,0.00018038603884016805,embedding_pca
esmif_PC341,0.00018287799983702658,7.77454421803525e-06,0.00018287799983702658,embedding_pca
esmif_PC342,0.0001755062872212128,7.917899322207918e-06,0.0001755062872212128,embedding_pca
esmif_PC343,0.00020443454607159024,4.5245905141905036e-05,0.00020443454607159024,embedding_pca
esmif_PC344,0.00019251067062867964,2.3724834438982706e-05,0.00019251067062867964,embedding_pca
esmif_PC345,0.0001788368107079968,6.388870334076803e-06,0.0001788368107079968,embedding_pca
esmif_PC346,0.0001872373616509254,8.166726761111098e-06,0.0001872373616509254,embedding_pca
esmif_PC347,0.00018596610655710824,8.399828854565991e-06,0.00018596610655710824,embedding_pca
esmif_PC348,0.0001871908658280717,7.349612881345615e-06,0.0001871908658280717,embedding_pca
esmif_PC349,0.00019303879087862597,1.3164740034412827e-05,0.00019303879087862597,embedding_pca
esmif_PC350,0.0001842360437135788,5.422648175236477e-06,0.0001842360437135788,embedding_pca
esmif_PC351,0.0001787861121436641,1.4582456191541957e-05,0.0001787861121436641,embedding_pca
esmif_PC352,0.00017931146514186362,6.776399054887022e-06,0.00017931146514186362,embedding_pca
esmif_PC353,0.00018284663145708488,7.157208739079141e-06,0.00018284663145708488,embedding_pca
esmif_PC354,0.00020786856571441566,3.971495924506064e-05,0.00020786856571441566,embedding_pca
esmif_PC355,0.00020829744544094447,6.254023962840229e-05,0.00020829744544094447,embedding_pca
esmif_PC356,0.00018417647626053785,1.4216030462021478e-05,0.00018417647626053785,embedding_pca
esmif_PC357,0.00018953092986541035,2.405834581067494e-05,0.00018953092986541035,embedding_pca
esmif_PC358,0.0001879612961108277,1.6330667090018686e-05,0.0001879612961108277,embedding_pca
esmif_PC359,0.00017956365115815543,5.410019061394934e-06,0.00017956365115815543,embedding_pca
esmif_PC360,0.0001826747742711768,9.691665575336431e-06,0.0001826747742711768,embedding_pca
esmif_PC361,0.00017896870480450339,1.3656546912174954e-05,0.00017896870480450339,embedding_pca
esmif_PC362,0.00017995303873658165,1.5844746891960097e-05,0.00017995303873658165,embedding_pca
esmif_PC363,0.00018774163211916642,1.4306215882576877e-05,0.00018774163211916642,embedding_pca
esmif_PC364,0.0002162058359324075,6.538592071774429e-05,0.0002162058359324075,embedding_pca
esmif_PC365,0.00022244240129575522,4.901844056583862e-05,0.00022244240129575522,embedding_pca
esmif_PC366,0.00018778662505087231,1.624299884008521e-05,0.00018778662505087231,embedding_pca
esmif_PC367,0.0001856266806913609,1.035139191127434e-05,0.0001856266806913609,embedding_pca
esmif_PC368,0.00018046740165466286,9.244536536657739e-06,0.00018046740165466286,embedding_pca
esmif_PC369,0.00018373294434286571,1.0792673069129818e-05,0.00018373294434286571,embedding_pca
esmif_PC370,0.0001723379762073944,9.27724197453814e-06,0.0001723379762073944,embedding_pca
esmif_PC371,0.0001776461405011857,3.97662692036948e-06,0.0001776461405011857,embedding_pca
esmif_PC372,0.00018466698264099263,3.993967104642108e-06,0.00018466698264099263,embedding_pca
esmif_PC373,0.0001823438307822233,8.655085864762255e-06,0.0001823438307822233,embedding_pca
esmif_PC374,0.00021193031288201095,4.6336678697256915e-05,0.00021193031288201095,embedding_pca
esmif_PC375,0.00018110482923298585,3.611685932892595e-06,0.00018110482923298585,embedding_pca
esmif_PC376,0.00020442954409684741,4.407661495377534e-05,0.00020442954409684741,embedding_pca
esmif_PC377,0.00018424376846382876,9.649586987232558e-06,0.00018424376846382876,embedding_pca
esmif_PC378,0.0002160127425634651,6.657348678803554e-05,0.0002160127425634651,embedding_pca
esmif_PC379,0.00017715827673028413,6.881002679918455e-06,0.00017715827673028413,embedding_pca
esmif_PC380,0.0001913451461066078,1.7886013349132046e-05,0.0001913451461066078,embedding_pca
esmif_PC381,0.00020143629675318394,3.41371880519273e-05,0.00020143629675318394,embedding_pca
esmif_PC382,0.00017693697456815143,6.719085343674659e-06,0.00017693697456815143,embedding_pca
esmif_PC383,0.00018485479933470653,1.991470271808263e-05,0.00018485479933470653,embedding_pca
esmif_PC384,0.00017590420448849553,5.296887302218678e-06,0.00017590420448849553,embedding_pca
esmif_PC385,0.00019759670826892604,3.2643402977217356e-05,0.00019759670826892604,embedding_pca
esmif_PC386,0.0001891642009226244,1.1471549416759142e-05,0.0001891642009226244,embedding_pca
esmif_PC387,0.00021271662028745346,4.732687649386705e-05,0.00021271662028745346,embedding_pca
esmif_PC388,0.00018484419473955896,9.535436335850458e-06,0.00018484419473955896,embedding_pca
esmif_PC389,0.0001745324079217479,9.31926513622554e-06,0.0001745324079217479,embedding_pca
esmif_PC390,0.0002090557011662188,4.296468404055654e-05,0.0002090557011662188,embedding_pca
esmif_PC391,0.00018390380399501853,6.959280385708484e-06,0.00018390380399501853,embedding_pca
esmif_PC392,0.00017789945431078214,9.714782817371691e-06,0.00017789945431078214,embedding_pca
esmif_PC393,0.00018569503757062217,9.456620457766107e-06,0.00018569503757062217,embedding_pca
esmif_PC394,0.0001891617287405258,1.0837632590878289e-05,0.0001891617287405258,embedding_pca
esmif_PC395,0.0001839057110675552,9.11305103991857e-06,0.0001839057110675552,embedding_pca
esmif_PC396,0.00018089141016787978,4.4854440394871605e-06,0.00018089141016787978,embedding_pca
esmif_PC397,0.00020765615322853437,3.3464869259367256e-05,0.00020765615322853437,embedding_pca
esmif_PC398,0.00018034569735689423,3.951200747075615e-06,0.00018034569735689423,embedding_pca
esmif_PC399,0.0002074352713385381,5.914898129326961e-05,0.0002074352713385381,embedding_pca
esmif_PC400,0.0002132655220645179,4.2787223355834135e-05,0.0002132655220645179,embedding_pca
esmif_PC401,0.00017752772010017285,4.221671795163556e-06,0.00017752772010017285,embedding_pca
esmif_PC402,0.00017540789375467724,6.607570780438099e-06,0.00017540789375467724,embedding_pca
esmif_PC403,0.00021403890355376656,6.65639593495225e-05,0.00021403890355376656,embedding_pca
esmif_PC404,0.00017780974927923216,7.423495510019777e-06,0.00017780974927923216,embedding_pca
esmif_PC405,0.00018011211964728222,9.956094947596983e-06,0.00018011211964728222,embedding_pca
esmif_PC406,0.00018195752161081715,9.369862373470683e-06,0.00018195752161081715,embedding_pca
esmif_PC407,0.00018858694803977434,5.189909776826344e-06,0.00018858694803977434,embedding_pca
esmif_PC408,0.00017933499549524807,1.3676776873735167e-05,0.00017933499549524807,embedding_pca
esmif_PC409,0.00018437614498753238,1.0400886690631709e-05,0.00018437614498753238,embedding_pca
esmif_PC410,0.0001881447474745761,1.0638701781763634e-05,0.0001881447474745761,embedding_pca
esmif_PC411,0.00018404113361104735,1.624723509379492e-05,0.00018404113361104735,embedding_pca
esmif_PC412,0.00018073283623085083,8.141406216728022e-06,0.00018073283623085083,embedding_pca
esmif_PC413,0.00017557515438944385,5.535979594538827e-06,0.00017557515438944385,embedding_pca
esmif_PC414,0.00019430388823027503,2.9304808232798996e-05,0.00019430388823027503,embedding_pca
esmif_PC415,0.00018385186219551587,1.078469373217944e-05,0.00018385186219551587,embedding_pca
esmif_PC416,0.0001909947940295493,9.195003671392598e-06,0.0001909947940295493,embedding_pca
esmif_PC417,0.00018114172179193135,5.996602350464502e-06,0.00018114172179193135,embedding_pca
esmif_PC418,0.0001849746342878699,7.4553859520403955e-06,0.0001849746342878699,embedding_pca
esmif_PC419,0.00018822382921704266,1.384553578752521e-05,0.00018822382921704266,embedding_pca
esmif_PC420,0.0001797164364755171,6.4941367715333045e-06,0.0001797164364755171,embedding_pca
esmif_PC421,0.00019500965635004224,1.557862436452839e-05,0.00019500965635004224,embedding_pca
esmif_PC422,0.0001870110535088464,1.166033066614175e-05,0.0001870110535088464,embedding_pca
esmif_PC423,0.0001845336437578609,1.323378576719547e-05,0.0001845336437578609,embedding_pca
esmif_PC424,0.0001867158280872407,7.974707865258275e-06,0.0001867158280872407,embedding_pca
esmif_PC425,0.00018444812545554917,1.171424212888244e-05,0.00018444812545554917,embedding_pca
esmif_PC426,0.00018045587228151651,5.1360349316022415e-06,0.00018045587228151651,embedding_pca
esmif_PC427,0.000176540840330401,6.626671717225002e-06,0.000176540840330401,embedding_pca
esmif_PC428,0.0001783039997423959,1.0253753031773905e-05,0.0001783039997423959,embedding_pca
esmif_PC429,0.00018277051526329515,9.592009502100879e-06,0.00018277051526329515,embedding_pca
esmif_PC430,0.00020653064823018206,1.925275576806412e-05,0.00020653064823018206,embedding_pca
esmif_PC431,0.00018270536489697014,1.2600013721045707e-05,0.00018270536489697014,embedding_pca
esmif_PC432,0.00019057724756428612,1.6652916725364862e-05,0.00019057724756428612,embedding_pca
esmif_PC433,0.00018480809999872378,1.2006156345031673e-05,0.00018480809999872378,embedding_pca
esmif_PC434,0.00020350716206514572,3.083195946343687e-05,0.00020350716206514572,embedding_pca
esmif_PC435,0.00017844760003100278,2.3036105766211734e-06,0.00017844760003100278,embedding_pca
esmif_PC436,0.00021511638743127058,4.1746107593408964e-05,0.00021511638743127058,embedding_pca
esmif_PC437,0.00024102838429765236,7.061498533286967e-05,0.00024102838429765236,embedding_pca
esmif_PC438,0.00018525405411461913,5.9922135410065474e-06,0.00018525405411461913,embedding_pca
esmif_PC439,0.00017828464718327148,9.20196843092347e-06,0.00017828464718327148,embedding_pca
esmif_PC440,0.00021747028500217433,3.66901501021314e-05,0.00021747028500217433,embedding_pca
esmif_PC441,0.00025839149172667605,7.751087859777286e-05,0.00025839149172667605,embedding_pca
esmif_PC442,0.00021875488537820563,6.669731624229406e-05,0.00021875488537820563,embedding_pca
esmif_PC443,0.00017950465860601682,1.295412995827174e-05,0.00017950465860601682,embedding_pca
esmif_PC444,0.00017849740745250488,8.394755335209406e-06,0.00017849740745250488,embedding_pca
esmif_PC445,0.00018863449170011018,5.22209929571388e-06,0.00018863449170011018,embedding_pca
esmif_PC446,0.00018998447826988583,8.910491145192742e-06,0.00018998447826988583,embedding_pca
esmif_PC447,0.00018735307801352565,8.78554766819355e-06,0.00018735307801352565,embedding_pca
esmif_PC448,0.00018892303826859169,1.858130424523097e-05,0.00018892303826859169,embedding_pca
esmif_PC449,0.00018450639091512842,6.909418843432674e-06,0.00018450639091512842,embedding_pca
esmif_PC450,0.00018095718841495842,9.136037448281387e-06,0.00018095718841495842,embedding_pca
esmif_PC451,0.00017910310603295638,9.46431524029108e-06,0.00017910310603295638,embedding_pca
esmif_PC452,0.00018274473177240996,1.2605550136113294e-05,0.00018274473177240996,embedding_pca
esmif_PC453,0.00018456034609869637,9.663193651225037e-06,0.00018456034609869637,embedding_pca
esmif_PC454,0.00020156836145406105,3.3581321135000844e-05,0.00020156836145406105,embedding_pca
esmif_PC455,0.00017758276530666653,4.299368487992154e-06,0.00017758276530666653,embedding_pca
esmif_PC456,0.00018457961351032542,9.302069208114376e-06,0.00018457961351032542,embedding_pca
esmif_PC457,0.00018253571702423648,9.61705856834009e-06,0.00018253571702423648,embedding_pca
esmif_PC458,0.00017740565151742508,3.981308121424032e-06,0.00017740565151742508,embedding_pca
esmif_PC459,0.00019149240143615545,1.0596034306989087e-05,0.00019149240143615545,embedding_pca
esmif_PC460,0.0001820428798308173,2.172824011151138e-06,0.0001820428798308173,embedding_pca
esmif_PC461,0.00022120583983139896,6.640248390410093e-05,0.00022120583983139896,embedding_pca
esmif_PC462,0.00018501859489832972,1.4368380200349782e-05,0.00018501859489832972,embedding_pca
esmif_PC463,0.00018146153873713344,7.3307580635469e-06,0.00018146153873713344,embedding_pca
esmif_PC464,0.00018686012205167504,6.717404016647002e-06,0.00018686012205167504,embedding_pca
esmif_PC465,0.00017965408983439699,5.985489069407373e-06,0.00017965408983439699,embedding_pca
esmif_PC466,0.00017801509940739557,2.0521984048702228e-06,0.00017801509940739557,embedding_pca
esmif_PC467,0.00018264131344810725,1.376618827229452e-05,0.00018264131344810725,embedding_pca
esmif_PC468,0.00018198586192749274,1.7410272885106724e-05,0.00018198586192749274,embedding_pca
esmif_PC469,0.00017575249994212242,1.0088246772417009e-05,0.00017575249994212242,embedding_pca
esmif_PC470,0.00020250662992316607,5.010171997301028e-05,0.00020250662992316607,embedding_pca
esmif_PC471,0.00017917355905007698,5.54585329730038e-06,0.00017917355905007698,embedding_pca
esmif_PC472,0.00018155704698109745,7.153577255124083e-06,0.00018155704698109745,embedding_pca
esmif_PC473,0.00017705674364624927,1.1609135666256827e-05,0.00017705674364624927,embedding_pca
esmif_PC474,0.00018952999563325577,1.2384545756118946e-05,0.00018952999563325577,embedding_pca
esmif_PC475,0.0001954076728226353,2.8377578079445382e-05,0.0001954076728226353,embedding_pca
esmif_PC476,0.00019129635731060372,2.676672995296708e-05,0.00019129635731060372,embedding_pca
esmif_PC477,0.00018890781613720023,9.532877153622256e-06,0.00018890781613720023,embedding_pca
esmif_PC478,0.00021041462877532195,6.213216526933857e-05,0.00021041462877532195,embedding_pca
esmif_PC479,0.00019262404655341658,3.15017322150437e-05,0.00019262404655341658,embedding_pca
esmif_PC480,0.00018253090692462815,7.569687231394479e-06,0.00018253090692462815,embedding_pca
esmif_PC481,0.00020212933798661849,2.4556072857453787e-05,0.00020212933798661849,embedding_pca
esmif_PC482,0.0001759815059266005,3.870622682175201e-06,0.0001759815059266005,embedding_pca
esmif_PC483,0.00017196341285443333,5.279043470505905e-06,0.00017196341285443333,embedding_pca
esmif_PC484,0.0001828968155545307,8.738198849795398e-06,0.0001828968155545307,embedding_pca
esmif_PC485,0.00017464370905983232,9.713885836332447e-06,0.00017464370905983232,embedding_pca
esmif_PC486,0.0001830547735419978,1.4035342339342006e-05,0.0001830547735419978,embedding_pca
esmif_PC487,0.00021117886712189766,6.73261188432461e-05,0.00021117886712189766,embedding_pca
esmif_PC488,0.0001834311072532508,7.710215548980433e-06,0.0001834311072532508,embedding_pca
esmif_PC489,0.00017650780487487547,7.785201970151946e-06,0.00017650780487487547,embedding_pca
esmif_PC490,0.00020997863510100416,4.272038792192221e-05,0.00020997863510100416,embedding_pca
esmif_PC491,0.00018506705992580842,5.1441856040968655e-06,0.00018506705992580842,embedding_pca
esmif_PC492,0.00018139469223728294,9.594320227729208e-06,0.00018139469223728294,embedding_pca
esmif_PC493,0.00017736636948303833,8.488898476174896e-06,0.00017736636948303833,embedding_pca
esmif_PC494,0.0001860355441158015,1.8198337385237557e-05,0.0001860355441158015,embedding_pca
esmif_PC495,0.00018670350776165404,1.15260688534974e-05,0.00018670350776165404,embedding_pca
esmif_PC496,0.00017193314954658555,5.7199698743333024e-06,0.00017193314954658555,embedding_pca
esmif_PC497,0.0001763704398430693,9.273830173796632e-06,0.0001763704398430693,embedding_pca
esmif_PC498,0.00018308065745601575,1.5134286811318338e-05,0.00018308065745601575,embedding_pca
esmif_PC499,0.00017820997846416207,2.9442177422370603e-06,0.00017820997846416207,embedding_pca
esmif_PC500,0.00018034387547264172,6.00769801480144e-06,0.00018034387547264172,embedding_pca
esmif_PC501,0.0001863999210233309,6.313541232181857e-06,0.0001863999210233309,embedding_pca
esmif_PC502,0.0001837516064255847,1.3482237553534602e-05,0.0001837516064255847,embedding_pca
esmif_PC503,0.0001746248833563779,9.689422492558201e-06,0.0001746248833563779,embedding_pca
esmif_PC504,0.00018137949466446197,7.653984090766813e-06,0.00018137949466446197,embedding_pca
esmif_PC505,0.0001843909734042019,1.1293196164835137e-05,0.0001843909734042019,embedding_pca
esmif_PC506,0.0001811076850101783,7.094936542318734e-06,0.0001811076850101783,embedding_pca
esmif_PC507,0.0001884873643785193,1.024027396791882e-05,0.0001884873643785193,embedding_pca
esmif_PC508,0.00017580896804530048,5.526094773030135e-06,0.00017580896804530048,embedding_pca
esmif_PC509,0.00021445580379245486,6.208983252221693e-05,0.00021445580379245486,embedding_pca
esmif_PC510,0.00018697071584319744,7.637153040139933e-06,0.00018697071584319744,embedding_pca
esmif_PC511,0.00018254106998602456,1.1619654531171292e-05,0.00018254106998602456,embedding_pca
esmif_PC512,0.00017799086170807587,5.387164534103157e-06,0.00017799086170807587,embedding_pca
esmif_PC513,0.0001979244510824945,1.801545514510737e-05,0.0001979244510824945,embedding_pca
esmif_PC514,0.0001798578557615404,9.482938800513746e-06,0.0001798578557615404,embedding_pca
esmif_PC515,0.00018075956550054015,1.0566168497272426e-05,0.00018075956550054015,embedding_pca
esmif_PC516,0.00017884775433866598,1.2710918751034026e-05,0.00017884775433866598,embedding_pca
esmif_PC517,0.00018216389208489656,5.89408794889492e-06,0.00018216389208489656,embedding_pca
esmif_PC518,0.0001758234316245736,1.3297975129441761e-05,0.0001758234316245736,embedding_pca
esmif_PC519,0.00019822589703767586,2.3615122124068006e-05,0.00019822589703767586,embedding_pca
esmif_PC520,0.00018185894197384617,8.913480674361785e-06,0.00018185894197384617,embedding_pca
esmif_PC521,0.0002023195077525923,3.696775026356302e-05,0.0002023195077525923,embedding_pca
esmif_PC522,0.00020756020285659952,3.548937912730191e-05,0.00020756020285659952,embedding_pca
esmif_PC523,0.00018486248788545368,6.918791962360794e-06,0.00018486248788545368,embedding_pca
esmif_PC524,0.00019932642658828745,1.9046122856383606e-05,0.00019932642658828745,embedding_pca
esmif_PC525,0.0001828538923739423,1.2508288804343622e-06,0.0001828538923739423,embedding_pca
esmif_PC526,0.0001814615586399391,4.191982989849723e-06,0.0001814615586399391,embedding_pca
esmif_PC527,0.00018095403144747328,9.40133743742852e-06,0.00018095403144747328,embedding_pca
esmif_PC528,0.00025246242386595255,0.00011062899975074169,0.00025246242386595255,embedding_pca
esmif_PC529,0.0001952958420933782,2.9812730683119745e-05,0.0001952958420933782,embedding_pca
esmif_PC530,0.00018243413071073462,9.297920554471776e-06,0.00018243413071073462,embedding_pca
esmif_PC531,0.00017103505080702156,6.123398112002634e-06,0.00017103505080702156,embedding_pca
esmif_PC532,0.0001869589228143741,2.7577758813831913e-05,0.0001869589228143741,embedding_pca
esmif_PC533,0.0001784121409142124,7.632188152012644e-06,0.0001784121409142124,embedding_pca
esmif_PC534,0.00018805273939939086,3.8152105388710356e-05,0.00018805273939939086,embedding_pca
esmif_PC535,0.0001703659449430753,9.246908348660042e-06,0.0001703659449430753,embedding_pca
esmif_PC536,0.0001846071108970064,1.9924178306525453e-05,0.0001846071108970064,embedding_pca
esmif_PC537,0.00018112281343997483,7.661240091274471e-06,0.00018112281343997483,embedding_pca
esmif_PC538,0.0001790896581151787,1.1462027725722322e-05,0.0001790896581151787,embedding_pca
esmif_PC539,0.00018442759595714854,1.0124254714875531e-05,0.00018442759595714854,embedding_pca
esmif_PC540,0.00017948042312030074,8.337835612650492e-06,0.00017948042312030074,embedding_pca
esmif_PC541,0.0001775044873907549,4.1603095174228316e-06,0.0001775044873907549,embedding_pca
esmif_PC542,0.00017094392254850586,6.46701153159979e-06,0.00017094392254850586,embedding_pca
esmif_PC543,0.00017574361529641306,8.57371859328422e-06,0.00017574361529641306,embedding_pca
esmif_PC544,0.00017325661584394086,1.2505335922128062e-05,0.00017325661584394086,embedding_pca
esmif_PC545,0.00018608083721000746,7.91898691449002e-06,0.00018608083721000746,embedding_pca
esmif_PC546,0.00021560566372345907,3.6800314463158184e-05,0.00021560566372345907,embedding_pca
esmif_PC547,0.00018561363674121086,5.699593891287345e-06,0.00018561363674121086,embedding_pca
esmif_PC548,0.0001773947313566664,1.0669431163877478e-05,0.0001773947313566664,embedding_pca
esmif_PC549,0.00020394036195781458,4.220180028736646e-05,0.00020394036195781458,embedding_pca
esmif_PC550,0.00023566021983770268,7.070913999599359e-05,0.00023566021983770268,embedding_pca
esmif_PC551,0.0001785968957111291,4.219753162887059e-06,0.0001785968957111291,embedding_pca
esmif_PC552,0.0002013858690278242,5.444769725472393e-05,0.0002013858690278242,embedding_pca
esmif_PC553,0.0001793189335692044,6.296750536762178e-06,0.0001793189335692044,embedding_pca
esmif_PC554,0.00019696299922929578,1.5854619192822383e-05,0.00019696299922929578,embedding_pca
esmif_PC555,0.00018087829429953102,5.61179703734876e-06,0.00018087829429953102,embedding_pca
esmif_PC556,0.00018230546908915192,5.020999814641866e-06,0.00018230546908915192,embedding_pca
esmif_PC557,0.00018281671800881251,1.2093070001892394e-05,0.00018281671800881251,embedding_pca
esmif_PC558,0.00018130212848010177,1.099397036564078e-05,0.00018130212848010177,embedding_pca
esmif_PC559,0.0001842723377598736,1.323333600077236e-05,0.0001842723377598736,embedding_pca
esmif_PC560,0.0001853240195016855,3.384547166075571e-05,0.0001853240195016855,embedding_pca
esmif_PC561,0.00018353749443891494,2.4043150314078963e-06,0.00018353749443891494,embedding_pca
esmif_PC562,0.00018589522407435154,2.7454698977093653e-06,0.00018589522407435154,embedding_pca
esmif_PC563,0.00018231699274970947,2.138044377266284e-05,0.00018231699274970947,embedding_pca
esmif_PC564,0.00020766866079777773,4.42653678578695e-05,0.00020766866079777773,embedding_pca
esmif_PC565,0.00017987984626285027,9.668163653643727e-06,0.00017987984626285027,embedding_pca
esmif_PC566,0.00020755891838744638,6.93977808790224e-05,0.00020755891838744638,embedding_pca
esmif_PC567,0.0001949731466043792,1.2978666319166843e-05,0.0001949731466043792,embedding_pca
esmif_PC568,0.00018748221727370875,3.441811466072369e-05,0.00018748221727370875,embedding_pca
esmif_PC569,0.00019436270906248977,1.9853881710944962e-05,0.00019436270906248977,embedding_pca
esmif_PC570,0.00018643957492366875,1.4695972110337412e-05,0.00018643957492366875,embedding_pca
esmif_PC571,0.000176395804435262,1.4596357238790977e-06,0.000176395804435262,embedding_pca
esmif_PC572,0.0001715352961469598,5.141978648826937e-06,0.0001715352961469598,embedding_pca
esmif_PC573,0.00019640355827688544,2.0219017446956044e-05,0.00019640355827688544,embedding_pca
esmif_PC574,0.00021368286108911058,4.6451403976806244e-05,0.00021368286108911058,embedding_pca
esmif_PC575,0.00017730913936313904,8.038663538637855e-06,0.00017730913936313904,embedding_pca
esmif_PC576,0.00017997116783741352,1.0179451308994938e-05,0.00017997116783741352,embedding_pca
esmif_PC577,0.0001816178788958589,8.885510325844871e-06,0.0001816178788958589,embedding_pca
esmif_PC578,0.00018066103222351453,6.912788963137718e-06,0.00018066103222351453,embedding_pca
esmif_PC579,0.0001791996213001076,6.956334746377917e-06,0.0001791996213001076,embedding_pca
esmif_PC580,0.00019251199090514665,1.1564191759734674e-05,0.00019251199090514665,embedding_pca
esmif_PC581,0.00019051845896150466,1.3976637807018629e-05,0.00019051845896150466,embedding_pca
esmif_PC582,0.00022060048534409106,3.961736200374114e-05,0.00022060048534409106,embedding_pca
esmif_PC583,0.00021312103776264347,6.083603752318065e-05,0.00021312103776264347,embedding_pca
esmif_PC584,0.00017756647034857903,8.527280509849249e-06,0.00017756647034857903,embedding_pca
esmif_PC585,0.00018466515252874347,7.98323319521544e-06,0.00018466515252874347,embedding_pca
esmif_PC586,0.00018360749795919598,9.476397355504734e-06,0.00018360749795919598,embedding_pca
esmif_PC587,0.00018542963074346373,1.5553082931693087e-05,0.00018542963074346373,embedding_pca
esmif_PC588,0.00018231963153228926,1.0196250331514676e-05,0.00018231963153228926,embedding_pca
esmif_PC589,0.00018147807105289894,9.276566131199316e-06,0.00018147807105289894,embedding_pca
esmif_PC590,0.00018326068447430984,3.5740282679061856e-06,0.00018326068447430984,embedding_pca
esmif_PC591,0.00017846093510847332,1.2894635623086646e-05,0.00017846093510847332,embedding_pca
esmif_PC592,0.00023764674916041607,7.470825386986436e-05,0.00023764674916041607,embedding_pca
esmif_PC593,0.00019456953920411903,1.4693166793769e-05,0.00019456953920411903,embedding_pca
esmif_PC594,0.0001959706074326576,2.9294376593673297e-05,0.0001959706074326576,embedding_pca
esmif_PC595,0.00018626126057273064,1.3255841182413788e-05,0.00018626126057273064,embedding_pca
esmif_PC596,0.00020118222415758166,4.9746852425984225e-05,0.00020118222415758166,embedding_pca
esmif_PC597,0.00019469483506790285,3.0398135388946466e-05,0.00019469483506790285,embedding_pca
esmif_PC598,0.0001800075348952123,8.355109931605903e-06,0.0001800075348952123,embedding_pca
esmif_PC599,0.00023350638397826758,6.130581601184757e-05,0.00023350638397826758,embedding_pca
esmif_PC600,0.00017649724324380123,7.988929550171813e-06,0.00017649724324380123,embedding_pca
esmif_PC601,0.00019431511854796642,2.0484922753276715e-05,0.00019431511854796642,embedding_pca
esmif_PC602,0.00017904449984312604,1.0183844682309861e-05,0.00017904449984312604,embedding_pca
esmif_PC603,0.00020927418117106878,4.88896933685976e-05,0.00020927418117106878,embedding_pca
esmif_PC604,0.0001876564725056037,1.5404568390029918e-05,0.0001876564725056037,embedding_pca
esmif_PC605,0.000186722018588721,5.280397904679512e-06,0.000186722018588721,embedding_pca
esmif_PC606,0.0001953159509789294,2.4423802323530472e-05,0.0001953159509789294,embedding_pca
esmif_PC607,0.00020059920999095752,4.483572096418053e-05,0.00020059920999095752,embedding_pca
esmif_PC608,0.00017328067268855682,6.7572949229312734e-06,0.00017328067268855682,embedding_pca
esmif_PC609,0.0001902248591211103,2.6842402374829285e-05,0.0001902248591211103,embedding_pca
esmif_PC610,0.00022932221460966276,6.695203458917e-05,0.00022932221460966276,embedding_pca
esmif_PC611,0.0001773836218527405,1.0699248360541699e-05,0.0001773836218527405,embedding_pca
esmif_PC612,0.00017803106936809172,1.0144326994688723e-05,0.00017803106936809172,embedding_pca
esmif_PC613,0.0001860198101627071,9.928907485441235e-06,0.0001860198101627071,embedding_pca
esmif_PC614,0.00017597366230485246,4.151598627545524e-06,0.00017597366230485246,embedding_pca
esmif_PC615,0.00019396870350922918,3.573015760983424e-05,0.00019396870350922918,embedding_pca
esmif_PC616,0.00018303028659242263,1.0488128946980411e-05,0.00018303028659242263,embedding_pca
esmif_PC617,0.0002081867186318227,5.491851390538797e-05,0.0002081867186318227,embedding_pca
esmif_PC618,0.0001792398440862662,7.69194058930064e-06,0.0001792398440862662,embedding_pca
esmif_PC619,0.00020129195212684634,3.47893435375696e-05,0.00020129195212684634,embedding_pca
esmif_PC620,0.00017556097083968705,7.6136083952757265e-06,0.00017556097083968705,embedding_pca
esmif_PC621,0.0001886773132430394,1.0432781453667766e-05,0.0001886773132430394,embedding_pca
esmif_PC622,0.00019561551677051936,2.1050697096284715e-05,0.00019561551677051936,embedding_pca
esmif_PC623,0.00018085008123629555,1.608951246108177e-05,0.00018085008123629555,embedding_pca
esmif_PC624,0.00017985677730650992,1.2028939282859393e-05,0.00017985677730650992,embedding_pca
esmif_PC625,0.00017821924108128338,8.92783020609466e-06,0.00017821924108128338,embedding_pca
esmif_PC626,0.00018176087654132763,1.2762941689824322e-05,0.00018176087654132763,embedding_pca
esmif_PC627,0.00017965408727675075,8.609134940501635e-06,0.00017965408727675075,embedding_pca
esmif_PC628,0.00020061635579476082,3.539627354002015e-05,0.00020061635579476082,embedding_pca
esmif_PC629,0.00020471087284762971,4.3956667119716433e-05,0.00020471087284762971,embedding_pca
esmif_PC630,0.0001788802895876814,1.1446575784981656e-05,0.0001788802895876814,embedding_pca
esmif_PC631,0.0002605346762728341,0.00010875697211063185,0.0002605346762728341,embedding_pca
esmif_PC632,0.0001751844787146808,6.6986714575358526e-06,0.0001751844787146808,embedding_pca
esmif_PC633,0.00020202267830259985,2.779969279399722e-05,0.00020202267830259985,embedding_pca
esmif_PC634,0.0001841014933436514,1.5021854977753962e-05,0.0001841014933436514,embedding_pca
esmif_PC635,0.0002123285140329378,3.494405290762687e-05,0.0002123285140329378,embedding_pca
esmif_PC636,0.0002488418766803689,8.417517878327718e-05,0.0002488418766803689,embedding_pca
esmif_PC637,0.00017644357886245925,2.6729032084311657e-06,0.00017644357886245925,embedding_pca
esmif_PC638,0.00018287666739144772,7.352182178030843e-06,0.00018287666739144772,embedding_pca
esmif_PC639,0.0001794548030257835,8.368126171814745e-06,0.0001794548030257835,embedding_pca
esmif_PC640,0.0001891113146318905,2.680025567692036e-05,0.0001891113146318905,embedding_pca
esmif_PC641,0.000173645847940242,6.030312835689717e-06,0.000173645847940242,embedding_pca
esmif_PC642,0.00017727273952366184,7.247606935791112e-06,0.00017727273952366184,embedding_pca
esmif_PC643,0.00018976039427925727,2.1553271796855403e-05,0.00018976039427925727,embedding_pca
esmif_PC644,0.00018526350510561835,1.1627394506121932e-05,0.00018526350510561835,embedding_pca
esmif_PC645,0.00021271348104906794,3.090559267911543e-05,0.00021271348104906794,embedding_pca
esmif_PC646,0.0001858809140412029,9.541652684802334e-06,0.0001858809140412029,embedding_pca
esmif_PC647,0.00018161793646773804,7.28443951125331e-06,0.00018161793646773804,embedding_pca
esmif_PC648,0.00018599848402600007,8.302854181757542e-06,0.00018599848402600007,embedding_pca
esmif_PC649,0.00018902893159078576,5.93574168425964e-06,0.00018902893159078576,embedding_pca
esmif_PC650,0.0002308428968367462,0.00012768673993388325,0.0002308428968367462,embedding_pca
esmif_PC651,0.00018881762602386714,1.5366008646081984e-05,0.00018881762602386714,embedding_pca
esmif_PC652,0.0001964939624386533,1.8914451991848472e-05,0.0001964939624386533,embedding_pca
esmif_PC653,0.00018597227550414696,1.974640651006649e-05,0.00018597227550414696,embedding_pca
esmif_PC654,0.00018317512095733128,1.3703856924382003e-05,0.00018317512095733128,embedding_pca
esmif_PC655,0.00021650101681210354,7.688246157858709e-05,0.00021650101681210354,embedding_pca
esmif_PC656,0.00022552435500950083,8.920563502931906e-05,0.00022552435500950083,embedding_pca
esmif_PC657,0.00018592784798394723,1.0906052002881668e-05,0.00018592784798394723,embedding_pca
esmif_PC658,0.0001778753396751083,7.919528570556918e-06,0.0001778753396751083,embedding_pca
esmif_PC659,0.00019965302733761524,3.870393562157211e-05,0.00019965302733761524,embedding_pca
esmif_PC660,0.0001964951366886777,3.4408533982354786e-05,0.0001964951366886777,embedding_pca
esmif_PC661,0.00018572601222954435,7.112897836411689e-06,0.00018572601222954435,embedding_pca
esmif_PC662,0.00018931647569085522,3.318016794042596e-05,0.00018931647569085522,embedding_pca
esmif_PC663,0.00018902404929785037,1.0046873497207954e-05,0.00018902404929785037,embedding_pca
esmif_PC664,0.00019651974969331072,3.61109089286762e-05,0.00019651974969331072,embedding_pca
esmif_PC665,0.00017420907087202552,8.735744010277698e-06,0.00017420907087202552,embedding_pca
esmif_PC666,0.0002245006733362729,5.051312794944599e-05,0.0002245006733362729,embedding_pca
esmif_PC667,0.00018895084893705787,1.5517502689277364e-05,0.00018895084893705787,embedding_pca
esmif_PC668,0.00018770942925283395,1.0694615490485694e-05,0.00018770942925283395,embedding_pca
esmif_PC669,0.00017741368012957814,1.0971003699743894e-05,0.00017741368012957814,embedding_pca
esmif_PC670,0.00017311908821366197,4.707280169738785e-06,0.00017311908821366197,embedding_pca
esmif_PC671,0.0001813925159106503,2.1937307711664116e-05,0.0001813925159106503,embedding_pca
esmif_PC672,0.00021501274945401062,4.0056131544213914e-05,0.00021501274945401062,embedding_pca
esmif_PC673,0.0001968753958294595,1.954823423604925e-05,0.0001968753958294595,embedding_pca
esmif_PC674,0.0002154919596046495,6.501115445580679e-05,0.0002154919596046495,embedding_pca
esmif_PC675,0.00018664891436754555,1.6256713851004965e-05,0.00018664891436754555,embedding_pca
esmif_PC676,0.0002057993418514977,3.647237729940056e-05,0.0002057993418514977,embedding_pca
esmif_PC677,0.00017608202351267777,9.09873448139888e-06,0.00017608202351267777,embedding_pca
esmif_PC678,0.0001848394930841783,1.7339411912799684e-05,0.0001848394930841783,embedding_pca
esmif_PC679,0.00018100967355700584,6.463093896284532e-06,0.00018100967355700584,embedding_pca
esmif_PC680,0.000175272600006897,5.731411373695313e-06,0.000175272600006897,embedding_pca
esmif_PC681,0.00017591385814773962,7.34860198222526e-06,0.00017591385814773962,embedding_pca
esmif_PC682,0.00020908111992560332,5.7920616964231556e-05,0.00020908111992560332,embedding_pca
esmif_PC683,0.00018015081982391445,7.885772032592149e-06,0.00018015081982391445,embedding_pca
esmif_PC684,0.00019271753702234496,3.274599453546436e-05,0.00019271753702234496,embedding_pca
esmif_PC685,0.0001932366331998842,3.215012041823129e-05,0.0001932366331998842,embedding_pca
esmif_PC686,0.00017877004241050441,1.0018829035650047e-05,0.00017877004241050441,embedding_pca
esmif_PC687,0.00018743263070686704,2.219007637114338e-05,0.00018743263070686704,embedding_pca
esmif_PC688,0.00018699062639007308,8.214507812681409e-06,0.00018699062639007308,embedding_pca
esmif_PC689,0.00021522736633105432,7.07020531398866e-05,0.00021522736633105432,embedding_pca
esmif_PC690,0.00017885151596672375,8.400847252351426e-06,0.00017885151596672375,embedding_pca
esmif_PC691,0.00018146814991249323,3.909161469442981e-06,0.00018146814991249323,embedding_pca
esmif_PC692,0.0001782561807988092,6.695712202369353e-06,0.0001782561807988092,embedding_pca
esmif_PC693,0.00018279207174078013,1.1931517287984198e-05,0.00018279207174078013,embedding_pca
esmif_PC694,0.00022990939459148217,5.277531213437083e-05,0.00022990939459148217,embedding_pca
esmif_PC695,0.00019026941224696157,1.2083353521803173e-05,0.00019026941224696157,embedding_pca
esmif_PC696,0.00020339350341524228,3.310134316596067e-05,0.00020339350341524228,embedding_pca
esmif_PC697,0.00017289295635501383,1.580162992516348e-05,0.00017289295635501383,embedding_pca
esmif_PC698,0.0001780802716792714,4.342239647974773e-06,0.0001780802716792714,embedding_pca
esmif_PC699,0.0001744995664071173,6.5348294818154016e-06,0.0001744995664071173,embedding_pca
esmif_PC700,0.00018200538109739583,4.959972310477871e-06,0.00018200538109739583,embedding_pca
esmif_PC701,0.00017975226066545345,4.375648583825662e-06,0.00017975226066545345,embedding_pca
esmif_PC702,0.00018598146057578958,6.616857585235672e-06,0.00018598146057578958,embedding_pca
esmif_PC703,0.00017432766813020654,9.855965451262106e-06,0.00017432766813020654,embedding_pca
esmif_PC704,0.00018747053038459764,1.4138315285438134e-05,0.00018747053038459764,embedding_pca
esmif_PC705,0.00017531169710422286,5.395330163525903e-06,0.00017531169710422286,embedding_pca
esmif_PC706,0.0002009743415833501,2.0144399953840556e-05,0.0002009743415833501,embedding_pca
esmif_PC707,0.00018138984032327858,1.0708553272185504e-05,0.00018138984032327858,embedding_pca
esmif_PC708,0.00018315228085680958,8.711396209292227e-06,0.00018315228085680958,embedding_pca
esmif_PC709,0.00018111206072208416,1.0881910574573762e-05,0.00018111206072208416,embedding_pca
esmif_PC710,0.00018704708502088522,1.0795725104098083e-05,0.00018704708502088522,embedding_pca
esmif_PC711,0.0001764353181793921,6.3070935659114324e-06,0.0001764353181793921,embedding_pca
esmif_PC712,0.00018127036897910314,1.1275507861477657e-05,0.00018127036897910314,embedding_pca
esmif_PC713,0.00019738350413350873,2.8547570378661416e-05,0.00019738350413350873,embedding_pca
esmif_PC714,0.0001764668901458884,6.588860306076e-06,0.0001764668901458884,embedding_pca
esmif_PC715,0.00019748507775852814,3.2541767023457585e-05,0.00019748507775852814,embedding_pca
esmif_PC716,0.00016963015104974917,7.969278665260573e-06,0.00016963015104974917,embedding_pca
esmif_PC717,0.00021636687591681942,7.096949160472331e-05,0.00021636687591681942,embedding_pca
esmif_PC718,0.00017904569515705368,5.698488275399938e-06,0.00017904569515705368,embedding_pca
esmif_PC719,0.00021119665623586646,4.355705287302145e-05,0.00021119665623586646,embedding_pca
esmif_PC720,0.00017905760229679479,7.524639952561335e-06,0.00017905760229679479,embedding_pca
esmif_PC721,0.0001861394069229656,8.734236016394237e-06,0.0001861394069229656,embedding_pca
esmif_PC722,0.00017729767852874305,7.458706675919914e-06,0.00017729767852874305,embedding_pca
esmif_PC723,0.000179701228414314,3.1708689460121344e-06,0.000179701228414314,embedding_pca
esmif_PC724,0.00019904253136608408,4.642941225344565e-05,0.00019904253136608408,embedding_pca
esmif_PC725,0.0001753199721579089,7.797234489121986e-06,0.0001753199721579089,embedding_pca
esmif_PC726,0.00018101757872562401,8.19965872236067e-06,0.00018101757872562401,embedding_pca
esmif_PC727,0.0001709074818632619,1.1040005376958372e-05,0.0001709074818632619,embedding_pca
esmif_PC728,0.0001845435311470461,7.85730914675255e-06,0.0001845435311470461,embedding_pca
esmif_PC729,0.0001888277151094052,1.1516702283179672e-05,0.0001888277151094052,embedding_pca
esmif_PC730,0.00018367672687399252,1.2072029916366267e-05,0.00018367672687399252,embedding_pca
esmif_PC731,0.00018570705035250284,1.683472997171611e-05,0.00018570705035250284,embedding_pca
esmif_PC732,0.00018913235654912608,1.0454773151801851e-05,0.00018913235654912608,embedding_pca
esmif_PC733,0.00018381879587477156,5.7029615911916145e-06,0.00018381879587477156,embedding_pca
esmif_PC734,0.0002084125458479295,3.8941812780561576e-05,0.0002084125458479295,embedding_pca
esmif_PC735,0.0001839194411018503,1.1954515350160378e-05,0.0001839194411018503,embedding_pca
esmif_PC736,0.00018294572363375053,8.978287262587152e-06,0.00018294572363375053,embedding_pca
esmif_PC737,0.00019529372613615053,4.187347620108982e-05,0.00019529372613615053,embedding_pca
esmif_PC738,0.00019999698148813531,4.262002036334572e-05,0.00019999698148813531,embedding_pca
esmif_PC739,0.00018142165106368343,1.3767594971049435e-05,0.00018142165106368343,embedding_pca
esmif_PC740,0.00018731461234400266,8.005844976327184e-06,0.00018731461234400266,embedding_pca
esmif_PC741,0.00017921128070365753,7.82876043211051e-06,0.00017921128070365753,embedding_pca
esmif_PC742,0.00017876837858682402,1.1898413674025888e-05,0.00017876837858682402,embedding_pca
esmif_PC743,0.00020871473629964976,7.437145985663096e-05,0.00020871473629964976,embedding_pca
esmif_PC744,0.00022951524721405583,8.895919027739868e-05,0.00022951524721405583,embedding_pca
esmif_PC745,0.0001835073245566322,7.241154056450882e-06,0.0001835073245566322,embedding_pca
esmif_PC746,0.0001745009880026574,8.364258664876563e-06,0.0001745009880026574,embedding_pca
esmif_PC747,0.00017437317024899488,1.0179008086027386e-05,0.00017437317024899488,embedding_pca
esmif_PC748,0.0001775666872615949,2.824075966486049e-06,0.0001775666872615949,embedding_pca
esmif_PC749,0.0001809808274772073,1.006559036444413e-05,0.0001809808274772073,embedding_pca
esmif_PC750,0.00018087572190215046,1.5752282746343914e-05,0.00018087572190215046,embedding_pca
esmif_PC751,0.0001811964759095854,1.0733852214692645e-05,0.0001811964759095854,embedding_pca
esmif_PC752,0.00019238782171545325,3.286433323860873e-05,0.00019238782171545325,embedding_pca
esmif_PC753,0.00018820998175076207,8.760052316811452e-06,0.00018820998175076207,embedding_pca
esmif_PC754,0.00018791685098975785,9.764172783229735e-06,0.00018791685098975785,embedding_pca
esmif_PC755,0.0001892622723606434,1.772404851548993e-05,0.0001892622723606434,embedding_pca
esmif_PC756,0.00019781521753302802,2.9170712303833027e-05,0.00019781521753302802,embedding_pca
esmif_PC757,0.00019393732311018985,3.347402819832224e-05,0.00019393732311018985,embedding_pca
esmif_PC758,0.00020004477861570183,4.953074388660589e-05,0.00020004477861570183,embedding_pca
esmif_PC759,0.00017645398776714623,8.494534168074997e-06,0.00017645398776714623,embedding_pca
esmif_PC760,0.00018143833657840124,1.7400010345796305e-05,0.00018143833657840124,embedding_pca
esmif_PC761,0.00016996947127603557,1.3602606469972667e-05,0.00016996947127603557,embedding_pca
esmif_PC762,0.0001806067175527184,8.817404228508622e-06,0.0001806067175527184,embedding_pca
esmif_PC763,0.00017453307657176511,1.0277692039005394e-05,0.00017453307657176511,embedding_pca
esmif_PC764,0.00018404343782940798,9.807187991476923e-06,0.00018404343782940798,embedding_pca
esmif_PC765,0.00019661886891382858,9.926343404708654e-06,0.00019661886891382858,embedding_pca
esmif_PC766,0.00018688412475728012,1.6330426338392742e-05,0.00018688412475728012,embedding_pca
esmif_PC767,0.000189967171158002,1.2633669935031052e-05,0.000189967171158002,embedding_pca
esmif_PC768,0.0001834156666998098,1.4557392993929308e-05,0.0001834156666998098,embedding_pca
esmif_PC769,0.0002216453620849022,3.902270723542402e-05,0.0002216453620849022,embedding_pca
esmif_PC770,0.00021438191565334745,4.2230042122457954e-05,0.00021438191565334745,embedding_pca
esmif_PC771,0.00022530108768954797,8.971196396080024e-05,0.00022530108768954797,embedding_pca
esmif_PC772,0.00019104447194076205,1.884563514459145e-05,0.00019104447194076205,embedding_pca
esmif_PC773,0.0001824635920707612,1.759837146563415e-05,0.0001824635920707612,embedding_pca
esmif_PC774,0.00025249545212541576,0.00010601133789445729,0.00025249545212541576,embedding_pca
esmif_PC775,0.00019181947587068414,9.59057448605839e-06,0.00019181947587068414,embedding_pca
esmif_PC776,0.00020887703055944836,7.453465114175796e-05,0.00020887703055944836,embedding_pca
esmif_PC777,0.00019457502763605135,3.23352544922822e-05,0.00019457502763605135,embedding_pca
esmif_PC778,0.00017723020467827128,1.4864108910792843e-05,0.00017723020467827128,embedding_pca
esmif_PC779,0.00018179556208119566,8.74949111432966e-06,0.00018179556208119566,embedding_pca
esmif_PC780,0.000195237805067631,3.665804856266667e-05,0.000195237805067631,embedding_pca
esmif_PC781,0.0002365023394539448,8.199781447639728e-05,0.0002365023394539448,embedding_pca
esmif_PC782,0.00019136841842818948,1.1488328345276148e-05,0.00019136841842818948,embedding_pca
esmif_PC783,0.0001891415771885008,2.1366358506311448e-05,0.0001891415771885008,embedding_pca
esmif_PC784,0.0001957466308246777,3.48754545533653e-05,0.0001957466308246777,embedding_pca
esmif_PC785,0.00017951144321383226,7.235358431515997e-06,0.00017951144321383226,embedding_pca
esmif_PC786,0.00020513525751141284,4.924449693317343e-05,0.00020513525751141284,embedding_pca
esmif_PC787,0.00018475265453386132,1.2757044423768265e-05,0.00018475265453386132,embedding_pca
esmif_PC788,0.00022420360770079718,6.015630242447339e-05,0.00022420360770079718,embedding_pca
esmif_PC789,0.00019167231777142852,1.013803535092756e-05,0.00019167231777142852,embedding_pca
esmif_PC790,0.0001767516208414323,4.832628414930913e-06,0.0001767516208414323,embedding_pca
esmif_PC791,0.00021835376935343633,5.2501439501060793e-05,0.00021835376935343633,embedding_pca
esmif_PC792,0.00017920888228292866,6.722233494362299e-06,0.00017920888228292866,embedding_pca
esmif_PC793,0.00017900687770367252,7.148974898839386e-06,0.00017900687770367252,embedding_pca
esmif_PC794,0.00017557656900470255,4.290161696399245e-06,0.00017557656900470255,embedding_pca
esmif_PC795,0.00018330977033357063,6.844624230805436e-06,0.00018330977033357063,embedding_pca
esmif_PC796,0.00017568553083492953,1.1517164317568163e-05,0.00017568553083492953,embedding_pca
esmif_PC797,0.00023082026924364194,9.251693113472712e-05,0.00023082026924364194,embedding_pca
esmif_PC798,0.00017354876337324543,8.046173433034644e-06,0.00017354876337324543,embedding_pca
esmif_PC799,0.00018531967877495614,3.4574413479362306e-05,0.00018531967877495614,embedding_pca
esmif_PC800,0.00020128454693054868,4.235628493458428e-05,0.00020128454693054868,embedding_pca
esmif_PC801,0.0001858314273202372,1.4741592431675306e-05,0.0001858314273202372,embedding_pca
esmif_PC802,0.00018939438618876468,1.3679380336021047e-05,0.00018939438618876468,embedding_pca
esmif_PC803,0.00017583005533152596,4.760623122259366e-06,0.00017583005533152596,embedding_pca
esmif_PC804,0.00016639626566342293,7.712249599433839e-06,0.00016639626566342293,embedding_pca
esmif_PC805,0.00017591631599903879,2.942951328762038e-06,0.00017591631599903879,embedding_pca
esmif_PC806,0.00018026292984768235,1.210351742788616e-05,0.00018026292984768235,embedding_pca
esmif_PC807,0.00019787742469928792,2.8972023675255742e-05,0.00019787742469928792,embedding_pca
esmif_PC808,0.00018301213253887183,1.297990108044925e-05,0.00018301213253887183,embedding_pca
esmif_PC809,0.00018172553007900308,4.455930890827501e-06,0.00018172553007900308,embedding_pca
esmif_PC810,0.00018147864119113133,6.183011361543258e-06,0.00018147864119113133,embedding_pca
esmif_PC811,0.0001804229133716171,5.747489683768062e-06,0.0001804229133716171,embedding_pca
esmif_PC812,0.00018486452844352876,7.739774146455407e-06,0.00018486452844352876,embedding_pca
esmif_PC813,0.00018774860321186425,8.814749548233176e-06,0.00018774860321186425,embedding_pca
esmif_PC814,0.00018353589868688226,1.5708232512496794e-05,0.00018353589868688226,embedding_pca
esmif_PC815,0.0001753916636182815,2.843405415745444e-06,0.0001753916636182815,embedding_pca
esmif_PC816,0.00017739067820067103,2.961522945479129e-06,0.00017739067820067103,embedding_pca
esmif_PC817,0.00019929676247322126,5.2009769835934e-05,0.00019929676247322126,embedding_pca
esmif_PC818,0.0001784350604517293,9.414855866660834e-06,0.0001784350604517293,embedding_pca
esmif_PC819,0.00018418280299300607,4.292092892021303e-06,0.00018418280299300607,embedding_pca
esmif_PC820,0.0001736593922314687,6.919777384788352e-06,0.0001736593922314687,embedding_pca
esmif_PC821,0.00021094105863377752,7.074026179763158e-05,0.00021094105863377752,embedding_pca
esmif_PC822,0.0001760877712123486,8.101624561094548e-06,0.0001760877712123486,embedding_pca
esmif_PC823,0.00018665211308569303,1.7636327175695792e-05,0.00018665211308569303,embedding_pca
esmif_PC824,0.0001929521749401658,3.3292895169395104e-05,0.0001929521749401658,embedding_pca
esmif_PC825,0.00018039233140097,7.379980589990223e-06,0.00018039233140097,embedding_pca
esmif_PC826,0.0001771681666282841,1.3382232117327314e-05,0.0001771681666282841,embedding_pca
esmif_PC827,0.00020231876886737872,4.712555374012224e-05,0.00020231876886737872,embedding_pca
esmif_PC828,0.00018368765053771948,8.163310583504732e-06,0.00018368765053771948,embedding_pca
esmif_PC829,0.00021980451382844438,8.048469534894085e-05,0.00021980451382844438,embedding_pca
esmif_PC830,0.0001839706657250098,6.257099897036139e-06,0.0001839706657250098,embedding_pca
esmif_PC831,0.00018120896218486418,7.422907108108489e-06,0.00018120896218486418,embedding_pca
esmif_PC832,0.00019218009937649785,2.7582219852281157e-05,0.00019218009937649785,embedding_pca
esmif_PC833,0.0001775325723752435,5.133749811759924e-06,0.0001775325723752435,embedding_pca
esmif_PC834,0.0001806554007999585,8.450129100004164e-06,0.0001806554007999585,embedding_pca
esmif_PC835,0.00017185108447967688,6.483775922259673e-06,0.00017185108447967688,embedding_pca
esmif_PC836,0.00017898466111190527,6.800332071599641e-06,0.00017898466111190527,embedding_pca
esmif_PC837,0.0002129173691366091,5.20592712944189e-05,0.0002129173691366091,embedding_pca
esmif_PC838,0.0001848697767348647,9.495077862761728e-06,0.0001848697767348647,embedding_pca
esmif_PC839,0.00019837348125849446,3.8653589577466774e-05,0.00019837348125849446,embedding_pca
esmif_PC840,0.00017603648809076786,1.0060429768833013e-05,0.00017603648809076786,embedding_pca
esmif_PC841,0.0001841334506522652,7.993534995106114e-06,0.0001841334506522652,embedding_pca
esmif_PC842,0.00017767454272555748,1.0864458072136972e-05,0.00017767454272555748,embedding_pca
esmif_PC843,0.00018450097981824115,5.594244218188407e-06,0.00018450097981824115,embedding_pca
esmif_PC844,0.0001891577339830696,1.53123211610175e-05,0.0001891577339830696,embedding_pca
esmif_PC845,0.00018704595078726833,7.021840308761547e-06,0.00018704595078726833,embedding_pca
esmif_PC846,0.00017925280699505647,5.76658087266015e-06,0.00017925280699505647,embedding_pca
esmif_PC847,0.00018129891827639832,8.116871106061736e-06,0.00018129891827639832,embedding_pca
esmif_PC848,0.00018127593383887938,3.4402276797087394e-06,0.00018127593383887938,embedding_pca
esmif_PC849,0.00017908692276605905,7.002138542017492e-06,0.00017908692276605905,embedding_pca
esmif_PC850,0.0001836513746104962,7.225662998219851e-06,0.0001836513746104962,embedding_pca
esmif_PC851,0.00018586514831226425,1.0289003441847946e-05,0.00018586514831226425,embedding_pca
esmif_PC852,0.00020363382116751747,6.040121539464594e-05,0.00020363382116751747,embedding_pca
esmif_PC853,0.00018319222881916117,6.441223181393897e-06,0.00018319222881916117,embedding_pca
esmif_PC854,0.00017299045746134613,5.6196263024420575e-06,0.00017299045746134613,embedding_pca
esmif_PC855,0.00022154153990860416,7.9464560982895e-05,0.00022154153990860416,embedding_pca
esmif_PC856,0.00021366961643404562,4.583092293735973e-05,0.00021366961643404562,embedding_pca
esmif_PC857,0.00018168066838196388,2.2616667969756664e-05,0.00018168066838196388,embedding_pca
esmif_PC858,0.00019772328272531188,4.4757361178201434e-05,0.00019772328272531188,embedding_pca
esmif_PC859,0.00017449220566702664,1.3925418566611773e-05,0.00017449220566702664,embedding_pca
esmif_PC860,0.00017306906727916177,7.108698136807004e-06,0.00017306906727916177,embedding_pca
esmif_PC861,0.00018700767098498835,1.2832777082737032e-05,0.00018700767098498835,embedding_pca
esmif_PC862,0.00019117417588414092,1.2127583009277595e-05,0.00019117417588414092,embedding_pca
esmif_PC863,0.00017884411651441226,7.2443607749679256e-06,0.00017884411651441226,embedding_pca
esmif_PC864,0.0001732783471569242,5.992506857249158e-06,0.0001732783471569242,embedding_pca
esmif_PC865,0.00017754369132777379,1.5200499083800105e-05,0.00017754369132777379,embedding_pca
esmif_PC866,0.00018636934566953757,1.693672975716755e-05,0.00018636934566953757,embedding_pca
esmif_PC867,0.00017887120567478362,9.404360605451937e-06,0.00017887120567478362,embedding_pca
esmif_PC868,0.00020474258083537489,5.0456089288277245e-05,0.00020474258083537489,embedding_pca
esmif_PC869,0.00018179174811485134,1.2931693167006455e-05,0.00018179174811485134,embedding_pca
esmif_PC870,0.0001773514438543632,1.0095489844854177e-05,0.0001773514438543632,embedding_pca
esmif_PC871,0.0002093421222357017,6.882667186410208e-05,0.0002093421222357017,embedding_pca
esmif_PC872,0.0001878002050245762,1.2092910026096241e-05,0.0001878002050245762,embedding_pca
esmif_PC873,0.00016962477759128292,8.497534202106883e-06,0.00016962477759128292,embedding_pca
esmif_PC874,0.00017727827492208304,3.636126136410009e-06,0.00017727827492208304,embedding_pca
esmif_PC875,0.0001952378887075153,2.9049071215518785e-05,0.0001952378887075153,embedding_pca
esmif_PC876,0.00017639476949609306,1.019073018873372e-05,0.00017639476949609306,embedding_pca
esmif_PC877,0.0001893564120344426,1.969109803698306e-05,0.0001893564120344426,embedding_pca
esmif_PC878,0.00019042835244311457,1.863299251408488e-05,0.00019042835244311457,embedding_pca
esmif_PC879,0.0001894403989459712,1.677175075719472e-05,0.0001894403989459712,embedding_pca
esmif_PC880,0.00017686307095583206,9.45892335799084e-06,0.00017686307095583206,embedding_pca
esmif_PC881,0.00017507973667276524,6.4439785113627284e-06,0.00017507973667276524,embedding_pca
esmif_PC882,0.00019094956778906933,3.1557289344132275e-05,0.00019094956778906933,embedding_pca
esmif_PC883,0.0001955785676484341,2.6739201440874797e-05,0.0001955785676484341,embedding_pca
esmif_PC884,0.00020864884735764051,7.404533996302994e-05,0.00020864884735764051,embedding_pca
esmif_PC885,0.00018021809097464172,8.511944939836089e-06,0.00018021809097464172,embedding_pca
esmif_PC886,0.000183905002561078,6.691337214829592e-06,0.000183905002561078,embedding_pca
esmif_PC887,0.0001817289072437946,9.521868373089523e-06,0.0001817289072437946,embedding_pca
esmif_PC888,0.0001814694470209248,6.792654285996173e-06,0.0001814694470209248,embedding_pca
esmif_PC889,0.00017543159893622132,6.114002426076891e-06,0.00017543159893622132,embedding_pca
esmif_PC890,0.00018630348006404084,7.715125639989799e-06,0.00018630348006404084,embedding_pca
esmif_PC891,0.00017139603141324455,5.632904682042931e-06,0.00017139603141324455,embedding_pca
esmif_PC892,0.00018224939522670984,1.1869053798729675e-05,0.00018224939522670984,embedding_pca
esmif_PC893,0.00018981236824057603,2.313154079362516e-05,0.00018981236824057603,embedding_pca
esmif_PC894,0.00018016329594168202,8.310135375508299e-06,0.00018016329594168202,embedding_pca
esmif_PC895,0.00018086321984268325,6.5438952269600835e-06,0.00018086321984268325,embedding_pca
esmif_PC896,0.00017925850349334571,7.4814246775843635e-06,0.00017925850349334571,embedding_pca
esmif_PC897,0.00018084951860875567,1.0448712311590692e-05,0.00018084951860875567,embedding_pca
esmif_PC898,0.000177037945794046,1.618432864301901e-05,0.000177037945794046,embedding_pca
esmif_PC899,0.00017702605237184525,2.744065639268169e-06,0.00017702605237184525,embedding_pca
esmif_PC900,0.00017724121325504195,7.99165324248586e-06,0.00017724121325504195,embedding_pca
esmif_PC901,0.000182594639141041,7.487527657462003e-06,0.000182594639141041,embedding_pca
esmif_PC902,0.00017459428382782163,6.7425771647691425e-06,0.00017459428382782163,embedding_pca
esmif_PC903,0.00019015343784419477,8.674417082573574e-06,0.00019015343784419477,embedding_pca
esmif_PC904,0.00017492145827788336,8.225737767123979e-06,0.00017492145827788336,embedding_pca
esmif_PC905,0.00017405683292812444,8.015986239636665e-06,0.00017405683292812444,embedding_pca
esmif_PC906,0.00018331575900214542,7.064610686779362e-06,0.00018331575900214542,embedding_pca
esmif_PC907,0.00018771191561056026,8.100845104182903e-06,0.00018771191561056026,embedding_pca
esmif_PC908,0.000181982614996685,1.3970497501491646e-05,0.000181982614996685,embedding_pca
esmif_PC909,0.00021354543597558337,7.25192311979863e-05,0.00021354543597558337,embedding_pca
esmif_PC910,0.00017970474222807033,5.448999339128122e-06,0.00017970474222807033,embedding_pca
esmif_PC911,0.00018446505653901536,1.0139614287719266e-05,0.00018446505653901536,embedding_pca
esmif_PC912,0.00018246783816581793,2.1082229178703405e-05,0.00018246783816581793,embedding_pca
esmif_PC913,0.00018234270182376815,1.1861133950566563e-05,0.00018234270182376815,embedding_pca
esmif_PC914,0.0001848791356350632,1.8266472464404765e-05,0.0001848791356350632,embedding_pca
esmif_PC915,0.0001811151440145647,7.38923038604164e-06,0.0001811151440145647,embedding_pca
esmif_PC916,0.00018654444998225634,7.558418272739954e-06,0.00018654444998225634,embedding_pca
esmif_PC917,0.00017772761870237403,4.595157511283153e-06,0.00017772761870237403,embedding_pca
esmif_PC918,0.00018561727865828794,7.112693073030714e-06,0.00018561727865828794,embedding_pca
esmif_PC919,0.00017869269137730707,1.4298194335708476e-05,0.00017869269137730707,embedding_pca
esmif_PC920,0.00017996057210867587,4.0744176767179626e-06,0.00017996057210867587,embedding_pca
esmif_PC921,0.00019207321302747914,1.6493006052589022e-05,0.00019207321302747914,embedding_pca
esmif_PC922,0.00018437896362028813,1.1293664290683007e-05,0.00018437896362028813,embedding_pca
esmif_PC923,0.00021356258981477692,7.029161632390208e-05,0.00021356258981477692,embedding_pca
esmif_PC924,0.00018113890828555236,4.649094260262836e-06,0.00018113890828555236,embedding_pca
esmif_PC925,0.0001871845856242581,1.2211016044312902e-05,0.0001871845856242581,embedding_pca
esmif_PC926,0.00017389663446575241,8.009808339978765e-06,0.00017389663446575241,embedding_pca
esmif_PC927,0.00018858550882029046,1.6176238617162158e-05,0.00018858550882029046,embedding_pca
esmif_PC928,0.00018388748560134335,7.440181938307886e-06,0.00018388748560134335,embedding_pca
esmif_PC929,0.00018391139377263183,1.1350243496680303e-05,0.00018391139377263183,embedding_pca
esmif_PC930,0.00019858144581486143,4.846330298992901e-05,0.00019858144581486143,embedding_pca
esmif_PC931,0.00018395424650230921,8.84152681708202e-06,0.00018395424650230921,embedding_pca
esmif_PC932,0.00021896965896351655,7.472591808236287e-05,0.00021896965896351655,embedding_pca
esmif_PC933,0.00018234496653719284,1.1913952221251237e-05,0.00018234496653719284,embedding_pca
esmif_PC934,0.00020701777347734924,5.673798312810624e-05,0.00020701777347734924,embedding_pca
esmif_PC935,0.00019150819703088999,1.5511147750105066e-05,0.00019150819703088999,embedding_pca
esmif_PC936,0.0001757150641762393,9.567545979293196e-06,0.0001757150641762393,embedding_pca
esmif_PC937,0.00019510007737976327,4.78000775032677e-05,0.00019510007737976327,embedding_pca
esmif_PC938,0.00017846096551262146,5.897883961614916e-06,0.00017846096551262146,embedding_pca
esmif_PC939,0.00021605092273019886,3.6818153911074334e-05,0.00021605092273019886,embedding_pca
esmif_PC940,0.00023888252202610357,9.49117558407944e-05,0.00023888252202610357,embedding_pca
esmif_PC941,0.0002191410273086148,5.520274540649875e-05,0.0002191410273086148,embedding_pca
esmif_PC942,0.00018417594406467668,1.802683549897743e-05,0.00018417594406467668,embedding_pca
esmif_PC943,0.00017596341661004318,7.3072365518921665e-06,0.00017596341661004318,embedding_pca
esmif_PC944,0.00023788412693719112,0.0001313160116006559,0.00023788412693719112,embedding_pca
esmif_PC945,0.00017395581444606877,7.798428666591295e-06,0.00017395581444606877,embedding_pca
esmif_PC946,0.00020216433729774208,2.8763959067059648e-05,0.00020216433729774208,embedding_pca
esmif_PC947,0.00018044439334862527,6.24689193205949e-06,0.00018044439334862527,embedding_pca
esmif_PC948,0.00020134216337477584,4.6493893249700407e-05,0.00020134216337477584,embedding_pca
esmif_PC949,0.0001869859749626279,2.0302189419713618e-06,0.0001869859749626279,embedding_pca
esmif_PC950,0.0002064898284124761,6.352170114074363e-05,0.0002064898284124761,embedding_pca
esmif_PC951,0.00020420762164747214,5.959230653646399e-05,0.00020420762164747214,embedding_pca
esmif_PC952,0.00019067370456501257,1.3366605601192909e-05,0.00019067370456501257,embedding_pca
esmif_PC953,0.00017832912533208504,1.682544860137946e-05,0.00017832912533208504,embedding_pca
esmif_PC954,0.0001762844721684884,1.1041130155225385e-05,0.0001762844721684884,embedding_pca
esmif_PC955,0.00030230491572363465,0.0001513867002386926,0.00030230491572363465,embedding_pca
esmif_PC956,0.00018429689849900968,1.094647085154502e-05,0.00018429689849900968,embedding_pca
esmif_PC957,0.00017704007325266576,1.5811895622764833e-05,0.00017704007325266576,embedding_pca
esmif_PC958,0.0001979042005514643,1.9322851840766022e-05,0.0001979042005514643,embedding_pca
esmif_PC959,0.00017819483835163248,7.206012231102779e-06,0.00017819483835163248,embedding_pca
esmif_PC960,0.00018827429783573946,6.3720840154523966e-06,0.00018827429783573946,embedding_pca
esmif_PC961,0.00018616052797790529,7.431085233366522e-06,0.00018616052797790529,embedding_pca
esmif_PC962,0.00017660586992074179,5.174059384516842e-06,0.00017660586992074179,embedding_pca
esmif_PC963,0.00020302972280650134,5.99101665820438e-05,0.00020302972280650134,embedding_pca
esmif_PC964,0.00023537259108345277,6.649520454727127e-05,0.00023537259108345277,embedding_pca
esmif_PC965,0.00020577750864309228,4.930307928837444e-05,0.00020577750864309228,embedding_pca
esmif_PC966,0.00017781111583681643,1.6884364547188873e-05,0.00017781111583681643,embedding_pca
esmif_PC967,0.00017459537954397984,1.3892932835758066e-05,0.00017459537954397984,embedding_pca
esmif_PC968,0.00017191507592613116,6.619322198474763e-06,0.00017191507592613116,embedding_pca
esmif_PC969,0.00018969091920393704,2.5224807007849365e-05,0.00018969091920393704,embedding_pca
esmif_PC970,0.00018615726506386439,4.780382039952563e-06,0.00018615726506386439,embedding_pca
esmif_PC971,0.00017856446912121798,8.018445730684069e-06,0.00017856446912121798,embedding_pca
esmif_PC972,0.0001852143308183954,1.5503920264446295e-05,0.0001852143308183954,embedding_pca
esmif_PC973,0.0001830217174796805,8.93337809985195e-06,0.0001830217174796805,embedding_pca
esmif_PC974,0.00017659452873143027,8.752557694606703e-06,0.00017659452873143027,embedding_pca
esmif_PC975,0.00027330306585370234,0.00010276221259327173,0.00027330306585370234,embedding_pca
esmif_PC976,0.00020681163173086537,5.533246319761795e-05,0.00020681163173086537,embedding_pca
esmif_PC977,0.00022595685344830706,9.263681085568983e-05,0.00022595685344830706,embedding_pca
esmif_PC978,0.00018374862740390023,1.0318818734577725e-05,0.00018374862740390023,embedding_pca
esmif_PC979,0.00029864463183663725,0.00014398362889578555,0.00029864463183663725,embedding_pca
esmif_PC980,0.00020161274556237482,4.463858943925979e-05,0.00020161274556237482,embedding_pca
esmif_PC981,0.00018400231805217426,5.180770932183878e-06,0.00018400231805217426,embedding_pca
esmif_PC982,0.00018115393809812628,6.289706511217168e-06,0.00018115393809812628,embedding_pca
esmif_PC983,0.00019773364927606944,1.721430556955146e-05,0.00019773364927606944,embedding_pca
esmif_PC984,0.00018778201106036307,1.9111467710749996e-05,0.00018778201106036307,embedding_pca
esmif_PC985,0.00017875636378774856,8.744479851303196e-06,0.00017875636378774856,embedding_pca
esmif_PC986,0.0002460327512220272,8.684339883431831e-05,0.0002460327512220272,embedding_pca
esmif_PC987,0.00019761176180393172,4.597893116879855e-05,0.00019761176180393172,embedding_pca
esmif_PC988,0.00018680347188532984,1.859449814891494e-05,0.00018680347188532984,embedding_pca
esmif_PC989,0.0001857712452120348,2.1671089354173088e-05,0.0001857712452120348,embedding_pca
esmif_PC990,0.0002131227103240538,7.029950423013616e-05,0.0002131227103240538,embedding_pca
esmif_PC991,0.00017743632635448405,5.000965285467729e-06,0.00017743632635448405,embedding_pca
esmif_PC992,0.0001808922889664045,9.08654087633381e-06,0.0001808922889664045,embedding_pca
esmif_PC993,0.0001724986504085115,8.241226802889427e-06,0.0001724986504085115,embedding_pca
esmif_PC994,0.0001752242173581809,8.645542105601133e-06,0.0001752242173581809,embedding_pca
esmif_PC995,0.00020324131457754254,4.43004993404155e-05,0.00020324131457754254,embedding_pca
esmif_PC996,0.00018391352255787958,9.652232235373715e-06,0.00018391352255787958,embedding_pca
esmif_PC997,0.0001834942245750276,7.146194671966731e-06,0.0001834942245750276,embedding_pca
esmif_PC998,0.00020711825014668917,5.810723543832601e-05,0.00020711825014668917,embedding_pca
esmif_PC999,0.00017469834212848026,6.5850592932279115e-06,0.00017469834212848026,embedding_pca
esmif_PC1000,0.00018622213651714562,9.188530229559802e-06,0.00018622213651714562,embedding_pca
esmif_PC1001,0.00017300473341745094,5.733332058688705e-06,0.00017300473341745094,embedding_pca
esmif_PC1002,0.00018618347892875302,2.0309548069296057e-05,0.00018618347892875302,embedding_pca
esmif_PC1003,0.00017532056395296242,2.6681953034863364e-06,0.00017532056395296242,embedding_pca
esmif_PC1004,0.00018190922023466095,8.736908984395092e-06,0.00018190922023466095,embedding_pca
esmif_PC1005,0.0001743545363871744,5.631076951773288e-06,0.0001743545363871744,embedding_pca
esmif_PC1006,0.00017932105416790839,7.591637800608175e-06,0.00017932105416790839,embedding_pca
esmif_PC1007,0.00018775811315382268,1.7484816486885888e-05,0.00018775811315382268,embedding_pca
esmif_PC1008,0.00018016809584505997,1.515724198905045e-05,0.00018016809584505997,embedding_pca
esmif_PC1009,0.00019721177350549564,4.1790471267859905e-05,0.00019721177350549564,embedding_pca
esmif_PC1010,0.00018076771280852092,3.943383361812711e-06,0.00018076771280852092,embedding_pca
esmif_PC1011,0.00018958327197827413,2.0608815734357493e-05,0.00018958327197827413,embedding_pca
esmif_PC1012,0.00019662490593102064,3.367648462262291e-05,0.00019662490593102064,embedding_pca
esmif_PC1013,0.0001778477287721311,3.680151171375226e-06,0.0001778477287721311,embedding_pca
esmif_PC1014,0.00017819387251616627,5.733106031273253e-06,0.00017819387251616627,embedding_pca
esmif_PC1015,0.0002229295728184792,3.6819083419021874e-05,0.0002229295728184792,embedding_pca
esmif_PC1016,0.00017346747264659914,5.594447677242951e-06,0.00017346747264659914,embedding_pca
esmif_PC1017,0.00017655307426517225,9.049789649665071e-06,0.00017655307426517225,embedding_pca
esmif_PC1018,0.00018771672762239226,2.0341059362598672e-05,0.00018771672762239226,embedding_pca
esmif_PC1019,0.00017830443140433473,8.601405154680841e-06,0.00017830443140433473,embedding_pca
esmif_PC1020,0.00018596655132447606,1.1004217659305029e-05,0.00018596655132447606,embedding_pca
esmif_PC1021,0.0001764804711452239,7.87894555673508e-06,0.0001764804711452239,embedding_pca
esmif_PC1022,0.00017530584161069216,1.0521178127808972e-05,0.00017530584161069216,embedding_pca
esmif_PC1023,0.00019720158564419035,5.179422292497293e-05,0.00019720158564419035,embedding_pca
esmif_PC1024,0.00017030525214690813,9.448778857994971e-06,0.00017030525214690813,embedding_pca
esmif_PC1025,0.0001739139541933909,5.272920379950364e-06,0.0001739139541933909,embedding_pca
esmif_PC1026,0.00017595093025008665,8.470106715327286e-06,0.00017595093025008665,embedding_pca
esmif_PC1027,0.00018031236499262078,3.870394689576603e-06,0.00018031236499262078,embedding_pca
esmif_PC1028,0.0001849673175610372,1.1455461385546952e-05,0.0001849673175610372,embedding_pca
esmif_PC1029,0.00022452707530629538,0.00010046273643851012,0.00022452707530629538,embedding_pca
esmif_PC1030,0.0001813186497404464,2.0491994243001762e-05,0.0001813186497404464,embedding_pca
esmif_PC1031,0.00018166601866109755,9.40890777720708e-06,0.00018166601866109755,embedding_pca
esmif_PC1032,0.00017611943261912935,5.4728981268992965e-06,0.00017611943261912935,embedding_pca
esmif_PC1033,0.00017744880288650197,2.9647595095252823e-06,0.00017744880288650197,embedding_pca
esmif_PC1034,0.00018944052126067476,2.16196648257195e-05,0.00018944052126067476,embedding_pca
esmif_PC1035,0.00020406238616796886,5.8207393514162316e-05,0.00020406238616796886,embedding_pca
esmif_PC1036,0.00018033431760302985,5.545795179374673e-06,0.00018033431760302985,embedding_pca
esmif_PC1037,0.00016997941793240644,6.137629734664573e-06,0.00016997941793240644,embedding_pca
esmif_PC1038,0.00019634109433911453,4.104847731256255e-05,0.00019634109433911453,embedding_pca
esmif_PC1039,0.00019914219481024153,3.647857253822865e-05,0.00019914219481024153,embedding_pca
esmif_PC1040,0.00019161508994970376,2.646076798091615e-05,0.00019161508994970376,embedding_pca
esmif_PC1041,0.000195930704858837,1.701053510571254e-05,0.000195930704858837,embedding_pca
esmif_PC1042,0.00017942258112127343,5.011032849275706e-06,0.00017942258112127343,embedding_pca
esmif_PC1043,0.0001847577532375274,1.9784293534649084e-05,0.0001847577532375274,embedding_pca
esmif_PC1044,0.00021543199482325581,3.8908688627052714e-05,0.00021543199482325581,embedding_pca
esmif_PC1045,0.00017221044250193386,7.0554650365344035e-06,0.00017221044250193386,embedding_pca
esmif_PC1046,0.00017457372526197425,7.42128354751397e-06,0.00017457372526197425,embedding_pca
esmif_PC1047,0.00017591583189064614,4.84982652600167e-06,0.00017591583189064614,embedding_pca
esmif_PC1048,0.00017603586830365874,5.3161076849359665e-06,0.00017603586830365874,embedding_pca
esmif_PC1049,0.00018238190365512186,1.238188249966775e-05,0.00018238190365512186,embedding_pca
esmif_PC1050,0.0001714640090975417,6.941244395372087e-06,0.0001714640090975417,embedding_pca
esmif_PC1051,0.00018592523336192742,1.0444770543276204e-05,0.00018592523336192742,embedding_pca
esmif_PC1052,0.00017804248803921494,3.4797294922285457e-06,0.00017804248803921494,embedding_pca
esmif_PC1053,0.0001919191152449033,4.796008135839516e-05,0.0001919191152449033,embedding_pca
esmif_PC1054,0.00017755748159256808,7.705131738645778e-06,0.00017755748159256808,embedding_pca
esmif_PC1055,0.0001828402792443929,4.835661573701736e-06,0.0001828402792443929,embedding_pca
esmif_PC1056,0.0001682316626386223,4.62047942414257e-06,0.0001682316626386223,embedding_pca
esmif_PC1057,0.00020782956581391916,5.013524441968808e-05,0.00020782956581391916,embedding_pca
esmif_PC1058,0.00017581138425143666,7.746190194956088e-06,0.00017581138425143666,embedding_pca
esmif_PC1059,0.0001917197819714344,3.283168234240566e-05,0.0001917197819714344,embedding_pca
esmif_PC1060,0.00017891795119386646,8.280139762184953e-06,0.00017891795119386646,embedding_pca
esmif_PC1061,0.00018075078089855998,9.620603483555906e-06,0.00018075078089855998,embedding_pca
esmif_PC1062,0.0001818107496574627,1.2766342869860709e-05,0.0001818107496574627,embedding_pca
esmif_PC1063,0.00018530009444959103,5.454347794820999e-06,0.00018530009444959103,embedding_pca
esmif_PC1064,0.00017606935488418586,1.3462364874277154e-05,0.00017606935488418586,embedding_pca
esmif_PC1065,0.0001820329737111532,1.4758867664383494e-05,0.0001820329737111532,embedding_pca
esmif_PC1066,0.0001846141541784974,1.598862346383746e-05,0.0001846141541784974,embedding_pca
esmif_PC1067,0.00018335693530996107,8.701113273441618e-06,0.00018335693530996107,embedding_pca
esmif_PC1068,0.00017763949165572633,2.831185756830502e-06,0.00017763949165572633,embedding_pca
esmif_PC1069,0.00022363145431859117,9.350534353339962e-05,0.00022363145431859117,embedding_pca
esmif_PC1070,0.00017378042861498547,1.2091923410107296e-06,0.00017378042861498547,embedding_pca
esmif_PC1071,0.00017343657159246884,6.082179193397491e-06,0.00017343657159246884,embedding_pca
esmif_PC1072,0.0001817666605839746,1.3166387786247718e-05,0.0001817666605839746,embedding_pca
esmif_PC1073,0.00017725892015192342,7.827038976314441e-06,0.00017725892015192342,embedding_pca
esmif_PC1074,0.0001771687005897137,9.99606138655015e-06,0.0001771687005897137,embedding_pca
esmif_PC1075,0.00016801800394406255,9.25303929619028e-06,0.00016801800394406255,embedding_pca
esmif_PC1076,0.00017949118549875264,1.2353200535295189e-05,0.00017949118549875264,embedding_pca
esmif_PC1077,0.0001751739329688049,1.0109232301163112e-05,0.0001751739329688049,embedding_pca
esmif_PC1078,0.00019611859546479602,1.3854867591462399e-05,0.00019611859546479602,embedding_pca
esmif_PC1079,0.0001751719518602999,1.7933797436886827e-05,0.0001751719518602999,embedding_pca
esmif_PC1080,0.00017590684522037723,5.2505212342767525e-06,0.00017590684522037723,embedding_pca
esmif_PC1081,0.0001808092507086386,3.431587034181648e-06,0.0001808092507086386,embedding_pca
esmif_PC1082,0.00017579889526307923,5.7229938299645304e-06,0.00017579889526307923,embedding_pca
esmif_PC1083,0.0002004592148205875,4.6977924522567065e-05,0.0002004592148205875,embedding_pca
esmif_PC1084,0.00019201866020785658,2.9907198644870654e-05,0.00019201866020785658,embedding_pca
esmif_PC1085,0.00019624876051080653,3.40794318618909e-05,0.00019624876051080653,embedding_pca
esmif_PC1086,0.00018158532672417907,7.386158864430182e-06,0.00018158532672417907,embedding_pca
esmif_PC1087,0.0001839109488531521,7.971321767654859e-06,0.0001839109488531521,embedding_pca
esmif_PC1088,0.00017798773329368,6.468716795451662e-06,0.00017798773329368,embedding_pca
esmif_PC1089,0.0001809885018329809,5.68079448030426e-06,0.0001809885018329809,embedding_pca
esmif_PC1090,0.00017336122527216049,4.530552637893378e-06,0.00017336122527216049,embedding_pca
esmif_PC1091,0.0001716669482467143,5.281808468222847e-06,0.0001716669482467143,embedding_pca
esmif_PC1092,0.00017230344585953392,5.884949561845359e-06,0.00017230344585953392,embedding_pca
esmif_PC1093,0.00018085719349905993,9.37570926788846e-06,0.00018085719349905993,embedding_pca
esmif_PC1094,0.0001896114982875994,1.9217530006844994e-05,0.0001896114982875994,embedding_pca
esmif_PC1095,0.00018073632745176067,1.2723454967102761e-05,0.00018073632745176067,embedding_pca
esmif_PC1096,0.0001800633868285907,9.654968890494017e-06,0.0001800633868285907,embedding_pca
esmif_PC1097,0.0001852954195683857,8.09676353465212e-06,0.0001852954195683857,embedding_pca
esmif_PC1098,0.0001830910947092465,1.0385976737444227e-05,0.0001830910947092465,embedding_pca
esmif_PC1099,0.00018139365305079358,1.0786980165731502e-05,0.00018139365305079358,embedding_pca
esmif_PC1100,0.00018517266431257508,1.0960375854230683e-05,0.00018517266431257508,embedding_pca
esmif_PC1101,0.00017016042827475898,7.684295274052328e-06,0.00017016042827475898,embedding_pca
esmif_PC1102,0.00017676223363902573,5.29833969070668e-06,0.00017676223363902573,embedding_pca
esmif_PC1103,0.00018170013661869173,1.028197887487107e-05,0.00018170013661869173,embedding_pca
esmif_PC1104,0.00017426064021019186,1.0856706717429024e-05,0.00017426064021019186,embedding_pca
esmif_PC1105,0.000170414189011015,4.713822299503594e-06,0.000170414189011015,embedding_pca
esmif_PC1106,0.00017629692752421904,6.360444030124488e-06,0.00017629692752421904,embedding_pca
esmif_PC1107,0.00016837334507677275,4.855909104600093e-06,0.00016837334507677275,embedding_pca
esmif_PC1108,0.00018040409448483004,1.0825844721975201e-05,0.00018040409448483004,embedding_pca
esmif_PC1109,0.00017460838897869895,9.319917419002086e-06,0.00017460838897869895,embedding_pca
esmif_PC1110,0.00017097309249480022,9.656838117400036e-06,0.00017097309249480022,embedding_pca
esmif_PC1111,0.00017172029407441758,6.956634358399493e-06,0.00017172029407441758,embedding_pca
esmif_PC1112,0.0001777769670988958,8.844311424430698e-06,0.0001777769670988958,embedding_pca
esmif_PC1113,0.00016582592171240942,6.776191927404793e-06,0.00016582592171240942,embedding_pca
esmif_PC1114,0.0001739399411885081,2.2067628968299765e-06,0.0001739399411885081,embedding_pca
esmif_PC1115,0.00019229009900270598,4.3433663013796706e-05,0.00019229009900270598,embedding_pca
esmif_PC1116,0.00017348647077075925,9.962318049382106e-06,0.00017348647077075925,embedding_pca
esmif_PC1117,0.00017870127080376805,7.2986064221717085e-06,0.00017870127080376805,embedding_pca
esmif_PC1118,0.00019287559969102987,3.374049259250587e-05,0.00019287559969102987,embedding_pca
esmif_PC1119,0.00018424009886594837,9.977078818429711e-06,0.00018424009886594837,embedding_pca
esmif_PC1120,0.00018161160335550494,4.553095222615481e-06,0.00018161160335550494,embedding_pca
esmif_PC1121,0.00017336796835602835,7.711551249423973e-06,0.00017336796835602835,embedding_pca
esmif_PC1122,0.00017459638172753392,6.835506658458412e-06,0.00017459638172753392,embedding_pca
esmif_PC1123,0.00018073552460694906,1.1532678021416981e-05,0.00018073552460694906,embedding_pca
esmif_PC1124,0.00017861523632461526,2.239857205203193e-05,0.00017861523632461526,embedding_pca
esmif_PC1125,0.0001676489832708533,8.713262883796115e-06,0.0001676489832708533,embedding_pca
esmif_PC1126,0.00017284237521173552,8.169644460148815e-06,0.00017284237521173552,embedding_pca
esmif_PC1127,0.00019113001992332026,7.269959553035112e-06,0.00019113001992332026,embedding_pca
esmif_PC1128,0.00017972018717806213,5.240311471817044e-06,0.00017972018717806213,embedding_pca
esmif_PC1129,0.0001783393238511689,3.60902263945322e-06,0.0001783393238511689,embedding_pca
esmif_PC1130,0.0001742934507060451,1.2127001689608405e-05,0.0001742934507060451,embedding_pca
esmif_PC1131,0.0001741969428743155,7.3799778226975425e-06,0.0001741969428743155,embedding_pca
esmif_PC1132,0.00018157504163584533,4.604299747288995e-06,0.00018157504163584533,embedding_pca
esmif_PC1133,0.0001921410729547664,2.4933585223673348e-05,0.0001921410729547664,embedding_pca
esmif_PC1134,0.00021220631120047418,9.015710551091423e-05,0.00021220631120047418,embedding_pca
esmif_PC1135,0.00018049854287772435,1.2309810778746057e-05,0.00018049854287772435,embedding_pca
esmif_PC1136,0.0001778539089573357,6.503554525282479e-06,0.0001778539089573357,embedding_pca
esmif_PC1137,0.00018080528103163956,6.924966203775381e-06,0.00018080528103163956,embedding_pca
esmif_PC1138,0.00018594826360814818,2.0892504994448486e-05,0.00018594826360814818,embedding_pca
esmif_PC1139,0.00020477405476682312,7.225466972178799e-05,0.00020477405476682312,embedding_pca
esmif_PC1140,0.00018453381657179325,6.9030615048646065e-06,0.00018453381657179325,embedding_pca
esmif_PC1141,0.00018201694076706902,4.1324561479381314e-06,0.00018201694076706902,embedding_pca
esmif_PC1142,0.0002102053932856994,7.256498231132429e-05,0.0002102053932856994,embedding_pca
esmif_PC1143,0.00018242544689919688,1.2455946462861294e-05,0.00018242544689919688,embedding_pca
esmif_PC1144,0.0001803526688797868,9.221558115685305e-06,0.0001803526688797868,embedding_pca
esmif_PC1145,0.00018427573225150695,1.4701423995143286e-05,0.00018427573225150695,embedding_pca
esmif_PC1146,0.00018797772736474497,2.1100762391877024e-05,0.00018797772736474497,embedding_pca
esmif_PC1147,0.0001737833596109388,1.1766076501434369e-05,0.0001737833596109388,embedding_pca
esmif_PC1148,0.00017695675267095793,6.438475084157561e-06,0.00017695675267095793,embedding_pca
esmif_PC1149,0.00016825727883702926,9.128275867221365e-06,0.00016825727883702926,embedding_pca
esmif_PC1150,0.00017484215842399246,5.1130037370638454e-06,0.00017484215842399246,embedding_pca
esmif_PC1151,0.00017556934325356415,8.559768810996855e-06,0.00017556934325356415,embedding_pca
esmif_PC1152,0.0001786877009311883,1.690267383748228e-05,0.0001786877009311883,embedding_pca
esmif_PC1153,0.00017287546123933512,7.442579306682548e-06,0.00017287546123933512,embedding_pca
esmif_PC1154,0.0001879399448745849,1.268454632808061e-05,0.0001879399448745849,embedding_pca
esmif_PC1155,0.0001809220737082607,4.304780049957922e-06,0.0001809220737082607,embedding_pca
esmif_PC1156,0.00017556934028891753,9.288293503402375e-06,0.00017556934028891753,embedding_pca
esmif_PC1157,0.0001755517780156586,6.333993682192075e-06,0.0001755517780156586,embedding_pca
esmif_PC1158,0.00020169752557504657,4.667857579021714e-05,0.00020169752557504657,embedding_pca
esmif_PC1159,0.00017621678255729943,9.525438715297515e-06,0.00017621678255729943,embedding_pca
esmif_PC1160,0.0001748139858870313,6.003777925592792e-06,0.0001748139858870313,embedding_pca
esmif_PC1161,0.000181716967362682,2.1041216797660903e-06,0.000181716967362682,embedding_pca
esmif_PC1162,0.00018450628729495467,1.1763789559732318e-05,0.00018450628729495467,embedding_pca
esmif_PC1163,0.00019001371439215069,2.8578095218409817e-05,0.00019001371439215069,embedding_pca
esmif_PC1164,0.0002606429671493748,0.00015031624324318298,0.0002606429671493748,embedding_pca
esmif_PC1165,0.0001822372084389852,9.170377331712353e-06,0.0001822372084389852,embedding_pca
esmif_PC1166,0.00018520126029135077,2.9838499460654663e-05,0.00018520126029135077,embedding_pca
esmif_PC1167,0.000178367451360201,1.5003516752362728e-05,0.000178367451360201,embedding_pca
esmif_PC1168,0.00017796077341035836,1.0178361793981943e-05,0.00017796077341035836,embedding_pca
esmif_PC1169,0.00019919280491613507,4.7557910997783516e-05,0.00019919280491613507,embedding_pca
esmif_PC1170,0.00019032562669891057,1.514017296292818e-05,0.00019032562669891057,embedding_pca
esmif_PC1171,0.0001895249341095842,1.0959269559187484e-05,0.0001895249341095842,embedding_pca
esmif_PC1172,0.00017726290501066878,1.2322998427891743e-05,0.00017726290501066878,embedding_pca
esmif_PC1173,0.00018187440085573934,9.07691190001942e-06,0.00018187440085573934,embedding_pca
esmif_PC1174,0.00018557891470736561,1.2657742378313302e-05,0.00018557891470736561,embedding_pca
esmif_PC1175,0.00017741247634181132,4.51253140123591e-06,0.00017741247634181132,embedding_pca
esmif_PC1176,0.00021172762082485638,6.233527706939589e-05,0.00021172762082485638,embedding_pca
esmif_PC1177,0.00017146761448173596,9.945031576783747e-06,0.00017146761448173596,embedding_pca
esmif_PC1178,0.0001781776447255481,1.2050110479252796e-05,0.0001781776447255481,embedding_pca
esmif_PC1179,0.00017707397238441133,7.437027101680559e-06,0.00017707397238441133,embedding_pca
esmif_PC1180,0.0001754754690737565,7.042402765885944e-06,0.0001754754690737565,embedding_pca
esmif_PC1181,0.00018358448102120728,1.2913484711998647e-05,0.00018358448102120728,embedding_pca
esmif_PC1182,0.0001745587371783555,6.4761165655675345e-06,0.0001745587371783555,embedding_pca
esmif_PC1183,0.0001753260838890589,3.423856967305966e-06,0.0001753260838890589,embedding_pca
esmif_PC1184,0.000189932476580953,3.134561387738234e-05,0.000189932476580953,embedding_pca
esmif_PC1185,0.0001726629830211957,1.3247942495576227e-05,0.0001726629830211957,embedding_pca
esmif_PC1186,0.00017804922479031072,2.9327017810009215e-06,0.00017804922479031072,embedding_pca
esmif_PC1187,0.00017977455914285073,1.2549990367871555e-05,0.00017977455914285073,embedding_pca
esmif_PC1188,0.00017732650474785885,6.491700392104347e-06,0.00017732650474785885,embedding_pca
esmif_PC1189,0.0001755939468865837,3.369994672365334e-06,0.0001755939468865837,embedding_pca
esmif_PC1190,0.0001735817481688492,8.696714735007904e-06,0.0001735817481688492,embedding_pca
esmif_PC1191,0.00018365530687662206,8.327092357347995e-06,0.00018365530687662206,embedding_pca
esmif_PC1192,0.00018414398368943782,1.7012967473526343e-05,0.00018414398368943782,embedding_pca
esmif_PC1193,0.00017271420464011727,4.4950945641171935e-06,0.00017271420464011727,embedding_pca
esmif_PC1194,0.00018618119118305837,1.4000963270346787e-05,0.00018618119118305837,embedding_pca
esmif_PC1195,0.0001774346412202766,3.173928797267231e-06,0.0001774346412202766,embedding_pca
esmif_PC1196,0.0001765588284898261,1.062893562939901e-05,0.0001765588284898261,embedding_pca
esmif_PC1197,0.00018051673938204054,3.6216785536964466e-06,0.00018051673938204054,embedding_pca
esmif_PC1198,0.00017366622490061658,1.0526408195745082e-05,0.00017366622490061658,embedding_pca
esmif_PC1199,0.00016753161228978529,4.122178118011749e-06,0.00016753161228978529,embedding_pca
esmif_PC1200,0.00017177686364251658,8.41664645774091e-06,0.00017177686364251658,embedding_pca
esmif_PC1201,0.00018031968510238893,1.3266555950929144e-05,0.00018031968510238893,embedding_pca
esmif_PC1202,0.0001707861817301141,9.159194881883034e-06,0.0001707861817301141,embedding_pca
esmif_PC1203,0.00017522257480740602,4.764886053176644e-06,0.00017522257480740602,embedding_pca
esmif_PC1204,0.00017955685942268413,4.4714235366551824e-06,0.00017955685942268413,embedding_pca
esmif_PC1205,0.00016808674428918745,7.135262526291218e-06,0.00016808674428918745,embedding_pca
esmif_PC1206,0.00018267337051675614,2.0053519940411258e-05,0.00018267337051675614,embedding_pca
esmif_PC1207,0.00018041971464974433,1.0727967672916071e-05,0.00018041971464974433,embedding_pca
esmif_PC1208,0.0002211564236772353,9.172818958629707e-05,0.0002211564236772353,embedding_pca
esmif_PC1209,0.00020451179147519413,6.208661948903551e-05,0.00020451179147519413,embedding_pca
esmif_PC1210,0.00017294568751914744,6.5398071899383255e-06,0.00017294568751914744,embedding_pca
esmif_PC1211,0.00019251301052214523,3.3869916600377125e-05,0.00019251301052214523,embedding_pca
esmif_PC1212,0.00017485421511130513,3.920142705228393e-06,0.00017485421511130513,embedding_pca
esmif_PC1213,0.00017421264342118713,8.026023213512458e-06,0.00017421264342118713,embedding_pca
esmif_PC1214,0.00019097361448921184,1.8937536790127646e-05,0.00019097361448921184,embedding_pca
esmif_PC1215,0.0001710712336272314,1.0460935741714066e-05,0.0001710712336272314,embedding_pca
esmif_PC1216,0.00017433460358060363,1.0392192068329297e-05,0.00017433460358060363,embedding_pca
esmif_PC1217,0.00017963009343059877,6.425755837318175e-06,0.00017963009343059877,embedding_pca
esmif_PC1218,0.00019863619813893316,3.139132002745349e-05,0.00019863619813893316,embedding_pca
esmif_PC1219,0.00019968393354156144,5.4895969037849226e-05,0.00019968393354156144,embedding_pca
esmif_PC1220,0.00017773915743618385,1.0011991622614033e-05,0.00017773915743618385,embedding_pca
esmif_PC1221,0.00018340721751446617,2.2568757941432407e-05,0.00018340721751446617,embedding_pca
esmif_PC1222,0.00017757156667477125,1.2928801235271628e-05,0.00017757156667477125,embedding_pca
esmif_PC1223,0.00021939624702292199,8.884922978109109e-05,0.00021939624702292199,embedding_pca
esmif_PC1224,0.00019179035020715552,4.113469522997811e-05,0.00019179035020715552,embedding_pca
esmif_PC1225,0.00017577840092583525,7.710263155431219e-06,0.00017577840092583525,embedding_pca
esmif_PC1226,0.00018130793709725317,2.2609364596357123e-05,0.00018130793709725317,embedding_pca
esmif_PC1227,0.00017057961431605215,1.6798787724707765e-06,0.00017057961431605215,embedding_pca
esmif_PC1228,0.0001761799346392023,4.71089829614047e-06,0.0001761799346392023,embedding_pca
esmif_PC1229,0.00018255051068806076,2.6049252444825458e-05,0.00018255051068806076,embedding_pca
esmif_PC1230,0.0002034904134530521,5.150766832454757e-05,0.0002034904134530521,embedding_pca
esmif_PC1231,0.00018199750056164437,1.3360539329658915e-05,0.00018199750056164437,embedding_pca
esmif_PC1232,0.00018125902772232313,1.2142549180530265e-05,0.00018125902772232313,embedding_pca
esmif_PC1233,0.00018838840238220557,3.285126030947139e-05,0.00018838840238220557,embedding_pca
esmif_PC1234,0.00022176901489758634,8.929470048781812e-05,0.00022176901489758634,embedding_pca
esmif_PC1235,0.00018415100421026578,8.929245808482923e-06,0.00018415100421026578,embedding_pca
esmif_PC1236,0.0001843331720307663,2.13570109863191e-05,0.0001843331720307663,embedding_pca
esmif_PC1237,0.0001784739433040724,5.784887279359336e-06,0.0001784739433040724,embedding_pca
esmif_PC1238,0.00020281190785224526,3.842922381011994e-05,0.00020281190785224526,embedding_pca
esmif_PC1239,0.0002130038908563149,9.335961002664339e-05,0.0002130038908563149,embedding_pca
esmif_PC1240,0.00017710306736339575,8.13223725493946e-06,0.00017710306736339575,embedding_pca
esmif_PC1241,0.00018507589807675946,1.075797000336262e-05,0.00018507589807675946,embedding_pca
esmif_PC1242,0.00019696923101684177,1.4084114457293967e-05,0.00019696923101684177,embedding_pca
esmif_PC1243,0.0001896241878159834,1.653189553082687e-05,0.0001896241878159834,embedding_pca
esmif_PC1244,0.0001981097692309351,3.401649747992276e-05,0.0001981097692309351,embedding_pca
esmif_PC1245,0.00016999399950718054,8.924417344314418e-06,0.00016999399950718054,embedding_pca
esmif_PC1246,0.00022135141979267686,3.988986896634629e-05,0.00022135141979267686,embedding_pca
esmif_PC1247,0.00017372045524871127,8.67687365143835e-06,0.00017372045524871127,embedding_pca
esmif_PC1248,0.00018713231635964221,1.535390501085114e-05,0.00018713231635964221,embedding_pca
esmif_PC1249,0.0002304110794799339,8.46919176023393e-05,0.0002304110794799339,embedding_pca
esmif_PC1250,0.0001719459106866342,1.196866907014538e-05,0.0001719459106866342,embedding_pca
esmif_PC1251,0.0001788567139305625,4.575723187348153e-06,0.0001788567139305625,embedding_pca
esmif_PC1252,0.00018525872423589038,1.3218488134362276e-05,0.00018525872423589038,embedding_pca
esmif_PC1253,0.00021497790428976334,2.9260737847119592e-05,0.00021497790428976334,embedding_pca
esmif_PC1254,0.00018854777984341444,3.123844464915022e-05,0.00018854777984341444,embedding_pca
esmif_PC1255,0.0001906493397167444,1.6173834363927554e-05,0.0001906493397167444,embedding_pca
esmif_PC1256,0.00017622290904002063,1.5179794483453775e-05,0.00017622290904002063,embedding_pca
esmif_PC1257,0.00018494498005652257,1.4660695259148153e-05,0.00018494498005652257,embedding_pca
esmif_PC1258,0.000196849174959235,4.5707903897186905e-05,0.000196849174959235,embedding_pca
esmif_PC1259,0.00021943117432163798,6.089203529379694e-05,0.00021943117432163798,embedding_pca
esmif_PC1260,0.00017093351262675708,7.288765071473188e-06,0.00017093351262675708,embedding_pca
esmif_PC1261,0.00018255925855647945,1.2652899024384052e-05,0.00018255925855647945,embedding_pca
esmif_PC1262,0.00017606749401673656,5.647256650429665e-06,0.00017606749401673656,embedding_pca
esmif_PC1263,0.00024156286195159445,5.607944045110347e-05,0.00024156286195159445,embedding_pca
esmif_PC1264,0.0001772426375616745,5.025104910815042e-06,0.0001772426375616745,embedding_pca
esmif_PC1265,0.00023457088754728125,6.481906681279036e-05,0.00023457088754728125,embedding_pca
esmif_PC1266,0.00019658840206878236,4.137088310318873e-05,0.00019658840206878236,embedding_pca
esmif_PC1267,0.0001845724014715578,1.0964224520130327e-05,0.0001845724014715578,embedding_pca
esmif_PC1268,0.00023065289227792172,6.0793556395340797e-05,0.00023065289227792172,embedding_pca
esmif_PC1269,0.00019824535857677095,2.684637365724851e-05,0.00019824535857677095,embedding_pca
esmif_PC1270,0.00018111802544737448,9.768465909557346e-06,0.00018111802544737448,embedding_pca
esmif_PC1271,0.00019545489812081845,4.584594348747758e-05,0.00019545489812081845,embedding_pca
esmif_PC1272,0.00019471138568645134,3.129678556673585e-05,0.00019471138568645134,embedding_pca
esmif_PC1273,0.0001898367254809423,3.1791895988208724e-05,0.0001898367254809423,embedding_pca
esmif_PC1274,0.0002277939537584197,8.541599200942291e-05,0.0002277939537584197,embedding_pca
esmif_PC1275,0.00018179096798932035,7.138801594669423e-06,0.00018179096798932035,embedding_pca
esmif_PC1276,0.00020935502401369814,4.046812460641669e-05,0.00020935502401369814,embedding_pca
esmif_PC1277,0.00017410279522241473,9.344772049403806e-06,0.00017410279522241473,embedding_pca
esmif_PC1278,0.0001816754235394519,6.709158657571841e-06,0.0001816754235394519,embedding_pca
esmif_PC1279,0.00020709506965011765,5.60777126029781e-05,0.00020709506965011765,embedding_pca
esmif_PC1280,0.00017911765765187354,6.57907120530856e-06,0.00017911765765187354,embedding_pca
esmif_PC1281,0.0001919647531032172,2.7960859699062956e-05,0.0001919647531032172,embedding_pca
esmif_PC1282,0.00018180650734656592,1.4288496204684205e-05,0.00018180650734656592,embedding_pca
esmif_PC1283,0.00017841870444428647,8.48045902467131e-06,0.00017841870444428647,embedding_pca
esmif_PC1284,0.0001809442448408544,6.756414413919393e-06,0.0001809442448408544,embedding_pca
esmif_PC1285,0.0002082750731713284,3.897611016253588e-05,0.0002082750731713284,embedding_pca
esmif_PC1286,0.0001820256769780244,5.731592270542378e-06,0.0001820256769780244,embedding_pca
esmif_PC1287,0.00021186144053046818,4.1857186998166764e-05,0.00021186144053046818,embedding_pca
esmif_PC1288,0.00018190725298500865,6.673065046878307e-06,0.00018190725298500865,embedding_pca
esmif_PC1289,0.00018647163052817076,2.4761419391728938e-05,0.00018647163052817076,embedding_pca
esmif_PC1290,0.000178450434875138,5.831432283019396e-06,0.000178450434875138,embedding_pca
esmif_PC1291,0.00018102781500503007,1.2869026180077207e-05,0.00018102781500503007,embedding_pca
esmif_PC1292,0.00020634359391592992,3.0515647221697028e-05,0.00020634359391592992,embedding_pca
esmif_PC1293,0.0001923924732065293,2.111240005158725e-05,0.0001923924732065293,embedding_pca
esmif_PC1294,0.00020857046600148668,2.785389956472061e-05,0.00020857046600148668,embedding_pca
esmif_PC1295,0.00017375162732976516,6.186420440739621e-06,0.00017375162732976516,embedding_pca
esmif_PC1296,0.00019682445983927398,2.945090723396199e-05,0.00019682445983927398,embedding_pca
esmif_PC1297,0.00018228639274777184,1.778445900340243e-05,0.00018228639274777184,embedding_pca
esmif_PC1298,0.00020825688567302638,3.689264482301061e-05,0.00020825688567302638,embedding_pca
esmif_PC1299,0.00019130554417855862,2.268765892955138e-05,0.00019130554417855862,embedding_pca
esmif_PC1300,0.00017998839628133664,1.0831147784646725e-05,0.00017998839628133664,embedding_pca
esmif_PC1301,0.00017998788200259436,6.26697253362295e-06,0.00017998788200259436,embedding_pca
esmif_PC1302,0.00020213401245546326,5.352947869951161e-05,0.00020213401245546326,embedding_pca
esmif_PC1303,0.00019150228253730496,2.4470650543228148e-05,0.00019150228253730496,embedding_pca
esmif_PC1304,0.00017951685366359005,1.0441243938232641e-05,0.00017951685366359005,embedding_pca
esmif_PC1305,0.00017989150223598346,5.425580599878656e-06,0.00017989150223598346,embedding_pca
esmif_PC1306,0.00017723386355227093,1.0545661569094898e-05,0.00017723386355227093,embedding_pca
esmif_PC1307,0.00018036077480890629,4.862863691698374e-06,0.00018036077480890629,embedding_pca
esmif_PC1308,0.00017565432332818781,1.2461703544027403e-05,0.00017565432332818781,embedding_pca
esmif_PC1309,0.00017967140365563833,1.2125329205942788e-05,0.00017967140365563833,embedding_pca
esmif_PC1310,0.00018316509240457547,1.0326563141698105e-05,0.00018316509240457547,embedding_pca
esmif_PC1311,0.00019134053749614372,1.2199965497469332e-05,0.00019134053749614372,embedding_pca
esmif_PC1312,0.00018882496488978377,2.274534334638753e-05,0.00018882496488978377,embedding_pca
esmif_PC1313,0.00018124008811531799,1.8926116278167682e-05,0.00018124008811531799,embedding_pca
esmif_PC1314,0.000172078388399934,1.0926132090309153e-05,0.000172078388399934,embedding_pca
esmif_PC1315,0.00017682610147718653,9.831707778502856e-06,0.00017682610147718653,embedding_pca
esmif_PC1316,0.00017898943840464525,6.118498835718559e-06,0.00017898943840464525,embedding_pca
esmif_PC1317,0.00017413791924485018,4.270615795218544e-06,0.00017413791924485018,embedding_pca
esmif_PC1318,0.0001731984694962962,1.2617033373804178e-05,0.0001731984694962962,embedding_pca
esmif_PC1319,0.0001901391439732356,4.0630041828488714e-05,0.0001901391439732356,embedding_pca
esmif_PC1320,0.0001820626253440259,8.872498915746179e-06,0.0001820626253440259,embedding_pca
esmif_PC1321,0.00016538369857495256,8.396135351233989e-06,0.00016538369857495256,embedding_pca
esmif_PC1322,0.000181480779145225,1.3001670016212616e-05,0.000181480779145225,embedding_pca
esmif_PC1323,0.0001951229932444221,2.185591042755156e-05,0.0001951229932444221,embedding_pca
esmif_PC1324,0.00021157475371340258,6.650537648479314e-05,0.00021157475371340258,embedding_pca
esmif_PC1325,0.0001759590627951503,1.0175735360850319e-05,0.0001759590627951503,embedding_pca
esmif_PC1326,0.000178498181111964,6.070542961178803e-06,0.000178498181111964,embedding_pca
esmif_PC1327,0.00017834691598089025,1.545882797063076e-05,0.00017834691598089025,embedding_pca
esmif_PC1328,0.00019022239324017356,3.8098055949065395e-05,0.00019022239324017356,embedding_pca
esmif_PC1329,0.000180167697434694,1.3034360384415207e-05,0.000180167697434694,embedding_pca
esmif_PC1330,0.00019183875052415715,2.5342794261106486e-05,0.00019183875052415715,embedding_pca
esmif_PC1331,0.0001852454966356168,7.866130271479683e-06,0.0001852454966356168,embedding_pca
esmif_PC1332,0.0002204679203144016,7.928099120544095e-05,0.0002204679203144016,embedding_pca
esmif_PC1333,0.00020759584685450957,4.0209819056557536e-05,0.00020759584685450957,embedding_pca
esmif_PC1334,0.00021939536977330938,5.595192401955687e-05,0.00021939536977330938,embedding_pca
esmif_PC1335,0.00024221097337890317,0.00015188252923341002,0.00024221097337890317,embedding_pca
esmif_PC1336,0.00018599195060363147,1.0584552868193146e-05,0.00018599195060363147,embedding_pca
esmif_PC1337,0.0002079460801836942,4.35950615143587e-05,0.0002079460801836942,embedding_pca
esmif_PC1338,0.00017416007293625702,9.685713151035004e-06,0.00017416007293625702,embedding_pca
esmif_PC1339,0.00018330670297494512,1.9872084012526413e-05,0.00018330670297494512,embedding_pca
esmif_PC1340,0.0001973286734904377,4.08111805590988e-05,0.0001973286734904377,embedding_pca
esmif_PC1341,0.00017791992834398574,1.1137967842156635e-05,0.00017791992834398574,embedding_pca
esmif_PC1342,0.0002594920848149174,7.914329056055868e-05,0.0002594920848149174,embedding_pca
esmif_PC1343,0.0002064241800457951,6.187898689431592e-05,0.0002064241800457951,embedding_pca
esmif_PC1344,0.00019860172296756658,1.7849951640523085e-05,0.00019860172296756658,embedding_pca
esmif_PC1345,0.0001758080704863828,8.951856750284508e-06,0.0001758080704863828,embedding_pca
esmif_PC1346,0.00021211404152934096,3.445360050782974e-05,0.00021211404152934096,embedding_pca
esmif_PC1347,0.00018062960258233033,6.773307325815523e-06,0.00018062960258233033,embedding_pca
esmif_PC1348,0.00023529520794647038,8.902128821328566e-05,0.00023529520794647038,embedding_pca
esmif_PC1349,0.00017541912363951473,7.302396866157804e-06,0.00017541912363951473,embedding_pca
esmif_PC1350,0.0001909701311591805,1.4477361971731254e-05,0.0001909701311591805,embedding_pca
esmif_PC1351,0.0002062081419644635,5.761979038685831e-05,0.0002062081419644635,embedding_pca
esmif_PC1352,0.00021519403481200204,7.037650984054736e-05,0.00021519403481200204,embedding_pca
esmif_PC1353,0.00018138127315089008,1.781439277994002e-05,0.00018138127315089008,embedding_pca
esmif_PC1354,0.00021148709085905935,7.921550421740735e-05,0.00021148709085905935,embedding_pca
esmif_PC1355,0.00017359385773422104,8.74370887541278e-06,0.00017359385773422104,embedding_pca
esmif_PC1356,0.00022381572544591415,7.027470971582995e-05,0.00022381572544591415,embedding_pca
esmif_PC1357,0.00017448128336704718,4.080183484091366e-06,0.00017448128336704718,embedding_pca
esmif_PC1358,0.00021415416409314137,4.416994933606013e-05,0.00021415416409314137,embedding_pca
esmif_PC1359,0.00017143418971199653,6.933901107278643e-06,0.00017143418971199653,embedding_pca
esmif_PC1360,0.00019700501857477563,3.963970399854255e-05,0.00019700501857477563,embedding_pca
esmif_PC1361,0.00019932112489110765,3.4361168313861314e-05,0.00019932112489110765,embedding_pca
esmif_PC1362,0.00018106565676364092,8.261181436101414e-06,0.00018106565676364092,embedding_pca
esmif_PC1363,0.0001890564582590881,1.597618129754669e-05,0.0001890564582590881,embedding_pca
esmif_PC1364,0.00022366933795080294,8.851485090551495e-05,0.00022366933795080294,embedding_pca
esmif_PC1365,0.00018022304815790477,1.4090660823448693e-05,0.00018022304815790477,embedding_pca
esmif_PC1366,0.000253258626776592,0.0001453146689478363,0.000253258626776592,embedding_pca
esmif_PC1367,0.00017404957669147258,9.318737402480536e-06,0.00017404957669147258,embedding_pca
esmif_PC1368,0.00018369126194491705,1.0026644108559798e-05,0.00018369126194491705,embedding_pca
esmif_PC1369,0.00018020596997293039,4.425887129121717e-06,0.00018020596997293039,embedding_pca
esmif_PC1370,0.00017817377156828005,7.594860775943513e-06,0.00017817377156828005,embedding_pca
esmif_PC1371,0.00019670297759231582,2.159959512386093e-05,0.00019670297759231582,embedding_pca
esmif_PC1372,0.00016958563657334675,1.0896003384708025e-05,0.00016958563657334675,embedding_pca
esmif_PC1373,0.00017935879829113782,2.0965706882923252e-05,0.00017935879829113782,embedding_pca
esmif_PC1374,0.00021039462020712947,5.400485117403625e-05,0.00021039462020712947,embedding_pca
esmif_PC1375,0.00024184026618629087,0.00010491583151052464,0.00024184026618629087,embedding_pca
esmif_PC1376,0.00021256649242220072,5.6681932258350054e-05,0.00021256649242220072,embedding_pca
esmif_PC1377,0.00020206261028706283,4.348968014461819e-05,0.00020206261028706283,embedding_pca
esmif_PC1378,0.00020408097284233865,1.9411832989351566e-05,0.00020408097284233865,embedding_pca
esmif_PC1379,0.00018133991362876117,2.9263742167561867e-05,0.00018133991362876117,embedding_pca
esmif_PC1380,0.00024882785878490584,0.00011530435359311016,0.00024882785878490584,embedding_pca
esmif_PC1381,0.00018838746153436865,1.929521272835751e-05,0.00018838746153436865,embedding_pca
esmif_PC1382,0.00021411276815090343,6.686750201197085e-05,0.00021411276815090343,embedding_pca
esmif_PC1383,0.00019954158609570308,4.663744998255858e-05,0.00019954158609570308,embedding_pca
esmif_PC1384,0.0002028079544630093,4.405680822512538e-05,0.0002028079544630093,embedding_pca
esmif_PC1385,0.00017829116628271957,1.0615202448673755e-05,0.00017829116628271957,embedding_pca
esmif_PC1386,0.00021006668126267498,4.3394198315786046e-05,0.00021006668126267498,embedding_pca
esmif_PC1387,0.00018675541807350928,2.5916660230467266e-05,0.00018675541807350928,embedding_pca
esmif_PC1388,0.00022052767269060752,9.181845926365049e-05,0.00022052767269060752,embedding_pca
esmif_PC1389,0.00021789550510976382,6.030238861061301e-05,0.00021789550510976382,embedding_pca
esmif_PC1390,0.0002307605472976984,0.00011888214052800724,0.0002307605472976984,embedding_pca
esmif_PC1391,0.0001850342186698679,7.481502136815034e-06,0.0001850342186698679,embedding_pca
esmif_PC1392,0.00017404044309729693,7.913879156139182e-06,0.00017404044309729693,embedding_pca
esmif_PC1393,0.00024024906358477432,0.00012950954097821563,0.00024024906358477432,embedding_pca
esmif_PC1394,0.0001786655324965728,7.4272149419654055e-06,0.0001786655324965728,embedding_pca
esmif_PC1395,0.00020184166014690868,2.7602025644743823e-05,0.00020184166014690868,embedding_pca
esmif_PC1396,0.0001874358960922573,3.5356617218923905e-05,0.0001874358960922573,embedding_pca
esmif_PC1397,0.00020279089603565374,4.009386998320561e-05,0.00020279089603565374,embedding_pca
esmif_PC1398,0.0001829972346531502,7.992508757353045e-06,0.0001829972346531502,embedding_pca
esmif_PC1399,0.000266310845878897,0.0001059386082299866,0.000266310845878897,embedding_pca
esmif_PC1400,0.00017265668275232327,6.168110052805704e-06,0.00017265668275232327,embedding_pca
esmif_PC1401,0.0002029713415557497,5.6810479667611505e-05,0.0002029713415557497,embedding_pca
esmif_PC1402,0.00024962635536361817,0.0001055204014520364,0.00024962635536361817,embedding_pca
esmif_PC1403,0.00020711309235623164,4.054096377550529e-05,0.00020711309235623164,embedding_pca
esmif_PC1404,0.0002480986551706535,0.00014136869579184307,0.0002480986551706535,embedding_pca
esmif_PC1405,0.00018555884655532267,1.2638904944681597e-05,0.00018555884655532267,embedding_pca
esmif_PC1406,0.00023460015527868922,8.345810432682206e-05,0.00023460015527868922,embedding_pca
esmif_PC1407,0.00018574019157701114,1.7908693071460783e-05,0.00018574019157701114,embedding_pca
esmif_PC1408,0.0001979738479146043,2.0143150469206725e-05,0.0001979738479146043,embedding_pca
esmif_PC1409,0.0001910524908526092,2.278499316303835e-05,0.0001910524908526092,embedding_pca
esmif_PC1410,0.00019326450395441074,2.396245456436171e-05,0.00019326450395441074,embedding_pca
esmif_PC1411,0.0002863274687900188,0.00010891389712627861,0.0002863274687900188,embedding_pca
esmif_PC1412,0.00018054437687775696,1.4080633972656003e-05,0.00018054437687775696,embedding_pca
esmif_PC1413,0.00018233830199772833,8.055959234840015e-06,0.00018233830199772833,embedding_pca
esmif_PC1414,0.00018527509995509102,1.3301821842668752e-05,0.00018527509995509102,embedding_pca
esmif_PC1415,0.0001804661853151297,1.2827879018744523e-05,0.0001804661853151297,embedding_pca
esmif_PC1416,0.0001787732752799912,1.1140714916386509e-05,0.0001787732752799912,embedding_pca
esmif_PC1417,0.00021021263839536962,5.422305557935654e-05,0.00021021263839536962,embedding_pca
esmif_PC1418,0.00017857802574450232,1.643514833781081e-05,0.00017857802574450232,embedding_pca
esmif_PC1419,0.00016779005173904568,6.434776052339388e-06,0.00016779005173904568,embedding_pca
esmif_PC1420,0.00017634286557511374,9.445322077700822e-06,0.00017634286557511374,embedding_pca
esmif_PC1421,0.00017973838008642455,9.14612348446396e-06,0.00017973838008642455,embedding_pca
esmif_PC1422,0.00017813361259103703,3.8690896851836584e-06,0.00017813361259103703,embedding_pca
esmif_PC1423,0.0001758389350223454,1.0749398791567489e-05,0.0001758389350223454,embedding_pca
esmif_PC1424,0.00018432821911864894,1.4659365979690861e-05,0.00018432821911864894,embedding_pca
esmif_PC1425,0.00017784677490085185,1.0213154104168234e-05,0.00017784677490085185,embedding_pca
esmif_PC1426,0.00017268263134595141,9.194398143816986e-06,0.00017268263134595141,embedding_pca
esmif_PC1427,0.00017811304856940515,8.29835596171422e-06,0.00017811304856940515,embedding_pca
esmif_PC1428,0.000176688116766903,9.368769036136908e-06,0.000176688116766903,embedding_pca
esmif_PC1429,0.00017992902341314876,1.0752624802480263e-05,0.00017992902341314876,embedding_pca
esmif_PC1430,0.0002049786497635055,6.673656632034364e-05,0.0002049786497635055,embedding_pca
esmif_PC1431,0.00017064379456114442,6.8293970927252095e-06,0.00017064379456114442,embedding_pca
esmif_PC1432,0.00017827849210027684,6.130904056807877e-06,0.00017827849210027684,embedding_pca
esmif_PC1433,0.00017758676099056335,9.193806733180384e-06,0.00017758676099056335,embedding_pca
esmif_PC1434,0.0002162842511119559,7.608453641114606e-05,0.0002162842511119559,embedding_pca
esmif_PC1435,0.0001680528353679407,2.699559825142021e-06,0.0001680528353679407,embedding_pca
esmif_PC1436,0.00017155004354651437,9.884843297546345e-06,0.00017155004354651437,embedding_pca
esmif_PC1437,0.00018745833396436988,1.5206080712420944e-05,0.00018745833396436988,embedding_pca
esmif_PC1438,0.00017205861932317355,1.0540949955484694e-05,0.00017205861932317355,embedding_pca
esmif_PC1439,0.00017194896437138136,1.0811325622268273e-05,0.00017194896437138136,embedding_pca
esmif_PC1440,0.00017741285572181166,4.31276492544379e-06,0.00017741285572181166,embedding_pca
esmif_PC1441,0.00019995082101450444,2.2036777729951184e-05,0.00019995082101450444,embedding_pca
esmif_PC1442,0.00018068941841197625,8.211704436188362e-06,0.00018068941841197625,embedding_pca
esmif_PC1443,0.00016930072125521917,5.621724754710151e-06,0.00016930072125521917,embedding_pca
esmif_PC1444,0.0001788996143481097,6.9132901005283e-06,0.0001788996143481097,embedding_pca
esmif_PC1445,0.00019134474156136112,1.1475316459826449e-05,0.00019134474156136112,embedding_pca
esmif_PC1446,0.00017608744219062936,7.627457089824008e-06,0.00017608744219062936,embedding_pca
esmif_PC1447,0.00017100941610185335,1.0522479531957462e-05,0.00017100941610185335,embedding_pca
esmif_PC1448,0.00018838054216494072,2.346705730376672e-05,0.00018838054216494072,embedding_pca
esmif_PC1449,0.00017896511498434955,1.2571799321214529e-05,0.00017896511498434955,embedding_pca
esmif_PC1450,0.0001736524840644515,5.924818793727942e-06,0.0001736524840644515,embedding_pca
esmif_PC1451,0.00018499126592825594,2.503188806656078e-05,0.00018499126592825594,embedding_pca
esmif_PC1452,0.00017496431395985237,1.0624661514379519e-05,0.00017496431395985237,embedding_pca
esmif_PC1453,0.0001754889252359436,5.815140887921858e-06,0.0001754889252359436,embedding_pca
esmif_PC1454,0.00019530742234825373,3.826695354494418e-05,0.00019530742234825373,embedding_pca
esmif_PC1455,0.00017495117535231284,1.1583772596492922e-05,0.00017495117535231284,embedding_pca
esmif_PC1456,0.00017507466634667662,8.259957819649081e-06,0.00017507466634667662,embedding_pca
esmif_PC1457,0.00018020199508508183,1.2439899636528231e-05,0.00018020199508508183,embedding_pca
esmif_PC1458,0.00018099860756765014,1.5796581611472965e-05,0.00018099860756765014,embedding_pca
esmif_PC1459,0.0001806526286876746,5.0702524211445e-06,0.0001806526286876746,embedding_pca
esmif_PC1460,0.00017320687554454498,9.319566086784295e-06,0.00017320687554454498,embedding_pca
esmif_PC1461,0.00018079720340861746,1.1700498042521488e-05,0.00018079720340861746,embedding_pca
esmif_PC1462,0.00018003335512936042,6.6941455304517555e-06,0.00018003335512936042,embedding_pca
esmif_PC1463,0.0001794673519253864,8.550733214076887e-06,0.0001794673519253864,embedding_pca
esmif_PC1464,0.00018234715062093244,9.277170248532717e-06,0.00018234715062093244,embedding_pca
esmif_PC1465,0.00017572811131941164,4.073300805170799e-06,0.00017572811131941164,embedding_pca
esmif_PC1466,0.0001847951585729454,6.106785609744345e-06,0.0001847951585729454,embedding_pca
esmif_PC1467,0.00017525712986820712,1.2430341675004622e-05,0.00017525712986820712,embedding_pca
esmif_PC1468,0.00017921564540344608,7.601164601117855e-06,0.00017921564540344608,embedding_pca
esmif_PC1469,0.00017634242700785612,6.296005407227213e-06,0.00017634242700785612,embedding_pca
esmif_PC1470,0.00017646759780736072,5.866217650084718e-06,0.00017646759780736072,embedding_pca
esmif_PC1471,0.0001824164060830049,7.984609756562532e-06,0.0001824164060830049,embedding_pca
esmif_PC1472,0.00017693162466990835,3.0573175192009646e-06,0.00017693162466990835,embedding_pca
esmif_PC1473,0.00017303964188898646,2.2530394793259696e-06,0.00017303964188898646,embedding_pca
esmif_PC1474,0.00017557075743384793,8.251419087499412e-06,0.00017557075743384793,embedding_pca
esmif_PC1475,0.00017007440113524444,4.2952579041979185e-06,0.00017007440113524444,embedding_pca
esmif_PC1476,0.00018110542843178835,1.1905323507388957e-05,0.00018110542843178835,embedding_pca
esmif_PC1477,0.00017495554050695432,7.177195201300051e-06,0.00017495554050695432,embedding_pca
esmif_PC1478,0.00017479547226994244,1.2060174040451259e-05,0.00017479547226994244,embedding_pca
esmif_PC1479,0.00017080500674932219,6.761514481534976e-06,0.00017080500674932219,embedding_pca
esmif_PC1480,0.00018476413125315341,6.1440231427800846e-06,0.00018476413125315341,embedding_pca
esmif_PC1481,0.00017352810692364715,4.4006806456539925e-06,0.00017352810692364715,embedding_pca
esmif_PC1482,0.0001695254449884302,8.426751264542346e-06,0.0001695254449884302,embedding_pca
esmif_PC1483,0.0001845538973770849,1.335278262164435e-05,0.0001845538973770849,embedding_pca
esmif_PC1484,0.00017847094538744795,1.0671586439932614e-05,0.00017847094538744795,embedding_pca
esmif_PC1485,0.00019720571197038992,3.340430060004135e-05,0.00019720571197038992,embedding_pca
esmif_PC1486,0.0001781054977997984,1.0380341381246917e-05,0.0001781054977997984,embedding_pca
esmif_PC1487,0.00022604319362828584,7.723511077862387e-05,0.00022604319362828584,embedding_pca
esmif_PC1488,0.00021344397642582025,7.842668716609034e-05,0.00021344397642582025,embedding_pca
esmif_PC1489,0.00020205170112781108,5.050898660310039e-05,0.00020205170112781108,embedding_pca
esmif_PC1490,0.00023654063953739159,0.00010961037679716754,0.00023654063953739159,embedding_pca
esmif_PC1491,0.0002281414599632948,8.374391913205786e-05,0.0002281414599632948,embedding_pca
esmif_PC1492,0.0001808545486269339,6.1263013446047814e-06,0.0001808545486269339,embedding_pca
esmif_PC1493,0.00019811215992129402,1.2830585750156738e-05,0.00019811215992129402,embedding_pca
esmif_PC1494,0.00033633572664888586,7.521690076937786e-05,0.00033633572664888586,embedding_pca
esmif_PC1495,0.0002227916549361247,7.535627242818246e-05,0.0002227916549361247,embedding_pca
esmif_PC1496,0.00026229640632637546,8.813225817997119e-05,0.00026229640632637546,embedding_pca
esmif_PC1497,0.0003181908955942456,9.338729981645589e-05,0.0003181908955942456,embedding_pca
esmif_PC1498,0.00018283284737455135,1.054547035038415e-05,0.00018283284737455135,embedding_pca
esmif_PC1499,0.0001854039246343071,1.3009404731991784e-05,0.0001854039246343071,embedding_pca
esmif_PC1500,0.00020338416288545767,4.665220883259501e-05,0.00020338416288545767,embedding_pca
esmif_PC1501,0.0002237335364089253,7.409647579118885e-05,0.0002237335364089253,embedding_pca
esmif_PC1502,0.00030699970975401236,7.933642722888308e-05,0.00030699970975401236,embedding_pca
esmif_PC1503,0.00020904497429159486,7.272410521241832e-05,0.00020904497429159486,embedding_pca
esmif_PC1504,0.00017558745223801654,2.4912815859764945e-06,0.00017558745223801654,embedding_pca
esmif_PC1505,0.0001801392187934555,8.766831932323954e-06,0.0001801392187934555,embedding_pca
esmif_PC1506,0.00018335471964345886,8.18441952550457e-06,0.00018335471964345886,embedding_pca
esmif_PC1507,0.000204745490976391,3.719737036473236e-05,0.000204745490976391,embedding_pca
esmif_PC1508,0.0002053614834657646,4.346491523196501e-05,0.0002053614834657646,embedding_pca
esmif_PC1509,0.00019360633247157607,2.6609332753795335e-05,0.00019360633247157607,embedding_pca
esmif_PC1510,0.00019285376403323996,2.5298566148802034e-05,0.00019285376403323996,embedding_pca
esmif_PC1511,0.00017763431986866565,7.1585258976613205e-06,0.00017763431986866565,embedding_pca
esmif_PC1512,0.00018264299716648041,1.1116413337346363e-05,0.00018264299716648041,embedding_pca
esmif_PC1513,0.0001883769130492198,2.0865728970765852e-05,0.0001883769130492198,embedding_pca
esmif_PC1514,0.00023608828734915464,5.3307504303374244e-05,0.00023608828734915464,embedding_pca
esmif_PC1515,0.0003117148722467397,0.00011849049677849704,0.0003117148722467397,embedding_pca
esmif_PC1516,0.00025838710015478,0.00010669296670696212,0.00025838710015478,embedding_pca
esmif_PC1517,0.00026586124818926,0.00011318936935110599,0.00026586124818926,embedding_pca
esmif_PC1518,0.00022698821543366837,6.875425232647837e-05,0.00022698821543366837,embedding_pca
esmif_PC1519,0.00033069041223230615,0.0001270689432122793,0.00033069041223230615,embedding_pca
esmif_PC1520,0.00039175763198274967,3.845118054748939e-05,0.00039175763198274967,embedding_pca
esmif_PC1521,0.000259324429462566,0.00013340202601176435,0.000259324429462566,embedding_pca
esmif_PC1522,0.0003421383680749235,8.833004045669071e-05,0.0003421383680749235,embedding_pca
esmif_PC1523,0.0005125019823791348,6.408590398336515e-05,0.0005125019823791348,embedding_pca
esmif_PC1524,0.00030633317097482685,0.00011632670663723628,0.00030633317097482685,embedding_pca
esmif_PC1525,0.00026156800795239086,0.00010428751842159989,0.00026156800795239086,embedding_pca
esmif_PC1526,0.00046910828737734304,4.222657531993447e-05,0.00046910828737734304,embedding_pca
esmif_PC1527,0.0006236545872445665,7.756500762594276e-05,0.0006236545872445665,embedding_pca
esmif_PC1528,0.00018207402341213248,1.0348742974713197e-05,0.00018207402341213248,embedding_pca
esmif_PC1529,0.0002140884595030361,5.360227914970632e-05,0.0002140884595030361,embedding_pca
esmif_PC1530,0.0004985242700518885,5.6183061082845725e-05,0.0004985242700518885,embedding_pca
esmif_PC1531,0.0005073306522937399,3.5292429730481675e-05,0.0005073306522937399,embedding_pca
esmif_PC1532,0.00039968355016044017,5.067525285199196e-05,0.00039968355016044017,embedding_pca
esmif_PC1533,0.0005154850198918321,3.222935932422116e-05,0.0005154850198918321,embedding_pca
esmif_PC1534,0.0005472692243838173,4.589450045257355e-05,0.0005472692243838173,embedding_pca
esmif_PC1535,0.0004258589723171983,6.786080188639114e-05,0.0004258589723171983,embedding_pca
esmif_PC1536,0.0004600063162079001,4.660619992239394e-05,0.0004600063162079001,embedding_pca
