feature,weight_mean,weight_std,weight_abs_mean,feature_type
rel_distance_from_n_terminus,0.0023724110886985256,0.00011392513941555227,0.0023724110886985256,handcrafted
rel_distance_from_c_terminus,0.0024375134061742016,0.0001078234376180353,0.0024375134061742016,handcrafted
mean_rsa_peptide,0.0022789694578526287,6.61891784310411e-05,0.0022789694578526287,handcrafted
mean_disorder_peptide,0.0022508087721022406,5.070428029628625e-05,0.0022508087721022406,handcrafted
mean_rsa_nflank,0.0022568803305098137,7.031441156829047e-05,0.0022568803305098137,handcrafted
mean_disorder_nflank,0.002213364393919846,5.737117402579714e-05,0.002213364393919846,handcrafted
mean_rsa_cflank,0.002625775680671698,5.228142822204334e-05,0.002625775680671698,handcrafted
mean_disorder_cflank,0.0023881555900402726,7.57098327110861e-05,0.0023881555900402726,handcrafted
q8point_H_peptide,0.00030532331588461635,2.0031543880541737e-05,0.00030532331588461635,handcrafted
q8point_G_peptide,0.00013689107247039642,7.61540692575962e-06,0.00013689107247039642,handcrafted
q8point_I_peptide,1.5456094836533039e-06,2.1650394779296062e-07,1.5456094836533039e-06,handcrafted
q8point_E_peptide,0.0002393140070529231,4.558542015490159e-06,0.0002393140070529231,handcrafted
q8point_B_peptide,5.407904792424847e-06,6.91447517795511e-07,5.407904792424847e-06,handcrafted
q8point_T_peptide,0.00023030418300623616,1.8707556659943996e-05,0.00023030418300623616,handcrafted
q8point_S_peptide,0.00018756656917980603,4.59518873144041e-06,0.00018756656917980603,handcrafted
q8point_C_peptide,0.0004120849160273732,3.6070894031738945e-05,0.0004120849160273732,handcrafted
q8point_H_nflank,0.0005409248499034235,3.419215531399767e-05,0.0005409248499034235,handcrafted
q8point_G_nflank,0.0001110454329106263,7.81082437915965e-06,0.0001110454329106263,handcrafted
q8point_I_nflank,2.0866513483146045e-06,9.164831184403916e-07,2.0866513483146045e-06,handcrafted
q8point_E_nflank,0.0002693340537996677,2.794048525452031e-05,0.0002693340537996677,handcrafted
q8point_B_nflank,1.3559535018461398e-05,3.3953771876822364e-06,1.3559535018461398e-05,handcrafted
q8point_T_nflank,0.00024816513355808094,8.870800786916322e-06,0.00024816513355808094,handcrafted
q8point_S_nflank,0.00021843051929524242,1.23402807468755e-05,0.00021843051929524242,handcrafted
q8point_C_nflank,0.0003045368481374765,2.0860536203261053e-05,0.0003045368481374765,handcrafted
q8point_H_cflank,0.00029052691501514573,1.3591074836890861e-05,0.00029052691501514573,handcrafted
q8point_G_cflank,0.00010574223549527248,1.015512073083744e-05,0.00010574223549527248,handcrafted
q8point_I_cflank,1.094948469808743e-06,2.3484065417804153e-07,1.094948469808743e-06,handcrafted
q8point_E_cflank,0.00023335425733803008,5.199719605709789e-06,0.00023335425733803008,handcrafted
q8point_B_cflank,1.4695796168212632e-05,3.56217392657875e-06,1.4695796168212632e-05,handcrafted
q8point_T_cflank,0.00025699343074052025,1.166869722526592e-05,0.00025699343074052025,handcrafted
q8point_S_cflank,0.0002292518669215727,9.201301795989038e-06,0.0002292518669215727,handcrafted
q8point_C_cflank,0.00028255497989364785,1.4762660657678963e-05,0.00028255497989364785,handcrafted
q8trans_H_n_pep,0.0004637589538116106,3.0970736370257295e-05,0.0004637589538116106,handcrafted
q8trans_G_n_pep,5.995663044697644e-05,8.346881234006178e-06,5.995663044697644e-05,handcrafted
q8trans_I_n_pep,9.288131030055852e-07,3.4787564995245933e-07,9.288131030055852e-07,handcrafted
q8trans_E_n_pep,0.0001634458922312357,1.1174265265982116e-05,0.0001634458922312357,handcrafted
q8trans_B_n_pep,0.0,0.0,0.0,handcrafted
q8trans_T_n_pep,8.114567055219013e-05,1.1871994082560702e-05,8.114567055219013e-05,handcrafted
q8trans_S_n_pep,1.196946100805627e-05,2.381474949158823e-06,1.196946100805627e-05,handcrafted
q8trans_C_n_pep,0.0002944003757467559,1.4093562672657413e-05,0.0002944003757467559,handcrafted
q8trans_H_pep_c,0.0003385956925723035,1.8936538352239476e-05,0.0003385956925723035,handcrafted
q8trans_G_pep_c,2.9279843573021487e-05,6.429413332984571e-06,2.9279843573021487e-05,handcrafted
q8trans_I_pep_c,3.220418716072251e-07,1.737769543268039e-07,3.220418716072251e-07,handcrafted
q8trans_E_pep_c,0.0001770116862617902,7.780961488884627e-06,0.0001770116862617902,handcrafted
q8trans_B_pep_c,0.0,0.0,0.0,handcrafted
q8trans_T_pep_c,3.9021920593223754e-05,4.011547043507125e-06,3.9021920593223754e-05,handcrafted
q8trans_S_pep_c,6.829946111040162e-06,2.52465789024905e-06,6.829946111040162e-06,handcrafted
q8trans_C_pep_c,0.00025567442725790143,1.3330854614452012e-05,0.00025567442725790143,handcrafted
mean_plddt_peptide,0.0013393325460738987,6.836043317844139e-05,0.0013393325460738987,handcrafted
mean_plddt_nflank,0.0014074724693989263,8.561032021554762e-05,0.0014074724693989263,handcrafted
mean_plddt_cflank,0.0011260447113507458,4.771857112327464e-05,0.0011260447113507458,handcrafted
N10_A,0.00018707732313990374,7.697780451069242e-06,0.00018707732313990374,handcrafted
N10_C,7.300766377444803e-05,4.312958251040771e-06,7.300766377444803e-05,handcrafted
N10_D,0.00016829048245147404,1.047105674643954e-05,0.00016829048245147404,handcrafted
N10_E,0.00019632383055977537,1.9610388527383684e-05,0.00019632383055977537,handcrafted
N10_F,0.00017296612015684802,1.6489146599420745e-05,0.00017296612015684802,handcrafted
N10_G,0.00014407816593381474,3.992602893945841e-06,0.00014407816593381474,handcrafted
N10_H,0.0001017433524905178,3.55468930473596e-06,0.0001017433524905178,handcrafted
N10_I,0.00014775560680746757,1.2813627856840954e-05,0.00014775560680746757,handcrafted
N10_K,0.0001925694302403073,1.2750287589593697e-05,0.0001925694302403073,handcrafted
N10_L,0.0002713976730444375,2.8864683566968122e-05,0.0002713976730444375,handcrafted
N10_M,0.00011245909051590974,1.027140010663545e-05,0.00011245909051590974,handcrafted
N10_N,0.0001583885583420472,1.2819035544090461e-05,0.0001583885583420472,handcrafted
N10_P,0.00022313782725071077,3.4426777741113846e-05,0.00022313782725071077,handcrafted
N10_Q,0.00018663744133738655,1.0747628817836943e-05,0.00018663744133738655,handcrafted
N10_R,0.00016312005473855667,8.744971711858216e-06,0.00016312005473855667,handcrafted
N10_S,0.0002132455617324781,8.337014146295212e-06,0.0002132455617324781,handcrafted
N10_T,0.00016574987379605334,1.700158697139259e-05,0.00016574987379605334,handcrafted
N10_V,0.00017910462013219166,1.4009772076955385e-05,0.00017910462013219166,handcrafted
N10_W,6.268130776532965e-05,1.0202591402832139e-05,6.268130776532965e-05,handcrafted
N10_Y,0.00010764024115401346,4.499541545796916e-06,0.00010764024115401346,handcrafted
N9_A,0.0001867722069056063,1.7388883523059446e-05,0.0001867722069056063,handcrafted
N9_C,8.520516118246987e-05,3.248946913149356e-06,8.520516118246987e-05,handcrafted
N9_D,0.00020381938637212678,1.3745861232996075e-05,0.00020381938637212678,handcrafted
N9_E,0.00020371894896660677,1.1401709691561896e-05,0.00020371894896660677,handcrafted
N9_F,0.00013536230776649104,1.1531003164084341e-05,0.00013536230776649104,handcrafted
N9_G,0.00016279574027423707,1.5552014020146846e-05,0.00016279574027423707,handcrafted
N9_H,8.992303214044512e-05,8.962107056765266e-06,8.992303214044512e-05,handcrafted
N9_I,0.00019800307524388494,7.933492031635426e-06,0.00019800307524388494,handcrafted
N9_K,0.0002002425955200724,1.1409598877989262e-05,0.0002002425955200724,handcrafted
N9_L,0.00024655228301667713,2.143986419519104e-05,0.00024655228301667713,handcrafted
N9_M,7.652310073899481e-05,8.426228339600434e-06,7.652310073899481e-05,handcrafted
N9_N,0.00012424211783054577,1.0622793927536367e-05,0.00012424211783054577,handcrafted
N9_P,0.00018408779408359636,1.7842061728709827e-05,0.00018408779408359636,handcrafted
N9_Q,0.00017773808495839276,1.8303293105544326e-05,0.00017773808495839276,handcrafted
N9_R,0.00016855553708311241,1.619694216866477e-05,0.00016855553708311241,handcrafted
N9_S,0.00024076108151131477,1.5736365460838515e-05,0.00024076108151131477,handcrafted
N9_T,0.00017375990178090833,7.255518874083582e-06,0.00017375990178090833,handcrafted
N9_V,0.00020379681761569464,1.1288293241012067e-05,0.00020379681761569464,handcrafted
N9_W,6.508505752966113e-05,6.954652061948634e-06,6.508505752966113e-05,handcrafted
N9_Y,0.00010565782612217839,6.26882801151827e-06,0.00010565782612217839,handcrafted
N8_A,0.00022195887352334919,1.4538000215472046e-05,0.00022195887352334919,handcrafted
N8_C,6.766425911761221e-05,2.7245996057592654e-06,6.766425911761221e-05,handcrafted
N8_D,0.00015135314270362394,7.4368001063526205e-06,0.00015135314270362394,handcrafted
N8_E,0.00021240767394702646,1.5242638264777437e-05,0.00021240767394702646,handcrafted
N8_F,0.00011562935878635912,7.060667273785971e-06,0.00011562935878635912,handcrafted
N8_G,0.00017631395526449372,1.038294999264099e-05,0.00017631395526449372,handcrafted
N8_H,0.00012874454415053623,1.640125942450083e-05,0.00012874454415053623,handcrafted
N8_I,0.0001392527960212,8.651740899745588e-06,0.0001392527960212,handcrafted
N8_K,0.00018817946911592153,1.7868201890244257e-05,0.00018817946911592153,handcrafted
N8_L,0.00024768264735390165,1.938843623210269e-05,0.00024768264735390165,handcrafted
N8_M,0.0001580030452599124,3.898204687857337e-05,0.0001580030452599124,handcrafted
N8_N,0.00014522875154759893,1.2709197812636293e-05,0.00014522875154759893,handcrafted
N8_P,0.00019066574784384042,1.527496338116122e-05,0.00019066574784384042,handcrafted
N8_Q,0.00019787195083360414,1.0878950708729e-05,0.00019787195083360414,handcrafted
N8_R,0.00015302057987849667,7.11539076319006e-06,0.00015302057987849667,handcrafted
N8_S,0.00019281661839714827,1.5878077580555223e-05,0.00019281661839714827,handcrafted
N8_T,0.00018129855444572028,1.1135596960194766e-05,0.00018129855444572028,handcrafted
N8_V,0.00017992873441382662,1.3323754818602734e-05,0.00017992873441382662,handcrafted
N8_W,5.901682323895493e-05,9.366324474846885e-06,5.901682323895493e-05,handcrafted
N8_Y,0.00010813079673661296,5.180801667441621e-06,0.00010813079673661296,handcrafted
N7_A,0.0002228554605207906,1.5588356840566834e-05,0.0002228554605207906,handcrafted
N7_C,0.00010496174476792538,7.340018949724379e-06,0.00010496174476792538,handcrafted
N7_D,0.00017453535085052078,9.989137736646689e-06,0.00017453535085052078,handcrafted
N7_E,0.0002187481758320861,1.2849307558748263e-05,0.0002187481758320861,handcrafted
N7_F,0.00011596316654927429,1.2749019652105567e-05,0.00011596316654927429,handcrafted
N7_G,0.00016320666135086624,1.791260591978512e-05,0.00016320666135086624,handcrafted
N7_H,0.00010829598514457326,9.902451613743375e-06,0.00010829598514457326,handcrafted
N7_I,0.00017097993255343059,8.694968245964847e-06,0.00017097993255343059,handcrafted
N7_K,0.0001946297157236228,1.964219465330479e-05,0.0001946297157236228,handcrafted
N7_L,0.0002914123965057161,2.221139599879063e-05,0.0002914123965057161,handcrafted
N7_M,0.00010429755046108792,8.829663617557991e-06,0.00010429755046108792,handcrafted
N7_N,0.0001492795876674476,9.938997420299826e-06,0.0001492795876674476,handcrafted
N7_P,0.00015576663856908986,1.4360596039259062e-05,0.00015576663856908986,handcrafted
N7_Q,0.00018406450634435897,1.8168150347645598e-05,0.00018406450634435897,handcrafted
N7_R,0.00015454235855454963,1.1060006735674395e-05,0.00015454235855454963,handcrafted
N7_S,0.00021009639125423642,1.0450947111414122e-05,0.00021009639125423642,handcrafted
N7_T,0.0001693367569935752,1.4191364192690183e-05,0.0001693367569935752,handcrafted
N7_V,0.00018192678476149234,1.4053924622131412e-05,0.00018192678476149234,handcrafted
N7_W,6.180176922535849e-05,5.608884919704627e-06,6.180176922535849e-05,handcrafted
N7_Y,8.818594715386903e-05,5.836526868765869e-06,8.818594715386903e-05,handcrafted
N6_A,0.00019207326739983295,2.0167263147364473e-05,0.00019207326739983295,handcrafted
N6_C,7.149986498933095e-05,9.79931888417846e-06,7.149986498933095e-05,handcrafted
N6_D,0.00014288935643480614,8.80357541189719e-06,0.00014288935643480614,handcrafted
N6_E,0.00018402240327626966,1.6335037593225366e-05,0.00018402240327626966,handcrafted
N6_F,0.00014753644913597248,1.0473378197521773e-05,0.00014753644913597248,handcrafted
N6_G,0.0001767257748080703,1.2404787079746918e-05,0.0001767257748080703,handcrafted
N6_H,0.00012520608737780916,2.5137075970060714e-05,0.00012520608737780916,handcrafted
N6_I,0.00016686932795082426,1.497693423734142e-05,0.00016686932795082426,handcrafted
N6_K,0.00020677996509826436,1.4142798776537598e-05,0.00020677996509826436,handcrafted
N6_L,0.00028837614297670845,1.7211513861154303e-05,0.00028837614297670845,handcrafted
N6_M,0.00010946726485360565,9.867126951676668e-06,0.00010946726485360565,handcrafted
N6_N,0.00013286246516391135,9.324186771908123e-06,0.00013286246516391135,handcrafted
N6_P,0.00016817514283279223,1.0980472128921556e-05,0.00016817514283279223,handcrafted
N6_Q,0.000148097565348031,6.506071768070179e-06,0.000148097565348031,handcrafted
N6_R,0.00017144114376953018,1.9505353930346914e-05,0.00017144114376953018,handcrafted
N6_S,0.00020714767537651397,8.470641520348322e-06,0.00020714767537651397,handcrafted
N6_T,0.0001745930383104126,9.34578386650215e-06,0.0001745930383104126,handcrafted
N6_V,0.00023442293313249746,1.444653100056281e-05,0.00023442293313249746,handcrafted
N6_W,5.7524198624792124e-05,7.937488217489882e-06,5.7524198624792124e-05,handcrafted
N6_Y,0.00013237453409848562,1.567667480776117e-05,0.00013237453409848562,handcrafted
N5_A,0.00019385972613404512,1.126263444783258e-05,0.00019385972613404512,handcrafted
N5_C,7.288496496569501e-05,1.1625423072828484e-05,7.288496496569501e-05,handcrafted
N5_D,0.0001745055684951269,8.967025405618851e-06,0.0001745055684951269,handcrafted
N5_E,0.00022891545662437202,2.1240104107641382e-05,0.00022891545662437202,handcrafted
N5_F,0.00011774388478201586,9.373063354406212e-06,0.00011774388478201586,handcrafted
N5_G,0.00015109768727088405,1.356373171858784e-05,0.00015109768727088405,handcrafted
N5_H,0.00015027127664231035,1.5405296920365586e-05,0.00015027127664231035,handcrafted
N5_I,0.00014836376857299143,1.647669210433049e-05,0.00014836376857299143,handcrafted
N5_K,0.0002485646853738766,2.880976014212462e-05,0.0002485646853738766,handcrafted
N5_L,0.00026604075369392926,1.495432790906407e-05,0.00026604075369392926,handcrafted
N5_M,0.00010915474995330174,1.5357101684875383e-05,0.00010915474995330174,handcrafted
N5_N,0.00013224266219780947,6.24364801998977e-06,0.00013224266219780947,handcrafted
N5_P,0.00016164920932213993,1.0962942299725129e-05,0.00016164920932213993,handcrafted
N5_Q,0.0001663395650883482,1.5476194701873807e-05,0.0001663395650883482,handcrafted
N5_R,0.00016224602752342162,1.1333124777333346e-05,0.00016224602752342162,handcrafted
N5_S,0.00020590225580535606,1.1381248427752922e-05,0.00020590225580535606,handcrafted
N5_T,0.00018643320514854348,1.0749853532226696e-05,0.00018643320514854348,handcrafted
N5_V,0.00019360296596167216,1.3512494014126013e-05,0.00019360296596167216,handcrafted
N5_W,3.7559883851025664e-05,4.866355402600226e-06,3.7559883851025664e-05,handcrafted
N5_Y,8.171303139344463e-05,9.074926371628068e-06,8.171303139344463e-05,handcrafted
N4_A,0.000217364791262285,1.7368775502267804e-05,0.000217364791262285,aa_encoding
N4_C,7.731053697180815e-05,9.95654200635183e-06,7.731053697180815e-05,aa_encoding
N4_D,0.00017138225893105447,1.2764164706786238e-05,0.00017138225893105447,aa_encoding
N4_E,0.00022491568076493472,1.997577452050529e-05,0.00022491568076493472,aa_encoding
N4_F,0.00010588362794026621,3.7787362362029064e-06,0.00010588362794026621,aa_encoding
N4_G,0.00017500322959209665,1.1125641031231012e-05,0.00017500322959209665,aa_encoding
N4_H,0.00010786534858248285,8.008498285051063e-06,0.00010786534858248285,aa_encoding
N4_I,0.0001664717636717589,1.4661175365932127e-05,0.0001664717636717589,aa_encoding
N4_K,0.0001771469413860848,1.2765096616740103e-05,0.0001771469413860848,aa_encoding
N4_L,0.00023563171690788877,1.0982805515743818e-05,0.00023563171690788877,aa_encoding
N4_M,0.0001024743465710977,7.430942490274149e-06,0.0001024743465710977,aa_encoding
N4_N,0.0001468454862900716,1.0485035191593248e-05,0.0001468454862900716,aa_encoding
N4_P,0.00016769460173401217,2.0718328562785127e-05,0.00016769460173401217,aa_encoding
N4_Q,0.0002033840983835705,9.239561884849877e-06,0.0002033840983835705,aa_encoding
N4_R,0.00015849093029792684,1.0074342422741661e-05,0.00015849093029792684,aa_encoding
N4_S,0.00021698427257684855,1.71423311218863e-05,0.00021698427257684855,aa_encoding
N4_T,0.00018426951854471922,1.1701355411852066e-05,0.00018426951854471922,aa_encoding
N4_V,0.00023853051767086143,1.8507848192521008e-05,0.00023853051767086143,aa_encoding
N4_W,7.881570611899197e-05,1.2672670753484963e-05,7.881570611899197e-05,aa_encoding
N4_Y,8.978911929456697e-05,4.289580034732029e-06,8.978911929456697e-05,aa_encoding
N3_A,0.00019749333076284444,7.622611799410653e-06,0.00019749333076284444,aa_encoding
N3_C,0.00010221197034862308,7.942051076975451e-06,0.00010221197034862308,aa_encoding
N3_D,0.00017723445235041073,1.595596172454078e-05,0.00017723445235041073,aa_encoding
N3_E,0.0002135664271378803,1.780452392477912e-05,0.0002135664271378803,aa_encoding
N3_F,0.00012723141147497362,8.092375497422374e-06,0.00012723141147497362,aa_encoding
N3_G,0.00031259701360601536,4.662969838838846e-05,0.00031259701360601536,aa_encoding
N3_H,0.00011479105970864578,1.0354384920235022e-05,0.00011479105970864578,aa_encoding
N3_I,0.00017140061978467854,6.454770518799062e-06,0.00017140061978467854,aa_encoding
N3_K,0.00017149851954030015,1.2026965004034497e-05,0.00017149851954030015,aa_encoding
N3_L,0.0002950554073015992,2.2189616045560776e-05,0.0002950554073015992,aa_encoding
N3_M,0.00013132184290641453,1.1365996272296122e-05,0.00013132184290641453,aa_encoding
N3_N,0.00013724145967676662,1.6408361486266433e-05,0.00013724145967676662,aa_encoding
N3_P,0.0006291241221928833,6.44779492370984e-05,0.0006291241221928833,aa_encoding
N3_Q,0.00018597981209256758,2.0575340471345912e-05,0.00018597981209256758,aa_encoding
N3_R,0.00015737170601538278,1.113461419614279e-05,0.00015737170601538278,aa_encoding
N3_S,0.00022147351008594942,1.0910431044607184e-05,0.00022147351008594942,aa_encoding
N3_T,0.00018588240455424436,1.9759094263406598e-05,0.00018588240455424436,aa_encoding
N3_V,0.00019634744916410346,7.2113252200677265e-06,0.00019634744916410346,aa_encoding
N3_W,4.5953298925682044e-05,3.0549361055494844e-06,4.5953298925682044e-05,aa_encoding
N3_Y,0.00011860501581192068,1.2471392963282135e-05,0.00011860501581192068,aa_encoding
N2_A,0.0002112480298754091,1.1860342230396587e-05,0.0002112480298754091,aa_encoding
N2_C,9.01106233682915e-05,4.9904891850743135e-06,9.01106233682915e-05,aa_encoding
N2_D,0.00017002942881430542,7.807936564469766e-06,0.00017002942881430542,aa_encoding
N2_E,0.0002745341274283701,5.295278762229737e-05,0.0002745341274283701,aa_encoding
N2_F,0.00012148950730737143,8.382871778217874e-06,0.00012148950730737143,aa_encoding
N2_G,0.0002094418320840908,1.8068358687232128e-05,0.0002094418320840908,aa_encoding
N2_H,0.00012051495473307055,1.400401740438509e-05,0.00012051495473307055,aa_encoding
N2_I,0.0002190252306173532,2.0021442448191474e-05,0.0002190252306173532,aa_encoding
N2_K,0.00019654717193707752,1.547500845351874e-05,0.00019654717193707752,aa_encoding
N2_L,0.00024422529414426915,2.092593026883769e-05,0.00024422529414426915,aa_encoding
N2_M,0.00015038096897277637,1.8527645436562677e-05,0.00015038096897277637,aa_encoding
N2_N,0.00016042558940905434,5.392504692103215e-06,0.00016042558940905434,aa_encoding
N2_P,0.0011686028348657698,9.887628262393598e-05,0.0011686028348657698,aa_encoding
N2_Q,0.00023766001084727777,1.9427087802916747e-05,0.00023766001084727777,aa_encoding
N2_R,0.0001697113014492958,1.0895238166244725e-05,0.0001697113014492958,aa_encoding
N2_S,0.00020554447825512503,9.066171308826895e-06,0.00020554447825512503,aa_encoding
N2_T,0.00017779731949315144,1.945400302169177e-05,0.00017779731949315144,aa_encoding
N2_V,0.000207481228866664,1.2711913541851423e-05,0.000207481228866664,aa_encoding
N2_W,6.010646946350516e-05,1.2213282179431756e-05,6.010646946350516e-05,aa_encoding
N2_Y,9.168526477930982e-05,4.474018711871623e-06,9.168526477930982e-05,aa_encoding
N1_A,0.00037770231937841873,1.898164676202654e-05,0.00037770231937841873,aa_encoding
N1_C,8.732636685939548e-05,6.214207246168556e-06,8.732636685939548e-05,aa_encoding
N1_D,0.0002086661159932932,1.1079980832359371e-05,0.0002086661159932932,aa_encoding
N1_E,0.00022254365441861445,1.5378354535944044e-05,0.00022254365441861445,aa_encoding
N1_F,0.00010372078797173077,5.850806333281689e-06,0.00010372078797173077,aa_encoding
N1_G,0.00018135827189517058,6.387298761426694e-06,0.00018135827189517058,aa_encoding
N1_H,9.667928920006904e-05,6.898421334050792e-06,9.667928920006904e-05,aa_encoding
N1_I,0.0001850873781605428,1.558037778286328e-05,0.0001850873781605428,aa_encoding
N1_K,0.0001959579697379373,1.3988183019617159e-05,0.0001959579697379373,aa_encoding
N1_L,0.00022764885228143922,1.73221163000449e-05,0.00022764885228143922,aa_encoding
N1_M,9.035314052714566e-05,8.62673906900488e-06,9.035314052714566e-05,aa_encoding
N1_N,0.00015866119565470258,7.065078888804143e-06,0.00015866119565470258,aa_encoding
N1_P,0.001393421616896744,0.00012264352906800547,0.001393421616896744,aa_encoding
N1_Q,0.0001987492975247398,2.2574617380594796e-05,0.0001987492975247398,aa_encoding
N1_R,0.00022859415199337818,2.4942559594476717e-05,0.00022859415199337818,aa_encoding
N1_S,0.0002534452706450891,1.6041320955566213e-05,0.0002534452706450891,aa_encoding
N1_T,0.00017134089825239632,1.8520747852106785e-05,0.00017134089825239632,aa_encoding
N1_V,0.00015838493495524774,1.0589917854143175e-05,0.00015838493495524774,aa_encoding
N1_W,3.859372346676355e-05,4.105635271565012e-06,3.859372346676355e-05,aa_encoding
N1_Y,0.00011165813806975431,5.758809320403029e-06,0.00011165813806975431,aa_encoding
P1_A,0.0002644565107707818,2.4372581452570282e-05,0.0002644565107707818,aa_encoding
P1_C,6.587217682650886e-06,3.120226092662815e-06,6.587217682650886e-06,aa_encoding
P1_D,1.748871120392285e-05,5.211249337529266e-06,1.748871120392285e-05,aa_encoding
P1_E,5.340740034578492e-05,5.377376300518504e-06,5.340740034578492e-05,aa_encoding
P1_F,0.00021621883882648072,1.3544190340221201e-05,0.00021621883882648072,aa_encoding
P1_G,0.0002393996950283992,2.4345236592476288e-05,0.0002393996950283992,aa_encoding
P1_H,0.0001272857075925129,1.5172594855287881e-05,0.0001272857075925129,aa_encoding
P1_I,0.0001936436367107487,1.1908792399526283e-05,0.0001936436367107487,aa_encoding
P1_K,0.0002772839299179515,1.0889892285863649e-05,0.0002772839299179515,aa_encoding
P1_L,0.00021584098017811025,2.2729139828415833e-05,0.00021584098017811025,aa_encoding
P1_M,0.0001609820932663687,2.963695120360645e-05,0.0001609820932663687,aa_encoding
P1_N,9.850779807442814e-05,9.679038461511748e-06,9.850779807442814e-05,aa_encoding
P1_P,2.6235727984043155e-06,5.928426570072722e-07,2.6235727984043155e-06,aa_encoding
P1_Q,0.00011912844567118491,1.3928677188580572e-05,0.00011912844567118491,aa_encoding
P1_R,0.00018132130549518925,9.68266592574619e-06,0.00018132130549518925,aa_encoding
P1_S,0.0004176019756595119,2.9728729053089154e-05,0.0004176019756595119,aa_encoding
P1_T,0.0001797764343885743,9.061577738857785e-06,0.0001797764343885743,aa_encoding
P1_V,0.00017743009011474885,1.0694485278737338e-05,0.00017743009011474885,aa_encoding
P1_W,3.3886879364384356e-05,5.847043143227128e-06,3.3886879364384356e-05,aa_encoding
P1_Y,0.00016538943573800663,1.756870044263573e-05,0.00016538943573800663,aa_encoding
P2_A,8.425402674929985e-05,9.140322147272036e-06,8.425402674929985e-05,aa_encoding
P2_C,4.927473232453611e-08,6.036477137224532e-08,4.927473232453611e-08,aa_encoding
P2_D,0.0,0.0,0.0,aa_encoding
P2_E,5.818365362423984e-07,3.6325973972021633e-07,5.818365362423984e-07,aa_encoding
P2_F,0.00019295807263152326,1.7737176723644602e-05,0.00019295807263152326,aa_encoding
P2_G,1.6609725046694818e-06,6.13701654403068e-07,1.6609725046694818e-06,aa_encoding
P2_H,0.0,0.0,0.0,aa_encoding
P2_I,0.0002207650637890558,1.3397564234168479e-05,0.0002207650637890558,aa_encoding
P2_K,2.2092380161996472e-07,1.5599086573110254e-07,2.2092380161996472e-07,aa_encoding
P2_L,0.0003814377642143025,2.0390510388225125e-05,0.0003814377642143025,aa_encoding
P2_M,0.0003311016736214709,4.272389454490751e-05,0.0003311016736214709,aa_encoding
P2_N,1.1861033062720726e-07,4.836025158308044e-08,1.1861033062720726e-07,aa_encoding
P2_P,1.2117376959080205e-07,1.3323704691547355e-07,1.2117376959080205e-07,aa_encoding
P2_Q,0.00015146454767205823,7.189423306549923e-06,0.00015146454767205823,aa_encoding
P2_R,0.0,0.0,0.0,aa_encoding
P2_S,2.3678826455953308e-05,3.0059753082167836e-06,2.3678826455953308e-05,aa_encoding
P2_T,0.00010599508887059706,5.735182429988134e-06,0.00010599508887059706,aa_encoding
P2_V,0.00024207934352249032,2.3134809165812526e-05,0.00024207934352249032,aa_encoding
P2_W,1.3146005973758583e-05,3.854864732101007e-06,1.3146005973758583e-05,aa_encoding
P2_Y,1.089845208554524e-06,4.935961405238362e-07,1.089845208554524e-06,aa_encoding
P3_A,0.0002193942673284426,1.113837312928543e-05,0.0002193942673284426,aa_encoding
P3_C,1.759359869727199e-05,4.419605854402042e-06,1.759359869727199e-05,aa_encoding
P3_D,0.0002747475187212144,2.2123706063601698e-05,0.0002747475187212144,aa_encoding
P3_E,0.00010796911322718755,8.486358079524777e-06,0.00010796911322718755,aa_encoding
P3_F,0.00018215847556805775,9.778407276504788e-06,0.00018215847556805775,aa_encoding
P3_G,0.00013208364803038404,8.996710297621805e-06,0.00013208364803038404,aa_encoding
P3_H,0.00019195506048019111,3.059444265616646e-05,0.00019195506048019111,aa_encoding
P3_I,0.00018981548704830216,1.3454215684242297e-05,0.00018981548704830216,aa_encoding
P3_K,0.00017197762914195996,3.314130431096851e-05,0.00017197762914195996,aa_encoding
P3_L,0.000340822149214023,4.896842522845426e-05,0.000340822149214023,aa_encoding
P3_M,0.000139448079309783,6.348923904078945e-06,0.000139448079309783,aa_encoding
P3_N,0.00014584738964963683,7.563594482959376e-06,0.00014584738964963683,aa_encoding
P3_P,0.000455937909965697,2.2488584988584468e-05,0.000455937909965697,aa_encoding
P3_Q,0.0002456833141466166,4.966765008843518e-05,0.0002456833141466166,aa_encoding
P3_R,4.7622840932665786e-05,4.5445553252921985e-06,4.7622840932665786e-05,aa_encoding
P3_S,0.000252035930265287,2.094619469983891e-05,0.000252035930265287,aa_encoding
P3_T,0.00022463735740197374,2.336204710132799e-05,0.00022463735740197374,aa_encoding
P3_V,0.00015901499309799167,1.4038714276198572e-05,0.00015901499309799167,aa_encoding
P3_W,0.00010472052262008131,1.6103933443267954e-05,0.00010472052262008131,aa_encoding
P3_Y,0.00017530808767921824,1.2714246815549326e-05,0.00017530808767921824,aa_encoding
P4_A,0.00018266437459050756,1.085528584790263e-05,0.00018266437459050756,aa_encoding
P4_C,7.326965589845412e-06,3.24848447120561e-06,7.326965589845412e-06,aa_encoding
P4_D,0.00034890187998797066,2.9669141648482257e-05,0.00034890187998797066,aa_encoding
P4_E,0.0003657020669201094,2.7612311956681613e-05,0.0003657020669201094,aa_encoding
P4_F,3.786085829036194e-05,3.2106982215950405e-06,3.786085829036194e-05,aa_encoding
P4_G,0.00018141949989954168,1.3554234576318303e-05,0.00018141949989954168,aa_encoding
P4_H,0.00021887423082513906,4.0072233104269325e-05,0.00021887423082513906,aa_encoding
P4_I,0.00011907093055513849,2.970911561735449e-05,0.00011907093055513849,aa_encoding
P4_K,0.0002229009974666633,1.611158638652312e-05,0.0002229009974666633,aa_encoding
P4_L,0.00010689736357189431,6.943166999128594e-06,0.00010689736357189431,aa_encoding
P4_M,2.2191377919687533e-05,4.095918849457819e-06,2.2191377919687533e-05,aa_encoding
P4_N,0.00016458448593037255,1.1537805121129367e-05,0.00016458448593037255,aa_encoding
P4_P,0.0005780551085465636,5.9549146886149106e-05,0.0005780551085465636,aa_encoding
P4_Q,0.00019700572391914006,2.9792845436185044e-05,0.00019700572391914006,aa_encoding
P4_R,9.320834612744457e-05,6.732296049122636e-06,9.320834612744457e-05,aa_encoding
P4_S,0.00023929224427194726,2.1296231515467293e-05,0.00023929224427194726,aa_encoding
P4_T,0.000144574131298911,1.7475654163914896e-05,0.000144574131298911,aa_encoding
P4_V,0.0001550655566169957,2.6530648324583972e-05,0.0001550655566169957,aa_encoding
P4_W,8.654566602381493e-06,1.1811973855695142e-06,8.654566602381493e-06,aa_encoding
P4_Y,4.0113484533395604e-05,7.537159834847206e-06,4.0113484533395604e-05,aa_encoding
P5_A,0.00017105658701284667,9.532796333837669e-06,0.00017105658701284667,aa_encoding
P5_C,2.1395447621067485e-05,4.837850579975128e-06,2.1395447621067485e-05,aa_encoding
P5_D,0.00017601428842405387,1.7891319423234545e-05,0.00017601428842405387,aa_encoding
P5_E,0.00021632405407430284,8.119672088692821e-06,0.00021632405407430284,aa_encoding
P5_F,0.00014238063000552046,1.114026489909052e-05,0.00014238063000552046,aa_encoding
P5_G,0.0001803732750518728,1.5419223499333226e-05,0.0001803732750518728,aa_encoding
P5_H,0.0005757381184165585,4.741633428271348e-05,0.0005757381184165585,aa_encoding
P5_I,0.00021851191458179133,2.1260948701069248e-05,0.00021851191458179133,aa_encoding
P5_K,0.0006613724400293534,4.3694091014161464e-05,0.0006613724400293534,aa_encoding
P5_L,0.00029002328410706387,1.982711226725526e-05,0.00029002328410706387,aa_encoding
P5_M,8.167858819785829e-05,6.2378133811324564e-06,8.167858819785829e-05,aa_encoding
P5_N,0.00013764342049085842,8.679787537081878e-06,0.00013764342049085842,aa_encoding
P5_P,0.0013320329362456953,6.666508047882942e-05,0.0013320329362456953,aa_encoding
P5_Q,0.00014429278758809036,1.109118348544334e-05,0.00014429278758809036,aa_encoding
P5_R,0.0003226261552438583,2.9370395236661557e-05,0.0003226261552438583,aa_encoding
P5_S,0.00028440629221013084,2.9676111758114202e-05,0.00028440629221013084,aa_encoding
P5_T,0.00021027474304792957,2.3348851483329738e-05,0.00021027474304792957,aa_encoding
P5_V,0.00022724349651237166,1.929970584056932e-05,0.00022724349651237166,aa_encoding
P5_W,8.075894338856089e-05,1.7505221402301595e-05,8.075894338856089e-05,aa_encoding
P5_Y,0.00012982164584442358,6.581613772429497e-06,0.00012982164584442358,aa_encoding
P6_A,0.00014595527683383572,1.5337072255502775e-05,0.00014595527683383572,aa_encoding
P6_C,1.0729719501039838e-05,1.4640609663987515e-06,1.0729719501039838e-05,aa_encoding
P6_D,0.00032966021916229114,8.491375715567764e-05,0.00032966021916229114,aa_encoding
P6_E,0.00015451018606973515,1.4823904490984011e-05,0.00015451018606973515,aa_encoding
P6_F,0.0002570534180433691,3.1020100014112245e-05,0.0002570534180433691,aa_encoding
P6_G,0.0002664002786971863,5.661812689635509e-05,0.0002664002786971863,aa_encoding
P6_H,9.032506533639554e-05,6.698201164155899e-06,9.032506533639554e-05,aa_encoding
P6_I,0.00029248684376497966,2.285624917229017e-05,0.00029248684376497966,aa_encoding
P6_K,0.00011670932650182701,8.578511707454736e-06,0.00011670932650182701,aa_encoding
P6_L,0.0004113774747682387,3.239441507309693e-05,0.0004113774747682387,aa_encoding
P6_M,0.00018432684187750747,2.8917466796593446e-05,0.00018432684187750747,aa_encoding
P6_N,0.00014768381224053415,8.376943286801267e-06,0.00014768381224053415,aa_encoding
P6_P,0.00020774006887185393,3.0553628778447505e-05,0.00020774006887185393,aa_encoding
P6_Q,0.0001631191538627906,1.0265808245496917e-05,0.0001631191538627906,aa_encoding
P6_R,8.811785281163958e-05,6.366065258308747e-06,8.811785281163958e-05,aa_encoding
P6_S,0.00018145141635790893,1.3641880182514656e-05,0.00018145141635790893,aa_encoding
P6_T,0.0001842397122933301,1.0855750357919803e-05,0.0001842397122933301,aa_encoding
P6_V,0.0003711981834745963,3.683446524431205e-05,0.0003711981834745963,aa_encoding
P6_W,2.8340652968450966e-05,1.0528470627863825e-05,2.8340652968450966e-05,aa_encoding
P6_Y,7.200672178886765e-05,2.6474389335302684e-06,7.200672178886765e-05,aa_encoding
P7_A,0.000176895804183969,8.925894888031103e-06,0.000176895804183969,aa_encoding
P7_C,1.3457523744561358e-05,2.789360831625053e-06,1.3457523744561358e-05,aa_encoding
P7_D,0.0002568355443184061,3.9240927149334666e-05,0.0002568355443184061,aa_encoding
P7_E,0.00021518764067530657,1.2523835367722589e-05,0.00021518764067530657,aa_encoding
P7_F,0.00015593064810068706,1.435803997113062e-05,0.00015593064810068706,aa_encoding
P7_G,0.00015577210072449064,1.1234673154307501e-05,0.00015577210072449064,aa_encoding
P7_H,0.0006334709775944302,8.843048102265551e-05,0.0006334709775944302,aa_encoding
P7_I,0.0002533620934531508,2.231109887367939e-05,0.0002533620934531508,aa_encoding
P7_K,0.00012896459879859268,1.3609992087455035e-05,0.00012896459879859268,aa_encoding
P7_L,0.00028590527393335715,2.083370523081111e-05,0.00028590527393335715,aa_encoding
P7_M,0.00014425939647306742,2.9045972844615362e-05,0.00014425939647306742,aa_encoding
P7_N,0.00014095122533259964,1.3964202236544235e-05,0.00014095122533259964,aa_encoding
P7_P,0.00026884147073454143,1.9282076438374584e-05,0.00026884147073454143,aa_encoding
P7_Q,0.00018082414365989765,1.7675079716604658e-05,0.00018082414365989765,aa_encoding
P7_R,9.306408480479554e-05,6.3377728106073895e-06,9.306408480479554e-05,aa_encoding
P7_S,0.00016334434826561437,7.379142803563747e-06,0.00016334434826561437,aa_encoding
P7_T,0.00020103697284833328,1.2625684643147178e-05,0.00020103697284833328,aa_encoding
P7_V,0.0002791668287613355,1.3035406689531784e-05,0.0002791668287613355,aa_encoding
P7_W,8.168082361267721e-05,9.133024403213432e-06,8.168082361267721e-05,aa_encoding
P7_Y,0.00014117928206052818,8.172229736441575e-06,0.00014117928206052818,aa_encoding
P8_A,0.00018715172359452648,1.6149330322059528e-05,0.00018715172359452648,aa_encoding
P8_C,1.5887531824130228e-05,2.7883952337421082e-06,1.5887531824130228e-05,aa_encoding
P8_D,0.0001532058354924117,3.097023258414682e-05,0.0001532058354924117,aa_encoding
P8_E,0.0002690499104979354,1.7942106758092308e-05,0.0002690499104979354,aa_encoding
P8_F,0.00012104246105576145,1.1082965611654537e-05,0.00012104246105576145,aa_encoding
P8_G,0.00014613693187374895,8.891135439626448e-06,0.00014613693187374895,aa_encoding
P8_H,0.00017703934809718246,1.625630065859485e-05,0.00017703934809718246,aa_encoding
P8_I,0.00011037482943049946,1.1399402000723051e-05,0.00011037482943049946,aa_encoding
P8_K,0.0004576251207578116,6.736610533431928e-05,0.0004576251207578116,aa_encoding
P8_L,0.00023767713117564434,2.0987857190195084e-05,0.00023767713117564434,aa_encoding
P8_M,0.00010487825739448194,1.318603338873661e-05,0.00010487825739448194,aa_encoding
P8_N,0.00018988236437460478,2.4787572025245163e-05,0.00018988236437460478,aa_encoding
P8_P,0.00031938136359499004,4.2871973355604453e-05,0.00031938136359499004,aa_encoding
P8_Q,0.00023956820387270326,1.3447037793628267e-05,0.00023956820387270326,aa_encoding
P8_R,0.00021138564340302812,1.5084512397575553e-05,0.00021138564340302812,aa_encoding
P8_S,0.00024806308684596784,1.7870076333036104e-05,0.00024806308684596784,aa_encoding
P8_T,0.0002581232146585563,2.3481556375950293e-05,0.0002581232146585563,aa_encoding
P8_V,0.0001249166809813086,6.696037338362737e-06,0.0001249166809813086,aa_encoding
P8_W,2.1604299824367152e-05,6.105410311986464e-06,2.1604299824367152e-05,aa_encoding
P8_Y,0.0001541382423471995,1.338311290765742e-05,0.0001541382423471995,aa_encoding
P9_A,0.0002199099634782739,2.223390466360721e-05,0.0002199099634782739,aa_encoding
P9_C,7.808727136364782e-05,1.757340019160412e-05,7.808727136364782e-05,aa_encoding
P9_D,0.0,0.0,0.0,aa_encoding
P9_E,1.1688714746255216e-07,7.343750293828638e-08,1.1688714746255216e-07,aa_encoding
P9_F,3.526117458605817e-05,5.084540468858595e-06,3.526117458605817e-05,aa_encoding
P9_G,3.168085641056737e-07,2.1697311142209396e-07,3.168085641056737e-07,aa_encoding
P9_H,2.403554730227257e-08,4.807109460454514e-08,2.403554730227257e-08,aa_encoding
P9_I,0.00034768468544728526,4.9076081773985264e-05,0.00034768468544728526,aa_encoding
P9_K,7.208357578442642e-08,9.48341254920411e-08,7.208357578442642e-08,aa_encoding
P9_L,0.00042702490447227146,1.75945355226882e-05,0.00042702490447227146,aa_encoding
P9_M,0.0004976915805932516,4.81303023995715e-05,0.0004976915805932516,aa_encoding
P9_N,5.3183782225001575e-08,6.972178072938599e-08,5.3183782225001575e-08,aa_encoding
P9_P,1.9382358245543287e-06,4.166413207979377e-07,1.9382358245543287e-06,aa_encoding
P9_Q,1.9006875812727125e-07,2.0092866232307973e-07,1.9006875812727125e-07,aa_encoding
P9_R,4.511112080171817e-07,2.7764924804215363e-07,4.511112080171817e-07,aa_encoding
P9_S,1.0471087323226263e-05,3.227637319459145e-06,1.0471087323226263e-05,aa_encoding
P9_T,4.830911332606839e-05,6.115087079478917e-06,4.830911332606839e-05,aa_encoding
P9_V,0.0005990603022687109,2.7538629755479518e-05,0.0005990603022687109,aa_encoding
P9_W,4.9748098078867424e-08,6.093315658087675e-08,4.9748098078867424e-08,aa_encoding
P9_Y,1.981225201827309e-06,8.56745891403937e-07,1.981225201827309e-06,aa_encoding
C1_A,0.0005880038420697122,7.89403294146998e-05,0.0005880038420697122,aa_encoding
C1_C,0.00010174756323909004,1.301701434127662e-05,0.00010174756323909004,aa_encoding
C1_D,0.00019937753662340767,2.269035375272956e-05,0.00019937753662340767,aa_encoding
C1_E,0.00023818164050274415,3.765477855139017e-05,0.00023818164050274415,aa_encoding
C1_F,0.0002559480379525364,3.276939754186947e-05,0.0002559480379525364,aa_encoding
C1_G,0.00013805556033415597,7.480066343983131e-06,0.00013805556033415597,aa_encoding
C1_H,0.00012856533689994842,5.355459569369843e-06,0.00012856533689994842,aa_encoding
C1_I,0.0006471371371493801,1.2198423441082242e-05,0.0006471371371493801,aa_encoding
C1_K,0.0006298742767993199,1.49347840863909e-05,0.0006298742767993199,aa_encoding
C1_L,0.0004157118001366867,7.853492217823379e-05,0.0004157118001366867,aa_encoding
C1_M,0.00011396413238391782,1.4678931438298748e-05,0.00011396413238391782,aa_encoding
C1_N,0.00014837533305286267,1.0859654763914625e-05,0.00014837533305286267,aa_encoding
C1_P,0.0004105485134604397,2.364399356307522e-05,0.0004105485134604397,aa_encoding
C1_Q,0.00019668678155956913,1.6763022307966528e-05,0.00019668678155956913,aa_encoding
C1_R,0.000335157471000276,3.533731140463202e-05,0.000335157471000276,aa_encoding
C1_S,0.00045023156635954216,5.729590107154393e-05,0.00045023156635954216,aa_encoding
C1_T,0.00018071720262277563,1.1371722238046802e-05,0.00018071720262277563,aa_encoding
C1_V,0.00016893620812057252,9.119623418782894e-06,0.00016893620812057252,aa_encoding
C1_W,3.9652663256133005e-05,5.066880689832966e-06,3.9652663256133005e-05,aa_encoding
C1_Y,9.078319293325995e-05,9.503665647180922e-06,9.078319293325995e-05,aa_encoding
C2_A,0.0001970834078743937,1.669699389708035e-05,0.0001970834078743937,aa_encoding
C2_C,8.823844849065697e-05,1.1695431023693375e-05,8.823844849065697e-05,aa_encoding
C2_D,0.00017911732095753568,1.5050315339023804e-05,0.00017911732095753568,aa_encoding
C2_E,0.00020894066453696253,1.4612406845556802e-05,0.00020894066453696253,aa_encoding
C2_F,0.00011384139935370428,1.498124990975821e-05,0.00011384139935370428,aa_encoding
C2_G,0.00023818731538355293,2.0361849555644245e-05,0.00023818731538355293,aa_encoding
C2_H,9.83576695343698e-05,7.879009247837781e-06,9.83576695343698e-05,aa_encoding
C2_I,0.00015242402126578033,1.2171921539352764e-05,0.00015242402126578033,aa_encoding
C2_K,0.00023097176239979646,1.2129153887214365e-05,0.00023097176239979646,aa_encoding
C2_L,0.0002478593158421986,1.606866315714085e-05,0.0002478593158421986,aa_encoding
C2_M,0.00018435577077772564,3.58918026599381e-05,0.00018435577077772564,aa_encoding
C2_N,0.0001471359220115207,4.042036805743211e-06,0.0001471359220115207,aa_encoding
C2_P,0.00030013312640342436,5.7849888344832856e-05,0.00030013312640342436,aa_encoding
C2_Q,0.0001792379688457688,1.631492895530983e-05,0.0001792379688457688,aa_encoding
C2_R,0.00018022953234802413,1.6470135795731593e-05,0.00018022953234802413,aa_encoding
C2_S,0.00023150749486298335,1.5322327770135445e-05,0.00023150749486298335,aa_encoding
C2_T,0.0001983946864289673,1.6225589355471267e-05,0.0001983946864289673,aa_encoding
C2_V,0.00015670263498650965,1.3210773747517767e-05,0.00015670263498650965,aa_encoding
C2_W,6.098502271334708e-05,7.470874176322294e-06,6.098502271334708e-05,aa_encoding
C2_Y,8.809586876548074e-05,8.443283387015836e-06,8.809586876548074e-05,aa_encoding
C3_A,0.0002086515574084619,1.3487533246250878e-05,0.0002086515574084619,aa_encoding
C3_C,8.046434801724913e-05,5.425698681710239e-06,8.046434801724913e-05,aa_encoding
C3_D,0.00016036497259922576,9.961712656152903e-06,0.00016036497259922576,aa_encoding
C3_E,0.0002612718972293931,2.078393961536641e-05,0.0002612718972293931,aa_encoding
C3_F,0.00013266741241668673,7.20974130594175e-06,0.00013266741241668673,aa_encoding
C3_G,0.00016053618512231344,9.632568825832167e-06,0.00016053618512231344,aa_encoding
C3_H,0.00014218347501939826,1.1790501993470866e-05,0.00014218347501939826,aa_encoding
C3_I,0.00013876893582745022,8.079740586681461e-06,0.00013876893582745022,aa_encoding
C3_K,0.0002002036307753769,1.7721379101162218e-05,0.0002002036307753769,aa_encoding
C3_L,0.0002530720113952415,1.7869195212069336e-05,0.0002530720113952415,aa_encoding
C3_M,0.000104607151626916,1.102305330528837e-05,0.000104607151626916,aa_encoding
C3_N,0.0001502829445978926,7.583421667409604e-06,0.0001502829445978926,aa_encoding
C3_P,0.00021854925732235267,1.2111948489461278e-05,0.00021854925732235267,aa_encoding
C3_Q,0.0002030404145542179,2.2151845237250984e-05,0.0002030404145542179,aa_encoding
C3_R,0.00013814134361157736,1.011947565005582e-05,0.00013814134361157736,aa_encoding
C3_S,0.00026109414943729047,3.0559640238753225e-05,0.00026109414943729047,aa_encoding
C3_T,0.00017029147398110067,1.115496342987139e-05,0.00017029147398110067,aa_encoding
C3_V,0.00017322794923008638,1.0645583487060804e-05,0.00017322794923008638,aa_encoding
C3_W,6.647061359737441e-05,1.2319746081767427e-05,6.647061359737441e-05,aa_encoding
C3_Y,0.00010691640510158561,1.2280645351909432e-05,0.00010691640510158561,aa_encoding
C4_A,0.00021710198653325654,1.828243962416441e-05,0.00021710198653325654,aa_encoding
C4_C,9.660113687077833e-05,7.0215304929747305e-06,9.660113687077833e-05,aa_encoding
C4_D,0.00015997664173325116,1.3749511259892019e-05,0.00015997664173325116,aa_encoding
C4_E,0.0002061549675914618,1.4601394399059892e-05,0.0002061549675914618,aa_encoding
C4_F,0.00011608443664170006,8.417570914856404e-06,0.00011608443664170006,aa_encoding
C4_G,0.00019285276233739439,2.6461963203489837e-05,0.00019285276233739439,aa_encoding
C4_H,9.77604268817863e-05,4.7939567189573896e-06,9.77604268817863e-05,aa_encoding
C4_I,0.00014766952967298986,5.066894914675735e-06,0.00014766952967298986,aa_encoding
C4_K,0.0002474185276988354,2.0823452477649136e-05,0.0002474185276988354,aa_encoding
C4_L,0.0002624415418897478,1.566899462224042e-05,0.0002624415418897478,aa_encoding
C4_M,9.742172551425233e-05,1.1383152849148776e-05,9.742172551425233e-05,aa_encoding
C4_N,0.0001488290788929788,3.727198498194175e-06,0.0001488290788929788,aa_encoding
C4_P,0.00014569631524283976,1.003016489945563e-05,0.00014569631524283976,aa_encoding
C4_Q,0.000187272737580003,1.513025211842395e-05,0.000187272737580003,aa_encoding
C4_R,0.00013605191120565484,1.3986715980412663e-05,0.00013605191120565484,aa_encoding
C4_S,0.00022323153222623192,1.4499687706871623e-05,0.00022323153222623192,aa_encoding
C4_T,0.00016737452026465647,8.874121591997789e-06,0.00016737452026465647,aa_encoding
C4_V,0.0001911728882748303,1.7583640891052557e-05,0.0001911728882748303,aa_encoding
C4_W,8.84574787188026e-05,2.1604854268369685e-05,8.84574787188026e-05,aa_encoding
C4_Y,0.00010734764713225253,9.617848051133767e-06,0.00010734764713225253,aa_encoding
C5_A,0.00021085106280211075,2.073164289993658e-05,0.00021085106280211075,handcrafted
C5_C,8.156516793970371e-05,8.95252230534578e-06,8.156516793970371e-05,handcrafted
C5_D,0.0001728083336392428,5.753343613031594e-06,0.0001728083336392428,handcrafted
C5_E,0.00022484863713506954,1.051173558265114e-05,0.00022484863713506954,handcrafted
C5_F,0.00015146311293042487,2.107369604160878e-05,0.00015146311293042487,handcrafted
C5_G,0.0001555391266189723,4.741429477510622e-06,0.0001555391266189723,handcrafted
C5_H,0.0001252929386195483,1.253929011212636e-05,0.0001252929386195483,handcrafted
C5_I,0.00013639264560922937,9.147993728794448e-06,0.00013639264560922937,handcrafted
C5_K,0.00018283713117396377,1.4379665216948255e-05,0.00018283713117396377,handcrafted
C5_L,0.0002637232876761005,2.613318139195642e-05,0.0002637232876761005,handcrafted
C5_M,0.00011564987829090119,1.751627062128225e-05,0.00011564987829090119,handcrafted
C5_N,0.00018216733946465442,1.3703754777559962e-05,0.00018216733946465442,handcrafted
C5_P,0.00021421354280188053,2.8566930225173295e-05,0.00021421354280188053,handcrafted
C5_Q,0.00016303632017550693,9.523900867460421e-06,0.00016303632017550693,handcrafted
C5_R,0.00015710657944736445,4.64902888177652e-06,0.00015710657944736445,handcrafted
C5_S,0.00021963866856482966,1.0674472375028612e-05,0.00021963866856482966,handcrafted
C5_T,0.00017738532799772838,1.0598168029020128e-05,0.00017738532799772838,handcrafted
C5_V,0.00018736689787333358,2.1831019771673913e-05,0.00018736689787333358,handcrafted
C5_W,3.992268082699209e-05,3.991482342341478e-06,3.992268082699209e-05,handcrafted
C5_Y,7.791298409702381e-05,5.054004263692417e-06,7.791298409702381e-05,handcrafted
C6_A,0.00023007068892738958,2.3937723663634945e-05,0.00023007068892738958,handcrafted
C6_C,8.548057188833533e-05,9.67204252304531e-06,8.548057188833533e-05,handcrafted
C6_D,0.0001958873211605939,7.930278848173385e-06,0.0001958873211605939,handcrafted
C6_E,0.0002445396698250657,2.3225723733439456e-05,0.0002445396698250657,handcrafted
C6_F,0.0001012276178031351,6.855172830783591e-06,0.0001012276178031351,handcrafted
C6_G,0.00016263767023775032,1.32877363756384e-05,0.00016263767023775032,handcrafted
C6_H,0.0001236958411182717,2.087969565536421e-05,0.0001236958411182717,handcrafted
C6_I,0.0001415283691333654,7.159931885175187e-06,0.0001415283691333654,handcrafted
C6_K,0.0003062713451568879,4.210066750219517e-05,0.0003062713451568879,handcrafted
C6_L,0.00022296835468441,1.2129030262924074e-05,0.00022296835468441,handcrafted
C6_M,7.862162512027841e-05,5.394959132224773e-06,7.862162512027841e-05,handcrafted
C6_N,0.00014737098318587844,1.1055264960592588e-05,0.00014737098318587844,handcrafted
C6_P,0.0001595128521894638,4.981746890268529e-06,0.0001595128521894638,handcrafted
C6_Q,0.00018558860266916619,1.2038782102926742e-05,0.00018558860266916619,handcrafted
C6_R,0.0001766908644677949,2.2089126055966997e-05,0.0001766908644677949,handcrafted
C6_S,0.00021874736598623664,1.1094963813137413e-05,0.00021874736598623664,handcrafted
C6_T,0.00016728451528536615,6.7374729667436575e-06,0.00016728451528536615,handcrafted
C6_V,0.00017320542924570255,8.748979078647295e-06,0.00017320542924570255,handcrafted
C6_W,4.6570279381826155e-05,4.221767366962927e-06,4.6570279381826155e-05,handcrafted
C6_Y,0.00010616679048446466,5.631590332142359e-06,0.00010616679048446466,handcrafted
C7_A,0.00020483437636778355,1.1039664112261834e-05,0.00020483437636778355,handcrafted
C7_C,7.232103584141083e-05,9.01763361276319e-06,7.232103584141083e-05,handcrafted
C7_D,0.00015649049518748305,7.370082718299308e-06,0.00015649049518748305,handcrafted
C7_E,0.00018397242051744513,1.2074929518539584e-05,0.00018397242051744513,handcrafted
C7_F,0.00010697212950818397,1.025233293528728e-05,0.00010697212950818397,handcrafted
C7_G,0.00022448502734636203,3.329469279762446e-05,0.00022448502734636203,handcrafted
C7_H,0.0001357643653091027,1.847132483607626e-05,0.0001357643653091027,handcrafted
C7_I,0.0001573212974291149,1.1566025242840593e-05,0.0001573212974291149,handcrafted
C7_K,0.00016034937512318754,1.2706321023504473e-05,0.00016034937512318754,handcrafted
C7_L,0.0002808576616749476,2.4286126347706153e-05,0.0002808576616749476,handcrafted
C7_M,0.00016703477358246026,4.3646988250467817e-05,0.00016703477358246026,handcrafted
C7_N,0.00014265189912080883,1.1262773617941946e-05,0.00014265189912080883,handcrafted
C7_P,0.00016125019131057588,1.2673134161124527e-05,0.00016125019131057588,handcrafted
C7_Q,0.0001528757734779314,8.100160851476412e-06,0.0001528757734779314,handcrafted
C7_R,0.00017621474900248048,1.047095563761607e-05,0.00017621474900248048,handcrafted
C7_S,0.0002265666960355391,5.20791836417694e-06,0.0002265666960355391,handcrafted
C7_T,0.0001650353667861151,1.9914887948823823e-05,0.0001650353667861151,handcrafted
C7_V,0.00020355921971723138,1.3018585965025894e-05,0.00020355921971723138,handcrafted
C7_W,6.63572758244962e-05,1.1702643874652847e-05,6.63572758244962e-05,handcrafted
C7_Y,0.00011594520795632946,1.6058734409830277e-05,0.00011594520795632946,handcrafted
C8_A,0.00017931377338869793,1.8951466906926125e-05,0.00017931377338869793,handcrafted
C8_C,8.51466777770661e-05,8.595076596068072e-06,8.51466777770661e-05,handcrafted
C8_D,0.0001731136128488964,1.5164517263520591e-05,0.0001731136128488964,handcrafted
C8_E,0.0002160627856306609,1.789592980269839e-05,0.0002160627856306609,handcrafted
C8_F,0.00012871530161792142,1.1943093341258092e-05,0.00012871530161792142,handcrafted
C8_G,0.00016850608038981749,1.4700737328955908e-05,0.00016850608038981749,handcrafted
C8_H,0.00011772364081773335,1.908972373854608e-05,0.00011772364081773335,handcrafted
C8_I,0.00016648933022671508,1.229367772033945e-05,0.00016648933022671508,handcrafted
C8_K,0.00020962553875236438,1.5746835763425854e-05,0.00020962553875236438,handcrafted
C8_L,0.00023839612956771857,1.8366611831120124e-05,0.00023839612956771857,handcrafted
C8_M,8.538770393292344e-05,3.998498616297151e-06,8.538770393292344e-05,handcrafted
C8_N,0.00013763403299399648,7.374060173763034e-06,0.00013763403299399648,handcrafted
C8_P,0.00017844093302248038,1.7133023168283474e-05,0.00017844093302248038,handcrafted
C8_Q,0.00019138137109033602,9.218963491577551e-06,0.00019138137109033602,handcrafted
C8_R,0.00017433290228538117,1.829674038433097e-05,0.00017433290228538117,handcrafted
C8_S,0.00024359539108635011,1.7071193271652964e-05,0.00024359539108635011,handcrafted
C8_T,0.0001709683365923482,9.262124538496524e-06,0.0001709683365923482,handcrafted
C8_V,0.00019083289204908964,8.728917262440694e-06,0.00019083289204908964,handcrafted
C8_W,7.478675753146453e-05,1.1426500078375057e-05,7.478675753146453e-05,handcrafted
C8_Y,0.00010905807027395754,5.610221533366416e-06,0.00010905807027395754,handcrafted
C9_A,0.0001811228939337941,1.0330629837320576e-05,0.0001811228939337941,handcrafted
C9_C,5.9376565569172294e-05,7.938180154136234e-06,5.9376565569172294e-05,handcrafted
C9_D,0.00017254121935211003,1.547095964737995e-05,0.00017254121935211003,handcrafted
C9_E,0.0002462325518612231,1.555862908552728e-05,0.0002462325518612231,handcrafted
C9_F,0.00013100930185720535,6.95227676813495e-06,0.00013100930185720535,handcrafted
C9_G,0.00016509375160443657,1.141758375110063e-05,0.00016509375160443657,handcrafted
C9_H,9.55078913414359e-05,9.217303381318213e-06,9.55078913414359e-05,handcrafted
C9_I,0.00014248486228221187,8.072359125350118e-06,0.00014248486228221187,handcrafted
C9_K,0.00020814511766614678,1.9702459277735914e-05,0.00020814511766614678,handcrafted
C9_L,0.0002633592773601479,1.0178926539136547e-05,0.0002633592773601479,handcrafted
C9_M,0.0001584121105726414,3.311035835457645e-05,0.0001584121105726414,handcrafted
C9_N,0.0001701885416756658,1.5564579669715815e-05,0.0001701885416756658,handcrafted
C9_P,0.00019006756082643562,1.4890554481954197e-05,0.00019006756082643562,handcrafted
C9_Q,0.00014725390861874504,5.540834461335968e-06,0.00014725390861874504,handcrafted
C9_R,0.0001581322276198478,9.951348777851779e-06,0.0001581322276198478,handcrafted
C9_S,0.00021149623048017695,1.2020824072363872e-05,0.00021149623048017695,handcrafted
C9_T,0.0001691068889087983,1.0919639874176663e-05,0.0001691068889087983,handcrafted
C9_V,0.00018983352413144165,1.1002590933907919e-05,0.00018983352413144165,handcrafted
C9_W,7.006533424005679e-05,6.206318952126047e-06,7.006533424005679e-05,handcrafted
C9_Y,0.00011656829254184418,1.5472409263839242e-05,0.00011656829254184418,handcrafted
C10_A,0.0002126079860270532,1.669070326976988e-05,0.0002126079860270532,handcrafted
C10_C,8.356250524837073e-05,1.2982515925498216e-05,8.356250524837073e-05,handcrafted
C10_D,0.00019994217623226987,3.411409783376198e-05,0.00019994217623226987,handcrafted
C10_E,0.00018413802886115623,1.104891846973506e-05,0.00018413802886115623,handcrafted
C10_F,0.00013748839184994437,1.0940189041951637e-05,0.00013748839184994437,handcrafted
C10_G,0.00016050993094874307,1.0848710465297342e-05,0.00016050993094874307,handcrafted
C10_H,0.00010233717578589782,5.904319417357525e-06,0.00010233717578589782,handcrafted
C10_I,0.00016269184839715317,1.7526874670134845e-05,0.00016269184839715317,handcrafted
C10_K,0.0002365810757766137,1.1227599957627474e-05,0.0002365810757766137,handcrafted
C10_L,0.00026316653485515567,3.160144063730507e-05,0.00026316653485515567,handcrafted
C10_M,0.00011831885924576279,1.0264628540912951e-05,0.00011831885924576279,handcrafted
C10_N,0.00012931288979628328,5.425717762995548e-06,0.00012931288979628328,handcrafted
C10_P,0.00014880127106496204,6.180711084276103e-06,0.00014880127106496204,handcrafted
C10_Q,0.00019411474514230062,1.5401052339265077e-05,0.00019411474514230062,handcrafted
C10_R,0.00016069552117153112,9.600540037597831e-06,0.00016069552117153112,handcrafted
C10_S,0.0002207775703945316,1.1083772794616174e-05,0.0002207775703945316,handcrafted
C10_T,0.00017314224298143694,5.942675670924165e-06,0.00017314224298143694,handcrafted
C10_V,0.000183701546790508,1.6469135629544082e-05,0.000183701546790508,handcrafted
C10_W,6.54135442130913e-05,8.45937231372005e-06,6.54135442130913e-05,handcrafted
C10_Y,9.646489378168834e-05,7.697948585091772e-06,9.646489378168834e-05,handcrafted
esmif_PC001,0.0008213929518162069,6.411616853587693e-05,0.0008213929518162069,embedding_pca
esmif_PC002,0.0008593344203792661,5.9807872869983844e-05,0.0008593344203792661,embedding_pca
esmif_PC003,0.0025700316595451958,0.0002281658063939244,0.0025700316595451958,embedding_pca
esmif_PC004,0.0007459685291683394,5.33558995628774e-05,0.0007459685291683394,embedding_pca
esmif_PC005,0.0007177479435153004,5.118725868399724e-05,0.0007177479435153004,embedding_pca
esmif_PC006,0.0007796719494109486,4.35367503454203e-05,0.0007796719494109486,embedding_pca
esmif_PC007,0.0006669570077557774,3.9522177866003866e-05,0.0006669570077557774,embedding_pca
esmif_PC008,0.0006157227070077554,9.86156975467285e-06,0.0006157227070077554,embedding_pca
esmif_PC009,0.0006551580286129055,2.151710734472731e-05,0.0006551580286129055,embedding_pca
esmif_PC010,0.0006878874641085527,3.433294899050048e-05,0.0006878874641085527,embedding_pca
esmif_PC011,0.0006434550067594464,1.4184760223512155e-05,0.0006434550067594464,embedding_pca
esmif_PC012,0.0005993286969907297,1.74499814811925e-05,0.0005993286969907297,embedding_pca
esmif_PC013,0.0006279742708601786,3.315512807428079e-05,0.0006279742708601786,embedding_pca
esmif_PC014,0.0006498224805974725,2.092717554926569e-05,0.0006498224805974725,embedding_pca
esmif_PC015,0.0006324079487098386,4.5919260491590014e-05,0.0006324079487098386,embedding_pca
esmif_PC016,0.0006404334259684724,2.3003175905312085e-05,0.0006404334259684724,embedding_pca
esmif_PC017,0.000571573224908765,1.4898368905784879e-05,0.000571573224908765,embedding_pca
esmif_PC018,0.0008649395040004768,7.134857581285034e-05,0.0008649395040004768,embedding_pca
esmif_PC019,0.0008185635854690102,0.0002091106104016525,0.0008185635854690102,embedding_pca
esmif_PC020,0.0006097427608077266,1.868645786069508e-05,0.0006097427608077266,embedding_pca
esmif_PC021,0.0007744562425004798,0.00010278262860171909,0.0007744562425004798,embedding_pca
esmif_PC022,0.0005902324097955226,2.1388248641461562e-05,0.0005902324097955226,embedding_pca
esmif_PC023,0.0006927685728328764,5.1344345649191955e-05,0.0006927685728328764,embedding_pca
esmif_PC024,0.0006117301312907398,3.3528799902666356e-05,0.0006117301312907398,embedding_pca
esmif_PC025,0.0005727711109995838,1.546437511190504e-05,0.0005727711109995838,embedding_pca
esmif_PC026,0.0006566459166914599,3.1420607170552796e-05,0.0006566459166914599,embedding_pca
esmif_PC027,0.0006915364019713651,4.111819887520394e-05,0.0006915364019713651,embedding_pca
esmif_PC028,0.0005973304222703837,1.741506153867116e-05,0.0005973304222703837,embedding_pca
esmif_PC029,0.0009251719473798577,8.570989880513685e-05,0.0009251719473798577,embedding_pca
esmif_PC030,0.0005650855575526896,1.1660190981403457e-05,0.0005650855575526896,embedding_pca
esmif_PC031,0.0005813303336935592,2.2110013136516753e-05,0.0005813303336935592,embedding_pca
esmif_PC032,0.0008623169693139469,8.561587183669137e-05,0.0008623169693139469,embedding_pca
esmif_PC033,0.000634185694457802,6.166562009001249e-05,0.000634185694457802,embedding_pca
esmif_PC034,0.000597181918420615,3.347395100484211e-05,0.000597181918420615,embedding_pca
esmif_PC035,0.0006146135282979594,6.797863858653122e-05,0.0006146135282979594,embedding_pca
esmif_PC036,0.0006730313342070845,6.73185479658662e-05,0.0006730313342070845,embedding_pca
esmif_PC037,0.0006317488321106019,5.5295151623848065e-05,0.0006317488321106019,embedding_pca
esmif_PC038,0.0006594163503782467,6.676187464077912e-05,0.0006594163503782467,embedding_pca
esmif_PC039,0.0006160473287019375,4.468863698595071e-05,0.0006160473287019375,embedding_pca
esmif_PC040,0.0007833572789088958,7.322297666719478e-05,0.0007833572789088958,embedding_pca
esmif_PC041,0.0005665170205235484,1.7709872101930676e-05,0.0005665170205235484,embedding_pca
esmif_PC042,0.0006268795762180812,5.348350547906977e-05,0.0006268795762180812,embedding_pca
esmif_PC043,0.0006047059223614582,2.9625616107505696e-05,0.0006047059223614582,embedding_pca
esmif_PC044,0.0007804551781143369,0.00011863131798681133,0.0007804551781143369,embedding_pca
esmif_PC045,0.0005791100226237129,2.2870764277436947e-05,0.0005791100226237129,embedding_pca
esmif_PC046,0.0005656597176493768,1.3694263437624643e-05,0.0005656597176493768,embedding_pca
esmif_PC047,0.0005770524582574871,3.7663039045399524e-05,0.0005770524582574871,embedding_pca
esmif_PC048,0.0007906253958621899,0.00012040041914755863,0.0007906253958621899,embedding_pca
esmif_PC049,0.0007498005273662337,0.00011224408523556171,0.0007498005273662337,embedding_pca
esmif_PC050,0.0006074740311414674,3.786219535529599e-05,0.0006074740311414674,embedding_pca
esmif_PC051,0.0005730462063856736,1.9911061742508184e-05,0.0005730462063856736,embedding_pca
esmif_PC052,0.0005611738381862784,1.449594318551967e-05,0.0005611738381862784,embedding_pca
esmif_PC053,0.0006880994828310196,3.1584197282709925e-05,0.0006880994828310196,embedding_pca
esmif_PC054,0.0006158799603454945,3.0637150915801365e-05,0.0006158799603454945,embedding_pca
esmif_PC055,0.0006506214435816138,2.3511428244465618e-05,0.0006506214435816138,embedding_pca
esmif_PC056,0.0006034315426515768,5.4768356906132905e-05,0.0006034315426515768,embedding_pca
esmif_PC057,0.00058317068411898,1.3165571378858229e-05,0.00058317068411898,embedding_pca
esmif_PC058,0.0005899423964647134,2.2120915787275347e-05,0.0005899423964647134,embedding_pca
esmif_PC059,0.000582253882811308,1.9829467281492694e-05,0.000582253882811308,embedding_pca
esmif_PC060,0.0005711919993349659,1.8754741817174515e-05,0.0005711919993349659,embedding_pca
esmif_PC061,0.000610919896198391,5.545375903715357e-05,0.000610919896198391,embedding_pca
esmif_PC062,0.0005553998368737753,1.7355337015817606e-05,0.0005553998368737753,embedding_pca
esmif_PC063,0.0005658566345922325,1.7386873625678597e-05,0.0005658566345922325,embedding_pca
esmif_PC064,0.0005909558507782813,2.682428292617363e-05,0.0005909558507782813,embedding_pca
esmif_PC065,0.0005782345730329562,5.030576853179429e-06,0.0005782345730329562,embedding_pca
esmif_PC066,0.0005596247770035855,1.2818934956935796e-05,0.0005596247770035855,embedding_pca
esmif_PC067,0.0006190413927773495,9.010880215633644e-05,0.0006190413927773495,embedding_pca
esmif_PC068,0.0006319692334382816,5.801250838861703e-05,0.0006319692334382816,embedding_pca
esmif_PC069,0.0006748408029352432,6.89301323438981e-05,0.0006748408029352432,embedding_pca
esmif_PC070,0.0006099594436739628,2.8830259552974955e-05,0.0006099594436739628,embedding_pca
esmif_PC071,0.0005954502891986166,3.19913875784199e-05,0.0005954502891986166,embedding_pca
esmif_PC072,0.0005857467088681027,2.824698240159426e-05,0.0005857467088681027,embedding_pca
esmif_PC073,0.000643128146507459,6.462584603511992e-05,0.000643128146507459,embedding_pca
esmif_PC074,0.0006418310577219894,8.953721909025656e-05,0.0006418310577219894,embedding_pca
esmif_PC075,0.0005980727087434148,1.987938562983905e-05,0.0005980727087434148,embedding_pca
esmif_PC076,0.0005944246653120805,2.4120743360943153e-05,0.0005944246653120805,embedding_pca
esmif_PC077,0.0005735882187241214,3.1175736003602105e-05,0.0005735882187241214,embedding_pca
esmif_PC078,0.0006035144895995515,3.079658462933349e-05,0.0006035144895995515,embedding_pca
esmif_PC079,0.0006840784047204565,6.204732647371109e-05,0.0006840784047204565,embedding_pca
esmif_PC080,0.0006302636189926027,5.090202902122578e-05,0.0006302636189926027,embedding_pca
esmif_PC081,0.000590339124862133,4.0282851832578275e-05,0.000590339124862133,embedding_pca
esmif_PC082,0.0006512208072520604,7.970386320827548e-05,0.0006512208072520604,embedding_pca
esmif_PC083,0.0005873957640990441,2.7983827151679123e-05,0.0005873957640990441,embedding_pca
esmif_PC084,0.0005888218755577075,3.827684549934755e-05,0.0005888218755577075,embedding_pca
esmif_PC085,0.0005514163610184762,1.3088834049024683e-05,0.0005514163610184762,embedding_pca
esmif_PC086,0.0005651271934102384,1.1655916709251197e-05,0.0005651271934102384,embedding_pca
esmif_PC087,0.0005879025644228703,3.006996313900833e-05,0.0005879025644228703,embedding_pca
esmif_PC088,0.0005920447872280874,2.1741872944142472e-05,0.0005920447872280874,embedding_pca
esmif_PC089,0.000617084974962878,3.356017436900353e-05,0.000617084974962878,embedding_pca
esmif_PC090,0.0005811001425119706,2.087205287460724e-05,0.0005811001425119706,embedding_pca
esmif_PC091,0.0005637090996914754,1.5435706356549664e-05,0.0005637090996914754,embedding_pca
esmif_PC092,0.000547100385333674,1.83562248992718e-05,0.000547100385333674,embedding_pca
esmif_PC093,0.0006053863259528787,5.961283122890085e-05,0.0006053863259528787,embedding_pca
esmif_PC094,0.0006860101339607311,7.893721372721341e-05,0.0006860101339607311,embedding_pca
esmif_PC095,0.0005937482719497933,3.6085908252602926e-05,0.0005937482719497933,embedding_pca
esmif_PC096,0.0005635125561966097,8.273536340846258e-06,0.0005635125561966097,embedding_pca
esmif_PC097,0.0005877505577297438,2.0454348146979488e-05,0.0005877505577297438,embedding_pca
esmif_PC098,0.0005575540612243054,1.0943720171054146e-05,0.0005575540612243054,embedding_pca
esmif_PC099,0.0005484843085870521,1.4545431942102957e-05,0.0005484843085870521,embedding_pca
esmif_PC100,0.0005513818653089541,1.9401703381465285e-05,0.0005513818653089541,embedding_pca
esmif_PC101,0.000566032364423188,2.5440172066595598e-05,0.000566032364423188,embedding_pca
esmif_PC102,0.0005756117332639114,2.2966207694306408e-05,0.0005756117332639114,embedding_pca
esmif_PC103,0.0006017355086785868,4.28669667245409e-05,0.0006017355086785868,embedding_pca
esmif_PC104,0.0005888704863123695,3.669689247018067e-05,0.0005888704863123695,embedding_pca
esmif_PC105,0.0005527596703709289,1.4953208568453165e-05,0.0005527596703709289,embedding_pca
esmif_PC106,0.0005808892029563695,1.5818030901160567e-05,0.0005808892029563695,embedding_pca
esmif_PC107,0.0005611800911682202,2.7325528484155882e-05,0.0005611800911682202,embedding_pca
esmif_PC108,0.000557436586515737,1.7863929909681553e-05,0.000557436586515737,embedding_pca
esmif_PC109,0.000587782161248979,1.1314344103139936e-05,0.000587782161248979,embedding_pca
esmif_PC110,0.0005717712710108197,3.2471312824470024e-05,0.0005717712710108197,embedding_pca
esmif_PC111,0.0005649481299605913,2.3853040440141243e-05,0.0005649481299605913,embedding_pca
esmif_PC112,0.0005745824824960661,3.302270248959763e-05,0.0005745824824960661,embedding_pca
esmif_PC113,0.0005799138293400203,2.1634168432442516e-05,0.0005799138293400203,embedding_pca
esmif_PC114,0.0006002754354852249,3.830826030468901e-05,0.0006002754354852249,embedding_pca
esmif_PC115,0.0005630913252831591,1.884413625116177e-05,0.0005630913252831591,embedding_pca
esmif_PC116,0.0006130231647933076,6.569572331639028e-05,0.0006130231647933076,embedding_pca
esmif_PC117,0.0005867154070159685,4.115613418769842e-05,0.0005867154070159685,embedding_pca
esmif_PC118,0.0005489667717842211,4.4834635840086825e-06,0.0005489667717842211,embedding_pca
esmif_PC119,0.0005721655890915261,2.7715105575612778e-05,0.0005721655890915261,embedding_pca
esmif_PC120,0.0005655190240031673,2.861252602681592e-05,0.0005655190240031673,embedding_pca
esmif_PC121,0.0006006296447834393,4.8478151902802917e-05,0.0006006296447834393,embedding_pca
esmif_PC122,0.0005670913202008226,1.2972809949267825e-05,0.0005670913202008226,embedding_pca
esmif_PC123,0.0006160744500558041,7.523440298768046e-05,0.0006160744500558041,embedding_pca
esmif_PC124,0.0005594379605168709,1.9637132958118645e-05,0.0005594379605168709,embedding_pca
esmif_PC125,0.0005639866681248026,1.7908916465877233e-05,0.0005639866681248026,embedding_pca
esmif_PC126,0.0006696993571420156,7.38105373500138e-05,0.0006696993571420156,embedding_pca
esmif_PC127,0.0005820599333764965,1.127642216601102e-05,0.0005820599333764965,embedding_pca
esmif_PC128,0.0005719412562038852,1.72266208438759e-05,0.0005719412562038852,embedding_pca
esmif_PC129,0.0005667482197983288,1.5321029675041105e-05,0.0005667482197983288,embedding_pca
esmif_PC130,0.0005612472758699942,1.5026742784242842e-05,0.0005612472758699942,embedding_pca
esmif_PC131,0.0005630007491555265,1.6221689153204005e-05,0.0005630007491555265,embedding_pca
esmif_PC132,0.0005949013450643415,1.844841994088837e-05,0.0005949013450643415,embedding_pca
esmif_PC133,0.0005621361338381845,1.1842166957717028e-05,0.0005621361338381845,embedding_pca
esmif_PC134,0.0005809417827376636,1.1168661011080096e-05,0.0005809417827376636,embedding_pca
esmif_PC135,0.0005653080375278696,8.296677554118625e-06,0.0005653080375278696,embedding_pca
esmif_PC136,0.0005645224027612785,2.4159524195079874e-05,0.0005645224027612785,embedding_pca
esmif_PC137,0.0005468896727622897,1.3327643208751858e-05,0.0005468896727622897,embedding_pca
esmif_PC138,0.0005844129558039623,2.084871822138906e-05,0.0005844129558039623,embedding_pca
esmif_PC139,0.0005965228435923268,6.467977342894869e-05,0.0005965228435923268,embedding_pca
esmif_PC140,0.0006111953234082073,6.810331541325173e-05,0.0006111953234082073,embedding_pca
esmif_PC141,0.0005608771549024574,2.1634274334642127e-05,0.0005608771549024574,embedding_pca
esmif_PC142,0.0005572584225568508,8.361908103376147e-06,0.0005572584225568508,embedding_pca
esmif_PC143,0.0005645726766210973,1.5436686525486612e-05,0.0005645726766210973,embedding_pca
esmif_PC144,0.0005665845680385056,1.4023736993065116e-05,0.0005665845680385056,embedding_pca
esmif_PC145,0.0005561898620406778,1.3931502969563428e-05,0.0005561898620406778,embedding_pca
esmif_PC146,0.000575528217134803,1.4129771639407029e-05,0.000575528217134803,embedding_pca
esmif_PC147,0.0005725559034431618,1.457932893784622e-05,0.0005725559034431618,embedding_pca
esmif_PC148,0.0005555436208168898,1.2411916778389708e-05,0.0005555436208168898,embedding_pca
esmif_PC149,0.0005704319012856156,1.3205881244181108e-05,0.0005704319012856156,embedding_pca
esmif_PC150,0.0006299727014413678,6.647910362814774e-05,0.0006299727014413678,embedding_pca
esmif_PC151,0.0005628443928414519,1.4691259163956121e-05,0.0005628443928414519,embedding_pca
esmif_PC152,0.0005736739527968092,1.7030140510452182e-05,0.0005736739527968092,embedding_pca
esmif_PC153,0.0005470348512185963,1.9440182206240913e-05,0.0005470348512185963,embedding_pca
esmif_PC154,0.0005628829831237091,2.498504726433029e-05,0.0005628829831237091,embedding_pca
esmif_PC155,0.0005894951545160952,2.7878749577701087e-05,0.0005894951545160952,embedding_pca
esmif_PC156,0.0005684631003386679,8.264095700509352e-06,0.0005684631003386679,embedding_pca
esmif_PC157,0.000582092870885661,2.711433284485726e-05,0.000582092870885661,embedding_pca
esmif_PC158,0.0005873930381003053,6.903640287049172e-05,0.0005873930381003053,embedding_pca
esmif_PC159,0.0005625398886014999,9.854989626567484e-06,0.0005625398886014999,embedding_pca
esmif_PC160,0.0005483686450285011,1.3798279273150159e-05,0.0005483686450285011,embedding_pca
esmif_PC161,0.0005497257338082852,1.8630335586563217e-05,0.0005497257338082852,embedding_pca
esmif_PC162,0.0005792387072602903,2.7361196052736157e-05,0.0005792387072602903,embedding_pca
esmif_PC163,0.0006158302585046588,6.87019280401631e-05,0.0006158302585046588,embedding_pca
esmif_PC164,0.0005552067616529067,8.769392616975473e-06,0.0005552067616529067,embedding_pca
esmif_PC165,0.000618757542030394,6.75559022131182e-05,0.000618757542030394,embedding_pca
esmif_PC166,0.000586351364366251,2.1864555582147165e-05,0.000586351364366251,embedding_pca
esmif_PC167,0.0005612426077934857,2.169783438701376e-05,0.0005612426077934857,embedding_pca
esmif_PC168,0.0005671368933830823,2.6457753990571612e-05,0.0005671368933830823,embedding_pca
esmif_PC169,0.00059221684087244,3.830566711928829e-05,0.00059221684087244,embedding_pca
esmif_PC170,0.0006084874504504634,4.794453240504008e-05,0.0006084874504504634,embedding_pca
esmif_PC171,0.0005640533763163447,1.4919008799177106e-05,0.0005640533763163447,embedding_pca
esmif_PC172,0.0005508541055870092,1.2174469056571776e-05,0.0005508541055870092,embedding_pca
esmif_PC173,0.0005758173689548466,4.908267678553172e-05,0.0005758173689548466,embedding_pca
esmif_PC174,0.0005627495856454437,1.9358348688168037e-05,0.0005627495856454437,embedding_pca
esmif_PC175,0.0005655370831287622,1.2446418541426446e-05,0.0005655370831287622,embedding_pca
esmif_PC176,0.0005600048364558899,2.4206772579537513e-05,0.0005600048364558899,embedding_pca
esmif_PC177,0.0005746119751425883,3.867967618030907e-05,0.0005746119751425883,embedding_pca
esmif_PC178,0.0005668796300037449,1.4722805900041675e-05,0.0005668796300037449,embedding_pca
esmif_PC179,0.0005844375450186338,2.9933929168554086e-05,0.0005844375450186338,embedding_pca
esmif_PC180,0.0005663902934738205,1.981291017204438e-05,0.0005663902934738205,embedding_pca
esmif_PC181,0.0005489421469784124,1.2961648031928471e-05,0.0005489421469784124,embedding_pca
esmif_PC182,0.0005525930593861547,2.8821430520640436e-05,0.0005525930593861547,embedding_pca
esmif_PC183,0.0005487579242171489,1.1677295835493647e-05,0.0005487579242171489,embedding_pca
esmif_PC184,0.0005486436179926597,2.9413797687435533e-05,0.0005486436179926597,embedding_pca
esmif_PC185,0.0005615271081569056,1.4065222162272894e-05,0.0005615271081569056,embedding_pca
esmif_PC186,0.0006050290995538172,7.999876989051747e-05,0.0006050290995538172,embedding_pca
esmif_PC187,0.000559599302975367,2.2378432696938933e-05,0.000559599302975367,embedding_pca
esmif_PC188,0.000547798719599294,1.8229258851852074e-05,0.000547798719599294,embedding_pca
esmif_PC189,0.0005602447725454272,2.752739402779629e-05,0.0005602447725454272,embedding_pca
esmif_PC190,0.0005469050052999363,4.1162651979852015e-06,0.0005469050052999363,embedding_pca
esmif_PC191,0.0005421395479244152,2.5853689919365244e-05,0.0005421395479244152,embedding_pca
esmif_PC192,0.0005512785892291448,9.498972178975766e-06,0.0005512785892291448,embedding_pca
esmif_PC193,0.0005666683186352495,4.23365062405464e-06,0.0005666683186352495,embedding_pca
esmif_PC194,0.0005648105607539587,2.6141967746890533e-05,0.0005648105607539587,embedding_pca
esmif_PC195,0.0005472083400322391,1.2519231313168103e-05,0.0005472083400322391,embedding_pca
esmif_PC196,0.0005534932071538375,1.901724418575629e-05,0.0005534932071538375,embedding_pca
esmif_PC197,0.0005505216483849556,1.6429563193804555e-05,0.0005505216483849556,embedding_pca
esmif_PC198,0.0005414897837581553,1.1316099686808046e-05,0.0005414897837581553,embedding_pca
esmif_PC199,0.000568556738982425,2.4845401381119378e-05,0.000568556738982425,embedding_pca
esmif_PC200,0.000554790796181604,2.732953846679607e-05,0.000554790796181604,embedding_pca
esmif_PC201,0.0005618444350466536,8.131446985616595e-06,0.0005618444350466536,embedding_pca
esmif_PC202,0.0005939387516121935,2.4835955615151906e-05,0.0005939387516121935,embedding_pca
esmif_PC203,0.0005435319036748369,1.2944706664410941e-05,0.0005435319036748369,embedding_pca
esmif_PC204,0.0005590772153393333,1.4404991668666772e-05,0.0005590772153393333,embedding_pca
esmif_PC205,0.000556076813741867,2.1654056665256366e-05,0.000556076813741867,embedding_pca
esmif_PC206,0.0005519081496871637,2.1463063439539894e-05,0.0005519081496871637,embedding_pca
esmif_PC207,0.0005712353124072459,2.1991332784254983e-05,0.0005712353124072459,embedding_pca
esmif_PC208,0.0005676120383912248,1.4548213244905214e-05,0.0005676120383912248,embedding_pca
esmif_PC209,0.0005551543894594325,1.2048450336657475e-05,0.0005551543894594325,embedding_pca
esmif_PC210,0.0005598943699326225,3.457602038739619e-05,0.0005598943699326225,embedding_pca
esmif_PC211,0.0005564083428230526,1.8176770459566206e-05,0.0005564083428230526,embedding_pca
esmif_PC212,0.0005615800736437561,4.955385293983567e-05,0.0005615800736437561,embedding_pca
esmif_PC213,0.0005759606022328501,2.343427494158122e-05,0.0005759606022328501,embedding_pca
esmif_PC214,0.0005443327893695116,1.420192232976163e-05,0.0005443327893695116,embedding_pca
esmif_PC215,0.0005711110629743434,2.0587162695895528e-05,0.0005711110629743434,embedding_pca
esmif_PC216,0.0005489660112998455,2.747409295074655e-05,0.0005489660112998455,embedding_pca
esmif_PC217,0.0005469134867750814,1.662440014770104e-05,0.0005469134867750814,embedding_pca
esmif_PC218,0.0005449228960833863,9.142427985271631e-06,0.0005449228960833863,embedding_pca
esmif_PC219,0.0005796656645999524,3.428904682415033e-05,0.0005796656645999524,embedding_pca
esmif_PC220,0.0005525226957239521,1.906985547597217e-05,0.0005525226957239521,embedding_pca
esmif_PC221,0.0005605157712786906,2.5421061114811497e-05,0.0005605157712786906,embedding_pca
esmif_PC222,0.0005967182448439877,8.312999328465229e-05,0.0005967182448439877,embedding_pca
esmif_PC223,0.000548811802623975,1.6555060874765826e-05,0.000548811802623975,embedding_pca
esmif_PC224,0.0005538389953558341,1.283749469817144e-05,0.0005538389953558341,embedding_pca
esmif_PC225,0.000570958334263665,1.1859156548576512e-05,0.000570958334263665,embedding_pca
esmif_PC226,0.0005412220493672133,1.1596937924063435e-05,0.0005412220493672133,embedding_pca
esmif_PC227,0.0005502635532819315,2.2931486375964438e-05,0.0005502635532819315,embedding_pca
esmif_PC228,0.0005749704046293665,1.6892269319430334e-05,0.0005749704046293665,embedding_pca
esmif_PC229,0.0005491823443519159,1.0910974712819933e-05,0.0005491823443519159,embedding_pca
esmif_PC230,0.000561409962268272,3.680001240727547e-05,0.000561409962268272,embedding_pca
esmif_PC231,0.0005570033460555846,7.518783328998974e-06,0.0005570033460555846,embedding_pca
esmif_PC232,0.0005583794405695318,2.442141715827081e-05,0.0005583794405695318,embedding_pca
esmif_PC233,0.0005431649730243823,1.2038360987916199e-05,0.0005431649730243823,embedding_pca
esmif_PC234,0.0005507755624661328,1.049791244891705e-05,0.0005507755624661328,embedding_pca
esmif_PC235,0.0005588313850005787,1.6684460829744808e-05,0.0005588313850005787,embedding_pca
esmif_PC236,0.0005401732440484498,7.098026587854602e-06,0.0005401732440484498,embedding_pca
esmif_PC237,0.0005625299053526493,2.612367287024265e-05,0.0005625299053526493,embedding_pca
esmif_PC238,0.0005682661309350367,4.505158151126448e-05,0.0005682661309350367,embedding_pca
esmif_PC239,0.0005593686021610919,1.6720346809699657e-05,0.0005593686021610919,embedding_pca
esmif_PC240,0.0005513964890882228,1.0178387408676274e-05,0.0005513964890882228,embedding_pca
esmif_PC241,0.0005571800832891228,1.2137996920849013e-05,0.0005571800832891228,embedding_pca
esmif_PC242,0.0005490963964733817,1.5900806742934324e-05,0.0005490963964733817,embedding_pca
esmif_PC243,0.0005489135340817897,1.4702768537427738e-05,0.0005489135340817897,embedding_pca
esmif_PC244,0.0005453576354262355,1.7970135517526538e-05,0.0005453576354262355,embedding_pca
esmif_PC245,0.0005402597677258193,1.9088855659508523e-05,0.0005402597677258193,embedding_pca
esmif_PC246,0.0005498224481187137,1.9638285025413062e-05,0.0005498224481187137,embedding_pca
esmif_PC247,0.0005482638418666064,1.0160621368888972e-05,0.0005482638418666064,embedding_pca
esmif_PC248,0.0005553842964769279,1.841477863026096e-05,0.0005553842964769279,embedding_pca
esmif_PC249,0.0005458428749219165,5.620245346225729e-06,0.0005458428749219165,embedding_pca
esmif_PC250,0.0005470524731881253,9.273178998497427e-06,0.0005470524731881253,embedding_pca
esmif_PC251,0.0005376456133912882,1.196946358135892e-05,0.0005376456133912882,embedding_pca
esmif_PC252,0.0005511049437162375,2.2382690887160463e-05,0.0005511049437162375,embedding_pca
esmif_PC253,0.0005459837069460487,2.1551323491013942e-05,0.0005459837069460487,embedding_pca
esmif_PC254,0.0005560754578201146,5.780589283843666e-06,0.0005560754578201146,embedding_pca
esmif_PC255,0.0005610628248848342,2.9010540118191622e-05,0.0005610628248848342,embedding_pca
esmif_PC256,0.0005559728641674939,1.5121603830850163e-05,0.0005559728641674939,embedding_pca
esmif_PC257,0.0005370166163865323,1.6901239646217712e-05,0.0005370166163865323,embedding_pca
esmif_PC258,0.0005490264322124172,1.4145553256970325e-05,0.0005490264322124172,embedding_pca
esmif_PC259,0.0005648005795566116,2.8445983411007242e-05,0.0005648005795566116,embedding_pca
esmif_PC260,0.000562452421910954,8.416170016310912e-06,0.000562452421910954,embedding_pca
esmif_PC261,0.0005432472972294412,1.521196792722624e-05,0.0005432472972294412,embedding_pca
esmif_PC262,0.0005780380266970523,3.656913078790065e-05,0.0005780380266970523,embedding_pca
esmif_PC263,0.0005900904269459356,5.270091654383211e-05,0.0005900904269459356,embedding_pca
esmif_PC264,0.0005639012631639053,1.906594759912115e-05,0.0005639012631639053,embedding_pca
esmif_PC265,0.000557383979779989,6.346934799723373e-06,0.000557383979779989,embedding_pca
esmif_PC266,0.0005460156484877011,2.1037459170558494e-05,0.0005460156484877011,embedding_pca
esmif_PC267,0.0005429649075420414,1.0209403886383534e-05,0.0005429649075420414,embedding_pca
esmif_PC268,0.0005649321563209438,1.687781244525101e-05,0.0005649321563209438,embedding_pca
esmif_PC269,0.0005544132500430778,1.1954855844096696e-05,0.0005544132500430778,embedding_pca
esmif_PC270,0.0005550747490577332,1.2024586856358733e-05,0.0005550747490577332,embedding_pca
esmif_PC271,0.0005609906090593524,3.0579957623846905e-05,0.0005609906090593524,embedding_pca
esmif_PC272,0.0005379568911883428,1.5468977778276445e-05,0.0005379568911883428,embedding_pca
esmif_PC273,0.0005460576346179235,9.557811772661039e-06,0.0005460576346179235,embedding_pca
esmif_PC274,0.0005520132159461341,1.6937873588172698e-05,0.0005520132159461341,embedding_pca
esmif_PC275,0.0005565511973556622,1.4964499562544465e-05,0.0005565511973556622,embedding_pca
esmif_PC276,0.0005629950523253033,1.6911378510344962e-05,0.0005629950523253033,embedding_pca
esmif_PC277,0.0005682600785758358,1.7753373359616347e-05,0.0005682600785758358,embedding_pca
esmif_PC278,0.0005493685151721241,1.7495775467377416e-05,0.0005493685151721241,embedding_pca
esmif_PC279,0.0005532136500112719,1.370164568263457e-05,0.0005532136500112719,embedding_pca
esmif_PC280,0.0005571127511429117,1.6206924267088856e-05,0.0005571127511429117,embedding_pca
esmif_PC281,0.0005804449996312039,4.129620714569074e-05,0.0005804449996312039,embedding_pca
esmif_PC282,0.0005561735263726619,3.275674218309946e-05,0.0005561735263726619,embedding_pca
esmif_PC283,0.0005715343939433593,2.3078213147950318e-05,0.0005715343939433593,embedding_pca
esmif_PC284,0.0005647383744982792,3.603830659344565e-05,0.0005647383744982792,embedding_pca
esmif_PC285,0.0005568695870391129,1.905641653367119e-05,0.0005568695870391129,embedding_pca
esmif_PC286,0.0005565296314144402,6.502835067524043e-06,0.0005565296314144402,embedding_pca
esmif_PC287,0.0005556410078063536,1.7390346561948496e-05,0.0005556410078063536,embedding_pca
esmif_PC288,0.0005525869231984835,2.081989874598056e-05,0.0005525869231984835,embedding_pca
esmif_PC289,0.0005479698603495818,1.5904932392957817e-05,0.0005479698603495818,embedding_pca
esmif_PC290,0.000554602649641551,1.4580753394025105e-05,0.000554602649641551,embedding_pca
esmif_PC291,0.000549484831506449,1.696249222569252e-05,0.000549484831506449,embedding_pca
esmif_PC292,0.0005468224417712087,1.6432704246352845e-05,0.0005468224417712087,embedding_pca
esmif_PC293,0.0005610484929606802,1.7626535641437492e-05,0.0005610484929606802,embedding_pca
esmif_PC294,0.0005450633473712201,1.8766381410910003e-05,0.0005450633473712201,embedding_pca
esmif_PC295,0.0005667449641236169,2.748687352130236e-05,0.0005667449641236169,embedding_pca
esmif_PC296,0.0005774663143230058,2.4284996584120508e-05,0.0005774663143230058,embedding_pca
esmif_PC297,0.0005564470165535259,2.0627757418808893e-05,0.0005564470165535259,embedding_pca
esmif_PC298,0.0005600644763852708,1.5009422836609291e-05,0.0005600644763852708,embedding_pca
esmif_PC299,0.0005895267987569183,5.2546845799027924e-05,0.0005895267987569183,embedding_pca
esmif_PC300,0.0005570482248364005,2.1234459333970867e-05,0.0005570482248364005,embedding_pca
esmif_PC301,0.0005621186198722617,1.2553077265608077e-05,0.0005621186198722617,embedding_pca
esmif_PC302,0.0005628606627786057,3.6322379104211154e-05,0.0005628606627786057,embedding_pca
esmif_PC303,0.0005520968346951016,1.845248437365216e-05,0.0005520968346951016,embedding_pca
esmif_PC304,0.000553652435163876,2.182273529012973e-05,0.000553652435163876,embedding_pca
esmif_PC305,0.0005398139124957619,2.523524809914625e-05,0.0005398139124957619,embedding_pca
esmif_PC306,0.0005389229166115107,1.4649761122967186e-05,0.0005389229166115107,embedding_pca
esmif_PC307,0.0005679550443792273,1.987594433931232e-05,0.0005679550443792273,embedding_pca
esmif_PC308,0.000548785825397553,1.3183318970216499e-05,0.000548785825397553,embedding_pca
esmif_PC309,0.0005608794444283161,1.9775185090569414e-05,0.0005608794444283161,embedding_pca
esmif_PC310,0.0005572744622698144,3.0248339276828222e-05,0.0005572744622698144,embedding_pca
esmif_PC311,0.0005537523129837556,2.796457722894698e-05,0.0005537523129837556,embedding_pca
esmif_PC312,0.0005598154347804947,3.4635459841221195e-05,0.0005598154347804947,embedding_pca
esmif_PC313,0.000558760847102131,2.563811692264637e-05,0.000558760847102131,embedding_pca
esmif_PC314,0.0005521297767996503,1.1413458431692317e-05,0.0005521297767996503,embedding_pca
esmif_PC315,0.0005578958682847436,2.273528714715674e-05,0.0005578958682847436,embedding_pca
esmif_PC316,0.000542141404080442,1.5968189806175738e-05,0.000542141404080442,embedding_pca
esmif_PC317,0.0005487980607879978,1.701305698437839e-05,0.0005487980607879978,embedding_pca
esmif_PC318,0.0005529310768128039,3.302688568583255e-06,0.0005529310768128039,embedding_pca
esmif_PC319,0.0005451198568090854,1.7737654550195335e-05,0.0005451198568090854,embedding_pca
esmif_PC320,0.0005832747985072485,5.6946440407321715e-05,0.0005832747985072485,embedding_pca
esmif_PC321,0.0005389250631740122,8.494421388300183e-06,0.0005389250631740122,embedding_pca
esmif_PC322,0.0005549900417028851,2.5117563839793804e-05,0.0005549900417028851,embedding_pca
esmif_PC323,0.00056103173426627,2.5585491043258758e-05,0.00056103173426627,embedding_pca
esmif_PC324,0.0005460198947808583,8.603514333688487e-06,0.0005460198947808583,embedding_pca
esmif_PC325,0.0005648146942124707,1.6948005658057845e-05,0.0005648146942124707,embedding_pca
esmif_PC326,0.0005609440434824022,2.4369658547846795e-05,0.0005609440434824022,embedding_pca
esmif_PC327,0.0005509962785495033,1.2625427659037207e-05,0.0005509962785495033,embedding_pca
esmif_PC328,0.0005641262835113334,9.718803854671796e-06,0.0005641262835113334,embedding_pca
esmif_PC329,0.0005529203295587254,7.612920183837879e-06,0.0005529203295587254,embedding_pca
esmif_PC330,0.0005455528142469222,1.1761845242664119e-05,0.0005455528142469222,embedding_pca
esmif_PC331,0.0005425491522877337,1.580215748685537e-05,0.0005425491522877337,embedding_pca
esmif_PC332,0.0005486727874959255,1.0980160542164859e-05,0.0005486727874959255,embedding_pca
esmif_PC333,0.0005616153509124809,1.3475516986438796e-05,0.0005616153509124809,embedding_pca
esmif_PC334,0.0005588492224078906,1.0505198895867485e-05,0.0005588492224078906,embedding_pca
esmif_PC335,0.0005547537555946098,6.1434522323777115e-06,0.0005547537555946098,embedding_pca
esmif_PC336,0.0005685641408572515,3.4351331492811876e-05,0.0005685641408572515,embedding_pca
esmif_PC337,0.0005622026551950362,2.4440376888419656e-05,0.0005622026551950362,embedding_pca
esmif_PC338,0.0005736773946520282,2.4084785311847268e-05,0.0005736773946520282,embedding_pca
esmif_PC339,0.0005387910918659776,1.6607307940125482e-05,0.0005387910918659776,embedding_pca
esmif_PC340,0.0005474694129373872,1.2069066880565274e-05,0.0005474694129373872,embedding_pca
esmif_PC341,0.0005557430346409063,1.556243277980099e-05,0.0005557430346409063,embedding_pca
esmif_PC342,0.000533417470203358,4.817001501180662e-06,0.000533417470203358,embedding_pca
esmif_PC343,0.0005625391806829895,1.4102666556186785e-05,0.0005625391806829895,embedding_pca
esmif_PC344,0.0005423740883011066,9.35750712331469e-06,0.0005423740883011066,embedding_pca
esmif_PC345,0.0005659522460287957,2.1772064828674466e-05,0.0005659522460287957,embedding_pca
esmif_PC346,0.0005575817108768407,1.04258302261934e-05,0.0005575817108768407,embedding_pca
esmif_PC347,0.0005445716602510439,2.1027761216665253e-05,0.0005445716602510439,embedding_pca
esmif_PC348,0.0005533328576909183,9.427145431472064e-06,0.0005533328576909183,embedding_pca
esmif_PC349,0.0005610235936943693,3.387716793040243e-05,0.0005610235936943693,embedding_pca
esmif_PC350,0.0005556966978041035,2.059989945510287e-05,0.0005556966978041035,embedding_pca
esmif_PC351,0.000549026631521297,1.4584641576250432e-05,0.000549026631521297,embedding_pca
esmif_PC352,0.0005467930725917717,1.1939220291116083e-05,0.0005467930725917717,embedding_pca
esmif_PC353,0.0005455286451410635,9.399417370415656e-06,0.0005455286451410635,embedding_pca
esmif_PC354,0.0005477504525023439,1.7829519308166542e-05,0.0005477504525023439,embedding_pca
esmif_PC355,0.0006025621882813712,7.17292877273433e-05,0.0006025621882813712,embedding_pca
esmif_PC356,0.0005562003325632095,1.489474489342202e-05,0.0005562003325632095,embedding_pca
esmif_PC357,0.0005520205964825457,1.5228507224109032e-05,0.0005520205964825457,embedding_pca
esmif_PC358,0.0005502966934182565,2.0675299973254086e-05,0.0005502966934182565,embedding_pca
esmif_PC359,0.0005542668950689222,1.0406587423742132e-05,0.0005542668950689222,embedding_pca
esmif_PC360,0.0005488028705041843,1.3413537769848462e-05,0.0005488028705041843,embedding_pca
esmif_PC361,0.0005539928993477924,1.7228066848921647e-05,0.0005539928993477924,embedding_pca
esmif_PC362,0.0005439261536240258,1.3376052114373743e-05,0.0005439261536240258,embedding_pca
esmif_PC363,0.0005488284082416433,1.5907193932993327e-05,0.0005488284082416433,embedding_pca
esmif_PC364,0.0005929935121245584,6.3671182808677e-05,0.0005929935121245584,embedding_pca
esmif_PC365,0.0005843518482313733,3.682857660880507e-05,0.0005843518482313733,embedding_pca
esmif_PC366,0.000552180473981793,1.7296093430180264e-05,0.000552180473981793,embedding_pca
esmif_PC367,0.0005720039337446201,1.7177027758324758e-05,0.0005720039337446201,embedding_pca
esmif_PC368,0.0005506035136064529,1.5970011744271447e-05,0.0005506035136064529,embedding_pca
esmif_PC369,0.0005622427786187261,1.7717949390709027e-05,0.0005622427786187261,embedding_pca
esmif_PC370,0.0005484148422035149,1.3336215486815487e-05,0.0005484148422035149,embedding_pca
esmif_PC371,0.000536777505853154,1.3975464375293816e-05,0.000536777505853154,embedding_pca
esmif_PC372,0.0005495285147689814,2.624993244357882e-05,0.0005495285147689814,embedding_pca
esmif_PC373,0.000550727136479965,1.2722580553478222e-05,0.000550727136479965,embedding_pca
esmif_PC374,0.0005947446334339768,0.00010236706128560724,0.0005947446334339768,embedding_pca
esmif_PC375,0.0005579879363516964,4.193264158578572e-06,0.0005579879363516964,embedding_pca
esmif_PC376,0.0005823385998478063,4.643997802364809e-05,0.0005823385998478063,embedding_pca
esmif_PC377,0.0005413137839043465,1.620463759150622e-05,0.0005413137839043465,embedding_pca
esmif_PC378,0.0005772453322186704,5.070837273068322e-05,0.0005772453322186704,embedding_pca
esmif_PC379,0.0005457801084363224,1.6923137635096724e-05,0.0005457801084363224,embedding_pca
esmif_PC380,0.0005705783079588409,1.0789357890499117e-05,0.0005705783079588409,embedding_pca
esmif_PC381,0.0005977519077424716,9.539892448980498e-05,0.0005977519077424716,embedding_pca
esmif_PC382,0.0005444118665892489,1.1966116930179356e-05,0.0005444118665892489,embedding_pca
esmif_PC383,0.0005667874940351465,1.9181033348654806e-05,0.0005667874940351465,embedding_pca
esmif_PC384,0.0005423699140138158,1.8159204016187272e-05,0.0005423699140138158,embedding_pca
esmif_PC385,0.0005698303048202638,2.389964067059205e-05,0.0005698303048202638,embedding_pca
esmif_PC386,0.0005563726264425997,2.6848741768181906e-05,0.0005563726264425997,embedding_pca
esmif_PC387,0.0005592687595106673,8.07141020707568e-06,0.0005592687595106673,embedding_pca
esmif_PC388,0.0005450061101847489,1.9152999050369914e-05,0.0005450061101847489,embedding_pca
esmif_PC389,0.0005495070495896452,1.4997284272017778e-05,0.0005495070495896452,embedding_pca
esmif_PC390,0.000562516259429051,3.507879883350386e-05,0.000562516259429051,embedding_pca
esmif_PC391,0.0005613554661369248,1.2042127282594535e-05,0.0005613554661369248,embedding_pca
esmif_PC392,0.0005333008395728733,1.1448162269294396e-05,0.0005333008395728733,embedding_pca
esmif_PC393,0.0005553418496942557,1.816052344215937e-05,0.0005553418496942557,embedding_pca
esmif_PC394,0.0005463758979893542,1.289352512463293e-05,0.0005463758979893542,embedding_pca
esmif_PC395,0.000561174944823465,2.623232965820602e-05,0.000561174944823465,embedding_pca
esmif_PC396,0.0005516775385326576,1.9595144660745e-05,0.0005516775385326576,embedding_pca
esmif_PC397,0.0005765625988214107,4.3989039618285054e-05,0.0005765625988214107,embedding_pca
esmif_PC398,0.0005571490505755384,1.681974330178147e-05,0.0005571490505755384,embedding_pca
esmif_PC399,0.0006029769544154157,9.514701316455286e-05,0.0006029769544154157,embedding_pca
esmif_PC400,0.0006064150069235624,0.0001013351083723794,0.0006064150069235624,embedding_pca
esmif_PC401,0.0005596713892318139,2.047174348778905e-05,0.0005596713892318139,embedding_pca
esmif_PC402,0.0005544359425624154,4.750101362082928e-06,0.0005544359425624154,embedding_pca
esmif_PC403,0.0005852733531604759,8.263722771998202e-05,0.0005852733531604759,embedding_pca
esmif_PC404,0.0005483613314845586,1.2933456835570615e-05,0.0005483613314845586,embedding_pca
esmif_PC405,0.000546118138327495,1.0458024820537722e-05,0.000546118138327495,embedding_pca
esmif_PC406,0.0005529692016926613,2.293046837926951e-05,0.0005529692016926613,embedding_pca
esmif_PC407,0.0005445986849904285,1.7976560473759917e-05,0.0005445986849904285,embedding_pca
esmif_PC408,0.0005568649368416013,1.7439005652817888e-05,0.0005568649368416013,embedding_pca
esmif_PC409,0.0005451065667678388,2.2571715168916727e-05,0.0005451065667678388,embedding_pca
esmif_PC410,0.0005517051938132273,1.6836974315699466e-05,0.0005517051938132273,embedding_pca
esmif_PC411,0.00056139084006432,2.305492133209301e-05,0.00056139084006432,embedding_pca
esmif_PC412,0.0005492056889906752,9.266875363294167e-06,0.0005492056889906752,embedding_pca
esmif_PC413,0.0005465436308189637,4.987273653725038e-06,0.0005465436308189637,embedding_pca
esmif_PC414,0.0005527233344595335,1.2581084454886302e-05,0.0005527233344595335,embedding_pca
esmif_PC415,0.0005683782756529152,2.5644166990071534e-05,0.0005683782756529152,embedding_pca
esmif_PC416,0.0005473484852369599,2.1522411500089888e-05,0.0005473484852369599,embedding_pca
esmif_PC417,0.0005368953166348932,2.0000968511863622e-05,0.0005368953166348932,embedding_pca
esmif_PC418,0.0005477934697347452,2.065949984980052e-05,0.0005477934697347452,embedding_pca
esmif_PC419,0.000549971348585796,1.0768196931292594e-05,0.000549971348585796,embedding_pca
esmif_PC420,0.0005547086369487418,2.061496877161564e-05,0.0005547086369487418,embedding_pca
esmif_PC421,0.0005549620547572317,9.708963010050551e-06,0.0005549620547572317,embedding_pca
esmif_PC422,0.0005614210805619675,1.3768288885663202e-05,0.0005614210805619675,embedding_pca
esmif_PC423,0.0005551255388708291,1.9175883435978026e-05,0.0005551255388708291,embedding_pca
esmif_PC424,0.0005588544072620161,2.10849121450118e-05,0.0005588544072620161,embedding_pca
esmif_PC425,0.0005499574322983445,1.0757912104669459e-05,0.0005499574322983445,embedding_pca
esmif_PC426,0.0005498554190776718,1.1031086556287662e-05,0.0005498554190776718,embedding_pca
esmif_PC427,0.00053983069439359,1.5665407945241904e-05,0.00053983069439359,embedding_pca
esmif_PC428,0.0005651296040894955,2.1483504912311506e-05,0.0005651296040894955,embedding_pca
esmif_PC429,0.000566772976987695,2.098507029013819e-05,0.000566772976987695,embedding_pca
esmif_PC430,0.0005808422603877126,4.8817088561109506e-05,0.0005808422603877126,embedding_pca
esmif_PC431,0.000558858742493867,1.0912033322470437e-05,0.000558858742493867,embedding_pca
esmif_PC432,0.0005617585519585869,2.0658859165179818e-05,0.0005617585519585869,embedding_pca
esmif_PC433,0.0005414977870837572,1.1268661334272396e-05,0.0005414977870837572,embedding_pca
esmif_PC434,0.0005528699350224467,2.1402792148744148e-05,0.0005528699350224467,embedding_pca
esmif_PC435,0.0005502217854838436,6.447812604599944e-06,0.0005502217854838436,embedding_pca
esmif_PC436,0.0005597232852641919,1.83398748790853e-05,0.0005597232852641919,embedding_pca
esmif_PC437,0.0006195161125182588,9.229107718778949e-05,0.0006195161125182588,embedding_pca
esmif_PC438,0.0005488458424210503,8.723006160992526e-06,0.0005488458424210503,embedding_pca
esmif_PC439,0.0005310778334874926,1.714718945849752e-05,0.0005310778334874926,embedding_pca
esmif_PC440,0.0005772099476930701,2.7843382220822973e-05,0.0005772099476930701,embedding_pca
esmif_PC441,0.0006062683195141407,7.798504209523029e-05,0.0006062683195141407,embedding_pca
esmif_PC442,0.0005705676475069465,3.4683100004115205e-05,0.0005705676475069465,embedding_pca
esmif_PC443,0.000556545581188966,1.957787410008677e-05,0.000556545581188966,embedding_pca
esmif_PC444,0.0005548751806387366,8.15519406354621e-06,0.0005548751806387366,embedding_pca
esmif_PC445,0.0005457757142795717,1.9040907061712718e-05,0.0005457757142795717,embedding_pca
esmif_PC446,0.000555917069955144,2.5070748991469085e-05,0.000555917069955144,embedding_pca
esmif_PC447,0.0005487806407233352,1.5616286843265436e-05,0.0005487806407233352,embedding_pca
esmif_PC448,0.0005537834714191866,1.4352317688413268e-05,0.0005537834714191866,embedding_pca
esmif_PC449,0.0005603454657044541,1.8894083359169935e-05,0.0005603454657044541,embedding_pca
esmif_PC450,0.0005468903341825032,1.0228975600314692e-05,0.0005468903341825032,embedding_pca
esmif_PC451,0.0005385118609034509,1.265012489814168e-05,0.0005385118609034509,embedding_pca
esmif_PC452,0.0005616303829058194,1.140689149080283e-05,0.0005616303829058194,embedding_pca
esmif_PC453,0.0005490626821792581,1.2465383304767907e-05,0.0005490626821792581,embedding_pca
esmif_PC454,0.0005832402598206362,6.741525215961925e-05,0.0005832402598206362,embedding_pca
esmif_PC455,0.0005462509255856763,1.145620985371634e-05,0.0005462509255856763,embedding_pca
esmif_PC456,0.0005395459293423626,1.3923823640752012e-05,0.0005395459293423626,embedding_pca
esmif_PC457,0.0005497317282715014,1.2787587021697893e-05,0.0005497317282715014,embedding_pca
esmif_PC458,0.0005444994303538928,2.8281687532440613e-05,0.0005444994303538928,embedding_pca
esmif_PC459,0.0005515205176586001,2.8704145891385234e-05,0.0005515205176586001,embedding_pca
esmif_PC460,0.00054361689450304,1.662167655539521e-05,0.00054361689450304,embedding_pca
esmif_PC461,0.0005635203827461076,3.031770749213964e-05,0.0005635203827461076,embedding_pca
esmif_PC462,0.0005501265708320988,8.153078395103463e-06,0.0005501265708320988,embedding_pca
esmif_PC463,0.0005468942524729321,1.1191951936509942e-05,0.0005468942524729321,embedding_pca
esmif_PC464,0.0005370382548317194,1.4468844457481573e-05,0.0005370382548317194,embedding_pca
esmif_PC465,0.0005441844880794552,1.503278623460453e-05,0.0005441844880794552,embedding_pca
esmif_PC466,0.0005349763230115907,1.5143343935708495e-05,0.0005349763230115907,embedding_pca
esmif_PC467,0.0005514111068726131,1.3114006474746864e-05,0.0005514111068726131,embedding_pca
esmif_PC468,0.0005533292979682233,1.3733245246177425e-05,0.0005533292979682233,embedding_pca
esmif_PC469,0.0005432128318134555,1.0131918752862629e-05,0.0005432128318134555,embedding_pca
esmif_PC470,0.0005680831460831057,5.645467764762755e-05,0.0005680831460831057,embedding_pca
esmif_PC471,0.0005502302914201603,1.2641156570888922e-05,0.0005502302914201603,embedding_pca
esmif_PC472,0.0005446830095988915,1.076780481279718e-05,0.0005446830095988915,embedding_pca
esmif_PC473,0.0005500478686879612,3.0110595644560234e-05,0.0005500478686879612,embedding_pca
esmif_PC474,0.0005480972059028696,1.2021016895634698e-05,0.0005480972059028696,embedding_pca
esmif_PC475,0.0005838108597552221,7.282942169808256e-05,0.0005838108597552221,embedding_pca
esmif_PC476,0.0005481248315959764,1.703844066179566e-05,0.0005481248315959764,embedding_pca
esmif_PC477,0.0005507068028671808,1.4591297700948746e-05,0.0005507068028671808,embedding_pca
esmif_PC478,0.0005776766472524016,5.625239531257338e-05,0.0005776766472524016,embedding_pca
esmif_PC479,0.0005425636378259232,2.978511045912042e-05,0.0005425636378259232,embedding_pca
esmif_PC480,0.0005447898431033038,1.4377055729537897e-05,0.0005447898431033038,embedding_pca
esmif_PC481,0.0005627712323823028,1.525949031503544e-05,0.0005627712323823028,embedding_pca
esmif_PC482,0.0005373517292516286,9.358018229414264e-06,0.0005373517292516286,embedding_pca
esmif_PC483,0.0005403344381313449,1.6538146722099405e-05,0.0005403344381313449,embedding_pca
esmif_PC484,0.0005690565214100532,1.798753216306364e-05,0.0005690565214100532,embedding_pca
esmif_PC485,0.000547898046008473,9.06097017689871e-06,0.000547898046008473,embedding_pca
esmif_PC486,0.0005470660012958816,1.5405995556618964e-05,0.0005470660012958816,embedding_pca
esmif_PC487,0.0005968097668098822,9.464389825975034e-05,0.0005968097668098822,embedding_pca
esmif_PC488,0.0005462224637782459,1.3702269715893595e-05,0.0005462224637782459,embedding_pca
esmif_PC489,0.0005506153135644413,7.089870454353557e-06,0.0005506153135644413,embedding_pca
esmif_PC490,0.0005535192960146202,2.7515091964921376e-05,0.0005535192960146202,embedding_pca
esmif_PC491,0.000550111349349833,2.541662135711271e-05,0.000550111349349833,embedding_pca
esmif_PC492,0.0005473086235405221,8.186089848199386e-06,0.0005473086235405221,embedding_pca
esmif_PC493,0.0005438137137518048,1.3913389260266661e-05,0.0005438137137518048,embedding_pca
esmif_PC494,0.0005537889591054707,3.149452332023699e-05,0.0005537889591054707,embedding_pca
esmif_PC495,0.0005479405671973103,1.719316196525606e-05,0.0005479405671973103,embedding_pca
esmif_PC496,0.0005447678144448666,8.935698083020207e-06,0.0005447678144448666,embedding_pca
esmif_PC497,0.0005443231189036603,1.1235981831325086e-05,0.0005443231189036603,embedding_pca
esmif_PC498,0.000551048751735915,2.4114841998282732e-05,0.000551048751735915,embedding_pca
esmif_PC499,0.0005370977431869847,1.2634496113940573e-05,0.0005370977431869847,embedding_pca
esmif_PC500,0.0005648026335839638,1.0654155085989181e-05,0.0005648026335839638,embedding_pca
esmif_PC501,0.0005432551174278413,1.2282013500890864e-05,0.0005432551174278413,embedding_pca
esmif_PC502,0.0005455468525625936,1.831459058368825e-05,0.0005455468525625936,embedding_pca
esmif_PC503,0.0005448802838483954,9.448423091363973e-06,0.0005448802838483954,embedding_pca
esmif_PC504,0.0005629827702078825,1.8895381092785585e-05,0.0005629827702078825,embedding_pca
esmif_PC505,0.0005542307102244075,1.1201469704408064e-05,0.0005542307102244075,embedding_pca
esmif_PC506,0.0005351929702923844,1.2172026301448635e-05,0.0005351929702923844,embedding_pca
esmif_PC507,0.0005354965983780607,1.194700935770465e-05,0.0005354965983780607,embedding_pca
esmif_PC508,0.0005520448859252815,1.5004532882650218e-05,0.0005520448859252815,embedding_pca
esmif_PC509,0.0005779900020477425,5.0975836058445374e-05,0.0005779900020477425,embedding_pca
esmif_PC510,0.0005692567985065962,2.7534415806338397e-05,0.0005692567985065962,embedding_pca
esmif_PC511,0.0005522850678277068,2.7431461528969975e-05,0.0005522850678277068,embedding_pca
esmif_PC512,0.0005407529081938445,1.148423470645592e-05,0.0005407529081938445,embedding_pca
esmif_PC513,0.0005620354919467438,3.333343425960355e-05,0.0005620354919467438,embedding_pca
esmif_PC514,0.0005420928395734259,1.5374196087173617e-05,0.0005420928395734259,embedding_pca
esmif_PC515,0.0005300257086504057,1.0833705103324114e-05,0.0005300257086504057,embedding_pca
esmif_PC516,0.0005490346887811209,1.5218298927707642e-05,0.0005490346887811209,embedding_pca
esmif_PC517,0.0005384280517540007,1.069149541588412e-05,0.0005384280517540007,embedding_pca
esmif_PC518,0.0005349716119077712,1.1843017324541798e-05,0.0005349716119077712,embedding_pca
esmif_PC519,0.0005537501360233274,2.0386171222644398e-05,0.0005537501360233274,embedding_pca
esmif_PC520,0.000545413187085483,2.3140270600395914e-05,0.000545413187085483,embedding_pca
esmif_PC521,0.0006075883402035183,0.00013113036036799307,0.0006075883402035183,embedding_pca
esmif_PC522,0.0005822121356571706,6.732132612540615e-05,0.0005822121356571706,embedding_pca
esmif_PC523,0.000556176884279581,2.2247764783467362e-05,0.000556176884279581,embedding_pca
esmif_PC524,0.0005600648851401199,2.9585739310166776e-05,0.0005600648851401199,embedding_pca
esmif_PC525,0.0005463294267535784,8.661308843649086e-06,0.0005463294267535784,embedding_pca
esmif_PC526,0.0005667779522652093,2.3267523344228772e-05,0.0005667779522652093,embedding_pca
esmif_PC527,0.0005466601264432966,1.6101327499260113e-05,0.0005466601264432966,embedding_pca
esmif_PC528,0.0006205500117321324,0.0001447573092654867,0.0006205500117321324,embedding_pca
esmif_PC529,0.00058044307356783,4.9759258720526694e-05,0.00058044307356783,embedding_pca
esmif_PC530,0.0005516043506880251,2.7998408947593622e-05,0.0005516043506880251,embedding_pca
esmif_PC531,0.0005302800128158214,1.703080512899501e-05,0.0005302800128158214,embedding_pca
esmif_PC532,0.0005564807872530246,1.4937438252287123e-05,0.0005564807872530246,embedding_pca
esmif_PC533,0.000536094142164939,9.38065442704033e-06,0.000536094142164939,embedding_pca
esmif_PC534,0.0005540503527103177,4.204020112631309e-05,0.0005540503527103177,embedding_pca
esmif_PC535,0.0005374651357796716,1.0142370065515245e-05,0.0005374651357796716,embedding_pca
esmif_PC536,0.0005448796768588373,1.8692736488437524e-05,0.0005448796768588373,embedding_pca
esmif_PC537,0.0005375231582432077,1.8530128578022687e-05,0.0005375231582432077,embedding_pca
esmif_PC538,0.0005503436698720509,2.181148032163783e-05,0.0005503436698720509,embedding_pca
esmif_PC539,0.0005621812390900543,1.9990133003289107e-05,0.0005621812390900543,embedding_pca
esmif_PC540,0.0005530480812797016,1.311408824774271e-05,0.0005530480812797016,embedding_pca
esmif_PC541,0.0005519669138478505,8.245132199687776e-06,0.0005519669138478505,embedding_pca
esmif_PC542,0.0005510054584892275,2.0720741769583424e-05,0.0005510054584892275,embedding_pca
esmif_PC543,0.0005486764702323931,1.1501190152745513e-05,0.0005486764702323931,embedding_pca
esmif_PC544,0.0005359225462531021,9.20369076360528e-06,0.0005359225462531021,embedding_pca
esmif_PC545,0.0005679764362259343,2.1395344943880935e-05,0.0005679764362259343,embedding_pca
esmif_PC546,0.0005668452400521798,2.4276352838427112e-05,0.0005668452400521798,embedding_pca
esmif_PC547,0.0005578552035972319,3.91226651356971e-06,0.0005578552035972319,embedding_pca
esmif_PC548,0.0005533131019523704,1.384344855936573e-05,0.0005533131019523704,embedding_pca
esmif_PC549,0.0005971101985337915,7.55764719019315e-05,0.0005971101985337915,embedding_pca
esmif_PC550,0.0005705284934259135,6.28483994473334e-05,0.0005705284934259135,embedding_pca
esmif_PC551,0.0005504002508019444,2.057275405093748e-05,0.0005504002508019444,embedding_pca
esmif_PC552,0.000554313619428054,5.401973855011644e-05,0.000554313619428054,embedding_pca
esmif_PC553,0.0005439982701289415,1.1132999669886839e-05,0.0005439982701289415,embedding_pca
esmif_PC554,0.0005479627196091159,9.678519986814062e-06,0.0005479627196091159,embedding_pca
esmif_PC555,0.0005638160014074373,1.765082504342089e-05,0.0005638160014074373,embedding_pca
esmif_PC556,0.0005495026538775764,1.0538581905852542e-05,0.0005495026538775764,embedding_pca
esmif_PC557,0.0005513855571582373,1.4845094193694151e-05,0.0005513855571582373,embedding_pca
esmif_PC558,0.0005413742892237348,1.4804865304841612e-05,0.0005413742892237348,embedding_pca
esmif_PC559,0.0005366151100319825,7.787597468373416e-06,0.0005366151100319825,embedding_pca
esmif_PC560,0.0005629919230245858,3.750525980773959e-05,0.0005629919230245858,embedding_pca
esmif_PC561,0.0005433496400348437,9.849414508983964e-06,0.0005433496400348437,embedding_pca
esmif_PC562,0.0005600305010368765,1.4258665888410519e-05,0.0005600305010368765,embedding_pca
esmif_PC563,0.0005471403795164529,1.6469884347312117e-05,0.0005471403795164529,embedding_pca
esmif_PC564,0.0005665230492264537,3.0438916425773154e-05,0.0005665230492264537,embedding_pca
esmif_PC565,0.0005450910100343479,1.2953333709988775e-05,0.0005450910100343479,embedding_pca
esmif_PC566,0.0005921948382143648,7.319899443963064e-05,0.0005921948382143648,embedding_pca
esmif_PC567,0.0005436667128346773,7.534581188750169e-06,0.0005436667128346773,embedding_pca
esmif_PC568,0.0005793593107689657,7.037169507279143e-05,0.0005793593107689657,embedding_pca
esmif_PC569,0.0005518524476039252,2.1783994651382492e-05,0.0005518524476039252,embedding_pca
esmif_PC570,0.0005543215455296496,2.2523949763774996e-05,0.0005543215455296496,embedding_pca
esmif_PC571,0.0005394568116093113,1.5153922137421064e-05,0.0005394568116093113,embedding_pca
esmif_PC572,0.0005441890989004405,1.0977580833196686e-05,0.0005441890989004405,embedding_pca
esmif_PC573,0.0005512810767227304,1.6882269639602576e-05,0.0005512810767227304,embedding_pca
esmif_PC574,0.000604650760018599,7.87085721628478e-05,0.000604650760018599,embedding_pca
esmif_PC575,0.0005594786065725183,1.2643508694721402e-05,0.0005594786065725183,embedding_pca
esmif_PC576,0.0005507553817372119,1.6151902394007786e-05,0.0005507553817372119,embedding_pca
esmif_PC577,0.0005469881936813698,5.1159494895133094e-06,0.0005469881936813698,embedding_pca
esmif_PC578,0.0005611538591917588,4.248563143274703e-05,0.0005611538591917588,embedding_pca
esmif_PC579,0.0005548805021979397,1.263949696762497e-05,0.0005548805021979397,embedding_pca
esmif_PC580,0.0005547307128770318,1.914491303059659e-05,0.0005547307128770318,embedding_pca
esmif_PC581,0.0005615369456544503,1.2229952826117198e-05,0.0005615369456544503,embedding_pca
esmif_PC582,0.000564192175549323,4.509324343726372e-05,0.000564192175549323,embedding_pca
esmif_PC583,0.0006138211202740645,0.00011803385299474795,0.0006138211202740645,embedding_pca
esmif_PC584,0.0005362681269649273,1.3000798227837655e-05,0.0005362681269649273,embedding_pca
esmif_PC585,0.0005593476856377003,1.221902390095242e-05,0.0005593476856377003,embedding_pca
esmif_PC586,0.0005491183520140693,9.941626651837057e-06,0.0005491183520140693,embedding_pca
esmif_PC587,0.0005475007959915384,2.2145494645895288e-05,0.0005475007959915384,embedding_pca
esmif_PC588,0.0005505868629753979,7.38686504785733e-06,0.0005505868629753979,embedding_pca
esmif_PC589,0.0005490535534231378,1.1775268520349319e-05,0.0005490535534231378,embedding_pca
esmif_PC590,0.0005629038681525041,2.295827506521115e-05,0.0005629038681525041,embedding_pca
esmif_PC591,0.0005478042828345627,1.0509343859020253e-05,0.0005478042828345627,embedding_pca
esmif_PC592,0.0005799907645583555,5.156185137191432e-05,0.0005799907645583555,embedding_pca
esmif_PC593,0.0005515258476578085,1.8342333503512453e-05,0.0005515258476578085,embedding_pca
esmif_PC594,0.0005692377223779872,2.3674668744711907e-05,0.0005692377223779872,embedding_pca
esmif_PC595,0.0005622450993241827,1.5865094653788657e-05,0.0005622450993241827,embedding_pca
esmif_PC596,0.0005553189119711719,3.873860772643864e-05,0.0005553189119711719,embedding_pca
esmif_PC597,0.0005532765626146873,1.3379282346676968e-05,0.0005532765626146873,embedding_pca
esmif_PC598,0.0005476227944398869,1.6748565692638995e-05,0.0005476227944398869,embedding_pca
esmif_PC599,0.0005712553267862627,6.004411186293249e-05,0.0005712553267862627,embedding_pca
esmif_PC600,0.0005423222848454712,1.4883228978480753e-05,0.0005423222848454712,embedding_pca
esmif_PC601,0.0005699525178276055,3.656962438974371e-05,0.0005699525178276055,embedding_pca
esmif_PC602,0.0005564431877427759,1.4823172434349872e-05,0.0005564431877427759,embedding_pca
esmif_PC603,0.0005571909295372202,2.4928647847463903e-05,0.0005571909295372202,embedding_pca
esmif_PC604,0.0005626675621613708,2.2639140072468477e-05,0.0005626675621613708,embedding_pca
esmif_PC605,0.0005568806079905763,3.0721916832331666e-06,0.0005568806079905763,embedding_pca
esmif_PC606,0.0005808141376140275,5.2739223667550075e-05,0.0005808141376140275,embedding_pca
esmif_PC607,0.000582554282449909,5.608265277324758e-05,0.000582554282449909,embedding_pca
esmif_PC608,0.0005318724468103512,5.795328835053424e-06,0.0005318724468103512,embedding_pca
esmif_PC609,0.0005440795431332618,3.639905247953905e-05,0.0005440795431332618,embedding_pca
esmif_PC610,0.000549505579793479,2.1743892512117372e-05,0.000549505579793479,embedding_pca
esmif_PC611,0.0005413623903771146,2.109662957949818e-05,0.0005413623903771146,embedding_pca
esmif_PC612,0.0005446582787833247,1.2729935663764212e-05,0.0005446582787833247,embedding_pca
esmif_PC613,0.0005517065016211883,2.0655001214014103e-05,0.0005517065016211883,embedding_pca
esmif_PC614,0.0005498752019550308,2.2514008831402696e-05,0.0005498752019550308,embedding_pca
esmif_PC615,0.0005473678439515205,1.8872622219354255e-05,0.0005473678439515205,embedding_pca
esmif_PC616,0.0005503612344328298,1.752509853475341e-05,0.0005503612344328298,embedding_pca
esmif_PC617,0.0005959620626275658,9.78607288916988e-05,0.0005959620626275658,embedding_pca
esmif_PC618,0.0005501562933681933,1.2238105366244596e-05,0.0005501562933681933,embedding_pca
esmif_PC619,0.000585135956483476,4.787975428697407e-05,0.000585135956483476,embedding_pca
esmif_PC620,0.0005541219102768643,3.5101362192682945e-05,0.0005541219102768643,embedding_pca
esmif_PC621,0.000548225126547905,1.1398627525388237e-05,0.000548225126547905,embedding_pca
esmif_PC622,0.0005580367640787323,8.05411682768581e-06,0.0005580367640787323,embedding_pca
esmif_PC623,0.0005486772829572702,1.8070144964440237e-05,0.0005486772829572702,embedding_pca
esmif_PC624,0.0005557885864683606,1.3633615869614624e-05,0.0005557885864683606,embedding_pca
esmif_PC625,0.0005466134032028399,1.1141597042173207e-05,0.0005466134032028399,embedding_pca
esmif_PC626,0.0005696754008277269,2.565498122006763e-05,0.0005696754008277269,embedding_pca
esmif_PC627,0.000550405991117531,1.872578715197928e-05,0.000550405991117531,embedding_pca
esmif_PC628,0.0005515663774012022,3.5613906470669874e-05,0.0005515663774012022,embedding_pca
esmif_PC629,0.0005476465893877835,1.2977479870481276e-05,0.0005476465893877835,embedding_pca
esmif_PC630,0.0005414467579433871,1.42050215016925e-05,0.0005414467579433871,embedding_pca
esmif_PC631,0.0005946378497725138,6.535899809965867e-05,0.0005946378497725138,embedding_pca
esmif_PC632,0.0005429412740350162,1.0969983176819803e-05,0.0005429412740350162,embedding_pca
esmif_PC633,0.0005861577382300125,5.2504131361180774e-05,0.0005861577382300125,embedding_pca
esmif_PC634,0.000545783201897121,1.0176460042746413e-05,0.000545783201897121,embedding_pca
esmif_PC635,0.0005635468012992705,2.0108960812918964e-05,0.0005635468012992705,embedding_pca
esmif_PC636,0.0006097806839926045,9.620622970822334e-05,0.0006097806839926045,embedding_pca
esmif_PC637,0.000548480316348505,2.545477624255305e-05,0.000548480316348505,embedding_pca
esmif_PC638,0.0005517475209307435,1.1076222403359462e-05,0.0005517475209307435,embedding_pca
esmif_PC639,0.0005510916447174847,8.799184080673103e-06,0.0005510916447174847,embedding_pca
esmif_PC640,0.0005473160824783792,2.8625888061431238e-05,0.0005473160824783792,embedding_pca
esmif_PC641,0.0005532622137699004,1.4354891070968777e-05,0.0005532622137699004,embedding_pca
esmif_PC642,0.0005546392632196503,1.7520592498992447e-05,0.0005546392632196503,embedding_pca
esmif_PC643,0.000544113314205693,3.0103278773776805e-05,0.000544113314205693,embedding_pca
esmif_PC644,0.000550319960230182,1.2684398249457388e-05,0.000550319960230182,embedding_pca
esmif_PC645,0.0005699425663832336,2.157273876258946e-05,0.0005699425663832336,embedding_pca
esmif_PC646,0.0005531778798186074,1.599937459309047e-05,0.0005531778798186074,embedding_pca
esmif_PC647,0.0005506512782946367,2.947442976654112e-05,0.0005506512782946367,embedding_pca
esmif_PC648,0.0005433288742217396,1.5501212611688312e-05,0.0005433288742217396,embedding_pca
esmif_PC649,0.0005497459984535652,2.0872599733596104e-05,0.0005497459984535652,embedding_pca
esmif_PC650,0.0006154193218947177,0.00012762123043994067,0.0006154193218947177,embedding_pca
esmif_PC651,0.0005543110947907116,3.0429354924323817e-05,0.0005543110947907116,embedding_pca
esmif_PC652,0.0005519832032332971,3.0380732476675017e-05,0.0005519832032332971,embedding_pca
esmif_PC653,0.0005632556014759661,5.085786061231862e-05,0.0005632556014759661,embedding_pca
esmif_PC654,0.0005529510391174944,1.110917015619467e-05,0.0005529510391174944,embedding_pca
esmif_PC655,0.0006105922859129048,0.0001457640061048946,0.0006105922859129048,embedding_pca
esmif_PC656,0.0005958929933834015,0.0001184976614372216,0.0005958929933834015,embedding_pca
esmif_PC657,0.0005649190107250868,2.384140889257393e-05,0.0005649190107250868,embedding_pca
esmif_PC658,0.0005547562652422292,1.7173929486382467e-05,0.0005547562652422292,embedding_pca
esmif_PC659,0.0005684594636396311,2.355309919470518e-05,0.0005684594636396311,embedding_pca
esmif_PC660,0.0005742155698458645,3.491216152706166e-05,0.0005742155698458645,embedding_pca
esmif_PC661,0.000551693366624395,1.1104777832652364e-05,0.000551693366624395,embedding_pca
esmif_PC662,0.0005650322335226403,1.641297233291678e-05,0.0005650322335226403,embedding_pca
esmif_PC663,0.0005622253771033583,2.2621251698120045e-05,0.0005622253771033583,embedding_pca
esmif_PC664,0.0005846474627844251,7.608956594119839e-05,0.0005846474627844251,embedding_pca
esmif_PC665,0.0005392561060476884,3.902400148524655e-06,0.0005392561060476884,embedding_pca
esmif_PC666,0.0005870664856687652,7.843499537857839e-05,0.0005870664856687652,embedding_pca
esmif_PC667,0.0005483209538483028,1.1436564808393105e-05,0.0005483209538483028,embedding_pca
esmif_PC668,0.0005488585162174706,8.76438411194801e-06,0.0005488585162174706,embedding_pca
esmif_PC669,0.00054809602477905,9.717765320062146e-06,0.00054809602477905,embedding_pca
esmif_PC670,0.0005446302104450907,1.2005804047255003e-05,0.0005446302104450907,embedding_pca
esmif_PC671,0.0005475780892069664,8.750377139757894e-06,0.0005475780892069664,embedding_pca
esmif_PC672,0.0005617495210939391,3.4340765989495086e-05,0.0005617495210939391,embedding_pca
esmif_PC673,0.0005543440245050797,1.758660255270323e-05,0.0005543440245050797,embedding_pca
esmif_PC674,0.0006089429255328762,0.00012151733160316522,0.0006089429255328762,embedding_pca
esmif_PC675,0.0005382271206058358,1.2479687776114866e-05,0.0005382271206058358,embedding_pca
esmif_PC676,0.0005700433533524027,3.4243662246964085e-05,0.0005700433533524027,embedding_pca
esmif_PC677,0.000550800590916206,6.395215286448446e-06,0.000550800590916206,embedding_pca
esmif_PC678,0.0005442688411591914,1.3108610588962541e-05,0.0005442688411591914,embedding_pca
esmif_PC679,0.0005412243605424148,1.030842815693372e-05,0.0005412243605424148,embedding_pca
esmif_PC680,0.0005438792599761306,8.708757956122664e-06,0.0005438792599761306,embedding_pca
esmif_PC681,0.0005484276270699877,1.5572808662343854e-05,0.0005484276270699877,embedding_pca
esmif_PC682,0.0005710617598839908,3.152794053106495e-05,0.0005710617598839908,embedding_pca
esmif_PC683,0.00054692161488278,1.2292663260316334e-05,0.00054692161488278,embedding_pca
esmif_PC684,0.0005353193501887101,1.5689571956537974e-05,0.0005353193501887101,embedding_pca
esmif_PC685,0.0005496840057017127,4.402668186386411e-05,0.0005496840057017127,embedding_pca
esmif_PC686,0.0005399807486382379,1.1185997794227151e-05,0.0005399807486382379,embedding_pca
esmif_PC687,0.0005504637595264085,2.706046820815939e-05,0.0005504637595264085,embedding_pca
esmif_PC688,0.0005540916355667807,2.1221548496210404e-05,0.0005540916355667807,embedding_pca
esmif_PC689,0.0005971019179845336,9.290605295932934e-05,0.0005971019179845336,embedding_pca
esmif_PC690,0.0005447861446119986,1.1146728027016634e-05,0.0005447861446119986,embedding_pca
esmif_PC691,0.0005447795196772434,1.904827218015061e-05,0.0005447795196772434,embedding_pca
esmif_PC692,0.0005489652372867485,1.3029403256119467e-05,0.0005489652372867485,embedding_pca
esmif_PC693,0.0005445689429809544,1.2011573502470029e-05,0.0005445689429809544,embedding_pca
esmif_PC694,0.0005702806696984147,1.950564371061997e-05,0.0005702806696984147,embedding_pca
esmif_PC695,0.0005659885813706827,4.4951963109965515e-05,0.0005659885813706827,embedding_pca
esmif_PC696,0.0005657291211803235,4.6739618539736405e-05,0.0005657291211803235,embedding_pca
esmif_PC697,0.0005495187112346971,7.785123141570247e-06,0.0005495187112346971,embedding_pca
esmif_PC698,0.0005433369026726639,1.2302339436664022e-05,0.0005433369026726639,embedding_pca
esmif_PC699,0.0005321828682602213,1.9566949415704842e-05,0.0005321828682602213,embedding_pca
esmif_PC700,0.0005275854920734288,1.1744660682985635e-05,0.0005275854920734288,embedding_pca
esmif_PC701,0.0005592037530204842,1.595276995401617e-05,0.0005592037530204842,embedding_pca
esmif_PC702,0.0005407175010783483,1.8500965581190134e-05,0.0005407175010783483,embedding_pca
esmif_PC703,0.000532743723189988,9.724670476397233e-06,0.000532743723189988,embedding_pca
esmif_PC704,0.0005605509608546784,1.906361453127184e-05,0.0005605509608546784,embedding_pca
esmif_PC705,0.000546008760903704,2.2364604603154578e-05,0.000546008760903704,embedding_pca
esmif_PC706,0.0005600108194562023,3.0481632975279872e-05,0.0005600108194562023,embedding_pca
esmif_PC707,0.0005588167316319297,1.0256865627136807e-05,0.0005588167316319297,embedding_pca
esmif_PC708,0.0005417030065839794,1.470043005679079e-05,0.0005417030065839794,embedding_pca
esmif_PC709,0.0005455861965698661,1.3462590304361064e-05,0.0005455861965698661,embedding_pca
esmif_PC710,0.0005469361339135352,1.1498459212230652e-05,0.0005469361339135352,embedding_pca
esmif_PC711,0.0005510149751100592,1.565253257282943e-05,0.0005510149751100592,embedding_pca
esmif_PC712,0.0005548780984922715,1.361087826202617e-05,0.0005548780984922715,embedding_pca
esmif_PC713,0.0005755118674806413,5.64191276551596e-05,0.0005755118674806413,embedding_pca
esmif_PC714,0.0005563640356536482,1.8243887119778893e-05,0.0005563640356536482,embedding_pca
esmif_PC715,0.0005603513826018669,4.0166083676886005e-05,0.0005603513826018669,embedding_pca
esmif_PC716,0.0005500426225590264,1.8260550413494528e-05,0.0005500426225590264,embedding_pca
esmif_PC717,0.000613086832823783,0.0001292844940836447,0.000613086832823783,embedding_pca
esmif_PC718,0.0005446173875899221,1.0203293872361836e-05,0.0005446173875899221,embedding_pca
esmif_PC719,0.0005762936297310074,5.6464353417233975e-05,0.0005762936297310074,embedding_pca
esmif_PC720,0.0005426359111317374,1.0584426581752971e-05,0.0005426359111317374,embedding_pca
esmif_PC721,0.000541579713707712,1.7349394200763177e-05,0.000541579713707712,embedding_pca
esmif_PC722,0.0005409552332780235,5.1173277502212325e-06,0.0005409552332780235,embedding_pca
esmif_PC723,0.0005484921297371237,1.4701038731645567e-05,0.0005484921297371237,embedding_pca
esmif_PC724,0.0005436955206309816,1.568950142357766e-05,0.0005436955206309816,embedding_pca
esmif_PC725,0.000538555417517078,9.319584030201113e-06,0.000538555417517078,embedding_pca
esmif_PC726,0.0005424022712827866,2.592263202430485e-05,0.0005424022712827866,embedding_pca
esmif_PC727,0.0005423891771495177,1.7823480227825715e-05,0.0005423891771495177,embedding_pca
esmif_PC728,0.0005650372237608643,1.7505556988354405e-05,0.0005650372237608643,embedding_pca
esmif_PC729,0.0005461210814219029,1.3742107655853516e-05,0.0005461210814219029,embedding_pca
esmif_PC730,0.0005449681037063756,1.2695771900408922e-05,0.0005449681037063756,embedding_pca
esmif_PC731,0.0005549244312549946,1.671637164500784e-05,0.0005549244312549946,embedding_pca
esmif_PC732,0.000550968743761038,3.352102997469507e-05,0.000550968743761038,embedding_pca
esmif_PC733,0.0005412731372736734,1.289230236155623e-05,0.0005412731372736734,embedding_pca
esmif_PC734,0.0005634513853565146,5.852772578587403e-05,0.0005634513853565146,embedding_pca
esmif_PC735,0.000546425389305982,1.7423607298167855e-05,0.000546425389305982,embedding_pca
esmif_PC736,0.0005553338357975328,1.5315773955043258e-05,0.0005553338357975328,embedding_pca
esmif_PC737,0.0005543849019520344,1.8217528385700806e-05,0.0005543849019520344,embedding_pca
esmif_PC738,0.0005664623658080632,4.4237501273168485e-05,0.0005664623658080632,embedding_pca
esmif_PC739,0.0005399315630289201,6.70950024075889e-06,0.0005399315630289201,embedding_pca
esmif_PC740,0.0005428391394693328,1.4532364567914744e-05,0.0005428391394693328,embedding_pca
esmif_PC741,0.000537557338253149,1.0430042305842042e-05,0.000537557338253149,embedding_pca
esmif_PC742,0.0005432058389411039,7.568160454995051e-06,0.0005432058389411039,embedding_pca
esmif_PC743,0.0005717601015318588,6.113360040801147e-05,0.0005717601015318588,embedding_pca
esmif_PC744,0.000586830682602797,8.433938713822504e-05,0.000586830682602797,embedding_pca
esmif_PC745,0.0005525041227556263,2.058221272641326e-05,0.0005525041227556263,embedding_pca
esmif_PC746,0.000539116906546651,1.551100054575595e-05,0.000539116906546651,embedding_pca
esmif_PC747,0.0005555903815422445,8.741176861443391e-06,0.0005555903815422445,embedding_pca
esmif_PC748,0.0005527318021303824,1.0595590791193184e-05,0.0005527318021303824,embedding_pca
esmif_PC749,0.0005534072725584766,8.700182485122766e-06,0.0005534072725584766,embedding_pca
esmif_PC750,0.0005274953572969814,1.2520612498562511e-05,0.0005274953572969814,embedding_pca
esmif_PC751,0.000544538528684829,9.402509976415282e-06,0.000544538528684829,embedding_pca
esmif_PC752,0.0005459189816767313,4.183200626374018e-05,0.0005459189816767313,embedding_pca
esmif_PC753,0.000559300809724973,3.833037806905371e-05,0.000559300809724973,embedding_pca
esmif_PC754,0.0005513263878225886,2.0738002642823725e-05,0.0005513263878225886,embedding_pca
esmif_PC755,0.0005539900077598688,2.8671489927621286e-05,0.0005539900077598688,embedding_pca
esmif_PC756,0.0005483031643608949,1.9972675218741594e-05,0.0005483031643608949,embedding_pca
esmif_PC757,0.0005493783970316123,2.3326352647756604e-05,0.0005493783970316123,embedding_pca
esmif_PC758,0.0005615283136525462,5.4173789525961554e-05,0.0005615283136525462,embedding_pca
esmif_PC759,0.0005422208453699868,1.737812974864618e-05,0.0005422208453699868,embedding_pca
esmif_PC760,0.0005393274007137906,1.3796091104934333e-05,0.0005393274007137906,embedding_pca
esmif_PC761,0.0005447436485584137,1.3385420818348263e-05,0.0005447436485584137,embedding_pca
esmif_PC762,0.0005400146157995368,1.950835821122221e-05,0.0005400146157995368,embedding_pca
esmif_PC763,0.0005590470571569266,2.1367202956823836e-05,0.0005590470571569266,embedding_pca
esmif_PC764,0.0005482488897490337,1.837275317340337e-05,0.0005482488897490337,embedding_pca
esmif_PC765,0.0005528544068316658,6.907791393660826e-06,0.0005528544068316658,embedding_pca
esmif_PC766,0.0005496135779080041,1.5235746048977903e-05,0.0005496135779080041,embedding_pca
esmif_PC767,0.0005440447628297306,1.6194061776654387e-05,0.0005440447628297306,embedding_pca
esmif_PC768,0.0005333096027522554,1.4305600396806561e-05,0.0005333096027522554,embedding_pca
esmif_PC769,0.0005596572064091245,2.3118652671271322e-05,0.0005596572064091245,embedding_pca
esmif_PC770,0.0005880418176314563,5.468717084680173e-05,0.0005880418176314563,embedding_pca
esmif_PC771,0.0005918946899982853,9.856427024663067e-05,0.0005918946899982853,embedding_pca
esmif_PC772,0.0005669324099601516,1.1517816289968106e-05,0.0005669324099601516,embedding_pca
esmif_PC773,0.0005525113930803458,3.617945437053181e-05,0.0005525113930803458,embedding_pca
esmif_PC774,0.000595929557849177,9.819168772801155e-05,0.000595929557849177,embedding_pca
esmif_PC775,0.0005449241736615289,2.9982134285167498e-05,0.0005449241736615289,embedding_pca
esmif_PC776,0.0005882500628575516,8.087495408049194e-05,0.0005882500628575516,embedding_pca
esmif_PC777,0.0005661425104471846,4.1458578476063805e-05,0.0005661425104471846,embedding_pca
esmif_PC778,0.0005346721002482518,9.274332548342528e-06,0.0005346721002482518,embedding_pca
esmif_PC779,0.0005466260273787763,1.799280548634727e-05,0.0005466260273787763,embedding_pca
esmif_PC780,0.000571086293255481,6.126401954271543e-05,0.000571086293255481,embedding_pca
esmif_PC781,0.0006140795258299095,8.212404395518558e-05,0.0006140795258299095,embedding_pca
esmif_PC782,0.0005429583045316532,1.298341928569046e-05,0.0005429583045316532,embedding_pca
esmif_PC783,0.000552703617376749,1.8480430663561222e-05,0.000552703617376749,embedding_pca
esmif_PC784,0.000566474577266052,4.102646423254977e-05,0.000566474577266052,embedding_pca
esmif_PC785,0.0005496789562875915,2.0548926207928493e-05,0.0005496789562875915,embedding_pca
esmif_PC786,0.0005504396379527463,2.4822867071091196e-05,0.0005504396379527463,embedding_pca
esmif_PC787,0.0005395275327592151,1.2052351327901871e-05,0.0005395275327592151,embedding_pca
esmif_PC788,0.0005664476927225499,4.8068949075604417e-05,0.0005664476927225499,embedding_pca
esmif_PC789,0.0005718538988778148,2.0558081123918196e-05,0.0005718538988778148,embedding_pca
esmif_PC790,0.000550239394880229,1.3446116172782534e-05,0.000550239394880229,embedding_pca
esmif_PC791,0.0005606503967782775,3.5807918278397465e-05,0.0005606503967782775,embedding_pca
esmif_PC792,0.0005379556212073965,1.732052796437449e-05,0.0005379556212073965,embedding_pca
esmif_PC793,0.0005426995917222772,1.5977596435104833e-05,0.0005426995917222772,embedding_pca
esmif_PC794,0.0005474183265942239,9.357699176173242e-06,0.0005474183265942239,embedding_pca
esmif_PC795,0.0005465719534642848,1.5176627010685792e-05,0.0005465719534642848,embedding_pca
esmif_PC796,0.0005517271323578559,1.0329552752315003e-05,0.0005517271323578559,embedding_pca
esmif_PC797,0.0006361184536751204,0.00016247537952655765,0.0006361184536751204,embedding_pca
esmif_PC798,0.0005489159089565128,1.4569515645142666e-05,0.0005489159089565128,embedding_pca
esmif_PC799,0.0005372642134851373,1.1786914816282152e-05,0.0005372642134851373,embedding_pca
esmif_PC800,0.0005702697092251632,5.223826894952135e-05,0.0005702697092251632,embedding_pca
esmif_PC801,0.000552274719618223,2.4898822858277045e-05,0.000552274719618223,embedding_pca
esmif_PC802,0.0005502105054251017,1.763913810987446e-05,0.0005502105054251017,embedding_pca
esmif_PC803,0.0005359775903294935,1.5639887963784618e-05,0.0005359775903294935,embedding_pca
esmif_PC804,0.0005528516528853793,1.170458050564138e-05,0.0005528516528853793,embedding_pca
esmif_PC805,0.0005407935581446162,1.4907776158976753e-05,0.0005407935581446162,embedding_pca
esmif_PC806,0.0005345013116020905,1.0629527622930673e-05,0.0005345013116020905,embedding_pca
esmif_PC807,0.0005622431355217424,1.4621600788657402e-05,0.0005622431355217424,embedding_pca
esmif_PC808,0.0005404046450748842,2.6888472517392226e-05,0.0005404046450748842,embedding_pca
esmif_PC809,0.0005351477840777033,1.3305987398708726e-05,0.0005351477840777033,embedding_pca
esmif_PC810,0.0005446723517257539,5.347361070147234e-06,0.0005446723517257539,embedding_pca
esmif_PC811,0.0005570258941426546,1.5996568610519906e-05,0.0005570258941426546,embedding_pca
esmif_PC812,0.0005466957835888321,2.5812917230381044e-05,0.0005466957835888321,embedding_pca
esmif_PC813,0.0005554237666775762,2.6666978349907302e-05,0.0005554237666775762,embedding_pca
esmif_PC814,0.0005521966127334072,1.8818150561345125e-05,0.0005521966127334072,embedding_pca
esmif_PC815,0.0005323845134697253,1.0920771664547432e-05,0.0005323845134697253,embedding_pca
esmif_PC816,0.0005582338267516938,1.3109163255347017e-05,0.0005582338267516938,embedding_pca
esmif_PC817,0.0005480145079544039,9.555234190553496e-06,0.0005480145079544039,embedding_pca
esmif_PC818,0.000544647226419535,3.0056655488798777e-05,0.000544647226419535,embedding_pca
esmif_PC819,0.000543615184333438,2.0120500205241228e-05,0.000543615184333438,embedding_pca
esmif_PC820,0.0005451186409946576,1.3530303570007008e-05,0.0005451186409946576,embedding_pca
esmif_PC821,0.0005765651754959201,5.283398353151427e-05,0.0005765651754959201,embedding_pca
esmif_PC822,0.0005378246138765366,1.602246712780767e-05,0.0005378246138765366,embedding_pca
esmif_PC823,0.0005496923445977403,1.2644141592553579e-05,0.0005496923445977403,embedding_pca
esmif_PC824,0.0005567005614622209,1.5095187138086669e-05,0.0005567005614622209,embedding_pca
esmif_PC825,0.0005433107063373636,1.537169607387966e-05,0.0005433107063373636,embedding_pca
esmif_PC826,0.0005466361710924257,1.0491329215539697e-05,0.0005466361710924257,embedding_pca
esmif_PC827,0.0005650413014251439,6.330569385174271e-05,0.0005650413014251439,embedding_pca
esmif_PC828,0.0005470705123274011,1.3183101537373198e-05,0.0005470705123274011,embedding_pca
esmif_PC829,0.0005942911331549061,0.00012629589322130701,0.0005942911331549061,embedding_pca
esmif_PC830,0.0005484947157811146,2.0677806233181608e-05,0.0005484947157811146,embedding_pca
esmif_PC831,0.0005519176295316616,4.539138304609219e-05,0.0005519176295316616,embedding_pca
esmif_PC832,0.0005488241611737409,1.2245560714225207e-05,0.0005488241611737409,embedding_pca
esmif_PC833,0.0005491846544682408,2.1093046838873356e-05,0.0005491846544682408,embedding_pca
esmif_PC834,0.0005363347639124399,1.2738397884458265e-05,0.0005363347639124399,embedding_pca
esmif_PC835,0.0005401913789089498,9.90625351485765e-06,0.0005401913789089498,embedding_pca
esmif_PC836,0.0005451992500127686,1.6933092257449244e-05,0.0005451992500127686,embedding_pca
esmif_PC837,0.0005784300896710427,4.384667893905895e-05,0.0005784300896710427,embedding_pca
esmif_PC838,0.0005455531509211207,1.3208873266640897e-05,0.0005455531509211207,embedding_pca
esmif_PC839,0.0005705143555097995,3.342967561555899e-05,0.0005705143555097995,embedding_pca
esmif_PC840,0.0005500744983949867,1.3672440723239428e-05,0.0005500744983949867,embedding_pca
esmif_PC841,0.0005347473366649115,1.0627724535965046e-05,0.0005347473366649115,embedding_pca
esmif_PC842,0.0005586300687648528,1.4162061653399972e-05,0.0005586300687648528,embedding_pca
esmif_PC843,0.0005447901074543927,2.3090596813689534e-05,0.0005447901074543927,embedding_pca
esmif_PC844,0.0005407891963172271,1.0024217433737794e-05,0.0005407891963172271,embedding_pca
esmif_PC845,0.0005472037818201197,1.757671656097967e-05,0.0005472037818201197,embedding_pca
esmif_PC846,0.0005511129545976591,2.908231157315136e-05,0.0005511129545976591,embedding_pca
esmif_PC847,0.000538215279069502,1.960334071937754e-05,0.000538215279069502,embedding_pca
esmif_PC848,0.0005540897875064387,1.3715885217417954e-05,0.0005540897875064387,embedding_pca
esmif_PC849,0.00054494463003214,1.117493000216366e-05,0.00054494463003214,embedding_pca
esmif_PC850,0.0005441329043834913,1.8969362743680482e-05,0.0005441329043834913,embedding_pca
esmif_PC851,0.000552465355829054,1.1328197801602535e-05,0.000552465355829054,embedding_pca
esmif_PC852,0.0005745402793228951,6.828437758119645e-05,0.0005745402793228951,embedding_pca
esmif_PC853,0.000547050376895701,1.833910372149874e-05,0.000547050376895701,embedding_pca
esmif_PC854,0.000538332624980945,1.275340195727518e-05,0.000538332624980945,embedding_pca
esmif_PC855,0.0005777393684243845,4.8454371242961774e-05,0.0005777393684243845,embedding_pca
esmif_PC856,0.000582912754494422,6.998764763509823e-05,0.000582912754494422,embedding_pca
esmif_PC857,0.0005564552279619028,1.3245578071407289e-05,0.0005564552279619028,embedding_pca
esmif_PC858,0.0005581558554317398,4.1464223469513044e-05,0.0005581558554317398,embedding_pca
esmif_PC859,0.0005378163002560108,8.964472154300462e-06,0.0005378163002560108,embedding_pca
esmif_PC860,0.0005468763152360304,1.4169587808939243e-05,0.0005468763152360304,embedding_pca
esmif_PC861,0.0005558781649099416,2.991146317482717e-05,0.0005558781649099416,embedding_pca
esmif_PC862,0.0005449905805385843,1.9236169832777195e-05,0.0005449905805385843,embedding_pca
esmif_PC863,0.0005376304787995709,8.732112028748712e-06,0.0005376304787995709,embedding_pca
esmif_PC864,0.000544348789060002,2.639871761404382e-05,0.000544348789060002,embedding_pca
esmif_PC865,0.0005346524460795892,1.1810997468980153e-05,0.0005346524460795892,embedding_pca
esmif_PC866,0.0005331975538469938,1.2431843917339764e-05,0.0005331975538469938,embedding_pca
esmif_PC867,0.0005506619178749072,1.9209185936510392e-05,0.0005506619178749072,embedding_pca
esmif_PC868,0.0005899408884120415,6.011331195762193e-05,0.0005899408884120415,embedding_pca
esmif_PC869,0.0005394903531187402,9.098985558050824e-06,0.0005394903531187402,embedding_pca
esmif_PC870,0.0005388364838069263,1.402549138152966e-05,0.0005388364838069263,embedding_pca
esmif_PC871,0.0005638556316779509,3.332264920572582e-05,0.0005638556316779509,embedding_pca
esmif_PC872,0.0005524678202998432,1.4732727598045162e-05,0.0005524678202998432,embedding_pca
esmif_PC873,0.0005523345876258969,1.365876709929771e-05,0.0005523345876258969,embedding_pca
esmif_PC874,0.0005392121696873321,1.3390364448199076e-05,0.0005392121696873321,embedding_pca
esmif_PC875,0.0005695774897743348,4.15968021369233e-05,0.0005695774897743348,embedding_pca
esmif_PC876,0.0005373704536907637,1.9045149142092212e-05,0.0005373704536907637,embedding_pca
esmif_PC877,0.0005552619511678024,2.229882297904193e-05,0.0005552619511678024,embedding_pca
esmif_PC878,0.0005401263894469859,1.7936714167286997e-05,0.0005401263894469859,embedding_pca
esmif_PC879,0.000544749333176538,1.6276395785904126e-05,0.000544749333176538,embedding_pca
esmif_PC880,0.0005388250056001154,1.238834730166163e-05,0.0005388250056001154,embedding_pca
esmif_PC881,0.0005439032004156249,9.94812469035219e-06,0.0005439032004156249,embedding_pca
esmif_PC882,0.0005521159701263594,1.780814658710777e-05,0.0005521159701263594,embedding_pca
esmif_PC883,0.0005731408368877747,3.673255926973261e-05,0.0005731408368877747,embedding_pca
esmif_PC884,0.0005695139425495683,6.487554073428515e-05,0.0005695139425495683,embedding_pca
esmif_PC885,0.0005382793679034358,9.52298027353679e-06,0.0005382793679034358,embedding_pca
esmif_PC886,0.0005494482901529699,1.3869318952545438e-05,0.0005494482901529699,embedding_pca
esmif_PC887,0.0005415167807788595,2.476349996484842e-05,0.0005415167807788595,embedding_pca
esmif_PC888,0.0005342932193316454,1.7538066055597302e-05,0.0005342932193316454,embedding_pca
esmif_PC889,0.0005457132993073516,2.491583230989812e-05,0.0005457132993073516,embedding_pca
esmif_PC890,0.0005344179457864787,2.2939653611882904e-05,0.0005344179457864787,embedding_pca
esmif_PC891,0.0005464828830324608,1.1426525239169273e-05,0.0005464828830324608,embedding_pca
esmif_PC892,0.0005323017926549295,1.4752576294103232e-05,0.0005323017926549295,embedding_pca
esmif_PC893,0.000561172931835559,1.33396245287487e-05,0.000561172931835559,embedding_pca
esmif_PC894,0.0005376369494111417,1.440523578393579e-05,0.0005376369494111417,embedding_pca
esmif_PC895,0.0005313318976289554,1.012729126976031e-05,0.0005313318976289554,embedding_pca
esmif_PC896,0.0005470981768418645,8.897284417384756e-06,0.0005470981768418645,embedding_pca
esmif_PC897,0.0005347220100870289,4.742640397782921e-06,0.0005347220100870289,embedding_pca
esmif_PC898,0.0005380448789245134,2.1275166678100106e-05,0.0005380448789245134,embedding_pca
esmif_PC899,0.0005380736856258794,7.492692310472434e-06,0.0005380736856258794,embedding_pca
esmif_PC900,0.0005504882528797674,1.410878347816657e-05,0.0005504882528797674,embedding_pca
esmif_PC901,0.0005584419691695545,7.980679162879595e-06,0.0005584419691695545,embedding_pca
esmif_PC902,0.0005387952070143084,2.0759403031848562e-05,0.0005387952070143084,embedding_pca
esmif_PC903,0.0005532272536255933,9.6262282280743e-06,0.0005532272536255933,embedding_pca
esmif_PC904,0.0005574434033796214,9.378355673339094e-06,0.0005574434033796214,embedding_pca
esmif_PC905,0.0005405502888906673,8.79070136186664e-06,0.0005405502888906673,embedding_pca
esmif_PC906,0.0005357450752946898,2.129174747814245e-05,0.0005357450752946898,embedding_pca
esmif_PC907,0.0005355268097391466,1.0415814645247086e-05,0.0005355268097391466,embedding_pca
esmif_PC908,0.0005396136383391599,1.3984601368414149e-05,0.0005396136383391599,embedding_pca
esmif_PC909,0.0005928160329596932,6.538340975276245e-05,0.0005928160329596932,embedding_pca
esmif_PC910,0.0005382119228071501,1.797391234924799e-05,0.0005382119228071501,embedding_pca
esmif_PC911,0.0005489826697583508,1.1637938965738909e-05,0.0005489826697583508,embedding_pca
esmif_PC912,0.0005390318045656841,2.0575583046373767e-05,0.0005390318045656841,embedding_pca
esmif_PC913,0.0005532764131660761,1.3994431656966448e-05,0.0005532764131660761,embedding_pca
esmif_PC914,0.000546387142462867,2.391447993693744e-05,0.000546387142462867,embedding_pca
esmif_PC915,0.0005545607827711505,1.4635342826998e-05,0.0005545607827711505,embedding_pca
esmif_PC916,0.0005469819940903651,1.5016426216744571e-05,0.0005469819940903651,embedding_pca
esmif_PC917,0.0005452853693031309,1.1515722569788566e-05,0.0005452853693031309,embedding_pca
esmif_PC918,0.0005460510074075916,1.5797689537868055e-05,0.0005460510074075916,embedding_pca
esmif_PC919,0.0005536624000108581,9.314568506348806e-06,0.0005536624000108581,embedding_pca
esmif_PC920,0.0005342646719858277,1.9873809965808048e-05,0.0005342646719858277,embedding_pca
esmif_PC921,0.000539386885536222,2.1049686642342927e-05,0.000539386885536222,embedding_pca
esmif_PC922,0.0005417276731323784,1.9762441314587025e-05,0.0005417276731323784,embedding_pca
esmif_PC923,0.0005656470276644337,4.781563809713622e-05,0.0005656470276644337,embedding_pca
esmif_PC924,0.0005482610401453245,1.641220491178224e-05,0.0005482610401453245,embedding_pca
esmif_PC925,0.0005503538679010161,1.7489575911573068e-05,0.0005503538679010161,embedding_pca
esmif_PC926,0.0005446516738328908,1.0657314710619962e-05,0.0005446516738328908,embedding_pca
esmif_PC927,0.0005482099071234442,2.0670871843244077e-05,0.0005482099071234442,embedding_pca
esmif_PC928,0.0005511957605348236,1.0810302131146336e-05,0.0005511957605348236,embedding_pca
esmif_PC929,0.0005342528798802334,1.636951365460178e-05,0.0005342528798802334,embedding_pca
esmif_PC930,0.0005372662568991526,1.797364852919092e-05,0.0005372662568991526,embedding_pca
esmif_PC931,0.0005530667037319907,2.0135598781780472e-05,0.0005530667037319907,embedding_pca
esmif_PC932,0.0005614001802605534,2.9827594970109832e-05,0.0005614001802605534,embedding_pca
esmif_PC933,0.0005460254138824562,1.489952940069849e-05,0.0005460254138824562,embedding_pca
esmif_PC934,0.00058004721075031,6.141299913909661e-05,0.00058004721075031,embedding_pca
esmif_PC935,0.0005460372310251855,1.9778824544988845e-05,0.0005460372310251855,embedding_pca
esmif_PC936,0.00054311338328379,1.2534593440919986e-05,0.00054311338328379,embedding_pca
esmif_PC937,0.000549654484733684,2.4031095812566527e-05,0.000549654484733684,embedding_pca
esmif_PC938,0.0005394188226431718,6.059992943289984e-06,0.0005394188226431718,embedding_pca
esmif_PC939,0.0005558458813057174,1.4269070630796906e-05,0.0005558458813057174,embedding_pca
esmif_PC940,0.0005961437567889609,8.51445101415178e-05,0.0005961437567889609,embedding_pca
esmif_PC941,0.0005780411546562748,8.510718125874885e-05,0.0005780411546562748,embedding_pca
esmif_PC942,0.0005478807950965384,1.516071492689551e-05,0.0005478807950965384,embedding_pca
esmif_PC943,0.0005459590708175519,1.9635049866880022e-05,0.0005459590708175519,embedding_pca
esmif_PC944,0.0006062292417326502,0.0001571268488139423,0.0006062292417326502,embedding_pca
esmif_PC945,0.0005477647231416898,4.97608296091109e-06,0.0005477647231416898,embedding_pca
esmif_PC946,0.0005772968974093278,6.239002039994176e-05,0.0005772968974093278,embedding_pca
esmif_PC947,0.0005633198239320501,1.608528243700286e-05,0.0005633198239320501,embedding_pca
esmif_PC948,0.0005683010572038801,3.220668400242422e-05,0.0005683010572038801,embedding_pca
esmif_PC949,0.000531750003564645,1.5937475294532573e-05,0.000531750003564645,embedding_pca
esmif_PC950,0.0006470627917175133,0.00018652208353030065,0.0006470627917175133,embedding_pca
esmif_PC951,0.0005528503384667081,3.481116236302567e-05,0.0005528503384667081,embedding_pca
esmif_PC952,0.0005509928985008427,2.408194872383847e-05,0.0005509928985008427,embedding_pca
esmif_PC953,0.0005399984990638026,1.8941720732207748e-05,0.0005399984990638026,embedding_pca
esmif_PC954,0.0005393088772296178,9.361668389649928e-06,0.0005393088772296178,embedding_pca
esmif_PC955,0.0006797292393897955,0.00015711582043311537,0.0006797292393897955,embedding_pca
esmif_PC956,0.0005413087251702313,8.482025828604793e-06,0.0005413087251702313,embedding_pca
esmif_PC957,0.0005463809242011628,1.33137239628372e-05,0.0005463809242011628,embedding_pca
esmif_PC958,0.0005422627273167973,2.8550154696760823e-05,0.0005422627273167973,embedding_pca
esmif_PC959,0.0005392576040795822,8.014478451759536e-06,0.0005392576040795822,embedding_pca
esmif_PC960,0.0005603817687686046,9.898831963774344e-06,0.0005603817687686046,embedding_pca
esmif_PC961,0.0005457751967477746,1.5969983933221743e-05,0.0005457751967477746,embedding_pca
esmif_PC962,0.0005366683143106914,1.7451311178516124e-05,0.0005366683143106914,embedding_pca
esmif_PC963,0.0005580192105505381,3.692908132116913e-05,0.0005580192105505381,embedding_pca
esmif_PC964,0.0005683173260160842,2.593715349973942e-05,0.0005683173260160842,embedding_pca
esmif_PC965,0.0005509243262178465,2.8873447801248078e-05,0.0005509243262178465,embedding_pca
esmif_PC966,0.0005586655609323055,8.32342975910089e-06,0.0005586655609323055,embedding_pca
esmif_PC967,0.000536286628117869,2.015867545835038e-05,0.000536286628117869,embedding_pca
esmif_PC968,0.000536667835021092,1.8142931749471787e-05,0.000536667835021092,embedding_pca
esmif_PC969,0.0005416726945919306,3.2038063536978305e-05,0.0005416726945919306,embedding_pca
esmif_PC970,0.0005393025286276408,8.720257355996254e-06,0.0005393025286276408,embedding_pca
esmif_PC971,0.0005493745602724512,1.151023939428938e-05,0.0005493745602724512,embedding_pca
esmif_PC972,0.0005502928545823823,2.1204317324355234e-05,0.0005502928545823823,embedding_pca
esmif_PC973,0.0005425438117056884,8.411462505891776e-06,0.0005425438117056884,embedding_pca
esmif_PC974,0.0005376123503549289,5.410553705603741e-06,0.0005376123503549289,embedding_pca
esmif_PC975,0.0006212469849795211,0.00010607412960556905,0.0006212469849795211,embedding_pca
esmif_PC976,0.0005797019495916676,7.444774094735595e-05,0.0005797019495916676,embedding_pca
esmif_PC977,0.000598273275331973,0.00010391656995888093,0.000598273275331973,embedding_pca
esmif_PC978,0.0005352632345463112,1.4330910815457188e-05,0.0005352632345463112,embedding_pca
esmif_PC979,0.0006620678489556908,0.00010700798777841268,0.0006620678489556908,embedding_pca
esmif_PC980,0.0005657104838242629,3.1521032124718953e-05,0.0005657104838242629,embedding_pca
esmif_PC981,0.0005374839531974826,7.950416553526737e-06,0.0005374839531974826,embedding_pca
esmif_PC982,0.0005569617774504652,3.1105884259777625e-05,0.0005569617774504652,embedding_pca
esmif_PC983,0.0005708069806296222,3.6708932927896226e-05,0.0005708069806296222,embedding_pca
esmif_PC984,0.0005373623248141161,1.7784262158885472e-05,0.0005373623248141161,embedding_pca
esmif_PC985,0.0005471249259418167,1.3497388182405143e-05,0.0005471249259418167,embedding_pca
esmif_PC986,0.0006129146840565899,6.744196939362694e-05,0.0006129146840565899,embedding_pca
esmif_PC987,0.0005750073494639742,4.6992762661363045e-05,0.0005750073494639742,embedding_pca
esmif_PC988,0.0005381991302506792,3.074661026048484e-05,0.0005381991302506792,embedding_pca
esmif_PC989,0.000555117841824777,1.4405909671511007e-05,0.000555117841824777,embedding_pca
esmif_PC990,0.0006015738283165986,0.00011967436427153386,0.0006015738283165986,embedding_pca
esmif_PC991,0.0005281675967029565,1.3227546950836799e-05,0.0005281675967029565,embedding_pca
esmif_PC992,0.0005402253407585779,1.1270585802066283e-05,0.0005402253407585779,embedding_pca
esmif_PC993,0.000548893894012568,1.2179755034710577e-05,0.000548893894012568,embedding_pca
esmif_PC994,0.0005385079073174826,6.943283983597316e-06,0.0005385079073174826,embedding_pca
esmif_PC995,0.0005636932156043109,1.744297806517583e-05,0.0005636932156043109,embedding_pca
esmif_PC996,0.0005387116279282687,9.021203750174509e-06,0.0005387116279282687,embedding_pca
esmif_PC997,0.0005443802263389287,1.2113239006909732e-05,0.0005443802263389287,embedding_pca
esmif_PC998,0.0005780870754390963,4.863884661242035e-05,0.0005780870754390963,embedding_pca
esmif_PC999,0.0005303774393163815,1.870872365265397e-05,0.0005303774393163815,embedding_pca
esmif_PC1000,0.0005349502292835697,1.2688282409023704e-05,0.0005349502292835697,embedding_pca
esmif_PC1001,0.0005448306414838047,1.6842544557425715e-05,0.0005448306414838047,embedding_pca
esmif_PC1002,0.0005433863434240613,1.72878908303748e-05,0.0005433863434240613,embedding_pca
esmif_PC1003,0.0005447562196548086,1.5382888691902148e-05,0.0005447562196548086,embedding_pca
esmif_PC1004,0.0005322659502352757,1.8493077275167944e-05,0.0005322659502352757,embedding_pca
esmif_PC1005,0.0005407799509659639,1.3838859843145398e-05,0.0005407799509659639,embedding_pca
esmif_PC1006,0.0005356245162930959,1.8499698219457034e-05,0.0005356245162930959,embedding_pca
esmif_PC1007,0.000549887057349169,1.9782451739377064e-05,0.000549887057349169,embedding_pca
esmif_PC1008,0.000549034475201544,1.624504064593791e-05,0.000549034475201544,embedding_pca
esmif_PC1009,0.0005453798098405188,3.509264708997588e-05,0.0005453798098405188,embedding_pca
esmif_PC1010,0.0005514675650898515,1.172952342189487e-05,0.0005514675650898515,embedding_pca
esmif_PC1011,0.0005390520460772841,1.574452523281957e-05,0.0005390520460772841,embedding_pca
esmif_PC1012,0.0005557758087804031,2.424141860477627e-05,0.0005557758087804031,embedding_pca
esmif_PC1013,0.0005537718666444486,1.726307015599192e-05,0.0005537718666444486,embedding_pca
esmif_PC1014,0.0005405429402741093,5.955184699375346e-06,0.0005405429402741093,embedding_pca
esmif_PC1015,0.0005931179736957561,8.008000149751257e-05,0.0005931179736957561,embedding_pca
esmif_PC1016,0.0005472317432973939,1.948952269123774e-05,0.0005472317432973939,embedding_pca
esmif_PC1017,0.0005519559301332397,1.4662229062961236e-05,0.0005519559301332397,embedding_pca
esmif_PC1018,0.0005354043344587493,9.657485397876962e-06,0.0005354043344587493,embedding_pca
esmif_PC1019,0.0005563578423881794,2.3275085259452852e-05,0.0005563578423881794,embedding_pca
esmif_PC1020,0.0005503497430481205,1.809464691980988e-05,0.0005503497430481205,embedding_pca
esmif_PC1021,0.0005402861281236682,1.3768596526133688e-05,0.0005402861281236682,embedding_pca
esmif_PC1022,0.0005394502907820597,1.0646367133167217e-05,0.0005394502907820597,embedding_pca
esmif_PC1023,0.0005410395730618873,3.0030322976670543e-05,0.0005410395730618873,embedding_pca
esmif_PC1024,0.0005400684367176053,1.7267477769433712e-05,0.0005400684367176053,embedding_pca
esmif_PC1025,0.0005400568342630631,2.516484136234594e-05,0.0005400568342630631,embedding_pca
esmif_PC1026,0.00054666193404583,1.3155933073321914e-05,0.00054666193404583,embedding_pca
esmif_PC1027,0.0005355193991147139,9.914961908706901e-06,0.0005355193991147139,embedding_pca
esmif_PC1028,0.0005459282418833715,1.5800037909219117e-05,0.0005459282418833715,embedding_pca
esmif_PC1029,0.0006096622620654733,0.00012294124030135417,0.0006096622620654733,embedding_pca
esmif_PC1030,0.0005562136508839202,2.748635229515746e-05,0.0005562136508839202,embedding_pca
esmif_PC1031,0.0005417938311903981,1.110617069009101e-05,0.0005417938311903981,embedding_pca
esmif_PC1032,0.0005492774647293125,6.06968061482698e-06,0.0005492774647293125,embedding_pca
esmif_PC1033,0.0005395826192570518,6.3106557295706785e-06,0.0005395826192570518,embedding_pca
esmif_PC1034,0.0005442455693596556,1.9665763774852014e-05,0.0005442455693596556,embedding_pca
esmif_PC1035,0.0005643694928830657,8.06712023722208e-05,0.0005643694928830657,embedding_pca
esmif_PC1036,0.0005586970742751517,2.5368548397897926e-05,0.0005586970742751517,embedding_pca
esmif_PC1037,0.0005457252514659762,1.8658181327688413e-05,0.0005457252514659762,embedding_pca
esmif_PC1038,0.0005546432906218894,3.4303004501904e-05,0.0005546432906218894,embedding_pca
esmif_PC1039,0.0005554522717587321,4.353668408995898e-05,0.0005554522717587321,embedding_pca
esmif_PC1040,0.0005485394071878896,2.4811740212892723e-05,0.0005485394071878896,embedding_pca
esmif_PC1041,0.0005559264651247232,2.1193629974867792e-05,0.0005559264651247232,embedding_pca
esmif_PC1042,0.0005616119722325717,2.0859909866183964e-05,0.0005616119722325717,embedding_pca
esmif_PC1043,0.0005449248226690429,2.0104092827310335e-05,0.0005449248226690429,embedding_pca
esmif_PC1044,0.0005596731677492665,2.786258678799891e-05,0.0005596731677492665,embedding_pca
esmif_PC1045,0.0005347734606927876,1.8140013186528146e-05,0.0005347734606927876,embedding_pca
esmif_PC1046,0.0005514781849163453,1.5973357988425736e-05,0.0005514781849163453,embedding_pca
esmif_PC1047,0.0005347230836878238,9.687772552059165e-06,0.0005347230836878238,embedding_pca
esmif_PC1048,0.0005350178008655135,1.6682549755455064e-05,0.0005350178008655135,embedding_pca
esmif_PC1049,0.0005319949213022125,1.2790512866182467e-05,0.0005319949213022125,embedding_pca
esmif_PC1050,0.0005349648128718064,1.594895679601431e-05,0.0005349648128718064,embedding_pca
esmif_PC1051,0.0005426148416695076,1.4844092878204675e-05,0.0005426148416695076,embedding_pca
esmif_PC1052,0.0005436377798736086,1.0179698561363428e-05,0.0005436377798736086,embedding_pca
esmif_PC1053,0.0005508416594099836,1.7531539563464524e-05,0.0005508416594099836,embedding_pca
esmif_PC1054,0.0005400077726273038,1.415031514374201e-05,0.0005400077726273038,embedding_pca
esmif_PC1055,0.0005391571210825096,2.802177893134341e-05,0.0005391571210825096,embedding_pca
esmif_PC1056,0.0005273438808914975,1.3549238181199536e-05,0.0005273438808914975,embedding_pca
esmif_PC1057,0.0005603895605486611,5.414804510124934e-05,0.0005603895605486611,embedding_pca
esmif_PC1058,0.0005470483526030021,1.80631851194437e-05,0.0005470483526030021,embedding_pca
esmif_PC1059,0.0005624787053405932,2.6022649679775593e-05,0.0005624787053405932,embedding_pca
esmif_PC1060,0.0005501794978687123,9.979389732626982e-06,0.0005501794978687123,embedding_pca
esmif_PC1061,0.0005414520391460286,6.672146974479401e-06,0.0005414520391460286,embedding_pca
esmif_PC1062,0.0005455942871935232,1.253752622363317e-05,0.0005455942871935232,embedding_pca
esmif_PC1063,0.0005428673401274965,1.615781797084391e-05,0.0005428673401274965,embedding_pca
esmif_PC1064,0.0005500900588802261,1.1673555074358466e-05,0.0005500900588802261,embedding_pca
esmif_PC1065,0.0005445263774932558,7.249937379231015e-06,0.0005445263774932558,embedding_pca
esmif_PC1066,0.0005477345838990238,2.0118356632338698e-05,0.0005477345838990238,embedding_pca
esmif_PC1067,0.0005422139640654387,1.0641189514212444e-05,0.0005422139640654387,embedding_pca
esmif_PC1068,0.0005394011144754675,6.3660974573466486e-06,0.0005394011144754675,embedding_pca
esmif_PC1069,0.0005893118464616887,0.00010845373003638509,0.0005893118464616887,embedding_pca
esmif_PC1070,0.0005428356000652565,1.6639148978359035e-05,0.0005428356000652565,embedding_pca
esmif_PC1071,0.0005294410808739221,1.8773245772293496e-05,0.0005294410808739221,embedding_pca
esmif_PC1072,0.0005413809727133196,2.205677168778733e-05,0.0005413809727133196,embedding_pca
esmif_PC1073,0.0005364546774449845,1.6522780821876552e-05,0.0005364546774449845,embedding_pca
esmif_PC1074,0.0005398841269152897,1.1021222628548505e-05,0.0005398841269152897,embedding_pca
esmif_PC1075,0.0005420036861670976,1.9950818623981408e-05,0.0005420036861670976,embedding_pca
esmif_PC1076,0.0005485955369633058,2.115652155739778e-05,0.0005485955369633058,embedding_pca
esmif_PC1077,0.0005282001538655331,1.0546721628108633e-05,0.0005282001538655331,embedding_pca
esmif_PC1078,0.0005707013687002383,1.97810433458472e-05,0.0005707013687002383,embedding_pca
esmif_PC1079,0.0005395942790967844,5.033706219135535e-06,0.0005395942790967844,embedding_pca
esmif_PC1080,0.0005296650966182404,6.737977019798503e-06,0.0005296650966182404,embedding_pca
esmif_PC1081,0.0005439596696103476,6.238925645656673e-06,0.0005439596696103476,embedding_pca
esmif_PC1082,0.000536281572173124,8.397430729546447e-06,0.000536281572173124,embedding_pca
esmif_PC1083,0.0005526259897609233,2.5029955801414978e-05,0.0005526259897609233,embedding_pca
esmif_PC1084,0.0005612013356528824,4.589804252593478e-05,0.0005612013356528824,embedding_pca
esmif_PC1085,0.0005581130934878231,1.9705267224976422e-05,0.0005581130934878231,embedding_pca
esmif_PC1086,0.0005426354015749039,2.2120992625078984e-05,0.0005426354015749039,embedding_pca
esmif_PC1087,0.0005473624891318867,1.1268789331635582e-05,0.0005473624891318867,embedding_pca
esmif_PC1088,0.0005394996508680333,1.6228097661705953e-05,0.0005394996508680333,embedding_pca
esmif_PC1089,0.0005454818817260518,2.387065400137897e-05,0.0005454818817260518,embedding_pca
esmif_PC1090,0.0005388694656099231,8.431044737738953e-06,0.0005388694656099231,embedding_pca
esmif_PC1091,0.0005371348439184348,5.153520023663737e-06,0.0005371348439184348,embedding_pca
esmif_PC1092,0.0005429540532893081,8.14042205607855e-06,0.0005429540532893081,embedding_pca
esmif_PC1093,0.0005433234053500534,2.3128337256056018e-05,0.0005433234053500534,embedding_pca
esmif_PC1094,0.0005504914390419321,1.015195380875807e-05,0.0005504914390419321,embedding_pca
esmif_PC1095,0.0005287882707386357,1.0581923101937102e-05,0.0005287882707386357,embedding_pca
esmif_PC1096,0.0005362950370063402,1.5776101794863316e-05,0.0005362950370063402,embedding_pca
esmif_PC1097,0.0005524124853790677,1.7750940861990857e-05,0.0005524124853790677,embedding_pca
esmif_PC1098,0.0005410857935261212,2.2101921446937894e-05,0.0005410857935261212,embedding_pca
esmif_PC1099,0.0005389197116640161,1.206226351748192e-05,0.0005389197116640161,embedding_pca
esmif_PC1100,0.0005344489067319833,2.4780893715990058e-05,0.0005344489067319833,embedding_pca
esmif_PC1101,0.0005320357496437615,1.5294727004329512e-05,0.0005320357496437615,embedding_pca
esmif_PC1102,0.0005545507745516474,5.472907284120844e-06,0.0005545507745516474,embedding_pca
esmif_PC1103,0.0005515014883336475,1.0405939967561788e-05,0.0005515014883336475,embedding_pca
esmif_PC1104,0.0005387544259950331,1.5292388828456956e-05,0.0005387544259950331,embedding_pca
esmif_PC1105,0.000529276305711403,9.443563525133335e-06,0.000529276305711403,embedding_pca
esmif_PC1106,0.0005379301792880897,2.091757299690034e-05,0.0005379301792880897,embedding_pca
esmif_PC1107,0.0005414103737941386,2.1846433521759426e-05,0.0005414103737941386,embedding_pca
esmif_PC1108,0.0005401565722901335,1.058972203427561e-05,0.0005401565722901335,embedding_pca
esmif_PC1109,0.0005399038490146102,1.6132982238086793e-05,0.0005399038490146102,embedding_pca
esmif_PC1110,0.0005472075105083992,2.307340609237298e-05,0.0005472075105083992,embedding_pca
esmif_PC1111,0.0005444111997685302,9.17983468008485e-06,0.0005444111997685302,embedding_pca
esmif_PC1112,0.0005352698912914346,1.3233713596327496e-05,0.0005352698912914346,embedding_pca
esmif_PC1113,0.000536609842146443,1.7235976989821364e-05,0.000536609842146443,embedding_pca
esmif_PC1114,0.0005411846557418074,9.474512283401618e-06,0.0005411846557418074,embedding_pca
esmif_PC1115,0.0005301981919067023,1.4406458996697066e-05,0.0005301981919067023,embedding_pca
esmif_PC1116,0.0005509047827051852,1.4064663671849996e-05,0.0005509047827051852,embedding_pca
esmif_PC1117,0.0005382439060889555,2.4658353333671583e-05,0.0005382439060889555,embedding_pca
esmif_PC1118,0.000542313691964581,1.0172955073378963e-05,0.000542313691964581,embedding_pca
esmif_PC1119,0.0005401283538228042,1.3042569402053079e-05,0.0005401283538228042,embedding_pca
esmif_PC1120,0.0005480822299420855,9.749808540965647e-06,0.0005480822299420855,embedding_pca
esmif_PC1121,0.0005233042155243414,9.086897909296755e-06,0.0005233042155243414,embedding_pca
esmif_PC1122,0.0005209771782148017,6.686593979818689e-06,0.0005209771782148017,embedding_pca
esmif_PC1123,0.0005515070235992823,1.5442506846208493e-05,0.0005515070235992823,embedding_pca
esmif_PC1124,0.0005528640965180968,1.1942800759925541e-05,0.0005528640965180968,embedding_pca
esmif_PC1125,0.0005409098695116155,8.579595051587926e-06,0.0005409098695116155,embedding_pca
esmif_PC1126,0.0005449506012266834,2.174481355273835e-06,0.0005449506012266834,embedding_pca
esmif_PC1127,0.0005336391292918293,1.6801090246762212e-05,0.0005336391292918293,embedding_pca
esmif_PC1128,0.0005358055487815409,1.9093264373012087e-05,0.0005358055487815409,embedding_pca
esmif_PC1129,0.0005353625773207591,1.0484381571882165e-05,0.0005353625773207591,embedding_pca
esmif_PC1130,0.0005250131408350702,1.2334392780686483e-05,0.0005250131408350702,embedding_pca
esmif_PC1131,0.0005553939779941667,1.5938746243003713e-05,0.0005553939779941667,embedding_pca
esmif_PC1132,0.0005368586354211038,9.758340000059952e-06,0.0005368586354211038,embedding_pca
esmif_PC1133,0.0005370092532242917,2.4553425815256546e-05,0.0005370092532242917,embedding_pca
esmif_PC1134,0.0005753593165959729,5.942472184291417e-05,0.0005753593165959729,embedding_pca
esmif_PC1135,0.0005475877444100512,9.461182384039162e-06,0.0005475877444100512,embedding_pca
esmif_PC1136,0.0005413823808716004,6.337261101490024e-06,0.0005413823808716004,embedding_pca
esmif_PC1137,0.0005288813968926112,1.2815092535571155e-05,0.0005288813968926112,embedding_pca
esmif_PC1138,0.000560818503532938,2.606661700217425e-05,0.000560818503532938,embedding_pca
esmif_PC1139,0.000559091271909302,5.871594680088999e-05,0.000559091271909302,embedding_pca
esmif_PC1140,0.0005325937454271447,1.6570528218323108e-05,0.0005325937454271447,embedding_pca
esmif_PC1141,0.000551237884679414,8.947357226317507e-06,0.000551237884679414,embedding_pca
esmif_PC1142,0.0005879691324032754,0.00011224763267849806,0.0005879691324032754,embedding_pca
esmif_PC1143,0.0005392458178981016,3.561055373983039e-06,0.0005392458178981016,embedding_pca
esmif_PC1144,0.0005458428854748512,1.3083119644415386e-05,0.0005458428854748512,embedding_pca
esmif_PC1145,0.0005441496189940821,2.3243906542006716e-05,0.0005441496189940821,embedding_pca
esmif_PC1146,0.0005461554518589257,2.0194870438566728e-05,0.0005461554518589257,embedding_pca
esmif_PC1147,0.0005408419160834335,8.164754131567284e-06,0.0005408419160834335,embedding_pca
esmif_PC1148,0.0005494793009405612,1.3270345569168516e-05,0.0005494793009405612,embedding_pca
esmif_PC1149,0.0005293326154771905,1.128728379193574e-05,0.0005293326154771905,embedding_pca
esmif_PC1150,0.0005458379903061374,1.2690861170040022e-05,0.0005458379903061374,embedding_pca
esmif_PC1151,0.0005379802571669316,1.2391415015650976e-05,0.0005379802571669316,embedding_pca
esmif_PC1152,0.0005468983836090524,1.1010167427831986e-05,0.0005468983836090524,embedding_pca
esmif_PC1153,0.0005403985077456692,1.3960357966534272e-05,0.0005403985077456692,embedding_pca
esmif_PC1154,0.0005602489849154315,2.6299441835446448e-05,0.0005602489849154315,embedding_pca
esmif_PC1155,0.0005469774589110307,1.2654851604288659e-05,0.0005469774589110307,embedding_pca
esmif_PC1156,0.0005397776428613063,2.982816013662068e-05,0.0005397776428613063,embedding_pca
esmif_PC1157,0.0005513483856460105,1.6024515778608616e-05,0.0005513483856460105,embedding_pca
esmif_PC1158,0.0005881343271065822,7.688238151810262e-05,0.0005881343271065822,embedding_pca
esmif_PC1159,0.0005413297281386262,1.1767004206420825e-05,0.0005413297281386262,embedding_pca
esmif_PC1160,0.0005449221193742424,1.1554930176427489e-05,0.0005449221193742424,embedding_pca
esmif_PC1161,0.0005333668258352519,8.575586367689416e-06,0.0005333668258352519,embedding_pca
esmif_PC1162,0.0005396054264540579,1.4418712891014609e-05,0.0005396054264540579,embedding_pca
esmif_PC1163,0.0005449129264342605,2.7186903807710104e-05,0.0005449129264342605,embedding_pca
esmif_PC1164,0.0006092912626754402,0.0001254418954454134,0.0006092912626754402,embedding_pca
esmif_PC1165,0.0005414248712487104,1.3970457511294388e-05,0.0005414248712487104,embedding_pca
esmif_PC1166,0.0005564439041316065,4.105965966455231e-05,0.0005564439041316065,embedding_pca
esmif_PC1167,0.0005354826797979293,1.332511841961516e-05,0.0005354826797979293,embedding_pca
esmif_PC1168,0.0005439717237632263,1.1283957822187299e-05,0.0005439717237632263,embedding_pca
esmif_PC1169,0.0005424729053199108,1.633794115432014e-05,0.0005424729053199108,embedding_pca
esmif_PC1170,0.000549510696532359,2.3851471756115593e-05,0.000549510696532359,embedding_pca
esmif_PC1171,0.0005373063561252992,1.2890806084059897e-05,0.0005373063561252992,embedding_pca
esmif_PC1172,0.0005440837762504607,1.541245951598881e-05,0.0005440837762504607,embedding_pca
esmif_PC1173,0.0005560064105873707,1.0004721881642852e-05,0.0005560064105873707,embedding_pca
esmif_PC1174,0.0005383907838790936,6.740187650066061e-06,0.0005383907838790936,embedding_pca
esmif_PC1175,0.0005457961852608844,1.2645911487436618e-05,0.0005457961852608844,embedding_pca
esmif_PC1176,0.0006014076142467314,0.00013302590674389887,0.0006014076142467314,embedding_pca
esmif_PC1177,0.0005336431975329908,4.829085774909318e-06,0.0005336431975329908,embedding_pca
esmif_PC1178,0.0005371564796321051,1.603041207209697e-05,0.0005371564796321051,embedding_pca
esmif_PC1179,0.000543244193820684,9.40173687140438e-06,0.000543244193820684,embedding_pca
esmif_PC1180,0.0005594467052001677,5.967261897373635e-06,0.0005594467052001677,embedding_pca
esmif_PC1181,0.0005375756701162082,2.0184598793695697e-05,0.0005375756701162082,embedding_pca
esmif_PC1182,0.0005402354441099205,5.742540413512089e-06,0.0005402354441099205,embedding_pca
esmif_PC1183,0.0005345315109312368,2.3541087414273123e-05,0.0005345315109312368,embedding_pca
esmif_PC1184,0.0005479548161961271,2.0957929081130494e-05,0.0005479548161961271,embedding_pca
esmif_PC1185,0.0005342888293307041,1.538471670135159e-05,0.0005342888293307041,embedding_pca
esmif_PC1186,0.0005416994464987771,1.409130735656907e-05,0.0005416994464987771,embedding_pca
esmif_PC1187,0.000540339048453771,1.7267027589742085e-05,0.000540339048453771,embedding_pca
esmif_PC1188,0.0005412397175261298,1.291801587370716e-05,0.0005412397175261298,embedding_pca
esmif_PC1189,0.0005459460199153643,1.7751858086101946e-05,0.0005459460199153643,embedding_pca
esmif_PC1190,0.0005377296293661322,1.871989746881482e-05,0.0005377296293661322,embedding_pca
esmif_PC1191,0.0005380094698947469,1.2195833466482533e-05,0.0005380094698947469,embedding_pca
esmif_PC1192,0.0005571740522325411,1.426072401680706e-05,0.0005571740522325411,embedding_pca
esmif_PC1193,0.0005361198792148365,1.7975677727673606e-05,0.0005361198792148365,embedding_pca
esmif_PC1194,0.0005361590740460372,1.9345537718876792e-05,0.0005361590740460372,embedding_pca
esmif_PC1195,0.0005363253854242413,1.8419991035709837e-05,0.0005363253854242413,embedding_pca
esmif_PC1196,0.0005312895465188668,1.2182259485857255e-05,0.0005312895465188668,embedding_pca
esmif_PC1197,0.0005513558661036591,1.1210758176665277e-05,0.0005513558661036591,embedding_pca
esmif_PC1198,0.0005434798831764709,1.317844350488634e-05,0.0005434798831764709,embedding_pca
esmif_PC1199,0.0005407911326112396,1.4016122477580669e-05,0.0005407911326112396,embedding_pca
esmif_PC1200,0.0005487735183429909,2.4306858560773332e-05,0.0005487735183429909,embedding_pca
esmif_PC1201,0.0005591076048888357,1.0000537845761313e-05,0.0005591076048888357,embedding_pca
esmif_PC1202,0.0005363900357770326,1.2495342132052625e-05,0.0005363900357770326,embedding_pca
esmif_PC1203,0.000552853496143517,1.082661809194528e-05,0.000552853496143517,embedding_pca
esmif_PC1204,0.0005263842791012659,1.2199479021102708e-05,0.0005263842791012659,embedding_pca
esmif_PC1205,0.0005381061101931179,8.462319677079394e-06,0.0005381061101931179,embedding_pca
esmif_PC1206,0.0005424006317400004,1.2301578738279538e-05,0.0005424006317400004,embedding_pca
esmif_PC1207,0.0005257425828708645,1.1747865020136881e-05,0.0005257425828708645,embedding_pca
esmif_PC1208,0.0005863195684452295,6.517383600186902e-05,0.0005863195684452295,embedding_pca
esmif_PC1209,0.0005597097767969582,3.4749438620331444e-05,0.0005597097767969582,embedding_pca
esmif_PC1210,0.000538536924742215,9.257005995651842e-06,0.000538536924742215,embedding_pca
esmif_PC1211,0.000554605204270944,3.546774839115186e-05,0.000554605204270944,embedding_pca
esmif_PC1212,0.0005337859764995926,1.422821212773145e-05,0.0005337859764995926,embedding_pca
esmif_PC1213,0.000533789368049461,8.933206794295001e-06,0.000533789368049461,embedding_pca
esmif_PC1214,0.000538011006621833,1.351383255190274e-05,0.000538011006621833,embedding_pca
esmif_PC1215,0.0005338595737863357,1.7486666164211818e-05,0.0005338595737863357,embedding_pca
esmif_PC1216,0.0005346082268256277,9.442916867312284e-06,0.0005346082268256277,embedding_pca
esmif_PC1217,0.0005463719042726369,1.599915444024088e-05,0.0005463719042726369,embedding_pca
esmif_PC1218,0.0005586431533388673,1.1441537098376634e-05,0.0005586431533388673,embedding_pca
esmif_PC1219,0.0005742368933254471,3.1675415447462847e-05,0.0005742368933254471,embedding_pca
esmif_PC1220,0.0005440343171563926,2.1217059978963152e-05,0.0005440343171563926,embedding_pca
esmif_PC1221,0.0005441802628697425,1.63788679312086e-05,0.0005441802628697425,embedding_pca
esmif_PC1222,0.0005423174762643314,7.6653096402833e-06,0.0005423174762643314,embedding_pca
esmif_PC1223,0.0005628621098229162,6.3167858627917e-05,0.0005628621098229162,embedding_pca
esmif_PC1224,0.0005494903126741322,2.7916748068859504e-05,0.0005494903126741322,embedding_pca
esmif_PC1225,0.0005342832265085593,1.7252189029562663e-05,0.0005342832265085593,embedding_pca
esmif_PC1226,0.0005459546129631683,1.953882185778903e-05,0.0005459546129631683,embedding_pca
esmif_PC1227,0.0005353083150220376,1.869162030004379e-05,0.0005353083150220376,embedding_pca
esmif_PC1228,0.0005378337648240096,1.0960153312168015e-05,0.0005378337648240096,embedding_pca
esmif_PC1229,0.0005411424950358479,1.601299509790097e-05,0.0005411424950358479,embedding_pca
esmif_PC1230,0.0005643185648500868,4.993813556984249e-05,0.0005643185648500868,embedding_pca
esmif_PC1231,0.0005448767840349735,5.569770003070351e-06,0.0005448767840349735,embedding_pca
esmif_PC1232,0.0005410424892483862,1.6223784011053494e-05,0.0005410424892483862,embedding_pca
esmif_PC1233,0.0005780780102890244,3.556508387322547e-05,0.0005780780102890244,embedding_pca
esmif_PC1234,0.000609173616227681,0.00012615665837669587,0.000609173616227681,embedding_pca
esmif_PC1235,0.0005472211285148202,1.8719970141784562e-05,0.0005472211285148202,embedding_pca
esmif_PC1236,0.0005348856872894826,9.457258206676805e-06,0.0005348856872894826,embedding_pca
esmif_PC1237,0.0005387104027637907,9.193768478397345e-06,0.0005387104027637907,embedding_pca
esmif_PC1238,0.0005712243112161541,4.35971211363437e-05,0.0005712243112161541,embedding_pca
esmif_PC1239,0.0005754174181769667,8.779242769673349e-05,0.0005754174181769667,embedding_pca
esmif_PC1240,0.0005394383356978975,4.418880557991552e-06,0.0005394383356978975,embedding_pca
esmif_PC1241,0.0005412091554398708,7.1576836561435874e-06,0.0005412091554398708,embedding_pca
esmif_PC1242,0.0005558186118972435,1.933287259485244e-05,0.0005558186118972435,embedding_pca
esmif_PC1243,0.0005477288546290358,2.071682013428871e-05,0.0005477288546290358,embedding_pca
esmif_PC1244,0.0005492663424561769,1.0800664051993884e-05,0.0005492663424561769,embedding_pca
esmif_PC1245,0.0005273188680047415,9.388604146117093e-06,0.0005273188680047415,embedding_pca
esmif_PC1246,0.0005747231268119082,4.193645844381359e-05,0.0005747231268119082,embedding_pca
esmif_PC1247,0.0005556770478954429,1.951517350224199e-05,0.0005556770478954429,embedding_pca
esmif_PC1248,0.0005416217206109465,9.312410430203289e-06,0.0005416217206109465,embedding_pca
esmif_PC1249,0.0005735604316576275,7.51907484192794e-05,0.0005735604316576275,embedding_pca
esmif_PC1250,0.0005449794949397308,8.936555418105856e-06,0.0005449794949397308,embedding_pca
esmif_PC1251,0.0005443487270175895,1.0842496680648489e-05,0.0005443487270175895,embedding_pca
esmif_PC1252,0.0005443218301297583,2.1819444436545453e-05,0.0005443218301297583,embedding_pca
esmif_PC1253,0.0005733896660356467,2.9095673909721516e-05,0.0005733896660356467,embedding_pca
esmif_PC1254,0.000548761404456913,5.5120689356943915e-06,0.000548761404456913,embedding_pca
esmif_PC1255,0.000546917508849897,1.4174042404403883e-05,0.000546917508849897,embedding_pca
esmif_PC1256,0.0005398509024564981,2.441504571833294e-05,0.0005398509024564981,embedding_pca
esmif_PC1257,0.0005449935579837655,2.968729365234423e-05,0.0005449935579837655,embedding_pca
esmif_PC1258,0.0005691465154952386,4.341815925843683e-05,0.0005691465154952386,embedding_pca
esmif_PC1259,0.0005676297755534728,7.234204442192734e-05,0.0005676297755534728,embedding_pca
esmif_PC1260,0.0005317530480912733,1.3421613503744601e-05,0.0005317530480912733,embedding_pca
esmif_PC1261,0.0005468705317360385,1.3232095176412556e-05,0.0005468705317360385,embedding_pca
esmif_PC1262,0.0005360410773794012,1.0443692255922051e-05,0.0005360410773794012,embedding_pca
esmif_PC1263,0.0005821353216433077,5.850199587802024e-05,0.0005821353216433077,embedding_pca
esmif_PC1264,0.0005458681939072268,9.520307060318031e-06,0.0005458681939072268,embedding_pca
esmif_PC1265,0.0005834461663420974,5.005053605455224e-05,0.0005834461663420974,embedding_pca
esmif_PC1266,0.0005507872720449689,4.896901520683944e-05,0.0005507872720449689,embedding_pca
esmif_PC1267,0.0005247565613803672,1.4761500670780586e-05,0.0005247565613803672,embedding_pca
esmif_PC1268,0.0006269258989318762,8.422347418465626e-05,0.0006269258989318762,embedding_pca
esmif_PC1269,0.0005535974594475972,1.983142166265167e-05,0.0005535974594475972,embedding_pca
esmif_PC1270,0.0005363916455008871,1.3652117704123262e-05,0.0005363916455008871,embedding_pca
esmif_PC1271,0.0005453526776230114,2.8438301954549636e-05,0.0005453526776230114,embedding_pca
esmif_PC1272,0.000538532545798087,1.871568185566419e-05,0.000538532545798087,embedding_pca
esmif_PC1273,0.0005575007062907291,2.060419840224562e-05,0.0005575007062907291,embedding_pca
esmif_PC1274,0.0005838802596410673,9.065212651632277e-05,0.0005838802596410673,embedding_pca
esmif_PC1275,0.0005314452446352257,6.667773223331217e-06,0.0005314452446352257,embedding_pca
esmif_PC1276,0.0005611443803939977,2.714520668520856e-05,0.0005611443803939977,embedding_pca
esmif_PC1277,0.0005523413667201278,1.1241746595472241e-05,0.0005523413667201278,embedding_pca
esmif_PC1278,0.0005319444811947784,1.8627542564842084e-05,0.0005319444811947784,embedding_pca
esmif_PC1279,0.0005685834757500798,4.884850346385811e-05,0.0005685834757500798,embedding_pca
esmif_PC1280,0.0005437653528745038,1.1397522678626183e-05,0.0005437653528745038,embedding_pca
esmif_PC1281,0.0005728758125776535,5.21675921896077e-05,0.0005728758125776535,embedding_pca
esmif_PC1282,0.0005325014039004709,9.51593791386294e-06,0.0005325014039004709,embedding_pca
esmif_PC1283,0.0005420295884593395,1.6929615255605743e-05,0.0005420295884593395,embedding_pca
esmif_PC1284,0.0005398138576752527,1.1795587024658593e-05,0.0005398138576752527,embedding_pca
esmif_PC1285,0.0005675215435783451,2.3992626933831797e-05,0.0005675215435783451,embedding_pca
esmif_PC1286,0.0005408653637888865,2.175277246652998e-05,0.0005408653637888865,embedding_pca
esmif_PC1287,0.0005738818964334733,5.6246837232779724e-05,0.0005738818964334733,embedding_pca
esmif_PC1288,0.0005535890355742359,1.14468541354208e-05,0.0005535890355742359,embedding_pca
esmif_PC1289,0.0005473855461760247,2.6085723910077724e-05,0.0005473855461760247,embedding_pca
esmif_PC1290,0.0005429588497815085,1.2285605046755856e-05,0.0005429588497815085,embedding_pca
esmif_PC1291,0.0005433105061451972,1.6890789747510328e-05,0.0005433105061451972,embedding_pca
esmif_PC1292,0.0005596072608814364,3.659202157239166e-05,0.0005596072608814364,embedding_pca
esmif_PC1293,0.0005492453046101731,2.0769988573166684e-05,0.0005492453046101731,embedding_pca
esmif_PC1294,0.000556388929699834,1.586861161042826e-05,0.000556388929699834,embedding_pca
esmif_PC1295,0.0005535127838483008,1.723956605207871e-05,0.0005535127838483008,embedding_pca
esmif_PC1296,0.0005471567915654566,1.515462422639616e-05,0.0005471567915654566,embedding_pca
esmif_PC1297,0.0005456257974441246,8.573122428653232e-06,0.0005456257974441246,embedding_pca
esmif_PC1298,0.0005558574165748141,2.4491796252594827e-05,0.0005558574165748141,embedding_pca
esmif_PC1299,0.0005748690709529059,4.630018227556868e-05,0.0005748690709529059,embedding_pca
esmif_PC1300,0.000539143920549342,1.1389153867596399e-05,0.000539143920549342,embedding_pca
esmif_PC1301,0.0005428403565372211,1.9841753248623698e-05,0.0005428403565372211,embedding_pca
esmif_PC1302,0.0005626487169833374,4.3700071157017377e-05,0.0005626487169833374,embedding_pca
esmif_PC1303,0.0005408033525986762,1.4675647398430989e-05,0.0005408033525986762,embedding_pca
esmif_PC1304,0.0005465727547494488,2.0723751764213053e-05,0.0005465727547494488,embedding_pca
esmif_PC1305,0.0005312697333548185,1.1859071634592187e-05,0.0005312697333548185,embedding_pca
esmif_PC1306,0.0005365388150316696,7.570605959801456e-06,0.0005365388150316696,embedding_pca
esmif_PC1307,0.0005501967942938503,1.1327461583359276e-05,0.0005501967942938503,embedding_pca
esmif_PC1308,0.0005324093950317456,1.3136503690444863e-05,0.0005324093950317456,embedding_pca
esmif_PC1309,0.0005558717759297855,1.1882412840156936e-05,0.0005558717759297855,embedding_pca
esmif_PC1310,0.0005474124849112755,9.870002326866288e-06,0.0005474124849112755,embedding_pca
esmif_PC1311,0.0005322693886554038,6.1604657625881905e-06,0.0005322693886554038,embedding_pca
esmif_PC1312,0.0005731800553158896,2.4373426080276606e-05,0.0005731800553158896,embedding_pca
esmif_PC1313,0.0005674717526743134,2.1815682886621684e-05,0.0005674717526743134,embedding_pca
esmif_PC1314,0.0005408271231060554,1.4819775142421348e-05,0.0005408271231060554,embedding_pca
esmif_PC1315,0.0005370392964213878,2.067279128418237e-05,0.0005370392964213878,embedding_pca
esmif_PC1316,0.000543231832379306,1.5995168127706657e-05,0.000543231832379306,embedding_pca
esmif_PC1317,0.0005475304476780026,9.38062091994206e-06,0.0005475304476780026,embedding_pca
esmif_PC1318,0.0005383334221250846,1.748468270061079e-05,0.0005383334221250846,embedding_pca
esmif_PC1319,0.000548415347916416,2.4215430052282913e-05,0.000548415347916416,embedding_pca
esmif_PC1320,0.0005411326851592915,1.359995397228598e-05,0.0005411326851592915,embedding_pca
esmif_PC1321,0.0005401504615233008,1.0674143524284066e-05,0.0005401504615233008,embedding_pca
esmif_PC1322,0.0005471657337372574,1.5737806628940012e-05,0.0005471657337372574,embedding_pca
esmif_PC1323,0.000547355593372605,9.35122802804647e-06,0.000547355593372605,embedding_pca
esmif_PC1324,0.0005691057234713141,7.858947599703381e-05,0.0005691057234713141,embedding_pca
esmif_PC1325,0.0005260742183637371,1.6468685891475586e-05,0.0005260742183637371,embedding_pca
esmif_PC1326,0.0005432388510373216,1.0501088198470249e-05,0.0005432388510373216,embedding_pca
esmif_PC1327,0.0005383095825768935,1.3893346505869012e-05,0.0005383095825768935,embedding_pca
esmif_PC1328,0.0005511865797634165,1.3086402182904572e-05,0.0005511865797634165,embedding_pca
esmif_PC1329,0.000545175043963349,1.7604546644175315e-05,0.000545175043963349,embedding_pca
esmif_PC1330,0.0005597892745762495,7.657454138618636e-06,0.0005597892745762495,embedding_pca
esmif_PC1331,0.0005390964235120436,1.6228597878999758e-05,0.0005390964235120436,embedding_pca
esmif_PC1332,0.0005633975994055942,6.824133840391452e-05,0.0005633975994055942,embedding_pca
esmif_PC1333,0.0005737261168553157,5.4720947010082845e-05,0.0005737261168553157,embedding_pca
esmif_PC1334,0.0006170122575688091,0.00011479247806699554,0.0006170122575688091,embedding_pca
esmif_PC1335,0.0006450847564294273,0.0002148078980246572,0.0006450847564294273,embedding_pca
esmif_PC1336,0.0005590156532931048,2.4429232537053133e-05,0.0005590156532931048,embedding_pca
esmif_PC1337,0.0005949300246744332,8.928910190606116e-05,0.0005949300246744332,embedding_pca
esmif_PC1338,0.0005372688548692147,1.314458728684865e-05,0.0005372688548692147,embedding_pca
esmif_PC1339,0.0005438660042429129,1.9228369576827613e-05,0.0005438660042429129,embedding_pca
esmif_PC1340,0.0005564081192550614,3.8683776253616536e-05,0.0005564081192550614,embedding_pca
esmif_PC1341,0.0005461949487134099,9.755455276000013e-06,0.0005461949487134099,embedding_pca
esmif_PC1342,0.00068768742928487,0.00012718245619975797,0.00068768742928487,embedding_pca
esmif_PC1343,0.0005638199579609427,5.65100063468774e-05,0.0005638199579609427,embedding_pca
esmif_PC1344,0.0005509482480659602,2.632049514295429e-05,0.0005509482480659602,embedding_pca
esmif_PC1345,0.0005532017502911107,1.3323372942910614e-05,0.0005532017502911107,embedding_pca
esmif_PC1346,0.0005753644925372377,3.468171043041244e-05,0.0005753644925372377,embedding_pca
esmif_PC1347,0.0005390123195444567,1.0937471400804387e-05,0.0005390123195444567,embedding_pca
esmif_PC1348,0.0006065590987527718,0.00012120928534608962,0.0006065590987527718,embedding_pca
esmif_PC1349,0.0005307828600115508,1.5095709038815855e-05,0.0005307828600115508,embedding_pca
esmif_PC1350,0.0005389180507932062,1.1946360962921585e-05,0.0005389180507932062,embedding_pca
esmif_PC1351,0.000547497211008903,1.8577460769478387e-05,0.000547497211008903,embedding_pca
esmif_PC1352,0.0005583934241771255,5.0004421689976704e-05,0.0005583934241771255,embedding_pca
esmif_PC1353,0.0005303128764695129,1.7308332758932094e-05,0.0005303128764695129,embedding_pca
esmif_PC1354,0.0005867925239698253,9.1665256831913e-05,0.0005867925239698253,embedding_pca
esmif_PC1355,0.0005360051010976989,3.715616973224842e-06,0.0005360051010976989,embedding_pca
esmif_PC1356,0.0006158258883360467,0.00011643659036954015,0.0006158258883360467,embedding_pca
esmif_PC1357,0.000540402292360018,9.71412712459566e-06,0.000540402292360018,embedding_pca
esmif_PC1358,0.0005872402536899127,6.572299388094036e-05,0.0005872402536899127,embedding_pca
esmif_PC1359,0.0005441370385868748,8.859624845099484e-06,0.0005441370385868748,embedding_pca
esmif_PC1360,0.0005411750853136738,1.380147877247691e-05,0.0005411750853136738,embedding_pca
esmif_PC1361,0.0005670160212002914,4.55771032985243e-05,0.0005670160212002914,embedding_pca
esmif_PC1362,0.0005434251464241357,7.660301237891425e-06,0.0005434251464241357,embedding_pca
esmif_PC1363,0.0005512223359895226,2.4979189286968403e-05,0.0005512223359895226,embedding_pca
esmif_PC1364,0.0005795285686357307,0.00010829533796346127,0.0005795285686357307,embedding_pca
esmif_PC1365,0.0005420997097145031,7.809984393600689e-06,0.0005420997097145031,embedding_pca
esmif_PC1366,0.000608045496625659,0.00010182104495071378,0.000608045496625659,embedding_pca
esmif_PC1367,0.0005342162265082542,6.287242920682372e-06,0.0005342162265082542,embedding_pca
esmif_PC1368,0.0005428880575056676,1.0070129628260501e-05,0.0005428880575056676,embedding_pca
esmif_PC1369,0.0005334400472187586,2.05034782143491e-05,0.0005334400472187586,embedding_pca
esmif_PC1370,0.0005406489075982882,9.953707925891943e-06,0.0005406489075982882,embedding_pca
esmif_PC1371,0.0005570510480239856,2.078890176084957e-05,0.0005570510480239856,embedding_pca
esmif_PC1372,0.0005258272894293323,1.731961248889195e-05,0.0005258272894293323,embedding_pca
esmif_PC1373,0.0005404199280618693,2.2259024276456874e-05,0.0005404199280618693,embedding_pca
esmif_PC1374,0.000560850821081848,4.674848082434126e-05,0.000560850821081848,embedding_pca
esmif_PC1375,0.0005862065406371,0.0001179891281997506,0.0005862065406371,embedding_pca
esmif_PC1376,0.0005789703920853288,4.2193011570846305e-05,0.0005789703920853288,embedding_pca
esmif_PC1377,0.0005358511950891469,2.4970871767187914e-05,0.0005358511950891469,embedding_pca
esmif_PC1378,0.0005750030750380592,4.03448642055809e-05,0.0005750030750380592,embedding_pca
esmif_PC1379,0.0005624599105667986,1.572447659767513e-05,0.0005624599105667986,embedding_pca
esmif_PC1380,0.0005598016229241885,8.00940825898159e-05,0.0005598016229241885,embedding_pca
esmif_PC1381,0.0005423413893844532,1.8619882697793553e-05,0.0005423413893844532,embedding_pca
esmif_PC1382,0.0005677150567276996,8.623311304807517e-05,0.0005677150567276996,embedding_pca
esmif_PC1383,0.0005458660797289267,2.4157237635753576e-05,0.0005458660797289267,embedding_pca
esmif_PC1384,0.0006093568002762115,0.00011435079994701336,0.0006093568002762115,embedding_pca
esmif_PC1385,0.0005435668386472433,8.860652092661847e-06,0.0005435668386472433,embedding_pca
esmif_PC1386,0.000577415418958931,7.763800078099454e-05,0.000577415418958931,embedding_pca
esmif_PC1387,0.0005486594589991219,2.8124394775036212e-05,0.0005486594589991219,embedding_pca
esmif_PC1388,0.0005944699927520289,9.967486663867625e-05,0.0005944699927520289,embedding_pca
esmif_PC1389,0.0006085055318778941,8.540954657711679e-05,0.0006085055318778941,embedding_pca
esmif_PC1390,0.0005565262944945536,5.791691034157815e-05,0.0005565262944945536,embedding_pca
esmif_PC1391,0.0005390838740337399,8.66750919596132e-06,0.0005390838740337399,embedding_pca
esmif_PC1392,0.0005431764032835897,1.3050131678016683e-05,0.0005431764032835897,embedding_pca
esmif_PC1393,0.0006464797918148639,0.00023333644121938463,0.0006464797918148639,embedding_pca
esmif_PC1394,0.0005374609311507697,1.0734838354487905e-05,0.0005374609311507697,embedding_pca
esmif_PC1395,0.0005554415411793126,4.079219462999602e-05,0.0005554415411793126,embedding_pca
esmif_PC1396,0.0005547997863435976,4.632817991612015e-05,0.0005547997863435976,embedding_pca
esmif_PC1397,0.0005618641932023615,3.7599742862316776e-05,0.0005618641932023615,embedding_pca
esmif_PC1398,0.0005398112772560945,1.848234606349064e-05,0.0005398112772560945,embedding_pca
esmif_PC1399,0.0006453652007758018,0.0001439521886618725,0.0006453652007758018,embedding_pca
esmif_PC1400,0.0005291295028578666,1.609632152097103e-05,0.0005291295028578666,embedding_pca
esmif_PC1401,0.000554731982808751,2.0164620455993748e-05,0.000554731982808751,embedding_pca
esmif_PC1402,0.0006072387074826534,0.00011907714655766146,0.0006072387074826534,embedding_pca
esmif_PC1403,0.0005442922782104345,1.2685951951847006e-05,0.0005442922782104345,embedding_pca
esmif_PC1404,0.0005902441182719029,9.21509101355848e-05,0.0005902441182719029,embedding_pca
esmif_PC1405,0.0005456315111180489,1.941909896683285e-05,0.0005456315111180489,embedding_pca
esmif_PC1406,0.0005845489643973113,9.649572086155462e-05,0.0005845489643973113,embedding_pca
esmif_PC1407,0.000546026324999653,2.705294356849843e-05,0.000546026324999653,embedding_pca
esmif_PC1408,0.0005471273524250196,1.448695776830234e-05,0.0005471273524250196,embedding_pca
esmif_PC1409,0.0005560467218006934,2.701974316929614e-05,0.0005560467218006934,embedding_pca
esmif_PC1410,0.0005732276081700816,3.6915487408911254e-05,0.0005732276081700816,embedding_pca
esmif_PC1411,0.0006298412115746337,0.00011223996031494152,0.0006298412115746337,embedding_pca
esmif_PC1412,0.0005325631129141414,1.7458543977069557e-05,0.0005325631129141414,embedding_pca
esmif_PC1413,0.0005280757610898549,1.5683014341249903e-05,0.0005280757610898549,embedding_pca
esmif_PC1414,0.0005368961467634557,2.1337122900545317e-05,0.0005368961467634557,embedding_pca
esmif_PC1415,0.0005557715421502114,1.774842254911141e-05,0.0005557715421502114,embedding_pca
esmif_PC1416,0.0005474011343970984,1.3619892959245964e-05,0.0005474011343970984,embedding_pca
esmif_PC1417,0.0005477696653644549,2.483619288366779e-05,0.0005477696653644549,embedding_pca
esmif_PC1418,0.0005478067665752758,3.194515554013169e-05,0.0005478067665752758,embedding_pca
esmif_PC1419,0.0005338179174972799,1.7256753751710934e-05,0.0005338179174972799,embedding_pca
esmif_PC1420,0.0005567744033855757,2.987875915933047e-05,0.0005567744033855757,embedding_pca
esmif_PC1421,0.0005560837866733273,2.165065728388915e-05,0.0005560837866733273,embedding_pca
esmif_PC1422,0.0005325327621273047,1.2821775015286978e-05,0.0005325327621273047,embedding_pca
esmif_PC1423,0.0005355528377867253,1.5095393582651957e-05,0.0005355528377867253,embedding_pca
esmif_PC1424,0.0005479756446467924,1.9652555523688405e-05,0.0005479756446467924,embedding_pca
esmif_PC1425,0.0005462930899135747,1.7337836019810478e-05,0.0005462930899135747,embedding_pca
esmif_PC1426,0.000546316260505968,9.555487042512097e-06,0.000546316260505968,embedding_pca
esmif_PC1427,0.0005370738619146561,6.659366347386299e-06,0.0005370738619146561,embedding_pca
esmif_PC1428,0.0005334483400610528,1.4935550028947381e-05,0.0005334483400610528,embedding_pca
esmif_PC1429,0.0005431405822145192,2.3411822031038074e-05,0.0005431405822145192,embedding_pca
esmif_PC1430,0.000585845267216073,7.718536166006295e-05,0.000585845267216073,embedding_pca
esmif_PC1431,0.000533864347944591,1.215703917710614e-05,0.000533864347944591,embedding_pca
esmif_PC1432,0.0005423918122658793,1.3278108817900926e-05,0.0005423918122658793,embedding_pca
esmif_PC1433,0.000540315264851636,1.6043795924549564e-05,0.000540315264851636,embedding_pca
esmif_PC1434,0.0005606750542813407,2.3783937392348672e-05,0.0005606750542813407,embedding_pca
esmif_PC1435,0.0005449055260227263,1.834964345293519e-05,0.0005449055260227263,embedding_pca
esmif_PC1436,0.0005394639812820194,9.803348940424948e-06,0.0005394639812820194,embedding_pca
esmif_PC1437,0.0005412396179346915,1.610032319984491e-05,0.0005412396179346915,embedding_pca
esmif_PC1438,0.0005367465476628778,1.3987865557892928e-05,0.0005367465476628778,embedding_pca
esmif_PC1439,0.0005340488216657548,1.6731081194916512e-05,0.0005340488216657548,embedding_pca
esmif_PC1440,0.0005386960005101563,1.3855970166910084e-05,0.0005386960005101563,embedding_pca
esmif_PC1441,0.0005639639900515742,1.2376058678185505e-05,0.0005639639900515742,embedding_pca
esmif_PC1442,0.0005542072025242762,1.3144274469285863e-05,0.0005542072025242762,embedding_pca
esmif_PC1443,0.0005426293029861106,1.645157510821094e-05,0.0005426293029861106,embedding_pca
esmif_PC1444,0.0005550068527988992,9.110963318556954e-06,0.0005550068527988992,embedding_pca
esmif_PC1445,0.0005432220929517642,2.9028707832817598e-05,0.0005432220929517642,embedding_pca
esmif_PC1446,0.0005410534498386437,1.620438113063517e-05,0.0005410534498386437,embedding_pca
esmif_PC1447,0.0005543794435006229,1.5510224688360757e-05,0.0005543794435006229,embedding_pca
esmif_PC1448,0.0005341345542951921,1.4029015006813082e-05,0.0005341345542951921,embedding_pca
esmif_PC1449,0.0005466233008171962,2.37090068929632e-05,0.0005466233008171962,embedding_pca
esmif_PC1450,0.0005547137546869994,1.365448495413999e-05,0.0005547137546869994,embedding_pca
esmif_PC1451,0.0005524718028176454,3.146812950537194e-05,0.0005524718028176454,embedding_pca
esmif_PC1452,0.0005432530966827865,1.0490248936860433e-05,0.0005432530966827865,embedding_pca
esmif_PC1453,0.0005383964821454176,1.045618364238487e-05,0.0005383964821454176,embedding_pca
esmif_PC1454,0.0005750079661848085,2.4350015388743525e-05,0.0005750079661848085,embedding_pca
esmif_PC1455,0.000537437254464134,2.2119912340682023e-05,0.000537437254464134,embedding_pca
esmif_PC1456,0.0005413519302636235,1.3485243874226945e-05,0.0005413519302636235,embedding_pca
esmif_PC1457,0.0005360268292245961,1.2180158649010448e-05,0.0005360268292245961,embedding_pca
esmif_PC1458,0.0005330475410577238,1.4969743029116166e-05,0.0005330475410577238,embedding_pca
esmif_PC1459,0.0005444850808316571,9.762362512173352e-06,0.0005444850808316571,embedding_pca
esmif_PC1460,0.0005315460892648177,1.1070653768689112e-05,0.0005315460892648177,embedding_pca
esmif_PC1461,0.0005327877117657601,1.6129942294309523e-05,0.0005327877117657601,embedding_pca
esmif_PC1462,0.0005305902985898293,1.006291496001292e-05,0.0005305902985898293,embedding_pca
esmif_PC1463,0.0005441119362220378,6.696630340303737e-06,0.0005441119362220378,embedding_pca
esmif_PC1464,0.0005383743061473389,1.9468218246866936e-05,0.0005383743061473389,embedding_pca
esmif_PC1465,0.0005362927442810325,7.406659574201687e-06,0.0005362927442810325,embedding_pca
esmif_PC1466,0.000536758828406123,1.057346252248487e-05,0.000536758828406123,embedding_pca
esmif_PC1467,0.0005386539026719774,8.389797288707213e-06,0.0005386539026719774,embedding_pca
esmif_PC1468,0.0005495931770971343,2.8647783331656784e-05,0.0005495931770971343,embedding_pca
esmif_PC1469,0.0005324042367602503,1.558092274100609e-05,0.0005324042367602503,embedding_pca
esmif_PC1470,0.0005340652415270848,8.679933249415951e-06,0.0005340652415270848,embedding_pca
esmif_PC1471,0.0005645124736621586,1.3201580543484909e-05,0.0005645124736621586,embedding_pca
esmif_PC1472,0.0005510030521948874,1.8533147499587634e-05,0.0005510030521948874,embedding_pca
esmif_PC1473,0.0005412245424589029,9.85905285678749e-06,0.0005412245424589029,embedding_pca
esmif_PC1474,0.000538563660432274,1.2012225640834958e-05,0.000538563660432274,embedding_pca
esmif_PC1475,0.0005409919831670801,1.2187618941014372e-05,0.0005409919831670801,embedding_pca
esmif_PC1476,0.0005413947301702697,1.649470417354354e-05,0.0005413947301702697,embedding_pca
esmif_PC1477,0.0005448638016489843,1.4469939631761408e-05,0.0005448638016489843,embedding_pca
esmif_PC1478,0.0005267705847825403,6.841205234115382e-06,0.0005267705847825403,embedding_pca
esmif_PC1479,0.0005440237054067316,1.3521792552952945e-05,0.0005440237054067316,embedding_pca
esmif_PC1480,0.0005408084630633761,8.627049667640293e-06,0.0005408084630633761,embedding_pca
esmif_PC1481,0.0005522365264696035,1.2603451183839392e-05,0.0005522365264696035,embedding_pca
esmif_PC1482,0.0005354509998690452,1.639081110028332e-05,0.0005354509998690452,embedding_pca
esmif_PC1483,0.0005458827883468855,8.379996829248791e-06,0.0005458827883468855,embedding_pca
esmif_PC1484,0.0005322034781468946,1.6482702791381378e-05,0.0005322034781468946,embedding_pca
esmif_PC1485,0.0005540327614013969,1.383346110678361e-05,0.0005540327614013969,embedding_pca
esmif_PC1486,0.000549758076639308,1.782139443189664e-05,0.000549758076639308,embedding_pca
esmif_PC1487,0.0006031726794480998,0.00011106721233777316,0.0006031726794480998,embedding_pca
esmif_PC1488,0.0005556356596690289,5.1826944121044935e-05,0.0005556356596690289,embedding_pca
esmif_PC1489,0.0005582385051483922,2.985195875264342e-05,0.0005582385051483922,embedding_pca
esmif_PC1490,0.0005728281866701816,7.898282418604337e-05,0.0005728281866701816,embedding_pca
esmif_PC1491,0.0005703629708554928,5.079108182608235e-05,0.0005703629708554928,embedding_pca
esmif_PC1492,0.0005349829407656653,2.0486267466394583e-05,0.0005349829407656653,embedding_pca
esmif_PC1493,0.000550679566740196,1.8964022505165557e-05,0.000550679566740196,embedding_pca
esmif_PC1494,0.000670211228056592,0.00010112954781611613,0.000670211228056592,embedding_pca
esmif_PC1495,0.0006112728050279146,0.0001236604341339525,0.0006112728050279146,embedding_pca
esmif_PC1496,0.0006519903472184771,0.00016249399750646162,0.0006519903472184771,embedding_pca
esmif_PC1497,0.0007388317399882585,0.00018039237495563049,0.0007388317399882585,embedding_pca
esmif_PC1498,0.0005398138841458694,1.4169054204291039e-05,0.0005398138841458694,embedding_pca
esmif_PC1499,0.000544886002696902,8.481705327555456e-06,0.000544886002696902,embedding_pca
esmif_PC1500,0.0005507108175774398,1.6384386102678754e-05,0.0005507108175774398,embedding_pca
esmif_PC1501,0.0006513546845843173,0.00012896888019934272,0.0006513546845843173,embedding_pca
esmif_PC1502,0.0007056240825280165,9.604932651033815e-05,0.0007056240825280165,embedding_pca
esmif_PC1503,0.0006018054271104494,0.00012616656557085107,0.0006018054271104494,embedding_pca
esmif_PC1504,0.0005527823310266487,9.866550409305818e-06,0.0005527823310266487,embedding_pca
esmif_PC1505,0.0005507241417881195,2.0047468680707528e-05,0.0005507241417881195,embedding_pca
esmif_PC1506,0.0005386472871568478,1.2654331858112238e-05,0.0005386472871568478,embedding_pca
esmif_PC1507,0.0005738555223565921,4.1725902952733225e-05,0.0005738555223565921,embedding_pca
esmif_PC1508,0.0005739275037732849,4.532794313129183e-05,0.0005739275037732849,embedding_pca
esmif_PC1509,0.0005381177789671248,2.4941822704080148e-05,0.0005381177789671248,embedding_pca
esmif_PC1510,0.0005770800681607436,4.483709308024529e-05,0.0005770800681607436,embedding_pca
esmif_PC1511,0.0005492223172887106,1.5674013099163304e-05,0.0005492223172887106,embedding_pca
esmif_PC1512,0.0005340461626181872,2.0397225729756875e-05,0.0005340461626181872,embedding_pca
esmif_PC1513,0.0005570313350359295,3.2215347308871464e-05,0.0005570313350359295,embedding_pca
esmif_PC1514,0.0005978444349557343,5.772244440035277e-05,0.0005978444349557343,embedding_pca
esmif_PC1515,0.0006774839641966974,0.00011467883451437705,0.0006774839641966974,embedding_pca
esmif_PC1516,0.0005894361521980385,5.777356162253652e-05,0.0005894361521980385,embedding_pca
esmif_PC1517,0.0006408436233583347,0.0001435860121775663,0.0006408436233583347,embedding_pca
esmif_PC1518,0.0005881970691391931,8.638447254556964e-05,0.0005881970691391931,embedding_pca
esmif_PC1519,0.0007632100017291081,0.00020509980457990653,0.0007632100017291081,embedding_pca
esmif_PC1520,0.0008995442875727823,9.640172325611696e-05,0.0008995442875727823,embedding_pca
esmif_PC1521,0.0006333645821179452,0.0001340582697376203,0.0006333645821179452,embedding_pca
esmif_PC1522,0.0008166866318830984,0.00013844347709444116,0.0008166866318830984,embedding_pca
esmif_PC1523,0.0010663097761467056,6.660720002754734e-05,0.0010663097761467056,embedding_pca
esmif_PC1524,0.0007220835257988259,0.0001525875455086897,0.0007220835257988259,embedding_pca
esmif_PC1525,0.0006522329799581757,0.00011655725086688937,0.0006522329799581757,embedding_pca
esmif_PC1526,0.0009916613580581257,9.405970016026126e-05,0.0009916613580581257,embedding_pca
esmif_PC1527,0.0009655317866743521,8.960992779331716e-05,0.0009655317866743521,embedding_pca
esmif_PC1528,0.0005445109200227032,2.5496613314428637e-05,0.0005445109200227032,embedding_pca
esmif_PC1529,0.0005685545713541325,1.9056328399432263e-05,0.0005685545713541325,embedding_pca
esmif_PC1530,0.0009941643061296944,6.112422287311468e-05,0.0009941643061296944,embedding_pca
esmif_PC1531,0.0011704398403316822,0.00011963072312315011,0.0011704398403316822,embedding_pca
esmif_PC1532,0.001088777092422656,9.365278267757908e-05,0.001088777092422656,embedding_pca
esmif_PC1533,0.0009038491230466737,4.21522402543776e-05,0.0009038491230466737,embedding_pca
esmif_PC1534,0.0010139077017912194,0.00010266775742256202,0.0010139077017912194,embedding_pca
esmif_PC1535,0.0010666488756719257,8.674146134500301e-05,0.0010666488756719257,embedding_pca
esmif_PC1536,0.0010504731805716845,9.131257319884273e-05,0.0010504731805716845,embedding_pca
