feature,weight_mean,weight_std,weight_abs_mean,feature_type
rel_distance_from_n_terminus,0.0009920148116266646,3.9938293748570244e-05,0.0009920148116266646,handcrafted
rel_distance_from_c_terminus,0.0010375003651147872,3.2463419821424936e-05,0.0010375003651147872,handcrafted
mean_rsa_peptide,0.0010789324010226629,3.238059035440095e-05,0.0010789324010226629,handcrafted
mean_disorder_peptide,0.001049326939051106,4.000911083234818e-05,0.001049326939051106,handcrafted
mean_rsa_nflank,0.0010570319966650811,2.8257052735775037e-05,0.0010570319966650811,handcrafted
mean_disorder_nflank,0.0010651267047063948,3.818077933466687e-05,0.0010651267047063948,handcrafted
mean_rsa_cflank,0.0011889257508830892,2.0346283580608622e-05,0.0011889257508830892,handcrafted
mean_disorder_cflank,0.0011219542190170945,5.7774773675220446e-05,0.0011219542190170945,handcrafted
q8point_H_peptide,9.57726733775528e-05,8.52653379725199e-06,9.57726733775528e-05,handcrafted
q8point_G_peptide,5.180106302701334e-05,5.820556196164833e-06,5.180106302701334e-05,handcrafted
q8point_I_peptide,1.5228648556992492e-06,5.937763951917359e-07,1.5228648556992492e-06,handcrafted
q8point_E_peptide,6.97660837894021e-05,7.720371976700465e-06,6.97660837894021e-05,handcrafted
q8point_B_peptide,4.607011784525196e-06,5.328305429073867e-07,4.607011784525196e-06,handcrafted
q8point_T_peptide,7.32442094699128e-05,9.78736138633841e-06,7.32442094699128e-05,handcrafted
q8point_S_peptide,5.892152347492829e-05,3.566087368707476e-06,5.892152347492829e-05,handcrafted
q8point_C_peptide,0.00015763789925443014,2.4146299505617243e-05,0.00015763789925443014,handcrafted
q8point_H_nflank,0.00020508414571131017,1.8188514626983585e-05,0.00020508414571131017,handcrafted
q8point_G_nflank,4.3146588129616944e-05,3.85216142049972e-06,4.3146588129616944e-05,handcrafted
q8point_I_nflank,1.3825137299624378e-06,4.959396094430357e-07,1.3825137299624378e-06,handcrafted
q8point_E_nflank,8.279257278679041e-05,1.2727145101554873e-05,8.279257278679041e-05,handcrafted
q8point_B_nflank,7.168810156497222e-06,1.4258632446418922e-06,7.168810156497222e-06,handcrafted
q8point_T_nflank,6.899877514342334e-05,6.600584692049062e-06,6.899877514342334e-05,handcrafted
q8point_S_nflank,6.284498256662951e-05,6.947584453735517e-06,6.284498256662951e-05,handcrafted
q8point_C_nflank,8.36439099193564e-05,1.0592034399489779e-05,8.36439099193564e-05,handcrafted
q8point_H_cflank,7.936739182776335e-05,6.347710040806274e-06,7.936739182776335e-05,handcrafted
q8point_G_cflank,4.387516593282246e-05,3.9807667810084065e-06,4.387516593282246e-05,handcrafted
q8point_I_cflank,5.339555949653817e-07,1.8107593927528797e-07,5.339555949653817e-07,handcrafted
q8point_E_cflank,7.180116113611096e-05,7.607554884463198e-06,7.180116113611096e-05,handcrafted
q8point_B_cflank,8.564516605087906e-06,2.0012834751971445e-06,8.564516605087906e-06,handcrafted
q8point_T_cflank,7.095294070431239e-05,6.457682142661794e-06,7.095294070431239e-05,handcrafted
q8point_S_cflank,6.760855884939195e-05,3.696614009456525e-06,6.760855884939195e-05,handcrafted
q8point_C_cflank,8.133277607591038e-05,6.251423323047202e-06,8.133277607591038e-05,handcrafted
q8trans_H_n_pep,0.0001602941410119622,1.439649514405454e-05,0.0001602941410119622,handcrafted
q8trans_G_n_pep,2.705267830086142e-05,2.529435384949574e-06,2.705267830086142e-05,handcrafted
q8trans_I_n_pep,1.1230832855060875e-06,1.822926720644157e-07,1.1230832855060875e-06,handcrafted
q8trans_E_n_pep,5.535148186476752e-05,1.455998068132888e-06,5.535148186476752e-05,handcrafted
q8trans_B_n_pep,0.0,0.0,0.0,handcrafted
q8trans_T_n_pep,3.383998923912039e-05,4.024731979368334e-06,3.383998923912039e-05,handcrafted
q8trans_S_n_pep,6.378483169224331e-06,1.5246691246214272e-06,6.378483169224331e-06,handcrafted
q8trans_C_n_pep,9.782858157769076e-05,8.408080259231163e-06,9.782858157769076e-05,handcrafted
q8trans_H_pep_c,9.890451675131459e-05,2.981076678983462e-06,9.890451675131459e-05,handcrafted
q8trans_G_pep_c,1.2647323376603132e-05,1.8242888671781715e-06,1.2647323376603132e-05,handcrafted
q8trans_I_pep_c,2.6397481939385646e-07,2.059970664824924e-07,2.6397481939385646e-07,handcrafted
q8trans_E_pep_c,5.3500516765279656e-05,3.0083367517913745e-06,5.3500516765279656e-05,handcrafted
q8trans_B_pep_c,0.0,0.0,0.0,handcrafted
q8trans_T_pep_c,2.1641527869775656e-05,3.6807835986711194e-06,2.1641527869775656e-05,handcrafted
q8trans_S_pep_c,2.774339421099139e-06,1.0621084941114256e-06,2.774339421099139e-06,handcrafted
q8trans_C_pep_c,8.6870975678613e-05,1.1807354386052266e-05,8.6870975678613e-05,handcrafted
mean_plddt_peptide,0.0012420317989496287,7.148948232319235e-05,0.0012420317989496287,handcrafted
mean_plddt_nflank,0.0012423512021937926,6.186623563305745e-05,0.0012423512021937926,handcrafted
mean_plddt_cflank,0.0010107126973898978,4.941735833108265e-05,0.0010107126973898978,handcrafted
N10_A,0.00028268814330426886,1.1902802990271422e-05,0.00028268814330426886,handcrafted
N10_C,0.0002536546999766302,1.124668931272009e-05,0.0002536546999766302,handcrafted
N10_D,0.00031793245767787367,1.1144080693865927e-05,0.00031793245767787367,handcrafted
N10_E,0.0003152818963360473,6.954563337274919e-06,0.0003152818963360473,handcrafted
N10_F,0.000347673241996355,1.2855708948598806e-05,0.000347673241996355,handcrafted
N10_G,0.00025898975025617457,9.593394379399819e-06,0.00025898975025617457,handcrafted
N10_H,0.00033645768132375975,1.8165052182915493e-05,0.00033645768132375975,handcrafted
N10_I,0.0002968534987433222,7.16628321030854e-06,0.0002968534987433222,handcrafted
N10_K,0.000351733804798678,1.3339144439139848e-05,0.000351733804798678,handcrafted
N10_L,0.0003146925838095237,1.5781749348474094e-05,0.0003146925838095237,handcrafted
N10_M,0.00035982204753228766,1.062888886301099e-05,0.00035982204753228766,handcrafted
N10_N,0.00034176045469017097,1.2726031502246048e-05,0.00034176045469017097,handcrafted
N10_P,0.0002485164669337867,1.2860187958367865e-05,0.0002485164669337867,handcrafted
N10_Q,0.0003490653590437588,1.370638796399983e-05,0.0003490653590437588,handcrafted
N10_R,0.000331187049331352,2.150497280234575e-05,0.000331187049331352,handcrafted
N10_S,0.00033975422371482027,7.5643317583225755e-06,0.00033975422371482027,handcrafted
N10_T,0.00023842345131565887,8.904245281318952e-06,0.00023842345131565887,handcrafted
N10_V,0.00031690819584343475,9.530582451994068e-06,0.00031690819584343475,handcrafted
N10_W,0.0003205650123772738,1.0445406053757366e-05,0.0003205650123772738,handcrafted
N10_Y,0.00027140468147308607,1.1752814295290504e-05,0.00027140468147308607,handcrafted
N9_A,0.00028013263056966966,9.687252246724421e-06,0.00028013263056966966,handcrafted
N9_C,0.000266601267914632,6.3681264732851476e-06,0.000266601267914632,handcrafted
N9_D,0.0003325283592305982,1.730008360375085e-05,0.0003325283592305982,handcrafted
N9_E,0.0003315802919302749,1.5200325153058709e-05,0.0003315802919302749,handcrafted
N9_F,0.0003305734111877329,7.351935596664468e-06,0.0003305734111877329,handcrafted
N9_G,0.0002511807692586206,1.1035600091379732e-05,0.0002511807692586206,handcrafted
N9_H,0.00034529329183762583,1.5791701035204234e-05,0.00034529329183762583,handcrafted
N9_I,0.00030146373914200603,1.360680628076072e-05,0.00030146373914200603,handcrafted
N9_K,0.0003550069802377531,8.984041695718859e-06,0.0003550069802377531,handcrafted
N9_L,0.0003066717947311801,1.5622943378996798e-05,0.0003066717947311801,handcrafted
N9_M,0.0003468653223336176,4.281692788090323e-06,0.0003468653223336176,handcrafted
N9_N,0.0003344711668732757,1.7464092944013902e-05,0.0003344711668732757,handcrafted
N9_P,0.00023378647541089253,1.3484822805985416e-05,0.00023378647541089253,handcrafted
N9_Q,0.00035059032496453387,1.1519287685354023e-05,0.00035059032496453387,handcrafted
N9_R,0.0003360833174419398,1.831414918944833e-05,0.0003360833174419398,handcrafted
N9_S,0.00033616980415158905,1.1462771134316358e-05,0.00033616980415158905,handcrafted
N9_T,0.0002487138448787375,1.1605871225706009e-05,0.0002487138448787375,handcrafted
N9_V,0.00031830169294941475,1.1226690522945895e-05,0.00031830169294941475,handcrafted
N9_W,0.0003219409637474094,1.034248878020956e-05,0.0003219409637474094,handcrafted
N9_Y,0.0002519780700780118,8.65283256697354e-06,0.0002519780700780118,handcrafted
N8_A,0.0002746300711074825,1.6442191769783002e-05,0.0002746300711074825,handcrafted
N8_C,0.00024827639704249347,7.373344258672276e-06,0.00024827639704249347,handcrafted
N8_D,0.000317701876414821,1.5040363530590117e-05,0.000317701876414821,handcrafted
N8_E,0.00031131575693568194,1.2349192329751985e-05,0.00031131575693568194,handcrafted
N8_F,0.00033526638902108187,1.4703831616546363e-05,0.00033526638902108187,handcrafted
N8_G,0.0002596973142472486,1.2399244975261962e-05,0.0002596973142472486,handcrafted
N8_H,0.00032785192496946803,1.0947649898520184e-05,0.00032785192496946803,handcrafted
N8_I,0.0002911235545749045,1.1877910616699347e-05,0.0002911235545749045,handcrafted
N8_K,0.00035292900636436106,9.858366268529091e-06,0.00035292900636436106,handcrafted
N8_L,0.00031219713522054847,7.822944597076077e-06,0.00031219713522054847,handcrafted
N8_M,0.0003698683288866214,2.0461569924616174e-05,0.0003698683288866214,handcrafted
N8_N,0.00032082785007312966,9.501240162370594e-06,0.00032082785007312966,handcrafted
N8_P,0.00023491299698456583,1.1782652186272212e-05,0.00023491299698456583,handcrafted
N8_Q,0.00034778987900542995,1.2473126041352227e-05,0.00034778987900542995,handcrafted
N8_R,0.00032109622446509434,9.027443471319014e-06,0.00032109622446509434,handcrafted
N8_S,0.00032140756907466164,1.1468008522727028e-05,0.00032140756907466164,handcrafted
N8_T,0.0002444853120516373,7.00258410618427e-06,0.0002444853120516373,handcrafted
N8_V,0.000303972361454171,1.0665878652175054e-05,0.000303972361454171,handcrafted
N8_W,0.00030232618186024296,1.3891463277912843e-05,0.00030232618186024296,handcrafted
N8_Y,0.00026579976568616974,1.3302089072770663e-05,0.00026579976568616974,handcrafted
N7_A,0.0002724961887340491,1.06943746558744e-05,0.0002724961887340491,handcrafted
N7_C,0.0002676235728751554,6.549816409571373e-06,0.0002676235728751554,handcrafted
N7_D,0.00030626559676913553,9.345859959036543e-06,0.00030626559676913553,handcrafted
N7_E,0.0003169950560831304,1.1076611896528149e-05,0.0003169950560831304,handcrafted
N7_F,0.000335192542209685,9.820430293990332e-06,0.000335192542209685,handcrafted
N7_G,0.00025402129166193413,1.1695709974766183e-05,0.00025402129166193413,handcrafted
N7_H,0.0003296186318573973,9.517387085863812e-06,0.0003296186318573973,handcrafted
N7_I,0.00029466645266021586,1.0460967488999834e-05,0.00029466645266021586,handcrafted
N7_K,0.0003383740025883652,2.6753757086389402e-05,0.0003383740025883652,handcrafted
N7_L,0.00033097340660068203,6.256625530984499e-06,0.00033097340660068203,handcrafted
N7_M,0.00037281775596656735,7.267923087202229e-06,0.00037281775596656735,handcrafted
N7_N,0.0003411413033676862,7.363446315976575e-06,0.0003411413033676862,handcrafted
N7_P,0.00022363514252349577,9.884390999027434e-06,0.00022363514252349577,handcrafted
N7_Q,0.00033145790972848016,1.454101887278176e-05,0.00033145790972848016,handcrafted
N7_R,0.0003280121711497148,1.7494884511381943e-05,0.0003280121711497148,handcrafted
N7_S,0.0003285750430961118,8.365767724604621e-06,0.0003285750430961118,handcrafted
N7_T,0.0002509089725400061,1.0290932677405793e-05,0.0002509089725400061,handcrafted
N7_V,0.0003236419197363436,1.2094961761851664e-05,0.0003236419197363436,handcrafted
N7_W,0.0003050055252058168,1.4363704688442396e-05,0.0003050055252058168,handcrafted
N7_Y,0.0002546347581074386,8.882014578059897e-06,0.0002546347581074386,handcrafted
N6_A,0.000274651716942315,1.4456829578809673e-05,0.000274651716942315,handcrafted
N6_C,0.0002544891148721936,9.850099341158025e-06,0.0002544891148721936,handcrafted
N6_D,0.00030991805214101634,1.211804598352799e-05,0.00030991805214101634,handcrafted
N6_E,0.00032265903199132646,8.432385196548876e-06,0.00032265903199132646,handcrafted
N6_F,0.0003410171414686291,1.6505517849191722e-05,0.0003410171414686291,handcrafted
N6_G,0.0002564072555546827,8.881389297449737e-06,0.0002564072555546827,handcrafted
N6_H,0.00033977791587554195,1.946364717648495e-05,0.00033977791587554195,handcrafted
N6_I,0.00030344837560531806,1.2241866553933722e-05,0.00030344837560531806,handcrafted
N6_K,0.0003614859694721853,1.911914339063818e-05,0.0003614859694721853,handcrafted
N6_L,0.0003292705460555153,1.8019763559066708e-05,0.0003292705460555153,handcrafted
N6_M,0.00035703659922763233,1.6659846318396075e-05,0.00035703659922763233,handcrafted
N6_N,0.0003157157907930434,1.5488181191414386e-05,0.0003157157907930434,handcrafted
N6_P,0.00022877454736490972,1.3783505893471369e-05,0.00022877454736490972,handcrafted
N6_Q,0.00033567691603195675,1.1711159137997185e-05,0.00033567691603195675,handcrafted
N6_R,0.0003234818307745104,1.4738743658435243e-05,0.0003234818307745104,handcrafted
N6_S,0.000317207992830496,1.1935449544746384e-05,0.000317207992830496,handcrafted
N6_T,0.0002541953713522183,1.1073358408673327e-05,0.0002541953713522183,handcrafted
N6_V,0.00033196147307826447,7.3026112162468595e-06,0.00033196147307826447,handcrafted
N6_W,0.00031646419429363643,1.5615328051377098e-05,0.00031646419429363643,handcrafted
N6_Y,0.00028081919121352415,2.174145236632558e-05,0.00028081919121352415,handcrafted
N5_A,0.00027487301363282753,5.974729963487868e-06,0.00027487301363282753,handcrafted
N5_C,0.0002357847508265663,6.677794835901181e-06,0.0002357847508265663,handcrafted
N5_D,0.0003068935112300154,1.2493008437643586e-05,0.0003068935112300154,handcrafted
N5_E,0.0003202900167902922,1.2064249276328854e-05,0.0003202900167902922,handcrafted
N5_F,0.000339749487190848,1.3870665223172814e-05,0.000339749487190848,handcrafted
N5_G,0.00025707867805651187,1.7571718090126402e-05,0.00025707867805651187,handcrafted
N5_H,0.0003459295129054216,1.219511351484199e-05,0.0003459295129054216,handcrafted
N5_I,0.00028822005206232575,1.5392963044309678e-05,0.00028822005206232575,handcrafted
N5_K,0.0003559797260790724,1.793178343005216e-05,0.0003559797260790724,handcrafted
N5_L,0.00031606389383122995,1.4343461536398765e-05,0.00031606389383122995,handcrafted
N5_M,0.00035372578714729054,1.5425989932362424e-05,0.00035372578714729054,handcrafted
N5_N,0.00032529428154569486,1.620574361488206e-05,0.00032529428154569486,handcrafted
N5_P,0.00022453051545707638,8.453978121181606e-06,0.00022453051545707638,handcrafted
N5_Q,0.00033629536591556094,1.3651727792232572e-05,0.00033629536591556094,handcrafted
N5_R,0.00033494657533543785,1.795195613490686e-05,0.00033494657533543785,handcrafted
N5_S,0.0003203029994707557,1.0746909452405432e-05,0.0003203029994707557,handcrafted
N5_T,0.0002308918130044513,1.0922290144300275e-05,0.0002308918130044513,handcrafted
N5_V,0.00030959764117818183,1.4054850713224081e-05,0.00030959764117818183,handcrafted
N5_W,0.0002866714122833757,1.3507886277093186e-05,0.0002866714122833757,handcrafted
N5_Y,0.00025837749840928374,1.4585136897585746e-05,0.00025837749840928374,handcrafted
N4_A,0.00027201836246150066,1.1150261012844756e-05,0.00027201836246150066,aa_encoding
N4_C,0.00025398372410697723,1.1498000317530347e-05,0.00025398372410697723,aa_encoding
N4_D,0.0003199449836966541,1.1478304064609787e-05,0.0003199449836966541,aa_encoding
N4_E,0.0003077712969441735,7.873283963126261e-06,0.0003077712969441735,aa_encoding
N4_F,0.00033208166250074493,1.328312072357529e-05,0.00033208166250074493,aa_encoding
N4_G,0.00026337328631609324,5.017093126041529e-06,0.00026337328631609324,aa_encoding
N4_H,0.00033600831900773857,6.413038046117614e-06,0.00033600831900773857,aa_encoding
N4_I,0.0003084561667649007,1.0600103348872112e-05,0.0003084561667649007,aa_encoding
N4_K,0.00033918830466931075,8.84261566533991e-06,0.00033918830466931075,aa_encoding
N4_L,0.00032977674474543144,6.724812371395039e-06,0.00032977674474543144,aa_encoding
N4_M,0.00039259518396199487,4.595951447364483e-06,0.00039259518396199487,aa_encoding
N4_N,0.00032712989810597555,6.572437446619812e-06,0.00032712989810597555,aa_encoding
N4_P,0.00023851154421125693,1.5070642619197684e-05,0.00023851154421125693,aa_encoding
N4_Q,0.0003446458792073202,8.457840617655466e-06,0.0003446458792073202,aa_encoding
N4_R,0.00033595646853698557,2.0594347736733427e-05,0.00033595646853698557,aa_encoding
N4_S,0.0003255215185819429,1.085615963150864e-05,0.0003255215185819429,aa_encoding
N4_T,0.00025990553711704854,7.195819984130884e-06,0.00025990553711704854,aa_encoding
N4_V,0.0003447410716660235,1.174680339983721e-05,0.0003447410716660235,aa_encoding
N4_W,0.0003013291819744191,1.0914680624671872e-05,0.0003013291819744191,aa_encoding
N4_Y,0.00026840741530253923,1.1520356092166084e-05,0.00026840741530253923,aa_encoding
N3_A,0.0002711052991201614,1.5852933392830275e-05,0.0002711052991201614,aa_encoding
N3_C,0.0002598759991942432,9.597567539096461e-06,0.0002598759991942432,aa_encoding
N3_D,0.00032315562721041424,1.2918874254699585e-05,0.00032315562721041424,aa_encoding
N3_E,0.00034990937345955487,2.6068844117312126e-05,0.00034990937345955487,aa_encoding
N3_F,0.00036679687111442074,2.3727870292962826e-05,0.00036679687111442074,aa_encoding
N3_G,0.0002880024734714568,1.4835172421647595e-05,0.0002880024734714568,aa_encoding
N3_H,0.0003993706664783073,2.1076492998678925e-05,0.0003993706664783073,aa_encoding
N3_I,0.00030700990341044613,7.093662860217521e-06,0.00030700990341044613,aa_encoding
N3_K,0.0003628809308358545,2.3466588137763926e-05,0.0003628809308358545,aa_encoding
N3_L,0.00039990964481108614,2.0521108070584375e-05,0.00039990964481108614,aa_encoding
N3_M,0.0006314004061596982,2.715149713602194e-05,0.0006314004061596982,aa_encoding
N3_N,0.00032223490825618274,1.8056652259925692e-05,0.00032223490825618274,aa_encoding
N3_P,0.00046043397015325396,6.088892257433576e-05,0.00046043397015325396,aa_encoding
N3_Q,0.0003759509037971137,2.3818739369361066e-05,0.0003759509037971137,aa_encoding
N3_R,0.0004348523835864393,3.4702260814598774e-05,0.0004348523835864393,aa_encoding
N3_S,0.000322613526289073,7.308257107264186e-06,0.000322613526289073,aa_encoding
N3_T,0.000262074877249038,9.050526210566192e-06,0.000262074877249038,aa_encoding
N3_V,0.0003507647266273432,1.050961724589189e-05,0.0003507647266273432,aa_encoding
N3_W,0.00030326352189785416,1.170503220727615e-05,0.00030326352189785416,aa_encoding
N3_Y,0.00041700665021558074,3.0320094471942402e-05,0.00041700665021558074,aa_encoding
N2_A,0.00029074656421914063,8.454442516908783e-06,0.00029074656421914063,aa_encoding
N2_C,0.0003021074578860771,1.566080113461752e-05,0.0003021074578860771,aa_encoding
N2_D,0.00037904434988005357,2.9863624421111522e-05,0.00037904434988005357,aa_encoding
N2_E,0.000439270403767051,4.4830758146641464e-05,0.000439270403767051,aa_encoding
N2_F,0.0003703526813382034,1.6336952924950856e-05,0.0003703526813382034,aa_encoding
N2_G,0.00032580962709111215,1.4447937090486387e-05,0.00032580962709111215,aa_encoding
N2_H,0.00042512068172801526,1.724445772694849e-05,0.00042512068172801526,aa_encoding
N2_I,0.0003536348174199451,2.269190721468118e-05,0.0003536348174199451,aa_encoding
N2_K,0.00043275791631791096,2.4249785438727066e-05,0.00043275791631791096,aa_encoding
N2_L,0.0003320709115728424,1.3751626342898581e-05,0.0003320709115728424,aa_encoding
N2_M,0.00040784235560785897,1.813545025604845e-05,0.00040784235560785897,aa_encoding
N2_N,0.0005826813417163631,4.318483589322385e-05,0.0005826813417163631,aa_encoding
N2_P,0.0008661053145280742,9.467492230310536e-05,0.0008661053145280742,aa_encoding
N2_Q,0.00046968281193689426,3.787565158458577e-05,0.00046968281193689426,aa_encoding
N2_R,0.0007610943030258975,7.253093423155167e-05,0.0007610943030258975,aa_encoding
N2_S,0.00043967644903775225,1.1927077169199305e-05,0.00043967644903775225,aa_encoding
N2_T,0.00025795583568562333,1.654608905961655e-05,0.00025795583568562333,aa_encoding
N2_V,0.00033211251190268313,5.19546761006254e-06,0.00033211251190268313,aa_encoding
N2_W,0.00030181794538255123,7.356348456647172e-06,0.00030181794538255123,aa_encoding
N2_Y,0.00027000843750459155,1.2796412287626525e-05,0.00027000843750459155,aa_encoding
N1_A,0.00041073429950682337,3.1723505335370995e-05,0.00041073429950682337,aa_encoding
N1_C,0.00029278610273154344,2.0100202447366807e-05,0.00029278610273154344,aa_encoding
N1_D,0.0003617933042765107,1.0967171927008593e-05,0.0003617933042765107,aa_encoding
N1_E,0.0003549529285483121,8.82597567750686e-06,0.0003549529285483121,aa_encoding
N1_F,0.00036530542350529806,1.4266508849497474e-05,0.00036530542350529806,aa_encoding
N1_G,0.0005363669197256295,2.602122389295583e-05,0.0005363669197256295,aa_encoding
N1_H,0.00035819122380521676,8.886446005528034e-06,0.00035819122380521676,aa_encoding
N1_I,0.0003388694403695493,1.901158083196719e-05,0.0003388694403695493,aa_encoding
N1_K,0.000362993608370989,9.985056763766185e-06,0.000362993608370989,aa_encoding
N1_L,0.00034127920640281,1.429935741307368e-05,0.00034127920640281,aa_encoding
N1_M,0.0004009256098941703,8.818279919161966e-06,0.0004009256098941703,aa_encoding
N1_N,0.000504604834852613,5.985355560715203e-05,0.000504604834852613,aa_encoding
N1_P,0.001018080127433802,8.4869795507138e-05,0.001018080127433802,aa_encoding
N1_Q,0.00035498374830586124,1.3534881207897628e-05,0.00035498374830586124,aa_encoding
N1_R,0.00042629860119743746,3.115577953615042e-05,0.00042629860119743746,aa_encoding
N1_S,0.00041785973728921246,1.8280085054038297e-05,0.00041785973728921246,aa_encoding
N1_T,0.00025585559830483914,1.0880580270777278e-05,0.00025585559830483914,aa_encoding
N1_V,0.0003440649402758912,9.552702675605078e-06,0.0003440649402758912,aa_encoding
N1_W,0.00030189717819677437,1.3430039694702437e-05,0.00030189717819677437,aa_encoding
N1_Y,0.00026035062988125855,1.444281701354391e-05,0.00026035062988125855,aa_encoding
P1_A,0.0003251897751556224,2.0336930595388522e-05,0.0003251897751556224,aa_encoding
P1_C,0.00021484398265503657,2.7934828138054473e-06,0.00021484398265503657,aa_encoding
P1_D,0.00035580094232721087,2.0992706672419324e-05,0.00035580094232721087,aa_encoding
P1_E,0.00031967871383201574,1.5246229835255334e-05,0.00031967871383201574,aa_encoding
P1_F,0.00033627666643922373,1.8373761773748097e-05,0.00033627666643922373,aa_encoding
P1_G,0.0003027238532672953,3.381210088309696e-05,0.0003027238532672953,aa_encoding
P1_H,0.0003334291722093237,8.164847233049864e-06,0.0003334291722093237,aa_encoding
P1_I,0.00031525389966781424,1.7862176087426056e-05,0.00031525389966781424,aa_encoding
P1_K,0.00034212049154079777,4.185266995754237e-06,0.00034212049154079777,aa_encoding
P1_L,0.0003425020112503413,1.0071534212282121e-05,0.0003425020112503413,aa_encoding
P1_M,0.0003768406521248055,1.4191958817407457e-05,0.0003768406521248055,aa_encoding
P1_N,0.0003565252765211478,1.5892153463251567e-05,0.0003565252765211478,aa_encoding
P1_P,0.00022572666145440748,1.4015462925606985e-05,0.00022572666145440748,aa_encoding
P1_Q,0.00033605600856433034,9.08362278572398e-06,0.00033605600856433034,aa_encoding
P1_R,0.00031641398570127183,1.2158699178612635e-05,0.00031641398570127183,aa_encoding
P1_S,0.00039378523839809257,1.6313773996092473e-05,0.00039378523839809257,aa_encoding
P1_T,0.00027733572045291556,9.192499950408237e-06,0.00027733572045291556,aa_encoding
P1_V,0.00034153615410560754,1.5955584013785044e-05,0.00034153615410560754,aa_encoding
P1_W,0.00027577312097286106,1.8508073774316063e-05,0.00027577312097286106,aa_encoding
P1_Y,0.00029446111077627816,2.7317575870591535e-05,0.00029446111077627816,aa_encoding
P2_A,0.00022126131806240136,9.914100824851086e-06,0.00022126131806240136,aa_encoding
P2_C,0.00010869813007470209,7.67606658562125e-06,0.00010869813007470209,aa_encoding
P2_D,0.00016090546266018987,9.379200311147428e-06,0.00016090546266018987,aa_encoding
P2_E,0.0002025170871915961,1.1285976124246292e-05,0.0002025170871915961,aa_encoding
P2_F,0.0002867370960777724,1.729920733237806e-05,0.0002867370960777724,aa_encoding
P2_G,0.0001426634531665144,5.418885181976439e-06,0.0001426634531665144,aa_encoding
P2_H,0.00019194995264675533,1.0489315071099208e-05,0.00019194995264675533,aa_encoding
P2_I,0.00028233222969881774,1.5005214105261757e-05,0.00028233222969881774,aa_encoding
P2_K,0.0001878188808858932,1.0862790983718813e-05,0.0001878188808858932,aa_encoding
P2_L,0.0002481418897102335,8.485075409367574e-06,0.0002481418897102335,aa_encoding
P2_M,0.0003494762979038282,2.6137749730208076e-05,0.0003494762979038282,aa_encoding
P2_N,0.0002066536696902954,5.976422051305342e-06,0.0002066536696902954,aa_encoding
P2_P,0.00015523144251509713,1.0935424881160758e-05,0.00015523144251509713,aa_encoding
P2_Q,0.0002351252802904941,5.498759023154079e-06,0.0002351252802904941,aa_encoding
P2_R,0.00017691049950716484,7.106819045649952e-06,0.00017691049950716484,aa_encoding
P2_S,0.00018866026401600285,9.612798049483644e-06,0.00018866026401600285,aa_encoding
P2_T,0.00018430314284309575,1.0448635779209145e-05,0.00018430314284309575,aa_encoding
P2_V,0.00030915162149216244,1.0564343362239883e-05,0.00030915162149216244,aa_encoding
P2_W,0.0002187876583738065,3.4707443038204107e-06,0.0002187876583738065,aa_encoding
P2_Y,0.00019858397169356698,1.3289135071795831e-05,0.00019858397169356698,aa_encoding
P3_A,0.00035006740084858655,2.3099710443864508e-05,0.00035006740084858655,aa_encoding
P3_C,0.0003519722241170407,1.0843202662947299e-05,0.0003519722241170407,aa_encoding
P3_D,0.00039194165999454684,1.6578073260520944e-05,0.00039194165999454684,aa_encoding
P3_E,0.0003429176668723476,1.4528926669333785e-05,0.0003429176668723476,aa_encoding
P3_F,0.00048427575275041077,3.358807682623079e-05,0.00048427575275041077,aa_encoding
P3_G,0.00028700801047101316,1.6716246816345537e-05,0.00028700801047101316,aa_encoding
P3_H,0.00040042923678857144,1.638394161831419e-05,0.00040042923678857144,aa_encoding
P3_I,0.0003312444475941069,1.9651046066905243e-05,0.0003312444475941069,aa_encoding
P3_K,0.0003936182205013728,2.6956575176175654e-05,0.0003936182205013728,aa_encoding
P3_L,0.0005734323417484139,3.037349346207454e-05,0.0005734323417484139,aa_encoding
P3_M,0.0006504026819394495,3.346638705632399e-05,0.0006504026819394495,aa_encoding
P3_N,0.0003898354075236316,2.065553121557472e-05,0.0003898354075236316,aa_encoding
P3_P,0.00038469173834564997,2.0591642996145877e-05,0.00038469173834564997,aa_encoding
P3_Q,0.0003825125858241751,1.6693689088049484e-05,0.0003825125858241751,aa_encoding
P3_R,0.00036237306988209965,2.647219188149365e-05,0.00036237306988209965,aa_encoding
P3_S,0.0004872397981189393,1.3778907266939704e-05,0.0004872397981189393,aa_encoding
P3_T,0.0004194261107638526,1.9883234438809223e-05,0.0004194261107638526,aa_encoding
P3_V,0.0004292435348275795,2.45564612137668e-05,0.0004292435348275795,aa_encoding
P3_W,0.00043144223380470876,2.56630611235513e-05,0.00043144223380470876,aa_encoding
P3_Y,0.0004929741498784237,2.102883501109719e-05,0.0004929741498784237,aa_encoding
P4_A,0.00026048517751707333,5.421456421817059e-06,0.00026048517751707333,aa_encoding
P4_C,0.00022988415492515552,8.790236429799686e-06,0.00022988415492515552,aa_encoding
P4_D,0.0003134582306560375,1.1577510274560908e-05,0.0003134582306560375,aa_encoding
P4_E,0.00031664239540307693,1.7875702437665686e-05,0.00031664239540307693,aa_encoding
P4_F,0.00029756181914351285,2.403573117109677e-05,0.00029756181914351285,aa_encoding
P4_G,0.0003019227566754156,1.2647722505526467e-05,0.0003019227566754156,aa_encoding
P4_H,0.00039633176566012995,1.5601665289694742e-05,0.00039633176566012995,aa_encoding
P4_I,0.00025004254355635007,1.977474842295887e-05,0.00025004254355635007,aa_encoding
P4_K,0.0004853412395828392,3.968492550401206e-05,0.0004853412395828392,aa_encoding
P4_L,0.0002745539160427459,1.8318478801272464e-05,0.0002745539160427459,aa_encoding
P4_M,0.0003605556556582171,2.242039116351486e-05,0.0003605556556582171,aa_encoding
P4_N,0.0004924523320226352,2.891033786587677e-05,0.0004924523320226352,aa_encoding
P4_P,0.0003958295549770996,5.196875760915806e-05,0.0003958295549770996,aa_encoding
P4_Q,0.0003772921802835143,3.0394223223311276e-05,0.0003772921802835143,aa_encoding
P4_R,0.0004882906826993858,5.698747567226737e-05,0.0004882906826993858,aa_encoding
P4_S,0.0003277787720113592,1.2763117830584517e-05,0.0003277787720113592,aa_encoding
P4_T,0.0002285049939521057,1.1354324078359866e-05,0.0002285049939521057,aa_encoding
P4_V,0.00030299064326123307,2.8131142756679696e-05,0.00030299064326123307,aa_encoding
P4_W,0.0002476112162588954,1.1752705416726057e-05,0.0002476112162588954,aa_encoding
P4_Y,0.0002660071061175361,5.564500275588751e-06,0.0002660071061175361,aa_encoding
P5_A,0.0003009781216298135,1.1876441779494046e-05,0.0003009781216298135,aa_encoding
P5_C,0.0003254684896879416,1.8484850887212744e-05,0.0003254684896879416,aa_encoding
P5_D,0.0005119444051435919,3.66479678373689e-05,0.0005119444051435919,aa_encoding
P5_E,0.0007766862183090418,2.9610277671982273e-05,0.0007766862183090418,aa_encoding
P5_F,0.00042248858011285743,2.9833162466749994e-05,0.00042248858011285743,aa_encoding
P5_G,0.0003705585031207108,1.9262200943290222e-05,0.0003705585031207108,aa_encoding
P5_H,0.0009274019309541591,4.245331416923592e-05,0.0009274019309541591,aa_encoding
P5_I,0.00043242179068405333,4.766497049736199e-05,0.00043242179068405333,aa_encoding
P5_K,0.0012365797873828063,7.71258759737539e-05,0.0012365797873828063,aa_encoding
P5_L,0.0005078273841865341,4.04253624566119e-05,0.0005078273841865341,aa_encoding
P5_M,0.0006907287992949752,2.803745260184827e-05,0.0006907287992949752,aa_encoding
P5_N,0.0010174340370251037,8.312603333173427e-05,0.0010174340370251037,aa_encoding
P5_P,0.0009304148389278385,3.293128122449143e-05,0.0009304148389278385,aa_encoding
P5_Q,0.0008735443336157129,4.798114536403993e-05,0.0008735443336157129,aa_encoding
P5_R,0.0014605190987982638,3.419117387091305e-05,0.0014605190987982638,aa_encoding
P5_S,0.0005416876956072236,3.994702699647287e-05,0.0005416876956072236,aa_encoding
P5_T,0.00029716524553527517,2.3050631302656423e-05,0.00029716524553527517,aa_encoding
P5_V,0.00045559992996242434,1.1550431048667013e-05,0.00045559992996242434,aa_encoding
P5_W,0.0003387189124427618,1.3351635512747058e-05,0.0003387189124427618,aa_encoding
P5_Y,0.0005289303038080679,3.148404183098372e-05,0.0005289303038080679,aa_encoding
P6_A,0.00034537018109184747,8.389052012295411e-06,0.00034537018109184747,aa_encoding
P6_C,0.00030700853547475904,1.0979995804578763e-05,0.00030700853547475904,aa_encoding
P6_D,0.00044280052416464054,4.060821442686633e-05,0.00044280052416464054,aa_encoding
P6_E,0.0003875747286080851,2.031423079400063e-05,0.0003875747286080851,aa_encoding
P6_F,0.0005192659672096353,3.6658175068141137e-05,0.0005192659672096353,aa_encoding
P6_G,0.00038670667189789947,4.161715859076387e-05,0.00038670667189789947,aa_encoding
P6_H,0.0007154177994293255,4.740986161507724e-05,0.0007154177994293255,aa_encoding
P6_I,0.0005051332311246329,4.373548927734614e-05,0.0005051332311246329,aa_encoding
P6_K,0.0005094106165880911,2.605137500665772e-05,0.0005094106165880911,aa_encoding
P6_L,0.0004396609374834934,2.0697107581195327e-05,0.0004396609374834934,aa_encoding
P6_M,0.0007648081583111196,5.5381302110405185e-05,0.0007648081583111196,aa_encoding
P6_N,0.00047558794899289823,4.159367725007146e-05,0.00047558794899289823,aa_encoding
P6_P,0.0003331329643680884,3.0252865371483762e-05,0.0003331329643680884,aa_encoding
P6_Q,0.0004371119804744279,9.774074983335025e-06,0.0004371119804744279,aa_encoding
P6_R,0.0004113265122347832,2.2891221152448163e-05,0.0004113265122347832,aa_encoding
P6_S,0.000348317598445814,1.9243726376280297e-05,0.000348317598445814,aa_encoding
P6_T,0.0004213041023691663,5.399177152077458e-05,0.0004213041023691663,aa_encoding
P6_V,0.0005989935068798646,4.1417338433053886e-05,0.0005989935068798646,aa_encoding
P6_W,0.00041435346176361563,3.0253372036649632e-05,0.00041435346176361563,aa_encoding
P6_Y,0.0005596494672123748,1.969253447818974e-05,0.0005596494672123748,aa_encoding
P7_A,0.00027712889573731794,1.0650335723053568e-05,0.00027712889573731794,aa_encoding
P7_C,0.00024206720270494235,5.276735502587309e-06,0.00024206720270494235,aa_encoding
P7_D,0.0004893877812509731,2.716428193727178e-05,0.0004893877812509731,aa_encoding
P7_E,0.0004287448959104657,2.9644168031894123e-05,0.0004287448959104657,aa_encoding
P7_F,0.000523534679702031,2.000189226223184e-05,0.000523534679702031,aa_encoding
P7_G,0.0003613677403515012,1.3745748400622629e-05,0.0003613677403515012,aa_encoding
P7_H,0.0006840450815871497,3.5307570068739114e-05,0.0006840450815871497,aa_encoding
P7_I,0.00038550918721799455,1.0330732198886883e-05,0.00038550918721799455,aa_encoding
P7_K,0.0004101399175773258,2.1407032718578444e-05,0.0004101399175773258,aa_encoding
P7_L,0.0004828081529896688,1.5007336768503989e-05,0.0004828081529896688,aa_encoding
P7_M,0.0005757780488294284,2.8691311558568384e-05,0.0005757780488294284,aa_encoding
P7_N,0.00040502853794208875,1.3506318912702325e-05,0.00040502853794208875,aa_encoding
P7_P,0.0002996757630096336,1.4687949939430055e-05,0.0002996757630096336,aa_encoding
P7_Q,0.0004217432797387774,1.2339923785305579e-05,0.0004217432797387774,aa_encoding
P7_R,0.00044055103568218547,1.5786254957798425e-05,0.00044055103568218547,aa_encoding
P7_S,0.0003926127037691475,5.326737772472401e-06,0.0003926127037691475,aa_encoding
P7_T,0.00030602065653656714,1.4380208703666102e-05,0.00030602065653656714,aa_encoding
P7_V,0.00040117747543271426,7.716602735067369e-06,0.00040117747543271426,aa_encoding
P7_W,0.0003939868493260978,1.5912498431710144e-05,0.0003939868493260978,aa_encoding
P7_Y,0.0004595505795858594,2.9635939855015788e-05,0.0004595505795858594,aa_encoding
P8_A,0.0002978682324354537,1.099114053053726e-05,0.0002978682324354537,aa_encoding
P8_C,0.00024415913942544485,9.412062030357366e-06,0.00024415913942544485,aa_encoding
P8_D,0.00042698811964685113,2.14439040427926e-05,0.00042698811964685113,aa_encoding
P8_E,0.0004102060879050245,1.3471095607834678e-05,0.0004102060879050245,aa_encoding
P8_F,0.0004591487251211085,2.0046365025133974e-05,0.0004591487251211085,aa_encoding
P8_G,0.0003188015079543169,2.1291137795566444e-05,0.0003188015079543169,aa_encoding
P8_H,0.0004766348939976992,2.4405316665164672e-05,0.0004766348939976992,aa_encoding
P8_I,0.0003610956565690731,2.280918954177842e-05,0.0003610956565690731,aa_encoding
P8_K,0.0006847765678574837,5.6720411093130985e-05,0.0006847765678574837,aa_encoding
P8_L,0.0004480622198546586,1.7149047437779075e-05,0.0004480622198546586,aa_encoding
P8_M,0.0004600311447553964,2.3619491674735687e-05,0.0004600311447553964,aa_encoding
P8_N,0.0005636731361336504,4.858321726940168e-05,0.0005636731361336504,aa_encoding
P8_P,0.0003729459781184377,3.18725406847989e-05,0.0003729459781184377,aa_encoding
P8_Q,0.0004303140143026013,2.9172131153896376e-05,0.0004303140143026013,aa_encoding
P8_R,0.0007346155426529707,3.6569320616352534e-05,0.0007346155426529707,aa_encoding
P8_S,0.00045286614416299834,2.6421540526506055e-05,0.00045286614416299834,aa_encoding
P8_T,0.00024435467084967286,1.5937372659533535e-05,0.00024435467084967286,aa_encoding
P8_V,0.0003727806073534546,1.9670783897088954e-05,0.0003727806073534546,aa_encoding
P8_W,0.00032102525874302447,1.6622064683870613e-05,0.00032102525874302447,aa_encoding
P8_Y,0.00028308255082587703,6.571347017039219e-06,0.00028308255082587703,aa_encoding
P9_A,0.0003500687745951373,2.3673232852045597e-05,0.0003500687745951373,aa_encoding
P9_C,0.0002734880195115814,2.2884703539505536e-05,0.0002734880195115814,aa_encoding
P9_D,8.487940674513815e-05,3.752089667670889e-06,8.487940674513815e-05,aa_encoding
P9_E,0.00019367161102899424,1.1650616636421166e-05,0.00019367161102899424,aa_encoding
P9_F,0.00041253805786938295,2.894330303979317e-05,0.00041253805786938295,aa_encoding
P9_G,0.00010261413135519123,4.3077331503452435e-06,0.00010261413135519123,aa_encoding
P9_H,0.0002577602824788538,1.3507571970407248e-05,0.0002577602824788538,aa_encoding
P9_I,0.00028123368132531874,1.898408670595564e-05,0.00028123368132531874,aa_encoding
P9_K,0.00011706971893521232,1.1656792673827035e-05,0.00011706971893521232,aa_encoding
P9_L,0.0004571697207265696,3.7044877046563155e-05,0.0004571697207265696,aa_encoding
P9_M,0.000587646335326809,4.349657814439821e-05,0.000587646335326809,aa_encoding
P9_N,0.00023723049331330132,1.3039777428682897e-05,0.00023723049331330132,aa_encoding
P9_P,0.00018158669222069208,1.6718417303191912e-05,0.00018158669222069208,aa_encoding
P9_Q,0.0003678463255451975,2.7815797794442756e-05,0.0003678463255451975,aa_encoding
P9_R,0.00018118150238130652,1.3011042018708592e-05,0.00018118150238130652,aa_encoding
P9_S,0.0002389147235848955,1.9651008709721114e-05,0.0002389147235848955,aa_encoding
P9_T,0.00026158666983754043,3.642505255989624e-05,0.00026158666983754043,aa_encoding
P9_V,0.00032911251954085066,2.2792392500760817e-05,0.00032911251954085066,aa_encoding
P9_W,0.00026349139865517195,2.1718790797437703e-05,0.00026349139865517195,aa_encoding
P9_Y,0.00015874871452952654,1.0508402968825182e-05,0.00015874871452952654,aa_encoding
C1_A,0.0006535548265727746,5.33115785711352e-05,0.0006535548265727746,aa_encoding
C1_C,0.00046848135345153386,4.503728139013911e-05,0.00046848135345153386,aa_encoding
C1_D,0.0008724785710220176,0.00012023803778889458,0.0008724785710220176,aa_encoding
C1_E,0.0008126714664177797,2.512222580506515e-05,0.0008126714664177797,aa_encoding
C1_F,0.0008601417931303559,5.488832628174663e-05,0.0008601417931303559,aa_encoding
C1_G,0.0008956852066950473,8.143465745460091e-05,0.0008956852066950473,aa_encoding
C1_H,0.0005619633047826777,3.663352493141614e-05,0.0005619633047826777,aa_encoding
C1_I,0.0006303219067570708,4.984760652405905e-05,0.0006303219067570708,aa_encoding
C1_K,0.0010411707731291264,6.887085894731971e-05,0.0010411707731291264,aa_encoding
C1_L,0.0008405491961063737,8.110976872658934e-05,0.0008405491961063737,aa_encoding
C1_M,0.0007806121435452075,6.408072887396387e-05,0.0007806121435452075,aa_encoding
C1_N,0.0013392686765812995,8.19888919777739e-05,0.0013392686765812995,aa_encoding
C1_P,0.0004938579635761067,4.7055003204377806e-05,0.0004938579635761067,aa_encoding
C1_Q,0.0006825432695031248,2.696770637021145e-05,0.0006825432695031248,aa_encoding
C1_R,0.0012354615868668012,5.949364773819299e-05,0.0012354615868668012,aa_encoding
C1_S,0.0010031693789130758,0.00010902420344458032,0.0010031693789130758,aa_encoding
C1_T,0.0003346626902459337,2.1502844723652838e-05,0.0003346626902459337,aa_encoding
C1_V,0.0005194889541561085,4.747168934822578e-05,0.0005194889541561085,aa_encoding
C1_W,0.00038394516787690504,1.1394545650777736e-05,0.00038394516787690504,aa_encoding
C1_Y,0.0004498277944732478,3.5673742280545056e-05,0.0004498277944732478,aa_encoding
C2_A,0.0002713339547153596,1.7077452671702517e-05,0.0002713339547153596,aa_encoding
C2_C,0.00026125949822534625,1.5969055740800748e-05,0.00026125949822534625,aa_encoding
C2_D,0.00031730561317272065,8.35670167270566e-06,0.00031730561317272065,aa_encoding
C2_E,0.00032093169909627164,7.92550632266977e-06,0.00032093169909627164,aa_encoding
C2_F,0.00033975121191223684,1.2328574015936767e-05,0.00033975121191223684,aa_encoding
C2_G,0.00028180956177993583,1.0868516079638076e-05,0.00028180956177993583,aa_encoding
C2_H,0.0003241141038844363,1.1231224029590912e-05,0.0003241141038844363,aa_encoding
C2_I,0.00029110305711784644,1.3112309942484104e-05,0.00029110305711784644,aa_encoding
C2_K,0.0003765379668556766,8.49071178143768e-06,0.0003765379668556766,aa_encoding
C2_L,0.000322561739852535,1.272219258025948e-05,0.000322561739852535,aa_encoding
C2_M,0.000386445944870911,2.26497248750435e-05,0.000386445944870911,aa_encoding
C2_N,0.00033695945870396225,1.282799963184379e-05,0.00033695945870396225,aa_encoding
C2_P,0.0002885653176776312,1.5915330206979655e-05,0.0002885653176776312,aa_encoding
C2_Q,0.0003453286970891719,1.586943229453016e-05,0.0003453286970891719,aa_encoding
C2_R,0.0003425616934539718,1.9590260781490234e-05,0.0003425616934539718,aa_encoding
C2_S,0.0003441938110977231,1.1894718433841677e-05,0.0003441938110977231,aa_encoding
C2_T,0.0002495542368900559,1.7966572126564342e-05,0.0002495542368900559,aa_encoding
C2_V,0.00031324477905227854,1.1166600848112883e-05,0.00031324477905227854,aa_encoding
C2_W,0.00031330939184840204,1.238698458680392e-05,0.00031330939184840204,aa_encoding
C2_Y,0.0002696067120862431,1.2683666404968635e-05,0.0002696067120862431,aa_encoding
C3_A,0.0002819397623201595,1.4170034881836997e-05,0.0002819397623201595,aa_encoding
C3_C,0.0002615309551858438,4.701713140211477e-06,0.0002615309551858438,aa_encoding
C3_D,0.00034755338391680087,2.459896239947531e-05,0.00034755338391680087,aa_encoding
C3_E,0.0003503589212114718,1.0425812618780213e-05,0.0003503589212114718,aa_encoding
C3_F,0.0003385903703592006,1.059807393629085e-05,0.0003385903703592006,aa_encoding
C3_G,0.0002747511364575701,1.092377516987365e-05,0.0002747511364575701,aa_encoding
C3_H,0.0003587574759652321,9.093363639235928e-06,0.0003587574759652321,aa_encoding
C3_I,0.00030324140263130654,9.060348803654233e-06,0.00030324140263130654,aa_encoding
C3_K,0.0003716109802148528,1.219115532496694e-05,0.0003716109802148528,aa_encoding
C3_L,0.00032227864925235187,8.481467055104275e-06,0.00032227864925235187,aa_encoding
C3_M,0.0003589595176584085,1.2183682422839158e-05,0.0003589595176584085,aa_encoding
C3_N,0.0003814894195932493,2.4722562619344733e-05,0.0003814894195932493,aa_encoding
C3_P,0.0002463759014996623,1.3775671107358448e-05,0.0002463759014996623,aa_encoding
C3_Q,0.00038032419652697294,1.3402125930311672e-05,0.00038032419652697294,aa_encoding
C3_R,0.0003468403097338708,1.808710203343256e-05,0.0003468403097338708,aa_encoding
C3_S,0.0003424828915274342,1.2002975269962983e-05,0.0003424828915274342,aa_encoding
C3_T,0.00025022321598170105,1.0103345947212447e-05,0.00025022321598170105,aa_encoding
C3_V,0.0003188454491509543,1.01120421646384e-05,0.0003188454491509543,aa_encoding
C3_W,0.0003066233182425123,6.3947087752292335e-06,0.0003066233182425123,aa_encoding
C3_Y,0.0002707893242188752,4.524447886313762e-06,0.0002707893242188752,aa_encoding
C4_A,0.0002830027788845435,1.3963025483098894e-05,0.0002830027788845435,aa_encoding
C4_C,0.00025279758060350497,1.18865795428001e-05,0.00025279758060350497,aa_encoding
C4_D,0.0003245433950282544,7.932254300150348e-06,0.0003245433950282544,aa_encoding
C4_E,0.0003247379187651631,1.2627055928957715e-05,0.0003247379187651631,aa_encoding
C4_F,0.00034714302141634207,1.1646514137609392e-05,0.00034714302141634207,aa_encoding
C4_G,0.00027354254515551485,1.1891843811504878e-05,0.00027354254515551485,aa_encoding
C4_H,0.0003401716174221119,1.147384849824582e-05,0.0003401716174221119,aa_encoding
C4_I,0.00029257843412365406,1.284931481358572e-05,0.00029257843412365406,aa_encoding
C4_K,0.0003699172202416382,1.4783597978033271e-05,0.0003699172202416382,aa_encoding
C4_L,0.00031202357772951194,1.1614724968093057e-05,0.00031202357772951194,aa_encoding
C4_M,0.00036334542559981,1.0867569877839914e-05,0.00036334542559981,aa_encoding
C4_N,0.00033346538696700013,1.6476333667359794e-05,0.00033346538696700013,aa_encoding
C4_P,0.00023582520674008049,1.2854239615264502e-05,0.00023582520674008049,aa_encoding
C4_Q,0.0003482309523835,9.942680914072897e-06,0.0003482309523835,aa_encoding
C4_R,0.00033856639779336584,2.161529001735937e-05,0.00033856639779336584,aa_encoding
C4_S,0.0003363112650494815,7.942541473065263e-06,0.0003363112650494815,aa_encoding
C4_T,0.00024474728814766216,1.428905330911796e-05,0.00024474728814766216,aa_encoding
C4_V,0.0003125490441626188,1.8389637082207172e-05,0.0003125490441626188,aa_encoding
C4_W,0.00030215501071636857,1.1495772913657622e-05,0.00030215501071636857,aa_encoding
C4_Y,0.00025220136195717486,6.220463982916973e-06,0.00025220136195717486,aa_encoding
C5_A,0.0002800111554778734,1.4817087868206911e-05,0.0002800111554778734,handcrafted
C5_C,0.00025433606321165496,1.5551613316048834e-05,0.00025433606321165496,handcrafted
C5_D,0.00032201092795160484,1.2214357778086476e-05,0.00032201092795160484,handcrafted
C5_E,0.0003238147345565471,1.3546733580931083e-05,0.0003238147345565471,handcrafted
C5_F,0.00035757810843697836,1.5820470716896926e-05,0.00035757810843697836,handcrafted
C5_G,0.0002651991735004051,1.2656831508932643e-05,0.0002651991735004051,handcrafted
C5_H,0.00035338055661567465,6.855593423109432e-06,0.00035338055661567465,handcrafted
C5_I,0.00029773717449565866,1.578079105111894e-05,0.00029773717449565866,handcrafted
C5_K,0.00036067430988814765,2.3207829464241317e-05,0.00036067430988814765,handcrafted
C5_L,0.00032066530148918614,2.1349037472199312e-05,0.00032066530148918614,handcrafted
C5_M,0.0003638216784613171,1.599081637431894e-05,0.0003638216784613171,handcrafted
C5_N,0.0003559469851866834,1.3342898213978905e-05,0.0003559469851866834,handcrafted
C5_P,0.00025180927981956235,9.194762815230824e-06,0.00025180927981956235,handcrafted
C5_Q,0.00034929222275997216,1.8400127483490344e-05,0.00034929222275997216,handcrafted
C5_R,0.0003372347632912162,1.0212629043435259e-05,0.0003372347632912162,handcrafted
C5_S,0.0003196262433504915,9.944823804604258e-06,0.0003196262433504915,handcrafted
C5_T,0.00024350442291899222,1.0594848523147205e-05,0.00024350442291899222,handcrafted
C5_V,0.00031422166780143356,1.3209669900923528e-05,0.00031422166780143356,handcrafted
C5_W,0.0003007573642177889,1.3561414110905663e-05,0.0003007573642177889,handcrafted
C5_Y,0.0002581808857500884,1.5142162742741241e-05,0.0002581808857500884,handcrafted
C6_A,0.0002824673640584409,1.5561545041426192e-05,0.0002824673640584409,handcrafted
C6_C,0.00025411267602525446,1.3443745971261753e-05,0.00025411267602525446,handcrafted
C6_D,0.00032094028818383544,1.4414489724527125e-05,0.00032094028818383544,handcrafted
C6_E,0.00034222061105178584,1.0915536884280665e-05,0.00034222061105178584,handcrafted
C6_F,0.0003312372594143847,8.298327047644345e-06,0.0003312372594143847,handcrafted
C6_G,0.0002570428499601261,9.40566820454236e-06,0.0002570428499601261,handcrafted
C6_H,0.00033815865202341857,1.838213334575357e-05,0.00033815865202341857,handcrafted
C6_I,0.00028042655367159773,1.449344297220254e-05,0.00028042655367159773,handcrafted
C6_K,0.0004146539016331269,1.5913866494282316e-05,0.0004146539016331269,handcrafted
C6_L,0.00030603995280921876,1.4201934038534536e-05,0.00030603995280921876,handcrafted
C6_M,0.0003327216333447958,5.179026570090549e-06,0.0003327216333447958,handcrafted
C6_N,0.00034310099799329195,1.1878573352546196e-05,0.00034310099799329195,handcrafted
C6_P,0.00023100473463461037,8.340387300380684e-06,0.00023100473463461037,handcrafted
C6_Q,0.0003607057303994813,1.4962668195409951e-05,0.0003607057303994813,handcrafted
C6_R,0.00038121740204436605,2.275664833493823e-05,0.00038121740204436605,handcrafted
C6_S,0.0003326206079424506,1.1802783191514529e-05,0.0003326206079424506,handcrafted
C6_T,0.00023875128633478964,7.43710282167562e-06,0.00023875128633478964,handcrafted
C6_V,0.0002995819532541547,1.206460114563013e-05,0.0002995819532541547,handcrafted
C6_W,0.00028773649608813907,2.0653456445393066e-05,0.00028773649608813907,handcrafted
C6_Y,0.00026182526897596946,8.039867736052582e-06,0.00026182526897596946,handcrafted
C7_A,0.000288589102368938,1.1774673083895671e-05,0.000288589102368938,handcrafted
C7_C,0.0002483060846288363,9.61606920636799e-06,0.0002483060846288363,handcrafted
C7_D,0.00030325551571709473,1.4936019289361846e-05,0.00030325551571709473,handcrafted
C7_E,0.00031113973282466726,1.0663861633782431e-05,0.00031113973282466726,handcrafted
C7_F,0.00032506284057599513,7.845383047386125e-06,0.00032506284057599513,handcrafted
C7_G,0.0002720366682118838,2.0877299439967586e-05,0.0002720366682118838,handcrafted
C7_H,0.00033920907001077337,1.167796095558246e-05,0.00033920907001077337,handcrafted
C7_I,0.0002930116004458584,1.1183064008803023e-05,0.0002930116004458584,handcrafted
C7_K,0.0003310309228985407,1.5106809557175386e-05,0.0003310309228985407,handcrafted
C7_L,0.0003101800639420321,1.8302825244001195e-05,0.0003101800639420321,handcrafted
C7_M,0.00036660971797329947,2.471018632065677e-05,0.00036660971797329947,handcrafted
C7_N,0.0003259929672951005,1.1280897547618617e-05,0.0003259929672951005,handcrafted
C7_P,0.00022719053768650052,6.726022845792916e-06,0.00022719053768650052,handcrafted
C7_Q,0.0003328616559719616,1.5227589809636476e-05,0.0003328616559719616,handcrafted
C7_R,0.00032326378175120176,1.3219840531855765e-05,0.00032326378175120176,handcrafted
C7_S,0.00032392677196366415,1.0804661478415388e-05,0.00032392677196366415,handcrafted
C7_T,0.0002465075912453919,8.146933343096138e-06,0.0002465075912453919,handcrafted
C7_V,0.00033071583709569146,1.0322300177235565e-05,0.00033071583709569146,handcrafted
C7_W,0.0002957836343982337,1.2610614018061704e-05,0.0002957836343982337,handcrafted
C7_Y,0.00025708466772474635,1.5986889118695026e-05,0.00025708466772474635,handcrafted
C8_A,0.0002763965520203617,8.574853757187578e-06,0.0002763965520203617,handcrafted
C8_C,0.000258406696171334,6.276528438250631e-06,0.000258406696171334,handcrafted
C8_D,0.0003280512551072312,7.621601494160797e-06,0.0003280512551072312,handcrafted
C8_E,0.0003289629718484006,1.1357418593787237e-05,0.0003289629718484006,handcrafted
C8_F,0.0003441250455466421,8.77906313536206e-06,0.0003441250455466421,handcrafted
C8_G,0.0002638062168049994,9.513083046772476e-06,0.0002638062168049994,handcrafted
C8_H,0.0003532534210856593,1.5925561018944348e-05,0.0003532534210856593,handcrafted
C8_I,0.0003009516356568149,1.8700680639512746e-05,0.0003009516356568149,handcrafted
C8_K,0.0003683437161566826,1.6837349248893906e-05,0.0003683437161566826,handcrafted
C8_L,0.00031806587281095163,7.203846505607048e-06,0.00031806587281095163,handcrafted
C8_M,0.00034378175606340983,1.3088141779181954e-05,0.00034378175606340983,handcrafted
C8_N,0.00033908421985941927,1.2663675079536757e-05,0.00033908421985941927,handcrafted
C8_P,0.00023174822568885903,9.639113868235677e-06,0.00023174822568885903,handcrafted
C8_Q,0.00035603256565397846,1.1075988016428794e-05,0.00035603256565397846,handcrafted
C8_R,0.00035174443914037703,5.288077972202444e-06,0.00035174443914037703,handcrafted
C8_S,0.00033435204958712623,1.2980576461292605e-05,0.00033435204958712623,handcrafted
C8_T,0.00025113530283884643,9.553702421912329e-06,0.00025113530283884643,handcrafted
C8_V,0.0003139312291550068,1.5350170776263303e-05,0.0003139312291550068,handcrafted
C8_W,0.0003129227803797533,7.754253207503302e-06,0.0003129227803797533,handcrafted
C8_Y,0.0002624522953315055,3.7762911783120674e-06,0.0002624522953315055,handcrafted
C9_A,0.0002675180686741469,1.1852347002669145e-05,0.0002675180686741469,handcrafted
C9_C,0.0002443345030331258,9.700804191238718e-06,0.0002443345030331258,handcrafted
C9_D,0.0003225492062458543,1.6300753386780986e-05,0.0003225492062458543,handcrafted
C9_E,0.0003245129834834089,1.3537280267953616e-05,0.0003245129834834089,handcrafted
C9_F,0.0003262257796494871,9.108539674891186e-06,0.0003262257796494871,handcrafted
C9_G,0.0002530205207185927,1.4413675124311228e-05,0.0002530205207185927,handcrafted
C9_H,0.00033260157363906374,1.1286333077645455e-05,0.00033260157363906374,handcrafted
C9_I,0.0002810919293070244,1.0833947061959298e-05,0.0002810919293070244,handcrafted
C9_K,0.0003481031462447185,1.4464437279571296e-05,0.0003481031462447185,handcrafted
C9_L,0.00031772994339111164,1.899720390945587e-05,0.00031772994339111164,handcrafted
C9_M,0.0003611327997823753,2.7972879964406984e-05,0.0003611327997823753,handcrafted
C9_N,0.0003352143738266022,1.068032972180922e-05,0.0003352143738266022,handcrafted
C9_P,0.00023692641958337736,1.4324383345949672e-05,0.00023692641958337736,handcrafted
C9_Q,0.00033187531827641827,1.8713298167735004e-05,0.00033187531827641827,handcrafted
C9_R,0.00031923164634831586,1.8964209840768293e-05,0.00031923164634831586,handcrafted
C9_S,0.0003239281423798903,1.2827099440266057e-05,0.0003239281423798903,handcrafted
C9_T,0.00025772380652372027,1.2851373383149587e-05,0.00025772380652372027,handcrafted
C9_V,0.0003091311822231478,1.1541091274986416e-05,0.0003091311822231478,handcrafted
C9_W,0.0003092380091300132,1.1737572777110226e-05,0.0003092380091300132,handcrafted
C9_Y,0.0002606821007088947,7.377908328965791e-06,0.0002606821007088947,handcrafted
C10_A,0.00027945079083021635,7.121140530111814e-06,0.00027945079083021635,handcrafted
C10_C,0.00026111723116457734,1.2536440117068048e-05,0.00026111723116457734,handcrafted
C10_D,0.0003216626079237672,1.3533962846289614e-05,0.0003216626079237672,handcrafted
C10_E,0.0003288014439067787,1.0908718280470104e-05,0.0003288014439067787,handcrafted
C10_F,0.0003376531872976775,9.154942567570907e-06,0.0003376531872976775,handcrafted
C10_G,0.0002494747718175692,4.523065357575269e-06,0.0002494747718175692,handcrafted
C10_H,0.00032860054492166255,1.695673355018292e-05,0.00032860054492166255,handcrafted
C10_I,0.0002914916872969249,1.594167954846159e-05,0.0002914916872969249,handcrafted
C10_K,0.0003685068626221503,1.0688699607825675e-05,0.0003685068626221503,handcrafted
C10_L,0.0003134233006451857,1.684148300394663e-05,0.0003134233006451857,handcrafted
C10_M,0.0003554915736180604,1.0108012007902709e-05,0.0003554915736180604,handcrafted
C10_N,0.00033155842466282853,1.1575600551208513e-05,0.00033155842466282853,handcrafted
C10_P,0.00023157828671723906,1.1311501999434694e-05,0.00023157828671723906,handcrafted
C10_Q,0.0003522347437206643,1.8943638667991402e-05,0.0003522347437206643,handcrafted
C10_R,0.00034319995874898236,1.4267504850412535e-05,0.00034319995874898236,handcrafted
C10_S,0.00032923790250358485,9.755667107533647e-06,0.00032923790250358485,handcrafted
C10_T,0.0002515890598957196,1.3625526592893332e-05,0.0002515890598957196,handcrafted
C10_V,0.0003017057552101006,6.025936285498809e-06,0.0003017057552101006,handcrafted
C10_W,0.00030762697981674025,1.5704534955937073e-05,0.00030762697981674025,handcrafted
C10_Y,0.0002503969608854433,4.666910382960084e-06,0.0002503969608854433,handcrafted
esmif_PC001,0.0007788763805078635,6.881830999419266e-05,0.0007788763805078635,embedding_pca
esmif_PC002,0.0007459987987987928,4.822073768945421e-05,0.0007459987987987928,embedding_pca
esmif_PC003,0.002164748886692029,0.00019155784201711488,0.002164748886692029,embedding_pca
esmif_PC004,0.0006576680234073888,4.3429189531003e-05,0.0006576680234073888,embedding_pca
esmif_PC005,0.0005947614976473588,3.62191130031885e-05,0.0005947614976473588,embedding_pca
esmif_PC006,0.0006207140826227725,3.125975799908159e-05,0.0006207140826227725,embedding_pca
esmif_PC007,0.0005861636672444258,2.7565026274762976e-05,0.0005861636672444258,embedding_pca
esmif_PC008,0.0005468654348736904,1.5767024827624013e-05,0.0005468654348736904,embedding_pca
esmif_PC009,0.0005866782907608945,1.2949297225190965e-05,0.0005866782907608945,embedding_pca
esmif_PC010,0.0006061932317636883,2.3526759811874623e-05,0.0006061932317636883,embedding_pca
esmif_PC011,0.0005842849637818549,2.1583984241529824e-05,0.0005842849637818549,embedding_pca
esmif_PC012,0.0005347127117422557,1.6837379506135683e-05,0.0005347127117422557,embedding_pca
esmif_PC013,0.0005417128492199872,1.2400674938312369e-05,0.0005417128492199872,embedding_pca
esmif_PC014,0.0005414822689846996,1.818939662922465e-05,0.0005414822689846996,embedding_pca
esmif_PC015,0.0005266209560524562,4.672241323208913e-05,0.0005266209560524562,embedding_pca
esmif_PC016,0.000551027278766897,1.8989949395813594e-05,0.000551027278766897,embedding_pca
esmif_PC017,0.0005019772434305455,1.738341921156679e-05,0.0005019772434305455,embedding_pca
esmif_PC018,0.0006455923941108765,4.0530581556093795e-05,0.0006455923941108765,embedding_pca
esmif_PC019,0.0006413509021143181,0.00011449399955377364,0.0006413509021143181,embedding_pca
esmif_PC020,0.0005435245836441494,2.3886394683424247e-05,0.0005435245836441494,embedding_pca
esmif_PC021,0.0006044990621319671,4.848162546288224e-05,0.0006044990621319671,embedding_pca
esmif_PC022,0.0005246256816177408,3.08964867487354e-05,0.0005246256816177408,embedding_pca
esmif_PC023,0.0005787876419829107,1.7053019124490953e-05,0.0005787876419829107,embedding_pca
esmif_PC024,0.0005251039664138558,1.7118774941015886e-05,0.0005251039664138558,embedding_pca
esmif_PC025,0.0005106372625179174,2.2079816270469514e-05,0.0005106372625179174,embedding_pca
esmif_PC026,0.0005476048657695961,2.1040593703040173e-05,0.0005476048657695961,embedding_pca
esmif_PC027,0.0005999940012987755,2.3033535041653938e-05,0.0005999940012987755,embedding_pca
esmif_PC028,0.0005072386016719598,2.104540107074984e-05,0.0005072386016719598,embedding_pca
esmif_PC029,0.0006925854230003826,4.872348609581509e-05,0.0006925854230003826,embedding_pca
esmif_PC030,0.0004938818562545049,5.843962120929629e-06,0.0004938818562545049,embedding_pca
esmif_PC031,0.0005192449228043514,2.0553594765033913e-05,0.0005192449228043514,embedding_pca
esmif_PC032,0.0007019665926307199,5.138727991516919e-05,0.0007019665926307199,embedding_pca
esmif_PC033,0.0005446127615243355,2.9757847172082455e-05,0.0005446127615243355,embedding_pca
esmif_PC034,0.000518163927378079,1.3777979838469983e-05,0.000518163927378079,embedding_pca
esmif_PC035,0.0005427934631822909,2.0914931197612302e-05,0.0005427934631822909,embedding_pca
esmif_PC036,0.0005684741912121089,3.628621188277136e-05,0.0005684741912121089,embedding_pca
esmif_PC037,0.000546904333043582,4.0694247871077796e-05,0.000546904333043582,embedding_pca
esmif_PC038,0.000569295381848695,3.092109314744719e-05,0.000569295381848695,embedding_pca
esmif_PC039,0.0005229159916904506,2.7165907890336493e-05,0.0005229159916904506,embedding_pca
esmif_PC040,0.0006088302164756132,3.875618098307728e-05,0.0006088302164756132,embedding_pca
esmif_PC041,0.0005048681293025215,1.927674804797282e-05,0.0005048681293025215,embedding_pca
esmif_PC042,0.0005256493901434621,4.402428292543302e-05,0.0005256493901434621,embedding_pca
esmif_PC043,0.0005274384112414387,2.6133313763005688e-05,0.0005274384112414387,embedding_pca
esmif_PC044,0.0006255329228236276,7.6622397683653e-05,0.0006255329228236276,embedding_pca
esmif_PC045,0.0004939892922061918,2.2069928382947702e-05,0.0004939892922061918,embedding_pca
esmif_PC046,0.0005082527583273509,5.767150373231852e-06,0.0005082527583273509,embedding_pca
esmif_PC047,0.0004983651081130686,1.0832081802507365e-05,0.0004983651081130686,embedding_pca
esmif_PC048,0.0006486076106115379,6.564937699855422e-05,0.0006486076106115379,embedding_pca
esmif_PC049,0.0006076401622768137,6.124345032849022e-05,0.0006076401622768137,embedding_pca
esmif_PC050,0.0005190346058673448,1.5809456613399076e-05,0.0005190346058673448,embedding_pca
esmif_PC051,0.0005188774068477348,1.0280066253530358e-05,0.0005188774068477348,embedding_pca
esmif_PC052,0.0005192337821993086,9.012357796441896e-06,0.0005192337821993086,embedding_pca
esmif_PC053,0.0005785551487727329,8.277852382348837e-06,0.0005785551487727329,embedding_pca
esmif_PC054,0.0005368010845645192,1.7348916255988095e-05,0.0005368010845645192,embedding_pca
esmif_PC055,0.0005653163027134165,1.09266459796654e-05,0.0005653163027134165,embedding_pca
esmif_PC056,0.0005421660544961274,6.482133589618917e-05,0.0005421660544961274,embedding_pca
esmif_PC057,0.0005197425361615864,1.3084452379016109e-05,0.0005197425361615864,embedding_pca
esmif_PC058,0.0005155314587047721,2.008403175102058e-05,0.0005155314587047721,embedding_pca
esmif_PC059,0.0005044149450611834,1.280589702747621e-05,0.0005044149450611834,embedding_pca
esmif_PC060,0.0005241777374224866,2.460254347738914e-05,0.0005241777374224866,embedding_pca
esmif_PC061,0.0005398574210517895,4.5513033354871826e-05,0.0005398574210517895,embedding_pca
esmif_PC062,0.0005157842774085689,1.6159072369276782e-05,0.0005157842774085689,embedding_pca
esmif_PC063,0.0005112366765012489,2.114538697825459e-05,0.0005112366765012489,embedding_pca
esmif_PC064,0.0005335860594794505,8.795898978806657e-06,0.0005335860594794505,embedding_pca
esmif_PC065,0.0005330336872149082,1.7653897343028007e-05,0.0005330336872149082,embedding_pca
esmif_PC066,0.0005104436743547038,1.1624856409826115e-05,0.0005104436743547038,embedding_pca
esmif_PC067,0.0005458823535940958,7.581031727474893e-05,0.0005458823535940958,embedding_pca
esmif_PC068,0.0005490515284402832,5.027922971167527e-05,0.0005490515284402832,embedding_pca
esmif_PC069,0.0005777148912177589,4.549427199273806e-05,0.0005777148912177589,embedding_pca
esmif_PC070,0.0005400720292824586,2.872638345256645e-05,0.0005400720292824586,embedding_pca
esmif_PC071,0.0005232068195329569,3.575807585167494e-05,0.0005232068195329569,embedding_pca
esmif_PC072,0.0005028151433756452,2.0551347413607275e-05,0.0005028151433756452,embedding_pca
esmif_PC073,0.00054748879405772,4.820062890049272e-05,0.00054748879405772,embedding_pca
esmif_PC074,0.0005457243807036877,3.789046325574821e-05,0.0005457243807036877,embedding_pca
esmif_PC075,0.0005287450270755362,2.2184929904136708e-05,0.0005287450270755362,embedding_pca
esmif_PC076,0.0005222669178680823,2.116215991644588e-05,0.0005222669178680823,embedding_pca
esmif_PC077,0.0005072551176102015,1.6579331751388427e-05,0.0005072551176102015,embedding_pca
esmif_PC078,0.0005136754076495338,2.8909875355421585e-05,0.0005136754076495338,embedding_pca
esmif_PC079,0.0005772620718800321,5.666611040051892e-05,0.0005772620718800321,embedding_pca
esmif_PC080,0.0005302559752672255,4.019568441864026e-05,0.0005302559752672255,embedding_pca
esmif_PC081,0.0005264461978764492,3.4849643618605526e-05,0.0005264461978764492,embedding_pca
esmif_PC082,0.0005608309242640219,4.0218875899522685e-05,0.0005608309242640219,embedding_pca
esmif_PC083,0.000510071450108276,1.843001309349621e-05,0.000510071450108276,embedding_pca
esmif_PC084,0.0005342622315902369,2.7226004201464558e-05,0.0005342622315902369,embedding_pca
esmif_PC085,0.0005070186546764434,6.961592377232366e-06,0.0005070186546764434,embedding_pca
esmif_PC086,0.00047947778456948963,1.6252597548737114e-05,0.00047947778456948963,embedding_pca
esmif_PC087,0.000498063433032826,2.420883781559337e-05,0.000498063433032826,embedding_pca
esmif_PC088,0.0005108566194272699,9.086539972865326e-06,0.0005108566194272699,embedding_pca
esmif_PC089,0.0005374059416089979,2.4695957980961058e-05,0.0005374059416089979,embedding_pca
esmif_PC090,0.000519463966607785,1.6273616203552093e-05,0.000519463966607785,embedding_pca
esmif_PC091,0.0004934836551045877,8.725411240089266e-06,0.0004934836551045877,embedding_pca
esmif_PC092,0.0005076777920274414,1.4486143090532824e-05,0.0005076777920274414,embedding_pca
esmif_PC093,0.0005181504478933922,3.330883933635041e-05,0.0005181504478933922,embedding_pca
esmif_PC094,0.0005717488514149687,5.846925002354482e-05,0.0005717488514149687,embedding_pca
esmif_PC095,0.0005328031272120932,2.072943120399057e-05,0.0005328031272120932,embedding_pca
esmif_PC096,0.0005015259959955563,1.440165927786608e-05,0.0005015259959955563,embedding_pca
esmif_PC097,0.0005278027043676231,2.4897089721279267e-05,0.0005278027043676231,embedding_pca
esmif_PC098,0.000508901471193382,1.4907637483042302e-05,0.000508901471193382,embedding_pca
esmif_PC099,0.0004998902136213446,1.55332109383608e-05,0.0004998902136213446,embedding_pca
esmif_PC100,0.0004914154819242198,1.5390844633188684e-05,0.0004914154819242198,embedding_pca
esmif_PC101,0.0005094474437339197,1.7244007361561904e-05,0.0005094474437339197,embedding_pca
esmif_PC102,0.000505903223456542,1.0694710559438636e-05,0.000505903223456542,embedding_pca
esmif_PC103,0.0005175017557846334,2.2757288350733996e-05,0.0005175017557846334,embedding_pca
esmif_PC104,0.0005227525610736281,3.125418679032963e-05,0.0005227525610736281,embedding_pca
esmif_PC105,0.0004980971808085894,9.363484775028407e-06,0.0004980971808085894,embedding_pca
esmif_PC106,0.0005062411609217633,2.145534660446438e-05,0.0005062411609217633,embedding_pca
esmif_PC107,0.00048637727157789664,6.234453049635085e-06,0.00048637727157789664,embedding_pca
esmif_PC108,0.0005004426389322983,1.577783911325404e-05,0.0005004426389322983,embedding_pca
esmif_PC109,0.0005152469102106287,1.850933010150746e-05,0.0005152469102106287,embedding_pca
esmif_PC110,0.0005174924044848183,1.845677423355017e-05,0.0005174924044848183,embedding_pca
esmif_PC111,0.000495828943389084,1.3268203327298719e-05,0.000495828943389084,embedding_pca
esmif_PC112,0.0005107720066975548,1.636207267691945e-05,0.0005107720066975548,embedding_pca
esmif_PC113,0.0004998542705567609,1.4138087142132165e-05,0.0004998542705567609,embedding_pca
esmif_PC114,0.0005164861478722989,2.4122474246355494e-05,0.0005164861478722989,embedding_pca
esmif_PC115,0.0005010312054328627,2.4680122004137588e-05,0.0005010312054328627,embedding_pca
esmif_PC116,0.0005369044119381136,3.319390098485726e-05,0.0005369044119381136,embedding_pca
esmif_PC117,0.0005085172488376203,2.210797553114956e-05,0.0005085172488376203,embedding_pca
esmif_PC118,0.0005060164491684334,7.29730167767866e-06,0.0005060164491684334,embedding_pca
esmif_PC119,0.0004967214880166938,1.1536283867890232e-05,0.0004967214880166938,embedding_pca
esmif_PC120,0.0005110812838857686,6.687208866694738e-06,0.0005110812838857686,embedding_pca
esmif_PC121,0.0005219751237870914,3.6689403726339266e-05,0.0005219751237870914,embedding_pca
esmif_PC122,0.0004928690485826204,8.112639320210386e-06,0.0004928690485826204,embedding_pca
esmif_PC123,0.0005408583666870086,8.625172844090952e-05,0.0005408583666870086,embedding_pca
esmif_PC124,0.0005124424206238915,1.0759336808677412e-05,0.0005124424206238915,embedding_pca
esmif_PC125,0.0005047072418447893,1.7100359611724458e-05,0.0005047072418447893,embedding_pca
esmif_PC126,0.0005981901146551547,6.0717662316855055e-05,0.0005981901146551547,embedding_pca
esmif_PC127,0.000518895743580163,1.0541839968219917e-05,0.000518895743580163,embedding_pca
esmif_PC128,0.0005085408636221415,1.7264802525624686e-05,0.0005085408636221415,embedding_pca
esmif_PC129,0.0004997367990882284,1.5632344982751054e-05,0.0004997367990882284,embedding_pca
esmif_PC130,0.0005071601142593145,3.0167266169231866e-05,0.0005071601142593145,embedding_pca
esmif_PC131,0.0005098360586381714,1.0554072273022811e-05,0.0005098360586381714,embedding_pca
esmif_PC132,0.0005451548361883674,3.078008988135439e-05,0.0005451548361883674,embedding_pca
esmif_PC133,0.0004943821186706593,1.558565734271114e-05,0.0004943821186706593,embedding_pca
esmif_PC134,0.0005287098043636879,1.9092974250085858e-05,0.0005287098043636879,embedding_pca
esmif_PC135,0.0004994161434301987,7.525633047705972e-06,0.0004994161434301987,embedding_pca
esmif_PC136,0.0005093556105378492,5.979421386664548e-06,0.0005093556105378492,embedding_pca
esmif_PC137,0.0004908133245595423,1.02783910266628e-05,0.0004908133245595423,embedding_pca
esmif_PC138,0.00051004422516473,2.0767416937558297e-05,0.00051004422516473,embedding_pca
esmif_PC139,0.0005283577976541492,3.7634909293443295e-05,0.0005283577976541492,embedding_pca
esmif_PC140,0.000546901180382633,5.823319408886662e-05,0.000546901180382633,embedding_pca
esmif_PC141,0.0005102466193700379,1.814844134237423e-05,0.0005102466193700379,embedding_pca
esmif_PC142,0.0004914309514356503,1.4389177316656023e-05,0.0004914309514356503,embedding_pca
esmif_PC143,0.0005002435413004865,1.2201331163300462e-05,0.0005002435413004865,embedding_pca
esmif_PC144,0.0005066745058600315,1.2482527493271079e-05,0.0005066745058600315,embedding_pca
esmif_PC145,0.0005001893051857238,2.5596262725433724e-05,0.0005001893051857238,embedding_pca
esmif_PC146,0.0005093386839352079,1.978535594982726e-05,0.0005093386839352079,embedding_pca
esmif_PC147,0.0005125308941068541,1.2031725480891992e-05,0.0005125308941068541,embedding_pca
esmif_PC148,0.0004958346621432785,1.2857190004776907e-05,0.0004958346621432785,embedding_pca
esmif_PC149,0.0004993545001809906,2.7125905262817018e-05,0.0004993545001809906,embedding_pca
esmif_PC150,0.0005724738056192893,6.31212972661759e-05,0.0005724738056192893,embedding_pca
esmif_PC151,0.0005017359440543722,2.5005013091150904e-05,0.0005017359440543722,embedding_pca
esmif_PC152,0.0005016536814845328,7.014317391781206e-06,0.0005016536814845328,embedding_pca
esmif_PC153,0.0004946499358201547,1.7796220026247192e-05,0.0004946499358201547,embedding_pca
esmif_PC154,0.0005105778614069351,2.3912964608642945e-05,0.0005105778614069351,embedding_pca
esmif_PC155,0.0005278590466816791,6.17547110442518e-06,0.0005278590466816791,embedding_pca
esmif_PC156,0.000507270343538916,1.9392229702633006e-05,0.000507270343538916,embedding_pca
esmif_PC157,0.0005154338020549617,2.1775669585361065e-05,0.0005154338020549617,embedding_pca
esmif_PC158,0.0005390299447935612,6.681405479615683e-05,0.0005390299447935612,embedding_pca
esmif_PC159,0.0004947669838676449,1.8942706443196644e-05,0.0004947669838676449,embedding_pca
esmif_PC160,0.0005149479715993247,1.5855278014161653e-05,0.0005149479715993247,embedding_pca
esmif_PC161,0.0004916349555117237,1.3572124777412415e-05,0.0004916349555117237,embedding_pca
esmif_PC162,0.0005237616190569068,1.4763905296962356e-05,0.0005237616190569068,embedding_pca
esmif_PC163,0.0005496273133020244,8.908136037835275e-05,0.0005496273133020244,embedding_pca
esmif_PC164,0.0005033568089738851,8.742805409027517e-06,0.0005033568089738851,embedding_pca
esmif_PC165,0.0005452596582341384,8.415160143348175e-05,0.0005452596582341384,embedding_pca
esmif_PC166,0.0005068958220854672,2.6608120949492673e-05,0.0005068958220854672,embedding_pca
esmif_PC167,0.0005000654052732853,1.6691633152717785e-05,0.0005000654052732853,embedding_pca
esmif_PC168,0.0005202493087560691,3.0046172062311352e-05,0.0005202493087560691,embedding_pca
esmif_PC169,0.0005184278665929982,2.2795497070168457e-05,0.0005184278665929982,embedding_pca
esmif_PC170,0.0005189071098329852,3.7299911923823404e-05,0.0005189071098329852,embedding_pca
esmif_PC171,0.0004945485491420719,1.0535861813919551e-05,0.0004945485491420719,embedding_pca
esmif_PC172,0.0005055461877732432,1.1191327546581919e-05,0.0005055461877732432,embedding_pca
esmif_PC173,0.0005183111685181137,2.1597726357836396e-05,0.0005183111685181137,embedding_pca
esmif_PC174,0.0005047585286500425,7.08546806754887e-06,0.0005047585286500425,embedding_pca
esmif_PC175,0.0005040863430355712,1.5363596905468655e-05,0.0005040863430355712,embedding_pca
esmif_PC176,0.0005118475447727199,1.822500942635023e-05,0.0005118475447727199,embedding_pca
esmif_PC177,0.0005046475467438697,3.474331242666292e-05,0.0005046475467438697,embedding_pca
esmif_PC178,0.0004952771423264591,8.43881630692345e-06,0.0004952771423264591,embedding_pca
esmif_PC179,0.0004986968104602246,1.8436726700751567e-05,0.0004986968104602246,embedding_pca
esmif_PC180,0.0004977849386442893,2.0734333370804352e-05,0.0004977849386442893,embedding_pca
esmif_PC181,0.0004951073352123588,1.5420559974538115e-05,0.0004951073352123588,embedding_pca
esmif_PC182,0.0004998237774137558,9.847235011667381e-06,0.0004998237774137558,embedding_pca
esmif_PC183,0.000487282410423181,1.063730901243194e-05,0.000487282410423181,embedding_pca
esmif_PC184,0.0004962239545139639,1.3530660158909882e-05,0.0004962239545139639,embedding_pca
esmif_PC185,0.000498562147533373,1.4635641737330363e-05,0.000498562147533373,embedding_pca
esmif_PC186,0.0005193471872788829,6.460754019304351e-05,0.0005193471872788829,embedding_pca
esmif_PC187,0.0004946697394586752,1.2022607937801052e-05,0.0004946697394586752,embedding_pca
esmif_PC188,0.0005008613959166448,1.4574050028560145e-05,0.0005008613959166448,embedding_pca
esmif_PC189,0.000496358444339339,1.7651788158959566e-05,0.000496358444339339,embedding_pca
esmif_PC190,0.000508786621892484,1.1744380125651204e-05,0.000508786621892484,embedding_pca
esmif_PC191,0.0005016214447379635,1.1352015844447535e-05,0.0005016214447379635,embedding_pca
esmif_PC192,0.0005040893111913485,1.2586458679263018e-05,0.0005040893111913485,embedding_pca
esmif_PC193,0.000497053983952313,1.2164108924688373e-05,0.000497053983952313,embedding_pca
esmif_PC194,0.0004950658582929884,1.581142976190687e-05,0.0004950658582929884,embedding_pca
esmif_PC195,0.0005047808226110286,1.646305256101227e-05,0.0005047808226110286,embedding_pca
esmif_PC196,0.0005002622442073633,1.9655149715306952e-05,0.0005002622442073633,embedding_pca
esmif_PC197,0.0004910569245581422,1.4921761846945615e-05,0.0004910569245581422,embedding_pca
esmif_PC198,0.0004834491823838166,1.5293971922672824e-05,0.0004834491823838166,embedding_pca
esmif_PC199,0.0004953150687612921,1.6145072414989067e-05,0.0004953150687612921,embedding_pca
esmif_PC200,0.000495503204619696,1.763085154937701e-05,0.000495503204619696,embedding_pca
esmif_PC201,0.0005036843264142473,1.048112858447118e-05,0.0005036843264142473,embedding_pca
esmif_PC202,0.0005328298092945182,1.6441516647422053e-05,0.0005328298092945182,embedding_pca
esmif_PC203,0.0005015970951224469,1.0850278104264226e-05,0.0005015970951224469,embedding_pca
esmif_PC204,0.0005029842068001415,1.6734700299871914e-05,0.0005029842068001415,embedding_pca
esmif_PC205,0.0004961358484730317,8.79490876568816e-06,0.0004961358484730317,embedding_pca
esmif_PC206,0.000496045118165297,2.042245843496146e-05,0.000496045118165297,embedding_pca
esmif_PC207,0.0005143222046040772,2.3575611780861143e-05,0.0005143222046040772,embedding_pca
esmif_PC208,0.0004897358621439206,1.958138700946892e-05,0.0004897358621439206,embedding_pca
esmif_PC209,0.0005038298851958706,7.149390836257846e-06,0.0005038298851958706,embedding_pca
esmif_PC210,0.0005078362947679921,3.0235951264936245e-05,0.0005078362947679921,embedding_pca
esmif_PC211,0.0004998943176514934,2.2868760007212466e-05,0.0004998943176514934,embedding_pca
esmif_PC212,0.0005084462693133374,3.433171488841929e-05,0.0005084462693133374,embedding_pca
esmif_PC213,0.0004968485105727515,1.1669134591595865e-05,0.0004968485105727515,embedding_pca
esmif_PC214,0.0004961309613325793,1.293090699417741e-05,0.0004961309613325793,embedding_pca
esmif_PC215,0.0005041014815665568,9.04712806731183e-06,0.0005041014815665568,embedding_pca
esmif_PC216,0.0005062280507637635,1.71463484278947e-05,0.0005062280507637635,embedding_pca
esmif_PC217,0.0004920845696173659,9.900757313571772e-06,0.0004920845696173659,embedding_pca
esmif_PC218,0.0004947376583827222,2.3493099010570427e-05,0.0004947376583827222,embedding_pca
esmif_PC219,0.0005088214784432316,4.696561263273962e-05,0.0005088214784432316,embedding_pca
esmif_PC220,0.0004875492081061472,2.2246517131064618e-05,0.0004875492081061472,embedding_pca
esmif_PC221,0.0005036409981503459,1.7280206723225476e-05,0.0005036409981503459,embedding_pca
esmif_PC222,0.0005334514227212132,6.464503593110141e-05,0.0005334514227212132,embedding_pca
esmif_PC223,0.0004930435041224903,1.299153328647985e-05,0.0004930435041224903,embedding_pca
esmif_PC224,0.0004895671703441475,1.3868425237496315e-05,0.0004895671703441475,embedding_pca
esmif_PC225,0.0005007004638717121,1.4363804875107757e-05,0.0005007004638717121,embedding_pca
esmif_PC226,0.00048685052386678517,2.284339645210021e-05,0.00048685052386678517,embedding_pca
esmif_PC227,0.0005107280126743277,1.9462522929567572e-05,0.0005107280126743277,embedding_pca
esmif_PC228,0.0005075158298666466,1.892302643118178e-05,0.0005075158298666466,embedding_pca
esmif_PC229,0.000477835090291383,3.86603974409877e-06,0.000477835090291383,embedding_pca
esmif_PC230,0.0005164256530121234,2.530780443698823e-05,0.0005164256530121234,embedding_pca
esmif_PC231,0.0004982173266191996,1.670736084443939e-05,0.0004982173266191996,embedding_pca
esmif_PC232,0.0004885713553549144,1.5065176067522645e-05,0.0004885713553549144,embedding_pca
esmif_PC233,0.000488551596372723,1.0896484479722003e-05,0.000488551596372723,embedding_pca
esmif_PC234,0.0004964795040115683,1.5156423171666754e-05,0.0004964795040115683,embedding_pca
esmif_PC235,0.0005036834031993747,1.4909510525501372e-05,0.0005036834031993747,embedding_pca
esmif_PC236,0.00048663533802664,5.947505533293341e-06,0.00048663533802664,embedding_pca
esmif_PC237,0.0004890128171103043,1.5514765361175862e-05,0.0004890128171103043,embedding_pca
esmif_PC238,0.0005275788313806207,4.7445158948614494e-05,0.0005275788313806207,embedding_pca
esmif_PC239,0.0004971209530860606,1.0307581061865092e-05,0.0004971209530860606,embedding_pca
esmif_PC240,0.0004900730543717188,9.061279441534941e-06,0.0004900730543717188,embedding_pca
esmif_PC241,0.00047914267892565306,1.8354761672691682e-05,0.00047914267892565306,embedding_pca
esmif_PC242,0.0004993366485080364,1.0392100977882688e-05,0.0004993366485080364,embedding_pca
esmif_PC243,0.0005070457108542851,1.7150238334064405e-05,0.0005070457108542851,embedding_pca
esmif_PC244,0.0004957126711541038,2.397591934401962e-05,0.0004957126711541038,embedding_pca
esmif_PC245,0.0004946406245873364,1.089398773613248e-05,0.0004946406245873364,embedding_pca
esmif_PC246,0.0004906271791662294,1.0540246371471309e-05,0.0004906271791662294,embedding_pca
esmif_PC247,0.0004946133454357482,1.3315101744996648e-05,0.0004946133454357482,embedding_pca
esmif_PC248,0.0005092632039536461,7.433382039549261e-06,0.0005092632039536461,embedding_pca
esmif_PC249,0.000500813203310153,9.663307977640578e-06,0.000500813203310153,embedding_pca
esmif_PC250,0.0004998011995879724,1.0502171113770882e-05,0.0004998011995879724,embedding_pca
esmif_PC251,0.0004894044976764223,4.329938825223137e-06,0.0004894044976764223,embedding_pca
esmif_PC252,0.000500917110149488,1.3242538276383181e-05,0.000500917110149488,embedding_pca
esmif_PC253,0.0004918490769396902,1.3409167671404559e-05,0.0004918490769396902,embedding_pca
esmif_PC254,0.0005079093244951137,1.5477515614802656e-05,0.0005079093244951137,embedding_pca
esmif_PC255,0.0005026811893759809,2.2905338643038807e-05,0.0005026811893759809,embedding_pca
esmif_PC256,0.0004982514491169959,1.8960030478217465e-05,0.0004982514491169959,embedding_pca
esmif_PC257,0.0004991736922157592,6.249866522813736e-06,0.0004991736922157592,embedding_pca
esmif_PC258,0.0005036092171006859,1.3698952295230417e-05,0.0005036092171006859,embedding_pca
esmif_PC259,0.0004960214332596247,3.630335434756806e-06,0.0004960214332596247,embedding_pca
esmif_PC260,0.0005016655853029147,1.69601926677543e-05,0.0005016655853029147,embedding_pca
esmif_PC261,0.0005026978735218131,9.940020780091564e-06,0.0005026978735218131,embedding_pca
esmif_PC262,0.0005062183106501213,2.9208163634355078e-05,0.0005062183106501213,embedding_pca
esmif_PC263,0.0005084338492533212,5.3707270567316726e-05,0.0005084338492533212,embedding_pca
esmif_PC264,0.0004948162904501399,2.2677826049247833e-05,0.0004948162904501399,embedding_pca
esmif_PC265,0.0004997373422250247,5.888103226084521e-06,0.0004997373422250247,embedding_pca
esmif_PC266,0.0005014775597742473,2.406794548290402e-05,0.0005014775597742473,embedding_pca
esmif_PC267,0.00048626016426646623,6.065217637421941e-06,0.00048626016426646623,embedding_pca
esmif_PC268,0.0005029141175230489,2.319614366163888e-05,0.0005029141175230489,embedding_pca
esmif_PC269,0.0004995772770328513,1.0925755661028188e-05,0.0004995772770328513,embedding_pca
esmif_PC270,0.0004864359445364573,1.580008245256588e-05,0.0004864359445364573,embedding_pca
esmif_PC271,0.0004979754473536425,1.4964378505522087e-05,0.0004979754473536425,embedding_pca
esmif_PC272,0.000491967694742367,1.6770052500110528e-05,0.000491967694742367,embedding_pca
esmif_PC273,0.0005019424866209047,2.4099060070148943e-05,0.0005019424866209047,embedding_pca
esmif_PC274,0.0004865983529164495,1.8027291228255438e-05,0.0004865983529164495,embedding_pca
esmif_PC275,0.0004832882147885606,1.4077569558181643e-05,0.0004832882147885606,embedding_pca
esmif_PC276,0.0005126089580326509,1.4746274774009155e-05,0.0005126089580326509,embedding_pca
esmif_PC277,0.0005029354599692152,2.4885828046619387e-05,0.0005029354599692152,embedding_pca
esmif_PC278,0.000496198045993206,1.0838208254619946e-05,0.000496198045993206,embedding_pca
esmif_PC279,0.0004975775096983366,1.9231009112969994e-05,0.0004975775096983366,embedding_pca
esmif_PC280,0.0004961567990726078,1.385480990331311e-05,0.0004961567990726078,embedding_pca
esmif_PC281,0.0005091980034523404,2.1792615209561345e-05,0.0005091980034523404,embedding_pca
esmif_PC282,0.0005000953691094689,4.0225382267406885e-05,0.0005000953691094689,embedding_pca
esmif_PC283,0.0004991926701266032,1.293592410810522e-05,0.0004991926701266032,embedding_pca
esmif_PC284,0.0005098782100695925,2.2736909688622625e-05,0.0005098782100695925,embedding_pca
esmif_PC285,0.0004973933835577567,2.364796977319968e-05,0.0004973933835577567,embedding_pca
esmif_PC286,0.0005079993443047479,1.0534623867343561e-05,0.0005079993443047479,embedding_pca
esmif_PC287,0.0004929670199445358,1.1927032819023762e-05,0.0004929670199445358,embedding_pca
esmif_PC288,0.0005033435102635988,1.4041545027963394e-05,0.0005033435102635988,embedding_pca
esmif_PC289,0.0004875363464045693,1.4076069038739915e-05,0.0004875363464045693,embedding_pca
esmif_PC290,0.0004746352744164352,1.2414346892251908e-05,0.0004746352744164352,embedding_pca
esmif_PC291,0.0004994068232724145,2.0799654195061402e-05,0.0004994068232724145,embedding_pca
esmif_PC292,0.0004916489013571358,1.6749104882432747e-05,0.0004916489013571358,embedding_pca
esmif_PC293,0.0005024989311797605,1.2065489669391347e-05,0.0005024989311797605,embedding_pca
esmif_PC294,0.00048470748907088505,2.514894498716451e-05,0.00048470748907088505,embedding_pca
esmif_PC295,0.0005059600893628546,1.593926118139625e-05,0.0005059600893628546,embedding_pca
esmif_PC296,0.0004974933687738515,2.500732278436657e-05,0.0004974933687738515,embedding_pca
esmif_PC297,0.0004984370471612929,1.1006801162583323e-05,0.0004984370471612929,embedding_pca
esmif_PC298,0.0004885727452593469,1.509217755507903e-05,0.0004885727452593469,embedding_pca
esmif_PC299,0.0005178682060228437,5.5778722256408e-05,0.0005178682060228437,embedding_pca
esmif_PC300,0.0004942270149647766,2.5292950545755484e-05,0.0004942270149647766,embedding_pca
esmif_PC301,0.0005041986442666562,1.3853008863137696e-05,0.0005041986442666562,embedding_pca
esmif_PC302,0.0005096153989230161,1.770297170282702e-05,0.0005096153989230161,embedding_pca
esmif_PC303,0.0005006357067946205,1.0852586486690681e-05,0.0005006357067946205,embedding_pca
esmif_PC304,0.0004965085496799086,1.0276538675009473e-05,0.0004965085496799086,embedding_pca
esmif_PC305,0.0004843484145715017,4.0476799940614805e-06,0.0004843484145715017,embedding_pca
esmif_PC306,0.0004891015715695552,1.397126365847486e-05,0.0004891015715695552,embedding_pca
esmif_PC307,0.0005001492599211968,1.4379370992919232e-05,0.0005001492599211968,embedding_pca
esmif_PC308,0.0005013008500160535,5.918172111977286e-06,0.0005013008500160535,embedding_pca
esmif_PC309,0.0004948315372628701,9.847431708350794e-06,0.0004948315372628701,embedding_pca
esmif_PC310,0.000507484445890432,2.3730055527927476e-05,0.000507484445890432,embedding_pca
esmif_PC311,0.0004995350625773001,1.8319510363964122e-05,0.0004995350625773001,embedding_pca
esmif_PC312,0.00050077167418567,1.846495942582943e-05,0.00050077167418567,embedding_pca
esmif_PC313,0.0005040885965982599,2.3811102986596264e-05,0.0005040885965982599,embedding_pca
esmif_PC314,0.0005006147639478815,1.0657431314818843e-05,0.0005006147639478815,embedding_pca
esmif_PC315,0.0004910222146431769,2.177724030167586e-05,0.0004910222146431769,embedding_pca
esmif_PC316,0.0004961298612616718,2.2176187047545458e-05,0.0004961298612616718,embedding_pca
esmif_PC317,0.0005069158873423644,8.210996049721056e-06,0.0005069158873423644,embedding_pca
esmif_PC318,0.0004871293720942872,2.497728310038646e-05,0.0004871293720942872,embedding_pca
esmif_PC319,0.0004962911657181663,7.774256527910837e-06,0.0004962911657181663,embedding_pca
esmif_PC320,0.000533094852599227,5.470002982817468e-05,0.000533094852599227,embedding_pca
esmif_PC321,0.0005043676448027142,1.188656583397232e-05,0.0005043676448027142,embedding_pca
esmif_PC322,0.00051202939963381,2.664248653563282e-05,0.00051202939963381,embedding_pca
esmif_PC323,0.000486656741479622,1.737230277716821e-05,0.000486656741479622,embedding_pca
esmif_PC324,0.0004986896696234755,1.40514210806115e-05,0.0004986896696234755,embedding_pca
esmif_PC325,0.0004943015245792188,1.7688971865738515e-05,0.0004943015245792188,embedding_pca
esmif_PC326,0.0004910152838874926,1.995311085153466e-05,0.0004910152838874926,embedding_pca
esmif_PC327,0.0004891379673850348,2.8471457942863235e-06,0.0004891379673850348,embedding_pca
esmif_PC328,0.0005042324253693557,1.8480336538418067e-05,0.0005042324253693557,embedding_pca
esmif_PC329,0.0004974014514405898,2.2729755392448153e-05,0.0004974014514405898,embedding_pca
esmif_PC330,0.0004959978313533092,9.758901693271761e-06,0.0004959978313533092,embedding_pca
esmif_PC331,0.0004958513274687913,1.054816482148465e-05,0.0004958513274687913,embedding_pca
esmif_PC332,0.0004960782091602531,7.49131719619986e-06,0.0004960782091602531,embedding_pca
esmif_PC333,0.0004874399659376266,9.747534877715476e-06,0.0004874399659376266,embedding_pca
esmif_PC334,0.000488519212273378,1.1509845036979384e-05,0.000488519212273378,embedding_pca
esmif_PC335,0.0005017676381175826,7.849312402308836e-06,0.0005017676381175826,embedding_pca
esmif_PC336,0.0005070221169411008,3.2060356632438406e-05,0.0005070221169411008,embedding_pca
esmif_PC337,0.0004992136552755889,1.8247720823698114e-05,0.0004992136552755889,embedding_pca
esmif_PC338,0.0004983015210608098,1.08346351913178e-05,0.0004983015210608098,embedding_pca
esmif_PC339,0.0004850781931925403,1.3543083254575724e-05,0.0004850781931925403,embedding_pca
esmif_PC340,0.0004891629180783497,1.3325043254190334e-06,0.0004891629180783497,embedding_pca
esmif_PC341,0.0005029028549467386,1.537738225128209e-05,0.0005029028549467386,embedding_pca
esmif_PC342,0.0004844088740277843,1.9270336472490644e-05,0.0004844088740277843,embedding_pca
esmif_PC343,0.0004986757721862587,2.506575873335202e-05,0.0004986757721862587,embedding_pca
esmif_PC344,0.0004929648513752994,1.444183379760771e-05,0.0004929648513752994,embedding_pca
esmif_PC345,0.0004977616492780607,1.1256353319684259e-05,0.0004977616492780607,embedding_pca
esmif_PC346,0.0005078844518522042,1.1177672197928162e-05,0.0005078844518522042,embedding_pca
esmif_PC347,0.0004897661663872986,2.0071102666734087e-05,0.0004897661663872986,embedding_pca
esmif_PC348,0.0004853296387661536,1.4371952599417235e-05,0.0004853296387661536,embedding_pca
esmif_PC349,0.0005012676232989484,2.5426707848956567e-05,0.0005012676232989484,embedding_pca
esmif_PC350,0.0004951830701963885,1.0826300006273516e-05,0.0004951830701963885,embedding_pca
esmif_PC351,0.0004906787664167558,5.943643524444064e-06,0.0004906787664167558,embedding_pca
esmif_PC352,0.0004887431315161227,1.5169733259983031e-05,0.0004887431315161227,embedding_pca
esmif_PC353,0.0004983414999723556,8.770141525043467e-06,0.0004983414999723556,embedding_pca
esmif_PC354,0.0005069650064152745,2.421050056306225e-05,0.0005069650064152745,embedding_pca
esmif_PC355,0.000512542300760355,8.522306294458808e-05,0.000512542300760355,embedding_pca
esmif_PC356,0.0004946733715782962,1.0191293246133713e-05,0.0004946733715782962,embedding_pca
esmif_PC357,0.0004948686987658345,8.390276179160458e-06,0.0004948686987658345,embedding_pca
esmif_PC358,0.0004982938061123577,2.4514186204816587e-05,0.0004982938061123577,embedding_pca
esmif_PC359,0.00048770659713820105,1.1221889697916937e-05,0.00048770659713820105,embedding_pca
esmif_PC360,0.0004989871028889235,1.4055118587695233e-05,0.0004989871028889235,embedding_pca
esmif_PC361,0.0004947358023788347,1.485307116255536e-05,0.0004947358023788347,embedding_pca
esmif_PC362,0.0005012646706892114,1.4071209228225548e-05,0.0005012646706892114,embedding_pca
esmif_PC363,0.0004936706933821062,1.7429789145518506e-05,0.0004936706933821062,embedding_pca
esmif_PC364,0.000529965884535017,6.882058793734415e-05,0.000529965884535017,embedding_pca
esmif_PC365,0.0005232093141360316,4.245698247189637e-05,0.0005232093141360316,embedding_pca
esmif_PC366,0.000499419735563899,9.482666565250946e-06,0.000499419735563899,embedding_pca
esmif_PC367,0.0005017812891247226,7.115989585856438e-06,0.0005017812891247226,embedding_pca
esmif_PC368,0.0005072452892769573,1.2097605534943535e-05,0.0005072452892769573,embedding_pca
esmif_PC369,0.0004872386143987905,1.4758347904782916e-05,0.0004872386143987905,embedding_pca
esmif_PC370,0.0004981547934848029,1.4139386361832301e-05,0.0004981547934848029,embedding_pca
esmif_PC371,0.0004952126099540898,1.1392071520129639e-05,0.0004952126099540898,embedding_pca
esmif_PC372,0.0005007144191468227,9.01311519327055e-06,0.0005007144191468227,embedding_pca
esmif_PC373,0.0004941720778089404,6.853977865079539e-06,0.0004941720778089404,embedding_pca
esmif_PC374,0.0005439430409431578,0.00010404529819445711,0.0005439430409431578,embedding_pca
esmif_PC375,0.0004961679648593018,2.281014573013431e-05,0.0004961679648593018,embedding_pca
esmif_PC376,0.0005303860677311747,4.9260714117530964e-05,0.0005303860677311747,embedding_pca
esmif_PC377,0.0004903584819202903,1.7549421584045893e-05,0.0004903584819202903,embedding_pca
esmif_PC378,0.0005162531017698096,5.5608475567949536e-05,0.0005162531017698096,embedding_pca
esmif_PC379,0.0004891685560110375,1.7282982075441085e-05,0.0004891685560110375,embedding_pca
esmif_PC380,0.0004959215871579992,2.0090908985286688e-05,0.0004959215871579992,embedding_pca
esmif_PC381,0.000538441552978157,0.00010330447563923216,0.000538441552978157,embedding_pca
esmif_PC382,0.0004871545665803225,8.939221753406147e-06,0.0004871545665803225,embedding_pca
esmif_PC383,0.0004886252974057677,5.949894119739835e-06,0.0004886252974057677,embedding_pca
esmif_PC384,0.0004953074091662232,1.2300214498636481e-05,0.0004953074091662232,embedding_pca
esmif_PC385,0.0005131973419641724,2.2515525382629082e-05,0.0005131973419641724,embedding_pca
esmif_PC386,0.0004965959261866152,1.67350883309057e-05,0.0004965959261866152,embedding_pca
esmif_PC387,0.0004837833921566833,1.3515710425013963e-05,0.0004837833921566833,embedding_pca
esmif_PC388,0.0005067156545823937,1.554067576827586e-05,0.0005067156545823937,embedding_pca
esmif_PC389,0.0004959527065364454,7.900183574836205e-06,0.0004959527065364454,embedding_pca
esmif_PC390,0.0005093483395593864,3.2042438018046586e-05,0.0005093483395593864,embedding_pca
esmif_PC391,0.0004947988645748058,1.49462913342677e-05,0.0004947988645748058,embedding_pca
esmif_PC392,0.0004905573589446656,8.772195306933664e-06,0.0004905573589446656,embedding_pca
esmif_PC393,0.000496716909837919,1.4766886519354143e-05,0.000496716909837919,embedding_pca
esmif_PC394,0.0004952394723215155,1.9342167717432697e-05,0.0004952394723215155,embedding_pca
esmif_PC395,0.0005030204534043906,7.592546321312372e-06,0.0005030204534043906,embedding_pca
esmif_PC396,0.0004948649967438834,7.440287580685145e-06,0.0004948649967438834,embedding_pca
esmif_PC397,0.0005152654579524469,3.4394760357577475e-05,0.0005152654579524469,embedding_pca
esmif_PC398,0.00048598286394570185,2.4534084099164792e-05,0.00048598286394570185,embedding_pca
esmif_PC399,0.0005399627117765062,9.071920923177983e-05,0.0005399627117765062,embedding_pca
esmif_PC400,0.0005553917386320981,9.053690778414828e-05,0.0005553917386320981,embedding_pca
esmif_PC401,0.0004928128495608333,1.8001842841388166e-05,0.0004928128495608333,embedding_pca
esmif_PC402,0.0004951150979448981,9.808933976276054e-06,0.0004951150979448981,embedding_pca
esmif_PC403,0.0005263434836470294,8.682196482709818e-05,0.0005263434836470294,embedding_pca
esmif_PC404,0.0004891462908452132,1.1143051756177321e-05,0.0004891462908452132,embedding_pca
esmif_PC405,0.0004896297838519897,1.6594756717148595e-05,0.0004896297838519897,embedding_pca
esmif_PC406,0.0005038632987534405,1.3451787693515923e-05,0.0005038632987534405,embedding_pca
esmif_PC407,0.000489134519580884,1.912824190658828e-05,0.000489134519580884,embedding_pca
esmif_PC408,0.0004905216070727038,7.288623264984594e-06,0.0004905216070727038,embedding_pca
esmif_PC409,0.0005008967483195094,1.1983509497525424e-05,0.0005008967483195094,embedding_pca
esmif_PC410,0.0004897402752508135,1.3252090926108251e-05,0.0004897402752508135,embedding_pca
esmif_PC411,0.0004896312844373961,1.7193293897895132e-05,0.0004896312844373961,embedding_pca
esmif_PC412,0.0004897373313175095,1.2753514105671286e-05,0.0004897373313175095,embedding_pca
esmif_PC413,0.0004791555852001743,5.439204554276396e-06,0.0004791555852001743,embedding_pca
esmif_PC414,0.0004967358861481953,1.4163009540712333e-05,0.0004967358861481953,embedding_pca
esmif_PC415,0.00048543933824891103,9.471693750638113e-06,0.00048543933824891103,embedding_pca
esmif_PC416,0.0005030276239453861,7.985098980795205e-06,0.0005030276239453861,embedding_pca
esmif_PC417,0.000495614212618373,5.954468502899712e-06,0.000495614212618373,embedding_pca
esmif_PC418,0.0005027114370643614,1.3808845419646643e-05,0.0005027114370643614,embedding_pca
esmif_PC419,0.0004892624362273295,9.687388263274883e-06,0.0004892624362273295,embedding_pca
esmif_PC420,0.00048378293195000326,1.113745856347631e-05,0.00048378293195000326,embedding_pca
esmif_PC421,0.0004866395957111356,5.543147487405621e-06,0.0004866395957111356,embedding_pca
esmif_PC422,0.0005021501136120334,1.2712525828595131e-05,0.0005021501136120334,embedding_pca
esmif_PC423,0.0004985074995710618,7.932388549632305e-06,0.0004985074995710618,embedding_pca
esmif_PC424,0.0004974076796539041,5.988986567856206e-06,0.0004974076796539041,embedding_pca
esmif_PC425,0.0004887532101800938,1.0791436419441486e-05,0.0004887532101800938,embedding_pca
esmif_PC426,0.0005014209074104852,1.3444367421421003e-05,0.0005014209074104852,embedding_pca
esmif_PC427,0.00048638482323879167,1.4401060890557412e-05,0.00048638482323879167,embedding_pca
esmif_PC428,0.0005065364223826596,1.711796425542359e-05,0.0005065364223826596,embedding_pca
esmif_PC429,0.0004853064569846262,1.0565813778722408e-05,0.0004853064569846262,embedding_pca
esmif_PC430,0.000522666871721255,4.3810262937229575e-05,0.000522666871721255,embedding_pca
esmif_PC431,0.0004924752400622288,1.2284189451406363e-05,0.0004924752400622288,embedding_pca
esmif_PC432,0.0004895611517627995,1.390210860184795e-05,0.0004895611517627995,embedding_pca
esmif_PC433,0.0004876629155980117,1.726000114106549e-05,0.0004876629155980117,embedding_pca
esmif_PC434,0.000497973913831827,1.2187804378726674e-05,0.000497973913831827,embedding_pca
esmif_PC435,0.00047630936653287074,8.905683855914776e-06,0.00047630936653287074,embedding_pca
esmif_PC436,0.0004986414245651228,1.7956988053574974e-05,0.0004986414245651228,embedding_pca
esmif_PC437,0.0005685431396015104,0.00010853616482950411,0.0005685431396015104,embedding_pca
esmif_PC438,0.000489659954107261,1.3914725329957994e-05,0.000489659954107261,embedding_pca
esmif_PC439,0.0004928257484623197,6.950588801039343e-06,0.0004928257484623197,embedding_pca
esmif_PC440,0.0005276254223926507,3.965644831450155e-05,0.0005276254223926507,embedding_pca
esmif_PC441,0.000567962795497445,0.00010476735745553174,0.000567962795497445,embedding_pca
esmif_PC442,0.000516005491834457,4.139423037669783e-05,0.000516005491834457,embedding_pca
esmif_PC443,0.00050388872422537,1.3412000243869942e-05,0.00050388872422537,embedding_pca
esmif_PC444,0.0005030689413697498,1.020073763094532e-05,0.0005030689413697498,embedding_pca
esmif_PC445,0.0005067894891986416,1.0665641685628775e-05,0.0005067894891986416,embedding_pca
esmif_PC446,0.000505734336420559,2.0012372730872182e-05,0.000505734336420559,embedding_pca
esmif_PC447,0.0004951796001791051,1.91244428475595e-05,0.0004951796001791051,embedding_pca
esmif_PC448,0.0005040216490832235,1.1622455636279166e-05,0.0005040216490832235,embedding_pca
esmif_PC449,0.00048495656324781496,1.1930928526876951e-05,0.00048495656324781496,embedding_pca
esmif_PC450,0.0005005127851625941,2.4548248682885722e-05,0.0005005127851625941,embedding_pca
esmif_PC451,0.0004926413515673843,1.6409274585425034e-05,0.0004926413515673843,embedding_pca
esmif_PC452,0.0005040988421927392,1.668364258586761e-05,0.0005040988421927392,embedding_pca
esmif_PC453,0.00048769829801620194,1.8564670468774633e-05,0.00048769829801620194,embedding_pca
esmif_PC454,0.0005210262344726446,5.5888588113678977e-05,0.0005210262344726446,embedding_pca
esmif_PC455,0.0004917912714104805,1.193617667900272e-05,0.0004917912714104805,embedding_pca
esmif_PC456,0.0004939678517538338,1.035546465039762e-05,0.0004939678517538338,embedding_pca
esmif_PC457,0.0004815457839419007,2.5363745089922924e-05,0.0004815457839419007,embedding_pca
esmif_PC458,0.000496929329400361,1.2901140567291923e-05,0.000496929329400361,embedding_pca
esmif_PC459,0.0004894825325857145,2.5844188379622714e-05,0.0004894825325857145,embedding_pca
esmif_PC460,0.0004879634642124448,2.503569292600916e-05,0.0004879634642124448,embedding_pca
esmif_PC461,0.0005095310415021229,3.029877805857794e-05,0.0005095310415021229,embedding_pca
esmif_PC462,0.0004931081837356002,1.7303767789580307e-05,0.0004931081837356002,embedding_pca
esmif_PC463,0.0005006898881059474,2.1307386975647857e-05,0.0005006898881059474,embedding_pca
esmif_PC464,0.0004860070391759467,1.3127741493535793e-05,0.0004860070391759467,embedding_pca
esmif_PC465,0.0004839962347421359,1.3181113754832558e-05,0.0004839962347421359,embedding_pca
esmif_PC466,0.0004937030730408817,1.594383045335219e-05,0.0004937030730408817,embedding_pca
esmif_PC467,0.00048001214369519554,1.1104102477391963e-05,0.00048001214369519554,embedding_pca
esmif_PC468,0.0004856055854148154,1.050043909782787e-05,0.0004856055854148154,embedding_pca
esmif_PC469,0.00048367242017027166,9.869650361227573e-06,0.00048367242017027166,embedding_pca
esmif_PC470,0.000516510382050738,4.440602574436647e-05,0.000516510382050738,embedding_pca
esmif_PC471,0.0004976164100375122,1.35591877819869e-05,0.0004976164100375122,embedding_pca
esmif_PC472,0.00048069634537428973,1.878746545054883e-05,0.00048069634537428973,embedding_pca
esmif_PC473,0.0005024879971348841,1.0939847464089765e-05,0.0005024879971348841,embedding_pca
esmif_PC474,0.0004958382345792482,1.71865954097913e-05,0.0004958382345792482,embedding_pca
esmif_PC475,0.0005285228131100576,8.383553787229125e-05,0.0005285228131100576,embedding_pca
esmif_PC476,0.0004891434597661285,8.076803255392897e-06,0.0004891434597661285,embedding_pca
esmif_PC477,0.0005061124032546233,1.258401816605876e-05,0.0005061124032546233,embedding_pca
esmif_PC478,0.0005347835517075783,6.347177003389266e-05,0.0005347835517075783,embedding_pca
esmif_PC479,0.000504165085906978,3.189908808245219e-05,0.000504165085906978,embedding_pca
esmif_PC480,0.0004916628726644048,1.6696714859883742e-05,0.0004916628726644048,embedding_pca
esmif_PC481,0.0004984102946100816,7.830551632386066e-06,0.0004984102946100816,embedding_pca
esmif_PC482,0.0004906772110541219,1.2645612876062898e-05,0.0004906772110541219,embedding_pca
esmif_PC483,0.00048482751063617057,1.3014296288201531e-05,0.00048482751063617057,embedding_pca
esmif_PC484,0.000495047420714589,1.2438067938381854e-05,0.000495047420714589,embedding_pca
esmif_PC485,0.0004874244152646947,1.0275131330299335e-05,0.0004874244152646947,embedding_pca
esmif_PC486,0.0004908522771977367,1.688641028789971e-05,0.0004908522771977367,embedding_pca
esmif_PC487,0.0005401242661877629,9.633437433503734e-05,0.0005401242661877629,embedding_pca
esmif_PC488,0.0004940109497892293,1.652139635858344e-05,0.0004940109497892293,embedding_pca
esmif_PC489,0.0004803893222100366,1.574453269098518e-05,0.0004803893222100366,embedding_pca
esmif_PC490,0.0004935095567642543,2.772263792159947e-05,0.0004935095567642543,embedding_pca
esmif_PC491,0.0004975751018241233,1.4381107924189252e-05,0.0004975751018241233,embedding_pca
esmif_PC492,0.0004917453873699567,8.714594187573842e-06,0.0004917453873699567,embedding_pca
esmif_PC493,0.0004868363555949282,1.4719087223408982e-05,0.0004868363555949282,embedding_pca
esmif_PC494,0.0004871941167200968,3.29590099285684e-05,0.0004871941167200968,embedding_pca
esmif_PC495,0.0004907736708891746,1.2122168004881373e-05,0.0004907736708891746,embedding_pca
esmif_PC496,0.0005003747162448337,1.1820841725243536e-05,0.0005003747162448337,embedding_pca
esmif_PC497,0.0005023514784403061,2.0606304590746775e-05,0.0005023514784403061,embedding_pca
esmif_PC498,0.00049838773991944,1.5364771935758208e-05,0.00049838773991944,embedding_pca
esmif_PC499,0.0004902968008296688,1.1989627467161791e-05,0.0004902968008296688,embedding_pca
esmif_PC500,0.0004998478197851794,1.4742978551357485e-05,0.0004998478197851794,embedding_pca
esmif_PC501,0.0005008242553644732,2.5905864920460482e-05,0.0005008242553644732,embedding_pca
esmif_PC502,0.0004952498573302024,1.689718527525321e-05,0.0004952498573302024,embedding_pca
esmif_PC503,0.0004912343099478091,9.8882696717792e-06,0.0004912343099478091,embedding_pca
esmif_PC504,0.0004901284371283791,1.567088285539185e-05,0.0004901284371283791,embedding_pca
esmif_PC505,0.0004950303891133759,1.3086414279168284e-05,0.0004950303891133759,embedding_pca
esmif_PC506,0.0004925062123391766,1.6424161848512295e-05,0.0004925062123391766,embedding_pca
esmif_PC507,0.0004903881012946617,9.449038550391509e-06,0.0004903881012946617,embedding_pca
esmif_PC508,0.0005026127107569114,1.3323477241257902e-05,0.0005026127107569114,embedding_pca
esmif_PC509,0.0005099820481951417,4.986485606852417e-05,0.0005099820481951417,embedding_pca
esmif_PC510,0.00049006884086238,2.038066124748161e-05,0.00049006884086238,embedding_pca
esmif_PC511,0.0004902483266270071,2.1199762083770616e-05,0.0004902483266270071,embedding_pca
esmif_PC512,0.0004985963982958223,8.037337810795512e-06,0.0004985963982958223,embedding_pca
esmif_PC513,0.0004966543753481256,2.194328410564619e-05,0.0004966543753481256,embedding_pca
esmif_PC514,0.0004970245873844872,1.860470532987093e-05,0.0004970245873844872,embedding_pca
esmif_PC515,0.00048741495262982553,8.72252049840397e-06,0.00048741495262982553,embedding_pca
esmif_PC516,0.0004981363531644845,3.5309730008527268e-06,0.0004981363531644845,embedding_pca
esmif_PC517,0.0004869780077610235,1.703374595229414e-05,0.0004869780077610235,embedding_pca
esmif_PC518,0.0004949886154283816,4.888948825271708e-06,0.0004949886154283816,embedding_pca
esmif_PC519,0.000507122690014253,2.2601744569566785e-05,0.000507122690014253,embedding_pca
esmif_PC520,0.00048225754835925074,5.266935626945299e-06,0.00048225754835925074,embedding_pca
esmif_PC521,0.0005471462175619978,9.960779818060856e-05,0.0005471462175619978,embedding_pca
esmif_PC522,0.0005085370926916046,5.364282181107754e-05,0.0005085370926916046,embedding_pca
esmif_PC523,0.0004890604737511651,7.032341804612092e-06,0.0004890604737511651,embedding_pca
esmif_PC524,0.0005090148243369417,1.8642289756709744e-05,0.0005090148243369417,embedding_pca
esmif_PC525,0.00049609027800625,1.7407655981686195e-05,0.00049609027800625,embedding_pca
esmif_PC526,0.0004923484797383492,1.9939418266435915e-05,0.0004923484797383492,embedding_pca
esmif_PC527,0.0004973819148572338,1.989563349408714e-05,0.0004973819148572338,embedding_pca
esmif_PC528,0.0005647514221646331,0.00014718221071277109,0.0005647514221646331,embedding_pca
esmif_PC529,0.0005263567231169079,7.364023528881684e-05,0.0005263567231169079,embedding_pca
esmif_PC530,0.0004983472650185204,1.8737797581939493e-05,0.0004983472650185204,embedding_pca
esmif_PC531,0.0004890063640410581,2.078023801361294e-05,0.0004890063640410581,embedding_pca
esmif_PC532,0.0004947262666606696,1.5685208672442132e-05,0.0004947262666606696,embedding_pca
esmif_PC533,0.0004958942159654419,1.0540322071884811e-05,0.0004958942159654419,embedding_pca
esmif_PC534,0.0004998088638998567,4.945433521013767e-05,0.0004998088638998567,embedding_pca
esmif_PC535,0.00047041219518111424,1.1268962095425362e-05,0.00047041219518111424,embedding_pca
esmif_PC536,0.0004974684581900387,2.1050260279281926e-05,0.0004974684581900387,embedding_pca
esmif_PC537,0.0004927232441428204,2.0342719995084626e-05,0.0004927232441428204,embedding_pca
esmif_PC538,0.0004858662032040344,9.76706225177513e-06,0.0004858662032040344,embedding_pca
esmif_PC539,0.0004979367602763962,1.227938898236613e-05,0.0004979367602763962,embedding_pca
esmif_PC540,0.0004886026792796308,1.2904817928627166e-05,0.0004886026792796308,embedding_pca
esmif_PC541,0.0004904311528661014,1.1915787396967838e-05,0.0004904311528661014,embedding_pca
esmif_PC542,0.0004741592505559759,1.809064927985757e-05,0.0004741592505559759,embedding_pca
esmif_PC543,0.0004859353340072239,1.5778885125745498e-05,0.0004859353340072239,embedding_pca
esmif_PC544,0.0004928318259827299,1.238793243257839e-05,0.0004928318259827299,embedding_pca
esmif_PC545,0.0004943012717187927,2.1483895373497988e-05,0.0004943012717187927,embedding_pca
esmif_PC546,0.0005049156906180455,3.029487414139013e-05,0.0005049156906180455,embedding_pca
esmif_PC547,0.0004897418028163295,2.274605123632788e-05,0.0004897418028163295,embedding_pca
esmif_PC548,0.00048636558436139065,9.079421699473183e-06,0.00048636558436139065,embedding_pca
esmif_PC549,0.000531341313728376,9.281457137598203e-05,0.000531341313728376,embedding_pca
esmif_PC550,0.000523408364510244,4.727251088403826e-05,0.000523408364510244,embedding_pca
esmif_PC551,0.0004938963818276507,9.679576984311657e-06,0.0004938963818276507,embedding_pca
esmif_PC552,0.0005057995890408726,5.5845211511184725e-05,0.0005057995890408726,embedding_pca
esmif_PC553,0.0005139848579253096,1.6121419206708016e-05,0.0005139848579253096,embedding_pca
esmif_PC554,0.000493363328770242,1.5347425097678125e-05,0.000493363328770242,embedding_pca
esmif_PC555,0.0005100152996062544,2.7338904094148702e-05,0.0005100152996062544,embedding_pca
esmif_PC556,0.0004818636531901143,1.14553414065175e-05,0.0004818636531901143,embedding_pca
esmif_PC557,0.0004907229649171406,7.017724839162765e-06,0.0004907229649171406,embedding_pca
esmif_PC558,0.0005026639245671678,5.669396756271355e-06,0.0005026639245671678,embedding_pca
esmif_PC559,0.0004945996928709893,7.591013841081935e-06,0.0004945996928709893,embedding_pca
esmif_PC560,0.0005158262989728519,4.7167354792962754e-05,0.0005158262989728519,embedding_pca
esmif_PC561,0.0004851985254928984,1.3233725725532002e-05,0.0004851985254928984,embedding_pca
esmif_PC562,0.0005023063737877362,1.782117915091585e-05,0.0005023063737877362,embedding_pca
esmif_PC563,0.0004965801103545941,1.5197430127974827e-05,0.0004965801103545941,embedding_pca
esmif_PC564,0.0005055085437261717,3.371896520091893e-05,0.0005055085437261717,embedding_pca
esmif_PC565,0.0004926885913244499,1.0781879323028956e-05,0.0004926885913244499,embedding_pca
esmif_PC566,0.0005232943495621919,6.241845168272102e-05,0.0005232943495621919,embedding_pca
esmif_PC567,0.0004925950641505622,1.810544284457401e-05,0.0004925950641505622,embedding_pca
esmif_PC568,0.000519966087673886,5.1268058022057276e-05,0.000519966087673886,embedding_pca
esmif_PC569,0.0004981159209553359,2.6702259876237313e-05,0.0004981159209553359,embedding_pca
esmif_PC570,0.0005018411358989586,1.6248363777790976e-05,0.0005018411358989586,embedding_pca
esmif_PC571,0.0004947202165009644,7.633368868897319e-06,0.0004947202165009644,embedding_pca
esmif_PC572,0.0004922350286377992,1.589509743088539e-05,0.0004922350286377992,embedding_pca
esmif_PC573,0.000496620660967149,2.118582486996823e-05,0.000496620660967149,embedding_pca
esmif_PC574,0.00054433877682217,0.0001065940119417023,0.00054433877682217,embedding_pca
esmif_PC575,0.0004909233571074162,6.62752879698715e-06,0.0004909233571074162,embedding_pca
esmif_PC576,0.0004960671379378816,1.9678533135006384e-05,0.0004960671379378816,embedding_pca
esmif_PC577,0.0004901840502172331,1.0575003637690893e-05,0.0004901840502172331,embedding_pca
esmif_PC578,0.0005065108725051068,3.715044716477188e-05,0.0005065108725051068,embedding_pca
esmif_PC579,0.00048472665318036884,1.387562990390054e-05,0.00048472665318036884,embedding_pca
esmif_PC580,0.0005028862281230636,1.9177062222983215e-05,0.0005028862281230636,embedding_pca
esmif_PC581,0.0005007099379920365,9.938383838227867e-06,0.0005007099379920365,embedding_pca
esmif_PC582,0.0005244006756624697,2.888535518467109e-05,0.0005244006756624697,embedding_pca
esmif_PC583,0.0005653554437206179,0.0001365367329864937,0.0005653554437206179,embedding_pca
esmif_PC584,0.0004767411906752521,8.187533762928521e-06,0.0004767411906752521,embedding_pca
esmif_PC585,0.0004939350777570528,8.414929075041889e-06,0.0004939350777570528,embedding_pca
esmif_PC586,0.00048308877634486514,1.1610276785537309e-05,0.00048308877634486514,embedding_pca
esmif_PC587,0.0005111148065193114,2.8563168382257896e-05,0.0005111148065193114,embedding_pca
esmif_PC588,0.0004985211267806453,2.546230671477923e-05,0.0004985211267806453,embedding_pca
esmif_PC589,0.000496813334692805,1.141551757582599e-05,0.000496813334692805,embedding_pca
esmif_PC590,0.0005042396050567589,8.518595245368116e-06,0.0005042396050567589,embedding_pca
esmif_PC591,0.00048414171240726426,1.7377295471822112e-05,0.00048414171240726426,embedding_pca
esmif_PC592,0.0005473745339690768,7.300633840455327e-05,0.0005473745339690768,embedding_pca
esmif_PC593,0.000499066324104374,1.3969200556060049e-05,0.000499066324104374,embedding_pca
esmif_PC594,0.0005152091162495443,3.829993293064439e-05,0.0005152091162495443,embedding_pca
esmif_PC595,0.0004930673263269326,1.0337033075609805e-05,0.0004930673263269326,embedding_pca
esmif_PC596,0.0005105708679996622,1.8408795850632717e-05,0.0005105708679996622,embedding_pca
esmif_PC597,0.000494341646567567,1.1088408630207479e-05,0.000494341646567567,embedding_pca
esmif_PC598,0.0004891058897018069,2.702932601429965e-05,0.0004891058897018069,embedding_pca
esmif_PC599,0.0005264663547119603,5.292922452740072e-05,0.0005264663547119603,embedding_pca
esmif_PC600,0.0004895271024586131,1.2411530205935317e-05,0.0004895271024586131,embedding_pca
esmif_PC601,0.0005001845230933628,4.636155544187399e-05,0.0005001845230933628,embedding_pca
esmif_PC602,0.0004878333303979683,1.2936580392360514e-05,0.0004878333303979683,embedding_pca
esmif_PC603,0.0005076165049916048,2.9008402129494265e-05,0.0005076165049916048,embedding_pca
esmif_PC604,0.0005021500413697102,1.1102643810597343e-05,0.0005021500413697102,embedding_pca
esmif_PC605,0.0005119286299007364,9.345620409360732e-06,0.0005119286299007364,embedding_pca
esmif_PC606,0.0004995693854966868,5.473439084925091e-05,0.0004995693854966868,embedding_pca
esmif_PC607,0.0005201707816167197,5.4262819517976575e-05,0.0005201707816167197,embedding_pca
esmif_PC608,0.0004847953851962377,9.457433080563423e-06,0.0004847953851962377,embedding_pca
esmif_PC609,0.0004891513030741616,1.2916630121119745e-05,0.0004891513030741616,embedding_pca
esmif_PC610,0.0005154914201580761,3.0444021069042526e-05,0.0005154914201580761,embedding_pca
esmif_PC611,0.0004932096530458688,1.403254833033883e-05,0.0004932096530458688,embedding_pca
esmif_PC612,0.0004763268333975587,7.543697088511149e-06,0.0004763268333975587,embedding_pca
esmif_PC613,0.0004834969270177482,1.8374932491041832e-05,0.0004834969270177482,embedding_pca
esmif_PC614,0.000500576719540334,9.144857363140607e-06,0.000500576719540334,embedding_pca
esmif_PC615,0.0004853283351182118,9.414727280390718e-06,0.0004853283351182118,embedding_pca
esmif_PC616,0.00048149628940426703,1.6733000415857843e-05,0.00048149628940426703,embedding_pca
esmif_PC617,0.0005476627540284642,0.00010561989385206605,0.0005476627540284642,embedding_pca
esmif_PC618,0.0004899827610168805,1.6284710735290305e-05,0.0004899827610168805,embedding_pca
esmif_PC619,0.0005177979714510178,4.637181422029625e-05,0.0005177979714510178,embedding_pca
esmif_PC620,0.0004969269457910156,3.072938912301204e-05,0.0004969269457910156,embedding_pca
esmif_PC621,0.0004740812035459176,1.833992626610295e-05,0.0004740812035459176,embedding_pca
esmif_PC622,0.0004922654992880592,3.9092450856168456e-06,0.0004922654992880592,embedding_pca
esmif_PC623,0.00048644357045372005,1.56708958389401e-05,0.00048644357045372005,embedding_pca
esmif_PC624,0.0004962031675509993,1.3241743811100547e-05,0.0004962031675509993,embedding_pca
esmif_PC625,0.0004954892107165074,1.5249365743165762e-05,0.0004954892107165074,embedding_pca
esmif_PC626,0.0005095859375587017,3.108491987246945e-05,0.0005095859375587017,embedding_pca
esmif_PC627,0.0004996018985340995,1.0381948684060082e-05,0.0004996018985340995,embedding_pca
esmif_PC628,0.0005074704690685276,3.0783322393799116e-05,0.0005074704690685276,embedding_pca
esmif_PC629,0.0004993169075749876,9.262987456838952e-06,0.0004993169075749876,embedding_pca
esmif_PC630,0.0004858291596029444,1.4259835106627534e-05,0.0004858291596029444,embedding_pca
esmif_PC631,0.0005304535423956952,7.203914027983903e-05,0.0005304535423956952,embedding_pca
esmif_PC632,0.000497375608890231,1.0272031138357854e-05,0.000497375608890231,embedding_pca
esmif_PC633,0.0005130358104264148,6.110120327855634e-05,0.0005130358104264148,embedding_pca
esmif_PC634,0.0004873807109786757,1.243986788993584e-05,0.0004873807109786757,embedding_pca
esmif_PC635,0.0005098729368227146,1.4341070115549995e-05,0.0005098729368227146,embedding_pca
esmif_PC636,0.00056276908945048,0.00010079499265320978,0.00056276908945048,embedding_pca
esmif_PC637,0.000492321281582128,1.1960447056542299e-05,0.000492321281582128,embedding_pca
esmif_PC638,0.000489098187958447,9.11353918936509e-06,0.000489098187958447,embedding_pca
esmif_PC639,0.0004991588379253428,1.1927176412752097e-05,0.0004991588379253428,embedding_pca
esmif_PC640,0.0004958767661479258,1.3572212115949095e-05,0.0004958767661479258,embedding_pca
esmif_PC641,0.00048753860200952196,1.4153696988909054e-05,0.00048753860200952196,embedding_pca
esmif_PC642,0.0004999979513189739,1.2287251288538075e-05,0.0004999979513189739,embedding_pca
esmif_PC643,0.0005018260537065252,2.6342038913796528e-05,0.0005018260537065252,embedding_pca
esmif_PC644,0.000484880424304999,1.614387201235582e-05,0.000484880424304999,embedding_pca
esmif_PC645,0.0005000739838647183,1.4482780153335359e-05,0.0005000739838647183,embedding_pca
esmif_PC646,0.0004940045110247585,2.4463466594414106e-05,0.0004940045110247585,embedding_pca
esmif_PC647,0.0004996900318280283,3.0042557212807374e-05,0.0004996900318280283,embedding_pca
esmif_PC648,0.0004813426565292879,1.906046176306302e-05,0.0004813426565292879,embedding_pca
esmif_PC649,0.000483746689876448,2.51922271000878e-05,0.000483746689876448,embedding_pca
esmif_PC650,0.0005549607706549122,0.00012177311542047687,0.0005549607706549122,embedding_pca
esmif_PC651,0.0005099360949847467,3.7899176537075835e-05,0.0005099360949847467,embedding_pca
esmif_PC652,0.0004928275815358363,1.743746463099983e-05,0.0004928275815358363,embedding_pca
esmif_PC653,0.0005163336732620533,4.5932270852401576e-05,0.0005163336732620533,embedding_pca
esmif_PC654,0.0005025192231508651,1.0727539944693336e-05,0.0005025192231508651,embedding_pca
esmif_PC655,0.000548148861801104,0.0001443970544746253,0.000548148861801104,embedding_pca
esmif_PC656,0.0005358145239519209,0.0001243633143834971,0.0005358145239519209,embedding_pca
esmif_PC657,0.0004846656243352703,1.4022509492907457e-05,0.0004846656243352703,embedding_pca
esmif_PC658,0.0004896914151586866,1.872993797752712e-05,0.0004896914151586866,embedding_pca
esmif_PC659,0.0005116267399955701,2.5259426015309997e-05,0.0005116267399955701,embedding_pca
esmif_PC660,0.0004971340142415062,2.9137474241450454e-05,0.0004971340142415062,embedding_pca
esmif_PC661,0.00048081385396356226,2.7022516826742098e-05,0.00048081385396356226,embedding_pca
esmif_PC662,0.0004938947178275606,4.941771528018299e-06,0.0004938947178275606,embedding_pca
esmif_PC663,0.000505326768238579,1.5375777309296588e-05,0.000505326768238579,embedding_pca
esmif_PC664,0.0005079117509742915,7.311156338787719e-05,0.0005079117509742915,embedding_pca
esmif_PC665,0.00048341137389768007,1.592253199930271e-05,0.00048341137389768007,embedding_pca
esmif_PC666,0.0005386363393294232,7.958508313155557e-05,0.0005386363393294232,embedding_pca
esmif_PC667,0.0004921510275941233,1.2660726300972768e-05,0.0004921510275941233,embedding_pca
esmif_PC668,0.00047567165385364586,9.896974733462733e-06,0.00047567165385364586,embedding_pca
esmif_PC669,0.0004858800523985608,1.0498411533049095e-05,0.0004858800523985608,embedding_pca
esmif_PC670,0.00048478324787006076,7.551703450982413e-06,0.00048478324787006076,embedding_pca
esmif_PC671,0.00047753203228438016,1.4951195968904386e-05,0.00047753203228438016,embedding_pca
esmif_PC672,0.0005110996467975061,4.909334993054877e-05,0.0005110996467975061,embedding_pca
esmif_PC673,0.0004957170703048765,3.428444413787233e-05,0.0004957170703048765,embedding_pca
esmif_PC674,0.0005558013600599073,0.00010061369607309893,0.0005558013600599073,embedding_pca
esmif_PC675,0.000498043927390753,6.022113393077781e-06,0.000498043927390753,embedding_pca
esmif_PC676,0.0005186948741367373,4.848495561057926e-05,0.0005186948741367373,embedding_pca
esmif_PC677,0.00047720741101276424,7.414963031433532e-06,0.00047720741101276424,embedding_pca
esmif_PC678,0.0004932084253244496,8.826716048671321e-06,0.0004932084253244496,embedding_pca
esmif_PC679,0.0004883093400812285,1.0922617327249201e-05,0.0004883093400812285,embedding_pca
esmif_PC680,0.0004877073954053673,1.4148838627290212e-05,0.0004877073954053673,embedding_pca
esmif_PC681,0.00047952422695254654,1.0695496435251387e-05,0.00047952422695254654,embedding_pca
esmif_PC682,0.0005129217047160269,3.9416987803917795e-05,0.0005129217047160269,embedding_pca
esmif_PC683,0.0004867465493742369,8.03329462596116e-06,0.0004867465493742369,embedding_pca
esmif_PC684,0.00048389393927323585,1.7766787835515693e-05,0.00048389393927323585,embedding_pca
esmif_PC685,0.0004933103041177487,2.4623489308683765e-05,0.0004933103041177487,embedding_pca
esmif_PC686,0.0004771687169090734,1.6620660815365373e-05,0.0004771687169090734,embedding_pca
esmif_PC687,0.0004996952238151889,3.0203157474974963e-05,0.0004996952238151889,embedding_pca
esmif_PC688,0.0005012736002163807,9.173508435467337e-06,0.0005012736002163807,embedding_pca
esmif_PC689,0.0005318838957411487,7.911097871990869e-05,0.0005318838957411487,embedding_pca
esmif_PC690,0.0004893390443270537,1.900408868028005e-05,0.0004893390443270537,embedding_pca
esmif_PC691,0.0004924390869292805,1.2640368302478523e-05,0.0004924390869292805,embedding_pca
esmif_PC692,0.00048295358135959295,8.06791463562415e-06,0.00048295358135959295,embedding_pca
esmif_PC693,0.00048552345934977075,1.5904073109432525e-05,0.00048552345934977075,embedding_pca
esmif_PC694,0.0005126635686248084,4.405466033831047e-05,0.0005126635686248084,embedding_pca
esmif_PC695,0.0005104075558097793,3.0325513280108278e-05,0.0005104075558097793,embedding_pca
esmif_PC696,0.0005111753796455197,2.5337647907165393e-05,0.0005111753796455197,embedding_pca
esmif_PC697,0.0004822608152124723,1.4780074049931098e-05,0.0004822608152124723,embedding_pca
esmif_PC698,0.0004925744870217101,1.0750540115190354e-05,0.0004925744870217101,embedding_pca
esmif_PC699,0.00047912098991737017,1.0171369677598381e-05,0.00047912098991737017,embedding_pca
esmif_PC700,0.00047890221108946656,1.0241253255217142e-05,0.00047890221108946656,embedding_pca
esmif_PC701,0.0004903014611964336,1.606730874915477e-05,0.0004903014611964336,embedding_pca
esmif_PC702,0.0005060665983593925,1.3899668795649455e-05,0.0005060665983593925,embedding_pca
esmif_PC703,0.00048443413750139124,1.0942713601266299e-05,0.00048443413750139124,embedding_pca
esmif_PC704,0.0005007412857265461,1.9764236205200773e-05,0.0005007412857265461,embedding_pca
esmif_PC705,0.0004949895218107924,2.3411259857747208e-05,0.0004949895218107924,embedding_pca
esmif_PC706,0.0005054560981387947,3.4668266163205246e-05,0.0005054560981387947,embedding_pca
esmif_PC707,0.0004959995983089216,1.0586533092872587e-05,0.0004959995983089216,embedding_pca
esmif_PC708,0.00047101768275292284,7.081967256584418e-06,0.00047101768275292284,embedding_pca
esmif_PC709,0.0004887732075687897,1.2993626948415762e-05,0.0004887732075687897,embedding_pca
esmif_PC710,0.0004908306809165341,1.6400660627407944e-05,0.0004908306809165341,embedding_pca
esmif_PC711,0.0004845618200478458,6.862231313901307e-06,0.0004845618200478458,embedding_pca
esmif_PC712,0.0005008708415091037,9.668392551505961e-06,0.0005008708415091037,embedding_pca
esmif_PC713,0.0005120246767241847,5.0572854730564615e-05,0.0005120246767241847,embedding_pca
esmif_PC714,0.00048244342448804865,1.895235198459666e-05,0.00048244342448804865,embedding_pca
esmif_PC715,0.0005024435892298241,1.5104974022834793e-05,0.0005024435892298241,embedding_pca
esmif_PC716,0.0004720127834161953,6.3002172337171425e-06,0.0004720127834161953,embedding_pca
esmif_PC717,0.0005459714479709698,0.00012283544087607424,0.0005459714479709698,embedding_pca
esmif_PC718,0.0004878554661568244,1.3538801409330125e-05,0.0004878554661568244,embedding_pca
esmif_PC719,0.0005321412828108842,6.804802390416146e-05,0.0005321412828108842,embedding_pca
esmif_PC720,0.00048735586687847934,5.188234889498103e-06,0.00048735586687847934,embedding_pca
esmif_PC721,0.00048753502859881937,8.876190793794796e-06,0.00048753502859881937,embedding_pca
esmif_PC722,0.0004705153195255278,6.512465139189351e-06,0.0004705153195255278,embedding_pca
esmif_PC723,0.00048640353171679977,1.6093942586027222e-05,0.00048640353171679977,embedding_pca
esmif_PC724,0.0005004548140243144,1.4964018891313536e-05,0.0005004548140243144,embedding_pca
esmif_PC725,0.000490185828249142,1.1938970179991853e-05,0.000490185828249142,embedding_pca
esmif_PC726,0.0004794394429855723,2.5141179470061342e-05,0.0004794394429855723,embedding_pca
esmif_PC727,0.0004868082378134121,9.841071783732075e-06,0.0004868082378134121,embedding_pca
esmif_PC728,0.0004936283707438079,2.0463774693819623e-05,0.0004936283707438079,embedding_pca
esmif_PC729,0.00048011453416829826,2.073509281853728e-05,0.00048011453416829826,embedding_pca
esmif_PC730,0.0004943488902916298,1.7860723961509267e-05,0.0004943488902916298,embedding_pca
esmif_PC731,0.0004914174934270513,1.266241965900521e-05,0.0004914174934270513,embedding_pca
esmif_PC732,0.0005088078329253657,2.505106830881465e-05,0.0005088078329253657,embedding_pca
esmif_PC733,0.00048653936644594555,9.237356082130143e-06,0.00048653936644594555,embedding_pca
esmif_PC734,0.0005137628412047003,5.9042633539734517e-05,0.0005137628412047003,embedding_pca
esmif_PC735,0.0004935650735104736,1.7439524388356963e-05,0.0004935650735104736,embedding_pca
esmif_PC736,0.00048446655397230647,8.904111421288191e-06,0.00048446655397230647,embedding_pca
esmif_PC737,0.0004992365053264076,2.5862416995257403e-05,0.0004992365053264076,embedding_pca
esmif_PC738,0.0004979519882552265,2.478534219337049e-05,0.0004979519882552265,embedding_pca
esmif_PC739,0.00047987354379968645,2.2995211649538376e-05,0.00047987354379968645,embedding_pca
esmif_PC740,0.0004952563906953855,2.751978497684376e-05,0.0004952563906953855,embedding_pca
esmif_PC741,0.0004858556530656012,1.255830700922785e-05,0.0004858556530656012,embedding_pca
esmif_PC742,0.0004843749806479747,9.682328433679067e-06,0.0004843749806479747,embedding_pca
esmif_PC743,0.0004954133892712848,3.9901176573701545e-05,0.0004954133892712848,embedding_pca
esmif_PC744,0.0005313956451030198,8.177209333565874e-05,0.0005313956451030198,embedding_pca
esmif_PC745,0.0004948538205029206,1.987320391177248e-05,0.0004948538205029206,embedding_pca
esmif_PC746,0.00048816034747429973,2.358054165413206e-05,0.00048816034747429973,embedding_pca
esmif_PC747,0.00048354782607893266,7.011386816898316e-06,0.00048354782607893266,embedding_pca
esmif_PC748,0.00048274939317059003,1.0126897873268832e-05,0.00048274939317059003,embedding_pca
esmif_PC749,0.0004989532549063387,9.904950788511291e-06,0.0004989532549063387,embedding_pca
esmif_PC750,0.0004868679196356922,1.6929802631986607e-05,0.0004868679196356922,embedding_pca
esmif_PC751,0.0004898089444601119,1.0404978048191634e-05,0.0004898089444601119,embedding_pca
esmif_PC752,0.0004993521895223926,4.3324187946076116e-05,0.0004993521895223926,embedding_pca
esmif_PC753,0.0005057825095994141,2.5863322654777624e-05,0.0005057825095994141,embedding_pca
esmif_PC754,0.0004981179410199186,1.5932637627043917e-05,0.0004981179410199186,embedding_pca
esmif_PC755,0.0005066954540947042,1.64311015230756e-05,0.0005066954540947042,embedding_pca
esmif_PC756,0.0005031585267460287,2.3148747129265128e-05,0.0005031585267460287,embedding_pca
esmif_PC757,0.0005019038877259333,3.392182103847322e-05,0.0005019038877259333,embedding_pca
esmif_PC758,0.0005262142852709592,5.2055398086043956e-05,0.0005262142852709592,embedding_pca
esmif_PC759,0.0004990486151398102,1.0705742444395503e-05,0.0004990486151398102,embedding_pca
esmif_PC760,0.0004915267378181093,1.1146952449268791e-05,0.0004915267378181093,embedding_pca
esmif_PC761,0.0004894724053796104,1.719732626087131e-05,0.0004894724053796104,embedding_pca
esmif_PC762,0.0004950358593365882,8.725097896027993e-06,0.0004950358593365882,embedding_pca
esmif_PC763,0.0004970098472175594,1.919413067795807e-05,0.0004970098472175594,embedding_pca
esmif_PC764,0.0005035089103436184,1.2953443009380068e-05,0.0005035089103436184,embedding_pca
esmif_PC765,0.0004880675614953124,1.0366116428327757e-05,0.0004880675614953124,embedding_pca
esmif_PC766,0.0004892629312479016,9.333118348464182e-06,0.0004892629312479016,embedding_pca
esmif_PC767,0.0004838698747748533,1.2226444403858164e-05,0.0004838698747748533,embedding_pca
esmif_PC768,0.0004824759247642273,6.4339364038535114e-06,0.0004824759247642273,embedding_pca
esmif_PC769,0.0005028632357870789,2.447755281760403e-05,0.0005028632357870789,embedding_pca
esmif_PC770,0.0005367763813441779,6.770608205146861e-05,0.0005367763813441779,embedding_pca
esmif_PC771,0.000535283664391407,8.784893014023689e-05,0.000535283664391407,embedding_pca
esmif_PC772,0.000501748453493739,1.1997309981965603e-05,0.000501748453493739,embedding_pca
esmif_PC773,0.0004922847697247685,9.469603490406547e-06,0.0004922847697247685,embedding_pca
esmif_PC774,0.0005333927526782705,8.61179722276831e-05,0.0005333927526782705,embedding_pca
esmif_PC775,0.0004903972677603712,1.06772912301793e-05,0.0004903972677603712,embedding_pca
esmif_PC776,0.0005310999493664737,9.492560767592242e-05,0.0005310999493664737,embedding_pca
esmif_PC777,0.0005192394203549584,5.339890162549415e-05,0.0005192394203549584,embedding_pca
esmif_PC778,0.00048078382087813276,1.0985933149047556e-05,0.00048078382087813276,embedding_pca
esmif_PC779,0.000490207065860714,1.8157080565475714e-05,0.000490207065860714,embedding_pca
esmif_PC780,0.0005212504153492331,5.9254711863774774e-05,0.0005212504153492331,embedding_pca
esmif_PC781,0.0005654046130511412,0.00010210762534475645,0.0005654046130511412,embedding_pca
esmif_PC782,0.0004786940652911579,1.2257284949483249e-05,0.0004786940652911579,embedding_pca
esmif_PC783,0.0004972159942562503,1.63192820271459e-05,0.0004972159942562503,embedding_pca
esmif_PC784,0.0005098079466354188,4.250548137962354e-05,0.0005098079466354188,embedding_pca
esmif_PC785,0.0004961788872519245,7.386616176357494e-06,0.0004961788872519245,embedding_pca
esmif_PC786,0.0004927578813458913,5.37219116205881e-06,0.0004927578813458913,embedding_pca
esmif_PC787,0.0004923609928077407,1.2315561369660031e-05,0.0004923609928077407,embedding_pca
esmif_PC788,0.0005053788422689181,5.141784173317502e-05,0.0005053788422689181,embedding_pca
esmif_PC789,0.0004973943638342503,1.4912630290467166e-05,0.0004973943638342503,embedding_pca
esmif_PC790,0.00048709282699467744,9.1645722349575e-06,0.00048709282699467744,embedding_pca
esmif_PC791,0.0005067592596804348,1.964556253618664e-05,0.0005067592596804348,embedding_pca
esmif_PC792,0.000491838266281474,1.532823224329267e-05,0.000491838266281474,embedding_pca
esmif_PC793,0.00047896376390635175,1.3631355841463233e-05,0.00047896376390635175,embedding_pca
esmif_PC794,0.0004870285139468739,1.9251894464855837e-05,0.0004870285139468739,embedding_pca
esmif_PC795,0.0004910960762780024,2.11980899524557e-05,0.0004910960762780024,embedding_pca
esmif_PC796,0.0004942087196854291,1.7677929991420364e-05,0.0004942087196854291,embedding_pca
esmif_PC797,0.000577480852180382,0.0001315375865572444,0.000577480852180382,embedding_pca
esmif_PC798,0.0004878014096810795,8.449078226287935e-06,0.0004878014096810795,embedding_pca
esmif_PC799,0.0004884026748643905,6.7077831507219995e-06,0.0004884026748643905,embedding_pca
esmif_PC800,0.000519626858787116,4.436390372017857e-05,0.000519626858787116,embedding_pca
esmif_PC801,0.000498635106811333,1.8119316319600125e-05,0.000498635106811333,embedding_pca
esmif_PC802,0.0004893552207252663,2.620776374127184e-05,0.0004893552207252663,embedding_pca
esmif_PC803,0.0004785147159911556,1.777273235845964e-05,0.0004785147159911556,embedding_pca
esmif_PC804,0.0004965758067481278,1.1802739241845995e-05,0.0004965758067481278,embedding_pca
esmif_PC805,0.0004878463740129044,8.169889398398287e-06,0.0004878463740129044,embedding_pca
esmif_PC806,0.0004860641933227654,1.7401269954200214e-05,0.0004860641933227654,embedding_pca
esmif_PC807,0.0004916856980240104,1.761118830989609e-05,0.0004916856980240104,embedding_pca
esmif_PC808,0.0004827939583122694,1.7891205362223153e-05,0.0004827939583122694,embedding_pca
esmif_PC809,0.0004937594956511391,1.8728244241836673e-05,0.0004937594956511391,embedding_pca
esmif_PC810,0.0004794982760265566,4.768543131744018e-06,0.0004794982760265566,embedding_pca
esmif_PC811,0.0004985666128849537,1.0796386912421296e-05,0.0004985666128849537,embedding_pca
esmif_PC812,0.0004903958237796975,7.871037316312117e-06,0.0004903958237796975,embedding_pca
esmif_PC813,0.0004969968666195924,1.7956422604992215e-05,0.0004969968666195924,embedding_pca
esmif_PC814,0.0004914688449303836,1.839623923375411e-05,0.0004914688449303836,embedding_pca
esmif_PC815,0.0004907754768502623,2.3667422527698558e-05,0.0004907754768502623,embedding_pca
esmif_PC816,0.0004852138554641984,5.7397966337865375e-06,0.0004852138554641984,embedding_pca
esmif_PC817,0.0004878940808382324,1.4972444922195472e-05,0.0004878940808382324,embedding_pca
esmif_PC818,0.0005043473812739891,1.8202347358148565e-05,0.0005043473812739891,embedding_pca
esmif_PC819,0.0004928291456171976,2.0440283387604582e-05,0.0004928291456171976,embedding_pca
esmif_PC820,0.0004969285268914367,1.581139777014025e-05,0.0004969285268914367,embedding_pca
esmif_PC821,0.0005210060409320513,6.0860303813618e-05,0.0005210060409320513,embedding_pca
esmif_PC822,0.00048789293285238006,1.4726689167837592e-05,0.00048789293285238006,embedding_pca
esmif_PC823,0.0004908683954194385,1.6507337642243903e-05,0.0004908683954194385,embedding_pca
esmif_PC824,0.0005042493771438802,1.877268930513205e-05,0.0005042493771438802,embedding_pca
esmif_PC825,0.0004938935761722037,1.1214399386321893e-05,0.0004938935761722037,embedding_pca
esmif_PC826,0.0004938522664454886,1.7592838123962234e-05,0.0004938522664454886,embedding_pca
esmif_PC827,0.000518449696596778,6.974757446490778e-05,0.000518449696596778,embedding_pca
esmif_PC828,0.0004853387271059587,2.094574423799627e-05,0.0004853387271059587,embedding_pca
esmif_PC829,0.0005490181978956563,0.000126729340548651,0.0005490181978956563,embedding_pca
esmif_PC830,0.000502727781065584,1.481826576883806e-05,0.000502727781065584,embedding_pca
esmif_PC831,0.0004934911014417615,1.9636249928491314e-05,0.0004934911014417615,embedding_pca
esmif_PC832,0.0005009756364864678,1.2595761377936266e-05,0.0005009756364864678,embedding_pca
esmif_PC833,0.00047702993224449445,1.0558718728967385e-05,0.00047702993224449445,embedding_pca
esmif_PC834,0.0004874439309956658,1.4995152562704014e-05,0.0004874439309956658,embedding_pca
esmif_PC835,0.0004726586323037884,1.7918761120528426e-05,0.0004726586323037884,embedding_pca
esmif_PC836,0.00048514476690912314,7.9539514050113e-06,0.00048514476690912314,embedding_pca
esmif_PC837,0.0005168064402380964,3.587717722398724e-05,0.0005168064402380964,embedding_pca
esmif_PC838,0.00047538138405593086,8.52044441768352e-06,0.00047538138405593086,embedding_pca
esmif_PC839,0.0005165970516619598,4.0910267217075046e-05,0.0005165970516619598,embedding_pca
esmif_PC840,0.0004893910369078198,2.2790897988617558e-05,0.0004893910369078198,embedding_pca
esmif_PC841,0.0004851615384761375,6.243610330448431e-06,0.0004851615384761375,embedding_pca
esmif_PC842,0.0004901450777976223,1.5691456175970095e-05,0.0004901450777976223,embedding_pca
esmif_PC843,0.000480432720063225,6.793908139518272e-06,0.000480432720063225,embedding_pca
esmif_PC844,0.0004894116474657788,2.125853913041714e-05,0.0004894116474657788,embedding_pca
esmif_PC845,0.00048384511114877025,7.823441206131066e-06,0.00048384511114877025,embedding_pca
esmif_PC846,0.0005007869800651469,2.2507330655027847e-05,0.0005007869800651469,embedding_pca
esmif_PC847,0.0004846739632314174,1.7215783663741525e-05,0.0004846739632314174,embedding_pca
esmif_PC848,0.0004995104569683495,1.9177678585679123e-05,0.0004995104569683495,embedding_pca
esmif_PC849,0.0004846643690582074,1.3580017925088045e-05,0.0004846643690582074,embedding_pca
esmif_PC850,0.00048818663834655524,1.5240443523611805e-05,0.00048818663834655524,embedding_pca
esmif_PC851,0.0004877680113712363,1.869778987633809e-05,0.0004877680113712363,embedding_pca
esmif_PC852,0.0005337785826692249,6.516168845549332e-05,0.0005337785826692249,embedding_pca
esmif_PC853,0.0004868227807012223,2.2285452401620446e-05,0.0004868227807012223,embedding_pca
esmif_PC854,0.00048204110763730044,9.302668081849879e-06,0.00048204110763730044,embedding_pca
esmif_PC855,0.0005199560941967961,2.744922927140123e-05,0.0005199560941967961,embedding_pca
esmif_PC856,0.0005415472010280853,5.8201085291981615e-05,0.0005415472010280853,embedding_pca
esmif_PC857,0.0004894351074505298,2.5411132006090217e-05,0.0004894351074505298,embedding_pca
esmif_PC858,0.0004903699779979806,3.3035103448729446e-05,0.0004903699779979806,embedding_pca
esmif_PC859,0.0004930700293607003,5.96434500881557e-06,0.0004930700293607003,embedding_pca
esmif_PC860,0.0004812636783497093,6.785375642020273e-06,0.0004812636783497093,embedding_pca
esmif_PC861,0.0004994836054710453,2.1435324740161876e-05,0.0004994836054710453,embedding_pca
esmif_PC862,0.0005039151236397407,1.3606938339232742e-05,0.0005039151236397407,embedding_pca
esmif_PC863,0.00048036162362309983,1.1166377301875384e-05,0.00048036162362309983,embedding_pca
esmif_PC864,0.0004806901780729545,2.6289356937480713e-05,0.0004806901780729545,embedding_pca
esmif_PC865,0.0004826435495376661,1.2341957851928591e-05,0.0004826435495376661,embedding_pca
esmif_PC866,0.0004910475310374561,1.1149817222057923e-05,0.0004910475310374561,embedding_pca
esmif_PC867,0.0004979141997303656,1.4870587824107264e-05,0.0004979141997303656,embedding_pca
esmif_PC868,0.0005115354764603121,4.3535735190409035e-05,0.0005115354764603121,embedding_pca
esmif_PC869,0.0004901856864279816,1.3465908865793832e-05,0.0004901856864279816,embedding_pca
esmif_PC870,0.00048373873490015754,1.206975611764224e-05,0.00048373873490015754,embedding_pca
esmif_PC871,0.0005043460077430144,4.640070750728237e-05,0.0005043460077430144,embedding_pca
esmif_PC872,0.0005028632146975091,1.7073390976629365e-05,0.0005028632146975091,embedding_pca
esmif_PC873,0.0004756472279968507,8.112229675339326e-06,0.0004756472279968507,embedding_pca
esmif_PC874,0.00048813500480092084,8.119823947312401e-06,0.00048813500480092084,embedding_pca
esmif_PC875,0.0005129627855012594,3.8805916839786544e-05,0.0005129627855012594,embedding_pca
esmif_PC876,0.0004776305642149216,8.052701966915878e-06,0.0004776305642149216,embedding_pca
esmif_PC877,0.0004943244601074593,1.5997870408790304e-05,0.0004943244601074593,embedding_pca
esmif_PC878,0.0004908491223658098,1.2407869004143115e-05,0.0004908491223658098,embedding_pca
esmif_PC879,0.0004908341336038822,1.855895403969815e-05,0.0004908341336038822,embedding_pca
esmif_PC880,0.00048720972791648474,1.0662353293188274e-05,0.00048720972791648474,embedding_pca
esmif_PC881,0.00047613577529542035,1.872075609882898e-05,0.00047613577529542035,embedding_pca
esmif_PC882,0.0005041431295669656,2.2401751675752452e-05,0.0005041431295669656,embedding_pca
esmif_PC883,0.0005021759353600769,2.626220161711368e-05,0.0005021759353600769,embedding_pca
esmif_PC884,0.0005253695718836944,7.15172503440548e-05,0.0005253695718836944,embedding_pca
esmif_PC885,0.0004823669866049651,1.236898981301718e-05,0.0004823669866049651,embedding_pca
esmif_PC886,0.0004830616445625455,1.2310838638607856e-05,0.0004830616445625455,embedding_pca
esmif_PC887,0.0004851196405903731,1.6948520144977112e-05,0.0004851196405903731,embedding_pca
esmif_PC888,0.0004920152725520887,1.367680823811773e-05,0.0004920152725520887,embedding_pca
esmif_PC889,0.00048809440788928437,1.4016636104000886e-05,0.00048809440788928437,embedding_pca
esmif_PC890,0.00047640623396198457,5.246547074264326e-06,0.00047640623396198457,embedding_pca
esmif_PC891,0.00047661412656000937,4.2119027009999295e-06,0.00047661412656000937,embedding_pca
esmif_PC892,0.000490675284043133,2.0640859005203048e-05,0.000490675284043133,embedding_pca
esmif_PC893,0.0005011209529689999,2.7094359419183548e-05,0.0005011209529689999,embedding_pca
esmif_PC894,0.0004954232605031598,1.2582280562044108e-05,0.0004954232605031598,embedding_pca
esmif_PC895,0.0004943204518762346,6.655329499123909e-06,0.0004943204518762346,embedding_pca
esmif_PC896,0.0004839871721236911,1.4246965213185621e-05,0.0004839871721236911,embedding_pca
esmif_PC897,0.00048417324127309055,2.059024633960058e-05,0.00048417324127309055,embedding_pca
esmif_PC898,0.0004917665151596826,8.557490933594036e-06,0.0004917665151596826,embedding_pca
esmif_PC899,0.00048593695200876963,1.2096194781319143e-05,0.00048593695200876963,embedding_pca
esmif_PC900,0.0004833196243675418,1.756198417463409e-05,0.0004833196243675418,embedding_pca
esmif_PC901,0.0004989641009971903,1.7151397823657923e-05,0.0004989641009971903,embedding_pca
esmif_PC902,0.00048540984853428246,1.3254075952537939e-05,0.00048540984853428246,embedding_pca
esmif_PC903,0.0004920198389723022,7.558103522541259e-06,0.0004920198389723022,embedding_pca
esmif_PC904,0.0004946464211797888,9.806052718731193e-06,0.0004946464211797888,embedding_pca
esmif_PC905,0.0004862545103321736,2.0822006494817774e-05,0.0004862545103321736,embedding_pca
esmif_PC906,0.00048761454739398543,1.0777982559182232e-05,0.00048761454739398543,embedding_pca
esmif_PC907,0.0004986344717295024,1.5465429135009908e-05,0.0004986344717295024,embedding_pca
esmif_PC908,0.000485351894229567,7.132794283498843e-06,0.000485351894229567,embedding_pca
esmif_PC909,0.0005356761351657031,7.913309024523982e-05,0.0005356761351657031,embedding_pca
esmif_PC910,0.00048533903926762615,9.455658084860103e-06,0.00048533903926762615,embedding_pca
esmif_PC911,0.0004938184845843646,1.2897588276102262e-05,0.0004938184845843646,embedding_pca
esmif_PC912,0.0004885880923461898,1.18095527396472e-05,0.0004885880923461898,embedding_pca
esmif_PC913,0.0004909350260318959,1.3265597710305315e-05,0.0004909350260318959,embedding_pca
esmif_PC914,0.0004991708231926932,2.804181492686744e-05,0.0004991708231926932,embedding_pca
esmif_PC915,0.0004966513208176448,1.488717828528277e-05,0.0004966513208176448,embedding_pca
esmif_PC916,0.0004697735871696431,1.47943935436905e-05,0.0004697735871696431,embedding_pca
esmif_PC917,0.0004903640039236616,1.579264748582566e-05,0.0004903640039236616,embedding_pca
esmif_PC918,0.00048362747582125656,8.09014940955379e-06,0.00048362747582125656,embedding_pca
esmif_PC919,0.0005012809056920603,1.6606889995419074e-05,0.0005012809056920603,embedding_pca
esmif_PC920,0.0004815938056952811,9.60662559577171e-06,0.0004815938056952811,embedding_pca
esmif_PC921,0.0004878756867165636,1.846617159051113e-05,0.0004878756867165636,embedding_pca
esmif_PC922,0.0004874030600595457,1.1072896972396598e-05,0.0004874030600595457,embedding_pca
esmif_PC923,0.0005165660514299379,6.41534503799763e-05,0.0005165660514299379,embedding_pca
esmif_PC924,0.00048605577226140033,4.961741707621158e-06,0.00048605577226140033,embedding_pca
esmif_PC925,0.0004977462190642239,1.2586233590360714e-05,0.0004977462190642239,embedding_pca
esmif_PC926,0.0004921529769731897,7.261101362507472e-06,0.0004921529769731897,embedding_pca
esmif_PC927,0.0004892051485832901,2.6894451051873898e-05,0.0004892051485832901,embedding_pca
esmif_PC928,0.000500707492074914,1.5419422113553576e-05,0.000500707492074914,embedding_pca
esmif_PC929,0.0004863627288083605,4.872932763954072e-06,0.0004863627288083605,embedding_pca
esmif_PC930,0.00048415879858766404,8.816527207136725e-06,0.00048415879858766404,embedding_pca
esmif_PC931,0.0004912099305001779,1.559239777471736e-05,0.0004912099305001779,embedding_pca
esmif_PC932,0.0004972015650478936,3.370519540483412e-05,0.0004972015650478936,embedding_pca
esmif_PC933,0.0004906838112105477,6.675481381358344e-06,0.0004906838112105477,embedding_pca
esmif_PC934,0.0005203428585304204,5.748179200214168e-05,0.0005203428585304204,embedding_pca
esmif_PC935,0.0004927218735869401,7.443092101976271e-06,0.0004927218735869401,embedding_pca
esmif_PC936,0.0004886074229828835,1.1472077566867896e-05,0.0004886074229828835,embedding_pca
esmif_PC937,0.0004929884000674971,6.91080815978294e-06,0.0004929884000674971,embedding_pca
esmif_PC938,0.0004933554829295151,8.988881765223877e-06,0.0004933554829295151,embedding_pca
esmif_PC939,0.0004951203386609117,1.372092467350805e-05,0.0004951203386609117,embedding_pca
esmif_PC940,0.0005386503914689429,0.00010571259605649128,0.0005386503914689429,embedding_pca
esmif_PC941,0.0005151130996511428,7.419737847511073e-05,0.0005151130996511428,embedding_pca
esmif_PC942,0.0005006295203269361,1.4924826047839673e-05,0.0005006295203269361,embedding_pca
esmif_PC943,0.0004988018784375219,7.451391734281822e-06,0.0004988018784375219,embedding_pca
esmif_PC944,0.0005647528370522814,0.00016110905232632336,0.0005647528370522814,embedding_pca
esmif_PC945,0.000489359579111051,2.0512999786980787e-05,0.000489359579111051,embedding_pca
esmif_PC946,0.0005142161159052833,5.1214528784512306e-05,0.0005142161159052833,embedding_pca
esmif_PC947,0.0004986983602990453,1.651542039848108e-05,0.0004986983602990453,embedding_pca
esmif_PC948,0.0005110766894445744,3.0304336820832255e-05,0.0005110766894445744,embedding_pca
esmif_PC949,0.0004911833630702586,1.494951115686701e-05,0.0004911833630702586,embedding_pca
esmif_PC950,0.0005975741794410797,0.000215385929994623,0.0005975741794410797,embedding_pca
esmif_PC951,0.0004966316459782897,3.8387964660527826e-05,0.0004966316459782897,embedding_pca
esmif_PC952,0.0004878962896204993,3.319757537993467e-05,0.0004878962896204993,embedding_pca
esmif_PC953,0.0004926054136792019,1.7707393352628608e-05,0.0004926054136792019,embedding_pca
esmif_PC954,0.0004810644026422634,1.3409903369541439e-05,0.0004810644026422634,embedding_pca
esmif_PC955,0.0006319669388159515,0.00017522549428296367,0.0006319669388159515,embedding_pca
esmif_PC956,0.0004882796977812334,1.2425568916226368e-05,0.0004882796977812334,embedding_pca
esmif_PC957,0.0004951910346910496,1.4831187496116632e-05,0.0004951910346910496,embedding_pca
esmif_PC958,0.0004936265390434195,2.1372900007100765e-05,0.0004936265390434195,embedding_pca
esmif_PC959,0.0004860831062322395,1.3763308995337545e-05,0.0004860831062322395,embedding_pca
esmif_PC960,0.0004932445744918613,1.5145505990265378e-05,0.0004932445744918613,embedding_pca
esmif_PC961,0.0004827710583096643,1.5824919767779788e-05,0.0004827710583096643,embedding_pca
esmif_PC962,0.0004901116472034872,2.073605597192983e-05,0.0004901116472034872,embedding_pca
esmif_PC963,0.0004948507526357712,4.0207632075483e-05,0.0004948507526357712,embedding_pca
esmif_PC964,0.0005124224393959901,3.0229084529224347e-05,0.0005124224393959901,embedding_pca
esmif_PC965,0.0005077518695551975,2.560973040515148e-05,0.0005077518695551975,embedding_pca
esmif_PC966,0.0004924442887111969,1.557908641823877e-05,0.0004924442887111969,embedding_pca
esmif_PC967,0.00048754413485480605,1.3160494910030398e-05,0.00048754413485480605,embedding_pca
esmif_PC968,0.0004900123546744963,1.5190991696880775e-05,0.0004900123546744963,embedding_pca
esmif_PC969,0.0004989446659336178,1.958835582708926e-05,0.0004989446659336178,embedding_pca
esmif_PC970,0.0004953255347345144,9.050908736075299e-06,0.0004953255347345144,embedding_pca
esmif_PC971,0.0004924776736453017,7.03549206204858e-06,0.0004924776736453017,embedding_pca
esmif_PC972,0.00047792188717650855,1.1288926316173824e-05,0.00047792188717650855,embedding_pca
esmif_PC973,0.00048442354083865397,1.3687482110047225e-05,0.00048442354083865397,embedding_pca
esmif_PC974,0.00047911580211512373,1.1246390149519891e-05,0.00047911580211512373,embedding_pca
esmif_PC975,0.000590582876003473,0.00011688620686343867,0.000590582876003473,embedding_pca
esmif_PC976,0.0005277738453988375,7.356739205286071e-05,0.0005277738453988375,embedding_pca
esmif_PC977,0.000520159218310276,9.134589220558673e-05,0.000520159218310276,embedding_pca
esmif_PC978,0.000494241434264626,1.4442252983874816e-05,0.000494241434264626,embedding_pca
esmif_PC979,0.0005819751479596725,8.837163060445591e-05,0.0005819751479596725,embedding_pca
esmif_PC980,0.0004984329675250803,2.4166676683524717e-05,0.0004984329675250803,embedding_pca
esmif_PC981,0.0004983306450720317,2.2429703197325864e-05,0.0004983306450720317,embedding_pca
esmif_PC982,0.0004983572666302448,3.317288746638646e-05,0.0004983572666302448,embedding_pca
esmif_PC983,0.0005089060789686053,2.8776597718366606e-05,0.0005089060789686053,embedding_pca
esmif_PC984,0.0004970966820469107,1.351202039046125e-05,0.0004970966820469107,embedding_pca
esmif_PC985,0.0004888133281709755,1.2193444988352125e-05,0.0004888133281709755,embedding_pca
esmif_PC986,0.0005466986471150675,7.275952684454767e-05,0.0005466986471150675,embedding_pca
esmif_PC987,0.0005276779020346886,8.052059567682179e-05,0.0005276779020346886,embedding_pca
esmif_PC988,0.00048762687470178405,8.246748479293742e-06,0.00048762687470178405,embedding_pca
esmif_PC989,0.0004971837111412798,2.390659986772958e-05,0.0004971837111412798,embedding_pca
esmif_PC990,0.000539201474702653,0.00010096204552216968,0.000539201474702653,embedding_pca
esmif_PC991,0.000480139279982701,1.3172019535296595e-05,0.000480139279982701,embedding_pca
esmif_PC992,0.0004933986137254212,1.486103816264561e-05,0.0004933986137254212,embedding_pca
esmif_PC993,0.00049914010761645,1.2283792953494644e-05,0.00049914010761645,embedding_pca
esmif_PC994,0.00048472347982312145,1.2021342181741957e-05,0.00048472347982312145,embedding_pca
esmif_PC995,0.000516237192448088,2.1581198000686653e-05,0.000516237192448088,embedding_pca
esmif_PC996,0.0004916360191949876,1.1569536767203985e-05,0.0004916360191949876,embedding_pca
esmif_PC997,0.0004835175971145111,1.056976420936841e-05,0.0004835175971145111,embedding_pca
esmif_PC998,0.0005235657961723364,5.879013719766786e-05,0.0005235657961723364,embedding_pca
esmif_PC999,0.0004917949647990508,1.0169389283718058e-05,0.0004917949647990508,embedding_pca
esmif_PC1000,0.0004891028742213992,1.3806557231452974e-05,0.0004891028742213992,embedding_pca
esmif_PC1001,0.0004888930174721135,2.1856461630302227e-05,0.0004888930174721135,embedding_pca
esmif_PC1002,0.0004804764639667827,2.1959033212007893e-05,0.0004804764639667827,embedding_pca
esmif_PC1003,0.000486439508208339,1.4415426234234941e-05,0.000486439508208339,embedding_pca
esmif_PC1004,0.0004910082941067335,1.4346754308281826e-05,0.0004910082941067335,embedding_pca
esmif_PC1005,0.00048262058681157834,1.36531477881408e-05,0.00048262058681157834,embedding_pca
esmif_PC1006,0.0004906980791708039,5.505070759218989e-06,0.0004906980791708039,embedding_pca
esmif_PC1007,0.0004947015864886601,1.5026316931033305e-05,0.0004947015864886601,embedding_pca
esmif_PC1008,0.0004855993276969428,7.16112775857841e-06,0.0004855993276969428,embedding_pca
esmif_PC1009,0.0005002498906559271,4.018257081110015e-05,0.0005002498906559271,embedding_pca
esmif_PC1010,0.0004906256677562926,1.15811924495849e-05,0.0004906256677562926,embedding_pca
esmif_PC1011,0.0005092981148443624,1.2878390601236843e-05,0.0005092981148443624,embedding_pca
esmif_PC1012,0.000491725946633366,3.102958161674836e-05,0.000491725946633366,embedding_pca
esmif_PC1013,0.0004838365916490325,1.4627097831564404e-05,0.0004838365916490325,embedding_pca
esmif_PC1014,0.0004840363326405121,6.414085147624827e-06,0.0004840363326405121,embedding_pca
esmif_PC1015,0.0005427832202890837,8.317782857762321e-05,0.0005427832202890837,embedding_pca
esmif_PC1016,0.0004769050308499191,1.3663874595513067e-05,0.0004769050308499191,embedding_pca
esmif_PC1017,0.0005049534020333248,9.278206934087597e-06,0.0005049534020333248,embedding_pca
esmif_PC1018,0.0005072952623402065,2.4113206255500788e-05,0.0005072952623402065,embedding_pca
esmif_PC1019,0.0005005327462110807,6.049350707840696e-06,0.0005005327462110807,embedding_pca
esmif_PC1020,0.0005059991147084451,2.308839623357548e-05,0.0005059991147084451,embedding_pca
esmif_PC1021,0.0004842061193217143,1.698511807023712e-05,0.0004842061193217143,embedding_pca
esmif_PC1022,0.00047983433273969593,1.135053916375733e-05,0.00047983433273969593,embedding_pca
esmif_PC1023,0.0004995710180170223,2.997596976416128e-05,0.0004995710180170223,embedding_pca
esmif_PC1024,0.00047384947956163285,1.0355225281216848e-05,0.00047384947956163285,embedding_pca
esmif_PC1025,0.00048087925661697043,1.657883117236638e-05,0.00048087925661697043,embedding_pca
esmif_PC1026,0.00047495379725334355,1.7655609059700948e-05,0.00047495379725334355,embedding_pca
esmif_PC1027,0.000478520556782081,8.532982540115036e-06,0.000478520556782081,embedding_pca
esmif_PC1028,0.00048300886321569445,9.23695204729819e-06,0.00048300886321569445,embedding_pca
esmif_PC1029,0.0005446804094047828,0.00013320556167330545,0.0005446804094047828,embedding_pca
esmif_PC1030,0.000501606162083748,4.349826140784716e-05,0.000501606162083748,embedding_pca
esmif_PC1031,0.00047724903852415436,2.0250323178857063e-05,0.00047724903852415436,embedding_pca
esmif_PC1032,0.0004781985659139053,1.2502276658525644e-05,0.0004781985659139053,embedding_pca
esmif_PC1033,0.00048121822480243074,7.368158378873512e-06,0.00048121822480243074,embedding_pca
esmif_PC1034,0.000510907675649496,3.9284411276456324e-05,0.000510907675649496,embedding_pca
esmif_PC1035,0.0005198292807270819,6.82152690785085e-05,0.0005198292807270819,embedding_pca
esmif_PC1036,0.0004983872485707166,2.591090811598951e-05,0.0004983872485707166,embedding_pca
esmif_PC1037,0.0004964993723704876,1.0330103386237333e-05,0.0004964993723704876,embedding_pca
esmif_PC1038,0.0004969924933209691,2.4316588001814606e-05,0.0004969924933209691,embedding_pca
esmif_PC1039,0.0004992142706515073,3.84322515795527e-05,0.0004992142706515073,embedding_pca
esmif_PC1040,0.000489840420663693,1.2979478082641598e-05,0.000489840420663693,embedding_pca
esmif_PC1041,0.0004980343992369756,3.353295123574287e-05,0.0004980343992369756,embedding_pca
esmif_PC1042,0.00048503894562206587,6.9586063024697255e-06,0.00048503894562206587,embedding_pca
esmif_PC1043,0.0004943420881268732,1.0393290213385115e-05,0.0004943420881268732,embedding_pca
esmif_PC1044,0.0004979705338084243,2.126579716734673e-05,0.0004979705338084243,embedding_pca
esmif_PC1045,0.0004926994924739859,1.840178441815076e-05,0.0004926994924739859,embedding_pca
esmif_PC1046,0.0004792677556143555,8.638409625119332e-06,0.0004792677556143555,embedding_pca
esmif_PC1047,0.0004668347814751542,8.381571580921043e-06,0.0004668347814751542,embedding_pca
esmif_PC1048,0.00048301996809775697,1.688252254965521e-05,0.00048301996809775697,embedding_pca
esmif_PC1049,0.00048327028336071396,8.672097722481468e-06,0.00048327028336071396,embedding_pca
esmif_PC1050,0.0004964233663152949,1.4386843737190777e-05,0.0004964233663152949,embedding_pca
esmif_PC1051,0.0004894852951468837,1.902789575859515e-05,0.0004894852951468837,embedding_pca
esmif_PC1052,0.0004854090198027409,1.7329677833029773e-05,0.0004854090198027409,embedding_pca
esmif_PC1053,0.0004950137388333625,2.647744520205381e-05,0.0004950137388333625,embedding_pca
esmif_PC1054,0.00048812355245480356,1.5133869962465551e-05,0.00048812355245480356,embedding_pca
esmif_PC1055,0.00048347215960972776,1.6714683972883007e-05,0.00048347215960972776,embedding_pca
esmif_PC1056,0.0004959734711669179,1.1960173609752172e-05,0.0004959734711669179,embedding_pca
esmif_PC1057,0.0005033608289889426,5.522022990211631e-05,0.0005033608289889426,embedding_pca
esmif_PC1058,0.0004809431564254788,1.9251975570986698e-05,0.0004809431564254788,embedding_pca
esmif_PC1059,0.0005072173020332485,2.4619435100315673e-05,0.0005072173020332485,embedding_pca
esmif_PC1060,0.0004859695510129109,9.60193527883448e-06,0.0004859695510129109,embedding_pca
esmif_PC1061,0.0005036631848064403,1.3748946377277603e-05,0.0005036631848064403,embedding_pca
esmif_PC1062,0.00048331971826786534,1.4944702950971704e-05,0.00048331971826786534,embedding_pca
esmif_PC1063,0.0004950011204552226,1.503163689441074e-05,0.0004950011204552226,embedding_pca
esmif_PC1064,0.0004886662630708103,2.4292253404530128e-05,0.0004886662630708103,embedding_pca
esmif_PC1065,0.00047913291924667764,8.78431155179585e-06,0.00047913291924667764,embedding_pca
esmif_PC1066,0.0005089102799900617,2.3896241364625497e-05,0.0005089102799900617,embedding_pca
esmif_PC1067,0.0004768778702301456,1.0424092976172307e-05,0.0004768778702301456,embedding_pca
esmif_PC1068,0.0004887856108056591,1.1786338463094168e-05,0.0004887856108056591,embedding_pca
esmif_PC1069,0.0005313913907768481,8.639268794750558e-05,0.0005313913907768481,embedding_pca
esmif_PC1070,0.00048683635321661805,7.108126657549949e-06,0.00048683635321661805,embedding_pca
esmif_PC1071,0.0004968901670930395,7.696304512581224e-06,0.0004968901670930395,embedding_pca
esmif_PC1072,0.00048678882937538525,1.1113784450713099e-05,0.00048678882937538525,embedding_pca
esmif_PC1073,0.0004799971717025694,1.556593177536091e-05,0.0004799971717025694,embedding_pca
esmif_PC1074,0.0004782541036396899,1.5106476180914184e-05,0.0004782541036396899,embedding_pca
esmif_PC1075,0.0004791046632326588,1.6408385856510645e-05,0.0004791046632326588,embedding_pca
esmif_PC1076,0.000476729398816007,1.5160776682537856e-05,0.000476729398816007,embedding_pca
esmif_PC1077,0.00048181717500528267,2.8439400847885433e-05,0.00048181717500528267,embedding_pca
esmif_PC1078,0.0004932989188322214,2.1465335996657623e-05,0.0004932989188322214,embedding_pca
esmif_PC1079,0.0004888000805970913,2.334996271827641e-05,0.0004888000805970913,embedding_pca
esmif_PC1080,0.0004974460062295352,1.5647648456881552e-05,0.0004974460062295352,embedding_pca
esmif_PC1081,0.0004892182971911249,7.486310627852171e-06,0.0004892182971911249,embedding_pca
esmif_PC1082,0.00048267533626471324,1.969277362630825e-05,0.00048267533626471324,embedding_pca
esmif_PC1083,0.000497776223814515,2.6777028573556655e-05,0.000497776223814515,embedding_pca
esmif_PC1084,0.0005088566550756119,2.8611840164349666e-05,0.0005088566550756119,embedding_pca
esmif_PC1085,0.0004888624736066233,2.219759931413847e-05,0.0004888624736066233,embedding_pca
esmif_PC1086,0.0004909520984481616,1.1399729870734125e-05,0.0004909520984481616,embedding_pca
esmif_PC1087,0.0004835615504326757,1.378336105535206e-05,0.0004835615504326757,embedding_pca
esmif_PC1088,0.0004963433324408183,2.1631440364503597e-05,0.0004963433324408183,embedding_pca
esmif_PC1089,0.0004996396251653124,1.2820522275665635e-05,0.0004996396251653124,embedding_pca
esmif_PC1090,0.0004894295397082996,1.3224572803868139e-05,0.0004894295397082996,embedding_pca
esmif_PC1091,0.0004923085139919725,1.7954294050564244e-05,0.0004923085139919725,embedding_pca
esmif_PC1092,0.0004958850766907451,2.1730817922595112e-05,0.0004958850766907451,embedding_pca
esmif_PC1093,0.0004890771734413718,1.622665564555715e-05,0.0004890771734413718,embedding_pca
esmif_PC1094,0.00048434462570559584,1.293504229724606e-05,0.00048434462570559584,embedding_pca
esmif_PC1095,0.0004890496932121176,1.633807158080064e-05,0.0004890496932121176,embedding_pca
esmif_PC1096,0.0004905476892628432,1.6103448909821067e-05,0.0004905476892628432,embedding_pca
esmif_PC1097,0.000503289875265893,2.2431210708236946e-05,0.000503289875265893,embedding_pca
esmif_PC1098,0.0004916274887650103,1.3654224762764165e-05,0.0004916274887650103,embedding_pca
esmif_PC1099,0.0004899345031252776,1.4035150241155532e-05,0.0004899345031252776,embedding_pca
esmif_PC1100,0.000490584750962071,2.056426475604004e-05,0.000490584750962071,embedding_pca
esmif_PC1101,0.0004881628837622321,1.3429559007427968e-05,0.0004881628837622321,embedding_pca
esmif_PC1102,0.0004784267335212395,8.704479757891097e-06,0.0004784267335212395,embedding_pca
esmif_PC1103,0.0005014664992905825,1.1020365696982697e-05,0.0005014664992905825,embedding_pca
esmif_PC1104,0.0004766249818102851,8.347374011235658e-06,0.0004766249818102851,embedding_pca
esmif_PC1105,0.0004819080269306112,1.0597589067467218e-05,0.0004819080269306112,embedding_pca
esmif_PC1106,0.0005030215805240713,1.4919784816216546e-05,0.0005030215805240713,embedding_pca
esmif_PC1107,0.000480464447948435,1.795014074287666e-05,0.000480464447948435,embedding_pca
esmif_PC1108,0.0004792043124365302,1.5545727614376764e-05,0.0004792043124365302,embedding_pca
esmif_PC1109,0.0004908128208977308,2.0594749601738405e-05,0.0004908128208977308,embedding_pca
esmif_PC1110,0.0004785015446689616,1.2582009692681305e-05,0.0004785015446689616,embedding_pca
esmif_PC1111,0.0004894580635268153,1.3874129359864468e-05,0.0004894580635268153,embedding_pca
esmif_PC1112,0.0004859275983608951,1.6654990943765067e-05,0.0004859275983608951,embedding_pca
esmif_PC1113,0.00047270175506739794,1.3277100252030314e-05,0.00047270175506739794,embedding_pca
esmif_PC1114,0.0004872898508567299,1.3940079032627875e-05,0.0004872898508567299,embedding_pca
esmif_PC1115,0.0004830056564108574,2.144604953502745e-05,0.0004830056564108574,embedding_pca
esmif_PC1116,0.000485276718828161,2.4239661101144646e-05,0.000485276718828161,embedding_pca
esmif_PC1117,0.00049204853926168,1.698804964296301e-05,0.00049204853926168,embedding_pca
esmif_PC1118,0.0004912298661696326,1.4756035730727275e-05,0.0004912298661696326,embedding_pca
esmif_PC1119,0.0004826157686416377,1.7861092178539687e-05,0.0004826157686416377,embedding_pca
esmif_PC1120,0.0004856718369809345,1.681173437245528e-05,0.0004856718369809345,embedding_pca
esmif_PC1121,0.0004746503503755493,1.2990771217035831e-05,0.0004746503503755493,embedding_pca
esmif_PC1122,0.0004845773761056437,1.180930201649453e-05,0.0004845773761056437,embedding_pca
esmif_PC1123,0.0004918672972550228,1.6179151273176316e-05,0.0004918672972550228,embedding_pca
esmif_PC1124,0.00048636852326091034,1.413589753072321e-05,0.00048636852326091034,embedding_pca
esmif_PC1125,0.0004778639221438586,1.7351849585297255e-05,0.0004778639221438586,embedding_pca
esmif_PC1126,0.0005022367664938267,1.52332082471534e-05,0.0005022367664938267,embedding_pca
esmif_PC1127,0.000492780358240351,1.571451179930195e-05,0.000492780358240351,embedding_pca
esmif_PC1128,0.00048516318038761467,1.0153073681651223e-05,0.00048516318038761467,embedding_pca
esmif_PC1129,0.0004935790509165632,5.450266970158613e-06,0.0004935790509165632,embedding_pca
esmif_PC1130,0.0004833851743281229,1.270228921086417e-05,0.0004833851743281229,embedding_pca
esmif_PC1131,0.00049211438975904,1.378775437301535e-05,0.00049211438975904,embedding_pca
esmif_PC1132,0.0004786353972897737,1.5375519603750747e-05,0.0004786353972897737,embedding_pca
esmif_PC1133,0.0004884544266997994,3.455917015329511e-05,0.0004884544266997994,embedding_pca
esmif_PC1134,0.0005129716257177921,6.071978066703247e-05,0.0005129716257177921,embedding_pca
esmif_PC1135,0.0004906230755501765,1.2018646615988598e-05,0.0004906230755501765,embedding_pca
esmif_PC1136,0.0004874988573198651,1.3353059289239258e-05,0.0004874988573198651,embedding_pca
esmif_PC1137,0.00048502281574560333,1.366022584776165e-05,0.00048502281574560333,embedding_pca
esmif_PC1138,0.0004965401137011635,1.6110359548407008e-05,0.0004965401137011635,embedding_pca
esmif_PC1139,0.0004995841649865463,3.74934282550777e-05,0.0004995841649865463,embedding_pca
esmif_PC1140,0.00048296017766621827,1.3732943461564278e-05,0.00048296017766621827,embedding_pca
esmif_PC1141,0.00048043059520651743,1.5127780171703151e-05,0.00048043059520651743,embedding_pca
esmif_PC1142,0.0005348952625013445,0.00011013721073689875,0.0005348952625013445,embedding_pca
esmif_PC1143,0.0004901361252585671,9.159549784522133e-06,0.0004901361252585671,embedding_pca
esmif_PC1144,0.0004935178147868971,2.756954512784006e-05,0.0004935178147868971,embedding_pca
esmif_PC1145,0.00048517811505008855,1.381009612033632e-05,0.00048517811505008855,embedding_pca
esmif_PC1146,0.0004815675429885414,2.3942692836130137e-05,0.0004815675429885414,embedding_pca
esmif_PC1147,0.00047877253401091435,1.2712593112900386e-05,0.00047877253401091435,embedding_pca
esmif_PC1148,0.000489876386766701,1.7510259943962148e-05,0.000489876386766701,embedding_pca
esmif_PC1149,0.00048705935599601655,1.4353691988856957e-05,0.00048705935599601655,embedding_pca
esmif_PC1150,0.0004893985390226924,1.2070151869010287e-05,0.0004893985390226924,embedding_pca
esmif_PC1151,0.00047735245046529615,1.1310898023661918e-05,0.00047735245046529615,embedding_pca
esmif_PC1152,0.0005005516934110806,1.0911350066930912e-05,0.0005005516934110806,embedding_pca
esmif_PC1153,0.0004945094168099025,1.4414013692482623e-05,0.0004945094168099025,embedding_pca
esmif_PC1154,0.000501999562892812,2.721583916241074e-05,0.000501999562892812,embedding_pca
esmif_PC1155,0.0004944803215593,1.4019325069013849e-05,0.0004944803215593,embedding_pca
esmif_PC1156,0.00047714472048921786,1.4760053662699368e-05,0.00047714472048921786,embedding_pca
esmif_PC1157,0.0004994600834355731,8.830630418635907e-06,0.0004994600834355731,embedding_pca
esmif_PC1158,0.0005297086749815917,9.073064233017754e-05,0.0005297086749815917,embedding_pca
esmif_PC1159,0.000488927533825558,9.856109968026196e-06,0.000488927533825558,embedding_pca
esmif_PC1160,0.0004857502958032873,1.0979938308033394e-05,0.0004857502958032873,embedding_pca
esmif_PC1161,0.00048010474932974856,2.09988693206369e-05,0.00048010474932974856,embedding_pca
esmif_PC1162,0.0004829344371628283,1.586759779024496e-05,0.0004829344371628283,embedding_pca
esmif_PC1163,0.00048661457170201116,1.1116557913923478e-05,0.00048661457170201116,embedding_pca
esmif_PC1164,0.0005664128885901748,0.00013476587492741422,0.0005664128885901748,embedding_pca
esmif_PC1165,0.0004896377380203094,9.307156994764864e-06,0.0004896377380203094,embedding_pca
esmif_PC1166,0.0004987271097413532,4.951425902393095e-05,0.0004987271097413532,embedding_pca
esmif_PC1167,0.0004889627107287574,1.3140169822352749e-05,0.0004889627107287574,embedding_pca
esmif_PC1168,0.00048746089272520225,1.9625091687516055e-05,0.00048746089272520225,embedding_pca
esmif_PC1169,0.0004902730575727328,2.2473727060424547e-05,0.0004902730575727328,embedding_pca
esmif_PC1170,0.000489226966519746,1.522571679482556e-05,0.000489226966519746,embedding_pca
esmif_PC1171,0.00047870054767540777,1.0917516888011497e-05,0.00047870054767540777,embedding_pca
esmif_PC1172,0.00048635446390113006,2.600380801786528e-05,0.00048635446390113006,embedding_pca
esmif_PC1173,0.0004944862872936275,1.1643205311132999e-05,0.0004944862872936275,embedding_pca
esmif_PC1174,0.0004782649859383669,7.731324590982953e-06,0.0004782649859383669,embedding_pca
esmif_PC1175,0.0004872617006883479,1.2716205511337362e-05,0.0004872617006883479,embedding_pca
esmif_PC1176,0.000541684144605701,0.00011447762752568499,0.000541684144605701,embedding_pca
esmif_PC1177,0.0004847144842406913,1.0652610251147272e-05,0.0004847144842406913,embedding_pca
esmif_PC1178,0.0004889599891168157,1.5802442046472e-05,0.0004889599891168157,embedding_pca
esmif_PC1179,0.0004932546391980495,1.4959868367376078e-05,0.0004932546391980495,embedding_pca
esmif_PC1180,0.00047649332669908085,8.142137716644794e-06,0.00047649332669908085,embedding_pca
esmif_PC1181,0.0004941141810750543,1.380583321801532e-05,0.0004941141810750543,embedding_pca
esmif_PC1182,0.0004845388621651206,1.8314904194294478e-05,0.0004845388621651206,embedding_pca
esmif_PC1183,0.0004773457506380547,1.228530169111659e-05,0.0004773457506380547,embedding_pca
esmif_PC1184,0.0005033485190962536,1.656489494978966e-05,0.0005033485190962536,embedding_pca
esmif_PC1185,0.0004788618131401848,1.1818908612594914e-05,0.0004788618131401848,embedding_pca
esmif_PC1186,0.0004809921514827717,1.1303023064390079e-05,0.0004809921514827717,embedding_pca
esmif_PC1187,0.0004752923858658411,1.4693649060419851e-05,0.0004752923858658411,embedding_pca
esmif_PC1188,0.00048604772710441143,1.860117739604869e-05,0.00048604772710441143,embedding_pca
esmif_PC1189,0.0004897153438766167,2.1183181765901725e-05,0.0004897153438766167,embedding_pca
esmif_PC1190,0.00048859944775436,8.911933185807045e-06,0.00048859944775436,embedding_pca
esmif_PC1191,0.00048687961157587963,9.05566385282006e-06,0.00048687961157587963,embedding_pca
esmif_PC1192,0.00048723501637568475,1.103268035919822e-05,0.00048723501637568475,embedding_pca
esmif_PC1193,0.00048771994751665526,1.0093968565462822e-05,0.00048771994751665526,embedding_pca
esmif_PC1194,0.0004897859387915208,2.281560591157984e-05,0.0004897859387915208,embedding_pca
esmif_PC1195,0.0005000818277053071,2.163317117207169e-05,0.0005000818277053071,embedding_pca
esmif_PC1196,0.0004848423786513333,1.1999375852803262e-05,0.0004848423786513333,embedding_pca
esmif_PC1197,0.0004886035294112054,1.2146628871561005e-05,0.0004886035294112054,embedding_pca
esmif_PC1198,0.0004954466266786173,3.6974205121840148e-06,0.0004954466266786173,embedding_pca
esmif_PC1199,0.0004756108982698822,6.2021409615510366e-06,0.0004756108982698822,embedding_pca
esmif_PC1200,0.0004806615143146282,1.4066928868612752e-05,0.0004806615143146282,embedding_pca
esmif_PC1201,0.00048532006583167726,1.3947600339361875e-05,0.00048532006583167726,embedding_pca
esmif_PC1202,0.0004824687631751107,1.1792427488131843e-05,0.0004824687631751107,embedding_pca
esmif_PC1203,0.0004751244358931001,8.68828739872948e-06,0.0004751244358931001,embedding_pca
esmif_PC1204,0.00048394753283778234,1.6094945839435045e-05,0.00048394753283778234,embedding_pca
esmif_PC1205,0.00047227985701414003,1.290124299161845e-05,0.00047227985701414003,embedding_pca
esmif_PC1206,0.0004857860309406111,1.631202503803508e-05,0.0004857860309406111,embedding_pca
esmif_PC1207,0.00048167550928367495,1.092935778826178e-05,0.00048167550928367495,embedding_pca
esmif_PC1208,0.0005196953868172749,9.952515524335499e-05,0.0005196953868172749,embedding_pca
esmif_PC1209,0.0005050378950768351,4.688827807397589e-05,0.0005050378950768351,embedding_pca
esmif_PC1210,0.00048699543849795127,1.7820953595819183e-05,0.00048699543849795127,embedding_pca
esmif_PC1211,0.0004900302302827362,2.7750730141718367e-05,0.0004900302302827362,embedding_pca
esmif_PC1212,0.00048485687523092314,1.2705312527064882e-05,0.00048485687523092314,embedding_pca
esmif_PC1213,0.0004978871763874277,1.632191064904756e-05,0.0004978871763874277,embedding_pca
esmif_PC1214,0.0004793547387782285,2.79907707612395e-05,0.0004793547387782285,embedding_pca
esmif_PC1215,0.0004862378207400087,1.1457187421270997e-05,0.0004862378207400087,embedding_pca
esmif_PC1216,0.00048419050865420536,1.1845412976029942e-05,0.00048419050865420536,embedding_pca
esmif_PC1217,0.000507599427358146,1.1487215019922488e-05,0.000507599427358146,embedding_pca
esmif_PC1218,0.0004931424721416844,1.474151980179674e-05,0.0004931424721416844,embedding_pca
esmif_PC1219,0.0004957527270702665,4.555547378650849e-05,0.0004957527270702665,embedding_pca
esmif_PC1220,0.000495255876625972,2.309177091422409e-05,0.000495255876625972,embedding_pca
esmif_PC1221,0.00048275704104645096,3.050713486165328e-05,0.00048275704104645096,embedding_pca
esmif_PC1222,0.000491872903853752,8.274788766377497e-06,0.000491872903853752,embedding_pca
esmif_PC1223,0.0005162787927208965,5.019692736664114e-05,0.0005162787927208965,embedding_pca
esmif_PC1224,0.0005067413375704176,3.3113692529079634e-05,0.0005067413375704176,embedding_pca
esmif_PC1225,0.00048724528903922634,1.1250872930794735e-05,0.00048724528903922634,embedding_pca
esmif_PC1226,0.0004881127969015778,2.3856526653859422e-05,0.0004881127969015778,embedding_pca
esmif_PC1227,0.0004896425543361363,7.3857313124879184e-06,0.0004896425543361363,embedding_pca
esmif_PC1228,0.0004945504601037616,9.415016243946735e-06,0.0004945504601037616,embedding_pca
esmif_PC1229,0.0004898418222210189,3.0025537873741472e-05,0.0004898418222210189,embedding_pca
esmif_PC1230,0.0005014508813379406,4.384610731813706e-05,0.0005014508813379406,embedding_pca
esmif_PC1231,0.0005002529912663013,1.3008635726675317e-05,0.0005002529912663013,embedding_pca
esmif_PC1232,0.0004909473744035864,2.0301706925283168e-05,0.0004909473744035864,embedding_pca
esmif_PC1233,0.0005210637380210205,4.904554897725396e-05,0.0005210637380210205,embedding_pca
esmif_PC1234,0.0005455957999684857,0.00010614124824254478,0.0005455957999684857,embedding_pca
esmif_PC1235,0.0005004470784019473,1.2697645256704348e-05,0.0005004470784019473,embedding_pca
esmif_PC1236,0.0004786560804663457,2.3750177710552116e-05,0.0004786560804663457,embedding_pca
esmif_PC1237,0.0004861860631201276,4.90934817654262e-06,0.0004861860631201276,embedding_pca
esmif_PC1238,0.0005008552291233608,2.2886140764795508e-05,0.0005008552291233608,embedding_pca
esmif_PC1239,0.0005146215283829499,7.489894437792989e-05,0.0005146215283829499,embedding_pca
esmif_PC1240,0.00048452079714836614,9.85912006059846e-06,0.00048452079714836614,embedding_pca
esmif_PC1241,0.0004943012872463049,2.2721671580235608e-05,0.0004943012872463049,embedding_pca
esmif_PC1242,0.0004985687693414172,2.609341883685178e-05,0.0004985687693414172,embedding_pca
esmif_PC1243,0.00048626584349167873,8.83532158600821e-06,0.00048626584349167873,embedding_pca
esmif_PC1244,0.0004937846667273822,2.5406968214637856e-05,0.0004937846667273822,embedding_pca
esmif_PC1245,0.0004945644616349067,1.2684074477823174e-05,0.0004945644616349067,embedding_pca
esmif_PC1246,0.000509719234026928,4.8648406630338206e-05,0.000509719234026928,embedding_pca
esmif_PC1247,0.00047781630687109277,6.9328691444270164e-06,0.00047781630687109277,embedding_pca
esmif_PC1248,0.0004842266170460697,1.6434146178126602e-05,0.0004842266170460697,embedding_pca
esmif_PC1249,0.0005253410177182523,8.042236613455784e-05,0.0005253410177182523,embedding_pca
esmif_PC1250,0.0004775205729252325,1.4626650049161313e-05,0.0004775205729252325,embedding_pca
esmif_PC1251,0.0004882546141428023,1.0575700685182347e-05,0.0004882546141428023,embedding_pca
esmif_PC1252,0.0004987987015877086,2.3858685944439088e-05,0.0004987987015877086,embedding_pca
esmif_PC1253,0.0005237101946426154,2.620915646206124e-05,0.0005237101946426154,embedding_pca
esmif_PC1254,0.00047761043909660223,6.177037398960245e-06,0.00047761043909660223,embedding_pca
esmif_PC1255,0.0004912245727745046,1.7821343726513528e-05,0.0004912245727745046,embedding_pca
esmif_PC1256,0.0004787686741928092,1.5559689207404785e-05,0.0004787686741928092,embedding_pca
esmif_PC1257,0.0004895811753101816,2.7415981879294245e-05,0.0004895811753101816,embedding_pca
esmif_PC1258,0.0004983146865933988,3.9884549934642244e-05,0.0004983146865933988,embedding_pca
esmif_PC1259,0.0004996169173434404,4.956121852425867e-05,0.0004996169173434404,embedding_pca
esmif_PC1260,0.00047801199722208407,8.38362498470645e-06,0.00047801199722208407,embedding_pca
esmif_PC1261,0.0004930556031250791,1.0539153319782434e-05,0.0004930556031250791,embedding_pca
esmif_PC1262,0.00048143214126803336,6.35338653374355e-06,0.00048143214126803336,embedding_pca
esmif_PC1263,0.000536414804448996,6.652757662974894e-05,0.000536414804448996,embedding_pca
esmif_PC1264,0.0004876260253503939,1.54774440880763e-05,0.0004876260253503939,embedding_pca
esmif_PC1265,0.0005246694642371938,5.6469876314781256e-05,0.0005246694642371938,embedding_pca
esmif_PC1266,0.0004957840212158047,4.8663970640294375e-05,0.0004957840212158047,embedding_pca
esmif_PC1267,0.00048127227274507076,1.1811580906886888e-05,0.00048127227274507076,embedding_pca
esmif_PC1268,0.0005629342411070595,8.672659345708947e-05,0.0005629342411070595,embedding_pca
esmif_PC1269,0.0004905646994996732,4.4141471286866876e-06,0.0004905646994996732,embedding_pca
esmif_PC1270,0.000491886292006833,1.7190410913366443e-05,0.000491886292006833,embedding_pca
esmif_PC1271,0.000483890660661489,1.9677357487765252e-05,0.000483890660661489,embedding_pca
esmif_PC1272,0.0005004697001865521,1.712732189081328e-05,0.0005004697001865521,embedding_pca
esmif_PC1273,0.0004962876411444124,3.4025127049210955e-05,0.0004962876411444124,embedding_pca
esmif_PC1274,0.0005568859905947347,0.00014632760493246046,0.0005568859905947347,embedding_pca
esmif_PC1275,0.00048460685282117913,1.0867254391937843e-05,0.00048460685282117913,embedding_pca
esmif_PC1276,0.0004972223898213811,1.8237397398101227e-05,0.0004972223898213811,embedding_pca
esmif_PC1277,0.0004889462912399743,1.2787425827659573e-05,0.0004889462912399743,embedding_pca
esmif_PC1278,0.0004914692194454475,1.0464537125278344e-05,0.0004914692194454475,embedding_pca
esmif_PC1279,0.0005147219714581857,3.725175162141896e-05,0.0005147219714581857,embedding_pca
esmif_PC1280,0.0004740686488675891,1.741218457033015e-05,0.0004740686488675891,embedding_pca
esmif_PC1281,0.0005134088265567516,5.259389370799308e-05,0.0005134088265567516,embedding_pca
esmif_PC1282,0.0004903589545718545,1.4767091577526801e-05,0.0004903589545718545,embedding_pca
esmif_PC1283,0.00048045515194448826,1.597758845972959e-05,0.00048045515194448826,embedding_pca
esmif_PC1284,0.0004904626251106416,2.5188776515303572e-05,0.0004904626251106416,embedding_pca
esmif_PC1285,0.0005024720459911515,2.188317014178579e-05,0.0005024720459911515,embedding_pca
esmif_PC1286,0.0004767707424829555,1.3630362538434145e-05,0.0004767707424829555,embedding_pca
esmif_PC1287,0.0005269794709321561,7.450167704832604e-05,0.0005269794709321561,embedding_pca
esmif_PC1288,0.00047532241208302143,4.963768032399803e-06,0.00047532241208302143,embedding_pca
esmif_PC1289,0.0004996442751924216,3.7023513222857056e-05,0.0004996442751924216,embedding_pca
esmif_PC1290,0.0004828186077048864,1.3686890215837899e-05,0.0004828186077048864,embedding_pca
esmif_PC1291,0.000493825386294355,9.119486221576344e-06,0.000493825386294355,embedding_pca
esmif_PC1292,0.000522707421480845,1.7453421794046587e-05,0.000522707421480845,embedding_pca
esmif_PC1293,0.0004831457972959585,2.4231306510355724e-05,0.0004831457972959585,embedding_pca
esmif_PC1294,0.0004956433234453217,1.54733386359541e-05,0.0004956433234453217,embedding_pca
esmif_PC1295,0.0004815273835370797,2.0518054515650372e-05,0.0004815273835370797,embedding_pca
esmif_PC1296,0.0005073478013961233,3.8019742864285775e-05,0.0005073478013961233,embedding_pca
esmif_PC1297,0.00048709037072636603,1.0470971549010531e-05,0.00048709037072636603,embedding_pca
esmif_PC1298,0.000501294427351737,2.837636430337125e-05,0.000501294427351737,embedding_pca
esmif_PC1299,0.0005105320901777014,5.417380024742689e-05,0.0005105320901777014,embedding_pca
esmif_PC1300,0.0004879036767765248,9.502364745384202e-06,0.0004879036767765248,embedding_pca
esmif_PC1301,0.0004936437698319352,5.199232873946803e-06,0.0004936437698319352,embedding_pca
esmif_PC1302,0.0005240579009708793,4.336676650882986e-05,0.0005240579009708793,embedding_pca
esmif_PC1303,0.0005002131792168141,1.3712636613527289e-05,0.0005002131792168141,embedding_pca
esmif_PC1304,0.00048098502549531204,9.256336781424565e-06,0.00048098502549531204,embedding_pca
esmif_PC1305,0.00047661774113161705,9.170748810022142e-06,0.00047661774113161705,embedding_pca
esmif_PC1306,0.0004676201823528783,1.0077766270207034e-05,0.0004676201823528783,embedding_pca
esmif_PC1307,0.00048816219593776904,1.0891311249581694e-05,0.00048816219593776904,embedding_pca
esmif_PC1308,0.000490282693256965,2.759585223520973e-05,0.000490282693256965,embedding_pca
esmif_PC1309,0.0004886691275199854,1.6112426674043774e-05,0.0004886691275199854,embedding_pca
esmif_PC1310,0.00049170799508648,1.0435271189589124e-05,0.00049170799508648,embedding_pca
esmif_PC1311,0.0004876924701059296,1.4302207880221637e-05,0.0004876924701059296,embedding_pca
esmif_PC1312,0.0005011721799696135,3.318296254674829e-05,0.0005011721799696135,embedding_pca
esmif_PC1313,0.0004896976935185529,3.005472967339907e-05,0.0004896976935185529,embedding_pca
esmif_PC1314,0.0004848575470789834,1.2722336610612211e-05,0.0004848575470789834,embedding_pca
esmif_PC1315,0.0004692768377885431,1.4913133132391466e-05,0.0004692768377885431,embedding_pca
esmif_PC1316,0.0004730263719289234,1.1155535849542732e-05,0.0004730263719289234,embedding_pca
esmif_PC1317,0.0004817656066194836,1.1600774996929708e-05,0.0004817656066194836,embedding_pca
esmif_PC1318,0.0004832076433852854,1.2128785382916792e-05,0.0004832076433852854,embedding_pca
esmif_PC1319,0.00048527776850054315,7.333856039506025e-06,0.00048527776850054315,embedding_pca
esmif_PC1320,0.0004746199720023412,1.5877008967424257e-05,0.0004746199720023412,embedding_pca
esmif_PC1321,0.0004863737504791648,1.3563689184928224e-05,0.0004863737504791648,embedding_pca
esmif_PC1322,0.0004981433268251232,2.0023328432310724e-05,0.0004981433268251232,embedding_pca
esmif_PC1323,0.0004788411776087847,7.054645366726769e-06,0.0004788411776087847,embedding_pca
esmif_PC1324,0.0005210112704014124,7.022488614930458e-05,0.0005210112704014124,embedding_pca
esmif_PC1325,0.0004850613842574757,1.0374722817815053e-05,0.0004850613842574757,embedding_pca
esmif_PC1326,0.00047691512275647616,1.4030105217185573e-05,0.00047691512275647616,embedding_pca
esmif_PC1327,0.0004936965200523236,8.332257340841319e-06,0.0004936965200523236,embedding_pca
esmif_PC1328,0.0004936147575157643,1.8673682245887926e-05,0.0004936147575157643,embedding_pca
esmif_PC1329,0.0004924355852503597,1.7427112005132163e-05,0.0004924355852503597,embedding_pca
esmif_PC1330,0.0005132962069721321,1.95987609950762e-05,0.0005132962069721321,embedding_pca
esmif_PC1331,0.0004985891304343925,1.6317760997062752e-05,0.0004985891304343925,embedding_pca
esmif_PC1332,0.0005218084048451444,5.97771697458507e-05,0.0005218084048451444,embedding_pca
esmif_PC1333,0.0005335207194419957,5.67525644211033e-05,0.0005335207194419957,embedding_pca
esmif_PC1334,0.0005599727810483696,0.00010608036803943652,0.0005599727810483696,embedding_pca
esmif_PC1335,0.0005955593113174258,0.0002210045591141036,0.0005955593113174258,embedding_pca
esmif_PC1336,0.000499715189310563,1.5036588002204201e-05,0.000499715189310563,embedding_pca
esmif_PC1337,0.0005478543369327483,9.250183419348609e-05,0.0005478543369327483,embedding_pca
esmif_PC1338,0.0004926673330643128,7.478851838722626e-06,0.0004926673330643128,embedding_pca
esmif_PC1339,0.0004874777869974878,2.024581427037844e-05,0.0004874777869974878,embedding_pca
esmif_PC1340,0.0004946983596671823,4.209833253596191e-05,0.0004946983596671823,embedding_pca
esmif_PC1341,0.0004916855239954908,9.560025807097975e-06,0.0004916855239954908,embedding_pca
esmif_PC1342,0.0006379106056980451,0.00012748243040855217,0.0006379106056980451,embedding_pca
esmif_PC1343,0.0005055963798034764,5.7999673973300006e-05,0.0005055963798034764,embedding_pca
esmif_PC1344,0.000488861674711668,1.988748603235169e-05,0.000488861674711668,embedding_pca
esmif_PC1345,0.0004958335604436073,1.8991641110861568e-05,0.0004958335604436073,embedding_pca
esmif_PC1346,0.0004935261974633241,2.1979861235055115e-05,0.0004935261974633241,embedding_pca
esmif_PC1347,0.0004843224655842587,1.4408233279558055e-05,0.0004843224655842587,embedding_pca
esmif_PC1348,0.0005712658184473581,0.00011281157246157355,0.0005712658184473581,embedding_pca
esmif_PC1349,0.00048423935278198404,1.7003604830253074e-05,0.00048423935278198404,embedding_pca
esmif_PC1350,0.000490787366623449,2.6542849804622763e-05,0.000490787366623449,embedding_pca
esmif_PC1351,0.0004979670455924722,1.8806616943123923e-05,0.0004979670455924722,embedding_pca
esmif_PC1352,0.0005049986691766054,4.205400024070395e-05,0.0005049986691766054,embedding_pca
esmif_PC1353,0.00048442509229552064,1.3225730468816561e-05,0.00048442509229552064,embedding_pca
esmif_PC1354,0.0005277936678910716,0.00010255629589806149,0.0005277936678910716,embedding_pca
esmif_PC1355,0.00048134366322580426,1.5180253414868119e-05,0.00048134366322580426,embedding_pca
esmif_PC1356,0.0005344441024150027,9.560484402376222e-05,0.0005344441024150027,embedding_pca
esmif_PC1357,0.000476106543996896,2.061853982485437e-05,0.000476106543996896,embedding_pca
esmif_PC1358,0.0005223866535948829,3.775530509970521e-05,0.0005223866535948829,embedding_pca
esmif_PC1359,0.00048810303068641764,4.079121101607326e-06,0.00048810303068641764,embedding_pca
esmif_PC1360,0.0004958400329427513,3.371203729931759e-05,0.0004958400329427513,embedding_pca
esmif_PC1361,0.0005228592457984317,4.079684885893657e-05,0.0005228592457984317,embedding_pca
esmif_PC1362,0.00048022454225896013,1.2270793502302193e-05,0.00048022454225896013,embedding_pca
esmif_PC1363,0.0004960998144423997,9.521389086202189e-06,0.0004960998144423997,embedding_pca
esmif_PC1364,0.0005270436029300729,9.404262625274909e-05,0.0005270436029300729,embedding_pca
esmif_PC1365,0.0004792743027433002,1.3865665248234209e-05,0.0004792743027433002,embedding_pca
esmif_PC1366,0.0005368799028536402,0.00010020982435266527,0.0005368799028536402,embedding_pca
esmif_PC1367,0.0005004069895137105,1.5400391894952323e-05,0.0005004069895137105,embedding_pca
esmif_PC1368,0.0004735000400665707,2.0836401523468606e-05,0.0004735000400665707,embedding_pca
esmif_PC1369,0.00048204976870376776,6.584399278339901e-06,0.00048204976870376776,embedding_pca
esmif_PC1370,0.0004836657793890263,1.6993681847220207e-05,0.0004836657793890263,embedding_pca
esmif_PC1371,0.0005025563601515599,3.068739327480217e-05,0.0005025563601515599,embedding_pca
esmif_PC1372,0.0004822138498466943,9.681827285957017e-06,0.0004822138498466943,embedding_pca
esmif_PC1373,0.00048708281460306394,1.6655222473168894e-05,0.00048708281460306394,embedding_pca
esmif_PC1374,0.0004922335741105747,3.603226299166673e-05,0.0004922335741105747,embedding_pca
esmif_PC1375,0.0005447634239565214,0.00012895118124543284,0.0005447634239565214,embedding_pca
esmif_PC1376,0.000519421209941313,5.700618522082368e-05,0.000519421209941313,embedding_pca
esmif_PC1377,0.0005043523087887517,2.546250919592519e-05,0.0005043523087887517,embedding_pca
esmif_PC1378,0.0005110535798076979,4.272030293838777e-05,0.0005110535798076979,embedding_pca
esmif_PC1379,0.0005068603024294867,3.490311230263805e-05,0.0005068603024294867,embedding_pca
esmif_PC1380,0.0005227542048486847,5.856161019221532e-05,0.0005227542048486847,embedding_pca
esmif_PC1381,0.0004858393495990906,2.5995668970629594e-05,0.0004858393495990906,embedding_pca
esmif_PC1382,0.0005140090404534671,6.81053879984452e-05,0.0005140090404534671,embedding_pca
esmif_PC1383,0.0004958934944440175,2.094501079497822e-05,0.0004958934944440175,embedding_pca
esmif_PC1384,0.0005651606450034035,0.00012189100197911882,0.0005651606450034035,embedding_pca
esmif_PC1385,0.0004775432393978431,1.207724035033814e-05,0.0004775432393978431,embedding_pca
esmif_PC1386,0.0005140325606829814,5.727814067655603e-05,0.0005140325606829814,embedding_pca
esmif_PC1387,0.00047757198712838434,1.0597361954651646e-05,0.00047757198712838434,embedding_pca
esmif_PC1388,0.0005392063095208421,0.00010407889172717954,0.0005392063095208421,embedding_pca
esmif_PC1389,0.0005324206913479997,0.00010655316398539797,0.0005324206913479997,embedding_pca
esmif_PC1390,0.0005146803125636817,5.588386927154598e-05,0.0005146803125636817,embedding_pca
esmif_PC1391,0.0004750820893943429,1.334798206915969e-05,0.0004750820893943429,embedding_pca
esmif_PC1392,0.00048048616228384535,1.7993597721957052e-05,0.00048048616228384535,embedding_pca
esmif_PC1393,0.0005883104443101564,0.00019093525308801033,0.0005883104443101564,embedding_pca
esmif_PC1394,0.0004952987862960426,7.774400770703317e-06,0.0004952987862960426,embedding_pca
esmif_PC1395,0.00050987128401516,3.347702959622409e-05,0.00050987128401516,embedding_pca
esmif_PC1396,0.0005142765209844785,4.8304722586618155e-05,0.0005142765209844785,embedding_pca
esmif_PC1397,0.0005086434303210185,3.612890898168558e-05,0.0005086434303210185,embedding_pca
esmif_PC1398,0.0004671134566726312,1.5198334630529745e-05,0.0004671134566726312,embedding_pca
esmif_PC1399,0.0006028382653371862,0.00015663977498100702,0.0006028382653371862,embedding_pca
esmif_PC1400,0.0004943010012339945,1.5242293612058566e-05,0.0004943010012339945,embedding_pca
esmif_PC1401,0.000502309977670409,2.3093232182892776e-05,0.000502309977670409,embedding_pca
esmif_PC1402,0.0005529945146761866,0.00012915725184070928,0.0005529945146761866,embedding_pca
esmif_PC1403,0.0004932156641574478,1.8118282341447346e-05,0.0004932156641574478,embedding_pca
esmif_PC1404,0.0005345079505604882,9.243502535368598e-05,0.0005345079505604882,embedding_pca
esmif_PC1405,0.0004958088078115524,1.1079833838581817e-05,0.0004958088078115524,embedding_pca
esmif_PC1406,0.0005398624420923207,8.842439252475762e-05,0.0005398624420923207,embedding_pca
esmif_PC1407,0.00048078227085672097,1.739824106785088e-05,0.00048078227085672097,embedding_pca
esmif_PC1408,0.0004946200235979512,2.0434012112013023e-05,0.0004946200235979512,embedding_pca
esmif_PC1409,0.0004953193891764223,3.952004695211831e-05,0.0004953193891764223,embedding_pca
esmif_PC1410,0.000506300886058413,2.2625550023079007e-05,0.000506300886058413,embedding_pca
esmif_PC1411,0.0005689776324938179,9.754290773326495e-05,0.0005689776324938179,embedding_pca
esmif_PC1412,0.000476196623036096,1.1615215938322644e-05,0.000476196623036096,embedding_pca
esmif_PC1413,0.00047350895351254115,5.259577400846045e-06,0.00047350895351254115,embedding_pca
esmif_PC1414,0.0004887666586872081,1.0483742901309708e-05,0.0004887666586872081,embedding_pca
esmif_PC1415,0.000494041963540506,5.936798469432493e-06,0.000494041963540506,embedding_pca
esmif_PC1416,0.0004789885004493189,8.62367715991016e-06,0.0004789885004493189,embedding_pca
esmif_PC1417,0.0004975083288299962,1.7015045716815413e-05,0.0004975083288299962,embedding_pca
esmif_PC1418,0.0004992541876819874,4.369373940054117e-05,0.0004992541876819874,embedding_pca
esmif_PC1419,0.00048153550548169985,9.167654781231753e-06,0.00048153550548169985,embedding_pca
esmif_PC1420,0.000496486266938109,9.315767357851564e-06,0.000496486266938109,embedding_pca
esmif_PC1421,0.0004933752514165855,1.984206859502468e-05,0.0004933752514165855,embedding_pca
esmif_PC1422,0.0004902220579277019,1.5055650012755077e-05,0.0004902220579277019,embedding_pca
esmif_PC1423,0.0004844447024859724,1.0002647553823412e-05,0.0004844447024859724,embedding_pca
esmif_PC1424,0.00047528985669679396,1.454795995135679e-05,0.00047528985669679396,embedding_pca
esmif_PC1425,0.0004942174413994181,2.431972909928903e-05,0.0004942174413994181,embedding_pca
esmif_PC1426,0.0004889984173679818,1.2857251346239743e-05,0.0004889984173679818,embedding_pca
esmif_PC1427,0.00047091589091808076,1.8381545878553483e-05,0.00047091589091808076,embedding_pca
esmif_PC1428,0.0004947417312003351,1.5021564275343892e-05,0.0004947417312003351,embedding_pca
esmif_PC1429,0.00048600532833686943,1.3662090512108919e-05,0.00048600532833686943,embedding_pca
esmif_PC1430,0.0005260278615297763,7.444396263232714e-05,0.0005260278615297763,embedding_pca
esmif_PC1431,0.00047532357890773787,1.5135805743627892e-05,0.00047532357890773787,embedding_pca
esmif_PC1432,0.0004797712563723364,2.0253462960571295e-05,0.0004797712563723364,embedding_pca
esmif_PC1433,0.0004674014953176986,8.42206511035032e-06,0.0004674014953176986,embedding_pca
esmif_PC1434,0.0005115264466242162,4.168537344084722e-05,0.0005115264466242162,embedding_pca
esmif_PC1435,0.0004775646076495774,9.218733064264617e-06,0.0004775646076495774,embedding_pca
esmif_PC1436,0.0004737098586978782,5.341369254402357e-06,0.0004737098586978782,embedding_pca
esmif_PC1437,0.00047358945688653393,1.0402548567855757e-05,0.00047358945688653393,embedding_pca
esmif_PC1438,0.00047935880593595576,9.221274679528084e-06,0.00047935880593595576,embedding_pca
esmif_PC1439,0.00047431222087039436,1.009994720729546e-05,0.00047431222087039436,embedding_pca
esmif_PC1440,0.000500008381917331,8.885561076870137e-06,0.000500008381917331,embedding_pca
esmif_PC1441,0.0005182250785198823,1.7754364947141622e-05,0.0005182250785198823,embedding_pca
esmif_PC1442,0.0004901086009286312,1.2948343481012076e-05,0.0004901086009286312,embedding_pca
esmif_PC1443,0.0004878712902418456,2.0538197892327503e-05,0.0004878712902418456,embedding_pca
esmif_PC1444,0.0004823884731135964,5.573432702819425e-06,0.0004823884731135964,embedding_pca
esmif_PC1445,0.000496843512671273,1.4410339943786461e-05,0.000496843512671273,embedding_pca
esmif_PC1446,0.0004898249862103961,7.615363973836355e-06,0.0004898249862103961,embedding_pca
esmif_PC1447,0.00047876799788299006,9.223825573401918e-06,0.00047876799788299006,embedding_pca
esmif_PC1448,0.0004818789572945993,2.0375374440851315e-05,0.0004818789572945993,embedding_pca
esmif_PC1449,0.0004720213243205217,1.6675366554739126e-05,0.0004720213243205217,embedding_pca
esmif_PC1450,0.0004825145544380867,2.0181754321687207e-05,0.0004825145544380867,embedding_pca
esmif_PC1451,0.0005049249288926879,2.8290128108256654e-05,0.0005049249288926879,embedding_pca
esmif_PC1452,0.0004824164352443444,9.717588617442602e-06,0.0004824164352443444,embedding_pca
esmif_PC1453,0.0004713097039173609,1.7835018722307715e-05,0.0004713097039173609,embedding_pca
esmif_PC1454,0.0005054216828483648,3.233360444119914e-05,0.0005054216828483648,embedding_pca
esmif_PC1455,0.0004909444993017318,1.585373622061682e-05,0.0004909444993017318,embedding_pca
esmif_PC1456,0.0004934868845124482,1.3782922585680401e-05,0.0004934868845124482,embedding_pca
esmif_PC1457,0.00047198940456241197,5.673439687793287e-06,0.00047198940456241197,embedding_pca
esmif_PC1458,0.0004989685205514856,1.5614545150017837e-05,0.0004989685205514856,embedding_pca
esmif_PC1459,0.0004856897527630597,1.8152079073464703e-05,0.0004856897527630597,embedding_pca
esmif_PC1460,0.00048399118712779776,1.0794815176820396e-05,0.00048399118712779776,embedding_pca
esmif_PC1461,0.0004873044232495661,1.7016589876994944e-05,0.0004873044232495661,embedding_pca
esmif_PC1462,0.00047386267608289623,1.6214668793005606e-05,0.00047386267608289623,embedding_pca
esmif_PC1463,0.0004808496064580304,7.758518530395072e-06,0.0004808496064580304,embedding_pca
esmif_PC1464,0.0004936965825232034,1.9478579786825567e-05,0.0004936965825232034,embedding_pca
esmif_PC1465,0.000481114385350127,1.4643236215752176e-05,0.000481114385350127,embedding_pca
esmif_PC1466,0.0004975708807612202,8.796293221600766e-06,0.0004975708807612202,embedding_pca
esmif_PC1467,0.0004848332472548304,9.336646871797206e-06,0.0004848332472548304,embedding_pca
esmif_PC1468,0.00048817016524241015,1.1052660041014046e-05,0.00048817016524241015,embedding_pca
esmif_PC1469,0.00048504175703808496,1.6450174063651788e-05,0.00048504175703808496,embedding_pca
esmif_PC1470,0.00047936850668269676,1.4093836119574608e-05,0.00047936850668269676,embedding_pca
esmif_PC1471,0.0004955769207434177,5.418429827302304e-06,0.0004955769207434177,embedding_pca
esmif_PC1472,0.0004926498255154512,1.0316627789380411e-05,0.0004926498255154512,embedding_pca
esmif_PC1473,0.0004841442464488477,7.098399759757514e-06,0.0004841442464488477,embedding_pca
esmif_PC1474,0.00047824454746097695,8.334358272453229e-06,0.00047824454746097695,embedding_pca
esmif_PC1475,0.0004842648512266217,7.148838306257352e-06,0.0004842648512266217,embedding_pca
esmif_PC1476,0.000475478788720355,1.1884257822145911e-05,0.000475478788720355,embedding_pca
esmif_PC1477,0.0004881485646938381,7.574712373009702e-06,0.0004881485646938381,embedding_pca
esmif_PC1478,0.000493184369028692,1.5002743221940915e-05,0.000493184369028692,embedding_pca
esmif_PC1479,0.0004897513252510122,9.244938674101958e-06,0.0004897513252510122,embedding_pca
esmif_PC1480,0.000490767751273035,1.3545772501955994e-05,0.000490767751273035,embedding_pca
esmif_PC1481,0.00048430692223459473,1.6290114766015252e-05,0.00048430692223459473,embedding_pca
esmif_PC1482,0.0004939687249783653,2.0668781605168025e-05,0.0004939687249783653,embedding_pca
esmif_PC1483,0.0004906667068309483,1.5990476161723292e-05,0.0004906667068309483,embedding_pca
esmif_PC1484,0.00048286720722731777,5.3027023368555465e-06,0.00048286720722731777,embedding_pca
esmif_PC1485,0.0004937832942342852,2.4248236917273142e-05,0.0004937832942342852,embedding_pca
esmif_PC1486,0.000493492739085424,2.1260180105597628e-05,0.000493492739085424,embedding_pca
esmif_PC1487,0.0005309939155263854,0.00010830551692663342,0.0005309939155263854,embedding_pca
esmif_PC1488,0.0005114642654944773,3.458133411629769e-05,0.0005114642654944773,embedding_pca
esmif_PC1489,0.0005010376315597961,5.956656578180061e-05,0.0005010376315597961,embedding_pca
esmif_PC1490,0.0005211907210697069,7.400529895929269e-05,0.0005211907210697069,embedding_pca
esmif_PC1491,0.0005135569024146676,4.255957141678799e-05,0.0005135569024146676,embedding_pca
esmif_PC1492,0.0004932890733275128,1.304766222842167e-05,0.0004932890733275128,embedding_pca
esmif_PC1493,0.0004795211693121988,1.1505312247896729e-05,0.0004795211693121988,embedding_pca
esmif_PC1494,0.0006049538191359652,6.964466228429956e-05,0.0006049538191359652,embedding_pca
esmif_PC1495,0.0005331169060621123,0.00010587150989727916,0.0005331169060621123,embedding_pca
esmif_PC1496,0.0006517490638790941,0.0001998264343551077,0.0006517490638790941,embedding_pca
esmif_PC1497,0.0006629585413406776,0.00015258627708737355,0.0006629585413406776,embedding_pca
esmif_PC1498,0.0004936295362000872,9.521785750473498e-06,0.0004936295362000872,embedding_pca
esmif_PC1499,0.0004998278642365643,1.844023202838909e-05,0.0004998278642365643,embedding_pca
esmif_PC1500,0.000488755179303348,2.492119570328558e-05,0.000488755179303348,embedding_pca
esmif_PC1501,0.0005649389167151788,0.00010611635830150436,0.0005649389167151788,embedding_pca
esmif_PC1502,0.0006485706891947165,9.89144367650811e-05,0.0006485706891947165,embedding_pca
esmif_PC1503,0.0005382372480506656,0.00011850956187022225,0.0005382372480506656,embedding_pca
esmif_PC1504,0.000489551758104892,1.843026095106167e-05,0.000489551758104892,embedding_pca
esmif_PC1505,0.0004922057578770994,9.133865760740119e-06,0.0004922057578770994,embedding_pca
esmif_PC1506,0.000473539078712945,1.1537923710813462e-05,0.000473539078712945,embedding_pca
esmif_PC1507,0.0005375134528208772,5.326794542148876e-05,0.0005375134528208772,embedding_pca
esmif_PC1508,0.0005299640897671273,4.765260498535469e-05,0.0005299640897671273,embedding_pca
esmif_PC1509,0.0005001357142198594,2.348827012493048e-05,0.0005001357142198594,embedding_pca
esmif_PC1510,0.0005215320866550514,4.662672945773681e-05,0.0005215320866550514,embedding_pca
esmif_PC1511,0.0004848501801731152,1.8488903341781047e-05,0.0004848501801731152,embedding_pca
esmif_PC1512,0.0004942710445994607,1.4786689668222988e-05,0.0004942710445994607,embedding_pca
esmif_PC1513,0.0004951935187514289,3.0323399999661395e-05,0.0004951935187514289,embedding_pca
esmif_PC1514,0.0005376033336630608,4.712234493325984e-05,0.0005376033336630608,embedding_pca
esmif_PC1515,0.0006254654172599727,0.00012692309120013726,0.0006254654172599727,embedding_pca
esmif_PC1516,0.0005282336785546792,7.4106465600592e-05,0.0005282336785546792,embedding_pca
esmif_PC1517,0.0005514964446681462,0.00011675842956222953,0.0005514964446681462,embedding_pca
esmif_PC1518,0.0005237424897615604,8.137247940094568e-05,0.0005237424897615604,embedding_pca
esmif_PC1519,0.0006957693550992041,0.00019010748349587435,0.0006957693550992041,embedding_pca
esmif_PC1520,0.0008774154699812615,8.564529505660053e-05,0.0008774154699812615,embedding_pca
esmif_PC1521,0.0005782234640836758,0.0001591193177278619,0.0005782234640836758,embedding_pca
esmif_PC1522,0.0007891181504021034,0.00014312471216236088,0.0007891181504021034,embedding_pca
esmif_PC1523,0.0009660187433173456,6.939106183386237e-05,0.0009660187433173456,embedding_pca
esmif_PC1524,0.0006585806222163133,0.00015562511708643427,0.0006585806222163133,embedding_pca
esmif_PC1525,0.0005871622190593316,0.00010893227752369269,0.0005871622190593316,embedding_pca
esmif_PC1526,0.0009315623788548914,7.431374437883824e-05,0.0009315623788548914,embedding_pca
esmif_PC1527,0.0009389164163507901,8.189317296843681e-05,0.0009389164163507901,embedding_pca
esmif_PC1528,0.0004969617888670787,1.0779590497414559e-05,0.0004969617888670787,embedding_pca
esmif_PC1529,0.0005150542252250985,1.7864112238898507e-05,0.0005150542252250985,embedding_pca
esmif_PC1530,0.0009621402585145522,7.080659227588723e-05,0.0009621402585145522,embedding_pca
esmif_PC1531,0.0011332901353487443,0.00010344527695318799,0.0011332901353487443,embedding_pca
esmif_PC1532,0.0010025804290949396,9.149311043691952e-05,0.0010025804290949396,embedding_pca
esmif_PC1533,0.0008962582864241578,5.880770242098563e-05,0.0008962582864241578,embedding_pca
esmif_PC1534,0.0009435644000269168,6.972324530336762e-05,0.0009435644000269168,embedding_pca
esmif_PC1535,0.0009995054784382542,6.295081245550779e-05,0.0009995054784382542,embedding_pca
esmif_PC1536,0.0009872331075418239,9.243101887408465e-05,0.0009872331075418239,embedding_pca
