feature,weight_mean,weight_std,weight_abs_mean,feature_type
rel_distance_from_n_terminus,-6.0669282194206335,0.22414129764355376,6.0669282194206335,handcrafted
rel_distance_from_c_terminus,-6.052409147369897,0.22562029624463215,6.052409147369897,handcrafted
mean_rsa_peptide,-0.05345858852935013,0.025083210174434448,0.05345858852935013,handcrafted
mean_disorder_peptide,0.11116906699224076,0.05026198687327726,0.11116906699224076,handcrafted
mean_rsa_nflank,-0.07934875364849069,0.03465693136307779,0.07934875364849069,handcrafted
mean_disorder_nflank,-0.0056955375822411395,0.04854419849327523,0.0056955375822411395,handcrafted
mean_rsa_cflank,0.01280354622055776,0.0271888961062041,0.01280354622055776,handcrafted
mean_disorder_cflank,-0.008643592702672943,0.031054244191369273,0.008643592702672943,handcrafted
q8point_H_peptide,0.021237810818715078,0.02523269533846579,0.021237810818715078,handcrafted
q8point_G_peptide,0.021036048457537072,0.005055327220969334,0.021036048457537072,handcrafted
q8point_I_peptide,0.050386935377972376,0.01627745085657802,0.050386935377972376,handcrafted
q8point_E_peptide,0.020584713733442745,0.01269714801816367,0.020584713733442745,handcrafted
q8point_B_peptide,-0.017593810545012044,0.01334036125578293,0.017593810545012044,handcrafted
q8point_T_peptide,-0.003429374749286064,0.004226588036169781,0.003429374749286064,handcrafted
q8point_S_peptide,-0.014453432136612399,0.00813094439379141,0.014453432136612399,handcrafted
q8point_C_peptide,-0.07067110864348582,0.02541999955520057,0.07067110864348582,handcrafted
q8point_H_nflank,-0.009868994628774153,0.00950366828261383,0.009868994628774153,handcrafted
q8point_G_nflank,0.0028154937475756143,0.013015305752575578,0.0028154937475756143,handcrafted
q8point_I_nflank,-0.2158864275392598,0.37241263470441316,0.2158864275392598,handcrafted
q8point_E_nflank,-0.02867788633337796,0.01758211917319753,0.02867788633337796,handcrafted
q8point_B_nflank,0.0033899938869404282,0.007435279584629098,0.0033899938869404282,handcrafted
q8point_T_nflank,-0.03710652252251821,0.010024982449033921,0.03710652252251821,handcrafted
q8point_S_nflank,-0.017216801850388857,0.011180439516412262,0.017216801850388857,handcrafted
q8point_C_nflank,0.047046469378150775,0.015720647559711004,0.047046469378150775,handcrafted
q8point_H_cflank,-0.03408204570888458,0.028467848702180956,0.03408204570888458,handcrafted
q8point_G_cflank,-0.013517825762091446,0.00957416506803728,0.013517825762091446,handcrafted
q8point_I_cflank,-0.0017402725096910751,0.008105181582530003,0.0017402725096910751,handcrafted
q8point_E_cflank,0.013295235440424538,0.015659252648529638,0.013295235440424538,handcrafted
q8point_B_cflank,0.006606561472261113,0.007784504236627811,0.006606561472261113,handcrafted
q8point_T_cflank,-0.019360545989599104,0.011669538757626446,0.019360545989599104,handcrafted
q8point_S_cflank,-0.023254450024816912,0.011319018061964295,0.023254450024816912,handcrafted
q8point_C_cflank,0.01235928096142139,0.018435825128745257,0.01235928096142139,handcrafted
q8trans_H_n_pep,0.019673906426713288,0.018259095892747823,0.019673906426713288,handcrafted
q8trans_G_n_pep,-0.026604399815547696,0.01852581156318574,0.026604399815547696,handcrafted
q8trans_I_n_pep,0.1465611613677779,0.3016935543897885,0.1465611613677779,handcrafted
q8trans_E_n_pep,0.012747635333109514,0.025887290820383088,0.012747635333109514,handcrafted
q8trans_B_n_pep,0.0,0.0,0.0,handcrafted
q8trans_T_n_pep,0.007887235176114667,0.006569712806806004,0.007887235176114667,handcrafted
q8trans_S_n_pep,0.00537298523188171,0.00553852597193472,0.00537298523188171,handcrafted
q8trans_C_n_pep,0.026189999229061883,0.006802801141934876,0.026189999229061883,handcrafted
q8trans_H_pep_c,-0.08562729902272412,0.021134219080877134,0.08562729902272412,handcrafted
q8trans_G_pep_c,-0.0032576992296652826,0.012520446153830866,0.0032576992296652826,handcrafted
q8trans_I_pep_c,-0.04394883977859375,0.008460443919993066,0.04394883977859375,handcrafted
q8trans_E_pep_c,-0.007899837483073133,0.018830687318823803,0.007899837483073133,handcrafted
q8trans_B_pep_c,0.0,0.0,0.0,handcrafted
q8trans_T_pep_c,-0.008133001964987178,0.010356086535872987,0.008133001964987178,handcrafted
q8trans_S_pep_c,0.0016075359867055911,0.007147913384994673,0.0016075359867055911,handcrafted
q8trans_C_pep_c,0.00512498645497428,0.014875561476750178,0.00512498645497428,handcrafted
mean_plddt_peptide,0.007747205279050683,0.025774489794715347,0.007747205279050683,handcrafted
mean_plddt_nflank,-0.007840944034574634,0.02227110923951528,0.007840944034574634,handcrafted
mean_plddt_cflank,-0.0234496370635219,0.017404804426105206,0.0234496370635219,handcrafted
N10_A,-0.0031212918783489973,0.13302212007320047,0.0031212918783489973,handcrafted
N10_C,-0.026395657128514403,0.0682239311455946,0.026395657128514403,handcrafted
N10_D,-0.02564913934275449,0.10299958484301952,0.02564913934275449,handcrafted
N10_E,-0.012257654894543052,0.1281731497215197,0.012257654894543052,handcrafted
N10_F,0.014583445285174856,0.08835079084911228,0.014583445285174856,handcrafted
N10_G,-0.015752494252526623,0.1195924335950326,0.015752494252526623,handcrafted
N10_H,-0.00602929590532333,0.07841519881577019,0.00602929590532333,handcrafted
N10_I,-0.028611857253699503,0.10414091620394177,0.028611857253699503,handcrafted
N10_K,0.0009205152901764074,0.11605112143846776,0.0009205152901764074,handcrafted
N10_L,-0.027889037991958437,0.16588397295795107,0.027889037991958437,handcrafted
N10_M,-0.042915408778248315,0.08055552227506765,0.042915408778248315,handcrafted
N10_N,-0.0045386793256972455,0.09771579293674838,0.0045386793256972455,handcrafted
N10_P,-0.021079300730452687,0.1187873937374456,0.021079300730452687,handcrafted
N10_Q,0.03324406784239704,0.11503458105886334,0.03324406784239704,handcrafted
N10_R,0.002558006631765053,0.11815923510916232,0.002558006631765053,handcrafted
N10_S,-0.01503021156257812,0.13353773504202576,0.01503021156257812,handcrafted
N10_T,3.0320833161129322e-05,0.11803785839433283,3.0320833161129322e-05,handcrafted
N10_V,-0.023215269856230146,0.12654055853131246,0.023215269856230146,handcrafted
N10_W,-0.005275906533105173,0.05056162981718407,0.005275906533105173,handcrafted
N10_Y,-0.020212712388579485,0.0845703086889621,0.020212712388579485,handcrafted
N9_A,-0.10065393881672335,0.1252357455659881,0.10065393881672335,handcrafted
N9_C,-0.04360881495887978,0.0658423609169096,0.04360881495887978,handcrafted
N9_D,-0.10263976448100967,0.10448237569982839,0.10263976448100967,handcrafted
N9_E,-0.08537379443642923,0.13691475056844568,0.08537379443642923,handcrafted
N9_F,-0.07578356459415497,0.0929038333907989,0.07578356459415497,handcrafted
N9_G,-0.07469226249010201,0.11693803325739234,0.07469226249010201,handcrafted
N9_H,-0.05631473229593249,0.07697219413592078,0.05631473229593249,handcrafted
N9_I,-0.05419322917451822,0.10718252246585212,0.05419322917451822,handcrafted
N9_K,-0.07815392510357647,0.12331307536749926,0.07815392510357647,handcrafted
N9_L,-0.1215524892357827,0.16197816455869254,0.1215524892357827,handcrafted
N9_M,-0.07406012117427638,0.07314190041882794,0.07406012117427638,handcrafted
N9_N,-0.05040654975847758,0.09859324547382148,0.05040654975847758,handcrafted
N9_P,-0.09936352069130727,0.11737943783326224,0.09936352069130727,handcrafted
N9_Q,-0.06630470914604678,0.10351133495934953,0.06630470914604678,handcrafted
N9_R,-0.09643433167129875,0.11950268478585409,0.09643433167129875,handcrafted
N9_S,-0.08354556998342488,0.12648892156095373,0.08354556998342488,handcrafted
N9_T,-0.09218184747509324,0.10909326706481554,0.09218184747509324,handcrafted
N9_V,-0.10499518377204102,0.13269758090409642,0.10499518377204102,handcrafted
N9_W,-0.04833020386745393,0.060019433080819175,0.04833020386745393,handcrafted
N9_Y,-0.05998753724339949,0.07836858368541998,0.05998753724339949,handcrafted
N8_A,0.17204458533553296,0.05229323699532537,0.17204458533553296,handcrafted
N8_C,0.051490562872426114,0.027338479067845617,0.051490562872426114,handcrafted
N8_D,0.11470487810541943,0.042143992916467934,0.11470487810541943,handcrafted
N8_E,0.1610145015576745,0.05569993661697467,0.1610145015576745,handcrafted
N8_F,0.10452167469469045,0.04164871220287719,0.10452167469469045,handcrafted
N8_G,0.16970034463422257,0.05078914910301194,0.16970034463422257,handcrafted
N8_H,0.0897830651228547,0.04002978512766813,0.0897830651228547,handcrafted
N8_I,0.15790580141321797,0.03958890349877692,0.15790580141321797,handcrafted
N8_K,0.14161600496406462,0.055178483352777564,0.14161600496406462,handcrafted
N8_L,0.19970552876258482,0.06959664791056788,0.19970552876258482,handcrafted
N8_M,0.09484392343057182,0.03622445936083454,0.09484392343057182,handcrafted
N8_N,0.1285173769163857,0.05256011170513714,0.1285173769163857,handcrafted
N8_P,0.14221624136394442,0.04857889596525889,0.14221624136394442,handcrafted
N8_Q,0.1149929405424657,0.05263581587106282,0.1149929405424657,handcrafted
N8_R,0.15637894418552242,0.044679337626576505,0.15637894418552242,handcrafted
N8_S,0.1769975204563482,0.055572583060069784,0.1769975204563482,handcrafted
N8_T,0.1506509332633908,0.04284579765114369,0.1506509332633908,handcrafted
N8_V,0.15595665775890014,0.04725575097642079,0.15595665775890014,handcrafted
N8_W,0.08173323998035986,0.02744341969928136,0.08173323998035986,handcrafted
N8_Y,0.0978050214622906,0.04587805034689078,0.0978050214622906,handcrafted
N7_A,-0.1440578344602499,0.06355566902127076,0.1440578344602499,handcrafted
N7_C,-0.05177773780218283,0.036710094135926324,0.05177773780218283,handcrafted
N7_D,-0.1732597386076307,0.04765300939241873,0.1732597386076307,handcrafted
N7_E,-0.17701713070811084,0.061517266736288004,0.17701713070811084,handcrafted
N7_F,-0.10950619293720312,0.04851985980617891,0.10950619293720312,handcrafted
N7_G,-0.13469273914984087,0.05625143973746427,0.13469273914984087,handcrafted
N7_H,-0.12099659575873427,0.03831996260892724,0.12099659575873427,handcrafted
N7_I,-0.11051930895614723,0.04934742244376168,0.11051930895614723,handcrafted
N7_K,-0.11695001782663095,0.05704585569514601,0.11695001782663095,handcrafted
N7_L,-0.18579457488302925,0.06371050597787248,0.18579457488302925,handcrafted
N7_M,-0.07057667665219773,0.037178184640269896,0.07057667665219773,handcrafted
N7_N,-0.12527008365787393,0.052848921761349164,0.12527008365787393,handcrafted
N7_P,-0.15198060211427297,0.050617036676561644,0.15198060211427297,handcrafted
N7_Q,-0.1113452033054941,0.05201551676320754,0.1113452033054941,handcrafted
N7_R,-0.1570878406433102,0.05153629824545731,0.1570878406433102,handcrafted
N7_S,-0.1535514068096478,0.06677028585765789,0.1535514068096478,handcrafted
N7_T,-0.1284405444128518,0.06189483470318729,0.1284405444128518,handcrafted
N7_V,-0.13447402804840652,0.05615589669882056,0.13447402804840652,handcrafted
N7_W,-0.07462844248444096,0.017329031008854898,0.07462844248444096,handcrafted
N7_Y,-0.10021162005093429,0.039785772897079824,0.10021162005093429,handcrafted
N6_A,0.030835122698740215,0.023432489867942156,0.030835122698740215,handcrafted
N6_C,-0.0352710414221138,0.015720257172606947,0.0352710414221138,handcrafted
N6_D,-0.05237342462092772,0.016271181730183545,0.05237342462092772,handcrafted
N6_E,2.25870428516e-05,0.026739972737292297,2.25870428516e-05,handcrafted
N6_F,0.014887671251645113,0.024334303474758654,0.014887671251645113,handcrafted
N6_G,0.006501567592024883,0.005300572598052111,0.006501567592024883,handcrafted
N6_H,0.0057514853707697254,0.009466572123853904,0.0057514853707697254,handcrafted
N6_I,0.0285119797796543,0.020824378586643995,0.0285119797796543,handcrafted
N6_K,-0.03102212586690819,0.02311521024326868,0.03102212586690819,handcrafted
N6_L,-0.002473987326055875,0.024904643841558233,0.002473987326055875,handcrafted
N6_M,0.03274188759346943,0.015841212842338224,0.03274188759346943,handcrafted
N6_N,0.01120860598145712,0.00811660179054288,0.01120860598145712,handcrafted
N6_P,-0.019730897869079077,0.01827367139633154,0.019730897869079077,handcrafted
N6_Q,0.008786133369893447,0.021514291256008292,0.008786133369893447,handcrafted
N6_R,-0.03591945165451817,0.02129524001593797,0.03591945165451817,handcrafted
N6_S,0.006232892341747899,0.01736854807648821,0.006232892341747899,handcrafted
N6_T,-0.002676874723506447,0.021247128579536912,0.002676874723506447,handcrafted
N6_V,0.027102151110351615,0.024743056742963978,0.027102151110351615,handcrafted
N6_W,0.010078772117359896,0.00786468430858186,0.010078772117359896,handcrafted
N6_Y,0.020705766202173077,0.020499295197133838,0.020705766202173077,handcrafted
N5_A,0.10624858646547233,0.10958202819630597,0.10624858646547233,handcrafted
N5_C,0.024277477997195464,0.05413025843653223,0.024277477997195464,handcrafted
N5_D,0.04817203644010275,0.09280433370970209,0.04817203644010275,handcrafted
N5_E,0.07313789664602972,0.11033367377446779,0.07313789664602972,handcrafted
N5_F,0.06476127612793225,0.07349509000203491,0.06476127612793225,handcrafted
N5_G,0.08232930124852825,0.10247752619564299,0.08232930124852825,handcrafted
N5_H,0.051556592414305366,0.061848765674082526,0.051556592414305366,handcrafted
N5_I,0.07413212315270606,0.07956056337573048,0.07413212315270606,handcrafted
N5_K,0.10231919025972862,0.09328314636437476,0.10231919025972862,handcrafted
N5_L,0.1467124038312177,0.12008935609993818,0.1467124038312177,handcrafted
N5_M,0.06740263539259277,0.0571729320301429,0.06740263539259277,handcrafted
N5_N,0.07458925010133599,0.07507666597882294,0.07458925010133599,handcrafted
N5_P,0.05004747658772918,0.0932196844299508,0.05004747658772918,handcrafted
N5_Q,0.10495599477812076,0.09165688463442333,0.10495599477812076,handcrafted
N5_R,0.08216548626635689,0.09739820108616598,0.08216548626635689,handcrafted
N5_S,0.09471165663709702,0.10491034689696113,0.09471165663709702,handcrafted
N5_T,0.09449348476882277,0.08560023441845073,0.09449348476882277,handcrafted
N5_V,0.09806655316432497,0.09899094492076228,0.09806655316432497,handcrafted
N5_W,0.05749712717211016,0.04442985988623282,0.05749712717211016,handcrafted
N5_Y,0.0533823388573725,0.060071717223374364,0.0533823388573725,handcrafted
N4_A,-0.1566619585079021,0.14829244297313082,0.1566619585079021,aa_encoding
N4_C,-0.07517972741418688,0.06891347970151229,0.07517972741418688,aa_encoding
N4_D,-0.2100428077149319,0.12045657669673256,0.2100428077149319,aa_encoding
N4_E,-0.21780620080751975,0.1464544112685922,0.21780620080751975,aa_encoding
N4_F,-0.13815951145670574,0.09843826986797533,0.13815951145670574,aa_encoding
N4_G,-0.19945593104338702,0.12340108912009214,0.19945593104338702,aa_encoding
N4_H,-0.12218628058523313,0.09145917990019024,0.12218628058523313,aa_encoding
N4_I,-0.1513650032489004,0.11588292291243767,0.1513650032489004,aa_encoding
N4_K,-0.19033727300909145,0.13375993751634108,0.19033727300909145,aa_encoding
N4_L,-0.22921776268579902,0.17491788811359696,0.22921776268579902,aa_encoding
N4_M,-0.10180857912434012,0.07987677742707627,0.10180857912434012,aa_encoding
N4_N,-0.11966758685932713,0.1185663044942926,0.11966758685932713,aa_encoding
N4_P,-0.2377819101920954,0.12162998557618591,0.2377819101920954,aa_encoding
N4_Q,-0.12886096727339338,0.12439332847948897,0.12886096727339338,aa_encoding
N4_R,-0.16829361555747796,0.11717491476033101,0.16829361555747796,aa_encoding
N4_S,-0.21352448801263457,0.14889551612225502,0.21352448801263457,aa_encoding
N4_T,-0.1408540152612844,0.11874945835221959,0.1408540152612844,aa_encoding
N4_V,-0.14617633204189553,0.12951183050853562,0.14617633204189553,aa_encoding
N4_W,-0.05218514160513055,0.051659153941995786,0.05218514160513055,aa_encoding
N4_Y,-0.11605750633803176,0.08767357400508563,0.11605750633803176,aa_encoding
N3_A,0.22582389992618396,0.15547397337395763,0.22582389992618396,aa_encoding
N3_C,0.1346748468017946,0.08672271983925876,0.1346748468017946,aa_encoding
N3_D,0.18873416166773932,0.13034433525001665,0.18873416166773932,aa_encoding
N3_E,0.2532032743243941,0.16282711508009595,0.2532032743243941,aa_encoding
N3_F,0.1399609866940464,0.12039131300902418,0.1399609866940464,aa_encoding
N3_G,0.11213954168141829,0.13681333735165885,0.11213954168141829,aa_encoding
N3_H,0.16820454780065294,0.09404621805182907,0.16820454780065294,aa_encoding
N3_I,0.16000423339202663,0.13861601243703026,0.16000423339202663,aa_encoding
N3_K,0.24739908819148276,0.14157872207728686,0.24739908819148276,aa_encoding
N3_L,0.288484197378838,0.18995723032448053,0.288484197378838,aa_encoding
N3_M,0.11073538107084521,0.09611051217539807,0.11073538107084521,aa_encoding
N3_N,0.20620541147226817,0.11545587029723484,0.20620541147226817,aa_encoding
N3_P,0.047760779861622506,0.12965121281080824,0.047760779861622506,aa_encoding
N3_Q,0.24019370797872774,0.12573606493349174,0.24019370797872774,aa_encoding
N3_R,0.24476417762083225,0.1467929932443716,0.24476417762083225,aa_encoding
N3_S,0.24453562895725067,0.154656407967557,0.24453562895725067,aa_encoding
N3_T,0.2500834897513025,0.14327657260078608,0.2500834897513025,aa_encoding
N3_V,0.23225576409216142,0.15874293482945012,0.23225576409216142,aa_encoding
N3_W,0.07581829447716552,0.06195854000509674,0.07581829447716552,aa_encoding
N3_Y,0.1417240089774431,0.09748501512138565,0.1417240089774431,aa_encoding
N2_A,-0.20957276311984624,0.14616645213136578,0.20957276311984624,aa_encoding
N2_C,-0.12805308005477062,0.07366081922941532,0.12805308005477062,aa_encoding
N2_D,-0.19558846884683065,0.10999131440073684,0.19558846884683065,aa_encoding
N2_E,-0.2233773537062247,0.1334685653934986,0.2233773537062247,aa_encoding
N2_F,-0.2170550194137338,0.0987211074893075,0.2170550194137338,aa_encoding
N2_G,-0.21952530989859173,0.11350204345935039,0.21952530989859173,aa_encoding
N2_H,-0.14300907273406685,0.08093422481363992,0.14300907273406685,aa_encoding
N2_I,-0.32885030653345515,0.12106193526303703,0.32885030653345515,aa_encoding
N2_K,-0.2193947921005543,0.12929390208731376,0.2193947921005543,aa_encoding
N2_L,-0.36815821111550734,0.17118244778538907,0.36815821111550734,aa_encoding
N2_M,-0.1304169275854654,0.08570871256150966,0.1304169275854654,aa_encoding
N2_N,-0.11320994050326513,0.10603820974028585,0.11320994050326513,aa_encoding
N2_P,-0.39475888832756,0.1221189218424277,0.39475888832756,aa_encoding
N2_Q,-0.1796687925133674,0.11392991147936958,0.1796687925133674,aa_encoding
N2_R,-0.1969491582859415,0.1265648754268154,0.1969491582859415,aa_encoding
N2_S,-0.19835327266034192,0.1388755729733168,0.19835327266034192,aa_encoding
N2_T,-0.18145341233972417,0.11839299473721905,0.18145341233972417,aa_encoding
N2_V,-0.29300359109505225,0.13407464025566224,0.29300359109505225,aa_encoding
N2_W,-0.1256839807368116,0.05344921945708474,0.1256839807368116,aa_encoding
N2_Y,-0.18436367999740547,0.0935299574778756,0.18436367999740547,aa_encoding
N1_A,-0.02663824683975574,0.15779109669731603,0.02663824683975574,aa_encoding
N1_C,-0.01505854252495779,0.08133425095353204,0.01505854252495779,aa_encoding
N1_D,-0.07023088146379095,0.13441317040694933,0.07023088146379095,aa_encoding
N1_E,-0.16099183574406067,0.15116835669220058,0.16099183574406067,aa_encoding
N1_F,-0.10598003895467012,0.09877075388000506,0.10598003895467012,aa_encoding
N1_G,-0.03097746107355693,0.12941010295026095,0.03097746107355693,aa_encoding
N1_H,-0.08637048393133964,0.09198204493125961,0.08637048393133964,aa_encoding
N1_I,-0.17522442967046423,0.1184008057243442,0.17522442967046423,aa_encoding
N1_K,-0.14996156997838672,0.13724653744259702,0.14996156997838672,aa_encoding
N1_L,-0.15970926347796885,0.1733451534332086,0.15970926347796885,aa_encoding
N1_M,-0.09613943072301576,0.08933793875874302,0.09613943072301576,aa_encoding
N1_N,-0.07095128488015191,0.11457881570505311,0.07095128488015191,aa_encoding
N1_P,-0.3364979846396914,0.11864556906919879,0.3364979846396914,aa_encoding
N1_Q,-0.1741376009140827,0.13213290145556827,0.1741376009140827,aa_encoding
N1_R,-0.09354919574404581,0.13656983229550054,0.09354919574404581,aa_encoding
N1_S,-0.07985722062347198,0.16393323961993447,0.07985722062347198,aa_encoding
N1_T,-0.1075862309218599,0.12989242123530617,0.1075862309218599,aa_encoding
N1_V,-0.16586081485395535,0.13115501431770854,0.16586081485395535,aa_encoding
N1_W,-0.06475321378531479,0.050271100999851,0.06475321378531479,aa_encoding
N1_Y,-0.08602842288173504,0.0832955363041851,0.08602842288173504,aa_encoding
P1_A,0.013682156878918439,0.005382384751126545,0.013682156878918439,aa_encoding
P1_C,-0.0591985978683023,0.008000347946717197,0.0591985978683023,aa_encoding
P1_D,-0.058060721454664635,0.006666190218678488,0.058060721454664635,aa_encoding
P1_E,-0.0815614212567157,0.011483730678077134,0.0815614212567157,aa_encoding
P1_F,0.010259411027127033,0.00879572480554764,0.010259411027127033,aa_encoding
P1_G,-0.01520726965454596,0.011819024096127092,0.01520726965454596,aa_encoding
P1_H,0.04026722822282349,0.008923992633298704,0.04026722822282349,aa_encoding
P1_I,-0.013094375544947513,0.00731237508585902,0.013094375544947513,aa_encoding
P1_K,0.03556269119142732,0.008178266319972063,0.03556269119142732,aa_encoding
P1_L,-0.015380291185536982,0.005263915349412909,0.015380291185536982,aa_encoding
P1_M,-0.1296306512324229,0.011875847669886428,0.1296306512324229,aa_encoding
P1_N,-0.014557184105911983,0.011019362228707827,0.014557184105911983,aa_encoding
P1_P,-0.044423904986864785,0.007133293654449704,0.044423904986864785,aa_encoding
P1_Q,-0.02301518536903742,0.01192248025473661,0.02301518536903742,aa_encoding
P1_R,-0.01078353298841434,0.012122659719426259,0.01078353298841434,aa_encoding
P1_S,0.06470805574304547,0.0069590086878597674,0.06470805574304547,aa_encoding
P1_T,0.027480536560284808,0.010534308723725376,0.027480536560284808,aa_encoding
P1_V,-0.027946895357443803,0.006752775867475566,0.027946895357443803,aa_encoding
P1_W,-0.016329820175913556,0.013470267610167482,0.016329820175913556,aa_encoding
P1_Y,0.031941003175006276,0.01412363510211544,0.031941003175006276,aa_encoding
P2_A,0.03212896750357329,0.006521172178238472,0.03212896750357329,aa_encoding
P2_C,0.2814651603327621,0.044416180223454796,0.2814651603327621,aa_encoding
P2_D,0.0,0.0,0.0,aa_encoding
P2_E,0.08177605212263647,0.15143278070998237,0.08177605212263647,aa_encoding
P2_F,0.15139046443182505,0.012334561768120105,0.15139046443182505,aa_encoding
P2_G,0.013349433010770087,0.00776853329732069,0.013349433010770087,aa_encoding
P2_H,0.24728581559257945,0.027198355106431538,0.24728581559257945,aa_encoding
P2_I,-0.07121514643956002,0.009900968791163686,0.07121514643956002,aa_encoding
P2_K,-0.3186417563194114,0.043117625890793605,0.3186417563194114,aa_encoding
P2_L,0.09794159617283914,0.012761151121551906,0.09794159617283914,aa_encoding
P2_M,-0.0894230037606254,0.007808134678181056,0.0894230037606254,aa_encoding
P2_N,-0.016592952890790037,0.005753331268129998,0.016592952890790037,aa_encoding
P2_P,0.303027556313122,0.15707601304995222,0.303027556313122,aa_encoding
P2_Q,0.01480141729481639,0.005817950542777268,0.01480141729481639,aa_encoding
P2_R,0.0,0.0,0.0,aa_encoding
P2_S,-0.034018376349668165,0.007505833497451999,0.034018376349668165,aa_encoding
P2_T,-0.006810906034934357,0.00654556782320943,0.006810906034934357,aa_encoding
P2_V,-0.10659971519743108,0.00890504634218421,0.10659971519743108,aa_encoding
P2_W,0.4756110461748392,0.057453041174994966,0.4756110461748392,aa_encoding
P2_Y,0.07976670661516104,0.010083692843191643,0.07976670661516104,aa_encoding
P3_A,0.018589152041319452,0.012150216030335061,0.018589152041319452,aa_encoding
P3_C,-0.007421277432253287,0.00686048742096855,0.007421277432253287,aa_encoding
P3_D,0.0024572222712320917,0.008403804091357952,0.0024572222712320917,aa_encoding
P3_E,-0.1036168148658844,0.007899037235302638,0.1036168148658844,aa_encoding
P3_F,0.0023537949097441656,0.006559820968752734,0.0023537949097441656,aa_encoding
P3_G,-0.05680704627502601,0.005627030554129022,0.05680704627502601,aa_encoding
P3_H,0.09670185112742469,0.008948176276070885,0.09670185112742469,aa_encoding
P3_I,0.016869650342190685,0.007561841610034555,0.016869650342190685,aa_encoding
P3_K,-0.11645765761286282,0.011449577359974308,0.11645765761286282,aa_encoding
P3_L,0.07180839915753069,0.013990771176141874,0.07180839915753069,aa_encoding
P3_M,0.032830630150696725,0.009270798330933928,0.032830630150696725,aa_encoding
P3_N,-0.050701335780332445,0.007436905839055633,0.050701335780332445,aa_encoding
P3_P,-0.07903793255393196,0.005238571231862356,0.07903793255393196,aa_encoding
P3_Q,0.04465188058199765,0.010431733308305761,0.04465188058199765,aa_encoding
P3_R,-0.019726083036132033,0.008187488217268201,0.019726083036132033,aa_encoding
P3_S,0.03142463069411472,0.005635226401244337,0.03142463069411472,aa_encoding
P3_T,0.04780141226077502,0.010091736884413966,0.04780141226077502,aa_encoding
P3_V,-0.08255246541153143,0.012172372618957539,0.08255246541153143,aa_encoding
P3_W,0.08054989375696224,0.014427075346853939,0.08054989375696224,aa_encoding
P3_Y,-0.026452386236071778,0.010877984327954162,0.026452386236071778,aa_encoding
P4_A,-0.08982265611947636,0.006140606588818573,0.08982265611947636,aa_encoding
P4_C,-0.004822676552385942,0.00906855580079084,0.004822676552385942,aa_encoding
P4_D,0.06439053732518932,0.010807876145874296,0.06439053732518932,aa_encoding
P4_E,0.01908755917178153,0.010344664667701087,0.01908755917178153,aa_encoding
P4_F,-0.03914802042617188,0.005105790159607723,0.03914802042617188,aa_encoding
P4_G,-0.02949851331851474,0.012015603242291945,0.02949851331851474,aa_encoding
P4_H,0.10231719157489275,0.014139637910286912,0.10231719157489275,aa_encoding
P4_I,0.003145359685007573,0.00422941840224001,0.003145359685007573,aa_encoding
P4_K,0.03513150992212451,0.018868648753178535,0.03513150992212451,aa_encoding
P4_L,-0.05602417056520718,0.00506488213632447,0.05602417056520718,aa_encoding
P4_M,-0.036891299723693795,0.007113557783554287,0.036891299723693795,aa_encoding
P4_N,0.016311348822671146,0.006541737932698722,0.016311348822671146,aa_encoding
P4_P,-0.05005102166245782,0.0066278925025310825,0.05005102166245782,aa_encoding
P4_Q,-0.005075049820789721,0.006016148271305907,0.005075049820789721,aa_encoding
P4_R,-0.0006733951258484545,0.009118708217630651,0.0006733951258484545,aa_encoding
P4_S,0.039807655996566604,0.009187796848880785,0.039807655996566604,aa_encoding
P4_T,-0.011737920203744399,0.010404637318156414,0.011737920203744399,aa_encoding
P4_V,-0.026137454990749875,0.006168490838456921,0.026137454990749875,aa_encoding
P4_W,0.010921292464274077,0.008799713323513411,0.010921292464274077,aa_encoding
P4_Y,-0.04522563222815793,0.015296203652308367,0.04522563222815793,aa_encoding
P5_A,-0.040134846208465004,0.007452006868830743,0.040134846208465004,aa_encoding
P5_C,-0.04021786374890113,0.00838849579113325,0.04021786374890113,aa_encoding
P5_D,-0.011782053140674346,0.008721766962415068,0.011782053140674346,aa_encoding
P5_E,-0.02065084895808673,0.010195164123419764,0.02065084895808673,aa_encoding
P5_F,0.0033036967320563076,0.006957419417421023,0.0033036967320563076,aa_encoding
P5_G,0.0026379676291892777,0.008292636200554739,0.0026379676291892777,aa_encoding
P5_H,0.167729481747395,0.01033855609981903,0.167729481747395,aa_encoding
P5_I,-0.06342886835100744,0.011867517414321302,0.06342886835100744,aa_encoding
P5_K,0.13883416467174506,0.012576375294390357,0.13883416467174506,aa_encoding
P5_L,-0.11143899879412425,0.0014078349587559405,0.11143899879412425,aa_encoding
P5_M,-0.0678914254601953,0.006593754360632356,0.0678914254601953,aa_encoding
P5_N,0.06991533801840623,0.005556519009039128,0.06991533801840623,aa_encoding
P5_P,-0.21064093679982104,0.005752185326249906,0.21064093679982104,aa_encoding
P5_Q,0.04869037889438431,0.00163346610087178,0.04869037889438431,aa_encoding
P5_R,0.11158778146289502,0.011076751443415992,0.11158778146289502,aa_encoding
P5_S,0.06658693161555496,0.009640284959168686,0.06658693161555496,aa_encoding
P5_T,0.031808223269080935,0.013562457860424636,0.031808223269080935,aa_encoding
P5_V,-0.05051465394893745,0.011475022070081164,0.05051465394893745,aa_encoding
P5_W,-0.0070323571815943415,0.010981918798545855,0.0070323571815943415,aa_encoding
P5_Y,-0.003280220409838336,0.009305342567547422,0.003280220409838336,aa_encoding
P6_A,-0.08274532776259529,0.008696307158452612,0.08274532776259529,aa_encoding
P6_C,-0.00133251016937632,0.004270178100619291,0.00133251016937632,aa_encoding
P6_D,-0.037492385264157345,0.008033949301091413,0.037492385264157345,aa_encoding
P6_E,0.006930410775528126,0.004218581947066366,0.006930410775528126,aa_encoding
P6_F,-0.09287748102086651,0.013174094038466824,0.09287748102086651,aa_encoding
P6_G,-0.1274976291020356,0.01298256199752895,0.1274976291020356,aa_encoding
P6_H,0.0050493920459890925,0.004983903438802803,0.0050493920459890925,aa_encoding
P6_I,0.07492988908718044,0.005204546237867258,0.07492988908718044,aa_encoding
P6_K,-0.05942437962355261,0.011958351402967003,0.05942437962355261,aa_encoding
P6_L,0.04262353556267658,0.005848651657534875,0.04262353556267658,aa_encoding
P6_M,-0.10918831567362726,0.007829175919819333,0.10918831567362726,aa_encoding
P6_N,0.05912391677214994,0.005954658499550867,0.05912391677214994,aa_encoding
P6_P,-0.013665358973598284,0.019345985646657897,0.013665358973598284,aa_encoding
P6_Q,0.015133620677654166,0.007059442568278832,0.015133620677654166,aa_encoding
P6_R,0.007719174862080587,0.010228784526472988,0.007719174862080587,aa_encoding
P6_S,0.016169056218475447,0.010154898621282323,0.016169056218475447,aa_encoding
P6_T,0.027119570045085823,0.014255117513740553,0.027119570045085823,aa_encoding
P6_V,0.09052634088880665,0.008508385770819811,0.09052634088880665,aa_encoding
P6_W,-0.020684964767811044,0.011880956473825793,0.020684964767811044,aa_encoding
P6_Y,-0.05009426844620862,0.004417881184619834,0.05009426844620862,aa_encoding
P7_A,-0.06068033812192741,0.008609194271516712,0.06068033812192741,aa_encoding
P7_C,-0.029001700167572152,0.012603507310674715,0.029001700167572152,aa_encoding
P7_D,-0.12314814023635616,0.015271809828057783,0.12314814023635616,aa_encoding
P7_E,-0.0627355752330772,0.006985555920733504,0.0627355752330772,aa_encoding
P7_F,0.04032033655513352,0.011962755110060957,0.04032033655513352,aa_encoding
P7_G,-0.1488586435030656,0.010108409099639087,0.1488586435030656,aa_encoding
P7_H,0.2199252674722695,0.011884867214157257,0.2199252674722695,aa_encoding
P7_I,0.07121516624586756,0.0083487893808509,0.07121516624586756,aa_encoding
P7_K,-0.002584997253124896,0.010156810295023936,0.002584997253124896,aa_encoding
P7_L,-0.061086614995209454,0.007200005232425526,0.061086614995209454,aa_encoding
P7_M,-0.10312037135447705,0.0067501641478537044,0.10312037135447705,aa_encoding
P7_N,-0.05559175370252515,0.008562271589102716,0.05559175370252515,aa_encoding
P7_P,0.08446217982334318,0.014506543223583102,0.08446217982334318,aa_encoding
P7_Q,-0.0637785339070814,0.007670238203877327,0.0637785339070814,aa_encoding
P7_R,-0.01537314875817965,0.01067917552407585,0.01537314875817965,aa_encoding
P7_S,-0.07595778604676137,0.002463323631468813,0.07595778604676137,aa_encoding
P7_T,0.009641564695828064,0.01493662838640629,0.009641564695828064,aa_encoding
P7_V,0.06710214731964298,0.007037646773203138,0.06710214731964298,aa_encoding
P7_W,0.05198211454047719,0.007635325702333284,0.05198211454047719,aa_encoding
P7_Y,0.06833786413894141,0.00819075178337596,0.06833786413894141,aa_encoding
P8_A,-0.07317164641812796,0.013304544417446615,0.07317164641812796,aa_encoding
P8_C,-0.013426848212089124,0.01375637821015677,0.013426848212089124,aa_encoding
P8_D,-0.09550352382593144,0.006574540210954394,0.09550352382593144,aa_encoding
P8_E,-0.00770732835476016,0.0086481146148127,0.00770732835476016,aa_encoding
P8_F,0.007015468455906086,0.006955883267469428,0.007015468455906086,aa_encoding
P8_G,0.01661201657700893,0.011646851277121154,0.01661201657700893,aa_encoding
P8_H,0.10101279201873355,0.005541878722347788,0.10101279201873355,aa_encoding
P8_I,-0.10776923980627742,0.006271905706960098,0.10776923980627742,aa_encoding
P8_K,0.10831445701975147,0.01077167502093317,0.10831445701975147,aa_encoding
P8_L,-0.0732239875083104,0.01035960612825597,0.0732239875083104,aa_encoding
P8_M,-0.09676425715573822,0.004160350040232381,0.09676425715573822,aa_encoding
P8_N,0.05413269313027136,0.003791462909395578,0.05413269313027136,aa_encoding
P8_P,-0.15874875227631802,0.011180341413854426,0.15874875227631802,aa_encoding
P8_Q,0.06650065883988714,0.008741117123044184,0.06650065883988714,aa_encoding
P8_R,0.05238218887355308,0.007887665961049959,0.05238218887355308,aa_encoding
P8_S,-0.02973088877599416,0.0067978625610542335,0.02973088877599416,aa_encoding
P8_T,0.0611335663504051,0.014087861643517873,0.0611335663504051,aa_encoding
P8_V,-0.06529285095185734,0.009498281358888394,0.06529285095185734,aa_encoding
P8_W,-0.03909751006230675,0.004919009543947359,0.03909751006230675,aa_encoding
P8_Y,0.06690078014040245,0.007889060338953213,0.06690078014040245,aa_encoding
P9_A,-0.03837262689781211,0.013434861186452613,0.03837262689781211,aa_encoding
P9_C,0.06864686263650159,0.011825605504338298,0.06864686263650159,aa_encoding
P9_D,0.0,0.0,0.0,aa_encoding
P9_E,-0.26768027361830427,0.04561478784054906,0.26768027361830427,aa_encoding
P9_F,0.00828547791699458,0.0066439255768610634,0.00828547791699458,aa_encoding
P9_G,-0.0015472367779275984,0.0024748026609159295,0.0015472367779275984,aa_encoding
P9_H,0.1514072494225722,0.07710970593505577,0.1514072494225722,aa_encoding
P9_I,-0.10027167306833154,0.008036292056320638,0.10027167306833154,aa_encoding
P9_K,0.2621854331797757,0.06445089603649763,0.2621854331797757,aa_encoding
P9_L,0.022788957766127344,0.015814967525068217,0.022788957766127344,aa_encoding
P9_M,-0.19507435121301744,0.006127253051921864,0.19507435121301744,aa_encoding
P9_N,-0.14531449882390737,0.07426324102026753,0.14531449882390737,aa_encoding
P9_P,-0.04027621818077447,0.006131151498314026,0.04027621818077447,aa_encoding
P9_Q,0.2899669149053716,0.03375717882006556,0.2899669149053716,aa_encoding
P9_R,-0.044379247478480516,0.09684697003752053,0.044379247478480516,aa_encoding
P9_S,-0.048257542474564825,0.010226308211104497,0.048257542474564825,aa_encoding
P9_T,-0.0884402275488025,0.008066541918244165,0.0884402275488025,aa_encoding
P9_V,0.1277999667631006,0.00945014512453522,0.1277999667631006,aa_encoding
P9_W,0.30381337143724646,0.04304264041307428,0.30381337143724646,aa_encoding
P9_Y,0.016643500004311192,0.0057645023037554335,0.016643500004311192,aa_encoding
C1_A,-0.5377197538545431,0.09782709135888507,0.5377197538545431,aa_encoding
C1_C,-0.34358827433132083,0.051753874379675345,0.34358827433132083,aa_encoding
C1_D,-0.6379288525991,0.09082983489845237,0.6379288525991,aa_encoding
C1_E,-0.7138904527860803,0.10275489500950499,0.7138904527860803,aa_encoding
C1_F,-0.6047213476265647,0.07894444010170441,0.6047213476265647,aa_encoding
C1_G,-0.5539170255739573,0.09157491510177665,0.5539170255739573,aa_encoding
C1_H,-0.38725340372307254,0.06694388790914248,0.38725340372307254,aa_encoding
C1_I,-0.7159203589456491,0.08104008205297732,0.7159203589456491,aa_encoding
C1_K,-0.5426130989086626,0.10358568540061626,0.5426130989086626,aa_encoding
C1_L,-0.9426223776594128,0.12061834855576183,0.9426223776594128,aa_encoding
C1_M,-0.3788013030582057,0.056614459912272444,0.3788013030582057,aa_encoding
C1_N,-0.5085531454784771,0.07740996997448045,0.5085531454784771,aa_encoding
C1_P,-0.6825541101083268,0.10446150499125623,0.6825541101083268,aa_encoding
C1_Q,-0.5723052476029336,0.09705197500388772,0.5723052476029336,aa_encoding
C1_R,-0.5360341394343048,0.09841671700301156,0.5360341394343048,aa_encoding
C1_S,-0.5571536296275588,0.1165479129180851,0.5571536296275588,aa_encoding
C1_T,-0.5688486720656913,0.09682654690950125,0.5688486720656913,aa_encoding
C1_V,-0.6933069817970052,0.09574998907908318,0.6933069817970052,aa_encoding
C1_W,-0.32632420692172437,0.04241026923760501,0.32632420692172437,aa_encoding
C1_Y,-0.446779027808605,0.06528715923503382,0.446779027808605,aa_encoding
C2_A,-0.02123920377269889,0.11199931195284228,0.02123920377269889,aa_encoding
C2_C,-0.020037873992866724,0.06126545832990482,0.020037873992866724,aa_encoding
C2_D,-0.06322335597300839,0.10799505343992424,0.06322335597300839,aa_encoding
C2_E,-0.08190197237066235,0.1194207738069105,0.08190197237066235,aa_encoding
C2_F,-0.08228236750740128,0.08062274382653736,0.08228236750740128,aa_encoding
C2_G,0.05392958178194064,0.11478002362475179,0.05392958178194064,aa_encoding
C2_H,-0.06439473996480585,0.0750640993980801,0.06439473996480585,aa_encoding
C2_I,-0.034718620982151546,0.08641958754847129,0.034718620982151546,aa_encoding
C2_K,-0.00037714111487330005,0.1074905303404602,0.00037714111487330005,aa_encoding
C2_L,0.015308452110852586,0.12994769336265038,0.015308452110852586,aa_encoding
C2_M,0.03862083438963028,0.06919858183791806,0.03862083438963028,aa_encoding
C2_N,-0.03733168908705105,0.09642079281029224,0.03733168908705105,aa_encoding
C2_P,-0.15459385897747774,0.10249817243590267,0.15459385897747774,aa_encoding
C2_Q,-0.04611452371737069,0.1021334004620528,0.04611452371737069,aa_encoding
C2_R,0.004609164853170857,0.10404413715810666,0.004609164853170857,aa_encoding
C2_S,-0.027672235070924266,0.1271150577739811,0.027672235070924266,aa_encoding
C2_T,0.0033542347774223533,0.10331785180680632,0.0033542347774223533,aa_encoding
C2_V,-0.08646656298640712,0.107093841542168,0.08646656298640712,aa_encoding
C2_W,0.0016693120583656067,0.04700642750898512,0.0016693120583656067,aa_encoding
C2_Y,-0.04803120894190442,0.06391466173758813,0.04803120894190442,aa_encoding
C3_A,0.12481159290659169,0.11519970366301288,0.12481159290659169,aa_encoding
C3_C,0.04177682088373685,0.059010420195993354,0.04177682088373685,aa_encoding
C3_D,0.08265747554262189,0.10320850067824378,0.08265747554262189,aa_encoding
C3_E,0.11657679438637074,0.11263634668519237,0.11657679438637074,aa_encoding
C3_F,0.06435731145831884,0.07829274093494222,0.06435731145831884,aa_encoding
C3_G,0.1355031252104606,0.10622298506604251,0.1355031252104606,aa_encoding
C3_H,0.07165480599052293,0.07216557983778743,0.07165480599052293,aa_encoding
C3_I,0.020583146023310277,0.08838502358328422,0.020583146023310277,aa_encoding
C3_K,0.09769267446419011,0.1121829272762237,0.09769267446419011,aa_encoding
C3_L,0.06860031171994024,0.13509638877159633,0.06860031171994024,aa_encoding
C3_M,0.06709796688260775,0.06048959774333751,0.06709796688260775,aa_encoding
C3_N,0.05554827812776286,0.08339695878918665,0.05554827812776286,aa_encoding
C3_P,0.008158449958271363,0.09833657323631226,0.008158449958271363,aa_encoding
C3_Q,0.08452738109551135,0.10166186798268943,0.08452738109551135,aa_encoding
C3_R,0.09291627031365457,0.09559397871864744,0.09291627031365457,aa_encoding
C3_S,0.1138347924673524,0.11904256245671849,0.1138347924673524,aa_encoding
C3_T,0.09680272295647842,0.09701693509930488,0.09680272295647842,aa_encoding
C3_V,0.03838298324120869,0.09907273363503574,0.03838298324120869,aa_encoding
C3_W,0.037486322175737434,0.043074848154384504,0.037486322175737434,aa_encoding
C3_Y,0.05179755559655606,0.06736098056126565,0.05179755559655606,aa_encoding
C4_A,0.19347963533662133,0.19168238823957648,0.19347963533662133,aa_encoding
C4_C,0.08407926493513451,0.10152715825121209,0.08407926493513451,aa_encoding
C4_D,0.13394762207737604,0.1663454798568692,0.13394762207737604,aa_encoding
C4_E,0.15884768263925453,0.18257625223117707,0.15884768263925453,aa_encoding
C4_F,0.10948719034025083,0.13734656246115196,0.10948719034025083,aa_encoding
C4_G,0.2096303106474208,0.18094770446482233,0.2096303106474208,aa_encoding
C4_H,0.14029342406858505,0.1240898788327317,0.14029342406858505,aa_encoding
C4_I,0.10280718320332989,0.17198088715160656,0.10280718320332989,aa_encoding
C4_K,0.16236427441579543,0.17825593073368654,0.16236427441579543,aa_encoding
C4_L,0.17573796533179525,0.24411341678501217,0.17573796533179525,aa_encoding
C4_M,0.11852609853603908,0.11730054590696545,0.11852609853603908,aa_encoding
C4_N,0.1186279048546941,0.16046777061968678,0.1186279048546941,aa_encoding
C4_P,0.17546352136741852,0.1681081321463726,0.17546352136741852,aa_encoding
C4_Q,0.15052275115369615,0.1650957424457263,0.15052275115369615,aa_encoding
C4_R,0.15846293483119936,0.16604667758595903,0.15846293483119936,aa_encoding
C4_S,0.17995772726949782,0.1999445956130993,0.17995772726949782,aa_encoding
C4_T,0.15983455615773395,0.17055983475430025,0.15983455615773395,aa_encoding
C4_V,0.15831271716297762,0.19334705573617142,0.15831271716297762,aa_encoding
C4_W,0.0646281175051051,0.08124284732352312,0.0646281175051051,aa_encoding
C4_Y,0.12441894460391398,0.1262260151884926,0.12441894460391398,aa_encoding
C5_A,-0.10041609149803647,0.09797739325849311,0.10041609149803647,handcrafted
C5_C,-0.07550110642198564,0.05235636018061937,0.07550110642198564,handcrafted
C5_D,-0.12371233709240018,0.0849918055162613,0.12371233709240018,handcrafted
C5_E,-0.10600076376474435,0.08619014892917477,0.10600076376474435,handcrafted
C5_F,-0.10148237613667366,0.06960333986468026,0.10148237613667366,handcrafted
C5_G,-0.08094378450498563,0.0927566991256932,0.08094378450498563,handcrafted
C5_H,-0.048124529768599336,0.05258690554308336,0.048124529768599336,handcrafted
C5_I,-0.07776556046699883,0.07861367032325677,0.07776556046699883,handcrafted
C5_K,-0.11221175725000573,0.08583767584090496,0.11221175725000573,handcrafted
C5_L,-0.17140923505629085,0.11015494062056334,0.17140923505629085,handcrafted
C5_M,-0.037898762730365965,0.04805955192594217,0.037898762730365965,handcrafted
C5_N,-0.09628255570600577,0.07277543333753335,0.09628255570600577,handcrafted
C5_P,-0.0958856160529242,0.09436139891920067,0.0958856160529242,handcrafted
C5_Q,-0.09758115790456276,0.08036382298912069,0.09758115790456276,handcrafted
C5_R,-0.0830679435977256,0.08086983537397695,0.0830679435977256,handcrafted
C5_S,-0.12772323486647919,0.10430583539313727,0.12772323486647919,handcrafted
C5_T,-0.09640008015000602,0.0853763676791989,0.09640008015000602,handcrafted
C5_V,-0.12434726166251368,0.07851819095999372,0.12434726166251368,handcrafted
C5_W,-0.061902451066459384,0.04491769569472502,0.061902451066459384,handcrafted
C5_Y,-0.0651348279238885,0.04560993490924105,0.0651348279238885,handcrafted
C6_A,-0.14978875874584757,0.11274660909073331,0.14978875874584757,handcrafted
C6_C,-0.08702652080122424,0.05312542390858225,0.08702652080122424,handcrafted
C6_D,-0.17320522965134624,0.09886486124621682,0.17320522965134624,handcrafted
C6_E,-0.18372596614714473,0.1288156086902872,0.18372596614714473,handcrafted
C6_F,-0.14001029452233713,0.08296743733455351,0.14001029452233713,handcrafted
C6_G,-0.11815776083895868,0.10242808352755077,0.11815776083895868,handcrafted
C6_H,-0.09530852045925167,0.08002187862280982,0.09530852045925167,handcrafted
C6_I,-0.14696838604800452,0.08979354954868292,0.14696838604800452,handcrafted
C6_K,-0.1437379604171375,0.12245626322126778,0.1437379604171375,handcrafted
C6_L,-0.2237053459138692,0.13515373540160078,0.2237053459138692,handcrafted
C6_M,-0.07637339025500617,0.060139127252186064,0.07637339025500617,handcrafted
C6_N,-0.13509127771661378,0.0792455248979643,0.13509127771661378,handcrafted
C6_P,-0.1776196039264444,0.09845693460834813,0.1776196039264444,handcrafted
C6_Q,-0.15978439165270128,0.10081820354815196,0.15978439165270128,handcrafted
C6_R,-0.16592021870818272,0.10698168559632439,0.16592021870818272,handcrafted
C6_S,-0.17149828953660812,0.12232974314189038,0.17149828953660812,handcrafted
C6_T,-0.1279291232595547,0.09807588095466956,0.1279291232595547,handcrafted
C6_V,-0.1669908126370603,0.09797400495103903,0.1669908126370603,handcrafted
C6_W,-0.06680802896624505,0.04343332682346957,0.06680802896624505,handcrafted
C6_Y,-0.07829461932271875,0.07551227854133873,0.07829461932271875,handcrafted
C7_A,0.1872700125813283,0.12068867070197752,0.1872700125813283,handcrafted
C7_C,0.07285690112639301,0.07057020618271656,0.07285690112639301,handcrafted
C7_D,0.16725365353248037,0.08744386544379366,0.16725365353248037,handcrafted
C7_E,0.1883525950554176,0.1103596446780685,0.1883525950554176,handcrafted
C7_F,0.1280433601482046,0.08157470870529844,0.1280433601482046,handcrafted
C7_G,0.18928510682399743,0.12257993737572448,0.18928510682399743,handcrafted
C7_H,0.09233214507154967,0.06632274467586023,0.09233214507154967,handcrafted
C7_I,0.13136577828227142,0.09389498295196556,0.13136577828227142,handcrafted
C7_K,0.15690783567532984,0.10133972022791886,0.15690783567532984,handcrafted
C7_L,0.19253819938795605,0.1450689355167217,0.19253819938795605,handcrafted
C7_M,0.07767875797435167,0.05935577627162717,0.07767875797435167,handcrafted
C7_N,0.10747650509169535,0.08976855997672294,0.10747650509169535,handcrafted
C7_P,0.14336248951779101,0.10679660053301215,0.14336248951779101,handcrafted
C7_Q,0.150427817021933,0.08963173738703448,0.150427817021933,handcrafted
C7_R,0.12378449814898111,0.09710767176851495,0.12378449814898111,handcrafted
C7_S,0.18957129779896684,0.12447831500763362,0.18957129779896684,handcrafted
C7_T,0.1524567611323208,0.1081307999054518,0.1524567611323208,handcrafted
C7_V,0.17776883856664677,0.11517850101921982,0.17776883856664677,handcrafted
C7_W,0.0680916140703945,0.04566241949345628,0.0680916140703945,handcrafted
C7_Y,0.13180227845227377,0.07584315051788382,0.13180227845227377,handcrafted
C8_A,-0.09288336125438532,0.16709471525584482,0.09288336125438532,handcrafted
C8_C,-0.07950609941055203,0.09110108646998237,0.07950609941055203,handcrafted
C8_D,-0.08325466672716589,0.14403158169099786,0.08325466672716589,handcrafted
C8_E,-0.1041687336401306,0.18351377759839652,0.1041687336401306,handcrafted
C8_F,-0.11544920393312967,0.1338126490213819,0.11544920393312967,handcrafted
C8_G,-0.08577350579179248,0.1553405457432239,0.08577350579179248,handcrafted
C8_H,-0.08128765138569931,0.12170591109905743,0.08128765138569931,handcrafted
C8_I,-0.11649376536259873,0.1588299468137727,0.11649376536259873,handcrafted
C8_K,-0.09839742513894636,0.1622202687091121,0.09839742513894636,handcrafted
C8_L,-0.17823431730465888,0.21293858342654157,0.17823431730465888,handcrafted
C8_M,-0.06172454950355231,0.10692200588042512,0.06172454950355231,handcrafted
C8_N,-0.08286642462293081,0.13040431321481616,0.08286642462293081,handcrafted
C8_P,-0.12894826579735189,0.15398351942993707,0.12894826579735189,handcrafted
C8_Q,-0.11222200355690534,0.15275468536607273,0.11222200355690534,handcrafted
C8_R,-0.10706108871364672,0.15379263114425346,0.10706108871364672,handcrafted
C8_S,-0.12938987314744543,0.17688358594999956,0.12938987314744543,handcrafted
C8_T,-0.0808396219601616,0.15407557552527654,0.0808396219601616,handcrafted
C8_V,-0.11274589765464141,0.1759448241195585,0.11274589765464141,handcrafted
C8_W,-0.0563105248515424,0.07264177913540062,0.0563105248515424,handcrafted
C8_Y,-0.07438459528943935,0.12104700350650975,0.07438459528943935,handcrafted
C9_A,0.0446571368516457,0.15400159749501408,0.0446571368516457,handcrafted
C9_C,-0.016045707757027926,0.08565576850392628,0.016045707757027926,handcrafted
C9_D,0.013991207742484546,0.13756707401185295,0.013991207742484546,handcrafted
C9_E,0.058713267572047936,0.15969278428203795,0.058713267572047936,handcrafted
C9_F,0.011986192029297533,0.1106939393079395,0.011986192029297533,handcrafted
C9_G,0.06102063088632661,0.1405327975977689,0.06102063088632661,handcrafted
C9_H,-0.00574946258613433,0.08600442266238673,0.00574946258613433,handcrafted
C9_I,0.023975568879430708,0.12661762792809178,0.023975568879430708,handcrafted
C9_K,0.03913495912199967,0.14363818787308058,0.03913495912199967,handcrafted
C9_L,0.025437600141756243,0.18674157534504088,0.025437600141756243,handcrafted
C9_M,0.02889274814067087,0.08837234772692996,0.02889274814067087,handcrafted
C9_N,0.03063377829479641,0.11871262785253069,0.03063377829479641,handcrafted
C9_P,0.04077827262249765,0.13594478769424778,0.04077827262249765,handcrafted
C9_Q,0.019777562654553122,0.12500075277449796,0.019777562654553122,handcrafted
C9_R,0.015657534799439078,0.13953779405909314,0.015657534799439078,handcrafted
C9_S,0.018364531122536148,0.17123198643627288,0.018364531122536148,handcrafted
C9_T,0.023846118480476287,0.1388215070528073,0.023846118480476287,handcrafted
C9_V,0.049646327775113026,0.14577581923917673,0.049646327775113026,handcrafted
C9_W,0.02073980219430386,0.0630243688596244,0.02073980219430386,handcrafted
C9_Y,0.025057865898146136,0.10520508868878126,0.025057865898146136,handcrafted
C10_A,0.03901407921814441,0.10490292953965552,0.03901407921814441,handcrafted
C10_C,0.02531025907058384,0.054627169611264195,0.02531025907058384,handcrafted
C10_D,0.0347982000366332,0.08854779625898901,0.0347982000366332,handcrafted
C10_E,0.06424552930130768,0.10352333024890627,0.06424552930130768,handcrafted
C10_F,0.020223346569565342,0.08085271372305276,0.020223346569565342,handcrafted
C10_G,0.08350109607654975,0.09082398522217083,0.08350109607654975,handcrafted
C10_H,0.020720130128630602,0.058501641781910134,0.020720130128630602,handcrafted
C10_I,0.034119927616385826,0.08507559944666895,0.034119927616385826,handcrafted
C10_K,0.0535899448081588,0.10232057284125862,0.0535899448081588,handcrafted
C10_L,0.06135264170910504,0.13303170506051104,0.06135264170910504,handcrafted
C10_M,0.023991294857859967,0.06284717065572949,0.023991294857859967,handcrafted
C10_N,0.007301626828950675,0.07331775368379548,0.007301626828950675,handcrafted
C10_P,0.030418878138176057,0.08497790677471845,0.030418878138176057,handcrafted
C10_Q,0.03120995028547796,0.09076680592286418,0.03120995028547796,handcrafted
C10_R,0.043419938074204,0.09046943044375022,0.043419938074204,handcrafted
C10_S,0.031966633449581755,0.11070617322699876,0.031966633449581755,handcrafted
C10_T,0.04269290513875919,0.08301798586183476,0.04269290513875919,handcrafted
C10_V,0.02885923783244935,0.10109936299595475,0.02885923783244935,handcrafted
C10_W,0.006009402632416441,0.04536910575018126,0.006009402632416441,handcrafted
C10_Y,0.023283090633583463,0.0722159222361641,0.023283090633583463,handcrafted
esmc_PC001,-0.29399127305721484,0.028573596358061244,0.29399127305721484,embedding_pca
esmc_PC002,-0.06009869178473527,0.021693455821985164,0.06009869178473527,embedding_pca
esmc_PC003,-0.18086419491843947,0.01669427249249028,0.18086419491843947,embedding_pca
esmc_PC004,-0.012453127452329436,0.03317655670701318,0.012453127452329436,embedding_pca
esmc_PC005,-0.05954116381727499,0.013613479426268667,0.05954116381727499,embedding_pca
esmc_PC006,0.04381003422322549,0.045911981201986474,0.04381003422322549,embedding_pca
esmc_PC007,-0.07252506107684484,0.02161203220151496,0.07252506107684484,embedding_pca
esmc_PC008,0.011999083730545364,0.027610380764818906,0.011999083730545364,embedding_pca
esmc_PC009,-0.03233138221900963,0.026743012937101098,0.03233138221900963,embedding_pca
esmc_PC010,-0.10692360126496077,0.016797020156325504,0.10692360126496077,embedding_pca
esmc_PC011,0.14736820067192818,0.013092824902479226,0.14736820067192818,embedding_pca
esmc_PC012,0.05585182080073061,0.04372949010821347,0.05585182080073061,embedding_pca
esmc_PC013,-0.07739672972575942,0.12022419519879408,0.07739672972575942,embedding_pca
esmc_PC014,-0.035568038152701736,0.017672518815660072,0.035568038152701736,embedding_pca
esmc_PC015,0.09720660957616824,0.04847938121019664,0.09720660957616824,embedding_pca
esmc_PC016,-0.10356928921239376,0.1538675494179592,0.10356928921239376,embedding_pca
esmc_PC017,-0.067767809414416,0.037209169101378815,0.067767809414416,embedding_pca
esmc_PC018,0.16950977224454883,0.05563077578880755,0.16950977224454883,embedding_pca
esmc_PC019,0.2757736335784767,0.044486448632502014,0.2757736335784767,embedding_pca
esmc_PC020,0.016619836448803653,0.04043807707309029,0.016619836448803653,embedding_pca
esmc_PC021,-0.08034720574011689,0.025213370721997468,0.08034720574011689,embedding_pca
esmc_PC022,0.0016867662900689512,0.013927432341779759,0.0016867662900689512,embedding_pca
esmc_PC023,-0.031149108595839296,0.03551886692765847,0.031149108595839296,embedding_pca
esmc_PC024,0.006288936330151436,0.017754201376316035,0.006288936330151436,embedding_pca
esmc_PC025,-0.014968599241196178,0.019152393962470864,0.014968599241196178,embedding_pca
esmc_PC026,0.008903930440756488,0.019041149299459027,0.008903930440756488,embedding_pca
esmc_PC027,0.014793211133178965,0.035806425624231024,0.014793211133178965,embedding_pca
esmc_PC028,-0.03985906735098734,0.015441930625791671,0.03985906735098734,embedding_pca
esmc_PC029,0.005421971360324192,0.05256219335603083,0.005421971360324192,embedding_pca
esmc_PC030,-0.03588735156478958,0.06192787761563072,0.03588735156478958,embedding_pca
esmc_PC031,0.0031493801078809266,0.07647887598942577,0.0031493801078809266,embedding_pca
esmc_PC032,0.1366121526946243,0.021729033973144227,0.1366121526946243,embedding_pca
esmc_PC033,-0.007056506063235881,0.05766336608537312,0.007056506063235881,embedding_pca
esmc_PC034,0.06054432134790091,0.029527812291558368,0.06054432134790091,embedding_pca
esmc_PC035,-0.00969280495395932,0.017138622226277496,0.00969280495395932,embedding_pca
esmc_PC036,0.01790385400492796,0.07989167877598671,0.01790385400492796,embedding_pca
esmc_PC037,-0.041942635449874754,0.06908149199601112,0.041942635449874754,embedding_pca
esmc_PC038,-0.06833741259320913,0.0176491773781232,0.06833741259320913,embedding_pca
esmc_PC039,0.021194268608174922,0.05711981774364629,0.021194268608174922,embedding_pca
esmc_PC040,-0.013567387370404277,0.029966069878494563,0.013567387370404277,embedding_pca
esmc_PC041,-0.05922359243569651,0.023045451242438262,0.05922359243569651,embedding_pca
esmc_PC042,-0.033873482811696526,0.014051838856930891,0.033873482811696526,embedding_pca
esmc_PC043,-0.013636738145760285,0.020721836579608324,0.013636738145760285,embedding_pca
esmc_PC044,-0.0332331000973896,0.028727209873444473,0.0332331000973896,embedding_pca
esmc_PC045,0.06529212521682944,0.027070951849226733,0.06529212521682944,embedding_pca
esmc_PC046,-0.08393866399386646,0.11003250898402202,0.08393866399386646,embedding_pca
esmc_PC047,-0.05674629024883589,0.03541470541457851,0.05674629024883589,embedding_pca
esmc_PC048,-0.016224354976816225,0.03771921564893166,0.016224354976816225,embedding_pca
esmc_PC049,0.004410372793281306,0.03414956329064416,0.004410372793281306,embedding_pca
esmc_PC050,0.004308649909204742,0.07638156637300364,0.004308649909204742,embedding_pca
esmc_PC051,0.010750538455772694,0.025818983245938024,0.010750538455772694,embedding_pca
esmc_PC052,0.027956792644144596,0.027898602715737623,0.027956792644144596,embedding_pca
esmc_PC053,0.011867808626719357,0.06124225863037473,0.011867808626719357,embedding_pca
esmc_PC054,-0.03171575319275508,0.024955931272286725,0.03171575319275508,embedding_pca
esmc_PC055,-0.034965827928818624,0.09728752848890343,0.034965827928818624,embedding_pca
esmc_PC056,0.020247195675256298,0.015368816307632769,0.020247195675256298,embedding_pca
esmc_PC057,0.015347863454721172,0.024952732317222972,0.015347863454721172,embedding_pca
esmc_PC058,0.020797290534650438,0.02424395506558679,0.020797290534650438,embedding_pca
esmc_PC059,0.023758766863950342,0.06212168921824858,0.023758766863950342,embedding_pca
esmc_PC060,0.008049028124773917,0.04841716836219877,0.008049028124773917,embedding_pca
esmc_PC061,-0.01101572614029469,0.05758601080817034,0.01101572614029469,embedding_pca
esmc_PC062,0.020007658003555535,0.05328531194832127,0.020007658003555535,embedding_pca
esmc_PC063,-0.026508399372371316,0.035861152393915435,0.026508399372371316,embedding_pca
esmc_PC064,-0.04980346626013803,0.05144225712901196,0.04980346626013803,embedding_pca
esmc_PC065,0.00683165457867779,0.05048954048435586,0.00683165457867779,embedding_pca
esmc_PC066,-0.0391391710796802,0.035681687942364336,0.0391391710796802,embedding_pca
esmc_PC067,-0.07159927477253505,0.03977998147725072,0.07159927477253505,embedding_pca
esmc_PC068,0.014479771058835817,0.07036355852691047,0.014479771058835817,embedding_pca
esmc_PC069,-0.004036125461673166,0.026122379300247685,0.004036125461673166,embedding_pca
esmc_PC070,-0.0005420969586524785,0.016958442558629567,0.0005420969586524785,embedding_pca
esmc_PC071,0.025460001124283427,0.02202616008175399,0.025460001124283427,embedding_pca
esmc_PC072,-0.0003505791765269713,0.03028134506409255,0.0003505791765269713,embedding_pca
esmc_PC073,0.014293905280052583,0.03471420088206655,0.014293905280052583,embedding_pca
esmc_PC074,-0.003643173722521141,0.02826798938253565,0.003643173722521141,embedding_pca
esmc_PC075,-0.02616221126862005,0.032892537534992786,0.02616221126862005,embedding_pca
esmc_PC076,-0.016277614393110394,0.07470453961026838,0.016277614393110394,embedding_pca
esmc_PC077,0.013839219318184576,0.027170097630832255,0.013839219318184576,embedding_pca
esmc_PC078,0.01654912719227217,0.02115312418989338,0.01654912719227217,embedding_pca
esmc_PC079,0.026693849713806332,0.049586854943969194,0.026693849713806332,embedding_pca
esmc_PC080,-0.022726675677502146,0.013853847056272347,0.022726675677502146,embedding_pca
esmc_PC081,0.0067596684437970745,0.028189599175626207,0.0067596684437970745,embedding_pca
esmc_PC082,0.008895962181272163,0.05879437439659158,0.008895962181272163,embedding_pca
esmc_PC083,0.01853035188516806,0.037039464442501495,0.01853035188516806,embedding_pca
esmc_PC084,0.007885269140503356,0.048462062886271876,0.007885269140503356,embedding_pca
esmc_PC085,-0.03504152190856045,0.01655315452179583,0.03504152190856045,embedding_pca
esmc_PC086,0.004623465712145649,0.024588466110486838,0.004623465712145649,embedding_pca
esmc_PC087,0.00017551229589736413,0.02254953895263003,0.00017551229589736413,embedding_pca
esmc_PC088,0.009330820916307537,0.02428999922062801,0.009330820916307537,embedding_pca
esmc_PC089,0.027076373365371074,0.02870724872686496,0.027076373365371074,embedding_pca
esmc_PC090,-0.0025184307174386583,0.020458925028140562,0.0025184307174386583,embedding_pca
esmc_PC091,0.018740898535236424,0.015551667207876999,0.018740898535236424,embedding_pca
esmc_PC092,-0.010435747803640191,0.018791163275910582,0.010435747803640191,embedding_pca
esmc_PC093,-0.01907165116121281,0.011749981428370733,0.01907165116121281,embedding_pca
esmc_PC094,-0.04711097051741091,0.04236597036244925,0.04711097051741091,embedding_pca
esmc_PC095,-0.0030026968377291517,0.0644162645944598,0.0030026968377291517,embedding_pca
esmc_PC096,-0.03411709842009874,0.03929663386405014,0.03411709842009874,embedding_pca
esmc_PC097,-0.01198296381445652,0.02872273507493527,0.01198296381445652,embedding_pca
esmc_PC098,-0.0208995477900421,0.027621033292749602,0.0208995477900421,embedding_pca
esmc_PC099,0.001227439203081468,0.015351786462098893,0.001227439203081468,embedding_pca
esmc_PC100,-0.02860286044156348,0.014372205635000215,0.02860286044156348,embedding_pca
esmc_PC101,-0.008367976195706093,0.014694974486186363,0.008367976195706093,embedding_pca
esmc_PC102,-0.0009265222148919366,0.01351463814191317,0.0009265222148919366,embedding_pca
esmc_PC103,-0.023358634424687847,0.0253595358850387,0.023358634424687847,embedding_pca
esmc_PC104,-0.005078950752979183,0.020289055639236518,0.005078950752979183,embedding_pca
esmc_PC105,-0.03475488944544739,0.020365453732568352,0.03475488944544739,embedding_pca
esmc_PC106,0.0029486297069150754,0.026614787668365388,0.0029486297069150754,embedding_pca
esmc_PC107,-0.0062556301468562146,0.017257405122686253,0.0062556301468562146,embedding_pca
esmc_PC108,-0.013473612265128701,0.014525704135918473,0.013473612265128701,embedding_pca
esmc_PC109,-0.01823640619828867,0.03544092041930709,0.01823640619828867,embedding_pca
esmc_PC110,-0.02028008417573779,0.0353085063194928,0.02028008417573779,embedding_pca
esmc_PC111,0.012176127704408953,0.022256618526978404,0.012176127704408953,embedding_pca
esmc_PC112,-0.007773517822951594,0.015007488761059182,0.007773517822951594,embedding_pca
esmc_PC113,-0.0017693430289159747,0.0322360565008511,0.0017693430289159747,embedding_pca
esmc_PC114,-0.02558993042657991,0.015488122739994396,0.02558993042657991,embedding_pca
esmc_PC115,-0.02268255135635629,0.030726498613535727,0.02268255135635629,embedding_pca
esmc_PC116,0.014367866945992042,0.025680515365859625,0.014367866945992042,embedding_pca
esmc_PC117,-0.023864723917175,0.05228212439352711,0.023864723917175,embedding_pca
esmc_PC118,0.01781903423928726,0.035523055534339994,0.01781903423928726,embedding_pca
esmc_PC119,0.024701453426065417,0.03914631025451123,0.024701453426065417,embedding_pca
esmc_PC120,0.006082929895171856,0.035715840328572335,0.006082929895171856,embedding_pca
esmc_PC121,0.00611797067154206,0.021771514360438896,0.00611797067154206,embedding_pca
esmc_PC122,0.039194726122801976,0.05408941114193154,0.039194726122801976,embedding_pca
esmc_PC123,0.011196833588060772,0.021817487149274686,0.011196833588060772,embedding_pca
esmc_PC124,-0.019073641883036955,0.03241392596729045,0.019073641883036955,embedding_pca
esmc_PC125,0.005323181126462245,0.025627496473829923,0.005323181126462245,embedding_pca
esmc_PC126,-0.025726037376844486,0.01820173608901464,0.025726037376844486,embedding_pca
esmc_PC127,0.010429440050048115,0.020543827770409397,0.010429440050048115,embedding_pca
esmc_PC128,-0.004072083703214713,0.03782280873403738,0.004072083703214713,embedding_pca
esmc_PC129,-0.0011531109953011522,0.03985132348966917,0.0011531109953011522,embedding_pca
esmc_PC130,-0.011295978195752393,0.04408604680175547,0.011295978195752393,embedding_pca
esmc_PC131,0.012543811717416175,0.030129195310528826,0.012543811717416175,embedding_pca
esmc_PC132,0.005716683340446147,0.01747500295992739,0.005716683340446147,embedding_pca
esmc_PC133,0.012895004806877514,0.026311334813061752,0.012895004806877514,embedding_pca
esmc_PC134,-0.003161673351284121,0.035831793630960555,0.003161673351284121,embedding_pca
esmc_PC135,0.005410813693015234,0.020149417828542068,0.005410813693015234,embedding_pca
esmc_PC136,-0.0029047574182988548,0.0327486881063819,0.0029047574182988548,embedding_pca
esmc_PC137,0.009923036764873489,0.034671989332152084,0.009923036764873489,embedding_pca
esmc_PC138,0.04811068601133168,0.029268166881164792,0.04811068601133168,embedding_pca
esmc_PC139,-0.016659778721051934,0.016786623192557932,0.016659778721051934,embedding_pca
esmc_PC140,-0.035840278970186115,0.03468570393943347,0.035840278970186115,embedding_pca
esmc_PC141,-0.01903291743985707,0.058688098921904595,0.01903291743985707,embedding_pca
esmc_PC142,0.005312796983328892,0.04462067638706443,0.005312796983328892,embedding_pca
esmc_PC143,0.009138176411769578,0.029252120058657054,0.009138176411769578,embedding_pca
esmc_PC144,0.001680119000866727,0.04410626162210647,0.001680119000866727,embedding_pca
esmc_PC145,-0.0242753611411529,0.02920047513589524,0.0242753611411529,embedding_pca
esmc_PC146,0.0006478525172807711,0.03326471582196579,0.0006478525172807711,embedding_pca
esmc_PC147,0.0043468390977631,0.02430965814014987,0.0043468390977631,embedding_pca
esmc_PC148,0.007132717293459571,0.05584250805877734,0.007132717293459571,embedding_pca
esmc_PC149,-0.01302138053760685,0.03629794118468043,0.01302138053760685,embedding_pca
esmc_PC150,-0.01713693213274931,0.011438640442854,0.01713693213274931,embedding_pca
esmc_PC151,-0.02294172181802621,0.04047632836557743,0.02294172181802621,embedding_pca
esmc_PC152,-0.004799138462033502,0.02646476665483111,0.004799138462033502,embedding_pca
esmc_PC153,-0.004840346447900124,0.015895666077636345,0.004840346447900124,embedding_pca
esmc_PC154,-0.01301292069697973,0.01687470656356854,0.01301292069697973,embedding_pca
esmc_PC155,0.00804134197847359,0.017472174079913874,0.00804134197847359,embedding_pca
esmc_PC156,-0.006357754133362058,0.026249545141289434,0.006357754133362058,embedding_pca
esmc_PC157,0.010726640590347112,0.02572510637277966,0.010726640590347112,embedding_pca
esmc_PC158,-0.0006539427051232317,0.019771066187557276,0.0006539427051232317,embedding_pca
esmc_PC159,0.001387824007771469,0.017339568913492143,0.001387824007771469,embedding_pca
esmc_PC160,-0.009872723368959897,0.014418818997309724,0.009872723368959897,embedding_pca
esmc_PC161,-0.012093321537246491,0.01393668323443877,0.012093321537246491,embedding_pca
esmc_PC162,0.008813227263533858,0.04523601647163612,0.008813227263533858,embedding_pca
esmc_PC163,0.015092850523615,0.0318091872722499,0.015092850523615,embedding_pca
esmc_PC164,-0.015190852294659832,0.02253169912191371,0.015190852294659832,embedding_pca
esmc_PC165,0.016602822479329316,0.04278139573148705,0.016602822479329316,embedding_pca
esmc_PC166,0.004473452194148848,0.028501695150639265,0.004473452194148848,embedding_pca
esmc_PC167,-0.002800073005648699,0.04437110369309728,0.002800073005648699,embedding_pca
esmc_PC168,-0.0018489266798751903,0.013808185896553676,0.0018489266798751903,embedding_pca
esmc_PC169,-0.01613233940352598,0.01726742440175532,0.01613233940352598,embedding_pca
esmc_PC170,0.014041251771537052,0.01292570375437385,0.014041251771537052,embedding_pca
esmc_PC171,-0.019365017470287866,0.014208663910582712,0.019365017470287866,embedding_pca
esmc_PC172,0.00027788359194301504,0.025695193207415812,0.00027788359194301504,embedding_pca
esmc_PC173,-0.023154093225250832,0.019979470569692168,0.023154093225250832,embedding_pca
esmc_PC174,0.008178214232640414,0.038601908969203895,0.008178214232640414,embedding_pca
esmc_PC175,-0.018643715238763257,0.043115234998707286,0.018643715238763257,embedding_pca
esmc_PC176,0.012837328491820187,0.027140712584099044,0.012837328491820187,embedding_pca
esmc_PC177,-0.006648966290213,0.019484358396978724,0.006648966290213,embedding_pca
esmc_PC178,-0.009440909242123697,0.024902785297047165,0.009440909242123697,embedding_pca
esmc_PC179,0.0038072559952688685,0.029774452869944772,0.0038072559952688685,embedding_pca
esmc_PC180,0.0008475239360203341,0.03343817817525768,0.0008475239360203341,embedding_pca
esmc_PC181,-0.0035996147190364538,0.022624875781952505,0.0035996147190364538,embedding_pca
esmc_PC182,-0.018380615830893156,0.023360686976435008,0.018380615830893156,embedding_pca
esmc_PC183,-0.008551633735905817,0.018022291761002108,0.008551633735905817,embedding_pca
esmc_PC184,0.0013194421560184268,0.011947066717724728,0.0013194421560184268,embedding_pca
esmc_PC185,0.0007134629602506507,0.01620775881434104,0.0007134629602506507,embedding_pca
esmc_PC186,-0.004234537191328424,0.020019915482252668,0.004234537191328424,embedding_pca
esmc_PC187,-0.015176388454980688,0.024185532880868117,0.015176388454980688,embedding_pca
esmc_PC188,-0.00561598743068044,0.010791069732097635,0.00561598743068044,embedding_pca
esmc_PC189,0.02112407920367282,0.027456479156492068,0.02112407920367282,embedding_pca
esmc_PC190,-0.01567430624514811,0.014311954636172295,0.01567430624514811,embedding_pca
esmc_PC191,0.005458012595073021,0.02162968492620917,0.005458012595073021,embedding_pca
esmc_PC192,-0.0033878520004074304,0.027443235924338432,0.0033878520004074304,embedding_pca
esmc_PC193,0.010693224189828664,0.03239491747399468,0.010693224189828664,embedding_pca
esmc_PC194,-0.012690227160718381,0.017671702209021506,0.012690227160718381,embedding_pca
esmc_PC195,-0.003062325710586361,0.01826345150029077,0.003062325710586361,embedding_pca
esmc_PC196,-0.01716656826571559,0.02344437890128132,0.01716656826571559,embedding_pca
esmc_PC197,0.006952528070499337,0.022026418956191597,0.006952528070499337,embedding_pca
esmc_PC198,-0.0013447901218390942,0.010041688668300009,0.0013447901218390942,embedding_pca
esmc_PC199,0.014528567615636433,0.024501596112353533,0.014528567615636433,embedding_pca
esmc_PC200,-0.00011310120933255025,0.015985128392522672,0.00011310120933255025,embedding_pca
esmc_PC201,0.022430944756623602,0.017644238080546482,0.022430944756623602,embedding_pca
esmc_PC202,0.010060370450903416,0.029926172644587048,0.010060370450903416,embedding_pca
esmc_PC203,-0.00015671521684601926,0.02610792880909618,0.00015671521684601926,embedding_pca
esmc_PC204,-0.0037183594118496656,0.02848185330271953,0.0037183594118496656,embedding_pca
esmc_PC205,0.00849946957107766,0.013426370094064053,0.00849946957107766,embedding_pca
esmc_PC206,-0.053373637570248975,0.018807988792938227,0.053373637570248975,embedding_pca
esmc_PC207,-0.017114845609672698,0.015021814175537947,0.017114845609672698,embedding_pca
esmc_PC208,-0.006065216905041669,0.02342283898522119,0.006065216905041669,embedding_pca
esmc_PC209,-0.0015979560292824226,0.03757841335489965,0.0015979560292824226,embedding_pca
esmc_PC210,0.0193280966524089,0.025968765092728767,0.0193280966524089,embedding_pca
esmc_PC211,0.004916067320993814,0.017156563350114125,0.004916067320993814,embedding_pca
esmc_PC212,0.014158895172026361,0.025337361531218502,0.014158895172026361,embedding_pca
esmc_PC213,0.015612903094519659,0.006216965452383094,0.015612903094519659,embedding_pca
esmc_PC214,0.02371688607919468,0.02160840133781414,0.02371688607919468,embedding_pca
esmc_PC215,-0.010739020883130987,0.02242468789466613,0.010739020883130987,embedding_pca
esmc_PC216,0.007370911623643575,0.015118033461352357,0.007370911623643575,embedding_pca
esmc_PC217,0.0017477094175402125,0.010514331952696878,0.0017477094175402125,embedding_pca
esmc_PC218,0.0028225229882445193,0.01872686085147589,0.0028225229882445193,embedding_pca
esmc_PC219,-0.01059880434049922,0.010468290566503773,0.01059880434049922,embedding_pca
esmc_PC220,-0.004662191104332142,0.024542610901328435,0.004662191104332142,embedding_pca
esmc_PC221,-0.0028281959615690426,0.02362392059830216,0.0028281959615690426,embedding_pca
esmc_PC222,-0.019653231216214807,0.02468717982607568,0.019653231216214807,embedding_pca
esmc_PC223,-0.00935212407324382,0.04249419267074268,0.00935212407324382,embedding_pca
esmc_PC224,0.009337606217909161,0.015946752915858068,0.009337606217909161,embedding_pca
esmc_PC225,0.010468944921737455,0.02534939972356984,0.010468944921737455,embedding_pca
esmc_PC226,-0.011524413893786209,0.02724900449362033,0.011524413893786209,embedding_pca
esmc_PC227,-0.014885689116977897,0.025144913332190353,0.014885689116977897,embedding_pca
esmc_PC228,0.010188464197324032,0.034671378542853425,0.010188464197324032,embedding_pca
esmc_PC229,0.001562794500504674,0.029344424083720354,0.001562794500504674,embedding_pca
esmc_PC230,0.009668400738852346,0.016804158164421976,0.009668400738852346,embedding_pca
esmc_PC231,-0.012085266597202606,0.026813933709959596,0.012085266597202606,embedding_pca
esmc_PC232,-0.022201758976295952,0.019498039534175032,0.022201758976295952,embedding_pca
esmc_PC233,-0.003596951155348314,0.008715982013099515,0.003596951155348314,embedding_pca
esmc_PC234,-0.01956813488503201,0.013763876227878433,0.01956813488503201,embedding_pca
esmc_PC235,0.01188530831926858,0.010529900519745587,0.01188530831926858,embedding_pca
esmc_PC236,0.010828143087717368,0.019387215237081954,0.010828143087717368,embedding_pca
esmc_PC237,0.0019381577806185755,0.02309297013094248,0.0019381577806185755,embedding_pca
esmc_PC238,0.01251196543746303,0.015034210864512145,0.01251196543746303,embedding_pca
esmc_PC239,0.007126303969739831,0.017326901093470345,0.007126303969739831,embedding_pca
esmc_PC240,0.016276095084069367,0.009642093788039865,0.016276095084069367,embedding_pca
esmc_PC241,0.013154299203543657,0.021960383930184763,0.013154299203543657,embedding_pca
esmc_PC242,0.012418709231041051,0.017354270223771503,0.012418709231041051,embedding_pca
esmc_PC243,0.006184424015048705,0.026876712918444165,0.006184424015048705,embedding_pca
esmc_PC244,-0.02097093486023225,0.010025456813884137,0.02097093486023225,embedding_pca
esmc_PC245,0.013774458808233919,0.01570911612480068,0.013774458808233919,embedding_pca
esmc_PC246,-0.015541545999046068,0.018059912992470933,0.015541545999046068,embedding_pca
esmc_PC247,0.008955007744575295,0.00795615521066176,0.008955007744575295,embedding_pca
esmc_PC248,0.005653590957720037,0.01393047627560183,0.005653590957720037,embedding_pca
esmc_PC249,-0.004855166062359128,0.033141161159077275,0.004855166062359128,embedding_pca
esmc_PC250,-0.01129496849264426,0.00975410007100754,0.01129496849264426,embedding_pca
esmc_PC251,-0.00798490765910744,0.01780599590045606,0.00798490765910744,embedding_pca
esmc_PC252,0.013831626802574682,0.013552155620534058,0.013831626802574682,embedding_pca
esmc_PC253,0.015019575391262155,0.032153619845265526,0.015019575391262155,embedding_pca
esmc_PC254,-0.012899899237041667,0.020714770744330202,0.012899899237041667,embedding_pca
esmc_PC255,-0.008084502744424555,0.03744314758268072,0.008084502744424555,embedding_pca
esmc_PC256,-0.01790085684393853,0.020801014951722128,0.01790085684393853,embedding_pca
esmc_PC257,0.005524338476643297,0.014815452947609145,0.005524338476643297,embedding_pca
esmc_PC258,-0.036905824747725864,0.017580866795209604,0.036905824747725864,embedding_pca
esmc_PC259,0.012278354210027664,0.030759420796360085,0.012278354210027664,embedding_pca
esmc_PC260,-0.015529757290968726,0.029618471064713,0.015529757290968726,embedding_pca
esmc_PC261,-0.006023053477868629,0.02647313733605682,0.006023053477868629,embedding_pca
esmc_PC262,-0.0016205324808071394,0.032454920739009414,0.0016205324808071394,embedding_pca
esmc_PC263,0.007957316731484445,0.03381115417101844,0.007957316731484445,embedding_pca
esmc_PC264,0.007141382474497045,0.01793808249711445,0.007141382474497045,embedding_pca
esmc_PC265,0.004402727754437722,0.02251461929915018,0.004402727754437722,embedding_pca
esmc_PC266,-0.003918236770632041,0.020857894665939115,0.003918236770632041,embedding_pca
esmc_PC267,0.004392230772243331,0.025240843923158365,0.004392230772243331,embedding_pca
esmc_PC268,-0.018747745844428988,0.024442411460951673,0.018747745844428988,embedding_pca
esmc_PC269,0.026945993997242262,0.01515493389248497,0.026945993997242262,embedding_pca
esmc_PC270,-0.0042830852068564025,0.02080550225135307,0.0042830852068564025,embedding_pca
esmc_PC271,-0.020086016996942513,0.017591271834058286,0.020086016996942513,embedding_pca
esmc_PC272,-0.014686012563121164,0.01553161783069077,0.014686012563121164,embedding_pca
esmc_PC273,0.00149120888132238,0.021094431739707507,0.00149120888132238,embedding_pca
esmc_PC274,-0.0033310829309795226,0.022012266440299272,0.0033310829309795226,embedding_pca
esmc_PC275,-0.0066260753026696345,0.012918576804207533,0.0066260753026696345,embedding_pca
esmc_PC276,-0.00955063056750983,0.014609498266479346,0.00955063056750983,embedding_pca
esmc_PC277,0.001875643847798965,0.030047967482447646,0.001875643847798965,embedding_pca
esmc_PC278,0.014903848630307165,0.019189351598489057,0.014903848630307165,embedding_pca
esmc_PC279,-0.007169843385557107,0.01203307822230733,0.007169843385557107,embedding_pca
esmc_PC280,-0.015801900144533285,0.024698504671703734,0.015801900144533285,embedding_pca
esmc_PC281,0.0038076357238412918,0.009667702781658962,0.0038076357238412918,embedding_pca
esmc_PC282,1.15096362676384e-05,0.016051940815910656,1.15096362676384e-05,embedding_pca
esmc_PC283,0.0019792209222011113,0.01586310216851807,0.0019792209222011113,embedding_pca
esmc_PC284,0.005115506546775091,0.01593484557660182,0.005115506546775091,embedding_pca
esmc_PC285,-0.0064614397714715345,0.007425209009832591,0.0064614397714715345,embedding_pca
esmc_PC286,-0.002327218728349774,0.011810387823771537,0.002327218728349774,embedding_pca
esmc_PC287,-0.018446142787495512,0.020134830962639988,0.018446142787495512,embedding_pca
esmc_PC288,-0.004766132076485116,0.0205346001941413,0.004766132076485116,embedding_pca
esmc_PC289,0.011921299482304169,0.01217531786289072,0.011921299482304169,embedding_pca
esmc_PC290,0.012228968811923906,0.02159475518232717,0.012228968811923906,embedding_pca
esmc_PC291,0.0019560829431837,0.008679462342973981,0.0019560829431837,embedding_pca
esmc_PC292,-0.010905301160863521,0.01605160846230856,0.010905301160863521,embedding_pca
esmc_PC293,-0.006965857231579958,0.005316425599135785,0.006965857231579958,embedding_pca
esmc_PC294,-0.008919623814482207,0.011855475568328245,0.008919623814482207,embedding_pca
esmc_PC295,0.0044790386347008096,0.03178607883135369,0.0044790386347008096,embedding_pca
esmc_PC296,-0.008283605461765448,0.014003197619214118,0.008283605461765448,embedding_pca
esmc_PC297,-0.008390086812379545,0.026951156217883743,0.008390086812379545,embedding_pca
esmc_PC298,0.007741873932566065,0.0054059927810835885,0.007741873932566065,embedding_pca
esmc_PC299,-0.010501096430941883,0.01055572870411943,0.010501096430941883,embedding_pca
esmc_PC300,4.228232816133326e-05,0.012729133397726808,4.228232816133326e-05,embedding_pca
esmc_PC301,-0.021203547031997626,0.030640984531604055,0.021203547031997626,embedding_pca
esmc_PC302,-0.007332315536707804,0.014557237240571603,0.007332315536707804,embedding_pca
esmc_PC303,-0.012223034748610136,0.020450599766114946,0.012223034748610136,embedding_pca
esmc_PC304,0.011178246791039464,0.02087360110573121,0.011178246791039464,embedding_pca
esmc_PC305,-0.0033846237380617643,0.018428113359122634,0.0033846237380617643,embedding_pca
esmc_PC306,-0.0018593066442420438,0.03666875470634851,0.0018593066442420438,embedding_pca
esmc_PC307,-0.00806737230515906,0.01673219654899586,0.00806737230515906,embedding_pca
esmc_PC308,0.007945267440900221,0.018771750251180854,0.007945267440900221,embedding_pca
esmc_PC309,-0.02071664270358678,0.006647272224518648,0.02071664270358678,embedding_pca
esmc_PC310,-0.0008434922317987651,0.006395460475707386,0.0008434922317987651,embedding_pca
esmc_PC311,0.009014411159559657,0.024192668636912145,0.009014411159559657,embedding_pca
esmc_PC312,-0.014684985116554508,0.010277607193908484,0.014684985116554508,embedding_pca
esmc_PC313,0.005353596331144047,0.013268423732716113,0.005353596331144047,embedding_pca
esmc_PC314,0.007704427796003005,0.024490851634271945,0.007704427796003005,embedding_pca
esmc_PC315,0.007083539655764369,0.007502829588939085,0.007083539655764369,embedding_pca
esmc_PC316,0.013058827566828541,0.018388648464233315,0.013058827566828541,embedding_pca
esmc_PC317,-0.0037128095075757194,0.015981203318972667,0.0037128095075757194,embedding_pca
esmc_PC318,0.003922044389377339,0.006614146659969424,0.003922044389377339,embedding_pca
esmc_PC319,0.003193442266448198,0.02038268360607278,0.003193442266448198,embedding_pca
esmc_PC320,0.000527054889574991,0.01419728113537604,0.000527054889574991,embedding_pca
esmc_PC321,-0.004512086296632278,0.02613327195387933,0.004512086296632278,embedding_pca
esmc_PC322,-0.01421166701319464,0.020443214200547195,0.01421166701319464,embedding_pca
esmc_PC323,0.02359695738337059,0.030556551634663153,0.02359695738337059,embedding_pca
esmc_PC324,-0.012350398716897401,0.014621582112163524,0.012350398716897401,embedding_pca
esmc_PC325,-0.01667320474951132,0.03759070556340747,0.01667320474951132,embedding_pca
esmc_PC326,0.013695366201832268,0.014804898423078253,0.013695366201832268,embedding_pca
esmc_PC327,0.013974528974020609,0.01668369311493863,0.013974528974020609,embedding_pca
esmc_PC328,0.004826281099208471,0.030290789836089148,0.004826281099208471,embedding_pca
esmc_PC329,-0.008690866978648164,0.020609676044049792,0.008690866978648164,embedding_pca
esmc_PC330,0.01685181242935704,0.018097453168972127,0.01685181242935704,embedding_pca
esmc_PC331,-0.015067326137441928,0.029888195749682742,0.015067326137441928,embedding_pca
esmc_PC332,0.0011443800291467084,0.024254552689668335,0.0011443800291467084,embedding_pca
esmc_PC333,0.0027247533167919736,0.02570149502221196,0.0027247533167919736,embedding_pca
esmc_PC334,0.006949145094333181,0.016589672850595965,0.006949145094333181,embedding_pca
esmc_PC335,-0.02171808878367472,0.010333066109477571,0.02171808878367472,embedding_pca
esmc_PC336,0.00565148481167122,0.021818893695068235,0.00565148481167122,embedding_pca
esmc_PC337,-0.00218064228834131,0.02058073344552944,0.00218064228834131,embedding_pca
esmc_PC338,-0.0026581348256863153,0.027628603766412452,0.0026581348256863153,embedding_pca
esmc_PC339,0.013595641027617584,0.02164168907922102,0.013595641027617584,embedding_pca
esmc_PC340,-0.005692540924880564,0.012990357603500492,0.005692540924880564,embedding_pca
esmc_PC341,-0.01198898545694748,0.019371678993893016,0.01198898545694748,embedding_pca
esmc_PC342,-0.0027540868849789276,0.02224623789528434,0.0027540868849789276,embedding_pca
esmc_PC343,0.012313757235627155,0.006097894308287315,0.012313757235627155,embedding_pca
esmc_PC344,-0.003510881241545955,0.02678942824003813,0.003510881241545955,embedding_pca
esmc_PC345,-0.007443795688716603,0.014879021708223798,0.007443795688716603,embedding_pca
esmc_PC346,-0.010343849123906897,0.015004517403202754,0.010343849123906897,embedding_pca
esmc_PC347,-0.011553906139154737,0.022615904262492974,0.011553906139154737,embedding_pca
esmc_PC348,0.008014989655872015,0.021843569990552345,0.008014989655872015,embedding_pca
esmc_PC349,-0.005817185599708287,0.021963875166277225,0.005817185599708287,embedding_pca
esmc_PC350,0.006076027862127772,0.019093253157304632,0.006076027862127772,embedding_pca
esmc_PC351,-0.005498089311952882,0.01618772801477806,0.005498089311952882,embedding_pca
esmc_PC352,0.0027793108089117294,0.011650354848338594,0.0027793108089117294,embedding_pca
esmc_PC353,0.008505187616587955,0.02071605509907596,0.008505187616587955,embedding_pca
esmc_PC354,0.005915209552688732,0.014958234812274086,0.005915209552688732,embedding_pca
esmc_PC355,0.009556930791406217,0.00901976352311739,0.009556930791406217,embedding_pca
esmc_PC356,0.00023590206894488555,0.009723925579579682,0.00023590206894488555,embedding_pca
esmc_PC357,0.0033430138817046157,0.019744186905645552,0.0033430138817046157,embedding_pca
esmc_PC358,-0.004269029065801702,0.032263139838935986,0.004269029065801702,embedding_pca
esmc_PC359,0.0034448592659861088,0.013438536255964287,0.0034448592659861088,embedding_pca
esmc_PC360,-0.0010823753966150086,0.010681439998560395,0.0010823753966150086,embedding_pca
esmc_PC361,0.004363599914432643,0.016320255474536655,0.004363599914432643,embedding_pca
esmc_PC362,0.0018376377582681584,0.011012751296647279,0.0018376377582681584,embedding_pca
esmc_PC363,0.010198575938694691,0.012635581456564519,0.010198575938694691,embedding_pca
esmc_PC364,-0.014207855518684887,0.01718765789897133,0.014207855518684887,embedding_pca
esmc_PC365,-1.5762168723406146e-05,0.008258881745110334,1.5762168723406146e-05,embedding_pca
esmc_PC366,-0.022787291425590626,0.01059673744502074,0.022787291425590626,embedding_pca
esmc_PC367,-0.013349502307250594,0.01569697255012889,0.013349502307250594,embedding_pca
esmc_PC368,-0.0010295792304108847,0.020865463475728954,0.0010295792304108847,embedding_pca
esmc_PC369,0.011995840536052557,0.020296601556846903,0.011995840536052557,embedding_pca
esmc_PC370,0.0006475465336988012,0.015679296068125414,0.0006475465336988012,embedding_pca
esmc_PC371,-0.001847022331902131,0.007801148953574516,0.001847022331902131,embedding_pca
esmc_PC372,-0.008074402408647601,0.030561946204456413,0.008074402408647601,embedding_pca
esmc_PC373,-0.025901048151127187,0.019907010035289212,0.025901048151127187,embedding_pca
esmc_PC374,-0.007922828960546139,0.013995500297524659,0.007922828960546139,embedding_pca
esmc_PC375,-0.014072495861212222,0.014352524404437494,0.014072495861212222,embedding_pca
esmc_PC376,0.011164873684914757,0.027096325628709724,0.011164873684914757,embedding_pca
esmc_PC377,-0.0033297219630504847,0.029478103046438275,0.0033297219630504847,embedding_pca
esmc_PC378,-0.000806468763332769,0.02155896831545635,0.000806468763332769,embedding_pca
esmc_PC379,0.010870870604649996,0.015433111480177076,0.010870870604649996,embedding_pca
esmc_PC380,-0.0077340565061730995,0.008349262639471031,0.0077340565061730995,embedding_pca
esmc_PC381,0.0022296812305562636,0.023114265173267163,0.0022296812305562636,embedding_pca
esmc_PC382,0.0055307441405023595,0.01685727937501614,0.0055307441405023595,embedding_pca
esmc_PC383,-0.0009710317659786819,0.034621531398755664,0.0009710317659786819,embedding_pca
esmc_PC384,0.010991444704583256,0.015674476574178493,0.010991444704583256,embedding_pca
esmc_PC385,0.008759991141071583,0.016426365126530933,0.008759991141071583,embedding_pca
esmc_PC386,-0.018275106391979778,0.011083582023954326,0.018275106391979778,embedding_pca
esmc_PC387,0.004432708322298515,0.013556795072747858,0.004432708322298515,embedding_pca
esmc_PC388,0.006488525288510133,0.018911215241811795,0.006488525288510133,embedding_pca
esmc_PC389,0.00037618563532952273,0.020773867025808787,0.00037618563532952273,embedding_pca
esmc_PC390,0.009143899111122133,0.0162699538237431,0.009143899111122133,embedding_pca
esmc_PC391,-0.003249445729556426,0.02574732430371014,0.003249445729556426,embedding_pca
esmc_PC392,-0.00417359331439507,0.01706535181437973,0.00417359331439507,embedding_pca
esmc_PC393,-0.00794216949955323,0.024570940839663102,0.00794216949955323,embedding_pca
esmc_PC394,-0.005066938618882219,0.019821513932849717,0.005066938618882219,embedding_pca
esmc_PC395,-0.005462900848075871,0.005564469963217269,0.005462900848075871,embedding_pca
esmc_PC396,0.004229575871173645,0.028844407587239888,0.004229575871173645,embedding_pca
esmc_PC397,0.0008813946073579314,0.011405198345550864,0.0008813946073579314,embedding_pca
esmc_PC398,-0.003233201626658337,0.01107285102966154,0.003233201626658337,embedding_pca
esmc_PC399,-0.0171434468974666,0.0226505095111104,0.0171434468974666,embedding_pca
esmc_PC400,-0.004510765324141313,0.02031449363940241,0.004510765324141313,embedding_pca
esmc_PC401,-0.011620272720163265,0.01384280887463125,0.011620272720163265,embedding_pca
esmc_PC402,-6.202062191131008e-07,0.01829900358451757,6.202062191131008e-07,embedding_pca
esmc_PC403,0.00048660156237460633,0.016730371419073038,0.00048660156237460633,embedding_pca
esmc_PC404,-0.002208333214951107,0.00926714335456832,0.002208333214951107,embedding_pca
esmc_PC405,-0.01532403300178434,0.00832322073901495,0.01532403300178434,embedding_pca
esmc_PC406,-0.006876046545399324,0.015946503727788955,0.006876046545399324,embedding_pca
esmc_PC407,-0.010106343794466845,0.017717977331922576,0.010106343794466845,embedding_pca
esmc_PC408,-0.0011162331582338016,0.013904328180892994,0.0011162331582338016,embedding_pca
esmc_PC409,0.014730627964437823,0.01540479407832907,0.014730627964437823,embedding_pca
esmc_PC410,0.005352945699969585,0.021960792288074914,0.005352945699969585,embedding_pca
esmc_PC411,-0.013088794275832937,0.017452170072314095,0.013088794275832937,embedding_pca
esmc_PC412,0.008923355265628099,0.020625029313362794,0.008923355265628099,embedding_pca
esmc_PC413,0.0017177474490759144,0.018175029307134098,0.0017177474490759144,embedding_pca
esmc_PC414,-0.005068543901165622,0.012900254482632751,0.005068543901165622,embedding_pca
esmc_PC415,0.006096004830942773,0.010413589136491371,0.006096004830942773,embedding_pca
esmc_PC416,-0.013262181071836233,0.012814918297390189,0.013262181071836233,embedding_pca
esmc_PC417,0.0036387470425239105,0.016030109118011907,0.0036387470425239105,embedding_pca
esmc_PC418,-0.00022263800236716272,0.014065900294930335,0.00022263800236716272,embedding_pca
esmc_PC419,-0.0006665869550729484,0.016838425029362027,0.0006665869550729484,embedding_pca
esmc_PC420,0.004718625025727591,0.02364586846416498,0.004718625025727591,embedding_pca
esmc_PC421,0.010048256586238358,0.02358137552092867,0.010048256586238358,embedding_pca
esmc_PC422,0.002711294602359791,0.018628576461145633,0.002711294602359791,embedding_pca
esmc_PC423,0.015684994511707802,0.020154512113094752,0.015684994511707802,embedding_pca
esmc_PC424,-0.0004734372044887081,0.041134094008667584,0.0004734372044887081,embedding_pca
esmc_PC425,-0.004509675294694515,0.03062698758507122,0.004509675294694515,embedding_pca
esmc_PC426,0.0033391447004652896,0.018277798769547184,0.0033391447004652896,embedding_pca
esmc_PC427,0.003651820427740164,0.02389717147099297,0.003651820427740164,embedding_pca
esmc_PC428,0.008648189277651297,0.02390230852876529,0.008648189277651297,embedding_pca
esmc_PC429,-0.009084177518553869,0.022113159254552633,0.009084177518553869,embedding_pca
esmc_PC430,-0.012194916574905724,0.020887903793382418,0.012194916574905724,embedding_pca
esmc_PC431,-0.01133203049954171,0.01048131783207111,0.01133203049954171,embedding_pca
esmc_PC432,-0.005857305596144056,0.019670960983702614,0.005857305596144056,embedding_pca
esmc_PC433,0.009204876797949721,0.020660682635640543,0.009204876797949721,embedding_pca
esmc_PC434,-0.010861094833755516,0.021607899360137576,0.010861094833755516,embedding_pca
esmc_PC435,-0.001556656492303589,0.0183924904202181,0.001556656492303589,embedding_pca
esmc_PC436,-0.00943764227149072,0.022867094874731833,0.00943764227149072,embedding_pca
esmc_PC437,0.002492682373304006,0.009370729467371495,0.002492682373304006,embedding_pca
esmc_PC438,-0.010629982922222163,0.02587000121117204,0.010629982922222163,embedding_pca
esmc_PC439,0.00948866863238532,0.019898277746665704,0.00948866863238532,embedding_pca
esmc_PC440,-0.010823994504070008,0.02294406726827248,0.010823994504070008,embedding_pca
esmc_PC441,-0.0013066574971279173,0.02373366762573372,0.0013066574971279173,embedding_pca
esmc_PC442,0.010800391411808155,0.02112624055133083,0.010800391411808155,embedding_pca
esmc_PC443,0.005915222975166572,0.032112893451945936,0.005915222975166572,embedding_pca
esmc_PC444,-0.01812005240130011,0.017477894887100748,0.01812005240130011,embedding_pca
esmc_PC445,0.003917869550471935,0.025971827808541813,0.003917869550471935,embedding_pca
esmc_PC446,-0.003718725455865169,0.015719659074635354,0.003718725455865169,embedding_pca
esmc_PC447,0.013873124977800244,0.013677819050358492,0.013873124977800244,embedding_pca
esmc_PC448,0.003164488916862164,0.015599049682301936,0.003164488916862164,embedding_pca
esmc_PC449,7.843654691378418e-05,0.017772924879072532,7.843654691378418e-05,embedding_pca
esmc_PC450,-0.008272553429741415,0.017489741377327814,0.008272553429741415,embedding_pca
esmc_PC451,0.007147817826477447,0.024073637962795214,0.007147817826477447,embedding_pca
esmc_PC452,-0.002979278506091057,0.009633527400320342,0.002979278506091057,embedding_pca
esmc_PC453,0.0023318356659667466,0.010660972529815045,0.0023318356659667466,embedding_pca
esmc_PC454,0.0020425814445663706,0.01810821789106249,0.0020425814445663706,embedding_pca
esmc_PC455,0.0006190254897614489,0.012411704321174824,0.0006190254897614489,embedding_pca
esmc_PC456,-0.0032617001988040463,0.02314102681025936,0.0032617001988040463,embedding_pca
esmc_PC457,-0.020009666399532028,0.020371823469991578,0.020009666399532028,embedding_pca
esmc_PC458,0.008987110473025497,0.008130775789165436,0.008987110473025497,embedding_pca
esmc_PC459,0.01229926349264976,0.012324517011235487,0.01229926349264976,embedding_pca
esmc_PC460,0.004272397267436669,0.025407093992056536,0.004272397267436669,embedding_pca
esmc_PC461,-0.004259510494167971,0.025408358165895546,0.004259510494167971,embedding_pca
esmc_PC462,0.00010802454645039011,0.02295574457201956,0.00010802454645039011,embedding_pca
esmc_PC463,-0.0006627278703371618,0.0204639931354901,0.0006627278703371618,embedding_pca
esmc_PC464,0.010560013786820916,0.018238310365443308,0.010560013786820916,embedding_pca
esmc_PC465,-0.007932881532616499,0.010313778063875482,0.007932881532616499,embedding_pca
esmc_PC466,-0.0034008746189493283,0.013403318021459852,0.0034008746189493283,embedding_pca
esmc_PC467,0.008083950029811899,0.024630882539873004,0.008083950029811899,embedding_pca
esmc_PC468,0.0021976213583958038,0.019809750692445498,0.0021976213583958038,embedding_pca
esmc_PC469,0.0029338097748567347,0.019697999051343826,0.0029338097748567347,embedding_pca
esmc_PC470,0.005458018108309252,0.02297338580888002,0.005458018108309252,embedding_pca
esmc_PC471,0.008323401280793936,0.016029778077679958,0.008323401280793936,embedding_pca
esmc_PC472,-0.009355035455171416,0.013889701252646458,0.009355035455171416,embedding_pca
esmc_PC473,0.017569427932205527,0.00992341992255087,0.017569427932205527,embedding_pca
esmc_PC474,-0.0015392071739886624,0.020446095132440383,0.0015392071739886624,embedding_pca
esmc_PC475,0.020445198100987612,0.016670916117213525,0.020445198100987612,embedding_pca
esmc_PC476,-0.0074657303043419556,0.02987993476929194,0.0074657303043419556,embedding_pca
esmc_PC477,-0.0025235836172383392,0.013903487925947837,0.0025235836172383392,embedding_pca
esmc_PC478,0.0002227944002487498,0.00696627026113172,0.0002227944002487498,embedding_pca
esmc_PC479,0.005318395944177863,0.007079431525100334,0.005318395944177863,embedding_pca
esmc_PC480,-0.009406234659033664,0.0071927893547293975,0.009406234659033664,embedding_pca
esmc_PC481,0.0009357341607689866,0.017976457194862943,0.0009357341607689866,embedding_pca
esmc_PC482,-0.0037442741400141983,0.029876982042431267,0.0037442741400141983,embedding_pca
esmc_PC483,0.0069991857306679495,0.021056021945305984,0.0069991857306679495,embedding_pca
esmc_PC484,0.0071071385370815076,0.025646261867164427,0.0071071385370815076,embedding_pca
esmc_PC485,-0.015946820245328435,0.02584760517768289,0.015946820245328435,embedding_pca
esmc_PC486,-0.002145966860049325,0.016304153418744492,0.002145966860049325,embedding_pca
esmc_PC487,0.004604821573176816,0.008973179198601161,0.004604821573176816,embedding_pca
esmc_PC488,0.0068844901250718306,0.015480865265135202,0.0068844901250718306,embedding_pca
esmc_PC489,-0.0051924491131776175,0.010030438877078834,0.0051924491131776175,embedding_pca
esmc_PC490,0.01088847366875074,0.008549993856599542,0.01088847366875074,embedding_pca
esmc_PC491,0.003448696196304641,0.021054618630827006,0.003448696196304641,embedding_pca
esmc_PC492,0.011855523496207086,0.014265589397728392,0.011855523496207086,embedding_pca
esmc_PC493,0.014260557259536802,0.012050551126648656,0.014260557259536802,embedding_pca
esmc_PC494,-0.00607398150051702,0.012988780343925402,0.00607398150051702,embedding_pca
esmc_PC495,-0.01735339135299415,0.017369621296821024,0.01735339135299415,embedding_pca
esmc_PC496,0.006512569687876797,0.014474014852093047,0.006512569687876797,embedding_pca
esmc_PC497,0.005191294513298495,0.005568196792324542,0.005191294513298495,embedding_pca
esmc_PC498,0.011605355476563179,0.011673466403308498,0.011605355476563179,embedding_pca
esmc_PC499,-0.006621461022541778,0.01028149851954255,0.006621461022541778,embedding_pca
esmc_PC500,-0.0008534537005882057,0.013897839465555133,0.0008534537005882057,embedding_pca
esmc_PC501,0.0016062394553478347,0.023956901575102094,0.0016062394553478347,embedding_pca
esmc_PC502,-0.001143698821266266,0.019794330441264555,0.001143698821266266,embedding_pca
esmc_PC503,0.005657976728457055,0.0195794561415874,0.005657976728457055,embedding_pca
esmc_PC504,-0.008091153786026645,0.0057017089135808895,0.008091153786026645,embedding_pca
esmc_PC505,0.005005605197933468,0.024998392696629127,0.005005605197933468,embedding_pca
esmc_PC506,0.011111834306771599,0.025279101426616858,0.011111834306771599,embedding_pca
esmc_PC507,0.001124901211118134,0.009480112191742152,0.001124901211118134,embedding_pca
esmc_PC508,0.014012414690777898,0.02464258865794909,0.014012414690777898,embedding_pca
esmc_PC509,0.0017762393625636783,0.030796202210909094,0.0017762393625636783,embedding_pca
esmc_PC510,-0.0077622191268979426,0.014190721354771162,0.0077622191268979426,embedding_pca
esmc_PC511,-0.006056068562555103,0.017485084801622728,0.006056068562555103,embedding_pca
esmc_PC512,-0.013570790287600434,0.018108245202090777,0.013570790287600434,embedding_pca
esmc_PC513,0.005213243598736221,0.02267242982597962,0.005213243598736221,embedding_pca
esmc_PC514,0.00627757593127993,0.013436315436837149,0.00627757593127993,embedding_pca
esmc_PC515,0.0022020957610175513,0.017685535329588786,0.0022020957610175513,embedding_pca
esmc_PC516,0.0012144937134934046,0.019375076887437833,0.0012144937134934046,embedding_pca
esmc_PC517,0.009045206579927256,0.022730187331053704,0.009045206579927256,embedding_pca
esmc_PC518,-0.005874878991040921,0.015008406925160672,0.005874878991040921,embedding_pca
esmc_PC519,-0.00029125450888427826,0.01478744760021112,0.00029125450888427826,embedding_pca
esmc_PC520,-0.0007000277911318154,0.020668066704383863,0.0007000277911318154,embedding_pca
esmc_PC521,0.005828668365163378,0.014301135148768516,0.005828668365163378,embedding_pca
esmc_PC522,0.010450966917198073,0.010606870069512789,0.010450966917198073,embedding_pca
esmc_PC523,-0.0038743454236623925,0.006079690894550381,0.0038743454236623925,embedding_pca
esmc_PC524,0.0034117457841047493,0.008921750961472633,0.0034117457841047493,embedding_pca
esmc_PC525,-0.004511688397031495,0.014922676234812308,0.004511688397031495,embedding_pca
esmc_PC526,0.011942113376910316,0.025055126087517466,0.011942113376910316,embedding_pca
esmc_PC527,-0.01270339799774121,0.020443808997760868,0.01270339799774121,embedding_pca
esmc_PC528,0.006929322950328396,0.010423742280702395,0.006929322950328396,embedding_pca
esmc_PC529,-0.014197145187857762,0.021195087974375592,0.014197145187857762,embedding_pca
esmc_PC530,-0.005364408081462408,0.014472790074289546,0.005364408081462408,embedding_pca
esmc_PC531,-0.011694967605350184,0.022801430258539045,0.011694967605350184,embedding_pca
esmc_PC532,-0.0009362195451066771,0.013212143365191057,0.0009362195451066771,embedding_pca
esmc_PC533,0.0032290643112827255,0.01565961695135511,0.0032290643112827255,embedding_pca
esmc_PC534,-0.003331265518076888,0.014396886200801694,0.003331265518076888,embedding_pca
esmc_PC535,0.003844715095339931,0.006996998740487439,0.003844715095339931,embedding_pca
esmc_PC536,-0.0028981461896654412,0.01394702602848373,0.0028981461896654412,embedding_pca
esmc_PC537,0.0001517047345202879,0.01830356586253541,0.0001517047345202879,embedding_pca
esmc_PC538,0.007902578268197475,0.014969929489270034,0.007902578268197475,embedding_pca
esmc_PC539,0.0004263056742298063,0.019034365404630674,0.0004263056742298063,embedding_pca
esmc_PC540,-0.0068040879385208265,0.010852256546954995,0.0068040879385208265,embedding_pca
esmc_PC541,0.00796950013175413,0.009839322428999741,0.00796950013175413,embedding_pca
esmc_PC542,-0.013658914792929754,0.009695773567086816,0.013658914792929754,embedding_pca
esmc_PC543,-0.01719801904309347,0.013536705549071444,0.01719801904309347,embedding_pca
esmc_PC544,0.01452769654336114,0.02348286075461178,0.01452769654336114,embedding_pca
esmc_PC545,-0.003561815722527948,0.015915020510510726,0.003561815722527948,embedding_pca
esmc_PC546,0.0013822971108019514,0.037187058186476524,0.0013822971108019514,embedding_pca
esmc_PC547,-0.004760457639990329,0.015371701148224993,0.004760457639990329,embedding_pca
esmc_PC548,0.005978059427041901,0.015670492802274224,0.005978059427041901,embedding_pca
esmc_PC549,-0.011562744543071452,0.016082107317825743,0.011562744543071452,embedding_pca
esmc_PC550,-0.00787455542234029,0.02043656584726945,0.00787455542234029,embedding_pca
esmc_PC551,-0.003771552274729406,0.021650858214860284,0.003771552274729406,embedding_pca
esmc_PC552,0.004673532560301496,0.013271375528630478,0.004673532560301496,embedding_pca
esmc_PC553,-0.010225970793993611,0.010840110528437176,0.010225970793993611,embedding_pca
esmc_PC554,-0.0033872197796785027,0.01742073122192506,0.0033872197796785027,embedding_pca
esmc_PC555,-0.0005995222885031772,0.01498104240942118,0.0005995222885031772,embedding_pca
esmc_PC556,0.019392140429095102,0.02719360055742179,0.019392140429095102,embedding_pca
esmc_PC557,-0.009179714629207757,0.028184042565774566,0.009179714629207757,embedding_pca
esmc_PC558,0.011458299576340604,0.028503863494061372,0.011458299576340604,embedding_pca
esmc_PC559,0.008111862018778329,0.024812794710028743,0.008111862018778329,embedding_pca
esmc_PC560,0.003210435096939873,0.01613811461411592,0.003210435096939873,embedding_pca
esmc_PC561,0.0015343136454071548,0.0331453927135552,0.0015343136454071548,embedding_pca
esmc_PC562,-0.0013319734763115824,0.009146457536088868,0.0013319734763115824,embedding_pca
esmc_PC563,-0.004638043704107542,0.02015055089361325,0.004638043704107542,embedding_pca
esmc_PC564,-0.004696549927308395,0.025938750247025112,0.004696549927308395,embedding_pca
esmc_PC565,0.005862601233648118,0.01850661637805558,0.005862601233648118,embedding_pca
esmc_PC566,0.010889835138031573,0.013658623288580782,0.010889835138031573,embedding_pca
esmc_PC567,0.018165720313532988,0.012001389882833067,0.018165720313532988,embedding_pca
esmc_PC568,-0.0039215965551837335,0.02570394424785007,0.0039215965551837335,embedding_pca
esmc_PC569,0.002902757662605672,0.0267903014369487,0.002902757662605672,embedding_pca
esmc_PC570,0.01608889340686048,0.025676968527337397,0.01608889340686048,embedding_pca
esmc_PC571,-0.006644337366408781,0.01769686072020158,0.006644337366408781,embedding_pca
esmc_PC572,-0.012377024192079625,0.012114261648510857,0.012377024192079625,embedding_pca
esmc_PC573,-0.0037003599720570506,0.012661675414025561,0.0037003599720570506,embedding_pca
esmc_PC574,0.004291858621243615,0.022223828862150494,0.004291858621243615,embedding_pca
esmc_PC575,0.009701042776293665,0.023329311753624352,0.009701042776293665,embedding_pca
esmc_PC576,-0.006091966726926893,0.02250593714094696,0.006091966726926893,embedding_pca
esmc_PC577,0.0033913603788284057,0.005842951120652161,0.0033913603788284057,embedding_pca
esmc_PC578,-0.008955387740329043,0.019768555689755565,0.008955387740329043,embedding_pca
esmc_PC579,-0.006701260164762893,0.014224467104500062,0.006701260164762893,embedding_pca
esmc_PC580,-0.0035865180729416067,0.01416434310871107,0.0035865180729416067,embedding_pca
esmc_PC581,0.002737819305336396,0.029171398371988226,0.002737819305336396,embedding_pca
esmc_PC582,0.0092181333532157,0.012162831446311704,0.0092181333532157,embedding_pca
esmc_PC583,5.450011238584129e-05,0.02808210836648837,5.450011238584129e-05,embedding_pca
esmc_PC584,0.015010903463733172,0.021426211060864633,0.015010903463733172,embedding_pca
esmc_PC585,-2.2699191076235374e-05,0.014843656778521827,2.2699191076235374e-05,embedding_pca
esmc_PC586,-0.012229678246099569,0.02025915113481296,0.012229678246099569,embedding_pca
esmc_PC587,-0.022654426714877024,0.00968795220716104,0.022654426714877024,embedding_pca
esmc_PC588,-0.0032750533594026444,0.00909485205340998,0.0032750533594026444,embedding_pca
esmc_PC589,0.0014929479601224886,0.02196838124096378,0.0014929479601224886,embedding_pca
esmc_PC590,-0.013591749489631799,0.015514596044329539,0.013591749489631799,embedding_pca
esmc_PC591,-0.005252482981249208,0.01803934019501572,0.005252482981249208,embedding_pca
esmc_PC592,0.008734884239735192,0.013423026607490257,0.008734884239735192,embedding_pca
esmc_PC593,0.007474377333725522,0.010416804029038617,0.007474377333725522,embedding_pca
esmc_PC594,-0.01022557898773826,0.019095867839284592,0.01022557898773826,embedding_pca
esmc_PC595,0.00897903165719178,0.01403843657814505,0.00897903165719178,embedding_pca
esmc_PC596,-0.0044078449813705406,0.0075104714370006495,0.0044078449813705406,embedding_pca
esmc_PC597,0.003777286128841513,0.02096225449491229,0.003777286128841513,embedding_pca
esmc_PC598,-0.010005006471125358,0.0055908365513501115,0.010005006471125358,embedding_pca
esmc_PC599,-0.0047518603069785625,0.01935149370565323,0.0047518603069785625,embedding_pca
esmc_PC600,-0.0013508216034355475,0.01781803006549563,0.0013508216034355475,embedding_pca
esmc_PC601,0.009069719351146954,0.01635952128796249,0.009069719351146954,embedding_pca
esmc_PC602,-0.004609254161692448,0.012719927973212069,0.004609254161692448,embedding_pca
esmc_PC603,-0.00712702390226754,0.012141656773665337,0.00712702390226754,embedding_pca
esmc_PC604,0.006786543242381917,0.017813908981771986,0.006786543242381917,embedding_pca
esmc_PC605,-0.006898067940388104,0.011959411971138792,0.006898067940388104,embedding_pca
esmc_PC606,-0.015682878232088086,0.01752757312149369,0.015682878232088086,embedding_pca
esmc_PC607,-0.007514449770450174,0.015942156932523464,0.007514449770450174,embedding_pca
esmc_PC608,-0.006044141981427159,0.016496752297278195,0.006044141981427159,embedding_pca
esmc_PC609,-0.0012025729209421392,0.020904205783904513,0.0012025729209421392,embedding_pca
esmc_PC610,0.010290383904629538,0.019565993744352063,0.010290383904629538,embedding_pca
esmc_PC611,-0.005617588770191602,0.011619223313173926,0.005617588770191602,embedding_pca
esmc_PC612,-0.006800316758466225,0.02500689653889916,0.006800316758466225,embedding_pca
esmc_PC613,0.00382700500095321,0.02674789313891084,0.00382700500095321,embedding_pca
esmc_PC614,0.0006998215791454161,0.02056660440277025,0.0006998215791454161,embedding_pca
esmc_PC615,0.0016206832658681634,0.017465262253129953,0.0016206832658681634,embedding_pca
esmc_PC616,-0.0003465184168629077,0.018882922072129694,0.0003465184168629077,embedding_pca
esmc_PC617,0.0019230244816604055,0.019831341323457975,0.0019230244816604055,embedding_pca
esmc_PC618,-0.0034206874847988304,0.012890956390690309,0.0034206874847988304,embedding_pca
esmc_PC619,-0.01437016037266325,0.009933307020591833,0.01437016037266325,embedding_pca
esmc_PC620,-0.002854794710966605,0.006831493943615787,0.002854794710966605,embedding_pca
esmc_PC621,0.004096678408651404,0.00838330906485414,0.004096678408651404,embedding_pca
esmc_PC622,-0.0017156883613540293,0.021587112831206824,0.0017156883613540293,embedding_pca
esmc_PC623,-0.006543990861672422,0.023162655212390148,0.006543990861672422,embedding_pca
esmc_PC624,0.0089521662390011,0.016057405963265853,0.0089521662390011,embedding_pca
esmc_PC625,-0.023112761116687204,0.023189856951571726,0.023112761116687204,embedding_pca
esmc_PC626,-0.005663284202227516,0.012320680434103037,0.005663284202227516,embedding_pca
esmc_PC627,-0.005347011353635284,0.022176166806643118,0.005347011353635284,embedding_pca
esmc_PC628,-0.005714219375348055,0.012826798458350183,0.005714219375348055,embedding_pca
esmc_PC629,0.008589879564756799,0.020035503515559095,0.008589879564756799,embedding_pca
esmc_PC630,0.001515168336957639,0.013794616023038955,0.001515168336957639,embedding_pca
esmc_PC631,-0.015013892574167456,0.009185249428695478,0.015013892574167456,embedding_pca
esmc_PC632,0.00118090930581598,0.014305613613785026,0.00118090930581598,embedding_pca
esmc_PC633,-0.0013800837409277118,0.009265213689044953,0.0013800837409277118,embedding_pca
esmc_PC634,7.611260342405323e-05,0.018183131496336134,7.611260342405323e-05,embedding_pca
esmc_PC635,-0.008335563851998674,0.009203203295062457,0.008335563851998674,embedding_pca
esmc_PC636,0.016964698953693656,0.020071807945956335,0.016964698953693656,embedding_pca
esmc_PC637,0.0013669693191249571,0.009492905277388303,0.0013669693191249571,embedding_pca
esmc_PC638,-0.003972415684783933,0.021906002389261457,0.003972415684783933,embedding_pca
esmc_PC639,0.0020617874234244633,0.00794179824231785,0.0020617874234244633,embedding_pca
esmc_PC640,-0.00757780466354456,0.012426808015684134,0.00757780466354456,embedding_pca
esmc_PC641,0.012296584789408876,0.01897274617751772,0.012296584789408876,embedding_pca
esmc_PC642,0.007087391927852805,0.014877349445370726,0.007087391927852805,embedding_pca
esmc_PC643,0.020998297226513384,0.00901789285318881,0.020998297226513384,embedding_pca
esmc_PC644,-0.0037325941137748655,0.009648822114094424,0.0037325941137748655,embedding_pca
esmc_PC645,-0.0024505525098418583,0.0016758997453512863,0.0024505525098418583,embedding_pca
esmc_PC646,0.0023928736010737596,0.020444957305835957,0.0023928736010737596,embedding_pca
esmc_PC647,0.01228424422736136,0.010531704639658685,0.01228424422736136,embedding_pca
esmc_PC648,0.009879251176795476,0.020151486633870282,0.009879251176795476,embedding_pca
esmc_PC649,0.012243015220810578,0.015750972534278995,0.012243015220810578,embedding_pca
esmc_PC650,0.01199788409659871,0.015541516234937462,0.01199788409659871,embedding_pca
esmc_PC651,-0.0005615945323306594,0.007177521831866348,0.0005615945323306594,embedding_pca
esmc_PC652,-0.0015137850857711893,0.011685922637855237,0.0015137850857711893,embedding_pca
esmc_PC653,0.000606039255363983,0.008150982460451846,0.000606039255363983,embedding_pca
esmc_PC654,0.010672700937504463,0.02681132622684296,0.010672700937504463,embedding_pca
esmc_PC655,0.0022139954745172643,0.015949447674655767,0.0022139954745172643,embedding_pca
esmc_PC656,0.01429654368751622,0.016427318534399295,0.01429654368751622,embedding_pca
esmc_PC657,0.004067818935310901,0.007277065072970579,0.004067818935310901,embedding_pca
esmc_PC658,-0.0014041885998294704,0.013764262006120357,0.0014041885998294704,embedding_pca
esmc_PC659,-0.007719814664664386,0.014894338789499629,0.007719814664664386,embedding_pca
esmc_PC660,0.0023047998619842797,0.011974308052172731,0.0023047998619842797,embedding_pca
esmc_PC661,-0.002249186770841816,0.010478435631368703,0.002249186770841816,embedding_pca
esmc_PC662,-0.010582860599774866,0.016645090104546904,0.010582860599774866,embedding_pca
esmc_PC663,0.010721940411022307,0.022245858671101366,0.010721940411022307,embedding_pca
esmc_PC664,0.004024228039620102,0.01622343988834794,0.004024228039620102,embedding_pca
esmc_PC665,0.009115113078085433,0.010081207149991014,0.009115113078085433,embedding_pca
esmc_PC666,0.005408693054966154,0.012955955862608143,0.005408693054966154,embedding_pca
esmc_PC667,0.0017484914260434818,0.0180234176641052,0.0017484914260434818,embedding_pca
esmc_PC668,0.0008064981693647864,0.020778045692975016,0.0008064981693647864,embedding_pca
esmc_PC669,0.01628502095176393,0.0177673854274744,0.01628502095176393,embedding_pca
esmc_PC670,0.003260859512850127,0.010394148897796426,0.003260859512850127,embedding_pca
esmc_PC671,-0.005076122862774084,0.01651236576146277,0.005076122862774084,embedding_pca
esmc_PC672,-0.0019176934224251914,0.0103039819924634,0.0019176934224251914,embedding_pca
esmc_PC673,-0.009174911494402421,0.012024755676043644,0.009174911494402421,embedding_pca
esmc_PC674,-0.009815095049407604,0.014324431789984712,0.009815095049407604,embedding_pca
esmc_PC675,0.0028817268277869417,0.01905701621531137,0.0028817268277869417,embedding_pca
esmc_PC676,0.005746901665187182,0.006928237684230153,0.005746901665187182,embedding_pca
esmc_PC677,0.01679877257065781,0.009731899552367296,0.01679877257065781,embedding_pca
esmc_PC678,0.003764605846221196,0.0034610767717798445,0.003764605846221196,embedding_pca
esmc_PC679,-0.011017576898217515,0.006672364278133889,0.011017576898217515,embedding_pca
esmc_PC680,-0.0024375104773170357,0.004525845394458614,0.0024375104773170357,embedding_pca
esmc_PC681,-0.005101375221481177,0.013649640390122151,0.005101375221481177,embedding_pca
esmc_PC682,0.013630312205738604,0.009964444728266129,0.013630312205738604,embedding_pca
esmc_PC683,-0.009230469163851129,0.018528510694993717,0.009230469163851129,embedding_pca
esmc_PC684,-0.012120116336181222,0.018931333975056114,0.012120116336181222,embedding_pca
esmc_PC685,0.0035312465474222716,0.019777886872766624,0.0035312465474222716,embedding_pca
esmc_PC686,0.014484541065716495,0.010307188789260223,0.014484541065716495,embedding_pca
esmc_PC687,0.0006679313702848347,0.015327894869783896,0.0006679313702848347,embedding_pca
esmc_PC688,-0.004523261080980482,0.010052476883115526,0.004523261080980482,embedding_pca
esmc_PC689,-0.011278202884534684,0.025457396587703334,0.011278202884534684,embedding_pca
esmc_PC690,0.005633172255590018,0.011999225382941896,0.005633172255590018,embedding_pca
esmc_PC691,0.0032861170353343664,0.013502488143415278,0.0032861170353343664,embedding_pca
esmc_PC692,-0.0003828182408432454,0.01730626610367354,0.0003828182408432454,embedding_pca
esmc_PC693,0.00739195282822624,0.006477069565513036,0.00739195282822624,embedding_pca
esmc_PC694,0.002883436647101522,0.009524374289171298,0.002883436647101522,embedding_pca
esmc_PC695,-0.003162909418477665,0.018343581323903787,0.003162909418477665,embedding_pca
esmc_PC696,0.0020708616341106804,0.018902254682224867,0.0020708616341106804,embedding_pca
esmc_PC697,0.015750447620192957,0.015637305259850864,0.015750447620192957,embedding_pca
esmc_PC698,-0.0029430521241338987,0.013655413162427518,0.0029430521241338987,embedding_pca
esmc_PC699,0.0012477808567109931,0.008725867148262257,0.0012477808567109931,embedding_pca
esmc_PC700,-0.0022561527548191555,0.008272706323222969,0.0022561527548191555,embedding_pca
esmc_PC701,0.0003556915013571183,0.016481618458954357,0.0003556915013571183,embedding_pca
esmc_PC702,0.0038974552074874623,0.016126696307023798,0.0038974552074874623,embedding_pca
esmc_PC703,0.009801237082142422,0.013915830578689548,0.009801237082142422,embedding_pca
esmc_PC704,-0.004328850361436881,0.014513128529432196,0.004328850361436881,embedding_pca
esmc_PC705,0.004684924594166296,0.008135182239057433,0.004684924594166296,embedding_pca
esmc_PC706,-0.0048230780895420385,0.018710973149549406,0.0048230780895420385,embedding_pca
esmc_PC707,-0.0018836702103740895,0.013410822930132132,0.0018836702103740895,embedding_pca
esmc_PC708,-0.008254299233856921,0.010755908766556797,0.008254299233856921,embedding_pca
esmc_PC709,0.00120101546306735,0.010566076739140657,0.00120101546306735,embedding_pca
esmc_PC710,-0.006128229205195941,0.010082640235821658,0.006128229205195941,embedding_pca
esmc_PC711,-0.001430170538447352,0.009060122959297557,0.001430170538447352,embedding_pca
esmc_PC712,-0.002835177849530188,0.012260123529062115,0.002835177849530188,embedding_pca
esmc_PC713,-0.010752206263445741,0.014957994526384239,0.010752206263445741,embedding_pca
esmc_PC714,0.009903267869646988,0.01454058157909377,0.009903267869646988,embedding_pca
esmc_PC715,-0.00808184033392972,0.015431456677075342,0.00808184033392972,embedding_pca
esmc_PC716,-0.006611654663942248,0.015130798781821156,0.006611654663942248,embedding_pca
esmc_PC717,0.004150190463356428,0.011613137672976118,0.004150190463356428,embedding_pca
esmc_PC718,0.0015001981030900026,0.016220582592161456,0.0015001981030900026,embedding_pca
esmc_PC719,-0.007288948885099805,0.023618100816272417,0.007288948885099805,embedding_pca
esmc_PC720,-8.946081098106093e-05,0.021477733938136893,8.946081098106093e-05,embedding_pca
esmc_PC721,-0.013283649790277467,0.018580036474693903,0.013283649790277467,embedding_pca
esmc_PC722,0.017492441146021248,0.013393539345742793,0.017492441146021248,embedding_pca
esmc_PC723,-0.0058460157883746325,0.015154662532936578,0.0058460157883746325,embedding_pca
esmc_PC724,-0.013832262342593049,0.010817622149457211,0.013832262342593049,embedding_pca
esmc_PC725,0.002946262722336043,0.014756587473104965,0.002946262722336043,embedding_pca
esmc_PC726,-0.003735684932227426,0.009735382511668774,0.003735684932227426,embedding_pca
esmc_PC727,-0.005234371592187375,0.01228918908340805,0.005234371592187375,embedding_pca
esmc_PC728,0.001235236124903961,0.018920458393956445,0.001235236124903961,embedding_pca
esmc_PC729,-0.001687847622378368,0.010407636146495052,0.001687847622378368,embedding_pca
esmc_PC730,-0.0034874324710952435,0.028797535196746785,0.0034874324710952435,embedding_pca
esmc_PC731,-0.004892986445613085,0.012134164143916512,0.004892986445613085,embedding_pca
esmc_PC732,-7.201257085700502e-05,0.006748033673193229,7.201257085700502e-05,embedding_pca
esmc_PC733,0.0059000652473754425,0.012934994084112503,0.0059000652473754425,embedding_pca
esmc_PC734,0.007062403706374644,0.012366060646397073,0.007062403706374644,embedding_pca
esmc_PC735,-0.002141482241967868,0.012868727190176468,0.002141482241967868,embedding_pca
esmc_PC736,0.0011966012166594385,0.01135236167389768,0.0011966012166594385,embedding_pca
esmc_PC737,-0.003482414139044779,0.011823151185742644,0.003482414139044779,embedding_pca
esmc_PC738,6.715621718549059e-07,0.006564308781381497,6.715621718549059e-07,embedding_pca
esmc_PC739,0.005001423882086846,0.015124506957984517,0.005001423882086846,embedding_pca
esmc_PC740,0.0056192068933566845,0.011732347595712829,0.0056192068933566845,embedding_pca
esmc_PC741,0.0014922849423650904,0.009091357359691741,0.0014922849423650904,embedding_pca
esmc_PC742,0.006938279584251854,0.012557478249033435,0.006938279584251854,embedding_pca
esmc_PC743,0.014372900880084232,0.009602794792668692,0.014372900880084232,embedding_pca
esmc_PC744,0.008306447917378123,0.011202622361385335,0.008306447917378123,embedding_pca
esmc_PC745,0.005361780307583573,0.013990404608178847,0.005361780307583573,embedding_pca
esmc_PC746,-1.6846900167836325e-05,0.008954636121270489,1.6846900167836325e-05,embedding_pca
esmc_PC747,0.007714176715761936,0.010543044443299298,0.007714176715761936,embedding_pca
esmc_PC748,-0.0011465175065368024,0.00945755154411035,0.0011465175065368024,embedding_pca
esmc_PC749,-0.0010582057936196362,0.014973665615672652,0.0010582057936196362,embedding_pca
esmc_PC750,0.0014773752145073964,0.012103162325554263,0.0014773752145073964,embedding_pca
esmc_PC751,0.010973757155927893,0.012506256246657202,0.010973757155927893,embedding_pca
esmc_PC752,0.0027416906924945575,0.01030129326721649,0.0027416906924945575,embedding_pca
esmc_PC753,-0.0014974390106851586,0.009098266958651763,0.0014974390106851586,embedding_pca
esmc_PC754,-0.00594520253614015,0.021869609376656062,0.00594520253614015,embedding_pca
esmc_PC755,0.00947379295438737,0.021337828994124973,0.00947379295438737,embedding_pca
esmc_PC756,0.007417243253475305,0.0087858436779688,0.007417243253475305,embedding_pca
esmc_PC757,0.001816595554277193,0.017698493324042035,0.001816595554277193,embedding_pca
esmc_PC758,-0.003597357440677661,0.009260635180539642,0.003597357440677661,embedding_pca
esmc_PC759,0.005910181023453133,0.012167305121986905,0.005910181023453133,embedding_pca
esmc_PC760,-0.003900356444731753,0.008499949941608189,0.003900356444731753,embedding_pca
esmc_PC761,-0.006102698678211074,0.010304977815636867,0.006102698678211074,embedding_pca
esmc_PC762,-0.013941954896126933,0.00947886116850026,0.013941954896126933,embedding_pca
esmc_PC763,0.003521648359588169,0.021023839216370147,0.003521648359588169,embedding_pca
esmc_PC764,-0.014036163863359371,0.007942177700336804,0.014036163863359371,embedding_pca
esmc_PC765,-0.010444522387008293,0.008589063850724525,0.010444522387008293,embedding_pca
esmc_PC766,0.0021105883755329225,0.012891506004040761,0.0021105883755329225,embedding_pca
esmc_PC767,-0.011278986861079846,0.019048424947101305,0.011278986861079846,embedding_pca
esmc_PC768,0.007195784547711871,0.007562987527801347,0.007195784547711871,embedding_pca
esmc_PC769,-0.014392515459628098,0.004612992492356934,0.014392515459628098,embedding_pca
esmc_PC770,0.01207853172586606,0.015119970189852101,0.01207853172586606,embedding_pca
esmc_PC771,0.004778975373134675,0.011451069068670045,0.004778975373134675,embedding_pca
esmc_PC772,0.0036377058844642846,0.011516168090299534,0.0036377058844642846,embedding_pca
esmc_PC773,-0.00925198224268996,0.019895801944579936,0.00925198224268996,embedding_pca
esmc_PC774,-0.0019055806260283455,0.01588574174412454,0.0019055806260283455,embedding_pca
esmc_PC775,-0.011503007246433,0.017919098153949372,0.011503007246433,embedding_pca
esmc_PC776,0.0027042307919456013,0.013568653762075488,0.0027042307919456013,embedding_pca
esmc_PC777,-0.01055847939466312,0.021496868956797116,0.01055847939466312,embedding_pca
esmc_PC778,-0.007841504112433974,0.013637603785083548,0.007841504112433974,embedding_pca
esmc_PC779,-0.0006703257850848644,0.0065290636039129855,0.0006703257850848644,embedding_pca
esmc_PC780,-0.004212217813534414,0.006698764618270938,0.004212217813534414,embedding_pca
esmc_PC781,0.0008002058618025824,0.014009901795026992,0.0008002058618025824,embedding_pca
esmc_PC782,-0.0035102662772214495,0.018865087291216626,0.0035102662772214495,embedding_pca
esmc_PC783,-0.006039735172252253,0.010373067756289172,0.006039735172252253,embedding_pca
esmc_PC784,-0.006108045646916669,0.015254655230126465,0.006108045646916669,embedding_pca
esmc_PC785,-0.004855806458558591,0.005919629572145694,0.004855806458558591,embedding_pca
esmc_PC786,-0.009494418571508595,0.011016454874248476,0.009494418571508595,embedding_pca
esmc_PC787,-0.004994641689691158,0.012660290389542491,0.004994641689691158,embedding_pca
esmc_PC788,-0.0062333195241399035,0.01359304658973508,0.0062333195241399035,embedding_pca
esmc_PC789,-0.0067802908581026024,0.01016674967749079,0.0067802908581026024,embedding_pca
esmc_PC790,-0.01059763850866205,0.007996148254813271,0.01059763850866205,embedding_pca
esmc_PC791,-0.004453026253900959,0.01709958517614371,0.004453026253900959,embedding_pca
esmc_PC792,-0.0005535298875745616,0.015598091552909324,0.0005535298875745616,embedding_pca
esmc_PC793,0.014289474618590443,0.01565252950988529,0.014289474618590443,embedding_pca
esmc_PC794,0.009782832111844702,0.01819828484183021,0.009782832111844702,embedding_pca
esmc_PC795,0.0024684038292191856,0.01203675062528216,0.0024684038292191856,embedding_pca
esmc_PC796,0.007100901459761846,0.007423162128142409,0.007100901459761846,embedding_pca
esmc_PC797,-0.003933980825777527,0.009822877650306927,0.003933980825777527,embedding_pca
esmc_PC798,0.0007380251878762983,0.01872578608243782,0.0007380251878762983,embedding_pca
esmc_PC799,-0.0047067421524270075,0.01649544064601128,0.0047067421524270075,embedding_pca
esmc_PC800,-0.00045047416861841906,0.011901200005537725,0.00045047416861841906,embedding_pca
esmc_PC801,0.016569631288141602,0.020730005729821064,0.016569631288141602,embedding_pca
esmc_PC802,-0.002553925460580776,0.011631912120214803,0.002553925460580776,embedding_pca
esmc_PC803,0.008845516210908042,0.019127481439922874,0.008845516210908042,embedding_pca
esmc_PC804,0.010355757993586179,0.012215847553897798,0.010355757993586179,embedding_pca
esmc_PC805,0.007050524918488579,0.01992748114812554,0.007050524918488579,embedding_pca
esmc_PC806,-0.0027256240452250336,0.01863492438657256,0.0027256240452250336,embedding_pca
esmc_PC807,0.0037152065509548035,0.02112943745375428,0.0037152065509548035,embedding_pca
esmc_PC808,-0.004347963103888032,0.012545500294124946,0.004347963103888032,embedding_pca
esmc_PC809,-0.011463698451298658,0.014279395469643519,0.011463698451298658,embedding_pca
esmc_PC810,-0.005568419878841725,0.0211213861442749,0.005568419878841725,embedding_pca
esmc_PC811,-0.012305457905485167,0.010704874812902289,0.012305457905485167,embedding_pca
esmc_PC812,-0.0038133692288223123,0.007972016233207552,0.0038133692288223123,embedding_pca
esmc_PC813,-0.0012615064188419504,0.005400975442844998,0.0012615064188419504,embedding_pca
esmc_PC814,0.015622487597460013,0.006166288999610119,0.015622487597460013,embedding_pca
esmc_PC815,0.002909995624336497,0.018633338327786853,0.002909995624336497,embedding_pca
esmc_PC816,-0.0018454198027327306,0.01464329459529016,0.0018454198027327306,embedding_pca
esmc_PC817,-0.005054952940138605,0.009088250510640486,0.005054952940138605,embedding_pca
esmc_PC818,-0.0011063749701805139,0.027522669632248295,0.0011063749701805139,embedding_pca
esmc_PC819,0.00446733056984709,0.021384071466660545,0.00446733056984709,embedding_pca
esmc_PC820,-0.005767879415186786,0.013607564042411363,0.005767879415186786,embedding_pca
esmc_PC821,0.0025123323924568044,0.012994524937275775,0.0025123323924568044,embedding_pca
esmc_PC822,0.0066723562929747555,0.01655449441625056,0.0066723562929747555,embedding_pca
esmc_PC823,0.013980804061185117,0.012752576801761034,0.013980804061185117,embedding_pca
esmc_PC824,0.0037156633582297828,0.017220769567932885,0.0037156633582297828,embedding_pca
esmc_PC825,-0.008688443933369856,0.01600522706909974,0.008688443933369856,embedding_pca
esmc_PC826,0.00942221242385647,0.012853924656497904,0.00942221242385647,embedding_pca
esmc_PC827,0.004735656571632484,0.009490723046891603,0.004735656571632484,embedding_pca
esmc_PC828,-0.008392258151754733,0.006445507694001082,0.008392258151754733,embedding_pca
esmc_PC829,-0.0025957161926709925,0.017481140889382116,0.0025957161926709925,embedding_pca
esmc_PC830,0.015069203978208028,0.012959684631948071,0.015069203978208028,embedding_pca
esmc_PC831,0.010164634514905575,0.009433245507774288,0.010164634514905575,embedding_pca
esmc_PC832,-0.01509554800213847,0.014431112940284393,0.01509554800213847,embedding_pca
esmc_PC833,-0.0013201541830785656,0.008672322359720335,0.0013201541830785656,embedding_pca
esmc_PC834,-0.002523517749153736,0.010565542665070926,0.002523517749153736,embedding_pca
esmc_PC835,0.00134898682602375,0.007927349255248458,0.00134898682602375,embedding_pca
esmc_PC836,-0.006153372389810134,0.013121556350716343,0.006153372389810134,embedding_pca
esmc_PC837,0.007477817241040301,0.004697528485130452,0.007477817241040301,embedding_pca
esmc_PC838,-0.0024821884541544785,0.007237837762851918,0.0024821884541544785,embedding_pca
esmc_PC839,-0.003147239453102789,0.02147276220400659,0.003147239453102789,embedding_pca
esmc_PC840,-0.005810302871771662,0.019413190760250682,0.005810302871771662,embedding_pca
esmc_PC841,-0.002908668964798139,0.01940138215739963,0.002908668964798139,embedding_pca
esmc_PC842,0.006769834217431726,0.01840859356633368,0.006769834217431726,embedding_pca
esmc_PC843,0.002161809780697286,0.024852149407376258,0.002161809780697286,embedding_pca
esmc_PC844,0.004736444591319034,0.018769226902258594,0.004736444591319034,embedding_pca
esmc_PC845,0.007532575511056997,0.02387257085416979,0.007532575511056997,embedding_pca
esmc_PC846,-0.007690916392621735,0.01748561303124906,0.007690916392621735,embedding_pca
esmc_PC847,-0.0039118721907964804,0.011846963161685993,0.0039118721907964804,embedding_pca
esmc_PC848,0.0027638258133259688,0.009763254588500822,0.0027638258133259688,embedding_pca
esmc_PC849,0.0034114671177489023,0.01756448013371789,0.0034114671177489023,embedding_pca
esmc_PC850,-0.013572789910015242,0.02134398346086715,0.013572789910015242,embedding_pca
esmc_PC851,-0.017441349022514263,0.014971402963881107,0.017441349022514263,embedding_pca
esmc_PC852,0.003618855105653985,0.016500250580792245,0.003618855105653985,embedding_pca
esmc_PC853,0.013129720922117621,0.02986176565678476,0.013129720922117621,embedding_pca
esmc_PC854,-0.00048825344403910737,0.012248903380364762,0.00048825344403910737,embedding_pca
esmc_PC855,-0.003958637211803111,0.017047274294346465,0.003958637211803111,embedding_pca
esmc_PC856,0.01680394562213857,0.023011960440758306,0.01680394562213857,embedding_pca
esmc_PC857,0.0020472215849894016,0.032326071359516866,0.0020472215849894016,embedding_pca
esmc_PC858,-0.012818915855109811,0.017474501250000638,0.012818915855109811,embedding_pca
esmc_PC859,0.00822117591858106,0.018211512432548038,0.00822117591858106,embedding_pca
esmc_PC860,-0.003586579485783754,0.02443682860955841,0.003586579485783754,embedding_pca
esmc_PC861,-0.0008865236871154075,0.0176167430454682,0.0008865236871154075,embedding_pca
esmc_PC862,0.005596324805591664,0.02647305896317362,0.005596324805591664,embedding_pca
esmc_PC863,-0.007171431435577291,0.010293272097190971,0.007171431435577291,embedding_pca
esmc_PC864,0.012782331140298631,0.013459071424517457,0.012782331140298631,embedding_pca
esmc_PC865,0.010613296060581938,0.01566422102378877,0.010613296060581938,embedding_pca
esmc_PC866,-0.006079215711058185,0.010149725083414557,0.006079215711058185,embedding_pca
esmc_PC867,-0.009477834424251652,0.017721411518017698,0.009477834424251652,embedding_pca
esmc_PC868,0.0019139870226421954,0.024517823918357735,0.0019139870226421954,embedding_pca
esmc_PC869,-0.010904680654351082,0.018899097201298933,0.010904680654351082,embedding_pca
esmc_PC870,0.00019448121667032533,0.009444034286481698,0.00019448121667032533,embedding_pca
esmc_PC871,0.007512775449022434,0.013060554839776375,0.007512775449022434,embedding_pca
esmc_PC872,0.008451815737050759,0.01695363538051202,0.008451815737050759,embedding_pca
esmc_PC873,-0.008490172553569856,0.014192001360651853,0.008490172553569856,embedding_pca
esmc_PC874,0.0007251929476661826,0.021896156567915347,0.0007251929476661826,embedding_pca
esmc_PC875,0.0017834846590687476,0.016532680080019044,0.0017834846590687476,embedding_pca
esmc_PC876,0.002245977866548885,0.013195203735766605,0.002245977866548885,embedding_pca
esmc_PC877,-0.011652041414270637,0.005962158529096002,0.011652041414270637,embedding_pca
esmc_PC878,0.007102347601133099,0.014324893906725391,0.007102347601133099,embedding_pca
esmc_PC879,0.0028859223964271697,0.010517902634209347,0.0028859223964271697,embedding_pca
esmc_PC880,0.014451560414431509,0.019070299519672356,0.014451560414431509,embedding_pca
esmc_PC881,-0.009560431919668181,0.02269377294038642,0.009560431919668181,embedding_pca
esmc_PC882,0.009229993138469766,0.012802035607571835,0.009229993138469766,embedding_pca
esmc_PC883,-0.020364024087961074,0.00801417294998598,0.020364024087961074,embedding_pca
esmc_PC884,0.011382355217931791,0.020632893505366626,0.011382355217931791,embedding_pca
esmc_PC885,-0.006409608580989522,0.022178796678024238,0.006409608580989522,embedding_pca
esmc_PC886,-0.0007352759887217656,0.00846500464367619,0.0007352759887217656,embedding_pca
esmc_PC887,-0.018777467287813352,0.01594645940004699,0.018777467287813352,embedding_pca
esmc_PC888,-0.0025539180341003693,0.016463144881959654,0.0025539180341003693,embedding_pca
esmc_PC889,-0.0005117918314102406,0.011763584365308954,0.0005117918314102406,embedding_pca
esmc_PC890,0.006008773459733804,0.01198326801786842,0.006008773459733804,embedding_pca
esmc_PC891,0.004819779158491128,0.012626390381963528,0.004819779158491128,embedding_pca
esmc_PC892,-0.014040300253108096,0.0162873327282783,0.014040300253108096,embedding_pca
esmc_PC893,0.0016881471442708712,0.023850129936613593,0.0016881471442708712,embedding_pca
esmc_PC894,-0.009825647758622897,0.009011727716035024,0.009825647758622897,embedding_pca
esmc_PC895,0.011070507123615252,0.02200631672304288,0.011070507123615252,embedding_pca
esmc_PC896,-0.0027929915013112628,0.013477703909204608,0.0027929915013112628,embedding_pca
esmc_PC897,-0.006915148484379361,0.015978502377807752,0.006915148484379361,embedding_pca
esmc_PC898,-0.00100128094136205,0.013222849814734393,0.00100128094136205,embedding_pca
esmc_PC899,0.008741862614428716,0.02220132770157364,0.008741862614428716,embedding_pca
esmc_PC900,-0.0006944107078837823,0.015192614105364042,0.0006944107078837823,embedding_pca
esmc_PC901,-0.00017670014722735074,0.01794400581806045,0.00017670014722735074,embedding_pca
esmc_PC902,-0.0027941592880040126,0.011527505339386224,0.0027941592880040126,embedding_pca
esmc_PC903,0.007762623902524982,0.02531346651467833,0.007762623902524982,embedding_pca
esmc_PC904,0.0011128162627632907,0.0168103092417794,0.0011128162627632907,embedding_pca
esmc_PC905,0.009277434176616561,0.014247598459164589,0.009277434176616561,embedding_pca
esmc_PC906,-0.008042712381897452,0.025537817953962327,0.008042712381897452,embedding_pca
esmc_PC907,0.00257505084279573,0.014796985216867896,0.00257505084279573,embedding_pca
esmc_PC908,-0.004851350803629212,0.01712745682380805,0.004851350803629212,embedding_pca
esmc_PC909,-0.009611907471602508,0.009821321140402498,0.009611907471602508,embedding_pca
esmc_PC910,-0.011913629751113798,0.013482959246882472,0.011913629751113798,embedding_pca
esmc_PC911,-0.0027712235193911223,0.025464801885119993,0.0027712235193911223,embedding_pca
esmc_PC912,-0.01731703104039527,0.017623461764539765,0.01731703104039527,embedding_pca
esmc_PC913,-0.012452335839064915,0.01693810473757299,0.012452335839064915,embedding_pca
esmc_PC914,0.012867573459682594,0.010318733619347091,0.012867573459682594,embedding_pca
esmc_PC915,-0.003081091997509407,0.008693741361819952,0.003081091997509407,embedding_pca
esmc_PC916,0.0008442003264811041,0.006157326499244804,0.0008442003264811041,embedding_pca
esmc_PC917,0.008106523349634161,0.01727927493643783,0.008106523349634161,embedding_pca
esmc_PC918,0.004426931650074987,0.017218677544266304,0.004426931650074987,embedding_pca
esmc_PC919,-0.0037665282538797244,0.01112488001250368,0.0037665282538797244,embedding_pca
esmc_PC920,0.01747255718600017,0.017351927875000426,0.01747255718600017,embedding_pca
esmc_PC921,-0.0035727253050862598,0.015729439994193743,0.0035727253050862598,embedding_pca
esmc_PC922,-0.01881364444931047,0.006999666738113648,0.01881364444931047,embedding_pca
esmc_PC923,0.0027483909942962433,0.008611357378751319,0.0027483909942962433,embedding_pca
esmc_PC924,-0.010568420696976586,0.01490798143136369,0.010568420696976586,embedding_pca
esmc_PC925,0.001644655586268301,0.01769620289160667,0.001644655586268301,embedding_pca
esmc_PC926,-0.00023511862221207332,0.008765291011277125,0.00023511862221207332,embedding_pca
esmc_PC927,-0.002495746742723214,0.016670926529451516,0.002495746742723214,embedding_pca
esmc_PC928,0.001097586471676628,0.011309454629330171,0.001097586471676628,embedding_pca
esmc_PC929,-0.00543987509078616,0.014024583388718547,0.00543987509078616,embedding_pca
esmc_PC930,-9.674219026636023e-05,0.008578285102244274,9.674219026636023e-05,embedding_pca
esmc_PC931,0.003787960016029826,0.012278938591294725,0.003787960016029826,embedding_pca
esmc_PC932,0.004401603562978447,0.009659395099997303,0.004401603562978447,embedding_pca
esmc_PC933,-0.0015714308680726112,0.006393599132586748,0.0015714308680726112,embedding_pca
esmc_PC934,0.003407816460273943,0.007738510076448937,0.003407816460273943,embedding_pca
esmc_PC935,0.008009713730453769,0.02282177666819431,0.008009713730453769,embedding_pca
esmc_PC936,0.0031002822512496463,0.013670669975544657,0.0031002822512496463,embedding_pca
esmc_PC937,-0.01131927539473274,0.02414148809434358,0.01131927539473274,embedding_pca
esmc_PC938,-0.016876945440699658,0.01340073012873152,0.016876945440699658,embedding_pca
esmc_PC939,0.0013379734213336922,0.0099795839214647,0.0013379734213336922,embedding_pca
esmc_PC940,-0.00653476319133201,0.00835473526770773,0.00653476319133201,embedding_pca
esmc_PC941,-0.002690830334884901,0.010912183016934147,0.002690830334884901,embedding_pca
esmc_PC942,-0.010085212062342312,0.012676568310174151,0.010085212062342312,embedding_pca
esmc_PC943,0.003118877878953502,0.012633781136774184,0.003118877878953502,embedding_pca
esmc_PC944,-0.008680574944351479,0.018504994737476962,0.008680574944351479,embedding_pca
esmc_PC945,0.01932315187094593,0.00898153903472113,0.01932315187094593,embedding_pca
esmc_PC946,0.0053913990374180225,0.007703173925882,0.0053913990374180225,embedding_pca
esmc_PC947,-0.004190543027612605,0.013754898202177603,0.004190543027612605,embedding_pca
esmc_PC948,0.0050912700337779745,0.01462784078038406,0.0050912700337779745,embedding_pca
esmc_PC949,-0.0031477910220425558,0.015453674499716259,0.0031477910220425558,embedding_pca
esmc_PC950,-0.0005580972120095877,0.013170146959968205,0.0005580972120095877,embedding_pca
esmc_PC951,-0.001746042933551299,0.015770369315916796,0.001746042933551299,embedding_pca
esmc_PC952,-0.003886495892603227,0.008366380851214194,0.003886495892603227,embedding_pca
esmc_PC953,-0.009342440895196619,0.016534571053656213,0.009342440895196619,embedding_pca
esmc_PC954,-0.0008524769015068299,0.009803525239144939,0.0008524769015068299,embedding_pca
esmc_PC955,-0.006896771062867115,0.017602507686873787,0.006896771062867115,embedding_pca
esmc_PC956,0.0022692813086470655,0.019261200368001944,0.0022692813086470655,embedding_pca
esmc_PC957,0.006539194581298981,0.017237300418673544,0.006539194581298981,embedding_pca
esmc_PC958,-0.015989341058064183,0.013407407872792793,0.015989341058064183,embedding_pca
esmc_PC959,-0.009224909092551156,0.01699116377077695,0.009224909092551156,embedding_pca
esmc_PC960,0.01582144230656233,0.018363206419307252,0.01582144230656233,embedding_pca
esmc_PC961,-0.0003633531419780109,0.021886428094674032,0.0003633531419780109,embedding_pca
esmc_PC962,-0.0013864926428275915,0.025589737991557716,0.0013864926428275915,embedding_pca
esmc_PC963,-0.001834278135360088,0.012112396972708077,0.001834278135360088,embedding_pca
esmc_PC964,-0.0064912737108433205,0.023499996385792882,0.0064912737108433205,embedding_pca
esmc_PC965,-0.00024359496309228032,0.02186101349559079,0.00024359496309228032,embedding_pca
esmc_PC966,-0.017402420847896765,0.029070886143666118,0.017402420847896765,embedding_pca
esmc_PC967,-0.0016407900027532786,0.00883978544168526,0.0016407900027532786,embedding_pca
esmc_PC968,0.0019405168553311516,0.01439057193051999,0.0019405168553311516,embedding_pca
esmc_PC969,0.005053730954709024,0.017469741507153004,0.005053730954709024,embedding_pca
esmc_PC970,0.0079456873705452,0.0197373005765444,0.0079456873705452,embedding_pca
esmc_PC971,-0.00620439950061648,0.011787510170278246,0.00620439950061648,embedding_pca
esmc_PC972,0.00329681918971884,0.012682304540351292,0.00329681918971884,embedding_pca
esmc_PC973,0.00437230446211807,0.02593567046486088,0.00437230446211807,embedding_pca
esmc_PC974,0.003360381477376858,0.01132180569308861,0.003360381477376858,embedding_pca
esmc_PC975,-0.007353927620483157,0.012000956189244521,0.007353927620483157,embedding_pca
esmc_PC976,0.00388814608784442,0.017260928928662714,0.00388814608784442,embedding_pca
esmc_PC977,-0.0008717315564204263,0.011463872125653167,0.0008717315564204263,embedding_pca
esmc_PC978,-0.011576150264761243,0.012615966354239798,0.011576150264761243,embedding_pca
esmc_PC979,-0.012468697547515725,0.01595400233837411,0.012468697547515725,embedding_pca
esmc_PC980,-0.0012661202525866369,0.0209073009541408,0.0012661202525866369,embedding_pca
esmc_PC981,0.00012143088315072943,0.014935019224298098,0.00012143088315072943,embedding_pca
esmc_PC982,-0.0013419342220852251,0.007282277295657949,0.0013419342220852251,embedding_pca
esmc_PC983,7.082499443850746e-05,0.015416829123790799,7.082499443850746e-05,embedding_pca
esmc_PC984,0.0031761965550158463,0.016310444661294006,0.0031761965550158463,embedding_pca
esmc_PC985,-0.002118003557947369,0.01414156453984551,0.002118003557947369,embedding_pca
esmc_PC986,0.0016122445346755804,0.01666211566191123,0.0016122445346755804,embedding_pca
esmc_PC987,0.008342054829478094,0.02594335503142559,0.008342054829478094,embedding_pca
esmc_PC988,0.00883032130886342,0.02309036578825591,0.00883032130886342,embedding_pca
esmc_PC989,0.005418600980130852,0.007386304359558624,0.005418600980130852,embedding_pca
esmc_PC990,0.011956298790515404,0.016922888183587767,0.011956298790515404,embedding_pca
esmc_PC991,-0.0019543288827153105,0.01085282729976075,0.0019543288827153105,embedding_pca
esmc_PC992,-0.015572765809287606,0.01253967078075659,0.015572765809287606,embedding_pca
esmc_PC993,0.014813606487004635,0.018387579016538213,0.014813606487004635,embedding_pca
esmc_PC994,0.009212646111156702,0.0167561132369708,0.009212646111156702,embedding_pca
esmc_PC995,-0.009417754013644739,0.013210943975120732,0.009417754013644739,embedding_pca
esmc_PC996,0.0018002120785248683,0.014111737498520753,0.0018002120785248683,embedding_pca
esmc_PC997,0.014501622256078695,0.013318427719782297,0.014501622256078695,embedding_pca
esmc_PC998,0.012495927966272455,0.009035444608431187,0.012495927966272455,embedding_pca
esmc_PC999,0.00415133558347826,0.015956296327128083,0.00415133558347826,embedding_pca
esmc_PC1000,0.0024583583515811564,0.01705740033763803,0.0024583583515811564,embedding_pca
esmc_PC1001,-0.0009514832939731148,0.012201390773375644,0.0009514832939731148,embedding_pca
esmc_PC1002,0.012141555103623414,0.01571247990204257,0.012141555103623414,embedding_pca
esmc_PC1003,-0.01396133082200414,0.019139579710363137,0.01396133082200414,embedding_pca
esmc_PC1004,0.0010238589564343149,0.01768992273754148,0.0010238589564343149,embedding_pca
esmc_PC1005,0.0055400974588734695,0.021141662511897072,0.0055400974588734695,embedding_pca
esmc_PC1006,-0.004455885271463867,0.017948538749223975,0.004455885271463867,embedding_pca
esmc_PC1007,0.003995711651844362,0.01142270321959559,0.003995711651844362,embedding_pca
esmc_PC1008,0.009182030479355627,0.02738018705961921,0.009182030479355627,embedding_pca
esmc_PC1009,0.005814574686137298,0.02196586242898504,0.005814574686137298,embedding_pca
esmc_PC1010,0.002591008851734058,0.011515725540559931,0.002591008851734058,embedding_pca
esmc_PC1011,0.007613337139764323,0.023703163905592864,0.007613337139764323,embedding_pca
esmc_PC1012,0.00983744489783377,0.010885427715782419,0.00983744489783377,embedding_pca
esmc_PC1013,0.001223154027684056,0.01876149284404163,0.001223154027684056,embedding_pca
esmc_PC1014,-0.009503005523323643,0.015157518495761827,0.009503005523323643,embedding_pca
esmc_PC1015,-0.002916370574924876,0.010193996239165443,0.002916370574924876,embedding_pca
esmc_PC1016,0.0020225725028635124,0.008242924291312279,0.0020225725028635124,embedding_pca
esmc_PC1017,0.009619567466061593,0.02305627562373295,0.009619567466061593,embedding_pca
esmc_PC1018,0.0009306066490165337,0.010667546944796736,0.0009306066490165337,embedding_pca
esmc_PC1019,-0.00103932493091681,0.016012140064541425,0.00103932493091681,embedding_pca
esmc_PC1020,0.0086343946249656,0.015412630052407445,0.0086343946249656,embedding_pca
esmc_PC1021,-0.00027017215605647514,0.013726417869328282,0.00027017215605647514,embedding_pca
esmc_PC1022,0.00604305664874232,0.009316476337145663,0.00604305664874232,embedding_pca
esmc_PC1023,-0.015058011407882993,0.014906145388151831,0.015058011407882993,embedding_pca
esmc_PC1024,0.004831706453596873,0.0067254694412246805,0.004831706453596873,embedding_pca
esmc_PC1025,0.006958767798799012,0.020471036444378237,0.006958767798799012,embedding_pca
esmc_PC1026,-0.01173363503826442,0.026872289282150894,0.01173363503826442,embedding_pca
esmc_PC1027,0.00011135487546637124,0.009597903937324721,0.00011135487546637124,embedding_pca
esmc_PC1028,0.008422946073448028,0.012570789136932808,0.008422946073448028,embedding_pca
esmc_PC1029,0.006431154675889289,0.015050867487601389,0.006431154675889289,embedding_pca
esmc_PC1030,0.011531155072017239,0.012264369295790502,0.011531155072017239,embedding_pca
esmc_PC1031,-0.004272092361344383,0.004322566176959541,0.004272092361344383,embedding_pca
esmc_PC1032,0.0020455065777898276,0.004023467124584143,0.0020455065777898276,embedding_pca
esmc_PC1033,-0.00017541336763080129,0.015401943663261256,0.00017541336763080129,embedding_pca
esmc_PC1034,-0.013484605539513894,0.007634831536109512,0.013484605539513894,embedding_pca
esmc_PC1035,0.0015264029541242593,0.014045559219977636,0.0015264029541242593,embedding_pca
esmc_PC1036,0.003417810615645306,0.015343050879734543,0.003417810615645306,embedding_pca
esmc_PC1037,-0.0009621751332614756,0.015248302764612457,0.0009621751332614756,embedding_pca
esmc_PC1038,-0.012931062483926236,0.011315839405425422,0.012931062483926236,embedding_pca
esmc_PC1039,0.0025811951029037147,0.017088482342249096,0.0025811951029037147,embedding_pca
esmc_PC1040,-0.000607603888764605,0.008600082238870526,0.000607603888764605,embedding_pca
esmc_PC1041,0.005379926608939045,0.017849716581945188,0.005379926608939045,embedding_pca
esmc_PC1042,-0.005688302878841268,0.007912308613591115,0.005688302878841268,embedding_pca
esmc_PC1043,-0.010441125439522848,0.02179685599624055,0.010441125439522848,embedding_pca
esmc_PC1044,0.013055792190115134,0.019888468669805877,0.013055792190115134,embedding_pca
esmc_PC1045,-0.004421058863320439,0.020533303317025214,0.004421058863320439,embedding_pca
esmc_PC1046,-0.0038837469963789394,0.005201786911630739,0.0038837469963789394,embedding_pca
esmc_PC1047,-0.005012722006547898,0.008972055560778975,0.005012722006547898,embedding_pca
esmc_PC1048,-0.004801232101521128,0.010232714524286549,0.004801232101521128,embedding_pca
esmc_PC1049,-0.00653004555979282,0.01406708132328677,0.00653004555979282,embedding_pca
esmc_PC1050,-0.0022819778503171393,0.018537084790003912,0.0022819778503171393,embedding_pca
esmc_PC1051,0.003427944635516268,0.00884974816270641,0.003427944635516268,embedding_pca
esmc_PC1052,0.008095673153895337,0.006505903217668992,0.008095673153895337,embedding_pca
esmc_PC1053,0.0010543784162944734,0.01937574277637968,0.0010543784162944734,embedding_pca
esmc_PC1054,0.0013146250676713627,0.010948464313953502,0.0013146250676713627,embedding_pca
esmc_PC1055,-0.011557150618670872,0.011720891742992139,0.011557150618670872,embedding_pca
esmc_PC1056,0.00013250406796993519,0.012775386642525763,0.00013250406796993519,embedding_pca
esmc_PC1057,-0.002142618743883487,0.009616218670423319,0.002142618743883487,embedding_pca
esmc_PC1058,0.005259267652645257,0.01878612867453527,0.005259267652645257,embedding_pca
esmc_PC1059,0.0075163085618410565,0.012458616879744939,0.0075163085618410565,embedding_pca
esmc_PC1060,0.00012722692870243514,0.009526482014886494,0.00012722692870243514,embedding_pca
esmc_PC1061,-0.004243406170991458,0.018256716369918227,0.004243406170991458,embedding_pca
esmc_PC1062,-0.0012735046920633718,0.01887937990928614,0.0012735046920633718,embedding_pca
esmc_PC1063,0.00039802324721131127,0.02364504619462538,0.00039802324721131127,embedding_pca
esmc_PC1064,-0.0027630921494080987,0.01657633230956779,0.0027630921494080987,embedding_pca
esmc_PC1065,0.0017515292366462216,0.02155925529247617,0.0017515292366462216,embedding_pca
esmc_PC1066,0.0037349655044813163,0.01625267444622298,0.0037349655044813163,embedding_pca
esmc_PC1067,-0.006346537136775084,0.017963585718298262,0.006346537136775084,embedding_pca
esmc_PC1068,0.004916484815379276,0.029947599884009708,0.004916484815379276,embedding_pca
esmc_PC1069,-0.014143173143880031,0.011381945339805419,0.014143173143880031,embedding_pca
esmc_PC1070,-0.0038886773211211185,0.01730378140879268,0.0038886773211211185,embedding_pca
esmc_PC1071,0.010422829077586114,0.017973963653767834,0.010422829077586114,embedding_pca
esmc_PC1072,0.003812090957507974,0.01902207322609602,0.003812090957507974,embedding_pca
esmc_PC1073,-0.012315376862359378,0.01095775853647698,0.012315376862359378,embedding_pca
esmc_PC1074,-0.005764942159200691,0.014616066562854945,0.005764942159200691,embedding_pca
esmc_PC1075,-0.007396709521809516,0.011635517756933188,0.007396709521809516,embedding_pca
esmc_PC1076,0.003269112663529213,0.011682119141141853,0.003269112663529213,embedding_pca
esmc_PC1077,0.0011404662791550048,0.007417584114345827,0.0011404662791550048,embedding_pca
esmc_PC1078,-0.0016475602056381614,0.0203503516408243,0.0016475602056381614,embedding_pca
esmc_PC1079,-0.010325407211149499,0.01822361801959011,0.010325407211149499,embedding_pca
esmc_PC1080,-0.0037960648636751167,0.014505011415480842,0.0037960648636751167,embedding_pca
esmc_PC1081,-0.0009942639528875033,0.012272970680070504,0.0009942639528875033,embedding_pca
esmc_PC1082,0.00450648582520011,0.013639742290228145,0.00450648582520011,embedding_pca
esmc_PC1083,0.0011224387403537893,0.014178849661543843,0.0011224387403537893,embedding_pca
esmc_PC1084,-0.007263812198826315,0.022027432786344336,0.007263812198826315,embedding_pca
esmc_PC1085,-0.008150085589644097,0.016895972984458527,0.008150085589644097,embedding_pca
esmc_PC1086,-0.006179080918741624,0.019036721048639783,0.006179080918741624,embedding_pca
esmc_PC1087,0.005821829454379021,0.019471294309912162,0.005821829454379021,embedding_pca
esmc_PC1088,0.0007777170343235244,0.01021385153990527,0.0007777170343235244,embedding_pca
esmc_PC1089,-0.00025263558399157544,0.011215371151928857,0.00025263558399157544,embedding_pca
esmc_PC1090,-0.011164246254757343,0.01583065211232479,0.011164246254757343,embedding_pca
esmc_PC1091,0.009406811128821056,0.02640854107084788,0.009406811128821056,embedding_pca
esmc_PC1092,0.012256622985101589,0.015129613620171402,0.012256622985101589,embedding_pca
esmc_PC1093,-0.0012190239809970478,0.023005533850846062,0.0012190239809970478,embedding_pca
esmc_PC1094,-0.00019121867854021737,0.013229609519535309,0.00019121867854021737,embedding_pca
esmc_PC1095,-0.002846484571203821,0.009395478732513519,0.002846484571203821,embedding_pca
esmc_PC1096,0.004311228608174665,0.0073112745132257115,0.004311228608174665,embedding_pca
esmc_PC1097,-0.015955515593568458,0.019857784326941068,0.015955515593568458,embedding_pca
esmc_PC1098,0.001171225467895205,0.017516180737870146,0.001171225467895205,embedding_pca
esmc_PC1099,0.0006791715584008936,0.014194719639252572,0.0006791715584008936,embedding_pca
esmc_PC1100,9.798280471586541e-05,0.014401426195293623,9.798280471586541e-05,embedding_pca
esmc_PC1101,-0.00862775132257776,0.008000643660617356,0.00862775132257776,embedding_pca
esmc_PC1102,0.0008874164059059589,0.010645470995014337,0.0008874164059059589,embedding_pca
esmc_PC1103,0.017069734975191212,0.013972917508012252,0.017069734975191212,embedding_pca
esmc_PC1104,-0.001972963823187713,0.02221160198094218,0.001972963823187713,embedding_pca
esmc_PC1105,-0.006906588253684365,0.02420982533926397,0.006906588253684365,embedding_pca
esmc_PC1106,0.01683710170155798,0.012755182613606047,0.01683710170155798,embedding_pca
esmc_PC1107,-0.003862947715750299,0.018137367909514326,0.003862947715750299,embedding_pca
esmc_PC1108,-0.007232464117395772,0.005218127796115857,0.007232464117395772,embedding_pca
esmc_PC1109,-0.001766248837533855,0.014047922684147528,0.001766248837533855,embedding_pca
esmc_PC1110,-0.0035145862768530324,0.019971718463272205,0.0035145862768530324,embedding_pca
esmc_PC1111,-0.001457236235032164,0.014387980297815557,0.001457236235032164,embedding_pca
esmc_PC1112,0.0006607646006383217,0.014587521026901449,0.0006607646006383217,embedding_pca
esmc_PC1113,-0.00805875969170244,0.01829151528564653,0.00805875969170244,embedding_pca
esmc_PC1114,0.019618401688482417,0.022519985670389313,0.019618401688482417,embedding_pca
esmc_PC1115,0.011030317331883433,0.009068314720437141,0.011030317331883433,embedding_pca
esmc_PC1116,-0.004694165119406163,0.007908541255456385,0.004694165119406163,embedding_pca
esmc_PC1117,-0.011822844516376937,0.012717082462592632,0.011822844516376937,embedding_pca
esmc_PC1118,-0.0015982420128078044,0.011567801712661216,0.0015982420128078044,embedding_pca
esmc_PC1119,-0.0008217039330507811,0.029703018471319745,0.0008217039330507811,embedding_pca
esmc_PC1120,-0.00687766851427167,0.014312843400727972,0.00687766851427167,embedding_pca
esmc_PC1121,-0.005143160807739778,0.01836187762270768,0.005143160807739778,embedding_pca
esmc_PC1122,-0.0012161761715000351,0.015183004486083514,0.0012161761715000351,embedding_pca
esmc_PC1123,-0.0014528528269414777,0.02391858782646341,0.0014528528269414777,embedding_pca
esmc_PC1124,-0.0002985818389693442,0.01106077904194404,0.0002985818389693442,embedding_pca
esmc_PC1125,-0.0030077626793130036,0.020795390519412493,0.0030077626793130036,embedding_pca
esmc_PC1126,-0.004529435532055091,0.006663625665819815,0.004529435532055091,embedding_pca
esmc_PC1127,0.006675976563841804,0.01424523759799151,0.006675976563841804,embedding_pca
esmc_PC1128,-0.012149062597697702,0.007273836135599536,0.012149062597697702,embedding_pca
esmc_PC1129,-0.004552782082272105,0.020117721148486013,0.004552782082272105,embedding_pca
esmc_PC1130,0.0105954712706753,0.015369614689018974,0.0105954712706753,embedding_pca
esmc_PC1131,-0.003112755597748741,0.007734839885918027,0.003112755597748741,embedding_pca
esmc_PC1132,0.0003964422934094342,0.01339323348508338,0.0003964422934094342,embedding_pca
esmc_PC1133,-0.0021397871679134746,0.009140557754118801,0.0021397871679134746,embedding_pca
esmc_PC1134,8.299494806417676e-05,0.01494192650988403,8.299494806417676e-05,embedding_pca
esmc_PC1135,-0.012520754137620566,0.0119973253403621,0.012520754137620566,embedding_pca
esmc_PC1136,-0.000871928611415864,0.012925052968321334,0.000871928611415864,embedding_pca
esmc_PC1137,-0.0015976948586343526,0.01458346273173313,0.0015976948586343526,embedding_pca
esmc_PC1138,-0.005920058441205833,0.010699037142854126,0.005920058441205833,embedding_pca
esmc_PC1139,0.0037936714571482908,0.025692671966495006,0.0037936714571482908,embedding_pca
esmc_PC1140,-0.01229247525040631,0.010188447587978395,0.01229247525040631,embedding_pca
esmc_PC1141,0.007976257182018132,0.01178152463105152,0.007976257182018132,embedding_pca
esmc_PC1142,-0.0003786670100382146,0.018463164518391084,0.0003786670100382146,embedding_pca
esmc_PC1143,-0.003689766354282903,0.02531185751224788,0.003689766354282903,embedding_pca
esmc_PC1144,0.0006858181466154092,0.022926634655973693,0.0006858181466154092,embedding_pca
esmc_PC1145,-0.004159684338376912,0.014316361593451713,0.004159684338376912,embedding_pca
esmc_PC1146,0.0011365242382679046,0.017878931618077052,0.0011365242382679046,embedding_pca
esmc_PC1147,0.015551122932077365,0.011876179040932551,0.015551122932077365,embedding_pca
esmc_PC1148,0.011497562423929247,0.011110900337075253,0.011497562423929247,embedding_pca
esmc_PC1149,0.0018548756921636053,0.020085688729859393,0.0018548756921636053,embedding_pca
esmc_PC1150,0.0183311952606257,0.01700245269362982,0.0183311952606257,embedding_pca
esmc_PC1151,-0.005652055294758031,0.014375706912816873,0.005652055294758031,embedding_pca
esmc_PC1152,0.013591196131935008,0.01937739039448808,0.013591196131935008,embedding_pca
esmc_PC1153,-0.00615015375528513,0.018031333376948507,0.00615015375528513,embedding_pca
esmc_PC1154,-0.00384161823375071,0.03250735756962022,0.00384161823375071,embedding_pca
esmc_PC1155,0.008864373059782566,0.0067036995668766225,0.008864373059782566,embedding_pca
esmc_PC1156,-0.01251144315106198,0.017967564726126754,0.01251144315106198,embedding_pca
esmc_PC1157,-8.405759796228026e-05,0.011248374724210919,8.405759796228026e-05,embedding_pca
esmc_PC1158,-0.0007377566765324712,0.013128960079764267,0.0007377566765324712,embedding_pca
esmc_PC1159,-0.009971396558628687,0.021692820353019733,0.009971396558628687,embedding_pca
esmc_PC1160,0.00079657972555559,0.0206884970193299,0.00079657972555559,embedding_pca
esmc_PC1161,0.0031706880144497353,0.018994243985153356,0.0031706880144497353,embedding_pca
esmc_PC1162,-0.011314921342253214,0.01771194467149244,0.011314921342253214,embedding_pca
esmc_PC1163,0.005464347105526952,0.011052905017700163,0.005464347105526952,embedding_pca
esmc_PC1164,0.0017241725382376705,0.008442517415418273,0.0017241725382376705,embedding_pca
esmc_PC1165,-0.0004429078217063207,0.014913251570829024,0.0004429078217063207,embedding_pca
esmc_PC1166,0.007789186427070149,0.009414525761236065,0.007789186427070149,embedding_pca
esmc_PC1167,-0.0044514110925265235,0.01366642048632043,0.0044514110925265235,embedding_pca
esmc_PC1168,-0.008160741130292623,0.0177891166774719,0.008160741130292623,embedding_pca
esmc_PC1169,0.0036227339460009494,0.008559634155273589,0.0036227339460009494,embedding_pca
esmc_PC1170,-0.004371085846732823,0.014337787405853673,0.004371085846732823,embedding_pca
esmc_PC1171,-0.0164995142714204,0.020365319902101348,0.0164995142714204,embedding_pca
esmc_PC1172,0.010026817398547471,0.015272582764735676,0.010026817398547471,embedding_pca
esmc_PC1173,-0.013274069484672815,0.012071469300780508,0.013274069484672815,embedding_pca
esmc_PC1174,0.0027924996515322925,0.014519722036991044,0.0027924996515322925,embedding_pca
esmc_PC1175,-0.00043306722515188924,0.01000632996147053,0.00043306722515188924,embedding_pca
esmc_PC1176,-0.004483197834457759,0.0049088942739577935,0.004483197834457759,embedding_pca
esmc_PC1177,0.006253838813153533,0.016798684869157345,0.006253838813153533,embedding_pca
esmc_PC1178,0.004275491828913332,0.016824293473958966,0.004275491828913332,embedding_pca
esmc_PC1179,0.003519398951465612,0.007486486797811114,0.003519398951465612,embedding_pca
esmc_PC1180,0.0019055798151888423,0.028861292326274733,0.0019055798151888423,embedding_pca
esmc_PC1181,-0.0164737137933438,0.014310977567518252,0.0164737137933438,embedding_pca
esmc_PC1182,0.004957552035052349,0.021076299999722756,0.004957552035052349,embedding_pca
esmc_PC1183,0.0071219943587541,0.02033246210250609,0.0071219943587541,embedding_pca
esmc_PC1184,0.004705129664385206,0.018526361204491863,0.004705129664385206,embedding_pca
esmc_PC1185,0.0076918970940178496,0.0066504544864791765,0.0076918970940178496,embedding_pca
esmc_PC1186,0.006424191603207211,0.009904252731161974,0.006424191603207211,embedding_pca
esmc_PC1187,-0.010628819504238714,0.006572861977673029,0.010628819504238714,embedding_pca
esmc_PC1188,-0.0006281957262025923,0.017782999421612933,0.0006281957262025923,embedding_pca
esmc_PC1189,-0.0012135421666825798,0.010636482360103339,0.0012135421666825798,embedding_pca
esmc_PC1190,-0.004806378108275424,0.006999086374831697,0.004806378108275424,embedding_pca
esmc_PC1191,-0.0035863611098813815,0.010110876264983897,0.0035863611098813815,embedding_pca
esmc_PC1192,-0.009642651257522873,0.012607316278913224,0.009642651257522873,embedding_pca
esmc_PC1193,0.011539611818392628,0.007148726546572081,0.011539611818392628,embedding_pca
esmc_PC1194,0.003041180926712405,0.016005248245963895,0.003041180926712405,embedding_pca
esmc_PC1195,0.014775116907166336,0.006634852921123882,0.014775116907166336,embedding_pca
esmc_PC1196,0.007880475935327372,0.01751871086704945,0.007880475935327372,embedding_pca
esmc_PC1197,0.004561313295965612,0.017050533147018092,0.004561313295965612,embedding_pca
esmc_PC1198,0.013485010650551016,0.019759556666145928,0.013485010650551016,embedding_pca
esmc_PC1199,-0.006481997558368914,0.008942902120142898,0.006481997558368914,embedding_pca
esmc_PC1200,0.003612423429905258,0.01621509520938027,0.003612423429905258,embedding_pca
esmc_PC1201,-0.005118725812248497,0.01809117558321073,0.005118725812248497,embedding_pca
esmc_PC1202,0.006495910708259877,0.010344000145590846,0.006495910708259877,embedding_pca
esmc_PC1203,0.005700387747591107,0.023110444555395016,0.005700387747591107,embedding_pca
esmc_PC1204,0.004749178177709594,0.009832108494473468,0.004749178177709594,embedding_pca
esmc_PC1205,-0.008834355578890944,0.00994785245389436,0.008834355578890944,embedding_pca
esmc_PC1206,-0.007178064163462164,0.00965993417839688,0.007178064163462164,embedding_pca
esmc_PC1207,-0.00021989996132585395,0.014890661036397282,0.00021989996132585395,embedding_pca
esmc_PC1208,0.003847700534288336,0.005614947792803283,0.003847700534288336,embedding_pca
esmc_PC1209,-0.011087356840486996,0.007738723955445564,0.011087356840486996,embedding_pca
esmc_PC1210,-0.002585917291370311,0.012228387258631755,0.002585917291370311,embedding_pca
esmc_PC1211,0.0019941616976923556,0.012642482305428472,0.0019941616976923556,embedding_pca
esmc_PC1212,-0.004589605165164338,0.014181181319460645,0.004589605165164338,embedding_pca
esmc_PC1213,0.00666766331053756,0.007039183199342164,0.00666766331053756,embedding_pca
esmc_PC1214,-0.0103732265101007,0.014520191800574598,0.0103732265101007,embedding_pca
esmc_PC1215,0.012540510738588015,0.012691368154107608,0.012540510738588015,embedding_pca
esmc_PC1216,-0.0068681756636802035,0.023136264244002523,0.0068681756636802035,embedding_pca
esmc_PC1217,-0.022167512968180265,0.015128177025983505,0.022167512968180265,embedding_pca
esmc_PC1218,-0.0016030839409803474,0.018523637201690497,0.0016030839409803474,embedding_pca
esmc_PC1219,0.007460900966606843,0.017406080374786994,0.007460900966606843,embedding_pca
esmc_PC1220,0.004436952465212937,0.012580158345361228,0.004436952465212937,embedding_pca
esmc_PC1221,0.0024561034589129106,0.019184708865178587,0.0024561034589129106,embedding_pca
esmc_PC1222,0.0006618876040297504,0.01580934443386614,0.0006618876040297504,embedding_pca
esmc_PC1223,0.004529220973786783,0.013587938455473859,0.004529220973786783,embedding_pca
esmc_PC1224,-0.01132725900687506,0.028231732235823367,0.01132725900687506,embedding_pca
esmc_PC1225,-0.013999243521676238,0.021268026644430265,0.013999243521676238,embedding_pca
esmc_PC1226,0.007304516336565231,0.012416332436376784,0.007304516336565231,embedding_pca
esmc_PC1227,0.013254655019758532,0.008334975698816393,0.013254655019758532,embedding_pca
esmc_PC1228,-0.0005169611212921827,0.012707061439386557,0.0005169611212921827,embedding_pca
esmc_PC1229,-0.001347398621903662,0.02403874700280645,0.001347398621903662,embedding_pca
esmc_PC1230,-0.004950792089839736,0.0067945630506339874,0.004950792089839736,embedding_pca
esmc_PC1231,0.005180026340156821,0.022629533127562745,0.005180026340156821,embedding_pca
esmc_PC1232,-0.0026820163694252245,0.016705987893499454,0.0026820163694252245,embedding_pca
esmc_PC1233,-0.0065876762209994,0.010124533647366417,0.0065876762209994,embedding_pca
esmc_PC1234,0.002647063157575682,0.01347349294596163,0.002647063157575682,embedding_pca
esmc_PC1235,-0.0002349908785097816,0.021191987172632234,0.0002349908785097816,embedding_pca
esmc_PC1236,0.007545992708222722,0.012664584561467292,0.007545992708222722,embedding_pca
esmc_PC1237,-0.011918719711503482,0.008598810718665494,0.011918719711503482,embedding_pca
esmc_PC1238,0.0022176507341908672,0.010872124183175992,0.0022176507341908672,embedding_pca
esmc_PC1239,-0.00444680617895077,0.012431729227527244,0.00444680617895077,embedding_pca
esmc_PC1240,0.004916414952218609,0.018635092745244237,0.004916414952218609,embedding_pca
esmc_PC1241,-0.002716668560559235,0.015186196118461077,0.002716668560559235,embedding_pca
esmc_PC1242,-0.011144892852262509,0.012220142918102968,0.011144892852262509,embedding_pca
esmc_PC1243,0.015962732514347586,0.018892523802305716,0.015962732514347586,embedding_pca
esmc_PC1244,-0.01904968732980664,0.01034810928514917,0.01904968732980664,embedding_pca
esmc_PC1245,-0.0025870863112372675,0.013743446726348979,0.0025870863112372675,embedding_pca
esmc_PC1246,-0.01507050888188878,0.01752668156109307,0.01507050888188878,embedding_pca
esmc_PC1247,0.01174920039413824,0.009344167145714875,0.01174920039413824,embedding_pca
esmc_PC1248,0.009124425947011384,0.011810239748972643,0.009124425947011384,embedding_pca
esmc_PC1249,0.004911954501590532,0.012200391469761986,0.004911954501590532,embedding_pca
esmc_PC1250,-0.013125705858598291,0.01940299704253293,0.013125705858598291,embedding_pca
esmc_PC1251,0.007628517612250249,0.01967692325326564,0.007628517612250249,embedding_pca
esmc_PC1252,0.013281868771382089,0.01869902140853442,0.013281868771382089,embedding_pca
esmc_PC1253,-0.011258365626873277,0.010849256214487122,0.011258365626873277,embedding_pca
esmc_PC1254,-0.0007751968562013635,0.017984076239407194,0.0007751968562013635,embedding_pca
esmc_PC1255,-0.010254434130514762,0.023254730984742192,0.010254434130514762,embedding_pca
esmc_PC1256,-0.002369486282524378,0.004748185031500136,0.002369486282524378,embedding_pca
esmc_PC1257,0.014058828378475188,0.015353771161080578,0.014058828378475188,embedding_pca
esmc_PC1258,0.009204813233386544,0.008314759422308374,0.009204813233386544,embedding_pca
esmc_PC1259,0.009091994315352164,0.022063307407182216,0.009091994315352164,embedding_pca
esmc_PC1260,0.016608904693065956,0.01230146024348008,0.016608904693065956,embedding_pca
esmc_PC1261,-0.002976905592520232,0.02376942549303952,0.002976905592520232,embedding_pca
esmc_PC1262,-0.006980504520215125,0.021478915790098467,0.006980504520215125,embedding_pca
esmc_PC1263,0.0018595433746599135,0.008997626127229213,0.0018595433746599135,embedding_pca
esmc_PC1264,0.0025319177307445767,0.007084128234884539,0.0025319177307445767,embedding_pca
esmc_PC1265,-0.004275719323233748,0.016809527924167022,0.004275719323233748,embedding_pca
esmc_PC1266,0.009305225336434093,0.009299758752986045,0.009305225336434093,embedding_pca
esmc_PC1267,-0.011910143988442527,0.01474811746556669,0.011910143988442527,embedding_pca
esmc_PC1268,0.0040647682435596775,0.00968255725543531,0.0040647682435596775,embedding_pca
esmc_PC1269,0.008031073538039776,0.012705776146578439,0.008031073538039776,embedding_pca
esmc_PC1270,-0.00895282863261681,0.018236400870425537,0.00895282863261681,embedding_pca
esmc_PC1271,0.0068432076853599585,0.017146350921718973,0.0068432076853599585,embedding_pca
esmc_PC1272,0.006723534119161679,0.008933932535833017,0.006723534119161679,embedding_pca
esmc_PC1273,-0.002425695400930845,0.014387451972583952,0.002425695400930845,embedding_pca
esmc_PC1274,-0.00787693601478924,0.010497915869080686,0.00787693601478924,embedding_pca
esmc_PC1275,0.009858995047174676,0.009747350074242487,0.009858995047174676,embedding_pca
esmc_PC1276,0.009157066595036295,0.011114775308198294,0.009157066595036295,embedding_pca
esmc_PC1277,-0.00017738936519013916,0.022958081750571818,0.00017738936519013916,embedding_pca
esmc_PC1278,-0.0097112928830184,0.0081655411052299,0.0097112928830184,embedding_pca
esmc_PC1279,0.009038960140495846,0.01557048592165496,0.009038960140495846,embedding_pca
esmc_PC1280,-0.005477380190087514,0.0070364730181611095,0.005477380190087514,embedding_pca
esmc_PC1281,0.0025250721864858157,0.0072345407109624255,0.0025250721864858157,embedding_pca
esmc_PC1282,-0.00466458272535363,0.011440477044357363,0.00466458272535363,embedding_pca
esmc_PC1283,0.005668304212058408,0.014606981170465516,0.005668304212058408,embedding_pca
esmc_PC1284,-0.006239358255692147,0.02319980658143156,0.006239358255692147,embedding_pca
esmc_PC1285,-0.014502708692733466,0.00947268777228458,0.014502708692733466,embedding_pca
esmc_PC1286,0.015052593297512264,0.014048331551026236,0.015052593297512264,embedding_pca
esmc_PC1287,-0.005039165895784839,0.017537132589989714,0.005039165895784839,embedding_pca
esmc_PC1288,0.0011773193001634037,0.012848612590933318,0.0011773193001634037,embedding_pca
esmc_PC1289,-0.009090638063339766,0.010336767720527216,0.009090638063339766,embedding_pca
esmc_PC1290,0.008660218516359694,0.01213715957439482,0.008660218516359694,embedding_pca
esmc_PC1291,-0.005898574336537655,0.01332886457868537,0.005898574336537655,embedding_pca
esmc_PC1292,-0.0010701593235697153,0.017201925960634416,0.0010701593235697153,embedding_pca
esmc_PC1293,0.005950112098791568,0.012986495970564029,0.005950112098791568,embedding_pca
esmc_PC1294,-0.004808040337924502,0.01231197230071173,0.004808040337924502,embedding_pca
esmc_PC1295,-0.00917629684450193,0.014235555335461659,0.00917629684450193,embedding_pca
esmc_PC1296,-0.007342090021310668,0.01792295296013039,0.007342090021310668,embedding_pca
esmc_PC1297,0.00967725640884521,0.004610253011825463,0.00967725640884521,embedding_pca
esmc_PC1298,0.007829199698794566,0.007925126575948231,0.007829199698794566,embedding_pca
esmc_PC1299,-0.0112904263045283,0.014696987068377448,0.0112904263045283,embedding_pca
esmc_PC1300,0.007638791862058419,0.027579948168742614,0.007638791862058419,embedding_pca
esmc_PC1301,-0.007066052008243109,0.015293270590575123,0.007066052008243109,embedding_pca
esmc_PC1302,0.0002937171131246766,0.015282473324889408,0.0002937171131246766,embedding_pca
esmc_PC1303,0.006911863769636156,0.018849877015840115,0.006911863769636156,embedding_pca
esmc_PC1304,-0.006904814024309846,0.0027587972935083863,0.006904814024309846,embedding_pca
esmc_PC1305,-0.001552246151815992,0.009488955104452945,0.001552246151815992,embedding_pca
esmc_PC1306,0.0020702480511934776,0.0057693383474761925,0.0020702480511934776,embedding_pca
esmc_PC1307,-0.00518235849859338,0.011588465505688471,0.00518235849859338,embedding_pca
esmc_PC1308,-0.005898204084984711,0.007807824801855689,0.005898204084984711,embedding_pca
esmc_PC1309,0.002230592725653944,0.01637065197870239,0.002230592725653944,embedding_pca
esmc_PC1310,0.003165659854785489,0.009756530283860514,0.003165659854785489,embedding_pca
esmc_PC1311,-0.0011126220535343332,0.007241996061564291,0.0011126220535343332,embedding_pca
esmc_PC1312,0.0020595398601171737,0.01079465650830787,0.0020595398601171737,embedding_pca
esmc_PC1313,-0.006899772865023618,0.019093335331785692,0.006899772865023618,embedding_pca
esmc_PC1314,0.003875403263798036,0.008588372209494209,0.003875403263798036,embedding_pca
esmc_PC1315,-0.0022321401375081542,0.010355415135608769,0.0022321401375081542,embedding_pca
esmc_PC1316,0.005049544956565595,0.013986010502679279,0.005049544956565595,embedding_pca
esmc_PC1317,-0.015799453713594473,0.015458952594770033,0.015799453713594473,embedding_pca
esmc_PC1318,0.003582252990583563,0.006146628542754074,0.003582252990583563,embedding_pca
esmc_PC1319,0.004995319035486923,0.017098904826801493,0.004995319035486923,embedding_pca
esmc_PC1320,0.004323795431673051,0.012522511666960147,0.004323795431673051,embedding_pca
esmc_PC1321,0.009740909240453849,0.02027761245929419,0.009740909240453849,embedding_pca
esmc_PC1322,0.00014437554013443376,0.019069784654345175,0.00014437554013443376,embedding_pca
esmc_PC1323,-0.002094197678176208,0.01469263009300435,0.002094197678176208,embedding_pca
esmc_PC1324,-0.0028083618537700786,0.008389665417690205,0.0028083618537700786,embedding_pca
esmc_PC1325,0.007789363344496944,0.00617670188721479,0.007789363344496944,embedding_pca
esmc_PC1326,-0.008736790832653628,0.008701681964873607,0.008736790832653628,embedding_pca
esmc_PC1327,-0.007902598882114155,0.014632708677570964,0.007902598882114155,embedding_pca
esmc_PC1328,-0.008904925079756227,0.019574495005792843,0.008904925079756227,embedding_pca
esmc_PC1329,-0.004268236130251586,0.012682765387454878,0.004268236130251586,embedding_pca
esmc_PC1330,-0.00244890495221031,0.00807733161120591,0.00244890495221031,embedding_pca
esmc_PC1331,-0.003005048508809917,0.01669144802203988,0.003005048508809917,embedding_pca
esmc_PC1332,0.008199681863950162,0.008722803653092992,0.008199681863950162,embedding_pca
esmc_PC1333,-0.0004062670057237575,0.018971406996389207,0.0004062670057237575,embedding_pca
esmc_PC1334,-0.005871204661912449,0.002356508222451253,0.005871204661912449,embedding_pca
esmc_PC1335,0.0015500575201432497,0.02493740682957317,0.0015500575201432497,embedding_pca
esmc_PC1336,-0.010042887762217978,0.01717773398929225,0.010042887762217978,embedding_pca
esmc_PC1337,-0.004729866394587027,0.0219827248974501,0.004729866394587027,embedding_pca
esmc_PC1338,-0.006511934930292887,0.017050911852486778,0.006511934930292887,embedding_pca
esmc_PC1339,0.002435930817176853,0.012814281711693028,0.002435930817176853,embedding_pca
esmc_PC1340,-0.005636521651310416,0.00995840843142007,0.005636521651310416,embedding_pca
esmc_PC1341,0.011911369696527872,0.009088732693382697,0.011911369696527872,embedding_pca
esmc_PC1342,-0.0008151442593303495,0.01537576535111116,0.0008151442593303495,embedding_pca
esmc_PC1343,0.0026070027033193834,0.013402183467153682,0.0026070027033193834,embedding_pca
esmc_PC1344,-0.003530038218911481,0.019714430991086947,0.003530038218911481,embedding_pca
esmc_PC1345,0.007954257413030071,0.0123843409038135,0.007954257413030071,embedding_pca
esmc_PC1346,0.004519574749797724,0.017070684445887094,0.004519574749797724,embedding_pca
esmc_PC1347,0.007259737784941075,0.017550990812002027,0.007259737784941075,embedding_pca
esmc_PC1348,0.005130677549748068,0.0185731152770955,0.005130677549748068,embedding_pca
esmc_PC1349,-0.009682366676113344,0.016810677415306233,0.009682366676113344,embedding_pca
esmc_PC1350,-0.0055732667968860046,0.009331836266693667,0.0055732667968860046,embedding_pca
esmc_PC1351,0.023808734457466514,0.018917810425476366,0.023808734457466514,embedding_pca
esmc_PC1352,0.003482621464724042,0.024133645739240598,0.003482621464724042,embedding_pca
esmc_PC1353,-0.0010524740442813976,0.01375191858734477,0.0010524740442813976,embedding_pca
esmc_PC1354,-0.0013018447892245613,0.009206763763559521,0.0013018447892245613,embedding_pca
esmc_PC1355,0.009866568317647805,0.012998760879761182,0.009866568317647805,embedding_pca
esmc_PC1356,0.00880420406861557,0.028503869946601004,0.00880420406861557,embedding_pca
esmc_PC1357,-0.010129660226012773,0.010489739493231573,0.010129660226012773,embedding_pca
esmc_PC1358,0.002989793205051551,0.012508039109404477,0.002989793205051551,embedding_pca
esmc_PC1359,0.0044758888164576,0.017839365564481246,0.0044758888164576,embedding_pca
esmc_PC1360,0.012544840222185032,0.020199637589709617,0.012544840222185032,embedding_pca
esmc_PC1361,-0.0006125873880642264,0.01304033694528885,0.0006125873880642264,embedding_pca
esmc_PC1362,0.008674121975532797,0.009137527445749357,0.008674121975532797,embedding_pca
esmc_PC1363,-0.003994506756901062,0.013703529012559527,0.003994506756901062,embedding_pca
esmc_PC1364,0.010145102555931963,0.013137889512175465,0.010145102555931963,embedding_pca
esmc_PC1365,-0.0003161836495236764,0.016700673763169076,0.0003161836495236764,embedding_pca
esmc_PC1366,-0.006614684173894565,0.013109646353159485,0.006614684173894565,embedding_pca
esmc_PC1367,0.004638948782904915,0.013648267424960194,0.004638948782904915,embedding_pca
esmc_PC1368,-0.003285731571576847,0.014646426480867811,0.003285731571576847,embedding_pca
esmc_PC1369,-0.00016246392188557873,0.004117377421334035,0.00016246392188557873,embedding_pca
esmc_PC1370,-0.0061328064765533655,0.017340313341667208,0.0061328064765533655,embedding_pca
esmc_PC1371,-8.065230457897337e-05,0.014409012667358466,8.065230457897337e-05,embedding_pca
esmc_PC1372,0.01588130454036051,0.021478056894943722,0.01588130454036051,embedding_pca
esmc_PC1373,0.0002690009198124519,0.011100461875869527,0.0002690009198124519,embedding_pca
esmc_PC1374,0.01041031549390484,0.015409564831867853,0.01041031549390484,embedding_pca
esmc_PC1375,0.0031557744566961753,0.0135231702554056,0.0031557744566961753,embedding_pca
esmc_PC1376,-0.010733090708056853,0.016269899275420767,0.010733090708056853,embedding_pca
esmc_PC1377,0.0007127400028797392,0.018759235427608826,0.0007127400028797392,embedding_pca
esmc_PC1378,-0.0037611340513062745,0.01288319902398126,0.0037611340513062745,embedding_pca
esmc_PC1379,0.00615989934682306,0.008881160830995155,0.00615989934682306,embedding_pca
esmc_PC1380,-0.0036251194804920637,0.015537225746887122,0.0036251194804920637,embedding_pca
esmc_PC1381,-0.00463609657463777,0.010599655668151804,0.00463609657463777,embedding_pca
esmc_PC1382,-0.007466106765624691,0.015471672247041029,0.007466106765624691,embedding_pca
esmc_PC1383,-0.0003406461727893712,0.012111914738354268,0.0003406461727893712,embedding_pca
esmc_PC1384,0.00021814735404567415,0.0063837408417066,0.00021814735404567415,embedding_pca
esmc_PC1385,0.005721305143464904,0.024049763724986538,0.005721305143464904,embedding_pca
esmc_PC1386,-0.008740366259776172,0.023535554667907056,0.008740366259776172,embedding_pca
esmc_PC1387,-0.012786150154614756,0.0102657767524065,0.012786150154614756,embedding_pca
esmc_PC1388,-0.0013648737513525494,0.01604771578485768,0.0013648737513525494,embedding_pca
esmc_PC1389,-0.001210809709954878,0.011469917445931715,0.001210809709954878,embedding_pca
esmc_PC1390,-0.01798840391410179,0.009865314644484905,0.01798840391410179,embedding_pca
esmc_PC1391,-0.0017606208825433844,0.017032649364645616,0.0017606208825433844,embedding_pca
esmc_PC1392,0.005903280806867769,0.012808416272873985,0.005903280806867769,embedding_pca
esmc_PC1393,-0.0032878735592069843,0.02254234571859197,0.0032878735592069843,embedding_pca
esmc_PC1394,0.008521808365927499,0.028050996748559383,0.008521808365927499,embedding_pca
esmc_PC1395,-0.006181914480185344,0.014707741978706565,0.006181914480185344,embedding_pca
esmc_PC1396,0.0052030291325561775,0.016494944907566537,0.0052030291325561775,embedding_pca
esmc_PC1397,0.005002745452912169,0.014030861099055712,0.005002745452912169,embedding_pca
esmc_PC1398,0.008056740114985438,0.012164157347953668,0.008056740114985438,embedding_pca
esmc_PC1399,-0.0021052712238527095,0.01623327303814591,0.0021052712238527095,embedding_pca
esmc_PC1400,0.0017802574600875106,0.008395902905961925,0.0017802574600875106,embedding_pca
esmc_PC1401,0.008510283941812233,0.012106646193903958,0.008510283941812233,embedding_pca
esmc_PC1402,0.013427768504070264,0.018089875603482197,0.013427768504070264,embedding_pca
esmc_PC1403,0.004050815656980309,0.007924076988875196,0.004050815656980309,embedding_pca
esmc_PC1404,-0.005305370106647624,0.022726838203304064,0.005305370106647624,embedding_pca
esmc_PC1405,0.008652535773188304,0.007881134011657092,0.008652535773188304,embedding_pca
esmc_PC1406,0.005477935469972819,0.014854190796224485,0.005477935469972819,embedding_pca
esmc_PC1407,0.0098693755096694,0.023121744697910743,0.0098693755096694,embedding_pca
esmc_PC1408,0.003699737947518905,0.013822594145759568,0.003699737947518905,embedding_pca
esmc_PC1409,-0.010339329040194837,0.012009335419647679,0.010339329040194837,embedding_pca
esmc_PC1410,-0.0072298082472068955,0.011062742379504345,0.0072298082472068955,embedding_pca
esmc_PC1411,-0.005806651598906846,0.011359140417809525,0.005806651598906846,embedding_pca
esmc_PC1412,0.0015005624248687678,0.018258504491836084,0.0015005624248687678,embedding_pca
esmc_PC1413,-0.0036467901751715396,0.019612762866536092,0.0036467901751715396,embedding_pca
esmc_PC1414,-0.01431574330451178,0.012397428870421367,0.01431574330451178,embedding_pca
esmc_PC1415,0.014972650129021697,0.012296527890626659,0.014972650129021697,embedding_pca
esmc_PC1416,0.0014679140919728298,0.012374263999164832,0.0014679140919728298,embedding_pca
esmc_PC1417,0.0015600270969254892,0.010330483960850458,0.0015600270969254892,embedding_pca
esmc_PC1418,-0.0014734585049714492,0.01913215425650127,0.0014734585049714492,embedding_pca
esmc_PC1419,-0.002327630913125249,0.01629326040086875,0.002327630913125249,embedding_pca
esmc_PC1420,-0.004886586407117377,0.011817095216739952,0.004886586407117377,embedding_pca
esmc_PC1421,0.01855370737512687,0.019775584167599235,0.01855370737512687,embedding_pca
esmc_PC1422,-0.002713716955878779,0.009078833510661343,0.002713716955878779,embedding_pca
esmc_PC1423,0.0017516786336440697,0.01714813374476982,0.0017516786336440697,embedding_pca
esmc_PC1424,0.007138763766919165,0.01366796612557801,0.007138763766919165,embedding_pca
esmc_PC1425,0.0061581075874886215,0.01044383315909331,0.0061581075874886215,embedding_pca
esmc_PC1426,0.00401014032974484,0.011038586951313215,0.00401014032974484,embedding_pca
esmc_PC1427,0.00578201439661471,0.013938798211343572,0.00578201439661471,embedding_pca
esmc_PC1428,0.0012994292500928823,0.01771527550595903,0.0012994292500928823,embedding_pca
esmc_PC1429,0.018588266421229196,0.01812963271732237,0.018588266421229196,embedding_pca
esmc_PC1430,-0.004678479139449003,0.01631346563725844,0.004678479139449003,embedding_pca
esmc_PC1431,0.007843761255277752,0.01431476770775368,0.007843761255277752,embedding_pca
esmc_PC1432,-0.007128346237465064,0.01719496096308809,0.007128346237465064,embedding_pca
esmc_PC1433,-0.005051220059647802,0.013522756268879004,0.005051220059647802,embedding_pca
esmc_PC1434,0.0011665785635727227,0.013228741318118553,0.0011665785635727227,embedding_pca
esmc_PC1435,0.000661964783567337,0.01969848847890302,0.000661964783567337,embedding_pca
esmc_PC1436,0.0013865364408037345,0.009122849247555269,0.0013865364408037345,embedding_pca
esmc_PC1437,0.0027178024737733214,0.01949775053101374,0.0027178024737733214,embedding_pca
esmc_PC1438,0.0016346531811683343,0.009481853065352434,0.0016346531811683343,embedding_pca
esmc_PC1439,-0.0007792552580869423,0.010470432063862212,0.0007792552580869423,embedding_pca
esmc_PC1440,0.005879491689393083,0.021718859423261523,0.005879491689393083,embedding_pca
esmc_PC1441,-0.0026382160959081313,0.01362895755463354,0.0026382160959081313,embedding_pca
esmc_PC1442,0.006991548855125746,0.018123663709589764,0.006991548855125746,embedding_pca
esmc_PC1443,-0.009918342517105144,0.009353979122013405,0.009918342517105144,embedding_pca
esmc_PC1444,0.004285227487289665,0.02153650957763787,0.004285227487289665,embedding_pca
esmc_PC1445,0.007603386194945112,0.008869671715315997,0.007603386194945112,embedding_pca
esmc_PC1446,0.009393249233393314,0.01349550003367006,0.009393249233393314,embedding_pca
esmc_PC1447,-0.0015644625153534019,0.007767209395813417,0.0015644625153534019,embedding_pca
esmc_PC1448,0.010254899674669542,0.006102223880874431,0.010254899674669542,embedding_pca
esmc_PC1449,-0.0003310984429319562,0.015304123138952694,0.0003310984429319562,embedding_pca
esmc_PC1450,-0.002918232480823021,0.014117747909431802,0.002918232480823021,embedding_pca
esmc_PC1451,-0.0063448954876056795,0.016057187679041532,0.0063448954876056795,embedding_pca
esmc_PC1452,-0.004435564577101191,0.009814684919265477,0.004435564577101191,embedding_pca
esmc_PC1453,0.003218497371778353,0.012810779525094363,0.003218497371778353,embedding_pca
esmc_PC1454,0.002342523529979527,0.021036580625779965,0.002342523529979527,embedding_pca
esmc_PC1455,0.002092593242868773,0.011560598982648282,0.002092593242868773,embedding_pca
esmc_PC1456,0.0003537442980524462,0.011836492337897233,0.0003537442980524462,embedding_pca
esmc_PC1457,-0.007061571310148643,0.012286567723634135,0.007061571310148643,embedding_pca
esmc_PC1458,-0.0012028901414458913,0.01221520790959929,0.0012028901414458913,embedding_pca
esmc_PC1459,-0.005647501340872737,0.015752764108531853,0.005647501340872737,embedding_pca
esmc_PC1460,-0.003125834837090677,0.025713689409962506,0.003125834837090677,embedding_pca
esmc_PC1461,0.002093085400235248,0.008787347178875414,0.002093085400235248,embedding_pca
esmc_PC1462,0.008508633583594234,0.008475010017193212,0.008508633583594234,embedding_pca
esmc_PC1463,-0.0009353067545791058,0.01737975971455139,0.0009353067545791058,embedding_pca
esmc_PC1464,0.004723533314331649,0.015961273721158967,0.004723533314331649,embedding_pca
esmc_PC1465,0.010223454545945396,0.013579937376253662,0.010223454545945396,embedding_pca
esmc_PC1466,0.00722712180591604,0.009762779972707086,0.00722712180591604,embedding_pca
esmc_PC1467,-0.0014348370109619813,0.007849054948606307,0.0014348370109619813,embedding_pca
esmc_PC1468,0.005468521626527364,0.00808544113497329,0.005468521626527364,embedding_pca
esmc_PC1469,-0.004206586013833389,0.015967511519156312,0.004206586013833389,embedding_pca
esmc_PC1470,-0.0004984973280966521,0.013586808161707898,0.0004984973280966521,embedding_pca
esmc_PC1471,0.010879850734123177,0.014670240586228823,0.010879850734123177,embedding_pca
esmc_PC1472,-0.00018342722360124505,0.02102747617559817,0.00018342722360124505,embedding_pca
esmc_PC1473,0.0020497639683128522,0.01815968475417314,0.0020497639683128522,embedding_pca
esmc_PC1474,-0.005595428067844432,0.01869341004551736,0.005595428067844432,embedding_pca
esmc_PC1475,0.009115845500448753,0.010917351831598534,0.009115845500448753,embedding_pca
esmc_PC1476,0.0021030918222630316,0.013883844970592266,0.0021030918222630316,embedding_pca
esmc_PC1477,0.010723234561278059,0.02113707659961166,0.010723234561278059,embedding_pca
esmc_PC1478,0.0007521640859746218,0.0132810239820744,0.0007521640859746218,embedding_pca
esmc_PC1479,0.0065611317854677624,0.004555645849788073,0.0065611317854677624,embedding_pca
esmc_PC1480,-0.0006214745915419997,0.021332747432389432,0.0006214745915419997,embedding_pca
esmc_PC1481,-0.00551818127314167,0.006938897592720382,0.00551818127314167,embedding_pca
esmc_PC1482,-0.0024567917497616623,0.012486731610686669,0.0024567917497616623,embedding_pca
esmc_PC1483,-0.010780204756103024,0.018007953258500273,0.010780204756103024,embedding_pca
esmc_PC1484,0.007708703835080761,0.004978073224403275,0.007708703835080761,embedding_pca
esmc_PC1485,-0.0022718999236406223,0.018279026972426716,0.0022718999236406223,embedding_pca
esmc_PC1486,-0.013103924911218662,0.01621149299592884,0.013103924911218662,embedding_pca
esmc_PC1487,-0.00595684778398938,0.008826267084573809,0.00595684778398938,embedding_pca
esmc_PC1488,-0.007500729022283163,0.01003541366546887,0.007500729022283163,embedding_pca
esmc_PC1489,0.003122197575994856,0.015283143681811323,0.003122197575994856,embedding_pca
esmc_PC1490,0.004213569401270654,0.01117774196212452,0.004213569401270654,embedding_pca
esmc_PC1491,-0.0036744820589553326,0.007126480169239993,0.0036744820589553326,embedding_pca
esmc_PC1492,0.0015912868573092916,0.0181147772509749,0.0015912868573092916,embedding_pca
esmc_PC1493,-0.0015687950436765318,0.01603279453406423,0.0015687950436765318,embedding_pca
esmc_PC1494,-0.0025155348876554906,0.012611494874611676,0.0025155348876554906,embedding_pca
esmc_PC1495,-0.0011172560362289572,0.013373278222689534,0.0011172560362289572,embedding_pca
esmc_PC1496,0.0024025215638165238,0.012018517190691018,0.0024025215638165238,embedding_pca
esmc_PC1497,-0.013183239065189329,0.02723833677082554,0.013183239065189329,embedding_pca
esmc_PC1498,-1.922902149946032e-05,0.013976014551170328,1.922902149946032e-05,embedding_pca
esmc_PC1499,0.01368878114088804,0.01824768671602034,0.01368878114088804,embedding_pca
esmc_PC1500,0.008626029592747456,0.011350736019429916,0.008626029592747456,embedding_pca
esmc_PC1501,-0.0006837234622935742,0.010924578543575132,0.0006837234622935742,embedding_pca
esmc_PC1502,-0.009414025770405352,0.006830813554462645,0.009414025770405352,embedding_pca
esmc_PC1503,-0.0023167268254760216,0.0094764987545255,0.0023167268254760216,embedding_pca
esmc_PC1504,-0.0008454750597299834,0.00714744303138024,0.0008454750597299834,embedding_pca
esmc_PC1505,-0.005778569230342086,0.01405235681884131,0.005778569230342086,embedding_pca
esmc_PC1506,-0.007989829221353096,0.008919024143320471,0.007989829221353096,embedding_pca
esmc_PC1507,-0.004179388229813759,0.011858377268101723,0.004179388229813759,embedding_pca
esmc_PC1508,-0.003049054042070487,0.013441731713506724,0.003049054042070487,embedding_pca
esmc_PC1509,0.0006706027560715724,0.011999424178489457,0.0006706027560715724,embedding_pca
esmc_PC1510,0.0020335635415413304,0.01566963019327836,0.0020335635415413304,embedding_pca
esmc_PC1511,-0.0037248754166001644,0.01671931156596326,0.0037248754166001644,embedding_pca
esmc_PC1512,-0.0030315679210122107,0.011582527089895328,0.0030315679210122107,embedding_pca
esmc_PC1513,-0.003680441296134569,0.014179341032179847,0.003680441296134569,embedding_pca
esmc_PC1514,0.002013930106394453,0.019431274046671596,0.002013930106394453,embedding_pca
esmc_PC1515,0.006868054074562447,0.01735034362182222,0.006868054074562447,embedding_pca
esmc_PC1516,0.012512585331843093,0.015050102899286091,0.012512585331843093,embedding_pca
esmc_PC1517,0.006914487038892803,0.014331718187663964,0.006914487038892803,embedding_pca
esmc_PC1518,0.002089705719793512,0.007990727252743114,0.002089705719793512,embedding_pca
esmc_PC1519,0.0017308255347800578,0.01042731921459841,0.0017308255347800578,embedding_pca
esmc_PC1520,0.0025501304522487543,0.011616104607142595,0.0025501304522487543,embedding_pca
esmc_PC1521,-0.0016626912018893381,0.015853536938927115,0.0016626912018893381,embedding_pca
esmc_PC1522,-0.002414720246441964,0.016797289914576456,0.002414720246441964,embedding_pca
esmc_PC1523,0.0003768143316660769,0.009740564244177331,0.0003768143316660769,embedding_pca
esmc_PC1524,0.004815614317187667,0.012927964743350945,0.004815614317187667,embedding_pca
esmc_PC1525,0.004371715848598797,0.012012236619638463,0.004371715848598797,embedding_pca
esmc_PC1526,0.0016648990561478456,0.006774318791804613,0.0016648990561478456,embedding_pca
esmc_PC1527,-0.0044086561403268104,0.010303887159086733,0.0044086561403268104,embedding_pca
esmc_PC1528,-0.005302475361741263,0.017734324986462928,0.005302475361741263,embedding_pca
esmc_PC1529,0.00329420741518758,0.01490574460391423,0.00329420741518758,embedding_pca
esmc_PC1530,-0.009319441434904097,0.012840775550098583,0.009319441434904097,embedding_pca
esmc_PC1531,0.0034934028801383186,0.010717759064930324,0.0034934028801383186,embedding_pca
esmc_PC1532,0.0037998525797503036,0.005600251741693925,0.0037998525797503036,embedding_pca
esmc_PC1533,-0.002876480782865699,0.019534681835696916,0.002876480782865699,embedding_pca
esmc_PC1534,-0.0011269442514916718,0.021709682470982466,0.0011269442514916718,embedding_pca
esmc_PC1535,0.010955483699988893,0.013396285771362306,0.010955483699988893,embedding_pca
esmc_PC1536,-0.00260296975182511,0.00573027590430433,0.00260296975182511,embedding_pca
esmc_PC1537,0.001343148218856192,0.007545344451529,0.001343148218856192,embedding_pca
esmc_PC1538,0.006307697719735704,0.0117719737948587,0.006307697719735704,embedding_pca
esmc_PC1539,-0.009792295720289095,0.008011160889403355,0.009792295720289095,embedding_pca
esmc_PC1540,0.0066320381954297234,0.009231769093076925,0.0066320381954297234,embedding_pca
esmc_PC1541,-0.005999375558875998,0.007715134732149427,0.005999375558875998,embedding_pca
esmc_PC1542,0.0020322832933386036,0.02266063209891368,0.0020322832933386036,embedding_pca
esmc_PC1543,-0.0006925197623664725,0.006955277388745778,0.0006925197623664725,embedding_pca
esmc_PC1544,-0.0009411184875211872,0.022741567231477113,0.0009411184875211872,embedding_pca
esmc_PC1545,-0.0008400105988601358,0.01391746445533192,0.0008400105988601358,embedding_pca
esmc_PC1546,-0.005297666651773336,0.009434627957991305,0.005297666651773336,embedding_pca
esmc_PC1547,0.005737174931531077,0.024122771823271615,0.005737174931531077,embedding_pca
esmc_PC1548,0.003914273703230808,0.004690707515638943,0.003914273703230808,embedding_pca
esmc_PC1549,0.01179784774698506,0.01328958368827064,0.01179784774698506,embedding_pca
esmc_PC1550,-0.010903681119407354,0.012976349407884048,0.010903681119407354,embedding_pca
esmc_PC1551,0.01395951179328749,0.017654135956133018,0.01395951179328749,embedding_pca
esmc_PC1552,0.008727060137552176,0.020635668746759383,0.008727060137552176,embedding_pca
esmc_PC1553,-0.008216446129569123,0.006716477961312758,0.008216446129569123,embedding_pca
esmc_PC1554,0.006729304994591824,0.01890895302258513,0.006729304994591824,embedding_pca
esmc_PC1555,0.0029852468340616357,0.01213023343315722,0.0029852468340616357,embedding_pca
esmc_PC1556,0.002344438512244619,0.006912265027417397,0.002344438512244619,embedding_pca
esmc_PC1557,0.006193999610440797,0.010452624625990765,0.006193999610440797,embedding_pca
esmc_PC1558,-0.005048962561288446,0.010400968996604967,0.005048962561288446,embedding_pca
esmc_PC1559,0.004176539668618471,0.008402693741420305,0.004176539668618471,embedding_pca
esmc_PC1560,-0.010310070900232676,0.01638013229389469,0.010310070900232676,embedding_pca
esmc_PC1561,-0.017605195902649036,0.022900538953098824,0.017605195902649036,embedding_pca
esmc_PC1562,0.004284626048309791,0.016939647917916467,0.004284626048309791,embedding_pca
esmc_PC1563,0.0018792819627675404,0.017621162095960395,0.0018792819627675404,embedding_pca
esmc_PC1564,-0.011510422621406658,0.010891015986074736,0.011510422621406658,embedding_pca
esmc_PC1565,0.008384529095573728,0.012671974566942227,0.008384529095573728,embedding_pca
esmc_PC1566,0.0006307362120605835,0.007789883133327166,0.0006307362120605835,embedding_pca
esmc_PC1567,-0.007907895089351578,0.014932468132882156,0.007907895089351578,embedding_pca
esmc_PC1568,-0.00047392690359873355,0.013015686199844195,0.00047392690359873355,embedding_pca
esmc_PC1569,0.0022582369396771476,0.003454814843092071,0.0022582369396771476,embedding_pca
esmc_PC1570,-0.002102964128359854,0.01703234848750035,0.002102964128359854,embedding_pca
esmc_PC1571,0.007228171874486405,0.010928624321842712,0.007228171874486405,embedding_pca
esmc_PC1572,-0.003554969811063925,0.02095900619275764,0.003554969811063925,embedding_pca
esmc_PC1573,0.0027361293884551573,0.008168971816817411,0.0027361293884551573,embedding_pca
esmc_PC1574,0.0005199120530759076,0.01549482025978586,0.0005199120530759076,embedding_pca
esmc_PC1575,0.0036047695083148653,0.01643116103900529,0.0036047695083148653,embedding_pca
esmc_PC1576,0.0006080520915382838,0.010626297463866466,0.0006080520915382838,embedding_pca
esmc_PC1577,0.0011821376046047172,0.0042271994584271045,0.0011821376046047172,embedding_pca
esmc_PC1578,0.010744052308152705,0.018963581108266746,0.010744052308152705,embedding_pca
esmc_PC1579,0.0016858914374299344,0.019358513501132834,0.0016858914374299344,embedding_pca
esmc_PC1580,-0.008791401020643599,0.015429059715860682,0.008791401020643599,embedding_pca
esmc_PC1581,0.0032726200753565235,0.021638478011298673,0.0032726200753565235,embedding_pca
esmc_PC1582,0.005777571034812404,0.010277796321853903,0.005777571034812404,embedding_pca
esmc_PC1583,0.0027606572774957435,0.011646066797012607,0.0027606572774957435,embedding_pca
esmc_PC1584,-0.00818994160298144,0.011566620899346035,0.00818994160298144,embedding_pca
esmc_PC1585,-0.0065361317794992045,0.013766896942249753,0.0065361317794992045,embedding_pca
esmc_PC1586,-0.004333944447351832,0.008929308563067425,0.004333944447351832,embedding_pca
esmc_PC1587,0.005764151442976819,0.014516427850449874,0.005764151442976819,embedding_pca
esmc_PC1588,0.008471164555511166,0.014946286082461287,0.008471164555511166,embedding_pca
esmc_PC1589,-0.009228069624644893,0.01585998248590431,0.009228069624644893,embedding_pca
esmc_PC1590,0.008700316617829901,0.01791021961794998,0.008700316617829901,embedding_pca
esmc_PC1591,0.004459113688722602,0.01327628153825182,0.004459113688722602,embedding_pca
esmc_PC1592,-0.004887793884314191,0.015333514855853866,0.004887793884314191,embedding_pca
esmc_PC1593,0.011462033859112977,0.01677534531955238,0.011462033859112977,embedding_pca
esmc_PC1594,0.008347117952497773,0.015405858905705453,0.008347117952497773,embedding_pca
esmc_PC1595,0.008932267206024417,0.02074668838082497,0.008932267206024417,embedding_pca
esmc_PC1596,-0.00039042226635631095,0.010084447054452288,0.00039042226635631095,embedding_pca
esmc_PC1597,-0.00231433616716161,0.014167590757738822,0.00231433616716161,embedding_pca
esmc_PC1598,-0.0006316867122160011,0.014531720056659805,0.0006316867122160011,embedding_pca
esmc_PC1599,0.0066566371126124445,0.013029459930494708,0.0066566371126124445,embedding_pca
esmc_PC1600,-0.008384715547051754,0.012219845709832549,0.008384715547051754,embedding_pca
esmc_PC1601,-0.009670876906471485,0.007294097561208855,0.009670876906471485,embedding_pca
esmc_PC1602,-0.016573745029737984,0.010358402331694272,0.016573745029737984,embedding_pca
esmc_PC1603,0.0005234808569879662,0.013440971643937481,0.0005234808569879662,embedding_pca
esmc_PC1604,0.0041780352309744055,0.015106696137221003,0.0041780352309744055,embedding_pca
esmc_PC1605,0.008373329026993927,0.015171975263831568,0.008373329026993927,embedding_pca
esmc_PC1606,-0.004964372751858169,0.008027304643662863,0.004964372751858169,embedding_pca
esmc_PC1607,0.0045261390271193625,0.015789565203110617,0.0045261390271193625,embedding_pca
esmc_PC1608,-0.0033485495376997495,0.014302840995330322,0.0033485495376997495,embedding_pca
esmc_PC1609,-0.014779401663295253,0.016931238316210236,0.014779401663295253,embedding_pca
esmc_PC1610,0.011609073273106158,0.006307561998550676,0.011609073273106158,embedding_pca
esmc_PC1611,0.00648054972993666,0.01583829461903474,0.00648054972993666,embedding_pca
esmc_PC1612,-0.0038754021888060966,0.019139829258367304,0.0038754021888060966,embedding_pca
esmc_PC1613,0.0048050449141379846,0.022282689052913803,0.0048050449141379846,embedding_pca
esmc_PC1614,0.004669031127455555,0.010564574160989581,0.004669031127455555,embedding_pca
esmc_PC1615,0.011665994922871226,0.018273882193330395,0.011665994922871226,embedding_pca
esmc_PC1616,-0.004758700016373533,0.028649501191100147,0.004758700016373533,embedding_pca
esmc_PC1617,-0.0047457326146082114,0.007348989311607991,0.0047457326146082114,embedding_pca
esmc_PC1618,-0.007219141045793638,0.012855017198098435,0.007219141045793638,embedding_pca
esmc_PC1619,0.004568797972265621,0.009056038063910964,0.004568797972265621,embedding_pca
esmc_PC1620,0.010537087619679286,0.00445160889964464,0.010537087619679286,embedding_pca
esmc_PC1621,-0.00576118443238609,0.008005790731643606,0.00576118443238609,embedding_pca
esmc_PC1622,2.2266022418268844e-05,0.01688642849171105,2.2266022418268844e-05,embedding_pca
esmc_PC1623,-0.004957447108594809,0.008679204132415649,0.004957447108594809,embedding_pca
esmc_PC1624,0.012039762088687267,0.011981664208343372,0.012039762088687267,embedding_pca
esmc_PC1625,-3.290661483655987e-05,0.012849586518355145,3.290661483655987e-05,embedding_pca
esmc_PC1626,-0.0011768944798081584,0.01417214077083887,0.0011768944798081584,embedding_pca
esmc_PC1627,-0.006612277583441977,0.01245763613016134,0.006612277583441977,embedding_pca
esmc_PC1628,-0.007306755162847738,0.01884929025461406,0.007306755162847738,embedding_pca
esmc_PC1629,-0.0013298977024033087,0.004251638109996045,0.0013298977024033087,embedding_pca
esmc_PC1630,-0.010177447257930818,0.008357866605640826,0.010177447257930818,embedding_pca
esmc_PC1631,0.002891702230409808,0.017537617287033513,0.002891702230409808,embedding_pca
esmc_PC1632,-0.00023771171569853802,0.018999146233797736,0.00023771171569853802,embedding_pca
esmc_PC1633,-0.00015470461608481142,0.007635451634013518,0.00015470461608481142,embedding_pca
esmc_PC1634,-0.008887574249155906,0.009946624821203193,0.008887574249155906,embedding_pca
esmc_PC1635,0.0037391001689118268,0.003949211045486337,0.0037391001689118268,embedding_pca
esmc_PC1636,-0.0033343296696244904,0.026200141629836478,0.0033343296696244904,embedding_pca
esmc_PC1637,0.01099897225874042,0.017155992568139752,0.01099897225874042,embedding_pca
esmc_PC1638,-0.003343987142849289,0.01075753222059297,0.003343987142849289,embedding_pca
esmc_PC1639,0.007199742463368616,0.008083672878013455,0.007199742463368616,embedding_pca
esmc_PC1640,0.0006601667335430548,0.015536163432304373,0.0006601667335430548,embedding_pca
esmc_PC1641,-0.013546514920989877,0.022970328583085023,0.013546514920989877,embedding_pca
esmc_PC1642,-0.0028742661422852464,0.016992255651062278,0.0028742661422852464,embedding_pca
esmc_PC1643,0.0007493636682542312,0.012099669608404856,0.0007493636682542312,embedding_pca
esmc_PC1644,-0.0010578632165724141,0.007140450014305602,0.0010578632165724141,embedding_pca
esmc_PC1645,-0.002652593561738575,0.0024322738210414475,0.002652593561738575,embedding_pca
esmc_PC1646,-0.005754737803510495,0.014168159874858175,0.005754737803510495,embedding_pca
esmc_PC1647,-0.008240454180750182,0.012156348425729442,0.008240454180750182,embedding_pca
esmc_PC1648,-0.0010384937629537578,0.009655005085268288,0.0010384937629537578,embedding_pca
esmc_PC1649,-0.008044065532299744,0.013989449707816678,0.008044065532299744,embedding_pca
esmc_PC1650,-0.00016900511042170359,0.007373405228282778,0.00016900511042170359,embedding_pca
esmc_PC1651,-0.008182255090602181,0.015457173653973599,0.008182255090602181,embedding_pca
esmc_PC1652,-0.00420536519582772,0.020163800842841608,0.00420536519582772,embedding_pca
esmc_PC1653,0.012822410058712286,0.014344504125784098,0.012822410058712286,embedding_pca
esmc_PC1654,0.0014809363600830354,0.008945631989467686,0.0014809363600830354,embedding_pca
esmc_PC1655,-0.009385764882477174,0.020145003677491738,0.009385764882477174,embedding_pca
esmc_PC1656,0.0019886357500026827,0.00762714030895708,0.0019886357500026827,embedding_pca
esmc_PC1657,-0.0044135460841167725,0.014371215015893125,0.0044135460841167725,embedding_pca
esmc_PC1658,-0.0007608107647072865,0.0038258293461917196,0.0007608107647072865,embedding_pca
esmc_PC1659,-0.0015557594065847514,0.013252355186578295,0.0015557594065847514,embedding_pca
esmc_PC1660,-0.007944396150839637,0.01249138442107578,0.007944396150839637,embedding_pca
esmc_PC1661,0.0002742277020811392,0.011211349948176531,0.0002742277020811392,embedding_pca
esmc_PC1662,0.006220945601504513,0.008662486727053182,0.006220945601504513,embedding_pca
esmc_PC1663,-0.016620659887567474,0.008302460668362531,0.016620659887567474,embedding_pca
esmc_PC1664,-0.0031543294559373083,0.013554787842452386,0.0031543294559373083,embedding_pca
esmc_PC1665,0.005657020311007103,0.02003332216943481,0.005657020311007103,embedding_pca
esmc_PC1666,-7.160930908411099e-05,0.013868699787045125,7.160930908411099e-05,embedding_pca
esmc_PC1667,-0.00046372954690793183,0.007035291543963433,0.00046372954690793183,embedding_pca
esmc_PC1668,0.010681106762389193,0.023553312302518836,0.010681106762389193,embedding_pca
esmc_PC1669,-0.0028570583605411733,0.012121729150135563,0.0028570583605411733,embedding_pca
esmc_PC1670,0.0014187294287325608,0.010708063308042304,0.0014187294287325608,embedding_pca
esmc_PC1671,-0.0017743901487209343,0.02339505636936214,0.0017743901487209343,embedding_pca
esmc_PC1672,-0.00504026371264576,0.007626665092685073,0.00504026371264576,embedding_pca
esmc_PC1673,-0.002335314659155109,0.023363018556715093,0.002335314659155109,embedding_pca
esmc_PC1674,-0.006120168715561305,0.00934236298967009,0.006120168715561305,embedding_pca
esmc_PC1675,0.009348954191299812,0.012186481315261493,0.009348954191299812,embedding_pca
esmc_PC1676,-0.0062989100764294075,0.018929585292197456,0.0062989100764294075,embedding_pca
esmc_PC1677,-0.0015580843676462348,0.012831045303059792,0.0015580843676462348,embedding_pca
esmc_PC1678,0.001602907108475617,0.008802295177483516,0.001602907108475617,embedding_pca
esmc_PC1679,-0.003810750269141068,0.01281857544193658,0.003810750269141068,embedding_pca
esmc_PC1680,-0.0072089571273621115,0.009524128563936406,0.0072089571273621115,embedding_pca
esmc_PC1681,-0.011156390939151805,0.012170217184129372,0.011156390939151805,embedding_pca
esmc_PC1682,-0.0034571240503160627,0.014099948852836773,0.0034571240503160627,embedding_pca
esmc_PC1683,0.00011117170178226652,0.011190639020618722,0.00011117170178226652,embedding_pca
esmc_PC1684,0.010129268703936007,0.014369757847341975,0.010129268703936007,embedding_pca
esmc_PC1685,-0.006136323414232456,0.021637169215113623,0.006136323414232456,embedding_pca
esmc_PC1686,-0.004341668338882051,0.011373976622099423,0.004341668338882051,embedding_pca
esmc_PC1687,0.003522572483934504,0.003067145738584635,0.003522572483934504,embedding_pca
esmc_PC1688,0.0026555564356273115,0.012364487849437457,0.0026555564356273115,embedding_pca
esmc_PC1689,0.0014331338440835794,0.01181563965419309,0.0014331338440835794,embedding_pca
esmc_PC1690,0.01752802228421204,0.012920366795850735,0.01752802228421204,embedding_pca
esmc_PC1691,0.0040329791573466885,0.021626623145378387,0.0040329791573466885,embedding_pca
esmc_PC1692,0.008814984990285055,0.012123904183728357,0.008814984990285055,embedding_pca
esmc_PC1693,0.0003044766023687142,0.008740624042994726,0.0003044766023687142,embedding_pca
esmc_PC1694,0.009502299890354391,0.022361463549245824,0.009502299890354391,embedding_pca
esmc_PC1695,0.0011854115800559368,0.013238875966829183,0.0011854115800559368,embedding_pca
esmc_PC1696,0.011899799378469833,0.013295011010614362,0.011899799378469833,embedding_pca
esmc_PC1697,0.016587024215453244,0.01586746546361851,0.016587024215453244,embedding_pca
esmc_PC1698,0.006173712564012314,0.014914708994180636,0.006173712564012314,embedding_pca
esmc_PC1699,0.00548989665451707,0.012889394815022614,0.00548989665451707,embedding_pca
esmc_PC1700,-0.0056306841004694075,0.018592230200855733,0.0056306841004694075,embedding_pca
esmc_PC1701,0.00591779011815938,0.0126306143814852,0.00591779011815938,embedding_pca
esmc_PC1702,-0.003283085853910702,0.007085000695291036,0.003283085853910702,embedding_pca
esmc_PC1703,-0.004775732514274503,0.010987407296060474,0.004775732514274503,embedding_pca
esmc_PC1704,-0.005846570293625092,0.016449954123796615,0.005846570293625092,embedding_pca
esmc_PC1705,0.0058292332817899105,0.007167359736782077,0.0058292332817899105,embedding_pca
esmc_PC1706,-0.0028165709524722677,0.012971100135272464,0.0028165709524722677,embedding_pca
esmc_PC1707,0.004090782583463773,0.02095349006632826,0.004090782583463773,embedding_pca
esmc_PC1708,-0.013855294315325454,0.00470589325759595,0.013855294315325454,embedding_pca
esmc_PC1709,0.01046923238875544,0.015033769606439002,0.01046923238875544,embedding_pca
esmc_PC1710,0.003330390497490506,0.014260432719839894,0.003330390497490506,embedding_pca
esmc_PC1711,-0.002025244059255198,0.014402677378322104,0.002025244059255198,embedding_pca
esmc_PC1712,0.0032480364464991503,0.011134054558004392,0.0032480364464991503,embedding_pca
esmc_PC1713,0.0036486712583494126,0.01978787518926639,0.0036486712583494126,embedding_pca
esmc_PC1714,-0.009311842698765218,0.0157680823245181,0.009311842698765218,embedding_pca
esmc_PC1715,-0.009404822784207924,0.0193012951937399,0.009404822784207924,embedding_pca
esmc_PC1716,-0.006372891083047763,0.006534936976860968,0.006372891083047763,embedding_pca
esmc_PC1717,0.010092588081783736,0.005693584807459268,0.010092588081783736,embedding_pca
esmc_PC1718,-0.010517408831402513,0.017344722778258062,0.010517408831402513,embedding_pca
esmc_PC1719,-0.0001718351992505843,0.008984199258432414,0.0001718351992505843,embedding_pca
esmc_PC1720,-0.0065486170212262825,0.016015065782415416,0.0065486170212262825,embedding_pca
esmc_PC1721,0.0009962214506513511,0.0058032767812991656,0.0009962214506513511,embedding_pca
esmc_PC1722,0.0004192123573195962,0.014539986661282754,0.0004192123573195962,embedding_pca
esmc_PC1723,2.934374793416225e-05,0.020779649476669118,2.934374793416225e-05,embedding_pca
esmc_PC1724,0.0011400992043580677,0.010077619973458313,0.0011400992043580677,embedding_pca
esmc_PC1725,-0.0077792328415860245,0.011620171065908737,0.0077792328415860245,embedding_pca
esmc_PC1726,0.003343622320105056,0.013979353222388176,0.003343622320105056,embedding_pca
esmc_PC1727,-0.008772217810198222,0.008226501434410055,0.008772217810198222,embedding_pca
esmc_PC1728,-0.00235648211228981,0.01300403279912078,0.00235648211228981,embedding_pca
esmc_PC1729,0.0073930518673815645,0.015680745323080832,0.0073930518673815645,embedding_pca
esmc_PC1730,0.014497789104730397,0.00832360754938296,0.014497789104730397,embedding_pca
esmc_PC1731,0.0020625481372602067,0.016890082791145573,0.0020625481372602067,embedding_pca
esmc_PC1732,0.0062505952842598165,0.01445949989722986,0.0062505952842598165,embedding_pca
esmc_PC1733,-0.0017597711253004814,0.0065358055282734116,0.0017597711253004814,embedding_pca
esmc_PC1734,0.02232331119663259,0.010990385887721565,0.02232331119663259,embedding_pca
esmc_PC1735,0.004979130955699655,0.011851698385215216,0.004979130955699655,embedding_pca
esmc_PC1736,0.004947356795631924,0.008670499130237371,0.004947356795631924,embedding_pca
esmc_PC1737,-0.0011052873372195912,0.023603966809126527,0.0011052873372195912,embedding_pca
esmc_PC1738,0.004796606171557747,0.007874768621995562,0.004796606171557747,embedding_pca
esmc_PC1739,0.0004919937435606282,0.007301560081497171,0.0004919937435606282,embedding_pca
esmc_PC1740,0.002544108190210527,0.011266154417046469,0.002544108190210527,embedding_pca
esmc_PC1741,0.006050938381427078,0.008340681321816642,0.006050938381427078,embedding_pca
esmc_PC1742,0.0058456749281474195,0.014621070425328689,0.0058456749281474195,embedding_pca
esmc_PC1743,0.003225834588308339,0.00655041816335828,0.003225834588308339,embedding_pca
esmc_PC1744,0.002381627566402427,0.011708573794162718,0.002381627566402427,embedding_pca
esmc_PC1745,0.0008032333042258018,0.01022423262068376,0.0008032333042258018,embedding_pca
esmc_PC1746,-0.0016056979010111434,0.019252446186617384,0.0016056979010111434,embedding_pca
esmc_PC1747,-0.017136914954382805,0.009279585168038005,0.017136914954382805,embedding_pca
esmc_PC1748,0.0038417995532835842,0.014252923528541054,0.0038417995532835842,embedding_pca
esmc_PC1749,-0.006774050767595885,0.011470915289988755,0.006774050767595885,embedding_pca
esmc_PC1750,0.00999197453265457,0.0042102569876155405,0.00999197453265457,embedding_pca
esmc_PC1751,-0.009520863115953324,0.015585516324637208,0.009520863115953324,embedding_pca
esmc_PC1752,-0.015086378832810571,0.018322406053111123,0.015086378832810571,embedding_pca
esmc_PC1753,-0.0005021572558065061,0.012129524766220813,0.0005021572558065061,embedding_pca
esmc_PC1754,0.0032093920756716466,0.018204503372131628,0.0032093920756716466,embedding_pca
esmc_PC1755,0.001467310122605594,0.020245430668606026,0.001467310122605594,embedding_pca
esmc_PC1756,0.008208927306951715,0.008657854374874053,0.008208927306951715,embedding_pca
esmc_PC1757,0.001173900679176078,0.010255243854068294,0.001173900679176078,embedding_pca
esmc_PC1758,0.008588872526620054,0.009441938502358166,0.008588872526620054,embedding_pca
esmc_PC1759,0.00585212697007176,0.01126118650587493,0.00585212697007176,embedding_pca
esmc_PC1760,0.0073040883514175325,0.011918990488358018,0.0073040883514175325,embedding_pca
esmc_PC1761,0.005624962424736291,0.008914525230848774,0.005624962424736291,embedding_pca
esmc_PC1762,-0.015581303737792448,0.014372111886701119,0.015581303737792448,embedding_pca
esmc_PC1763,-0.004574252662464135,0.014970342241687692,0.004574252662464135,embedding_pca
esmc_PC1764,0.003576953428357719,0.01532166140828739,0.003576953428357719,embedding_pca
esmc_PC1765,0.004560983526662228,0.008071947665911707,0.004560983526662228,embedding_pca
esmc_PC1766,0.00010493349163479825,0.01944646816539123,0.00010493349163479825,embedding_pca
esmc_PC1767,2.812180265487664e-05,0.013262674668057773,2.812180265487664e-05,embedding_pca
esmc_PC1768,0.0077625210081258295,0.011016759365579578,0.0077625210081258295,embedding_pca
esmc_PC1769,0.01194779084641968,0.010184483287807402,0.01194779084641968,embedding_pca
esmc_PC1770,0.0028052139971193476,0.021201375834264367,0.0028052139971193476,embedding_pca
esmc_PC1771,0.0023311610513003177,0.01717957831712693,0.0023311610513003177,embedding_pca
esmc_PC1772,-0.004109508500783015,0.019619349522159806,0.004109508500783015,embedding_pca
esmc_PC1773,0.007193225597537436,0.015575972600224091,0.007193225597537436,embedding_pca
esmc_PC1774,0.0057144382274692835,0.01800603377246375,0.0057144382274692835,embedding_pca
esmc_PC1775,0.00020401599899115438,0.008874090742702151,0.00020401599899115438,embedding_pca
esmc_PC1776,0.0022639270758189264,0.0177016956472837,0.0022639270758189264,embedding_pca
esmc_PC1777,-0.007404471800342993,0.01156904839044782,0.007404471800342993,embedding_pca
esmc_PC1778,0.002465036593276151,0.009524611138001854,0.002465036593276151,embedding_pca
esmc_PC1779,5.3566149994559384e-05,0.01395185185225949,5.3566149994559384e-05,embedding_pca
esmc_PC1780,-0.0009492668975086086,0.006119916029047213,0.0009492668975086086,embedding_pca
esmc_PC1781,0.0008715965395152169,0.009992713017834588,0.0008715965395152169,embedding_pca
esmc_PC1782,0.004728591745545459,0.017471177109319478,0.004728591745545459,embedding_pca
esmc_PC1783,0.0069577408780779875,0.012060635519907182,0.0069577408780779875,embedding_pca
esmc_PC1784,-0.006319645857734063,0.019524852429188114,0.006319645857734063,embedding_pca
esmc_PC1785,-0.005667121911045894,0.01671493662705185,0.005667121911045894,embedding_pca
esmc_PC1786,-0.00443353346936588,0.021027483479205748,0.00443353346936588,embedding_pca
esmc_PC1787,0.0029041810411719955,0.015851889177767902,0.0029041810411719955,embedding_pca
esmc_PC1788,-0.008321729782520318,0.013948559932474722,0.008321729782520318,embedding_pca
esmc_PC1789,0.003979907168126173,0.01565163662974684,0.003979907168126173,embedding_pca
esmc_PC1790,0.004102929475392978,0.008887745930295367,0.004102929475392978,embedding_pca
esmc_PC1791,0.0014673098097435077,0.01310223887619295,0.0014673098097435077,embedding_pca
esmc_PC1792,-0.00555237053520738,0.003921218726669266,0.00555237053520738,embedding_pca
esmc_PC1793,-0.002128650572543231,0.018078915582225158,0.002128650572543231,embedding_pca
esmc_PC1794,0.004069720225976144,0.018648928094535076,0.004069720225976144,embedding_pca
esmc_PC1795,-0.002203374064268867,0.010676729519782107,0.002203374064268867,embedding_pca
esmc_PC1796,0.0010015569199865802,0.016602838679630343,0.0010015569199865802,embedding_pca
esmc_PC1797,-0.001109998850936995,0.0056048622806372335,0.001109998850936995,embedding_pca
esmc_PC1798,-1.1214830685560283e-05,0.007496585615275501,1.1214830685560283e-05,embedding_pca
esmc_PC1799,-0.007169400192830001,0.02251172043087165,0.007169400192830001,embedding_pca
esmc_PC1800,-0.00213939268581844,0.014255330293449614,0.00213939268581844,embedding_pca
esmc_PC1801,9.558853260778176e-05,0.016486603402615777,9.558853260778176e-05,embedding_pca
esmc_PC1802,-0.0010575249270554131,0.0239781441723396,0.0010575249270554131,embedding_pca
esmc_PC1803,0.005393617375638972,0.009670833871183839,0.005393617375638972,embedding_pca
esmc_PC1804,-0.006108398695330119,0.011724121473718973,0.006108398695330119,embedding_pca
esmc_PC1805,-0.0076923282170919625,0.009028048082044816,0.0076923282170919625,embedding_pca
esmc_PC1806,-0.010331071215031382,0.0057471622408108705,0.010331071215031382,embedding_pca
esmc_PC1807,0.009098186283196549,0.018058514052415115,0.009098186283196549,embedding_pca
esmc_PC1808,0.0016557896054066972,0.010651031833955158,0.0016557896054066972,embedding_pca
esmc_PC1809,-0.02378016870287687,0.007381019201911672,0.02378016870287687,embedding_pca
esmc_PC1810,0.008408665248742155,0.010849127076083825,0.008408665248742155,embedding_pca
esmc_PC1811,-0.008572518485821188,0.01340818370807354,0.008572518485821188,embedding_pca
esmc_PC1812,-0.002240756519822145,0.024844932151989293,0.002240756519822145,embedding_pca
esmc_PC1813,-0.0019118333476321283,0.014617016185442028,0.0019118333476321283,embedding_pca
esmc_PC1814,0.007984817453876348,0.01871957805374902,0.007984817453876348,embedding_pca
esmc_PC1815,0.004868764213597106,0.01050994743818495,0.004868764213597106,embedding_pca
esmc_PC1816,-0.0018533183713024342,0.01099832668496597,0.0018533183713024342,embedding_pca
esmc_PC1817,-0.012047840247054442,0.016186533022111628,0.012047840247054442,embedding_pca
esmc_PC1818,-0.0006644742255222591,0.01785168512512988,0.0006644742255222591,embedding_pca
esmc_PC1819,-0.0065708214210399895,0.01430801031425516,0.0065708214210399895,embedding_pca
esmc_PC1820,0.007464035179623199,0.016707746900679762,0.007464035179623199,embedding_pca
esmc_PC1821,0.009405166624388728,0.0201143925714219,0.009405166624388728,embedding_pca
esmc_PC1822,-0.01224617484995676,0.01250311188097518,0.01224617484995676,embedding_pca
esmc_PC1823,-0.003966772426275269,0.008681270804708624,0.003966772426275269,embedding_pca
esmc_PC1824,-0.005667096146857871,0.013623159360400377,0.005667096146857871,embedding_pca
esmc_PC1825,0.012519031813606179,0.012824095984661816,0.012519031813606179,embedding_pca
esmc_PC1826,-0.003529732192032636,0.014699893309489606,0.003529732192032636,embedding_pca
esmc_PC1827,-0.0001761585693584325,0.02467381285006678,0.0001761585693584325,embedding_pca
esmc_PC1828,0.005647815245165044,0.005994560373084304,0.005647815245165044,embedding_pca
esmc_PC1829,0.004337501404820247,0.012482214728489996,0.004337501404820247,embedding_pca
esmc_PC1830,-0.003907561695739613,0.0137546998463666,0.003907561695739613,embedding_pca
esmc_PC1831,-0.01435671030387333,0.013234647864541748,0.01435671030387333,embedding_pca
esmc_PC1832,0.002456498900896514,0.012675473691517282,0.002456498900896514,embedding_pca
esmc_PC1833,0.00563514452976156,0.022957838206360652,0.00563514452976156,embedding_pca
esmc_PC1834,0.00890593253790251,0.007525295643024125,0.00890593253790251,embedding_pca
esmc_PC1835,0.0043273350292821686,0.0070342432206081055,0.0043273350292821686,embedding_pca
esmc_PC1836,0.001489513178049937,0.02017477609675588,0.001489513178049937,embedding_pca
esmc_PC1837,0.008351203013720195,0.009227626303460435,0.008351203013720195,embedding_pca
esmc_PC1838,0.004916268139621543,0.027173458498258994,0.004916268139621543,embedding_pca
esmc_PC1839,-0.005927180435960017,0.009869869300907415,0.005927180435960017,embedding_pca
esmc_PC1840,0.0029700213485063277,0.008487704355862621,0.0029700213485063277,embedding_pca
esmc_PC1841,0.002686131068175242,0.015031372449289511,0.002686131068175242,embedding_pca
esmc_PC1842,0.012287459670122574,0.007679086581962265,0.012287459670122574,embedding_pca
esmc_PC1843,0.010323024175080943,0.011870792765598928,0.010323024175080943,embedding_pca
esmc_PC1844,-0.006475781067304861,0.007201933047537901,0.006475781067304861,embedding_pca
esmc_PC1845,-0.006147939785444094,0.004171865311606831,0.006147939785444094,embedding_pca
esmc_PC1846,-0.0019584131973219457,0.02548044211188011,0.0019584131973219457,embedding_pca
esmc_PC1847,-0.004680349956822109,0.01079052504205376,0.004680349956822109,embedding_pca
esmc_PC1848,-0.011489426582267422,0.01353828061963577,0.011489426582267422,embedding_pca
esmc_PC1849,0.006539609205826169,0.013415251265398545,0.006539609205826169,embedding_pca
esmc_PC1850,-0.006373093080252486,0.01234970913159575,0.006373093080252486,embedding_pca
esmc_PC1851,-0.009123001379706605,0.009430055145803827,0.009123001379706605,embedding_pca
esmc_PC1852,-0.0018417086983354082,0.00894139591346944,0.0018417086983354082,embedding_pca
esmc_PC1853,0.005614597668647597,0.01595681026457559,0.005614597668647597,embedding_pca
esmc_PC1854,-0.002454576030168186,0.00942092652421572,0.002454576030168186,embedding_pca
esmc_PC1855,-8.540956088455113e-05,0.02124878275263688,8.540956088455113e-05,embedding_pca
esmc_PC1856,0.001458785676404976,0.012015674411299193,0.001458785676404976,embedding_pca
esmc_PC1857,0.0050407911531436716,0.009906690129753003,0.0050407911531436716,embedding_pca
esmc_PC1858,-0.016259695881625798,0.020694734966966083,0.016259695881625798,embedding_pca
esmc_PC1859,0.012910325668706205,0.010252523798477853,0.012910325668706205,embedding_pca
esmc_PC1860,-0.0018252456663484789,0.007762191678440071,0.0018252456663484789,embedding_pca
esmc_PC1861,-0.010778791731962967,0.018126775825301828,0.010778791731962967,embedding_pca
esmc_PC1862,0.0034699167788284193,0.008059028470531545,0.0034699167788284193,embedding_pca
esmc_PC1863,0.007816137444236978,0.014925904811816984,0.007816137444236978,embedding_pca
esmc_PC1864,-0.0026970458027000383,0.010087021699925864,0.0026970458027000383,embedding_pca
esmc_PC1865,-0.014276461766922438,0.011827264858527375,0.014276461766922438,embedding_pca
esmc_PC1866,0.009514250618070666,0.012952536151792792,0.009514250618070666,embedding_pca
esmc_PC1867,0.0031982099232829462,0.01736696320186825,0.0031982099232829462,embedding_pca
esmc_PC1868,0.005639506949373511,0.007562334480267337,0.005639506949373511,embedding_pca
esmc_PC1869,0.003062380407150391,0.010723725932138764,0.003062380407150391,embedding_pca
esmc_PC1870,0.018127805768231947,0.01560360436721524,0.018127805768231947,embedding_pca
esmc_PC1871,-0.008433807182369805,0.015274668745231932,0.008433807182369805,embedding_pca
esmc_PC1872,0.00033295855572979747,0.018321246050479106,0.00033295855572979747,embedding_pca
esmc_PC1873,-0.008981739332199647,0.014155679324276268,0.008981739332199647,embedding_pca
esmc_PC1874,0.0031635129929718864,0.00891239717228041,0.0031635129929718864,embedding_pca
esmc_PC1875,-0.002134783382787591,0.008356788903225677,0.002134783382787591,embedding_pca
esmc_PC1876,-0.005464787565774206,0.01488731866409566,0.005464787565774206,embedding_pca
esmc_PC1877,-0.011934647256068433,0.012755253564951607,0.011934647256068433,embedding_pca
esmc_PC1878,-0.00010149741029168296,0.01398179155249441,0.00010149741029168296,embedding_pca
esmc_PC1879,-0.003212332853153447,0.0156580362166204,0.003212332853153447,embedding_pca
esmc_PC1880,-0.0019620385667335413,0.008730948763828888,0.0019620385667335413,embedding_pca
esmc_PC1881,0.005758320901053547,0.02035125491941364,0.005758320901053547,embedding_pca
esmc_PC1882,8.816974428951484e-05,0.008486535297898891,8.816974428951484e-05,embedding_pca
esmc_PC1883,0.008936068052509105,0.009513276137613276,0.008936068052509105,embedding_pca
esmc_PC1884,0.01115030136545547,0.010042911034794417,0.01115030136545547,embedding_pca
esmc_PC1885,-0.00023931962231766232,0.014224376917885083,0.00023931962231766232,embedding_pca
esmc_PC1886,-0.015343074650744895,0.019575630696334834,0.015343074650744895,embedding_pca
esmc_PC1887,-0.0014871178320922517,0.012591756460771198,0.0014871178320922517,embedding_pca
esmc_PC1888,0.003067616380789494,0.007772468627215577,0.003067616380789494,embedding_pca
esmc_PC1889,0.00432809234910269,0.011789217891734701,0.00432809234910269,embedding_pca
esmc_PC1890,-0.0037043708821965352,0.01389686826722324,0.0037043708821965352,embedding_pca
esmc_PC1891,-0.002588246819104404,0.01512129911653552,0.002588246819104404,embedding_pca
esmc_PC1892,0.005026678771596106,0.015794652238753034,0.005026678771596106,embedding_pca
esmc_PC1893,0.009413335743309454,0.004401038967884901,0.009413335743309454,embedding_pca
esmc_PC1894,0.008393087752230554,0.009741751425668492,0.008393087752230554,embedding_pca
esmc_PC1895,0.006416535085387301,0.01213119396249134,0.006416535085387301,embedding_pca
esmc_PC1896,-0.0036547472307599583,0.013438622907620844,0.0036547472307599583,embedding_pca
esmc_PC1897,-0.013134591060120016,0.007621289248729466,0.013134591060120016,embedding_pca
esmc_PC1898,0.0012338133276809742,0.005207036279779608,0.0012338133276809742,embedding_pca
esmc_PC1899,0.0006044975532723551,0.008052517999641004,0.0006044975532723551,embedding_pca
esmc_PC1900,-0.0024764147613419336,0.010562503640514769,0.0024764147613419336,embedding_pca
esmc_PC1901,-0.009107991785361957,0.01195506912255387,0.009107991785361957,embedding_pca
esmc_PC1902,-0.005216600663574428,0.01088240883514785,0.005216600663574428,embedding_pca
esmc_PC1903,-0.007112634966298456,0.015531146252962764,0.007112634966298456,embedding_pca
esmc_PC1904,-0.00434232061840021,0.01023122699028179,0.00434232061840021,embedding_pca
esmc_PC1905,0.002571255125375976,0.015999631665753775,0.002571255125375976,embedding_pca
esmc_PC1906,0.012175667134243727,0.007441510425211734,0.012175667134243727,embedding_pca
esmc_PC1907,-0.009693111631555312,0.010613676993326321,0.009693111631555312,embedding_pca
esmc_PC1908,-0.0025725494879471566,0.012294326671173658,0.0025725494879471566,embedding_pca
esmc_PC1909,0.003541798546450218,0.019740870733130366,0.003541798546450218,embedding_pca
esmc_PC1910,0.008105161950539662,0.012412554302222437,0.008105161950539662,embedding_pca
esmc_PC1911,-0.004887924319491826,0.011598144773065262,0.004887924319491826,embedding_pca
esmc_PC1912,-0.002345464235822375,0.007270521870559829,0.002345464235822375,embedding_pca
esmc_PC1913,0.003086971268885339,0.007373671073953626,0.003086971268885339,embedding_pca
esmc_PC1914,-0.0014965331864500472,0.018253167647193758,0.0014965331864500472,embedding_pca
esmc_PC1915,-0.0018028348035835317,0.012883477988916195,0.0018028348035835317,embedding_pca
esmc_PC1916,0.0017527833888160954,0.006719269766722651,0.0017527833888160954,embedding_pca
esmc_PC1917,0.002734765237608989,0.015369856570369406,0.002734765237608989,embedding_pca
esmc_PC1918,0.004481106229543544,0.013608694795051272,0.004481106229543544,embedding_pca
esmc_PC1919,0.004271950908867792,0.008831843170933058,0.004271950908867792,embedding_pca
esmc_PC1920,-0.00452736520708321,0.005671603520525832,0.00452736520708321,embedding_pca
esmc_PC1921,-0.011596337083096347,0.007944398650361595,0.011596337083096347,embedding_pca
esmc_PC1922,-0.004065881962558466,0.011565451005368967,0.004065881962558466,embedding_pca
esmc_PC1923,0.006117856228961947,0.011244073961451065,0.006117856228961947,embedding_pca
esmc_PC1924,-0.01069007362657042,0.012610958993477866,0.01069007362657042,embedding_pca
esmc_PC1925,0.002455401941717199,0.010691023921568765,0.002455401941717199,embedding_pca
esmc_PC1926,0.003554590759481912,0.018055135139754576,0.003554590759481912,embedding_pca
esmc_PC1927,0.004144196076813563,0.004732685801658529,0.004144196076813563,embedding_pca
esmc_PC1928,0.011398244453649578,0.01373882258593016,0.011398244453649578,embedding_pca
esmc_PC1929,0.0055113866041116635,0.010144214547834004,0.0055113866041116635,embedding_pca
esmc_PC1930,-0.009413718574175296,0.005394274440382731,0.009413718574175296,embedding_pca
esmc_PC1931,-0.003581009643402095,0.00799861222609497,0.003581009643402095,embedding_pca
esmc_PC1932,0.002452742867964173,0.008089730664746055,0.002452742867964173,embedding_pca
esmc_PC1933,-0.0033528107847992697,0.007141540345044297,0.0033528107847992697,embedding_pca
esmc_PC1934,-0.005830796086567281,0.027504218925850393,0.005830796086567281,embedding_pca
esmc_PC1935,0.008152843464278237,0.013100741353409205,0.008152843464278237,embedding_pca
esmc_PC1936,-0.019783712583472463,0.00838780470414964,0.019783712583472463,embedding_pca
esmc_PC1937,0.0015761131082784319,0.01584159632640831,0.0015761131082784319,embedding_pca
esmc_PC1938,0.007434119753954381,0.012453224649190723,0.007434119753954381,embedding_pca
esmc_PC1939,-0.0005226979954294074,0.0021145800318386897,0.0005226979954294074,embedding_pca
esmc_PC1940,0.006865775586817817,0.011654445697788354,0.006865775586817817,embedding_pca
esmc_PC1941,-0.001929642129479028,0.009027587511987832,0.001929642129479028,embedding_pca
esmc_PC1942,0.005230437776874981,0.017827698008458723,0.005230437776874981,embedding_pca
esmc_PC1943,-0.004681074808312916,0.009231110943495931,0.004681074808312916,embedding_pca
esmc_PC1944,-0.0018064999217556985,0.013683929160076262,0.0018064999217556985,embedding_pca
esmc_PC1945,0.005343629304190487,0.008586083787110526,0.005343629304190487,embedding_pca
esmc_PC1946,0.006900782492656253,0.0208224211900405,0.006900782492656253,embedding_pca
esmc_PC1947,0.004828712920519077,0.015531100061986429,0.004828712920519077,embedding_pca
esmc_PC1948,0.008034507811981013,0.009947116059886957,0.008034507811981013,embedding_pca
esmc_PC1949,0.010954960735758888,0.012088785018429844,0.010954960735758888,embedding_pca
esmc_PC1950,0.00866451797071989,0.013102820447838878,0.00866451797071989,embedding_pca
esmc_PC1951,0.00577000524855067,0.012493881838727579,0.00577000524855067,embedding_pca
esmc_PC1952,0.0022269867161006144,0.02062342364678628,0.0022269867161006144,embedding_pca
esmc_PC1953,0.0009573207935032274,0.024647863595898892,0.0009573207935032274,embedding_pca
esmc_PC1954,-0.0022009247081391506,0.011401696969776913,0.0022009247081391506,embedding_pca
esmc_PC1955,0.005007902790226543,0.017715546530301007,0.005007902790226543,embedding_pca
esmc_PC1956,-0.0007911024111538455,0.014180203530769426,0.0007911024111538455,embedding_pca
esmc_PC1957,-0.008052269107668717,0.00751624937966195,0.008052269107668717,embedding_pca
esmc_PC1958,-0.0076555495514804995,0.007554641822102174,0.0076555495514804995,embedding_pca
esmc_PC1959,-0.007176148734593063,0.007655889670821217,0.007176148734593063,embedding_pca
esmc_PC1960,0.0019354294066872327,0.022806067802760434,0.0019354294066872327,embedding_pca
esmc_PC1961,0.0014260468378392952,0.011187772740371325,0.0014260468378392952,embedding_pca
esmc_PC1962,-0.008973204475721988,0.01355855903964126,0.008973204475721988,embedding_pca
esmc_PC1963,0.003376736578636641,0.01094625721777642,0.003376736578636641,embedding_pca
esmc_PC1964,-0.013333998275731762,0.014280801473993346,0.013333998275731762,embedding_pca
esmc_PC1965,-0.0029779024211425706,0.008797129896297884,0.0029779024211425706,embedding_pca
esmc_PC1966,0.002830343161778633,0.01630053530119078,0.002830343161778633,embedding_pca
esmc_PC1967,-0.0017471720838544574,0.015392400408159342,0.0017471720838544574,embedding_pca
esmc_PC1968,0.0006712929501913909,0.013660527801549851,0.0006712929501913909,embedding_pca
esmc_PC1969,-0.0035659580495390865,0.004158520926522992,0.0035659580495390865,embedding_pca
esmc_PC1970,0.009176485603874563,0.018351061477628848,0.009176485603874563,embedding_pca
esmc_PC1971,-0.002940488957975781,0.009166824765902389,0.002940488957975781,embedding_pca
esmc_PC1972,-0.004513736748281806,0.014802428900501744,0.004513736748281806,embedding_pca
esmc_PC1973,-0.0036376827506212706,0.013725417380155607,0.0036376827506212706,embedding_pca
esmc_PC1974,0.0072927777732860535,0.020992493066937217,0.0072927777732860535,embedding_pca
esmc_PC1975,-0.0008875048503560135,0.008349770040897948,0.0008875048503560135,embedding_pca
esmc_PC1976,0.0013527151581564567,0.020891044999542696,0.0013527151581564567,embedding_pca
esmc_PC1977,0.0030221942684688107,0.015186600389990621,0.0030221942684688107,embedding_pca
esmc_PC1978,-0.003340660121011978,0.012831739200882118,0.003340660121011978,embedding_pca
esmc_PC1979,-0.00553061910654517,0.007464381698563376,0.00553061910654517,embedding_pca
esmc_PC1980,0.0011748986829828837,0.01859676540555401,0.0011748986829828837,embedding_pca
esmc_PC1981,0.001016499298415149,0.02033685796110472,0.001016499298415149,embedding_pca
esmc_PC1982,0.008040906803661705,0.013267018077783759,0.008040906803661705,embedding_pca
esmc_PC1983,0.004607686773816956,0.009767921043968264,0.004607686773816956,embedding_pca
esmc_PC1984,-0.0009746666040225495,0.016879530240071685,0.0009746666040225495,embedding_pca
esmc_PC1985,0.0051463215477297,0.010769962943300179,0.0051463215477297,embedding_pca
esmc_PC1986,0.003418167574952042,0.011644622278959207,0.003418167574952042,embedding_pca
esmc_PC1987,-0.002740175658695396,0.009941712940387764,0.002740175658695396,embedding_pca
esmc_PC1988,0.00669145512841327,0.01020318469669558,0.00669145512841327,embedding_pca
esmc_PC1989,0.008006376782606323,0.01244782770129529,0.008006376782606323,embedding_pca
esmc_PC1990,0.007805367125659749,0.01010580490179192,0.007805367125659749,embedding_pca
esmc_PC1991,0.007361058603471767,0.016094621514231466,0.007361058603471767,embedding_pca
esmc_PC1992,0.013457701925648463,0.010892379063479962,0.013457701925648463,embedding_pca
esmc_PC1993,-0.00017558091556321291,0.021521732891172873,0.00017558091556321291,embedding_pca
esmc_PC1994,-0.007664870144360576,0.019071330817370554,0.007664870144360576,embedding_pca
esmc_PC1995,-0.005460730006662648,0.011236052585438038,0.005460730006662648,embedding_pca
esmc_PC1996,0.002083134279625534,0.015012471481177053,0.002083134279625534,embedding_pca
esmc_PC1997,0.000630702231314162,0.012907916619777162,0.000630702231314162,embedding_pca
esmc_PC1998,-0.0009126562324210127,0.007637954682843517,0.0009126562324210127,embedding_pca
esmc_PC1999,0.011478869155032882,0.014345444354126158,0.011478869155032882,embedding_pca
esmc_PC2000,0.007239087933278572,0.00510975588819902,0.007239087933278572,embedding_pca
esmc_PC2001,0.004236263778732337,0.015617093844648055,0.004236263778732337,embedding_pca
esmc_PC2002,-0.003433506308359542,0.015137071536239395,0.003433506308359542,embedding_pca
esmc_PC2003,0.0016838396755717035,0.01472831514794758,0.0016838396755717035,embedding_pca
esmc_PC2004,-0.012939249860723052,0.014660810612631598,0.012939249860723052,embedding_pca
esmc_PC2005,0.005669829587545891,0.012603988510433756,0.005669829587545891,embedding_pca
esmc_PC2006,0.008233231377291456,0.006387038918747672,0.008233231377291456,embedding_pca
esmc_PC2007,0.007558584366015429,0.015610107760191652,0.007558584366015429,embedding_pca
esmc_PC2008,0.01904277711531696,0.018854589688545326,0.01904277711531696,embedding_pca
esmc_PC2009,-0.00490589516217359,0.013380981876331762,0.00490589516217359,embedding_pca
esmc_PC2010,0.0058445139411296585,0.021554078818798523,0.0058445139411296585,embedding_pca
esmc_PC2011,-0.0008359698343390586,0.018704733150753737,0.0008359698343390586,embedding_pca
esmc_PC2012,0.010448683501346003,0.01113644518305463,0.010448683501346003,embedding_pca
esmc_PC2013,0.00702418534330648,0.01357945600560552,0.00702418534330648,embedding_pca
esmc_PC2014,-0.006532207206066313,0.008433474709625412,0.006532207206066313,embedding_pca
esmc_PC2015,0.006435092588285977,0.010865939576648345,0.006435092588285977,embedding_pca
esmc_PC2016,0.004566479991653535,0.012604188459477458,0.004566479991653535,embedding_pca
esmc_PC2017,0.008921813891839823,0.01404765475543116,0.008921813891839823,embedding_pca
esmc_PC2018,-0.01090682663157941,0.011827742161268825,0.01090682663157941,embedding_pca
esmc_PC2019,-0.004122551166815111,0.012352152590002989,0.004122551166815111,embedding_pca
esmc_PC2020,0.0009279562269199476,0.004772136041498636,0.0009279562269199476,embedding_pca
esmc_PC2021,0.002342615724498135,0.010570053618366727,0.002342615724498135,embedding_pca
esmc_PC2022,-0.0054088168122933015,0.006119472488056418,0.0054088168122933015,embedding_pca
esmc_PC2023,0.009431248127380488,0.018775488889173374,0.009431248127380488,embedding_pca
esmc_PC2024,0.009776185846603426,0.011329946533096784,0.009776185846603426,embedding_pca
esmc_PC2025,0.0033488649859962035,0.01294581159947957,0.0033488649859962035,embedding_pca
esmc_PC2026,-0.006507825868497541,0.007761407539595454,0.006507825868497541,embedding_pca
esmc_PC2027,-0.00859837865135611,0.011427004735894529,0.00859837865135611,embedding_pca
esmc_PC2028,-0.0006700306181084785,0.003485256788743354,0.0006700306181084785,embedding_pca
esmc_PC2029,0.015441453298274049,0.012463922010013282,0.015441453298274049,embedding_pca
esmc_PC2030,0.0018416189422765592,0.012926154532435563,0.0018416189422765592,embedding_pca
esmc_PC2031,-0.004807525335546707,0.02167214210243756,0.004807525335546707,embedding_pca
esmc_PC2032,0.004835275310025859,0.006673916486085391,0.004835275310025859,embedding_pca
esmc_PC2033,0.002001680895086914,0.011763614284118493,0.002001680895086914,embedding_pca
esmc_PC2034,-0.0010926059280584384,0.011318803483544727,0.0010926059280584384,embedding_pca
esmc_PC2035,0.0028466752262523006,0.012199610424522167,0.0028466752262523006,embedding_pca
esmc_PC2036,-0.0020002081866428087,0.02840629255703604,0.0020002081866428087,embedding_pca
esmc_PC2037,-0.007025267992080636,0.016118436616855494,0.007025267992080636,embedding_pca
esmc_PC2038,-0.0051843393255828945,0.022387288721778385,0.0051843393255828945,embedding_pca
esmc_PC2039,0.01271350994656022,0.015198588345745404,0.01271350994656022,embedding_pca
esmc_PC2040,-0.0016884674238540087,0.01254335674261309,0.0016884674238540087,embedding_pca
esmc_PC2041,0.0012230879124144566,0.012862509119765003,0.0012230879124144566,embedding_pca
esmc_PC2042,-0.0007965297366373504,0.006848351033509906,0.0007965297366373504,embedding_pca
esmc_PC2043,0.005961045226586371,0.013891195392883826,0.005961045226586371,embedding_pca
esmc_PC2044,-0.010919957393351793,0.016157013503354366,0.010919957393351793,embedding_pca
esmc_PC2045,0.00616195202650118,0.012384065964488388,0.00616195202650118,embedding_pca
esmc_PC2046,-0.006464230431748855,0.018299472877653492,0.006464230431748855,embedding_pca
esmc_PC2047,-0.009533823281742288,0.01344635683037736,0.009533823281742288,embedding_pca
esmc_PC2048,0.010596262845789281,0.015267028659605844,0.010596262845789281,embedding_pca
esmc_PC2049,0.011864577377088497,0.013430555943732153,0.011864577377088497,embedding_pca
esmc_PC2050,0.0043860629774245255,0.00995149067005195,0.0043860629774245255,embedding_pca
esmc_PC2051,0.009712173962608293,0.010888646888661967,0.009712173962608293,embedding_pca
esmc_PC2052,0.00021082007497176493,0.009092359525215242,0.00021082007497176493,embedding_pca
esmc_PC2053,0.010239568785436012,0.015035000760311118,0.010239568785436012,embedding_pca
esmc_PC2054,-0.0024883944386022345,0.0062121736048618035,0.0024883944386022345,embedding_pca
esmc_PC2055,0.0019429453793233203,0.008072420012850204,0.0019429453793233203,embedding_pca
esmc_PC2056,0.014804011198859244,0.009686716190190096,0.014804011198859244,embedding_pca
esmc_PC2057,-0.0018739063428579027,0.02157490747172052,0.0018739063428579027,embedding_pca
esmc_PC2058,0.005102724784003318,0.015055747998534414,0.005102724784003318,embedding_pca
esmc_PC2059,-0.0022426259475928105,0.020655589522280384,0.0022426259475928105,embedding_pca
esmc_PC2060,0.002543350070417058,0.010624488353432621,0.002543350070417058,embedding_pca
esmc_PC2061,0.00805176717394419,0.014806598675244838,0.00805176717394419,embedding_pca
esmc_PC2062,0.012309667059305435,0.01772496434640455,0.012309667059305435,embedding_pca
esmc_PC2063,-0.013806569158239732,0.012371170094153963,0.013806569158239732,embedding_pca
esmc_PC2064,0.0049740214381312695,0.013641419914488466,0.0049740214381312695,embedding_pca
esmc_PC2065,0.004967286122040322,0.012304625870446975,0.004967286122040322,embedding_pca
esmc_PC2066,-0.006125217742249262,0.00574333840023607,0.006125217742249262,embedding_pca
esmc_PC2067,-0.007514940720266218,0.002885638262374104,0.007514940720266218,embedding_pca
esmc_PC2068,-0.015546031661531595,0.010915141949763736,0.015546031661531595,embedding_pca
esmc_PC2069,-0.0027995190493688145,0.01291805164345515,0.0027995190493688145,embedding_pca
esmc_PC2070,-0.009314146077220314,0.013818550310677403,0.009314146077220314,embedding_pca
esmc_PC2071,0.0035843262472440825,0.010512538302730764,0.0035843262472440825,embedding_pca
esmc_PC2072,-0.016754318070426884,0.017529536586743406,0.016754318070426884,embedding_pca
esmc_PC2073,0.007614529497512632,0.009652928319953236,0.007614529497512632,embedding_pca
esmc_PC2074,-0.004645197437947359,0.007044194264379589,0.004645197437947359,embedding_pca
esmc_PC2075,0.004584514931248358,0.007789590580059438,0.004584514931248358,embedding_pca
esmc_PC2076,0.007880945989776558,0.007617257093158504,0.007880945989776558,embedding_pca
esmc_PC2077,0.0030827354480178373,0.011282084768182788,0.0030827354480178373,embedding_pca
esmc_PC2078,0.008504470934848988,0.023921219417642345,0.008504470934848988,embedding_pca
esmc_PC2079,0.006502693871742471,0.01648662138644942,0.006502693871742471,embedding_pca
esmc_PC2080,-0.005831221485170816,0.008403686416934727,0.005831221485170816,embedding_pca
esmc_PC2081,-0.004090858648052127,0.011124638750542077,0.004090858648052127,embedding_pca
esmc_PC2082,0.005690881553128663,0.022121606918817996,0.005690881553128663,embedding_pca
esmc_PC2083,-0.0034833303533539487,0.025000305738263357,0.0034833303533539487,embedding_pca
esmc_PC2084,-0.004451031364248714,0.013024893257771212,0.004451031364248714,embedding_pca
esmc_PC2085,0.004360879901126355,0.02157821014991349,0.004360879901126355,embedding_pca
esmc_PC2086,-0.017448571770628002,0.015782414139521042,0.017448571770628002,embedding_pca
esmc_PC2087,-0.017836422483784975,0.01217919007080252,0.017836422483784975,embedding_pca
esmc_PC2088,-0.011532975545949392,0.0081891935943787,0.011532975545949392,embedding_pca
esmc_PC2089,0.0012146143815207663,0.018237688695333095,0.0012146143815207663,embedding_pca
esmc_PC2090,-0.0014362696098586588,0.010120167636571253,0.0014362696098586588,embedding_pca
esmc_PC2091,-0.012247147089409802,0.012890889717123644,0.012247147089409802,embedding_pca
esmc_PC2092,-0.0030570083894881587,0.014133651262485163,0.0030570083894881587,embedding_pca
esmc_PC2093,-0.000715883208747824,0.013757935175516989,0.000715883208747824,embedding_pca
esmc_PC2094,0.007880266016511744,0.007906644239835088,0.007880266016511744,embedding_pca
esmc_PC2095,0.010575743636166328,0.02233928648742801,0.010575743636166328,embedding_pca
esmc_PC2096,-0.01104818487302974,0.01111611454747572,0.01104818487302974,embedding_pca
esmc_PC2097,0.002047133889518385,0.01789454939911671,0.002047133889518385,embedding_pca
esmc_PC2098,0.00248221405410773,0.024163529832027488,0.00248221405410773,embedding_pca
esmc_PC2099,-0.0055042677536329115,0.017281173074013917,0.0055042677536329115,embedding_pca
esmc_PC2100,0.0028580721762499935,0.017457186296411128,0.0028580721762499935,embedding_pca
esmc_PC2101,0.010503479385042074,0.01784285031708339,0.010503479385042074,embedding_pca
esmc_PC2102,-0.013229236177278591,0.019986108621736144,0.013229236177278591,embedding_pca
esmc_PC2103,-0.004074532228491761,0.011884181030153618,0.004074532228491761,embedding_pca
esmc_PC2104,0.012559969932245141,0.01753257038957845,0.012559969932245141,embedding_pca
esmc_PC2105,-0.0005940506765521262,0.01905892926671346,0.0005940506765521262,embedding_pca
esmc_PC2106,-0.0013801611785824077,0.027077423956576984,0.0013801611785824077,embedding_pca
esmc_PC2107,0.0048202788645324264,0.013605820423999746,0.0048202788645324264,embedding_pca
esmc_PC2108,-0.008365056613712002,0.010380624723285593,0.008365056613712002,embedding_pca
esmc_PC2109,0.008822794751880258,0.0175900162068843,0.008822794751880258,embedding_pca
esmc_PC2110,0.002176526523124718,0.01910026173266226,0.002176526523124718,embedding_pca
esmc_PC2111,0.007525966737078789,0.0065638623834815505,0.007525966737078789,embedding_pca
esmc_PC2112,-0.0028990622993041613,0.011206948587901663,0.0028990622993041613,embedding_pca
esmc_PC2113,-0.004439910804521702,0.020837019080244715,0.004439910804521702,embedding_pca
esmc_PC2114,0.008388790956327776,0.011187550672236597,0.008388790956327776,embedding_pca
esmc_PC2115,-0.0007107029412952686,0.01991144963727686,0.0007107029412952686,embedding_pca
esmc_PC2116,0.0028448578931459345,0.012335251213530444,0.0028448578931459345,embedding_pca
esmc_PC2117,0.011616164424216655,0.014591380640322503,0.011616164424216655,embedding_pca
esmc_PC2118,-0.01027284303173548,0.013194545914344272,0.01027284303173548,embedding_pca
esmc_PC2119,-0.0055523165579004444,0.013038287554936433,0.0055523165579004444,embedding_pca
esmc_PC2120,-0.011776327082646362,0.01400446022808119,0.011776327082646362,embedding_pca
esmc_PC2121,-0.008107583551261921,0.012786462443255419,0.008107583551261921,embedding_pca
esmc_PC2122,0.012451350460872174,0.019525979168356515,0.012451350460872174,embedding_pca
esmc_PC2123,-0.007828839647526727,0.006514080313756059,0.007828839647526727,embedding_pca
esmc_PC2124,0.0017189369301473633,0.016473281077961883,0.0017189369301473633,embedding_pca
esmc_PC2125,0.01786914779631081,0.010215331068441778,0.01786914779631081,embedding_pca
esmc_PC2126,0.006031721691862192,0.010203259280684406,0.006031721691862192,embedding_pca
esmc_PC2127,-0.002036487575183576,0.013882903855955283,0.002036487575183576,embedding_pca
esmc_PC2128,0.001474761310424969,0.01326402888981234,0.001474761310424969,embedding_pca
esmc_PC2129,0.009590182782812227,0.016547402241419866,0.009590182782812227,embedding_pca
esmc_PC2130,0.006625522753281059,0.022580569223780864,0.006625522753281059,embedding_pca
esmc_PC2131,-0.00026805141936716187,0.013591142302416906,0.00026805141936716187,embedding_pca
esmc_PC2132,-0.0025805688257070614,0.02143675739815113,0.0025805688257070614,embedding_pca
esmc_PC2133,0.00814961990633854,0.010172601851974971,0.00814961990633854,embedding_pca
esmc_PC2134,-0.0028638860814614473,0.016174795374996952,0.0028638860814614473,embedding_pca
esmc_PC2135,0.005673677555999775,0.0077548269038318195,0.005673677555999775,embedding_pca
esmc_PC2136,-0.0045813776748752115,0.025329324175318347,0.0045813776748752115,embedding_pca
esmc_PC2137,-0.00700495568344181,0.011548237620286247,0.00700495568344181,embedding_pca
esmc_PC2138,0.0025215684315030096,0.016555632421720978,0.0025215684315030096,embedding_pca
esmc_PC2139,-0.0024629851872416987,0.013884578249382162,0.0024629851872416987,embedding_pca
esmc_PC2140,0.007505194671171926,0.016684965560015523,0.007505194671171926,embedding_pca
esmc_PC2141,-0.004642876718987142,0.016721584294313276,0.004642876718987142,embedding_pca
esmc_PC2142,-0.0008013562751870249,0.00916665608276503,0.0008013562751870249,embedding_pca
esmc_PC2143,0.0025664665427356523,0.018380105536466466,0.0025664665427356523,embedding_pca
esmc_PC2144,-0.0055452639947364876,0.017516137944222705,0.0055452639947364876,embedding_pca
esmc_PC2145,0.0009180546960987467,0.024735977485775978,0.0009180546960987467,embedding_pca
esmc_PC2146,0.011764628598100454,0.02083946530806095,0.011764628598100454,embedding_pca
esmc_PC2147,0.00991861074476234,0.017056804645800085,0.00991861074476234,embedding_pca
esmc_PC2148,0.013586111206875898,0.020658439283434554,0.013586111206875898,embedding_pca
esmc_PC2149,-0.0061412683592002954,0.016391275972664425,0.0061412683592002954,embedding_pca
esmc_PC2150,0.004627764124564539,0.021627556459382795,0.004627764124564539,embedding_pca
esmc_PC2151,-0.002744785040963535,0.01962921272650527,0.002744785040963535,embedding_pca
esmc_PC2152,-0.016564676452106783,0.01640420678796088,0.016564676452106783,embedding_pca
esmc_PC2153,0.003608076433201833,0.009729892470619393,0.003608076433201833,embedding_pca
esmc_PC2154,-0.009073605575067947,0.015485554078741073,0.009073605575067947,embedding_pca
esmc_PC2155,-0.016929410398820816,0.01689041800044912,0.016929410398820816,embedding_pca
esmc_PC2156,-0.005565533919421431,0.020132105956811107,0.005565533919421431,embedding_pca
esmc_PC2157,0.00691324320577334,0.025634451425249952,0.00691324320577334,embedding_pca
esmc_PC2158,0.006137203013007913,0.020556798479814408,0.006137203013007913,embedding_pca
esmc_PC2159,-0.00046913853968622645,0.022266430815381558,0.00046913853968622645,embedding_pca
esmc_PC2160,-0.002767755765785137,0.01709520526746598,0.002767755765785137,embedding_pca
esmc_PC2161,-7.802988069165705e-05,0.008639511946529621,7.802988069165705e-05,embedding_pca
esmc_PC2162,0.006822389964214942,0.012426634930298745,0.006822389964214942,embedding_pca
esmc_PC2163,-0.006019604351888842,0.01358809988391646,0.006019604351888842,embedding_pca
esmc_PC2164,-0.008110314836160292,0.02316636639310649,0.008110314836160292,embedding_pca
esmc_PC2165,-0.0033909913811357344,0.010846100501082718,0.0033909913811357344,embedding_pca
esmc_PC2166,-0.0036221173048306696,0.01504444031137335,0.0036221173048306696,embedding_pca
esmc_PC2167,0.012008356040423196,0.009950070045426005,0.012008356040423196,embedding_pca
esmc_PC2168,0.00883647968525957,0.01158240982658365,0.00883647968525957,embedding_pca
esmc_PC2169,0.009641106304311566,0.013438489331187508,0.009641106304311566,embedding_pca
esmc_PC2170,0.002157335874786933,0.011285095328555454,0.002157335874786933,embedding_pca
esmc_PC2171,-0.001270564382983491,0.013102614487662445,0.001270564382983491,embedding_pca
esmc_PC2172,-0.0117360221209551,0.018457946061927553,0.0117360221209551,embedding_pca
esmc_PC2173,-0.0029897657381609275,0.01656593442925446,0.0029897657381609275,embedding_pca
esmc_PC2174,0.0014523712383031392,0.008706606998783535,0.0014523712383031392,embedding_pca
esmc_PC2175,0.004753915901578376,0.013461041657502892,0.004753915901578376,embedding_pca
esmc_PC2176,0.018804305705114776,0.016875511016407628,0.018804305705114776,embedding_pca
esmc_PC2177,-0.015759162581106555,0.011054800568330725,0.015759162581106555,embedding_pca
esmc_PC2178,-0.0037189497256205502,0.017189845404707853,0.0037189497256205502,embedding_pca
esmc_PC2179,0.002930197084862787,0.009365480311010217,0.002930197084862787,embedding_pca
esmc_PC2180,-0.0014386650742023292,0.01735055894583674,0.0014386650742023292,embedding_pca
esmc_PC2181,-0.01449424392954451,0.01871275583199635,0.01449424392954451,embedding_pca
esmc_PC2182,-0.008653196422501404,0.02471349139335556,0.008653196422501404,embedding_pca
esmc_PC2183,0.0244054390050202,0.008268651729788053,0.0244054390050202,embedding_pca
esmc_PC2184,0.0038551340629936494,0.023550286491968248,0.0038551340629936494,embedding_pca
esmc_PC2185,0.0028916480942910707,0.009032131149096576,0.0028916480942910707,embedding_pca
esmc_PC2186,-0.006116427725153119,0.015689799836911326,0.006116427725153119,embedding_pca
esmc_PC2187,0.004170370607742716,0.017053788920094782,0.004170370607742716,embedding_pca
esmc_PC2188,-0.0035573091433999298,0.004449861997838209,0.0035573091433999298,embedding_pca
esmc_PC2189,0.0017089429941579525,0.010222813973272883,0.0017089429941579525,embedding_pca
esmc_PC2190,0.0041084381401751925,0.013364534744029287,0.0041084381401751925,embedding_pca
esmc_PC2191,-0.0030291519496841108,0.0183235868473984,0.0030291519496841108,embedding_pca
esmc_PC2192,-0.0011699101427095065,0.018670440671203246,0.0011699101427095065,embedding_pca
esmc_PC2193,0.00029887328652884493,0.019122740758145865,0.00029887328652884493,embedding_pca
esmc_PC2194,-0.00278129812833512,0.008828473460079566,0.00278129812833512,embedding_pca
esmc_PC2195,-0.013954748411981716,0.01165466621644235,0.013954748411981716,embedding_pca
esmc_PC2196,-0.009404827845633327,0.009787052616651052,0.009404827845633327,embedding_pca
esmc_PC2197,0.004461427345930753,0.01105189272292415,0.004461427345930753,embedding_pca
esmc_PC2198,0.0031128791988038924,0.013715801166754464,0.0031128791988038924,embedding_pca
esmc_PC2199,0.015893892340161957,0.010535113705401217,0.015893892340161957,embedding_pca
esmc_PC2200,-0.0033729158984999808,0.016993901877258813,0.0033729158984999808,embedding_pca
esmc_PC2201,0.01596303242963602,0.00246297339268838,0.01596303242963602,embedding_pca
esmc_PC2202,-0.008414408904181485,0.01736921186492409,0.008414408904181485,embedding_pca
esmc_PC2203,-0.0006784570029049568,0.018897727627877257,0.0006784570029049568,embedding_pca
esmc_PC2204,-0.007249602909390025,0.011699051337358104,0.007249602909390025,embedding_pca
esmc_PC2205,0.003938936698936117,0.011829816145126702,0.003938936698936117,embedding_pca
esmc_PC2206,-0.0019529985153007487,0.01313863935511746,0.0019529985153007487,embedding_pca
esmc_PC2207,0.00474099800792978,0.017887688127119293,0.00474099800792978,embedding_pca
esmc_PC2208,-0.004730267062873607,0.017855530755493686,0.004730267062873607,embedding_pca
esmc_PC2209,0.012735780314124695,0.018285459258590743,0.012735780314124695,embedding_pca
esmc_PC2210,-0.0011815491329753333,0.022523158320041432,0.0011815491329753333,embedding_pca
esmc_PC2211,0.0096258301362547,0.016272710870616363,0.0096258301362547,embedding_pca
esmc_PC2212,-0.0011024977526894082,0.017435131570825102,0.0011024977526894082,embedding_pca
esmc_PC2213,-0.020840083999073465,0.01553995005218359,0.020840083999073465,embedding_pca
esmc_PC2214,-0.006186335700370981,0.011325971065810903,0.006186335700370981,embedding_pca
esmc_PC2215,-0.0036300631485063893,0.01000522626807954,0.0036300631485063893,embedding_pca
esmc_PC2216,-0.014560062596911724,0.017461186987411195,0.014560062596911724,embedding_pca
esmc_PC2217,0.005883360667022811,0.012794922155849186,0.005883360667022811,embedding_pca
esmc_PC2218,0.0048360401720028414,0.017184258643481793,0.0048360401720028414,embedding_pca
esmc_PC2219,-0.013126187089806169,0.008964535002976557,0.013126187089806169,embedding_pca
esmc_PC2220,0.013353302505926201,0.004249646146682665,0.013353302505926201,embedding_pca
esmc_PC2221,-0.007132284195005108,0.004980988975265298,0.007132284195005108,embedding_pca
esmc_PC2222,-0.00048607369243877,0.010223178414884451,0.00048607369243877,embedding_pca
esmc_PC2223,0.016865930422660984,0.011821597021447831,0.016865930422660984,embedding_pca
esmc_PC2224,0.0062648866750227,0.018217625550953704,0.0062648866750227,embedding_pca
esmc_PC2225,0.008409767738883118,0.01746139511524981,0.008409767738883118,embedding_pca
esmc_PC2226,0.009299733388459496,0.00977933022954433,0.009299733388459496,embedding_pca
esmc_PC2227,0.007108798711625212,0.014154375169338415,0.007108798711625212,embedding_pca
esmc_PC2228,-0.0015669206507044494,0.007726733527182886,0.0015669206507044494,embedding_pca
esmc_PC2229,-0.0030292980913665044,0.026348448720288985,0.0030292980913665044,embedding_pca
esmc_PC2230,-0.0024354619568690344,0.016148104337106433,0.0024354619568690344,embedding_pca
esmc_PC2231,-0.006871304292614474,0.015050105282835756,0.006871304292614474,embedding_pca
esmc_PC2232,-0.004167369604288708,0.009154562194841535,0.004167369604288708,embedding_pca
esmc_PC2233,0.0019233157350028063,0.01525370219682914,0.0019233157350028063,embedding_pca
esmc_PC2234,-0.00265891143766721,0.01791001569358791,0.00265891143766721,embedding_pca
esmc_PC2235,0.006175243013508965,0.014542520120141076,0.006175243013508965,embedding_pca
esmc_PC2236,0.007956120780902288,0.01731771405677638,0.007956120780902288,embedding_pca
esmc_PC2237,-0.0011665300784607295,0.012325014051201873,0.0011665300784607295,embedding_pca
esmc_PC2238,-0.00258258897223627,0.012617735883786568,0.00258258897223627,embedding_pca
esmc_PC2239,-0.0022897389730220166,0.012825939558543371,0.0022897389730220166,embedding_pca
esmc_PC2240,0.008545674373534675,0.013808276924707966,0.008545674373534675,embedding_pca
esmc_PC2241,-0.006048075998719942,0.013893143666157551,0.006048075998719942,embedding_pca
esmc_PC2242,-0.0019786078255371814,0.02220970643790138,0.0019786078255371814,embedding_pca
esmc_PC2243,-0.013420045718409712,0.01564274197092385,0.013420045718409712,embedding_pca
esmc_PC2244,0.0035374650140284764,0.011522274019586484,0.0035374650140284764,embedding_pca
esmc_PC2245,-0.0024970548538876527,0.01471044119635699,0.0024970548538876527,embedding_pca
esmc_PC2246,0.005139570516551227,0.017492806060431628,0.005139570516551227,embedding_pca
esmc_PC2247,0.0024691593395298667,0.00906911229198365,0.0024691593395298667,embedding_pca
esmc_PC2248,-0.012264628205181666,0.012253770510702292,0.012264628205181666,embedding_pca
esmc_PC2249,-0.006915249655803366,0.016623129748156273,0.006915249655803366,embedding_pca
esmc_PC2250,0.006974423032383719,0.024135900180919476,0.006974423032383719,embedding_pca
esmc_PC2251,0.005014757356222951,0.011276719127051868,0.005014757356222951,embedding_pca
esmc_PC2252,0.00574953601718747,0.009906722705804878,0.00574953601718747,embedding_pca
esmc_PC2253,0.00821624420683699,0.011670330469444448,0.00821624420683699,embedding_pca
esmc_PC2254,-0.0006847949051624391,0.013769904495715612,0.0006847949051624391,embedding_pca
esmc_PC2255,0.005238046568525913,0.015128082894847572,0.005238046568525913,embedding_pca
esmc_PC2256,0.007229501108689654,0.011535480612165012,0.007229501108689654,embedding_pca
esmc_PC2257,0.001645612286880575,0.012014797065742317,0.001645612286880575,embedding_pca
esmc_PC2258,-0.015509094541596314,0.009281631059930804,0.015509094541596314,embedding_pca
esmc_PC2259,-0.0023295347134287226,0.02227549492048321,0.0023295347134287226,embedding_pca
esmc_PC2260,-0.005144022666257307,0.01760600516666811,0.005144022666257307,embedding_pca
esmc_PC2261,-0.0013706164904169905,0.01352206397244954,0.0013706164904169905,embedding_pca
esmc_PC2262,0.009089873281959798,0.014233033392505407,0.009089873281959798,embedding_pca
esmc_PC2263,-0.0013220655095184243,0.016339057581185683,0.0013220655095184243,embedding_pca
esmc_PC2264,0.013447535140565781,0.014191783576963445,0.013447535140565781,embedding_pca
esmc_PC2265,0.0008839648132767736,0.013954274099400251,0.0008839648132767736,embedding_pca
esmc_PC2266,-0.00040987621618579116,0.009234740579788153,0.00040987621618579116,embedding_pca
esmc_PC2267,-0.01311601508173999,0.019780000092169524,0.01311601508173999,embedding_pca
esmc_PC2268,-0.010413410870440008,0.0056779391151494845,0.010413410870440008,embedding_pca
esmc_PC2269,-0.017735262818109,0.021373164363732152,0.017735262818109,embedding_pca
esmc_PC2270,0.0013847715669346966,0.013730810917460104,0.0013847715669346966,embedding_pca
esmc_PC2271,0.0034363425429280066,0.017992029615588972,0.0034363425429280066,embedding_pca
esmc_PC2272,0.0031897432591773854,0.010733567656561116,0.0031897432591773854,embedding_pca
esmc_PC2273,0.003350012769622578,0.023210617786418242,0.003350012769622578,embedding_pca
esmc_PC2274,-0.009366106039900115,0.0172082703833973,0.009366106039900115,embedding_pca
esmc_PC2275,-0.013085568783914387,0.017035191259729947,0.013085568783914387,embedding_pca
esmc_PC2276,0.005284681026300741,0.009041530707971855,0.005284681026300741,embedding_pca
esmc_PC2277,-0.015784141465421248,0.017228012217234582,0.015784141465421248,embedding_pca
esmc_PC2278,-0.001455097969453483,0.014238349382354586,0.001455097969453483,embedding_pca
esmc_PC2279,-0.004226818610133179,0.007412202777124881,0.004226818610133179,embedding_pca
esmc_PC2280,-0.01074668122722039,0.0180223105359886,0.01074668122722039,embedding_pca
esmc_PC2281,-0.0060897547563477875,0.020237161232003986,0.0060897547563477875,embedding_pca
esmc_PC2282,0.002857751451371499,0.01092808883959734,0.002857751451371499,embedding_pca
esmc_PC2283,0.0024540855919599073,0.013090213356280876,0.0024540855919599073,embedding_pca
esmc_PC2284,-0.01801391132522111,0.0160813831097945,0.01801391132522111,embedding_pca
esmc_PC2285,-0.011003230812366236,0.013440112954912318,0.011003230812366236,embedding_pca
esmc_PC2286,0.007697410083452025,0.018089394485615858,0.007697410083452025,embedding_pca
esmc_PC2287,-0.005504960464833905,0.01805540889221133,0.005504960464833905,embedding_pca
esmc_PC2288,0.008653677061557731,0.007162925991436355,0.008653677061557731,embedding_pca
esmc_PC2289,-0.00968766963320216,0.01650769503295164,0.00968766963320216,embedding_pca
esmc_PC2290,-0.010265986176142423,0.016854557160819607,0.010265986176142423,embedding_pca
esmc_PC2291,0.0003868057984689387,0.01554200837201386,0.0003868057984689387,embedding_pca
esmc_PC2292,-0.003524933037927869,0.008794606035899906,0.003524933037927869,embedding_pca
esmc_PC2293,-0.0013592070426493856,0.010223385458323717,0.0013592070426493856,embedding_pca
esmc_PC2294,0.00794954486226531,0.021543350881626434,0.00794954486226531,embedding_pca
esmc_PC2295,-0.003271628625558881,0.016992422586959946,0.003271628625558881,embedding_pca
esmc_PC2296,-0.002940008524700885,0.012542065776418636,0.002940008524700885,embedding_pca
esmc_PC2297,0.0016696957049373066,0.016524238833528566,0.0016696957049373066,embedding_pca
esmc_PC2298,0.00956016569542393,0.009864096646877844,0.00956016569542393,embedding_pca
esmc_PC2299,-0.002827174239548467,0.015568680709970438,0.002827174239548467,embedding_pca
esmc_PC2300,-0.005552756722064951,0.008731486476028082,0.005552756722064951,embedding_pca
esmc_PC2301,-0.0018228779535387045,0.013181292297439001,0.0018228779535387045,embedding_pca
esmc_PC2302,-0.009773165134215958,0.018010492429530973,0.009773165134215958,embedding_pca
esmc_PC2303,0.0005705347084750675,0.010566171309323346,0.0005705347084750675,embedding_pca
esmc_PC2304,-0.009964571223217093,0.01232117586883254,0.009964571223217093,embedding_pca
esmc_PC2305,0.0005207246408635617,0.020957465565502646,0.0005207246408635617,embedding_pca
esmc_PC2306,-0.004998929138733238,0.005198539863130508,0.004998929138733238,embedding_pca
esmc_PC2307,-0.0097141479805271,0.013907249511388052,0.0097141479805271,embedding_pca
esmc_PC2308,0.003919483621930852,0.0208504740989705,0.003919483621930852,embedding_pca
esmc_PC2309,-0.003271479524431313,0.009565704842240022,0.003271479524431313,embedding_pca
esmc_PC2310,-0.004914347577108915,0.010561413096809502,0.004914347577108915,embedding_pca
esmc_PC2311,-0.0064244094858892185,0.007454502500655033,0.0064244094858892185,embedding_pca
esmc_PC2312,0.002935341353706206,0.011336439003310834,0.002935341353706206,embedding_pca
esmc_PC2313,0.0023680965837832484,0.009092062667929317,0.0023680965837832484,embedding_pca
esmc_PC2314,0.003735448334496006,0.009192370830139936,0.003735448334496006,embedding_pca
esmc_PC2315,-0.015054683773527871,0.007714280779473771,0.015054683773527871,embedding_pca
esmc_PC2316,-0.002104459868330664,0.01530373044709006,0.002104459868330664,embedding_pca
esmc_PC2317,-0.01217977129393498,0.0062023164663082804,0.01217977129393498,embedding_pca
esmc_PC2318,-0.004268257518949036,0.012450997795727229,0.004268257518949036,embedding_pca
esmc_PC2319,-0.0024140909413097955,0.0048198226574691,0.0024140909413097955,embedding_pca
esmc_PC2320,-0.010461651710136114,0.018933185995535902,0.010461651710136114,embedding_pca
esmc_PC2321,0.00475015585902666,0.01897811348577169,0.00475015585902666,embedding_pca
esmc_PC2322,-0.010372989537343929,0.013759185823287891,0.010372989537343929,embedding_pca
esmc_PC2323,-0.003382289304594434,0.013776213256846971,0.003382289304594434,embedding_pca
esmc_PC2324,0.0017074557819615963,0.021540421979257207,0.0017074557819615963,embedding_pca
esmc_PC2325,0.006962611432177965,0.007222060639690781,0.006962611432177965,embedding_pca
esmc_PC2326,0.0045304908847835735,0.006759994294622302,0.0045304908847835735,embedding_pca
esmc_PC2327,-0.00026057149590200026,0.004829346155606484,0.00026057149590200026,embedding_pca
esmc_PC2328,0.00874306615363771,0.0045891570890510824,0.00874306615363771,embedding_pca
esmc_PC2329,-0.000976844173829327,0.01371975897353675,0.000976844173829327,embedding_pca
esmc_PC2330,-0.01210897735921889,0.007486340215898395,0.01210897735921889,embedding_pca
esmc_PC2331,-0.005957087993038765,0.005207833483433834,0.005957087993038765,embedding_pca
esmc_PC2332,-0.002500071034427919,0.01332321528761162,0.002500071034427919,embedding_pca
esmc_PC2333,0.012492979084449563,0.010572383240760758,0.012492979084449563,embedding_pca
esmc_PC2334,0.023778302815447048,0.011601331832994177,0.023778302815447048,embedding_pca
esmc_PC2335,-0.0016751357361701942,0.01135488559345835,0.0016751357361701942,embedding_pca
esmc_PC2336,-0.00917966643519973,0.006784238535664189,0.00917966643519973,embedding_pca
esmc_PC2337,0.013295530311119321,0.013264207489440304,0.013295530311119321,embedding_pca
esmc_PC2338,-0.00997173074747459,0.022653789620497373,0.00997173074747459,embedding_pca
esmc_PC2339,-0.0067760157267839185,0.01269125039256159,0.0067760157267839185,embedding_pca
esmc_PC2340,-0.0039227163142344194,0.009703383883064905,0.0039227163142344194,embedding_pca
esmc_PC2341,0.005019259161786494,0.010657760937557962,0.005019259161786494,embedding_pca
esmc_PC2342,0.004472091745208235,0.017099705147844077,0.004472091745208235,embedding_pca
esmc_PC2343,0.008574791236740495,0.006078175830377937,0.008574791236740495,embedding_pca
esmc_PC2344,-0.0004656172134257418,0.01395214312444006,0.0004656172134257418,embedding_pca
esmc_PC2345,0.0047933004040895955,0.017533556764346783,0.0047933004040895955,embedding_pca
esmc_PC2346,0.006592025159270912,0.016194003707682612,0.006592025159270912,embedding_pca
esmc_PC2347,0.005035310012193808,0.02213869309768607,0.005035310012193808,embedding_pca
esmc_PC2348,0.004731111663099588,0.017948779291490143,0.004731111663099588,embedding_pca
esmc_PC2349,0.0008394372991794432,0.010734897252336312,0.0008394372991794432,embedding_pca
esmc_PC2350,-0.007853176132350563,0.014371541700098411,0.007853176132350563,embedding_pca
esmc_PC2351,-0.011220543504822681,0.010294221305757576,0.011220543504822681,embedding_pca
esmc_PC2352,-0.00945036899739209,0.009978092373815174,0.00945036899739209,embedding_pca
esmc_PC2353,-0.003998240060487152,0.01077677985619884,0.003998240060487152,embedding_pca
esmc_PC2354,-0.004893337707971547,0.0126430134338455,0.004893337707971547,embedding_pca
esmc_PC2355,-0.012137135719874315,0.012651961284924549,0.012137135719874315,embedding_pca
esmc_PC2356,0.022280628108408536,0.005067253901010839,0.022280628108408536,embedding_pca
esmc_PC2357,0.002298581116132286,0.016784126308644187,0.002298581116132286,embedding_pca
esmc_PC2358,0.01164087650611421,0.012045998680514432,0.01164087650611421,embedding_pca
esmc_PC2359,0.009251182956981,0.012823219476626806,0.009251182956981,embedding_pca
esmc_PC2360,-0.0094212836957531,0.02430869581504947,0.0094212836957531,embedding_pca
esmc_PC2361,0.002480864348013119,0.010879699033176113,0.002480864348013119,embedding_pca
esmc_PC2362,0.006458804721005939,0.013263860541629811,0.006458804721005939,embedding_pca
esmc_PC2363,0.010028284209818342,0.011641617954807098,0.010028284209818342,embedding_pca
esmc_PC2364,-0.001058898392495751,0.01003425080649034,0.001058898392495751,embedding_pca
esmc_PC2365,-0.010311931983109982,0.0163806607099151,0.010311931983109982,embedding_pca
esmc_PC2366,0.00036098471361231953,0.01664758660597577,0.00036098471361231953,embedding_pca
esmc_PC2367,0.015054152609400257,0.01913917035364601,0.015054152609400257,embedding_pca
esmc_PC2368,-0.0014699225349149101,0.011528177445594036,0.0014699225349149101,embedding_pca
esmc_PC2369,0.0024675529973864994,0.011308931264436904,0.0024675529973864994,embedding_pca
esmc_PC2370,0.00624369202959451,0.009215236104366286,0.00624369202959451,embedding_pca
esmc_PC2371,0.0048841492515129,0.021552581737148028,0.0048841492515129,embedding_pca
esmc_PC2372,-0.0003375092963076061,0.009457926878067534,0.0003375092963076061,embedding_pca
esmc_PC2373,0.008635903164483335,0.006643848507226861,0.008635903164483335,embedding_pca
esmc_PC2374,-0.0006034662427361386,0.011306884421438818,0.0006034662427361386,embedding_pca
esmc_PC2375,-0.011150399325454917,0.010803851122763636,0.011150399325454917,embedding_pca
esmc_PC2376,0.008118946352804333,0.009585576086704788,0.008118946352804333,embedding_pca
esmc_PC2377,0.0012947997296061972,0.006415439042937278,0.0012947997296061972,embedding_pca
esmc_PC2378,-0.0039011543094931754,0.02219834820920832,0.0039011543094931754,embedding_pca
esmc_PC2379,0.005293385364479678,0.010897827687138754,0.005293385364479678,embedding_pca
esmc_PC2380,-0.0034400482485468674,0.011992544025949929,0.0034400482485468674,embedding_pca
esmc_PC2381,-0.0024592401882465665,0.010695182879678444,0.0024592401882465665,embedding_pca
esmc_PC2382,0.0018810410315553132,0.020794882125943867,0.0018810410315553132,embedding_pca
esmc_PC2383,-0.0017492690992068041,0.010291015702244876,0.0017492690992068041,embedding_pca
esmc_PC2384,0.0031661618576112214,0.017833445812234693,0.0031661618576112214,embedding_pca
esmc_PC2385,0.020993254245391228,0.014297708424571249,0.020993254245391228,embedding_pca
esmc_PC2386,0.009986770891174248,0.018730414075307084,0.009986770891174248,embedding_pca
esmc_PC2387,0.008194805768803584,0.020872882090600675,0.008194805768803584,embedding_pca
esmc_PC2388,-0.0011139664654766048,0.01307448702003198,0.0011139664654766048,embedding_pca
esmc_PC2389,0.009543490579272222,0.004310910584988942,0.009543490579272222,embedding_pca
esmc_PC2390,0.004943524670459666,0.014065291795505783,0.004943524670459666,embedding_pca
esmc_PC2391,0.005363910142063048,0.01605260804652649,0.005363910142063048,embedding_pca
esmc_PC2392,0.00046440704647933114,0.012430369494256799,0.00046440704647933114,embedding_pca
esmc_PC2393,-0.008102285730730402,0.015251654626978401,0.008102285730730402,embedding_pca
esmc_PC2394,-0.005308838212577653,0.011213108466293266,0.005308838212577653,embedding_pca
esmc_PC2395,0.0016877618269608666,0.017055096686957892,0.0016877618269608666,embedding_pca
esmc_PC2396,-0.017146167162117497,0.008331510599780824,0.017146167162117497,embedding_pca
esmc_PC2397,-0.0012677114253311192,0.005026536991522845,0.0012677114253311192,embedding_pca
esmc_PC2398,-0.01078901997542695,0.012229968599374887,0.01078901997542695,embedding_pca
esmc_PC2399,0.004350285601203114,0.006520045600528897,0.004350285601203114,embedding_pca
esmc_PC2400,-0.00407308421436341,0.024478242556544336,0.00407308421436341,embedding_pca
esmc_PC2401,-0.0006488935903129628,0.014719389688961677,0.0006488935903129628,embedding_pca
esmc_PC2402,0.0032977883639616775,0.012715465336931011,0.0032977883639616775,embedding_pca
esmc_PC2403,-0.006613670997709249,0.016157040304469787,0.006613670997709249,embedding_pca
esmc_PC2404,-0.0034844440004379792,0.004732506741644195,0.0034844440004379792,embedding_pca
esmc_PC2405,0.0035420331644481218,0.01692020193248986,0.0035420331644481218,embedding_pca
esmc_PC2406,-0.007936655746976402,0.022001631007707138,0.007936655746976402,embedding_pca
esmc_PC2407,-0.005028514282451815,0.017565571841999885,0.005028514282451815,embedding_pca
esmc_PC2408,-0.00900752854006082,0.017816207542966922,0.00900752854006082,embedding_pca
esmc_PC2409,0.006450236682206997,0.02099049262199412,0.006450236682206997,embedding_pca
esmc_PC2410,-0.0023517911584499916,0.03289544720859638,0.0023517911584499916,embedding_pca
esmc_PC2411,0.009840538577817826,0.0218739529992536,0.009840538577817826,embedding_pca
esmc_PC2412,0.010682972475456257,0.020670057216781428,0.010682972475456257,embedding_pca
esmc_PC2413,0.012232256557546724,0.009833152249603088,0.012232256557546724,embedding_pca
esmc_PC2414,-0.00518743516950477,0.01636524821075402,0.00518743516950477,embedding_pca
esmc_PC2415,0.011515527824261814,0.009324886321284349,0.011515527824261814,embedding_pca
esmc_PC2416,0.00492421676983641,0.016767154373550898,0.00492421676983641,embedding_pca
esmc_PC2417,-0.0009531517549389468,0.012524702146699564,0.0009531517549389468,embedding_pca
esmc_PC2418,-0.014180470582726512,0.019400037888601385,0.014180470582726512,embedding_pca
esmc_PC2419,-0.014401923471737823,0.00990423456151373,0.014401923471737823,embedding_pca
esmc_PC2420,-0.012040562333872953,0.006881986187196454,0.012040562333872953,embedding_pca
esmc_PC2421,-0.0030043640916591415,0.015478574105997574,0.0030043640916591415,embedding_pca
esmc_PC2422,-0.005871333454148258,0.017037595325181315,0.005871333454148258,embedding_pca
esmc_PC2423,0.00501721049135454,0.009456798571965859,0.00501721049135454,embedding_pca
esmc_PC2424,-0.005857042353501716,0.0146500987772916,0.005857042353501716,embedding_pca
esmc_PC2425,-0.0010148201998042782,0.007958829687115076,0.0010148201998042782,embedding_pca
esmc_PC2426,-0.003387053069396976,0.0064178009368291685,0.003387053069396976,embedding_pca
esmc_PC2427,0.0068415982800271585,0.011365370155373982,0.0068415982800271585,embedding_pca
esmc_PC2428,-0.0008595948383986057,0.017113691574744266,0.0008595948383986057,embedding_pca
esmc_PC2429,-0.005666284662811665,0.01009063292921259,0.005666284662811665,embedding_pca
esmc_PC2430,-0.001474669091167137,0.01129929534912109,0.001474669091167137,embedding_pca
esmc_PC2431,-0.0024383077258871054,0.016959589159290894,0.0024383077258871054,embedding_pca
esmc_PC2432,0.011139684625091184,0.01323102655132961,0.011139684625091184,embedding_pca
esmc_PC2433,0.0005796868733424509,0.01300042051202502,0.0005796868733424509,embedding_pca
esmc_PC2434,0.010058325374376759,0.026188983632113794,0.010058325374376759,embedding_pca
esmc_PC2435,0.0064546276748462025,0.007538187721986046,0.0064546276748462025,embedding_pca
esmc_PC2436,-0.006485903942443219,0.006241515970141274,0.006485903942443219,embedding_pca
esmc_PC2437,-0.010436447510557462,0.021089622347730232,0.010436447510557462,embedding_pca
esmc_PC2438,-0.010875854230316614,0.014481227553710011,0.010875854230316614,embedding_pca
esmc_PC2439,0.007156813793196099,0.01050926471952641,0.007156813793196099,embedding_pca
esmc_PC2440,0.008449083770040462,0.025962968654571626,0.008449083770040462,embedding_pca
esmc_PC2441,0.005242435943123703,0.019400702096992465,0.005242435943123703,embedding_pca
esmc_PC2442,-0.0009495780241577823,0.022521150843576324,0.0009495780241577823,embedding_pca
esmc_PC2443,-0.004026882034341682,0.014484102795983297,0.004026882034341682,embedding_pca
esmc_PC2444,-0.003554053057629834,0.007194424714545564,0.003554053057629834,embedding_pca
esmc_PC2445,-0.0026861949456493243,0.01591579487728926,0.0026861949456493243,embedding_pca
esmc_PC2446,0.001285658640505696,0.018329391199564716,0.001285658640505696,embedding_pca
esmc_PC2447,-0.0077322212872024355,0.007381944367945992,0.0077322212872024355,embedding_pca
esmc_PC2448,0.006496749274248452,0.012177343826723143,0.006496749274248452,embedding_pca
esmc_PC2449,0.006430412587738292,0.017317019122521694,0.006430412587738292,embedding_pca
esmc_PC2450,-5.92294270541964e-05,0.00829477214352677,5.92294270541964e-05,embedding_pca
esmc_PC2451,0.0032986187452461895,0.020891237472446065,0.0032986187452461895,embedding_pca
esmc_PC2452,0.0003660692190177745,0.020394997317954838,0.0003660692190177745,embedding_pca
esmc_PC2453,0.005456151404452017,0.009945026496472041,0.005456151404452017,embedding_pca
esmc_PC2454,0.005428150924727352,0.014729407557640892,0.005428150924727352,embedding_pca
esmc_PC2455,-0.0015084129608776025,0.005841485098097848,0.0015084129608776025,embedding_pca
esmc_PC2456,0.007319540891166551,0.017772874806636325,0.007319540891166551,embedding_pca
esmc_PC2457,0.001102375527061305,0.009308481205221368,0.001102375527061305,embedding_pca
esmc_PC2458,0.0013294962586811337,0.012751061897834542,0.0013294962586811337,embedding_pca
esmc_PC2459,-0.004960147329055415,0.015592880478670912,0.004960147329055415,embedding_pca
esmc_PC2460,-0.0006706535342905423,0.013845584269281204,0.0006706535342905423,embedding_pca
esmc_PC2461,-0.006880098800728894,0.018043802348360345,0.006880098800728894,embedding_pca
esmc_PC2462,-0.013085017539892463,0.012050249758842219,0.013085017539892463,embedding_pca
esmc_PC2463,-0.009828072855606707,0.0125718404593173,0.009828072855606707,embedding_pca
esmc_PC2464,-0.006254424158603345,0.010454062107739621,0.006254424158603345,embedding_pca
esmc_PC2465,0.006303751535067348,0.010674404311059612,0.006303751535067348,embedding_pca
esmc_PC2466,-0.0019473196373743298,0.009786775975454154,0.0019473196373743298,embedding_pca
esmc_PC2467,-0.003997055077253732,0.017546704851109086,0.003997055077253732,embedding_pca
esmc_PC2468,-0.0007985595593038407,0.00867433631473981,0.0007985595593038407,embedding_pca
esmc_PC2469,-0.003982415905731615,0.020793563345170487,0.003982415905731615,embedding_pca
esmc_PC2470,0.0008762854759122321,0.009558223270444088,0.0008762854759122321,embedding_pca
esmc_PC2471,0.014191571389543694,0.014331062358403743,0.014191571389543694,embedding_pca
esmc_PC2472,0.000893711645171515,0.018004679299568758,0.000893711645171515,embedding_pca
esmc_PC2473,-0.0027264099860794767,0.012977898116785805,0.0027264099860794767,embedding_pca
esmc_PC2474,0.007081768517263461,0.01773835918651908,0.007081768517263461,embedding_pca
esmc_PC2475,0.007821832850629687,0.025875413498504037,0.007821832850629687,embedding_pca
esmc_PC2476,-0.002419940928023075,0.015176635111167007,0.002419940928023075,embedding_pca
esmc_PC2477,-0.012813175427014042,0.015279056095631618,0.012813175427014042,embedding_pca
esmc_PC2478,-0.012724859833203461,0.01918257417196708,0.012724859833203461,embedding_pca
esmc_PC2479,-0.0007314400754129061,0.007267423303818541,0.0007314400754129061,embedding_pca
esmc_PC2480,0.001565400058674575,0.006025918424333506,0.001565400058674575,embedding_pca
esmc_PC2481,0.0036189083552038343,0.01941083094307868,0.0036189083552038343,embedding_pca
esmc_PC2482,0.0028838821424773424,0.015740649066170447,0.0028838821424773424,embedding_pca
esmc_PC2483,-0.013867343541962215,0.01590793187420291,0.013867343541962215,embedding_pca
esmc_PC2484,0.008696376894615396,0.01714967626390929,0.008696376894615396,embedding_pca
esmc_PC2485,0.0008982485658753219,0.01641526074492396,0.0008982485658753219,embedding_pca
esmc_PC2486,0.006000021600828803,0.005979368550877345,0.006000021600828803,embedding_pca
esmc_PC2487,-0.011714696343378853,0.012396581768486238,0.011714696343378853,embedding_pca
esmc_PC2488,0.0019195391368608656,0.02003679799178338,0.0019195391368608656,embedding_pca
esmc_PC2489,0.00883179299266704,0.017126347295071793,0.00883179299266704,embedding_pca
esmc_PC2490,0.003734999604517166,0.013146875557611069,0.003734999604517166,embedding_pca
esmc_PC2491,-0.007461746557657632,0.018696788441074808,0.007461746557657632,embedding_pca
esmc_PC2492,0.003125795888939239,0.010566073336360804,0.003125795888939239,embedding_pca
esmc_PC2493,-0.004773636459231611,0.006798621387981171,0.004773636459231611,embedding_pca
esmc_PC2494,0.009503980004541722,0.014146399774904797,0.009503980004541722,embedding_pca
esmc_PC2495,0.0065777282056560405,0.012636470323441012,0.0065777282056560405,embedding_pca
esmc_PC2496,-0.011942539498980978,0.007252518622498359,0.011942539498980978,embedding_pca
esmc_PC2497,0.0021040016377348175,0.020655537919625426,0.0021040016377348175,embedding_pca
esmc_PC2498,-0.004511392568330176,0.010349217797369926,0.004511392568330176,embedding_pca
esmc_PC2499,0.0007202834077083608,0.013520118245480025,0.0007202834077083608,embedding_pca
esmc_PC2500,0.0039258857224890075,0.006935540532051672,0.0039258857224890075,embedding_pca
esmc_PC2501,0.006100863068575317,0.014297323459591149,0.006100863068575317,embedding_pca
esmc_PC2502,-0.012122176466856508,0.008405471297572607,0.012122176466856508,embedding_pca
esmc_PC2503,0.0038445360196466202,0.009032279538227965,0.0038445360196466202,embedding_pca
esmc_PC2504,0.0061225614990302775,0.011103444211195409,0.0061225614990302775,embedding_pca
esmc_PC2505,-0.01211445141045792,0.026706929386241033,0.01211445141045792,embedding_pca
esmc_PC2506,0.01676939707772275,0.019005459993228935,0.01676939707772275,embedding_pca
esmc_PC2507,0.003448770914197849,0.027317387095523095,0.003448770914197849,embedding_pca
esmc_PC2508,-0.008815214227465732,0.007066881360176172,0.008815214227465732,embedding_pca
esmc_PC2509,0.014518256975508449,0.015955776119780333,0.014518256975508449,embedding_pca
esmc_PC2510,-0.007444835567998231,0.013672969371499064,0.007444835567998231,embedding_pca
esmc_PC2511,-0.005110649244349855,0.019848016180014277,0.005110649244349855,embedding_pca
esmc_PC2512,0.0020348990068275443,0.01477062709241016,0.0020348990068275443,embedding_pca
esmc_PC2513,0.0025576241990508918,0.019908125442013938,0.0025576241990508918,embedding_pca
esmc_PC2514,-0.01033518665857985,0.015552455830051647,0.01033518665857985,embedding_pca
esmc_PC2515,0.003160415785646115,0.015689998958901566,0.003160415785646115,embedding_pca
esmc_PC2516,-0.0060989757826800176,0.01043580376632351,0.0060989757826800176,embedding_pca
esmc_PC2517,0.005363170280458523,0.010870011644640503,0.005363170280458523,embedding_pca
esmc_PC2518,0.002762103397822538,0.009092030057778408,0.002762103397822538,embedding_pca
esmc_PC2519,-0.004367583984223896,0.014767374004869603,0.004367583984223896,embedding_pca
esmc_PC2520,-0.001767750953420065,0.016815863732136054,0.001767750953420065,embedding_pca
esmc_PC2521,0.0033306355326894023,0.015957160783800776,0.0033306355326894023,embedding_pca
esmc_PC2522,-0.0029315285412090707,0.007242253657655127,0.0029315285412090707,embedding_pca
esmc_PC2523,0.005929953419221207,0.016240363994204057,0.005929953419221207,embedding_pca
esmc_PC2524,-0.008817299971939339,0.015376211723669417,0.008817299971939339,embedding_pca
esmc_PC2525,-0.011688778796676685,0.015041394079953621,0.011688778796676685,embedding_pca
esmc_PC2526,0.007226073592131753,0.007797663391012789,0.007226073592131753,embedding_pca
esmc_PC2527,-0.006563981443857651,0.01614375397392155,0.006563981443857651,embedding_pca
esmc_PC2528,-0.0007240574200123336,0.004847006333027621,0.0007240574200123336,embedding_pca
esmc_PC2529,-0.0010316567294726467,0.014944022808224754,0.0010316567294726467,embedding_pca
esmc_PC2530,0.007142106419227114,0.021409032096095477,0.007142106419227114,embedding_pca
esmc_PC2531,-0.003974170797445042,0.009198148110750896,0.003974170797445042,embedding_pca
esmc_PC2532,0.00853764543412921,0.007587048993128557,0.00853764543412921,embedding_pca
esmc_PC2533,0.003125029182528747,0.011258172028048748,0.003125029182528747,embedding_pca
esmc_PC2534,-0.006242371677559878,0.01295196997211845,0.006242371677559878,embedding_pca
esmc_PC2535,-0.0026014030402444015,0.015143854705672376,0.0026014030402444015,embedding_pca
esmc_PC2536,0.005684034827054309,0.016357759415316243,0.005684034827054309,embedding_pca
esmc_PC2537,0.0040484821357960376,0.011978341886543982,0.0040484821357960376,embedding_pca
esmc_PC2538,0.009053485873045008,0.020135629770021046,0.009053485873045008,embedding_pca
esmc_PC2539,-0.015196588507714982,0.008726876790115017,0.015196588507714982,embedding_pca
esmc_PC2540,-0.0065327824089342484,0.009780302590538512,0.0065327824089342484,embedding_pca
esmc_PC2541,0.0025756152507776164,0.006917801976479578,0.0025756152507776164,embedding_pca
esmc_PC2542,-0.003562454946453137,0.018617745000704816,0.003562454946453137,embedding_pca
esmc_PC2543,-0.016595865178775086,0.010158490055452224,0.016595865178775086,embedding_pca
esmc_PC2544,-0.002144142838574902,0.007122304821897904,0.002144142838574902,embedding_pca
esmc_PC2545,0.006114051830850939,0.009527680562627,0.006114051830850939,embedding_pca
esmc_PC2546,0.002341725623842596,0.011343785879792043,0.002341725623842596,embedding_pca
esmc_PC2547,-0.01236672321645941,0.009071635605302428,0.01236672321645941,embedding_pca
esmc_PC2548,-0.004128842379746793,0.012961536554463159,0.004128842379746793,embedding_pca
esmc_PC2549,-0.008068295471724546,0.018011703353134876,0.008068295471724546,embedding_pca
esmc_PC2550,0.007516612278251805,0.00867632705039238,0.007516612278251805,embedding_pca
esmc_PC2551,-0.001132942837373315,0.017931989951765315,0.001132942837373315,embedding_pca
esmc_PC2552,-0.0036528114509276773,0.014430170234451463,0.0036528114509276773,embedding_pca
esmc_PC2553,0.0031071519129428817,0.012537677663754675,0.0031071519129428817,embedding_pca
esmc_PC2554,-0.01057456397461616,0.010803295355106839,0.01057456397461616,embedding_pca
esmc_PC2555,-0.001846875997229256,0.016176745296026137,0.001846875997229256,embedding_pca
esmc_PC2556,-0.007810974130906899,0.014373290548759255,0.007810974130906899,embedding_pca
esmc_PC2557,-0.0022121274402345298,0.014982294688724274,0.0022121274402345298,embedding_pca
esmc_PC2558,0.003912129849898977,0.01337808563326152,0.003912129849898977,embedding_pca
esmc_PC2559,0.004865847980933408,0.020219239792533157,0.004865847980933408,embedding_pca
esmc_PC2560,0.005006130189919411,0.015407665063027641,0.005006130189919411,embedding_pca
esmc_PC2561,-0.0017298044824393705,0.024331105991314987,0.0017298044824393705,embedding_pca
esmc_PC2562,-0.002683411979062692,0.014033324455803896,0.002683411979062692,embedding_pca
esmc_PC2563,0.010500466266408666,0.005383592026135236,0.010500466266408666,embedding_pca
esmc_PC2564,-0.0008705473405311564,0.009223661474534546,0.0008705473405311564,embedding_pca
esmc_PC2565,-0.003606485966654833,0.015956209494484164,0.003606485966654833,embedding_pca
esmc_PC2566,0.0018156132399922767,0.015907835821140543,0.0018156132399922767,embedding_pca
esmc_PC2567,0.008346898750072874,0.012965686314788694,0.008346898750072874,embedding_pca
esmc_PC2568,0.0032900987337450257,0.01415482858834417,0.0032900987337450257,embedding_pca
esmc_PC2569,-0.0011541642638772036,0.00977936506570463,0.0011541642638772036,embedding_pca
esmc_PC2570,0.007429680034267855,0.013176639968860102,0.007429680034267855,embedding_pca
esmc_PC2571,-0.01005951924522029,0.019596897194744792,0.01005951924522029,embedding_pca
esmc_PC2572,0.008290897322619529,0.012509387566667377,0.008290897322619529,embedding_pca
esmc_PC2573,-0.0008747077849366756,0.011500716177033446,0.0008747077849366756,embedding_pca
esmc_PC2574,0.0004569354401382904,0.021842005289145393,0.0004569354401382904,embedding_pca
esmc_PC2575,-0.0013932982103127313,0.012303047262648524,0.0013932982103127313,embedding_pca
esmc_PC2576,0.005349271729045203,0.02020334335808347,0.005349271729045203,embedding_pca
esmc_PC2577,0.007524788174594904,0.009336924286126338,0.007524788174594904,embedding_pca
esmc_PC2578,0.006252285723338148,0.011081802096616793,0.006252285723338148,embedding_pca
esmc_PC2579,-0.00623452534847985,0.007394805178408986,0.00623452534847985,embedding_pca
esmc_PC2580,0.007759109512594842,0.014373109173400126,0.007759109512594842,embedding_pca
esmc_PC2581,0.01413474404733699,0.01767806957523136,0.01413474404733699,embedding_pca
esmc_PC2582,0.0054186088046119405,0.011273872596574459,0.0054186088046119405,embedding_pca
esmc_PC2583,-0.003331162699943242,0.01378999216237216,0.003331162699943242,embedding_pca
esmc_PC2584,0.006484523115308968,0.011861511058763525,0.006484523115308968,embedding_pca
esmc_PC2585,-0.00840661775594016,0.01064791190241996,0.00840661775594016,embedding_pca
esmc_PC2586,-0.007448266548589119,0.01714786531806501,0.007448266548589119,embedding_pca
esmc_PC2587,0.006156139622587315,0.012071424791600394,0.006156139622587315,embedding_pca
esmc_PC2588,0.007728380717259941,0.017607173641619345,0.007728380717259941,embedding_pca
esmc_PC2589,-0.00932986393221253,0.009252280373140154,0.00932986393221253,embedding_pca
esmc_PC2590,-7.896115404806316e-05,0.016148095226628863,7.896115404806316e-05,embedding_pca
esmc_PC2591,0.0001332212924273532,0.020179953979027634,0.0001332212924273532,embedding_pca
esmc_PC2592,-0.018020269822710946,0.013535965368795028,0.018020269822710946,embedding_pca
esmc_PC2593,0.021785441448140583,0.02105040813161732,0.021785441448140583,embedding_pca
esmc_PC2594,-0.007865254074868563,0.013559318408012444,0.007865254074868563,embedding_pca
esmc_PC2595,-0.00034932225079769365,0.008570917281666665,0.00034932225079769365,embedding_pca
esmc_PC2596,-0.0024244394813491194,0.014172679280523947,0.0024244394813491194,embedding_pca
esmc_PC2597,0.009295898208508534,0.01858298389897615,0.009295898208508534,embedding_pca
esmc_PC2598,0.00460340021177741,0.02079399078755352,0.00460340021177741,embedding_pca
esmc_PC2599,-0.003188932331486196,0.015682389050530796,0.003188932331486196,embedding_pca
esmc_PC2600,0.0011289837376854688,0.014643585783478071,0.0011289837376854688,embedding_pca
esmc_PC2601,-0.005245607790731589,0.02742117110458567,0.005245607790731589,embedding_pca
esmc_PC2602,-0.004177128026186779,0.018228283604155064,0.004177128026186779,embedding_pca
esmc_PC2603,-0.0008203342055945033,0.008367577759688022,0.0008203342055945033,embedding_pca
esmc_PC2604,0.008620690709097734,0.018420769245755374,0.008620690709097734,embedding_pca
esmc_PC2605,-0.006347143577563724,0.0074715982881955025,0.006347143577563724,embedding_pca
esmc_PC2606,-0.0038593415968176483,0.014221398769650714,0.0038593415968176483,embedding_pca
esmc_PC2607,-0.0030603448038119168,0.021052148248745198,0.0030603448038119168,embedding_pca
esmc_PC2608,-0.00019801513472414295,0.019908703386830685,0.00019801513472414295,embedding_pca
esmc_PC2609,0.0067724835509765675,0.016781529202958098,0.0067724835509765675,embedding_pca
esmc_PC2610,-0.004576224166532057,0.015378516846094422,0.004576224166532057,embedding_pca
esmc_PC2611,0.014856961940425984,0.007603463916047042,0.014856961940425984,embedding_pca
esmc_PC2612,0.007513426552988802,0.0018239878053135732,0.007513426552988802,embedding_pca
esmc_PC2613,0.0011397384111679239,0.012079309883277883,0.0011397384111679239,embedding_pca
esmc_PC2614,0.011453140243632589,0.011454551169293187,0.011453140243632589,embedding_pca
esmc_PC2615,-0.007861065594474932,0.023655424953140075,0.007861065594474932,embedding_pca
esmc_PC2616,-0.00528249619036914,0.01608674100793828,0.00528249619036914,embedding_pca
esmc_PC2617,0.011197160547865828,0.00864860392930925,0.011197160547865828,embedding_pca
esmc_PC2618,-0.0015123137510694433,0.014189517576807429,0.0015123137510694433,embedding_pca
esmc_PC2619,0.001193845060332735,0.012927091774101838,0.001193845060332735,embedding_pca
esmc_PC2620,-0.003327217003502583,0.014066632344042453,0.003327217003502583,embedding_pca
esmc_PC2621,0.004898665913056445,0.013844273535910334,0.004898665913056445,embedding_pca
esmc_PC2622,0.007596413774980966,0.013695782494339026,0.007596413774980966,embedding_pca
esmc_PC2623,0.0006450551070538536,0.007497231238851541,0.0006450551070538536,embedding_pca
esmc_PC2624,-0.003071208975441698,0.019404575642807842,0.003071208975441698,embedding_pca
esmc_PC2625,0.023909581773410828,0.00846766989711597,0.023909581773410828,embedding_pca
esmc_PC2626,-0.009826368624287787,0.00777984117276336,0.009826368624287787,embedding_pca
esmc_PC2627,-0.0023384095018960022,0.01241414522814078,0.0023384095018960022,embedding_pca
esmc_PC2628,0.00968672272390146,0.025594667757946072,0.00968672272390146,embedding_pca
esmc_PC2629,0.006203049190026784,0.01934365624878144,0.006203049190026784,embedding_pca
esmc_PC2630,-0.0012677441636570065,0.011203138099168267,0.0012677441636570065,embedding_pca
esmc_PC2631,0.0037978424114409825,0.021405069860669507,0.0037978424114409825,embedding_pca
esmc_PC2632,-0.003455298601739018,0.019932346346968312,0.003455298601739018,embedding_pca
esmc_PC2633,0.01947377857603099,0.017671675385716068,0.01947377857603099,embedding_pca
esmc_PC2634,-0.006675405740306277,0.009772263030076911,0.006675405740306277,embedding_pca
esmc_PC2635,0.0041620137253836976,0.0237430948515243,0.0041620137253836976,embedding_pca
esmc_PC2636,-0.008578497194474535,0.014636427931981165,0.008578497194474535,embedding_pca
esmc_PC2637,-0.005121432572009256,0.016561935536577744,0.005121432572009256,embedding_pca
esmc_PC2638,-0.004158599132552165,0.016816100427176274,0.004158599132552165,embedding_pca
esmc_PC2639,0.01265195762809464,0.013544402878991097,0.01265195762809464,embedding_pca
esmc_PC2640,0.013619157720237978,0.01635738489718802,0.013619157720237978,embedding_pca
esmc_PC2641,0.0052977564099183794,0.009231744944723707,0.0052977564099183794,embedding_pca
esmc_PC2642,-0.013705750503990477,0.021291776585218115,0.013705750503990477,embedding_pca
esmc_PC2643,0.009249824746984929,0.015242847571143768,0.009249824746984929,embedding_pca
esmc_PC2644,0.004848727760001312,0.010983276157929421,0.004848727760001312,embedding_pca
esmc_PC2645,-0.007367816420362658,0.004880718004544941,0.007367816420362658,embedding_pca
esmc_PC2646,0.0028693013893374966,0.010379328623981323,0.0028693013893374966,embedding_pca
esmc_PC2647,0.015501208827146288,0.011661333204623241,0.015501208827146288,embedding_pca
esmc_PC2648,0.004873695328909418,0.008475852594144951,0.004873695328909418,embedding_pca
esmc_PC2649,0.0002755331633843304,0.019427128744117006,0.0002755331633843304,embedding_pca
esmc_PC2650,0.004191920342042414,0.0023435355877620147,0.004191920342042414,embedding_pca
esmc_PC2651,-0.0014727796577292916,0.016422822418277007,0.0014727796577292916,embedding_pca
esmc_PC2652,0.003531274304499739,0.008549513946669364,0.003531274304499739,embedding_pca
esmc_PC2653,-0.0005890110600784534,0.01932607178708584,0.0005890110600784534,embedding_pca
esmc_PC2654,0.0038461784318343213,0.012218712928156152,0.0038461784318343213,embedding_pca
esmc_PC2655,-0.004429901384665078,0.010194419249507576,0.004429901384665078,embedding_pca
esmc_PC2656,-0.007339288993301832,0.011761266524458745,0.007339288993301832,embedding_pca
esmc_PC2657,0.003728470212346736,0.016855452290706556,0.003728470212346736,embedding_pca
esmc_PC2658,0.007165555573706411,0.009359992445067964,0.007165555573706411,embedding_pca
esmc_PC2659,-0.002474568228506456,0.01587099638433323,0.002474568228506456,embedding_pca
esmc_PC2660,0.004141269199056675,0.01515038164533391,0.004141269199056675,embedding_pca
esmc_PC2661,0.0006447750491518744,0.014599056454373956,0.0006447750491518744,embedding_pca
esmc_PC2662,0.003391985495509954,0.018855152561563605,0.003391985495509954,embedding_pca
esmc_PC2663,-0.015449529240610424,0.01527478174448611,0.015449529240610424,embedding_pca
esmc_PC2664,-0.003336609783608744,0.019754950180856976,0.003336609783608744,embedding_pca
esmc_PC2665,-0.00601669242335712,0.009791395889672426,0.00601669242335712,embedding_pca
esmc_PC2666,-0.0004432808021733365,0.022546792748972515,0.0004432808021733365,embedding_pca
esmc_PC2667,-0.007026054089246473,0.018252581624671742,0.007026054089246473,embedding_pca
esmc_PC2668,0.0033606720613937767,0.010818810063557125,0.0033606720613937767,embedding_pca
esmc_PC2669,-0.0007754872099953829,0.013476486826484994,0.0007754872099953829,embedding_pca
esmc_PC2670,0.009269553147137366,0.01714557970464364,0.009269553147137366,embedding_pca
esmc_PC2671,-0.0022643447262910917,0.0148283825782335,0.0022643447262910917,embedding_pca
esmc_PC2672,0.009659856751577614,0.015545570703073525,0.009659856751577614,embedding_pca
esmc_PC2673,0.0037696109411917062,0.01157188488612895,0.0037696109411917062,embedding_pca
esmc_PC2674,0.013736973814924672,0.0141794513283192,0.013736973814924672,embedding_pca
esmc_PC2675,0.0005935784935685015,0.015870408326191434,0.0005935784935685015,embedding_pca
esmc_PC2676,0.007701068101904321,0.013152351226848706,0.007701068101904321,embedding_pca
esmc_PC2677,0.008554752678063712,0.010192132216088593,0.008554752678063712,embedding_pca
esmc_PC2678,-0.015499815093404427,0.013971601313706183,0.015499815093404427,embedding_pca
esmc_PC2679,0.009248568880702922,0.013319114005606805,0.009248568880702922,embedding_pca
esmc_PC2680,-0.006802421016177439,0.02154987648745023,0.006802421016177439,embedding_pca
esmc_PC2681,-0.0046512704168241,0.017169301724300628,0.0046512704168241,embedding_pca
esmc_PC2682,0.006741127141249925,0.01896519781363298,0.006741127141249925,embedding_pca
esmc_PC2683,-0.008327242270649007,0.013437735809266846,0.008327242270649007,embedding_pca
esmc_PC2684,0.009584532393328692,0.01708122232424253,0.009584532393328692,embedding_pca
esmc_PC2685,-0.0025998204366721204,0.011524259775831654,0.0025998204366721204,embedding_pca
esmc_PC2686,-0.004105594525172532,0.018219897795043908,0.004105594525172532,embedding_pca
esmc_PC2687,-0.004841725553185813,0.013154761133222009,0.004841725553185813,embedding_pca
esmc_PC2688,-0.004378535803357958,0.010975766937070244,0.004378535803357958,embedding_pca
esmc_PC2689,0.0068622447372341175,0.014770190567498762,0.0068622447372341175,embedding_pca
esmc_PC2690,0.016658187574985953,0.015161177852103396,0.016658187574985953,embedding_pca
esmc_PC2691,-0.008499002756835596,0.012533375084646884,0.008499002756835596,embedding_pca
esmc_PC2692,0.003155896108191978,0.009193232408624175,0.003155896108191978,embedding_pca
esmc_PC2693,-0.003278725536821251,0.015627455407422806,0.003278725536821251,embedding_pca
esmc_PC2694,0.0060879512137591695,0.010539315122725136,0.0060879512137591695,embedding_pca
esmc_PC2695,-0.0001314450280154535,0.011396592109898565,0.0001314450280154535,embedding_pca
esmc_PC2696,-0.008821887905341353,0.01041139149000701,0.008821887905341353,embedding_pca
esmc_PC2697,-0.015412769766184834,0.012935903634634392,0.015412769766184834,embedding_pca
esmc_PC2698,-0.003512564095658386,0.018386142093499407,0.003512564095658386,embedding_pca
esmc_PC2699,0.008371781463713888,0.005085560268405106,0.008371781463713888,embedding_pca
esmc_PC2700,-0.002232925504727319,0.022548393276618214,0.002232925504727319,embedding_pca
esmc_PC2701,-0.0068360985732083875,0.010738478544857048,0.0068360985732083875,embedding_pca
esmc_PC2702,-0.003218893805066801,0.01574359236294759,0.003218893805066801,embedding_pca
esmc_PC2703,-0.0026924456331782172,0.00993495382380715,0.0026924456331782172,embedding_pca
esmc_PC2704,0.003924339015265972,0.007674800236656287,0.003924339015265972,embedding_pca
esmc_PC2705,0.0020104447952692854,0.011020346063747547,0.0020104447952692854,embedding_pca
esmc_PC2706,0.008236418065126783,0.010283022876241386,0.008236418065126783,embedding_pca
esmc_PC2707,0.006711129292371246,0.010201044338747578,0.006711129292371246,embedding_pca
esmc_PC2708,0.005394826353027844,0.008212225776424453,0.005394826353027844,embedding_pca
esmc_PC2709,0.0008850432825197263,0.0233802349534354,0.0008850432825197263,embedding_pca
esmc_PC2710,0.013191397217378012,0.010049600652080442,0.013191397217378012,embedding_pca
esmc_PC2711,0.011808222453709969,0.00736814300410546,0.011808222453709969,embedding_pca
esmc_PC2712,0.0023679525672077014,0.009049734711302814,0.0023679525672077014,embedding_pca
esmc_PC2713,0.012626271978183116,0.007369693787589208,0.012626271978183116,embedding_pca
esmc_PC2714,0.00315535881443927,0.011354947067458985,0.00315535881443927,embedding_pca
esmc_PC2715,0.0002879733475037948,0.008091486235272925,0.0002879733475037948,embedding_pca
esmc_PC2716,0.0081982021954871,0.012325799365838795,0.0081982021954871,embedding_pca
esmc_PC2717,0.008170438573356888,0.00556038703599534,0.008170438573356888,embedding_pca
esmc_PC2718,0.0037323996999400187,0.01580698597783439,0.0037323996999400187,embedding_pca
esmc_PC2719,0.011661650803786157,0.01943799230472525,0.011661650803786157,embedding_pca
esmc_PC2720,-0.009083660097927845,0.007885348286323719,0.009083660097927845,embedding_pca
esmc_PC2721,-0.011747735825088073,0.013972018659792935,0.011747735825088073,embedding_pca
esmc_PC2722,-0.0027035183763367576,0.008685430018652981,0.0027035183763367576,embedding_pca
esmc_PC2723,0.006837546198513825,0.01928537463235313,0.006837546198513825,embedding_pca
esmc_PC2724,0.005907367903116078,0.0110526119590803,0.005907367903116078,embedding_pca
esmc_PC2725,0.007638395788697699,0.014325891873455307,0.007638395788697699,embedding_pca
esmc_PC2726,0.0014572346752674769,0.011286117106714066,0.0014572346752674769,embedding_pca
esmc_PC2727,-0.0015069785269283527,0.01940672996802415,0.0015069785269283527,embedding_pca
esmc_PC2728,-0.004439485578818603,0.009842090833089241,0.004439485578818603,embedding_pca
esmc_PC2729,0.0037162789120523216,0.009358814596852852,0.0037162789120523216,embedding_pca
esmc_PC2730,0.005940578350132595,0.01108265927481449,0.005940578350132595,embedding_pca
esmc_PC2731,-0.0032076423032298663,0.0035792959982661136,0.0032076423032298663,embedding_pca
esmc_PC2732,0.006742909515584518,0.008758611606923615,0.006742909515584518,embedding_pca
esmc_PC2733,-0.012492133589100748,0.020559651499948674,0.012492133589100748,embedding_pca
esmc_PC2734,-0.0003796732603898845,0.018358721485052083,0.0003796732603898845,embedding_pca
esmc_PC2735,0.004424003354779553,0.009299612618530106,0.004424003354779553,embedding_pca
esmc_PC2736,0.0027712587074833974,0.0036944302926756544,0.0027712587074833974,embedding_pca
esmc_PC2737,-0.0026315061434971157,0.006172430634538589,0.0026315061434971157,embedding_pca
esmc_PC2738,0.00501058147577551,0.030102044574039786,0.00501058147577551,embedding_pca
esmc_PC2739,0.0005047727944864867,0.012124949060601941,0.0005047727944864867,embedding_pca
esmc_PC2740,0.015674644634673683,0.012170899994335266,0.015674644634673683,embedding_pca
esmc_PC2741,0.0003815306626205328,0.014125608156571967,0.0003815306626205328,embedding_pca
esmc_PC2742,-0.0014570633020402,0.016510377548913824,0.0014570633020402,embedding_pca
esmc_PC2743,0.00327205110486768,0.017215434789292047,0.00327205110486768,embedding_pca
esmc_PC2744,-0.0037696872013946872,0.014182183551843811,0.0037696872013946872,embedding_pca
esmc_PC2745,-0.004087378008919848,0.005223019275106157,0.004087378008919848,embedding_pca
esmc_PC2746,-0.0036806018908793676,0.015437779215565694,0.0036806018908793676,embedding_pca
esmc_PC2747,0.005182887156774104,0.0164468359913338,0.005182887156774104,embedding_pca
esmc_PC2748,0.009173149450623298,0.016421163728135457,0.009173149450623298,embedding_pca
esmc_PC2749,0.0013072578916017456,0.004131851830385904,0.0013072578916017456,embedding_pca
esmc_PC2750,-0.00626462084844537,0.012633048970256935,0.00626462084844537,embedding_pca
esmc_PC2751,0.01009540593575883,0.007667777044409225,0.01009540593575883,embedding_pca
esmc_PC2752,0.0014840485535345337,0.018489718379885976,0.0014840485535345337,embedding_pca
esmc_PC2753,0.00030354800897014304,0.016553307208041497,0.00030354800897014304,embedding_pca
esmc_PC2754,-0.004704917771600348,0.022966374129653237,0.004704917771600348,embedding_pca
esmc_PC2755,0.013800745005007494,0.013591594108650842,0.013800745005007494,embedding_pca
esmc_PC2756,-0.004032473127776968,0.022943238628166166,0.004032473127776968,embedding_pca
esmc_PC2757,0.005032380958140656,0.009938027317121347,0.005032380958140656,embedding_pca
esmc_PC2758,0.010897880241285442,0.018181304105413677,0.010897880241285442,embedding_pca
esmc_PC2759,-0.015168219872391586,0.014360537442370893,0.015168219872391586,embedding_pca
esmc_PC2760,-0.00984053544567136,0.012188106976634945,0.00984053544567136,embedding_pca
esmc_PC2761,0.0042707734051614776,0.014626248447149133,0.0042707734051614776,embedding_pca
esmc_PC2762,0.0008933960379696431,0.02127355070234051,0.0008933960379696431,embedding_pca
esmc_PC2763,-0.0017057472220127143,0.009760344134731636,0.0017057472220127143,embedding_pca
esmc_PC2764,0.0005399221737110701,0.023813941181500688,0.0005399221737110701,embedding_pca
esmc_PC2765,0.004895969433017076,0.011602450159232629,0.004895969433017076,embedding_pca
esmc_PC2766,0.0018206550875929672,0.012624635103264495,0.0018206550875929672,embedding_pca
esmc_PC2767,-0.006032825380801173,0.006777335195441921,0.006032825380801173,embedding_pca
esmc_PC2768,-0.005116371977690488,0.010279135732892688,0.005116371977690488,embedding_pca
esmc_PC2769,0.001688492664207562,0.014434440445700279,0.001688492664207562,embedding_pca
esmc_PC2770,0.008197472800564983,0.007854784720140395,0.008197472800564983,embedding_pca
esmc_PC2771,0.002118374395372203,0.02076028136320346,0.002118374395372203,embedding_pca
esmc_PC2772,0.001880848590263648,0.020306481514614276,0.001880848590263648,embedding_pca
esmc_PC2773,0.006473855768009101,0.01543598860318355,0.006473855768009101,embedding_pca
esmc_PC2774,0.0030044449175044173,0.012558161285740232,0.0030044449175044173,embedding_pca
esmc_PC2775,0.020505223961186564,0.019005976622474722,0.020505223961186564,embedding_pca
esmc_PC2776,-0.0018004072058654854,0.00949279582750768,0.0018004072058654854,embedding_pca
esmc_PC2777,-0.0002742586764729958,0.007292023440696301,0.0002742586764729958,embedding_pca
esmc_PC2778,-0.0004473671059373775,0.007214878092804341,0.0004473671059373775,embedding_pca
esmc_PC2779,0.007029171359729129,0.008789713023912571,0.007029171359729129,embedding_pca
esmc_PC2780,0.012299292107548626,0.01524782338615398,0.012299292107548626,embedding_pca
esmc_PC2781,0.004088258954177701,0.012038469970053353,0.004088258954177701,embedding_pca
esmc_PC2782,0.001617373376106343,0.012236922783742764,0.001617373376106343,embedding_pca
esmc_PC2783,-0.0034277257978999366,0.013934835487766804,0.0034277257978999366,embedding_pca
esmc_PC2784,0.0028906477858482464,0.014200953442718718,0.0028906477858482464,embedding_pca
esmc_PC2785,-0.00013722124494614448,0.018932968353625734,0.00013722124494614448,embedding_pca
esmc_PC2786,0.0041287629625117155,0.010692248033927801,0.0041287629625117155,embedding_pca
esmc_PC2787,-0.0036858717013890834,0.018407525943127,0.0036858717013890834,embedding_pca
esmc_PC2788,0.004279643986521332,0.004920673899036054,0.004279643986521332,embedding_pca
esmc_PC2789,0.0006414656100695943,0.017490495117935396,0.0006414656100695943,embedding_pca
esmc_PC2790,0.008435011688553675,0.010470118421665122,0.008435011688553675,embedding_pca
esmc_PC2791,-0.002829629985819723,0.014273062475760311,0.002829629985819723,embedding_pca
esmc_PC2792,0.0003771855552244201,0.011670246122734625,0.0003771855552244201,embedding_pca
esmc_PC2793,-0.015716884037720303,0.017240149925095854,0.015716884037720303,embedding_pca
esmc_PC2794,-0.0009292066403445334,0.011843353589770315,0.0009292066403445334,embedding_pca
esmc_PC2795,-0.006401523808264739,0.011989146112261385,0.006401523808264739,embedding_pca
esmc_PC2796,-0.007637652112999729,0.014605702712433472,0.007637652112999729,embedding_pca
esmc_PC2797,-0.013362223648038884,0.0179980013416282,0.013362223648038884,embedding_pca
esmc_PC2798,0.011936944829041127,0.017915519640763964,0.011936944829041127,embedding_pca
esmc_PC2799,-0.005059488161287748,0.012989815567880206,0.005059488161287748,embedding_pca
esmc_PC2800,-0.006492825158563351,0.015117538083186503,0.006492825158563351,embedding_pca
esmc_PC2801,0.011794916415337007,0.015009642525503032,0.011794916415337007,embedding_pca
esmc_PC2802,-0.0010828145247584087,0.01728329658045844,0.0010828145247584087,embedding_pca
esmc_PC2803,0.00379273050104343,0.013520569021916952,0.00379273050104343,embedding_pca
esmc_PC2804,0.0041526407586755555,0.008644831120177523,0.0041526407586755555,embedding_pca
esmc_PC2805,-0.010094887063061154,0.01625208249552746,0.010094887063061154,embedding_pca
esmc_PC2806,0.003526875280115814,0.020184789057763664,0.003526875280115814,embedding_pca
esmc_PC2807,0.016099771078476578,0.019027036687929023,0.016099771078476578,embedding_pca
esmc_PC2808,0.006964824915635892,0.0040708374909755535,0.006964824915635892,embedding_pca
esmc_PC2809,-0.010217682875661415,0.014929434472128352,0.010217682875661415,embedding_pca
esmc_PC2810,0.004159487286753546,0.01065946981374768,0.004159487286753546,embedding_pca
esmc_PC2811,-0.011623408314081393,0.006389351913080464,0.011623408314081393,embedding_pca
esmc_PC2812,0.009957942727480691,0.029029064743311104,0.009957942727480691,embedding_pca
esmc_PC2813,-0.00022087499116794918,0.022262748125469016,0.00022087499116794918,embedding_pca
esmc_PC2814,-0.011459545585267532,0.01696005444399474,0.011459545585267532,embedding_pca
esmc_PC2815,-0.0005319305632377922,0.008252292932181956,0.0005319305632377922,embedding_pca
esmc_PC2816,-0.004684773095597191,0.012799088165496192,0.004684773095597191,embedding_pca
esmc_PC2817,-0.0028232405334332037,0.010043690610268281,0.0028232405334332037,embedding_pca
esmc_PC2818,0.0162425237976934,0.013740913069981936,0.0162425237976934,embedding_pca
esmc_PC2819,0.012910841530534114,0.007069931932767743,0.012910841530534114,embedding_pca
esmc_PC2820,0.001089656036567379,0.011733629944636783,0.001089656036567379,embedding_pca
esmc_PC2821,0.002944311440790564,0.00437577154349892,0.002944311440790564,embedding_pca
esmc_PC2822,-0.013685663631648217,0.016362577716140983,0.013685663631648217,embedding_pca
esmc_PC2823,0.0018160685699972832,0.01426786833310279,0.0018160685699972832,embedding_pca
esmc_PC2824,0.0033597157169531224,0.013727195560088206,0.0033597157169531224,embedding_pca
esmc_PC2825,0.014258178677609406,0.015685409194486712,0.014258178677609406,embedding_pca
esmc_PC2826,-0.006980759272770222,0.01753662825205159,0.006980759272770222,embedding_pca
esmc_PC2827,0.006964431048206985,0.017631006968572067,0.006964431048206985,embedding_pca
esmc_PC2828,0.007110608340806882,0.014509549832637372,0.007110608340806882,embedding_pca
esmc_PC2829,-0.00010970394863641618,0.0152110781224801,0.00010970394863641618,embedding_pca
esmc_PC2830,0.0018255251160449078,0.011019143691840403,0.0018255251160449078,embedding_pca
esmc_PC2831,0.0028161114465510787,0.016812886728568486,0.0028161114465510787,embedding_pca
esmc_PC2832,-0.004311417777525183,0.01982603732961929,0.004311417777525183,embedding_pca
esmc_PC2833,-0.007819968498141592,0.015415960943775052,0.007819968498141592,embedding_pca
esmc_PC2834,0.0022065703186329158,0.013876683493869781,0.0022065703186329158,embedding_pca
esmc_PC2835,-0.011842385449219875,0.01700509611917754,0.011842385449219875,embedding_pca
esmc_PC2836,0.006612037184374159,0.01894610406988768,0.006612037184374159,embedding_pca
esmc_PC2837,0.0004500623951520781,0.024114191327559615,0.0004500623951520781,embedding_pca
esmc_PC2838,-0.01240944987504605,0.015177648021472782,0.01240944987504605,embedding_pca
esmc_PC2839,-0.0023737272908612547,0.01767907601050224,0.0023737272908612547,embedding_pca
esmc_PC2840,0.01813154174637139,0.01499473702904614,0.01813154174637139,embedding_pca
esmc_PC2841,-0.00017584839751116354,0.014608897849201344,0.00017584839751116354,embedding_pca
esmc_PC2842,0.0016068045996527863,0.010276200237612996,0.0016068045996527863,embedding_pca
esmc_PC2843,0.011988155572122355,0.007390169287983688,0.011988155572122355,embedding_pca
esmc_PC2844,0.010776392221598376,0.020937119114654488,0.010776392221598376,embedding_pca
esmc_PC2845,0.0037121439946946498,0.011616546058863966,0.0037121439946946498,embedding_pca
esmc_PC2846,0.002858955686714467,0.006811691187143579,0.002858955686714467,embedding_pca
esmc_PC2847,0.002612686512127887,0.01928164557271956,0.002612686512127887,embedding_pca
esmc_PC2848,-0.00015391463765078716,0.01587794882737206,0.00015391463765078716,embedding_pca
esmc_PC2849,-0.012179594673774698,0.012992160333707542,0.012179594673774698,embedding_pca
esmc_PC2850,-0.002727953716568218,0.018562032030637044,0.002727953716568218,embedding_pca
esmc_PC2851,0.007415293844428059,0.01247515528677152,0.007415293844428059,embedding_pca
esmc_PC2852,0.016551381632707397,0.015490184415821041,0.016551381632707397,embedding_pca
esmc_PC2853,0.00739134789353159,0.013356001913216106,0.00739134789353159,embedding_pca
esmc_PC2854,-0.004610911840492901,0.014083736161619204,0.004610911840492901,embedding_pca
esmc_PC2855,-0.009045365987383286,0.01142889515759007,0.009045365987383286,embedding_pca
esmc_PC2856,-0.004718693424360541,0.017691583303971994,0.004718693424360541,embedding_pca
esmc_PC2857,-0.012413943166388561,0.020615773829408178,0.012413943166388561,embedding_pca
esmc_PC2858,0.010532987542408386,0.012189083743214054,0.010532987542408386,embedding_pca
esmc_PC2859,-0.001941359909121082,0.011669855685104863,0.001941359909121082,embedding_pca
esmc_PC2860,0.007576817083808375,0.016151396987749686,0.007576817083808375,embedding_pca
esmc_PC2861,0.0036669070761354053,0.01444103520636922,0.0036669070761354053,embedding_pca
esmc_PC2862,0.008439338804483363,0.004329123589402381,0.008439338804483363,embedding_pca
esmc_PC2863,0.010750269728482436,0.011289684114018098,0.010750269728482436,embedding_pca
esmc_PC2864,-0.004528496035759706,0.015447189668301236,0.004528496035759706,embedding_pca
esmc_PC2865,0.000284989886705459,0.01681461324933868,0.000284989886705459,embedding_pca
esmc_PC2866,0.02054390890013581,0.02024485220142367,0.02054390890013581,embedding_pca
esmc_PC2867,-0.0025707298666527365,0.023466573888573525,0.0025707298666527365,embedding_pca
esmc_PC2868,-0.003364570304359069,0.016504119760188198,0.003364570304359069,embedding_pca
esmc_PC2869,0.0039894945394820126,0.015522032407284156,0.0039894945394820126,embedding_pca
esmc_PC2870,0.004961135682845281,0.013765917728552814,0.004961135682845281,embedding_pca
esmc_PC2871,-0.006463540687731036,0.011732198906995,0.006463540687731036,embedding_pca
esmc_PC2872,0.02210680247557468,0.009162510779675705,0.02210680247557468,embedding_pca
esmc_PC2873,-0.010894965477532336,0.014591309198063455,0.010894965477532336,embedding_pca
esmc_PC2874,-0.0019196497812227677,0.010741641598617097,0.0019196497812227677,embedding_pca
esmc_PC2875,0.005817567380027841,0.010435290485812243,0.005817567380027841,embedding_pca
esmc_PC2876,-0.0035666820698503957,0.009518866853679657,0.0035666820698503957,embedding_pca
esmc_PC2877,0.007637353519156774,0.019894903299799753,0.007637353519156774,embedding_pca
esmc_PC2878,-0.004041453855849033,0.007745346443254534,0.004041453855849033,embedding_pca
esmc_PC2879,8.464401875239967e-05,0.01073286874503931,8.464401875239967e-05,embedding_pca
esmc_PC2880,0.008070514408670978,0.012671647123468745,0.008070514408670978,embedding_pca
esmc_PC2881,0.0005895860361046567,0.009570051956503631,0.0005895860361046567,embedding_pca
esmc_PC2882,-0.005674688792481647,0.016865765689372383,0.005674688792481647,embedding_pca
esmc_PC2883,-0.009494048059967194,0.018099991515103907,0.009494048059967194,embedding_pca
esmc_PC2884,0.007769818234760646,0.01738725110646883,0.007769818234760646,embedding_pca
esmc_PC2885,0.005784467487997829,0.025718577179162046,0.005784467487997829,embedding_pca
esmc_PC2886,-0.00310748392874055,0.012971398577216239,0.00310748392874055,embedding_pca
esmc_PC2887,-0.0014771170675972971,0.014523045128349212,0.0014771170675972971,embedding_pca
esmc_PC2888,-0.009846206389122989,0.018594788746482932,0.009846206389122989,embedding_pca
esmc_PC2889,0.004511727207830987,0.011743363021360791,0.004511727207830987,embedding_pca
esmc_PC2890,0.01606983842525791,0.010623517686488821,0.01606983842525791,embedding_pca
esmc_PC2891,0.012257853029781527,0.008595464494394764,0.012257853029781527,embedding_pca
esmc_PC2892,-0.011399023366860744,0.023833114830339598,0.011399023366860744,embedding_pca
esmc_PC2893,-0.004266951347708178,0.011583436090472458,0.004266951347708178,embedding_pca
esmc_PC2894,0.0024917230082455014,0.01528404191102252,0.0024917230082455014,embedding_pca
esmc_PC2895,0.008214525712063856,0.018379454047710575,0.008214525712063856,embedding_pca
esmc_PC2896,-0.009556350836037366,0.01609558774489432,0.009556350836037366,embedding_pca
esmc_PC2897,0.0107603510960546,0.018272451901827715,0.0107603510960546,embedding_pca
esmc_PC2898,0.007415374995111334,0.00989477270910315,0.007415374995111334,embedding_pca
esmc_PC2899,0.0018591592397118896,0.010915923681225185,0.0018591592397118896,embedding_pca
esmc_PC2900,0.01657394128961496,0.0148376384987665,0.01657394128961496,embedding_pca
esmc_PC2901,-0.007422729974399614,0.01797492414369807,0.007422729974399614,embedding_pca
esmc_PC2902,0.013342083179491444,0.023862374813447253,0.013342083179491444,embedding_pca
esmc_PC2903,0.004622147633876578,0.008049664988150948,0.004622147633876578,embedding_pca
esmc_PC2904,-0.011779702641327472,0.014131938594700024,0.011779702641327472,embedding_pca
esmc_PC2905,-0.0014118019668063482,0.020720060547738287,0.0014118019668063482,embedding_pca
esmc_PC2906,-0.005705559694794064,0.019255437014075786,0.005705559694794064,embedding_pca
esmc_PC2907,-0.0030787198702461214,0.008833220187546668,0.0030787198702461214,embedding_pca
esmc_PC2908,0.0004051937036137451,0.01275303323836835,0.0004051937036137451,embedding_pca
esmc_PC2909,0.003123211491655266,0.020234532847478098,0.003123211491655266,embedding_pca
esmc_PC2910,-0.010447162279928502,0.016544235983428066,0.010447162279928502,embedding_pca
esmc_PC2911,-0.0009505348124722937,0.018852599293518322,0.0009505348124722937,embedding_pca
esmc_PC2912,0.0011392917035433596,0.01781305797049172,0.0011392917035433596,embedding_pca
esmc_PC2913,0.006713722943962774,0.017071062433497937,0.006713722943962774,embedding_pca
esmc_PC2914,-0.007797088211830838,0.013295378877921525,0.007797088211830838,embedding_pca
esmc_PC2915,-0.01080627473652608,0.009390165035545309,0.01080627473652608,embedding_pca
esmc_PC2916,0.004620216563593793,0.008329139953066172,0.004620216563593793,embedding_pca
esmc_PC2917,-0.00562635894929611,0.009957854559408862,0.00562635894929611,embedding_pca
esmc_PC2918,0.008892704420822416,0.01797934554643395,0.008892704420822416,embedding_pca
esmc_PC2919,-0.003777307594103385,0.004690204976526306,0.003777307594103385,embedding_pca
esmc_PC2920,-0.009120691746264434,0.007639840343314723,0.009120691746264434,embedding_pca
esmc_PC2921,0.004348326721388028,0.010048106665178028,0.004348326721388028,embedding_pca
esmc_PC2922,-0.011800109361889884,0.010800942595606303,0.011800109361889884,embedding_pca
esmc_PC2923,-0.002942114726873351,0.006575094876411055,0.002942114726873351,embedding_pca
esmc_PC2924,-0.007739995979042631,0.012091685745702543,0.007739995979042631,embedding_pca
esmc_PC2925,-0.00471084266636446,0.014755789183888325,0.00471084266636446,embedding_pca
esmc_PC2926,0.005814786273601262,0.010300184120236453,0.005814786273601262,embedding_pca
esmc_PC2927,0.005074555141046762,0.01567196742586024,0.005074555141046762,embedding_pca
esmc_PC2928,-0.0065123890082222635,0.009231552584393642,0.0065123890082222635,embedding_pca
esmc_PC2929,0.010181581604419667,0.006609681422177103,0.010181581604419667,embedding_pca
esmc_PC2930,0.010156587538214797,0.009096397506979305,0.010156587538214797,embedding_pca
esmc_PC2931,-0.0006815642956733485,0.015547004963493911,0.0006815642956733485,embedding_pca
esmc_PC2932,-0.005051188546000366,0.013535730381272081,0.005051188546000366,embedding_pca
esmc_PC2933,-0.00839976314904996,0.008899162599654101,0.00839976314904996,embedding_pca
esmc_PC2934,-0.0018259396097792687,0.019410506648239775,0.0018259396097792687,embedding_pca
esmc_PC2935,-0.0011334914026772554,0.010234601496100875,0.0011334914026772554,embedding_pca
esmc_PC2936,0.0007264337080153258,0.007432992044792617,0.0007264337080153258,embedding_pca
esmc_PC2937,-0.00594408491666306,0.008728142532952203,0.00594408491666306,embedding_pca
esmc_PC2938,-0.0027090618306126503,0.00863745574204491,0.0027090618306126503,embedding_pca
esmc_PC2939,0.0035724031443481867,0.014838300192639953,0.0035724031443481867,embedding_pca
esmc_PC2940,-0.014161100013144625,0.01630836185419506,0.014161100013144625,embedding_pca
esmc_PC2941,0.005029635435578161,0.015586452997552099,0.005029635435578161,embedding_pca
esmc_PC2942,-0.01065978740278346,0.004899529859499827,0.01065978740278346,embedding_pca
esmc_PC2943,0.013768126805651157,0.010074594565661774,0.013768126805651157,embedding_pca
esmc_PC2944,0.00738051968500113,0.011224058812081878,0.00738051968500113,embedding_pca
esmc_PC2945,0.008774556274206582,0.011458891761101805,0.008774556274206582,embedding_pca
esmc_PC2946,0.003734176242372325,0.010099001858560783,0.003734176242372325,embedding_pca
esmc_PC2947,-0.0021161141053406213,0.013989483196402648,0.0021161141053406213,embedding_pca
esmc_PC2948,-0.0025984717467068268,0.008203726933809673,0.0025984717467068268,embedding_pca
esmc_PC2949,-0.0023425648821423194,0.01764007081382504,0.0023425648821423194,embedding_pca
esmc_PC2950,0.005735108695937523,0.008077848375093028,0.005735108695937523,embedding_pca
esmc_PC2951,-0.011221665772542754,0.013103253272123794,0.011221665772542754,embedding_pca
esmc_PC2952,0.013168285310608707,0.025058577806714322,0.013168285310608707,embedding_pca
esmc_PC2953,0.004284954793063249,0.012725976316715048,0.004284954793063249,embedding_pca
esmc_PC2954,0.006283107085620498,0.021339638552710066,0.006283107085620498,embedding_pca
esmc_PC2955,-0.0019136694867251571,0.018260319764551374,0.0019136694867251571,embedding_pca
esmc_PC2956,0.0020525232647932144,0.01646096270518885,0.0020525232647932144,embedding_pca
esmc_PC2957,-0.003197762936623228,0.005128392289750644,0.003197762936623228,embedding_pca
esmc_PC2958,-0.0030970214763766293,0.021433058177357883,0.0030970214763766293,embedding_pca
esmc_PC2959,-0.0017261495428669217,0.011782400697839238,0.0017261495428669217,embedding_pca
esmc_PC2960,-0.0013986810975477586,0.016455709997815957,0.0013986810975477586,embedding_pca
esmc_PC2961,-0.005089319999779333,0.005853154078868765,0.005089319999779333,embedding_pca
esmc_PC2962,-0.0011113129520226577,0.011188672212359564,0.0011113129520226577,embedding_pca
esmc_PC2963,0.003915863717079556,0.020238971774334775,0.003915863717079556,embedding_pca
esmc_PC2964,-0.0070622254923463565,0.023858969509190812,0.0070622254923463565,embedding_pca
esmc_PC2965,0.006602034635681102,0.006708081437311494,0.006602034635681102,embedding_pca
esmc_PC2966,-0.002900542204612622,0.013858174722712273,0.002900542204612622,embedding_pca
esmc_PC2967,-0.0058483109434967874,0.01567160519932579,0.0058483109434967874,embedding_pca
esmc_PC2968,0.013654768799546654,0.009234293569588688,0.013654768799546654,embedding_pca
esmc_PC2969,0.0012233136691668616,0.02144961273767069,0.0012233136691668616,embedding_pca
esmc_PC2970,0.0031338068077221915,0.016724889836434453,0.0031338068077221915,embedding_pca
esmc_PC2971,-0.006719652926656194,0.013205052444998987,0.006719652926656194,embedding_pca
esmc_PC2972,-0.004737914783678722,0.01182169717375742,0.004737914783678722,embedding_pca
esmc_PC2973,0.0020601621389686915,0.011898832161841807,0.0020601621389686915,embedding_pca
esmc_PC2974,-0.007736753783335645,0.02052900578040944,0.007736753783335645,embedding_pca
esmc_PC2975,-0.01207928726319004,0.008959351339874924,0.01207928726319004,embedding_pca
esmc_PC2976,0.004102055172664093,0.013783954149962396,0.004102055172664093,embedding_pca
esmc_PC2977,-0.0032605353028717482,0.0035082784320416833,0.0032605353028717482,embedding_pca
esmc_PC2978,-0.0017876522362676526,0.0058596810659245855,0.0017876522362676526,embedding_pca
esmc_PC2979,0.002588989611343901,0.01556250368453485,0.002588989611343901,embedding_pca
esmc_PC2980,-0.0014400031406845925,0.016808925411800183,0.0014400031406845925,embedding_pca
esmc_PC2981,0.00627556728265489,0.01836469650340672,0.00627556728265489,embedding_pca
esmc_PC2982,0.0035972184456995863,0.023023088783662386,0.0035972184456995863,embedding_pca
esmc_PC2983,0.00730446633723737,0.0110173952296139,0.00730446633723737,embedding_pca
esmc_PC2984,0.006392366118770016,0.008577870251241623,0.006392366118770016,embedding_pca
esmc_PC2985,0.003539821311396829,0.01649621810012237,0.003539821311396829,embedding_pca
esmc_PC2986,-0.0015553759409749762,0.023758799291535314,0.0015553759409749762,embedding_pca
esmc_PC2987,-0.004258557244256142,0.012602213876719155,0.004258557244256142,embedding_pca
esmc_PC2988,0.004748030414582908,0.011137297571423475,0.004748030414582908,embedding_pca
esmc_PC2989,-0.00548266597242642,0.011485185060383287,0.00548266597242642,embedding_pca
esmc_PC2990,0.00040839868692101635,0.013737468873318597,0.00040839868692101635,embedding_pca
esmc_PC2991,-0.006200754727721346,0.012973676133136424,0.006200754727721346,embedding_pca
esmc_PC2992,0.0077072244672712065,0.012782057206486074,0.0077072244672712065,embedding_pca
esmc_PC2993,-0.014286535091594698,0.011084788309656929,0.014286535091594698,embedding_pca
esmc_PC2994,0.01198582436459122,0.01625223199773027,0.01198582436459122,embedding_pca
esmc_PC2995,0.008236193384975127,0.013048838104112049,0.008236193384975127,embedding_pca
esmc_PC2996,-0.009772731423175491,0.010067885712400911,0.009772731423175491,embedding_pca
esmc_PC2997,-0.0011270119062051324,0.014208488631177933,0.0011270119062051324,embedding_pca
esmc_PC2998,-0.014419158592610892,0.01199665782223245,0.014419158592610892,embedding_pca
esmc_PC2999,-0.010502426361054648,0.007435353123340999,0.010502426361054648,embedding_pca
esmc_PC3000,0.005559211651910596,0.012537375948617382,0.005559211651910596,embedding_pca
esmc_PC3001,-0.007425742216266867,0.007471200665444642,0.007425742216266867,embedding_pca
esmc_PC3002,0.007080919456737819,0.011649742831104634,0.007080919456737819,embedding_pca
esmc_PC3003,0.0038938004137667992,0.015274248675256426,0.0038938004137667992,embedding_pca
esmc_PC3004,0.01210590467924733,0.02290311129096294,0.01210590467924733,embedding_pca
esmc_PC3005,0.012635426297649872,0.015882055039547323,0.012635426297649872,embedding_pca
esmc_PC3006,0.0040947747688439865,0.009971035755877064,0.0040947747688439865,embedding_pca
esmc_PC3007,-0.0018333419809954256,0.017506145200743454,0.0018333419809954256,embedding_pca
esmc_PC3008,-0.007728543283559174,0.006538794037648,0.007728543283559174,embedding_pca
esmc_PC3009,0.00488351867198854,0.010238925601782732,0.00488351867198854,embedding_pca
esmc_PC3010,-0.009733189738102357,0.011753857882851604,0.009733189738102357,embedding_pca
esmc_PC3011,-0.012345038559173334,0.012723430423329397,0.012345038559173334,embedding_pca
esmc_PC3012,0.003718333743804181,0.01590946712718492,0.003718333743804181,embedding_pca
esmc_PC3013,-0.0005147489855136637,0.02111883774636348,0.0005147489855136637,embedding_pca
esmc_PC3014,-0.0023222682676178816,0.013242263131968439,0.0023222682676178816,embedding_pca
esmc_PC3015,-0.0024284960447365942,0.009170818325760813,0.0024284960447365942,embedding_pca
esmc_PC3016,-0.0010138094071956358,0.021123430014284017,0.0010138094071956358,embedding_pca
esmc_PC3017,0.006675309163617549,0.00944398933333186,0.006675309163617549,embedding_pca
esmc_PC3018,0.004235480692078384,0.016170735847237598,0.004235480692078384,embedding_pca
esmc_PC3019,-0.0183040772282766,0.008450566486798759,0.0183040772282766,embedding_pca
esmc_PC3020,0.0006239914909119708,0.009688012742926157,0.0006239914909119708,embedding_pca
esmc_PC3021,-0.010828190609085834,0.020789209157000926,0.010828190609085834,embedding_pca
esmc_PC3022,-0.0025031818826838875,0.018460786712140218,0.0025031818826838875,embedding_pca
esmc_PC3023,0.007427220822178624,0.010514493129267246,0.007427220822178624,embedding_pca
esmc_PC3024,0.004730796621996662,0.009605334864711138,0.004730796621996662,embedding_pca
esmc_PC3025,-0.012706725131709395,0.011093899814781868,0.012706725131709395,embedding_pca
esmc_PC3026,0.003849052966599917,0.014982176717145107,0.003849052966599917,embedding_pca
esmc_PC3027,-0.005150280475715866,0.014174915605265277,0.005150280475715866,embedding_pca
esmc_PC3028,-0.0063291317069913075,0.007270848371475527,0.0063291317069913075,embedding_pca
esmc_PC3029,-0.004716174646500376,0.008731108583519583,0.004716174646500376,embedding_pca
esmc_PC3030,0.012305979419264814,0.009506869219901905,0.012305979419264814,embedding_pca
esmc_PC3031,0.007705970526281634,0.013910195423207225,0.007705970526281634,embedding_pca
esmc_PC3032,-0.005440242222070367,0.013072499810145737,0.005440242222070367,embedding_pca
esmc_PC3033,0.0016756410667726443,0.027191980176583707,0.0016756410667726443,embedding_pca
esmc_PC3034,0.0016224028176829984,0.020827989441597708,0.0016224028176829984,embedding_pca
esmc_PC3035,0.003655467555939855,0.017071293826857126,0.003655467555939855,embedding_pca
esmc_PC3036,0.012077587785687747,0.008396172917884715,0.012077587785687747,embedding_pca
esmc_PC3037,0.004311866140829536,0.01237474599847968,0.004311866140829536,embedding_pca
esmc_PC3038,-0.003871746114605415,0.005087173514792077,0.003871746114605415,embedding_pca
esmc_PC3039,0.005035180870630316,0.02010808661892788,0.005035180870630316,embedding_pca
esmc_PC3040,-0.00576917731279872,0.011681161036172184,0.00576917731279872,embedding_pca
esmc_PC3041,-0.009195528784501214,0.013592297695143552,0.009195528784501214,embedding_pca
esmc_PC3042,0.012613412181984062,0.014081985141299738,0.012613412181984062,embedding_pca
esmc_PC3043,0.001632098737384261,0.012815843136672937,0.001632098737384261,embedding_pca
esmc_PC3044,-0.019892837722501333,0.016524508261145442,0.019892837722501333,embedding_pca
esmc_PC3045,-0.0035924385475110164,0.016291473224197904,0.0035924385475110164,embedding_pca
esmc_PC3046,-0.00802347073579253,0.014618725230290659,0.00802347073579253,embedding_pca
esmc_PC3047,0.00518174219124065,0.014214364464321354,0.00518174219124065,embedding_pca
esmc_PC3048,0.0015330338960251647,0.019199380675348765,0.0015330338960251647,embedding_pca
esmc_PC3049,-0.01035387285462868,0.01589649102690758,0.01035387285462868,embedding_pca
esmc_PC3050,-0.009707888939740419,0.011807054901529173,0.009707888939740419,embedding_pca
esmc_PC3051,0.002352900739672611,0.012329191275948956,0.002352900739672611,embedding_pca
esmc_PC3052,0.011340595838985138,0.02106466226299069,0.011340595838985138,embedding_pca
esmc_PC3053,4.779314673432084e-05,0.006002473078424776,4.779314673432084e-05,embedding_pca
esmc_PC3054,-0.0031722184706990063,0.015577641816397538,0.0031722184706990063,embedding_pca
esmc_PC3055,-0.000736273653136001,0.022595545479284586,0.000736273653136001,embedding_pca
esmc_PC3056,-0.00022227153196118093,0.010985201660424368,0.00022227153196118093,embedding_pca
esmc_PC3057,0.0021755618643232713,0.004734847547584293,0.0021755618643232713,embedding_pca
esmc_PC3058,0.00904504519055542,0.014334638486599254,0.00904504519055542,embedding_pca
esmc_PC3059,-0.01012989681940431,0.014121285830564675,0.01012989681940431,embedding_pca
esmc_PC3060,-0.015969779521223408,0.020171777793318843,0.015969779521223408,embedding_pca
esmc_PC3061,0.006452126234756728,0.006821891153625296,0.006452126234756728,embedding_pca
esmc_PC3062,0.0006798506096894717,0.012771396610442205,0.0006798506096894717,embedding_pca
esmc_PC3063,0.006863212072798994,0.021208731967338166,0.006863212072798994,embedding_pca
esmc_PC3064,0.008802353111426148,0.008660869981045191,0.008802353111426148,embedding_pca
esmc_PC3065,0.010763951542325768,0.012099133667236141,0.010763951542325768,embedding_pca
esmc_PC3066,0.0012343197006744239,0.008304032775977228,0.0012343197006744239,embedding_pca
esmc_PC3067,-0.019412234463026597,0.008182136491670133,0.019412234463026597,embedding_pca
esmc_PC3068,0.0020661708262259986,0.017264505436913432,0.0020661708262259986,embedding_pca
esmc_PC3069,-0.018481964667178073,0.00823036874504488,0.018481964667178073,embedding_pca
esmc_PC3070,-0.014354353078463495,0.022677602563569814,0.014354353078463495,embedding_pca
esmc_PC3071,0.003686422228687377,0.007741990406638892,0.003686422228687377,embedding_pca
esmc_PC3072,-0.004684161184895777,0.011664927212962629,0.004684161184895777,embedding_pca
esmc_PC3073,-0.0008881505003130591,0.020798233419893054,0.0008881505003130591,embedding_pca
esmc_PC3074,-0.0006747698891333032,0.020597089676906183,0.0006747698891333032,embedding_pca
esmc_PC3075,-0.005505746137431518,0.01654011198109284,0.005505746137431518,embedding_pca
esmc_PC3076,-0.0017318785139520637,0.01268006952958816,0.0017318785139520637,embedding_pca
esmc_PC3077,0.0033526927673307822,0.014219609955918746,0.0033526927673307822,embedding_pca
esmc_PC3078,-0.005043550048118357,0.011544558714730065,0.005043550048118357,embedding_pca
esmc_PC3079,-0.00522236395451739,0.012319994924046103,0.00522236395451739,embedding_pca
esmc_PC3080,-0.0062222166546986694,0.005849464216170681,0.0062222166546986694,embedding_pca
esmc_PC3081,0.009303745557259798,0.010080587922761917,0.009303745557259798,embedding_pca
esmc_PC3082,-0.006839495773864805,0.012578406335688377,0.006839495773864805,embedding_pca
esmc_PC3083,-0.0009471917391264476,0.014029004266696284,0.0009471917391264476,embedding_pca
esmc_PC3084,0.012287478463151067,0.016589682833329164,0.012287478463151067,embedding_pca
esmc_PC3085,0.0011420541029752995,0.01162205114546073,0.0011420541029752995,embedding_pca
esmc_PC3086,0.008093026692890078,0.008197247193987503,0.008093026692890078,embedding_pca
esmc_PC3087,0.008088748564517018,0.018352485577611797,0.008088748564517018,embedding_pca
esmc_PC3088,-0.004793247778497476,0.009352767000407157,0.004793247778497476,embedding_pca
esmc_PC3089,-0.011590069185824808,0.01992059506981406,0.011590069185824808,embedding_pca
esmc_PC3090,-0.0007146606350867127,0.011432421514548943,0.0007146606350867127,embedding_pca
esmc_PC3091,-0.0005491026428257592,0.026029820376121938,0.0005491026428257592,embedding_pca
esmc_PC3092,0.004729657258704862,0.013481086970140587,0.004729657258704862,embedding_pca
esmc_PC3093,-0.003314597585540178,0.00557583666546554,0.003314597585540178,embedding_pca
esmc_PC3094,0.00036006467708921163,0.015277902329398721,0.00036006467708921163,embedding_pca
esmc_PC3095,-0.006144427081188573,0.015665942458248514,0.006144427081188573,embedding_pca
esmc_PC3096,-0.0019519261501018217,0.00433795349591172,0.0019519261501018217,embedding_pca
esmc_PC3097,-0.0028537766941275195,0.01790272529968452,0.0028537766941275195,embedding_pca
esmc_PC3098,-0.010824277544003622,0.021090138301592683,0.010824277544003622,embedding_pca
esmc_PC3099,-0.0024395714033778283,0.015207605516311977,0.0024395714033778283,embedding_pca
esmc_PC3100,0.01119755266209522,0.006858970489059682,0.01119755266209522,embedding_pca
esmc_PC3101,-0.011443679836602568,0.019371827171356614,0.011443679836602568,embedding_pca
esmc_PC3102,0.00547101676871884,0.012779740996288237,0.00547101676871884,embedding_pca
esmc_PC3103,-0.008258950318978631,0.01149257962345673,0.008258950318978631,embedding_pca
esmc_PC3104,-0.0063998168599922415,0.022843812650946607,0.0063998168599922415,embedding_pca
esmc_PC3105,0.006200179591885074,0.018368413018240926,0.006200179591885074,embedding_pca
esmc_PC3106,-0.0034152240882814747,0.006867039858289162,0.0034152240882814747,embedding_pca
esmc_PC3107,-0.0006168179712174055,0.011784371816721944,0.0006168179712174055,embedding_pca
esmc_PC3108,-0.0010212969110643469,0.006586925937028899,0.0010212969110643469,embedding_pca
esmc_PC3109,-0.005902877492930837,0.011272046092099555,0.005902877492930837,embedding_pca
esmc_PC3110,-0.006085539043296593,0.016855498892990442,0.006085539043296593,embedding_pca
esmc_PC3111,-0.001568099790395868,0.01111571394042825,0.001568099790395868,embedding_pca
esmc_PC3112,0.008994798864684402,0.012000482706605576,0.008994798864684402,embedding_pca
esmc_PC3113,-0.0021411397090060737,0.020404842782246906,0.0021411397090060737,embedding_pca
esmc_PC3114,-0.007636490996595148,0.01293178088511865,0.007636490996595148,embedding_pca
esmc_PC3115,-0.002519779920891888,0.011542414533016743,0.002519779920891888,embedding_pca
esmc_PC3116,-0.00442257210928563,0.01601922767863436,0.00442257210928563,embedding_pca
esmc_PC3117,-2.326914889780804e-05,0.016320580157941675,2.326914889780804e-05,embedding_pca
esmc_PC3118,-0.0030483036381977816,0.016541283919048175,0.0030483036381977816,embedding_pca
esmc_PC3119,-0.011727288351903214,0.013918990036527693,0.011727288351903214,embedding_pca
esmc_PC3120,0.00365506944207235,0.01671728831709965,0.00365506944207235,embedding_pca
esmc_PC3121,0.0003108987280469403,0.0202338927817231,0.0003108987280469403,embedding_pca
esmc_PC3122,0.00028914438023039943,0.018372335791252185,0.00028914438023039943,embedding_pca
esmc_PC3123,-0.0017763438329764642,0.009695966951511743,0.0017763438329764642,embedding_pca
esmc_PC3124,0.01383881879192031,0.016323280912711374,0.01383881879192031,embedding_pca
esmc_PC3125,0.004182244052992834,0.01259501241509662,0.004182244052992834,embedding_pca
esmc_PC3126,0.007662334749211609,0.010581480433252103,0.007662334749211609,embedding_pca
esmc_PC3127,-0.009733090248633756,0.014208052787474312,0.009733090248633756,embedding_pca
esmc_PC3128,-0.004056649403154723,0.015360892079125239,0.004056649403154723,embedding_pca
esmc_PC3129,0.00030260311540243856,0.016267119255382875,0.00030260311540243856,embedding_pca
esmc_PC3130,0.001340442910162306,0.012710316171853968,0.001340442910162306,embedding_pca
esmc_PC3131,0.004009351864769162,0.01839955039496513,0.004009351864769162,embedding_pca
esmc_PC3132,0.007810575254658382,0.017231985013119323,0.007810575254658382,embedding_pca
esmc_PC3133,-0.0025202352390347148,0.009568623490520367,0.0025202352390347148,embedding_pca
esmc_PC3134,0.0002955139050165713,0.014746521259590337,0.0002955139050165713,embedding_pca
esmc_PC3135,0.007792730502619895,0.007141928644634114,0.007792730502619895,embedding_pca
esmc_PC3136,-0.0058309800182216355,0.01380384284260906,0.0058309800182216355,embedding_pca
esmc_PC3137,-0.003187856784245463,0.008879610586406836,0.003187856784245463,embedding_pca
esmc_PC3138,0.003662987799827693,0.002279094147940599,0.003662987799827693,embedding_pca
esmc_PC3139,-0.0020914022023605728,0.01682930704480991,0.0020914022023605728,embedding_pca
esmc_PC3140,-0.012953107332201192,0.016603320329814927,0.012953107332201192,embedding_pca
esmc_PC3141,0.002787867597953704,0.011042839321847513,0.002787867597953704,embedding_pca
esmc_PC3142,-0.008733573680921008,0.016299134075308204,0.008733573680921008,embedding_pca
esmc_PC3143,-0.0027825979036797655,0.006838251426251792,0.0027825979036797655,embedding_pca
esmc_PC3144,-0.006015774717472578,0.01874415134323038,0.006015774717472578,embedding_pca
esmc_PC3145,0.0065673614240416706,0.007251380465319061,0.0065673614240416706,embedding_pca
esmc_PC3146,0.005692161884065903,0.015511745185517773,0.005692161884065903,embedding_pca
esmc_PC3147,0.0027787261151517193,0.015047216448273486,0.0027787261151517193,embedding_pca
esmc_PC3148,0.00305699901486404,0.01431892572593157,0.00305699901486404,embedding_pca
esmc_PC3149,0.008543507011200569,0.020641009296154443,0.008543507011200569,embedding_pca
esmc_PC3150,0.0031546792017578137,0.014753254226661138,0.0031546792017578137,embedding_pca
esmc_PC3151,-0.008488145796536135,0.013163872029637714,0.008488145796536135,embedding_pca
esmc_PC3152,-0.005243997798144479,0.008446558476424391,0.005243997798144479,embedding_pca
esmc_PC3153,-0.002866735488070226,0.020110748496161023,0.002866735488070226,embedding_pca
esmc_PC3154,0.005158552034792029,0.014015758971651323,0.005158552034792029,embedding_pca
esmc_PC3155,-0.017201504189214817,0.010789805391984859,0.017201504189214817,embedding_pca
esmc_PC3156,-0.003773307167962875,0.015008343068307206,0.003773307167962875,embedding_pca
esmc_PC3157,-0.0013535319036861477,0.012618414874695748,0.0013535319036861477,embedding_pca
esmc_PC3158,-0.005663152208004191,0.019598483370857383,0.005663152208004191,embedding_pca
esmc_PC3159,-0.004693835118469774,0.016250514493381767,0.004693835118469774,embedding_pca
esmc_PC3160,0.003742287576327457,0.011596470489626795,0.003742287576327457,embedding_pca
esmc_PC3161,-0.00028876358559506987,0.01659101613517605,0.00028876358559506987,embedding_pca
esmc_PC3162,-0.0036721307774335724,0.008210459911303517,0.0036721307774335724,embedding_pca
esmc_PC3163,-0.009859218629702633,0.011830457468053977,0.009859218629702633,embedding_pca
esmc_PC3164,-0.0011271382649145913,0.019483933574705924,0.0011271382649145913,embedding_pca
esmc_PC3165,0.004372120936497845,0.01702326094974405,0.004372120936497845,embedding_pca
esmc_PC3166,-0.0038239073411864,0.01592404618207925,0.0038239073411864,embedding_pca
esmc_PC3167,-0.00018067666656702424,0.011911588081890535,0.00018067666656702424,embedding_pca
esmc_PC3168,-0.011865754140997942,0.009202590568795202,0.011865754140997942,embedding_pca
esmc_PC3169,-0.0040578094464541,0.013319592501478161,0.0040578094464541,embedding_pca
esmc_PC3170,-0.004670014588073752,0.02192704882768994,0.004670014588073752,embedding_pca
esmc_PC3171,0.009202426010018895,0.012208864895554984,0.009202426010018895,embedding_pca
esmc_PC3172,4.253448073226365e-05,0.007601395343324077,4.253448073226365e-05,embedding_pca
esmc_PC3173,-0.0006659244078351959,0.011855539374141974,0.0006659244078351959,embedding_pca
esmc_PC3174,-0.001171859576265871,0.019513045596679532,0.001171859576265871,embedding_pca
esmc_PC3175,0.0037704438260477134,0.01562226131934866,0.0037704438260477134,embedding_pca
esmc_PC3176,0.01840210496543605,0.011311706142777347,0.01840210496543605,embedding_pca
esmc_PC3177,-0.0002729077209291282,0.016953072809737846,0.0002729077209291282,embedding_pca
esmc_PC3178,0.0065421573652635606,0.010790958973602638,0.0065421573652635606,embedding_pca
esmc_PC3179,-0.0056976606588508465,0.007698209052837173,0.0056976606588508465,embedding_pca
esmc_PC3180,0.003601210241858257,0.009629992627992284,0.003601210241858257,embedding_pca
esmc_PC3181,0.003969291903774706,0.013028323578816035,0.003969291903774706,embedding_pca
esmc_PC3182,0.0024346807215005093,0.01612589990305083,0.0024346807215005093,embedding_pca
esmc_PC3183,-0.0070661953081973304,0.01245167114955492,0.0070661953081973304,embedding_pca
esmc_PC3184,-0.00048285213052340245,0.011335692998352685,0.00048285213052340245,embedding_pca
esmc_PC3185,0.008912393298384835,0.01643282303796739,0.008912393298384835,embedding_pca
esmc_PC3186,-0.004136018712784933,0.01686265159982202,0.004136018712784933,embedding_pca
esmc_PC3187,-0.017714426590306132,0.014228991765524593,0.017714426590306132,embedding_pca
esmc_PC3188,-0.002072395477968897,0.0061644174823721806,0.002072395477968897,embedding_pca
esmc_PC3189,0.02196929829002268,0.005219089914540199,0.02196929829002268,embedding_pca
esmc_PC3190,0.013278349114260643,0.011034648074163302,0.013278349114260643,embedding_pca
esmc_PC3191,0.011446536886168913,0.018012541366400275,0.011446536886168913,embedding_pca
esmc_PC3192,0.0051432478184866535,0.008686087718250766,0.0051432478184866535,embedding_pca
esmc_PC3193,0.01942853883843098,0.010843549973363092,0.01942853883843098,embedding_pca
esmc_PC3194,0.011265135718398364,0.013592458929589045,0.011265135718398364,embedding_pca
esmc_PC3195,0.0009835791833680539,0.016740592056990727,0.0009835791833680539,embedding_pca
esmc_PC3196,-0.0007453905884351769,0.012864902136061054,0.0007453905884351769,embedding_pca
esmc_PC3197,-0.003971695988809176,0.009564310493541147,0.003971695988809176,embedding_pca
esmc_PC3198,0.004111662276412804,0.009611983520310324,0.004111662276412804,embedding_pca
esmc_PC3199,0.0015284290608543892,0.0051864638794136475,0.0015284290608543892,embedding_pca
esmc_PC3200,-0.004893607672488832,0.015576938036655252,0.004893607672488832,embedding_pca
esmc_PC3201,0.001106663605617409,0.01761237411122052,0.001106663605617409,embedding_pca
esmc_PC3202,0.0006733382980080152,0.014411653045410833,0.0006733382980080152,embedding_pca
esmc_PC3203,-0.006934024887884078,0.007028160564494003,0.006934024887884078,embedding_pca
esmc_PC3204,0.0024047514699764294,0.009158947205738316,0.0024047514699764294,embedding_pca
esmc_PC3205,-0.006349168716598989,0.01538333741864797,0.006349168716598989,embedding_pca
esmc_PC3206,-0.000799809505803703,0.01593022145044297,0.000799809505803703,embedding_pca
esmc_PC3207,0.01179732896545466,0.014546483866383169,0.01179732896545466,embedding_pca
esmc_PC3208,-0.021643103781574254,0.027057314988160396,0.021643103781574254,embedding_pca
esmc_PC3209,0.011316355732540445,0.01317596877340595,0.011316355732540445,embedding_pca
esmc_PC3210,0.00322197145939544,0.012843891796491043,0.00322197145939544,embedding_pca
esmc_PC3211,0.012392195760699545,0.019605248079711035,0.012392195760699545,embedding_pca
esmc_PC3212,-0.013848863930785934,0.011311045754620299,0.013848863930785934,embedding_pca
esmc_PC3213,-0.005985194434832853,0.00992519277719418,0.005985194434832853,embedding_pca
esmc_PC3214,-0.0021174544167868125,0.010330591631789681,0.0021174544167868125,embedding_pca
esmc_PC3215,-0.001329222613418183,0.014743533531635607,0.001329222613418183,embedding_pca
esmc_PC3216,0.0027880851290847984,0.004831798531263624,0.0027880851290847984,embedding_pca
esmc_PC3217,0.007852887546944307,0.008904702080957973,0.007852887546944307,embedding_pca
esmc_PC3218,0.007449252868200964,0.017988330372404066,0.007449252868200964,embedding_pca
esmc_PC3219,-0.002279898720217337,0.010825711552988341,0.002279898720217337,embedding_pca
esmc_PC3220,-0.0005856668332364375,0.013232480382587715,0.0005856668332364375,embedding_pca
esmc_PC3221,-0.003466364075210373,0.009723506204179453,0.003466364075210373,embedding_pca
esmc_PC3222,0.0032666174162142314,0.013900098073614291,0.0032666174162142314,embedding_pca
esmc_PC3223,-0.0055602165710973974,0.012813281796419704,0.0055602165710973974,embedding_pca
esmc_PC3224,-0.0006630877079497832,0.017851190428334156,0.0006630877079497832,embedding_pca
esmc_PC3225,0.004111288014571728,0.016137741781402728,0.004111288014571728,embedding_pca
esmc_PC3226,0.016762232375092813,0.016257182352104896,0.016762232375092813,embedding_pca
esmc_PC3227,-0.0013379484379280472,0.011721077030858142,0.0013379484379280472,embedding_pca
esmc_PC3228,0.010626351869937791,0.014022141149694791,0.010626351869937791,embedding_pca
esmc_PC3229,-0.002496858673669951,0.0037904756164482667,0.002496858673669951,embedding_pca
esmc_PC3230,0.0012985839125722195,0.0068952231083611705,0.0012985839125722195,embedding_pca
esmc_PC3231,0.0064123816207511345,0.012194401110838705,0.0064123816207511345,embedding_pca
esmc_PC3232,0.008606871844539302,0.005914130125564112,0.008606871844539302,embedding_pca
esmc_PC3233,-0.008021040394583226,0.018687098552265573,0.008021040394583226,embedding_pca
esmc_PC3234,-0.0026318298994045678,0.01606656386461709,0.0026318298994045678,embedding_pca
esmc_PC3235,0.011520592228780373,0.01920051369640791,0.011520592228780373,embedding_pca
esmc_PC3236,0.0035227493976096673,0.009956771711126682,0.0035227493976096673,embedding_pca
esmc_PC3237,0.0032693396080754424,0.015188623767281794,0.0032693396080754424,embedding_pca
esmc_PC3238,-0.012001895066631652,0.011787878117910561,0.012001895066631652,embedding_pca
esmc_PC3239,-0.0009699569200057968,0.011998781593050489,0.0009699569200057968,embedding_pca
esmc_PC3240,0.0042403907255063825,0.009279076970756977,0.0042403907255063825,embedding_pca
esmc_PC3241,0.005032308967102957,0.010360651057218062,0.005032308967102957,embedding_pca
esmc_PC3242,0.007002972956269127,0.012070848585045755,0.007002972956269127,embedding_pca
esmc_PC3243,0.003944866713382252,0.01018870645348065,0.003944866713382252,embedding_pca
esmc_PC3244,0.006441204321147602,0.01031625704286993,0.006441204321147602,embedding_pca
esmc_PC3245,-0.008229661942661653,0.00794406312871793,0.008229661942661653,embedding_pca
esmc_PC3246,-0.0029255524587474004,0.009725668586363749,0.0029255524587474004,embedding_pca
esmc_PC3247,0.007141615195474796,0.012582468280754752,0.007141615195474796,embedding_pca
esmc_PC3248,-0.0005750655133149824,0.01623105174088712,0.0005750655133149824,embedding_pca
esmc_PC3249,-0.007519065768075012,0.012293203482143505,0.007519065768075012,embedding_pca
esmc_PC3250,0.014286544790047076,0.0083838721298916,0.014286544790047076,embedding_pca
esmc_PC3251,-0.0021727469490223717,0.01323428198964983,0.0021727469490223717,embedding_pca
esmc_PC3252,0.00584129445842402,0.02104789115339197,0.00584129445842402,embedding_pca
esmc_PC3253,-0.005937928540158178,0.00881974648059523,0.005937928540158178,embedding_pca
esmc_PC3254,-0.010376891435756225,0.008230880137253569,0.010376891435756225,embedding_pca
esmc_PC3255,-0.012286555291028812,0.009237624661229215,0.012286555291028812,embedding_pca
esmc_PC3256,0.009313514729458286,0.019662974786454283,0.009313514729458286,embedding_pca
esmc_PC3257,0.0065405527627084474,0.017344350912991757,0.0065405527627084474,embedding_pca
esmc_PC3258,0.007400234912598902,0.011044560254498945,0.007400234912598902,embedding_pca
esmc_PC3259,0.002413248808372262,0.006924846368441368,0.002413248808372262,embedding_pca
esmc_PC3260,-0.004886955921840723,0.009207314668251433,0.004886955921840723,embedding_pca
esmc_PC3261,-0.00660930869471983,0.010811354001099897,0.00660930869471983,embedding_pca
esmc_PC3262,0.0017482569478455723,0.008026322963166958,0.0017482569478455723,embedding_pca
esmc_PC3263,-0.011155669859457814,0.019678621119278893,0.011155669859457814,embedding_pca
esmc_PC3264,0.005246818097472664,0.01514527020028499,0.005246818097472664,embedding_pca
esmc_PC3265,-0.0039974081926867034,0.011154869332053808,0.0039974081926867034,embedding_pca
esmc_PC3266,0.01233029117483432,0.018220198992834922,0.01233029117483432,embedding_pca
esmc_PC3267,0.00873580308438936,0.014869522729784073,0.00873580308438936,embedding_pca
esmc_PC3268,0.00742708249976889,0.0176203977690271,0.00742708249976889,embedding_pca
esmc_PC3269,-0.0016163506159980723,0.015119556959522065,0.0016163506159980723,embedding_pca
esmc_PC3270,-0.006514152728791951,0.008945764607191292,0.006514152728791951,embedding_pca
esmc_PC3271,0.00014326152956150627,0.006639724045896179,0.00014326152956150627,embedding_pca
esmc_PC3272,0.006576299503621925,0.006128824415579331,0.006576299503621925,embedding_pca
esmc_PC3273,0.007061882756580512,0.021474121864953403,0.007061882756580512,embedding_pca
esmc_PC3274,0.007585006501632208,0.00741890183751813,0.007585006501632208,embedding_pca
esmc_PC3275,0.0008758689985334101,0.008733386564500203,0.0008758689985334101,embedding_pca
esmc_PC3276,-0.007562073437876368,0.014940405311774478,0.007562073437876368,embedding_pca
esmc_PC3277,-0.008034337431402722,0.006590562216075784,0.008034337431402722,embedding_pca
esmc_PC3278,0.0014804910357960489,0.012559712469077056,0.0014804910357960489,embedding_pca
esmc_PC3279,0.008577528984212742,0.016412207871408003,0.008577528984212742,embedding_pca
esmc_PC3280,0.002587614753681757,0.013636504216551066,0.002587614753681757,embedding_pca
esmc_PC3281,0.010499591555292096,0.007708763471793103,0.010499591555292096,embedding_pca
esmc_PC3282,0.010971152823399158,0.00820142914171571,0.010971152823399158,embedding_pca
esmc_PC3283,-0.007342190359694424,0.009582006014273368,0.007342190359694424,embedding_pca
esmc_PC3284,-0.0010456652634012217,0.014477152306334479,0.0010456652634012217,embedding_pca
esmc_PC3285,-0.009397461455048248,0.014545542924640928,0.009397461455048248,embedding_pca
esmc_PC3286,0.0003095378461411427,0.009336196119652699,0.0003095378461411427,embedding_pca
esmc_PC3287,-0.011856931238017974,0.008243145499653002,0.011856931238017974,embedding_pca
esmc_PC3288,0.0011645088277226605,0.017390010475948594,0.0011645088277226605,embedding_pca
esmc_PC3289,-0.006137019786409988,0.01452883027208521,0.006137019786409988,embedding_pca
esmc_PC3290,-0.01236680094386131,0.019821394578973334,0.01236680094386131,embedding_pca
esmc_PC3291,-0.007913724703408532,0.008510513808306131,0.007913724703408532,embedding_pca
esmc_PC3292,0.010847694659735192,0.018370966828733695,0.010847694659735192,embedding_pca
esmc_PC3293,0.006930607797669508,0.0051711927193789815,0.006930607797669508,embedding_pca
esmc_PC3294,0.015886376117377126,0.020019102218809485,0.015886376117377126,embedding_pca
esmc_PC3295,0.0020409160573998104,0.016814315014352012,0.0020409160573998104,embedding_pca
esmc_PC3296,0.006605722565321076,0.009895468979297686,0.006605722565321076,embedding_pca
esmc_PC3297,-0.005603360967422172,0.018387212889936295,0.005603360967422172,embedding_pca
esmc_PC3298,-0.003664498385586995,0.006544518486088824,0.003664498385586995,embedding_pca
esmc_PC3299,0.00019091790130219694,0.01318204583098324,0.00019091790130219694,embedding_pca
esmc_PC3300,0.0011760749573703536,0.009112674473360973,0.0011760749573703536,embedding_pca
esmc_PC3301,0.0026847103868056503,0.016966078683424424,0.0026847103868056503,embedding_pca
esmc_PC3302,-0.0008181379086936391,0.006026870637609841,0.0008181379086936391,embedding_pca
esmc_PC3303,-0.011550259391500164,0.01566586406189297,0.011550259391500164,embedding_pca
esmc_PC3304,0.0070348008494823715,0.017274404520448077,0.0070348008494823715,embedding_pca
esmc_PC3305,0.006899172112966004,0.01966405277291587,0.006899172112966004,embedding_pca
esmc_PC3306,-0.015092023303987834,0.017025211553401715,0.015092023303987834,embedding_pca
esmc_PC3307,0.0012964194129886496,0.016661458624979357,0.0012964194129886496,embedding_pca
esmc_PC3308,-0.004820593582925944,0.015154373566802258,0.004820593582925944,embedding_pca
esmc_PC3309,0.010396194578295112,0.006610154040162828,0.010396194578295112,embedding_pca
esmc_PC3310,0.011171878554143349,0.021278972119872713,0.011171878554143349,embedding_pca
esmc_PC3311,-0.002809334683003537,0.005285605239888613,0.002809334683003537,embedding_pca
esmc_PC3312,-0.0061568711223037465,0.004771804509067623,0.0061568711223037465,embedding_pca
esmc_PC3313,-0.003862364646419463,0.0101362082963691,0.003862364646419463,embedding_pca
esmc_PC3314,-0.00046382679602628566,0.017987017171602553,0.00046382679602628566,embedding_pca
esmc_PC3315,0.003138294105857449,0.0032724906829241507,0.003138294105857449,embedding_pca
esmc_PC3316,-0.0030406332151745675,0.013768773161489474,0.0030406332151745675,embedding_pca
esmc_PC3317,0.00869278234145788,0.0105853471159433,0.00869278234145788,embedding_pca
esmc_PC3318,-0.003630224141500154,0.010392643849972094,0.003630224141500154,embedding_pca
esmc_PC3319,0.004516227504937894,0.006228255353647609,0.004516227504937894,embedding_pca
esmc_PC3320,0.005023453503073956,0.009258357878270151,0.005023453503073956,embedding_pca
esmc_PC3321,-0.011017118205916391,0.010707282634681807,0.011017118205916391,embedding_pca
esmc_PC3322,0.0025602427069360474,0.008733457921619895,0.0025602427069360474,embedding_pca
esmc_PC3323,-0.00631224528398754,0.007669295020704292,0.00631224528398754,embedding_pca
esmc_PC3324,-0.0003431128554729648,0.012476889310946981,0.0003431128554729648,embedding_pca
esmc_PC3325,-0.010592528575246035,0.01893383886256201,0.010592528575246035,embedding_pca
esmc_PC3326,0.009840531675217598,0.021285031942638297,0.009840531675217598,embedding_pca
esmc_PC3327,0.007465068271477302,0.009434222686723486,0.007465068271477302,embedding_pca
esmc_PC3328,-0.0029436600833022014,0.01730377245514481,0.0029436600833022014,embedding_pca
esmc_PC3329,0.005472670997147867,0.017216415276111917,0.005472670997147867,embedding_pca
esmc_PC3330,-0.005294929037348419,0.016217050334343702,0.005294929037348419,embedding_pca
esmc_PC3331,-0.0015511109502818643,0.013694012028577075,0.0015511109502818643,embedding_pca
esmc_PC3332,-0.0034903369099888795,0.015093682872696319,0.0034903369099888795,embedding_pca
esmc_PC3333,0.013737314207495402,0.011730940466290246,0.013737314207495402,embedding_pca
esmc_PC3334,0.001383186540903245,0.005488285098916351,0.001383186540903245,embedding_pca
esmc_PC3335,-0.0072303354767204505,0.01773503069675072,0.0072303354767204505,embedding_pca
esmc_PC3336,0.006374298314701534,0.015744255722426246,0.006374298314701534,embedding_pca
esmc_PC3337,-0.006291847136075013,0.0060382843560243165,0.006291847136075013,embedding_pca
esmc_PC3338,0.007290435209227732,0.007355942197042192,0.007290435209227732,embedding_pca
esmc_PC3339,0.007697312072548196,0.00947644672630953,0.007697312072548196,embedding_pca
esmc_PC3340,-0.017804034907395756,0.029292402215592456,0.017804034907395756,embedding_pca
esmc_PC3341,0.006580151528430014,0.006547865960825666,0.006580151528430014,embedding_pca
esmc_PC3342,0.002997339602900444,0.010993117614877208,0.002997339602900444,embedding_pca
esmc_PC3343,0.008309312802482581,0.01841032868064706,0.008309312802482581,embedding_pca
esmc_PC3344,-0.003966220086427918,0.020386208324922158,0.003966220086427918,embedding_pca
esmc_PC3345,-0.006072322935629376,0.013067996586481515,0.006072322935629376,embedding_pca
esmc_PC3346,-0.00701719333857231,0.013923987097657244,0.00701719333857231,embedding_pca
esmc_PC3347,0.0035035428944514965,0.016094859887543833,0.0035035428944514965,embedding_pca
esmc_PC3348,-0.0066274071223078905,0.019527085355266705,0.0066274071223078905,embedding_pca
esmc_PC3349,-0.004470056753276423,0.01637563758134545,0.004470056753276423,embedding_pca
esmc_PC3350,-0.006972736796164,0.0041077503684881405,0.006972736796164,embedding_pca
esmc_PC3351,-0.0006855620074232863,0.01621045971574066,0.0006855620074232863,embedding_pca
esmc_PC3352,-0.003142796857327659,0.006996757301784807,0.003142796857327659,embedding_pca
esmc_PC3353,-0.0020945818676425254,0.004993075369956768,0.0020945818676425254,embedding_pca
esmc_PC3354,0.0015020366429025344,0.004877855617536185,0.0015020366429025344,embedding_pca
esmc_PC3355,-0.00832038151560995,0.019970770725264084,0.00832038151560995,embedding_pca
esmc_PC3356,0.0090218818447701,0.00717342017576922,0.0090218818447701,embedding_pca
esmc_PC3357,-0.004292410176452576,0.010472724153419839,0.004292410176452576,embedding_pca
esmc_PC3358,-0.012391771529639526,0.015195894226427331,0.012391771529639526,embedding_pca
esmc_PC3359,0.006644393604062779,0.02308697881150102,0.006644393604062779,embedding_pca
esmc_PC3360,0.0031984123904299144,0.005539412391406087,0.0031984123904299144,embedding_pca
esmc_PC3361,0.012364627281749025,0.016420643161582323,0.012364627281749025,embedding_pca
esmc_PC3362,0.002123128367709435,0.019566455390901245,0.002123128367709435,embedding_pca
esmc_PC3363,-0.00019666692658334203,0.005489257409303696,0.00019666692658334203,embedding_pca
esmc_PC3364,-0.004033323454847043,0.010735032894718544,0.004033323454847043,embedding_pca
esmc_PC3365,0.003959567424859185,0.020163125036479927,0.003959567424859185,embedding_pca
esmc_PC3366,0.008430357574604853,0.011076933681691468,0.008430357574604853,embedding_pca
esmc_PC3367,0.002612873999141944,0.007651657408696359,0.002612873999141944,embedding_pca
esmc_PC3368,-0.01072559729703593,0.0043950432581063344,0.01072559729703593,embedding_pca
esmc_PC3369,0.005548612917504995,0.013057695300525272,0.005548612917504995,embedding_pca
esmc_PC3370,-0.002285006721672783,0.02768286723290939,0.002285006721672783,embedding_pca
esmc_PC3371,0.006881120111840847,0.015456485339380061,0.006881120111840847,embedding_pca
esmc_PC3372,0.005194657130262226,0.010169980264642678,0.005194657130262226,embedding_pca
esmc_PC3373,-0.00979400299769426,0.018241562139544903,0.00979400299769426,embedding_pca
esmc_PC3374,0.005544335443517107,0.017455361671696028,0.005544335443517107,embedding_pca
esmc_PC3375,-0.0010427921322826495,0.010613271104580076,0.0010427921322826495,embedding_pca
esmc_PC3376,-0.010627436881008307,0.010285920705925667,0.010627436881008307,embedding_pca
esmc_PC3377,-0.011150134339165153,0.0115713350981919,0.011150134339165153,embedding_pca
esmc_PC3378,0.002961558702944321,0.006162404374995747,0.002961558702944321,embedding_pca
esmc_PC3379,-6.921415563663066e-05,0.013430708382639014,6.921415563663066e-05,embedding_pca
esmc_PC3380,-0.0002407151108800347,0.00706187573244823,0.0002407151108800347,embedding_pca
esmc_PC3381,-0.0012318641729149927,0.010873483990859592,0.0012318641729149927,embedding_pca
esmc_PC3382,-0.0021081704795773634,0.012946880080789334,0.0021081704795773634,embedding_pca
esmc_PC3383,-0.003549801520598047,0.015405246044477006,0.003549801520598047,embedding_pca
esmc_PC3384,-0.007176432179731043,0.013493981468983606,0.007176432179731043,embedding_pca
esmc_PC3385,0.0021207056201641428,0.018010670699133705,0.0021207056201641428,embedding_pca
esmc_PC3386,0.0014004028200887326,0.008980926312023761,0.0014004028200887326,embedding_pca
esmc_PC3387,0.00038360455677640613,0.008238634020753637,0.00038360455677640613,embedding_pca
esmc_PC3388,0.0038802959945743675,0.01214675810865949,0.0038802959945743675,embedding_pca
esmc_PC3389,0.01138854762221691,0.014112063585668468,0.01138854762221691,embedding_pca
esmc_PC3390,0.005850852530258267,0.013189382435088581,0.005850852530258267,embedding_pca
esmc_PC3391,0.002831948028948408,0.01993448057941432,0.002831948028948408,embedding_pca
esmc_PC3392,-0.0006082458401300731,0.008778442429510286,0.0006082458401300731,embedding_pca
esmc_PC3393,0.0009079102040673584,0.017947205559882353,0.0009079102040673584,embedding_pca
esmc_PC3394,-0.013021321592269874,0.007213146531505964,0.013021321592269874,embedding_pca
esmc_PC3395,0.0034464637510414806,0.009836065317275596,0.0034464637510414806,embedding_pca
esmc_PC3396,-0.0005803444736439615,0.00927720118445705,0.0005803444736439615,embedding_pca
esmc_PC3397,-0.0006553846325785104,0.011348454328869282,0.0006553846325785104,embedding_pca
esmc_PC3398,-0.003926842625709206,0.022303349107732122,0.003926842625709206,embedding_pca
esmc_PC3399,0.0022367700600357905,0.010845000126798118,0.0022367700600357905,embedding_pca
esmc_PC3400,-0.005457988112814767,0.02150095706047824,0.005457988112814767,embedding_pca
esmc_PC3401,0.00936415258822643,0.002166453441992849,0.00936415258822643,embedding_pca
esmc_PC3402,0.0037821270657982784,0.01630337645403682,0.0037821270657982784,embedding_pca
esmc_PC3403,-0.0010606043468823878,0.010684522935611172,0.0010606043468823878,embedding_pca
esmc_PC3404,0.0004932252780965659,0.02338189009429791,0.0004932252780965659,embedding_pca
esmc_PC3405,-0.004140949126876713,0.00967908249436555,0.004140949126876713,embedding_pca
esmc_PC3406,-0.0024200790412655525,0.011445090224065216,0.0024200790412655525,embedding_pca
esmc_PC3407,-0.0037126928440671123,0.012375408532692457,0.0037126928440671123,embedding_pca
esmc_PC3408,0.007128182163195435,0.01323251677300861,0.007128182163195435,embedding_pca
esmc_PC3409,0.004454580048949585,0.004468365578890305,0.004454580048949585,embedding_pca
esmc_PC3410,-0.004084900338160504,0.017935195813960907,0.004084900338160504,embedding_pca
esmc_PC3411,0.0031968027520997123,0.016378251716823385,0.0031968027520997123,embedding_pca
esmc_PC3412,-0.007893245759905423,0.010375625248760402,0.007893245759905423,embedding_pca
esmc_PC3413,0.00616624894141668,0.010381920291058276,0.00616624894141668,embedding_pca
esmc_PC3414,-0.01550256088214802,0.007826576086723849,0.01550256088214802,embedding_pca
esmc_PC3415,0.004502501064984362,0.008298532495441616,0.004502501064984362,embedding_pca
esmc_PC3416,0.01019403324641097,0.016520652231914262,0.01019403324641097,embedding_pca
esmc_PC3417,0.004168451446771743,0.011216761532953473,0.004168451446771743,embedding_pca
esmc_PC3418,-0.005523894625158975,0.01284804919876038,0.005523894625158975,embedding_pca
esmc_PC3419,0.010662529480030691,0.018307909598254454,0.010662529480030691,embedding_pca
esmc_PC3420,0.002167146447209013,0.01660649264486522,0.002167146447209013,embedding_pca
esmc_PC3421,0.0030636047263298293,0.008761170941338447,0.0030636047263298293,embedding_pca
esmc_PC3422,5.012447858492031e-06,0.021721351473589844,5.012447858492031e-06,embedding_pca
esmc_PC3423,0.005845536784930056,0.01921726536139876,0.005845536784930056,embedding_pca
esmc_PC3424,0.013792092260366401,0.023527916670797674,0.013792092260366401,embedding_pca
esmc_PC3425,-0.006857433620787279,0.012874459169003575,0.006857433620787279,embedding_pca
esmc_PC3426,-0.001084326014338597,0.01595912111431583,0.001084326014338597,embedding_pca
esmc_PC3427,-0.007083292489014251,0.01810590609101919,0.007083292489014251,embedding_pca
esmc_PC3428,0.011237183048694558,0.015667177924396623,0.011237183048694558,embedding_pca
esmc_PC3429,0.005376278125454169,0.013759613315456356,0.005376278125454169,embedding_pca
esmc_PC3430,0.004614692252713622,0.00892479300831322,0.004614692252713622,embedding_pca
esmc_PC3431,-0.010289228774988684,0.016422446489388617,0.010289228774988684,embedding_pca
esmc_PC3432,-0.0027976959238548964,0.010378891674913623,0.0027976959238548964,embedding_pca
esmc_PC3433,-0.01643956355096085,0.01574710307376624,0.01643956355096085,embedding_pca
esmc_PC3434,-0.0020542324243079998,0.010724179243488596,0.0020542324243079998,embedding_pca
esmc_PC3435,-0.008137688081936097,0.01672800228938249,0.008137688081936097,embedding_pca
esmc_PC3436,0.0032959250379765966,0.01653453791372364,0.0032959250379765966,embedding_pca
esmc_PC3437,0.00014014104798865074,0.01237081032853535,0.00014014104798865074,embedding_pca
esmc_PC3438,0.0028467089515032545,0.010079984219227945,0.0028467089515032545,embedding_pca
esmc_PC3439,-0.018308197835617424,0.01836602417980559,0.018308197835617424,embedding_pca
esmc_PC3440,0.004140053730451649,0.008463636095607005,0.004140053730451649,embedding_pca
esmc_PC3441,-0.013853276190535646,0.015907077091272235,0.013853276190535646,embedding_pca
esmc_PC3442,0.007331645785687896,0.0052714723588532155,0.007331645785687896,embedding_pca
esmc_PC3443,0.0012628363703974105,0.02114233349626105,0.0012628363703974105,embedding_pca
esmc_PC3444,-0.0066044684167163165,0.01423038005753852,0.0066044684167163165,embedding_pca
esmc_PC3445,-0.0012356834047105773,0.008601343574493117,0.0012356834047105773,embedding_pca
esmc_PC3446,-0.007015806687953113,0.011704042207831321,0.007015806687953113,embedding_pca
esmc_PC3447,-0.008348906474670448,0.011842140090187973,0.008348906474670448,embedding_pca
esmc_PC3448,0.00012282063084920886,0.017467791907129198,0.00012282063084920886,embedding_pca
esmc_PC3449,-0.008997487726970657,0.017610699569942365,0.008997487726970657,embedding_pca
esmc_PC3450,1.5754912180523765e-05,0.0044650264336803785,1.5754912180523765e-05,embedding_pca
esmc_PC3451,0.0032351766229182246,0.02272697917495254,0.0032351766229182246,embedding_pca
esmc_PC3452,0.0025471965102712587,0.007105466817411211,0.0025471965102712587,embedding_pca
esmc_PC3453,-9.153664049285984e-05,0.028440403196899194,9.153664049285984e-05,embedding_pca
esmc_PC3454,-0.003546514853336055,0.010209514470128937,0.003546514853336055,embedding_pca
esmc_PC3455,0.011283212194627098,0.006174301738491567,0.011283212194627098,embedding_pca
esmc_PC3456,0.00966605523865689,0.00867954779108068,0.00966605523865689,embedding_pca
