feature,weight_mean,weight_std,weight_abs_mean,feature_type
rel_distance_from_n_terminus,-5.9714041078474285,0.5909924336030056,5.9714041078474285,handcrafted
rel_distance_from_c_terminus,-5.955939830549302,0.5862988821210747,5.955939830549302,handcrafted
mean_rsa_peptide,-0.048028550671706347,0.02522811773019155,0.048028550671706347,handcrafted
mean_disorder_peptide,0.10593730374280821,0.0337954723288059,0.10593730374280821,handcrafted
mean_rsa_nflank,-0.08673331589450188,0.03247931607496374,0.08673331589450188,handcrafted
mean_disorder_nflank,-0.0036302979753116034,0.03795968732165744,0.0036302979753116034,handcrafted
mean_rsa_cflank,0.015000457360597325,0.02708082262622033,0.015000457360597325,handcrafted
mean_disorder_cflank,-0.006388550556811245,0.031441181501715564,0.006388550556811245,handcrafted
q8point_H_peptide,0.021427727071607686,0.0222631943020308,0.021427727071607686,handcrafted
q8point_G_peptide,0.020756325907664283,0.004753542270675511,0.020756325907664283,handcrafted
q8point_I_peptide,0.0508979454874612,0.016102805765202097,0.0508979454874612,handcrafted
q8point_E_peptide,0.02088831371682881,0.014355451699084512,0.02088831371682881,handcrafted
q8point_B_peptide,-0.017696084874811148,0.013498093604472957,0.017696084874811148,handcrafted
q8point_T_peptide,-0.0044085805970644236,0.004130373196596331,0.0044085805970644236,handcrafted
q8point_S_peptide,-0.014926799287243433,0.00822947437560527,0.014926799287243433,handcrafted
q8point_C_peptide,-0.07035095998767497,0.026922078235455574,0.07035095998767497,handcrafted
q8point_H_nflank,-0.010780151341410171,0.00949683017743961,0.010780151341410171,handcrafted
q8point_G_nflank,0.0030963640548529224,0.012979373874399612,0.0030963640548529224,handcrafted
q8point_I_nflank,-0.08712674318279799,0.11584125531441948,0.08712674318279799,handcrafted
q8point_E_nflank,-0.030048784062188284,0.01817361228978701,0.030048784062188284,handcrafted
q8point_B_nflank,0.0030444475353023455,0.0072834274597385834,0.0030444475353023455,handcrafted
q8point_T_nflank,-0.03718125913586294,0.009821711037435132,0.03718125913586294,handcrafted
q8point_S_nflank,-0.01787765410758233,0.011753297870468983,0.01787765410758233,handcrafted
q8point_C_nflank,0.04693318943053858,0.014451827288501565,0.04693318943053858,handcrafted
q8point_H_cflank,-0.032395646061958425,0.027561966157580473,0.032395646061958425,handcrafted
q8point_G_cflank,-0.013735338838004194,0.009631090702670665,0.013735338838004194,handcrafted
q8point_I_cflank,-0.0019758787007181445,0.008433636605410917,0.0019758787007181445,handcrafted
q8point_E_cflank,0.013398930278898723,0.01627799216774066,0.013398930278898723,handcrafted
q8point_B_cflank,0.006324536437486388,0.007804626481291817,0.006324536437486388,handcrafted
q8point_T_cflank,-0.019210192934505783,0.012073321202267867,0.019210192934505783,handcrafted
q8point_S_cflank,-0.023537295487118904,0.011895052624250625,0.023537295487118904,handcrafted
q8point_C_cflank,0.011850027088419604,0.018701015928795778,0.011850027088419604,handcrafted
q8trans_H_n_pep,0.018813313678856882,0.021145092970634514,0.018813313678856882,handcrafted
q8trans_G_n_pep,-0.027322092275390307,0.018959402393841245,0.027322092275390307,handcrafted
q8trans_I_n_pep,0.04082198323771716,0.09246376586231385,0.04082198323771716,handcrafted
q8trans_E_n_pep,0.013913860559092429,0.02609115212667165,0.013913860559092429,handcrafted
q8trans_B_n_pep,0.0,0.0,0.0,handcrafted
q8trans_T_n_pep,0.007749002530541749,0.0061602295554070196,0.007749002530541749,handcrafted
q8trans_S_n_pep,0.005326955612266366,0.00542950863029996,0.005326955612266366,handcrafted
q8trans_C_n_pep,0.02494540618963865,0.006734818872958646,0.02494540618963865,handcrafted
q8trans_H_pep_c,-0.0872249068110396,0.0231610001027653,0.0872249068110396,handcrafted
q8trans_G_pep_c,-0.003282160824364022,0.01237903772883628,0.003282160824364022,handcrafted
q8trans_I_pep_c,-0.044141658555480794,0.008109558467125027,0.044141658555480794,handcrafted
q8trans_E_pep_c,-0.008389627023368994,0.01812326865857019,0.008389627023368994,handcrafted
q8trans_B_pep_c,0.0,0.0,0.0,handcrafted
q8trans_T_pep_c,-0.008630468852507237,0.010037659143406395,0.008630468852507237,handcrafted
q8trans_S_pep_c,0.0017900983718228056,0.007228985584503691,0.0017900983718228056,handcrafted
q8trans_C_pep_c,0.005342315960840846,0.015529816568796881,0.005342315960840846,handcrafted
mean_plddt_peptide,0.00035341952534852705,0.025382839130257226,0.00035341952534852705,handcrafted
mean_plddt_nflank,-0.0038925089292728204,0.022167743418858705,0.0038925089292728204,handcrafted
mean_plddt_cflank,-0.018982126975353918,0.01656647418221397,0.018982126975353918,handcrafted
N10_A,0.04288194502264091,0.017106005092658305,0.04288194502264091,handcrafted
N10_C,-0.054430919944964705,0.08175473371901756,0.054430919944964705,handcrafted
N10_D,-0.01680859124233413,0.12772226713081722,0.01680859124233413,handcrafted
N10_E,-0.12331068111890187,0.09164537392169908,0.12331068111890187,handcrafted
N10_F,0.19949158652141147,0.11654781333834013,0.19949158652141147,handcrafted
N10_G,-0.024965001804912224,0.10437454496757971,0.024965001804912224,handcrafted
N10_H,-0.011729785875350349,0.060715911319335646,0.011729785875350349,handcrafted
N10_I,-0.2853225652870742,0.34500377128019794,0.2853225652870742,handcrafted
N10_K,0.04419867893083966,0.06340432047361144,0.04419867893083966,handcrafted
N10_L,0.008945566473330897,0.08616489524798666,0.008945566473330897,handcrafted
N10_M,-0.0840332257272374,0.07084355900462898,0.0840332257272374,handcrafted
N10_N,0.05150801366241975,0.010329166248516255,0.05150801366241975,handcrafted
N10_P,-0.031352582069438605,0.09988726778711672,0.031352582069438605,handcrafted
N10_Q,0.17724464605029908,0.049084002909534866,0.17724464605029908,handcrafted
N10_R,-0.06632793659892214,0.14833169379208846,0.06632793659892214,handcrafted
N10_S,-0.09550505653400239,0.0749556047788769,0.09550505653400239,handcrafted
N10_T,0.02881543846877659,0.054892315202563824,0.02881543846877659,handcrafted
N10_V,0.2092126384278526,0.23183186385053056,0.2092126384278526,handcrafted
N10_W,-0.039213869456496936,0.10606214050016563,0.039213869456496936,handcrafted
N10_Y,-0.08766687817102214,0.08369881018697908,0.08766687817102214,handcrafted
N9_A,-0.03222693354229499,0.018878273898694602,0.03222693354229499,handcrafted
N9_C,0.10244127082921484,0.0727142394065296,0.10244127082921484,handcrafted
N9_D,-0.12805180962102752,0.07887316306373754,0.12805180962102752,handcrafted
N9_E,0.2765109858767975,0.06801119162367343,0.2765109858767975,handcrafted
N9_F,-0.1516214057687067,0.051194264075089646,0.1516214057687067,handcrafted
N9_G,0.11445733145387933,0.07855863282335371,0.11445733145387933,handcrafted
N9_H,0.05234326238066426,0.04330829971899189,0.05234326238066426,handcrafted
N9_I,0.969786928457518,0.3522194061100048,0.969786928457518,handcrafted
N9_K,-0.17762540163327328,0.08875237207613115,0.17762540163327328,handcrafted
N9_L,0.1339912529898143,0.06395675456296401,0.1339912529898143,handcrafted
N9_M,-0.22907712349102766,0.06610780642441798,0.22907712349102766,handcrafted
N9_N,0.0247515571905376,0.01423310434673551,0.0247515571905376,handcrafted
N9_P,0.06921953595436843,0.08205434617333297,0.06921953595436843,handcrafted
N9_Q,-0.058050848842974026,0.017098473647050916,0.058050848842974026,handcrafted
N9_R,0.215745826553076,0.13920827546134182,0.215745826553076,handcrafted
N9_S,0.18765052380506742,0.06259706614209584,0.18765052380506742,handcrafted
N9_T,-0.053514885587743685,0.02665172130214889,0.053514885587743685,handcrafted
N9_V,-0.5929046779369816,0.21551133072777562,0.5929046779369816,handcrafted
N9_W,0.09911177438346477,0.06733624328443526,0.09911177438346477,handcrafted
N9_Y,0.04048097165653122,0.031721101839040415,0.04048097165653122,handcrafted
N8_A,0.005582112555367056,0.009421599332894435,0.005582112555367056,handcrafted
N8_C,-0.07030854820397403,0.027110608552748907,0.07030854820397403,handcrafted
N8_D,-0.21915912044575672,0.03162086483960856,0.21915912044575672,handcrafted
N8_E,0.14637729154595813,0.04331975713006732,0.14637729154595813,handcrafted
N8_F,-0.2517024732826692,0.03554895463407264,0.2517024732826692,handcrafted
N8_G,-0.06769831828006814,0.042918655515465406,0.06769831828006814,handcrafted
N8_H,-0.03820164128764535,0.0319011822213238,0.03820164128764535,handcrafted
N8_I,0.5193660865072772,0.18320797602640418,0.5193660865072772,handcrafted
N8_K,-0.13619611799910866,0.05365438414206548,0.13619611799910866,handcrafted
N8_L,-0.08412988452612029,0.01798830604649764,0.08412988452612029,handcrafted
N8_M,-0.039284820249116364,0.037809983172314335,0.039284820249116364,handcrafted
N8_N,-0.02520401343118909,0.03611621088920829,0.02520401343118909,handcrafted
N8_P,-0.09363266489392892,0.02710406408666397,0.09363266489392892,handcrafted
N8_Q,-0.08951556914930711,0.027692901729769258,0.08951556914930711,handcrafted
N8_R,0.028535068342567704,0.0860981365799502,0.028535068342567704,handcrafted
N8_S,0.08643415791929951,0.029206776017368978,0.08643415791929951,handcrafted
N8_T,0.04217252982093157,0.016336822664978896,0.04217252982093157,handcrafted
N8_V,-0.5104527186147743,0.08104902276372816,0.5104527186147743,handcrafted
N8_W,-0.020805717607679942,0.035975922120771234,0.020805717607679942,handcrafted
N8_Y,0.09490977360604105,0.04276361779699926,0.09490977360604105,handcrafted
N7_A,-0.0020261104950578058,0.017302085766120637,0.0020261104950578058,handcrafted
N7_C,0.06506616556473047,0.030490581309458694,0.06506616556473047,handcrafted
N7_D,0.0001451035810984736,0.051176051758822644,0.0001451035810984736,handcrafted
N7_E,0.005469953694371035,0.05381582010098527,0.005469953694371035,handcrafted
N7_F,0.07965803262436037,0.03550392702206712,0.07965803262436037,handcrafted
N7_G,0.07752929178316417,0.04409847350958447,0.07752929178316417,handcrafted
N7_H,-0.030364537964649142,0.02507322355323796,0.030364537964649142,handcrafted
N7_I,0.11051574546621916,0.1779660113068152,0.11051574546621916,handcrafted
N7_K,0.06601495908405378,0.060771757004451095,0.06601495908405378,handcrafted
N7_L,-0.04289771202276919,0.06574647605473824,0.04289771202276919,handcrafted
N7_M,0.026130344334562555,0.05036150557259007,0.026130344334562555,handcrafted
N7_N,-0.005536669844890446,0.016628552679437046,0.005536669844890446,handcrafted
N7_P,0.020278962738460735,0.0427027615616406,0.020278962738460735,handcrafted
N7_Q,0.0537392115356062,0.0231087002224094,0.0537392115356062,handcrafted
N7_R,-0.0016349651684289923,0.07836994700906073,0.0016349651684289923,handcrafted
N7_S,-0.0031233013727102557,0.03978864263532823,0.0031233013727102557,handcrafted
N7_T,0.006832833375513771,0.037306817069857647,0.006832833375513771,handcrafted
N7_V,-0.018407351516297993,0.13689017579026055,0.018407351516297993,handcrafted
N7_W,0.005316931139340452,0.04323428279577775,0.005316931139340452,handcrafted
N7_Y,-0.00846706656590347,0.0325589195635334,0.00846706656590347,handcrafted
N6_A,0.019880821269252395,0.0208369525929108,0.019880821269252395,handcrafted
N6_C,-0.024588557654973257,0.029228655760802018,0.024588557654973257,handcrafted
N6_D,-0.09974095830496028,0.017173815116831286,0.09974095830496028,handcrafted
N6_E,0.10051603385300237,0.06241661924813333,0.10051603385300237,handcrafted
N6_F,-0.001916681053602691,0.07653784490597153,0.001916681053602691,handcrafted
N6_G,0.04171832851393333,0.03645135132933807,0.04171832851393333,handcrafted
N6_H,0.013781657333993646,0.02526030431216272,0.013781657333993646,handcrafted
N6_I,0.1961496354029199,0.25684391513259053,0.1961496354029199,handcrafted
N6_K,-0.078535495518988,0.053533117569898606,0.078535495518988,handcrafted
N6_L,-0.054506669988462195,0.05442994806041437,0.054506669988462195,handcrafted
N6_M,0.027455251380807795,0.04399989547408369,0.027455251380807795,handcrafted
N6_N,0.04071263449357188,0.025633842118053467,0.04071263449357188,handcrafted
N6_P,0.004789959443662581,0.03282049675801204,0.004789959443662581,handcrafted
N6_Q,0.008480773723051232,0.044838578047349455,0.008480773723051232,handcrafted
N6_R,0.011006554950644686,0.07529730629363113,0.011006554950644686,handcrafted
N6_S,0.05768532262581553,0.05239869685753008,0.05768532262581553,handcrafted
N6_T,-0.014559078896448424,0.02343497709644718,0.014559078896448424,handcrafted
N6_V,-0.06615359113224095,0.17422616414540174,0.06615359113224095,handcrafted
N6_W,0.02517817554409325,0.0437646098704996,0.02517817554409325,handcrafted
N6_Y,0.01540879005157154,0.039508880192470966,0.01540879005157154,handcrafted
N5_A,0.028571822892808435,0.014263889380328612,0.028571822892808435,handcrafted
N5_C,-0.07894075936739224,0.05069252556161141,0.07894075936739224,handcrafted
N5_D,-0.03647265411592222,0.045893858679434844,0.03647265411592222,handcrafted
N5_E,-0.13955853512560848,0.10249719165821537,0.13955853512560848,handcrafted
N5_F,0.042174255718633494,0.10013999502759448,0.042174255718633494,handcrafted
N5_G,-0.05397781390328872,0.060472731950503275,0.05397781390328872,handcrafted
N5_H,-0.03411601299862952,0.0301437919359026,0.03411601299862952,handcrafted
N5_I,-0.40091659938388113,0.32859978930344275,0.40091659938388113,handcrafted
N5_K,0.10312341227182183,0.06172323254679278,0.10312341227182183,handcrafted
N5_L,0.03487817204425625,0.07172510067598763,0.03487817204425625,handcrafted
N5_M,0.04308960753682496,0.06016028373612476,0.04308960753682496,handcrafted
N5_N,0.048694870716929725,0.03861617630954147,0.048694870716929725,handcrafted
N5_P,-0.07051916449337514,0.0549415982053945,0.07051916449337514,handcrafted
N5_Q,0.08642875734234697,0.0411081433354325,0.08642875734234697,handcrafted
N5_R,-0.13823116730808077,0.0858638797057756,0.13823116730808077,handcrafted
N5_S,-0.07696436252041643,0.061999354283912116,0.07696436252041643,handcrafted
N5_T,0.03347726451872743,0.013595890434135564,0.03347726451872743,handcrafted
N5_V,0.2348462920619335,0.2133836428050978,0.2348462920619335,handcrafted
N5_W,-0.028165822915811954,0.05038697623371478,0.028165822915811954,handcrafted
N5_Y,-0.016801895299566934,0.03749578877053649,0.016801895299566934,handcrafted
N4_A,0.05092004673875326,0.020872505330931383,0.05092004673875326,aa_encoding
N4_C,0.12747389027609377,0.07743310240658084,0.12747389027609377,aa_encoding
N4_D,0.10343717180921111,0.08632154652712293,0.10343717180921111,aa_encoding
N4_E,0.011005433195011132,0.11092401602123882,0.011005433195011132,aa_encoding
N4_F,0.13287513439163562,0.04474346594695567,0.13287513439163562,aa_encoding
N4_G,0.12764803922595921,0.1021676397368419,0.12764803922595921,aa_encoding
N4_H,0.0691013574725586,0.04319153325363184,0.0691013574725586,aa_encoding
N4_I,0.09200787953332701,0.366027840039056,0.09200787953332701,aa_encoding
N4_K,-0.053807374513825265,0.0787324868814564,0.053807374513825265,aa_encoding
N4_L,0.11933360521151455,0.0843659386512579,0.11933360521151455,aa_encoding
N4_M,-0.07874687457079384,0.05233485613138107,0.07874687457079384,aa_encoding
N4_N,0.09508561427084808,0.04541973255567067,0.09508561427084808,aa_encoding
N4_P,0.0756512916879132,0.07095991033516884,0.0756512916879132,aa_encoding
N4_Q,0.0720512626439318,0.047514517488723824,0.0720512626439318,aa_encoding
N4_R,0.18599757158482375,0.15566315248309334,0.18599757158482375,aa_encoding
N4_S,-0.047814766309260834,0.055575400675547566,0.047814766309260834,aa_encoding
N4_T,-0.006861577311368347,0.028183618863300442,0.006861577311368347,aa_encoding
N4_V,0.1626763756665055,0.2083556755711048,0.1626763756665055,aa_encoding
N4_W,0.14353884771148268,0.07784829952094964,0.14353884771148268,aa_encoding
N4_Y,-0.09403670602442035,0.03876673337918241,0.09403670602442035,aa_encoding
N3_A,0.041202215595488347,0.02796097362411421,0.041202215595488347,aa_encoding
N3_C,-0.08991581827612927,0.09212517823764355,0.08991581827612927,aa_encoding
N3_D,-0.03161965105914648,0.11419797545588002,0.03161965105914648,aa_encoding
N3_E,-0.19789075910896078,0.12004006857431021,0.19789075910896078,aa_encoding
N3_F,0.0321346762600606,0.08497675996472875,0.0321346762600606,aa_encoding
N3_G,-0.1912863987715276,0.11743231152571626,0.1912863987715276,aa_encoding
N3_H,-0.014554602638725734,0.06578394408327243,0.014554602638725734,aa_encoding
N3_I,-0.7711772297578372,0.42147003177053227,0.7711772297578372,aa_encoding
N3_K,0.17919336810824946,0.08249250660531149,0.17919336810824946,aa_encoding
N3_L,0.049100596274066446,0.16495837580703507,0.049100596274066446,aa_encoding
N3_M,-0.01212297646361254,0.11045815470926507,0.01212297646361254,aa_encoding
N3_N,0.08480213687569206,0.032542362936045136,0.08480213687569206,aa_encoding
N3_P,-0.2289829559671226,0.11679173923710931,0.2289829559671226,aa_encoding
N3_Q,0.1635591289467836,0.04860029119817918,0.1635591289467836,aa_encoding
N3_R,-0.24075970740745153,0.17262360969820578,0.24075970740745153,aa_encoding
N3_S,-0.1442474584363881,0.09112243741800342,0.1442474584363881,aa_encoding
N3_T,0.09833227771360697,0.05085350641464786,0.09833227771360697,aa_encoding
N3_V,0.4734723181558415,0.2639631295639517,0.4734723181558415,aa_encoding
N3_W,-0.09966243060539608,0.10323487395115218,0.09966243060539608,aa_encoding
N3_Y,0.009835499774251875,0.04370620615562597,0.009835499774251875,aa_encoding
N2_A,0.06744443275427846,0.027209875227789376,0.06744443275427846,aa_encoding
N2_C,0.06976634540320063,0.056498800505640226,0.06976634540320063,aa_encoding
N2_D,0.2635733563071877,0.08707479995800313,0.2635733563071877,aa_encoding
N2_E,-0.16993247662330951,0.05825786034682448,0.16993247662330951,aa_encoding
N2_F,0.34226453900751796,0.09139507224829552,0.34226453900751796,aa_encoding
N2_G,0.12143029004737452,0.07139774794331749,0.12143029004737452,aa_encoding
N2_H,0.02150539328089784,0.04324014732241668,0.02150539328089784,aa_encoding
N2_I,-0.9788408334423799,0.2687221920534877,0.9788408334423799,aa_encoding
N2_K,0.1615531818702266,0.060812144394466465,0.1615531818702266,aa_encoding
N2_L,0.1273932940291488,0.05255267675257454,0.1273932940291488,aa_encoding
N2_M,0.17994058137789343,0.02742371474409221,0.17994058137789343,aa_encoding
N2_N,0.17341991975878446,0.028630319199630855,0.17341991975878446,aa_encoding
N2_P,-0.05281245723252259,0.046681589690006874,0.05281245723252259,aa_encoding
N2_Q,0.10013598773505025,0.03686283613968324,0.10013598773505025,aa_encoding
N2_R,0.030739424324067698,0.105744940938122,0.030739424324067698,aa_encoding
N2_S,-0.08511176043613057,0.046338080490560624,0.08511176043613057,aa_encoding
N2_T,-0.01741529124479316,0.03401463145384449,0.01741529124479316,aa_encoding
N2_V,0.8167403217065464,0.2128267072620767,0.8167403217065464,aa_encoding
N2_W,0.0417639209578376,0.04471318185830849,0.0417639209578376,aa_encoding
N2_Y,-0.1455709211418082,0.07334601879392282,0.1455709211418082,aa_encoding
N1_A,0.17115137144879372,0.03240182197527237,0.17115137144879372,aa_encoding
N1_C,0.07507102755735316,0.11049821178817688,0.07507102755735316,aa_encoding
N1_D,0.20898263908153117,0.11217023959752584,0.20898263908153117,aa_encoding
N1_E,-0.08747604648212537,0.109094259453339,0.08747604648212537,aa_encoding
N1_F,0.06505777958407526,0.09581904454943395,0.06505777958407526,aa_encoding
N1_G,0.09431775997597187,0.1644761846704004,0.09431775997597187,aa_encoding
N1_H,0.008019195158225892,0.07229869353256307,0.008019195158225892,aa_encoding
N1_I,-0.351397053710908,0.30014333598440873,0.351397053710908,aa_encoding
N1_K,0.020072759363206828,0.06347669676868657,0.020072759363206828,aa_encoding
N1_L,0.1713699882560967,0.15929218114428123,0.1713699882560967,aa_encoding
N1_M,0.00812859208583121,0.0934429965961278,0.00812859208583121,aa_encoding
N1_N,0.022493147024927846,0.02522900937801506,0.022493147024927846,aa_encoding
N1_P,-0.18738832996311286,0.1436110786794331,0.18738832996311286,aa_encoding
N1_Q,-0.06916743748234985,0.06087449055464185,0.06916743748234985,aa_encoding
N1_R,0.0878999199025043,0.2045081143551012,0.0878999199025043,aa_encoding
N1_S,-0.016447154257079828,0.07476579693559145,0.016447154257079828,aa_encoding
N1_T,-0.02012897124780743,0.06726231602186183,0.02012897124780743,aa_encoding
N1_V,0.15932948706321223,0.18654337646185,0.15932948706321223,aa_encoding
N1_W,0.02134259800785874,0.11738063665970225,0.02134259800785874,aa_encoding
N1_Y,-0.007834131147112641,0.060753118935049644,0.007834131147112641,aa_encoding
P1_A,0.12963311558183543,0.021193197881848563,0.12963311558183543,aa_encoding
P1_C,-0.1921501082574929,0.008471825776848636,0.1921501082574929,aa_encoding
P1_D,-0.5007367172853442,0.09700462785895275,0.5007367172853442,aa_encoding
P1_E,-0.005682325254853887,0.07210303065316566,0.005682325254853887,aa_encoding
P1_F,-0.21764944805037714,0.20207511883447915,0.21764944805037714,aa_encoding
P1_G,-0.08129694056583163,0.0902939963338385,0.08129694056583163,aa_encoding
P1_H,0.070333279956755,0.045184093787455464,0.070333279956755,aa_encoding
P1_I,0.3465587980166009,0.18616638468948704,0.3465587980166009,aa_encoding
P1_K,0.09611095377852794,0.08379792254048626,0.09611095377852794,aa_encoding
P1_L,0.28623137761292466,0.09050901328577281,0.28623137761292466,aa_encoding
P1_M,-0.49055771521430075,0.039765393937202034,0.49055771521430075,aa_encoding
P1_N,0.164622746309072,0.03939543990070974,0.164622746309072,aa_encoding
P1_P,-0.17017994285607668,0.038351470221536316,0.17017994285607668,aa_encoding
P1_Q,0.18323815713134803,0.05372607341388749,0.18323815713134803,aa_encoding
P1_R,-0.2734475887494089,0.05482846114570845,0.2734475887494089,aa_encoding
P1_S,0.21445609440183583,0.0370318949211348,0.21445609440183583,aa_encoding
P1_T,0.1634598049055661,0.029678657007741256,0.1634598049055661,aa_encoding
P1_V,-0.3239665956085438,0.25743890185625357,0.3239665956085438,aa_encoding
P1_W,-0.1289268623614621,0.04072488412800756,0.1289268623614621,aa_encoding
P1_Y,0.23213034537440008,0.10592675091894649,0.23213034537440008,aa_encoding
P2_A,-0.14117392918993335,0.06192950320405923,0.14117392918993335,aa_encoding
P2_C,0.2547086556608132,0.07774666489682856,0.2547086556608132,aa_encoding
P2_D,0.5898635403507081,0.19811164138135812,0.5898635403507081,aa_encoding
P2_E,0.11648503399514613,0.35982694126485665,0.11648503399514613,aa_encoding
P2_F,-0.5917417079581218,0.18692719465283575,0.5917417079581218,aa_encoding
P2_G,-0.16074990543002488,0.04490988640271928,0.16074990543002488,aa_encoding
P2_H,0.6567002204082685,0.18899854318718984,0.6567002204082685,aa_encoding
P2_I,-0.1635946520619072,0.07179222646782804,0.1635946520619072,aa_encoding
P2_K,-0.8578597555645453,0.19289789906222882,0.8578597555645453,aa_encoding
P2_L,0.08597109439845485,0.09456161188875216,0.08597109439845485,aa_encoding
P2_M,-0.17873671471303504,0.1193021888725738,0.17873671471303504,aa_encoding
P2_N,-0.6184573519431973,0.20177136710996235,0.6184573519431973,aa_encoding
P2_P,0.6460403096467034,0.16411835878024258,0.6460403096467034,aa_encoding
P2_Q,0.06769184454984545,0.24059280620829518,0.06769184454984545,aa_encoding
P2_R,-1.0647289201158316,0.2545729499691263,1.0647289201158316,aa_encoding
P2_S,-0.0886514026846589,0.05185466381902613,0.0886514026846589,aa_encoding
P2_T,0.015242658101250339,0.06711225602169626,0.015242658101250339,aa_encoding
P2_V,-0.26624285816721177,0.07753067606411217,0.26624285816721177,aa_encoding
P2_W,0.36483789327402305,0.06359111488748398,0.36483789327402305,aa_encoding
P2_Y,0.14278814350291724,0.05976439138590028,0.14278814350291724,aa_encoding
P3_A,0.23744552365042634,0.02280781104088368,0.23744552365042634,aa_encoding
P3_C,-0.10157941494177605,0.014731650393055826,0.10157941494177605,aa_encoding
P3_D,-0.2178223358703913,0.03291979799709312,0.2178223358703913,aa_encoding
P3_E,-0.23789168789339654,0.030228872296191943,0.23789168789339654,aa_encoding
P3_F,-0.4209744094544858,0.05412923930929741,0.4209744094544858,aa_encoding
P3_G,-0.4083468928682953,0.01928004997886207,0.4083468928682953,aa_encoding
P3_H,0.11574158053238519,0.016080646612036082,0.11574158053238519,aa_encoding
P3_I,0.8718260563661804,0.020925107398934065,0.8718260563661804,aa_encoding
P3_K,-0.3663823059361221,0.03682848345897599,0.3663823059361221,aa_encoding
P3_L,-0.3915407395592766,0.05715835006250096,0.3915407395592766,aa_encoding
P3_M,0.03805877474385571,0.02898007761652816,0.03805877474385571,aa_encoding
P3_N,-0.2543092238096906,0.01611384754193506,0.2543092238096906,aa_encoding
P3_P,-0.3748962448700569,0.005677967175021467,0.3748962448700569,aa_encoding
P3_Q,0.18642920648688316,0.01611202432407299,0.18642920648688316,aa_encoding
P3_R,-0.06677383918345993,0.03212004065399119,0.06677383918345993,aa_encoding
P3_S,0.024507644943177247,0.026795108241856182,0.024507644943177247,aa_encoding
P3_T,0.2548292283213511,0.02324964935923017,0.2548292283213511,aa_encoding
P3_V,-1.2703374159146328,0.042552725535740285,1.2703374159146328,aa_encoding
P3_W,-0.13772668250844342,0.019048818857450654,0.13772668250844342,aa_encoding
P3_Y,0.040470381411081946,0.039859741955342476,0.040470381411081946,aa_encoding
P4_A,-0.10681785741151135,0.008775294766062144,0.10681785741151135,aa_encoding
P4_C,-0.06676103295992442,0.02156949483894073,0.06676103295992442,aa_encoding
P4_D,-0.4594439614269996,0.09908501094588432,0.4594439614269996,aa_encoding
P4_E,0.25527021452255705,0.08088938667212185,0.25527021452255705,aa_encoding
P4_F,-0.3142743534139662,0.10282807116254522,0.3142743534139662,aa_encoding
P4_G,-0.2791177155044454,0.03609803095520553,0.2791177155044454,aa_encoding
P4_H,0.15467070357317442,0.028945371559917686,0.15467070357317442,aa_encoding
P4_I,0.7742793654760881,0.1192287040720071,0.7742793654760881,aa_encoding
P4_K,-0.13134661991541083,0.05636777860731571,0.13134661991541083,aa_encoding
P4_L,-0.22115743469324337,0.06327530013878467,0.22115743469324337,aa_encoding
P4_M,-0.16468830487980077,0.04882646497831609,0.16468830487980077,aa_encoding
P4_N,-0.15459937154134498,0.027548538005936613,0.15459937154134498,aa_encoding
P4_P,-0.39759381589441806,0.06014381362336292,0.39759381589441806,aa_encoding
P4_Q,-0.08358342301896424,0.030246902172594643,0.08358342301896424,aa_encoding
P4_R,-0.10892670909827215,0.027589598693158076,0.10892670909827215,aa_encoding
P4_S,0.21591693616889804,0.041363593608544094,0.21591693616889804,aa_encoding
P4_T,0.06938942235674142,0.02752847477138259,0.06938942235674142,aa_encoding
P4_V,-0.7024332449407693,0.13605658154536257,0.7024332449407693,aa_encoding
P4_W,-0.020409429494376453,0.014545513253990526,0.020409429494376453,aa_encoding
P4_Y,-0.00150743903211644,0.0788824918178282,0.00150743903211644,aa_encoding
P5_A,-0.024875308905302772,0.008296687582298446,0.024875308905302772,aa_encoding
P5_C,-0.08233912294864268,0.015170473854265128,0.08233912294864268,aa_encoding
P5_D,-0.09638566722878435,0.05709913320313296,0.09638566722878435,aa_encoding
P5_E,-0.11155845966630218,0.040726304633470566,0.11155845966630218,aa_encoding
P5_F,0.12774239297005113,0.06862336816541346,0.12774239297005113,aa_encoding
P5_G,-0.03437628167138894,0.03555977387239639,0.03437628167138894,aa_encoding
P5_H,0.2406604883935528,0.030197372224553445,0.2406604883935528,aa_encoding
P5_I,0.14265130794648914,0.08203030793579168,0.14265130794648914,aa_encoding
P5_K,0.13558024611448038,0.04697902931091443,0.13558024611448038,aa_encoding
P5_L,-0.12000323538555772,0.04220273796110142,0.12000323538555772,aa_encoding
P5_M,-0.20079354304600186,0.027937188613766557,0.20079354304600186,aa_encoding
P5_N,0.025555010666307377,0.01862749267187424,0.025555010666307377,aa_encoding
P5_P,-0.2889768339006131,0.03256099616520578,0.2889768339006131,aa_encoding
P5_Q,0.09758101219021634,0.018738394145074885,0.09758101219021634,aa_encoding
P5_R,-0.0015500398983308262,0.0296374999733005,0.0015500398983308262,aa_encoding
P5_S,0.07729990806899832,0.037195386277543034,0.07729990806899832,aa_encoding
P5_T,0.06567107397020559,0.03165294446636594,0.06567107397020559,aa_encoding
P5_V,0.020032730767697,0.1263361344996891,0.020032730767697,aa_encoding
P5_W,-0.009123576329445734,0.020871006437018173,0.009123576329445734,aa_encoding
P5_Y,-0.14004193312401247,0.0472376459655328,0.14004193312401247,aa_encoding
P6_A,-0.10274985865429316,0.020661051252102658,0.10274985865429316,aa_encoding
P6_C,-0.13250302873726547,0.01187067413164765,0.13250302873726547,aa_encoding
P6_D,-0.6394859189018698,0.04299878975059876,0.6394859189018698,aa_encoding
P6_E,0.15710336797551355,0.026481627227074356,0.15710336797551355,aa_encoding
P6_F,-0.5787423693988888,0.04721811082285409,0.5787423693988888,aa_encoding
P6_G,-0.40069805479742976,0.021114856554568573,0.40069805479742976,aa_encoding
P6_H,-0.07273162391102903,0.012381779372828755,0.07273162391102903,aa_encoding
P6_I,0.3713596686532496,0.03817235765880269,0.3713596686532496,aa_encoding
P6_K,-0.3316418868339128,0.020119746065506334,0.3316418868339128,aa_encoding
P6_L,0.1749755045872929,0.02693090717757826,0.1749755045872929,aa_encoding
P6_M,-0.470855715799133,0.030011794216506724,0.470855715799133,aa_encoding
P6_N,0.20576601921221008,0.026371619600825933,0.20576601921221008,aa_encoding
P6_P,-0.3014160492613296,0.0405483030429026,0.3014160492613296,aa_encoding
P6_Q,0.1350211927926144,0.0169403748098757,0.1350211927926144,aa_encoding
P6_R,-0.13405407279995948,0.026739099161527894,0.13405407279995948,aa_encoding
P6_S,0.1903627777204035,0.045445021866184265,0.1903627777204035,aa_encoding
P6_T,0.04363651080463241,0.035165958238210365,0.04363651080463241,aa_encoding
P6_V,-0.46984802260152303,0.060933650876297846,0.46984802260152303,aa_encoding
P6_W,-0.1504162188458123,0.018312467623338404,0.1504162188458123,aa_encoding
P6_Y,0.16229974517324872,0.021585336577309808,0.16229974517324872,aa_encoding
P7_A,0.08177862751970696,0.012604419422980894,0.08177862751970696,aa_encoding
P7_C,-0.12738285991422196,0.014700767175178295,0.12738285991422196,aa_encoding
P7_D,-0.44463650305351693,0.09063345172924087,0.44463650305351693,aa_encoding
P7_E,-0.0068842174281370586,0.043892846379450214,0.0068842174281370586,aa_encoding
P7_F,-0.35040432324847026,0.09242748375632259,0.35040432324847026,aa_encoding
P7_G,-0.38673030577949435,0.020101390813202374,0.38673030577949435,aa_encoding
P7_H,0.2980394246131913,0.040583388000031015,0.2980394246131913,aa_encoding
P7_I,0.5157366232029983,0.12424061751855332,0.5157366232029983,aa_encoding
P7_K,-0.0154589073596622,0.04899318055898753,0.0154589073596622,aa_encoding
P7_L,-0.16663739446926687,0.04783057557397002,0.16663739446926687,aa_encoding
P7_M,-0.33174646075028486,0.03229420089103617,0.33174646075028486,aa_encoding
P7_N,-0.0006346775941272175,0.01676016264351835,0.0006346775941272175,aa_encoding
P7_P,-0.17205588782508174,0.06818064963976325,0.17205588782508174,aa_encoding
P7_Q,-0.02593673618975379,0.02138857024950352,0.02593673618975379,aa_encoding
P7_R,-0.22011052888358323,0.03577506502025092,0.22011052888358323,aa_encoding
P7_S,-0.009873827292995713,0.008440385412282267,0.009873827292995713,aa_encoding
P7_T,0.15864049882240733,0.03166499316789692,0.15864049882240733,aa_encoding
P7_V,-0.4855864779762678,0.16872864343764477,0.4855864779762678,aa_encoding
P7_W,-0.06700798437191158,0.03675281221428833,0.06700798437191158,aa_encoding
P7_Y,0.15438798511871568,0.05919521851427545,0.15438798511871568,aa_encoding
P8_A,-0.07442731183984334,0.02124599399937273,0.07442731183984334,aa_encoding
P8_C,0.10037925476973242,0.015039002361228621,0.10037925476973242,aa_encoding
P8_D,0.0809088198262922,0.05937031576705859,0.0809088198262922,aa_encoding
P8_E,-0.06696751138414339,0.034486334059254095,0.06696751138414339,aa_encoding
P8_F,0.5456460482514306,0.09621126468784919,0.5456460482514306,aa_encoding
P8_G,0.5079367096081849,0.05935179712440042,0.5079367096081849,aa_encoding
P8_H,0.2446228882951425,0.027670327995518502,0.2446228882951425,aa_encoding
P8_I,-0.9454727664592907,0.14678872982583396,0.9454727664592907,aa_encoding
P8_K,0.37816502677944586,0.052052252602462955,0.37816502677944586,aa_encoding
P8_L,0.6958985087261222,0.07594203592264535,0.6958985087261222,aa_encoding
P8_M,-0.3265999377367771,0.009744506291455029,0.3265999377367771,aa_encoding
P8_N,0.30942464981127926,0.031968329815049254,0.30942464981127926,aa_encoding
P8_P,0.12209226889746441,0.04454809091938021,0.12209226889746441,aa_encoding
P8_Q,0.2324864992740924,0.026804414769361254,0.2324864992740924,aa_encoding
P8_R,0.13991176985113382,0.0345050491769323,0.13991176985113382,aa_encoding
P8_S,-0.20912008978974814,0.016187888708908364,0.20912008978974814,aa_encoding
P8_T,0.02865086911614349,0.022041503328140578,0.02865086911614349,aa_encoding
P8_V,1.1033242031520463,0.19807492447288708,1.1033242031520463,aa_encoding
P8_W,0.10019704969083072,0.025099726431349202,0.10019704969083072,aa_encoding
P8_Y,-0.11280117340118308,0.05510768321910725,0.11280117340118308,aa_encoding
P9_A,-0.3979619318608747,0.20027760947467793,0.3979619318608747,aa_encoding
P9_C,-0.030769719830031163,0.09713690618174649,0.030769719830031163,aa_encoding
P9_D,-1.0047607282883229,0.12706609751839812,1.0047607282883229,aa_encoding
P9_E,-0.5307504680776576,0.14689104129076225,0.5307504680776576,aa_encoding
P9_F,-0.43749587740951557,0.23547213673796624,0.43749587740951557,aa_encoding
P9_G,-0.06099128762621777,0.24837240015833864,0.06099128762621777,aa_encoding
P9_H,0.6115680190869492,0.6175822969104112,0.6115680190869492,aa_encoding
P9_I,-0.005779834049793034,0.0782967522922456,0.005779834049793034,aa_encoding
P9_K,0.5030752356315599,0.26022774591931697,0.5030752356315599,aa_encoding
P9_L,-0.1891366191171824,0.1256461463584717,0.1891366191171824,aa_encoding
P9_M,-1.4900366000418006,0.19840686293013932,1.4900366000418006,aa_encoding
P9_N,-0.8102493401068298,0.14954478607087535,0.8102493401068298,aa_encoding
P9_P,-0.2432039257126733,0.1003090248931496,0.2432039257126733,aa_encoding
P9_Q,1.040531769361102,0.22356950087179392,1.040531769361102,aa_encoding
P9_R,-0.4571412909196109,0.24834692393894633,0.4571412909196109,aa_encoding
P9_S,0.4239230667255445,0.12508594318982533,0.4239230667255445,aa_encoding
P9_T,0.20224794190168782,0.07437590138576985,0.20224794190168782,aa_encoding
P9_V,0.8300445357098635,0.2039838740425253,0.8300445357098635,aa_encoding
P9_W,0.8176258847880465,0.09255930987762223,0.8176258847880465,aa_encoding
P9_Y,-0.43413066445247034,0.16590561561703127,0.43413066445247034,aa_encoding
C1_A,0.08457813062648867,0.028441110167484445,0.08457813062648867,aa_encoding
C1_C,0.5118699059903479,0.1160716843131636,0.5118699059903479,aa_encoding
C1_D,0.7662646231247338,0.12711096395419705,0.7662646231247338,aa_encoding
C1_E,-0.15013006975347895,0.0760064909890889,0.15013006975347895,aa_encoding
C1_F,0.6706058670890254,0.1031542425600152,0.6706058670890254,aa_encoding
C1_G,0.7167086204546523,0.15765640834474184,0.7167086204546523,aa_encoding
C1_H,0.41694932433742304,0.080519391840115,0.41694932433742304,aa_encoding
C1_I,-0.7910603673389249,0.29123276523656777,0.7910603673389249,aa_encoding
C1_K,0.2959038951381737,0.05987887877308305,0.2959038951381737,aa_encoding
C1_L,0.8219951336322302,0.16599534950041592,0.8219951336322302,aa_encoding
C1_M,-0.040996888759754144,0.08949290334313753,0.040996888759754144,aa_encoding
C1_N,0.10693535676962648,0.0282706989710177,0.10693535676962648,aa_encoding
C1_P,0.6064327018779959,0.13096166257238456,0.6064327018779959,aa_encoding
C1_Q,-0.09119083107483196,0.04201225661945849,0.09119083107483196,aa_encoding
C1_R,0.7713235933272797,0.19880223198303237,0.7713235933272797,aa_encoding
C1_S,0.20725034875646525,0.053154418864808345,0.20725034875646525,aa_encoding
C1_T,-0.3017837335949425,0.07008047757372937,0.3017837335949425,aa_encoding
C1_V,1.4053020039023527,0.22033382409795446,1.4053020039023527,aa_encoding
C1_W,0.4666095657507001,0.10888633538588254,0.4666095657507001,aa_encoding
C1_Y,-0.41573358967032553,0.07423234689502647,0.41573358967032553,aa_encoding
C2_A,0.04880522273989814,0.016998349823861787,0.04880522273989814,aa_encoding
C2_C,-0.06734253179869464,0.07799746801495153,0.06734253179869464,aa_encoding
C2_D,-0.15318128891952218,0.11648685588169892,0.15318128891952218,aa_encoding
C2_E,0.01308636835429001,0.11569935417012235,0.01308636835429001,aa_encoding
C2_F,-0.3167269267904893,0.12408913188148715,0.3167269267904893,aa_encoding
C2_G,-0.03816191389108846,0.09447836852526466,0.03816191389108846,aa_encoding
C2_H,-0.125913240531468,0.055546291805956695,0.125913240531468,aa_encoding
C2_I,0.23099662972390828,0.39098260536055973,0.23099662972390828,aa_encoding
C2_K,0.06076186434690164,0.06824875920365792,0.06076186434690164,aa_encoding
C2_L,-0.11796946797596095,0.11487661287130561,0.11796946797596095,aa_encoding
C2_M,0.2071769759136481,0.08227277120152997,0.2071769759136481,aa_encoding
C2_N,-0.08845068552483384,0.01346418262096344,0.08845068552483384,aa_encoding
C2_P,-0.27412990363640477,0.10387709265898559,0.27412990363640477,aa_encoding
C2_Q,-0.11447328615856864,0.05373274288740866,0.11447328615856864,aa_encoding
C2_R,-0.09582099027050378,0.15371478745001818,0.09582099027050378,aa_encoding
C2_S,-0.05019164528564758,0.05065998196280901,0.05019164528564758,aa_encoding
C2_T,0.16748779193176302,0.05029410775969026,0.16748779193176302,aa_encoding
C2_V,-0.5794222881992803,0.28676881192737336,0.5794222881992803,aa_encoding
C2_W,-0.07126834619663598,0.08574785288238121,0.07126834619663598,aa_encoding
C2_Y,0.13866004997454606,0.08504862452810465,0.13866004997454606,aa_encoding
C3_A,0.05545568779537742,0.016602965027211175,0.05545568779537742,aa_encoding
C3_C,-0.03018882023393482,0.04943925651625506,0.03018882023393482,aa_encoding
C3_D,0.08486806869909096,0.03418498769347008,0.08486806869909096,aa_encoding
C3_E,-0.06913616084510317,0.10328210006810416,0.06913616084510317,aa_encoding
C3_F,0.1324051027750239,0.09532094191279385,0.1324051027750239,aa_encoding
C3_G,0.042009602310838466,0.05832769639454861,0.042009602310838466,aa_encoding
C3_H,-6.465920734975844e-05,0.041431848794540885,6.465920734975844e-05,aa_encoding
C3_I,-0.35550144393228356,0.3050491074204587,0.35550144393228356,aa_encoding
C3_K,0.11032481736777407,0.08265728478283073,0.11032481736777407,aa_encoding
C3_L,-0.17261083124327414,0.05885487653175869,0.17261083124327414,aa_encoding
C3_M,0.1837110408932663,0.051669534819723334,0.1837110408932663,aa_encoding
C3_N,-0.07432534637464291,0.01663762276840119,0.07432534637464291,aa_encoding
C3_P,-0.11328001317951533,0.058411779699143955,0.11328001317951533,aa_encoding
C3_Q,0.012821030064346766,0.0534078697647361,0.012821030064346766,aa_encoding
C3_R,-0.0765629469719841,0.1065167323286777,0.0765629469719841,aa_encoding
C3_S,-0.08626861245402949,0.05529564245786641,0.08626861245402949,aa_encoding
C3_T,0.07207411039615556,0.02841803132078425,0.07207411039615556,aa_encoding
C3_V,0.15503627941697168,0.20458599049334042,0.15503627941697168,aa_encoding
C3_W,-0.02857781524440404,0.04942332640851273,0.02857781524440404,aa_encoding
C3_Y,-0.051113682406355276,0.07549159742320856,0.051113682406355276,aa_encoding
C4_A,0.03461297768419526,0.021142806414899157,0.03461297768419526,aa_encoding
C4_C,-0.14044881294877415,0.09564875968409663,0.14044881294877415,aa_encoding
C4_D,-0.004216296865118171,0.06575070941030946,0.004216296865118171,aa_encoding
C4_E,-0.24969677023710696,0.11679827743336423,0.24969677023710696,aa_encoding
C4_F,0.07805238273823563,0.05349817710994954,0.07805238273823563,aa_encoding
C4_G,-0.08004364196236413,0.12005740039239135,0.08004364196236413,aa_encoding
C4_H,-0.056775306822108164,0.06898074601885028,0.056775306822108164,aa_encoding
C4_I,-0.9593617614993442,0.3733680177689092,0.9593617614993442,aa_encoding
C4_K,0.19291631855594507,0.07342167323102888,0.19291631855594507,aa_encoding
C4_L,-0.26423402591779693,0.14111358552975117,0.26423402591779693,aa_encoding
C4_M,0.27697318910873114,0.09863016817550602,0.27697318910873114,aa_encoding
C4_N,-0.05164474980789965,0.02581278442519458,0.05164474980789965,aa_encoding
C4_P,-0.11705717396800627,0.10699181996123511,0.11705717396800627,aa_encoding
C4_Q,0.08126656358540368,0.05030483304228179,0.08126656358540368,aa_encoding
C4_R,-0.28897347298930104,0.16495795270448532,0.28897347298930104,aa_encoding
C4_S,-0.20195754282696848,0.07532115573168924,0.20195754282696848,aa_encoding
C4_T,0.09199364646705992,0.042501354940325455,0.09199364646705992,aa_encoding
C4_V,0.513973959984297,0.16229608675551274,0.513973959984297,aa_encoding
C4_W,-0.16550227254061245,0.10190366024998966,0.16550227254061245,aa_encoding
C4_Y,0.028873571861700132,0.04726747578331703,0.028873571861700132,aa_encoding
C5_A,0.00482723192761492,0.0197770703060927,0.00482723192761492,handcrafted
C5_C,0.08437919531985047,0.0346817389360103,0.08437919531985047,handcrafted
C5_D,-0.04248132732934362,0.03924789539055184,0.04248132732934362,handcrafted
C5_E,0.26051991958960097,0.047520662603794506,0.26051991958960097,handcrafted
C5_F,-0.13555803970631988,0.025692230440048636,0.13555803970631988,handcrafted
C5_G,0.14272244405588858,0.0681427693007292,0.14272244405588858,handcrafted
C5_H,0.08481180604499042,0.03305694213808953,0.08481180604499042,handcrafted
C5_I,0.9003422798148486,0.15633904619142805,0.9003422798148486,handcrafted
C5_K,-0.18532963077007983,0.023616654415217743,0.18532963077007983,handcrafted
C5_L,-0.10416199511168425,0.09686459009256729,0.10416199511168425,handcrafted
C5_M,-0.003016568652873608,0.04108076798432312,0.003016568652873608,handcrafted
C5_N,-0.08391692584582518,0.021747627344233977,0.08391692584582518,handcrafted
C5_P,0.07019165749446903,0.058068843312730115,0.07019165749446903,handcrafted
C5_Q,-0.11697333292066159,0.026980693440845308,0.11697333292066159,handcrafted
C5_R,0.2620050041087631,0.0631336297287528,0.2620050041087631,handcrafted
C5_S,0.0916286287906383,0.024887752912717706,0.0916286287906383,handcrafted
C5_T,0.02031149415340575,0.032027584172964293,0.02031149415340575,handcrafted
C5_V,-0.5897617783930329,0.14734581270335217,0.5897617783930329,handcrafted
C5_W,0.0745256045194562,0.03133484525694101,0.0745256045194562,handcrafted
C5_Y,0.028551703643512755,0.016594742416597034,0.028551703643512755,handcrafted
C6_A,0.0040806815898293755,0.010844651543897348,0.0040806815898293755,handcrafted
C6_C,0.07186186627116957,0.06092836775088239,0.07186186627116957,handcrafted
C6_D,0.055542059828822356,0.09510424106783827,0.055542059828822356,handcrafted
C6_E,0.10454795363476425,0.07949370932824293,0.10454795363476425,handcrafted
C6_F,-0.06009978150885935,0.10171714792877752,0.06009978150885935,handcrafted
C6_G,0.15882888617468738,0.08071424345484547,0.15882888617468738,handcrafted
C6_H,0.04574273278112036,0.035223970136443745,0.04574273278112036,handcrafted
C6_I,0.24850318508012945,0.37437691603345624,0.24850318508012945,handcrafted
C6_K,0.04827161369372619,0.08762982317924825,0.04827161369372619,handcrafted
C6_L,0.005360057278808415,0.0778702111785926,0.005360057278808415,handcrafted
C6_M,0.03779115720416034,0.06466419289713184,0.03779115720416034,handcrafted
C6_N,-0.047165204239154185,0.02782818194996737,0.047165204239154185,handcrafted
C6_P,0.039613333707862866,0.08417505708790549,0.039613333707862866,handcrafted
C6_Q,-0.09710330614340826,0.027366599186038575,0.09710330614340826,handcrafted
C6_R,0.06613826974205542,0.1287852763745976,0.06613826974205542,handcrafted
C6_S,0.0035011330974070607,0.038754481475837224,0.0035011330974070607,handcrafted
C6_T,0.04700837406825572,0.04791942394253911,0.04700837406825572,handcrafted
C6_V,-0.12214073813938602,0.299152621505921,0.12214073813938602,handcrafted
C6_W,0.06744876327881681,0.06951401923382032,0.06744876327881681,handcrafted
C6_Y,0.0693214415538108,0.06976953112973046,0.0693214415538108,handcrafted
C7_A,0.012778328025772964,0.01454897490665532,0.012778328025772964,handcrafted
C7_C,-0.09837719613495215,0.05743570828418294,0.09837719613495215,handcrafted
C7_D,0.023109167771294147,0.08336564226905625,0.023109167771294147,handcrafted
C7_E,-0.10491705521914865,0.09821479197367071,0.10491705521914865,handcrafted
C7_F,0.05523180685420118,0.0865662020180754,0.05523180685420118,handcrafted
C7_G,-0.034495948627922865,0.05578764278342107,0.034495948627922865,handcrafted
C7_H,-0.07905285876805472,0.053716290992223234,0.07905285876805472,handcrafted
C7_I,-0.5376777349371269,0.4483191158000238,0.5376777349371269,handcrafted
C7_K,0.1402426188297417,0.0730247519020041,0.1402426188297417,handcrafted
C7_L,-0.10318419518102181,0.04745502690372624,0.10318419518102181,handcrafted
C7_M,0.05754222357722687,0.07307355353578562,0.05754222357722687,handcrafted
C7_N,-0.04734355283551714,0.02025269850497533,0.04734355283551714,handcrafted
C7_P,-0.11181835181682986,0.06447782835462273,0.11181835181682986,handcrafted
C7_Q,0.08666548188059857,0.03880430982724355,0.08666548188059857,handcrafted
C7_R,-0.23856884532229908,0.13312539136730708,0.23856884532229908,handcrafted
C7_S,-0.07780071039043093,0.0752077801383523,0.07780071039043093,handcrafted
C7_T,0.039091452072002875,0.03901548203545283,0.039091452072002875,handcrafted
C7_V,0.3451402181663849,0.2816318052014838,0.3451402181663849,handcrafted
C7_W,-0.09949242363471127,0.07085580694212042,0.09949242363471127,handcrafted
C7_Y,0.058877371272389435,0.062101238305960614,0.058877371272389435,handcrafted
C8_A,0.015696320136633836,0.011426715161010497,0.015696320136633836,handcrafted
C8_C,0.06758335312833035,0.07183842201048732,0.06758335312833035,handcrafted
C8_D,0.14405581964941602,0.08278174647970937,0.14405581964941602,handcrafted
C8_E,0.06077582760958222,0.05485160393979921,0.06077582760958222,handcrafted
C8_F,0.04928962898936175,0.08938248059405872,0.04928962898936175,handcrafted
C8_G,0.15422577712512903,0.09610120706080785,0.15422577712512903,handcrafted
C8_H,0.04220699809918867,0.03294308788366029,0.04220699809918867,handcrafted
C8_I,0.05836735852485013,0.1640178807245362,0.05836735852485013,handcrafted
C8_K,0.046537110720991634,0.052341791881612594,0.046537110720991634,handcrafted
C8_L,0.01856103522334121,0.13039011143080423,0.01856103522334121,handcrafted
C8_M,0.03368942553721039,0.08124664402142213,0.03368942553721039,handcrafted
C8_N,-0.01123797275066687,0.015586787325016586,0.01123797275066687,handcrafted
C8_P,0.06738515699987849,0.0917352646280791,0.06738515699987849,handcrafted
C8_Q,-0.06297739502144573,0.02898857356236111,0.06297739502144573,handcrafted
C8_R,0.1045389509193482,0.13482718729029797,0.1045389509193482,handcrafted
C8_S,-0.04407048105134571,0.06378302802541193,0.04407048105134571,handcrafted
C8_T,0.025442215810820012,0.04749471616655595,0.025442215810820012,handcrafted
C8_V,0.1002468872700329,0.034418656770341935,0.1002468872700329,handcrafted
C8_W,0.07554248560155383,0.07928415242787579,0.07554248560155383,handcrafted
C8_Y,-0.014893268729296801,0.059174863384059015,0.014893268729296801,handcrafted
C9_A,-0.004412386042471972,0.016827604671911706,0.004412386042471972,handcrafted
C9_C,-0.060446333718640874,0.04983075216998966,0.060446333718640874,handcrafted
C9_D,-0.04064908924709233,0.0791094444627187,0.04064908924709233,handcrafted
C9_E,0.019047223275454904,0.05911102713084773,0.019047223275454904,handcrafted
C9_F,0.013056390857934991,0.10308080943497866,0.013056390857934991,handcrafted
C9_G,0.03729659419001827,0.07837054191186513,0.03729659419001827,handcrafted
C9_H,-0.06624189193499573,0.0642383627135024,0.06624189193499573,handcrafted
C9_I,-0.3092970139572257,0.27708477838831286,0.3092970139572257,handcrafted
C9_K,0.09575007475220866,0.0587340669423567,0.09575007475220866,handcrafted
C9_L,-0.0416417619325178,0.066735363135636,0.0416417619325178,handcrafted
C9_M,0.0831568357766999,0.07183031898455595,0.0831568357766999,handcrafted
C9_N,0.04133497550999197,0.011539980134535652,0.04133497550999197,handcrafted
C9_P,-0.006765735535975581,0.08004527139206445,0.006765735535975581,handcrafted
C9_Q,-0.013068437861756632,0.01861423787643973,0.013068437861756632,handcrafted
C9_R,-0.10770117544222498,0.11495592912451331,0.10770117544222498,handcrafted
C9_S,-0.06606947696988621,0.03995022958853845,0.06606947696988621,handcrafted
C9_T,0.008302004425863683,0.033317932399969816,0.008302004425863683,handcrafted
C9_V,0.23700521780637818,0.1931699006208765,0.23700521780637818,handcrafted
C9_W,-0.027402425050619888,0.07706775294151014,0.027402425050619888,handcrafted
C9_Y,0.03382521754177096,0.0854594110455595,0.03382521754177096,handcrafted
C10_A,-0.014197709931753141,0.0283430248281284,0.014197709931753141,handcrafted
C10_C,-0.024260091955891534,0.05265714594759591,0.024260091955891534,handcrafted
C10_D,-0.07648993650145011,0.027610089101748923,0.07648993650145011,handcrafted
C10_E,0.07530277106057351,0.07454271110284173,0.07530277106057351,handcrafted
C10_F,-0.10956391689870382,0.022794654999784555,0.10956391689870382,handcrafted
C10_G,0.031484370573206515,0.07583659187078406,0.031484370573206515,handcrafted
C10_H,-0.032679082725774994,0.06033972696233168,0.032679082725774994,handcrafted
C10_I,0.10088585522745555,0.26040238969337237,0.10088585522745555,handcrafted
C10_K,0.01879482195118356,0.06049082419325294,0.01879482195118356,handcrafted
C10_L,-0.061852933076369056,0.054495944773583445,0.061852933076369056,handcrafted
C10_M,0.025411492191692808,0.06550096145171622,0.025411492191692808,handcrafted
C10_N,-0.08182734118572672,0.02508707220728817,0.08182734118572672,handcrafted
C10_P,-0.07773504698593325,0.06568058474085577,0.07773504698593325,handcrafted
C10_Q,-0.03390675489123908,0.0392619203493186,0.03390675489123908,handcrafted
C10_R,-0.055836973414992684,0.1116157547610701,0.055836973414992684,handcrafted
C10_S,-0.038135898044588806,0.04529827688701659,0.038135898044588806,handcrafted
C10_T,0.06369761559159695,0.02752376129694079,0.06369761559159695,handcrafted
C10_V,-0.17769622353955233,0.12586795547616755,0.17769622353955233,handcrafted
C10_W,-0.06086999183277438,0.062172627700461225,0.06086999183277438,handcrafted
C10_Y,0.06895970170215575,0.05049987411720854,0.06895970170215575,handcrafted
esmc_PC001,-0.2948321376216841,0.026190307500285216,0.2948321376216841,embedding_pca
esmc_PC002,-0.05524115393761782,0.015763040874322964,0.05524115393761782,embedding_pca
esmc_PC003,-0.17966209376076864,0.0156191361009621,0.17966209376076864,embedding_pca
esmc_PC004,-0.0086619509584181,0.027755111027158,0.0086619509584181,embedding_pca
esmc_PC005,-0.06393875576337665,0.014443500788570936,0.06393875576337665,embedding_pca
esmc_PC006,0.04741885668800285,0.040661407200722845,0.04741885668800285,embedding_pca
esmc_PC007,-0.07735138746896311,0.015998370241520534,0.07735138746896311,embedding_pca
esmc_PC008,0.013023503157273525,0.027357758864862976,0.013023503157273525,embedding_pca
esmc_PC009,-0.03527626685259079,0.02469007422686911,0.03527626685259079,embedding_pca
esmc_PC010,-0.10647070642679304,0.015976007424197566,0.10647070642679304,embedding_pca
esmc_PC011,0.1460284189663163,0.010099433566214733,0.1460284189663163,embedding_pca
esmc_PC012,0.059208746025515346,0.036939119666432554,0.059208746025515346,embedding_pca
esmc_PC013,-0.08091687479468679,0.1219199516723956,0.08091687479468679,embedding_pca
esmc_PC014,-0.03946721206341361,0.017355466936184828,0.03946721206341361,embedding_pca
esmc_PC015,0.10125807878261543,0.044823038857534254,0.10125807878261543,embedding_pca
esmc_PC016,-0.10035648344791963,0.15511567741117122,0.10035648344791963,embedding_pca
esmc_PC017,-0.0706882319603686,0.03484012765118399,0.0706882319603686,embedding_pca
esmc_PC018,0.1708180403137209,0.05925360040484295,0.1708180403137209,embedding_pca
esmc_PC019,0.27668776630802017,0.04047975244415447,0.27668776630802017,embedding_pca
esmc_PC020,0.017860226878314598,0.04197082930346208,0.017860226878314598,embedding_pca
esmc_PC021,-0.07674288203169084,0.025471030190014426,0.07674288203169084,embedding_pca
esmc_PC022,0.00272232681743019,0.012855730358684992,0.00272232681743019,embedding_pca
esmc_PC023,-0.028734317420927115,0.0324613139669014,0.028734317420927115,embedding_pca
esmc_PC024,0.0035337448947345335,0.02125677670818136,0.0035337448947345335,embedding_pca
esmc_PC025,-0.012211960657422168,0.017437752567639228,0.012211960657422168,embedding_pca
esmc_PC026,0.006899999196829154,0.016824429606703377,0.006899999196829154,embedding_pca
esmc_PC027,0.01448706359884662,0.03598676756260872,0.01448706359884662,embedding_pca
esmc_PC028,-0.044105168164799514,0.01605809857579343,0.044105168164799514,embedding_pca
esmc_PC029,0.008076705344604942,0.050899492276007166,0.008076705344604942,embedding_pca
esmc_PC030,-0.03497011179861228,0.06121368611720276,0.03497011179861228,embedding_pca
esmc_PC031,0.003310780421186594,0.07775978562863245,0.003310780421186594,embedding_pca
esmc_PC032,0.13989662078227513,0.020753490788750637,0.13989662078227513,embedding_pca
esmc_PC033,-0.006062801661609723,0.060314384857908764,0.006062801661609723,embedding_pca
esmc_PC034,0.059154484337440215,0.031775465090285886,0.059154484337440215,embedding_pca
esmc_PC035,-0.011191838929348486,0.01913944023719066,0.011191838929348486,embedding_pca
esmc_PC036,0.014462071920827773,0.08209646131397004,0.014462071920827773,embedding_pca
esmc_PC037,-0.0412270193968798,0.06933476496011667,0.0412270193968798,embedding_pca
esmc_PC038,-0.06860106483619258,0.017263772597199134,0.06860106483619258,embedding_pca
esmc_PC039,0.016751989172445185,0.05671443222582242,0.016751989172445185,embedding_pca
esmc_PC040,-0.01206141188536351,0.03279400328229322,0.01206141188536351,embedding_pca
esmc_PC041,-0.061894866237585035,0.021406365278892427,0.061894866237585035,embedding_pca
esmc_PC042,-0.03392357918685706,0.015144552753911043,0.03392357918685706,embedding_pca
esmc_PC043,-0.016365231979855524,0.023106485433825614,0.016365231979855524,embedding_pca
esmc_PC044,-0.03269523966586109,0.028586992717203604,0.03269523966586109,embedding_pca
esmc_PC045,0.06522325870484871,0.03019684457926182,0.06522325870484871,embedding_pca
esmc_PC046,-0.08592370991622553,0.11178151007972151,0.08592370991622553,embedding_pca
esmc_PC047,-0.05545556225948169,0.03557792226341642,0.05545556225948169,embedding_pca
esmc_PC048,-0.01565335245656168,0.03959653878209194,0.01565335245656168,embedding_pca
esmc_PC049,0.0052096924312552235,0.03773298121247274,0.0052096924312552235,embedding_pca
esmc_PC050,0.006467771964125851,0.07926221011918133,0.006467771964125851,embedding_pca
esmc_PC051,0.010743234318680326,0.028250898767014705,0.010743234318680326,embedding_pca
esmc_PC052,0.023284487211964584,0.026653401706280475,0.023284487211964584,embedding_pca
esmc_PC053,0.013374114602333658,0.0601279736158042,0.013374114602333658,embedding_pca
esmc_PC054,-0.030138493654760345,0.02456955467016402,0.030138493654760345,embedding_pca
esmc_PC055,-0.034203568345780186,0.0976794915027679,0.034203568345780186,embedding_pca
esmc_PC056,0.02194397518679845,0.017189027254704496,0.02194397518679845,embedding_pca
esmc_PC057,0.012996850939755491,0.026961644367838628,0.012996850939755491,embedding_pca
esmc_PC058,0.021085937723153977,0.02538849818575361,0.021085937723153977,embedding_pca
esmc_PC059,0.023667682918594234,0.06388007297297006,0.023667682918594234,embedding_pca
esmc_PC060,0.008488871010874269,0.04767298360265664,0.008488871010874269,embedding_pca
esmc_PC061,-0.01248894587837926,0.057041483414738185,0.01248894587837926,embedding_pca
esmc_PC062,0.020676479366671538,0.05395007557505374,0.020676479366671538,embedding_pca
esmc_PC063,-0.0244486328635955,0.03472162267518731,0.0244486328635955,embedding_pca
esmc_PC064,-0.05177328137290767,0.05323990985946424,0.05177328137290767,embedding_pca
esmc_PC065,0.005323776400209626,0.05226565295142176,0.005323776400209626,embedding_pca
esmc_PC066,-0.03716193150711981,0.0360085422274346,0.03716193150711981,embedding_pca
esmc_PC067,-0.07339348045635698,0.03863971229144135,0.07339348045635698,embedding_pca
esmc_PC068,0.017613964080344987,0.0726159485966139,0.017613964080344987,embedding_pca
esmc_PC069,-0.004743415137797816,0.025952084063107353,0.004743415137797816,embedding_pca
esmc_PC070,-0.0008391990257127557,0.01795585255921745,0.0008391990257127557,embedding_pca
esmc_PC071,0.026232883247109616,0.02171397908970255,0.026232883247109616,embedding_pca
esmc_PC072,-0.0006041780811388974,0.029671074268911017,0.0006041780811388974,embedding_pca
esmc_PC073,0.015579930870085218,0.03405709453008911,0.015579930870085218,embedding_pca
esmc_PC074,-0.00541315872545491,0.028912799466599994,0.00541315872545491,embedding_pca
esmc_PC075,-0.025204402002923433,0.031066459265986463,0.025204402002923433,embedding_pca
esmc_PC076,-0.015339792259450957,0.0749189094650101,0.015339792259450957,embedding_pca
esmc_PC077,0.012517610295553766,0.028350279413202534,0.012517610295553766,embedding_pca
esmc_PC078,0.018609617060369784,0.02143379646622722,0.018609617060369784,embedding_pca
esmc_PC079,0.028230877453968,0.05040172357497628,0.028230877453968,embedding_pca
esmc_PC080,-0.022073609544354618,0.013373142153685031,0.022073609544354618,embedding_pca
esmc_PC081,0.008376696161911473,0.030371944328855118,0.008376696161911473,embedding_pca
esmc_PC082,0.009581389918470885,0.0592142750565917,0.009581389918470885,embedding_pca
esmc_PC083,0.019064294797283082,0.03420310610256211,0.019064294797283082,embedding_pca
esmc_PC084,0.006998743930380647,0.04881151493591337,0.006998743930380647,embedding_pca
esmc_PC085,-0.03347942914717096,0.01857228106628187,0.03347942914717096,embedding_pca
esmc_PC086,0.004400169034388894,0.025155009706165934,0.004400169034388894,embedding_pca
esmc_PC087,-6.89506978484862e-05,0.022693681472760203,6.89506978484862e-05,embedding_pca
esmc_PC088,0.00867959308416894,0.025261403933977453,0.00867959308416894,embedding_pca
esmc_PC089,0.026551577330103528,0.028654762569327984,0.026551577330103528,embedding_pca
esmc_PC090,-0.0014156955537865292,0.0221295365220643,0.0014156955537865292,embedding_pca
esmc_PC091,0.021631967460036712,0.01809765132849878,0.021631967460036712,embedding_pca
esmc_PC092,-0.007528698181407478,0.016837523707528522,0.007528698181407478,embedding_pca
esmc_PC093,-0.01975104452372965,0.011750627504535474,0.01975104452372965,embedding_pca
esmc_PC094,-0.047572965215078256,0.04435326387641411,0.047572965215078256,embedding_pca
esmc_PC095,-0.0036209344181060477,0.06509410740132403,0.0036209344181060477,embedding_pca
esmc_PC096,-0.0344836700177464,0.03956847857467914,0.0344836700177464,embedding_pca
esmc_PC097,-0.012311165815505846,0.029217661962832348,0.012311165815505846,embedding_pca
esmc_PC098,-0.021900075455296285,0.025146294729289472,0.021900075455296285,embedding_pca
esmc_PC099,-0.00041743347540459106,0.015047445267832122,0.00041743347540459106,embedding_pca
esmc_PC100,-0.028502395536210246,0.013302056778903663,0.028502395536210246,embedding_pca
esmc_PC101,-0.007649152075172713,0.014162688997048322,0.007649152075172713,embedding_pca
esmc_PC102,-0.0017370772431789644,0.013223238290131063,0.0017370772431789644,embedding_pca
esmc_PC103,-0.02379331837404935,0.02603545640154425,0.02379331837404935,embedding_pca
esmc_PC104,-0.005747972072506652,0.02078120790972091,0.005747972072506652,embedding_pca
esmc_PC105,-0.03384537694355574,0.020712291710276897,0.03384537694355574,embedding_pca
esmc_PC106,0.003567537791159596,0.028613473292835027,0.003567537791159596,embedding_pca
esmc_PC107,-0.007344573118580703,0.018573585199005344,0.007344573118580703,embedding_pca
esmc_PC108,-0.01350339866895615,0.014230075127671327,0.01350339866895615,embedding_pca
esmc_PC109,-0.02131147841635328,0.03566285166187835,0.02131147841635328,embedding_pca
esmc_PC110,-0.020425474146769085,0.03602664406596211,0.020425474146769085,embedding_pca
esmc_PC111,0.01177109806470764,0.02324697241620176,0.01177109806470764,embedding_pca
esmc_PC112,-0.007036155504206878,0.013200643057293763,0.007036155504206878,embedding_pca
esmc_PC113,-0.0011095978939316977,0.03257245442308002,0.0011095978939316977,embedding_pca
esmc_PC114,-0.02593349761341804,0.015703280574935276,0.02593349761341804,embedding_pca
esmc_PC115,-0.022542758443094016,0.031546289329387134,0.022542758443094016,embedding_pca
esmc_PC116,0.013229197200563786,0.025856557408871175,0.013229197200563786,embedding_pca
esmc_PC117,-0.023913035486670377,0.05298600405227459,0.023913035486670377,embedding_pca
esmc_PC118,0.01766291469003085,0.03721970692105573,0.01766291469003085,embedding_pca
esmc_PC119,0.024991831705658503,0.04019322275598652,0.024991831705658503,embedding_pca
esmc_PC120,0.0045357307729828236,0.036762338019740465,0.0045357307729828236,embedding_pca
esmc_PC121,0.0054467988704815454,0.02054565326870414,0.0054467988704815454,embedding_pca
esmc_PC122,0.03911053418567458,0.053982207410466866,0.03911053418567458,embedding_pca
esmc_PC123,0.011408821262109344,0.022437519271330978,0.011408821262109344,embedding_pca
esmc_PC124,-0.019027198577499186,0.030772043438750556,0.019027198577499186,embedding_pca
esmc_PC125,0.004681466175850554,0.02512201329923764,0.004681466175850554,embedding_pca
esmc_PC126,-0.025504621387525607,0.017126275343733077,0.025504621387525607,embedding_pca
esmc_PC127,0.011099495178641658,0.020501176289278524,0.011099495178641658,embedding_pca
esmc_PC128,-0.005326763616543086,0.03709560238425414,0.005326763616543086,embedding_pca
esmc_PC129,0.0019093134118146882,0.040209666331819244,0.0019093134118146882,embedding_pca
esmc_PC130,-0.013600165434624232,0.04594211359406206,0.013600165434624232,embedding_pca
esmc_PC131,0.011299647747727815,0.028578633744133698,0.011299647747727815,embedding_pca
esmc_PC132,0.005043260965793347,0.018839555874264162,0.005043260965793347,embedding_pca
esmc_PC133,0.012909162878527766,0.026401794433452367,0.012909162878527766,embedding_pca
esmc_PC134,-0.0027885464334386637,0.03490048025824216,0.0027885464334386637,embedding_pca
esmc_PC135,0.006005661909549352,0.021040458568624586,0.006005661909549352,embedding_pca
esmc_PC136,-0.0027112161795263727,0.032683793444414105,0.0027112161795263727,embedding_pca
esmc_PC137,0.010002861920109993,0.0344973409476366,0.010002861920109993,embedding_pca
esmc_PC138,0.0466361197358182,0.02577791868589766,0.0466361197358182,embedding_pca
esmc_PC139,-0.016225652748431515,0.017919176229000616,0.016225652748431515,embedding_pca
esmc_PC140,-0.034704609046843415,0.03646521804609568,0.034704609046843415,embedding_pca
esmc_PC141,-0.019272591835419257,0.05750137098246522,0.019272591835419257,embedding_pca
esmc_PC142,0.006204595789717968,0.04621659404146528,0.006204595789717968,embedding_pca
esmc_PC143,0.008786897143654644,0.028715158964614358,0.008786897143654644,embedding_pca
esmc_PC144,0.0014958209366448386,0.0443721964261585,0.0014958209366448386,embedding_pca
esmc_PC145,-0.026560470000290205,0.026966306082127096,0.026560470000290205,embedding_pca
esmc_PC146,0.0015958774143574508,0.03418063429510193,0.0015958774143574508,embedding_pca
esmc_PC147,0.005276308851045791,0.023314569585984272,0.005276308851045791,embedding_pca
esmc_PC148,0.007900180792916246,0.05602313410856831,0.007900180792916246,embedding_pca
esmc_PC149,-0.012623280141454354,0.03621205347049055,0.012623280141454354,embedding_pca
esmc_PC150,-0.018677389645325566,0.011470486562208428,0.018677389645325566,embedding_pca
esmc_PC151,-0.02478823012668486,0.04067456975310104,0.02478823012668486,embedding_pca
esmc_PC152,-0.005730794526587547,0.025418137000655008,0.005730794526587547,embedding_pca
esmc_PC153,-0.00506009737107224,0.016542464725512705,0.00506009737107224,embedding_pca
esmc_PC154,-0.013739173270216684,0.016068890886127885,0.013739173270216684,embedding_pca
esmc_PC155,0.007199925028740187,0.019015153730411752,0.007199925028740187,embedding_pca
esmc_PC156,-0.00608514342908275,0.025189005482897722,0.00608514342908275,embedding_pca
esmc_PC157,0.012263201173557496,0.025309911854037706,0.012263201173557496,embedding_pca
esmc_PC158,0.0009554625130807418,0.019312737685735257,0.0009554625130807418,embedding_pca
esmc_PC159,0.0011028103949422816,0.016919907103536698,0.0011028103949422816,embedding_pca
esmc_PC160,-0.010632218789880438,0.014148788267332771,0.010632218789880438,embedding_pca
esmc_PC161,-0.01166102080972706,0.014065480842002856,0.01166102080972706,embedding_pca
esmc_PC162,0.010172832991101732,0.044450988380967706,0.010172832991101732,embedding_pca
esmc_PC163,0.01732753212638007,0.031797737524178075,0.01732753212638007,embedding_pca
esmc_PC164,-0.015939954483981895,0.02294568447984864,0.015939954483981895,embedding_pca
esmc_PC165,0.014898644770704262,0.04226815293631517,0.014898644770704262,embedding_pca
esmc_PC166,0.003765995320304254,0.028531131378305926,0.003765995320304254,embedding_pca
esmc_PC167,-0.003328288854994832,0.045768894320435606,0.003328288854994832,embedding_pca
esmc_PC168,-0.0025664604782628547,0.014125895671445399,0.0025664604782628547,embedding_pca
esmc_PC169,-0.016201758529511136,0.01829013161836774,0.016201758529511136,embedding_pca
esmc_PC170,0.012935973502809912,0.01345244375407036,0.012935973502809912,embedding_pca
esmc_PC171,-0.020956389280564026,0.015376575633050938,0.020956389280564026,embedding_pca
esmc_PC172,-0.00015986894552913467,0.02574678841120182,0.00015986894552913467,embedding_pca
esmc_PC173,-0.022756435145089342,0.019102108140464445,0.022756435145089342,embedding_pca
esmc_PC174,0.006827445175764444,0.038983571684029016,0.006827445175764444,embedding_pca
esmc_PC175,-0.018195043527488595,0.04203846546365438,0.018195043527488595,embedding_pca
esmc_PC176,0.010265455890649628,0.02891796669025609,0.010265455890649628,embedding_pca
esmc_PC177,-0.005786392827173028,0.018847522184520422,0.005786392827173028,embedding_pca
esmc_PC178,-0.01036263780352023,0.02367273766420237,0.01036263780352023,embedding_pca
esmc_PC179,0.003122883432479026,0.029907862775070418,0.003122883432479026,embedding_pca
esmc_PC180,0.0007076281542109361,0.034970666004677284,0.0007076281542109361,embedding_pca
esmc_PC181,-0.0038756480423444498,0.021982903604500406,0.0038756480423444498,embedding_pca
esmc_PC182,-0.01908070679903959,0.021240813573488754,0.01908070679903959,embedding_pca
esmc_PC183,-0.007378878302635103,0.018796687959343514,0.007378878302635103,embedding_pca
esmc_PC184,0.0007593746214523765,0.012883845045389685,0.0007593746214523765,embedding_pca
esmc_PC185,0.0008159511491723316,0.015273004054830902,0.0008159511491723316,embedding_pca
esmc_PC186,-0.004523283933226263,0.02106995119807492,0.004523283933226263,embedding_pca
esmc_PC187,-0.015262852262678974,0.02367976476044405,0.015262852262678974,embedding_pca
esmc_PC188,-0.004296374599020804,0.010352875117762278,0.004296374599020804,embedding_pca
esmc_PC189,0.020275078162301292,0.02826390804376378,0.020275078162301292,embedding_pca
esmc_PC190,-0.015997200863458485,0.014434476941508541,0.015997200863458485,embedding_pca
esmc_PC191,0.0032484886734183956,0.021460399001498313,0.0032484886734183956,embedding_pca
esmc_PC192,-0.0023877740722133083,0.028059776721023506,0.0023877740722133083,embedding_pca
esmc_PC193,0.011668391173869041,0.03322289648921476,0.011668391173869041,embedding_pca
esmc_PC194,-0.013399286586184944,0.01819223803472535,0.013399286586184944,embedding_pca
esmc_PC195,-0.0033036472613004173,0.019165940561979358,0.0033036472613004173,embedding_pca
esmc_PC196,-0.016745431398540758,0.023517754763510104,0.016745431398540758,embedding_pca
esmc_PC197,0.005812510864101455,0.02322562410131503,0.005812510864101455,embedding_pca
esmc_PC198,-0.0005132454780782076,0.01030002294660968,0.0005132454780782076,embedding_pca
esmc_PC199,0.012996807537615018,0.024475196623337456,0.012996807537615018,embedding_pca
esmc_PC200,-0.0007610663816585798,0.016783681686106593,0.0007610663816585798,embedding_pca
esmc_PC201,0.022066219215181145,0.01655079591583014,0.022066219215181145,embedding_pca
esmc_PC202,0.009439346266137372,0.030177642631505835,0.009439346266137372,embedding_pca
esmc_PC203,-0.0026182814099817917,0.024988729601225678,0.0026182814099817917,embedding_pca
esmc_PC204,-0.00369014312926086,0.027779543994921135,0.00369014312926086,embedding_pca
esmc_PC205,0.009000096144628817,0.014949619091839372,0.009000096144628817,embedding_pca
esmc_PC206,-0.05461846891591442,0.01932641619400627,0.05461846891591442,embedding_pca
esmc_PC207,-0.01734182123400791,0.015557133269170922,0.01734182123400791,embedding_pca
esmc_PC208,-0.004210446179694452,0.024274715922790294,0.004210446179694452,embedding_pca
esmc_PC209,-0.0013979142744311528,0.03728120692722251,0.0013979142744311528,embedding_pca
esmc_PC210,0.019416205415362885,0.024561877631537766,0.019416205415362885,embedding_pca
esmc_PC211,0.004505671453917035,0.01491562714214528,0.004505671453917035,embedding_pca
esmc_PC212,0.013518678875571375,0.026244012144257586,0.013518678875571375,embedding_pca
esmc_PC213,0.01597101796695946,0.005376031983490454,0.01597101796695946,embedding_pca
esmc_PC214,0.02237763255320063,0.020178581640367885,0.02237763255320063,embedding_pca
esmc_PC215,-0.011343440046294928,0.020619483990311226,0.011343440046294928,embedding_pca
esmc_PC216,0.0068871511403330145,0.01471360694948124,0.0068871511403330145,embedding_pca
esmc_PC217,0.00047653651930278063,0.010678958641779882,0.00047653651930278063,embedding_pca
esmc_PC218,0.002321058139781414,0.017455292890838386,0.002321058139781414,embedding_pca
esmc_PC219,-0.009638689311889038,0.010915283284653559,0.009638689311889038,embedding_pca
esmc_PC220,-0.005153051408624893,0.024186317837955003,0.005153051408624893,embedding_pca
esmc_PC221,-0.0021524690536928104,0.024189442840001758,0.0021524690536928104,embedding_pca
esmc_PC222,-0.019099032727600357,0.02494592509991711,0.019099032727600357,embedding_pca
esmc_PC223,-0.00939201101165813,0.041804888551584436,0.00939201101165813,embedding_pca
esmc_PC224,0.009911444988210673,0.016018843760113963,0.009911444988210673,embedding_pca
esmc_PC225,0.009647699138419475,0.024593489539338837,0.009647699138419475,embedding_pca
esmc_PC226,-0.010748774523521014,0.026476073839545807,0.010748774523521014,embedding_pca
esmc_PC227,-0.014441126840715673,0.027285022556026835,0.014441126840715673,embedding_pca
esmc_PC228,0.011295752475472395,0.03586944213401697,0.011295752475472395,embedding_pca
esmc_PC229,0.00170627852905485,0.029242797350081094,0.00170627852905485,embedding_pca
esmc_PC230,0.009539458541469464,0.015816325034334798,0.009539458541469464,embedding_pca
esmc_PC231,-0.012006052260695588,0.026010384296015827,0.012006052260695588,embedding_pca
esmc_PC232,-0.022800424684016347,0.019005770699511735,0.022800424684016347,embedding_pca
esmc_PC233,-0.0028364414221303453,0.008326698935410238,0.0028364414221303453,embedding_pca
esmc_PC234,-0.018936111799945338,0.014449859972437295,0.018936111799945338,embedding_pca
esmc_PC235,0.011636484359099173,0.008523765512828966,0.011636484359099173,embedding_pca
esmc_PC236,0.010055542671438038,0.01952417968950681,0.010055542671438038,embedding_pca
esmc_PC237,0.0018360766960124036,0.022709464527438324,0.0018360766960124036,embedding_pca
esmc_PC238,0.013631679533765572,0.015308271782554603,0.013631679533765572,embedding_pca
esmc_PC239,0.005355397053895971,0.016836362783789367,0.005355397053895971,embedding_pca
esmc_PC240,0.017017640581844268,0.008660004727849713,0.017017640581844268,embedding_pca
esmc_PC241,0.01335928819321176,0.02074529972054264,0.01335928819321176,embedding_pca
esmc_PC242,0.01182524729405878,0.01690730628387796,0.01182524729405878,embedding_pca
esmc_PC243,0.006979436190190483,0.025761929537764468,0.006979436190190483,embedding_pca
esmc_PC244,-0.019331121059655294,0.011128226340498548,0.019331121059655294,embedding_pca
esmc_PC245,0.014090994173121573,0.016389397202036582,0.014090994173121573,embedding_pca
esmc_PC246,-0.01585704685775406,0.016809494785812923,0.01585704685775406,embedding_pca
esmc_PC247,0.008941625180468205,0.008608277794982883,0.008941625180468205,embedding_pca
esmc_PC248,0.00589835107906716,0.014180715982387964,0.00589835107906716,embedding_pca
esmc_PC249,-0.004711929524077283,0.03353342389049135,0.004711929524077283,embedding_pca
esmc_PC250,-0.012004714981533158,0.011848126176624221,0.012004714981533158,embedding_pca
esmc_PC251,-0.008372278649379592,0.01667252361177401,0.008372278649379592,embedding_pca
esmc_PC252,0.013263520197687544,0.013623949268806914,0.013263520197687544,embedding_pca
esmc_PC253,0.015345142826458833,0.03252944470488991,0.015345142826458833,embedding_pca
esmc_PC254,-0.01327688686648205,0.020854269052157506,0.01327688686648205,embedding_pca
esmc_PC255,-0.008415305048021062,0.037331997137619324,0.008415305048021062,embedding_pca
esmc_PC256,-0.017489529606497863,0.021586799370292942,0.017489529606497863,embedding_pca
esmc_PC257,0.0051371864725814325,0.014617407137596225,0.0051371864725814325,embedding_pca
esmc_PC258,-0.037214689586784165,0.017102018088205044,0.037214689586784165,embedding_pca
esmc_PC259,0.01310879461997137,0.02906020171701997,0.01310879461997137,embedding_pca
esmc_PC260,-0.015110496082577748,0.028218719831691063,0.015110496082577748,embedding_pca
esmc_PC261,-0.007246697112478852,0.027039587625424993,0.007246697112478852,embedding_pca
esmc_PC262,-0.0025975006126368466,0.03302303315854817,0.0025975006126368466,embedding_pca
esmc_PC263,0.008355230067771576,0.03441140312626903,0.008355230067771576,embedding_pca
esmc_PC264,0.006795084165800996,0.01894252072773292,0.006795084165800996,embedding_pca
esmc_PC265,0.004186338951810011,0.02217504703062561,0.004186338951810011,embedding_pca
esmc_PC266,-0.0036401595476897356,0.022596860065273176,0.0036401595476897356,embedding_pca
esmc_PC267,0.0045997512244938575,0.025339824933774215,0.0045997512244938575,embedding_pca
esmc_PC268,-0.018175878228457336,0.0247892232467641,0.018175878228457336,embedding_pca
esmc_PC269,0.026808870672714417,0.01584322367526453,0.026808870672714417,embedding_pca
esmc_PC270,-0.003924695854894434,0.020543995231548616,0.003924695854894434,embedding_pca
esmc_PC271,-0.020032137618763317,0.017886779393684063,0.020032137618763317,embedding_pca
esmc_PC272,-0.014755991549632521,0.015674747716995032,0.014755991549632521,embedding_pca
esmc_PC273,0.003020182526877259,0.02111207457268246,0.003020182526877259,embedding_pca
esmc_PC274,-0.002868451089216442,0.022035368941864135,0.002868451089216442,embedding_pca
esmc_PC275,-0.006291905448072586,0.012222150120416204,0.006291905448072586,embedding_pca
esmc_PC276,-0.009292197470325374,0.01460764981913236,0.009292197470325374,embedding_pca
esmc_PC277,0.002546708890793252,0.030972179896413085,0.002546708890793252,embedding_pca
esmc_PC278,0.014132652459935053,0.018697946787536758,0.014132652459935053,embedding_pca
esmc_PC279,-0.0062563353460021775,0.012713781555919257,0.0062563353460021775,embedding_pca
esmc_PC280,-0.016170084079509737,0.02460742914000972,0.016170084079509737,embedding_pca
esmc_PC281,0.005127140338010888,0.008942684511542738,0.005127140338010888,embedding_pca
esmc_PC282,0.00036738231072930283,0.015714886344226547,0.00036738231072930283,embedding_pca
esmc_PC283,0.0032219999891323764,0.01639288458180993,0.0032219999891323764,embedding_pca
esmc_PC284,0.005232269953132344,0.0173268591299815,0.005232269953132344,embedding_pca
esmc_PC285,-0.004968230949455242,0.007000404919350776,0.004968230949455242,embedding_pca
esmc_PC286,-0.002354128708777635,0.011268961458198582,0.002354128708777635,embedding_pca
esmc_PC287,-0.018423047035415502,0.018920398937347108,0.018423047035415502,embedding_pca
esmc_PC288,-0.004986188532312713,0.02087989808395797,0.004986188532312713,embedding_pca
esmc_PC289,0.011155056185056644,0.012957689434633858,0.011155056185056644,embedding_pca
esmc_PC290,0.011634315313514464,0.021636479687355104,0.011634315313514464,embedding_pca
esmc_PC291,0.002092833906361914,0.0069916539904688645,0.002092833906361914,embedding_pca
esmc_PC292,-0.010944686040198083,0.016961074002749515,0.010944686040198083,embedding_pca
esmc_PC293,-0.007633230494370433,0.005428125664749288,0.007633230494370433,embedding_pca
esmc_PC294,-0.009629095383724489,0.011982846806029455,0.009629095383724489,embedding_pca
esmc_PC295,0.0042743016374405625,0.03229635485752575,0.0042743016374405625,embedding_pca
esmc_PC296,-0.008687068328478686,0.013930782846438474,0.008687068328478686,embedding_pca
esmc_PC297,-0.009296477986267183,0.025715640530881316,0.009296477986267183,embedding_pca
esmc_PC298,0.008763165086262233,0.005752284536589263,0.008763165086262233,embedding_pca
esmc_PC299,-0.011527775707767206,0.01000799188547744,0.011527775707767206,embedding_pca
esmc_PC300,-0.00044697085844688995,0.01329735417505484,0.00044697085844688995,embedding_pca
esmc_PC301,-0.020731996863571238,0.03030761894426565,0.020731996863571238,embedding_pca
esmc_PC302,-0.008529183263916941,0.014680975049545119,0.008529183263916941,embedding_pca
esmc_PC303,-0.01285100800508294,0.01923883898293382,0.01285100800508294,embedding_pca
esmc_PC304,0.011587883877780416,0.020551800204339325,0.011587883877780416,embedding_pca
esmc_PC305,-0.0023388067971400342,0.01866238951259173,0.0023388067971400342,embedding_pca
esmc_PC306,-0.0026399145274223408,0.03588986076284155,0.0026399145274223408,embedding_pca
esmc_PC307,-0.008102475128994643,0.01737355788944742,0.008102475128994643,embedding_pca
esmc_PC308,0.008293835063953685,0.01852164615234965,0.008293835063953685,embedding_pca
esmc_PC309,-0.021028101477918316,0.007390554706758364,0.021028101477918316,embedding_pca
esmc_PC310,8.142528508606439e-05,0.006976071341492467,8.142528508606439e-05,embedding_pca
esmc_PC311,0.008304514557258471,0.02387071405971901,0.008304514557258471,embedding_pca
esmc_PC312,-0.014454706673852166,0.011455702218582045,0.014454706673852166,embedding_pca
esmc_PC313,0.005973885636036744,0.013188021191890617,0.005973885636036744,embedding_pca
esmc_PC314,0.00668647487716041,0.025544326015924594,0.00668647487716041,embedding_pca
esmc_PC315,0.008774368682827013,0.006416340743152304,0.008774368682827013,embedding_pca
esmc_PC316,0.012347797568418068,0.018034355254232283,0.012347797568418068,embedding_pca
esmc_PC317,-0.003160850824464697,0.016261637267172516,0.003160850824464697,embedding_pca
esmc_PC318,0.004539136707552504,0.0066961801023054275,0.004539136707552504,embedding_pca
esmc_PC319,0.003876121267812958,0.021127893716186667,0.003876121267812958,embedding_pca
esmc_PC320,0.0014755899856548434,0.015066647672920198,0.0014755899856548434,embedding_pca
esmc_PC321,-0.004286939587160999,0.02608901931884653,0.004286939587160999,embedding_pca
esmc_PC322,-0.013798644375457969,0.02002723380042128,0.013798644375457969,embedding_pca
esmc_PC323,0.024221193880041708,0.032081188826383576,0.024221193880041708,embedding_pca
esmc_PC324,-0.01235810907689051,0.013710045036207727,0.01235810907689051,embedding_pca
esmc_PC325,-0.01591873412743538,0.03582624206924889,0.01591873412743538,embedding_pca
esmc_PC326,0.0130781224224932,0.015640771646830035,0.0130781224224932,embedding_pca
esmc_PC327,0.014216759181077057,0.017853852717538407,0.014216759181077057,embedding_pca
esmc_PC328,0.004667808575294327,0.02976623982134739,0.004667808575294327,embedding_pca
esmc_PC329,-0.009588389104862734,0.02098997616682226,0.009588389104862734,embedding_pca
esmc_PC330,0.015921773546951453,0.018431143918387287,0.015921773546951453,embedding_pca
esmc_PC331,-0.015021649709456797,0.030192491000454003,0.015021649709456797,embedding_pca
esmc_PC332,0.0008515346083608725,0.02419373706993984,0.0008515346083608725,embedding_pca
esmc_PC333,0.002005058367178839,0.025294435250701516,0.002005058367178839,embedding_pca
esmc_PC334,0.008061257740070122,0.01621650597144744,0.008061257740070122,embedding_pca
esmc_PC335,-0.022759660631107827,0.011281451303702787,0.022759660631107827,embedding_pca
esmc_PC336,0.0059449007281836075,0.022081859887054887,0.0059449007281836075,embedding_pca
esmc_PC337,-0.0028095202824569036,0.02052824470594398,0.0028095202824569036,embedding_pca
esmc_PC338,-0.0037019078236854887,0.028828384680668038,0.0037019078236854887,embedding_pca
esmc_PC339,0.012737425225858457,0.02277583257737873,0.012737425225858457,embedding_pca
esmc_PC340,-0.006263254962222959,0.01249728674948922,0.006263254962222959,embedding_pca
esmc_PC341,-0.012905813916996134,0.019946604816984532,0.012905813916996134,embedding_pca
esmc_PC342,-0.0031338279084547455,0.021092792799515012,0.0031338279084547455,embedding_pca
esmc_PC343,0.012119935304206327,0.005715138761875204,0.012119935304206327,embedding_pca
esmc_PC344,-0.0036581218329590666,0.027035099991462103,0.0036581218329590666,embedding_pca
esmc_PC345,-0.008503839637271282,0.015042887098299621,0.008503839637271282,embedding_pca
esmc_PC346,-0.009302061769575955,0.0157437293443348,0.009302061769575955,embedding_pca
esmc_PC347,-0.011945554606454089,0.022237940936167773,0.011945554606454089,embedding_pca
esmc_PC348,0.008276602916158698,0.021911772290895935,0.008276602916158698,embedding_pca
esmc_PC349,-0.006106480187120052,0.02199134681337015,0.006106480187120052,embedding_pca
esmc_PC350,0.00561874138106349,0.018852161838783063,0.00561874138106349,embedding_pca
esmc_PC351,-0.006639332641172109,0.0161050152564649,0.006639332641172109,embedding_pca
esmc_PC352,0.002411877167841563,0.011122743273023655,0.002411877167841563,embedding_pca
esmc_PC353,0.008237280551307385,0.019582896989693857,0.008237280551307385,embedding_pca
esmc_PC354,0.005584671741452198,0.014307418361665278,0.005584671741452198,embedding_pca
esmc_PC355,0.009625585067737523,0.009001718404796926,0.009625585067737523,embedding_pca
esmc_PC356,-0.00010167514770417774,0.008586234248495217,0.00010167514770417774,embedding_pca
esmc_PC357,0.004366571644954293,0.019352554441887944,0.004366571644954293,embedding_pca
esmc_PC358,-0.003978349672566448,0.03292909901988785,0.003978349672566448,embedding_pca
esmc_PC359,0.003649248909962029,0.014142640450813385,0.003649248909962029,embedding_pca
esmc_PC360,-0.0003161644408736002,0.010964083497221886,0.0003161644408736002,embedding_pca
esmc_PC361,0.005057843021484558,0.017164214032896613,0.005057843021484558,embedding_pca
esmc_PC362,0.0013322027587468165,0.011179392229930323,0.0013322027587468165,embedding_pca
esmc_PC363,0.011139947188529856,0.012369447480747881,0.011139947188529856,embedding_pca
esmc_PC364,-0.013729030372540607,0.017373906619448324,0.013729030372540607,embedding_pca
esmc_PC365,0.0005638874549671345,0.008988195039410965,0.0005638874549671345,embedding_pca
esmc_PC366,-0.02253754236639409,0.010309818771671015,0.02253754236639409,embedding_pca
esmc_PC367,-0.01367174165300011,0.016767991419977975,0.01367174165300011,embedding_pca
esmc_PC368,-0.0009344443128428443,0.02120062726060782,0.0009344443128428443,embedding_pca
esmc_PC369,0.012109144082231363,0.020618147154339617,0.012109144082231363,embedding_pca
esmc_PC370,0.000978086706762656,0.016047188851858234,0.000978086706762656,embedding_pca
esmc_PC371,-0.0025660035931696704,0.008373382188146778,0.0025660035931696704,embedding_pca
esmc_PC372,-0.008234883014001385,0.02976311431409513,0.008234883014001385,embedding_pca
esmc_PC373,-0.026146446984836962,0.020176088811497874,0.026146446984836962,embedding_pca
esmc_PC374,-0.007241790920674332,0.013019746252361849,0.007241790920674332,embedding_pca
esmc_PC375,-0.014033195521839872,0.014618816895390317,0.014033195521839872,embedding_pca
esmc_PC376,0.011279653062632749,0.025992854699000475,0.011279653062632749,embedding_pca
esmc_PC377,-0.00296561195493377,0.02850461852217518,0.00296561195493377,embedding_pca
esmc_PC378,-0.00033352470580677205,0.021906316529022606,0.00033352470580677205,embedding_pca
esmc_PC379,0.011181868791351784,0.015334697665176238,0.011181868791351784,embedding_pca
esmc_PC380,-0.007191208231899475,0.008426497152124951,0.007191208231899475,embedding_pca
esmc_PC381,0.0024357130227456425,0.023813746337446245,0.0024357130227456425,embedding_pca
esmc_PC382,0.005239521994235457,0.016630315665911506,0.005239521994235457,embedding_pca
esmc_PC383,-0.001601899360490839,0.035088878016063335,0.001601899360490839,embedding_pca
esmc_PC384,0.01001283642796105,0.015380682527447563,0.01001283642796105,embedding_pca
esmc_PC385,0.008081526287573736,0.016837452788089954,0.008081526287573736,embedding_pca
esmc_PC386,-0.01859248130477354,0.011887658870983408,0.01859248130477354,embedding_pca
esmc_PC387,0.004701571109693775,0.013472209427382954,0.004701571109693775,embedding_pca
esmc_PC388,0.006143422487845647,0.0188993215468578,0.006143422487845647,embedding_pca
esmc_PC389,-0.00021068320713611282,0.019894040438443523,0.00021068320713611282,embedding_pca
esmc_PC390,0.009198916172659216,0.016628633141666526,0.009198916172659216,embedding_pca
esmc_PC391,-0.0022367430675428917,0.025667394704503785,0.0022367430675428917,embedding_pca
esmc_PC392,-0.0036917115346834324,0.01797515941607518,0.0036917115346834324,embedding_pca
esmc_PC393,-0.007621870962250928,0.02299294408497864,0.007621870962250928,embedding_pca
esmc_PC394,-0.005232557333874938,0.02037464504854263,0.005232557333874938,embedding_pca
esmc_PC395,-0.004981054154165305,0.004990438883038731,0.004981054154165305,embedding_pca
esmc_PC396,0.004134380144278857,0.028322755788186927,0.004134380144278857,embedding_pca
esmc_PC397,0.0012675955979273429,0.011353108136077818,0.0012675955979273429,embedding_pca
esmc_PC398,-0.0037268469800270806,0.011789123678067726,0.0037268469800270806,embedding_pca
esmc_PC399,-0.017225511573212705,0.02362012114568067,0.017225511573212705,embedding_pca
esmc_PC400,-0.004786044034773935,0.019692885194190223,0.004786044034773935,embedding_pca
esmc_PC401,-0.01209153959018341,0.013611985882843165,0.01209153959018341,embedding_pca
esmc_PC402,-0.00014274300511841613,0.01826714411323828,0.00014274300511841613,embedding_pca
esmc_PC403,0.0005210978791416159,0.016774308442564383,0.0005210978791416159,embedding_pca
esmc_PC404,-0.0019921443941444523,0.009283995869845343,0.0019921443941444523,embedding_pca
esmc_PC405,-0.014946648013104868,0.008450232636284331,0.014946648013104868,embedding_pca
esmc_PC406,-0.00754153907888251,0.015996195194471312,0.00754153907888251,embedding_pca
esmc_PC407,-0.010766647301396225,0.017676499028575623,0.010766647301396225,embedding_pca
esmc_PC408,-0.00038707848309456545,0.01411215236587086,0.00038707848309456545,embedding_pca
esmc_PC409,0.014458604391295954,0.015482021053639054,0.014458604391295954,embedding_pca
esmc_PC410,0.005194808558251832,0.021401029917375008,0.005194808558251832,embedding_pca
esmc_PC411,-0.012681591101501754,0.018311356552308294,0.012681591101501754,embedding_pca
esmc_PC412,0.009320915506063803,0.020907843860082816,0.009320915506063803,embedding_pca
esmc_PC413,0.002126334224820604,0.017224087014563395,0.002126334224820604,embedding_pca
esmc_PC414,-0.005608903343961136,0.012109261874680926,0.005608903343961136,embedding_pca
esmc_PC415,0.0060393729835852535,0.010804978356362972,0.0060393729835852535,embedding_pca
esmc_PC416,-0.013350805844409248,0.012969763162839433,0.013350805844409248,embedding_pca
esmc_PC417,0.00371274475385886,0.01523016554517266,0.00371274475385886,embedding_pca
esmc_PC418,8.810716999042082e-05,0.01393602933890526,8.810716999042082e-05,embedding_pca
esmc_PC419,-0.001290211121738534,0.017688470067056615,0.001290211121738534,embedding_pca
esmc_PC420,0.0048539179832110405,0.024009955006644983,0.0048539179832110405,embedding_pca
esmc_PC421,0.01101323614590898,0.02205253321892751,0.01101323614590898,embedding_pca
esmc_PC422,0.002007587052905069,0.01866821687214632,0.002007587052905069,embedding_pca
esmc_PC423,0.015589177294404974,0.019553798679984608,0.015589177294404974,embedding_pca
esmc_PC424,-0.0009896871060090962,0.041253831662682025,0.0009896871060090962,embedding_pca
esmc_PC425,-0.004392204899373024,0.03103172596407509,0.004392204899373024,embedding_pca
esmc_PC426,0.002557202893523973,0.018692053362695762,0.002557202893523973,embedding_pca
esmc_PC427,0.0034253273030346197,0.023858464780092136,0.0034253273030346197,embedding_pca
esmc_PC428,0.008983315720485554,0.02388213491897324,0.008983315720485554,embedding_pca
esmc_PC429,-0.008090482577999296,0.020830848881720383,0.008090482577999296,embedding_pca
esmc_PC430,-0.013186467056562368,0.020620441735460862,0.013186467056562368,embedding_pca
esmc_PC431,-0.011493093059096574,0.009326036256825758,0.011493093059096574,embedding_pca
esmc_PC432,-0.005426188864228132,0.01975512284458124,0.005426188864228132,embedding_pca
esmc_PC433,0.00953721375363096,0.020714688788032197,0.00953721375363096,embedding_pca
esmc_PC434,-0.010598379639377395,0.021813129761037258,0.010598379639377395,embedding_pca
esmc_PC435,-0.001725464851156288,0.019007263229010182,0.001725464851156288,embedding_pca
esmc_PC436,-0.009692411825150677,0.023198766273710196,0.009692411825150677,embedding_pca
esmc_PC437,0.0023348613774871346,0.009188618985895323,0.0023348613774871346,embedding_pca
esmc_PC438,-0.010962921727185595,0.02587582089238331,0.010962921727185595,embedding_pca
esmc_PC439,0.009045064450927318,0.019841595752606307,0.009045064450927318,embedding_pca
esmc_PC440,-0.011094772300924236,0.023576638647158754,0.011094772300924236,embedding_pca
esmc_PC441,-0.0007479949612055122,0.02325990575418774,0.0007479949612055122,embedding_pca
esmc_PC442,0.010394831865664275,0.02110782935814801,0.010394831865664275,embedding_pca
esmc_PC443,0.005947716942961551,0.033044398224278404,0.005947716942961551,embedding_pca
esmc_PC444,-0.018432944589912105,0.01756540989851881,0.018432944589912105,embedding_pca
esmc_PC445,0.0037013798022172877,0.026765834860112518,0.0037013798022172877,embedding_pca
esmc_PC446,-0.004168077944780919,0.015246754879138093,0.004168077944780919,embedding_pca
esmc_PC447,0.014276011636330913,0.01438810647566752,0.014276011636330913,embedding_pca
esmc_PC448,0.004087523347934932,0.015935187075636657,0.004087523347934932,embedding_pca
esmc_PC449,7.041083909835304e-05,0.017380144994054592,7.041083909835304e-05,embedding_pca
esmc_PC450,-0.007963205992694485,0.017903146124913876,0.007963205992694485,embedding_pca
esmc_PC451,0.0068734550435446155,0.024267859756069265,0.0068734550435446155,embedding_pca
esmc_PC452,-0.0024138681570162607,0.009883416897902633,0.0024138681570162607,embedding_pca
esmc_PC453,0.0018893618240488244,0.010572858519028113,0.0018893618240488244,embedding_pca
esmc_PC454,0.0009605044282115643,0.017324394001129208,0.0009605044282115643,embedding_pca
esmc_PC455,0.00034196649212866575,0.012567925927983272,0.00034196649212866575,embedding_pca
esmc_PC456,-0.0037576722658497963,0.02394505502092553,0.0037576722658497963,embedding_pca
esmc_PC457,-0.019581661539226115,0.021646492409904274,0.019581661539226115,embedding_pca
esmc_PC458,0.008495749650246343,0.008331552528675302,0.008495749650246343,embedding_pca
esmc_PC459,0.012060371465316803,0.01227024089683427,0.012060371465316803,embedding_pca
esmc_PC460,0.004239166510907409,0.02518979569724509,0.004239166510907409,embedding_pca
esmc_PC461,-0.004656665771563442,0.026330887889804575,0.004656665771563442,embedding_pca
esmc_PC462,6.383491318061249e-05,0.02255641075545028,6.383491318061249e-05,embedding_pca
esmc_PC463,-0.0008348825534341499,0.020305315600022227,0.0008348825534341499,embedding_pca
esmc_PC464,0.01048946092404315,0.01809810072122034,0.01048946092404315,embedding_pca
esmc_PC465,-0.007771243871044135,0.01028712830406813,0.007771243871044135,embedding_pca
esmc_PC466,-0.0037217323336325215,0.013436446940518139,0.0037217323336325215,embedding_pca
esmc_PC467,0.008608952329168851,0.02524015907634892,0.008608952329168851,embedding_pca
esmc_PC468,0.002417830420338709,0.019139787356988472,0.002417830420338709,embedding_pca
esmc_PC469,0.002875343428673664,0.019619238121979403,0.002875343428673664,embedding_pca
esmc_PC470,0.005135382388577294,0.023094479396119163,0.005135382388577294,embedding_pca
esmc_PC471,0.008783135362323008,0.016518781354363975,0.008783135362323008,embedding_pca
esmc_PC472,-0.009609774703044777,0.013999008439179558,0.009609774703044777,embedding_pca
esmc_PC473,0.018081439296527273,0.010027989658391023,0.018081439296527273,embedding_pca
esmc_PC474,-0.002363872835802034,0.020691735431389333,0.002363872835802034,embedding_pca
esmc_PC475,0.020364533780484223,0.016361389512553157,0.020364533780484223,embedding_pca
esmc_PC476,-0.0080720305323533,0.029899815027572527,0.0080720305323533,embedding_pca
esmc_PC477,-0.0031250029294596212,0.013606226994784096,0.0031250029294596212,embedding_pca
esmc_PC478,0.0009179573186698511,0.006827959774551292,0.0009179573186698511,embedding_pca
esmc_PC479,0.0047262134448278524,0.007879261470199798,0.0047262134448278524,embedding_pca
esmc_PC480,-0.009588819362405432,0.006039832497992629,0.009588819362405432,embedding_pca
esmc_PC481,0.0012951724178785137,0.01742423354777354,0.0012951724178785137,embedding_pca
esmc_PC482,-0.003845421884829764,0.02850488705419518,0.003845421884829764,embedding_pca
esmc_PC483,0.00680024532930659,0.02244869703899355,0.00680024532930659,embedding_pca
esmc_PC484,0.007238178769113082,0.02555838660964216,0.007238178769113082,embedding_pca
esmc_PC485,-0.016304838746696717,0.025306840796304627,0.016304838746696717,embedding_pca
esmc_PC486,-0.0026258697090531203,0.015043059250219227,0.0026258697090531203,embedding_pca
esmc_PC487,0.0057303050276908945,0.009295129874732544,0.0057303050276908945,embedding_pca
esmc_PC488,0.006729926050469556,0.01530436342436286,0.006729926050469556,embedding_pca
esmc_PC489,-0.005232087552726339,0.009235927165154326,0.005232087552726339,embedding_pca
esmc_PC490,0.011028718179358974,0.00884442271759498,0.011028718179358974,embedding_pca
esmc_PC491,0.0032500729354093027,0.02111348279567432,0.0032500729354093027,embedding_pca
esmc_PC492,0.011860320768470106,0.014293566333894149,0.011860320768470106,embedding_pca
esmc_PC493,0.014227328420411748,0.012156521564462258,0.014227328420411748,embedding_pca
esmc_PC494,-0.0053444578973480695,0.013032621563349311,0.0053444578973480695,embedding_pca
esmc_PC495,-0.018045549512489562,0.017446394253607774,0.018045549512489562,embedding_pca
esmc_PC496,0.006259408713609367,0.014131663432565784,0.006259408713609367,embedding_pca
esmc_PC497,0.004640833027401417,0.006478315703007789,0.004640833027401417,embedding_pca
esmc_PC498,0.012387088523647418,0.011368199925310466,0.012387088523647418,embedding_pca
esmc_PC499,-0.006217410908926582,0.010167924935734993,0.006217410908926582,embedding_pca
esmc_PC500,-0.0012028150888060438,0.01480176652405282,0.0012028150888060438,embedding_pca
esmc_PC501,0.002062088613225794,0.024249604973284305,0.002062088613225794,embedding_pca
esmc_PC502,-0.001948647467613182,0.019738158683415188,0.001948647467613182,embedding_pca
esmc_PC503,0.005980351300191004,0.01985941635126109,0.005980351300191004,embedding_pca
esmc_PC504,-0.007683689495120188,0.006266010000134377,0.007683689495120188,embedding_pca
esmc_PC505,0.004180113913566759,0.025389669158322338,0.004180113913566759,embedding_pca
esmc_PC506,0.011509331659606804,0.025705455537298475,0.011509331659606804,embedding_pca
esmc_PC507,0.0014442380934626764,0.009745740853066362,0.0014442380934626764,embedding_pca
esmc_PC508,0.01379600071020432,0.024343582632402185,0.01379600071020432,embedding_pca
esmc_PC509,0.0017722188936424737,0.03014290726983771,0.0017722188936424737,embedding_pca
esmc_PC510,-0.007917680558627621,0.014388902041108355,0.007917680558627621,embedding_pca
esmc_PC511,-0.0056666282226732175,0.017303756830734224,0.0056666282226732175,embedding_pca
esmc_PC512,-0.013585104408367465,0.01863025718105097,0.013585104408367465,embedding_pca
esmc_PC513,0.005767631122551739,0.02292648216879615,0.005767631122551739,embedding_pca
esmc_PC514,0.005991943952074199,0.012635232716741763,0.005991943952074199,embedding_pca
esmc_PC515,0.002666940682481298,0.017952482600614904,0.002666940682481298,embedding_pca
esmc_PC516,0.0011017925657927983,0.01950566763823917,0.0011017925657927983,embedding_pca
esmc_PC517,0.008539944129019423,0.023507067954233282,0.008539944129019423,embedding_pca
esmc_PC518,-0.006430885272298447,0.014978173557417662,0.006430885272298447,embedding_pca
esmc_PC519,-0.0006119634333955008,0.01461498851864806,0.0006119634333955008,embedding_pca
esmc_PC520,-0.00028137984162854843,0.0219137722484274,0.00028137984162854843,embedding_pca
esmc_PC521,0.005520032993169148,0.014234433972617812,0.005520032993169148,embedding_pca
esmc_PC522,0.010043518419177664,0.0108234631570369,0.010043518419177664,embedding_pca
esmc_PC523,-0.003695982701439729,0.0059628004965467515,0.003695982701439729,embedding_pca
esmc_PC524,0.003966029042856775,0.008120022535694842,0.003966029042856775,embedding_pca
esmc_PC525,-0.0054265410391226895,0.014001425153710001,0.0054265410391226895,embedding_pca
esmc_PC526,0.011704696482006035,0.025299672479833477,0.011704696482006035,embedding_pca
esmc_PC527,-0.0134820927977092,0.020256070943644372,0.0134820927977092,embedding_pca
esmc_PC528,0.007101055597868481,0.010377782723481912,0.007101055597868481,embedding_pca
esmc_PC529,-0.014582440657642939,0.021092539949305905,0.014582440657642939,embedding_pca
esmc_PC530,-0.0047427080990075894,0.014095369604729275,0.0047427080990075894,embedding_pca
esmc_PC531,-0.01192215470000281,0.02291461519747242,0.01192215470000281,embedding_pca
esmc_PC532,-9.950815008789166e-05,0.01341643600571848,9.950815008789166e-05,embedding_pca
esmc_PC533,0.002554338345820044,0.015890216994128792,0.002554338345820044,embedding_pca
esmc_PC534,-0.0036564039552412038,0.014089544772509423,0.0036564039552412038,embedding_pca
esmc_PC535,0.0036719603623813967,0.006234219020233203,0.0036719603623813967,embedding_pca
esmc_PC536,-0.003823903830609085,0.013968267562716692,0.003823903830609085,embedding_pca
esmc_PC537,4.9327927277101685e-05,0.01843708648002448,4.9327927277101685e-05,embedding_pca
esmc_PC538,0.008318235666829935,0.015329357619775044,0.008318235666829935,embedding_pca
esmc_PC539,0.0006263633264498187,0.01932478417013962,0.0006263633264498187,embedding_pca
esmc_PC540,-0.006506588335125092,0.010521684231452028,0.006506588335125092,embedding_pca
esmc_PC541,0.007466018667772342,0.009899940502714361,0.007466018667772342,embedding_pca
esmc_PC542,-0.01474122892265286,0.00980531146865545,0.01474122892265286,embedding_pca
esmc_PC543,-0.01678174433509415,0.013495997465178433,0.01678174433509415,embedding_pca
esmc_PC544,0.01422978677888378,0.024016076281992517,0.01422978677888378,embedding_pca
esmc_PC545,-0.0036687146666320595,0.016583950428515237,0.0036687146666320595,embedding_pca
esmc_PC546,0.001004964138351102,0.03677148407393982,0.001004964138351102,embedding_pca
esmc_PC547,-0.004672124557274146,0.015566722162580888,0.004672124557274146,embedding_pca
esmc_PC548,0.006390798174451098,0.015472169374577086,0.006390798174451098,embedding_pca
esmc_PC549,-0.012168740788032383,0.015949321470823667,0.012168740788032383,embedding_pca
esmc_PC550,-0.008218386762211677,0.02008125437441262,0.008218386762211677,embedding_pca
esmc_PC551,-0.003700455354550827,0.022201900765127642,0.003700455354550827,embedding_pca
esmc_PC552,0.0048879117873355665,0.013197271263415094,0.0048879117873355665,embedding_pca
esmc_PC553,-0.010030141654400812,0.010677533238233774,0.010030141654400812,embedding_pca
esmc_PC554,-0.004275495906904623,0.01669544264768005,0.004275495906904623,embedding_pca
esmc_PC555,6.37674911061141e-05,0.014921715341696623,6.37674911061141e-05,embedding_pca
esmc_PC556,0.019358188793731614,0.02680583648527118,0.019358188793731614,embedding_pca
esmc_PC557,-0.009311335433286109,0.028514335993825995,0.009311335433286109,embedding_pca
esmc_PC558,0.010717901120648679,0.02787082604815354,0.010717901120648679,embedding_pca
esmc_PC559,0.009221302267327765,0.024130132774378643,0.009221302267327765,embedding_pca
esmc_PC560,0.003916188507634693,0.016332134202707738,0.003916188507634693,embedding_pca
esmc_PC561,0.001975860217470113,0.03303079181369981,0.001975860217470113,embedding_pca
esmc_PC562,-0.0002390791781681766,0.009414302789390606,0.0002390791781681766,embedding_pca
esmc_PC563,-0.00455046551300889,0.02052510989769521,0.00455046551300889,embedding_pca
esmc_PC564,-0.00482378963459853,0.026293649739831382,0.00482378963459853,embedding_pca
esmc_PC565,0.006017006938184312,0.019159917703324047,0.006017006938184312,embedding_pca
esmc_PC566,0.01104362220994215,0.013726137414732036,0.01104362220994215,embedding_pca
esmc_PC567,0.017944447752821065,0.012171327252136314,0.017944447752821065,embedding_pca
esmc_PC568,-0.0039590298149355645,0.025654422804253757,0.0039590298149355645,embedding_pca
esmc_PC569,0.002654215455534793,0.026932235512146813,0.002654215455534793,embedding_pca
esmc_PC570,0.017015310475958195,0.02609801051004426,0.017015310475958195,embedding_pca
esmc_PC571,-0.0072516551632263015,0.01751750500031709,0.0072516551632263015,embedding_pca
esmc_PC572,-0.013064008368416532,0.01164302775219203,0.013064008368416532,embedding_pca
esmc_PC573,-0.0030280192998379135,0.012450006551433572,0.0030280192998379135,embedding_pca
esmc_PC574,0.0036685275928527287,0.021697879072985645,0.0036685275928527287,embedding_pca
esmc_PC575,0.009689085064264294,0.023602482058035272,0.009689085064264294,embedding_pca
esmc_PC576,-0.007148530453694725,0.02158463583294601,0.007148530453694725,embedding_pca
esmc_PC577,0.0038753632650574315,0.0056219436171958855,0.0038753632650574315,embedding_pca
esmc_PC578,-0.008438451026023919,0.020243536357579573,0.008438451026023919,embedding_pca
esmc_PC579,-0.005650711254645606,0.014565902820361921,0.005650711254645606,embedding_pca
esmc_PC580,-0.003758850368934627,0.014377614427286434,0.003758850368934627,embedding_pca
esmc_PC581,0.003159408137573175,0.028884755503216907,0.003159408137573175,embedding_pca
esmc_PC582,0.009781994743918889,0.012113816315315494,0.009781994743918889,embedding_pca
esmc_PC583,-0.0005078870138237573,0.027644478319359643,0.0005078870138237573,embedding_pca
esmc_PC584,0.01459046526012624,0.020736408091317268,0.01459046526012624,embedding_pca
esmc_PC585,-0.00025189960524523645,0.013924538492077285,0.00025189960524523645,embedding_pca
esmc_PC586,-0.012814471973517714,0.02064929562232644,0.012814471973517714,embedding_pca
esmc_PC587,-0.02275296503265699,0.009020665059606284,0.02275296503265699,embedding_pca
esmc_PC588,-0.0027091136515232724,0.00862496345873325,0.0027091136515232724,embedding_pca
esmc_PC589,0.0017833554937577544,0.022378271721067777,0.0017833554937577544,embedding_pca
esmc_PC590,-0.013155716252496185,0.014916896605423852,0.013155716252496185,embedding_pca
esmc_PC591,-0.005541684650469209,0.017598688676039833,0.005541684650469209,embedding_pca
esmc_PC592,0.007782671197830923,0.013172794526985632,0.007782671197830923,embedding_pca
esmc_PC593,0.007152810269476032,0.010113382405913227,0.007152810269476032,embedding_pca
esmc_PC594,-0.01047140485370027,0.01863629069980327,0.01047140485370027,embedding_pca
esmc_PC595,0.008123081132707545,0.013363301938094591,0.008123081132707545,embedding_pca
esmc_PC596,-0.005123842663661731,0.007933825949002929,0.005123842663661731,embedding_pca
esmc_PC597,0.004267177702262903,0.02070044682489554,0.004267177702262903,embedding_pca
esmc_PC598,-0.009623237599378592,0.005653783660258354,0.009623237599378592,embedding_pca
esmc_PC599,-0.004955675410184397,0.019426700948252894,0.004955675410184397,embedding_pca
esmc_PC600,-0.002164896375166588,0.01730050358033021,0.002164896375166588,embedding_pca
esmc_PC601,0.009493444492770776,0.016231352836440456,0.009493444492770776,embedding_pca
esmc_PC602,-0.004702772472574656,0.012390250282955179,0.004702772472574656,embedding_pca
esmc_PC603,-0.007026277310678605,0.012695229789921674,0.007026277310678605,embedding_pca
esmc_PC604,0.005999757534954423,0.018112414915884407,0.005999757534954423,embedding_pca
esmc_PC605,-0.007524180186252373,0.011719125745183809,0.007524180186252373,embedding_pca
esmc_PC606,-0.015569014620996496,0.017958851227973322,0.015569014620996496,embedding_pca
esmc_PC607,-0.007067036495907992,0.015022917557991325,0.007067036495907992,embedding_pca
esmc_PC608,-0.006754364846159704,0.015694000954484887,0.006754364846159704,embedding_pca
esmc_PC609,-0.0012687720308371907,0.020436749530224615,0.0012687720308371907,embedding_pca
esmc_PC610,0.01050994896164804,0.01968530170165854,0.01050994896164804,embedding_pca
esmc_PC611,-0.005427060781947139,0.01264407912107609,0.005427060781947139,embedding_pca
esmc_PC612,-0.006566776987514744,0.024962304129562154,0.006566776987514744,embedding_pca
esmc_PC613,0.003808561613597139,0.02651180680485596,0.003808561613597139,embedding_pca
esmc_PC614,0.0006761472935864273,0.020260213789198348,0.0006761472935864273,embedding_pca
esmc_PC615,0.0023119412562209872,0.017219932614392863,0.0023119412562209872,embedding_pca
esmc_PC616,-8.82395685463366e-05,0.01852706663526041,8.82395685463366e-05,embedding_pca
esmc_PC617,0.0018335908871613688,0.019065231480067772,0.0018335908871613688,embedding_pca
esmc_PC618,-0.003758105929797843,0.012640080161833723,0.003758105929797843,embedding_pca
esmc_PC619,-0.014012230160610173,0.009317664427512466,0.014012230160610173,embedding_pca
esmc_PC620,-0.0024695404764207536,0.007454638147527141,0.0024695404764207536,embedding_pca
esmc_PC621,0.004207681671489101,0.008520613379543721,0.004207681671489101,embedding_pca
esmc_PC622,-0.001684814783313903,0.021642589937484115,0.001684814783313903,embedding_pca
esmc_PC623,-0.005721298891891479,0.02349558276892985,0.005721298891891479,embedding_pca
esmc_PC624,0.008790626025497867,0.016402295495508284,0.008790626025497867,embedding_pca
esmc_PC625,-0.023206666456446253,0.02346488560525576,0.023206666456446253,embedding_pca
esmc_PC626,-0.006213721566585178,0.012375364271784595,0.006213721566585178,embedding_pca
esmc_PC627,-0.005814156676057767,0.02206004970181346,0.005814156676057767,embedding_pca
esmc_PC628,-0.006343641266928926,0.01235440375354126,0.006343641266928926,embedding_pca
esmc_PC629,0.008847406119919205,0.019820103164311858,0.008847406119919205,embedding_pca
esmc_PC630,0.0009386886012485364,0.01390757476305351,0.0009386886012485364,embedding_pca
esmc_PC631,-0.01522918267152692,0.009476769632194801,0.01522918267152692,embedding_pca
esmc_PC632,0.0013124957964623374,0.014627454390128901,0.0013124957964623374,embedding_pca
esmc_PC633,-0.0015726258003791159,0.0101458755486984,0.0015726258003791159,embedding_pca
esmc_PC634,-6.021394267092476e-06,0.0184865896881974,6.021394267092476e-06,embedding_pca
esmc_PC635,-0.007997763046833906,0.009055299566739618,0.007997763046833906,embedding_pca
esmc_PC636,0.016881768218460456,0.020413489854684434,0.016881768218460456,embedding_pca
esmc_PC637,0.0009731881281378058,0.010231965940789603,0.0009731881281378058,embedding_pca
esmc_PC638,-0.003663623594600776,0.02137206530029035,0.003663623594600776,embedding_pca
esmc_PC639,0.001293376224287127,0.008101954452442712,0.001293376224287127,embedding_pca
esmc_PC640,-0.007696107638862986,0.012703586031803153,0.007696107638862986,embedding_pca
esmc_PC641,0.012213233632516222,0.019377000287130082,0.012213233632516222,embedding_pca
esmc_PC642,0.006276961349434761,0.015714444572829462,0.006276961349434761,embedding_pca
esmc_PC643,0.02000551488113811,0.009574536167260457,0.02000551488113811,embedding_pca
esmc_PC644,-0.0039236272906415385,0.009584834400436311,0.0039236272906415385,embedding_pca
esmc_PC645,-0.002038548219045804,0.0024136582896268377,0.002038548219045804,embedding_pca
esmc_PC646,0.0027518767110777014,0.02118724027640635,0.0027518767110777014,embedding_pca
esmc_PC647,0.01206372813999791,0.011106726645372867,0.01206372813999791,embedding_pca
esmc_PC648,0.010657628600434194,0.021517946521798854,0.010657628600434194,embedding_pca
esmc_PC649,0.012754097388025454,0.01523722451838893,0.012754097388025454,embedding_pca
esmc_PC650,0.011868704719491646,0.01622740227220258,0.011868704719491646,embedding_pca
esmc_PC651,-0.0007297858647997771,0.008498216510328244,0.0007297858647997771,embedding_pca
esmc_PC652,-0.0012024703751116305,0.011626307138035738,0.0012024703751116305,embedding_pca
esmc_PC653,0.0003915885801968531,0.00838495789259438,0.0003915885801968531,embedding_pca
esmc_PC654,0.01133536202565788,0.027153733882154255,0.01133536202565788,embedding_pca
esmc_PC655,0.0022136284359717093,0.015574861422167727,0.0022136284359717093,embedding_pca
esmc_PC656,0.014382208843702374,0.016876102034186536,0.014382208843702374,embedding_pca
esmc_PC657,0.0038642181455252125,0.007190892593817451,0.0038642181455252125,embedding_pca
esmc_PC658,-0.0005217468654186072,0.014544444257662471,0.0005217468654186072,embedding_pca
esmc_PC659,-0.007360877097594728,0.015051528527529761,0.007360877097594728,embedding_pca
esmc_PC660,0.002875250243243056,0.011827490812017408,0.002875250243243056,embedding_pca
esmc_PC661,-0.003133614409861833,0.01068725188183877,0.003133614409861833,embedding_pca
esmc_PC662,-0.010149696382412535,0.017183865284899083,0.010149696382412535,embedding_pca
esmc_PC663,0.00949669866837673,0.02247410937572196,0.00949669866837673,embedding_pca
esmc_PC664,0.003915414877420719,0.016601338463851943,0.003915414877420719,embedding_pca
esmc_PC665,0.008793044744282058,0.009826845168420278,0.008793044744282058,embedding_pca
esmc_PC666,0.004871991292294175,0.012512910638932461,0.004871991292294175,embedding_pca
esmc_PC667,0.002066363631374185,0.018155964368512526,0.002066363631374185,embedding_pca
esmc_PC668,0.0002910088116212692,0.02157476245312613,0.0002910088116212692,embedding_pca
esmc_PC669,0.01665023668531491,0.017767594090103568,0.01665023668531491,embedding_pca
esmc_PC670,0.0025606467579608466,0.010474027993078505,0.0025606467579608466,embedding_pca
esmc_PC671,-0.005029228036744557,0.016004244731705124,0.005029228036744557,embedding_pca
esmc_PC672,-0.0021900804991966533,0.009817437566817381,0.0021900804991966533,embedding_pca
esmc_PC673,-0.00909945321801994,0.012091826066815584,0.00909945321801994,embedding_pca
esmc_PC674,-0.009925466432908581,0.014104788317615559,0.009925466432908581,embedding_pca
esmc_PC675,0.002871410126163699,0.018806869502555067,0.002871410126163699,embedding_pca
esmc_PC676,0.0052415304225903875,0.007275777742884856,0.0052415304225903875,embedding_pca
esmc_PC677,0.016681571108364022,0.010208018152780668,0.016681571108364022,embedding_pca
esmc_PC678,0.0040777200756770896,0.004160860992068269,0.0040777200756770896,embedding_pca
esmc_PC679,-0.011330409644036707,0.0072398062664587115,0.011330409644036707,embedding_pca
esmc_PC680,-0.0021852200807323946,0.004630900958052588,0.0021852200807323946,embedding_pca
esmc_PC681,-0.004788558570446723,0.013163625232936627,0.004788558570446723,embedding_pca
esmc_PC682,0.013046857048135855,0.010068582496199605,0.013046857048135855,embedding_pca
esmc_PC683,-0.009680483706528655,0.018010136617369322,0.009680483706528655,embedding_pca
esmc_PC684,-0.012114897109410805,0.018530465923018793,0.012114897109410805,embedding_pca
esmc_PC685,0.003877020131881636,0.019530794458442777,0.003877020131881636,embedding_pca
esmc_PC686,0.014405028231290275,0.010238091857490661,0.014405028231290275,embedding_pca
esmc_PC687,0.00021570224718458122,0.015126184789910697,0.00021570224718458122,embedding_pca
esmc_PC688,-0.0041538107903822015,0.01046370764809626,0.0041538107903822015,embedding_pca
esmc_PC689,-0.01162418936441897,0.02544521620196796,0.01162418936441897,embedding_pca
esmc_PC690,0.006114542948621022,0.011695761206377811,0.006114542948621022,embedding_pca
esmc_PC691,0.003635918985981967,0.014174769277981725,0.003635918985981967,embedding_pca
esmc_PC692,-3.063407059154394e-05,0.017750222198643795,3.063407059154394e-05,embedding_pca
esmc_PC693,0.00726065454746411,0.006488233113206417,0.00726065454746411,embedding_pca
esmc_PC694,0.003009426281177677,0.00972217188362281,0.003009426281177677,embedding_pca
esmc_PC695,-0.0032187593452522164,0.01869974002571388,0.0032187593452522164,embedding_pca
esmc_PC696,0.0024025428939801617,0.018743724576669722,0.0024025428939801617,embedding_pca
esmc_PC697,0.016519683775428864,0.015529746966753803,0.016519683775428864,embedding_pca
esmc_PC698,-0.0030008267276520886,0.013966128065312952,0.0030008267276520886,embedding_pca
esmc_PC699,0.0015398107612837734,0.008424279807712749,0.0015398107612837734,embedding_pca
esmc_PC700,-0.0015279893338174442,0.009289306330861528,0.0015279893338174442,embedding_pca
esmc_PC701,-0.00010177526187720859,0.016922138593647034,0.00010177526187720859,embedding_pca
esmc_PC702,0.0040649446448252505,0.01514405794107335,0.0040649446448252505,embedding_pca
esmc_PC703,0.009610750483782994,0.01413360926529536,0.009610750483782994,embedding_pca
esmc_PC704,-0.003915994084068286,0.014637863891272918,0.003915994084068286,embedding_pca
esmc_PC705,0.005107597934423379,0.008199560859901946,0.005107597934423379,embedding_pca
esmc_PC706,-0.004551512653306137,0.019088829249079203,0.004551512653306137,embedding_pca
esmc_PC707,-0.0005178309762300049,0.013922533038561394,0.0005178309762300049,embedding_pca
esmc_PC708,-0.008540981775019555,0.010780974463471073,0.008540981775019555,embedding_pca
esmc_PC709,0.001584930724499383,0.010842267420644194,0.001584930724499383,embedding_pca
esmc_PC710,-0.0061952214816459366,0.009909786139700245,0.0061952214816459366,embedding_pca
esmc_PC711,-0.0008721001957014849,0.009364790173317612,0.0008721001957014849,embedding_pca
esmc_PC712,-0.002472068594334434,0.012135662601624079,0.002472068594334434,embedding_pca
esmc_PC713,-0.010707588264823136,0.01567471156657813,0.010707588264823136,embedding_pca
esmc_PC714,0.010138512429213913,0.01341168191792992,0.010138512429213913,embedding_pca
esmc_PC715,-0.007083692410968519,0.015203933479541491,0.007083692410968519,embedding_pca
esmc_PC716,-0.00753110728225911,0.015367256472466725,0.00753110728225911,embedding_pca
esmc_PC717,0.003901633346817235,0.012133237237981199,0.003901633346817235,embedding_pca
esmc_PC718,0.001289318158041604,0.01620947678579629,0.001289318158041604,embedding_pca
esmc_PC719,-0.007512781421212658,0.02337328807353454,0.007512781421212658,embedding_pca
esmc_PC720,-8.482991955970918e-05,0.02142522124976134,8.482991955970918e-05,embedding_pca
esmc_PC721,-0.013698507273704617,0.018560053601142986,0.013698507273704617,embedding_pca
esmc_PC722,0.017919494841014384,0.013564835290552463,0.017919494841014384,embedding_pca
esmc_PC723,-0.006066836795918613,0.01527234631696476,0.006066836795918613,embedding_pca
esmc_PC724,-0.013283228908547948,0.011216470498592515,0.013283228908547948,embedding_pca
esmc_PC725,0.002478004305343468,0.015018556788673436,0.002478004305343468,embedding_pca
esmc_PC726,-0.0034813678259755588,0.00994136103605697,0.0034813678259755588,embedding_pca
esmc_PC727,-0.005025162947957587,0.012355183867295366,0.005025162947957587,embedding_pca
esmc_PC728,0.0007673021994609421,0.018535907333729396,0.0007673021994609421,embedding_pca
esmc_PC729,-0.0009923107367921565,0.011137091417027862,0.0009923107367921565,embedding_pca
esmc_PC730,-0.004452710169199977,0.029306204972313822,0.004452710169199977,embedding_pca
esmc_PC731,-0.004748408178911983,0.01311421815019352,0.004748408178911983,embedding_pca
esmc_PC732,-0.0002785654024815322,0.00640938972782964,0.0002785654024815322,embedding_pca
esmc_PC733,0.0069489345804449095,0.012219683897818903,0.0069489345804449095,embedding_pca
esmc_PC734,0.006666621652760135,0.012519917759750546,0.006666621652760135,embedding_pca
esmc_PC735,-0.002474967620558281,0.012482025742814184,0.002474967620558281,embedding_pca
esmc_PC736,0.000851523572438902,0.011159288886904777,0.000851523572438902,embedding_pca
esmc_PC737,-0.0038796955883198285,0.012023557794232977,0.0038796955883198285,embedding_pca
esmc_PC738,0.0002619521417942472,0.0069807602185210016,0.0002619521417942472,embedding_pca
esmc_PC739,0.005644469349884719,0.01524219451838639,0.005644469349884719,embedding_pca
esmc_PC740,0.0055929174763861824,0.011333032639032285,0.0055929174763861824,embedding_pca
esmc_PC741,0.00121253953543549,0.00850538997473678,0.00121253953543549,embedding_pca
esmc_PC742,0.007009579925261746,0.01309581082542438,0.007009579925261746,embedding_pca
esmc_PC743,0.014889964855039548,0.009520527993037674,0.014889964855039548,embedding_pca
esmc_PC744,0.009188923292898207,0.011123473769008158,0.009188923292898207,embedding_pca
esmc_PC745,0.005893448023537649,0.013326204962738892,0.005893448023537649,embedding_pca
esmc_PC746,0.00019020763108371156,0.009391974453926717,0.00019020763108371156,embedding_pca
esmc_PC747,0.007547127668755392,0.010598959371810076,0.007547127668755392,embedding_pca
esmc_PC748,-0.0007872855217460316,0.008877282876470417,0.0007872855217460316,embedding_pca
esmc_PC749,-0.0015732927277760764,0.015276748698796937,0.0015732927277760764,embedding_pca
esmc_PC750,0.0020233717824840467,0.012083072780006263,0.0020233717824840467,embedding_pca
esmc_PC751,0.010755185615214156,0.012483093992644839,0.010755185615214156,embedding_pca
esmc_PC752,0.0035330180181600626,0.010008068937924585,0.0035330180181600626,embedding_pca
esmc_PC753,-0.001842627278702269,0.00917433331462061,0.001842627278702269,embedding_pca
esmc_PC754,-0.005655180935536023,0.021523957008331224,0.005655180935536023,embedding_pca
esmc_PC755,0.009041178490373423,0.020973332466362085,0.009041178490373423,embedding_pca
esmc_PC756,0.0070496993106867216,0.008182223239985725,0.0070496993106867216,embedding_pca
esmc_PC757,0.002444659011164265,0.017283491503042304,0.002444659011164265,embedding_pca
esmc_PC758,-0.003840973861885721,0.008884372043180518,0.003840973861885721,embedding_pca
esmc_PC759,0.00614256261179372,0.01175282488044532,0.00614256261179372,embedding_pca
esmc_PC760,-0.003330387354217526,0.008768390989552484,0.003330387354217526,embedding_pca
esmc_PC761,-0.006417033949344014,0.010422727482513057,0.006417033949344014,embedding_pca
esmc_PC762,-0.013644823484688123,0.009255743832362573,0.013644823484688123,embedding_pca
esmc_PC763,0.003668124938719495,0.02043560157947386,0.003668124938719495,embedding_pca
esmc_PC764,-0.013482557416481638,0.007857767664803799,0.013482557416481638,embedding_pca
esmc_PC765,-0.01050549782530468,0.00900807682595374,0.01050549782530468,embedding_pca
esmc_PC766,0.002266066157647038,0.012598701460518166,0.002266066157647038,embedding_pca
esmc_PC767,-0.01143683978144197,0.01901010179422731,0.01143683978144197,embedding_pca
esmc_PC768,0.007084093882072887,0.00815169145011127,0.007084093882072887,embedding_pca
esmc_PC769,-0.014242752685761001,0.0047740115102397436,0.014242752685761001,embedding_pca
esmc_PC770,0.011766857200127613,0.014706331085154959,0.011766857200127613,embedding_pca
esmc_PC771,0.005000258331741121,0.011742414047345566,0.005000258331741121,embedding_pca
esmc_PC772,0.004424898083400709,0.011974133678483686,0.004424898083400709,embedding_pca
esmc_PC773,-0.008855972015724647,0.01921100058227314,0.008855972015724647,embedding_pca
esmc_PC774,-0.0023696757756722065,0.015434970389977716,0.0023696757756722065,embedding_pca
esmc_PC775,-0.01092900760978764,0.01868912609615692,0.01092900760978764,embedding_pca
esmc_PC776,0.002771935208364449,0.013786547993134389,0.002771935208364449,embedding_pca
esmc_PC777,-0.010967288646032932,0.021723828197510224,0.010967288646032932,embedding_pca
esmc_PC778,-0.007985040449238921,0.013646016142879185,0.007985040449238921,embedding_pca
esmc_PC779,-0.0003197973562023771,0.006845289118019189,0.0003197973562023771,embedding_pca
esmc_PC780,-0.003963515298849663,0.006202123638025316,0.003963515298849663,embedding_pca
esmc_PC781,0.00039219766913438007,0.014092885498226793,0.00039219766913438007,embedding_pca
esmc_PC782,-0.003933875959865272,0.01846770131746036,0.003933875959865272,embedding_pca
esmc_PC783,-0.0053374038629138846,0.010557150936015815,0.0053374038629138846,embedding_pca
esmc_PC784,-0.0054924529849368795,0.015539691186494165,0.0054924529849368795,embedding_pca
esmc_PC785,-0.004789545154196044,0.005782148215138503,0.004789545154196044,embedding_pca
esmc_PC786,-0.009207501395880491,0.01053686599561673,0.009207501395880491,embedding_pca
esmc_PC787,-0.004822870042993296,0.01189813734591426,0.004822870042993296,embedding_pca
esmc_PC788,-0.005978041415313194,0.013513817140025593,0.005978041415313194,embedding_pca
esmc_PC789,-0.007179495417124648,0.010146605622687236,0.007179495417124648,embedding_pca
esmc_PC790,-0.011096509213595588,0.0076214230359000655,0.011096509213595588,embedding_pca
esmc_PC791,-0.0051090610477927826,0.01761444840098648,0.0051090610477927826,embedding_pca
esmc_PC792,-0.00101652027209767,0.015847866942324377,0.00101652027209767,embedding_pca
esmc_PC793,0.013873537235752593,0.015592051920541722,0.013873537235752593,embedding_pca
esmc_PC794,0.009691297957212455,0.01793366219228488,0.009691297957212455,embedding_pca
esmc_PC795,0.002400054756983942,0.012092787442435918,0.002400054756983942,embedding_pca
esmc_PC796,0.0068460800796896065,0.007642642218189691,0.0068460800796896065,embedding_pca
esmc_PC797,-0.004145649404950841,0.01059790260514197,0.004145649404950841,embedding_pca
esmc_PC798,0.0007242091062675735,0.018570251153636638,0.0007242091062675735,embedding_pca
esmc_PC799,-0.004472687539280785,0.016808885012689987,0.004472687539280785,embedding_pca
esmc_PC800,0.00026321253546118947,0.011728448769203596,0.00026321253546118947,embedding_pca
esmc_PC801,0.016220079584998923,0.02018169128929402,0.016220079584998923,embedding_pca
esmc_PC802,-0.00287818788837066,0.01205100461593606,0.00287818788837066,embedding_pca
esmc_PC803,0.00845480770697428,0.01961981835958261,0.00845480770697428,embedding_pca
esmc_PC804,0.009663292333446566,0.01224632987219276,0.009663292333446566,embedding_pca
esmc_PC805,0.006889770362568007,0.0188548382278424,0.006889770362568007,embedding_pca
esmc_PC806,-0.002378585879313637,0.01820585289828884,0.002378585879313637,embedding_pca
esmc_PC807,0.0036783616420225746,0.02118356163382851,0.0036783616420225746,embedding_pca
esmc_PC808,-0.00487870533347757,0.012096875609153424,0.00487870533347757,embedding_pca
esmc_PC809,-0.011662353676279767,0.013873467770443798,0.011662353676279767,embedding_pca
esmc_PC810,-0.005960969489417198,0.021145867859713504,0.005960969489417198,embedding_pca
esmc_PC811,-0.012126367626945356,0.010817790244127228,0.012126367626945356,embedding_pca
esmc_PC812,-0.00393961333198984,0.0073543729589761846,0.00393961333198984,embedding_pca
esmc_PC813,-0.001659992292183501,0.00581481772713926,0.001659992292183501,embedding_pca
esmc_PC814,0.014841299008327114,0.006040452396107604,0.014841299008327114,embedding_pca
esmc_PC815,0.002889834661043987,0.018093401354332322,0.002889834661043987,embedding_pca
esmc_PC816,-0.0021245771432404684,0.014307441399433424,0.0021245771432404684,embedding_pca
esmc_PC817,-0.005337907704624639,0.009769674371528288,0.005337907704624639,embedding_pca
esmc_PC818,-0.0008410932319230776,0.02674568782739502,0.0008410932319230776,embedding_pca
esmc_PC819,0.003782352234505071,0.02121289437645827,0.003782352234505071,embedding_pca
esmc_PC820,-0.0060491395203675895,0.014044054046754921,0.0060491395203675895,embedding_pca
esmc_PC821,0.002803831448073068,0.013194638841680687,0.002803831448073068,embedding_pca
esmc_PC822,0.006828970594936245,0.01660410585180135,0.006828970594936245,embedding_pca
esmc_PC823,0.01408095523874749,0.01297779164383688,0.01408095523874749,embedding_pca
esmc_PC824,0.0040283969206393565,0.017365784833490217,0.0040283969206393565,embedding_pca
esmc_PC825,-0.008378329905933513,0.01612564990884803,0.008378329905933513,embedding_pca
esmc_PC826,0.008934747974609173,0.012622608862140228,0.008934747974609173,embedding_pca
esmc_PC827,0.005033582816572793,0.009461170915417583,0.005033582816572793,embedding_pca
esmc_PC828,-0.008636757779292566,0.005685147476542254,0.008636757779292566,embedding_pca
esmc_PC829,-0.0027653253903955634,0.017360521087582077,0.0027653253903955634,embedding_pca
esmc_PC830,0.015175154896004923,0.012627775128761249,0.015175154896004923,embedding_pca
esmc_PC831,0.01007577400147171,0.00936527532935347,0.01007577400147171,embedding_pca
esmc_PC832,-0.015295080085436836,0.014176127021266341,0.015295080085436836,embedding_pca
esmc_PC833,-0.001857556054317093,0.00914193697300329,0.001857556054317093,embedding_pca
esmc_PC834,-0.00329966627328713,0.010219294813519053,0.00329966627328713,embedding_pca
esmc_PC835,0.0013006257246863978,0.007701216505926252,0.0013006257246863978,embedding_pca
esmc_PC836,-0.005777804803520577,0.013461326977210624,0.005777804803520577,embedding_pca
esmc_PC837,0.0074327342771083995,0.005248597390524341,0.0074327342771083995,embedding_pca
esmc_PC838,-0.0026388508382579885,0.007532125428865297,0.0026388508382579885,embedding_pca
esmc_PC839,-0.003782425344431621,0.020917071540550895,0.003782425344431621,embedding_pca
esmc_PC840,-0.0057552435537604595,0.019297486238111172,0.0057552435537604595,embedding_pca
esmc_PC841,-0.003013805819322693,0.01983151435901831,0.003013805819322693,embedding_pca
esmc_PC842,0.006793315595759031,0.018386862897623087,0.006793315595759031,embedding_pca
esmc_PC843,0.0019847866490401308,0.024703121247752004,0.0019847866490401308,embedding_pca
esmc_PC844,0.004754482640844463,0.018129742753067824,0.004754482640844463,embedding_pca
esmc_PC845,0.007589700586983203,0.0233777640742022,0.007589700586983203,embedding_pca
esmc_PC846,-0.00704529792339315,0.018189091467680392,0.00704529792339315,embedding_pca
esmc_PC847,-0.003914287728060697,0.012055832350891514,0.003914287728060697,embedding_pca
esmc_PC848,0.0029750580434572565,0.010128857636865687,0.0029750580434572565,embedding_pca
esmc_PC849,0.0033319144895131133,0.01765590556970593,0.0033319144895131133,embedding_pca
esmc_PC850,-0.013802449176750085,0.02121257160747843,0.013802449176750085,embedding_pca
esmc_PC851,-0.017118673969264808,0.015250584054253686,0.017118673969264808,embedding_pca
esmc_PC852,0.003573664183132986,0.016678428626375526,0.003573664183132986,embedding_pca
esmc_PC853,0.012551641690411541,0.02942620507114001,0.012551641690411541,embedding_pca
esmc_PC854,-0.0006086754456102355,0.011433937252759525,0.0006086754456102355,embedding_pca
esmc_PC855,-0.004113423012988613,0.017093139030069784,0.004113423012988613,embedding_pca
esmc_PC856,0.016463614718998428,0.023021268446657143,0.016463614718998428,embedding_pca
esmc_PC857,0.002580792768199609,0.032306677667700026,0.002580792768199609,embedding_pca
esmc_PC858,-0.012487952410111828,0.017418886736105966,0.012487952410111828,embedding_pca
esmc_PC859,0.008518737411369093,0.01851223632185255,0.008518737411369093,embedding_pca
esmc_PC860,-0.0033152850725411895,0.02480348115171816,0.0033152850725411895,embedding_pca
esmc_PC861,-0.0007408992443340347,0.01739609075314676,0.0007408992443340347,embedding_pca
esmc_PC862,0.006267319702657146,0.026924926645866272,0.006267319702657146,embedding_pca
esmc_PC863,-0.007178645813079057,0.01050523764044833,0.007178645813079057,embedding_pca
esmc_PC864,0.012908168628201952,0.013128897625670138,0.012908168628201952,embedding_pca
esmc_PC865,0.010578610485000204,0.016200840564812264,0.010578610485000204,embedding_pca
esmc_PC866,-0.005804446637215249,0.010090902356229581,0.005804446637215249,embedding_pca
esmc_PC867,-0.009007350174586615,0.017602514877655923,0.009007350174586615,embedding_pca
esmc_PC868,0.0015460438452660533,0.024246310189141508,0.0015460438452660533,embedding_pca
esmc_PC869,-0.011100695913189806,0.019176196701367543,0.011100695913189806,embedding_pca
esmc_PC870,0.0002567485859570259,0.008918045573987154,0.0002567485859570259,embedding_pca
esmc_PC871,0.00755406973929486,0.01268447316146114,0.00755406973929486,embedding_pca
esmc_PC872,0.008954545078233178,0.01702124936567968,0.008954545078233178,embedding_pca
esmc_PC873,-0.008692792182291359,0.014287875627086215,0.008692792182291359,embedding_pca
esmc_PC874,0.000528167746632388,0.02195847833030885,0.000528167746632388,embedding_pca
esmc_PC875,0.002006231311711103,0.015982445779404393,0.002006231311711103,embedding_pca
esmc_PC876,0.0022005060980477475,0.0131905949918865,0.0022005060980477475,embedding_pca
esmc_PC877,-0.01156416050269551,0.00593561620752542,0.01156416050269551,embedding_pca
esmc_PC878,0.0076554479749848,0.014386364619372888,0.0076554479749848,embedding_pca
esmc_PC879,0.0027392293708816224,0.011138687005872769,0.0027392293708816224,embedding_pca
esmc_PC880,0.014563820535310829,0.01893403164646285,0.014563820535310829,embedding_pca
esmc_PC881,-0.009772746990726057,0.02240126811043013,0.009772746990726057,embedding_pca
esmc_PC882,0.00854103618787494,0.012203396854884273,0.00854103618787494,embedding_pca
esmc_PC883,-0.020681208612567004,0.007804841557025658,0.020681208612567004,embedding_pca
esmc_PC884,0.011846180331543544,0.021282593342314512,0.011846180331543544,embedding_pca
esmc_PC885,-0.005873415523894919,0.02236033813868739,0.005873415523894919,embedding_pca
esmc_PC886,-0.0010416866597518198,0.00882003419297509,0.0010416866597518198,embedding_pca
esmc_PC887,-0.01878578533672577,0.01617072147376212,0.01878578533672577,embedding_pca
esmc_PC888,-0.0026120116089732204,0.016941181857927593,0.0026120116089732204,embedding_pca
esmc_PC889,-0.000554131362285527,0.011851124091673949,0.000554131362285527,embedding_pca
esmc_PC890,0.005626218648108293,0.011648383244702977,0.005626218648108293,embedding_pca
esmc_PC891,0.0041947340441869565,0.0126567749189736,0.0041947340441869565,embedding_pca
esmc_PC892,-0.014720862926162407,0.01614356211765732,0.014720862926162407,embedding_pca
esmc_PC893,0.0015269896087216975,0.024275394820582975,0.0015269896087216975,embedding_pca
esmc_PC894,-0.009674651985721993,0.009018012630607053,0.009674651985721993,embedding_pca
esmc_PC895,0.010928690796307901,0.02250011573247104,0.010928690796307901,embedding_pca
esmc_PC896,-0.002909059328544206,0.013869976588982896,0.002909059328544206,embedding_pca
esmc_PC897,-0.007448908867215967,0.01569507935129318,0.007448908867215967,embedding_pca
esmc_PC898,-0.001110243634165542,0.01309468636564128,0.001110243634165542,embedding_pca
esmc_PC899,0.008862381154057856,0.02200719912746194,0.008862381154057856,embedding_pca
esmc_PC900,-0.0014061662778828998,0.015238858820914471,0.0014061662778828998,embedding_pca
esmc_PC901,9.670732407286199e-05,0.018039351796721368,9.670732407286199e-05,embedding_pca
esmc_PC902,-0.002774657360264176,0.011868492395719028,0.002774657360264176,embedding_pca
esmc_PC903,0.007238239458236049,0.024832985771432853,0.007238239458236049,embedding_pca
esmc_PC904,0.0007209746278631155,0.016591849678424465,0.0007209746278631155,embedding_pca
esmc_PC905,0.009098447231575161,0.0149315525697296,0.009098447231575161,embedding_pca
esmc_PC906,-0.00888765687730993,0.025485868784098517,0.00888765687730993,embedding_pca
esmc_PC907,0.0027551817942863517,0.014548497205351943,0.0027551817942863517,embedding_pca
esmc_PC908,-0.004282481203851992,0.01699408044134316,0.004282481203851992,embedding_pca
esmc_PC909,-0.009262174748442811,0.009386529004994057,0.009262174748442811,embedding_pca
esmc_PC910,-0.011425085112979159,0.013061111834341789,0.011425085112979159,embedding_pca
esmc_PC911,-0.0030816456862815533,0.025436271240219615,0.0030816456862815533,embedding_pca
esmc_PC912,-0.017468803052347427,0.017334092595743283,0.017468803052347427,embedding_pca
esmc_PC913,-0.012183312671749972,0.016921865670289134,0.012183312671749972,embedding_pca
esmc_PC914,0.012909983813489673,0.010118885046985252,0.012909983813489673,embedding_pca
esmc_PC915,-0.002945084722596017,0.008304836056868697,0.002945084722596017,embedding_pca
esmc_PC916,0.0010025457753244419,0.006752496151799995,0.0010025457753244419,embedding_pca
esmc_PC917,0.007961181754511885,0.016870926918707018,0.007961181754511885,embedding_pca
esmc_PC918,0.004331451608486775,0.017224662078720143,0.004331451608486775,embedding_pca
esmc_PC919,-0.0036910867543535563,0.01142451482362807,0.0036910867543535563,embedding_pca
esmc_PC920,0.017388368603304317,0.01681453077781355,0.017388368603304317,embedding_pca
esmc_PC921,-0.004002667435798967,0.015894474001741498,0.004002667435798967,embedding_pca
esmc_PC922,-0.018834728002531644,0.007059641699596544,0.018834728002531644,embedding_pca
esmc_PC923,0.0027760497926233533,0.008116058527652938,0.0027760497926233533,embedding_pca
esmc_PC924,-0.010470291407177854,0.014555141525587234,0.010470291407177854,embedding_pca
esmc_PC925,0.0013807213487090758,0.018026907107163315,0.0013807213487090758,embedding_pca
esmc_PC926,-0.00037063339734819784,0.008742815680311822,0.00037063339734819784,embedding_pca
esmc_PC927,-0.0027637812438385616,0.01684301760113125,0.0027637812438385616,embedding_pca
esmc_PC928,0.0010042046940433042,0.011240765109842978,0.0010042046940433042,embedding_pca
esmc_PC929,-0.005670978201351771,0.014149394585202212,0.005670978201351771,embedding_pca
esmc_PC930,0.00014388377603611813,0.008500645888407389,0.00014388377603611813,embedding_pca
esmc_PC931,0.0040555553752484805,0.012074234624077603,0.0040555553752484805,embedding_pca
esmc_PC932,0.0037591307057157535,0.00972431475233134,0.0037591307057157535,embedding_pca
esmc_PC933,-0.0020998462272055316,0.00618767619283479,0.0020998462272055316,embedding_pca
esmc_PC934,0.003614703937780836,0.007896366160044748,0.003614703937780836,embedding_pca
esmc_PC935,0.008059556054477722,0.023164477118285693,0.008059556054477722,embedding_pca
esmc_PC936,0.002481465269356814,0.014057491378792586,0.002481465269356814,embedding_pca
esmc_PC937,-0.01154482291565953,0.02365103777529953,0.01154482291565953,embedding_pca
esmc_PC938,-0.016529219153411337,0.013545306149769001,0.016529219153411337,embedding_pca
esmc_PC939,0.0011609189317317438,0.010978665664843606,0.0011609189317317438,embedding_pca
esmc_PC940,-0.006691349148371553,0.008481250732130442,0.006691349148371553,embedding_pca
esmc_PC941,-0.0028194361590855197,0.0110228806238741,0.0028194361590855197,embedding_pca
esmc_PC942,-0.010164389767623697,0.012574771010217858,0.010164389767623697,embedding_pca
esmc_PC943,0.003285877841800639,0.012869356076116572,0.003285877841800639,embedding_pca
esmc_PC944,-0.008715572081543074,0.018351934670056,0.008715572081543074,embedding_pca
esmc_PC945,0.018847829034966908,0.009164416412542571,0.018847829034966908,embedding_pca
esmc_PC946,0.00567318028608791,0.008567981591413063,0.00567318028608791,embedding_pca
esmc_PC947,-0.003683990103458932,0.014243943238649866,0.003683990103458932,embedding_pca
esmc_PC948,0.005444915487902001,0.014477359910202213,0.005444915487902001,embedding_pca
esmc_PC949,-0.003241189273740573,0.01584317716106482,0.003241189273740573,embedding_pca
esmc_PC950,-0.0005513535488755123,0.013480944718436182,0.0005513535488755123,embedding_pca
esmc_PC951,-0.0016248845834189018,0.016143912387320315,0.0016248845834189018,embedding_pca
esmc_PC952,-0.004161772031291693,0.008494957194592468,0.004161772031291693,embedding_pca
esmc_PC953,-0.009374658079641362,0.016954631918458498,0.009374658079641362,embedding_pca
esmc_PC954,-0.0005934791459432321,0.009684188592910816,0.0005934791459432321,embedding_pca
esmc_PC955,-0.007030720310646483,0.017795921956882232,0.007030720310646483,embedding_pca
esmc_PC956,0.002881595676368508,0.019138216528259772,0.002881595676368508,embedding_pca
esmc_PC957,0.006224020196877517,0.0170265849013841,0.006224020196877517,embedding_pca
esmc_PC958,-0.015681883437245504,0.01374207310251177,0.015681883437245504,embedding_pca
esmc_PC959,-0.009316012832753575,0.016794643760521873,0.009316012832753575,embedding_pca
esmc_PC960,0.016273974856480765,0.01884190697253854,0.016273974856480765,embedding_pca
esmc_PC961,-0.0010841856051786516,0.022131013257075793,0.0010841856051786516,embedding_pca
esmc_PC962,-0.0015929307967766273,0.025119013662839605,0.0015929307967766273,embedding_pca
esmc_PC963,-0.0013671395229389277,0.01244283674925976,0.0013671395229389277,embedding_pca
esmc_PC964,-0.006338439584714914,0.023689350458892998,0.006338439584714914,embedding_pca
esmc_PC965,-0.0006938617770764956,0.022088600887514572,0.0006938617770764956,embedding_pca
esmc_PC966,-0.017730707719348357,0.028617477031017437,0.017730707719348357,embedding_pca
esmc_PC967,-0.001408612957563669,0.008686828767361729,0.001408612957563669,embedding_pca
esmc_PC968,0.0020331259724602874,0.014199839194456332,0.0020331259724602874,embedding_pca
esmc_PC969,0.004558374624694389,0.017985908718850054,0.004558374624694389,embedding_pca
esmc_PC970,0.007203703162674229,0.019700944983081434,0.007203703162674229,embedding_pca
esmc_PC971,-0.006293799288874224,0.011581880102450164,0.006293799288874224,embedding_pca
esmc_PC972,0.0031248990788037743,0.012674957168980627,0.0031248990788037743,embedding_pca
esmc_PC973,0.004515322563623167,0.025540288947211116,0.004515322563623167,embedding_pca
esmc_PC974,0.003173543196818728,0.011468052215952118,0.003173543196818728,embedding_pca
esmc_PC975,-0.00781672237536648,0.012160801177469953,0.00781672237536648,embedding_pca
esmc_PC976,0.003979964659623058,0.01691249161381047,0.003979964659623058,embedding_pca
esmc_PC977,-0.0006814508780466955,0.011768356889934346,0.0006814508780466955,embedding_pca
esmc_PC978,-0.011698662856751248,0.012760782051902252,0.011698662856751248,embedding_pca
esmc_PC979,-0.01200373025048006,0.016164570988854148,0.01200373025048006,embedding_pca
esmc_PC980,-0.0015714624749171822,0.02076894620330483,0.0015714624749171822,embedding_pca
esmc_PC981,7.392566363333269e-05,0.014333481281776743,7.392566363333269e-05,embedding_pca
esmc_PC982,-0.0007699707432560569,0.007542674684615872,0.0007699707432560569,embedding_pca
esmc_PC983,0.00042492388585050575,0.015440827284369782,0.00042492388585050575,embedding_pca
esmc_PC984,0.002821998118959227,0.016754127064055362,0.002821998118959227,embedding_pca
esmc_PC985,-0.0019147286920567432,0.013740359266605873,0.0019147286920567432,embedding_pca
esmc_PC986,0.002602189052355449,0.016955627030045516,0.002602189052355449,embedding_pca
esmc_PC987,0.008437673696193044,0.026170066111422134,0.008437673696193044,embedding_pca
esmc_PC988,0.009225789708623828,0.02266913719153724,0.009225789708623828,embedding_pca
esmc_PC989,0.0054311054677849985,0.0073367931543287185,0.0054311054677849985,embedding_pca
esmc_PC990,0.012140032536803154,0.017001482311540903,0.012140032536803154,embedding_pca
esmc_PC991,-0.002016187981491251,0.010693289899574087,0.002016187981491251,embedding_pca
esmc_PC992,-0.015646752078782078,0.012595045511424798,0.015646752078782078,embedding_pca
esmc_PC993,0.015259483624513168,0.018688986998441057,0.015259483624513168,embedding_pca
esmc_PC994,0.00912787735042736,0.016810539538023174,0.00912787735042736,embedding_pca
esmc_PC995,-0.009575750201042964,0.013288557262787664,0.009575750201042964,embedding_pca
esmc_PC996,0.002268329678023074,0.014318714139157064,0.002268329678023074,embedding_pca
esmc_PC997,0.014723422760385813,0.013061735508983126,0.014723422760385813,embedding_pca
esmc_PC998,0.012798190422340944,0.00920325785639603,0.012798190422340944,embedding_pca
esmc_PC999,0.0038781309710416946,0.015583569580919538,0.0038781309710416946,embedding_pca
esmc_PC1000,0.002459425781633994,0.016306225985576232,0.002459425781633994,embedding_pca
esmc_PC1001,-0.0008716115405926608,0.011956690354939447,0.0008716115405926608,embedding_pca
esmc_PC1002,0.011795149445216358,0.01577520866210122,0.011795149445216358,embedding_pca
esmc_PC1003,-0.01357558012683045,0.01945938586066049,0.01357558012683045,embedding_pca
esmc_PC1004,0.0014417781603033683,0.01778469664576058,0.0014417781603033683,embedding_pca
esmc_PC1005,0.005873981189839402,0.021242259339124082,0.005873981189839402,embedding_pca
esmc_PC1006,-0.004392466468627207,0.017958048878168924,0.004392466468627207,embedding_pca
esmc_PC1007,0.004216096929053172,0.011723410010125826,0.004216096929053172,embedding_pca
esmc_PC1008,0.00952645556757444,0.027919568450910502,0.00952645556757444,embedding_pca
esmc_PC1009,0.005804734011028544,0.022156046595762254,0.005804734011028544,embedding_pca
esmc_PC1010,0.0029131158482017827,0.011642565019855583,0.0029131158482017827,embedding_pca
esmc_PC1011,0.007928196862091686,0.023433038762947077,0.007928196862091686,embedding_pca
esmc_PC1012,0.009472869339421942,0.010796737822443798,0.009472869339421942,embedding_pca
esmc_PC1013,0.0014216389360768155,0.018851077002100397,0.0014216389360768155,embedding_pca
esmc_PC1014,-0.009895793289603352,0.015482603104541704,0.009895793289603352,embedding_pca
esmc_PC1015,-0.0029018162513628092,0.010394381099782184,0.0029018162513628092,embedding_pca
esmc_PC1016,0.002242532482478952,0.008358636570740553,0.002242532482478952,embedding_pca
esmc_PC1017,0.008904062745237874,0.02327958214787635,0.008904062745237874,embedding_pca
esmc_PC1018,0.0005887295588388962,0.01061370632630814,0.0005887295588388962,embedding_pca
esmc_PC1019,-0.0011123068823474275,0.016231687541583648,0.0011123068823474275,embedding_pca
esmc_PC1020,0.008813220549292311,0.015878892158025477,0.008813220549292311,embedding_pca
esmc_PC1021,-0.00021487922159533351,0.013669367929634831,0.00021487922159533351,embedding_pca
esmc_PC1022,0.005988972473223863,0.009283282235887784,0.005988972473223863,embedding_pca
esmc_PC1023,-0.01537883122795482,0.014605008184423193,0.01537883122795482,embedding_pca
esmc_PC1024,0.0045867755113991595,0.006869509562712185,0.0045867755113991595,embedding_pca
esmc_PC1025,0.006622148785366407,0.020584777175887418,0.006622148785366407,embedding_pca
esmc_PC1026,-0.011234681719211532,0.026446477232787695,0.011234681719211532,embedding_pca
esmc_PC1027,9.39287089187682e-05,0.00875884945630177,9.39287089187682e-05,embedding_pca
esmc_PC1028,0.0085668767276979,0.012612695536657918,0.0085668767276979,embedding_pca
esmc_PC1029,0.006043521557098142,0.014919435131576057,0.006043521557098142,embedding_pca
esmc_PC1030,0.011579706552373729,0.012504588697174055,0.011579706552373729,embedding_pca
esmc_PC1031,-0.0039461153927464725,0.004784068442498561,0.0039461153927464725,embedding_pca
esmc_PC1032,0.002080790104868875,0.004547479225624353,0.002080790104868875,embedding_pca
esmc_PC1033,-0.0003205728070718733,0.01603815997708961,0.0003205728070718733,embedding_pca
esmc_PC1034,-0.01403320020259905,0.007412092536736516,0.01403320020259905,embedding_pca
esmc_PC1035,0.001084765079563423,0.013878963023798844,0.001084765079563423,embedding_pca
esmc_PC1036,0.0034798768291135736,0.015042970318504791,0.0034798768291135736,embedding_pca
esmc_PC1037,-0.0013193120461613118,0.0150895322576336,0.0013193120461613118,embedding_pca
esmc_PC1038,-0.013234893269642075,0.011241636196627897,0.013234893269642075,embedding_pca
esmc_PC1039,0.0025093736594298463,0.01755131904393258,0.0025093736594298463,embedding_pca
esmc_PC1040,-0.0009051780578226629,0.00895446512182205,0.0009051780578226629,embedding_pca
esmc_PC1041,0.005902929564218786,0.017835358186383467,0.005902929564218786,embedding_pca
esmc_PC1042,-0.0058597163556772065,0.008305132329506193,0.0058597163556772065,embedding_pca
esmc_PC1043,-0.01032191414215118,0.021844657328912134,0.01032191414215118,embedding_pca
esmc_PC1044,0.013379940108622992,0.020174390137689416,0.013379940108622992,embedding_pca
esmc_PC1045,-0.004058240809151126,0.020728853007403427,0.004058240809151126,embedding_pca
esmc_PC1046,-0.0038423170797602783,0.005109933618328285,0.0038423170797602783,embedding_pca
esmc_PC1047,-0.004901237028876285,0.00871173917432317,0.004901237028876285,embedding_pca
esmc_PC1048,-0.004669979947862707,0.009415674756892022,0.004669979947862707,embedding_pca
esmc_PC1049,-0.0064832283053713,0.013963089691944227,0.0064832283053713,embedding_pca
esmc_PC1050,-0.002364639519953699,0.018475538761527355,0.002364639519953699,embedding_pca
esmc_PC1051,0.004380436588627393,0.009188780077221733,0.004380436588627393,embedding_pca
esmc_PC1052,0.008535111429895121,0.007420318998085854,0.008535111429895121,embedding_pca
esmc_PC1053,0.0011872495839341912,0.019489413579353413,0.0011872495839341912,embedding_pca
esmc_PC1054,0.00132593753836351,0.010777508749243636,0.00132593753836351,embedding_pca
esmc_PC1055,-0.011704025070975194,0.012239961820696551,0.011704025070975194,embedding_pca
esmc_PC1056,0.00018651699569695936,0.012649654039331926,0.00018651699569695936,embedding_pca
esmc_PC1057,-0.0024608252998681353,0.009745145835147666,0.0024608252998681353,embedding_pca
esmc_PC1058,0.004354436595259527,0.018873560512410965,0.004354436595259527,embedding_pca
esmc_PC1059,0.007891297377703926,0.01203310445275517,0.007891297377703926,embedding_pca
esmc_PC1060,0.00026010008937921066,0.008945264312368957,0.00026010008937921066,embedding_pca
esmc_PC1061,-0.003945502158488634,0.018753514205009633,0.003945502158488634,embedding_pca
esmc_PC1062,-0.0013530401601188947,0.018986479140555616,0.0013530401601188947,embedding_pca
esmc_PC1063,6.131457507619828e-05,0.023581107144986995,6.131457507619828e-05,embedding_pca
esmc_PC1064,-0.002438435404594613,0.016661938168829285,0.002438435404594613,embedding_pca
esmc_PC1065,0.0019059231668952278,0.02176302960264424,0.0019059231668952278,embedding_pca
esmc_PC1066,0.003257251927299829,0.016621543175158588,0.003257251927299829,embedding_pca
esmc_PC1067,-0.006270350392879272,0.01743815783209816,0.006270350392879272,embedding_pca
esmc_PC1068,0.005111075303324213,0.029859035270548225,0.005111075303324213,embedding_pca
esmc_PC1069,-0.014143280727598092,0.011712117748693136,0.014143280727598092,embedding_pca
esmc_PC1070,-0.003954462629075675,0.017079160424407807,0.003954462629075675,embedding_pca
esmc_PC1071,0.010138646339734872,0.01777406811692566,0.010138646339734872,embedding_pca
esmc_PC1072,0.004180134799859735,0.018900486065783897,0.004180134799859735,embedding_pca
esmc_PC1073,-0.011820170216583905,0.010298258588114463,0.011820170216583905,embedding_pca
esmc_PC1074,-0.00549772532807313,0.01487626192102079,0.00549772532807313,embedding_pca
esmc_PC1075,-0.007301944015551983,0.011126495849560157,0.007301944015551983,embedding_pca
esmc_PC1076,0.003197659579342679,0.011231173135055506,0.003197659579342679,embedding_pca
esmc_PC1077,0.000935961613043956,0.007573654067020133,0.000935961613043956,embedding_pca
esmc_PC1078,-0.0016417243269922477,0.020328021847266328,0.0016417243269922477,embedding_pca
esmc_PC1079,-0.010038746856295012,0.018337390659348234,0.010038746856295012,embedding_pca
esmc_PC1080,-0.0030791942205077865,0.014065451319185466,0.0030791942205077865,embedding_pca
esmc_PC1081,-0.0012251807357708591,0.012248901396014408,0.0012251807357708591,embedding_pca
esmc_PC1082,0.004147242180124322,0.013396397260269125,0.004147242180124322,embedding_pca
esmc_PC1083,0.0011368277599046745,0.014028499011768862,0.0011368277599046745,embedding_pca
esmc_PC1084,-0.007310934736715366,0.021718680305783354,0.007310934736715366,embedding_pca
esmc_PC1085,-0.007862481062391905,0.017333884582141655,0.007862481062391905,embedding_pca
esmc_PC1086,-0.00573312344439618,0.019013727239218976,0.00573312344439618,embedding_pca
esmc_PC1087,0.0054687702173164526,0.019586607796873358,0.0054687702173164526,embedding_pca
esmc_PC1088,0.0014368626810084078,0.010116289811322954,0.0014368626810084078,embedding_pca
esmc_PC1089,-0.0001528098916141833,0.011179494550602237,0.0001528098916141833,embedding_pca
esmc_PC1090,-0.011038749258251952,0.015532037999296968,0.011038749258251952,embedding_pca
esmc_PC1091,0.009657530765120662,0.026794231593810128,0.009657530765120662,embedding_pca
esmc_PC1092,0.012441037468280809,0.014940972616860997,0.012441037468280809,embedding_pca
esmc_PC1093,-0.0007981670348291163,0.02303392467448109,0.0007981670348291163,embedding_pca
esmc_PC1094,2.3614571566755657e-05,0.012980893148725053,2.3614571566755657e-05,embedding_pca
esmc_PC1095,-0.0025052133082505298,0.009556386590050458,0.0025052133082505298,embedding_pca
esmc_PC1096,0.005163422428905524,0.0074079396135995805,0.005163422428905524,embedding_pca
esmc_PC1097,-0.016326754566244224,0.020133435930613588,0.016326754566244224,embedding_pca
esmc_PC1098,0.000693592511104953,0.017157554899006604,0.000693592511104953,embedding_pca
esmc_PC1099,0.0008668374267889647,0.014470849396398333,0.0008668374267889647,embedding_pca
esmc_PC1100,0.00012239983498915017,0.014158932503833939,0.00012239983498915017,embedding_pca
esmc_PC1101,-0.008386306439729744,0.007441743828677355,0.008386306439729744,embedding_pca
esmc_PC1102,0.000748276482933408,0.010315013941898906,0.000748276482933408,embedding_pca
esmc_PC1103,0.017234028858057016,0.014036267336758711,0.017234028858057016,embedding_pca
esmc_PC1104,-0.002007880898801116,0.02195370676437139,0.002007880898801116,embedding_pca
esmc_PC1105,-0.006301461384737475,0.023551924243787787,0.006301461384737475,embedding_pca
esmc_PC1106,0.01629690884577066,0.012835258875042324,0.01629690884577066,embedding_pca
esmc_PC1107,-0.0034332886920590915,0.01844527066552434,0.0034332886920590915,embedding_pca
esmc_PC1108,-0.007225449438904505,0.005090028578922897,0.007225449438904505,embedding_pca
esmc_PC1109,-0.0016336992653219434,0.013981460346475388,0.0016336992653219434,embedding_pca
esmc_PC1110,-0.0035530025008522134,0.01939399093483365,0.0035530025008522134,embedding_pca
esmc_PC1111,-0.0011532857571511846,0.014087887491762083,0.0011532857571511846,embedding_pca
esmc_PC1112,0.00039822683042673617,0.014145637423087918,0.00039822683042673617,embedding_pca
esmc_PC1113,-0.00858403028823607,0.018263879491016207,0.00858403028823607,embedding_pca
esmc_PC1114,0.01980992161238801,0.02243557686074064,0.01980992161238801,embedding_pca
esmc_PC1115,0.01069027007061293,0.009374416617857663,0.01069027007061293,embedding_pca
esmc_PC1116,-0.004500858233436001,0.00790476223746581,0.004500858233436001,embedding_pca
esmc_PC1117,-0.011835891797285558,0.012598173537350165,0.011835891797285558,embedding_pca
esmc_PC1118,-0.0016709378375049464,0.011388098136821232,0.0016709378375049464,embedding_pca
esmc_PC1119,-0.0006570859669028158,0.029650060751258138,0.0006570859669028158,embedding_pca
esmc_PC1120,-0.006642839909603651,0.014051378383685378,0.006642839909603651,embedding_pca
esmc_PC1121,-0.005544748334576348,0.0178251038328379,0.005544748334576348,embedding_pca
esmc_PC1122,-0.0017441352714870951,0.015042985360774598,0.0017441352714870951,embedding_pca
esmc_PC1123,-0.001400529160001268,0.024342464408556568,0.001400529160001268,embedding_pca
esmc_PC1124,-0.00032897021097688244,0.01136852720736986,0.00032897021097688244,embedding_pca
esmc_PC1125,-0.002875019799650733,0.021195953814219962,0.002875019799650733,embedding_pca
esmc_PC1126,-0.004998356829013291,0.006712678417493916,0.004998356829013291,embedding_pca
esmc_PC1127,0.0065990537074850945,0.014277972362825336,0.0065990537074850945,embedding_pca
esmc_PC1128,-0.012108084280630333,0.007184426647696647,0.012108084280630333,embedding_pca
esmc_PC1129,-0.004260501137243411,0.020079603208775255,0.004260501137243411,embedding_pca
esmc_PC1130,0.01061931549496234,0.015867499366623062,0.01061931549496234,embedding_pca
esmc_PC1131,-0.0033415542249206074,0.007617677329767636,0.0033415542249206074,embedding_pca
esmc_PC1132,0.0002308088868772158,0.013398126188819711,0.0002308088868772158,embedding_pca
esmc_PC1133,-0.0027500853781462524,0.009192832220617545,0.0027500853781462524,embedding_pca
esmc_PC1134,1.5630307881297003e-05,0.014983819388820846,1.5630307881297003e-05,embedding_pca
esmc_PC1135,-0.012464489096519742,0.011918163631195156,0.012464489096519742,embedding_pca
esmc_PC1136,-0.0009469378212465955,0.012884946072268628,0.0009469378212465955,embedding_pca
esmc_PC1137,-0.0014035600234075486,0.014484090595012204,0.0014035600234075486,embedding_pca
esmc_PC1138,-0.005414683288851087,0.011487445531233292,0.005414683288851087,embedding_pca
esmc_PC1139,0.003952847576662543,0.02585506774106874,0.003952847576662543,embedding_pca
esmc_PC1140,-0.01166112536328541,0.010171631628422037,0.01166112536328541,embedding_pca
esmc_PC1141,0.008415217330016211,0.011369299592529896,0.008415217330016211,embedding_pca
esmc_PC1142,-0.00014215102176392625,0.018168750423529747,0.00014215102176392625,embedding_pca
esmc_PC1143,-0.003605350210828317,0.02563740754346035,0.003605350210828317,embedding_pca
esmc_PC1144,0.00020097871183724845,0.023017521715068025,0.00020097871183724845,embedding_pca
esmc_PC1145,-0.004552636443353989,0.014499472626661474,0.004552636443353989,embedding_pca
esmc_PC1146,0.0007778316996277165,0.01853561858487647,0.0007778316996277165,embedding_pca
esmc_PC1147,0.015354987221716493,0.011429246478694489,0.015354987221716493,embedding_pca
esmc_PC1148,0.011587172661184203,0.010883698524809329,0.011587172661184203,embedding_pca
esmc_PC1149,0.0019377891184187471,0.02015512642777755,0.0019377891184187471,embedding_pca
esmc_PC1150,0.018612051351332967,0.017454368558091713,0.018612051351332967,embedding_pca
esmc_PC1151,-0.005154105391684395,0.014752092753994606,0.005154105391684395,embedding_pca
esmc_PC1152,0.013778748862550608,0.019258919806080535,0.013778748862550608,embedding_pca
esmc_PC1153,-0.006485533046966982,0.017903126871834,0.006485533046966982,embedding_pca
esmc_PC1154,-0.0038568191517597316,0.03212863251976684,0.0038568191517597316,embedding_pca
esmc_PC1155,0.008578457680467206,0.006785982134343359,0.008578457680467206,embedding_pca
esmc_PC1156,-0.01240163045298715,0.018617619183026596,0.01240163045298715,embedding_pca
esmc_PC1157,-0.00012879422321380383,0.011381935985510476,0.00012879422321380383,embedding_pca
esmc_PC1158,-0.0007417248405901421,0.013405007937757429,0.0007417248405901421,embedding_pca
esmc_PC1159,-0.010039789066692579,0.021922014008650816,0.010039789066692579,embedding_pca
esmc_PC1160,0.0008120573732810423,0.020667519692097278,0.0008120573732810423,embedding_pca
esmc_PC1161,0.002916203402827798,0.01930375466060911,0.002916203402827798,embedding_pca
esmc_PC1162,-0.01111311243060619,0.017078399554546653,0.01111311243060619,embedding_pca
esmc_PC1163,0.005744965779574422,0.011276098228544713,0.005744965779574422,embedding_pca
esmc_PC1164,0.002044723999960658,0.008322131441949456,0.002044723999960658,embedding_pca
esmc_PC1165,0.00023090660258505495,0.014946073827676157,0.00023090660258505495,embedding_pca
esmc_PC1166,0.008020700357163374,0.009704954637312607,0.008020700357163374,embedding_pca
esmc_PC1167,-0.004616287471110373,0.013316486717681663,0.004616287471110373,embedding_pca
esmc_PC1168,-0.00860648728871695,0.017990553325345833,0.00860648728871695,embedding_pca
esmc_PC1169,0.0030647569087186655,0.00892329879633919,0.0030647569087186655,embedding_pca
esmc_PC1170,-0.00480495532389337,0.014474051880914668,0.00480495532389337,embedding_pca
esmc_PC1171,-0.01635061224875784,0.020480038569950842,0.01635061224875784,embedding_pca
esmc_PC1172,0.010239448124251115,0.015539903369927518,0.010239448124251115,embedding_pca
esmc_PC1173,-0.01359794329341894,0.012249144117701142,0.01359794329341894,embedding_pca
esmc_PC1174,0.0026816802275838668,0.015135084729270613,0.0026816802275838668,embedding_pca
esmc_PC1175,-0.00015979157278608584,0.009885231945172579,0.00015979157278608584,embedding_pca
esmc_PC1176,-0.004539467103242387,0.005188958835520816,0.004539467103242387,embedding_pca
esmc_PC1177,0.007211822330128084,0.01668716935683141,0.007211822330128084,embedding_pca
esmc_PC1178,0.004127445228192007,0.016675498130526323,0.004127445228192007,embedding_pca
esmc_PC1179,0.00351242325436531,0.007307206915996696,0.00351242325436531,embedding_pca
esmc_PC1180,0.0022277484504719105,0.029111091810919535,0.0022277484504719105,embedding_pca
esmc_PC1181,-0.01622802906970934,0.013985051797494628,0.01622802906970934,embedding_pca
esmc_PC1182,0.00500307940796384,0.020786384248113077,0.00500307940796384,embedding_pca
esmc_PC1183,0.006584362011657516,0.020440680704014096,0.006584362011657516,embedding_pca
esmc_PC1184,0.004832544464550929,0.018483149510176454,0.004832544464550929,embedding_pca
esmc_PC1185,0.008101874108864676,0.006772320672264434,0.008101874108864676,embedding_pca
esmc_PC1186,0.0063788352685499915,0.009841388437941438,0.0063788352685499915,embedding_pca
esmc_PC1187,-0.010407264138563466,0.0062353569499051355,0.010407264138563466,embedding_pca
esmc_PC1188,-0.0006605058758840679,0.01805368795328084,0.0006605058758840679,embedding_pca
esmc_PC1189,-0.0009791206565744194,0.01078855307024211,0.0009791206565744194,embedding_pca
esmc_PC1190,-0.005110787874994563,0.007299902813796346,0.005110787874994563,embedding_pca
esmc_PC1191,-0.0034464272628663443,0.010074158891538771,0.0034464272628663443,embedding_pca
esmc_PC1192,-0.010087792982422548,0.012644495124687407,0.010087792982422548,embedding_pca
esmc_PC1193,0.011251513051367769,0.007124512443602276,0.011251513051367769,embedding_pca
esmc_PC1194,0.002693395628108422,0.01595554494095569,0.002693395628108422,embedding_pca
esmc_PC1195,0.014564445104672252,0.006471681625826365,0.014564445104672252,embedding_pca
esmc_PC1196,0.008041181395866232,0.0175090215184255,0.008041181395866232,embedding_pca
esmc_PC1197,0.00455043871950133,0.017154650521448923,0.00455043871950133,embedding_pca
esmc_PC1198,0.013630097035191002,0.020103290132678107,0.013630097035191002,embedding_pca
esmc_PC1199,-0.006315020377699547,0.008790183633139352,0.006315020377699547,embedding_pca
esmc_PC1200,0.003548605518516105,0.016691339042825677,0.003548605518516105,embedding_pca
esmc_PC1201,-0.0051853547669093196,0.017775127359928526,0.0051853547669093196,embedding_pca
esmc_PC1202,0.006236115881868509,0.010198191229395704,0.006236115881868509,embedding_pca
esmc_PC1203,0.00538998348950988,0.02309261044307353,0.00538998348950988,embedding_pca
esmc_PC1204,0.004412586985722124,0.01003566412462348,0.004412586985722124,embedding_pca
esmc_PC1205,-0.008837397556068688,0.009613040884534154,0.008837397556068688,embedding_pca
esmc_PC1206,-0.007353090426125239,0.009452140516733007,0.007353090426125239,embedding_pca
esmc_PC1207,-8.769449182449013e-05,0.015413657536608567,8.769449182449013e-05,embedding_pca
esmc_PC1208,0.003302087100638796,0.005548042564940968,0.003302087100638796,embedding_pca
esmc_PC1209,-0.010711717797643346,0.008020767101740857,0.010711717797643346,embedding_pca
esmc_PC1210,-0.00303741114942351,0.011666866358026133,0.00303741114942351,embedding_pca
esmc_PC1211,0.0017683495559270616,0.012870278293621168,0.0017683495559270616,embedding_pca
esmc_PC1212,-0.00450744139411996,0.014028235719509157,0.00450744139411996,embedding_pca
esmc_PC1213,0.0066801871157297675,0.007071235262881593,0.0066801871157297675,embedding_pca
esmc_PC1214,-0.010632308578157232,0.014421022855777921,0.010632308578157232,embedding_pca
esmc_PC1215,0.01296997903682259,0.012683034407737617,0.01296997903682259,embedding_pca
esmc_PC1216,-0.006745407620018584,0.023473904569168588,0.006745407620018584,embedding_pca
esmc_PC1217,-0.022385690934158254,0.014885513934569697,0.022385690934158254,embedding_pca
esmc_PC1218,-0.0011098405513947564,0.018581483135065188,0.0011098405513947564,embedding_pca
esmc_PC1219,0.0073038506299598505,0.017400003503772556,0.0073038506299598505,embedding_pca
esmc_PC1220,0.004105291168743813,0.012728503238819317,0.004105291168743813,embedding_pca
esmc_PC1221,0.0022958579962003576,0.0192453630128681,0.0022958579962003576,embedding_pca
esmc_PC1222,8.340437648473032e-05,0.01566347558455274,8.340437648473032e-05,embedding_pca
esmc_PC1223,0.004459582915870074,0.013328199630086877,0.004459582915870074,embedding_pca
esmc_PC1224,-0.011906723192425389,0.028576030350959108,0.011906723192425389,embedding_pca
esmc_PC1225,-0.0136626614869973,0.021176430697696712,0.0136626614869973,embedding_pca
esmc_PC1226,0.007155376975192096,0.012027470733683392,0.007155376975192096,embedding_pca
esmc_PC1227,0.013117742583351374,0.008177003521326661,0.013117742583351374,embedding_pca
esmc_PC1228,-0.0007158883678408439,0.013039186002170161,0.0007158883678408439,embedding_pca
esmc_PC1229,-0.0010726979492683406,0.023859334209583576,0.0010726979492683406,embedding_pca
esmc_PC1230,-0.0048056100660940244,0.006763255080797365,0.0048056100660940244,embedding_pca
esmc_PC1231,0.005766088459509352,0.022493364405712975,0.005766088459509352,embedding_pca
esmc_PC1232,-0.0029496173820622177,0.017155182081808395,0.0029496173820622177,embedding_pca
esmc_PC1233,-0.007119218342404759,0.009836683848614594,0.007119218342404759,embedding_pca
esmc_PC1234,0.002894541602453546,0.01328904339550496,0.002894541602453546,embedding_pca
esmc_PC1235,0.0001963940406274579,0.021116063993457317,0.0001963940406274579,embedding_pca
esmc_PC1236,0.007246363460052736,0.012407841628875876,0.007246363460052736,embedding_pca
esmc_PC1237,-0.011963616031217624,0.008563654302787814,0.011963616031217624,embedding_pca
esmc_PC1238,0.0018610538379620393,0.010884682851545696,0.0018610538379620393,embedding_pca
esmc_PC1239,-0.004478075282215013,0.012899526816407922,0.004478075282215013,embedding_pca
esmc_PC1240,0.0052806003284845545,0.019161716184477297,0.0052806003284845545,embedding_pca
esmc_PC1241,-0.002991621270047022,0.015311565509809085,0.002991621270047022,embedding_pca
esmc_PC1242,-0.011127771019836951,0.012693567187362574,0.011127771019836951,embedding_pca
esmc_PC1243,0.016079619005212747,0.01873110891451774,0.016079619005212747,embedding_pca
esmc_PC1244,-0.018837225437348278,0.010898858278622567,0.018837225437348278,embedding_pca
esmc_PC1245,-0.0024057838345636065,0.014080184612857745,0.0024057838345636065,embedding_pca
esmc_PC1246,-0.015147259005291564,0.017726492956137815,0.015147259005291564,embedding_pca
esmc_PC1247,0.01213414665141726,0.009641689622264258,0.01213414665141726,embedding_pca
esmc_PC1248,0.009338476517905415,0.011691588333753427,0.009338476517905415,embedding_pca
esmc_PC1249,0.0049198433363989245,0.012280078843014944,0.0049198433363989245,embedding_pca
esmc_PC1250,-0.01309893968424491,0.019241704920098985,0.01309893968424491,embedding_pca
esmc_PC1251,0.007445160908676687,0.019621964571981475,0.007445160908676687,embedding_pca
esmc_PC1252,0.013327491912815145,0.018517965912063124,0.013327491912815145,embedding_pca
esmc_PC1253,-0.011171304660599025,0.010827521235226267,0.011171304660599025,embedding_pca
esmc_PC1254,-0.0010525102288737667,0.017870557379940658,0.0010525102288737667,embedding_pca
esmc_PC1255,-0.010257938077031908,0.02330638809551693,0.010257938077031908,embedding_pca
esmc_PC1256,-0.0021576079115018464,0.004960408863179649,0.0021576079115018464,embedding_pca
esmc_PC1257,0.014074112077169715,0.015208889840928245,0.014074112077169715,embedding_pca
esmc_PC1258,0.00890111668738328,0.008154087902484817,0.00890111668738328,embedding_pca
esmc_PC1259,0.00870360749089981,0.0220083186814236,0.00870360749089981,embedding_pca
esmc_PC1260,0.016227229789235985,0.012360626684965789,0.016227229789235985,embedding_pca
esmc_PC1261,-0.0028025940815792705,0.023914470572118533,0.0028025940815792705,embedding_pca
esmc_PC1262,-0.006874844912810882,0.021366867978035334,0.006874844912810882,embedding_pca
esmc_PC1263,0.001769957813577983,0.008966832512615777,0.001769957813577983,embedding_pca
esmc_PC1264,0.0022717664818829378,0.007369099461919363,0.0022717664818829378,embedding_pca
esmc_PC1265,-0.0035043002040282024,0.017139245911808425,0.0035043002040282024,embedding_pca
esmc_PC1266,0.00888310549533099,0.009613254453566594,0.00888310549533099,embedding_pca
esmc_PC1267,-0.012186898418967706,0.014522081010534838,0.012186898418967706,embedding_pca
esmc_PC1268,0.004017320694970167,0.009480991292218478,0.004017320694970167,embedding_pca
esmc_PC1269,0.008245479079428845,0.012437999885848426,0.008245479079428845,embedding_pca
esmc_PC1270,-0.008887968643583294,0.01812154345690881,0.008887968643583294,embedding_pca
esmc_PC1271,0.00661634222185678,0.017296295824650094,0.00661634222185678,embedding_pca
esmc_PC1272,0.006785138130595242,0.008780214344916569,0.006785138130595242,embedding_pca
esmc_PC1273,-0.002463565298536291,0.014474112864384558,0.002463565298536291,embedding_pca
esmc_PC1274,-0.007554819997796872,0.010696230777915025,0.007554819997796872,embedding_pca
esmc_PC1275,0.009986592047491683,0.010075947900550901,0.009986592047491683,embedding_pca
esmc_PC1276,0.00917640764296789,0.011199337079312479,0.00917640764296789,embedding_pca
esmc_PC1277,0.0003456602347851953,0.02327200946297836,0.0003456602347851953,embedding_pca
esmc_PC1278,-0.009662425063242329,0.007689169461061557,0.009662425063242329,embedding_pca
esmc_PC1279,0.009008812158530322,0.015806105466849206,0.009008812158530322,embedding_pca
esmc_PC1280,-0.005215220561274663,0.007555225016369858,0.005215220561274663,embedding_pca
esmc_PC1281,0.002740289549502358,0.006762877528759918,0.002740289549502358,embedding_pca
esmc_PC1282,-0.0049514827937467525,0.011610242795689332,0.0049514827937467525,embedding_pca
esmc_PC1283,0.00522969162787491,0.014775295173832173,0.00522969162787491,embedding_pca
esmc_PC1284,-0.006295957521334564,0.023085887914611133,0.006295957521334564,embedding_pca
esmc_PC1285,-0.014386804020278799,0.009625217857449658,0.014386804020278799,embedding_pca
esmc_PC1286,0.01543049866415687,0.013714456871727369,0.01543049866415687,embedding_pca
esmc_PC1287,-0.005428660375399902,0.01748737616871907,0.005428660375399902,embedding_pca
esmc_PC1288,0.0013030743128026442,0.012747992986544889,0.0013030743128026442,embedding_pca
esmc_PC1289,-0.008784524281891758,0.010028324960540923,0.008784524281891758,embedding_pca
esmc_PC1290,0.008944810037051465,0.01256124775403086,0.008944810037051465,embedding_pca
esmc_PC1291,-0.005737960767462209,0.013660488115675851,0.005737960767462209,embedding_pca
esmc_PC1292,-0.001312221470494712,0.017462849821664957,0.001312221470494712,embedding_pca
esmc_PC1293,0.006105561710764579,0.012913982406665633,0.006105561710764579,embedding_pca
esmc_PC1294,-0.004773049580845517,0.012688275314079822,0.004773049580845517,embedding_pca
esmc_PC1295,-0.008968054904926252,0.014482220605544598,0.008968054904926252,embedding_pca
esmc_PC1296,-0.0065266343677963055,0.017145026549547766,0.0065266343677963055,embedding_pca
esmc_PC1297,0.009831504020302086,0.004495644396407532,0.009831504020302086,embedding_pca
esmc_PC1298,0.0075149110388670285,0.007339371818573814,0.0075149110388670285,embedding_pca
esmc_PC1299,-0.011317507575024649,0.014363817992069563,0.011317507575024649,embedding_pca
esmc_PC1300,0.007813611999192931,0.02735450207115569,0.007813611999192931,embedding_pca
esmc_PC1301,-0.00743451279986306,0.015601179470497191,0.00743451279986306,embedding_pca
esmc_PC1302,0.0008296129379268592,0.015583442556348309,0.0008296129379268592,embedding_pca
esmc_PC1303,0.007126214502401385,0.018614602410666498,0.007126214502401385,embedding_pca
esmc_PC1304,-0.007130375334663905,0.002150871352564665,0.007130375334663905,embedding_pca
esmc_PC1305,-0.00147975668885076,0.00915652669536646,0.00147975668885076,embedding_pca
esmc_PC1306,0.0019076620291750203,0.005462625616040805,0.0019076620291750203,embedding_pca
esmc_PC1307,-0.004991895047214119,0.011633088780659469,0.004991895047214119,embedding_pca
esmc_PC1308,-0.00522365549268835,0.008564498572922801,0.00522365549268835,embedding_pca
esmc_PC1309,0.0019671025926003708,0.01624748848537144,0.0019671025926003708,embedding_pca
esmc_PC1310,0.0030949612094188427,0.009594190313317723,0.0030949612094188427,embedding_pca
esmc_PC1311,-0.0013745761050448088,0.007336085285178133,0.0013745761050448088,embedding_pca
esmc_PC1312,0.00208121989730057,0.010901847435488879,0.00208121989730057,embedding_pca
esmc_PC1313,-0.006680057634356046,0.018833386195433587,0.006680057634356046,embedding_pca
esmc_PC1314,0.0038389716409949586,0.008191088837605122,0.0038389716409949586,embedding_pca
esmc_PC1315,-0.0020894465194995064,0.010551206916785526,0.0020894465194995064,embedding_pca
esmc_PC1316,0.004785200727937812,0.01415609399558988,0.004785200727937812,embedding_pca
esmc_PC1317,-0.015178343936061978,0.015858599664877012,0.015178343936061978,embedding_pca
esmc_PC1318,0.0038518472022348073,0.006295028417697209,0.0038518472022348073,embedding_pca
esmc_PC1319,0.0053678434645577314,0.017410972051684355,0.0053678434645577314,embedding_pca
esmc_PC1320,0.004515037908230471,0.012588589718072453,0.004515037908230471,embedding_pca
esmc_PC1321,0.00957689558746413,0.020057985563147848,0.00957689558746413,embedding_pca
esmc_PC1322,-0.0003033250769606054,0.018912184124943936,0.0003033250769606054,embedding_pca
esmc_PC1323,-0.0022816548281457483,0.014698676638942584,0.0022816548281457483,embedding_pca
esmc_PC1324,-0.002773343430633087,0.008443184938399222,0.002773343430633087,embedding_pca
esmc_PC1325,0.007382625850888451,0.006144169546604839,0.007382625850888451,embedding_pca
esmc_PC1326,-0.008263343265829302,0.008513006627807313,0.008263343265829302,embedding_pca
esmc_PC1327,-0.008034109165106112,0.014715861009743132,0.008034109165106112,embedding_pca
esmc_PC1328,-0.008963582163568665,0.019643450515988616,0.008963582163568665,embedding_pca
esmc_PC1329,-0.004499184108933055,0.012268891775671554,0.004499184108933055,embedding_pca
esmc_PC1330,-0.0024986658618422336,0.008113914866209064,0.0024986658618422336,embedding_pca
esmc_PC1331,-0.0030503091039299516,0.016686601164870873,0.0030503091039299516,embedding_pca
esmc_PC1332,0.008084679372924721,0.00919304488781821,0.008084679372924721,embedding_pca
esmc_PC1333,-0.0007568826762954919,0.01883540359729109,0.0007568826762954919,embedding_pca
esmc_PC1334,-0.00622091059221581,0.002463879562184224,0.00622091059221581,embedding_pca
esmc_PC1335,0.0014027021417010635,0.02493707118211114,0.0014027021417010635,embedding_pca
esmc_PC1336,-0.00928917491650009,0.016732851233407602,0.00928917491650009,embedding_pca
esmc_PC1337,-0.005299169131067619,0.022015778993452913,0.005299169131067619,embedding_pca
esmc_PC1338,-0.006383455748793787,0.017075988071157278,0.006383455748793787,embedding_pca
esmc_PC1339,0.002485859460068497,0.012465020628737293,0.002485859460068497,embedding_pca
esmc_PC1340,-0.005233431096782338,0.010191121248463957,0.005233431096782338,embedding_pca
esmc_PC1341,0.012076524273063683,0.009252950814043209,0.012076524273063683,embedding_pca
esmc_PC1342,-0.0003533121637055773,0.015353691641125593,0.0003533121637055773,embedding_pca
esmc_PC1343,0.0027182973365925626,0.013189124667928837,0.0027182973365925626,embedding_pca
esmc_PC1344,-0.0033003099758674033,0.02035528021727149,0.0033003099758674033,embedding_pca
esmc_PC1345,0.008130811759553725,0.012225623595262807,0.008130811759553725,embedding_pca
esmc_PC1346,0.004404231950133683,0.01739182091368616,0.004404231950133683,embedding_pca
esmc_PC1347,0.007240854424557479,0.017527384827857467,0.007240854424557479,embedding_pca
esmc_PC1348,0.005167276696838944,0.018379352575736158,0.005167276696838944,embedding_pca
esmc_PC1349,-0.010072638880909101,0.016583775495062503,0.010072638880909101,embedding_pca
esmc_PC1350,-0.005432667403747632,0.009402462444144855,0.005432667403747632,embedding_pca
esmc_PC1351,0.0232906767800343,0.01861899455515706,0.0232906767800343,embedding_pca
esmc_PC1352,0.003565179998825792,0.024569326156280828,0.003565179998825792,embedding_pca
esmc_PC1353,-0.0011425296692735977,0.013548232247094307,0.0011425296692735977,embedding_pca
esmc_PC1354,-0.0006555492460066058,0.009670717986847486,0.0006555492460066058,embedding_pca
esmc_PC1355,0.009442168101411401,0.012540541472924467,0.009442168101411401,embedding_pca
esmc_PC1356,0.009024319750644095,0.02831617237058794,0.009024319750644095,embedding_pca
esmc_PC1357,-0.010419080986704238,0.010426299681617852,0.010419080986704238,embedding_pca
esmc_PC1358,0.0024647048734123,0.012466180379183133,0.0024647048734123,embedding_pca
esmc_PC1359,0.004813203447415998,0.01756995544260187,0.004813203447415998,embedding_pca
esmc_PC1360,0.012058242983476348,0.020721614459049735,0.012058242983476348,embedding_pca
esmc_PC1361,-0.001252481999547363,0.012925675571871147,0.001252481999547363,embedding_pca
esmc_PC1362,0.008497938400363458,0.009078438614841705,0.008497938400363458,embedding_pca
esmc_PC1363,-0.0035824131573815553,0.013759038076727396,0.0035824131573815553,embedding_pca
esmc_PC1364,0.01002144074536612,0.013090112900198361,0.01002144074536612,embedding_pca
esmc_PC1365,-0.0002528497256704215,0.01677880101917566,0.0002528497256704215,embedding_pca
esmc_PC1366,-0.006817665270686829,0.013605892683553332,0.006817665270686829,embedding_pca
esmc_PC1367,0.004583740963926596,0.013851807758119157,0.004583740963926596,embedding_pca
esmc_PC1368,-0.0031813682387460012,0.01512225173790013,0.0031813682387460012,embedding_pca
esmc_PC1369,0.00017399949443063406,0.004145117317429318,0.00017399949443063406,embedding_pca
esmc_PC1370,-0.006833321057225275,0.01712026611724962,0.006833321057225275,embedding_pca
esmc_PC1371,7.474824623307277e-05,0.014520603821326177,7.474824623307277e-05,embedding_pca
esmc_PC1372,0.015598906512429697,0.021510358769979022,0.015598906512429697,embedding_pca
esmc_PC1373,-5.537270365069527e-05,0.011048340977269486,5.537270365069527e-05,embedding_pca
esmc_PC1374,0.010736942048393393,0.015473250659428036,0.010736942048393393,embedding_pca
esmc_PC1375,0.0032502140052108964,0.013283788318115443,0.0032502140052108964,embedding_pca
esmc_PC1376,-0.010667392393964793,0.015888427562720856,0.010667392393964793,embedding_pca
esmc_PC1377,0.0005875482599134963,0.01841689899400983,0.0005875482599134963,embedding_pca
esmc_PC1378,-0.0038783640629063893,0.01229206387164137,0.0038783640629063893,embedding_pca
esmc_PC1379,0.00603800665233431,0.008314942731333591,0.00603800665233431,embedding_pca
esmc_PC1380,-0.0032475394894423727,0.015566278879688698,0.0032475394894423727,embedding_pca
esmc_PC1381,-0.004762514540030837,0.01068550049616372,0.004762514540030837,embedding_pca
esmc_PC1382,-0.007381367613266601,0.015581312820162277,0.007381367613266601,embedding_pca
esmc_PC1383,-0.0003204321116078303,0.011798541681890243,0.0003204321116078303,embedding_pca
esmc_PC1384,0.00033933949619730424,0.005908143214809126,0.00033933949619730424,embedding_pca
esmc_PC1385,0.005787508203763206,0.02397312409931187,0.005787508203763206,embedding_pca
esmc_PC1386,-0.008933335320579041,0.023566140198770184,0.008933335320579041,embedding_pca
esmc_PC1387,-0.012278154136810342,0.010243068472790808,0.012278154136810342,embedding_pca
esmc_PC1388,-0.0012083119247638461,0.016465419319931857,0.0012083119247638461,embedding_pca
esmc_PC1389,-0.0018020552003672093,0.01096334823486843,0.0018020552003672093,embedding_pca
esmc_PC1390,-0.018506229823133807,0.009590007354774322,0.018506229823133807,embedding_pca
esmc_PC1391,-0.0018969766698441865,0.017448428034649494,0.0018969766698441865,embedding_pca
esmc_PC1392,0.0059552828406737295,0.012887569302509366,0.0059552828406737295,embedding_pca
esmc_PC1393,-0.003411586956221935,0.022433305657237924,0.003411586956221935,embedding_pca
esmc_PC1394,0.008825895255897307,0.02830211021396513,0.008825895255897307,embedding_pca
esmc_PC1395,-0.005940880599980836,0.015050196113892448,0.005940880599980836,embedding_pca
esmc_PC1396,0.005344206709565531,0.016066759459409524,0.005344206709565531,embedding_pca
esmc_PC1397,0.004959912219280898,0.013501734563986819,0.004959912219280898,embedding_pca
esmc_PC1398,0.00820702242434553,0.012541702678143139,0.00820702242434553,embedding_pca
esmc_PC1399,-0.0016313010650125838,0.01631641511911317,0.0016313010650125838,embedding_pca
esmc_PC1400,0.0016997687976302751,0.008060782719567172,0.0016997687976302751,embedding_pca
esmc_PC1401,0.008402121568286755,0.01266592309157694,0.008402121568286755,embedding_pca
esmc_PC1402,0.013362682683113228,0.017743448629082056,0.013362682683113228,embedding_pca
esmc_PC1403,0.0036259214403199895,0.007669281314842157,0.0036259214403199895,embedding_pca
esmc_PC1404,-0.005110653653181268,0.02259535702074561,0.005110653653181268,embedding_pca
esmc_PC1405,0.008870338953302167,0.0075310176226826685,0.008870338953302167,embedding_pca
esmc_PC1406,0.0056239984814959575,0.015260352261444194,0.0056239984814959575,embedding_pca
esmc_PC1407,0.01018568050691097,0.02298914945897204,0.01018568050691097,embedding_pca
esmc_PC1408,0.0037614358013013855,0.014145998369292406,0.0037614358013013855,embedding_pca
esmc_PC1409,-0.010260330010261338,0.012424898913038862,0.010260330010261338,embedding_pca
esmc_PC1410,-0.007106245776138378,0.011276069990561988,0.007106245776138378,embedding_pca
esmc_PC1411,-0.00589200303364752,0.011339148720111198,0.00589200303364752,embedding_pca
esmc_PC1412,0.001204993554809692,0.01808079428848409,0.001204993554809692,embedding_pca
esmc_PC1413,-0.003984574867238055,0.019726252524328487,0.003984574867238055,embedding_pca
esmc_PC1414,-0.014538733739890444,0.011776331654924747,0.014538733739890444,embedding_pca
esmc_PC1415,0.015323107088652851,0.012511881659790428,0.015323107088652851,embedding_pca
esmc_PC1416,0.0013590945511067153,0.011645561993451991,0.0013590945511067153,embedding_pca
esmc_PC1417,0.0014913961103183535,0.010464354283461035,0.0014913961103183535,embedding_pca
esmc_PC1418,-0.0019435780690349313,0.019544669556226524,0.0019435780690349313,embedding_pca
esmc_PC1419,-0.0020814554676064955,0.016203521037548175,0.0020814554676064955,embedding_pca
esmc_PC1420,-0.005048758818377109,0.011738751786751154,0.005048758818377109,embedding_pca
esmc_PC1421,0.01887088094095036,0.020031831824083142,0.01887088094095036,embedding_pca
esmc_PC1422,-0.002779869045446008,0.009179297887354729,0.002779869045446008,embedding_pca
esmc_PC1423,0.0017371081760158807,0.016677099735621523,0.0017371081760158807,embedding_pca
esmc_PC1424,0.007580080002053335,0.014120437543869362,0.007580080002053335,embedding_pca
esmc_PC1425,0.006276337076201471,0.01062160497927927,0.006276337076201471,embedding_pca
esmc_PC1426,0.003853742206465301,0.010984477487836639,0.003853742206465301,embedding_pca
esmc_PC1427,0.005806962457530682,0.013656773522923044,0.005806962457530682,embedding_pca
esmc_PC1428,0.0015675916853253092,0.017977199037313162,0.0015675916853253092,embedding_pca
esmc_PC1429,0.018685862357659518,0.01828198361143515,0.018685862357659518,embedding_pca
esmc_PC1430,-0.0047813813695988736,0.016187083899908073,0.0047813813695988736,embedding_pca
esmc_PC1431,0.008098806031974461,0.013930969416041251,0.008098806031974461,embedding_pca
esmc_PC1432,-0.007212377153313537,0.017068634825838504,0.007212377153313537,embedding_pca
esmc_PC1433,-0.004676239959395248,0.013668850759760372,0.004676239959395248,embedding_pca
esmc_PC1434,0.0009748162085221727,0.012832915201368663,0.0009748162085221727,embedding_pca
esmc_PC1435,0.0007699779159002447,0.01988932829793626,0.0007699779159002447,embedding_pca
esmc_PC1436,0.0013872420338806493,0.009299593197586057,0.0013872420338806493,embedding_pca
esmc_PC1437,0.0026967847681036218,0.019918303533267928,0.0026967847681036218,embedding_pca
esmc_PC1438,0.0017264364546477635,0.00977414851998124,0.0017264364546477635,embedding_pca
esmc_PC1439,-0.0010476241501338694,0.010705568164565147,0.0010476241501338694,embedding_pca
esmc_PC1440,0.005537158862416175,0.021924849549916848,0.005537158862416175,embedding_pca
esmc_PC1441,-0.002613233167120665,0.013748605038406237,0.002613233167120665,embedding_pca
esmc_PC1442,0.006582368430456467,0.018269167775460938,0.006582368430456467,embedding_pca
esmc_PC1443,-0.009435791494344595,0.009477580734964783,0.009435791494344595,embedding_pca
esmc_PC1444,0.004099491739689277,0.021659338332005573,0.004099491739689277,embedding_pca
esmc_PC1445,0.0073211462027964625,0.009806576951661738,0.0073211462027964625,embedding_pca
esmc_PC1446,0.009195635001862176,0.013684941093024396,0.009195635001862176,embedding_pca
esmc_PC1447,-0.0016431789942296542,0.008154457353255377,0.0016431789942296542,embedding_pca
esmc_PC1448,0.010483791468187093,0.00529209862378355,0.010483791468187093,embedding_pca
esmc_PC1449,-0.0007224133493193508,0.01567510001958399,0.0007224133493193508,embedding_pca
esmc_PC1450,-0.003248445714222281,0.013955337797222881,0.003248445714222281,embedding_pca
esmc_PC1451,-0.0064554251192548385,0.015890750103043926,0.0064554251192548385,embedding_pca
esmc_PC1452,-0.004237721320166466,0.009936934933853656,0.004237721320166466,embedding_pca
esmc_PC1453,0.0030668749946937105,0.01271261982920545,0.0030668749946937105,embedding_pca
esmc_PC1454,0.0023322783941273338,0.0213410639152741,0.0023322783941273338,embedding_pca
esmc_PC1455,0.0020144987025112163,0.011643641077593216,0.0020144987025112163,embedding_pca
esmc_PC1456,0.0001587625389316269,0.011899981268411665,0.0001587625389316269,embedding_pca
esmc_PC1457,-0.006723333211190846,0.012314411118833498,0.006723333211190846,embedding_pca
esmc_PC1458,-0.0014068655135411688,0.012581290458370064,0.0014068655135411688,embedding_pca
esmc_PC1459,-0.005269883898102673,0.015511035485892567,0.005269883898102673,embedding_pca
esmc_PC1460,-0.0026090897802100387,0.025682626931065648,0.0026090897802100387,embedding_pca
esmc_PC1461,0.0022528974953897308,0.008325691724671206,0.0022528974953897308,embedding_pca
esmc_PC1462,0.008356126614106143,0.008377616920570928,0.008356126614106143,embedding_pca
esmc_PC1463,-0.000924159441000183,0.017373089954557074,0.000924159441000183,embedding_pca
esmc_PC1464,0.004269410933305489,0.016394421454441796,0.004269410933305489,embedding_pca
esmc_PC1465,0.010014374180185397,0.013998844560101423,0.010014374180185397,embedding_pca
esmc_PC1466,0.0071848830198794,0.009917257430090198,0.0071848830198794,embedding_pca
esmc_PC1467,-0.0015619122532926721,0.00818496679162322,0.0015619122532926721,embedding_pca
esmc_PC1468,0.005324115172791253,0.007923410544821569,0.005324115172791253,embedding_pca
esmc_PC1469,-0.00426588223753978,0.01623853375124317,0.00426588223753978,embedding_pca
esmc_PC1470,-0.00019088638814402406,0.013687689196836621,0.00019088638814402406,embedding_pca
esmc_PC1471,0.010474076792487907,0.014821284557971251,0.010474076792487907,embedding_pca
esmc_PC1472,-7.331324620797052e-05,0.02145610594438507,7.331324620797052e-05,embedding_pca
esmc_PC1473,0.002188592827514815,0.018296348465112987,0.002188592827514815,embedding_pca
esmc_PC1474,-0.005550046255578296,0.018703476056518512,0.005550046255578296,embedding_pca
esmc_PC1475,0.009514715177598396,0.011140710337331404,0.009514715177598396,embedding_pca
esmc_PC1476,0.0022247216300357595,0.013203756661347703,0.0022247216300357595,embedding_pca
esmc_PC1477,0.011042652562707287,0.021501043807036775,0.011042652562707287,embedding_pca
esmc_PC1478,0.0005848218440278185,0.013326465614732708,0.0005848218440278185,embedding_pca
esmc_PC1479,0.00654822041521539,0.004504445271757304,0.00654822041521539,embedding_pca
esmc_PC1480,-0.0007559049978010515,0.021423970604724254,0.0007559049978010515,embedding_pca
esmc_PC1481,-0.005392763366649211,0.007066436540539143,0.005392763366649211,embedding_pca
esmc_PC1482,-0.002997808913470292,0.012019534176779994,0.002997808913470292,embedding_pca
esmc_PC1483,-0.010882081415746309,0.017886541610351633,0.010882081415746309,embedding_pca
esmc_PC1484,0.0076866601545005075,0.004865267840922804,0.0076866601545005075,embedding_pca
esmc_PC1485,-0.002102956227845644,0.01826231338941179,0.002102956227845644,embedding_pca
esmc_PC1486,-0.01282978249766018,0.016730921468663906,0.01282978249766018,embedding_pca
esmc_PC1487,-0.006281451575291775,0.008842104008721444,0.006281451575291775,embedding_pca
esmc_PC1488,-0.007894471035757683,0.010413969747196621,0.007894471035757683,embedding_pca
esmc_PC1489,0.0031971020713227995,0.015517373181481107,0.0031971020713227995,embedding_pca
esmc_PC1490,0.004256751565790522,0.011327913239749063,0.004256751565790522,embedding_pca
esmc_PC1491,-0.0035407139685585494,0.007089281698943866,0.0035407139685585494,embedding_pca
esmc_PC1492,0.0014979831607839457,0.018512662081653003,0.0014979831607839457,embedding_pca
esmc_PC1493,-0.0015265388189421142,0.016246272791923592,0.0015265388189421142,embedding_pca
esmc_PC1494,-0.001987575046611899,0.012611225959336959,0.001987575046611899,embedding_pca
esmc_PC1495,-0.0009783126612260573,0.01305645904228342,0.0009783126612260573,embedding_pca
esmc_PC1496,0.0021327091660587687,0.011962604835721147,0.0021327091660587687,embedding_pca
esmc_PC1497,-0.012664705221121059,0.027060609393720805,0.012664705221121059,embedding_pca
esmc_PC1498,-0.00014744034182500934,0.014153096248427005,0.00014744034182500934,embedding_pca
esmc_PC1499,0.013847856746048695,0.01800159532708903,0.013847856746048695,embedding_pca
esmc_PC1500,0.00890243299358529,0.011360517497066137,0.00890243299358529,embedding_pca
esmc_PC1501,-0.0006524007973418254,0.011065580465353574,0.0006524007973418254,embedding_pca
esmc_PC1502,-0.00948216304118483,0.006969095968803535,0.00948216304118483,embedding_pca
esmc_PC1503,-0.002353311647539747,0.0088775687219334,0.002353311647539747,embedding_pca
esmc_PC1504,-0.0006297860801213562,0.007476753053809727,0.0006297860801213562,embedding_pca
esmc_PC1505,-0.00523088027614536,0.014363893017189535,0.00523088027614536,embedding_pca
esmc_PC1506,-0.00800286190273526,0.008813532922078952,0.00800286190273526,embedding_pca
esmc_PC1507,-0.004015902567616388,0.011665232889350381,0.004015902567616388,embedding_pca
esmc_PC1508,-0.0029227057015923283,0.013005267717527615,0.0029227057015923283,embedding_pca
esmc_PC1509,0.0005623686735886646,0.012422123634840384,0.0005623686735886646,embedding_pca
esmc_PC1510,0.0013980983702519029,0.01581477625408908,0.0013980983702519029,embedding_pca
esmc_PC1511,-0.0039225963251364885,0.017159554198386724,0.0039225963251364885,embedding_pca
esmc_PC1512,-0.003012180457433209,0.011522268676522868,0.003012180457433209,embedding_pca
esmc_PC1513,-0.0034303531828687194,0.01447062300059097,0.0034303531828687194,embedding_pca
esmc_PC1514,0.0017840020102473514,0.01963468230585841,0.0017840020102473514,embedding_pca
esmc_PC1515,0.006721919058425022,0.017800196942466626,0.006721919058425022,embedding_pca
esmc_PC1516,0.012694411574256145,0.014733812521547665,0.012694411574256145,embedding_pca
esmc_PC1517,0.006899254284069789,0.014522764770000496,0.006899254284069789,embedding_pca
esmc_PC1518,0.00213571937887348,0.007723277211938644,0.00213571937887348,embedding_pca
esmc_PC1519,0.0018109933728723752,0.010513573205342129,0.0018109933728723752,embedding_pca
esmc_PC1520,0.0024698872547947704,0.011699410272824645,0.0024698872547947704,embedding_pca
esmc_PC1521,-0.0010137264808435984,0.015355607969950157,0.0010137264808435984,embedding_pca
esmc_PC1522,-0.0022054697070412062,0.01662203674724961,0.0022054697070412062,embedding_pca
esmc_PC1523,0.0001750631375522436,0.009534282975140662,0.0001750631375522436,embedding_pca
esmc_PC1524,0.004981580856916592,0.01304255109590855,0.004981580856916592,embedding_pca
esmc_PC1525,0.004127266252569637,0.01191186769037813,0.004127266252569637,embedding_pca
esmc_PC1526,0.0018290732648755636,0.006763373495940794,0.0018290732648755636,embedding_pca
esmc_PC1527,-0.004321330591433898,0.009951861427702446,0.004321330591433898,embedding_pca
esmc_PC1528,-0.005521192236856431,0.0178174708908147,0.005521192236856431,embedding_pca
esmc_PC1529,0.0036214090382196986,0.014730120562562695,0.0036214090382196986,embedding_pca
esmc_PC1530,-0.009200453150218686,0.012582725469890945,0.009200453150218686,embedding_pca
esmc_PC1531,0.0035355325333974756,0.01062409084890216,0.0035355325333974756,embedding_pca
esmc_PC1532,0.003653343394742977,0.005558643019723616,0.003653343394742977,embedding_pca
esmc_PC1533,-0.003041950034102254,0.01937228251745077,0.003041950034102254,embedding_pca
esmc_PC1534,-0.0016656719580157007,0.021135538073607147,0.0016656719580157007,embedding_pca
esmc_PC1535,0.010909212859999696,0.013362141058374535,0.010909212859999696,embedding_pca
esmc_PC1536,-0.0025766324824404705,0.0055009115156162,0.0025766324824404705,embedding_pca
esmc_PC1537,0.0011071810281117968,0.007698780228986476,0.0011071810281117968,embedding_pca
esmc_PC1538,0.006304712308294385,0.012053775962924868,0.006304712308294385,embedding_pca
esmc_PC1539,-0.00969238296730973,0.007749034723476564,0.00969238296730973,embedding_pca
esmc_PC1540,0.006973112272817784,0.008923097744593477,0.006973112272817784,embedding_pca
esmc_PC1541,-0.0060628847896800914,0.007502745300873303,0.0060628847896800914,embedding_pca
esmc_PC1542,0.0014226103774555854,0.022062916348013346,0.0014226103774555854,embedding_pca
esmc_PC1543,-0.0010488043390522212,0.006901292254568293,0.0010488043390522212,embedding_pca
esmc_PC1544,-0.0010061792391041664,0.022780425036551158,0.0010061792391041664,embedding_pca
esmc_PC1545,-0.0005986026314586237,0.013733834629237851,0.0005986026314586237,embedding_pca
esmc_PC1546,-0.00536579582651197,0.009928384448426607,0.00536579582651197,embedding_pca
esmc_PC1547,0.005771452081259309,0.024327675163532344,0.005771452081259309,embedding_pca
esmc_PC1548,0.0040811043096299505,0.004942701036210864,0.0040811043096299505,embedding_pca
esmc_PC1549,0.011097306212468606,0.0125414315451724,0.011097306212468606,embedding_pca
esmc_PC1550,-0.010391227454166943,0.012392677556939059,0.010391227454166943,embedding_pca
esmc_PC1551,0.013464763506179011,0.018016025811833074,0.013464763506179011,embedding_pca
esmc_PC1552,0.008546302643216274,0.02102077620526944,0.008546302643216274,embedding_pca
esmc_PC1553,-0.008491710131741905,0.006584201593771637,0.008491710131741905,embedding_pca
esmc_PC1554,0.006922173706597583,0.01840788536701868,0.006922173706597583,embedding_pca
esmc_PC1555,0.0028825195404403284,0.011762815630909598,0.0028825195404403284,embedding_pca
esmc_PC1556,0.002458034314208753,0.006944416960889173,0.002458034314208753,embedding_pca
esmc_PC1557,0.006206901942099198,0.010463822414579911,0.006206901942099198,embedding_pca
esmc_PC1558,-0.0052117227505905465,0.010221682990322707,0.0052117227505905465,embedding_pca
esmc_PC1559,0.004067065445208669,0.008521475213184712,0.004067065445208669,embedding_pca
esmc_PC1560,-0.010046186059008361,0.016630772502395696,0.010046186059008361,embedding_pca
esmc_PC1561,-0.017359045154629923,0.02278135506002375,0.017359045154629923,embedding_pca
esmc_PC1562,0.004285192736129649,0.017136665384811872,0.004285192736129649,embedding_pca
esmc_PC1563,0.0019875453527057095,0.01776291017615743,0.0019875453527057095,embedding_pca
esmc_PC1564,-0.011505628458267044,0.010529501874956866,0.011505628458267044,embedding_pca
esmc_PC1565,0.00819369499721267,0.012624182781021063,0.00819369499721267,embedding_pca
esmc_PC1566,0.00024149987786982273,0.007131625560322836,0.00024149987786982273,embedding_pca
esmc_PC1567,-0.007485334435989399,0.015097669129609277,0.007485334435989399,embedding_pca
esmc_PC1568,-0.000647824920757771,0.013122554210032451,0.000647824920757771,embedding_pca
esmc_PC1569,0.0017945652649612787,0.00328100550483958,0.0017945652649612787,embedding_pca
esmc_PC1570,-0.002466167630741099,0.01659221558864682,0.002466167630741099,embedding_pca
esmc_PC1571,0.007382196354770732,0.010741677870106187,0.007382196354770732,embedding_pca
esmc_PC1572,-0.003505592945870302,0.021094018357685224,0.003505592945870302,embedding_pca
esmc_PC1573,0.0031796204142383695,0.008227913797714785,0.0031796204142383695,embedding_pca
esmc_PC1574,0.0003867668440893743,0.015723870097582852,0.0003867668440893743,embedding_pca
esmc_PC1575,0.00369732648672103,0.01672833695779998,0.00369732648672103,embedding_pca
esmc_PC1576,0.0003793510264247754,0.010520669217299316,0.0003793510264247754,embedding_pca
esmc_PC1577,0.001126333111172197,0.003995445178896692,0.001126333111172197,embedding_pca
esmc_PC1578,0.010703111539206958,0.01877744350910928,0.010703111539206958,embedding_pca
esmc_PC1579,0.0013308750217532125,0.019544351392148378,0.0013308750217532125,embedding_pca
esmc_PC1580,-0.00895994622207996,0.01543903535850392,0.00895994622207996,embedding_pca
esmc_PC1581,0.003126960373439354,0.021264926177673678,0.003126960373439354,embedding_pca
esmc_PC1582,0.006191298921581994,0.01005627017280105,0.006191298921581994,embedding_pca
esmc_PC1583,0.0024118961598418296,0.011561360205356877,0.0024118961598418296,embedding_pca
esmc_PC1584,-0.008211318209333098,0.011751755873470061,0.008211318209333098,embedding_pca
esmc_PC1585,-0.006621183085905996,0.013705637030404075,0.006621183085905996,embedding_pca
esmc_PC1586,-0.0041984854525102455,0.009034348741941303,0.0041984854525102455,embedding_pca
esmc_PC1587,0.006157463730262702,0.01442762157598646,0.006157463730262702,embedding_pca
esmc_PC1588,0.008593901773188639,0.015109128372977232,0.008593901773188639,embedding_pca
esmc_PC1589,-0.00947438841558403,0.01618167864191638,0.00947438841558403,embedding_pca
esmc_PC1590,0.009216582060680701,0.018065615074064713,0.009216582060680701,embedding_pca
esmc_PC1591,0.004148118126110964,0.013209009176685969,0.004148118126110964,embedding_pca
esmc_PC1592,-0.004820273954374772,0.01513222909700939,0.004820273954374772,embedding_pca
esmc_PC1593,0.011406816816444412,0.016579154863182496,0.011406816816444412,embedding_pca
esmc_PC1594,0.008679111837921976,0.015351585204200302,0.008679111837921976,embedding_pca
esmc_PC1595,0.008795262581452684,0.020951089883052294,0.008795262581452684,embedding_pca
esmc_PC1596,-0.0006221034686644252,0.009864774221797185,0.0006221034686644252,embedding_pca
esmc_PC1597,-0.0018403284309463433,0.013872182997414901,0.0018403284309463433,embedding_pca
esmc_PC1598,-0.000644020566120407,0.014650656773333767,0.000644020566120407,embedding_pca
esmc_PC1599,0.006526573459885693,0.01288172569153811,0.006526573459885693,embedding_pca
esmc_PC1600,-0.00830158213014848,0.012043485416855957,0.00830158213014848,embedding_pca
esmc_PC1601,-0.009658229572608477,0.007365562427278788,0.009658229572608477,embedding_pca
esmc_PC1602,-0.016836775257146833,0.010035492061403717,0.016836775257146833,embedding_pca
esmc_PC1603,0.0008580364725200481,0.013363605602323756,0.0008580364725200481,embedding_pca
esmc_PC1604,0.004154129189742961,0.015257373955451152,0.004154129189742961,embedding_pca
esmc_PC1605,0.008158198666122737,0.015081342792544876,0.008158198666122737,embedding_pca
esmc_PC1606,-0.004969504772758233,0.007689920103529691,0.004969504772758233,embedding_pca
esmc_PC1607,0.004494992974421012,0.015780178325233873,0.004494992974421012,embedding_pca
esmc_PC1608,-0.0035725092478098137,0.014380109875919398,0.0035725092478098137,embedding_pca
esmc_PC1609,-0.01522870177315599,0.01682586691987754,0.01522870177315599,embedding_pca
esmc_PC1610,0.011453989010164874,0.006459721988284186,0.011453989010164874,embedding_pca
esmc_PC1611,0.006249702159060021,0.015673167730863764,0.006249702159060021,embedding_pca
esmc_PC1612,-0.0034249318058679383,0.019038074750238103,0.0034249318058679383,embedding_pca
esmc_PC1613,0.005031711018091549,0.022876714404203684,0.005031711018091549,embedding_pca
esmc_PC1614,0.004676507614355946,0.010589467774449413,0.004676507614355946,embedding_pca
esmc_PC1615,0.011569570129103587,0.01772922533974103,0.011569570129103587,embedding_pca
esmc_PC1616,-0.004608435578550669,0.02854547322239051,0.004608435578550669,embedding_pca
esmc_PC1617,-0.0044197690032603985,0.0070296989687872605,0.0044197690032603985,embedding_pca
esmc_PC1618,-0.006880572064592971,0.012863022992748288,0.006880572064592971,embedding_pca
esmc_PC1619,0.004479783135198314,0.009703931376042802,0.004479783135198314,embedding_pca
esmc_PC1620,0.010816977995796343,0.004437586040927851,0.010816977995796343,embedding_pca
esmc_PC1621,-0.005608500288711385,0.008356029429038129,0.005608500288711385,embedding_pca
esmc_PC1622,0.00022341471440476615,0.017029321517982362,0.00022341471440476615,embedding_pca
esmc_PC1623,-0.005055610810499179,0.008994481810012623,0.005055610810499179,embedding_pca
esmc_PC1624,0.0117261107698902,0.012424969166809827,0.0117261107698902,embedding_pca
esmc_PC1625,3.5699435418252125e-05,0.012780119246981433,3.5699435418252125e-05,embedding_pca
esmc_PC1626,-0.0015486494091518632,0.014249464280555511,0.0015486494091518632,embedding_pca
esmc_PC1627,-0.0063483167106158835,0.012977487782563787,0.0063483167106158835,embedding_pca
esmc_PC1628,-0.006876206414724556,0.0196179887842825,0.006876206414724556,embedding_pca
esmc_PC1629,-0.0013984369727565809,0.004357841750202019,0.0013984369727565809,embedding_pca
esmc_PC1630,-0.010226593843429475,0.00868276562521072,0.010226593843429475,embedding_pca
esmc_PC1631,0.002837949008326449,0.017691951297244338,0.002837949008326449,embedding_pca
esmc_PC1632,-8.611243836651617e-05,0.019122699321303716,8.611243836651617e-05,embedding_pca
esmc_PC1633,4.786977964411111e-05,0.007755347872789267,4.786977964411111e-05,embedding_pca
esmc_PC1634,-0.00948523407618235,0.010098454949277361,0.00948523407618235,embedding_pca
esmc_PC1635,0.003611251799979824,0.003307998876421678,0.003611251799979824,embedding_pca
esmc_PC1636,-0.0030505051306788044,0.026310291719419787,0.0030505051306788044,embedding_pca
esmc_PC1637,0.011109726950365365,0.017343469395556445,0.011109726950365365,embedding_pca
esmc_PC1638,-0.003237382455066591,0.01028132495501385,0.003237382455066591,embedding_pca
esmc_PC1639,0.0071603189581840605,0.008095380034930698,0.0071603189581840605,embedding_pca
esmc_PC1640,0.0006971338201164096,0.01568026198645549,0.0006971338201164096,embedding_pca
esmc_PC1641,-0.013512949505893115,0.023678180440137496,0.013512949505893115,embedding_pca
esmc_PC1642,-0.0032380905412242597,0.016995835609042956,0.0032380905412242597,embedding_pca
esmc_PC1643,0.0009286812594750668,0.012144291167665062,0.0009286812594750668,embedding_pca
esmc_PC1644,-0.0013316860810844943,0.007177412992651284,0.0013316860810844943,embedding_pca
esmc_PC1645,-0.0029977926982764393,0.002427130421426385,0.0029977926982764393,embedding_pca
esmc_PC1646,-0.0058333074699908425,0.014103372330081894,0.0058333074699908425,embedding_pca
esmc_PC1647,-0.007846958370759428,0.01184003450456585,0.007846958370759428,embedding_pca
esmc_PC1648,-0.0012554603238210363,0.009390149381327225,0.0012554603238210363,embedding_pca
esmc_PC1649,-0.008489506649969652,0.014320476135144547,0.008489506649969652,embedding_pca
esmc_PC1650,-0.0003100488070209177,0.00754456802568033,0.0003100488070209177,embedding_pca
esmc_PC1651,-0.00821247182357273,0.0154316895493806,0.00821247182357273,embedding_pca
esmc_PC1652,-0.004248177539843254,0.020281936906646862,0.004248177539843254,embedding_pca
esmc_PC1653,0.012655712557145867,0.014571980391466304,0.012655712557145867,embedding_pca
esmc_PC1654,0.0017363967022176658,0.008448236406452593,0.0017363967022176658,embedding_pca
esmc_PC1655,-0.009856008959031222,0.020194086089809094,0.009856008959031222,embedding_pca
esmc_PC1656,0.0017171224939268002,0.007560648748401194,0.0017171224939268002,embedding_pca
esmc_PC1657,-0.004516771618584453,0.013984648894796848,0.004516771618584453,embedding_pca
esmc_PC1658,-0.0008309717452945995,0.0038346674832838777,0.0008309717452945995,embedding_pca
esmc_PC1659,-0.0013898737589676164,0.01351800199167458,0.0013898737589676164,embedding_pca
esmc_PC1660,-0.0077893723637849355,0.01247588772534833,0.0077893723637849355,embedding_pca
esmc_PC1661,0.0006782258838447491,0.011161630416242505,0.0006782258838447491,embedding_pca
esmc_PC1662,0.0061662390618387975,0.008579568042810069,0.0061662390618387975,embedding_pca
esmc_PC1663,-0.016634494054783785,0.008475965933221164,0.016634494054783785,embedding_pca
esmc_PC1664,-0.0038252649131591218,0.013649178698155235,0.0038252649131591218,embedding_pca
esmc_PC1665,0.0052776573713079295,0.020050786303296222,0.0052776573713079295,embedding_pca
esmc_PC1666,-0.0001865209570400636,0.013526427959980726,0.0001865209570400636,embedding_pca
esmc_PC1667,-0.00054478195685119,0.007586811124242283,0.00054478195685119,embedding_pca
esmc_PC1668,0.010468070331260732,0.023808084405679227,0.010468070331260732,embedding_pca
esmc_PC1669,-0.002936017569552488,0.011759658301154174,0.002936017569552488,embedding_pca
esmc_PC1670,0.0015229696519487633,0.010557645689938245,0.0015229696519487633,embedding_pca
esmc_PC1671,-0.0016920917670011908,0.023272419385643745,0.0016920917670011908,embedding_pca
esmc_PC1672,-0.00492025641368823,0.007710536692551377,0.00492025641368823,embedding_pca
esmc_PC1673,-0.0023138314238285358,0.023421234345407143,0.0023138314238285358,embedding_pca
esmc_PC1674,-0.005904870721173321,0.009717319852720186,0.005904870721173321,embedding_pca
esmc_PC1675,0.009233387976074281,0.012224609676009895,0.009233387976074281,embedding_pca
esmc_PC1676,-0.006215593381455676,0.01843111237327067,0.006215593381455676,embedding_pca
esmc_PC1677,-0.001180279504875956,0.012698493785298429,0.001180279504875956,embedding_pca
esmc_PC1678,0.0017747535824396913,0.00894542299399464,0.0017747535824396913,embedding_pca
esmc_PC1679,-0.003672894054041309,0.013290099794510204,0.003672894054041309,embedding_pca
esmc_PC1680,-0.007519718925364363,0.009586706976477323,0.007519718925364363,embedding_pca
esmc_PC1681,-0.011420454077029954,0.011724452068343376,0.011420454077029954,embedding_pca
esmc_PC1682,-0.003125627117933337,0.0143624918897691,0.003125627117933337,embedding_pca
esmc_PC1683,7.684792494553686e-05,0.011096901671682726,7.684792494553686e-05,embedding_pca
esmc_PC1684,0.010432178510281932,0.014102976987104906,0.010432178510281932,embedding_pca
esmc_PC1685,-0.006506990035154403,0.02181113006307696,0.006506990035154403,embedding_pca
esmc_PC1686,-0.004380276996917599,0.011171641105621279,0.004380276996917599,embedding_pca
esmc_PC1687,0.0034694023753218985,0.003125715146600148,0.0034694023753218985,embedding_pca
esmc_PC1688,0.002712950140703056,0.01224181889452872,0.002712950140703056,embedding_pca
esmc_PC1689,0.0014870241083761904,0.011584143756137057,0.0014870241083761904,embedding_pca
esmc_PC1690,0.01784242440402074,0.01277725300504644,0.01784242440402074,embedding_pca
esmc_PC1691,0.004455095103868649,0.021245224503172223,0.004455095103868649,embedding_pca
esmc_PC1692,0.008989155955177183,0.011841976221848266,0.008989155955177183,embedding_pca
esmc_PC1693,0.0001299303756868043,0.00830662754943562,0.0001299303756868043,embedding_pca
esmc_PC1694,0.009919905994255879,0.022476417435238826,0.009919905994255879,embedding_pca
esmc_PC1695,0.0013938271572232267,0.013122673811034408,0.0013938271572232267,embedding_pca
esmc_PC1696,0.011641059676556901,0.0131689552989303,0.011641059676556901,embedding_pca
esmc_PC1697,0.01657607857907481,0.015862375562306467,0.01657607857907481,embedding_pca
esmc_PC1698,0.0064300468717590435,0.014555823834281143,0.0064300468717590435,embedding_pca
esmc_PC1699,0.00515918821580421,0.01271054872796981,0.00515918821580421,embedding_pca
esmc_PC1700,-0.005984666754659435,0.018300102534572083,0.005984666754659435,embedding_pca
esmc_PC1701,0.00571984605106211,0.012281564793727518,0.00571984605106211,embedding_pca
esmc_PC1702,-0.003760714516724185,0.0071746798262327825,0.003760714516724185,embedding_pca
esmc_PC1703,-0.004733410403598842,0.011265489896794227,0.004733410403598842,embedding_pca
esmc_PC1704,-0.0058250095041971345,0.01672900619702026,0.0058250095041971345,embedding_pca
esmc_PC1705,0.005440499324323028,0.006596076404956391,0.005440499324323028,embedding_pca
esmc_PC1706,-0.002887293082452538,0.013113991639233456,0.002887293082452538,embedding_pca
esmc_PC1707,0.004094848238582656,0.021218435509488022,0.004094848238582656,embedding_pca
esmc_PC1708,-0.013616475925404811,0.004955722061805972,0.013616475925404811,embedding_pca
esmc_PC1709,0.011101369684023532,0.015496791172298692,0.011101369684023532,embedding_pca
esmc_PC1710,0.0033991185282268347,0.014197460029025957,0.0033991185282268347,embedding_pca
esmc_PC1711,-0.0020954686956356295,0.014386969764795837,0.0020954686956356295,embedding_pca
esmc_PC1712,0.003308708898445559,0.011170668291021348,0.003308708898445559,embedding_pca
esmc_PC1713,0.003612098145090998,0.020022736656276532,0.003612098145090998,embedding_pca
esmc_PC1714,-0.00925490513480343,0.015215279209632967,0.00925490513480343,embedding_pca
esmc_PC1715,-0.00928692369191468,0.019428048188358995,0.00928692369191468,embedding_pca
esmc_PC1716,-0.006402814600912183,0.006744303019022028,0.006402814600912183,embedding_pca
esmc_PC1717,0.010313635393193004,0.005766766323245845,0.010313635393193004,embedding_pca
esmc_PC1718,-0.01037197494414181,0.017215110247583418,0.01037197494414181,embedding_pca
esmc_PC1719,-0.0005176920299695256,0.009011842793213761,0.0005176920299695256,embedding_pca
esmc_PC1720,-0.0066480707809849675,0.015817844506093286,0.0066480707809849675,embedding_pca
esmc_PC1721,0.001175272986784062,0.005446341534734401,0.001175272986784062,embedding_pca
esmc_PC1722,0.0001298105018635691,0.014735042146207408,0.0001298105018635691,embedding_pca
esmc_PC1723,0.0006812312548010409,0.02055781395527622,0.0006812312548010409,embedding_pca
esmc_PC1724,0.0007712567382022401,0.010574374934746996,0.0007712567382022401,embedding_pca
esmc_PC1725,-0.008018906004558646,0.011730179057929994,0.008018906004558646,embedding_pca
esmc_PC1726,0.003428941758860829,0.013807456878828102,0.003428941758860829,embedding_pca
esmc_PC1727,-0.008887090532853057,0.008165978317006547,0.008887090532853057,embedding_pca
esmc_PC1728,-0.00230496251404469,0.013207346828314197,0.00230496251404469,embedding_pca
esmc_PC1729,0.0072099849904877665,0.015803552481380084,0.0072099849904877665,embedding_pca
esmc_PC1730,0.014325471236061042,0.008341934198409975,0.014325471236061042,embedding_pca
esmc_PC1731,0.0020293733635110595,0.01683026502751947,0.0020293733635110595,embedding_pca
esmc_PC1732,0.006295564106574965,0.014683521132342049,0.006295564106574965,embedding_pca
esmc_PC1733,-0.0017621709871149867,0.0065047870831790745,0.0017621709871149867,embedding_pca
esmc_PC1734,0.022180541030172602,0.010694351591234703,0.022180541030172602,embedding_pca
esmc_PC1735,0.005260021957177419,0.012144230847670209,0.005260021957177419,embedding_pca
esmc_PC1736,0.0049175084769328675,0.008435853648361276,0.0049175084769328675,embedding_pca
esmc_PC1737,-0.0009158547588989811,0.023567712435869168,0.0009158547588989811,embedding_pca
esmc_PC1738,0.004570343972665052,0.00771705771396391,0.004570343972665052,embedding_pca
esmc_PC1739,0.00015070964357451877,0.006895504925194849,0.00015070964357451877,embedding_pca
esmc_PC1740,0.0024412546699162097,0.011619629353363399,0.0024412546699162097,embedding_pca
esmc_PC1741,0.00618315718183791,0.008462401228863691,0.00618315718183791,embedding_pca
esmc_PC1742,0.005867579390599391,0.014733554064608684,0.005867579390599391,embedding_pca
esmc_PC1743,0.0034965017917364533,0.0066325795800067765,0.0034965017917364533,embedding_pca
esmc_PC1744,0.002462292391113302,0.011642271200068433,0.002462292391113302,embedding_pca
esmc_PC1745,0.001151090810824029,0.010195779630137482,0.001151090810824029,embedding_pca
esmc_PC1746,-0.0013069472064858097,0.019071246107956855,0.0013069472064858097,embedding_pca
esmc_PC1747,-0.017138121808048364,0.0088715102653458,0.017138121808048364,embedding_pca
esmc_PC1748,0.004318428300470095,0.014363689025855754,0.004318428300470095,embedding_pca
esmc_PC1749,-0.006718777297346139,0.01136025200367594,0.006718777297346139,embedding_pca
esmc_PC1750,0.00992923215525686,0.004122980306305388,0.00992923215525686,embedding_pca
esmc_PC1751,-0.009547392910691297,0.01605184858071668,0.009547392910691297,embedding_pca
esmc_PC1752,-0.014902634291922883,0.017568988098162486,0.014902634291922883,embedding_pca
esmc_PC1753,-8.647373665780986e-05,0.012341327566208272,8.647373665780986e-05,embedding_pca
esmc_PC1754,0.003369617450038492,0.017885149973772097,0.003369617450038492,embedding_pca
esmc_PC1755,0.001494114988189171,0.02012271380409148,0.001494114988189171,embedding_pca
esmc_PC1756,0.007879583048141863,0.008721715684931785,0.007879583048141863,embedding_pca
esmc_PC1757,0.001093183707832388,0.010273875710918309,0.001093183707832388,embedding_pca
esmc_PC1758,0.008060911572830459,0.009252864185993007,0.008060911572830459,embedding_pca
esmc_PC1759,0.005495890815628112,0.011456721821779663,0.005495890815628112,embedding_pca
esmc_PC1760,0.007852552305216785,0.011901794218883524,0.007852552305216785,embedding_pca
esmc_PC1761,0.005001855017341144,0.008701277348232006,0.005001855017341144,embedding_pca
esmc_PC1762,-0.015482438317382805,0.014299094906461675,0.015482438317382805,embedding_pca
esmc_PC1763,-0.004940901662378201,0.014744798132081568,0.004940901662378201,embedding_pca
esmc_PC1764,0.0037342236774422937,0.014983660361599638,0.0037342236774422937,embedding_pca
esmc_PC1765,0.0045531087415554925,0.008336106826342988,0.0045531087415554925,embedding_pca
esmc_PC1766,-9.381889508220803e-05,0.01884967877998148,9.381889508220803e-05,embedding_pca
esmc_PC1767,9.344585010385328e-05,0.013149148022016176,9.344585010385328e-05,embedding_pca
esmc_PC1768,0.007944288570200112,0.011224306269628287,0.007944288570200112,embedding_pca
esmc_PC1769,0.011821141498376724,0.010630508132176194,0.011821141498376724,embedding_pca
esmc_PC1770,0.002708299379578115,0.0207752891757498,0.002708299379578115,embedding_pca
esmc_PC1771,0.002490439499151157,0.01719262628108836,0.002490439499151157,embedding_pca
esmc_PC1772,-0.004380716635037307,0.019748637369804475,0.004380716635037307,embedding_pca
esmc_PC1773,0.0068478000344968535,0.01548156342184847,0.0068478000344968535,embedding_pca
esmc_PC1774,0.005333289387095352,0.018043811342838067,0.005333289387095352,embedding_pca
esmc_PC1775,0.0003062914237329802,0.008715405990752339,0.0003062914237329802,embedding_pca
esmc_PC1776,0.0024352855512311594,0.01765985828278206,0.0024352855512311594,embedding_pca
esmc_PC1777,-0.0073255801146654,0.011604247817318628,0.0073255801146654,embedding_pca
esmc_PC1778,0.002235456214116017,0.010120470891644836,0.002235456214116017,embedding_pca
esmc_PC1779,-5.910365325396613e-05,0.01468903710073236,5.910365325396613e-05,embedding_pca
esmc_PC1780,-0.0009411177220634035,0.006019676367642461,0.0009411177220634035,embedding_pca
esmc_PC1781,0.0012487518187391444,0.009938283350280496,0.0012487518187391444,embedding_pca
esmc_PC1782,0.004927061899397449,0.017646615131892494,0.004927061899397449,embedding_pca
esmc_PC1783,0.0072342428079466,0.012322754811055565,0.0072342428079466,embedding_pca
esmc_PC1784,-0.0062515855647116885,0.019185469844959682,0.0062515855647116885,embedding_pca
esmc_PC1785,-0.0056006314453447064,0.016821952538868534,0.0056006314453447064,embedding_pca
esmc_PC1786,-0.003950817304473451,0.02144069491973034,0.003950817304473451,embedding_pca
esmc_PC1787,0.0028469319974731523,0.01561764699325228,0.0028469319974731523,embedding_pca
esmc_PC1788,-0.008228957542349386,0.014125761547226801,0.008228957542349386,embedding_pca
esmc_PC1789,0.004153574675771082,0.0158666048845452,0.004153574675771082,embedding_pca
esmc_PC1790,0.004306055265975324,0.008975170327476028,0.004306055265975324,embedding_pca
esmc_PC1791,0.0014832825706914041,0.013105293242575746,0.0014832825706914041,embedding_pca
esmc_PC1792,-0.005699600293332355,0.0036935329479719473,0.005699600293332355,embedding_pca
esmc_PC1793,-0.002143367647969372,0.018530837874401504,0.002143367647969372,embedding_pca
esmc_PC1794,0.004927741507154029,0.01843799503941554,0.004927741507154029,embedding_pca
esmc_PC1795,-0.002079558930705624,0.010488824220798356,0.002079558930705624,embedding_pca
esmc_PC1796,0.0012095966178617163,0.01688098155489663,0.0012095966178617163,embedding_pca
esmc_PC1797,-0.000783771869367261,0.005644165742813457,0.000783771869367261,embedding_pca
esmc_PC1798,-0.0006589123651217334,0.007792314065705858,0.0006589123651217334,embedding_pca
esmc_PC1799,-0.006987358336348159,0.0225991717420012,0.006987358336348159,embedding_pca
esmc_PC1800,-0.0022247968807798746,0.013789336268052106,0.0022247968807798746,embedding_pca
esmc_PC1801,0.0003207475476147919,0.016769123963666553,0.0003207475476147919,embedding_pca
esmc_PC1802,-0.000868815252197172,0.023628197438756035,0.000868815252197172,embedding_pca
esmc_PC1803,0.005557293964095234,0.009568746384517041,0.005557293964095234,embedding_pca
esmc_PC1804,-0.006590447822267318,0.012248034312314653,0.006590447822267318,embedding_pca
esmc_PC1805,-0.008094127841618327,0.009474774569409766,0.008094127841618327,embedding_pca
esmc_PC1806,-0.01055454580068027,0.005961226466274096,0.01055454580068027,embedding_pca
esmc_PC1807,0.009318720442097916,0.01796084314822004,0.009318720442097916,embedding_pca
esmc_PC1808,0.0020494832051829296,0.01038920034822516,0.0020494832051829296,embedding_pca
esmc_PC1809,-0.0238464722541302,0.007263737859687656,0.0238464722541302,embedding_pca
esmc_PC1810,0.008006661278966192,0.010934949332946585,0.008006661278966192,embedding_pca
esmc_PC1811,-0.008619716781526498,0.013873135020630853,0.008619716781526498,embedding_pca
esmc_PC1812,-0.0018969316614224172,0.02433010335979982,0.0018969316614224172,embedding_pca
esmc_PC1813,-0.0020198184596678377,0.014951410446197402,0.0020198184596678377,embedding_pca
esmc_PC1814,0.008077844194357812,0.01913711839018114,0.008077844194357812,embedding_pca
esmc_PC1815,0.0050816274925636565,0.010329581165881887,0.0050816274925636565,embedding_pca
esmc_PC1816,-0.001671538738543199,0.010696929589245426,0.001671538738543199,embedding_pca
esmc_PC1817,-0.011948764683923889,0.016126179157140517,0.011948764683923889,embedding_pca
esmc_PC1818,-0.0005827213205621652,0.017568660761509224,0.0005827213205621652,embedding_pca
esmc_PC1819,-0.006805744034041836,0.014152205365310847,0.006805744034041836,embedding_pca
esmc_PC1820,0.00749755046864659,0.016354505580752073,0.00749755046864659,embedding_pca
esmc_PC1821,0.009479853390903348,0.019912166171591632,0.009479853390903348,embedding_pca
esmc_PC1822,-0.012153138012848402,0.012300142008578898,0.012153138012848402,embedding_pca
esmc_PC1823,-0.003992558575203833,0.008368252997667436,0.003992558575203833,embedding_pca
esmc_PC1824,-0.005952368882206872,0.013785699905172278,0.005952368882206872,embedding_pca
esmc_PC1825,0.012951192135217154,0.012588620391561027,0.012951192135217154,embedding_pca
esmc_PC1826,-0.003736276345210584,0.014655782635208899,0.003736276345210584,embedding_pca
esmc_PC1827,-0.0006779831962732061,0.024367673362487276,0.0006779831962732061,embedding_pca
esmc_PC1828,0.005718056244916662,0.006061577514833476,0.005718056244916662,embedding_pca
esmc_PC1829,0.004773392059901191,0.012406510143373822,0.004773392059901191,embedding_pca
esmc_PC1830,-0.0033931348484101597,0.013763144794605844,0.0033931348484101597,embedding_pca
esmc_PC1831,-0.01451348875027653,0.013026409281481823,0.01451348875027653,embedding_pca
esmc_PC1832,0.0032014843641421835,0.012568966957431127,0.0032014843641421835,embedding_pca
esmc_PC1833,0.005786286866700517,0.023263854111278397,0.005786286866700517,embedding_pca
esmc_PC1834,0.008950884197303454,0.007700883851670479,0.008950884197303454,embedding_pca
esmc_PC1835,0.0045613893759226705,0.0069098796824486886,0.0045613893759226705,embedding_pca
esmc_PC1836,0.0014798241039905495,0.02013762152018474,0.0014798241039905495,embedding_pca
esmc_PC1837,0.008168300156466836,0.009289684686768409,0.008168300156466836,embedding_pca
esmc_PC1838,0.005137782834873683,0.02744774722784885,0.005137782834873683,embedding_pca
esmc_PC1839,-0.006309367448229709,0.010119215298276729,0.006309367448229709,embedding_pca
esmc_PC1840,0.002858790433489587,0.008880065091945031,0.002858790433489587,embedding_pca
esmc_PC1841,0.002704120121198332,0.014926821931032338,0.002704120121198332,embedding_pca
esmc_PC1842,0.012524738403920363,0.007766632429665871,0.012524738403920363,embedding_pca
esmc_PC1843,0.010610758452199297,0.012218138967640402,0.010610758452199297,embedding_pca
esmc_PC1844,-0.006470784146201963,0.007377280463247488,0.006470784146201963,embedding_pca
esmc_PC1845,-0.0059165024580581215,0.00436624370017149,0.0059165024580581215,embedding_pca
esmc_PC1846,-0.0018616524169390767,0.02556265828727313,0.0018616524169390767,embedding_pca
esmc_PC1847,-0.004206008932831131,0.010952680990867748,0.004206008932831131,embedding_pca
esmc_PC1848,-0.011543126315208674,0.013426200492341863,0.011543126315208674,embedding_pca
esmc_PC1849,0.006371866711933892,0.013184160415651947,0.006371866711933892,embedding_pca
esmc_PC1850,-0.006168542174959243,0.012657473896480833,0.006168542174959243,embedding_pca
esmc_PC1851,-0.009509867475358695,0.009491580606395782,0.009509867475358695,embedding_pca
esmc_PC1852,-0.0015822560340348923,0.008734498476847536,0.0015822560340348923,embedding_pca
esmc_PC1853,0.005642492787251469,0.016107735481816005,0.005642492787251469,embedding_pca
esmc_PC1854,-0.0024502961521523365,0.009871151602770375,0.0024502961521523365,embedding_pca
esmc_PC1855,1.3387444144992086e-05,0.02152322352412294,1.3387444144992086e-05,embedding_pca
esmc_PC1856,0.001500653765443277,0.012291871777412082,0.001500653765443277,embedding_pca
esmc_PC1857,0.005064931993462595,0.0097582093314081,0.005064931993462595,embedding_pca
esmc_PC1858,-0.01577389143325474,0.020912903419823506,0.01577389143325474,embedding_pca
esmc_PC1859,0.013000973374119998,0.01026020980861385,0.013000973374119998,embedding_pca
esmc_PC1860,-0.0018213416802706727,0.007581709267876387,0.0018213416802706727,embedding_pca
esmc_PC1861,-0.010783669916272266,0.018073790993568185,0.010783669916272266,embedding_pca
esmc_PC1862,0.003577151180341326,0.008039032548740572,0.003577151180341326,embedding_pca
esmc_PC1863,0.007891899760393149,0.014839494299966855,0.007891899760393149,embedding_pca
esmc_PC1864,-0.0023031002396026084,0.010276510050936884,0.0023031002396026084,embedding_pca
esmc_PC1865,-0.014112521297692434,0.012103763671972455,0.014112521297692434,embedding_pca
esmc_PC1866,0.009609445573552963,0.01306070599998754,0.009609445573552963,embedding_pca
esmc_PC1867,0.0034475325648134574,0.016756531572863012,0.0034475325648134574,embedding_pca
esmc_PC1868,0.005326029264527467,0.00782118165592119,0.005326029264527467,embedding_pca
esmc_PC1869,0.0029993060290694333,0.01079430594069843,0.0029993060290694333,embedding_pca
esmc_PC1870,0.018042202676403454,0.015476722768261512,0.018042202676403454,embedding_pca
esmc_PC1871,-0.008406695012782713,0.015722730147444866,0.008406695012782713,embedding_pca
esmc_PC1872,0.0004183131045772101,0.018434778723130235,0.0004183131045772101,embedding_pca
esmc_PC1873,-0.008909270962413009,0.013884158777477494,0.008909270962413009,embedding_pca
esmc_PC1874,0.0032514169943713943,0.009031257370694185,0.0032514169943713943,embedding_pca
esmc_PC1875,-0.0021813395393985835,0.008033113309680108,0.0021813395393985835,embedding_pca
esmc_PC1876,-0.0051459868813316855,0.014889652622578825,0.0051459868813316855,embedding_pca
esmc_PC1877,-0.012118303002206296,0.012219780492702616,0.012118303002206296,embedding_pca
esmc_PC1878,-0.00015008805370321198,0.013985766814915899,0.00015008805370321198,embedding_pca
esmc_PC1879,-0.0033668858087799606,0.015892032059567067,0.0033668858087799606,embedding_pca
esmc_PC1880,-0.002044554808574391,0.009141533900887523,0.002044554808574391,embedding_pca
esmc_PC1881,0.005713779564631186,0.020339991904709646,0.005713779564631186,embedding_pca
esmc_PC1882,0.00026973223291935287,0.008662938945853243,0.00026973223291935287,embedding_pca
esmc_PC1883,0.008983207638847631,0.009717660058650983,0.008983207638847631,embedding_pca
esmc_PC1884,0.011098134068700242,0.010126560158147254,0.011098134068700242,embedding_pca
esmc_PC1885,-0.00016971237703819058,0.01446631224983909,0.00016971237703819058,embedding_pca
esmc_PC1886,-0.015954598597729953,0.02001082266672892,0.015954598597729953,embedding_pca
esmc_PC1887,-0.0013363726112849647,0.0122890098529926,0.0013363726112849647,embedding_pca
esmc_PC1888,0.002498752781255162,0.007607856270129438,0.002498752781255162,embedding_pca
esmc_PC1889,0.004816194269611116,0.012102726646180605,0.004816194269611116,embedding_pca
esmc_PC1890,-0.003833224418923133,0.013797406639802421,0.003833224418923133,embedding_pca
esmc_PC1891,-0.0026647840192045437,0.015385361388070963,0.0026647840192045437,embedding_pca
esmc_PC1892,0.005117297306539231,0.0158765948775621,0.005117297306539231,embedding_pca
esmc_PC1893,0.009423915744222642,0.004600819760549822,0.009423915744222642,embedding_pca
esmc_PC1894,0.00836564968805736,0.009672773569486513,0.00836564968805736,embedding_pca
esmc_PC1895,0.006133756131166543,0.011993193792009882,0.006133756131166543,embedding_pca
esmc_PC1896,-0.003424819081958378,0.013574984395086543,0.003424819081958378,embedding_pca
esmc_PC1897,-0.013319243625117322,0.00745164971515723,0.013319243625117322,embedding_pca
esmc_PC1898,0.001298095454003784,0.005241189582885407,0.001298095454003784,embedding_pca
esmc_PC1899,0.001023066780273674,0.008405848046834053,0.001023066780273674,embedding_pca
esmc_PC1900,-0.002771497578582094,0.010598628972666835,0.002771497578582094,embedding_pca
esmc_PC1901,-0.008737646512919719,0.010852381628209456,0.008737646512919719,embedding_pca
esmc_PC1902,-0.005011030834003236,0.010753471601411076,0.005011030834003236,embedding_pca
esmc_PC1903,-0.007166247427091277,0.015586769043155682,0.007166247427091277,embedding_pca
esmc_PC1904,-0.004185466538398702,0.01059944985218578,0.004185466538398702,embedding_pca
esmc_PC1905,0.0030078172841941564,0.01570765317289464,0.0030078172841941564,embedding_pca
esmc_PC1906,0.011876609174094208,0.0076997489406631404,0.011876609174094208,embedding_pca
esmc_PC1907,-0.009831592830201694,0.010792771869640373,0.009831592830201694,embedding_pca
esmc_PC1908,-0.002572744372738175,0.01241600299184907,0.002572744372738175,embedding_pca
esmc_PC1909,0.0033135623074069345,0.020173920847492526,0.0033135623074069345,embedding_pca
esmc_PC1910,0.008449352880731942,0.01206483570213359,0.008449352880731942,embedding_pca
esmc_PC1911,-0.004568753842390691,0.01170859847818262,0.004568753842390691,embedding_pca
esmc_PC1912,-0.0022588134943147993,0.007233223925791488,0.0022588134943147993,embedding_pca
esmc_PC1913,0.003101144521498969,0.0075823498387287795,0.003101144521498969,embedding_pca
esmc_PC1914,-0.0017801975860443193,0.01794606231625297,0.0017801975860443193,embedding_pca
esmc_PC1915,-0.0016174488845601051,0.013038959850758708,0.0016174488845601051,embedding_pca
esmc_PC1916,0.0018370603017433076,0.006888100935955454,0.0018370603017433076,embedding_pca
esmc_PC1917,0.002917368616732461,0.015358848113224226,0.002917368616732461,embedding_pca
esmc_PC1918,0.0044009110206965915,0.01394905954082095,0.0044009110206965915,embedding_pca
esmc_PC1919,0.004077168694421844,0.008950849369016025,0.004077168694421844,embedding_pca
esmc_PC1920,-0.004344783038074855,0.005819621351762949,0.004344783038074855,embedding_pca
esmc_PC1921,-0.011584890173488545,0.008422523863284886,0.011584890173488545,embedding_pca
esmc_PC1922,-0.003790793872652998,0.011696901249853566,0.003790793872652998,embedding_pca
esmc_PC1923,0.006254379516891085,0.011537673061394204,0.006254379516891085,embedding_pca
esmc_PC1924,-0.01037984226028758,0.012558976446323982,0.01037984226028758,embedding_pca
esmc_PC1925,0.002733520746283873,0.010524378519698268,0.002733520746283873,embedding_pca
esmc_PC1926,0.0037319202433763222,0.01777860245068785,0.0037319202433763222,embedding_pca
esmc_PC1927,0.004272139965630903,0.0052998244127183715,0.004272139965630903,embedding_pca
esmc_PC1928,0.011660143827221685,0.013751509756839767,0.011660143827221685,embedding_pca
esmc_PC1929,0.005322645971693527,0.009850654393136878,0.005322645971693527,embedding_pca
esmc_PC1930,-0.009280650062930064,0.005119571921189394,0.009280650062930064,embedding_pca
esmc_PC1931,-0.0037706957014171454,0.007789229762683662,0.0037706957014171454,embedding_pca
esmc_PC1932,0.0030062241584774435,0.008078258891902553,0.0030062241584774435,embedding_pca
esmc_PC1933,-0.003290348943073176,0.007520116689120639,0.003290348943073176,embedding_pca
esmc_PC1934,-0.00558773595746456,0.027879051221261147,0.00558773595746456,embedding_pca
esmc_PC1935,0.008215341364718487,0.013314284716346568,0.008215341364718487,embedding_pca
esmc_PC1936,-0.020021629370122664,0.008039945476789599,0.020021629370122664,embedding_pca
esmc_PC1937,0.001788311968561624,0.015703839094488355,0.001788311968561624,embedding_pca
esmc_PC1938,0.007716096579128468,0.012557254417298838,0.007716096579128468,embedding_pca
esmc_PC1939,-0.0004738143891541202,0.002000272937767714,0.0004738143891541202,embedding_pca
esmc_PC1940,0.007226304130074079,0.010891450679918738,0.007226304130074079,embedding_pca
esmc_PC1941,-0.001863805453850858,0.009192572891057021,0.001863805453850858,embedding_pca
esmc_PC1942,0.005684653240865536,0.017600307398688463,0.005684653240865536,embedding_pca
esmc_PC1943,-0.0047759309659490936,0.009216780921508,0.0047759309659490936,embedding_pca
esmc_PC1944,-0.001428471687192976,0.013645842562311765,0.001428471687192976,embedding_pca
esmc_PC1945,0.00516123994627983,0.008750298165327308,0.00516123994627983,embedding_pca
esmc_PC1946,0.006771091276901123,0.021133589776983205,0.006771091276901123,embedding_pca
esmc_PC1947,0.0047740597439623,0.015579613719813696,0.0047740597439623,embedding_pca
esmc_PC1948,0.007661178589580031,0.009963717358629316,0.007661178589580031,embedding_pca
esmc_PC1949,0.011092932469085364,0.012134812912737627,0.011092932469085364,embedding_pca
esmc_PC1950,0.008920289025109185,0.013169284721982028,0.008920289025109185,embedding_pca
esmc_PC1951,0.005769533915816985,0.012368259751927563,0.005769533915816985,embedding_pca
esmc_PC1952,0.0025298344167197086,0.020744510058601482,0.0025298344167197086,embedding_pca
esmc_PC1953,0.0013180318984557468,0.02507240432451208,0.0013180318984557468,embedding_pca
esmc_PC1954,-0.002670751060843687,0.011866915389076207,0.002670751060843687,embedding_pca
esmc_PC1955,0.005007381115804575,0.017627485091965732,0.005007381115804575,embedding_pca
esmc_PC1956,-0.0006519651858061269,0.014106172952583746,0.0006519651858061269,embedding_pca
esmc_PC1957,-0.008029430124984995,0.007082204540297776,0.008029430124984995,embedding_pca
esmc_PC1958,-0.007462578983011727,0.007483357697476941,0.007462578983011727,embedding_pca
esmc_PC1959,-0.0068721523200340525,0.007884678338985771,0.0068721523200340525,embedding_pca
esmc_PC1960,0.0014739607919903829,0.023143482627920164,0.0014739607919903829,embedding_pca
esmc_PC1961,0.0011457978088185957,0.011106249724196488,0.0011457978088185957,embedding_pca
esmc_PC1962,-0.008819515440947093,0.013614424171404274,0.008819515440947093,embedding_pca
esmc_PC1963,0.003579735477504421,0.011308409630616342,0.003579735477504421,embedding_pca
esmc_PC1964,-0.013049755750716513,0.014204126024811622,0.013049755750716513,embedding_pca
esmc_PC1965,-0.002573577402520324,0.009068996368404419,0.002573577402520324,embedding_pca
esmc_PC1966,0.002741580068046899,0.016431272958722286,0.002741580068046899,embedding_pca
esmc_PC1967,-0.001808217654642753,0.01520042590802918,0.001808217654642753,embedding_pca
esmc_PC1968,0.0009376951778431585,0.01367099887150433,0.0009376951778431585,embedding_pca
esmc_PC1969,-0.003792255248071255,0.004302912707819931,0.003792255248071255,embedding_pca
esmc_PC1970,0.008740738907401025,0.018315567004814546,0.008740738907401025,embedding_pca
esmc_PC1971,-0.0029653864769610227,0.008636319602810152,0.0029653864769610227,embedding_pca
esmc_PC1972,-0.0045704019201567355,0.014732724267045635,0.0045704019201567355,embedding_pca
esmc_PC1973,-0.0039015809740479564,0.013973957135768851,0.0039015809740479564,embedding_pca
esmc_PC1974,0.007150347855836961,0.02129112226737346,0.007150347855836961,embedding_pca
esmc_PC1975,-0.0011157748189776346,0.008299593497231852,0.0011157748189776346,embedding_pca
esmc_PC1976,0.00175247028476181,0.02076050465734889,0.00175247028476181,embedding_pca
esmc_PC1977,0.0031663234406726333,0.015431009131670276,0.0031663234406726333,embedding_pca
esmc_PC1978,-0.0033757406047619206,0.012841028877472967,0.0033757406047619206,embedding_pca
esmc_PC1979,-0.0059158799125891975,0.007537252105670097,0.0059158799125891975,embedding_pca
esmc_PC1980,0.0011242946303601279,0.018551806439178933,0.0011242946303601279,embedding_pca
esmc_PC1981,0.0013314145955143075,0.020426205935749023,0.0013314145955143075,embedding_pca
esmc_PC1982,0.008249557330308003,0.013319024964266794,0.008249557330308003,embedding_pca
esmc_PC1983,0.004711814303429983,0.00957108496989941,0.004711814303429983,embedding_pca
esmc_PC1984,-0.0009668449960933103,0.01692688027581607,0.0009668449960933103,embedding_pca
esmc_PC1985,0.0052250790174672174,0.010884799912612635,0.0052250790174672174,embedding_pca
esmc_PC1986,0.0037519933399890243,0.011692927843912656,0.0037519933399890243,embedding_pca
esmc_PC1987,-0.0026931576843793976,0.00982370121092236,0.0026931576843793976,embedding_pca
esmc_PC1988,0.006864193830910137,0.00972572999422127,0.006864193830910137,embedding_pca
esmc_PC1989,0.0079524150180035,0.012570416269220681,0.0079524150180035,embedding_pca
esmc_PC1990,0.007624401396198607,0.009997846048667812,0.007624401396198607,embedding_pca
esmc_PC1991,0.00760427075105793,0.016023616373267942,0.00760427075105793,embedding_pca
esmc_PC1992,0.013661002354876592,0.010655076301328373,0.013661002354876592,embedding_pca
esmc_PC1993,-0.0005048884688485265,0.02142535801701794,0.0005048884688485265,embedding_pca
esmc_PC1994,-0.007621266709794597,0.01851421936716195,0.007621266709794597,embedding_pca
esmc_PC1995,-0.005496887511664579,0.011437807097712898,0.005496887511664579,embedding_pca
esmc_PC1996,0.0017694933503054435,0.015309513002527987,0.0017694933503054435,embedding_pca
esmc_PC1997,0.0004882382349811358,0.012740522527606527,0.0004882382349811358,embedding_pca
esmc_PC1998,-0.0008382948031572888,0.0077806554328205,0.0008382948031572888,embedding_pca
esmc_PC1999,0.011602705560581785,0.014441211954698234,0.011602705560581785,embedding_pca
esmc_PC2000,0.007547238705135335,0.005319297591598207,0.007547238705135335,embedding_pca
esmc_PC2001,0.004390520750940372,0.016171604530781054,0.004390520750940372,embedding_pca
esmc_PC2002,-0.0034999459633909755,0.014907558255946439,0.0034999459633909755,embedding_pca
esmc_PC2003,0.0017779611736473632,0.015048513160438077,0.0017779611736473632,embedding_pca
esmc_PC2004,-0.012808093127997341,0.014604553435322529,0.012808093127997341,embedding_pca
esmc_PC2005,0.0059995694990571165,0.012533558636676694,0.0059995694990571165,embedding_pca
esmc_PC2006,0.0084244618110891,0.006023363077635128,0.0084244618110891,embedding_pca
esmc_PC2007,0.007584694575749533,0.01544711811658184,0.007584694575749533,embedding_pca
esmc_PC2008,0.018937199816290176,0.019270311619178974,0.018937199816290176,embedding_pca
esmc_PC2009,-0.0047768204797935376,0.013410613182806534,0.0047768204797935376,embedding_pca
esmc_PC2010,0.006065513623800019,0.02164785672363667,0.006065513623800019,embedding_pca
esmc_PC2011,-0.0007063988799116908,0.018729346979258946,0.0007063988799116908,embedding_pca
esmc_PC2012,0.010441212244414315,0.011137222576464937,0.010441212244414315,embedding_pca
esmc_PC2013,0.006827164984596705,0.013654549421030556,0.006827164984596705,embedding_pca
esmc_PC2014,-0.006665016130395071,0.008500299203553432,0.006665016130395071,embedding_pca
esmc_PC2015,0.006759649758445135,0.01074448654556713,0.006759649758445135,embedding_pca
esmc_PC2016,0.00480539712162724,0.01291957709623361,0.00480539712162724,embedding_pca
esmc_PC2017,0.00896267376369621,0.013695888589132801,0.00896267376369621,embedding_pca
esmc_PC2018,-0.01142528383950364,0.011871490384015101,0.01142528383950364,embedding_pca
esmc_PC2019,-0.0039004746989028047,0.012489700114039324,0.0039004746989028047,embedding_pca
esmc_PC2020,0.0010269156488023773,0.004987568304397468,0.0010269156488023773,embedding_pca
esmc_PC2021,0.002214861967140031,0.01057821879268014,0.002214861967140031,embedding_pca
esmc_PC2022,-0.005567366178418473,0.006232649208240125,0.005567366178418473,embedding_pca
esmc_PC2023,0.009777465225749975,0.018627860429919887,0.009777465225749975,embedding_pca
esmc_PC2024,0.009707292433453555,0.01136708125370499,0.009707292433453555,embedding_pca
esmc_PC2025,0.0031420015462221896,0.012642119805671983,0.0031420015462221896,embedding_pca
esmc_PC2026,-0.006341142913863054,0.0074833893340771306,0.006341142913863054,embedding_pca
esmc_PC2027,-0.0084252363729687,0.01142972191964592,0.0084252363729687,embedding_pca
esmc_PC2028,-0.0006956416882030007,0.003208491203847777,0.0006956416882030007,embedding_pca
esmc_PC2029,0.015139642841487166,0.01257679232748013,0.015139642841487166,embedding_pca
esmc_PC2030,0.002329610207681187,0.012962255415854409,0.002329610207681187,embedding_pca
esmc_PC2031,-0.004732770652534075,0.021702599664455497,0.004732770652534075,embedding_pca
esmc_PC2032,0.0047496554100941325,0.006748212536430086,0.0047496554100941325,embedding_pca
esmc_PC2033,0.0018221572149632222,0.012080729907122069,0.0018221572149632222,embedding_pca
esmc_PC2034,-0.001572407535219935,0.01164937483635745,0.001572407535219935,embedding_pca
esmc_PC2035,0.0028873814808942654,0.012109782575199832,0.0028873814808942654,embedding_pca
esmc_PC2036,-0.0018756521903766088,0.028187092584742862,0.0018756521903766088,embedding_pca
esmc_PC2037,-0.007091010915593837,0.01600562117890907,0.007091010915593837,embedding_pca
esmc_PC2038,-0.0051182747120707885,0.022719544737998792,0.0051182747120707885,embedding_pca
esmc_PC2039,0.012736388741477766,0.0153626794627606,0.012736388741477766,embedding_pca
esmc_PC2040,-0.0020011232264919515,0.01271400337390944,0.0020011232264919515,embedding_pca
esmc_PC2041,0.0010566085959204951,0.012553611839303223,0.0010566085959204951,embedding_pca
esmc_PC2042,-0.00047599344613585576,0.006870614759886846,0.00047599344613585576,embedding_pca
esmc_PC2043,0.005936598120231985,0.013554686736898153,0.005936598120231985,embedding_pca
esmc_PC2044,-0.010833496425815931,0.016053250777715862,0.010833496425815931,embedding_pca
esmc_PC2045,0.006265751244997138,0.012546920014143299,0.006265751244997138,embedding_pca
esmc_PC2046,-0.006557638275148071,0.017988705774175474,0.006557638275148071,embedding_pca
esmc_PC2047,-0.009443623697638003,0.013320755590405993,0.009443623697638003,embedding_pca
esmc_PC2048,0.01079758524407532,0.015378490136048492,0.01079758524407532,embedding_pca
esmc_PC2049,0.011918060283318311,0.013789570295575643,0.011918060283318311,embedding_pca
esmc_PC2050,0.004660721878005971,0.009965792154538583,0.004660721878005971,embedding_pca
esmc_PC2051,0.00955415242075608,0.010758023503944116,0.00955415242075608,embedding_pca
esmc_PC2052,0.0005406214688345979,0.009405201308230499,0.0005406214688345979,embedding_pca
esmc_PC2053,0.010390650200929353,0.014666991165284604,0.010390650200929353,embedding_pca
esmc_PC2054,-0.002667368905259756,0.006162573643833398,0.002667368905259756,embedding_pca
esmc_PC2055,0.0017957792829626257,0.008277326972081648,0.0017957792829626257,embedding_pca
esmc_PC2056,0.014850279742353558,0.009375498502317389,0.014850279742353558,embedding_pca
esmc_PC2057,-0.0018555775277832344,0.02162201245496138,0.0018555775277832344,embedding_pca
esmc_PC2058,0.004953961425939861,0.015062616501186446,0.004953961425939861,embedding_pca
esmc_PC2059,-0.0021853246472693976,0.02054114474046726,0.0021853246472693976,embedding_pca
esmc_PC2060,0.002599699250677357,0.010429039606612121,0.002599699250677357,embedding_pca
esmc_PC2061,0.008448782953201863,0.0146096718410956,0.008448782953201863,embedding_pca
esmc_PC2062,0.012171579344331357,0.01720264689943237,0.012171579344331357,embedding_pca
esmc_PC2063,-0.01355130368773834,0.012591659009799406,0.01355130368773834,embedding_pca
esmc_PC2064,0.00497684153631737,0.013384271063694754,0.00497684153631737,embedding_pca
esmc_PC2065,0.00484399643701829,0.01175324687298847,0.00484399643701829,embedding_pca
esmc_PC2066,-0.005719062963266658,0.0053010979734163305,0.005719062963266658,embedding_pca
esmc_PC2067,-0.0074986753009510755,0.002493355488659063,0.0074986753009510755,embedding_pca
esmc_PC2068,-0.015511913788449605,0.011144043310998962,0.015511913788449605,embedding_pca
esmc_PC2069,-0.0030244000231738196,0.01304038285963767,0.0030244000231738196,embedding_pca
esmc_PC2070,-0.009296775990016987,0.013795428829125943,0.009296775990016987,embedding_pca
esmc_PC2071,0.003643149361393217,0.010384372929555253,0.003643149361393217,embedding_pca
esmc_PC2072,-0.016295927552545532,0.017109463825081547,0.016295927552545532,embedding_pca
esmc_PC2073,0.007657316546492961,0.009467904342945385,0.007657316546492961,embedding_pca
esmc_PC2074,-0.004623076758640848,0.007182017439012399,0.004623076758640848,embedding_pca
esmc_PC2075,0.004696168817510819,0.008104140554623945,0.004696168817510819,embedding_pca
esmc_PC2076,0.00795689346457268,0.007650497667525503,0.00795689346457268,embedding_pca
esmc_PC2077,0.003190448849788044,0.011375368477347391,0.003190448849788044,embedding_pca
esmc_PC2078,0.008483871920963334,0.024534175860057274,0.008483871920963334,embedding_pca
esmc_PC2079,0.006340619180174685,0.01671203526581303,0.006340619180174685,embedding_pca
esmc_PC2080,-0.006060808407908826,0.008511975285699056,0.006060808407908826,embedding_pca
esmc_PC2081,-0.004328201996157576,0.010818992413295689,0.004328201996157576,embedding_pca
esmc_PC2082,0.005610097910184605,0.022442093041073443,0.005610097910184605,embedding_pca
esmc_PC2083,-0.003609531550181766,0.025071720315625334,0.003609531550181766,embedding_pca
esmc_PC2084,-0.004675000252875585,0.013086099452813816,0.004675000252875585,embedding_pca
esmc_PC2085,0.004681745955756082,0.02168455077954292,0.004681745955756082,embedding_pca
esmc_PC2086,-0.01715336769689489,0.015633168710530457,0.01715336769689489,embedding_pca
esmc_PC2087,-0.0177553422792059,0.01229642729706534,0.0177553422792059,embedding_pca
esmc_PC2088,-0.01145920654829004,0.008109159922870146,0.01145920654829004,embedding_pca
esmc_PC2089,0.0011940404446310606,0.018630040744112772,0.0011940404446310606,embedding_pca
esmc_PC2090,-0.0014759829729136258,0.00974054159623363,0.0014759829729136258,embedding_pca
esmc_PC2091,-0.01219979759126149,0.013023133973870421,0.01219979759126149,embedding_pca
esmc_PC2092,-0.0033027818784319707,0.014317711026605583,0.0033027818784319707,embedding_pca
esmc_PC2093,-0.0013155050485762448,0.014011558362177207,0.0013155050485762448,embedding_pca
esmc_PC2094,0.007852884323120932,0.007837840161466832,0.007852884323120932,embedding_pca
esmc_PC2095,0.010258794932334904,0.022550849400415254,0.010258794932334904,embedding_pca
esmc_PC2096,-0.010991866385247032,0.011075221772570878,0.010991866385247032,embedding_pca
esmc_PC2097,0.0016202790478454087,0.017776473120790132,0.0016202790478454087,embedding_pca
esmc_PC2098,0.002457233458778,0.0243434138029964,0.002457233458778,embedding_pca
esmc_PC2099,-0.005652850110064696,0.01732401326669794,0.005652850110064696,embedding_pca
esmc_PC2100,0.002411576151868087,0.01761814880168307,0.002411576151868087,embedding_pca
esmc_PC2101,0.010429960223316437,0.018154819147720793,0.010429960223316437,embedding_pca
esmc_PC2102,-0.013275675934293744,0.020019647160518975,0.013275675934293744,embedding_pca
esmc_PC2103,-0.004404223084346526,0.012380302023945754,0.004404223084346526,embedding_pca
esmc_PC2104,0.012764128947266912,0.01790068043322538,0.012764128947266912,embedding_pca
esmc_PC2105,-0.0008075122001510969,0.019126040235595488,0.0008075122001510969,embedding_pca
esmc_PC2106,-0.0011620450663959946,0.026970044208188264,0.0011620450663959946,embedding_pca
esmc_PC2107,0.004498173798234683,0.01384269766163798,0.004498173798234683,embedding_pca
esmc_PC2108,-0.008362521559255593,0.010467926927427913,0.008362521559255593,embedding_pca
esmc_PC2109,0.00926146099106247,0.01779538984117644,0.00926146099106247,embedding_pca
esmc_PC2110,0.0023043205148531526,0.01900601516057903,0.0023043205148531526,embedding_pca
esmc_PC2111,0.007239422011847405,0.006755326989938415,0.007239422011847405,embedding_pca
esmc_PC2112,-0.0031080773807783376,0.011202137339715678,0.0031080773807783376,embedding_pca
esmc_PC2113,-0.004494588744759947,0.02080686268802736,0.004494588744759947,embedding_pca
esmc_PC2114,0.008238741801557434,0.011412552673196628,0.008238741801557434,embedding_pca
esmc_PC2115,-0.0005987774900100482,0.020155404786231828,0.0005987774900100482,embedding_pca
esmc_PC2116,0.0027489085112537017,0.012099895810414634,0.0027489085112537017,embedding_pca
esmc_PC2117,0.011369019791007287,0.014778694160804564,0.011369019791007287,embedding_pca
esmc_PC2118,-0.01020782183126023,0.013036940030920412,0.01020782183126023,embedding_pca
esmc_PC2119,-0.0055600697228200616,0.013471695040884364,0.0055600697228200616,embedding_pca
esmc_PC2120,-0.011273420608642101,0.014251936237802762,0.011273420608642101,embedding_pca
esmc_PC2121,-0.007790597766227231,0.012842208849276508,0.007790597766227231,embedding_pca
esmc_PC2122,0.012359778308609218,0.019416373004856505,0.012359778308609218,embedding_pca
esmc_PC2123,-0.007905370586047778,0.006821262884194762,0.007905370586047778,embedding_pca
esmc_PC2124,0.0018381322275370933,0.016947469085310727,0.0018381322275370933,embedding_pca
esmc_PC2125,0.018083844043244975,0.010094456137019078,0.018083844043244975,embedding_pca
esmc_PC2126,0.006068575090007361,0.010362811846601202,0.006068575090007361,embedding_pca
esmc_PC2127,-0.002122989363167162,0.013615305886391862,0.002122989363167162,embedding_pca
esmc_PC2128,0.001712597844627839,0.013532958164673519,0.001712597844627839,embedding_pca
esmc_PC2129,0.009783389720467408,0.01652997180192642,0.009783389720467408,embedding_pca
esmc_PC2130,0.006336278924143004,0.022210025780741282,0.006336278924143004,embedding_pca
esmc_PC2131,0.0001741483996306005,0.013509661969895627,0.0001741483996306005,embedding_pca
esmc_PC2132,-0.0029469744342462416,0.021789071777914018,0.0029469744342462416,embedding_pca
esmc_PC2133,0.008127997496425992,0.010110810796983142,0.008127997496425992,embedding_pca
esmc_PC2134,-0.0025562004079493173,0.015763162340665698,0.0025562004079493173,embedding_pca
esmc_PC2135,0.00565314759727561,0.007801621928146396,0.00565314759727561,embedding_pca
esmc_PC2136,-0.004220751156019147,0.025615340017752765,0.004220751156019147,embedding_pca
esmc_PC2137,-0.006706610127954758,0.01196880160650545,0.006706610127954758,embedding_pca
esmc_PC2138,0.0026067844273153333,0.016478224190705666,0.0026067844273153333,embedding_pca
esmc_PC2139,-0.0021836644249551614,0.014188533362902864,0.0021836644249551614,embedding_pca
esmc_PC2140,0.007662430020560133,0.017053342202781853,0.007662430020560133,embedding_pca
esmc_PC2141,-0.00458299101500671,0.016732448920319512,0.00458299101500671,embedding_pca
esmc_PC2142,-0.0004819720954524419,0.009135766981150083,0.0004819720954524419,embedding_pca
esmc_PC2143,0.001918063239828702,0.01851127347977907,0.001918063239828702,embedding_pca
esmc_PC2144,-0.005704732222283721,0.01821405326655857,0.005704732222283721,embedding_pca
esmc_PC2145,0.0010301737775260471,0.02477026158986524,0.0010301737775260471,embedding_pca
esmc_PC2146,0.011722725109708645,0.020760169267361534,0.011722725109708645,embedding_pca
esmc_PC2147,0.01011541956143539,0.017161241924390672,0.01011541956143539,embedding_pca
esmc_PC2148,0.013651052162477001,0.020725492355231794,0.013651052162477001,embedding_pca
esmc_PC2149,-0.005950171049721141,0.01641344087310295,0.005950171049721141,embedding_pca
esmc_PC2150,0.004876556840663599,0.02134190673323352,0.004876556840663599,embedding_pca
esmc_PC2151,-0.002880180072566231,0.019569933855974154,0.002880180072566231,embedding_pca
esmc_PC2152,-0.01627099625355318,0.016111345736392307,0.01627099625355318,embedding_pca
esmc_PC2153,0.003812796660784378,0.009688635903868857,0.003812796660784378,embedding_pca
esmc_PC2154,-0.00903662433758708,0.01535337940330872,0.00903662433758708,embedding_pca
esmc_PC2155,-0.016747518182307453,0.017184456534388277,0.016747518182307453,embedding_pca
esmc_PC2156,-0.005695949956575469,0.01983398051996042,0.005695949956575469,embedding_pca
esmc_PC2157,0.0063699593486073874,0.02580159333629337,0.0063699593486073874,embedding_pca
esmc_PC2158,0.006283133086840344,0.02038500904068269,0.006283133086840344,embedding_pca
esmc_PC2159,-0.00043612306728438717,0.022295189528131868,0.00043612306728438717,embedding_pca
esmc_PC2160,-0.002654053187560184,0.01725929013248196,0.002654053187560184,embedding_pca
esmc_PC2161,0.00027367762039566393,0.00884661229438459,0.00027367762039566393,embedding_pca
esmc_PC2162,0.006770380734068301,0.012678673256009592,0.006770380734068301,embedding_pca
esmc_PC2163,-0.006069683251734995,0.013517003952618224,0.006069683251734995,embedding_pca
esmc_PC2164,-0.00800852024258204,0.023303597295693576,0.00800852024258204,embedding_pca
esmc_PC2165,-0.0033332325905254473,0.010934157806589375,0.0033332325905254473,embedding_pca
esmc_PC2166,-0.003434505157272455,0.015232639563218986,0.003434505157272455,embedding_pca
esmc_PC2167,0.011444195213424291,0.010091082753951531,0.011444195213424291,embedding_pca
esmc_PC2168,0.008828710035644494,0.011356808831499319,0.008828710035644494,embedding_pca
esmc_PC2169,0.009420876350167478,0.013148874666293036,0.009420876350167478,embedding_pca
esmc_PC2170,0.0018742112624245328,0.011768011769687588,0.0018742112624245328,embedding_pca
esmc_PC2171,-0.001798640914839493,0.012542473519259948,0.001798640914839493,embedding_pca
esmc_PC2172,-0.01165296409936858,0.01832905921139168,0.01165296409936858,embedding_pca
esmc_PC2173,-0.0028495631143496047,0.01675173670650602,0.0028495631143496047,embedding_pca
esmc_PC2174,0.0015249027668965745,0.008745710359532421,0.0015249027668965745,embedding_pca
esmc_PC2175,0.005267557657537366,0.013811701383680628,0.005267557657537366,embedding_pca
esmc_PC2176,0.0190650055371026,0.017137425798663397,0.0190650055371026,embedding_pca
esmc_PC2177,-0.015622203386111519,0.011453089447600892,0.015622203386111519,embedding_pca
esmc_PC2178,-0.003651253436529847,0.01742978020975298,0.003651253436529847,embedding_pca
esmc_PC2179,0.002940677080534762,0.009300487968567682,0.002940677080534762,embedding_pca
esmc_PC2180,-0.0015828132098127182,0.01733260428220451,0.0015828132098127182,embedding_pca
esmc_PC2181,-0.01405225931211091,0.018863518736153998,0.01405225931211091,embedding_pca
esmc_PC2182,-0.008738754121188777,0.024565482118526317,0.008738754121188777,embedding_pca
esmc_PC2183,0.024504782099476884,0.008529899440066418,0.024504782099476884,embedding_pca
esmc_PC2184,0.003885968320225292,0.0237716815975837,0.003885968320225292,embedding_pca
esmc_PC2185,0.0028261101388585993,0.009454556585912833,0.0028261101388585993,embedding_pca
esmc_PC2186,-0.006453008328402862,0.015604599949195348,0.006453008328402862,embedding_pca
esmc_PC2187,0.004287017293979285,0.01716605405245319,0.004287017293979285,embedding_pca
esmc_PC2188,-0.0035581447925622316,0.00462630285196689,0.0035581447925622316,embedding_pca
esmc_PC2189,0.002092169494303754,0.009996665696776855,0.002092169494303754,embedding_pca
esmc_PC2190,0.0043308018720161585,0.0136099955339051,0.0043308018720161585,embedding_pca
esmc_PC2191,-0.0027115525986973832,0.01829848540532357,0.0027115525986973832,embedding_pca
esmc_PC2192,-0.0011612816894143638,0.018305779507410844,0.0011612816894143638,embedding_pca
esmc_PC2193,3.026157697786844e-07,0.018867017429623188,3.026157697786844e-07,embedding_pca
esmc_PC2194,-0.00306586252443231,0.008997633939118874,0.00306586252443231,embedding_pca
esmc_PC2195,-0.013779458705697962,0.012046468313581063,0.013779458705697962,embedding_pca
esmc_PC2196,-0.0092351336160733,0.009738476653819342,0.0092351336160733,embedding_pca
esmc_PC2197,0.004168730417871859,0.010704489762431655,0.004168730417871859,embedding_pca
esmc_PC2198,0.002845725461892703,0.013829162214692515,0.002845725461892703,embedding_pca
esmc_PC2199,0.015935360695408247,0.010384377671225012,0.015935360695408247,embedding_pca
esmc_PC2200,-0.0032679406599782565,0.016985071530694864,0.0032679406599782565,embedding_pca
esmc_PC2201,0.01614763392936685,0.002249817598208193,0.01614763392936685,embedding_pca
esmc_PC2202,-0.008482691446479184,0.017386426681923296,0.008482691446479184,embedding_pca
esmc_PC2203,-0.0004618865765412688,0.019165180087699445,0.0004618865765412688,embedding_pca
esmc_PC2204,-0.007418467549631158,0.0119291617253319,0.007418467549631158,embedding_pca
esmc_PC2205,0.003591076940559196,0.012400332940792149,0.003591076940559196,embedding_pca
esmc_PC2206,-0.0019971693411717046,0.01327090233474954,0.0019971693411717046,embedding_pca
esmc_PC2207,0.004615494162714725,0.017653631582125767,0.004615494162714725,embedding_pca
esmc_PC2208,-0.004631440238464622,0.017624956033896817,0.004631440238464622,embedding_pca
esmc_PC2209,0.012424056552142002,0.018064576341371395,0.012424056552142002,embedding_pca
esmc_PC2210,-0.0007795500119508726,0.022705565825789076,0.0007795500119508726,embedding_pca
esmc_PC2211,0.009543697297607383,0.01592230425268089,0.009543697297607383,embedding_pca
esmc_PC2212,-0.0013125870061657383,0.017616528053888775,0.0013125870061657383,embedding_pca
esmc_PC2213,-0.021118079036427425,0.015506752120300978,0.021118079036427425,embedding_pca
esmc_PC2214,-0.005839729655471829,0.011340377486382837,0.005839729655471829,embedding_pca
esmc_PC2215,-0.0039237132344412855,0.010056975052516001,0.0039237132344412855,embedding_pca
esmc_PC2216,-0.015107718129082242,0.0175413950551724,0.015107718129082242,embedding_pca
esmc_PC2217,0.005674437930352103,0.012834443779260596,0.005674437930352103,embedding_pca
esmc_PC2218,0.004965540210473677,0.01739324004701385,0.004965540210473677,embedding_pca
esmc_PC2219,-0.012998240267330282,0.00867837713692992,0.012998240267330282,embedding_pca
esmc_PC2220,0.013645606604063245,0.004189380026289576,0.013645606604063245,embedding_pca
esmc_PC2221,-0.0070990989389399795,0.005194962313596059,0.0070990989389399795,embedding_pca
esmc_PC2222,-0.0002840981882512835,0.010199064407768322,0.0002840981882512835,embedding_pca
esmc_PC2223,0.0166520573311977,0.011674658004904206,0.0166520573311977,embedding_pca
esmc_PC2224,0.006275922147293567,0.018358372601064824,0.006275922147293567,embedding_pca
esmc_PC2225,0.008504101606430841,0.017535304897419397,0.008504101606430841,embedding_pca
esmc_PC2226,0.00935457553222726,0.009537426464485292,0.00935457553222726,embedding_pca
esmc_PC2227,0.006835860709640656,0.014237060690259411,0.006835860709640656,embedding_pca
esmc_PC2228,-0.001704345787214532,0.007762368053481108,0.001704345787214532,embedding_pca
esmc_PC2229,-0.0030770727559966842,0.026022239164686704,0.0030770727559966842,embedding_pca
esmc_PC2230,-0.0024305067701403974,0.01606552459714369,0.0024305067701403974,embedding_pca
esmc_PC2231,-0.007011481615902324,0.015008105100943536,0.007011481615902324,embedding_pca
esmc_PC2232,-0.004419241369029886,0.009023812486907158,0.004419241369029886,embedding_pca
esmc_PC2233,0.0019898158470271856,0.01509414377787355,0.0019898158470271856,embedding_pca
esmc_PC2234,-0.0027914707404106376,0.01771784312429139,0.0027914707404106376,embedding_pca
esmc_PC2235,0.006096493211409553,0.014915190000132016,0.006096493211409553,embedding_pca
esmc_PC2236,0.008146617544309311,0.017145112612644675,0.008146617544309311,embedding_pca
esmc_PC2237,-0.0006559582024217855,0.012536973683111545,0.0006559582024217855,embedding_pca
esmc_PC2238,-0.002808054386992471,0.012620574097020618,0.002808054386992471,embedding_pca
esmc_PC2239,-0.0026414401623109816,0.012729062749252666,0.0026414401623109816,embedding_pca
esmc_PC2240,0.00859353635029542,0.014030702755221667,0.00859353635029542,embedding_pca
esmc_PC2241,-0.006104185580425455,0.013792628975402706,0.006104185580425455,embedding_pca
esmc_PC2242,-0.0018268936439490243,0.021957820064045744,0.0018268936439490243,embedding_pca
esmc_PC2243,-0.01329030428734492,0.015500599191142208,0.01329030428734492,embedding_pca
esmc_PC2244,0.003352653372808359,0.010988412556479137,0.003352653372808359,embedding_pca
esmc_PC2245,-0.0027813301837089363,0.014645082539189043,0.0027813301837089363,embedding_pca
esmc_PC2246,0.0052218587366152066,0.017397269695835233,0.0052218587366152066,embedding_pca
esmc_PC2247,0.002340563378053281,0.009104168999501254,0.002340563378053281,embedding_pca
esmc_PC2248,-0.012439622489021617,0.011799452306843178,0.012439622489021617,embedding_pca
esmc_PC2249,-0.00681041458287456,0.01661446733470316,0.00681041458287456,embedding_pca
esmc_PC2250,0.007210669538493197,0.02377573822052465,0.007210669538493197,embedding_pca
esmc_PC2251,0.005100107779906054,0.011341693335115232,0.005100107779906054,embedding_pca
esmc_PC2252,0.0058780709948504425,0.009956028115141525,0.0058780709948504425,embedding_pca
esmc_PC2253,0.008093840949332218,0.011827047941955906,0.008093840949332218,embedding_pca
esmc_PC2254,-0.0009377808125877329,0.014083205792124884,0.0009377808125877329,embedding_pca
esmc_PC2255,0.005309617731437644,0.015108400760260713,0.005309617731437644,embedding_pca
esmc_PC2256,0.007272766857923232,0.011691917285354202,0.007272766857923232,embedding_pca
esmc_PC2257,0.0016724028334333236,0.011930600729096038,0.0016724028334333236,embedding_pca
esmc_PC2258,-0.015301076712637269,0.009376474603175937,0.015301076712637269,embedding_pca
esmc_PC2259,-0.0026138155562191664,0.022469708451941475,0.0026138155562191664,embedding_pca
esmc_PC2260,-0.005365213257526214,0.017749626365278985,0.005365213257526214,embedding_pca
esmc_PC2261,-0.001619875598484934,0.01312080329327045,0.001619875598484934,embedding_pca
esmc_PC2262,0.009221494504645714,0.014398141348487168,0.009221494504645714,embedding_pca
esmc_PC2263,-0.0010369800411657935,0.016175474796992585,0.0010369800411657935,embedding_pca
esmc_PC2264,0.013376865952780204,0.013913655008058627,0.013376865952780204,embedding_pca
esmc_PC2265,0.0006905800233261844,0.014123664970175098,0.0006905800233261844,embedding_pca
esmc_PC2266,-0.0012003994959319034,0.008682408068113585,0.0012003994959319034,embedding_pca
esmc_PC2267,-0.01353106225326257,0.020013813115803848,0.01353106225326257,embedding_pca
esmc_PC2268,-0.010179675599451984,0.005583356170578056,0.010179675599451984,embedding_pca
esmc_PC2269,-0.017730746847665055,0.021344882281729594,0.017730746847665055,embedding_pca
esmc_PC2270,0.0015398884995759287,0.013809937952624233,0.0015398884995759287,embedding_pca
esmc_PC2271,0.003123793838400963,0.017890998441280375,0.003123793838400963,embedding_pca
esmc_PC2272,0.003238742551081854,0.010971619230966652,0.003238742551081854,embedding_pca
esmc_PC2273,0.003134541072542715,0.023106992187603453,0.003134541072542715,embedding_pca
esmc_PC2274,-0.010002899552696062,0.017287356194937334,0.010002899552696062,embedding_pca
esmc_PC2275,-0.012579571633098457,0.017231213995526948,0.012579571633098457,embedding_pca
esmc_PC2276,0.005670066422295209,0.008855517098908222,0.005670066422295209,embedding_pca
esmc_PC2277,-0.015704100163294644,0.01707617967540857,0.015704100163294644,embedding_pca
esmc_PC2278,-0.0015848637326169022,0.014017135186212832,0.0015848637326169022,embedding_pca
esmc_PC2279,-0.004436781817413168,0.007602976934916219,0.004436781817413168,embedding_pca
esmc_PC2280,-0.010747973441705843,0.018106122659692487,0.010747973441705843,embedding_pca
esmc_PC2281,-0.0061329901799611185,0.02027098726346637,0.0061329901799611185,embedding_pca
esmc_PC2282,0.0027219585658596395,0.010991968968345294,0.0027219585658596395,embedding_pca
esmc_PC2283,0.0026189747329400668,0.013097407402421742,0.0026189747329400668,embedding_pca
esmc_PC2284,-0.017867122749870335,0.01613011494935681,0.017867122749870335,embedding_pca
esmc_PC2285,-0.011108213985458235,0.01322351619562885,0.011108213985458235,embedding_pca
esmc_PC2286,0.00803705596616292,0.017854823862140882,0.00803705596616292,embedding_pca
esmc_PC2287,-0.005806667044900996,0.01829369483474093,0.005806667044900996,embedding_pca
esmc_PC2288,0.008384092233113618,0.007414069430265885,0.008384092233113618,embedding_pca
esmc_PC2289,-0.009449442955593758,0.016052985941212915,0.009449442955593758,embedding_pca
esmc_PC2290,-0.010673338761307785,0.01672709062206547,0.010673338761307785,embedding_pca
esmc_PC2291,0.000749189498347436,0.015422127011572688,0.000749189498347436,embedding_pca
esmc_PC2292,-0.003558353185510178,0.008967412154725313,0.003558353185510178,embedding_pca
esmc_PC2293,-0.001378506978480684,0.010290804920237368,0.001378506978480684,embedding_pca
esmc_PC2294,0.007878363033730459,0.021839347961497866,0.007878363033730459,embedding_pca
esmc_PC2295,-0.0033692841137609036,0.016881928626917043,0.0033692841137609036,embedding_pca
esmc_PC2296,-0.003021487624664831,0.012809283804109832,0.003021487624664831,embedding_pca
esmc_PC2297,0.0020297094742133307,0.01711208576109194,0.0020297094742133307,embedding_pca
esmc_PC2298,0.009171901871050572,0.009972882944895992,0.009171901871050572,embedding_pca
esmc_PC2299,-0.0027074496580538738,0.01544201722973743,0.0027074496580538738,embedding_pca
esmc_PC2300,-0.005404418474549796,0.008619583782518297,0.005404418474549796,embedding_pca
esmc_PC2301,-0.0017985708159074163,0.01310727125692628,0.0017985708159074163,embedding_pca
esmc_PC2302,-0.00979177192075161,0.017970194178004946,0.00979177192075161,embedding_pca
esmc_PC2303,0.0009132700880210207,0.01070683029891637,0.0009132700880210207,embedding_pca
esmc_PC2304,-0.010028846176887473,0.012116686828526702,0.010028846176887473,embedding_pca
esmc_PC2305,0.00014854687708250498,0.021444747940181412,0.00014854687708250498,embedding_pca
esmc_PC2306,-0.005004963487778511,0.004757560709027236,0.005004963487778511,embedding_pca
esmc_PC2307,-0.009712845054651732,0.013601529905638144,0.009712845054651732,embedding_pca
esmc_PC2308,0.004033148540181377,0.020570293814234936,0.004033148540181377,embedding_pca
esmc_PC2309,-0.0033175800624608287,0.009807724431011038,0.0033175800624608287,embedding_pca
esmc_PC2310,-0.004677624268338628,0.01037537558235176,0.004677624268338628,embedding_pca
esmc_PC2311,-0.005997834939872906,0.00732508787890754,0.005997834939872906,embedding_pca
esmc_PC2312,0.002660918775393203,0.011459445527387015,0.002660918775393203,embedding_pca
esmc_PC2313,0.00221821888453938,0.008779157811705527,0.00221821888453938,embedding_pca
esmc_PC2314,0.003671465340382106,0.009064545857875613,0.003671465340382106,embedding_pca
esmc_PC2315,-0.014754981650689131,0.007838528264983984,0.014754981650689131,embedding_pca
esmc_PC2316,-0.0021280539962480866,0.015110278734056671,0.0021280539962480866,embedding_pca
esmc_PC2317,-0.012527509615971932,0.005911322847843376,0.012527509615971932,embedding_pca
esmc_PC2318,-0.004137718126506063,0.012510586673999775,0.004137718126506063,embedding_pca
esmc_PC2319,-0.0019978412432107018,0.004894910888053195,0.0019978412432107018,embedding_pca
esmc_PC2320,-0.010446621727040913,0.019528108493483756,0.010446621727040913,embedding_pca
esmc_PC2321,0.005214307906483679,0.018670288272527976,0.005214307906483679,embedding_pca
esmc_PC2322,-0.010284247554498239,0.01363701760977225,0.010284247554498239,embedding_pca
esmc_PC2323,-0.003344951732896623,0.013928668580119806,0.003344951732896623,embedding_pca
esmc_PC2324,0.0019138505603543284,0.021393689536664887,0.0019138505603543284,embedding_pca
esmc_PC2325,0.0070044273498267445,0.006972613767544349,0.0070044273498267445,embedding_pca
esmc_PC2326,0.004889463760180117,0.006598359508025635,0.004889463760180117,embedding_pca
esmc_PC2327,-0.00043214662303138127,0.005032240782919624,0.00043214662303138127,embedding_pca
esmc_PC2328,0.008886053520126438,0.004450780697328846,0.008886053520126438,embedding_pca
esmc_PC2329,-0.0010273684889015972,0.013808356957319667,0.0010273684889015972,embedding_pca
esmc_PC2330,-0.012314180843538816,0.0073193022215407985,0.012314180843538816,embedding_pca
esmc_PC2331,-0.006009422329606437,0.0050078122238165195,0.006009422329606437,embedding_pca
esmc_PC2332,-0.002511464489644347,0.013749855433438304,0.002511464489644347,embedding_pca
esmc_PC2333,0.012123599512321757,0.010546478154196633,0.012123599512321757,embedding_pca
esmc_PC2334,0.02366654468202614,0.01128820409920895,0.02366654468202614,embedding_pca
esmc_PC2335,-0.0016135736024428568,0.011361521252252713,0.0016135736024428568,embedding_pca
esmc_PC2336,-0.008927932742056732,0.007063993713206371,0.008927932742056732,embedding_pca
esmc_PC2337,0.013235320278653576,0.013613389570162547,0.013235320278653576,embedding_pca
esmc_PC2338,-0.009718630146074428,0.022726810863054493,0.009718630146074428,embedding_pca
esmc_PC2339,-0.006903758725537769,0.012764995937777563,0.006903758725537769,embedding_pca
esmc_PC2340,-0.0037213438278747685,0.009948018290965227,0.0037213438278747685,embedding_pca
esmc_PC2341,0.004859271776598257,0.010294370812861964,0.004859271776598257,embedding_pca
esmc_PC2342,0.004423386597179902,0.017099513701523007,0.004423386597179902,embedding_pca
esmc_PC2343,0.008699335787739711,0.00620723958673439,0.008699335787739711,embedding_pca
esmc_PC2344,-0.0005882687397943106,0.014131638391186446,0.0005882687397943106,embedding_pca
esmc_PC2345,0.005089715561989633,0.01732818154970289,0.005089715561989633,embedding_pca
esmc_PC2346,0.006656132750663235,0.016160754959415807,0.006656132750663235,embedding_pca
esmc_PC2347,0.005157582432053102,0.022130706125362817,0.005157582432053102,embedding_pca
esmc_PC2348,0.004621616978100091,0.017982656898325823,0.004621616978100091,embedding_pca
esmc_PC2349,0.0011451839783193033,0.010761017327093784,0.0011451839783193033,embedding_pca
esmc_PC2350,-0.007721286868093971,0.014155162790324801,0.007721286868093971,embedding_pca
esmc_PC2351,-0.010951282265443342,0.010113841551994709,0.010951282265443342,embedding_pca
esmc_PC2352,-0.009457300130684432,0.009827303069002116,0.009457300130684432,embedding_pca
esmc_PC2353,-0.004211757611323621,0.011038346512400253,0.004211757611323621,embedding_pca
esmc_PC2354,-0.004911762371254562,0.012533726735505834,0.004911762371254562,embedding_pca
esmc_PC2355,-0.012055018331841309,0.012530837734950671,0.012055018331841309,embedding_pca
esmc_PC2356,0.02231374775581981,0.004846828362292996,0.02231374775581981,embedding_pca
esmc_PC2357,0.002535955319750786,0.017297038455050276,0.002535955319750786,embedding_pca
esmc_PC2358,0.011868094020635562,0.012001321384562552,0.011868094020635562,embedding_pca
esmc_PC2359,0.009291501773996824,0.012876691345557877,0.009291501773996824,embedding_pca
esmc_PC2360,-0.009180749354517756,0.02412317387647757,0.009180749354517756,embedding_pca
esmc_PC2361,0.0025404050502669494,0.010898123955093283,0.0025404050502669494,embedding_pca
esmc_PC2362,0.006399161214568803,0.013165635866675747,0.006399161214568803,embedding_pca
esmc_PC2363,0.009966336378045912,0.011528930670574896,0.009966336378045912,embedding_pca
esmc_PC2364,-0.0007523198001879918,0.009881537690799715,0.0007523198001879918,embedding_pca
esmc_PC2365,-0.010161996738458568,0.015802905091969997,0.010161996738458568,embedding_pca
esmc_PC2366,0.000177332251150171,0.016743370680057847,0.000177332251150171,embedding_pca
esmc_PC2367,0.015321335002917297,0.019243845129490803,0.015321335002917297,embedding_pca
esmc_PC2368,-0.0014892004573226758,0.011480843051321812,0.0014892004573226758,embedding_pca
esmc_PC2369,0.0020099725716794174,0.011271553060657535,0.0020099725716794174,embedding_pca
esmc_PC2370,0.0065028678548483074,0.009483218740380217,0.0065028678548483074,embedding_pca
esmc_PC2371,0.005175698676531377,0.021631700360269478,0.005175698676531377,embedding_pca
esmc_PC2372,-0.0003347747846430526,0.009424983916383661,0.0003347747846430526,embedding_pca
esmc_PC2373,0.00849735457947901,0.0068106410449379415,0.00849735457947901,embedding_pca
esmc_PC2374,-0.0005673872782863979,0.011554026642330663,0.0005673872782863979,embedding_pca
esmc_PC2375,-0.011426792108422111,0.010848657680173032,0.011426792108422111,embedding_pca
esmc_PC2376,0.008201104327954475,0.009744170202345047,0.008201104327954475,embedding_pca
esmc_PC2377,0.0011741343848748324,0.006448104235575393,0.0011741343848748324,embedding_pca
esmc_PC2378,-0.004308304437839446,0.022082125708790954,0.004308304437839446,embedding_pca
esmc_PC2379,0.005030547783514955,0.010918816936745939,0.005030547783514955,embedding_pca
esmc_PC2380,-0.0035925403792328456,0.011442609424243135,0.0035925403792328456,embedding_pca
esmc_PC2381,-0.002099671415247701,0.011128056446234491,0.002099671415247701,embedding_pca
esmc_PC2382,0.001757144868059174,0.02078372809848217,0.001757144868059174,embedding_pca
esmc_PC2383,-0.0015879058942593945,0.010092683407013135,0.0015879058942593945,embedding_pca
esmc_PC2384,0.0031555180564102796,0.018001450849798255,0.0031555180564102796,embedding_pca
esmc_PC2385,0.021113731728759667,0.014418185771946097,0.021113731728759667,embedding_pca
esmc_PC2386,0.009898449647027872,0.018664467012969036,0.009898449647027872,embedding_pca
esmc_PC2387,0.008284021122796111,0.021262490953058863,0.008284021122796111,embedding_pca
esmc_PC2388,-0.0009120256210721699,0.01288821641714061,0.0009120256210721699,embedding_pca
esmc_PC2389,0.009839895126386012,0.004594871145468381,0.009839895126386012,embedding_pca
esmc_PC2390,0.005048211418228416,0.014071828970096343,0.005048211418228416,embedding_pca
esmc_PC2391,0.005081788428506916,0.015911677104077013,0.005081788428506916,embedding_pca
esmc_PC2392,0.00048814709439626985,0.012395344688459774,0.00048814709439626985,embedding_pca
esmc_PC2393,-0.007884776404911122,0.014881823067057496,0.007884776404911122,embedding_pca
esmc_PC2394,-0.005771024945776654,0.011230580309943354,0.005771024945776654,embedding_pca
esmc_PC2395,0.0016360694780042187,0.01730376043291487,0.0016360694780042187,embedding_pca
esmc_PC2396,-0.01763467044071974,0.00819925808742008,0.01763467044071974,embedding_pca
esmc_PC2397,-0.0008873136414013336,0.005020402481182307,0.0008873136414013336,embedding_pca
esmc_PC2398,-0.011092335246163676,0.012266538788009259,0.011092335246163676,embedding_pca
esmc_PC2399,0.004204136689799326,0.006748183016706918,0.004204136689799326,embedding_pca
esmc_PC2400,-0.004649392540592529,0.024604196302769755,0.004649392540592529,embedding_pca
esmc_PC2401,-0.0007421025060163538,0.014517510653742925,0.0007421025060163538,embedding_pca
esmc_PC2402,0.003219476777162538,0.0130395118186676,0.003219476777162538,embedding_pca
esmc_PC2403,-0.006610891943273021,0.016175074662578316,0.006610891943273021,embedding_pca
esmc_PC2404,-0.0034686693405483597,0.004683091711012813,0.0034686693405483597,embedding_pca
esmc_PC2405,0.00361576359187772,0.01735627371172348,0.00361576359187772,embedding_pca
esmc_PC2406,-0.008070386087812175,0.02214641734688762,0.008070386087812175,embedding_pca
esmc_PC2407,-0.004818364537387098,0.017439555908947513,0.004818364537387098,embedding_pca
esmc_PC2408,-0.008888991098619594,0.01745673362426449,0.008888991098619594,embedding_pca
esmc_PC2409,0.006438660476817506,0.020896549780720742,0.006438660476817506,embedding_pca
esmc_PC2410,-0.0023742669871596135,0.03296729217563418,0.0023742669871596135,embedding_pca
esmc_PC2411,0.00945542441487118,0.02168540617990204,0.00945542441487118,embedding_pca
esmc_PC2412,0.010616218691908628,0.020627666976476722,0.010616218691908628,embedding_pca
esmc_PC2413,0.012219575278896897,0.009545608706951095,0.012219575278896897,embedding_pca
esmc_PC2414,-0.0054071747985342,0.0163370143532221,0.0054071747985342,embedding_pca
esmc_PC2415,0.01162057239553135,0.009516094351503654,0.01162057239553135,embedding_pca
esmc_PC2416,0.0047856164400868,0.01676878066910152,0.0047856164400868,embedding_pca
esmc_PC2417,-0.0009812381730748571,0.012251596267436927,0.0009812381730748571,embedding_pca
esmc_PC2418,-0.01414903929503374,0.019457381873840628,0.01414903929503374,embedding_pca
esmc_PC2419,-0.014241780553440308,0.009939367412831038,0.014241780553440308,embedding_pca
esmc_PC2420,-0.012152162272209496,0.006781583244299027,0.012152162272209496,embedding_pca
esmc_PC2421,-0.00287491117071405,0.015241749000297058,0.00287491117071405,embedding_pca
esmc_PC2422,-0.005673530626713773,0.017040602964695294,0.005673530626713773,embedding_pca
esmc_PC2423,0.005199386197807336,0.009172563431385993,0.005199386197807336,embedding_pca
esmc_PC2424,-0.005885192038489859,0.01467488816995352,0.005885192038489859,embedding_pca
esmc_PC2425,-0.0008467078848978036,0.007841174782264456,0.0008467078848978036,embedding_pca
esmc_PC2426,-0.0033741837629495163,0.006427219564302651,0.0033741837629495163,embedding_pca
esmc_PC2427,0.006665850956467298,0.011163564343040033,0.006665850956467298,embedding_pca
esmc_PC2428,-0.0008211925110386119,0.016862240620921006,0.0008211925110386119,embedding_pca
esmc_PC2429,-0.005811424610404066,0.0102365405132247,0.005811424610404066,embedding_pca
esmc_PC2430,-0.0012965081656570237,0.011408775421626632,0.0012965081656570237,embedding_pca
esmc_PC2431,-0.0029188147608591453,0.016565296791927264,0.0029188147608591453,embedding_pca
esmc_PC2432,0.011017180098224517,0.013304999709301478,0.011017180098224517,embedding_pca
esmc_PC2433,0.00040145941238748235,0.013173557661468322,0.00040145941238748235,embedding_pca
esmc_PC2434,0.010603550463685649,0.026403429853609803,0.010603550463685649,embedding_pca
esmc_PC2435,0.006436688722802017,0.007498431021175623,0.006436688722802017,embedding_pca
esmc_PC2436,-0.006446840680443822,0.00604629426467574,0.006446840680443822,embedding_pca
esmc_PC2437,-0.010458982186471852,0.02134639158728662,0.010458982186471852,embedding_pca
esmc_PC2438,-0.010875951686213891,0.014648999238760292,0.010875951686213891,embedding_pca
esmc_PC2439,0.00710360214553703,0.010724151350028962,0.00710360214553703,embedding_pca
esmc_PC2440,0.008415876694203392,0.026128717629572622,0.008415876694203392,embedding_pca
esmc_PC2441,0.005363782821412975,0.019583621054308106,0.005363782821412975,embedding_pca
esmc_PC2442,-0.001342174462020379,0.02210747589686413,0.001342174462020379,embedding_pca
esmc_PC2443,-0.004280072993276808,0.014402333644751556,0.004280072993276808,embedding_pca
esmc_PC2444,-0.0034996399165712413,0.007318582831011922,0.0034996399165712413,embedding_pca
esmc_PC2445,-0.0025505324563215603,0.015828601501319824,0.0025505324563215603,embedding_pca
esmc_PC2446,0.0015815072650766312,0.01816222411541565,0.0015815072650766312,embedding_pca
esmc_PC2447,-0.007918717140426575,0.007369063158845389,0.007918717140426575,embedding_pca
esmc_PC2448,0.006300792214551982,0.01226531067824459,0.006300792214551982,embedding_pca
esmc_PC2449,0.006746803360089348,0.016940786997833867,0.006746803360089348,embedding_pca
esmc_PC2450,0.00028104419733133957,0.008479876364637576,0.00028104419733133957,embedding_pca
esmc_PC2451,0.003318064707368428,0.020982362651944423,0.003318064707368428,embedding_pca
esmc_PC2452,0.0009353725532959788,0.020533874617797543,0.0009353725532959788,embedding_pca
esmc_PC2453,0.005242626728486329,0.010181175729735979,0.005242626728486329,embedding_pca
esmc_PC2454,0.005482387593753042,0.014561252990451802,0.005482387593753042,embedding_pca
esmc_PC2455,-0.0013531437139652515,0.005728451629849679,0.0013531437139652515,embedding_pca
esmc_PC2456,0.007421983171688379,0.01777967695355291,0.007421983171688379,embedding_pca
esmc_PC2457,0.0012069187009244716,0.009329996296600045,0.0012069187009244716,embedding_pca
esmc_PC2458,0.0013224697308995357,0.012813202147033896,0.0013224697308995357,embedding_pca
esmc_PC2459,-0.004857329387815806,0.015573242822809384,0.004857329387815806,embedding_pca
esmc_PC2460,-0.0006468616287789941,0.013970399658167034,0.0006468616287789941,embedding_pca
esmc_PC2461,-0.007085077553335458,0.017851185663083795,0.007085077553335458,embedding_pca
esmc_PC2462,-0.013061003287692293,0.012084594780143471,0.013061003287692293,embedding_pca
esmc_PC2463,-0.009782827265845603,0.012508596872043747,0.009782827265845603,embedding_pca
esmc_PC2464,-0.005925733060482053,0.010538798401307902,0.005925733060482053,embedding_pca
esmc_PC2465,0.006767593260994345,0.010625020946632754,0.006767593260994345,embedding_pca
esmc_PC2466,-0.0017957628102575874,0.00975349772819966,0.0017957628102575874,embedding_pca
esmc_PC2467,-0.003982823843385897,0.01738422866314121,0.003982823843385897,embedding_pca
esmc_PC2468,-0.0006658451114603692,0.008311909113178112,0.0006658451114603692,embedding_pca
esmc_PC2469,-0.003765350173176836,0.020677757615269802,0.003765350173176836,embedding_pca
esmc_PC2470,0.0009823481095564766,0.009423584388954511,0.0009823481095564766,embedding_pca
esmc_PC2471,0.014175376352761471,0.014733893475460455,0.014175376352761471,embedding_pca
esmc_PC2472,0.0007723403468198268,0.01811022249791453,0.0007723403468198268,embedding_pca
esmc_PC2473,-0.002449877898575461,0.012936506758444826,0.002449877898575461,embedding_pca
esmc_PC2474,0.0069139811333602755,0.018003718861698978,0.0069139811333602755,embedding_pca
esmc_PC2475,0.007728986312079261,0.02558677674749204,0.007728986312079261,embedding_pca
esmc_PC2476,-0.0023200106397976185,0.014946946232290053,0.0023200106397976185,embedding_pca
esmc_PC2477,-0.012909655372977277,0.014982989415137217,0.012909655372977277,embedding_pca
esmc_PC2478,-0.012505254213786943,0.018941923507725583,0.012505254213786943,embedding_pca
esmc_PC2479,-0.00021682840070030954,0.006936298229596544,0.00021682840070030954,embedding_pca
esmc_PC2480,0.0016581101360698407,0.0057861001168525135,0.0016581101360698407,embedding_pca
esmc_PC2481,0.0035103334909351172,0.01942030038695497,0.0035103334909351172,embedding_pca
esmc_PC2482,0.0031586184069254167,0.0159058520453961,0.0031586184069254167,embedding_pca
esmc_PC2483,-0.013999304364415663,0.01609370730224304,0.013999304364415663,embedding_pca
esmc_PC2484,0.008302474097343863,0.017206579497562643,0.008302474097343863,embedding_pca
esmc_PC2485,0.0012199769264357148,0.016244510060937956,0.0012199769264357148,embedding_pca
esmc_PC2486,0.006562035816245373,0.005820302395010733,0.006562035816245373,embedding_pca
esmc_PC2487,-0.011731957323830715,0.012437106681494578,0.011731957323830715,embedding_pca
esmc_PC2488,0.0022128535296339056,0.01995481487090172,0.0022128535296339056,embedding_pca
esmc_PC2489,0.008305529139674864,0.016946077648809166,0.008305529139674864,embedding_pca
esmc_PC2490,0.003470495803389929,0.013393567067566019,0.003470495803389929,embedding_pca
esmc_PC2491,-0.0073966140133841715,0.018674375229063855,0.0073966140133841715,embedding_pca
esmc_PC2492,0.0029601043801805314,0.010310170012101372,0.0029601043801805314,embedding_pca
esmc_PC2493,-0.004981552484925428,0.006959737722204866,0.004981552484925428,embedding_pca
esmc_PC2494,0.009184354418703276,0.013812199933051493,0.009184354418703276,embedding_pca
esmc_PC2495,0.006828719941440585,0.012779780144275216,0.006828719941440585,embedding_pca
esmc_PC2496,-0.01179167174241155,0.006842770798706122,0.01179167174241155,embedding_pca
esmc_PC2497,0.0020962428176573233,0.02089670598198317,0.0020962428176573233,embedding_pca
esmc_PC2498,-0.004661876642071551,0.010257125521399627,0.004661876642071551,embedding_pca
esmc_PC2499,0.0006560612385561694,0.013604755628921376,0.0006560612385561694,embedding_pca
esmc_PC2500,0.004170333526828086,0.0068416882675944625,0.004170333526828086,embedding_pca
esmc_PC2501,0.006304087743487907,0.014195267613823602,0.006304087743487907,embedding_pca
esmc_PC2502,-0.011862693231722008,0.008657704203472588,0.011862693231722008,embedding_pca
esmc_PC2503,0.0038618830857967247,0.008816011469758361,0.0038618830857967247,embedding_pca
esmc_PC2504,0.006256292967740579,0.010901490836581108,0.006256292967740579,embedding_pca
esmc_PC2505,-0.012161495927297063,0.026921814118074955,0.012161495927297063,embedding_pca
esmc_PC2506,0.016483404771145745,0.018528485987549418,0.016483404771145745,embedding_pca
esmc_PC2507,0.003551599657147974,0.027422857669454594,0.003551599657147974,embedding_pca
esmc_PC2508,-0.008896396147778474,0.007073754313905253,0.008896396147778474,embedding_pca
esmc_PC2509,0.01451797464080828,0.01575357006093151,0.01451797464080828,embedding_pca
esmc_PC2510,-0.007032745376961727,0.013704733444653757,0.007032745376961727,embedding_pca
esmc_PC2511,-0.005155963013352601,0.01971942842434866,0.005155963013352601,embedding_pca
esmc_PC2512,0.002100320704257203,0.014608377871052855,0.002100320704257203,embedding_pca
esmc_PC2513,0.002530925700191326,0.019683171211843535,0.002530925700191326,embedding_pca
esmc_PC2514,-0.010224174798539131,0.015776203046299002,0.010224174798539131,embedding_pca
esmc_PC2515,0.003423577461026403,0.015813143249757477,0.003423577461026403,embedding_pca
esmc_PC2516,-0.00565193411385972,0.010521093925623006,0.00565193411385972,embedding_pca
esmc_PC2517,0.00513944428374858,0.011025600203458014,0.00513944428374858,embedding_pca
esmc_PC2518,0.0026632057429116333,0.009127233139187169,0.0026632057429116333,embedding_pca
esmc_PC2519,-0.0044146380555542784,0.014630769085166462,0.0044146380555542784,embedding_pca
esmc_PC2520,-0.0014397946425801754,0.016598048587529834,0.0014397946425801754,embedding_pca
esmc_PC2521,0.003100754857488938,0.015912212251705603,0.003100754857488938,embedding_pca
esmc_PC2522,-0.003098132195101959,0.0069745889699658085,0.003098132195101959,embedding_pca
esmc_PC2523,0.005844894878161334,0.016183007967658484,0.005844894878161334,embedding_pca
esmc_PC2524,-0.008638455638538725,0.015368146243031783,0.008638455638538725,embedding_pca
esmc_PC2525,-0.01188266545792964,0.015089293770113558,0.01188266545792964,embedding_pca
esmc_PC2526,0.007091464322574366,0.007675976807220362,0.007091464322574366,embedding_pca
esmc_PC2527,-0.006876206344627855,0.016132923573586713,0.006876206344627855,embedding_pca
esmc_PC2528,-0.0008250005646707603,0.004829654177514414,0.0008250005646707603,embedding_pca
esmc_PC2529,-0.0011476119743228958,0.015064250410193703,0.0011476119743228958,embedding_pca
esmc_PC2530,0.007060599183782825,0.021690308747529023,0.007060599183782825,embedding_pca
esmc_PC2531,-0.0039086941066100766,0.00929933411110658,0.0039086941066100766,embedding_pca
esmc_PC2532,0.008767247055860735,0.0074784613841460375,0.008767247055860735,embedding_pca
esmc_PC2533,0.003127966819917027,0.011348481005573988,0.003127966819917027,embedding_pca
esmc_PC2534,-0.006004254346822375,0.01296269198959109,0.006004254346822375,embedding_pca
esmc_PC2535,-0.002754273247729907,0.015531985467159658,0.002754273247729907,embedding_pca
esmc_PC2536,0.005510079579204681,0.01634303293829679,0.005510079579204681,embedding_pca
esmc_PC2537,0.003988672679119818,0.012489643459328594,0.003988672679119818,embedding_pca
esmc_PC2538,0.009132629852166516,0.020329982673627373,0.009132629852166516,embedding_pca
esmc_PC2539,-0.015370979346993116,0.008536333343687513,0.015370979346993116,embedding_pca
esmc_PC2540,-0.006957381706543028,0.009877789133516434,0.006957381706543028,embedding_pca
esmc_PC2541,0.0023727093611635255,0.006972538586352017,0.0023727093611635255,embedding_pca
esmc_PC2542,-0.003508558197121963,0.01875591962280431,0.003508558197121963,embedding_pca
esmc_PC2543,-0.016631810167011724,0.009928433025265655,0.016631810167011724,embedding_pca
esmc_PC2544,-0.0024993330755831377,0.007191049449462086,0.0024993330755831377,embedding_pca
esmc_PC2545,0.006306615344957414,0.009538076431874463,0.006306615344957414,embedding_pca
esmc_PC2546,0.0022102534965311458,0.011660684431642344,0.0022102534965311458,embedding_pca
esmc_PC2547,-0.012542474030452425,0.008884833702980113,0.012542474030452425,embedding_pca
esmc_PC2548,-0.004246086951854374,0.012857172763804946,0.004246086951854374,embedding_pca
esmc_PC2549,-0.008233243839714386,0.01804055579865827,0.008233243839714386,embedding_pca
esmc_PC2550,0.008153060031425179,0.009171007957318327,0.008153060031425179,embedding_pca
esmc_PC2551,-0.0008771706546092543,0.01780140162748625,0.0008771706546092543,embedding_pca
esmc_PC2552,-0.003693466131724587,0.014122850186729544,0.003693466131724587,embedding_pca
esmc_PC2553,0.0030473461050712675,0.012492309386814051,0.0030473461050712675,embedding_pca
esmc_PC2554,-0.010727050172166123,0.011402614515952102,0.010727050172166123,embedding_pca
esmc_PC2555,-0.0018841347388782307,0.016388956241325702,0.0018841347388782307,embedding_pca
esmc_PC2556,-0.007532899517233478,0.014525391591052497,0.007532899517233478,embedding_pca
esmc_PC2557,-0.0016949931178416402,0.01495535133722237,0.0016949931178416402,embedding_pca
esmc_PC2558,0.003991985075364812,0.013610600066850718,0.003991985075364812,embedding_pca
esmc_PC2559,0.005210657491627435,0.020300061415685952,0.005210657491627435,embedding_pca
esmc_PC2560,0.005375634766064201,0.015157865544665139,0.005375634766064201,embedding_pca
esmc_PC2561,-0.0015356730387860312,0.024114568677455605,0.0015356730387860312,embedding_pca
esmc_PC2562,-0.002651804461417005,0.013911534471556197,0.002651804461417005,embedding_pca
esmc_PC2563,0.010441891964945814,0.005296058936879631,0.010441891964945814,embedding_pca
esmc_PC2564,-0.0010292808804546973,0.009141659813867402,0.0010292808804546973,embedding_pca
esmc_PC2565,-0.0035368506460509617,0.015637236968840788,0.0035368506460509617,embedding_pca
esmc_PC2566,0.0015445018526703282,0.015890416418066603,0.0015445018526703282,embedding_pca
esmc_PC2567,0.008225533181215588,0.012810109069846256,0.008225533181215588,embedding_pca
esmc_PC2568,0.0033467447785670095,0.014503377075705065,0.0033467447785670095,embedding_pca
esmc_PC2569,-0.0011929103694224223,0.009547023726710022,0.0011929103694224223,embedding_pca
esmc_PC2570,0.0071585342151550355,0.013195257974516063,0.0071585342151550355,embedding_pca
esmc_PC2571,-0.01012334949680285,0.019786539298180805,0.01012334949680285,embedding_pca
esmc_PC2572,0.00788797108387915,0.012523690006671017,0.00788797108387915,embedding_pca
esmc_PC2573,-0.0009919418535052123,0.011533305843091644,0.0009919418535052123,embedding_pca
esmc_PC2574,0.00044267299379764093,0.02165073170958946,0.00044267299379764093,embedding_pca
esmc_PC2575,-0.0013229157732029876,0.01207348599665606,0.0013229157732029876,embedding_pca
esmc_PC2576,0.005478400133321555,0.020235586135030556,0.005478400133321555,embedding_pca
esmc_PC2577,0.00719179821233204,0.00928704771997481,0.00719179821233204,embedding_pca
esmc_PC2578,0.006571431183250355,0.010891052986475958,0.006571431183250355,embedding_pca
esmc_PC2579,-0.0061018470997708605,0.007463695378902175,0.0061018470997708605,embedding_pca
esmc_PC2580,0.007833586548986545,0.014659841894402038,0.007833586548986545,embedding_pca
esmc_PC2581,0.013994466428638584,0.01761119240941711,0.013994466428638584,embedding_pca
esmc_PC2582,0.005450011338507602,0.011125813441732905,0.005450011338507602,embedding_pca
esmc_PC2583,-0.0034612070983763656,0.013332816263994483,0.0034612070983763656,embedding_pca
esmc_PC2584,0.006729777050796662,0.012066351118268075,0.006729777050796662,embedding_pca
esmc_PC2585,-0.008597710923343996,0.010426047079651814,0.008597710923343996,embedding_pca
esmc_PC2586,-0.00786694047071831,0.017143590154576647,0.00786694047071831,embedding_pca
esmc_PC2587,0.006483435051453193,0.012350424462153614,0.006483435051453193,embedding_pca
esmc_PC2588,0.0077001541460939155,0.017919067154811077,0.0077001541460939155,embedding_pca
esmc_PC2589,-0.00933824995415947,0.009300817486716339,0.00933824995415947,embedding_pca
esmc_PC2590,-3.0217501155115415e-05,0.016115754746995996,3.0217501155115415e-05,embedding_pca
esmc_PC2591,-0.0001015398836510896,0.020401034894736693,0.0001015398836510896,embedding_pca
esmc_PC2592,-0.018172855960697162,0.013543158486588977,0.018172855960697162,embedding_pca
esmc_PC2593,0.021949841428577487,0.021161366998486395,0.021949841428577487,embedding_pca
esmc_PC2594,-0.007882054671683575,0.013010146239153982,0.007882054671683575,embedding_pca
esmc_PC2595,-0.0005364317056560247,0.00862411096389538,0.0005364317056560247,embedding_pca
esmc_PC2596,-0.0024841213931892526,0.014185019762597674,0.0024841213931892526,embedding_pca
esmc_PC2597,0.009532764566040035,0.018266284534899334,0.009532764566040035,embedding_pca
esmc_PC2598,0.00414495206004991,0.02080979861835829,0.00414495206004991,embedding_pca
esmc_PC2599,-0.0030115733401824005,0.015589896390452168,0.0030115733401824005,embedding_pca
esmc_PC2600,0.000760886839076546,0.014796653313955193,0.000760886839076546,embedding_pca
esmc_PC2601,-0.0052434214386513165,0.027101693009398055,0.0052434214386513165,embedding_pca
esmc_PC2602,-0.004201319008942603,0.018147961976369056,0.004201319008942603,embedding_pca
esmc_PC2603,-0.0009726123708691248,0.00834139701894854,0.0009726123708691248,embedding_pca
esmc_PC2604,0.008411606863928289,0.01852599967480629,0.008411606863928289,embedding_pca
esmc_PC2605,-0.0066126697359896545,0.007264723809688974,0.0066126697359896545,embedding_pca
esmc_PC2606,-0.00402480643484115,0.014306268421569339,0.00402480643484115,embedding_pca
esmc_PC2607,-0.0028128564649818966,0.020837605340283148,0.0028128564649818966,embedding_pca
esmc_PC2608,-8.203208154688585e-05,0.02007584617310439,8.203208154688585e-05,embedding_pca
esmc_PC2609,0.006679667924010346,0.01614719284627139,0.006679667924010346,embedding_pca
esmc_PC2610,-0.004838195143263449,0.015544528433513722,0.004838195143263449,embedding_pca
esmc_PC2611,0.015072559313319597,0.007366399664192732,0.015072559313319597,embedding_pca
esmc_PC2612,0.00729761825674895,0.001958530662619143,0.00729761825674895,embedding_pca
esmc_PC2613,0.0011513311945037096,0.011994688074151464,0.0011513311945037096,embedding_pca
esmc_PC2614,0.011481602364043868,0.011558730634932325,0.011481602364043868,embedding_pca
esmc_PC2615,-0.00808209186942192,0.023769883251962762,0.00808209186942192,embedding_pca
esmc_PC2616,-0.005265420131544742,0.016311870907081735,0.005265420131544742,embedding_pca
esmc_PC2617,0.011814628483661068,0.008191087920965541,0.011814628483661068,embedding_pca
esmc_PC2618,-0.0016466531461636201,0.014439100157646458,0.0016466531461636201,embedding_pca
esmc_PC2619,0.0011384144098917886,0.012732155541403046,0.0011384144098917886,embedding_pca
esmc_PC2620,-0.00336317895527746,0.013952669181383099,0.00336317895527746,embedding_pca
esmc_PC2621,0.004933107258130165,0.013676601440764331,0.004933107258130165,embedding_pca
esmc_PC2622,0.007951817205568795,0.01350823609058029,0.007951817205568795,embedding_pca
esmc_PC2623,0.0004404171094697009,0.007504751980263989,0.0004404171094697009,embedding_pca
esmc_PC2624,-0.002816642598549989,0.019355059891213697,0.002816642598549989,embedding_pca
esmc_PC2625,0.023944163587291397,0.008052120611402095,0.023944163587291397,embedding_pca
esmc_PC2626,-0.009985514609881412,0.0078048969853725765,0.009985514609881412,embedding_pca
esmc_PC2627,-0.0024010124610826136,0.01231941078867997,0.0024010124610826136,embedding_pca
esmc_PC2628,0.009906576377492867,0.02534532716248665,0.009906576377492867,embedding_pca
esmc_PC2629,0.006450854724195032,0.019184401453991536,0.006450854724195032,embedding_pca
esmc_PC2630,-0.0013472434717200987,0.011389335931358692,0.0013472434717200987,embedding_pca
esmc_PC2631,0.003940338135256368,0.02147133979319443,0.003940338135256368,embedding_pca
esmc_PC2632,-0.003724364343426173,0.020142624861214525,0.003724364343426173,embedding_pca
esmc_PC2633,0.019671960975189466,0.01775799623278613,0.019671960975189466,embedding_pca
esmc_PC2634,-0.007072212557466236,0.009421912259539141,0.007072212557466236,embedding_pca
esmc_PC2635,0.0040150428269350785,0.023759362063350904,0.0040150428269350785,embedding_pca
esmc_PC2636,-0.008595917480491119,0.014776584426281596,0.008595917480491119,embedding_pca
esmc_PC2637,-0.005012738405414571,0.016387735697513645,0.005012738405414571,embedding_pca
esmc_PC2638,-0.0042139934360460925,0.016412249540098026,0.0042139934360460925,embedding_pca
esmc_PC2639,0.012191435443916234,0.013637738715978788,0.012191435443916234,embedding_pca
esmc_PC2640,0.013750803269763866,0.016513319808935268,0.013750803269763866,embedding_pca
esmc_PC2641,0.005208894706215039,0.009164815810475319,0.005208894706215039,embedding_pca
esmc_PC2642,-0.013840370689095313,0.021616262107899895,0.013840370689095313,embedding_pca
esmc_PC2643,0.00918316860308674,0.015169588893852027,0.00918316860308674,embedding_pca
esmc_PC2644,0.004661070904697443,0.01099162092239836,0.004661070904697443,embedding_pca
esmc_PC2645,-0.007659827909721531,0.00492806857336247,0.007659827909721531,embedding_pca
esmc_PC2646,0.0026393656491397284,0.010250332599874595,0.0026393656491397284,embedding_pca
esmc_PC2647,0.015282773842009378,0.012061876472304292,0.015282773842009378,embedding_pca
esmc_PC2648,0.004665990441390372,0.008643843325672307,0.004665990441390372,embedding_pca
esmc_PC2649,0.0003087366594025795,0.0192607597116732,0.0003087366594025795,embedding_pca
esmc_PC2650,0.0040867628079810665,0.0023091241929025868,0.0040867628079810665,embedding_pca
esmc_PC2651,-0.0012706738723624275,0.01625472407886213,0.0012706738723624275,embedding_pca
esmc_PC2652,0.0033139436953476555,0.008461201253369799,0.0033139436953476555,embedding_pca
esmc_PC2653,-0.0005729623820041503,0.019288728507234683,0.0005729623820041503,embedding_pca
esmc_PC2654,0.004119906479594994,0.012941854713850684,0.004119906479594994,embedding_pca
esmc_PC2655,-0.0040557899373161775,0.010332701650613512,0.0040557899373161775,embedding_pca
esmc_PC2656,-0.007424495341314831,0.011649387628928,0.007424495341314831,embedding_pca
esmc_PC2657,0.003915954384837326,0.016970604780891015,0.003915954384837326,embedding_pca
esmc_PC2658,0.007240185479455477,0.009414028390206119,0.007240185479455477,embedding_pca
esmc_PC2659,-0.0024260645103249528,0.015915409229365397,0.0024260645103249528,embedding_pca
esmc_PC2660,0.0040030004977763545,0.015208959529024726,0.0040030004977763545,embedding_pca
esmc_PC2661,0.0007374385311264636,0.014416802581625142,0.0007374385311264636,embedding_pca
esmc_PC2662,0.0034717390715392317,0.018893974243423647,0.0034717390715392317,embedding_pca
esmc_PC2663,-0.01511292064200904,0.015064825909740785,0.01511292064200904,embedding_pca
esmc_PC2664,-0.0032488138538509666,0.019863850282567923,0.0032488138538509666,embedding_pca
esmc_PC2665,-0.005933917907085653,0.009956227424904037,0.005933917907085653,embedding_pca
esmc_PC2666,-0.000272137530185555,0.02227487100965688,0.000272137530185555,embedding_pca
esmc_PC2667,-0.007122343617210472,0.018123955726744214,0.007122343617210472,embedding_pca
esmc_PC2668,0.003101528794804535,0.0109519326419609,0.003101528794804535,embedding_pca
esmc_PC2669,-0.0005245968275464325,0.013822281268389275,0.0005245968275464325,embedding_pca
esmc_PC2670,0.009287374917118334,0.01690041693455311,0.009287374917118334,embedding_pca
esmc_PC2671,-0.002141865597479618,0.014935282437948793,0.002141865597479618,embedding_pca
esmc_PC2672,0.00961320036152807,0.01552888541447699,0.00961320036152807,embedding_pca
esmc_PC2673,0.0038972692391178814,0.011329854894472212,0.0038972692391178814,embedding_pca
esmc_PC2674,0.013897748134005225,0.014343707127931335,0.013897748134005225,embedding_pca
esmc_PC2675,0.0004596109647475935,0.015855607026958596,0.0004596109647475935,embedding_pca
esmc_PC2676,0.007221697317796244,0.013245066168652083,0.007221697317796244,embedding_pca
esmc_PC2677,0.008531539882913356,0.010156857980032779,0.008531539882913356,embedding_pca
esmc_PC2678,-0.015438246233401457,0.013811611062664996,0.015438246233401457,embedding_pca
esmc_PC2679,0.00920505425082206,0.013413019705214866,0.00920505425082206,embedding_pca
esmc_PC2680,-0.00686742946153764,0.021915074678964426,0.00686742946153764,embedding_pca
esmc_PC2681,-0.004789128918170795,0.017436332079261735,0.004789128918170795,embedding_pca
esmc_PC2682,0.006655590765928048,0.018391554881354556,0.006655590765928048,embedding_pca
esmc_PC2683,-0.0077622818524269,0.013314261005363684,0.0077622818524269,embedding_pca
esmc_PC2684,0.00982916942142183,0.01711342105539617,0.00982916942142183,embedding_pca
esmc_PC2685,-0.002633033429049303,0.011390995943681571,0.002633033429049303,embedding_pca
esmc_PC2686,-0.004050444452362706,0.018379630655351017,0.004050444452362706,embedding_pca
esmc_PC2687,-0.004653839691923527,0.013453571364737998,0.004653839691923527,embedding_pca
esmc_PC2688,-0.004519629779310712,0.010872836023409499,0.004519629779310712,embedding_pca
esmc_PC2689,0.006886968150985967,0.014815274521319942,0.006886968150985967,embedding_pca
esmc_PC2690,0.01636495785910867,0.015376317910755536,0.01636495785910867,embedding_pca
esmc_PC2691,-0.008193884125077782,0.012481011860786416,0.008193884125077782,embedding_pca
esmc_PC2692,0.003006811048819262,0.009395669600679415,0.003006811048819262,embedding_pca
esmc_PC2693,-0.0030032922335831436,0.015573876412913275,0.0030032922335831436,embedding_pca
esmc_PC2694,0.006239754853093794,0.010499071445508752,0.006239754853093794,embedding_pca
esmc_PC2695,-0.00015070413667566743,0.01135164028813504,0.00015070413667566743,embedding_pca
esmc_PC2696,-0.008753726386183654,0.010544591085550689,0.008753726386183654,embedding_pca
esmc_PC2697,-0.015514443931992814,0.012832055296885237,0.015514443931992814,embedding_pca
esmc_PC2698,-0.003301958471967007,0.01824739874677743,0.003301958471967007,embedding_pca
esmc_PC2699,0.008510774980163043,0.0057224146418669705,0.008510774980163043,embedding_pca
esmc_PC2700,-0.002413721004219542,0.022623721458526865,0.002413721004219542,embedding_pca
esmc_PC2701,-0.007021557666121244,0.01112061214503196,0.007021557666121244,embedding_pca
esmc_PC2702,-0.0032844185222826575,0.01568581823521978,0.0032844185222826575,embedding_pca
esmc_PC2703,-0.0027795856299688273,0.009981700097048728,0.0027795856299688273,embedding_pca
esmc_PC2704,0.0038164369619470935,0.007575789377400231,0.0038164369619470935,embedding_pca
esmc_PC2705,0.0018287623193556555,0.01054982137282285,0.0018287623193556555,embedding_pca
esmc_PC2706,0.008244324604858366,0.01058568775433619,0.008244324604858366,embedding_pca
esmc_PC2707,0.007013911968640203,0.010146354325641389,0.007013911968640203,embedding_pca
esmc_PC2708,0.0057246517177423,0.008414271480830115,0.0057246517177423,embedding_pca
esmc_PC2709,0.0004913689028537241,0.023395674141071,0.0004913689028537241,embedding_pca
esmc_PC2710,0.013282238955768818,0.009845804956227085,0.013282238955768818,embedding_pca
esmc_PC2711,0.011768857988520547,0.0075708506490833535,0.011768857988520547,embedding_pca
esmc_PC2712,0.0024235203566028906,0.009167559748126032,0.0024235203566028906,embedding_pca
esmc_PC2713,0.012766231194672507,0.007594429864618986,0.012766231194672507,embedding_pca
esmc_PC2714,0.0031152454303437545,0.01135602618611508,0.0031152454303437545,embedding_pca
esmc_PC2715,0.00025427232814980344,0.008210181666705861,0.00025427232814980344,embedding_pca
esmc_PC2716,0.00799728619940045,0.01245902812882102,0.00799728619940045,embedding_pca
esmc_PC2717,0.007821017402827002,0.005697648303250782,0.007821017402827002,embedding_pca
esmc_PC2718,0.0033758791320395833,0.015576471004413636,0.0033758791320395833,embedding_pca
esmc_PC2719,0.01174955877174254,0.01973568834770743,0.01174955877174254,embedding_pca
esmc_PC2720,-0.009153621623147491,0.008286800178605815,0.009153621623147491,embedding_pca
esmc_PC2721,-0.012166269315717345,0.013851549444593367,0.012166269315717345,embedding_pca
esmc_PC2722,-0.0029314114008664243,0.00846406646829499,0.0029314114008664243,embedding_pca
esmc_PC2723,0.006712819076653059,0.018907635677905613,0.006712819076653059,embedding_pca
esmc_PC2724,0.005864203747385495,0.011112334679178515,0.005864203747385495,embedding_pca
esmc_PC2725,0.00720532969427327,0.01448987789201883,0.00720532969427327,embedding_pca
esmc_PC2726,0.0015420699758790992,0.011370343782769904,0.0015420699758790992,embedding_pca
esmc_PC2727,-0.0013515684222674186,0.0195124321143538,0.0013515684222674186,embedding_pca
esmc_PC2728,-0.004380940012340186,0.009976262964627431,0.004380940012340186,embedding_pca
esmc_PC2729,0.003657138230916509,0.009573071524523268,0.003657138230916509,embedding_pca
esmc_PC2730,0.006369644937221919,0.011310826323663124,0.006369644937221919,embedding_pca
esmc_PC2731,-0.0035343869959319333,0.003449612683327214,0.0035343869959319333,embedding_pca
esmc_PC2732,0.007029828497864652,0.00857204889860199,0.007029828497864652,embedding_pca
esmc_PC2733,-0.01274914449688235,0.020482834537255537,0.01274914449688235,embedding_pca
esmc_PC2734,-0.00015854209796565334,0.01819403485577301,0.00015854209796565334,embedding_pca
esmc_PC2735,0.004360255405587055,0.009345315103529553,0.004360255405587055,embedding_pca
esmc_PC2736,0.0030144960111021567,0.0039977549210603825,0.0030144960111021567,embedding_pca
esmc_PC2737,-0.0023761843300192306,0.0061686605808271506,0.0023761843300192306,embedding_pca
esmc_PC2738,0.005176322868746265,0.030112476522502447,0.005176322868746265,embedding_pca
esmc_PC2739,0.0006901786108596431,0.011872857091374821,0.0006901786108596431,embedding_pca
esmc_PC2740,0.015847807729882098,0.01229721314895552,0.015847807729882098,embedding_pca
esmc_PC2741,0.0008413024213184741,0.01415678987111826,0.0008413024213184741,embedding_pca
esmc_PC2742,-0.001293820558259183,0.01639478587855307,0.001293820558259183,embedding_pca
esmc_PC2743,0.002982650521938565,0.017516810373433667,0.002982650521938565,embedding_pca
esmc_PC2744,-0.003774113320062877,0.014446828968943294,0.003774113320062877,embedding_pca
esmc_PC2745,-0.0041175064851928485,0.004868757183382475,0.0041175064851928485,embedding_pca
esmc_PC2746,-0.0035680555608778295,0.015056682549606517,0.0035680555608778295,embedding_pca
esmc_PC2747,0.0052009263273828455,0.016128006888529035,0.0052009263273828455,embedding_pca
esmc_PC2748,0.009312059161573537,0.016417962507120656,0.009312059161573537,embedding_pca
esmc_PC2749,0.0011708583514819556,0.004353011007828425,0.0011708583514819556,embedding_pca
esmc_PC2750,-0.0062099596254315634,0.01265162887168164,0.0062099596254315634,embedding_pca
esmc_PC2751,0.009993230598945881,0.007507180283082656,0.009993230598945881,embedding_pca
esmc_PC2752,0.0010486194888775287,0.018647337274325854,0.0010486194888775287,embedding_pca
esmc_PC2753,0.0002149876984769549,0.016611540830281064,0.0002149876984769549,embedding_pca
esmc_PC2754,-0.0046702943440965206,0.022844979592973023,0.0046702943440965206,embedding_pca
esmc_PC2755,0.014149769464629355,0.013374025571640082,0.014149769464629355,embedding_pca
esmc_PC2756,-0.0040292567291221265,0.023030485185671336,0.0040292567291221265,embedding_pca
esmc_PC2757,0.005240212399418488,0.009910458185064447,0.005240212399418488,embedding_pca
esmc_PC2758,0.0110748058042611,0.01813173440285005,0.0110748058042611,embedding_pca
esmc_PC2759,-0.015137612057366297,0.014381702827443407,0.015137612057366297,embedding_pca
esmc_PC2760,-0.010166120329347337,0.012107215694129626,0.010166120329347337,embedding_pca
esmc_PC2761,0.0044503567050744215,0.014614352516605256,0.0044503567050744215,embedding_pca
esmc_PC2762,0.0007510469828028311,0.02136881919016895,0.0007510469828028311,embedding_pca
esmc_PC2763,-0.001643254891891232,0.009673583648735344,0.001643254891891232,embedding_pca
esmc_PC2764,0.0006236990502091928,0.02393279703401777,0.0006236990502091928,embedding_pca
esmc_PC2765,0.004912707455474062,0.011372911374168067,0.004912707455474062,embedding_pca
esmc_PC2766,0.00180038966885347,0.012569132418161679,0.00180038966885347,embedding_pca
esmc_PC2767,-0.006067347771277174,0.006586536734544705,0.006067347771277174,embedding_pca
esmc_PC2768,-0.00454899017085326,0.010366713917494969,0.00454899017085326,embedding_pca
esmc_PC2769,0.001925912232907378,0.014514869091785305,0.001925912232907378,embedding_pca
esmc_PC2770,0.008121042854712424,0.007714861363076841,0.008121042854712424,embedding_pca
esmc_PC2771,0.0022649831704329468,0.02076869804441863,0.0022649831704329468,embedding_pca
esmc_PC2772,0.0019448592396011793,0.02026485704220941,0.0019448592396011793,embedding_pca
esmc_PC2773,0.006515873194128894,0.015407583021602054,0.006515873194128894,embedding_pca
esmc_PC2774,0.002860791488251576,0.01242362693587165,0.002860791488251576,embedding_pca
esmc_PC2775,0.020305195160908028,0.018886832722665493,0.020305195160908028,embedding_pca
esmc_PC2776,-0.0019586902765028123,0.009970942498443098,0.0019586902765028123,embedding_pca
esmc_PC2777,-0.00037230618979222017,0.007096166649228616,0.00037230618979222017,embedding_pca
esmc_PC2778,-0.0006731083837143711,0.007104407646906316,0.0006731083837143711,embedding_pca
esmc_PC2779,0.007240880472319478,0.008674011647218717,0.007240880472319478,embedding_pca
esmc_PC2780,0.012234838484917637,0.015402822590326637,0.012234838484917637,embedding_pca
esmc_PC2781,0.0040003052885675796,0.0122332349944731,0.0040003052885675796,embedding_pca
esmc_PC2782,0.0014503329899297202,0.012356835801282957,0.0014503329899297202,embedding_pca
esmc_PC2783,-0.0036274629621669543,0.013875350646090932,0.0036274629621669543,embedding_pca
esmc_PC2784,0.003175730289911776,0.013892512651430763,0.003175730289911776,embedding_pca
esmc_PC2785,-0.00020411726397926295,0.018743320103636364,0.00020411726397926295,embedding_pca
esmc_PC2786,0.003789024649593927,0.01064573040826738,0.003789024649593927,embedding_pca
esmc_PC2787,-0.003763593257748862,0.018282897345696082,0.003763593257748862,embedding_pca
esmc_PC2788,0.004320219310289517,0.00510357064538194,0.004320219310289517,embedding_pca
esmc_PC2789,0.0006212578724128795,0.01788100119201874,0.0006212578724128795,embedding_pca
esmc_PC2790,0.008355287493721955,0.010413658239253323,0.008355287493721955,embedding_pca
esmc_PC2791,-0.0028502159763984115,0.014600168342198691,0.0028502159763984115,embedding_pca
esmc_PC2792,8.616623103958765e-05,0.011437767281412076,8.616623103958765e-05,embedding_pca
esmc_PC2793,-0.015608755963420928,0.017086968407598175,0.015608755963420928,embedding_pca
esmc_PC2794,-0.0003654572802824548,0.011641113501286458,0.0003654572802824548,embedding_pca
esmc_PC2795,-0.006474884155262786,0.012093241863048531,0.006474884155262786,embedding_pca
esmc_PC2796,-0.007656934572811319,0.014551033488407817,0.007656934572811319,embedding_pca
esmc_PC2797,-0.013202769922426976,0.01801079008381211,0.013202769922426976,embedding_pca
esmc_PC2798,0.011842935682253027,0.018155537775041877,0.011842935682253027,embedding_pca
esmc_PC2799,-0.005135153307297715,0.013030225314266288,0.005135153307297715,embedding_pca
esmc_PC2800,-0.006378240981903144,0.01529855497992255,0.006378240981903144,embedding_pca
esmc_PC2801,0.011490644430385792,0.014957626166369956,0.011490644430385792,embedding_pca
esmc_PC2802,-0.0007549283886387842,0.017329691033413672,0.0007549283886387842,embedding_pca
esmc_PC2803,0.004033818890164562,0.013765946401467761,0.004033818890164562,embedding_pca
esmc_PC2804,0.00413933482769788,0.008463368615509996,0.00413933482769788,embedding_pca
esmc_PC2805,-0.010368651832204747,0.01615307193531876,0.010368651832204747,embedding_pca
esmc_PC2806,0.00390084369630165,0.0202920302925401,0.00390084369630165,embedding_pca
esmc_PC2807,0.01590831441055353,0.019584364291453892,0.01590831441055353,embedding_pca
esmc_PC2808,0.0071695809594550354,0.003597436450264323,0.0071695809594550354,embedding_pca
esmc_PC2809,-0.010365652181657092,0.015537257574376226,0.010365652181657092,embedding_pca
esmc_PC2810,0.0039593998518914555,0.010443353620782773,0.0039593998518914555,embedding_pca
esmc_PC2811,-0.011340084097449332,0.006305594496588786,0.011340084097449332,embedding_pca
esmc_PC2812,0.009858745496007418,0.02883376034996774,0.009858745496007418,embedding_pca
esmc_PC2813,-0.0002092628451054644,0.022473505221063617,0.0002092628451054644,embedding_pca
esmc_PC2814,-0.011715017852891866,0.01703320610050651,0.011715017852891866,embedding_pca
esmc_PC2815,-0.00043079646996683097,0.007911745354005508,0.00043079646996683097,embedding_pca
esmc_PC2816,-0.0044416261888243855,0.012784471586380526,0.0044416261888243855,embedding_pca
esmc_PC2817,-0.002913829929685383,0.009856504961005501,0.002913829929685383,embedding_pca
esmc_PC2818,0.015846984519186296,0.013747944782699544,0.015846984519186296,embedding_pca
esmc_PC2819,0.012907527261069113,0.006782320057525356,0.012907527261069113,embedding_pca
esmc_PC2820,0.0011747940700798341,0.012019313362747926,0.0011747940700798341,embedding_pca
esmc_PC2821,0.0030710039524032176,0.004556050839800276,0.0030710039524032176,embedding_pca
esmc_PC2822,-0.013748678599985529,0.016323785000890705,0.013748678599985529,embedding_pca
esmc_PC2823,0.0017533043587274737,0.01416691676484633,0.0017533043587274737,embedding_pca
esmc_PC2824,0.0035420163395610263,0.013427973916441998,0.0035420163395610263,embedding_pca
esmc_PC2825,0.014338302054789942,0.015586010299061183,0.014338302054789942,embedding_pca
esmc_PC2826,-0.006726592753897473,0.01779330056421345,0.006726592753897473,embedding_pca
esmc_PC2827,0.007058046045543517,0.017672993467264825,0.007058046045543517,embedding_pca
esmc_PC2828,0.007025201803752937,0.014493784912127113,0.007025201803752937,embedding_pca
esmc_PC2829,-0.00042689086853360086,0.01522193223327427,0.00042689086853360086,embedding_pca
esmc_PC2830,0.0015416865628109472,0.011173421405446235,0.0015416865628109472,embedding_pca
esmc_PC2831,0.0027843365712128827,0.01666342849559255,0.0027843365712128827,embedding_pca
esmc_PC2832,-0.004447974144154121,0.019560980460465543,0.004447974144154121,embedding_pca
esmc_PC2833,-0.007820911480649463,0.01563559938584417,0.007820911480649463,embedding_pca
esmc_PC2834,0.0018562407106021608,0.014193816891791805,0.0018562407106021608,embedding_pca
esmc_PC2835,-0.012052492661496515,0.017198215514769893,0.012052492661496515,embedding_pca
esmc_PC2836,0.0068263992809418726,0.019043938413633502,0.0068263992809418726,embedding_pca
esmc_PC2837,0.0004600898470626995,0.023900824466521493,0.0004600898470626995,embedding_pca
esmc_PC2838,-0.01259759838691068,0.014878676363249197,0.01259759838691068,embedding_pca
esmc_PC2839,-0.0025138841204571114,0.017880036848530456,0.0025138841204571114,embedding_pca
esmc_PC2840,0.018378642166002664,0.014944423198014251,0.018378642166002664,embedding_pca
esmc_PC2841,-0.0005375491002056192,0.01443702245041107,0.0005375491002056192,embedding_pca
esmc_PC2842,0.00139639555482943,0.010262689107061976,0.00139639555482943,embedding_pca
esmc_PC2843,0.011851865697100897,0.007033485015740276,0.011851865697100897,embedding_pca
esmc_PC2844,0.010807174878722011,0.021200114663617,0.010807174878722011,embedding_pca
esmc_PC2845,0.0038257178580442296,0.011789539677130046,0.0038257178580442296,embedding_pca
esmc_PC2846,0.0030519490199143436,0.007136947223625725,0.0030519490199143436,embedding_pca
esmc_PC2847,0.0027757599331427107,0.01932028766601244,0.0027757599331427107,embedding_pca
esmc_PC2848,-0.0003070677467106583,0.015718336477289336,0.0003070677467106583,embedding_pca
esmc_PC2849,-0.01242222970553698,0.012783586096493401,0.01242222970553698,embedding_pca
esmc_PC2850,-0.002650516423699204,0.018694321197066013,0.002650516423699204,embedding_pca
esmc_PC2851,0.007615842402774041,0.012117092171640004,0.007615842402774041,embedding_pca
esmc_PC2852,0.016590272340235614,0.015695718019848138,0.016590272340235614,embedding_pca
esmc_PC2853,0.007318841668385627,0.013533217113036641,0.007318841668385627,embedding_pca
esmc_PC2854,-0.004500939341931872,0.013976258578285366,0.004500939341931872,embedding_pca
esmc_PC2855,-0.009012641710145203,0.011326979119490451,0.009012641710145203,embedding_pca
esmc_PC2856,-0.004327852515638021,0.01760683101261122,0.004327852515638021,embedding_pca
esmc_PC2857,-0.012405784860912344,0.020438490318644847,0.012405784860912344,embedding_pca
esmc_PC2858,0.010907270707758192,0.012251137975954285,0.010907270707758192,embedding_pca
esmc_PC2859,-0.0019499787962087862,0.011373210970860425,0.0019499787962087862,embedding_pca
esmc_PC2860,0.007504020465586786,0.015868583340458365,0.007504020465586786,embedding_pca
esmc_PC2861,0.003710834601911202,0.014136447156248786,0.003710834601911202,embedding_pca
esmc_PC2862,0.008313930916632305,0.004553406299607001,0.008313930916632305,embedding_pca
esmc_PC2863,0.010551881985776276,0.011192464858877947,0.010551881985776276,embedding_pca
esmc_PC2864,-0.004443135881512214,0.015330113056934885,0.004443135881512214,embedding_pca
esmc_PC2865,-0.00014486866710831134,0.016745564924397507,0.00014486866710831134,embedding_pca
esmc_PC2866,0.020524605818963128,0.020109884774131708,0.020524605818963128,embedding_pca
esmc_PC2867,-0.0026896238658926097,0.023433218704747634,0.0026896238658926097,embedding_pca
esmc_PC2868,-0.0031577375587003263,0.01657590495461423,0.0031577375587003263,embedding_pca
esmc_PC2869,0.0042325973127067245,0.015307475115388491,0.0042325973127067245,embedding_pca
esmc_PC2870,0.005184391674131846,0.013791833521641782,0.005184391674131846,embedding_pca
esmc_PC2871,-0.006087722705343773,0.011497960162872299,0.006087722705343773,embedding_pca
esmc_PC2872,0.02247471631281654,0.009096746608027138,0.02247471631281654,embedding_pca
esmc_PC2873,-0.011003399871600886,0.014662965301046866,0.011003399871600886,embedding_pca
esmc_PC2874,-0.002035573304363835,0.011004909253339535,0.002035573304363835,embedding_pca
esmc_PC2875,0.006046554290520713,0.010616852408777876,0.006046554290520713,embedding_pca
esmc_PC2876,-0.003562746152232952,0.0097792300322012,0.003562746152232952,embedding_pca
esmc_PC2877,0.007546069607035219,0.020133933872268906,0.007546069607035219,embedding_pca
esmc_PC2878,-0.003978481912143782,0.007995680270508463,0.003978481912143782,embedding_pca
esmc_PC2879,-0.00012784003294649335,0.011073938242802056,0.00012784003294649335,embedding_pca
esmc_PC2880,0.008087982680954122,0.01260672798595607,0.008087982680954122,embedding_pca
esmc_PC2881,0.00044892340397264147,0.009713100503134675,0.00044892340397264147,embedding_pca
esmc_PC2882,-0.005448913700750938,0.016809893673362813,0.005448913700750938,embedding_pca
esmc_PC2883,-0.009695419449520484,0.018190250786762407,0.009695419449520484,embedding_pca
esmc_PC2884,0.007996675182342745,0.017609539536375327,0.007996675182342745,embedding_pca
esmc_PC2885,0.005777227680521169,0.02576019152314606,0.005777227680521169,embedding_pca
esmc_PC2886,-0.0029027609963822414,0.012936496013003342,0.0029027609963822414,embedding_pca
esmc_PC2887,-0.0017808349395853483,0.01454117561939372,0.0017808349395853483,embedding_pca
esmc_PC2888,-0.009950950280113276,0.01832421596533486,0.009950950280113276,embedding_pca
esmc_PC2889,0.004442193550101981,0.011730736707877441,0.004442193550101981,embedding_pca
esmc_PC2890,0.016138380772786204,0.010802401811064809,0.016138380772786204,embedding_pca
esmc_PC2891,0.012077583810300335,0.008758264871910927,0.012077583810300335,embedding_pca
esmc_PC2892,-0.011436680854339496,0.02374529038349377,0.011436680854339496,embedding_pca
esmc_PC2893,-0.00418700422473559,0.01149820207474616,0.00418700422473559,embedding_pca
esmc_PC2894,0.0025456566442014906,0.015606900886952468,0.0025456566442014906,embedding_pca
esmc_PC2895,0.008094853440791128,0.0185316828758815,0.008094853440791128,embedding_pca
esmc_PC2896,-0.009370705582767867,0.016400843650404045,0.009370705582767867,embedding_pca
esmc_PC2897,0.010750570278410046,0.018233190823266503,0.010750570278410046,embedding_pca
esmc_PC2898,0.007456600187158452,0.00974523307020035,0.007456600187158452,embedding_pca
esmc_PC2899,0.0018470479113512812,0.010730403616678623,0.0018470479113512812,embedding_pca
esmc_PC2900,0.016890616646191754,0.014746045813925445,0.016890616646191754,embedding_pca
esmc_PC2901,-0.00731496427309816,0.01811479274041868,0.00731496427309816,embedding_pca
esmc_PC2902,0.013326630738935242,0.024202321197343495,0.013326630738935242,embedding_pca
esmc_PC2903,0.004818409716289463,0.007958183010094986,0.004818409716289463,embedding_pca
esmc_PC2904,-0.01218501760047142,0.01402510852116722,0.01218501760047142,embedding_pca
esmc_PC2905,-0.0015122913372140057,0.020857367818902385,0.0015122913372140057,embedding_pca
esmc_PC2906,-0.005642485235014689,0.01920524151806589,0.005642485235014689,embedding_pca
esmc_PC2907,-0.0028026332221852126,0.008908769858230622,0.0028026332221852126,embedding_pca
esmc_PC2908,0.0003846412874761054,0.013009058151908583,0.0003846412874761054,embedding_pca
esmc_PC2909,0.002825046343952571,0.020355886061824088,0.002825046343952571,embedding_pca
esmc_PC2910,-0.010362340716110918,0.016788123830370306,0.010362340716110918,embedding_pca
esmc_PC2911,-0.001041334027123154,0.018815443742371527,0.001041334027123154,embedding_pca
esmc_PC2912,0.0011838963947724663,0.017661732723938058,0.0011838963947724663,embedding_pca
esmc_PC2913,0.006847870212353728,0.017365823514399435,0.006847870212353728,embedding_pca
esmc_PC2914,-0.007928926351580549,0.013473745085234327,0.007928926351580549,embedding_pca
esmc_PC2915,-0.010488559609797828,0.009393024444233225,0.010488559609797828,embedding_pca
esmc_PC2916,0.004675766732574535,0.008206827422455706,0.004675766732574535,embedding_pca
esmc_PC2917,-0.0057731966702416,0.009808848950343303,0.0057731966702416,embedding_pca
esmc_PC2918,0.00885305365358455,0.017911870490362754,0.00885305365358455,embedding_pca
esmc_PC2919,-0.0036069874782581855,0.004609495447452541,0.0036069874782581855,embedding_pca
esmc_PC2920,-0.009316773433472628,0.008053497602752263,0.009316773433472628,embedding_pca
esmc_PC2921,0.00399164123880162,0.010263584952786613,0.00399164123880162,embedding_pca
esmc_PC2922,-0.012017357070581542,0.010793658845848316,0.012017357070581542,embedding_pca
esmc_PC2923,-0.003214343786103752,0.006508763299448437,0.003214343786103752,embedding_pca
esmc_PC2924,-0.007930512307384507,0.01244861903340746,0.007930512307384507,embedding_pca
esmc_PC2925,-0.004851147272261838,0.014600339093697828,0.004851147272261838,embedding_pca
esmc_PC2926,0.0057993846787583675,0.010461366887698564,0.0057993846787583675,embedding_pca
esmc_PC2927,0.005021250328145689,0.015149477106558782,0.005021250328145689,embedding_pca
esmc_PC2928,-0.006508144214583356,0.008975774884040574,0.006508144214583356,embedding_pca
esmc_PC2929,0.010349629615311277,0.006892137219539603,0.010349629615311277,embedding_pca
esmc_PC2930,0.01026147688095935,0.009174267190755139,0.01026147688095935,embedding_pca
esmc_PC2931,-0.0006798086076026512,0.015756460343894767,0.0006798086076026512,embedding_pca
esmc_PC2932,-0.004882707163515956,0.01369035634547922,0.004882707163515956,embedding_pca
esmc_PC2933,-0.00889745884733506,0.008796565331523466,0.00889745884733506,embedding_pca
esmc_PC2934,-0.001138079153583406,0.01961031240944207,0.001138079153583406,embedding_pca
esmc_PC2935,-0.0011323792305237446,0.010303048789152022,0.0011323792305237446,embedding_pca
esmc_PC2936,0.0006611349639157447,0.007353169757002916,0.0006611349639157447,embedding_pca
esmc_PC2937,-0.005616001423639602,0.008639145732190337,0.005616001423639602,embedding_pca
esmc_PC2938,-0.0030710868338799,0.008777879508598143,0.0030710868338799,embedding_pca
esmc_PC2939,0.0033581382250227445,0.014566462876470128,0.0033581382250227445,embedding_pca
esmc_PC2940,-0.013983387183225091,0.016009359715564,0.013983387183225091,embedding_pca
esmc_PC2941,0.004982732683363954,0.015444927467699782,0.004982732683363954,embedding_pca
esmc_PC2942,-0.010941259519714978,0.004841524497407225,0.010941259519714978,embedding_pca
esmc_PC2943,0.013857243624896024,0.01014901144673691,0.013857243624896024,embedding_pca
esmc_PC2944,0.007401120296999663,0.011321944089142428,0.007401120296999663,embedding_pca
esmc_PC2945,0.008694932368064612,0.011479849572575722,0.008694932368064612,embedding_pca
esmc_PC2946,0.003698380753626108,0.010144716991752968,0.003698380753626108,embedding_pca
esmc_PC2947,-0.0019137348284144495,0.014112980747167294,0.0019137348284144495,embedding_pca
esmc_PC2948,-0.002720993728390865,0.007585402363957157,0.002720993728390865,embedding_pca
esmc_PC2949,-0.0022348238628618067,0.017701296090694423,0.0022348238628618067,embedding_pca
esmc_PC2950,0.005791142361303031,0.007875275071384762,0.005791142361303031,embedding_pca
esmc_PC2951,-0.011291738074067564,0.013456141588224082,0.011291738074067564,embedding_pca
esmc_PC2952,0.01324553239478644,0.025054630887653015,0.01324553239478644,embedding_pca
esmc_PC2953,0.004031543675987195,0.012829159952783388,0.004031543675987195,embedding_pca
esmc_PC2954,0.006210765280737433,0.02150320253142808,0.006210765280737433,embedding_pca
esmc_PC2955,-0.002011151683003963,0.018881417209291502,0.002011151683003963,embedding_pca
esmc_PC2956,0.0016571472450924662,0.016321477672105605,0.0016571472450924662,embedding_pca
esmc_PC2957,-0.003241070111653839,0.0049687211702390665,0.003241070111653839,embedding_pca
esmc_PC2958,-0.0029435068739170228,0.021699535215086815,0.0029435068739170228,embedding_pca
esmc_PC2959,-0.001965375404725419,0.012053039629808042,0.001965375404725419,embedding_pca
esmc_PC2960,-0.001331323786123351,0.01679084027845802,0.001331323786123351,embedding_pca
esmc_PC2961,-0.004981590800919221,0.006223829302795889,0.004981590800919221,embedding_pca
esmc_PC2962,-0.0016146190304612573,0.011257457004808031,0.0016146190304612573,embedding_pca
esmc_PC2963,0.00408585781990979,0.01983836270553536,0.00408585781990979,embedding_pca
esmc_PC2964,-0.007277060917689218,0.024311320099630628,0.007277060917689218,embedding_pca
esmc_PC2965,0.0067211174003155615,0.006801396614569037,0.0067211174003155615,embedding_pca
esmc_PC2966,-0.0029021001766241657,0.014150785749002519,0.0029021001766241657,embedding_pca
esmc_PC2967,-0.005876307720076817,0.015493713992477709,0.005876307720076817,embedding_pca
esmc_PC2968,0.01365620673537767,0.0089724179290791,0.01365620673537767,embedding_pca
esmc_PC2969,0.0011522838493077982,0.0214674598524315,0.0011522838493077982,embedding_pca
esmc_PC2970,0.003607098777007129,0.01647106965835994,0.003607098777007129,embedding_pca
esmc_PC2971,-0.0066210200692228575,0.012872972741517665,0.0066210200692228575,embedding_pca
esmc_PC2972,-0.004754759530860621,0.011611789701954249,0.004754759530860621,embedding_pca
esmc_PC2973,0.0020186455114392086,0.011710485787307356,0.0020186455114392086,embedding_pca
esmc_PC2974,-0.0073156255225606415,0.020497857431173466,0.0073156255225606415,embedding_pca
esmc_PC2975,-0.012013728287614291,0.009203185341271573,0.012013728287614291,embedding_pca
esmc_PC2976,0.004173798098593688,0.013801402509651771,0.004173798098593688,embedding_pca
esmc_PC2977,-0.003384744801781235,0.0032740512578700496,0.003384744801781235,embedding_pca
esmc_PC2978,-0.0018990386072007394,0.005995718554191454,0.0018990386072007394,embedding_pca
esmc_PC2979,0.002801881584544199,0.015495748030449319,0.002801881584544199,embedding_pca
esmc_PC2980,-0.0014606592440839256,0.016823518316948154,0.0014606592440839256,embedding_pca
esmc_PC2981,0.006385417720672361,0.01847058588573171,0.006385417720672361,embedding_pca
esmc_PC2982,0.0036709491631111897,0.023287595334804262,0.0036709491631111897,embedding_pca
esmc_PC2983,0.0073582025390125875,0.011281962079940058,0.0073582025390125875,embedding_pca
esmc_PC2984,0.005939409121045537,0.008548768325347848,0.005939409121045537,embedding_pca
esmc_PC2985,0.0033810796901334998,0.016578547895737355,0.0033810796901334998,embedding_pca
esmc_PC2986,-0.0016058032492955066,0.02392754647923527,0.0016058032492955066,embedding_pca
esmc_PC2987,-0.0038595133934818697,0.012654120693900218,0.0038595133934818697,embedding_pca
esmc_PC2988,0.0048556652182019525,0.011314830089749374,0.0048556652182019525,embedding_pca
esmc_PC2989,-0.005796756583844638,0.011361619444883321,0.005796756583844638,embedding_pca
esmc_PC2990,0.0005836626188970327,0.013801868202337142,0.0005836626188970327,embedding_pca
esmc_PC2991,-0.006320046688633644,0.012999994192314119,0.006320046688633644,embedding_pca
esmc_PC2992,0.007899398425086556,0.012927867031799036,0.007899398425086556,embedding_pca
esmc_PC2993,-0.01426661030625943,0.011381366448146977,0.01426661030625943,embedding_pca
esmc_PC2994,0.012106153353933637,0.016522290606290204,0.012106153353933637,embedding_pca
esmc_PC2995,0.008379701726533208,0.013030285056798424,0.008379701726533208,embedding_pca
esmc_PC2996,-0.009552184630283492,0.010096251510719828,0.009552184630283492,embedding_pca
esmc_PC2997,-0.0009640090431694226,0.014242769933920709,0.0009640090431694226,embedding_pca
esmc_PC2998,-0.014549347772928397,0.011667728872893784,0.014549347772928397,embedding_pca
esmc_PC2999,-0.010407139564644891,0.007325740925875207,0.010407139564644891,embedding_pca
esmc_PC3000,0.005520936981682416,0.012793797764006992,0.005520936981682416,embedding_pca
esmc_PC3001,-0.007295186595767789,0.007615197841779954,0.007295186595767789,embedding_pca
esmc_PC3002,0.007587502584793675,0.011446702764859717,0.007587502584793675,embedding_pca
esmc_PC3003,0.004122825953199651,0.015162439660797255,0.004122825953199651,embedding_pca
esmc_PC3004,0.011840984560755193,0.02305236041798654,0.011840984560755193,embedding_pca
esmc_PC3005,0.012439520571328105,0.016150010005835172,0.012439520571328105,embedding_pca
esmc_PC3006,0.004197099048917803,0.010189741455684753,0.004197099048917803,embedding_pca
esmc_PC3007,-0.0017867334143637423,0.01765008921220412,0.0017867334143637423,embedding_pca
esmc_PC3008,-0.007518399916295033,0.006469707838884677,0.007518399916295033,embedding_pca
esmc_PC3009,0.004910897962790158,0.009910100598168669,0.004910897962790158,embedding_pca
esmc_PC3010,-0.00979591184799926,0.011563747267988967,0.00979591184799926,embedding_pca
esmc_PC3011,-0.01231104123593028,0.012539043305573351,0.01231104123593028,embedding_pca
esmc_PC3012,0.00390647834917509,0.015858100755202394,0.00390647834917509,embedding_pca
esmc_PC3013,-0.0005117896207921122,0.02168836870704928,0.0005117896207921122,embedding_pca
esmc_PC3014,-0.002062359937998622,0.013441462369772776,0.002062359937998622,embedding_pca
esmc_PC3015,-0.0022231667579546725,0.009253993380471408,0.0022231667579546725,embedding_pca
esmc_PC3016,-0.0011437632325707824,0.020769830378168767,0.0011437632325707824,embedding_pca
esmc_PC3017,0.0068487447248335945,0.009324576529821457,0.0068487447248335945,embedding_pca
esmc_PC3018,0.0043203689165219545,0.016406464161067027,0.0043203689165219545,embedding_pca
esmc_PC3019,-0.0180592799890361,0.008433403081353104,0.0180592799890361,embedding_pca
esmc_PC3020,0.00030191250074192643,0.009674389593006951,0.00030191250074192643,embedding_pca
esmc_PC3021,-0.010727425848276021,0.020644855268241145,0.010727425848276021,embedding_pca
esmc_PC3022,-0.0025489587763406164,0.018358002944008585,0.0025489587763406164,embedding_pca
esmc_PC3023,0.007445566611830654,0.010599423219975607,0.007445566611830654,embedding_pca
esmc_PC3024,0.00461977174366905,0.009705338693976195,0.00461977174366905,embedding_pca
esmc_PC3025,-0.012428922085419621,0.011105801223458611,0.012428922085419621,embedding_pca
esmc_PC3026,0.004053701342936889,0.014841891591357122,0.004053701342936889,embedding_pca
esmc_PC3027,-0.004888853059009912,0.014403186752328982,0.004888853059009912,embedding_pca
esmc_PC3028,-0.006465312346427299,0.007485462455303059,0.006465312346427299,embedding_pca
esmc_PC3029,-0.004831328374093579,0.00890667379704684,0.004831328374093579,embedding_pca
esmc_PC3030,0.011877885500009277,0.009690803787202273,0.011877885500009277,embedding_pca
esmc_PC3031,0.007867171574328707,0.013934816852506346,0.007867171574328707,embedding_pca
esmc_PC3032,-0.0052842069994872105,0.013363164412490473,0.0052842069994872105,embedding_pca
esmc_PC3033,0.0014955977967436654,0.02747783169409049,0.0014955977967436654,embedding_pca
esmc_PC3034,0.0017511747979967504,0.021060376640145283,0.0017511747979967504,embedding_pca
esmc_PC3035,0.003514947775657802,0.01702329472239958,0.003514947775657802,embedding_pca
esmc_PC3036,0.011739373644867438,0.008922850031837381,0.011739373644867438,embedding_pca
esmc_PC3037,0.004293992446002587,0.012278743295242233,0.004293992446002587,embedding_pca
esmc_PC3038,-0.0039398876950991115,0.0051927346709297545,0.0039398876950991115,embedding_pca
esmc_PC3039,0.00483884081070991,0.020133289366704613,0.00483884081070991,embedding_pca
esmc_PC3040,-0.005798106608233844,0.01183248644968355,0.005798106608233844,embedding_pca
esmc_PC3041,-0.009121415062482416,0.013007625933030818,0.009121415062482416,embedding_pca
esmc_PC3042,0.012360246583558842,0.014071628945882445,0.012360246583558842,embedding_pca
esmc_PC3043,0.0016317607004418203,0.012693198643334591,0.0016317607004418203,embedding_pca
esmc_PC3044,-0.01937162063337485,0.016653290961513054,0.01937162063337485,embedding_pca
esmc_PC3045,-0.00367338649063418,0.0167660655314701,0.00367338649063418,embedding_pca
esmc_PC3046,-0.007824305764581799,0.014709434506578477,0.007824305764581799,embedding_pca
esmc_PC3047,0.004751382031654236,0.01469328729016321,0.004751382031654236,embedding_pca
esmc_PC3048,0.001782793122123151,0.01898947721592576,0.001782793122123151,embedding_pca
esmc_PC3049,-0.010086618826377972,0.01580969257594136,0.010086618826377972,embedding_pca
esmc_PC3050,-0.009473394758850937,0.01179418895213975,0.009473394758850937,embedding_pca
esmc_PC3051,0.001966762209444743,0.012001648336182027,0.001966762209444743,embedding_pca
esmc_PC3052,0.01118317612673488,0.021247260223599688,0.01118317612673488,embedding_pca
esmc_PC3053,8.093600814359242e-05,0.005912249882498091,8.093600814359242e-05,embedding_pca
esmc_PC3054,-0.0033197310667642957,0.015411308792760819,0.0033197310667642957,embedding_pca
esmc_PC3055,-0.00019228487054523315,0.022262228194127896,0.00019228487054523315,embedding_pca
esmc_PC3056,-0.0007881286789466868,0.011007755679552906,0.0007881286789466868,embedding_pca
esmc_PC3057,0.0021294851727204577,0.004680543856103158,0.0021294851727204577,embedding_pca
esmc_PC3058,0.009105840522441348,0.014262537010776314,0.009105840522441348,embedding_pca
esmc_PC3059,-0.010213765796316079,0.014332141287000782,0.010213765796316079,embedding_pca
esmc_PC3060,-0.015902968910674067,0.020316768034758334,0.015902968910674067,embedding_pca
esmc_PC3061,0.006543201018388875,0.006742134810367016,0.006543201018388875,embedding_pca
esmc_PC3062,0.00039414214155312,0.012788819499281493,0.00039414214155312,embedding_pca
esmc_PC3063,0.007023362432210012,0.02133295181073089,0.007023362432210012,embedding_pca
esmc_PC3064,0.008707540597677647,0.0087926426556671,0.008707540597677647,embedding_pca
esmc_PC3065,0.01076330014875367,0.011847160074429559,0.01076330014875367,embedding_pca
esmc_PC3066,0.0011423016904393087,0.00814794522387487,0.0011423016904393087,embedding_pca
esmc_PC3067,-0.01911952838707027,0.008225230814462609,0.01911952838707027,embedding_pca
esmc_PC3068,0.0019050323616824967,0.01713998537445693,0.0019050323616824967,embedding_pca
esmc_PC3069,-0.01844672939329621,0.008174870264912228,0.01844672939329621,embedding_pca
esmc_PC3070,-0.014572251148317856,0.022413812779849548,0.014572251148317856,embedding_pca
esmc_PC3071,0.0036475831613588085,0.00813028158775093,0.0036475831613588085,embedding_pca
esmc_PC3072,-0.0047310940275472006,0.0117401549960926,0.0047310940275472006,embedding_pca
esmc_PC3073,-0.000817026253402333,0.021158187549906227,0.000817026253402333,embedding_pca
esmc_PC3074,-0.00037437447146530594,0.020615080899329546,0.00037437447146530594,embedding_pca
esmc_PC3075,-0.005657432048338686,0.01636270106864628,0.005657432048338686,embedding_pca
esmc_PC3076,-0.0018117925447601196,0.0130212317687881,0.0018117925447601196,embedding_pca
esmc_PC3077,0.003542364072021438,0.01405581047591647,0.003542364072021438,embedding_pca
esmc_PC3078,-0.00476364328495814,0.01134948296169052,0.00476364328495814,embedding_pca
esmc_PC3079,-0.005499205457206619,0.012318130368712802,0.005499205457206619,embedding_pca
esmc_PC3080,-0.006070067468783627,0.0055241134370009135,0.006070067468783627,embedding_pca
esmc_PC3081,0.009107361492415247,0.009923136692088788,0.009107361492415247,embedding_pca
esmc_PC3082,-0.006542333406955532,0.012716870414042757,0.006542333406955532,embedding_pca
esmc_PC3083,-0.001043191417213421,0.013767056008044459,0.001043191417213421,embedding_pca
esmc_PC3084,0.012477993496092951,0.01649072534254186,0.012477993496092951,embedding_pca
esmc_PC3085,0.001043363292743909,0.011533696661268713,0.001043363292743909,embedding_pca
esmc_PC3086,0.00834973760956914,0.00815592519885736,0.00834973760956914,embedding_pca
esmc_PC3087,0.00839623435231512,0.01849442878085337,0.00839623435231512,embedding_pca
esmc_PC3088,-0.005080686535972457,0.00940393898323855,0.005080686535972457,embedding_pca
esmc_PC3089,-0.010923937791528407,0.02025451912562576,0.010923937791528407,embedding_pca
esmc_PC3090,-0.0007872022165397521,0.011320042493568319,0.0007872022165397521,embedding_pca
esmc_PC3091,-0.0007366680324545321,0.02584762518751264,0.0007366680324545321,embedding_pca
esmc_PC3092,0.00466142743407218,0.013734828938649595,0.00466142743407218,embedding_pca
esmc_PC3093,-0.0033443298959679236,0.005700373269427202,0.0033443298959679236,embedding_pca
esmc_PC3094,0.0002944518331971579,0.0154765840092734,0.0002944518331971579,embedding_pca
esmc_PC3095,-0.006192009785540765,0.015664691908316337,0.006192009785540765,embedding_pca
esmc_PC3096,-0.001959655648613856,0.004433228306549847,0.001959655648613856,embedding_pca
esmc_PC3097,-0.0028070393400131803,0.017950092286759558,0.0028070393400131803,embedding_pca
esmc_PC3098,-0.01089503126864889,0.02106050813255521,0.01089503126864889,embedding_pca
esmc_PC3099,-0.0023836855805933117,0.015151367585182306,0.0023836855805933117,embedding_pca
esmc_PC3100,0.011008295414851071,0.00668986548798348,0.011008295414851071,embedding_pca
esmc_PC3101,-0.01150044500881077,0.01942359484126822,0.01150044500881077,embedding_pca
esmc_PC3102,0.005445212611710979,0.013061429550611474,0.005445212611710979,embedding_pca
esmc_PC3103,-0.00882186387277642,0.011705767578694612,0.00882186387277642,embedding_pca
esmc_PC3104,-0.006654193585397998,0.023106469567765804,0.006654193585397998,embedding_pca
esmc_PC3105,0.006519940486364617,0.01862518540222431,0.006519940486364617,embedding_pca
esmc_PC3106,-0.003821770177568788,0.007135850696046095,0.003821770177568788,embedding_pca
esmc_PC3107,-0.0007410938942588732,0.012271266800815497,0.0007410938942588732,embedding_pca
esmc_PC3108,-0.0006779747842415295,0.006764314019567689,0.0006779747842415295,embedding_pca
esmc_PC3109,-0.0056239737012930575,0.010947705706061513,0.0056239737012930575,embedding_pca
esmc_PC3110,-0.00577769095454218,0.01648995130300912,0.00577769095454218,embedding_pca
esmc_PC3111,-0.0017169870882489291,0.010885275859995384,0.0017169870882489291,embedding_pca
esmc_PC3112,0.009235562456751775,0.012000244372895163,0.009235562456751775,embedding_pca
esmc_PC3113,-0.0025081578684756044,0.020351489145313817,0.0025081578684756044,embedding_pca
esmc_PC3114,-0.0074989860721486916,0.012886469837585091,0.0074989860721486916,embedding_pca
esmc_PC3115,-0.0023339780907590335,0.011345296560409529,0.0023339780907590335,embedding_pca
esmc_PC3116,-0.004540047090009493,0.016313566507524534,0.004540047090009493,embedding_pca
esmc_PC3117,-0.00013051357987196242,0.016668608868064812,0.00013051357987196242,embedding_pca
esmc_PC3118,-0.003062791255250482,0.016622155519899675,0.003062791255250482,embedding_pca
esmc_PC3119,-0.011922771159641016,0.014065113500968989,0.011922771159641016,embedding_pca
esmc_PC3120,0.0038218736754591434,0.016506082541695586,0.0038218736754591434,embedding_pca
esmc_PC3121,0.0003676128887018629,0.019969690421743663,0.0003676128887018629,embedding_pca
esmc_PC3122,0.00016149427595530606,0.018612357409197068,0.00016149427595530606,embedding_pca
esmc_PC3123,-0.0018625964538574393,0.009407925204391585,0.0018625964538574393,embedding_pca
esmc_PC3124,0.013839001970788068,0.016340849776070678,0.013839001970788068,embedding_pca
esmc_PC3125,0.004029816104821153,0.012115623886739306,0.004029816104821153,embedding_pca
esmc_PC3126,0.007207546733354548,0.010420960151377615,0.007207546733354548,embedding_pca
esmc_PC3127,-0.009826565789335473,0.014497531335787416,0.009826565789335473,embedding_pca
esmc_PC3128,-0.0034113216356365756,0.015190996693231013,0.0034113216356365756,embedding_pca
esmc_PC3129,0.00041254173418013676,0.016304062239621504,0.00041254173418013676,embedding_pca
esmc_PC3130,0.001066265733400688,0.012575482747965468,0.001066265733400688,embedding_pca
esmc_PC3131,0.0038244838921655836,0.018492212711920638,0.0038244838921655836,embedding_pca
esmc_PC3132,0.007320766192180991,0.017565984041783018,0.007320766192180991,embedding_pca
esmc_PC3133,-0.0025734227932336534,0.009575513397698588,0.0025734227932336534,embedding_pca
esmc_PC3134,0.0003487277079201461,0.014853023130976833,0.0003487277079201461,embedding_pca
esmc_PC3135,0.007975707681425363,0.006797906823813006,0.007975707681425363,embedding_pca
esmc_PC3136,-0.005944672535651793,0.014074258100248043,0.005944672535651793,embedding_pca
esmc_PC3137,-0.0031543532754813564,0.00846664494816308,0.0031543532754813564,embedding_pca
esmc_PC3138,0.0035441437572195826,0.0021160140594683992,0.0035441437572195826,embedding_pca
esmc_PC3139,-0.0018726280400013819,0.016888017315128442,0.0018726280400013819,embedding_pca
esmc_PC3140,-0.013022150103359942,0.016418171390129327,0.013022150103359942,embedding_pca
esmc_PC3141,0.002775595891276887,0.011137854968300973,0.002775595891276887,embedding_pca
esmc_PC3142,-0.008776409475900613,0.01606939879162699,0.008776409475900613,embedding_pca
esmc_PC3143,-0.0024569428583899582,0.007249342097679272,0.0024569428583899582,embedding_pca
esmc_PC3144,-0.005978378081398173,0.018860364403453424,0.005978378081398173,embedding_pca
esmc_PC3145,0.006493253287564317,0.00735010992170912,0.006493253287564317,embedding_pca
esmc_PC3146,0.005601360275284629,0.015345616387181776,0.005601360275284629,embedding_pca
esmc_PC3147,0.002863973173973611,0.014861765990994626,0.002863973173973611,embedding_pca
esmc_PC3148,0.0031044017847677912,0.014124565514427498,0.0031044017847677912,embedding_pca
esmc_PC3149,0.008635506590297281,0.020311855384581107,0.008635506590297281,embedding_pca
esmc_PC3150,0.002876212124752047,0.014589729311898806,0.002876212124752047,embedding_pca
esmc_PC3151,-0.008654624680863423,0.012921402413516993,0.008654624680863423,embedding_pca
esmc_PC3152,-0.005396231175311397,0.008535275967081018,0.005396231175311397,embedding_pca
esmc_PC3153,-0.003056059877874739,0.020533182369824727,0.003056059877874739,embedding_pca
esmc_PC3154,0.0054610575406168075,0.014291539973582535,0.0054610575406168075,embedding_pca
esmc_PC3155,-0.017427617589469653,0.010771819565303185,0.017427617589469653,embedding_pca
esmc_PC3156,-0.003703728542125806,0.015022907172153233,0.003703728542125806,embedding_pca
esmc_PC3157,-0.0012071903185728028,0.012577430086846761,0.0012071903185728028,embedding_pca
esmc_PC3158,-0.005802265148430731,0.019617439884142565,0.005802265148430731,embedding_pca
esmc_PC3159,-0.004755363164480992,0.016142736533764253,0.004755363164480992,embedding_pca
esmc_PC3160,0.0035534447592807383,0.01160006798353072,0.0035534447592807383,embedding_pca
esmc_PC3161,-0.00011857887438395837,0.01658384682981879,0.00011857887438395837,embedding_pca
esmc_PC3162,-0.003699441846746113,0.008437729547122887,0.003699441846746113,embedding_pca
esmc_PC3163,-0.009985591289705064,0.011703272321980287,0.009985591289705064,embedding_pca
esmc_PC3164,-0.0012683306517403577,0.019433746365351272,0.0012683306517403577,embedding_pca
esmc_PC3165,0.004664018481811912,0.01715431377378069,0.004664018481811912,embedding_pca
esmc_PC3166,-0.0037021392184863533,0.015946332803116338,0.0037021392184863533,embedding_pca
esmc_PC3167,-0.0002663442190949911,0.012243524080663233,0.0002663442190949911,embedding_pca
esmc_PC3168,-0.012070698885215055,0.009112502904969493,0.012070698885215055,embedding_pca
esmc_PC3169,-0.003732797759339887,0.013524215630482072,0.003732797759339887,embedding_pca
esmc_PC3170,-0.004684544396303139,0.02213178447261957,0.004684544396303139,embedding_pca
esmc_PC3171,0.009236868314943936,0.012493510852164323,0.009236868314943936,embedding_pca
esmc_PC3172,0.0003391176598539587,0.007659298424011418,0.0003391176598539587,embedding_pca
esmc_PC3173,-0.0007746618031793023,0.011850880182434409,0.0007746618031793023,embedding_pca
esmc_PC3174,-0.0012046440641719231,0.019717112254622894,0.0012046440641719231,embedding_pca
esmc_PC3175,0.003845791523338184,0.015689247229757286,0.003845791523338184,embedding_pca
esmc_PC3176,0.018244605032279933,0.010691216024732964,0.018244605032279933,embedding_pca
esmc_PC3177,-0.0006002479313413932,0.017060530702792807,0.0006002479313413932,embedding_pca
esmc_PC3178,0.006423851143004038,0.01092420952780613,0.006423851143004038,embedding_pca
esmc_PC3179,-0.006074948816736281,0.007854507473033318,0.006074948816736281,embedding_pca
esmc_PC3180,0.003845449470981889,0.009527146395475162,0.003845449470981889,embedding_pca
esmc_PC3181,0.004383388270072249,0.012938340549359753,0.004383388270072249,embedding_pca
esmc_PC3182,0.0022285329400278694,0.0161563124618629,0.0022285329400278694,embedding_pca
esmc_PC3183,-0.0070586167303405166,0.012184739919432353,0.0070586167303405166,embedding_pca
esmc_PC3184,-0.00031535191393710987,0.010979404420367522,0.00031535191393710987,embedding_pca
esmc_PC3185,0.008566138800366885,0.01659105931316831,0.008566138800366885,embedding_pca
esmc_PC3186,-0.004150830957681169,0.016546403676441616,0.004150830957681169,embedding_pca
esmc_PC3187,-0.01790407232076716,0.014303823305383719,0.01790407232076716,embedding_pca
esmc_PC3188,-0.002100719557845367,0.006339928600384282,0.002100719557845367,embedding_pca
esmc_PC3189,0.021994221250086377,0.005036582051276586,0.021994221250086377,embedding_pca
esmc_PC3190,0.01289281679413248,0.01120640589731323,0.01289281679413248,embedding_pca
esmc_PC3191,0.011865553475094149,0.018132891023334513,0.011865553475094149,embedding_pca
esmc_PC3192,0.005275129102097266,0.008860564868083773,0.005275129102097266,embedding_pca
esmc_PC3193,0.019380406704208847,0.010878697436031197,0.019380406704208847,embedding_pca
esmc_PC3194,0.011250829325073364,0.013756932113612619,0.011250829325073364,embedding_pca
esmc_PC3195,0.0011055230023231401,0.01683350774538987,0.0011055230023231401,embedding_pca
esmc_PC3196,-0.0006073518842850002,0.013236963268839988,0.0006073518842850002,embedding_pca
esmc_PC3197,-0.004019535253765549,0.009866377413758334,0.004019535253765549,embedding_pca
esmc_PC3198,0.003775805842518037,0.009712693371422498,0.003775805842518037,embedding_pca
esmc_PC3199,0.0017214145227545277,0.005342917410320255,0.0017214145227545277,embedding_pca
esmc_PC3200,-0.005069964857881514,0.015461786939361035,0.005069964857881514,embedding_pca
esmc_PC3201,0.0011477088076569067,0.017671775857264243,0.0011477088076569067,embedding_pca
esmc_PC3202,0.0003650561113440632,0.01412988713461254,0.0003650561113440632,embedding_pca
esmc_PC3203,-0.006932455484903044,0.006975758005031615,0.006932455484903044,embedding_pca
esmc_PC3204,0.0028754766189398534,0.008898797657141883,0.0028754766189398534,embedding_pca
esmc_PC3205,-0.006177533381760323,0.015637567065361686,0.006177533381760323,embedding_pca
esmc_PC3206,-0.0007160963642356182,0.01599563534688051,0.0007160963642356182,embedding_pca
esmc_PC3207,0.01167199716095342,0.014221836694285494,0.01167199716095342,embedding_pca
esmc_PC3208,-0.02132401912547253,0.027073955677926524,0.02132401912547253,embedding_pca
esmc_PC3209,0.011118715535826532,0.013145278551479175,0.011118715535826532,embedding_pca
esmc_PC3210,0.003427748021441476,0.013131080332983491,0.003427748021441476,embedding_pca
esmc_PC3211,0.012635713510975486,0.01979578837897562,0.012635713510975486,embedding_pca
esmc_PC3212,-0.013925824038306205,0.011414116211187417,0.013925824038306205,embedding_pca
esmc_PC3213,-0.005482486080747793,0.010049122663093144,0.005482486080747793,embedding_pca
esmc_PC3214,-0.002537660850850698,0.01025020242996413,0.002537660850850698,embedding_pca
esmc_PC3215,-0.0010761933467776559,0.014816787336785481,0.0010761933467776559,embedding_pca
esmc_PC3216,0.0029209153947751783,0.004972910269206776,0.0029209153947751783,embedding_pca
esmc_PC3217,0.007644703241417064,0.009231499694258039,0.007644703241417064,embedding_pca
esmc_PC3218,0.007329994897829528,0.018133473717811113,0.007329994897829528,embedding_pca
esmc_PC3219,-0.002109035403318322,0.010733853483053758,0.002109035403318322,embedding_pca
esmc_PC3220,-0.0006807249773167256,0.013243402107591987,0.0006807249773167256,embedding_pca
esmc_PC3221,-0.0035870514284668245,0.009940758557034503,0.0035870514284668245,embedding_pca
esmc_PC3222,0.0034061538840851418,0.014166303288180925,0.0034061538840851418,embedding_pca
esmc_PC3223,-0.005269225665420217,0.012723583504485287,0.005269225665420217,embedding_pca
esmc_PC3224,-0.0011802819331586932,0.017882475666408073,0.0011802819331586932,embedding_pca
esmc_PC3225,0.0042871952320458675,0.01623973693039806,0.0042871952320458675,embedding_pca
esmc_PC3226,0.016709844168456493,0.016146256099969728,0.016709844168456493,embedding_pca
esmc_PC3227,-0.0015020186574736822,0.011805640877008222,0.0015020186574736822,embedding_pca
esmc_PC3228,0.01090124281754402,0.013949050399081635,0.01090124281754402,embedding_pca
esmc_PC3229,-0.0026900994813969592,0.0038328443132677986,0.0026900994813969592,embedding_pca
esmc_PC3230,0.0012466270850952327,0.0071295828195500075,0.0012466270850952327,embedding_pca
esmc_PC3231,0.006442647321750298,0.012018958270476632,0.006442647321750298,embedding_pca
esmc_PC3232,0.008378001585893408,0.006020872296459553,0.008378001585893408,embedding_pca
esmc_PC3233,-0.00771544677728387,0.01860838621233941,0.00771544677728387,embedding_pca
esmc_PC3234,-0.0025656055317368398,0.016071230060830558,0.0025656055317368398,embedding_pca
esmc_PC3235,0.011675935228902428,0.019143275188425558,0.011675935228902428,embedding_pca
esmc_PC3236,0.003505598229423884,0.0102607185230999,0.003505598229423884,embedding_pca
esmc_PC3237,0.003341975607661042,0.01482613568109992,0.003341975607661042,embedding_pca
esmc_PC3238,-0.01224788280867497,0.012020807069728275,0.01224788280867497,embedding_pca
esmc_PC3239,-0.0008092265702481345,0.01200597013359736,0.0008092265702481345,embedding_pca
esmc_PC3240,0.004184447519562721,0.009437561801867717,0.004184447519562721,embedding_pca
esmc_PC3241,0.0050625252003593385,0.010430692286544684,0.0050625252003593385,embedding_pca
esmc_PC3242,0.007057305242535461,0.011850934090848048,0.007057305242535461,embedding_pca
esmc_PC3243,0.003788657589290826,0.01032800334500705,0.003788657589290826,embedding_pca
esmc_PC3244,0.006687094307369026,0.010252077384528952,0.006687094307369026,embedding_pca
esmc_PC3245,-0.008254299629110378,0.00794576981239233,0.008254299629110378,embedding_pca
esmc_PC3246,-0.0028695764038398726,0.009586967236574734,0.0028695764038398726,embedding_pca
esmc_PC3247,0.007187207755767225,0.012634425899446503,0.007187207755767225,embedding_pca
esmc_PC3248,-0.0007129188770389715,0.016248215261231318,0.0007129188770389715,embedding_pca
esmc_PC3249,-0.0074869046674693115,0.012380040917776175,0.0074869046674693115,embedding_pca
esmc_PC3250,0.014290394072359849,0.008264233474807772,0.014290394072359849,embedding_pca
esmc_PC3251,-0.0017024616273825781,0.012936954413067702,0.0017024616273825781,embedding_pca
esmc_PC3252,0.005609939421417599,0.0215670384950774,0.005609939421417599,embedding_pca
esmc_PC3253,-0.005995301168916466,0.008737017781809629,0.005995301168916466,embedding_pca
esmc_PC3254,-0.010132580704169319,0.00839040309722602,0.010132580704169319,embedding_pca
esmc_PC3255,-0.012183157631698199,0.00927170068912168,0.012183157631698199,embedding_pca
esmc_PC3256,0.009390635852634539,0.019747805061511532,0.009390635852634539,embedding_pca
esmc_PC3257,0.006539599087961759,0.017602818048992393,0.006539599087961759,embedding_pca
esmc_PC3258,0.0075618352467931955,0.011119048668251849,0.0075618352467931955,embedding_pca
esmc_PC3259,0.0022557412474969486,0.006723915975664405,0.0022557412474969486,embedding_pca
esmc_PC3260,-0.004628277452872371,0.009379171405964252,0.004628277452872371,embedding_pca
esmc_PC3261,-0.00703399917545203,0.010406818419331701,0.00703399917545203,embedding_pca
esmc_PC3262,0.001663113647055007,0.008035303385526167,0.001663113647055007,embedding_pca
esmc_PC3263,-0.011262909640887272,0.01969584247803759,0.011262909640887272,embedding_pca
esmc_PC3264,0.005432429549572747,0.015123017174901833,0.005432429549572747,embedding_pca
esmc_PC3265,-0.003540080454425527,0.011220655284675004,0.003540080454425527,embedding_pca
esmc_PC3266,0.012347783286302769,0.01815843329265716,0.012347783286302769,embedding_pca
esmc_PC3267,0.008578300045851844,0.014999632838343345,0.008578300045851844,embedding_pca
esmc_PC3268,0.007561200820311263,0.01767055424555901,0.007561200820311263,embedding_pca
esmc_PC3269,-0.0017212673549930634,0.014733643651996716,0.0017212673549930634,embedding_pca
esmc_PC3270,-0.006444036753146171,0.008857733788664302,0.006444036753146171,embedding_pca
esmc_PC3271,0.0002177373313634751,0.006433575986084165,0.0002177373313634751,embedding_pca
esmc_PC3272,0.006474974829043796,0.0062503323173436235,0.006474974829043796,embedding_pca
esmc_PC3273,0.007007239416590762,0.021179873651926764,0.007007239416590762,embedding_pca
esmc_PC3274,0.007345778255407184,0.007357771770317964,0.007345778255407184,embedding_pca
esmc_PC3275,0.0010630962925964422,0.008865214858440683,0.0010630962925964422,embedding_pca
esmc_PC3276,-0.007327860170264752,0.015086129955344243,0.007327860170264752,embedding_pca
esmc_PC3277,-0.00811787205611539,0.006472275744259881,0.00811787205611539,embedding_pca
esmc_PC3278,0.0015972949640234272,0.012543938245088806,0.0015972949640234272,embedding_pca
esmc_PC3279,0.008855676252511923,0.016619246287366447,0.008855676252511923,embedding_pca
esmc_PC3280,0.002762582040085825,0.013705137803654769,0.002762582040085825,embedding_pca
esmc_PC3281,0.010705441753621314,0.00784444351308628,0.010705441753621314,embedding_pca
esmc_PC3282,0.01076434978424835,0.008221172593527889,0.01076434978424835,embedding_pca
esmc_PC3283,-0.007292485832511897,0.009287274445072994,0.007292485832511897,embedding_pca
esmc_PC3284,-0.0005427503979113501,0.01476230932557123,0.0005427503979113501,embedding_pca
esmc_PC3285,-0.009007000056240467,0.014243572164297138,0.009007000056240467,embedding_pca
esmc_PC3286,0.0002754484062727942,0.009272572057811125,0.0002754484062727942,embedding_pca
esmc_PC3287,-0.011792101125829272,0.008155800250682091,0.011792101125829272,embedding_pca
esmc_PC3288,0.0010562868346587193,0.017164787561752846,0.0010562868346587193,embedding_pca
esmc_PC3289,-0.006203872696550051,0.014301427223761386,0.006203872696550051,embedding_pca
esmc_PC3290,-0.012378316153886583,0.019944874585869122,0.012378316153886583,embedding_pca
esmc_PC3291,-0.008039195897370304,0.008554731639263456,0.008039195897370304,embedding_pca
esmc_PC3292,0.010622333889902094,0.01817119442148748,0.010622333889902094,embedding_pca
esmc_PC3293,0.007087497178438068,0.00524229622355631,0.007087497178438068,embedding_pca
esmc_PC3294,0.015959825430116863,0.019943232500596552,0.015959825430116863,embedding_pca
esmc_PC3295,0.002047016712042286,0.016938202768360257,0.002047016712042286,embedding_pca
esmc_PC3296,0.006427061056231293,0.00961423043112472,0.006427061056231293,embedding_pca
esmc_PC3297,-0.006054051664098241,0.018359355097237774,0.006054051664098241,embedding_pca
esmc_PC3298,-0.0037274666411920647,0.006344452049141036,0.0037274666411920647,embedding_pca
esmc_PC3299,0.00044776244823386754,0.012812805966323428,0.00044776244823386754,embedding_pca
esmc_PC3300,0.0013337154791659644,0.00953723667989144,0.0013337154791659644,embedding_pca
esmc_PC3301,0.0023462984645450076,0.016666924540127668,0.0023462984645450076,embedding_pca
esmc_PC3302,-0.0008581140419703958,0.005909203018562401,0.0008581140419703958,embedding_pca
esmc_PC3303,-0.011506197141280844,0.016162780703023842,0.011506197141280844,embedding_pca
esmc_PC3304,0.007135451833491737,0.017266504620864428,0.007135451833491737,embedding_pca
esmc_PC3305,0.006503229511122687,0.019432601457821858,0.006503229511122687,embedding_pca
esmc_PC3306,-0.01486385311801546,0.016811593134717,0.01486385311801546,embedding_pca
esmc_PC3307,0.0012587963500123472,0.016496344879732387,0.0012587963500123472,embedding_pca
esmc_PC3308,-0.005568983723835158,0.015004463525726444,0.005568983723835158,embedding_pca
esmc_PC3309,0.010305576308093657,0.00655484669651968,0.010305576308093657,embedding_pca
esmc_PC3310,0.011268842258175158,0.021126272863482887,0.011268842258175158,embedding_pca
esmc_PC3311,-0.003040977291090029,0.005545530742405086,0.003040977291090029,embedding_pca
esmc_PC3312,-0.006296594929604828,0.004836591526307983,0.006296594929604828,embedding_pca
esmc_PC3313,-0.003957431597167531,0.010053413015081995,0.003957431597167531,embedding_pca
esmc_PC3314,-0.00020692997930272378,0.018155468674173895,0.00020692997930272378,embedding_pca
esmc_PC3315,0.003084201993060182,0.003783554629186592,0.003084201993060182,embedding_pca
esmc_PC3316,-0.0030298445854114653,0.013712280274055334,0.0030298445854114653,embedding_pca
esmc_PC3317,0.00852146125683845,0.01088703563916121,0.00852146125683845,embedding_pca
esmc_PC3318,-0.003583633413701568,0.010944635998501736,0.003583633413701568,embedding_pca
esmc_PC3319,0.00474793825136858,0.006400039263628062,0.00474793825136858,embedding_pca
esmc_PC3320,0.005307306843278224,0.009246235629696448,0.005307306843278224,embedding_pca
esmc_PC3321,-0.010942354264502347,0.010820032719462877,0.010942354264502347,embedding_pca
esmc_PC3322,0.0028847792862410977,0.008902152968005164,0.0028847792862410977,embedding_pca
esmc_PC3323,-0.006190848232240156,0.007889951943320997,0.006190848232240156,embedding_pca
esmc_PC3324,-0.0005377657349379599,0.012625461207934481,0.0005377657349379599,embedding_pca
esmc_PC3325,-0.011090451684948106,0.01929081356175739,0.011090451684948106,embedding_pca
esmc_PC3326,0.009900201439385883,0.021510478193349968,0.009900201439385883,embedding_pca
esmc_PC3327,0.007249272283836169,0.009277321052040346,0.007249272283836169,embedding_pca
esmc_PC3328,-0.002794162133265597,0.017322318428943783,0.002794162133265597,embedding_pca
esmc_PC3329,0.005826665509119918,0.017315033856903247,0.005826665509119918,embedding_pca
esmc_PC3330,-0.0053566869770276925,0.016323642233632696,0.0053566869770276925,embedding_pca
esmc_PC3331,-0.001720209044859071,0.013769874248010783,0.001720209044859071,embedding_pca
esmc_PC3332,-0.0035381075320376613,0.015024254310124404,0.0035381075320376613,embedding_pca
esmc_PC3333,0.013575775441592575,0.011578086075966505,0.013575775441592575,embedding_pca
esmc_PC3334,0.0014594417527451224,0.005610202299297886,0.0014594417527451224,embedding_pca
esmc_PC3335,-0.006977157087768844,0.01802582782182603,0.006977157087768844,embedding_pca
esmc_PC3336,0.006061897449550921,0.015972398350105308,0.006061897449550921,embedding_pca
esmc_PC3337,-0.006125972946455014,0.006126004011905335,0.006125972946455014,embedding_pca
esmc_PC3338,0.007815652156750423,0.00734846842093844,0.007815652156750423,embedding_pca
esmc_PC3339,0.0075893099319892104,0.00941441758079912,0.0075893099319892104,embedding_pca
esmc_PC3340,-0.017886684584414288,0.029503937938242467,0.017886684584414288,embedding_pca
esmc_PC3341,0.0066110127328205485,0.006290755477342144,0.0066110127328205485,embedding_pca
esmc_PC3342,0.0032229970355186323,0.01108856720447605,0.0032229970355186323,embedding_pca
esmc_PC3343,0.008355804337181943,0.018780645202649816,0.008355804337181943,embedding_pca
esmc_PC3344,-0.003933500249328857,0.020684139608263187,0.003933500249328857,embedding_pca
esmc_PC3345,-0.005841749373559959,0.013178132620525782,0.005841749373559959,embedding_pca
esmc_PC3346,-0.007183869773796961,0.01380732937365389,0.007183869773796961,embedding_pca
esmc_PC3347,0.0036426096261829638,0.015909918375073235,0.0036426096261829638,embedding_pca
esmc_PC3348,-0.006486224562695625,0.019437187148910684,0.006486224562695625,embedding_pca
esmc_PC3349,-0.004507125962229291,0.016292745104910772,0.004507125962229291,embedding_pca
esmc_PC3350,-0.006820756981142188,0.004198215649147339,0.006820756981142188,embedding_pca
esmc_PC3351,-0.0007122053371690029,0.016123369329081885,0.0007122053371690029,embedding_pca
esmc_PC3352,-0.003489045289651633,0.007117517072337743,0.003489045289651633,embedding_pca
esmc_PC3353,-0.0020864793427697714,0.004950753321591566,0.0020864793427697714,embedding_pca
esmc_PC3354,0.001255435973195237,0.005092169543418752,0.001255435973195237,embedding_pca
esmc_PC3355,-0.008109115932621046,0.019871792009278372,0.008109115932621046,embedding_pca
esmc_PC3356,0.009243456990295024,0.007482471868150863,0.009243456990295024,embedding_pca
esmc_PC3357,-0.004785134688451728,0.009923812086366796,0.004785134688451728,embedding_pca
esmc_PC3358,-0.012283909693287957,0.015418394417431192,0.012283909693287957,embedding_pca
esmc_PC3359,0.006693917195584487,0.023234606087141018,0.006693917195584487,embedding_pca
esmc_PC3360,0.0032789880346816695,0.005308903068710795,0.0032789880346816695,embedding_pca
esmc_PC3361,0.012215442891453132,0.016271930441768095,0.012215442891453132,embedding_pca
esmc_PC3362,0.0022550415884032456,0.01965805732288136,0.0022550415884032456,embedding_pca
esmc_PC3363,-0.00013470124824970577,0.005582565897739032,0.00013470124824970577,embedding_pca
esmc_PC3364,-0.004094497251308988,0.010564614897138535,0.004094497251308988,embedding_pca
esmc_PC3365,0.0035788024336265026,0.019936160067335246,0.0035788024336265026,embedding_pca
esmc_PC3366,0.008441422669331764,0.011100933049200455,0.008441422669331764,embedding_pca
esmc_PC3367,0.00274464095387269,0.007764806521497285,0.00274464095387269,embedding_pca
esmc_PC3368,-0.011005323679609807,0.00456545368641899,0.011005323679609807,embedding_pca
esmc_PC3369,0.005487494862557865,0.012874479558430157,0.005487494862557865,embedding_pca
esmc_PC3370,-0.001904464143029784,0.02801219055786492,0.001904464143029784,embedding_pca
esmc_PC3371,0.006797868285320388,0.015166521721775982,0.006797868285320388,embedding_pca
esmc_PC3372,0.0051855376075500784,0.009602443587629452,0.0051855376075500784,embedding_pca
esmc_PC3373,-0.009614557325927217,0.018161778098088013,0.009614557325927217,embedding_pca
esmc_PC3374,0.005528873770763089,0.017595986057672784,0.005528873770763089,embedding_pca
esmc_PC3375,-0.0012796143192414355,0.010875490501612253,0.0012796143192414355,embedding_pca
esmc_PC3376,-0.011157676046420175,0.010255650074438325,0.011157676046420175,embedding_pca
esmc_PC3377,-0.011342143986970374,0.011434628605879179,0.011342143986970374,embedding_pca
esmc_PC3378,0.0026958133751839035,0.006006698203051748,0.0026958133751839035,embedding_pca
esmc_PC3379,-0.0001332452044406819,0.013350663980365517,0.0001332452044406819,embedding_pca
esmc_PC3380,-0.0005119110954701338,0.007031467253005584,0.0005119110954701338,embedding_pca
esmc_PC3381,-0.00105361239788834,0.011009990823461354,0.00105361239788834,embedding_pca
esmc_PC3382,-0.0022488735710353056,0.013193950188829925,0.0022488735710353056,embedding_pca
esmc_PC3383,-0.0036239239955054236,0.01525166831611653,0.0036239239955054236,embedding_pca
esmc_PC3384,-0.007189192833115271,0.013511275451330509,0.007189192833115271,embedding_pca
esmc_PC3385,0.002315057927729527,0.018050962246602378,0.002315057927729527,embedding_pca
esmc_PC3386,0.0016213557865041952,0.008973242905733,0.0016213557865041952,embedding_pca
esmc_PC3387,0.00038725710776469637,0.008187177019100905,0.00038725710776469637,embedding_pca
esmc_PC3388,0.004011942124115722,0.012429737712947659,0.004011942124115722,embedding_pca
esmc_PC3389,0.011610317054147432,0.013866362687838802,0.011610317054147432,embedding_pca
esmc_PC3390,0.006076764910674135,0.013410182943786186,0.006076764910674135,embedding_pca
esmc_PC3391,0.002870649587526194,0.020174527197548572,0.002870649587526194,embedding_pca
esmc_PC3392,-0.0006476419281989894,0.008597273923601663,0.0006476419281989894,embedding_pca
esmc_PC3393,0.0010455127808909716,0.017981854827622625,0.0010455127808909716,embedding_pca
esmc_PC3394,-0.012582638002366697,0.007395201615854094,0.012582638002366697,embedding_pca
esmc_PC3395,0.0032501155075582754,0.009426587913843291,0.0032501155075582754,embedding_pca
esmc_PC3396,-0.0007101529910905982,0.009415144125890547,0.0007101529910905982,embedding_pca
esmc_PC3397,-0.0007666931346424195,0.01179835242266276,0.0007666931346424195,embedding_pca
esmc_PC3398,-0.003972472041927659,0.022353829655732727,0.003972472041927659,embedding_pca
esmc_PC3399,0.002212781723923586,0.01093367879319763,0.002212781723923586,embedding_pca
esmc_PC3400,-0.005654109544592949,0.0216173581511123,0.005654109544592949,embedding_pca
esmc_PC3401,0.009116236268833882,0.0025041333220430905,0.009116236268833882,embedding_pca
esmc_PC3402,0.004068399754361589,0.016092313970565254,0.004068399754361589,embedding_pca
esmc_PC3403,-0.001273266204217664,0.010870622916170634,0.001273266204217664,embedding_pca
esmc_PC3404,0.0003555538307494897,0.02323108317975419,0.0003555538307494897,embedding_pca
esmc_PC3405,-0.003981631006454966,0.009392151602624603,0.003981631006454966,embedding_pca
esmc_PC3406,-0.002618386751481415,0.011843210883026851,0.002618386751481415,embedding_pca
esmc_PC3407,-0.004127339175343494,0.012337418004074752,0.004127339175343494,embedding_pca
esmc_PC3408,0.007199979712250487,0.013333068029247169,0.007199979712250487,embedding_pca
esmc_PC3409,0.004663383378335379,0.004635364730946743,0.004663383378335379,embedding_pca
esmc_PC3410,-0.004021976296083215,0.01795687218619227,0.004021976296083215,embedding_pca
esmc_PC3411,0.0034388033891386534,0.01616937899776512,0.0034388033891386534,embedding_pca
esmc_PC3412,-0.007913798518444856,0.010631112341546168,0.007913798518444856,embedding_pca
esmc_PC3413,0.005683714284473405,0.010687996124329205,0.005683714284473405,embedding_pca
esmc_PC3414,-0.01504162453949207,0.007915334339617086,0.01504162453949207,embedding_pca
esmc_PC3415,0.0045085851055162085,0.008329387621421493,0.0045085851055162085,embedding_pca
esmc_PC3416,0.010290869858815369,0.01672159766507436,0.010290869858815369,embedding_pca
esmc_PC3417,0.003826560347541163,0.011155896171518964,0.003826560347541163,embedding_pca
esmc_PC3418,-0.005813415184010345,0.01289789083822883,0.005813415184010345,embedding_pca
esmc_PC3419,0.010497769678358162,0.017728704465674257,0.010497769678358162,embedding_pca
esmc_PC3420,0.00222313870249887,0.01674104879171775,0.00222313870249887,embedding_pca
esmc_PC3421,0.003077516578340622,0.008593798648836646,0.003077516578340622,embedding_pca
esmc_PC3422,-0.00018491568468856633,0.021517533672510938,0.00018491568468856633,embedding_pca
esmc_PC3423,0.005866295303185141,0.0186532553016426,0.005866295303185141,embedding_pca
esmc_PC3424,0.013830591644713296,0.02351382575948559,0.013830591644713296,embedding_pca
esmc_PC3425,-0.006942349943220219,0.012514140125656667,0.006942349943220219,embedding_pca
esmc_PC3426,-0.001394009608073711,0.01560302153176348,0.001394009608073711,embedding_pca
esmc_PC3427,-0.007166862626622783,0.018203176360365985,0.007166862626622783,embedding_pca
esmc_PC3428,0.011192846875997154,0.015390646986696751,0.011192846875997154,embedding_pca
esmc_PC3429,0.005337742672191543,0.013943884068975398,0.005337742672191543,embedding_pca
esmc_PC3430,0.004561280340905976,0.009032699713227753,0.004561280340905976,embedding_pca
esmc_PC3431,-0.010195240610610605,0.016463640493913637,0.010195240610610605,embedding_pca
esmc_PC3432,-0.0028009561075106456,0.010540688372927045,0.0028009561075106456,embedding_pca
esmc_PC3433,-0.016142287090563957,0.015950838630546613,0.016142287090563957,embedding_pca
esmc_PC3434,-0.0017751299258487925,0.01090541993731655,0.0017751299258487925,embedding_pca
esmc_PC3435,-0.0077763282770101,0.016969015131497404,0.0077763282770101,embedding_pca
esmc_PC3436,0.003374172379373113,0.016506633252723866,0.003374172379373113,embedding_pca
esmc_PC3437,0.0003361831347802949,0.012069698696540423,0.0003361831347802949,embedding_pca
esmc_PC3438,0.002722822267612478,0.01003709070202011,0.002722822267612478,embedding_pca
esmc_PC3439,-0.01838757787036456,0.018343797582916852,0.01838757787036456,embedding_pca
esmc_PC3440,0.004372182330138909,0.00875148331448716,0.004372182330138909,embedding_pca
esmc_PC3441,-0.013996814147717437,0.01569064319688274,0.013996814147717437,embedding_pca
esmc_PC3442,0.007718145477855246,0.0053412187839788055,0.007718145477855246,embedding_pca
esmc_PC3443,0.0013262256005692765,0.020947427057696713,0.0013262256005692765,embedding_pca
esmc_PC3444,-0.006779699573357033,0.014206718377401981,0.006779699573357033,embedding_pca
esmc_PC3445,-0.0012371693843575924,0.008620297235195813,0.0012371693843575924,embedding_pca
esmc_PC3446,-0.0067834039387985184,0.011765871221566256,0.0067834039387985184,embedding_pca
esmc_PC3447,-0.008159768426520128,0.012002415367563688,0.008159768426520128,embedding_pca
esmc_PC3448,-0.0001755000682323017,0.01734137052381354,0.0001755000682323017,embedding_pca
esmc_PC3449,-0.009212813593855885,0.01749005879872873,0.009212813593855885,embedding_pca
esmc_PC3450,0.0005550435695309426,0.0043782976891244395,0.0005550435695309426,embedding_pca
esmc_PC3451,0.003258513094132187,0.022746531964283584,0.003258513094132187,embedding_pca
esmc_PC3452,0.001962694332071925,0.0070855408068923,0.001962694332071925,embedding_pca
esmc_PC3453,-0.00017819897853460636,0.028312096608164566,0.00017819897853460636,embedding_pca
esmc_PC3454,-0.0037346039989099348,0.010334616247098964,0.0037346039989099348,embedding_pca
esmc_PC3455,0.011313511763991074,0.006017861420904121,0.011313511763991074,embedding_pca
esmc_PC3456,0.009343179860111756,0.008774116561639523,0.009343179860111756,embedding_pca
