>>> Working dir: /home/hilarius/special_course/special_course_spring2026/src
>>> Activated: ../env_esmc  (python: /home/hilarius/special_course/special_course_spring2026/env_esmc/bin/python)

############################################################
>>> $1
>>> CMD: python 04_modelling.py --model rf --features handcrafted_sparse
############################################################
[OK] Data file found: /home/hilarius/special_course/special_course_spring2026/data/processed/df_all.csv
[OK] Config validated: 5-fold CV + 1 held-out = 6 buckets
     Project root:  /home/hilarius/special_course/special_course_spring2026
     Data dir:      /home/hilarius/special_course/special_course_spring2026/data/processed
     Embedding dir: /home/hilarius/special_course/special_course_spring2026/data/processed/embeddings
     Log dir:       /home/hilarius/special_course/special_course_spring2026/logs
     Model dir:     /home/hilarius/special_course/special_course_spring2026/models
     Models:        lr, rf
     Feature sets:  all_blosum, all_sparse, esmc, esmif, esmif_hybrid, esmif_hybrid_20_fb, esmif_hybrid_40_fb, esmif_hybrid_60_fb, esmif_hybrid_80_fb, handcrafted, handcrafted_blosum, handcrafted_blosum_esmc, handcrafted_blosum_esmif, handcrafted_sparse, handcrafted_sparse_esmc, handcrafted_sparse_esmif, handcrafted_sparse_esmif_h20fb, handcrafted_sparse_esmif_h40fb, handcrafted_sparse_esmif_h60fb, handcrafted_sparse_esmif_h80fb, handcrafted_sparse_esmif_hybrid
     Components:    blosum, esmc, esmif, esmif_hybrid, esmif_hybrid_20_fb, esmif_hybrid_40_fb, esmif_hybrid_60_fb, esmif_hybrid_80_fb, handcrafted, sparse
================================================================================
  04_MODELLING -- RANDOM FOREST + STRUCTURAL + ONE-HOT AA
================================================================================
  Timestamp:       2026-05-06 15:23:56
  Model key:       rf
  Model class:     sklearn.ensemble.RandomForestClassifier
  Feature set:     handcrafted_sparse (Structural + one-hot AA)
  Components:      ['handcrafted', 'sparse']
  Data path:       /home/hilarius/special_course/special_course_spring2026/data/processed/df_all_with_folds.csv
  Log path:        /home/hilarius/special_course/special_course_spring2026/logs/04_modelling_rf_handcrafted_sparse_log_20260506_152356.txt
  CV folds (k):    5
  Held-out bucket: 5
  Random state:    42
  Needs scaling:   False

  Model hyperparameters:
    n_estimators              1000
    max_depth                 None
    min_samples_split         2
    min_samples_leaf          1
    max_features              sqrt
    class_weight              balanced
    n_jobs                    -1
    random_state              42
    verbose                   0
================================================================================

Loading split data: /home/hilarius/special_course/special_course_spring2026/data/processed/df_all_with_folds.csv
  Shape: 53072 rows x 88 columns
  [OK] Fold column validated: [np.int64(0), np.int64(1), np.int64(2), np.int64(3), np.int64(4), np.int64(5)]

================================================================================
LOADING FEATURE COMPONENTS
================================================================================

  Loading CSV component: One-hot AA encoding
    Loading: df_all_sparse.csv
    Shape: 53072 rows x 650 columns
    [OK] Alignment verified
    New columns: 580

  Merged 580 new columns → 53072 rows x 668 columns

================================================================================
COMPONENT SUMMARY
================================================================================

  CSV components (2):
    [handcrafted] Structural features
      Source: split_data (built-in)
    [sparse] One-hot AA encoding
      Source: /home/hilarius/special_course/special_course_spring2026/data/processed/df_all_sparse.csv
      New columns added: 580
  Total CSV features: 631
    Structural: 51
    AA-encoded: 580

  Estimated total features: ~631
    CSV:        631
    Embeddings: 0 (after PCA)

================================================================================
PIPELINE READY: ~631 features, 5 folds, Random Forest
================================================================================

--------------------------------------------------------------------------------
  FOLD 0/4
--------------------------------------------------------------------------------
    WARNING: X_train: 83391 NaN values replaced with medians
    WARNING: X_test: 10976 NaN values replaced with medians
    CSV features: 631 columns
    Train:  35381 samples (pos=15617, neg=19764, ratio=1.266)
    Test:    8846 samples (pos=3954, neg=4892, ratio=1.237)
    Features: 631
    Training Random Forest ...
    Training time: 33.4s

    Fold 0 results (34.4s):
      AUC-ROC: 0.7108  |  AUC-PR: 0.6541  |  Acc: 0.6543  |  F1: 0.5422  |  MCC: 0.2918
      Sens: 0.4580  |  Spec: 0.8130  |  PPV: 0.6643  |  NPV: 0.6498

    Top 15 feature importances:
    Rank   Feature                                         Importance
    -----------------------------------------------------------------
    1      mean_plddt_peptide                                0.023408
    2      mean_plddt_nflank                                 0.023146
    3      mean_plddt_cflank                                 0.022316
    4      mean_rsa_cflank                                   0.020197
    5      mean_rsa_peptide                                  0.019543
    6      rel_distance_from_c_terminus                      0.019109
    7      mean_disorder_cflank                              0.018943
    8      mean_rsa_nflank                                   0.018728
    9      mean_disorder_peptide                             0.018723
    10     rel_distance_from_n_terminus                      0.018688
    11     mean_disorder_nflank                              0.018658
    12     N1_P                                              0.004554
    13     P5_P                                              0.004156
    14     N2_P                                              0.003944
    15     P9_V                                              0.003356
    Saved model: /home/hilarius/special_course/special_course_spring2026/models/rf_handcrafted_sparse_model_fold0.pkl

--------------------------------------------------------------------------------
  FOLD 1/4
--------------------------------------------------------------------------------
    WARNING: X_train: 69530 NaN values replaced with medians
    WARNING: X_test: 24837 NaN values replaced with medians
    CSV features: 631 columns
    Train:  35381 samples (pos=15634, neg=19747, ratio=1.263)
    Test:    8846 samples (pos=3937, neg=4909, ratio=1.247)
    Features: 631
    Training Random Forest ...
    Training time: 35.3s

    Fold 1 results (37.0s):
      AUC-ROC: 0.6873  |  AUC-PR: 0.6300  |  Acc: 0.6401  |  F1: 0.4829  |  MCC: 0.2615
      Sens: 0.3777  |  Spec: 0.8505  |  PPV: 0.6695  |  NPV: 0.6302

    Top 15 feature importances:
    Rank   Feature                                         Importance
    -----------------------------------------------------------------
    1      mean_plddt_peptide                                0.025271
    2      mean_plddt_nflank                                 0.024882
    3      mean_plddt_cflank                                 0.023765
    4      mean_rsa_cflank                                   0.020664
    5      mean_rsa_peptide                                  0.019590
    6      mean_disorder_cflank                              0.019516
    7      rel_distance_from_c_terminus                      0.019312
    8      mean_rsa_nflank                                   0.019194
    9      mean_disorder_nflank                              0.019076
    10     mean_disorder_peptide                             0.019007
    11     rel_distance_from_n_terminus                      0.018863
    12     N1_P                                              0.004551
    13     P5_P                                              0.004039
    14     P9_V                                              0.003351
    15     N2_P                                              0.003327
    Saved model: /home/hilarius/special_course/special_course_spring2026/models/rf_handcrafted_sparse_model_fold1.pkl

--------------------------------------------------------------------------------
  FOLD 2/4
--------------------------------------------------------------------------------
    WARNING: X_train: 69922 NaN values replaced with medians
    WARNING: X_test: 24445 NaN values replaced with medians
    CSV features: 631 columns
    Train:  35382 samples (pos=15645, neg=19737, ratio=1.262)
    Test:    8845 samples (pos=3926, neg=4919, ratio=1.253)
    Features: 631
    Training Random Forest ...
    Training time: 34.1s

    Fold 2 results (36.0s):
      AUC-ROC: 0.7111  |  AUC-PR: 0.6470  |  Acc: 0.6470  |  F1: 0.5003  |  MCC: 0.2753
      Sens: 0.3981  |  Spec: 0.8457  |  PPV: 0.6731  |  NPV: 0.6377

    Top 15 feature importances:
    Rank   Feature                                         Importance
    -----------------------------------------------------------------
    1      mean_plddt_peptide                                0.023122
    2      mean_plddt_nflank                                 0.022610
    3      mean_plddt_cflank                                 0.021832
    4      mean_rsa_cflank                                   0.020304
    5      mean_rsa_peptide                                  0.019152
    6      mean_disorder_cflank                              0.018931
    7      rel_distance_from_c_terminus                      0.018915
    8      mean_rsa_nflank                                   0.018879
    9      mean_disorder_peptide                             0.018664
    10     mean_disorder_nflank                              0.018438
    11     rel_distance_from_n_terminus                      0.018400
    12     N1_P                                              0.004950
    13     P5_P                                              0.004122
    14     N2_P                                              0.003721
    15     P9_V                                              0.003362
    Saved model: /home/hilarius/special_course/special_course_spring2026/models/rf_handcrafted_sparse_model_fold2.pkl

--------------------------------------------------------------------------------
  FOLD 3/4
--------------------------------------------------------------------------------
    WARNING: X_train: 74842 NaN values replaced with medians
    WARNING: X_test: 19525 NaN values replaced with medians
    CSV features: 631 columns
    Train:  35382 samples (pos=15635, neg=19747, ratio=1.263)
    Test:    8845 samples (pos=3936, neg=4909, ratio=1.247)
    Features: 631
    Training Random Forest ...
    Training time: 32.0s

    Fold 3 results (33.8s):
      AUC-ROC: 0.7117  |  AUC-PR: 0.6513  |  Acc: 0.6460  |  F1: 0.4916  |  MCC: 0.2752
      Sens: 0.3847  |  Spec: 0.8556  |  PPV: 0.6811  |  NPV: 0.6342

    Top 15 feature importances:
    Rank   Feature                                         Importance
    -----------------------------------------------------------------
    1      mean_plddt_peptide                                0.024516
    2      mean_plddt_nflank                                 0.023826
    3      mean_plddt_cflank                                 0.023057
    4      mean_rsa_cflank                                   0.020009
    5      mean_rsa_peptide                                  0.019413
    6      mean_disorder_cflank                              0.019110
    7      rel_distance_from_c_terminus                      0.019019
    8      mean_disorder_peptide                             0.018868
    9      mean_rsa_nflank                                   0.018853
    10     mean_disorder_nflank                              0.018761
    11     rel_distance_from_n_terminus                      0.018668
    12     P5_P                                              0.004166
    13     N1_P                                              0.004126
    14     N2_P                                              0.003742
    15     P9_V                                              0.003415
    Saved model: /home/hilarius/special_course/special_course_spring2026/models/rf_handcrafted_sparse_model_fold3.pkl

--------------------------------------------------------------------------------
  FOLD 4/4
--------------------------------------------------------------------------------
    WARNING: X_train: 79783 NaN values replaced with medians
    WARNING: X_test: 14584 NaN values replaced with medians
    CSV features: 631 columns
    Train:  35382 samples (pos=15753, neg=19629, ratio=1.246)
    Test:    8845 samples (pos=3818, neg=5027, ratio=1.317)
    Features: 631
    Training Random Forest ...
    Training time: 31.3s

    Fold 4 results (33.1s):
      AUC-ROC: 0.7286  |  AUC-PR: 0.6535  |  Acc: 0.6639  |  F1: 0.5345  |  MCC: 0.3007
      Sens: 0.4471  |  Spec: 0.8285  |  PPV: 0.6645  |  NPV: 0.6636

    Top 15 feature importances:
    Rank   Feature                                         Importance
    -----------------------------------------------------------------
    1      mean_plddt_peptide                                0.023009
    2      mean_plddt_nflank                                 0.023007
    3      mean_plddt_cflank                                 0.021839
    4      mean_rsa_cflank                                   0.020047
    5      rel_distance_from_c_terminus                      0.019147
    6      mean_disorder_cflank                              0.019139
    7      mean_rsa_peptide                                  0.018985
    8      mean_rsa_nflank                                   0.018887
    9      rel_distance_from_n_terminus                      0.018647
    10     mean_disorder_peptide                             0.018600
    11     mean_disorder_nflank                              0.018556
    12     P5_P                                              0.004239
    13     N1_P                                              0.004174
    14     N2_P                                              0.003718
    15     P9_V                                              0.003337
    Saved model: /home/hilarius/special_course/special_course_spring2026/models/rf_handcrafted_sparse_model_fold4.pkl

================================================================================
CROSS-VALIDATION SUMMARY (mean +/- std)
================================================================================
  auc_roc         0.7099 +/- 0.0132    [0.7108  0.6873  0.7111  0.7117  0.7286]
  auc_pr          0.6472 +/- 0.0089    [0.6541  0.6300  0.6470  0.6513  0.6535]
  accuracy        0.6503 +/- 0.0082    [0.6543  0.6401  0.6470  0.6460  0.6639]
  f1              0.5103 +/- 0.0237    [0.5422  0.4829  0.5003  0.4916  0.5345]
  mcc             0.2809 +/- 0.0138    [0.2918  0.2615  0.2753  0.2752  0.3007]
  sensitivity     0.4131 +/- 0.0330    [0.4580  0.3777  0.3981  0.3847  0.4471]
  specificity     0.8386 +/- 0.0157    [0.8130  0.8505  0.8457  0.8556  0.8285]
  ppv             0.6705 +/- 0.0062    [0.6643  0.6695  0.6731  0.6811  0.6645]
  npv             0.6431 +/- 0.0122    [0.6498  0.6302  0.6377  0.6342  0.6636]

  Best fold: 4 (AUC-ROC = 0.7286)

================================================================================
PER-FOLD METRIC COMPARISON
================================================================================
  Fold    auc_roc      auc_pr       accuracy     f1           mcc          sensitivity  specificity  ppv          npv          
  -----------------------------------------------------------------------------------------------------------------------------
  0       0.7108       0.6541       0.6543       0.5422       0.2918       0.4580       0.8130       0.6643       0.6498       
  1       0.6873       0.6300       0.6401       0.4829       0.2615       0.3777       0.8505       0.6695       0.6302       
  2       0.7111       0.6470       0.6470       0.5003       0.2753       0.3981       0.8457       0.6731       0.6377       
  3       0.7117       0.6513       0.6460       0.4916       0.2752       0.3847       0.8556       0.6811       0.6342       
  4       0.7286       0.6535       0.6639       0.5345       0.3007       0.4471       0.8285       0.6645       0.6636       
  -----------------------------------------------------------------------------------------------------------------------------
  mean    0.7099       0.6472       0.6503       0.5103       0.2809       0.4131       0.8386       0.6705       0.6431       
  std     0.0132       0.0089       0.0082       0.0237       0.0138       0.0330       0.0157       0.0062       0.0122       

================================================================================
AVERAGED FEATURE IMPORTANCE ACROSS ALL FOLDS
================================================================================
  Rank   Feature                                           Mean Imp          Std
  -----------------------------------------------------------------------------
  1      mean_plddt_peptide                                0.023865     0.000883
  2      mean_plddt_nflank                                 0.023494     0.000797
  3      mean_plddt_cflank                                 0.022562     0.000749
  4      mean_rsa_cflank                                   0.020245     0.000235
  5      mean_rsa_peptide                                  0.019337     0.000233
  6      mean_disorder_cflank                              0.019128     0.000211
  7      rel_distance_from_c_terminus                      0.019100     0.000133
  8      mean_rsa_nflank                                   0.018908     0.000154
  9      mean_disorder_peptide                             0.018772     0.000147
  10     mean_disorder_nflank                              0.018698     0.000217
  11     rel_distance_from_n_terminus                      0.018653     0.000148
  12     N1_P                                              0.004471     0.000300
  13     P5_P                                              0.004144     0.000065
  14     N2_P                                              0.003690     0.000200
  15     P9_V                                              0.003364     0.000027
  16     P9_L                                              0.003020     0.000023
  17     P2_L                                              0.002834     0.000051
  18     P5_K                                              0.002674     0.000096
  19     C1_A                                              0.002657     0.000153
  20     P7_H                                              0.002595     0.000152
  21     C1_I                                              0.002567     0.000089
  22     P6_L                                              0.002551     0.000037
  23     P4_P                                              0.002539     0.000097
  24     P4_E                                              0.002538     0.000014
  25     P6_V                                              0.002456     0.000077
  26     q8point_C_peptide                                 0.002434     0.000062
  27     q8trans_H_n_pep                                   0.002410     0.000065
  28     P3_L                                              0.002399     0.000072
  29     q8trans_H_pep_c                                   0.002359     0.000024
  30     N3_P                                              0.002336     0.000228

================================================================================
HELD-OUT VALIDATION SET EVALUATION
================================================================================
  Using model from best fold (4)
  Held-out samples: 8845 (pos=3870, neg=4975, ratio=1.286)

  Held-out results (8845 samples):
    AUC-ROC: 0.7084  |  AUC-PR: 0.6315  |  Acc: 0.6535  |  F1: 0.5166  |  MCC: 0.2828
    Sens: 0.4233  |  Spec: 0.8326  |  PPV: 0.6629  |  NPV: 0.6498

  Classification Report:
              precision    recall  f1-score   support

    Negative     0.6498    0.8326    0.7299      4975
    Positive     0.6629    0.4233    0.5166      3870

    accuracy                         0.6535      8845
   macro avg     0.6564    0.6279    0.6233      8845
weighted avg     0.6555    0.6535    0.6366      8845

================================================================================
CV AVERAGE vs HELD-OUT COMPARISON
================================================================================
  Metric             CV mean     CV std   Held-out      Delta
  ---------------------------------------------------------
  auc_roc             0.7099     0.0132     0.7084    -0.0015
  auc_pr              0.6472     0.0089     0.6315    -0.0156
  accuracy            0.6503     0.0082     0.6535    +0.0032
  f1                  0.5103     0.0237     0.5166    +0.0063
  mcc                 0.2809     0.0138     0.2828    +0.0019
  sensitivity         0.4131     0.0330     0.4233    +0.0101
  specificity         0.8386     0.0157     0.8326    -0.0061
  ppv                 0.6705     0.0062     0.6629    -0.0076
  npv                 0.6431     0.0122     0.6498    +0.0067

Results saved: /home/hilarius/special_course/special_course_spring2026/models/cv_results_rf_handcrafted_sparse_20260506_152356.json
Best model saved: /home/hilarius/special_course/special_course_spring2026/models/best_rf_handcrafted_sparse_model.pkl
Fold artifacts saved: /home/hilarius/special_course/special_course_spring2026/models/best_rf_handcrafted_sparse_artifacts.pkl
Feature names saved: /home/hilarius/special_course/special_course_spring2026/models/rf_handcrafted_sparse_feature_names.json

================================================================================
RUN SUMMARY
================================================================================
  Total runtime:    203.9s (3.4 min)
  Model:            Random Forest (rf)
  Feature set:      Structural + one-hot AA (handcrafted_sparse)
  Components:       ['handcrafted', 'sparse']
  Scaling:          no
  Features (final): 631
    CSV features:   631
  CV folds:         5
  Best fold:        4 (AUC = 0.7286)
  Held-out AUC:     0.7084
  Held-out MCC:     0.2828
  Models dir:       /home/hilarius/special_course/special_course_spring2026/models/
  Results file:     /home/hilarius/special_course/special_course_spring2026/models/cv_results_rf_handcrafted_sparse_20260506_152356.json
  Feature names:    /home/hilarius/special_course/special_course_spring2026/models/rf_handcrafted_sparse_feature_names.json
  Log file:         /home/hilarius/special_course/special_course_spring2026/logs/04_modelling_rf_handcrafted_sparse_log_20260506_152356.txt
  Completed:        2026-05-06 15:27:20
================================================================================

############################################################
>>> $1
>>> CMD: python 04_modelling.py --model rf --features handcrafted_blosum
############################################################
[OK] Data file found: /home/hilarius/special_course/special_course_spring2026/data/processed/df_all.csv
[OK] Config validated: 5-fold CV + 1 held-out = 6 buckets
     Project root:  /home/hilarius/special_course/special_course_spring2026
     Data dir:      /home/hilarius/special_course/special_course_spring2026/data/processed
     Embedding dir: /home/hilarius/special_course/special_course_spring2026/data/processed/embeddings
     Log dir:       /home/hilarius/special_course/special_course_spring2026/logs
     Model dir:     /home/hilarius/special_course/special_course_spring2026/models
     Models:        lr, rf
     Feature sets:  all_blosum, all_sparse, esmc, esmif, esmif_hybrid, esmif_hybrid_20_fb, esmif_hybrid_40_fb, esmif_hybrid_60_fb, esmif_hybrid_80_fb, handcrafted, handcrafted_blosum, handcrafted_blosum_esmc, handcrafted_blosum_esmif, handcrafted_sparse, handcrafted_sparse_esmc, handcrafted_sparse_esmif, handcrafted_sparse_esmif_h20fb, handcrafted_sparse_esmif_h40fb, handcrafted_sparse_esmif_h60fb, handcrafted_sparse_esmif_h80fb, handcrafted_sparse_esmif_hybrid
     Components:    blosum, esmc, esmif, esmif_hybrid, esmif_hybrid_20_fb, esmif_hybrid_40_fb, esmif_hybrid_60_fb, esmif_hybrid_80_fb, handcrafted, sparse
================================================================================
  04_MODELLING -- RANDOM FOREST + STRUCTURAL + BLOSUM50 AA
================================================================================
  Timestamp:       2026-05-06 15:27:22
  Model key:       rf
  Model class:     sklearn.ensemble.RandomForestClassifier
  Feature set:     handcrafted_blosum (Structural + BLOSUM50 AA)
  Components:      ['handcrafted', 'blosum']
  Data path:       /home/hilarius/special_course/special_course_spring2026/data/processed/df_all_with_folds.csv
  Log path:        /home/hilarius/special_course/special_course_spring2026/logs/04_modelling_rf_handcrafted_blosum_log_20260506_152722.txt
  CV folds (k):    5
  Held-out bucket: 5
  Random state:    42
  Needs scaling:   False

  Model hyperparameters:
    n_estimators              1000
    max_depth                 None
    min_samples_split         2
    min_samples_leaf          1
    max_features              sqrt
    class_weight              balanced
    n_jobs                    -1
    random_state              42
    verbose                   0
================================================================================

Loading split data: /home/hilarius/special_course/special_course_spring2026/data/processed/df_all_with_folds.csv
  Shape: 53072 rows x 88 columns
  [OK] Fold column validated: [np.int64(0), np.int64(1), np.int64(2), np.int64(3), np.int64(4), np.int64(5)]

================================================================================
LOADING FEATURE COMPONENTS
================================================================================

  Loading CSV component: BLOSUM50 AA encoding
    Loading: df_all_blosum50.csv
    Shape: 53072 rows x 650 columns
    [OK] Alignment verified
    New columns: 580

  Merged 580 new columns → 53072 rows x 668 columns

================================================================================
COMPONENT SUMMARY
================================================================================

  CSV components (2):
    [handcrafted] Structural features
      Source: split_data (built-in)
    [blosum] BLOSUM50 AA encoding
      Source: /home/hilarius/special_course/special_course_spring2026/data/processed/df_all_blosum50.csv
      New columns added: 580
  Total CSV features: 631
    Structural: 51
    AA-encoded: 580

  Estimated total features: ~631
    CSV:        631
    Embeddings: 0 (after PCA)

================================================================================
PIPELINE READY: ~631 features, 5 folds, Random Forest
================================================================================

--------------------------------------------------------------------------------
  FOLD 0/4
--------------------------------------------------------------------------------
    WARNING: X_train: 83391 NaN values replaced with medians
    WARNING: X_test: 10976 NaN values replaced with medians
    CSV features: 631 columns
    Train:  35381 samples (pos=15617, neg=19764, ratio=1.266)
    Test:    8846 samples (pos=3954, neg=4892, ratio=1.237)
    Features: 631
    Training Random Forest ...
    Training time: 26.1s

    Fold 0 results (27.6s):
      AUC-ROC: 0.7133  |  AUC-PR: 0.6570  |  Acc: 0.6501  |  F1: 0.4980  |  MCC: 0.2871
      Sens: 0.3882  |  Spec: 0.8618  |  PPV: 0.6943  |  NPV: 0.6354

    Top 15 feature importances:
    Rank   Feature                                         Importance
    -----------------------------------------------------------------
    1      mean_plddt_peptide                                0.008997
    2      mean_plddt_nflank                                 0.008202
    3      mean_plddt_cflank                                 0.008001
    4      mean_rsa_peptide                                  0.005649
    5      mean_rsa_cflank                                   0.005638
    6      rel_distance_from_c_terminus                      0.005469
    7      mean_disorder_nflank                              0.005348
    8      rel_distance_from_n_terminus                      0.005347
    9      mean_disorder_cflank                              0.005314
    10     mean_disorder_peptide                             0.005305
    11     mean_rsa_nflank                                   0.005270
    12     P5_R                                              0.003291
    13     P5_K                                              0.002956
    14     N1_P                                              0.002954
    15     C1_N                                              0.002765
    Saved model: /home/hilarius/special_course/special_course_spring2026/models/rf_handcrafted_blosum_model_fold0.pkl

--------------------------------------------------------------------------------
  FOLD 1/4
--------------------------------------------------------------------------------
    WARNING: X_train: 69530 NaN values replaced with medians
    WARNING: X_test: 24837 NaN values replaced with medians
    CSV features: 631 columns
    Train:  35381 samples (pos=15634, neg=19747, ratio=1.263)
    Test:    8846 samples (pos=3937, neg=4909, ratio=1.247)
    Features: 631
    Training Random Forest ...
    Training time: 27.6s

    Fold 1 results (29.6s):
      AUC-ROC: 0.7048  |  AUC-PR: 0.6442  |  Acc: 0.6447  |  F1: 0.4752  |  MCC: 0.2747
      Sens: 0.3614  |  Spec: 0.8719  |  PPV: 0.6935  |  NPV: 0.6300

    Top 15 feature importances:
    Rank   Feature                                         Importance
    -----------------------------------------------------------------
    1      mean_plddt_peptide                                0.009944
    2      mean_plddt_nflank                                 0.009104
    3      mean_plddt_cflank                                 0.008865
    4      mean_rsa_cflank                                   0.005857
    5      mean_rsa_peptide                                  0.005670
    6      mean_disorder_cflank                              0.005564
    7      mean_disorder_peptide                             0.005532
    8      mean_disorder_nflank                              0.005506
    9      rel_distance_from_c_terminus                      0.005491
    10     rel_distance_from_n_terminus                      0.005410
    11     mean_rsa_nflank                                   0.005357
    12     P5_R                                              0.003209
    13     P5_K                                              0.002907
    14     N1_P                                              0.002848
    15     C1_R                                              0.002779
    Saved model: /home/hilarius/special_course/special_course_spring2026/models/rf_handcrafted_blosum_model_fold1.pkl

--------------------------------------------------------------------------------
  FOLD 2/4
--------------------------------------------------------------------------------
    WARNING: X_train: 69922 NaN values replaced with medians
    WARNING: X_test: 24445 NaN values replaced with medians
    CSV features: 631 columns
    Train:  35382 samples (pos=15645, neg=19737, ratio=1.262)
    Test:    8845 samples (pos=3926, neg=4919, ratio=1.253)
    Features: 631
    Training Random Forest ...
    Training time: 27.0s

    Fold 2 results (29.1s):
      AUC-ROC: 0.7053  |  AUC-PR: 0.6510  |  Acc: 0.6473  |  F1: 0.4836  |  MCC: 0.2783
      Sens: 0.3721  |  Spec: 0.8668  |  PPV: 0.6905  |  NPV: 0.6337

    Top 15 feature importances:
    Rank   Feature                                         Importance
    -----------------------------------------------------------------
    1      mean_plddt_peptide                                0.008434
    2      mean_plddt_nflank                                 0.007890
    3      mean_plddt_cflank                                 0.007433
    4      mean_rsa_cflank                                   0.005791
    5      mean_rsa_peptide                                  0.005431
    6      mean_disorder_cflank                              0.005343
    7      mean_rsa_nflank                                   0.005332
    8      rel_distance_from_n_terminus                      0.005318
    9      mean_disorder_nflank                              0.005280
    10     rel_distance_from_c_terminus                      0.005266
    11     mean_disorder_peptide                             0.005227
    12     P5_R                                              0.003220
    13     N1_P                                              0.003025
    14     P5_K                                              0.002785
    15     C1_N                                              0.002757
    Saved model: /home/hilarius/special_course/special_course_spring2026/models/rf_handcrafted_blosum_model_fold2.pkl

--------------------------------------------------------------------------------
  FOLD 3/4
--------------------------------------------------------------------------------
    WARNING: X_train: 74842 NaN values replaced with medians
    WARNING: X_test: 19525 NaN values replaced with medians
    CSV features: 631 columns
    Train:  35382 samples (pos=15635, neg=19747, ratio=1.263)
    Test:    8845 samples (pos=3936, neg=4909, ratio=1.247)
    Features: 631
    Training Random Forest ...
    Training time: 27.0s

    Fold 3 results (28.8s):
      AUC-ROC: 0.7296  |  AUC-PR: 0.6792  |  Acc: 0.6511  |  F1: 0.4728  |  MCC: 0.2929
      Sens: 0.3516  |  Spec: 0.8912  |  PPV: 0.7216  |  NPV: 0.6316

    Top 15 feature importances:
    Rank   Feature                                         Importance
    -----------------------------------------------------------------
    1      mean_plddt_peptide                                0.009479
    2      mean_plddt_nflank                                 0.008841
    3      mean_plddt_cflank                                 0.008393
    4      mean_rsa_cflank                                   0.005649
    5      mean_rsa_peptide                                  0.005641
    6      mean_disorder_cflank                              0.005512
    7      rel_distance_from_c_terminus                      0.005452
    8      mean_disorder_peptide                             0.005448
    9      rel_distance_from_n_terminus                      0.005434
    10     mean_disorder_nflank                              0.005390
    11     mean_rsa_nflank                                   0.005370
    12     P5_R                                              0.003115
    13     P5_K                                              0.002750
    14     N1_P                                              0.002647
    15     C1_N                                              0.002600
    Saved model: /home/hilarius/special_course/special_course_spring2026/models/rf_handcrafted_blosum_model_fold3.pkl

--------------------------------------------------------------------------------
  FOLD 4/4
--------------------------------------------------------------------------------
    WARNING: X_train: 79783 NaN values replaced with medians
    WARNING: X_test: 14584 NaN values replaced with medians
    CSV features: 631 columns
    Train:  35382 samples (pos=15753, neg=19629, ratio=1.246)
    Test:    8845 samples (pos=3818, neg=5027, ratio=1.317)
    Features: 631
    Training Random Forest ...
    Training time: 27.1s

    Fold 4 results (29.0s):
      AUC-ROC: 0.7278  |  AUC-PR: 0.6601  |  Acc: 0.6655  |  F1: 0.5071  |  MCC: 0.3063
      Sens: 0.3986  |  Spec: 0.8681  |  PPV: 0.6966  |  NPV: 0.6553

    Top 15 feature importances:
    Rank   Feature                                         Importance
    -----------------------------------------------------------------
    1      mean_plddt_peptide                                0.008648
    2      mean_plddt_nflank                                 0.008323
    3      mean_plddt_cflank                                 0.007489
    4      mean_rsa_cflank                                   0.005749
    5      mean_rsa_peptide                                  0.005596
    6      rel_distance_from_n_terminus                      0.005567
    7      rel_distance_from_c_terminus                      0.005554
    8      mean_disorder_cflank                              0.005426
    9      mean_disorder_nflank                              0.005387
    10     mean_disorder_peptide                             0.005380
    11     mean_rsa_nflank                                   0.005346
    12     P5_R                                              0.003291
    13     P5_K                                              0.002928
    14     N1_P                                              0.002817
    15     C1_N                                              0.002774
    Saved model: /home/hilarius/special_course/special_course_spring2026/models/rf_handcrafted_blosum_model_fold4.pkl

================================================================================
CROSS-VALIDATION SUMMARY (mean +/- std)
================================================================================
  auc_roc         0.7162 +/- 0.0107    [0.7133  0.7048  0.7053  0.7296  0.7278]
  auc_pr          0.6583 +/- 0.0118    [0.6570  0.6442  0.6510  0.6792  0.6601]
  accuracy        0.6517 +/- 0.0072    [0.6501  0.6447  0.6473  0.6511  0.6655]
  f1              0.4873 +/- 0.0132    [0.4980  0.4752  0.4836  0.4728  0.5071]
  mcc             0.2879 +/- 0.0112    [0.2871  0.2747  0.2783  0.2929  0.3063]
  sensitivity     0.3744 +/- 0.0171    [0.3882  0.3614  0.3721  0.3516  0.3986]
  specificity     0.8720 +/- 0.0101    [0.8618  0.8719  0.8668  0.8912  0.8681]
  ppv             0.6993 +/- 0.0113    [0.6943  0.6935  0.6905  0.7216  0.6966]
  npv             0.6372 +/- 0.0092    [0.6354  0.6300  0.6337  0.6316  0.6553]

  Best fold: 3 (AUC-ROC = 0.7296)

================================================================================
PER-FOLD METRIC COMPARISON
================================================================================
  Fold    auc_roc      auc_pr       accuracy     f1           mcc          sensitivity  specificity  ppv          npv          
  -----------------------------------------------------------------------------------------------------------------------------
  0       0.7133       0.6570       0.6501       0.4980       0.2871       0.3882       0.8618       0.6943       0.6354       
  1       0.7048       0.6442       0.6447       0.4752       0.2747       0.3614       0.8719       0.6935       0.6300       
  2       0.7053       0.6510       0.6473       0.4836       0.2783       0.3721       0.8668       0.6905       0.6337       
  3       0.7296       0.6792       0.6511       0.4728       0.2929       0.3516       0.8912       0.7216       0.6316       
  4       0.7278       0.6601       0.6655       0.5071       0.3063       0.3986       0.8681       0.6966       0.6553       
  -----------------------------------------------------------------------------------------------------------------------------
  mean    0.7162       0.6583       0.6517       0.4873       0.2879       0.3744       0.8720       0.6993       0.6372       
  std     0.0107       0.0118       0.0072       0.0132       0.0112       0.0171       0.0101       0.0113       0.0092       

================================================================================
AVERAGED FEATURE IMPORTANCE ACROSS ALL FOLDS
================================================================================
  Rank   Feature                                           Mean Imp          Std
  -----------------------------------------------------------------------------
  1      mean_plddt_peptide                                0.009101     0.000550
  2      mean_plddt_nflank                                 0.008472     0.000440
  3      mean_plddt_cflank                                 0.008036     0.000544
  4      mean_rsa_cflank                                   0.005737     0.000084
  5      mean_rsa_peptide                                  0.005597     0.000087
  6      rel_distance_from_c_terminus                      0.005446     0.000096
  7      mean_disorder_cflank                              0.005432     0.000096
  8      rel_distance_from_n_terminus                      0.005415     0.000087
  9      mean_disorder_nflank                              0.005382     0.000074
  10     mean_disorder_peptide                             0.005378     0.000107
  11     mean_rsa_nflank                                   0.005335     0.000035
  12     P5_R                                              0.003225     0.000065
  13     P5_K                                              0.002865     0.000082
  14     N1_P                                              0.002858     0.000129
  15     C1_N                                              0.002727     0.000065
  16     C1_R                                              0.002669     0.000088
  17     P7_H                                              0.002447     0.000078
  18     P3_M                                              0.002446     0.000054
  19     P8_R                                              0.002435     0.000068
  20     P8_K                                              0.002427     0.000071
  21     P7_M                                              0.002351     0.000068
  22     C1_K                                              0.002333     0.000054
  23     N2_R                                              0.002320     0.000082
  24     P5_H                                              0.002309     0.000065
  25     C1_D                                              0.002290     0.000103
  26     P6_H                                              0.002279     0.000026
  27     C1_S                                              0.002276     0.000096
  28     N2_P                                              0.002267     0.000130
  29     P6_M                                              0.002246     0.000033
  30     P5_P                                              0.002238     0.000069

================================================================================
HELD-OUT VALIDATION SET EVALUATION
================================================================================
  Using model from best fold (3)
  Held-out samples: 8845 (pos=3870, neg=4975, ratio=1.286)

  Held-out results (8845 samples):
    AUC-ROC: 0.7204  |  AUC-PR: 0.6531  |  Acc: 0.6526  |  F1: 0.4734  |  MCC: 0.2858
    Sens: 0.3568  |  Spec: 0.8826  |  PPV: 0.7028  |  NPV: 0.6382

  Classification Report:
              precision    recall  f1-score   support

    Negative     0.6382    0.8826    0.7408      4975
    Positive     0.7028    0.3568    0.4734      3870

    accuracy                         0.6526      8845
   macro avg     0.6705    0.6197    0.6071      8845
weighted avg     0.6665    0.6526    0.6238      8845

================================================================================
CV AVERAGE vs HELD-OUT COMPARISON
================================================================================
  Metric             CV mean     CV std   Held-out      Delta
  ---------------------------------------------------------
  auc_roc             0.7162     0.0107     0.7204    +0.0043
  auc_pr              0.6583     0.0118     0.6531    -0.0051
  accuracy            0.6517     0.0072     0.6526    +0.0008
  f1                  0.4873     0.0132     0.4734    -0.0140
  mcc                 0.2879     0.0112     0.2858    -0.0021
  sensitivity         0.3744     0.0171     0.3568    -0.0176
  specificity         0.8720     0.0101     0.8826    +0.0106
  ppv                 0.6993     0.0113     0.7028    +0.0035
  npv                 0.6372     0.0092     0.6382    +0.0010

Results saved: /home/hilarius/special_course/special_course_spring2026/models/cv_results_rf_handcrafted_blosum_20260506_152722.json
Best model saved: /home/hilarius/special_course/special_course_spring2026/models/best_rf_handcrafted_blosum_model.pkl
Fold artifacts saved: /home/hilarius/special_course/special_course_spring2026/models/best_rf_handcrafted_blosum_artifacts.pkl
Feature names saved: /home/hilarius/special_course/special_course_spring2026/models/rf_handcrafted_blosum_feature_names.json

================================================================================
RUN SUMMARY
================================================================================
  Total runtime:    165.8s (2.8 min)
  Model:            Random Forest (rf)
  Feature set:      Structural + BLOSUM50 AA (handcrafted_blosum)
  Components:       ['handcrafted', 'blosum']
  Scaling:          no
  Features (final): 631
    CSV features:   631
  CV folds:         5
  Best fold:        3 (AUC = 0.7296)
  Held-out AUC:     0.7204
  Held-out MCC:     0.2858
  Models dir:       /home/hilarius/special_course/special_course_spring2026/models/
  Results file:     /home/hilarius/special_course/special_course_spring2026/models/cv_results_rf_handcrafted_blosum_20260506_152722.json
  Feature names:    /home/hilarius/special_course/special_course_spring2026/models/rf_handcrafted_blosum_feature_names.json
  Log file:         /home/hilarius/special_course/special_course_spring2026/logs/04_modelling_rf_handcrafted_blosum_log_20260506_152722.txt
  Completed:        2026-05-06 15:30:07
================================================================================

############################################################
>>> $1
>>> CMD: python 04_modelling.py --model lr --features handcrafted_sparse
############################################################
[OK] Data file found: /home/hilarius/special_course/special_course_spring2026/data/processed/df_all.csv
[OK] Config validated: 5-fold CV + 1 held-out = 6 buckets
     Project root:  /home/hilarius/special_course/special_course_spring2026
     Data dir:      /home/hilarius/special_course/special_course_spring2026/data/processed
     Embedding dir: /home/hilarius/special_course/special_course_spring2026/data/processed/embeddings
     Log dir:       /home/hilarius/special_course/special_course_spring2026/logs
     Model dir:     /home/hilarius/special_course/special_course_spring2026/models
     Models:        lr, rf
     Feature sets:  all_blosum, all_sparse, esmc, esmif, esmif_hybrid, esmif_hybrid_20_fb, esmif_hybrid_40_fb, esmif_hybrid_60_fb, esmif_hybrid_80_fb, handcrafted, handcrafted_blosum, handcrafted_blosum_esmc, handcrafted_blosum_esmif, handcrafted_sparse, handcrafted_sparse_esmc, handcrafted_sparse_esmif, handcrafted_sparse_esmif_h20fb, handcrafted_sparse_esmif_h40fb, handcrafted_sparse_esmif_h60fb, handcrafted_sparse_esmif_h80fb, handcrafted_sparse_esmif_hybrid
     Components:    blosum, esmc, esmif, esmif_hybrid, esmif_hybrid_20_fb, esmif_hybrid_40_fb, esmif_hybrid_60_fb, esmif_hybrid_80_fb, handcrafted, sparse
================================================================================
  04_MODELLING -- LOGISTIC REGRESSION + STRUCTURAL + ONE-HOT AA
================================================================================
  Timestamp:       2026-05-06 15:30:10
  Model key:       lr
  Model class:     sklearn.linear_model.LogisticRegression
  Feature set:     handcrafted_sparse (Structural + one-hot AA)
  Components:      ['handcrafted', 'sparse']
  Data path:       /home/hilarius/special_course/special_course_spring2026/data/processed/df_all_with_folds.csv
  Log path:        /home/hilarius/special_course/special_course_spring2026/logs/04_modelling_lr_handcrafted_sparse_log_20260506_153010.txt
  CV folds (k):    5
  Held-out bucket: 5
  Random state:    42
  Needs scaling:   True

  Model hyperparameters:
    penalty                   None
    solver                    lbfgs
    max_iter                  5000
    class_weight              balanced
    random_state              42
    verbose                   0
================================================================================

Loading split data: /home/hilarius/special_course/special_course_spring2026/data/processed/df_all_with_folds.csv
  Shape: 53072 rows x 88 columns
  [OK] Fold column validated: [np.int64(0), np.int64(1), np.int64(2), np.int64(3), np.int64(4), np.int64(5)]

================================================================================
LOADING FEATURE COMPONENTS
================================================================================

  Loading CSV component: One-hot AA encoding
    Loading: df_all_sparse.csv
    Shape: 53072 rows x 650 columns
    [OK] Alignment verified
    New columns: 580

  Merged 580 new columns → 53072 rows x 668 columns

================================================================================
COMPONENT SUMMARY
================================================================================

  CSV components (2):
    [handcrafted] Structural features
      Source: split_data (built-in)
    [sparse] One-hot AA encoding
      Source: /home/hilarius/special_course/special_course_spring2026/data/processed/df_all_sparse.csv
      New columns added: 580
  Total CSV features: 631
    Structural: 51
    AA-encoded: 580

  Estimated total features: ~631
    CSV:        631
    Embeddings: 0 (after PCA)

================================================================================
PIPELINE READY: ~631 features, 5 folds, Logistic Regression
================================================================================

--------------------------------------------------------------------------------
  FOLD 0/4
--------------------------------------------------------------------------------
    WARNING: X_train: 83391 NaN values replaced with medians
    WARNING: X_test: 10976 NaN values replaced with medians
    CSV features: 631 columns
    Train:  35381 samples (pos=15617, neg=19764, ratio=1.266)
    Test:    8846 samples (pos=3954, neg=4892, ratio=1.237)
    Features: 631
    Training Logistic Regression ...
    Training time: 4.8s

    Fold 0 results (5.9s):
      AUC-ROC: 0.7332  |  AUC-PR: 0.6835  |  Acc: 0.6715  |  F1: 0.6444  |  MCC: 0.3403
      Sens: 0.6659  |  Spec: 0.6760  |  PPV: 0.6242  |  NPV: 0.7146

    Top 15 feature coefficients:
    Rank   Feature                                        Coefficient
    -----------------------------------------------------------------
    1      rel_distance_from_n_terminus                     -9.174742
    2      rel_distance_from_c_terminus                     -9.167406
    3      C1_L                                             -0.859745
    4      P2_W                                              0.734379
    5      C1_E                                             -0.649744
    6      C1_V                                             -0.637515
    7      C1_P                                             -0.623441
    8      C1_I                                             -0.623408
    9      P9_E                                             -0.601629
    10     C1_S                                             -0.585730
    11     C1_D                                             -0.585331
    12     C1_F                                             -0.572749
    13     C1_G                                             -0.568460
    14     C1_T                                             -0.551146
    15     P2_K                                             -0.549593
    Saved model: /home/hilarius/special_course/special_course_spring2026/models/lr_handcrafted_sparse_model_fold0.pkl

--------------------------------------------------------------------------------
  FOLD 1/4
--------------------------------------------------------------------------------
    WARNING: X_train: 69530 NaN values replaced with medians
    WARNING: X_test: 24837 NaN values replaced with medians
    CSV features: 631 columns
    Train:  35381 samples (pos=15634, neg=19747, ratio=1.263)
    Test:    8846 samples (pos=3937, neg=4909, ratio=1.247)
    Features: 631
    Training Logistic Regression ...
    Training time: 5.8s

    Fold 1 results (6.2s):
      AUC-ROC: 0.7220  |  AUC-PR: 0.6685  |  Acc: 0.6621  |  F1: 0.6357  |  MCC: 0.3225
      Sens: 0.6624  |  Spec: 0.6618  |  PPV: 0.6111  |  NPV: 0.7097

    Top 15 feature coefficients:
    Rank   Feature                                        Coefficient
    -----------------------------------------------------------------
    1      rel_distance_from_n_terminus                     -9.970436
    2      rel_distance_from_c_terminus                     -9.946372
    3      q8point_I_nflank                                 -1.615266
    4      q8trans_I_n_pep                                   1.314491
    5      C1_L                                             -0.957372
    6      P2_W                                              0.920636
    7      C1_E                                             -0.711912
    8      C1_V                                             -0.704610
    9      C1_I                                             -0.691845
    10     C1_P                                             -0.674674
    11     C1_D                                             -0.640344
    12     C1_S                                             -0.636325
    13     P2_K                                             -0.632481
    14     P9_E                                             -0.625595
    15     C1_G                                             -0.622416
    Saved model: /home/hilarius/special_course/special_course_spring2026/models/lr_handcrafted_sparse_model_fold1.pkl

--------------------------------------------------------------------------------
  FOLD 2/4
--------------------------------------------------------------------------------
    WARNING: X_train: 69922 NaN values replaced with medians
    WARNING: X_test: 24445 NaN values replaced with medians
    CSV features: 631 columns
    Train:  35382 samples (pos=15645, neg=19737, ratio=1.262)
    Test:    8845 samples (pos=3926, neg=4919, ratio=1.253)
    Features: 631
    Training Logistic Regression ...
    Training time: 4.0s

    Fold 2 results (5.4s):
      AUC-ROC: 0.7138  |  AUC-PR: 0.6597  |  Acc: 0.6580  |  F1: 0.6250  |  MCC: 0.3114
      Sens: 0.6421  |  Spec: 0.6707  |  PPV: 0.6088  |  NPV: 0.7013

    Top 15 feature coefficients:
    Rank   Feature                                        Coefficient
    -----------------------------------------------------------------
    1      rel_distance_from_n_terminus                     -9.458949
    2      rel_distance_from_c_terminus                     -9.439689
    3      C1_L                                             -0.851115
    4      P2_W                                              0.762056
    5      C1_E                                             -0.656030
    6      P9_E                                             -0.641612
    7      C1_V                                             -0.621591
    8      C1_I                                             -0.616163
    9      C1_P                                             -0.609093
    10     C1_D                                             -0.588433
    11     P2_P                                              0.567923
    12     C1_F                                             -0.555426
    13     C1_S                                             -0.539185
    14     C1_T                                             -0.536684
    15     C1_G                                             -0.530926
    Saved model: /home/hilarius/special_course/special_course_spring2026/models/lr_handcrafted_sparse_model_fold2.pkl

--------------------------------------------------------------------------------
  FOLD 3/4
--------------------------------------------------------------------------------
    WARNING: X_train: 74842 NaN values replaced with medians
    WARNING: X_test: 19525 NaN values replaced with medians
    CSV features: 631 columns
    Train:  35382 samples (pos=15635, neg=19747, ratio=1.263)
    Test:    8845 samples (pos=3936, neg=4909, ratio=1.247)
    Features: 631
    Training Logistic Regression ...
    Training time: 4.3s

    Fold 3 results (5.5s):
      AUC-ROC: 0.7302  |  AUC-PR: 0.6772  |  Acc: 0.6694  |  F1: 0.6440  |  MCC: 0.3375
      Sens: 0.6720  |  Spec: 0.6673  |  PPV: 0.6183  |  NPV: 0.7173

    Top 15 feature coefficients:
    Rank   Feature                                        Coefficient
    -----------------------------------------------------------------
    1      rel_distance_from_n_terminus                     -9.428501
    2      rel_distance_from_c_terminus                     -9.397480
    3      C1_L                                             -0.907619
    4      P2_W                                              0.832830
    5      C1_E                                             -0.711155
    6      P2_K                                             -0.690874
    7      C1_I                                             -0.677591
    8      C1_V                                             -0.676308
    9      C1_P                                             -0.672187
    10     C1_D                                             -0.634692
    11     P9_E                                             -0.628793
    12     C1_S                                             -0.625310
    13     C1_G                                             -0.607519
    14     C1_T                                             -0.604109
    15     C1_F                                             -0.590759
    Saved model: /home/hilarius/special_course/special_course_spring2026/models/lr_handcrafted_sparse_model_fold3.pkl

--------------------------------------------------------------------------------
  FOLD 4/4
--------------------------------------------------------------------------------
    WARNING: X_train: 79783 NaN values replaced with medians
    WARNING: X_test: 14584 NaN values replaced with medians
    CSV features: 631 columns
    Train:  35382 samples (pos=15753, neg=19629, ratio=1.246)
    Test:    8845 samples (pos=3818, neg=5027, ratio=1.317)
    Features: 631
    Training Logistic Regression ...
    Training time: 4.7s

    Fold 4 results (5.9s):
      AUC-ROC: 0.7343  |  AUC-PR: 0.6712  |  Acc: 0.6658  |  F1: 0.6367  |  MCC: 0.3316
      Sens: 0.6784  |  Spec: 0.6563  |  PPV: 0.5998  |  NPV: 0.7287

    Top 15 feature coefficients:
    Rank   Feature                                        Coefficient
    -----------------------------------------------------------------
    1      rel_distance_from_n_terminus                     -9.352881
    2      rel_distance_from_c_terminus                     -9.320767
    3      C1_L                                             -0.928881
    4      P2_W                                              0.831694
    5      C1_E                                             -0.725453
    6      P2_K                                             -0.703853
    7      C1_P                                             -0.681342
    8      C1_I                                             -0.680410
    9      C1_V                                             -0.677642
    10     C1_D                                             -0.665686
    11     C1_S                                             -0.634480
    12     C1_F                                             -0.622104
    13     C1_G                                             -0.615345
    14     C1_T                                             -0.609217
    15     C1_A                                             -0.600159
    Saved model: /home/hilarius/special_course/special_course_spring2026/models/lr_handcrafted_sparse_model_fold4.pkl

================================================================================
CROSS-VALIDATION SUMMARY (mean +/- std)
================================================================================
  auc_roc         0.7267 +/- 0.0078    [0.7332  0.7220  0.7138  0.7302  0.7343]
  auc_pr          0.6720 +/- 0.0080    [0.6835  0.6685  0.6597  0.6772  0.6712]
  accuracy        0.6654 +/- 0.0049    [0.6715  0.6621  0.6580  0.6694  0.6658]
  f1              0.6372 +/- 0.0071    [0.6444  0.6357  0.6250  0.6440  0.6367]
  mcc             0.3287 +/- 0.0106    [0.3403  0.3225  0.3114  0.3375  0.3316]
  sensitivity     0.6642 +/- 0.0123    [0.6659  0.6624  0.6421  0.6720  0.6784]
  specificity     0.6664 +/- 0.0069    [0.6760  0.6618  0.6707  0.6673  0.6563]
  ppv             0.6124 +/- 0.0083    [0.6242  0.6111  0.6088  0.6183  0.5998]
  npv             0.7143 +/- 0.0090    [0.7146  0.7097  0.7013  0.7173  0.7287]

  Best fold: 4 (AUC-ROC = 0.7343)

================================================================================
PER-FOLD METRIC COMPARISON
================================================================================
  Fold    auc_roc      auc_pr       accuracy     f1           mcc          sensitivity  specificity  ppv          npv          
  -----------------------------------------------------------------------------------------------------------------------------
  0       0.7332       0.6835       0.6715       0.6444       0.3403       0.6659       0.6760       0.6242       0.7146       
  1       0.7220       0.6685       0.6621       0.6357       0.3225       0.6624       0.6618       0.6111       0.7097       
  2       0.7138       0.6597       0.6580       0.6250       0.3114       0.6421       0.6707       0.6088       0.7013       
  3       0.7302       0.6772       0.6694       0.6440       0.3375       0.6720       0.6673       0.6183       0.7173       
  4       0.7343       0.6712       0.6658       0.6367       0.3316       0.6784       0.6563       0.5998       0.7287       
  -----------------------------------------------------------------------------------------------------------------------------
  mean    0.7267       0.6720       0.6654       0.6372       0.3287       0.6642       0.6664       0.6124       0.7143       
  std     0.0078       0.0080       0.0049       0.0071       0.0106       0.0123       0.0069       0.0083       0.0090       

================================================================================
AVERAGED COEFFICIENTS ACROSS ALL FOLDS
================================================================================
  Rank   Feature                                          Mean Coef          Std
  -----------------------------------------------------------------------------
  1      rel_distance_from_n_terminus                     -9.477102     0.265677
  2      rel_distance_from_c_terminus                     -9.454343     0.262951
  3      C1_L                                             -0.900946     0.040471
  4      P2_W                                              0.816319     0.064884
  5      C1_E                                             -0.690859     0.031481
  6      C1_V                                             -0.663533     0.029952
  7      C1_I                                             -0.657883     0.031554
  8      C1_P                                             -0.652147     0.029796
  9      C1_D                                             -0.622897     0.031220
  10     P2_K                                             -0.616892     0.077123
  11     C1_S                                             -0.604206     0.037317
  12     C1_F                                             -0.590512     0.024438
  13     C1_G                                             -0.588933     0.034491
  14     C1_T                                             -0.581342     0.030944
  15     C1_A                                             -0.562579     0.038024
  16     C1_Q                                             -0.561769     0.034559
  17     C1_K                                             -0.547923     0.034628
  18     P9_E                                             -0.539533     0.170240
  19     C1_R                                             -0.528334     0.031230
  20     P9_Q                                              0.496427     0.083584
  21     C1_N                                             -0.489840     0.028308
  22     C1_Y                                             -0.449540     0.020009
  23     P9_K                                              0.434907     0.088550
  24     P9_W                                              0.426747     0.051492
  25     P2_P                                              0.425757     0.214225
  26     C1_H                                             -0.388165     0.029520
  27     C1_M                                             -0.375628     0.022043
  28     P2_C                                              0.364671     0.047574
  29     q8point_I_nflank                                 -0.361871     0.626716
  30     C1_C                                             -0.344999     0.025929

================================================================================
HELD-OUT VALIDATION SET EVALUATION
================================================================================
  Using model from best fold (4)
  Held-out samples: 8845 (pos=3870, neg=4975, ratio=1.286)

  Held-out results (8845 samples):
    AUC-ROC: 0.7304  |  AUC-PR: 0.6627  |  Acc: 0.6699  |  F1: 0.6411  |  MCC: 0.3382
    Sens: 0.6739  |  Spec: 0.6667  |  PPV: 0.6113  |  NPV: 0.7244

  Classification Report:
              precision    recall  f1-score   support

    Negative     0.7244    0.6667    0.6944      4975
    Positive     0.6113    0.6739    0.6411      3870

    accuracy                         0.6699      8845
   macro avg     0.6679    0.6703    0.6677      8845
weighted avg     0.6749    0.6699    0.6711      8845

================================================================================
CV AVERAGE vs HELD-OUT COMPARISON
================================================================================
  Metric             CV mean     CV std   Held-out      Delta
  ---------------------------------------------------------
  auc_roc             0.7267     0.0078     0.7304    +0.0037
  auc_pr              0.6720     0.0080     0.6627    -0.0094
  accuracy            0.6654     0.0049     0.6699    +0.0045
  f1                  0.6372     0.0071     0.6411    +0.0039
  mcc                 0.3287     0.0106     0.3382    +0.0095
  sensitivity         0.6642     0.0123     0.6739    +0.0097
  specificity         0.6664     0.0069     0.6667    +0.0003
  ppv                 0.6124     0.0083     0.6113    -0.0011
  npv                 0.7143     0.0090     0.7244    +0.0101

Results saved: /home/hilarius/special_course/special_course_spring2026/models/cv_results_lr_handcrafted_sparse_20260506_153010.json
Best model saved: /home/hilarius/special_course/special_course_spring2026/models/best_lr_handcrafted_sparse_model.pkl
Fold artifacts saved: /home/hilarius/special_course/special_course_spring2026/models/best_lr_handcrafted_sparse_artifacts.pkl
Feature names saved: /home/hilarius/special_course/special_course_spring2026/models/lr_handcrafted_sparse_feature_names.json

================================================================================
RUN SUMMARY
================================================================================
  Total runtime:    33.5s (0.6 min)
  Model:            Logistic Regression (lr)
  Feature set:      Structural + one-hot AA (handcrafted_sparse)
  Components:       ['handcrafted', 'sparse']
  Scaling:          yes
  Features (final): 631
    CSV features:   631
  CV folds:         5
  Best fold:        4 (AUC = 0.7343)
  Held-out AUC:     0.7304
  Held-out MCC:     0.3382
  Models dir:       /home/hilarius/special_course/special_course_spring2026/models/
  Results file:     /home/hilarius/special_course/special_course_spring2026/models/cv_results_lr_handcrafted_sparse_20260506_153010.json
  Feature names:    /home/hilarius/special_course/special_course_spring2026/models/lr_handcrafted_sparse_feature_names.json
  Log file:         /home/hilarius/special_course/special_course_spring2026/logs/04_modelling_lr_handcrafted_sparse_log_20260506_153010.txt
  Completed:        2026-05-06 15:30:44
================================================================================

############################################################
>>> $1
>>> CMD: python 04_modelling.py --model lr --features handcrafted_blosum
############################################################
[OK] Data file found: /home/hilarius/special_course/special_course_spring2026/data/processed/df_all.csv
[OK] Config validated: 5-fold CV + 1 held-out = 6 buckets
     Project root:  /home/hilarius/special_course/special_course_spring2026
     Data dir:      /home/hilarius/special_course/special_course_spring2026/data/processed
     Embedding dir: /home/hilarius/special_course/special_course_spring2026/data/processed/embeddings
     Log dir:       /home/hilarius/special_course/special_course_spring2026/logs
     Model dir:     /home/hilarius/special_course/special_course_spring2026/models
     Models:        lr, rf
     Feature sets:  all_blosum, all_sparse, esmc, esmif, esmif_hybrid, esmif_hybrid_20_fb, esmif_hybrid_40_fb, esmif_hybrid_60_fb, esmif_hybrid_80_fb, handcrafted, handcrafted_blosum, handcrafted_blosum_esmc, handcrafted_blosum_esmif, handcrafted_sparse, handcrafted_sparse_esmc, handcrafted_sparse_esmif, handcrafted_sparse_esmif_h20fb, handcrafted_sparse_esmif_h40fb, handcrafted_sparse_esmif_h60fb, handcrafted_sparse_esmif_h80fb, handcrafted_sparse_esmif_hybrid
     Components:    blosum, esmc, esmif, esmif_hybrid, esmif_hybrid_20_fb, esmif_hybrid_40_fb, esmif_hybrid_60_fb, esmif_hybrid_80_fb, handcrafted, sparse
================================================================================
  04_MODELLING -- LOGISTIC REGRESSION + STRUCTURAL + BLOSUM50 AA
================================================================================
  Timestamp:       2026-05-06 15:30:45
  Model key:       lr
  Model class:     sklearn.linear_model.LogisticRegression
  Feature set:     handcrafted_blosum (Structural + BLOSUM50 AA)
  Components:      ['handcrafted', 'blosum']
  Data path:       /home/hilarius/special_course/special_course_spring2026/data/processed/df_all_with_folds.csv
  Log path:        /home/hilarius/special_course/special_course_spring2026/logs/04_modelling_lr_handcrafted_blosum_log_20260506_153045.txt
  CV folds (k):    5
  Held-out bucket: 5
  Random state:    42
  Needs scaling:   True

  Model hyperparameters:
    penalty                   None
    solver                    lbfgs
    max_iter                  5000
    class_weight              balanced
    random_state              42
    verbose                   0
================================================================================

Loading split data: /home/hilarius/special_course/special_course_spring2026/data/processed/df_all_with_folds.csv
  Shape: 53072 rows x 88 columns
  [OK] Fold column validated: [np.int64(0), np.int64(1), np.int64(2), np.int64(3), np.int64(4), np.int64(5)]

================================================================================
LOADING FEATURE COMPONENTS
================================================================================

  Loading CSV component: BLOSUM50 AA encoding
    Loading: df_all_blosum50.csv
    Shape: 53072 rows x 650 columns
    [OK] Alignment verified
    New columns: 580

  Merged 580 new columns → 53072 rows x 668 columns

================================================================================
COMPONENT SUMMARY
================================================================================

  CSV components (2):
    [handcrafted] Structural features
      Source: split_data (built-in)
    [blosum] BLOSUM50 AA encoding
      Source: /home/hilarius/special_course/special_course_spring2026/data/processed/df_all_blosum50.csv
      New columns added: 580
  Total CSV features: 631
    Structural: 51
    AA-encoded: 580

  Estimated total features: ~631
    CSV:        631
    Embeddings: 0 (after PCA)

================================================================================
PIPELINE READY: ~631 features, 5 folds, Logistic Regression
================================================================================

--------------------------------------------------------------------------------
  FOLD 0/4
--------------------------------------------------------------------------------
    WARNING: X_train: 83391 NaN values replaced with medians
    WARNING: X_test: 10976 NaN values replaced with medians
    CSV features: 631 columns
    Train:  35381 samples (pos=15617, neg=19764, ratio=1.266)
    Test:    8846 samples (pos=3954, neg=4892, ratio=1.237)
    Features: 631
    Training Logistic Regression ...
    Training time: 7.5s

    Fold 0 results (8.7s):
      AUC-ROC: 0.7330  |  AUC-PR: 0.6839  |  Acc: 0.6718  |  F1: 0.6452  |  MCC: 0.3412
      Sens: 0.6674  |  Spec: 0.6754  |  PPV: 0.6243  |  NPV: 0.7153

    Top 15 feature coefficients:
    Rank   Feature                                        Coefficient
    -----------------------------------------------------------------
    1      rel_distance_from_n_terminus                     -8.874268
    2      rel_distance_from_c_terminus                     -8.867107
    3      P2_R                                             -0.988694
    4      P8_V                                              0.979369
    5      C1_V                                              0.968449
    6      P9_M                                             -0.870788
    7      P2_P                                              0.832663
    8      P8_I                                             -0.806997
    9      C4_I                                             -0.745115
    10     C1_L                                              0.734663
    11     C1_R                                              0.729397
    12     P9_N                                             -0.718430
    13     N9_I                                              0.656163
    14     P9_D                                             -0.645712
    15     N3_I                                             -0.642176
    Saved model: /home/hilarius/special_course/special_course_spring2026/models/lr_handcrafted_blosum_model_fold0.pkl

--------------------------------------------------------------------------------
  FOLD 1/4
--------------------------------------------------------------------------------
    WARNING: X_train: 69530 NaN values replaced with medians
    WARNING: X_test: 24837 NaN values replaced with medians
    CSV features: 631 columns
    Train:  35381 samples (pos=15634, neg=19747, ratio=1.263)
    Test:    8846 samples (pos=3937, neg=4909, ratio=1.247)
    Features: 631
    Training Logistic Regression ...
    Training time: 8.0s

    Fold 1 results (9.3s):
      AUC-ROC: 0.7220  |  AUC-PR: 0.6691  |  Acc: 0.6619  |  F1: 0.6356  |  MCC: 0.3221
      Sens: 0.6624  |  Spec: 0.6614  |  PPV: 0.6108  |  NPV: 0.7096

    Top 15 feature coefficients:
    Rank   Feature                                        Coefficient
    -----------------------------------------------------------------
    1      rel_distance_from_n_terminus                     -9.749312
    2      rel_distance_from_c_terminus                     -9.725247
    3      P8_V                                              1.144429
    4      C1_V                                              1.098655
    5      P9_M                                             -1.044688
    6      P2_R                                             -0.939746
    7      P8_I                                             -0.904442
    8      C1_R                                              0.800194
    9      N9_I                                              0.794819
    10     C1_L                                              0.774684
    11     C9_I                                             -0.720023
    12     P3_V                                             -0.713213
    13     C1_D                                              0.702198
    14     P9_D                                             -0.683851
    15     P9_N                                             -0.671027
    Saved model: /home/hilarius/special_course/special_course_spring2026/models/lr_handcrafted_blosum_model_fold1.pkl

--------------------------------------------------------------------------------
  FOLD 2/4
--------------------------------------------------------------------------------
    WARNING: X_train: 69922 NaN values replaced with medians
    WARNING: X_test: 24445 NaN values replaced with medians
    CSV features: 631 columns
    Train:  35382 samples (pos=15645, neg=19737, ratio=1.262)
    Test:    8845 samples (pos=3926, neg=4919, ratio=1.253)
    Features: 631
    Training Logistic Regression ...
    Training time: 7.5s

    Fold 2 results (8.8s):
      AUC-ROC: 0.7137  |  AUC-PR: 0.6600  |  Acc: 0.6581  |  F1: 0.6251  |  MCC: 0.3117
      Sens: 0.6421  |  Spec: 0.6709  |  PPV: 0.6089  |  NPV: 0.7014

    Top 15 feature coefficients:
    Rank   Feature                                        Coefficient
    -----------------------------------------------------------------
    1      rel_distance_from_n_terminus                     -9.427490
    2      rel_distance_from_c_terminus                     -9.408835
    3      C1_V                                              1.015108
    4      P8_V                                              0.992246
    5      N3_I                                             -0.923184
    6      N9_I                                              0.883011
    7      C1_R                                              0.831346
    8      P9_W                                              0.815176
    9      P8_I                                             -0.802845
    10     C2_V                                             -0.753337
    11     P9_M                                             -0.748752
    12     C1_L                                              0.722878
    13     P2_R                                             -0.710083
    14     P2_P                                              0.705053
    15     P9_Q                                              0.679108
    Saved model: /home/hilarius/special_course/special_course_spring2026/models/lr_handcrafted_blosum_model_fold2.pkl

--------------------------------------------------------------------------------
  FOLD 3/4
--------------------------------------------------------------------------------
    WARNING: X_train: 74842 NaN values replaced with medians
    WARNING: X_test: 19525 NaN values replaced with medians
    CSV features: 631 columns
    Train:  35382 samples (pos=15635, neg=19747, ratio=1.263)
    Test:    8845 samples (pos=3936, neg=4909, ratio=1.247)
    Features: 631
    Training Logistic Regression ...
    Training time: 7.9s

    Fold 3 results (9.2s):
      AUC-ROC: 0.7300  |  AUC-PR: 0.6768  |  Acc: 0.6705  |  F1: 0.6451  |  MCC: 0.3397
      Sens: 0.6728  |  Spec: 0.6688  |  PPV: 0.6196  |  NPV: 0.7182

    Top 15 feature coefficients:
    Rank   Feature                                        Coefficient
    -----------------------------------------------------------------
    1      rel_distance_from_n_terminus                     -9.964036
    2      rel_distance_from_c_terminus                     -9.932660
    3      P8_V                                              1.319032
    4      C1_V                                              1.257622
    5      P9_M                                             -1.116360
    6      P8_I                                             -1.051916
    7      P2_R                                             -1.025694
    8      P2_P                                              0.897192
    9      C1_L                                              0.843984
    10     N2_I                                             -0.840691
    11     P3_V                                             -0.838668
    12     C1_R                                              0.797325
    13     C7_I                                             -0.778226
    14     N2_V                                              0.757757
    15     P9_W                                              0.732909
    Saved model: /home/hilarius/special_course/special_course_spring2026/models/lr_handcrafted_blosum_model_fold3.pkl

--------------------------------------------------------------------------------
  FOLD 4/4
--------------------------------------------------------------------------------
    WARNING: X_train: 79783 NaN values replaced with medians
    WARNING: X_test: 14584 NaN values replaced with medians
    CSV features: 631 columns
    Train:  35382 samples (pos=15753, neg=19629, ratio=1.246)
    Test:    8845 samples (pos=3818, neg=5027, ratio=1.317)
    Features: 631
    Training Logistic Regression ...
    Training time: 7.5s

    Fold 4 results (8.7s):
      AUC-ROC: 0.7337  |  AUC-PR: 0.6704  |  Acc: 0.6666  |  F1: 0.6377  |  MCC: 0.3333
      Sens: 0.6797  |  Spec: 0.6567  |  PPV: 0.6006  |  NPV: 0.7297

    Top 15 feature coefficients:
    Rank   Feature                                        Coefficient
    -----------------------------------------------------------------
    1      rel_distance_from_n_terminus                     -9.186939
    2      rel_distance_from_c_terminus                     -9.154959
    3      C1_V                                              1.097747
    4      P2_R                                             -1.068046
    5      P8_V                                              1.052515
    6      N3_I                                             -0.970665
    7      P2_P                                              0.884755
    8      P9_M                                             -0.840308
    9      C1_L                                              0.830908
    10     C1_R                                              0.823556
    11     P8_I                                             -0.823136
    12     P3_V                                             -0.755154
    13     N9_I                                              0.715666
    14     C1_G                                              0.645435
    15     P2_D                                              0.635448
    Saved model: /home/hilarius/special_course/special_course_spring2026/models/lr_handcrafted_blosum_model_fold4.pkl

================================================================================
CROSS-VALIDATION SUMMARY (mean +/- std)
================================================================================
  auc_roc         0.7265 +/- 0.0076    [0.7330  0.7220  0.7137  0.7300  0.7337]
  auc_pr          0.6720 +/- 0.0080    [0.6839  0.6691  0.6600  0.6768  0.6704]
  accuracy        0.6658 +/- 0.0052    [0.6718  0.6619  0.6581  0.6705  0.6666]
  f1              0.6377 +/- 0.0074    [0.6452  0.6356  0.6251  0.6451  0.6377]
  mcc             0.3296 +/- 0.0112    [0.3412  0.3221  0.3117  0.3397  0.3333]
  sensitivity     0.6649 +/- 0.0127    [0.6674  0.6624  0.6421  0.6728  0.6797]
  specificity     0.6666 +/- 0.0067    [0.6754  0.6614  0.6709  0.6688  0.6567]
  ppv             0.6128 +/- 0.0083    [0.6243  0.6108  0.6089  0.6196  0.6006]
  npv             0.7148 +/- 0.0094    [0.7153  0.7096  0.7014  0.7182  0.7297]

  Best fold: 4 (AUC-ROC = 0.7337)

================================================================================
PER-FOLD METRIC COMPARISON
================================================================================
  Fold    auc_roc      auc_pr       accuracy     f1           mcc          sensitivity  specificity  ppv          npv          
  -----------------------------------------------------------------------------------------------------------------------------
  0       0.7330       0.6839       0.6718       0.6452       0.3412       0.6674       0.6754       0.6243       0.7153       
  1       0.7220       0.6691       0.6619       0.6356       0.3221       0.6624       0.6614       0.6108       0.7096       
  2       0.7137       0.6600       0.6581       0.6251       0.3117       0.6421       0.6709       0.6089       0.7014       
  3       0.7300       0.6768       0.6705       0.6451       0.3397       0.6728       0.6688       0.6196       0.7182       
  4       0.7337       0.6704       0.6666       0.6377       0.3333       0.6797       0.6567       0.6006       0.7297       
  -----------------------------------------------------------------------------------------------------------------------------
  mean    0.7265       0.6720       0.6658       0.6377       0.3296       0.6649       0.6666       0.6128       0.7148       
  std     0.0076       0.0080       0.0052       0.0074       0.0112       0.0127       0.0067       0.0083       0.0094       

================================================================================
AVERAGED COEFFICIENTS ACROSS ALL FOLDS
================================================================================
  Rank   Feature                                          Mean Coef          Std
  -----------------------------------------------------------------------------
  1      rel_distance_from_n_terminus                     -9.440409     0.388468
  2      rel_distance_from_c_terminus                     -9.417762     0.382631
  3      P8_V                                              1.097518     0.125168
  4      C1_V                                              1.087516     0.098575
  5      P2_R                                             -0.946453     0.125510
  6      P9_M                                             -0.924179     0.135732
  7      P8_I                                             -0.877867     0.094494
  8      C1_R                                              0.796364     0.035954
  9      C1_L                                              0.781423     0.049035
  10     P2_P                                              0.763120     0.149910
  11     N9_I                                              0.747335     0.081995
  12     N3_I                                             -0.686644     0.225545
  13     P9_W                                              0.686461     0.076381
  14     P3_V                                             -0.682465     0.125200
  15     C1_D                                              0.658870     0.042055
  16     C1_G                                              0.629938     0.039563
  17     P9_N                                             -0.622388     0.076407
  18     N2_V                                              0.599166     0.084897
  19     P9_D                                             -0.598046     0.099273
  20     C1_P                                              0.585592     0.035770
  21     N2_I                                             -0.584457     0.134727
  22     C1_F                                              0.563848     0.037105
  23     P8_L                                              0.556464     0.045204
  24     P2_D                                              0.535108     0.081930
  25     P9_V                                              0.534011     0.108856
  26     P8_F                                              0.533864     0.055037
  27     C4_I                                             -0.530284     0.179017
  28     P2_C                                              0.518114     0.064385
  29     P9_Q                                              0.510184     0.155230
  30     C2_V                                             -0.508106     0.139758

================================================================================
HELD-OUT VALIDATION SET EVALUATION
================================================================================
  Using model from best fold (4)
  Held-out samples: 8845 (pos=3870, neg=4975, ratio=1.286)

  Held-out results (8845 samples):
    AUC-ROC: 0.7301  |  AUC-PR: 0.6626  |  Acc: 0.6691  |  F1: 0.6406  |  MCC: 0.3368
    Sens: 0.6739  |  Spec: 0.6653  |  PPV: 0.6103  |  NPV: 0.7240

  Classification Report:
              precision    recall  f1-score   support

    Negative     0.7240    0.6653    0.6934      4975
    Positive     0.6103    0.6739    0.6406      3870

    accuracy                         0.6691      8845
   macro avg     0.6672    0.6696    0.6670      8845
weighted avg     0.6743    0.6691    0.6703      8845

================================================================================
CV AVERAGE vs HELD-OUT COMPARISON
================================================================================
  Metric             CV mean     CV std   Held-out      Delta
  ---------------------------------------------------------
  auc_roc             0.7265     0.0076     0.7301    +0.0036
  auc_pr              0.6720     0.0080     0.6626    -0.0094
  accuracy            0.6658     0.0052     0.6691    +0.0033
  f1                  0.6377     0.0074     0.6406    +0.0028
  mcc                 0.3296     0.0112     0.3368    +0.0072
  sensitivity         0.6649     0.0127     0.6739    +0.0090
  specificity         0.6666     0.0067     0.6653    -0.0013
  ppv                 0.6128     0.0083     0.6103    -0.0025
  npv                 0.7148     0.0094     0.7240    +0.0091

Results saved: /home/hilarius/special_course/special_course_spring2026/models/cv_results_lr_handcrafted_blosum_20260506_153045.json
Best model saved: /home/hilarius/special_course/special_course_spring2026/models/best_lr_handcrafted_blosum_model.pkl
Fold artifacts saved: /home/hilarius/special_course/special_course_spring2026/models/best_lr_handcrafted_blosum_artifacts.pkl
Feature names saved: /home/hilarius/special_course/special_course_spring2026/models/lr_handcrafted_blosum_feature_names.json

================================================================================
RUN SUMMARY
================================================================================
  Total runtime:    48.7s (0.8 min)
  Model:            Logistic Regression (lr)
  Feature set:      Structural + BLOSUM50 AA (handcrafted_blosum)
  Components:       ['handcrafted', 'blosum']
  Scaling:          yes
  Features (final): 631
    CSV features:   631
  CV folds:         5
  Best fold:        4 (AUC = 0.7337)
  Held-out AUC:     0.7301
  Held-out MCC:     0.3368
  Models dir:       /home/hilarius/special_course/special_course_spring2026/models/
  Results file:     /home/hilarius/special_course/special_course_spring2026/models/cv_results_lr_handcrafted_blosum_20260506_153045.json
  Feature names:    /home/hilarius/special_course/special_course_spring2026/models/lr_handcrafted_blosum_feature_names.json
  Log file:         /home/hilarius/special_course/special_course_spring2026/logs/04_modelling_lr_handcrafted_blosum_log_20260506_153045.txt
  Completed:        2026-05-06 15:31:34
================================================================================

############################################################
>>> $1
>>> CMD: bash -c cd .. && python src/06_feature_importance.py --features 'handcrafted_sparse' --models lr rf --top 30 --top_compare 30 --top_big 70 --out_root 'results/figures/models/feature_importance_no_embedding'
############################################################
Feature set:    handcrafted_sparse
Models:         ['lr', 'rf']
Top per-model:  30
Top comparison: 30
Top big plot:   70
Output dir:     results/figures/models/feature_importance_no_embedding/handcrafted_sparse

============================================================
  Logistic Regression — handcrafted_sparse
============================================================
  Features: 631
  Fold 0: 631 weights loaded (signed)
  Fold 1: 631 weights loaded (signed)
  Fold 2: 631 weights loaded (signed)
  Fold 3: 631 weights loaded (signed)
  Fold 4: 631 weights loaded (signed)
  Saved: results/tables/handcrafted_sparse/feature_importance_lr_handcrafted_sparse.csv

  Feature Type               Count    Total |w|    Share
  -------------------------------------------------------
  aa_encoding                  340      34.9059    52.9%
  handcrafted                  291      31.1144    47.1%

  Top 20 features:
    - rel_distance_from_n_terminus              -9.4771  (handcrafted)
    - rel_distance_from_c_terminus              -9.4543  (handcrafted)
    - C1_L                                      -0.9009  (aa_encoding)
    + P2_W                                      +0.8163  (aa_encoding)
    - C1_E                                      -0.6909  (aa_encoding)
    - C1_V                                      -0.6635  (aa_encoding)
    - C1_I                                      -0.6579  (aa_encoding)
    - C1_P                                      -0.6521  (aa_encoding)
    - C1_D                                      -0.6229  (aa_encoding)
    - P2_K                                      -0.6169  (aa_encoding)
    - C1_S                                      -0.6042  (aa_encoding)
    - C1_F                                      -0.5905  (aa_encoding)
    - C1_G                                      -0.5889  (aa_encoding)
    - C1_T                                      -0.5813  (aa_encoding)
    - C1_A                                      -0.5626  (aa_encoding)
    - C1_Q                                      -0.5618  (aa_encoding)
    - C1_K                                      -0.5479  (aa_encoding)
    - P9_E                                      -0.5395  (aa_encoding)
    - C1_R                                      -0.5283  (aa_encoding)
    + P9_Q                                      +0.4964  (aa_encoding)
  Saved: results/figures/models/feature_importance_no_embedding/handcrafted_sparse/feature_importance_lr_handcrafted_sparse_top30.png

============================================================
  Random Forest — handcrafted_sparse
============================================================
  Features: 631
  Fold 0: 631 weights loaded (unsigned)
  Fold 1: 631 weights loaded (unsigned)
  Fold 2: 631 weights loaded (unsigned)
  Fold 3: 631 weights loaded (unsigned)
  Fold 4: 631 weights loaded (unsigned)
  Saved: results/tables/handcrafted_sparse/feature_importance_rf_handcrafted_sparse.csv

  Feature Type               Count    Total |w|    Share
  -------------------------------------------------------
  aa_encoding                  340       0.4268    42.7%
  handcrafted                  291       0.5732    57.3%

  Top 20 features:
      mean_plddt_peptide                        0.0239  (handcrafted)
      mean_plddt_nflank                         0.0235  (handcrafted)
      mean_plddt_cflank                         0.0226  (handcrafted)
      mean_rsa_cflank                           0.0202  (handcrafted)
      mean_rsa_peptide                          0.0193  (handcrafted)
      mean_disorder_cflank                      0.0191  (handcrafted)
      rel_distance_from_c_terminus              0.0191  (handcrafted)
      mean_rsa_nflank                           0.0189  (handcrafted)
      mean_disorder_peptide                     0.0188  (handcrafted)
      mean_disorder_nflank                      0.0187  (handcrafted)
      rel_distance_from_n_terminus              0.0187  (handcrafted)
      N1_P                                      0.0045  (aa_encoding)
      P5_P                                      0.0041  (aa_encoding)
      N2_P                                      0.0037  (aa_encoding)
      P9_V                                      0.0034  (aa_encoding)
      P9_L                                      0.0030  (aa_encoding)
      P2_L                                      0.0028  (aa_encoding)
      P5_K                                      0.0027  (aa_encoding)
      C1_A                                      0.0027  (aa_encoding)
      P7_H                                      0.0026  (aa_encoding)
  Saved: results/figures/models/feature_importance_no_embedding/handcrafted_sparse/feature_importance_rf_handcrafted_sparse_top30.png

============================================================
  COMPARISON PLOTS (top 30)
============================================================
  Saved: results/figures/models/feature_importance_no_embedding/handcrafted_sparse/feature_importance_comparison_lr_vs_rf_handcrafted_sparse_top30.png

============================================================
  BIG COMPARISON PLOT (top 70)
============================================================
  Saved: results/figures/models/feature_importance_no_embedding/handcrafted_sparse/feature_importance_comparison_lr_vs_rf_handcrafted_sparse_top70_BIG.png

Done. All outputs in: results/figures/models/feature_importance_no_embedding/handcrafted_sparse

############################################################
>>> $1
>>> CMD: bash -c cd .. && python src/06_feature_importance.py --features 'handcrafted_blosum' --models lr rf --top 30 --top_compare 30 --top_big 70 --out_root 'results/figures/models/feature_importance_no_embedding'
############################################################
Feature set:    handcrafted_blosum
Models:         ['lr', 'rf']
Top per-model:  30
Top comparison: 30
Top big plot:   70
Output dir:     results/figures/models/feature_importance_no_embedding/handcrafted_blosum

============================================================
  Logistic Regression — handcrafted_blosum
============================================================
  Features: 631
  Fold 0: 631 weights loaded (signed)
  Fold 1: 631 weights loaded (signed)
  Fold 2: 631 weights loaded (signed)
  Fold 3: 631 weights loaded (signed)
  Fold 4: 631 weights loaded (signed)
  Saved: results/tables/handcrafted_blosum/feature_importance_lr_handcrafted_blosum.csv

  Feature Type               Count    Total |w|    Share
  -------------------------------------------------------
  aa_encoding                  340      59.7747    62.5%
  handcrafted                  291      35.9021    37.5%

  Top 20 features:
    - rel_distance_from_n_terminus              -9.4404  (handcrafted)
    - rel_distance_from_c_terminus              -9.4178  (handcrafted)
    + P8_V                                      +1.0975  (aa_encoding)
    + C1_V                                      +1.0875  (aa_encoding)
    - P2_R                                      -0.9465  (aa_encoding)
    - P9_M                                      -0.9242  (aa_encoding)
    - P8_I                                      -0.8779  (aa_encoding)
    + C1_R                                      +0.7964  (aa_encoding)
    + C1_L                                      +0.7814  (aa_encoding)
    + P2_P                                      +0.7631  (aa_encoding)
    + N9_I                                      +0.7473  (handcrafted)
    - N3_I                                      -0.6866  (aa_encoding)
    + P9_W                                      +0.6865  (aa_encoding)
    - P3_V                                      -0.6825  (aa_encoding)
    + C1_D                                      +0.6589  (aa_encoding)
    + C1_G                                      +0.6299  (aa_encoding)
    - P9_N                                      -0.6224  (aa_encoding)
    + N2_V                                      +0.5992  (aa_encoding)
    - P9_D                                      -0.5980  (aa_encoding)
    + C1_P                                      +0.5856  (aa_encoding)
  Saved: results/figures/models/feature_importance_no_embedding/handcrafted_blosum/feature_importance_lr_handcrafted_blosum_top30.png

============================================================
  Random Forest — handcrafted_blosum
============================================================
  Features: 631
  Fold 0: 631 weights loaded (unsigned)
  Fold 1: 631 weights loaded (unsigned)
  Fold 2: 631 weights loaded (unsigned)
  Fold 3: 631 weights loaded (unsigned)
  Fold 4: 631 weights loaded (unsigned)
  Saved: results/tables/handcrafted_blosum/feature_importance_rf_handcrafted_blosum.csv

  Feature Type               Count    Total |w|    Share
  -------------------------------------------------------
  aa_encoding                  340       0.5378    53.8%
  handcrafted                  291       0.4622    46.2%

  Top 20 features:
      mean_plddt_peptide                        0.0091  (handcrafted)
      mean_plddt_nflank                         0.0085  (handcrafted)
      mean_plddt_cflank                         0.0080  (handcrafted)
      mean_rsa_cflank                           0.0057  (handcrafted)
      mean_rsa_peptide                          0.0056  (handcrafted)
      rel_distance_from_c_terminus              0.0054  (handcrafted)
      mean_disorder_cflank                      0.0054  (handcrafted)
      rel_distance_from_n_terminus              0.0054  (handcrafted)
      mean_disorder_nflank                      0.0054  (handcrafted)
      mean_disorder_peptide                     0.0054  (handcrafted)
      mean_rsa_nflank                           0.0053  (handcrafted)
      P5_R                                      0.0032  (aa_encoding)
      P5_K                                      0.0029  (aa_encoding)
      N1_P                                      0.0029  (aa_encoding)
      C1_N                                      0.0027  (aa_encoding)
      C1_R                                      0.0027  (aa_encoding)
      P7_H                                      0.0024  (aa_encoding)
      P3_M                                      0.0024  (aa_encoding)
      P8_R                                      0.0024  (aa_encoding)
      P8_K                                      0.0024  (aa_encoding)
  Saved: results/figures/models/feature_importance_no_embedding/handcrafted_blosum/feature_importance_rf_handcrafted_blosum_top30.png

============================================================
  COMPARISON PLOTS (top 30)
============================================================
  Saved: results/figures/models/feature_importance_no_embedding/handcrafted_blosum/feature_importance_comparison_lr_vs_rf_handcrafted_blosum_top30.png

============================================================
  BIG COMPARISON PLOT (top 70)
============================================================
  Saved: results/figures/models/feature_importance_no_embedding/handcrafted_blosum/feature_importance_comparison_lr_vs_rf_handcrafted_blosum_top70_BIG.png

Done. All outputs in: results/figures/models/feature_importance_no_embedding/handcrafted_blosum

############################################################
>>> $1
>>> CMD: python 04_modelling.py --model rf --features esmc
############################################################
[OK] Data file found: /home/hilarius/special_course/special_course_spring2026/data/processed/df_all.csv
[OK] Config validated: 5-fold CV + 1 held-out = 6 buckets
     Project root:  /home/hilarius/special_course/special_course_spring2026
     Data dir:      /home/hilarius/special_course/special_course_spring2026/data/processed
     Embedding dir: /home/hilarius/special_course/special_course_spring2026/data/processed/embeddings
     Log dir:       /home/hilarius/special_course/special_course_spring2026/logs
     Model dir:     /home/hilarius/special_course/special_course_spring2026/models
     Models:        lr, rf
     Feature sets:  all_blosum, all_sparse, esmc, esmif, esmif_hybrid, esmif_hybrid_20_fb, esmif_hybrid_40_fb, esmif_hybrid_60_fb, esmif_hybrid_80_fb, handcrafted, handcrafted_blosum, handcrafted_blosum_esmc, handcrafted_blosum_esmif, handcrafted_sparse, handcrafted_sparse_esmc, handcrafted_sparse_esmif, handcrafted_sparse_esmif_h20fb, handcrafted_sparse_esmif_h40fb, handcrafted_sparse_esmif_h60fb, handcrafted_sparse_esmif_h80fb, handcrafted_sparse_esmif_hybrid
     Components:    blosum, esmc, esmif, esmif_hybrid, esmif_hybrid_20_fb, esmif_hybrid_40_fb, esmif_hybrid_60_fb, esmif_hybrid_80_fb, handcrafted, sparse
================================================================================
  04_MODELLING -- RANDOM FOREST + ESM-C EMBEDDINGS ONLY
================================================================================
  Timestamp:       2026-05-06 15:32:05
  Model key:       rf
  Model class:     sklearn.ensemble.RandomForestClassifier
  Feature set:     esmc (ESM-C embeddings only)
  Components:      ['esmc']
  Data path:       /home/hilarius/special_course/special_course_spring2026/data/processed/df_all_with_folds.csv
  Log path:        /home/hilarius/special_course/special_course_spring2026/logs/04_modelling_rf_esmc_log_20260506_153205.txt
  CV folds (k):    5
  Held-out bucket: 5
  Random state:    42
  Needs scaling:   False

  Model hyperparameters:
    n_estimators              1000
    max_depth                 None
    min_samples_split         2
    min_samples_leaf          1
    max_features              sqrt
    class_weight              balanced
    n_jobs                    -1
    random_state              42
    verbose                   0
================================================================================

Loading split data: /home/hilarius/special_course/special_course_spring2026/data/processed/df_all_with_folds.csv
  Shape: 53072 rows x 88 columns
  [OK] Fold column validated: [np.int64(0), np.int64(1), np.int64(2), np.int64(3), np.int64(4), np.int64(5)]

================================================================================
LOADING FEATURE COMPONENTS
================================================================================

  Loading embedding component: ESM-C (600M) embeddings
    Loading prepared embeddings: /home/hilarius/special_course/special_course_spring2026/data/processed/embeddings_prepared/esmc_prepared.h5
    Loaded: 53072 samples, 3 regions, dim=1152

================================================================================
COMPONENT SUMMARY
================================================================================

  Embedding components (1):
    [esmc] ESM-C (600M) embeddings
      Raw dim: 3456 (3 regions × 1152)
      After PCA: 150 (50/region × 3 regions)

  Estimated total features: ~150
    CSV:        0
    Embeddings: 150 (after PCA)

================================================================================
PIPELINE READY: ~150 features, 5 folds, Random Forest
================================================================================

--------------------------------------------------------------------------------
  FOLD 0/4
--------------------------------------------------------------------------------
    esmc: zero-vector samples: train=0/35381 (0.0%), test=0/8846 (0.0%)
    esmc: PCA 3456 → 150 (50/region × 3 regions, 86.7% variance, fitted on 35381 non-zero samples)
    Train:  35381 samples (pos=15617, neg=19764, ratio=1.266)
    Test:    8846 samples (pos=3954, neg=4892, ratio=1.237)
    Features: 150
    Training Random Forest ...
    Training time: 54.1s

    Fold 0 results (71.0s):
      AUC-ROC: 0.6613  |  AUC-PR: 0.5993  |  Acc: 0.6016  |  F1: 0.3650  |  MCC: 0.1772
      Sens: 0.2562  |  Spec: 0.8808  |  PPV: 0.6347  |  NPV: 0.5943

    Top 15 feature importances:
    Rank   Feature                                         Importance
    -----------------------------------------------------------------
    1      esmc_PC001                                        0.012861
    2      esmc_PC019                                        0.011920
    3      esmc_PC013                                        0.009206
    4      esmc_PC006                                        0.009144
    5      esmc_PC003                                        0.008415
    6      esmc_PC015                                        0.008019
    7      esmc_PC007                                        0.007850
    8      esmc_PC039                                        0.007835
    9      esmc_PC029                                        0.007813
    10     esmc_PC017                                        0.007677
    11     esmc_PC011                                        0.007677
    12     esmc_PC023                                        0.007532
    13     esmc_PC046                                        0.007509
    14     esmc_PC020                                        0.007427
    15     esmc_PC002                                        0.007282
    Saved model: /home/hilarius/special_course/special_course_spring2026/models/rf_esmc_model_fold0.pkl

--------------------------------------------------------------------------------
  FOLD 1/4
--------------------------------------------------------------------------------
    esmc: zero-vector samples: train=0/35381 (0.0%), test=0/8846 (0.0%)
    esmc: PCA 3456 → 150 (50/region × 3 regions, 86.8% variance, fitted on 35381 non-zero samples)
    Train:  35381 samples (pos=15634, neg=19747, ratio=1.263)
    Test:    8846 samples (pos=3937, neg=4909, ratio=1.247)
    Features: 150
    Training Random Forest ...
    Training time: 53.3s

    Fold 1 results (71.5s):
      AUC-ROC: 0.6383  |  AUC-PR: 0.5740  |  Acc: 0.5959  |  F1: 0.3504  |  MCC: 0.1591
      Sens: 0.2449  |  Spec: 0.8774  |  PPV: 0.6156  |  NPV: 0.5916

    Top 15 feature importances:
    Rank   Feature                                         Importance
    -----------------------------------------------------------------
    1      esmc_PC001                                        0.012916
    2      esmc_PC019                                        0.011175
    3      esmc_PC013                                        0.009625
    4      esmc_PC006                                        0.008714
    5      esmc_PC018                                        0.008107
    6      esmc_PC003                                        0.008107
    7      esmc_PC016                                        0.007813
    8      esmc_PC007                                        0.007799
    9      esmc_PC095                                        0.007799
    10     esmc_PC020                                        0.007652
    11     esmc_PC039                                        0.007606
    12     esmc_PC011                                        0.007545
    13     esmc_PC060                                        0.007505
    14     esmc_PC040                                        0.007478
    15     esmc_PC063                                        0.007423
    Saved model: /home/hilarius/special_course/special_course_spring2026/models/rf_esmc_model_fold1.pkl

--------------------------------------------------------------------------------
  FOLD 2/4
--------------------------------------------------------------------------------
    esmc: zero-vector samples: train=0/35382 (0.0%), test=0/8845 (0.0%)
    esmc: PCA 3456 → 150 (50/region × 3 regions, 86.5% variance, fitted on 35382 non-zero samples)
    Train:  35382 samples (pos=15645, neg=19737, ratio=1.262)
    Test:    8845 samples (pos=3926, neg=4919, ratio=1.253)
    Features: 150
    Training Random Forest ...
    Training time: 52.9s

    Fold 2 results (70.9s):
      AUC-ROC: 0.6623  |  AUC-PR: 0.5935  |  Acc: 0.6032  |  F1: 0.3578  |  MCC: 0.1767
      Sens: 0.2491  |  Spec: 0.8857  |  PPV: 0.6351  |  NPV: 0.5964

    Top 15 feature importances:
    Rank   Feature                                         Importance
    -----------------------------------------------------------------
    1      esmc_PC001                                        0.011620
    2      esmc_PC018                                        0.010570
    3      esmc_PC006                                        0.008915
    4      esmc_PC013                                        0.008780
    5      esmc_PC064                                        0.008399
    6      esmc_PC003                                        0.008384
    7      esmc_PC019                                        0.008134
    8      esmc_PC007                                        0.008056
    9      esmc_PC036                                        0.008006
    10     esmc_PC038                                        0.008006
    11     esmc_PC059                                        0.007892
    12     esmc_PC011                                        0.007880
    13     esmc_PC020                                        0.007715
    14     esmc_PC094                                        0.007455
    15     esmc_PC015                                        0.007453
    Saved model: /home/hilarius/special_course/special_course_spring2026/models/rf_esmc_model_fold2.pkl

--------------------------------------------------------------------------------
  FOLD 3/4
--------------------------------------------------------------------------------
    esmc: zero-vector samples: train=0/35382 (0.0%), test=0/8845 (0.0%)
    esmc: PCA 3456 → 150 (50/region × 3 regions, 86.7% variance, fitted on 35382 non-zero samples)
    Train:  35382 samples (pos=15635, neg=19747, ratio=1.263)
    Test:    8845 samples (pos=3936, neg=4909, ratio=1.247)
    Features: 150
    Training Random Forest ...
    Training time: 61.2s

    Fold 3 results (76.4s):
      AUC-ROC: 0.6527  |  AUC-PR: 0.5888  |  Acc: 0.6093  |  F1: 0.3755  |  MCC: 0.1939
      Sens: 0.2640  |  Spec: 0.8861  |  PPV: 0.6502  |  NPV: 0.6002

    Top 15 feature importances:
    Rank   Feature                                         Importance
    -----------------------------------------------------------------
    1      esmc_PC019                                        0.013712
    2      esmc_PC001                                        0.012871
    3      esmc_PC015                                        0.008648
    4      esmc_PC003                                        0.008635
    5      esmc_PC039                                        0.008179
    6      esmc_PC007                                        0.008171
    7      esmc_PC060                                        0.007983
    8      esmc_PC006                                        0.007960
    9      esmc_PC016                                        0.007956
    10     esmc_PC023                                        0.007680
    11     esmc_PC040                                        0.007496
    12     esmc_PC010                                        0.007494
    13     esmc_PC013                                        0.007480
    14     esmc_PC031                                        0.007431
    15     esmc_PC011                                        0.007337
    Saved model: /home/hilarius/special_course/special_course_spring2026/models/rf_esmc_model_fold3.pkl

--------------------------------------------------------------------------------
  FOLD 4/4
--------------------------------------------------------------------------------
    esmc: zero-vector samples: train=0/35382 (0.0%), test=0/8845 (0.0%)
    esmc: PCA 3456 → 150 (50/region × 3 regions, 86.7% variance, fitted on 35382 non-zero samples)
    Train:  35382 samples (pos=15753, neg=19629, ratio=1.246)
    Test:    8845 samples (pos=3818, neg=5027, ratio=1.317)
    Features: 150
    Training Random Forest ...
    Training time: 56.6s

    Fold 4 results (71.8s):
      AUC-ROC: 0.6615  |  AUC-PR: 0.5912  |  Acc: 0.6237  |  F1: 0.3988  |  MCC: 0.2091
      Sens: 0.2892  |  Spec: 0.8779  |  PPV: 0.6426  |  NPV: 0.6192

    Top 15 feature importances:
    Rank   Feature                                         Importance
    -----------------------------------------------------------------
    1      esmc_PC001                                        0.012725
    2      esmc_PC019                                        0.010972
    3      esmc_PC013                                        0.009167
    4      esmc_PC003                                        0.008886
    5      esmc_PC006                                        0.008330
    6      esmc_PC098                                        0.008208
    7      esmc_PC015                                        0.008184
    8      esmc_PC016                                        0.008108
    9      esmc_PC023                                        0.008018
    10     esmc_PC020                                        0.007904
    11     esmc_PC007                                        0.007810
    12     esmc_PC039                                        0.007626
    13     esmc_PC018                                        0.007569
    14     esmc_PC027                                        0.007544
    15     esmc_PC030                                        0.007482
    Saved model: /home/hilarius/special_course/special_course_spring2026/models/rf_esmc_model_fold4.pkl

================================================================================
CROSS-VALIDATION SUMMARY (mean +/- std)
================================================================================
  auc_roc         0.6552 +/- 0.0092    [0.6613  0.6383  0.6623  0.6527  0.6615]
  auc_pr          0.5894 +/- 0.0084    [0.5993  0.5740  0.5935  0.5888  0.5912]
  accuracy        0.6067 +/- 0.0095    [0.6016  0.5959  0.6032  0.6093  0.6237]
  f1              0.3695 +/- 0.0168    [0.3650  0.3504  0.3578  0.3755  0.3988]
  mcc             0.1832 +/- 0.0170    [0.1772  0.1591  0.1767  0.1939  0.2091]
  sensitivity     0.2607 +/- 0.0157    [0.2562  0.2449  0.2491  0.2640  0.2892]
  specificity     0.8816 +/- 0.0037    [0.8808  0.8774  0.8857  0.8861  0.8779]
  ppv             0.6356 +/- 0.0115    [0.6347  0.6156  0.6351  0.6502  0.6426]
  npv             0.6004 +/- 0.0098    [0.5943  0.5916  0.5964  0.6002  0.6192]

  Best fold: 2 (AUC-ROC = 0.6623)

================================================================================
PER-FOLD METRIC COMPARISON
================================================================================
  Fold    auc_roc      auc_pr       accuracy     f1           mcc          sensitivity  specificity  ppv          npv          
  -----------------------------------------------------------------------------------------------------------------------------
  0       0.6613       0.5993       0.6016       0.3650       0.1772       0.2562       0.8808       0.6347       0.5943       
  1       0.6383       0.5740       0.5959       0.3504       0.1591       0.2449       0.8774       0.6156       0.5916       
  2       0.6623       0.5935       0.6032       0.3578       0.1767       0.2491       0.8857       0.6351       0.5964       
  3       0.6527       0.5888       0.6093       0.3755       0.1939       0.2640       0.8861       0.6502       0.6002       
  4       0.6615       0.5912       0.6237       0.3988       0.2091       0.2892       0.8779       0.6426       0.6192       
  -----------------------------------------------------------------------------------------------------------------------------
  mean    0.6552       0.5894       0.6067       0.3695       0.1832       0.2607       0.8816       0.6356       0.6004       
  std     0.0092       0.0084       0.0095       0.0168       0.0170       0.0157       0.0037       0.0115       0.0098       

================================================================================
AVERAGED FEATURE IMPORTANCE ACROSS ALL FOLDS
================================================================================
  Rank   Feature                                           Mean Imp          Std
  -----------------------------------------------------------------------------
  1      esmc_PC001                                        0.012598     0.000494
  2      esmc_PC019                                        0.011183     0.001804
  3      esmc_PC013                                        0.008852     0.000736
  4      esmc_PC006                                        0.008613     0.000422
  5      esmc_PC003                                        0.008485     0.000261
  6      esmc_PC018                                        0.008071     0.001312
  7      esmc_PC015                                        0.007944     0.000465
  8      esmc_PC007                                        0.007937     0.000150
  9      esmc_PC020                                        0.007581     0.000242
  10     esmc_PC023                                        0.007569     0.000272
  11     esmc_PC039                                        0.007554     0.000554
  12     esmc_PC016                                        0.007542     0.000561
  13     esmc_PC011                                        0.007498     0.000286
  14     esmc_PC010                                        0.007296     0.000148
  15     esmc_PC002                                        0.007168     0.000077
  16     esmc_PC060                                        0.007140     0.000580
  17     esmc_PC036                                        0.007138     0.000528
  18     esmc_PC040                                        0.007089     0.000368
  19     esmc_PC017                                        0.007069     0.000365
  20     esmc_PC064                                        0.007058     0.000725
  21     esmc_PC027                                        0.007043     0.000320
  22     esmc_PC046                                        0.007023     0.000353
  23     esmc_PC038                                        0.006991     0.000550
  24     esmc_PC095                                        0.006978     0.000528
  25     esmc_PC098                                        0.006970     0.000658
  26     esmc_PC061                                        0.006909     0.000255
  27     esmc_PC004                                        0.006894     0.000345
  28     esmc_PC065                                        0.006826     0.000369
  29     esmc_PC067                                        0.006793     0.000357
  30     esmc_PC033                                        0.006736     0.000193

================================================================================
HELD-OUT VALIDATION SET EVALUATION
================================================================================
  Using model from best fold (2)
  Held-out samples: 8845 (pos=3870, neg=4975, ratio=1.286)

  Held-out results (8845 samples):
    AUC-ROC: 0.6525  |  AUC-PR: 0.5791  |  Acc: 0.6050  |  F1: 0.3352  |  MCC: 0.1721
    Sens: 0.2276  |  Spec: 0.8985  |  PPV: 0.6356  |  NPV: 0.5993

  Classification Report:
              precision    recall  f1-score   support

    Negative     0.5993    0.8985    0.7190      4975
    Positive     0.6356    0.2276    0.3352      3870

    accuracy                         0.6050      8845
   macro avg     0.6175    0.5631    0.5271      8845
weighted avg     0.6152    0.6050    0.5511      8845

================================================================================
CV AVERAGE vs HELD-OUT COMPARISON
================================================================================
  Metric             CV mean     CV std   Held-out      Delta
  ---------------------------------------------------------
  auc_roc             0.6552     0.0092     0.6525    -0.0028
  auc_pr              0.5894     0.0084     0.5791    -0.0102
  accuracy            0.6067     0.0095     0.6050    -0.0018
  f1                  0.3695     0.0168     0.3352    -0.0343
  mcc                 0.1832     0.0170     0.1721    -0.0111
  sensitivity         0.2607     0.0157     0.2276    -0.0330
  specificity         0.8816     0.0037     0.8985    +0.0169
  ppv                 0.6356     0.0115     0.6356    +0.0000
  npv                 0.6004     0.0098     0.5993    -0.0011

Results saved: /home/hilarius/special_course/special_course_spring2026/models/cv_results_rf_esmc_20260506_153205.json
Best model saved: /home/hilarius/special_course/special_course_spring2026/models/best_rf_esmc_model.pkl
Fold artifacts saved: /home/hilarius/special_course/special_course_spring2026/models/best_rf_esmc_artifacts.pkl
Feature names saved: /home/hilarius/special_course/special_course_spring2026/models/rf_esmc_feature_names.json

================================================================================
RUN SUMMARY
================================================================================
  Total runtime:    382.1s (6.4 min)
  Model:            Random Forest (rf)
  Feature set:      ESM-C embeddings only (esmc)
  Components:       ['esmc']
  Scaling:          no
  Features (final): 150
    esmc PCA:     150
  CV folds:         5
  Best fold:        2 (AUC = 0.6623)
  Held-out AUC:     0.6525
  Held-out MCC:     0.1721
  Models dir:       /home/hilarius/special_course/special_course_spring2026/models/
  Results file:     /home/hilarius/special_course/special_course_spring2026/models/cv_results_rf_esmc_20260506_153205.json
  Feature names:    /home/hilarius/special_course/special_course_spring2026/models/rf_esmc_feature_names.json
  Log file:         /home/hilarius/special_course/special_course_spring2026/logs/04_modelling_rf_esmc_log_20260506_153205.txt
  Completed:        2026-05-06 15:38:27
================================================================================

############################################################
>>> $1
>>> CMD: python 04_modelling.py --model rf --features handcrafted_sparse_esmc
############################################################
[OK] Data file found: /home/hilarius/special_course/special_course_spring2026/data/processed/df_all.csv
[OK] Config validated: 5-fold CV + 1 held-out = 6 buckets
     Project root:  /home/hilarius/special_course/special_course_spring2026
     Data dir:      /home/hilarius/special_course/special_course_spring2026/data/processed
     Embedding dir: /home/hilarius/special_course/special_course_spring2026/data/processed/embeddings
     Log dir:       /home/hilarius/special_course/special_course_spring2026/logs
     Model dir:     /home/hilarius/special_course/special_course_spring2026/models
     Models:        lr, rf
     Feature sets:  all_blosum, all_sparse, esmc, esmif, esmif_hybrid, esmif_hybrid_20_fb, esmif_hybrid_40_fb, esmif_hybrid_60_fb, esmif_hybrid_80_fb, handcrafted, handcrafted_blosum, handcrafted_blosum_esmc, handcrafted_blosum_esmif, handcrafted_sparse, handcrafted_sparse_esmc, handcrafted_sparse_esmif, handcrafted_sparse_esmif_h20fb, handcrafted_sparse_esmif_h40fb, handcrafted_sparse_esmif_h60fb, handcrafted_sparse_esmif_h80fb, handcrafted_sparse_esmif_hybrid
     Components:    blosum, esmc, esmif, esmif_hybrid, esmif_hybrid_20_fb, esmif_hybrid_40_fb, esmif_hybrid_60_fb, esmif_hybrid_80_fb, handcrafted, sparse
================================================================================
  04_MODELLING -- RANDOM FOREST + STRUCTURAL + ONE-HOT + ESM-C
================================================================================
  Timestamp:       2026-05-06 15:38:29
  Model key:       rf
  Model class:     sklearn.ensemble.RandomForestClassifier
  Feature set:     handcrafted_sparse_esmc (Structural + one-hot + ESM-C)
  Components:      ['handcrafted', 'sparse', 'esmc']
  Data path:       /home/hilarius/special_course/special_course_spring2026/data/processed/df_all_with_folds.csv
  Log path:        /home/hilarius/special_course/special_course_spring2026/logs/04_modelling_rf_handcrafted_sparse_esmc_log_20260506_153829.txt
  CV folds (k):    5
  Held-out bucket: 5
  Random state:    42
  Needs scaling:   False

  Model hyperparameters:
    n_estimators              1000
    max_depth                 None
    min_samples_split         2
    min_samples_leaf          1
    max_features              sqrt
    class_weight              balanced
    n_jobs                    -1
    random_state              42
    verbose                   0
================================================================================

Loading split data: /home/hilarius/special_course/special_course_spring2026/data/processed/df_all_with_folds.csv
  Shape: 53072 rows x 88 columns
  [OK] Fold column validated: [np.int64(0), np.int64(1), np.int64(2), np.int64(3), np.int64(4), np.int64(5)]

================================================================================
LOADING FEATURE COMPONENTS
================================================================================

  Loading CSV component: One-hot AA encoding
    Loading: df_all_sparse.csv
    Shape: 53072 rows x 650 columns
    [OK] Alignment verified
    New columns: 580

  Merged 580 new columns → 53072 rows x 668 columns

  Loading embedding component: ESM-C (600M) embeddings
    Loading prepared embeddings: /home/hilarius/special_course/special_course_spring2026/data/processed/embeddings_prepared/esmc_prepared.h5
    Loaded: 53072 samples, 3 regions, dim=1152

================================================================================
COMPONENT SUMMARY
================================================================================

  CSV components (2):
    [handcrafted] Structural features
      Source: split_data (built-in)
    [sparse] One-hot AA encoding
      Source: /home/hilarius/special_course/special_course_spring2026/data/processed/df_all_sparse.csv
      New columns added: 580
  Total CSV features: 631
    Structural: 51
    AA-encoded: 580

  Embedding components (1):
    [esmc] ESM-C (600M) embeddings
      Raw dim: 3456 (3 regions × 1152)
      After PCA: 150 (50/region × 3 regions)

  Estimated total features: ~781
    CSV:        631
    Embeddings: 150 (after PCA)

================================================================================
PIPELINE READY: ~781 features, 5 folds, Random Forest
================================================================================

--------------------------------------------------------------------------------
  FOLD 0/4
--------------------------------------------------------------------------------
    WARNING: X_train: 83391 NaN values replaced with medians
    WARNING: X_test: 10976 NaN values replaced with medians
    CSV features: 631 columns
    esmc: zero-vector samples: train=0/35381 (0.0%), test=0/8846 (0.0%)
    esmc: PCA 3456 → 150 (50/region × 3 regions, 86.7% variance, fitted on 35381 non-zero samples)
    Train:  35381 samples (pos=15617, neg=19764, ratio=1.266)
    Test:    8846 samples (pos=3954, neg=4892, ratio=1.237)
    Features: 781
    Training Random Forest ...
    Training time: 44.0s

    Fold 0 results (61.3s):
      AUC-ROC: 0.6963  |  AUC-PR: 0.6341  |  Acc: 0.6291  |  F1: 0.4323  |  MCC: 0.2434
      Sens: 0.3159  |  Spec: 0.8823  |  PPV: 0.6844  |  NPV: 0.6147

    Top 15 feature importances:
    Rank   Feature                                         Importance
    -----------------------------------------------------------------
    1      esmc_PC019                                        0.008642
    2      esmc_PC001                                        0.008446
    3      mean_plddt_peptide                                0.007398
    4      mean_plddt_nflank                                 0.006838
    5      mean_plddt_cflank                                 0.006789
    6      esmc_PC013                                        0.006576
    7      esmc_PC003                                        0.006224
    8      esmc_PC006                                        0.006133
    9      esmc_PC029                                        0.005857
    10     esmc_PC015                                        0.005855
    11     esmc_PC007                                        0.005818
    12     esmc_PC011                                        0.005779
    13     esmc_PC039                                        0.005691
    14     esmc_PC046                                        0.005689
    15     esmc_PC010                                        0.005575
    Saved model: /home/hilarius/special_course/special_course_spring2026/models/rf_handcrafted_sparse_esmc_model_fold0.pkl

--------------------------------------------------------------------------------
  FOLD 1/4
--------------------------------------------------------------------------------
    WARNING: X_train: 69530 NaN values replaced with medians
    WARNING: X_test: 24837 NaN values replaced with medians
    CSV features: 631 columns
    esmc: zero-vector samples: train=0/35381 (0.0%), test=0/8846 (0.0%)
    esmc: PCA 3456 → 150 (50/region × 3 regions, 86.8% variance, fitted on 35381 non-zero samples)
    Train:  35381 samples (pos=15634, neg=19747, ratio=1.263)
    Test:    8846 samples (pos=3937, neg=4909, ratio=1.247)
    Features: 781
    Training Random Forest ...
    Training time: 43.5s

    Fold 1 results (60.7s):
      AUC-ROC: 0.6693  |  AUC-PR: 0.6021  |  Acc: 0.6107  |  F1: 0.3861  |  MCC: 0.1966
      Sens: 0.2751  |  Spec: 0.8798  |  PPV: 0.6473  |  NPV: 0.6021

    Top 15 feature importances:
    Rank   Feature                                         Importance
    -----------------------------------------------------------------
    1      esmc_PC001                                        0.008452
    2      mean_plddt_nflank                                 0.008092
    3      mean_plddt_peptide                                0.008054
    4      esmc_PC019                                        0.007981
    5      mean_plddt_cflank                                 0.007412
    6      esmc_PC013                                        0.006959
    7      esmc_PC006                                        0.006218
    8      esmc_PC003                                        0.006084
    9      esmc_PC018                                        0.006073
    10     esmc_PC016                                        0.005881
    11     esmc_PC095                                        0.005799
    12     esmc_PC011                                        0.005793
    13     esmc_PC007                                        0.005752
    14     esmc_PC039                                        0.005624
    15     esmc_PC060                                        0.005617
    Saved model: /home/hilarius/special_course/special_course_spring2026/models/rf_handcrafted_sparse_esmc_model_fold1.pkl

--------------------------------------------------------------------------------
  FOLD 2/4
--------------------------------------------------------------------------------
    WARNING: X_train: 69922 NaN values replaced with medians
    WARNING: X_test: 24445 NaN values replaced with medians
    CSV features: 631 columns
    esmc: zero-vector samples: train=0/35382 (0.0%), test=0/8845 (0.0%)
    esmc: PCA 3456 → 150 (50/region × 3 regions, 86.5% variance, fitted on 35382 non-zero samples)
    Train:  35382 samples (pos=15645, neg=19737, ratio=1.262)
    Test:    8845 samples (pos=3926, neg=4919, ratio=1.253)
    Features: 781
    Training Random Forest ...
    Training time: 45.5s

    Fold 2 results (62.3s):
      AUC-ROC: 0.7024  |  AUC-PR: 0.6408  |  Acc: 0.6294  |  F1: 0.4062  |  MCC: 0.2448
      Sens: 0.2855  |  Spec: 0.9038  |  PPV: 0.7033  |  NPV: 0.6132

    Top 15 feature importances:
    Rank   Feature                                         Importance
    -----------------------------------------------------------------
    1      esmc_PC001                                        0.007932
    2      esmc_PC018                                        0.007578
    3      mean_plddt_peptide                                0.006968
    4      mean_plddt_nflank                                 0.006967
    5      mean_plddt_cflank                                 0.006561
    6      esmc_PC013                                        0.006381
    7      esmc_PC006                                        0.006175
    8      esmc_PC003                                        0.006077
    9      esmc_PC064                                        0.006065
    10     esmc_PC036                                        0.005999
    11     esmc_PC019                                        0.005990
    12     esmc_PC007                                        0.005921
    13     esmc_PC011                                        0.005797
    14     esmc_PC059                                        0.005686
    15     esmc_PC038                                        0.005684
    Saved model: /home/hilarius/special_course/special_course_spring2026/models/rf_handcrafted_sparse_esmc_model_fold2.pkl

--------------------------------------------------------------------------------
  FOLD 3/4
--------------------------------------------------------------------------------
    WARNING: X_train: 74842 NaN values replaced with medians
    WARNING: X_test: 19525 NaN values replaced with medians
    CSV features: 631 columns
    esmc: zero-vector samples: train=0/35382 (0.0%), test=0/8845 (0.0%)
    esmc: PCA 3456 → 150 (50/region × 3 regions, 86.7% variance, fitted on 35382 non-zero samples)
    Train:  35382 samples (pos=15635, neg=19747, ratio=1.263)
    Test:    8845 samples (pos=3936, neg=4909, ratio=1.247)
    Features: 781
    Training Random Forest ...
    Training time: 42.7s

    Fold 3 results (77.9s):
      AUC-ROC: 0.6927  |  AUC-PR: 0.6234  |  Acc: 0.6241  |  F1: 0.4095  |  MCC: 0.2305
      Sens: 0.2929  |  Spec: 0.8896  |  PPV: 0.6802  |  NPV: 0.6108

    Top 15 feature importances:
    Rank   Feature                                         Importance
    -----------------------------------------------------------------
    1      esmc_PC019                                        0.009428
    2      esmc_PC001                                        0.008651
    3      mean_plddt_peptide                                0.007762
    4      mean_plddt_nflank                                 0.007453
    5      mean_plddt_cflank                                 0.007133
    6      esmc_PC003                                        0.006319
    7      esmc_PC015                                        0.006065
    8      esmc_PC007                                        0.006026
    9      esmc_PC016                                        0.005998
    10     esmc_PC039                                        0.005951
    11     esmc_PC031                                        0.005752
    12     esmc_PC060                                        0.005748
    13     esmc_PC010                                        0.005632
    14     esmc_PC006                                        0.005626
    15     esmc_PC013                                        0.005602
    Saved model: /home/hilarius/special_course/special_course_spring2026/models/rf_handcrafted_sparse_esmc_model_fold3.pkl

--------------------------------------------------------------------------------
  FOLD 4/4
--------------------------------------------------------------------------------
    WARNING: X_train: 79783 NaN values replaced with medians
    WARNING: X_test: 14584 NaN values replaced with medians
    CSV features: 631 columns
    esmc: zero-vector samples: train=0/35382 (0.0%), test=0/8845 (0.0%)
    esmc: PCA 3456 → 150 (50/region × 3 regions, 86.7% variance, fitted on 35382 non-zero samples)
    Train:  35382 samples (pos=15753, neg=19629, ratio=1.246)
    Test:    8845 samples (pos=3818, neg=5027, ratio=1.317)
    Features: 781
    Training Random Forest ...
    Training time: 40.7s

    Fold 4 results (55.0s):
      AUC-ROC: 0.7059  |  AUC-PR: 0.6335  |  Acc: 0.6447  |  F1: 0.4471  |  MCC: 0.2602
      Sens: 0.3329  |  Spec: 0.8814  |  PPV: 0.6808  |  NPV: 0.6350

    Top 15 feature importances:
    Rank   Feature                                         Importance
    -----------------------------------------------------------------
    1      esmc_PC001                                        0.008616
    2      esmc_PC019                                        0.007677
    3      mean_plddt_peptide                                0.006972
    4      mean_plddt_nflank                                 0.006931
    5      esmc_PC013                                        0.006602
    6      esmc_PC003                                        0.006582
    7      mean_plddt_cflank                                 0.006385
    8      esmc_PC015                                        0.006045
    9      esmc_PC098                                        0.006004
    10     esmc_PC016                                        0.005926
    11     esmc_PC007                                        0.005828
    12     esmc_PC006                                        0.005800
    13     esmc_PC030                                        0.005778
    14     esmc_PC027                                        0.005770
    15     esmc_PC020                                        0.005742
    Saved model: /home/hilarius/special_course/special_course_spring2026/models/rf_handcrafted_sparse_esmc_model_fold4.pkl

================================================================================
CROSS-VALIDATION SUMMARY (mean +/- std)
================================================================================
  auc_roc         0.6933 +/- 0.0129    [0.6963  0.6693  0.7024  0.6927  0.7059]
  auc_pr          0.6268 +/- 0.0135    [0.6341  0.6021  0.6408  0.6234  0.6335]
  accuracy        0.6276 +/- 0.0109    [0.6291  0.6107  0.6294  0.6241  0.6447]
  f1              0.4162 +/- 0.0213    [0.4323  0.3861  0.4062  0.4095  0.4471]
  mcc             0.2351 +/- 0.0214    [0.2434  0.1966  0.2448  0.2305  0.2602]
  sensitivity     0.3005 +/- 0.0210    [0.3159  0.2751  0.2855  0.2929  0.3329]
  specificity     0.8874 +/- 0.0089    [0.8823  0.8798  0.9038  0.8896  0.8814]
  ppv             0.6792 +/- 0.0180    [0.6844  0.6473  0.7033  0.6802  0.6808]
  npv             0.6152 +/- 0.0108    [0.6147  0.6021  0.6132  0.6108  0.6350]

  Best fold: 4 (AUC-ROC = 0.7059)

================================================================================
PER-FOLD METRIC COMPARISON
================================================================================
  Fold    auc_roc      auc_pr       accuracy     f1           mcc          sensitivity  specificity  ppv          npv          
  -----------------------------------------------------------------------------------------------------------------------------
  0       0.6963       0.6341       0.6291       0.4323       0.2434       0.3159       0.8823       0.6844       0.6147       
  1       0.6693       0.6021       0.6107       0.3861       0.1966       0.2751       0.8798       0.6473       0.6021       
  2       0.7024       0.6408       0.6294       0.4062       0.2448       0.2855       0.9038       0.7033       0.6132       
  3       0.6927       0.6234       0.6241       0.4095       0.2305       0.2929       0.8896       0.6802       0.6108       
  4       0.7059       0.6335       0.6447       0.4471       0.2602       0.3329       0.8814       0.6808       0.6350       
  -----------------------------------------------------------------------------------------------------------------------------
  mean    0.6933       0.6268       0.6276       0.4162       0.2351       0.3005       0.8874       0.6792       0.6152       
  std     0.0129       0.0135       0.0109       0.0213       0.0214       0.0210       0.0089       0.0180       0.0108       

================================================================================
AVERAGED FEATURE IMPORTANCE ACROSS ALL FOLDS
================================================================================
  Rank   Feature                                           Mean Imp          Std
  -----------------------------------------------------------------------------
  1      esmc_PC001                                        0.008419     0.000258
  2      esmc_PC019                                        0.007944     0.001147
  3      mean_plddt_peptide                                0.007431     0.000430
  4      mean_plddt_nflank                                 0.007256     0.000469
  5      mean_plddt_cflank                                 0.006856     0.000374
  6      esmc_PC013                                        0.006424     0.000451
  7      esmc_PC003                                        0.006257     0.000186
  8      esmc_PC018                                        0.006014     0.000827
  9      esmc_PC006                                        0.005990     0.000235
  10     esmc_PC007                                        0.005869     0.000095
  11     esmc_PC015                                        0.005770     0.000282
  12     esmc_PC011                                        0.005665     0.000171
  13     esmc_PC016                                        0.005633     0.000385
  14     esmc_PC010                                        0.005531     0.000116
  15     esmc_PC020                                        0.005527     0.000148
  16     esmc_PC039                                        0.005523     0.000333
  17     esmc_PC002                                        0.005454     0.000049
  18     mean_rsa_cflank                                   0.005438     0.000123
  19     esmc_PC036                                        0.005413     0.000357
  20     esmc_PC046                                        0.005413     0.000198
  21     esmc_PC023                                        0.005367     0.000117
  22     esmc_PC027                                        0.005348     0.000265
  23     esmc_PC060                                        0.005308     0.000336
  24     esmc_PC064                                        0.005268     0.000423
  25     esmc_PC095                                        0.005258     0.000348
  26     esmc_PC061                                        0.005255     0.000136
  27     esmc_PC098                                        0.005248     0.000394
  28     esmc_PC040                                        0.005246     0.000193
  29     esmc_PC017                                        0.005231     0.000194
  30     esmc_PC038                                        0.005211     0.000272

================================================================================
HELD-OUT VALIDATION SET EVALUATION
================================================================================
  Using model from best fold (4)
  Held-out samples: 8845 (pos=3870, neg=4975, ratio=1.286)

  Held-out results (8845 samples):
    AUC-ROC: 0.6935  |  AUC-PR: 0.6195  |  Acc: 0.6312  |  F1: 0.4325  |  MCC: 0.2348
    Sens: 0.3212  |  Spec: 0.8724  |  PPV: 0.6619  |  NPV: 0.6229

  Classification Report:
              precision    recall  f1-score   support

    Negative     0.6229    0.8724    0.7268      4975
    Positive     0.6619    0.3212    0.4325      3870

    accuracy                         0.6312      8845
   macro avg     0.6424    0.5968    0.5797      8845
weighted avg     0.6400    0.6312    0.5981      8845

================================================================================
CV AVERAGE vs HELD-OUT COMPARISON
================================================================================
  Metric             CV mean     CV std   Held-out      Delta
  ---------------------------------------------------------
  auc_roc             0.6933     0.0129     0.6935    +0.0002
  auc_pr              0.6268     0.0135     0.6195    -0.0073
  accuracy            0.6276     0.0109     0.6312    +0.0036
  f1                  0.4162     0.0213     0.4325    +0.0163
  mcc                 0.2351     0.0214     0.2348    -0.0003
  sensitivity         0.3005     0.0210     0.3212    +0.0207
  specificity         0.8874     0.0089     0.8724    -0.0150
  ppv                 0.6792     0.0180     0.6619    -0.0173
  npv                 0.6152     0.0108     0.6229    +0.0078

Results saved: /home/hilarius/special_course/special_course_spring2026/models/cv_results_rf_handcrafted_sparse_esmc_20260506_153829.json
Best model saved: /home/hilarius/special_course/special_course_spring2026/models/best_rf_handcrafted_sparse_esmc_model.pkl
Fold artifacts saved: /home/hilarius/special_course/special_course_spring2026/models/best_rf_handcrafted_sparse_esmc_artifacts.pkl
Feature names saved: /home/hilarius/special_course/special_course_spring2026/models/rf_handcrafted_sparse_esmc_feature_names.json

================================================================================
RUN SUMMARY
================================================================================
  Total runtime:    341.8s (5.7 min)
  Model:            Random Forest (rf)
  Feature set:      Structural + one-hot + ESM-C (handcrafted_sparse_esmc)
  Components:       ['handcrafted', 'sparse', 'esmc']
  Scaling:          no
  Features (final): 781
    CSV features:   631
    esmc PCA:     150
  CV folds:         5
  Best fold:        4 (AUC = 0.7059)
  Held-out AUC:     0.6935
  Held-out MCC:     0.2348
  Models dir:       /home/hilarius/special_course/special_course_spring2026/models/
  Results file:     /home/hilarius/special_course/special_course_spring2026/models/cv_results_rf_handcrafted_sparse_esmc_20260506_153829.json
  Feature names:    /home/hilarius/special_course/special_course_spring2026/models/rf_handcrafted_sparse_esmc_feature_names.json
  Log file:         /home/hilarius/special_course/special_course_spring2026/logs/04_modelling_rf_handcrafted_sparse_esmc_log_20260506_153829.txt
  Completed:        2026-05-06 15:44:11
================================================================================

############################################################
>>> $1
>>> CMD: python 04_modelling.py --model rf --features handcrafted_blosum_esmc
############################################################
[OK] Data file found: /home/hilarius/special_course/special_course_spring2026/data/processed/df_all.csv
[OK] Config validated: 5-fold CV + 1 held-out = 6 buckets
     Project root:  /home/hilarius/special_course/special_course_spring2026
     Data dir:      /home/hilarius/special_course/special_course_spring2026/data/processed
     Embedding dir: /home/hilarius/special_course/special_course_spring2026/data/processed/embeddings
     Log dir:       /home/hilarius/special_course/special_course_spring2026/logs
     Model dir:     /home/hilarius/special_course/special_course_spring2026/models
     Models:        lr, rf
     Feature sets:  all_blosum, all_sparse, esmc, esmif, esmif_hybrid, esmif_hybrid_20_fb, esmif_hybrid_40_fb, esmif_hybrid_60_fb, esmif_hybrid_80_fb, handcrafted, handcrafted_blosum, handcrafted_blosum_esmc, handcrafted_blosum_esmif, handcrafted_sparse, handcrafted_sparse_esmc, handcrafted_sparse_esmif, handcrafted_sparse_esmif_h20fb, handcrafted_sparse_esmif_h40fb, handcrafted_sparse_esmif_h60fb, handcrafted_sparse_esmif_h80fb, handcrafted_sparse_esmif_hybrid
     Components:    blosum, esmc, esmif, esmif_hybrid, esmif_hybrid_20_fb, esmif_hybrid_40_fb, esmif_hybrid_60_fb, esmif_hybrid_80_fb, handcrafted, sparse
================================================================================
  04_MODELLING -- RANDOM FOREST + STRUCTURAL + BLOSUM50 + ESM-C
================================================================================
  Timestamp:       2026-05-06 15:44:12
  Model key:       rf
  Model class:     sklearn.ensemble.RandomForestClassifier
  Feature set:     handcrafted_blosum_esmc (Structural + BLOSUM50 + ESM-C)
  Components:      ['handcrafted', 'blosum', 'esmc']
  Data path:       /home/hilarius/special_course/special_course_spring2026/data/processed/df_all_with_folds.csv
  Log path:        /home/hilarius/special_course/special_course_spring2026/logs/04_modelling_rf_handcrafted_blosum_esmc_log_20260506_154412.txt
  CV folds (k):    5
  Held-out bucket: 5
  Random state:    42
  Needs scaling:   False

  Model hyperparameters:
    n_estimators              1000
    max_depth                 None
    min_samples_split         2
    min_samples_leaf          1
    max_features              sqrt
    class_weight              balanced
    n_jobs                    -1
    random_state              42
    verbose                   0
================================================================================

Loading split data: /home/hilarius/special_course/special_course_spring2026/data/processed/df_all_with_folds.csv
  Shape: 53072 rows x 88 columns
  [OK] Fold column validated: [np.int64(0), np.int64(1), np.int64(2), np.int64(3), np.int64(4), np.int64(5)]

================================================================================
LOADING FEATURE COMPONENTS
================================================================================

  Loading CSV component: BLOSUM50 AA encoding
    Loading: df_all_blosum50.csv
    Shape: 53072 rows x 650 columns
    [OK] Alignment verified
    New columns: 580

  Merged 580 new columns → 53072 rows x 668 columns

  Loading embedding component: ESM-C (600M) embeddings
    Loading prepared embeddings: /home/hilarius/special_course/special_course_spring2026/data/processed/embeddings_prepared/esmc_prepared.h5
    Loaded: 53072 samples, 3 regions, dim=1152

================================================================================
COMPONENT SUMMARY
================================================================================

  CSV components (2):
    [handcrafted] Structural features
      Source: split_data (built-in)
    [blosum] BLOSUM50 AA encoding
      Source: /home/hilarius/special_course/special_course_spring2026/data/processed/df_all_blosum50.csv
      New columns added: 580
  Total CSV features: 631
    Structural: 51
    AA-encoded: 580

  Embedding components (1):
    [esmc] ESM-C (600M) embeddings
      Raw dim: 3456 (3 regions × 1152)
      After PCA: 150 (50/region × 3 regions)

  Estimated total features: ~781
    CSV:        631
    Embeddings: 150 (after PCA)

================================================================================
PIPELINE READY: ~781 features, 5 folds, Random Forest
================================================================================

--------------------------------------------------------------------------------
  FOLD 0/4
--------------------------------------------------------------------------------
    WARNING: X_train: 83391 NaN values replaced with medians
    WARNING: X_test: 10976 NaN values replaced with medians
    CSV features: 631 columns
    esmc: zero-vector samples: train=0/35381 (0.0%), test=0/8846 (0.0%)
    esmc: PCA 3456 → 150 (50/region × 3 regions, 86.7% variance, fitted on 35381 non-zero samples)
    Train:  35381 samples (pos=15617, neg=19764, ratio=1.266)
    Test:    8846 samples (pos=3954, neg=4892, ratio=1.237)
    Features: 781
    Training Random Forest ...
    Training time: 42.8s

    Fold 0 results (53.6s):
      AUC-ROC: 0.7175  |  AUC-PR: 0.6570  |  Acc: 0.6447  |  F1: 0.4797  |  MCC: 0.2764
      Sens: 0.3665  |  Spec: 0.8696  |  PPV: 0.6943  |  NPV: 0.6294

    Top 15 feature importances:
    Rank   Feature                                         Importance
    -----------------------------------------------------------------
    1      esmc_PC001                                        0.006298
    2      esmc_PC019                                        0.006088
    3      mean_plddt_peptide                                0.005230
    4      mean_plddt_nflank                                 0.004563
    5      mean_plddt_cflank                                 0.004410
    6      esmc_PC013                                        0.003957
    7      esmc_PC015                                        0.003654
    8      esmc_PC029                                        0.003541
    9      esmc_PC006                                        0.003426
    10     esmc_PC003                                        0.003414
    11     esmc_PC011                                        0.003411
    12     esmc_PC046                                        0.003368
    13     esmc_PC039                                        0.003322
    14     esmc_PC010                                        0.003305
    15     esmc_PC038                                        0.003292
    Saved model: /home/hilarius/special_course/special_course_spring2026/models/rf_handcrafted_blosum_esmc_model_fold0.pkl

--------------------------------------------------------------------------------
  FOLD 1/4
--------------------------------------------------------------------------------
    WARNING: X_train: 69530 NaN values replaced with medians
    WARNING: X_test: 24837 NaN values replaced with medians
    CSV features: 631 columns
    esmc: zero-vector samples: train=0/35381 (0.0%), test=0/8846 (0.0%)
    esmc: PCA 3456 → 150 (50/region × 3 regions, 86.8% variance, fitted on 35381 non-zero samples)
    Train:  35381 samples (pos=15634, neg=19747, ratio=1.263)
    Test:    8846 samples (pos=3937, neg=4909, ratio=1.247)
    Features: 781
    Training Random Forest ...
    Training time: 42.4s

    Fold 1 results (55.2s):
      AUC-ROC: 0.7032  |  AUC-PR: 0.6443  |  Acc: 0.6414  |  F1: 0.4605  |  MCC: 0.2688
      Sens: 0.3439  |  Spec: 0.8800  |  PPV: 0.6969  |  NPV: 0.6258

    Top 15 feature importances:
    Rank   Feature                                         Importance
    -----------------------------------------------------------------
    1      esmc_PC001                                        0.006340
    2      mean_plddt_peptide                                0.005911
    3      mean_plddt_nflank                                 0.005546
    4      esmc_PC019                                        0.005489
    5      mean_plddt_cflank                                 0.004905
    6      esmc_PC013                                        0.004269
    7      esmc_PC018                                        0.003867
    8      esmc_PC016                                        0.003690
    9      esmc_PC003                                        0.003485
    10     esmc_PC006                                        0.003439
    11     esmc_PC011                                        0.003380
    12     esmc_PC015                                        0.003369
    13     esmc_PC067                                        0.003332
    14     esmc_PC020                                        0.003317
    15     esmc_PC095                                        0.003294
    Saved model: /home/hilarius/special_course/special_course_spring2026/models/rf_handcrafted_blosum_esmc_model_fold1.pkl

--------------------------------------------------------------------------------
  FOLD 2/4
--------------------------------------------------------------------------------
    WARNING: X_train: 69922 NaN values replaced with medians
    WARNING: X_test: 24445 NaN values replaced with medians
    CSV features: 631 columns
    esmc: zero-vector samples: train=0/35382 (0.0%), test=0/8845 (0.0%)
    esmc: PCA 3456 → 150 (50/region × 3 regions, 86.5% variance, fitted on 35382 non-zero samples)
    Train:  35382 samples (pos=15645, neg=19737, ratio=1.262)
    Test:    8845 samples (pos=3926, neg=4919, ratio=1.253)
    Features: 781
    Training Random Forest ...
    Training time: 42.5s

    Fold 2 results (56.8s):
      AUC-ROC: 0.7137  |  AUC-PR: 0.6574  |  Acc: 0.6440  |  F1: 0.4674  |  MCC: 0.2726
      Sens: 0.3520  |  Spec: 0.8770  |  PPV: 0.6955  |  NPV: 0.6290

    Top 15 feature importances:
    Rank   Feature                                         Importance
    -----------------------------------------------------------------
    1      esmc_PC001                                        0.005654
    2      esmc_PC018                                        0.005165
    3      mean_plddt_peptide                                0.004741
    4      mean_plddt_nflank                                 0.004608
    5      mean_plddt_cflank                                 0.004075
    6      esmc_PC019                                        0.003892
    7      esmc_PC013                                        0.003876
    8      esmc_PC064                                        0.003706
    9      esmc_PC036                                        0.003531
    10     esmc_PC006                                        0.003441
    11     esmc_PC011                                        0.003413
    12     esmc_PC003                                        0.003328
    13     esmc_PC046                                        0.003321
    14     esmc_PC020                                        0.003310
    15     esmc_PC038                                        0.003289
    Saved model: /home/hilarius/special_course/special_course_spring2026/models/rf_handcrafted_blosum_esmc_model_fold2.pkl

--------------------------------------------------------------------------------
  FOLD 3/4
--------------------------------------------------------------------------------
    WARNING: X_train: 74842 NaN values replaced with medians
    WARNING: X_test: 19525 NaN values replaced with medians
    CSV features: 631 columns
    esmc: zero-vector samples: train=0/35382 (0.0%), test=0/8845 (0.0%)
    esmc: PCA 3456 → 150 (50/region × 3 regions, 86.7% variance, fitted on 35382 non-zero samples)
    Train:  35382 samples (pos=15635, neg=19747, ratio=1.263)
    Test:    8845 samples (pos=3936, neg=4909, ratio=1.247)
    Features: 781
    Training Random Forest ...
    Training time: 49.9s

    Fold 3 results (67.2s):
      AUC-ROC: 0.7324  |  AUC-PR: 0.6800  |  Acc: 0.6485  |  F1: 0.4601  |  MCC: 0.2889
      Sens: 0.3366  |  Spec: 0.8986  |  PPV: 0.7268  |  NPV: 0.6282

    Top 15 feature importances:
    Rank   Feature                                         Importance
    -----------------------------------------------------------------
    1      esmc_PC019                                        0.006831
    2      esmc_PC001                                        0.006449
    3      mean_plddt_peptide                                0.005493
    4      mean_plddt_nflank                                 0.004981
    5      mean_plddt_cflank                                 0.004786
    6      esmc_PC015                                        0.003826
    7      esmc_PC016                                        0.003752
    8      esmc_PC003                                        0.003553
    9      esmc_PC039                                        0.003432
    10     esmc_PC010                                        0.003418
    11     esmc_PC031                                        0.003348
    12     esmc_PC060                                        0.003333
    13     esmc_PC011                                        0.003291
    14     esmc_PC007                                        0.003258
    15     esmc_PC004                                        0.003230
    Saved model: /home/hilarius/special_course/special_course_spring2026/models/rf_handcrafted_blosum_esmc_model_fold3.pkl

--------------------------------------------------------------------------------
  FOLD 4/4
--------------------------------------------------------------------------------
    WARNING: X_train: 79783 NaN values replaced with medians
    WARNING: X_test: 14584 NaN values replaced with medians
    CSV features: 631 columns
    esmc: zero-vector samples: train=0/35382 (0.0%), test=0/8845 (0.0%)
    esmc: PCA 3456 → 150 (50/region × 3 regions, 86.7% variance, fitted on 35382 non-zero samples)
    Train:  35382 samples (pos=15753, neg=19629, ratio=1.246)
    Test:    8845 samples (pos=3818, neg=5027, ratio=1.317)
    Features: 781
    Training Random Forest ...
    Training time: 48.8s

    Fold 4 results (63.6s):
      AUC-ROC: 0.7309  |  AUC-PR: 0.6658  |  Acc: 0.6672  |  F1: 0.5003  |  MCC: 0.3118
      Sens: 0.3861  |  Spec: 0.8806  |  PPV: 0.7107  |  NPV: 0.6538

    Top 15 feature importances:
    Rank   Feature                                         Importance
    -----------------------------------------------------------------
    1      esmc_PC001                                        0.006638
    2      esmc_PC019                                        0.005117
    3      mean_plddt_peptide                                0.004933
    4      mean_plddt_nflank                                 0.004741
    5      mean_plddt_cflank                                 0.004147
    6      esmc_PC013                                        0.004003
    7      esmc_PC015                                        0.003889
    8      esmc_PC003                                        0.003846
    9      esmc_PC016                                        0.003598
    10     esmc_PC018                                        0.003529
    11     esmc_PC098                                        0.003484
    12     esmc_PC030                                        0.003479
    13     esmc_PC020                                        0.003397
    14     esmc_PC010                                        0.003328
    15     esmc_PC006                                        0.003267
    Saved model: /home/hilarius/special_course/special_course_spring2026/models/rf_handcrafted_blosum_esmc_model_fold4.pkl

================================================================================
CROSS-VALIDATION SUMMARY (mean +/- std)
================================================================================
  auc_roc         0.7195 +/- 0.0109    [0.7175  0.7032  0.7137  0.7324  0.7309]
  auc_pr          0.6609 +/- 0.0118    [0.6570  0.6443  0.6574  0.6800  0.6658]
  accuracy        0.6492 +/- 0.0093    [0.6447  0.6414  0.6440  0.6485  0.6672]
  f1              0.4736 +/- 0.0151    [0.4797  0.4605  0.4674  0.4601  0.5003]
  mcc             0.2837 +/- 0.0156    [0.2764  0.2688  0.2726  0.2889  0.3118]
  sensitivity     0.3570 +/- 0.0176    [0.3665  0.3439  0.3520  0.3366  0.3861]
  specificity     0.8812 +/- 0.0095    [0.8696  0.8800  0.8770  0.8986  0.8806]
  ppv             0.7048 +/- 0.0125    [0.6943  0.6969  0.6955  0.7268  0.7107]
  npv             0.6332 +/- 0.0104    [0.6294  0.6258  0.6290  0.6282  0.6538]

  Best fold: 3 (AUC-ROC = 0.7324)

================================================================================
PER-FOLD METRIC COMPARISON
================================================================================
  Fold    auc_roc      auc_pr       accuracy     f1           mcc          sensitivity  specificity  ppv          npv          
  -----------------------------------------------------------------------------------------------------------------------------
  0       0.7175       0.6570       0.6447       0.4797       0.2764       0.3665       0.8696       0.6943       0.6294       
  1       0.7032       0.6443       0.6414       0.4605       0.2688       0.3439       0.8800       0.6969       0.6258       
  2       0.7137       0.6574       0.6440       0.4674       0.2726       0.3520       0.8770       0.6955       0.6290       
  3       0.7324       0.6800       0.6485       0.4601       0.2889       0.3366       0.8986       0.7268       0.6282       
  4       0.7309       0.6658       0.6672       0.5003       0.3118       0.3861       0.8806       0.7107       0.6538       
  -----------------------------------------------------------------------------------------------------------------------------
  mean    0.7195       0.6609       0.6492       0.4736       0.2837       0.3570       0.8812       0.7048       0.6332       
  std     0.0109       0.0118       0.0093       0.0151       0.0156       0.0176       0.0095       0.0125       0.0104       

================================================================================
AVERAGED FEATURE IMPORTANCE ACROSS ALL FOLDS
================================================================================
  Rank   Feature                                           Mean Imp          Std
  -----------------------------------------------------------------------------
  1      esmc_PC001                                        0.006276     0.000333
  2      esmc_PC019                                        0.005483     0.000985
  3      mean_plddt_peptide                                0.005262     0.000414
  4      mean_plddt_nflank                                 0.004888     0.000360
  5      mean_plddt_cflank                                 0.004465     0.000332
  6      esmc_PC013                                        0.003850     0.000376
  7      esmc_PC018                                        0.003806     0.000719
  8      esmc_PC015                                        0.003573     0.000287
  9      esmc_PC003                                        0.003525     0.000177
  10     esmc_PC016                                        0.003418     0.000329
  11     esmc_PC006                                        0.003346     0.000115
  12     esmc_PC011                                        0.003328     0.000101
  13     esmc_PC010                                        0.003288     0.000090
  14     esmc_PC020                                        0.003274     0.000090
  15     esmc_PC046                                        0.003209     0.000117
  16     esmc_PC039                                        0.003188     0.000203
  17     esmc_PC036                                        0.003146     0.000229
  18     esmc_PC007                                        0.003142     0.000070
  19     esmc_PC064                                        0.003140     0.000297
  20     esmc_PC038                                        0.003126     0.000142
  21     esmc_PC061                                        0.003095     0.000112
  22     esmc_PC060                                        0.003058     0.000198
  23     esmc_PC067                                        0.003051     0.000179
  24     esmc_PC095                                        0.003037     0.000192
  25     esmc_PC023                                        0.003031     0.000078
  26     esmc_PC027                                        0.003023     0.000126
  27     esmc_PC098                                        0.003023     0.000240
  28     esmc_PC002                                        0.002997     0.000012
  29     esmc_PC033                                        0.002995     0.000111
  30     esmc_PC009                                        0.002990     0.000059

================================================================================
HELD-OUT VALIDATION SET EVALUATION
================================================================================
  Using model from best fold (3)
  Held-out samples: 8845 (pos=3870, neg=4975, ratio=1.286)

  Held-out results (8845 samples):
    AUC-ROC: 0.7259  |  AUC-PR: 0.6601  |  Acc: 0.6497  |  F1: 0.4635  |  MCC: 0.2800
    Sens: 0.3457  |  Spec: 0.8862  |  PPV: 0.7027  |  NPV: 0.6352

  Classification Report:
              precision    recall  f1-score   support

    Negative     0.6352    0.8862    0.7400      4975
    Positive     0.7027    0.3457    0.4635      3870

    accuracy                         0.6497      8845
   macro avg     0.6690    0.6160    0.6017      8845
weighted avg     0.6648    0.6497    0.6190      8845

================================================================================
CV AVERAGE vs HELD-OUT COMPARISON
================================================================================
  Metric             CV mean     CV std   Held-out      Delta
  ---------------------------------------------------------
  auc_roc             0.7195     0.0109     0.7259    +0.0064
  auc_pr              0.6609     0.0118     0.6601    -0.0008
  accuracy            0.6492     0.0093     0.6497    +0.0006
  f1                  0.4736     0.0151     0.4635    -0.0102
  mcc                 0.2837     0.0156     0.2800    -0.0037
  sensitivity         0.3570     0.0176     0.3457    -0.0113
  specificity         0.8812     0.0095     0.8862    +0.0051
  ppv                 0.7048     0.0125     0.7027    -0.0021
  npv                 0.6332     0.0104     0.6352    +0.0020

Results saved: /home/hilarius/special_course/special_course_spring2026/models/cv_results_rf_handcrafted_blosum_esmc_20260506_154412.json
Best model saved: /home/hilarius/special_course/special_course_spring2026/models/best_rf_handcrafted_blosum_esmc_model.pkl
Fold artifacts saved: /home/hilarius/special_course/special_course_spring2026/models/best_rf_handcrafted_blosum_esmc_artifacts.pkl
Feature names saved: /home/hilarius/special_course/special_course_spring2026/models/rf_handcrafted_blosum_esmc_feature_names.json

================================================================================
RUN SUMMARY
================================================================================
  Total runtime:    319.1s (5.3 min)
  Model:            Random Forest (rf)
  Feature set:      Structural + BLOSUM50 + ESM-C (handcrafted_blosum_esmc)
  Components:       ['handcrafted', 'blosum', 'esmc']
  Scaling:          no
  Features (final): 781
    CSV features:   631
    esmc PCA:     150
  CV folds:         5
  Best fold:        3 (AUC = 0.7324)
  Held-out AUC:     0.7259
  Held-out MCC:     0.2800
  Models dir:       /home/hilarius/special_course/special_course_spring2026/models/
  Results file:     /home/hilarius/special_course/special_course_spring2026/models/cv_results_rf_handcrafted_blosum_esmc_20260506_154412.json
  Feature names:    /home/hilarius/special_course/special_course_spring2026/models/rf_handcrafted_blosum_esmc_feature_names.json
  Log file:         /home/hilarius/special_course/special_course_spring2026/logs/04_modelling_rf_handcrafted_blosum_esmc_log_20260506_154412.txt
  Completed:        2026-05-06 15:49:32
================================================================================

############################################################
>>> $1
>>> CMD: python 04_modelling.py --model lr --features esmc
############################################################
[OK] Data file found: /home/hilarius/special_course/special_course_spring2026/data/processed/df_all.csv
[OK] Config validated: 5-fold CV + 1 held-out = 6 buckets
     Project root:  /home/hilarius/special_course/special_course_spring2026
     Data dir:      /home/hilarius/special_course/special_course_spring2026/data/processed
     Embedding dir: /home/hilarius/special_course/special_course_spring2026/data/processed/embeddings
     Log dir:       /home/hilarius/special_course/special_course_spring2026/logs
     Model dir:     /home/hilarius/special_course/special_course_spring2026/models
     Models:        lr, rf
     Feature sets:  all_blosum, all_sparse, esmc, esmif, esmif_hybrid, esmif_hybrid_20_fb, esmif_hybrid_40_fb, esmif_hybrid_60_fb, esmif_hybrid_80_fb, handcrafted, handcrafted_blosum, handcrafted_blosum_esmc, handcrafted_blosum_esmif, handcrafted_sparse, handcrafted_sparse_esmc, handcrafted_sparse_esmif, handcrafted_sparse_esmif_h20fb, handcrafted_sparse_esmif_h40fb, handcrafted_sparse_esmif_h60fb, handcrafted_sparse_esmif_h80fb, handcrafted_sparse_esmif_hybrid
     Components:    blosum, esmc, esmif, esmif_hybrid, esmif_hybrid_20_fb, esmif_hybrid_40_fb, esmif_hybrid_60_fb, esmif_hybrid_80_fb, handcrafted, sparse
================================================================================
  04_MODELLING -- LOGISTIC REGRESSION + ESM-C EMBEDDINGS ONLY
================================================================================
  Timestamp:       2026-05-06 15:49:33
  Model key:       lr
  Model class:     sklearn.linear_model.LogisticRegression
  Feature set:     esmc (ESM-C embeddings only)
  Components:      ['esmc']
  Data path:       /home/hilarius/special_course/special_course_spring2026/data/processed/df_all_with_folds.csv
  Log path:        /home/hilarius/special_course/special_course_spring2026/logs/04_modelling_lr_esmc_log_20260506_154933.txt
  CV folds (k):    5
  Held-out bucket: 5
  Random state:    42
  Needs scaling:   True

  Model hyperparameters:
    penalty                   None
    solver                    lbfgs
    max_iter                  5000
    class_weight              balanced
    random_state              42
    verbose                   0
================================================================================

Loading split data: /home/hilarius/special_course/special_course_spring2026/data/processed/df_all_with_folds.csv
  Shape: 53072 rows x 88 columns
  [OK] Fold column validated: [np.int64(0), np.int64(1), np.int64(2), np.int64(3), np.int64(4), np.int64(5)]

================================================================================
LOADING FEATURE COMPONENTS
================================================================================

  Loading embedding component: ESM-C (600M) embeddings
    Loading prepared embeddings: /home/hilarius/special_course/special_course_spring2026/data/processed/embeddings_prepared/esmc_prepared.h5
    Loaded: 53072 samples, 3 regions, dim=1152

================================================================================
COMPONENT SUMMARY
================================================================================

  Embedding components (1):
    [esmc] ESM-C (600M) embeddings
      Raw dim: 3456 (3 regions × 1152)
      After PCA: 150 (50/region × 3 regions)

  Estimated total features: ~150
    CSV:        0
    Embeddings: 150 (after PCA)

================================================================================
PIPELINE READY: ~150 features, 5 folds, Logistic Regression
================================================================================

--------------------------------------------------------------------------------
  FOLD 0/4
--------------------------------------------------------------------------------
    esmc: zero-vector samples: train=0/35381 (0.0%), test=0/8846 (0.0%)
    esmc: PCA 3456 → 150 (50/region × 3 regions, 86.7% variance, fitted on 35381 non-zero samples)
    Train:  35381 samples (pos=15617, neg=19764, ratio=1.266)
    Test:    8846 samples (pos=3954, neg=4892, ratio=1.237)
    Features: 150
    Training Logistic Regression ...
    Training time: 0.1s

    Fold 0 results (10.0s):
      AUC-ROC: 0.6771  |  AUC-PR: 0.6156  |  Acc: 0.6195  |  F1: 0.5964  |  MCC: 0.2394
      Sens: 0.6290  |  Spec: 0.6118  |  PPV: 0.5670  |  NPV: 0.6711

    Top 15 feature coefficients:
    Rank   Feature                                        Coefficient
    -----------------------------------------------------------------
    1      esmc_PC001                                       -0.264225
    2      esmc_PC019                                        0.239473
    3      esmc_PC015                                        0.158273
    4      esmc_PC003                                       -0.122825
    5      esmc_PC037                                       -0.120149
    6      esmc_PC006                                        0.118096
    7      esmc_PC039                                        0.117341
    8      esmc_PC023                                        0.113164
    9      esmc_PC018                                        0.110065
    10     esmc_PC011                                        0.107287
    11     esmc_PC065                                        0.106715
    12     esmc_PC047                                       -0.106285
    13     esmc_PC143                                        0.102465
    14     esmc_PC013                                       -0.101188
    15     esmc_PC046                                       -0.100067
    Saved model: /home/hilarius/special_course/special_course_spring2026/models/lr_esmc_model_fold0.pkl

--------------------------------------------------------------------------------
  FOLD 1/4
--------------------------------------------------------------------------------
    esmc: zero-vector samples: train=0/35381 (0.0%), test=0/8846 (0.0%)
    esmc: PCA 3456 → 150 (50/region × 3 regions, 86.8% variance, fitted on 35381 non-zero samples)
    Train:  35381 samples (pos=15634, neg=19747, ratio=1.263)
    Test:    8846 samples (pos=3937, neg=4909, ratio=1.247)
    Features: 150
    Training Logistic Regression ...
    Training time: 0.1s

    Fold 1 results (9.3s):
      AUC-ROC: 0.6492  |  AUC-PR: 0.5876  |  Acc: 0.6073  |  F1: 0.5792  |  MCC: 0.2133
      Sens: 0.6073  |  Spec: 0.6073  |  PPV: 0.5536  |  NPV: 0.6585

    Top 15 feature coefficients:
    Rank   Feature                                        Coefficient
    -----------------------------------------------------------------
    1      esmc_PC001                                       -0.277390
    2      esmc_PC019                                        0.223544
    3      esmc_PC018                                        0.187989
    4      esmc_PC015                                        0.137573
    5      esmc_PC016                                       -0.130147
    6      esmc_PC067                                       -0.121636
    7      esmc_PC013                                       -0.120814
    8      esmc_PC060                                        0.119322
    9      esmc_PC095                                       -0.118303
    10     esmc_PC006                                        0.114974
    11     esmc_PC039                                        0.112029
    12     esmc_PC076                                       -0.110861
    13     esmc_PC011                                        0.110381
    14     esmc_PC003                                       -0.107878
    15     esmc_PC037                                       -0.107136
    Saved model: /home/hilarius/special_course/special_course_spring2026/models/lr_esmc_model_fold1.pkl

--------------------------------------------------------------------------------
  FOLD 2/4
--------------------------------------------------------------------------------
    esmc: zero-vector samples: train=0/35382 (0.0%), test=0/8845 (0.0%)
    esmc: PCA 3456 → 150 (50/region × 3 regions, 86.5% variance, fitted on 35382 non-zero samples)
    Train:  35382 samples (pos=15645, neg=19737, ratio=1.262)
    Test:    8845 samples (pos=3926, neg=4919, ratio=1.253)
    Features: 150
    Training Logistic Regression ...
    Training time: 0.1s

    Fold 2 results (8.5s):
      AUC-ROC: 0.6737  |  AUC-PR: 0.6065  |  Acc: 0.6201  |  F1: 0.5940  |  MCC: 0.2400
      Sens: 0.6261  |  Spec: 0.6154  |  PPV: 0.5651  |  NPV: 0.6734

    Top 15 feature coefficients:
    Rank   Feature                                        Coefficient
    -----------------------------------------------------------------
    1      esmc_PC001                                       -0.217033
    2      esmc_PC018                                        0.202667
    3      esmc_PC064                                       -0.141609
    4      esmc_PC019                                        0.139416
    5      esmc_PC036                                       -0.133236
    6      esmc_PC013                                       -0.128660
    7      esmc_PC006                                        0.123224
    8      esmc_PC003                                       -0.117568
    9      esmc_PC059                                        0.116705
    10     esmc_PC094                                       -0.115209
    11     esmc_PC038                                       -0.112981
    12     esmc_PC015                                        0.105386
    13     esmc_PC046                                       -0.103134
    14     esmc_PC023                                        0.100189
    15     esmc_PC016                                        0.096928
    Saved model: /home/hilarius/special_course/special_course_spring2026/models/lr_esmc_model_fold2.pkl

--------------------------------------------------------------------------------
  FOLD 3/4
--------------------------------------------------------------------------------
    esmc: zero-vector samples: train=0/35382 (0.0%), test=0/8845 (0.0%)
    esmc: PCA 3456 → 150 (50/region × 3 regions, 86.7% variance, fitted on 35382 non-zero samples)
    Train:  35382 samples (pos=15635, neg=19747, ratio=1.263)
    Test:    8845 samples (pos=3936, neg=4909, ratio=1.247)
    Features: 150
    Training Logistic Regression ...
    Training time: 0.1s

    Fold 3 results (8.0s):
      AUC-ROC: 0.6693  |  AUC-PR: 0.6058  |  Acc: 0.6207  |  F1: 0.5917  |  MCC: 0.2394
      Sens: 0.6176  |  Spec: 0.6231  |  PPV: 0.5679  |  NPV: 0.6702

    Top 15 feature coefficients:
    Rank   Feature                                        Coefficient
    -----------------------------------------------------------------
    1      esmc_PC001                                       -0.278767
    2      esmc_PC019                                        0.258074
    3      esmc_PC015                                        0.171009
    4      esmc_PC039                                        0.137233
    5      esmc_PC018                                        0.134979
    6      esmc_PC003                                       -0.128684
    7      esmc_PC060                                       -0.123500
    8      esmc_PC023                                        0.114642
    9      esmc_PC065                                        0.111361
    10     esmc_PC010                                       -0.103814
    11     esmc_PC007                                       -0.101264
    12     esmc_PC016                                       -0.099998
    13     esmc_PC048                                       -0.099744
    14     esmc_PC013                                        0.096552
    15     esmc_PC011                                        0.094047
    Saved model: /home/hilarius/special_course/special_course_spring2026/models/lr_esmc_model_fold3.pkl

--------------------------------------------------------------------------------
  FOLD 4/4
--------------------------------------------------------------------------------
    esmc: zero-vector samples: train=0/35382 (0.0%), test=0/8845 (0.0%)
    esmc: PCA 3456 → 150 (50/region × 3 regions, 86.7% variance, fitted on 35382 non-zero samples)
    Train:  35382 samples (pos=15753, neg=19629, ratio=1.246)
    Test:    8845 samples (pos=3818, neg=5027, ratio=1.317)
    Features: 150
    Training Logistic Regression ...
    Training time: 0.1s

    Fold 4 results (7.4s):
      AUC-ROC: 0.6775  |  AUC-PR: 0.6044  |  Acc: 0.6248  |  F1: 0.5914  |  MCC: 0.2483
      Sens: 0.6291  |  Spec: 0.6214  |  PPV: 0.5580  |  NPV: 0.6881

    Top 15 feature coefficients:
    Rank   Feature                                        Coefficient
    -----------------------------------------------------------------
    1      esmc_PC001                                       -0.277563
    2      esmc_PC019                                        0.205719
    3      esmc_PC015                                        0.176026
    4      esmc_PC018                                        0.158700
    5      esmc_PC003                                       -0.139091
    6      esmc_PC023                                        0.118010
    7      esmc_PC098                                       -0.113778
    8      esmc_PC013                                        0.112941
    9      esmc_PC037                                        0.106131
    10     esmc_PC049                                        0.105405
    11     esmc_PC036                                        0.104246
    12     esmc_PC067                                       -0.103042
    13     esmc_PC117                                       -0.100533
    14     esmc_PC006                                       -0.095305
    15     esmc_PC010                                       -0.093272
    Saved model: /home/hilarius/special_course/special_course_spring2026/models/lr_esmc_model_fold4.pkl

================================================================================
CROSS-VALIDATION SUMMARY (mean +/- std)
================================================================================
  auc_roc         0.6694 +/- 0.0105    [0.6771  0.6492  0.6737  0.6693  0.6775]
  auc_pr          0.6040 +/- 0.0091    [0.6156  0.5876  0.6065  0.6058  0.6044]
  accuracy        0.6185 +/- 0.0059    [0.6195  0.6073  0.6201  0.6207  0.6248]
  f1              0.5905 +/- 0.0059    [0.5964  0.5792  0.5940  0.5917  0.5914]
  mcc             0.2361 +/- 0.0119    [0.2394  0.2133  0.2400  0.2394  0.2483]
  sensitivity     0.6218 +/- 0.0084    [0.6290  0.6073  0.6261  0.6176  0.6291]
  specificity     0.6158 +/- 0.0059    [0.6118  0.6073  0.6154  0.6231  0.6214]
  ppv             0.5623 +/- 0.0056    [0.5670  0.5536  0.5651  0.5679  0.5580]
  npv             0.6723 +/- 0.0095    [0.6711  0.6585  0.6734  0.6702  0.6881]

  Best fold: 4 (AUC-ROC = 0.6775)

================================================================================
PER-FOLD METRIC COMPARISON
================================================================================
  Fold    auc_roc      auc_pr       accuracy     f1           mcc          sensitivity  specificity  ppv          npv          
  -----------------------------------------------------------------------------------------------------------------------------
  0       0.6771       0.6156       0.6195       0.5964       0.2394       0.6290       0.6118       0.5670       0.6711       
  1       0.6492       0.5876       0.6073       0.5792       0.2133       0.6073       0.6073       0.5536       0.6585       
  2       0.6737       0.6065       0.6201       0.5940       0.2400       0.6261       0.6154       0.5651       0.6734       
  3       0.6693       0.6058       0.6207       0.5917       0.2394       0.6176       0.6231       0.5679       0.6702       
  4       0.6775       0.6044       0.6248       0.5914       0.2483       0.6291       0.6214       0.5580       0.6881       
  -----------------------------------------------------------------------------------------------------------------------------
  mean    0.6694       0.6040       0.6185       0.5905       0.2361       0.6218       0.6158       0.5623       0.6723       
  std     0.0105       0.0091       0.0059       0.0059       0.0119       0.0084       0.0059       0.0056       0.0095       

================================================================================
AVERAGED COEFFICIENTS ACROSS ALL FOLDS
================================================================================
  Rank   Feature                                          Mean Coef          Std
  -----------------------------------------------------------------------------
  1      esmc_PC001                                       -0.262996     0.023589
  2      esmc_PC019                                        0.213245     0.040770
  3      esmc_PC018                                        0.158880     0.033819
  4      esmc_PC015                                        0.149654     0.025813
  5      esmc_PC003                                       -0.123209     0.010481
  6      esmc_PC023                                        0.108153     0.009025
  7      esmc_PC011                                        0.096508     0.012356
  8      esmc_PC007                                       -0.096072     0.004335
  9      esmc_PC010                                       -0.089113     0.009794
  10     esmc_PC067                                       -0.083091     0.029836
  11     esmc_PC038                                       -0.079337     0.020339
  12     esmc_PC004                                       -0.077789     0.008789
  13     esmc_PC021                                       -0.077385     0.010411
  14     esmc_PC006                                        0.068505     0.083206
  15     esmc_PC047                                       -0.060763     0.038173
  16     esmc_PC032                                        0.059988     0.022441
  17     esmc_PC098                                       -0.058664     0.047911
  18     esmc_PC026                                       -0.054169     0.024975
  19     esmc_PC117                                       -0.054115     0.028494
  20     esmc_PC037                                       -0.049677     0.081444
  21     esmc_PC046                                       -0.049215     0.066993
  22     esmc_PC097                                       -0.048014     0.015860
  23     esmc_PC039                                        0.047434     0.092180
  24     esmc_PC096                                       -0.046203     0.021936
  25     esmc_PC025                                       -0.045850     0.021938
  26     esmc_PC041                                       -0.044822     0.009210
  27     esmc_PC056                                       -0.044382     0.030294
  28     esmc_PC020                                        0.044306     0.065637
  29     esmc_PC094                                       -0.044260     0.042341
  30     esmc_PC064                                       -0.044045     0.072818

================================================================================
HELD-OUT VALIDATION SET EVALUATION
================================================================================
  Using model from best fold (4)
  Held-out samples: 8845 (pos=3870, neg=4975, ratio=1.286)

  Held-out results (8845 samples):
    AUC-ROC: 0.6668  |  AUC-PR: 0.5927  |  Acc: 0.6192  |  F1: 0.5917  |  MCC: 0.2391
    Sens: 0.6305  |  Spec: 0.6105  |  PPV: 0.5573  |  NPV: 0.6799

  Classification Report:
              precision    recall  f1-score   support

    Negative     0.6799    0.6105    0.6433      4975
    Positive     0.5573    0.6305    0.5917      3870

    accuracy                         0.6192      8845
   macro avg     0.6186    0.6205    0.6175      8845
weighted avg     0.6263    0.6192    0.6207      8845

================================================================================
CV AVERAGE vs HELD-OUT COMPARISON
================================================================================
  Metric             CV mean     CV std   Held-out      Delta
  ---------------------------------------------------------
  auc_roc             0.6694     0.0105     0.6668    -0.0026
  auc_pr              0.6040     0.0091     0.5927    -0.0113
  accuracy            0.6185     0.0059     0.6192    +0.0008
  f1                  0.5905     0.0059     0.5917    +0.0011
  mcc                 0.2361     0.0119     0.2391    +0.0030
  sensitivity         0.6218     0.0084     0.6305    +0.0087
  specificity         0.6158     0.0059     0.6105    -0.0054
  ppv                 0.5623     0.0056     0.5573    -0.0050
  npv                 0.6723     0.0095     0.6799    +0.0076

Results saved: /home/hilarius/special_course/special_course_spring2026/models/cv_results_lr_esmc_20260506_154933.json
Best model saved: /home/hilarius/special_course/special_course_spring2026/models/best_lr_esmc_model.pkl
Fold artifacts saved: /home/hilarius/special_course/special_course_spring2026/models/best_lr_esmc_artifacts.pkl
Feature names saved: /home/hilarius/special_course/special_course_spring2026/models/lr_esmc_feature_names.json

================================================================================
RUN SUMMARY
================================================================================
  Total runtime:    47.9s (0.8 min)
  Model:            Logistic Regression (lr)
  Feature set:      ESM-C embeddings only (esmc)
  Components:       ['esmc']
  Scaling:          yes
  Features (final): 150
    esmc PCA:     150
  CV folds:         5
  Best fold:        4 (AUC = 0.6775)
  Held-out AUC:     0.6668
  Held-out MCC:     0.2391
  Models dir:       /home/hilarius/special_course/special_course_spring2026/models/
  Results file:     /home/hilarius/special_course/special_course_spring2026/models/cv_results_lr_esmc_20260506_154933.json
  Feature names:    /home/hilarius/special_course/special_course_spring2026/models/lr_esmc_feature_names.json
  Log file:         /home/hilarius/special_course/special_course_spring2026/logs/04_modelling_lr_esmc_log_20260506_154933.txt
  Completed:        2026-05-06 15:50:21
================================================================================

############################################################
>>> $1
>>> CMD: python 04_modelling.py --model lr --features handcrafted_sparse_esmc
############################################################
[OK] Data file found: /home/hilarius/special_course/special_course_spring2026/data/processed/df_all.csv
[OK] Config validated: 5-fold CV + 1 held-out = 6 buckets
     Project root:  /home/hilarius/special_course/special_course_spring2026
     Data dir:      /home/hilarius/special_course/special_course_spring2026/data/processed
     Embedding dir: /home/hilarius/special_course/special_course_spring2026/data/processed/embeddings
     Log dir:       /home/hilarius/special_course/special_course_spring2026/logs
     Model dir:     /home/hilarius/special_course/special_course_spring2026/models
     Models:        lr, rf
     Feature sets:  all_blosum, all_sparse, esmc, esmif, esmif_hybrid, esmif_hybrid_20_fb, esmif_hybrid_40_fb, esmif_hybrid_60_fb, esmif_hybrid_80_fb, handcrafted, handcrafted_blosum, handcrafted_blosum_esmc, handcrafted_blosum_esmif, handcrafted_sparse, handcrafted_sparse_esmc, handcrafted_sparse_esmif, handcrafted_sparse_esmif_h20fb, handcrafted_sparse_esmif_h40fb, handcrafted_sparse_esmif_h60fb, handcrafted_sparse_esmif_h80fb, handcrafted_sparse_esmif_hybrid
     Components:    blosum, esmc, esmif, esmif_hybrid, esmif_hybrid_20_fb, esmif_hybrid_40_fb, esmif_hybrid_60_fb, esmif_hybrid_80_fb, handcrafted, sparse
================================================================================
  04_MODELLING -- LOGISTIC REGRESSION + STRUCTURAL + ONE-HOT + ESM-C
================================================================================
  Timestamp:       2026-05-06 15:50:22
  Model key:       lr
  Model class:     sklearn.linear_model.LogisticRegression
  Feature set:     handcrafted_sparse_esmc (Structural + one-hot + ESM-C)
  Components:      ['handcrafted', 'sparse', 'esmc']
  Data path:       /home/hilarius/special_course/special_course_spring2026/data/processed/df_all_with_folds.csv
  Log path:        /home/hilarius/special_course/special_course_spring2026/logs/04_modelling_lr_handcrafted_sparse_esmc_log_20260506_155022.txt
  CV folds (k):    5
  Held-out bucket: 5
  Random state:    42
  Needs scaling:   True

  Model hyperparameters:
    penalty                   None
    solver                    lbfgs
    max_iter                  5000
    class_weight              balanced
    random_state              42
    verbose                   0
================================================================================

Loading split data: /home/hilarius/special_course/special_course_spring2026/data/processed/df_all_with_folds.csv
  Shape: 53072 rows x 88 columns
  [OK] Fold column validated: [np.int64(0), np.int64(1), np.int64(2), np.int64(3), np.int64(4), np.int64(5)]

================================================================================
LOADING FEATURE COMPONENTS
================================================================================

  Loading CSV component: One-hot AA encoding
    Loading: df_all_sparse.csv
    Shape: 53072 rows x 650 columns
    [OK] Alignment verified
    New columns: 580

  Merged 580 new columns → 53072 rows x 668 columns

  Loading embedding component: ESM-C (600M) embeddings
    Loading prepared embeddings: /home/hilarius/special_course/special_course_spring2026/data/processed/embeddings_prepared/esmc_prepared.h5
    Loaded: 53072 samples, 3 regions, dim=1152

================================================================================
COMPONENT SUMMARY
================================================================================

  CSV components (2):
    [handcrafted] Structural features
      Source: split_data (built-in)
    [sparse] One-hot AA encoding
      Source: /home/hilarius/special_course/special_course_spring2026/data/processed/df_all_sparse.csv
      New columns added: 580
  Total CSV features: 631
    Structural: 51
    AA-encoded: 580

  Embedding components (1):
    [esmc] ESM-C (600M) embeddings
      Raw dim: 3456 (3 regions × 1152)
      After PCA: 150 (50/region × 3 regions)

  Estimated total features: ~781
    CSV:        631
    Embeddings: 150 (after PCA)

================================================================================
PIPELINE READY: ~781 features, 5 folds, Logistic Regression
================================================================================

--------------------------------------------------------------------------------
  FOLD 0/4
--------------------------------------------------------------------------------
    WARNING: X_train: 83391 NaN values replaced with medians
    WARNING: X_test: 10976 NaN values replaced with medians
    CSV features: 631 columns
    esmc: zero-vector samples: train=0/35381 (0.0%), test=0/8846 (0.0%)
    esmc: PCA 3456 → 150 (50/region × 3 regions, 86.7% variance, fitted on 35381 non-zero samples)
    Train:  35381 samples (pos=15617, neg=19764, ratio=1.266)
    Test:    8846 samples (pos=3954, neg=4892, ratio=1.237)
    Features: 781
    Training Logistic Regression ...
    Training time: 6.3s

    Fold 0 results (17.4s):
      AUC-ROC: 0.7611  |  AUC-PR: 0.7068  |  Acc: 0.6965  |  F1: 0.6731  |  MCC: 0.3915
      Sens: 0.6990  |  Spec: 0.6944  |  PPV: 0.6490  |  NPV: 0.7406

    Top 15 feature coefficients:
    Rank   Feature                                        Coefficient
    -----------------------------------------------------------------
    1      rel_distance_from_n_terminus                     -6.867258
    2      rel_distance_from_c_terminus                     -6.854842
    3      C1_L                                             -1.088683
    4      C1_E                                             -0.823771
    5      C1_V                                             -0.811924
    6      C1_P                                             -0.776753
    7      C1_I                                             -0.769426
    8      C1_S                                             -0.750955
    9      C1_D                                             -0.736676
    10     C1_G                                             -0.717861
    11     P2_W                                              0.708264
    12     C1_F                                             -0.703205
    13     C1_K                                             -0.698176
    14     C1_A                                             -0.697183
    15     C1_T                                             -0.696392
    Saved model: /home/hilarius/special_course/special_course_spring2026/models/lr_handcrafted_sparse_esmc_model_fold0.pkl

--------------------------------------------------------------------------------
  FOLD 1/4
--------------------------------------------------------------------------------
    WARNING: X_train: 69530 NaN values replaced with medians
    WARNING: X_test: 24837 NaN values replaced with medians
    CSV features: 631 columns
    esmc: zero-vector samples: train=0/35381 (0.0%), test=0/8846 (0.0%)
    esmc: PCA 3456 → 150 (50/region × 3 regions, 86.8% variance, fitted on 35381 non-zero samples)
    Train:  35381 samples (pos=15634, neg=19747, ratio=1.263)
    Test:    8846 samples (pos=3937, neg=4909, ratio=1.247)
    Features: 781
    Training Logistic Regression ...
    Training time: 6.3s

    Fold 1 results (17.9s):
      AUC-ROC: 0.7397  |  AUC-PR: 0.6850  |  Acc: 0.6757  |  F1: 0.6509  |  MCC: 0.3501
      Sens: 0.6795  |  Spec: 0.6726  |  PPV: 0.6247  |  NPV: 0.7235

    Top 15 feature coefficients:
    Rank   Feature                                        Coefficient
    -----------------------------------------------------------------
    1      rel_distance_from_n_terminus                     -6.355202
    2      rel_distance_from_c_terminus                     -6.329958
    3      q8point_I_nflank                                 -1.237564
    4      q8trans_I_n_pep                                   0.992912
    5      C1_L                                             -0.984912
    6      C1_E                                             -0.730052
    7      C1_V                                             -0.727746
    8      C1_I                                             -0.706590
    9      C1_P                                             -0.685995
    10     P2_W                                              0.666018
    11     C1_D                                             -0.655408
    12     C1_G                                             -0.646631
    13     C1_S                                             -0.640736
    14     C1_A                                             -0.622168
    15     C1_F                                             -0.619932
    Saved model: /home/hilarius/special_course/special_course_spring2026/models/lr_handcrafted_sparse_esmc_model_fold1.pkl

--------------------------------------------------------------------------------
  FOLD 2/4
--------------------------------------------------------------------------------
    WARNING: X_train: 69922 NaN values replaced with medians
    WARNING: X_test: 24445 NaN values replaced with medians
    CSV features: 631 columns
    esmc: zero-vector samples: train=0/35382 (0.0%), test=0/8845 (0.0%)
    esmc: PCA 3456 → 150 (50/region × 3 regions, 86.5% variance, fitted on 35382 non-zero samples)
    Train:  35382 samples (pos=15645, neg=19737, ratio=1.262)
    Test:    8845 samples (pos=3926, neg=4919, ratio=1.253)
    Features: 781
    Training Logistic Regression ...
    Training time: 5.7s

    Fold 2 results (16.7s):
      AUC-ROC: 0.7413  |  AUC-PR: 0.6873  |  Acc: 0.6777  |  F1: 0.6493  |  MCC: 0.3524
      Sens: 0.6722  |  Spec: 0.6820  |  PPV: 0.6279  |  NPV: 0.7227

    Top 15 feature coefficients:
    Rank   Feature                                        Coefficient
    -----------------------------------------------------------------
    1      rel_distance_from_n_terminus                     -7.163007
    2      rel_distance_from_c_terminus                     -7.141380
    3      C1_L                                             -1.114571
    4      C1_E                                             -0.864415
    5      C1_V                                             -0.820979
    6      C1_P                                             -0.795812
    7      C1_I                                             -0.785755
    8      C1_D                                             -0.772432
    9      C1_S                                             -0.747842
    10     C1_A                                             -0.740529
    11     C1_G                                             -0.718128
    12     C1_T                                             -0.715423
    13     C1_F                                             -0.712477
    14     C1_Q                                             -0.707782
    15     C1_K                                             -0.704730
    Saved model: /home/hilarius/special_course/special_course_spring2026/models/lr_handcrafted_sparse_esmc_model_fold2.pkl

--------------------------------------------------------------------------------
  FOLD 3/4
--------------------------------------------------------------------------------
    WARNING: X_train: 74842 NaN values replaced with medians
    WARNING: X_test: 19525 NaN values replaced with medians
    CSV features: 631 columns
    esmc: zero-vector samples: train=0/35382 (0.0%), test=0/8845 (0.0%)
    esmc: PCA 3456 → 150 (50/region × 3 regions, 86.7% variance, fitted on 35382 non-zero samples)
    Train:  35382 samples (pos=15635, neg=19747, ratio=1.263)
    Test:    8845 samples (pos=3936, neg=4909, ratio=1.247)
    Features: 781
    Training Logistic Regression ...
    Training time: 7.0s

    Fold 3 results (18.1s):
      AUC-ROC: 0.7522  |  AUC-PR: 0.6982  |  Acc: 0.6903  |  F1: 0.6656  |  MCC: 0.3791
      Sens: 0.6926  |  Spec: 0.6885  |  PPV: 0.6407  |  NPV: 0.7364

    Top 15 feature coefficients:
    Rank   Feature                                        Coefficient
    -----------------------------------------------------------------
    1      rel_distance_from_n_terminus                     -6.841307
    2      rel_distance_from_c_terminus                     -6.824163
    3      C1_L                                             -1.086254
    4      C1_E                                             -0.846733
    5      C1_V                                             -0.806235
    6      C1_I                                             -0.791928
    7      C1_P                                             -0.782206
    8      C1_D                                             -0.749978
    9      C1_S                                             -0.740195
    10     C1_A                                             -0.727744
    11     C1_G                                             -0.717224
    12     C1_Q                                             -0.704168
    13     C1_T                                             -0.702936
    14     C1_K                                             -0.696518
    15     C1_F                                             -0.687227
    Saved model: /home/hilarius/special_course/special_course_spring2026/models/lr_handcrafted_sparse_esmc_model_fold3.pkl

--------------------------------------------------------------------------------
  FOLD 4/4
--------------------------------------------------------------------------------
    WARNING: X_train: 79783 NaN values replaced with medians
    WARNING: X_test: 14584 NaN values replaced with medians
    CSV features: 631 columns
    esmc: zero-vector samples: train=0/35382 (0.0%), test=0/8845 (0.0%)
    esmc: PCA 3456 → 150 (50/region × 3 regions, 86.7% variance, fitted on 35382 non-zero samples)
    Train:  35382 samples (pos=15753, neg=19629, ratio=1.246)
    Test:    8845 samples (pos=3818, neg=5027, ratio=1.317)
    Features: 781
    Training Logistic Regression ...
    Training time: 6.2s

    Fold 4 results (17.7s):
      AUC-ROC: 0.7528  |  AUC-PR: 0.6934  |  Acc: 0.6786  |  F1: 0.6501  |  MCC: 0.3571
      Sens: 0.6917  |  Spec: 0.6686  |  PPV: 0.6132  |  NPV: 0.7406

    Top 15 feature coefficients:
    Rank   Feature                                        Coefficient
    -----------------------------------------------------------------
    1      rel_distance_from_n_terminus                     -7.178761
    2      rel_distance_from_c_terminus                     -7.135788
    3      C1_L                                             -1.108581
    4      C1_E                                             -0.865841
    5      C1_V                                             -0.803818
    6      C1_P                                             -0.802570
    7      P2_W                                              0.793440
    8      C1_I                                             -0.792003
    9      C1_D                                             -0.791510
    10     C1_S                                             -0.757003
    11     C1_A                                             -0.745011
    12     C1_K                                             -0.733742
    13     C1_G                                             -0.732704
    14     C1_F                                             -0.718192
    15     C1_T                                             -0.717479
    Saved model: /home/hilarius/special_course/special_course_spring2026/models/lr_handcrafted_sparse_esmc_model_fold4.pkl

================================================================================
CROSS-VALIDATION SUMMARY (mean +/- std)
================================================================================
  auc_roc         0.7494 +/- 0.0079    [0.7611  0.7397  0.7413  0.7522  0.7528]
  auc_pr          0.6941 +/- 0.0078    [0.7068  0.6850  0.6873  0.6982  0.6934]
  accuracy        0.6837 +/- 0.0082    [0.6965  0.6757  0.6777  0.6903  0.6786]
  f1              0.6578 +/- 0.0097    [0.6731  0.6509  0.6493  0.6656  0.6501]
  mcc             0.3660 +/- 0.0163    [0.3915  0.3501  0.3524  0.3791  0.3571]
  sensitivity     0.6870 +/- 0.0097    [0.6990  0.6795  0.6722  0.6926  0.6917]
  specificity     0.6812 +/- 0.0096    [0.6944  0.6726  0.6820  0.6885  0.6686]
  ppv             0.6311 +/- 0.0125    [0.6490  0.6247  0.6279  0.6407  0.6132]
  npv             0.7328 +/- 0.0080    [0.7406  0.7235  0.7227  0.7364  0.7406]

  Best fold: 0 (AUC-ROC = 0.7611)

================================================================================
PER-FOLD METRIC COMPARISON
================================================================================
  Fold    auc_roc      auc_pr       accuracy     f1           mcc          sensitivity  specificity  ppv          npv          
  -----------------------------------------------------------------------------------------------------------------------------
  0       0.7611       0.7068       0.6965       0.6731       0.3915       0.6990       0.6944       0.6490       0.7406       
  1       0.7397       0.6850       0.6757       0.6509       0.3501       0.6795       0.6726       0.6247       0.7235       
  2       0.7413       0.6873       0.6777       0.6493       0.3524       0.6722       0.6820       0.6279       0.7227       
  3       0.7522       0.6982       0.6903       0.6656       0.3791       0.6926       0.6885       0.6407       0.7364       
  4       0.7528       0.6934       0.6786       0.6501       0.3571       0.6917       0.6686       0.6132       0.7406       
  -----------------------------------------------------------------------------------------------------------------------------
  mean    0.7494       0.6941       0.6837       0.6578       0.3660       0.6870       0.6812       0.6311       0.7328       
  std     0.0079       0.0078       0.0082       0.0097       0.0163       0.0097       0.0096       0.0125       0.0080       

================================================================================
AVERAGED COEFFICIENTS ACROSS ALL FOLDS
================================================================================
  Rank   Feature                                          Mean Coef          Std
  -----------------------------------------------------------------------------
  1      rel_distance_from_n_terminus                     -6.881107     0.298804
  2      rel_distance_from_c_terminus                     -6.857226     0.295787
  3      C1_L                                             -1.076600     0.047139
  4      C1_E                                             -0.826163     0.050406
  5      C1_V                                             -0.794140     0.033719
  6      C1_I                                             -0.769141     0.032344
  7      C1_P                                             -0.768667     0.042355
  8      C1_D                                             -0.741201     0.046828
  9      C1_S                                             -0.727346     0.043643
  10     C1_A                                             -0.706527     0.045367
  11     C1_G                                             -0.706510     0.030497
  12     P2_W                                              0.702361     0.050687
  13     C1_F                                             -0.688207     0.035708
  14     C1_T                                             -0.687763     0.041335
  15     C1_Q                                             -0.683477     0.038864
  16     C1_K                                             -0.682684     0.052946
  17     C1_R                                             -0.651971     0.044719
  18     C1_N                                             -0.585297     0.036055
  19     C1_Y                                             -0.532149     0.026836
  20     P2_K                                             -0.489675     0.056428
  21     C1_H                                             -0.474159     0.024697
  22     C1_M                                             -0.458023     0.027677
  23     P9_W                                              0.433315     0.048787
  24     P2_P                                              0.432436     0.220901
  25     P9_K                                              0.432380     0.113135
  26     P9_E                                             -0.431257     0.101112
  27     C1_C                                             -0.423530     0.027980
  28     P9_Q                                              0.408173     0.020673
  29     P2_C                                              0.385836     0.061800
  30     C1_W                                             -0.371378     0.015888

================================================================================
HELD-OUT VALIDATION SET EVALUATION
================================================================================
  Using model from best fold (0)
  Held-out samples: 8845 (pos=3870, neg=4975, ratio=1.286)

  Held-out results (8845 samples):
    AUC-ROC: 0.7525  |  AUC-PR: 0.6865  |  Acc: 0.6876  |  F1: 0.6605  |  MCC: 0.3741
    Sens: 0.6946  |  Spec: 0.6822  |  PPV: 0.6297  |  NPV: 0.7417

  Classification Report:
              precision    recall  f1-score   support

    Negative     0.7417    0.6822    0.7107      4975
    Positive     0.6297    0.6946    0.6605      3870

    accuracy                         0.6876      8845
   macro avg     0.6857    0.6884    0.6856      8845
weighted avg     0.6927    0.6876    0.6888      8845

================================================================================
CV AVERAGE vs HELD-OUT COMPARISON
================================================================================
  Metric             CV mean     CV std   Held-out      Delta
  ---------------------------------------------------------
  auc_roc             0.7494     0.0079     0.7525    +0.0031
  auc_pr              0.6941     0.0078     0.6865    -0.0076
  accuracy            0.6837     0.0082     0.6876    +0.0039
  f1                  0.6578     0.0097     0.6605    +0.0027
  mcc                 0.3660     0.0163     0.3741    +0.0080
  sensitivity         0.6870     0.0097     0.6946    +0.0076
  specificity         0.6812     0.0096     0.6822    +0.0010
  ppv                 0.6311     0.0125     0.6297    -0.0014
  npv                 0.7328     0.0080     0.7417    +0.0089

Results saved: /home/hilarius/special_course/special_course_spring2026/models/cv_results_lr_handcrafted_sparse_esmc_20260506_155022.json
Best model saved: /home/hilarius/special_course/special_course_spring2026/models/best_lr_handcrafted_sparse_esmc_model.pkl
Fold artifacts saved: /home/hilarius/special_course/special_course_spring2026/models/best_lr_handcrafted_sparse_esmc_artifacts.pkl
Feature names saved: /home/hilarius/special_course/special_course_spring2026/models/lr_handcrafted_sparse_esmc_feature_names.json

================================================================================
RUN SUMMARY
================================================================================
  Total runtime:    95.3s (1.6 min)
  Model:            Logistic Regression (lr)
  Feature set:      Structural + one-hot + ESM-C (handcrafted_sparse_esmc)
  Components:       ['handcrafted', 'sparse', 'esmc']
  Scaling:          yes
  Features (final): 781
    CSV features:   631
    esmc PCA:     150
  CV folds:         5
  Best fold:        0 (AUC = 0.7611)
  Held-out AUC:     0.7525
  Held-out MCC:     0.3741
  Models dir:       /home/hilarius/special_course/special_course_spring2026/models/
  Results file:     /home/hilarius/special_course/special_course_spring2026/models/cv_results_lr_handcrafted_sparse_esmc_20260506_155022.json
  Feature names:    /home/hilarius/special_course/special_course_spring2026/models/lr_handcrafted_sparse_esmc_feature_names.json
  Log file:         /home/hilarius/special_course/special_course_spring2026/logs/04_modelling_lr_handcrafted_sparse_esmc_log_20260506_155022.txt
  Completed:        2026-05-06 15:51:58
================================================================================

############################################################
>>> $1
>>> CMD: python 04_modelling.py --model lr --features handcrafted_blosum_esmc
############################################################
[OK] Data file found: /home/hilarius/special_course/special_course_spring2026/data/processed/df_all.csv
[OK] Config validated: 5-fold CV + 1 held-out = 6 buckets
     Project root:  /home/hilarius/special_course/special_course_spring2026
     Data dir:      /home/hilarius/special_course/special_course_spring2026/data/processed
     Embedding dir: /home/hilarius/special_course/special_course_spring2026/data/processed/embeddings
     Log dir:       /home/hilarius/special_course/special_course_spring2026/logs
     Model dir:     /home/hilarius/special_course/special_course_spring2026/models
     Models:        lr, rf
     Feature sets:  all_blosum, all_sparse, esmc, esmif, esmif_hybrid, esmif_hybrid_20_fb, esmif_hybrid_40_fb, esmif_hybrid_60_fb, esmif_hybrid_80_fb, handcrafted, handcrafted_blosum, handcrafted_blosum_esmc, handcrafted_blosum_esmif, handcrafted_sparse, handcrafted_sparse_esmc, handcrafted_sparse_esmif, handcrafted_sparse_esmif_h20fb, handcrafted_sparse_esmif_h40fb, handcrafted_sparse_esmif_h60fb, handcrafted_sparse_esmif_h80fb, handcrafted_sparse_esmif_hybrid
     Components:    blosum, esmc, esmif, esmif_hybrid, esmif_hybrid_20_fb, esmif_hybrid_40_fb, esmif_hybrid_60_fb, esmif_hybrid_80_fb, handcrafted, sparse
================================================================================
  04_MODELLING -- LOGISTIC REGRESSION + STRUCTURAL + BLOSUM50 + ESM-C
================================================================================
  Timestamp:       2026-05-06 15:51:59
  Model key:       lr
  Model class:     sklearn.linear_model.LogisticRegression
  Feature set:     handcrafted_blosum_esmc (Structural + BLOSUM50 + ESM-C)
  Components:      ['handcrafted', 'blosum', 'esmc']
  Data path:       /home/hilarius/special_course/special_course_spring2026/data/processed/df_all_with_folds.csv
  Log path:        /home/hilarius/special_course/special_course_spring2026/logs/04_modelling_lr_handcrafted_blosum_esmc_log_20260506_155159.txt
  CV folds (k):    5
  Held-out bucket: 5
  Random state:    42
  Needs scaling:   True

  Model hyperparameters:
    penalty                   None
    solver                    lbfgs
    max_iter                  5000
    class_weight              balanced
    random_state              42
    verbose                   0
================================================================================

Loading split data: /home/hilarius/special_course/special_course_spring2026/data/processed/df_all_with_folds.csv
  Shape: 53072 rows x 88 columns
  [OK] Fold column validated: [np.int64(0), np.int64(1), np.int64(2), np.int64(3), np.int64(4), np.int64(5)]

================================================================================
LOADING FEATURE COMPONENTS
================================================================================

  Loading CSV component: BLOSUM50 AA encoding
    Loading: df_all_blosum50.csv
    Shape: 53072 rows x 650 columns
    [OK] Alignment verified
    New columns: 580

  Merged 580 new columns → 53072 rows x 668 columns

  Loading embedding component: ESM-C (600M) embeddings
    Loading prepared embeddings: /home/hilarius/special_course/special_course_spring2026/data/processed/embeddings_prepared/esmc_prepared.h5
    Loaded: 53072 samples, 3 regions, dim=1152

================================================================================
COMPONENT SUMMARY
================================================================================

  CSV components (2):
    [handcrafted] Structural features
      Source: split_data (built-in)
    [blosum] BLOSUM50 AA encoding
      Source: /home/hilarius/special_course/special_course_spring2026/data/processed/df_all_blosum50.csv
      New columns added: 580
  Total CSV features: 631
    Structural: 51
    AA-encoded: 580

  Embedding components (1):
    [esmc] ESM-C (600M) embeddings
      Raw dim: 3456 (3 regions × 1152)
      After PCA: 150 (50/region × 3 regions)

  Estimated total features: ~781
    CSV:        631
    Embeddings: 150 (after PCA)

================================================================================
PIPELINE READY: ~781 features, 5 folds, Logistic Regression
================================================================================

--------------------------------------------------------------------------------
  FOLD 0/4
--------------------------------------------------------------------------------
    WARNING: X_train: 83391 NaN values replaced with medians
    WARNING: X_test: 10976 NaN values replaced with medians
    CSV features: 631 columns
    esmc: zero-vector samples: train=0/35381 (0.0%), test=0/8846 (0.0%)
    esmc: PCA 3456 → 150 (50/region × 3 regions, 86.7% variance, fitted on 35381 non-zero samples)
    Train:  35381 samples (pos=15617, neg=19764, ratio=1.266)
    Test:    8846 samples (pos=3954, neg=4892, ratio=1.237)
    Features: 781
    Training Logistic Regression ...
    Training time: 10.9s

    Fold 0 results (23.2s):
      AUC-ROC: 0.7609  |  AUC-PR: 0.7072  |  Acc: 0.6966  |  F1: 0.6737  |  MCC: 0.3920
      Sens: 0.7008  |  Spec: 0.6932  |  PPV: 0.6486  |  NPV: 0.7414

    Top 15 feature coefficients:
    Rank   Feature                                        Coefficient
    -----------------------------------------------------------------
    1      rel_distance_from_n_terminus                     -6.149771
    2      rel_distance_from_c_terminus                     -6.136968
    3      P8_V                                              1.236069
    4      P9_M                                             -1.153169
    5      P2_R                                             -1.084761
    6      P8_I                                             -1.021716
    7      C4_I                                             -0.994344
    8      P9_D                                             -0.973993
    9      P9_V                                              0.949379
    10     C1_V                                              0.944753
    11     P3_V                                             -0.936547
    12     C5_I                                              0.930738
    13     P9_N                                             -0.927141
    14     N9_I                                              0.880005
    15     P9_H                                              0.876986
    Saved model: /home/hilarius/special_course/special_course_spring2026/models/lr_handcrafted_blosum_esmc_model_fold0.pkl

--------------------------------------------------------------------------------
  FOLD 1/4
--------------------------------------------------------------------------------
    WARNING: X_train: 69530 NaN values replaced with medians
    WARNING: X_test: 24837 NaN values replaced with medians
    CSV features: 631 columns
    esmc: zero-vector samples: train=0/35381 (0.0%), test=0/8846 (0.0%)
    esmc: PCA 3456 → 150 (50/region × 3 regions, 86.8% variance, fitted on 35381 non-zero samples)
    Train:  35381 samples (pos=15634, neg=19747, ratio=1.263)
    Test:    8846 samples (pos=3937, neg=4909, ratio=1.247)
    Features: 781
    Training Logistic Regression ...
    Training time: 12.5s

    Fold 1 results (24.2s):
      AUC-ROC: 0.7395  |  AUC-PR: 0.6854  |  Acc: 0.6764  |  F1: 0.6516  |  MCC: 0.3515
      Sens: 0.6800  |  Spec: 0.6735  |  PPV: 0.6255  |  NPV: 0.7240

    Top 15 feature coefficients:
    Rank   Feature                                        Coefficient
    -----------------------------------------------------------------
    1      rel_distance_from_n_terminus                     -6.403578
    2      rel_distance_from_c_terminus                     -6.378889
    3      P9_M                                             -1.429524
    4      P8_V                                              1.408060
    5      N9_I                                              1.131752
    6      P8_I                                             -1.123597
    7      P9_D                                             -1.118655
    8      C1_V                                              1.048431
    9      P2_R                                             -1.042713
    10     P9_H                                              0.998853
    11     P3_V                                             -0.992890
    12     C5_I                                              0.933732
    13     P9_N                                             -0.916975
    14     P9_V                                              0.853017
    15     P9_Q                                              0.851190
    Saved model: /home/hilarius/special_course/special_course_spring2026/models/lr_handcrafted_blosum_esmc_model_fold1.pkl

--------------------------------------------------------------------------------
  FOLD 2/4
--------------------------------------------------------------------------------
    WARNING: X_train: 69922 NaN values replaced with medians
    WARNING: X_test: 24445 NaN values replaced with medians
    CSV features: 631 columns
    esmc: zero-vector samples: train=0/35382 (0.0%), test=0/8845 (0.0%)
    esmc: PCA 3456 → 150 (50/region × 3 regions, 86.5% variance, fitted on 35382 non-zero samples)
    Train:  35382 samples (pos=15645, neg=19737, ratio=1.262)
    Test:    8845 samples (pos=3926, neg=4919, ratio=1.253)
    Features: 781
    Training Logistic Regression ...
    Training time: 12.0s

    Fold 2 results (25.0s):
      AUC-ROC: 0.7411  |  AUC-PR: 0.6873  |  Acc: 0.6771  |  F1: 0.6485  |  MCC: 0.3512
      Sens: 0.6712  |  Spec: 0.6818  |  PPV: 0.6274  |  NPV: 0.7221

    Top 15 feature coefficients:
    Rank   Feature                                        Coefficient
    -----------------------------------------------------------------
    1      rel_distance_from_n_terminus                     -6.442098
    2      rel_distance_from_c_terminus                     -6.420866
    3      N9_I                                              1.176986
    4      P8_V                                              1.128446
    5      P9_W                                              0.996135
    6      P9_M                                             -0.954126
    7      C4_I                                             -0.929005
    8      P9_Q                                              0.926087
    9      P8_I                                             -0.922232
    10     C1_V                                              0.899522
    11     N3_I                                             -0.797072
    12     P2_R                                             -0.785226
    13     C1_R                                              0.774501
    14     P9_D                                             -0.770198
    15     N9_V                                             -0.727165
    Saved model: /home/hilarius/special_course/special_course_spring2026/models/lr_handcrafted_blosum_esmc_model_fold2.pkl

--------------------------------------------------------------------------------
  FOLD 3/4
--------------------------------------------------------------------------------
    WARNING: X_train: 74842 NaN values replaced with medians
    WARNING: X_test: 19525 NaN values replaced with medians
    CSV features: 631 columns
    esmc: zero-vector samples: train=0/35382 (0.0%), test=0/8845 (0.0%)
    esmc: PCA 3456 → 150 (50/region × 3 regions, 86.7% variance, fitted on 35382 non-zero samples)
    Train:  35382 samples (pos=15635, neg=19747, ratio=1.263)
    Test:    8845 samples (pos=3936, neg=4909, ratio=1.247)
    Features: 781
    Training Logistic Regression ...
    Training time: 12.6s

    Fold 3 results (22.8s):
      AUC-ROC: 0.7520  |  AUC-PR: 0.6976  |  Acc: 0.6885  |  F1: 0.6638  |  MCC: 0.3755
      Sens: 0.6911  |  Spec: 0.6865  |  PPV: 0.6386  |  NPV: 0.7348

    Top 15 feature coefficients:
    Rank   Feature                                        Coefficient
    -----------------------------------------------------------------
    1      rel_distance_from_n_terminus                     -6.833205
    2      rel_distance_from_c_terminus                     -6.817455
    3      P8_V                                              1.462571
    4      P9_M                                             -1.458043
    5      P2_R                                             -1.190035
    6      P8_I                                             -1.172988
    7      C1_V                                              1.149924
    8      N2_I                                             -1.069988
    9      C4_I                                             -0.991589
    10     P2_K                                             -0.975075
    11     P9_D                                             -0.974871
    12     P9_Q                                              0.946523
    13     P9_H                                              0.944745
    14     P3_V                                             -0.936384
    15     C5_I                                              0.928296
    Saved model: /home/hilarius/special_course/special_course_spring2026/models/lr_handcrafted_blosum_esmc_model_fold3.pkl

--------------------------------------------------------------------------------
  FOLD 4/4
--------------------------------------------------------------------------------
    WARNING: X_train: 79783 NaN values replaced with medians
    WARNING: X_test: 14584 NaN values replaced with medians
    CSV features: 631 columns
    esmc: zero-vector samples: train=0/35382 (0.0%), test=0/8845 (0.0%)
    esmc: PCA 3456 → 150 (50/region × 3 regions, 86.7% variance, fitted on 35382 non-zero samples)
    Train:  35382 samples (pos=15753, neg=19629, ratio=1.246)
    Test:    8845 samples (pos=3818, neg=5027, ratio=1.317)
    Features: 781
    Training Logistic Regression ...
    Training time: 13.0s

    Fold 4 results (24.7s):
      AUC-ROC: 0.7529  |  AUC-PR: 0.6937  |  Acc: 0.6793  |  F1: 0.6507  |  MCC: 0.3584
      Sens: 0.6922  |  Spec: 0.6694  |  PPV: 0.6139  |  NPV: 0.7412

    Top 15 feature coefficients:
    Rank   Feature                                        Coefficient
    -----------------------------------------------------------------
    1      rel_distance_from_n_terminus                     -6.867750
    2      rel_distance_from_c_terminus                     -6.824468
    3      P8_V                                              1.166652
    4      P2_R                                             -1.155399
    5      P9_M                                             -1.106104
    6      C1_V                                              1.058013
    7      N3_I                                             -0.971194
    8      P8_I                                             -0.915984
    9      C5_I                                              0.888291
    10     P3_V                                             -0.863859
    11     P2_K                                             -0.835199
    12     P9_D                                             -0.777699
    13     P2_P                                              0.771640
    14     N9_I                                              0.765129
    15     P9_H                                              0.760818
    Saved model: /home/hilarius/special_course/special_course_spring2026/models/lr_handcrafted_blosum_esmc_model_fold4.pkl

================================================================================
CROSS-VALIDATION SUMMARY (mean +/- std)
================================================================================
  auc_roc         0.7493 +/- 0.0080    [0.7609  0.7395  0.7411  0.7520  0.7529]
  auc_pr          0.6943 +/- 0.0078    [0.7072  0.6854  0.6873  0.6976  0.6937]
  accuracy        0.6836 +/- 0.0078    [0.6966  0.6764  0.6771  0.6885  0.6793]
  f1              0.6577 +/- 0.0096    [0.6737  0.6516  0.6485  0.6638  0.6507]
  mcc             0.3657 +/- 0.0158    [0.3920  0.3515  0.3512  0.3755  0.3584]
  sensitivity     0.6870 +/- 0.0103    [0.7008  0.6800  0.6712  0.6911  0.6922]
  specificity     0.6809 +/- 0.0086    [0.6932  0.6735  0.6818  0.6865  0.6694]
  ppv             0.6308 +/- 0.0119    [0.6486  0.6255  0.6274  0.6386  0.6139]
  npv             0.7327 +/- 0.0082    [0.7414  0.7240  0.7221  0.7348  0.7412]

  Best fold: 0 (AUC-ROC = 0.7609)

================================================================================
PER-FOLD METRIC COMPARISON
================================================================================
  Fold    auc_roc      auc_pr       accuracy     f1           mcc          sensitivity  specificity  ppv          npv          
  -----------------------------------------------------------------------------------------------------------------------------
  0       0.7609       0.7072       0.6966       0.6737       0.3920       0.7008       0.6932       0.6486       0.7414       
  1       0.7395       0.6854       0.6764       0.6516       0.3515       0.6800       0.6735       0.6255       0.7240       
  2       0.7411       0.6873       0.6771       0.6485       0.3512       0.6712       0.6818       0.6274       0.7221       
  3       0.7520       0.6976       0.6885       0.6638       0.3755       0.6911       0.6865       0.6386       0.7348       
  4       0.7529       0.6937       0.6793       0.6507       0.3584       0.6922       0.6694       0.6139       0.7412       
  -----------------------------------------------------------------------------------------------------------------------------
  mean    0.7493       0.6943       0.6836       0.6577       0.3657       0.6870       0.6809       0.6308       0.7327       
  std     0.0080       0.0078       0.0078       0.0096       0.0158       0.0103       0.0086       0.0119       0.0082       

================================================================================
AVERAGED COEFFICIENTS ACROSS ALL FOLDS
================================================================================
  Rank   Feature                                          Mean Coef          Std
  -----------------------------------------------------------------------------
  1      rel_distance_from_n_terminus                     -6.539280     0.273445
  2      rel_distance_from_c_terminus                     -6.515729     0.267411
  3      P8_V                                              1.280359     0.132271
  4      P9_M                                             -1.220193     0.194264
  5      P2_R                                             -1.051627     0.142879
  6      P8_I                                             -1.031303     0.103807
  7      C1_V                                              1.020128     0.088669
  8      N9_I                                              0.961177     0.162856
  9      P9_D                                             -0.923083     0.132690
  10     C5_I                                              0.869840     0.102205
  11     P3_V                                             -0.861643     0.147363
  12     P9_N                                             -0.795554     0.105483
  13     P2_K                                             -0.794970     0.125684
  14     C4_I                                             -0.786322     0.230634
  15     P9_W                                              0.775006     0.126527
  16     P9_V                                              0.761839     0.160367
  17     P9_Q                                              0.737144     0.211668
  18     N2_I                                             -0.724630     0.180916
  19     P2_P                                              0.694136     0.155168
  20     C1_R                                              0.686512     0.061215
  21     C1_L                                              0.678305     0.043221
  22     P8_L                                              0.645081     0.044375
  23     N2_V                                              0.632566     0.094601
  24     P8_F                                              0.626820     0.063855
  25     P9_H                                              0.599859     0.596304
  26     P9_K                                              0.587612     0.207012
  27     P3_I                                              0.585475     0.108763
  28     P2_D                                              0.572338     0.070161
  29     P2_H                                              0.565546     0.136284
  30     C1_D                                              0.557238     0.033537

================================================================================
HELD-OUT VALIDATION SET EVALUATION
================================================================================
  Using model from best fold (0)
  Held-out samples: 8845 (pos=3870, neg=4975, ratio=1.286)

  Held-out results (8845 samples):
    AUC-ROC: 0.7528  |  AUC-PR: 0.6872  |  Acc: 0.6884  |  F1: 0.6613  |  MCC: 0.3756
    Sens: 0.6953  |  Spec: 0.6830  |  PPV: 0.6305  |  NPV: 0.7424

  Classification Report:
              precision    recall  f1-score   support

    Negative     0.7424    0.6830    0.7115      4975
    Positive     0.6305    0.6953    0.6613      3870

    accuracy                         0.6884      8845
   macro avg     0.6865    0.6892    0.6864      8845
weighted avg     0.6934    0.6884    0.6895      8845

================================================================================
CV AVERAGE vs HELD-OUT COMPARISON
================================================================================
  Metric             CV mean     CV std   Held-out      Delta
  ---------------------------------------------------------
  auc_roc             0.7493     0.0080     0.7528    +0.0034
  auc_pr              0.6943     0.0078     0.6872    -0.0071
  accuracy            0.6836     0.0078     0.6884    +0.0048
  f1                  0.6577     0.0096     0.6613    +0.0037
  mcc                 0.3657     0.0158     0.3756    +0.0099
  sensitivity         0.6870     0.0103     0.6953    +0.0083
  specificity         0.6809     0.0086     0.6830    +0.0021
  ppv                 0.6308     0.0119     0.6305    -0.0003
  npv                 0.7327     0.0082     0.7424    +0.0097

Results saved: /home/hilarius/special_course/special_course_spring2026/models/cv_results_lr_handcrafted_blosum_esmc_20260506_155159.json
Best model saved: /home/hilarius/special_course/special_course_spring2026/models/best_lr_handcrafted_blosum_esmc_model.pkl
Fold artifacts saved: /home/hilarius/special_course/special_course_spring2026/models/best_lr_handcrafted_blosum_esmc_artifacts.pkl
Feature names saved: /home/hilarius/special_course/special_course_spring2026/models/lr_handcrafted_blosum_esmc_feature_names.json

================================================================================
RUN SUMMARY
================================================================================
  Total runtime:    127.7s (2.1 min)
  Model:            Logistic Regression (lr)
  Feature set:      Structural + BLOSUM50 + ESM-C (handcrafted_blosum_esmc)
  Components:       ['handcrafted', 'blosum', 'esmc']
  Scaling:          yes
  Features (final): 781
    CSV features:   631
    esmc PCA:     150
  CV folds:         5
  Best fold:        0 (AUC = 0.7609)
  Held-out AUC:     0.7528
  Held-out MCC:     0.3756
  Models dir:       /home/hilarius/special_course/special_course_spring2026/models/
  Results file:     /home/hilarius/special_course/special_course_spring2026/models/cv_results_lr_handcrafted_blosum_esmc_20260506_155159.json
  Feature names:    /home/hilarius/special_course/special_course_spring2026/models/lr_handcrafted_blosum_esmc_feature_names.json
  Log file:         /home/hilarius/special_course/special_course_spring2026/logs/04_modelling_lr_handcrafted_blosum_esmc_log_20260506_155159.txt
  Completed:        2026-05-06 15:54:06
================================================================================

############################################################
>>> $1
>>> CMD: bash -c cd .. && python src/06_feature_importance.py --features 'esmc' --models lr rf --top 30 --top_compare 30 --top_big 70 --out_root 'results/figures/models/feature_importance_esmc_pca'
############################################################
Feature set:    esmc
Models:         ['lr', 'rf']
Top per-model:  30
Top comparison: 30
Top big plot:   70
Output dir:     results/figures/models/feature_importance_esmc_pca/esmc

============================================================
  Logistic Regression — esmc
============================================================
  Features: 150
  Fold 0: 150 weights loaded (signed)
  Fold 1: 150 weights loaded (signed)
  Fold 2: 150 weights loaded (signed)
  Fold 3: 150 weights loaded (signed)
  Fold 4: 150 weights loaded (signed)
  Saved: results/tables/esmc/feature_importance_lr_esmc.csv

  Feature Type               Count    Total |w|    Share
  -------------------------------------------------------
  embedding_pca                150       4.5029   100.0%

  Top 20 features:
    - esmc_PC001                                -0.2630  (embedding_pca)
    + esmc_PC019                                +0.2132  (embedding_pca)
    + esmc_PC018                                +0.1589  (embedding_pca)
    + esmc_PC015                                +0.1497  (embedding_pca)
    - esmc_PC003                                -0.1232  (embedding_pca)
    + esmc_PC023                                +0.1082  (embedding_pca)
    + esmc_PC011                                +0.0965  (embedding_pca)
    - esmc_PC007                                -0.0961  (embedding_pca)
    - esmc_PC010                                -0.0891  (embedding_pca)
    - esmc_PC067                                -0.0831  (embedding_pca)
    - esmc_PC038                                -0.0793  (embedding_pca)
    - esmc_PC004                                -0.0778  (embedding_pca)
    - esmc_PC021                                -0.0774  (embedding_pca)
    + esmc_PC006                                +0.0685  (embedding_pca)
    - esmc_PC047                                -0.0608  (embedding_pca)
    + esmc_PC032                                +0.0600  (embedding_pca)
    - esmc_PC098                                -0.0587  (embedding_pca)
    - esmc_PC026                                -0.0542  (embedding_pca)
    - esmc_PC117                                -0.0541  (embedding_pca)
    - esmc_PC037                                -0.0497  (embedding_pca)
  Saved: results/figures/models/feature_importance_esmc_pca/esmc/feature_importance_lr_esmc_top30.png

============================================================
  Random Forest — esmc
============================================================
  Features: 150
  Fold 0: 150 weights loaded (unsigned)
  Fold 1: 150 weights loaded (unsigned)
  Fold 2: 150 weights loaded (unsigned)
  Fold 3: 150 weights loaded (unsigned)
  Fold 4: 150 weights loaded (unsigned)
  Saved: results/tables/esmc/feature_importance_rf_esmc.csv

  Feature Type               Count    Total |w|    Share
  -------------------------------------------------------
  embedding_pca                150       1.0000   100.0%

  Top 20 features:
      esmc_PC001                                0.0126  (embedding_pca)
      esmc_PC019                                0.0112  (embedding_pca)
      esmc_PC013                                0.0089  (embedding_pca)
      esmc_PC006                                0.0086  (embedding_pca)
      esmc_PC003                                0.0085  (embedding_pca)
      esmc_PC018                                0.0081  (embedding_pca)
      esmc_PC015                                0.0079  (embedding_pca)
      esmc_PC007                                0.0079  (embedding_pca)
      esmc_PC020                                0.0076  (embedding_pca)
      esmc_PC023                                0.0076  (embedding_pca)
      esmc_PC039                                0.0076  (embedding_pca)
      esmc_PC016                                0.0075  (embedding_pca)
      esmc_PC011                                0.0075  (embedding_pca)
      esmc_PC010                                0.0073  (embedding_pca)
      esmc_PC002                                0.0072  (embedding_pca)
      esmc_PC060                                0.0071  (embedding_pca)
      esmc_PC036                                0.0071  (embedding_pca)
      esmc_PC040                                0.0071  (embedding_pca)
      esmc_PC017                                0.0071  (embedding_pca)
      esmc_PC064                                0.0071  (embedding_pca)
  Saved: results/figures/models/feature_importance_esmc_pca/esmc/feature_importance_rf_esmc_top30.png

============================================================
  COMPARISON PLOTS (top 30)
============================================================
  Saved: results/figures/models/feature_importance_esmc_pca/esmc/feature_importance_comparison_lr_vs_rf_esmc_top30.png

============================================================
  BIG COMPARISON PLOT (top 70)
============================================================
  Saved: results/figures/models/feature_importance_esmc_pca/esmc/feature_importance_comparison_lr_vs_rf_esmc_top70_BIG.png

Done. All outputs in: results/figures/models/feature_importance_esmc_pca/esmc

############################################################
>>> $1
>>> CMD: bash -c cd .. && python src/06_feature_importance.py --features 'handcrafted_sparse_esmc' --models lr rf --top 30 --top_compare 30 --top_big 70 --out_root 'results/figures/models/feature_importance_esmc_pca'
############################################################
Feature set:    handcrafted_sparse_esmc
Models:         ['lr', 'rf']
Top per-model:  30
Top comparison: 30
Top big plot:   70
Output dir:     results/figures/models/feature_importance_esmc_pca/handcrafted_sparse_esmc

============================================================
  Logistic Regression — handcrafted_sparse_esmc
============================================================
  Features: 781
  Fold 0: 781 weights loaded (signed)
  Fold 1: 781 weights loaded (signed)
  Fold 2: 781 weights loaded (signed)
  Fold 3: 781 weights loaded (signed)
  Fold 4: 781 weights loaded (signed)
  Saved: results/tables/handcrafted_sparse_esmc/feature_importance_lr_handcrafted_sparse_esmc.csv

  Feature Type               Count    Total |w|    Share
  -------------------------------------------------------
  aa_encoding                  340      40.3065    54.0%
  embedding_pca                150       3.8464     5.2%
  handcrafted                  291      30.5076    40.9%

  Top 20 features:
    - rel_distance_from_n_terminus              -6.8811  (handcrafted)
    - rel_distance_from_c_terminus              -6.8572  (handcrafted)
    - C1_L                                      -1.0766  (aa_encoding)
    - C1_E                                      -0.8262  (aa_encoding)
    - C1_V                                      -0.7941  (aa_encoding)
    - C1_I                                      -0.7691  (aa_encoding)
    - C1_P                                      -0.7687  (aa_encoding)
    - C1_D                                      -0.7412  (aa_encoding)
    - C1_S                                      -0.7273  (aa_encoding)
    - C1_A                                      -0.7065  (aa_encoding)
    - C1_G                                      -0.7065  (aa_encoding)
    + P2_W                                      +0.7024  (aa_encoding)
    - C1_F                                      -0.6882  (aa_encoding)
    - C1_T                                      -0.6878  (aa_encoding)
    - C1_Q                                      -0.6835  (aa_encoding)
    - C1_K                                      -0.6827  (aa_encoding)
    - C1_R                                      -0.6520  (aa_encoding)
    - C1_N                                      -0.5853  (aa_encoding)
    - C1_Y                                      -0.5321  (aa_encoding)
    - P2_K                                      -0.4897  (aa_encoding)
  Saved: results/figures/models/feature_importance_esmc_pca/handcrafted_sparse_esmc/feature_importance_lr_handcrafted_sparse_esmc_top30.png

============================================================
  Random Forest — handcrafted_sparse_esmc
============================================================
  Features: 781
  Fold 0: 781 weights loaded (unsigned)
  Fold 1: 781 weights loaded (unsigned)
  Fold 2: 781 weights loaded (unsigned)
  Fold 3: 781 weights loaded (unsigned)
  Fold 4: 781 weights loaded (unsigned)
  Saved: results/tables/handcrafted_sparse_esmc/feature_importance_rf_handcrafted_sparse_esmc.csv

  Feature Type               Count    Total |w|    Share
  -------------------------------------------------------
  aa_encoding                  340       0.1017    10.2%
  embedding_pca                150       0.7615    76.1%
  handcrafted                  291       0.1368    13.7%

  Top 20 features:
      esmc_PC001                                0.0084  (embedding_pca)
      esmc_PC019                                0.0079  (embedding_pca)
      mean_plddt_peptide                        0.0074  (handcrafted)
      mean_plddt_nflank                         0.0073  (handcrafted)
      mean_plddt_cflank                         0.0069  (handcrafted)
      esmc_PC013                                0.0064  (embedding_pca)
      esmc_PC003                                0.0063  (embedding_pca)
      esmc_PC018                                0.0060  (embedding_pca)
      esmc_PC006                                0.0060  (embedding_pca)
      esmc_PC007                                0.0059  (embedding_pca)
      esmc_PC015                                0.0058  (embedding_pca)
      esmc_PC011                                0.0057  (embedding_pca)
      esmc_PC016                                0.0056  (embedding_pca)
      esmc_PC010                                0.0055  (embedding_pca)
      esmc_PC020                                0.0055  (embedding_pca)
      esmc_PC039                                0.0055  (embedding_pca)
      esmc_PC002                                0.0055  (embedding_pca)
      mean_rsa_cflank                           0.0054  (handcrafted)
      esmc_PC036                                0.0054  (embedding_pca)
      esmc_PC046                                0.0054  (embedding_pca)
  Saved: results/figures/models/feature_importance_esmc_pca/handcrafted_sparse_esmc/feature_importance_rf_handcrafted_sparse_esmc_top30.png

============================================================
  COMPARISON PLOTS (top 30)
============================================================
  Saved: results/figures/models/feature_importance_esmc_pca/handcrafted_sparse_esmc/feature_importance_comparison_lr_vs_rf_handcrafted_sparse_esmc_top30.png

============================================================
  BIG COMPARISON PLOT (top 70)
============================================================
  Saved: results/figures/models/feature_importance_esmc_pca/handcrafted_sparse_esmc/feature_importance_comparison_lr_vs_rf_handcrafted_sparse_esmc_top70_BIG.png

Done. All outputs in: results/figures/models/feature_importance_esmc_pca/handcrafted_sparse_esmc

############################################################
>>> $1
>>> CMD: bash -c cd .. && python src/06_feature_importance.py --features 'handcrafted_blosum_esmc' --models lr rf --top 30 --top_compare 30 --top_big 70 --out_root 'results/figures/models/feature_importance_esmc_pca'
############################################################
Feature set:    handcrafted_blosum_esmc
Models:         ['lr', 'rf']
Top per-model:  30
Top comparison: 30
Top big plot:   70
Output dir:     results/figures/models/feature_importance_esmc_pca/handcrafted_blosum_esmc

============================================================
  Logistic Regression — handcrafted_blosum_esmc
============================================================
  Features: 781
  Fold 0: 781 weights loaded (signed)
  Fold 1: 781 weights loaded (signed)
  Fold 2: 781 weights loaded (signed)
  Fold 3: 781 weights loaded (signed)
  Fold 4: 781 weights loaded (signed)
  Saved: results/tables/handcrafted_blosum_esmc/feature_importance_lr_handcrafted_blosum_esmc.csv

  Feature Type               Count    Total |w|    Share
  -------------------------------------------------------
  aa_encoding                  340      64.4580    63.9%
  embedding_pca                150       3.8579     3.8%
  handcrafted                  291      32.5805    32.3%

  Top 20 features:
    - rel_distance_from_n_terminus              -6.5393  (handcrafted)
    - rel_distance_from_c_terminus              -6.5157  (handcrafted)
    + P8_V                                      +1.2804  (aa_encoding)
    - P9_M                                      -1.2202  (aa_encoding)
    - P2_R                                      -1.0516  (aa_encoding)
    - P8_I                                      -1.0313  (aa_encoding)
    + C1_V                                      +1.0201  (aa_encoding)
    + N9_I                                      +0.9612  (handcrafted)
    - P9_D                                      -0.9231  (aa_encoding)
    + C5_I                                      +0.8698  (handcrafted)
    - P3_V                                      -0.8616  (aa_encoding)
    - P9_N                                      -0.7956  (aa_encoding)
    - P2_K                                      -0.7950  (aa_encoding)
    - C4_I                                      -0.7863  (aa_encoding)
    + P9_W                                      +0.7750  (aa_encoding)
    + P9_V                                      +0.7618  (aa_encoding)
    + P9_Q                                      +0.7371  (aa_encoding)
    - N2_I                                      -0.7246  (aa_encoding)
    + P2_P                                      +0.6941  (aa_encoding)
    + C1_R                                      +0.6865  (aa_encoding)
  Saved: results/figures/models/feature_importance_esmc_pca/handcrafted_blosum_esmc/feature_importance_lr_handcrafted_blosum_esmc_top30.png

============================================================
  Random Forest — handcrafted_blosum_esmc
============================================================
  Features: 781
  Fold 0: 781 weights loaded (unsigned)
  Fold 1: 781 weights loaded (unsigned)
  Fold 2: 781 weights loaded (unsigned)
  Fold 3: 781 weights loaded (unsigned)
  Fold 4: 781 weights loaded (unsigned)
  Saved: results/tables/handcrafted_blosum_esmc/feature_importance_rf_handcrafted_blosum_esmc.csv

  Feature Type               Count    Total |w|    Share
  -------------------------------------------------------
  aa_encoding                  340       0.3117    31.2%
  embedding_pca                150       0.4405    44.0%
  handcrafted                  291       0.2478    24.8%

  Top 20 features:
      esmc_PC001                                0.0063  (embedding_pca)
      esmc_PC019                                0.0055  (embedding_pca)
      mean_plddt_peptide                        0.0053  (handcrafted)
      mean_plddt_nflank                         0.0049  (handcrafted)
      mean_plddt_cflank                         0.0045  (handcrafted)
      esmc_PC013                                0.0038  (embedding_pca)
      esmc_PC018                                0.0038  (embedding_pca)
      esmc_PC015                                0.0036  (embedding_pca)
      esmc_PC003                                0.0035  (embedding_pca)
      esmc_PC016                                0.0034  (embedding_pca)
      esmc_PC006                                0.0033  (embedding_pca)
      esmc_PC011                                0.0033  (embedding_pca)
      esmc_PC010                                0.0033  (embedding_pca)
      esmc_PC020                                0.0033  (embedding_pca)
      esmc_PC046                                0.0032  (embedding_pca)
      esmc_PC039                                0.0032  (embedding_pca)
      esmc_PC036                                0.0031  (embedding_pca)
      esmc_PC007                                0.0031  (embedding_pca)
      esmc_PC064                                0.0031  (embedding_pca)
      esmc_PC038                                0.0031  (embedding_pca)
  Saved: results/figures/models/feature_importance_esmc_pca/handcrafted_blosum_esmc/feature_importance_rf_handcrafted_blosum_esmc_top30.png

============================================================
  COMPARISON PLOTS (top 30)
============================================================
  Saved: results/figures/models/feature_importance_esmc_pca/handcrafted_blosum_esmc/feature_importance_comparison_lr_vs_rf_handcrafted_blosum_esmc_top30.png

============================================================
  BIG COMPARISON PLOT (top 70)
============================================================
  Saved: results/figures/models/feature_importance_esmc_pca/handcrafted_blosum_esmc/feature_importance_comparison_lr_vs_rf_handcrafted_blosum_esmc_top70_BIG.png

Done. All outputs in: results/figures/models/feature_importance_esmc_pca/handcrafted_blosum_esmc

############################################################
>>> $1
>>> CMD: python 04_modelling.py --model rf --features esmc --pca 1152
############################################################
[OK] Data file found: /home/hilarius/special_course/special_course_spring2026/data/processed/df_all.csv
[OK] Config validated: 5-fold CV + 1 held-out = 6 buckets
     Project root:  /home/hilarius/special_course/special_course_spring2026
     Data dir:      /home/hilarius/special_course/special_course_spring2026/data/processed
     Embedding dir: /home/hilarius/special_course/special_course_spring2026/data/processed/embeddings
     Log dir:       /home/hilarius/special_course/special_course_spring2026/logs
     Model dir:     /home/hilarius/special_course/special_course_spring2026/models
     Models:        lr, rf
     Feature sets:  all_blosum, all_sparse, esmc, esmif, esmif_hybrid, esmif_hybrid_20_fb, esmif_hybrid_40_fb, esmif_hybrid_60_fb, esmif_hybrid_80_fb, handcrafted, handcrafted_blosum, handcrafted_blosum_esmc, handcrafted_blosum_esmif, handcrafted_sparse, handcrafted_sparse_esmc, handcrafted_sparse_esmif, handcrafted_sparse_esmif_h20fb, handcrafted_sparse_esmif_h40fb, handcrafted_sparse_esmif_h60fb, handcrafted_sparse_esmif_h80fb, handcrafted_sparse_esmif_hybrid
     Components:    blosum, esmc, esmif, esmif_hybrid, esmif_hybrid_20_fb, esmif_hybrid_40_fb, esmif_hybrid_60_fb, esmif_hybrid_80_fb, handcrafted, sparse
  [CLI OVERRIDE] PCA components per region: 1152
================================================================================
  04_MODELLING -- RANDOM FOREST + ESM-C EMBEDDINGS ONLY
================================================================================
  Timestamp:       2026-05-06 15:54:47
  Model key:       rf
  Model class:     sklearn.ensemble.RandomForestClassifier
  Feature set:     esmc (ESM-C embeddings only)
  Components:      ['esmc']
  Data path:       /home/hilarius/special_course/special_course_spring2026/data/processed/df_all_with_folds.csv
  Log path:        /home/hilarius/special_course/special_course_spring2026/logs/04_modelling_rf_esmc_log_20260506_155447.txt
  CV folds (k):    5
  Held-out bucket: 5
  Random state:    42
  Needs scaling:   False

  Model hyperparameters:
    n_estimators              1000
    max_depth                 None
    min_samples_split         2
    min_samples_leaf          1
    max_features              sqrt
    class_weight              balanced
    n_jobs                    -1
    random_state              42
    verbose                   0
================================================================================

Loading split data: /home/hilarius/special_course/special_course_spring2026/data/processed/df_all_with_folds.csv
  Shape: 53072 rows x 88 columns
  [OK] Fold column validated: [np.int64(0), np.int64(1), np.int64(2), np.int64(3), np.int64(4), np.int64(5)]

================================================================================
LOADING FEATURE COMPONENTS
================================================================================

  Loading embedding component: ESM-C (600M) embeddings
    Loading prepared embeddings: /home/hilarius/special_course/special_course_spring2026/data/processed/embeddings_prepared/esmc_prepared.h5
    Loaded: 53072 samples, 3 regions, dim=1152

================================================================================
COMPONENT SUMMARY
================================================================================

  Embedding components (1):
    [esmc] ESM-C (600M) embeddings
      Raw dim: 3456 (3 regions × 1152)
      After PCA: 3456 (1152/region × 3 regions)

  Estimated total features: ~3456
    CSV:        0
    Embeddings: 3456 (after PCA)

================================================================================
PIPELINE READY: ~3456 features, 5 folds, Random Forest
================================================================================

--------------------------------------------------------------------------------
  FOLD 0/4
--------------------------------------------------------------------------------
    esmc: zero-vector samples: train=0/35381 (0.0%), test=0/8846 (0.0%)
    esmc: PCA 3456 → 3456 (1152/region × 3 regions, 100.0% variance, fitted on 35381 non-zero samples)
    Train:  35381 samples (pos=15617, neg=19764, ratio=1.266)
    Test:    8846 samples (pos=3954, neg=4892, ratio=1.237)
    Features: 3456
    Training Random Forest ...
    Training time: 263.4s

    Fold 0 results (346.8s):
      AUC-ROC: 0.5927  |  AUC-PR: 0.5322  |  Acc: 0.5566  |  F1: 0.0215  |  MCC: 0.0551
      Sens: 0.0109  |  Spec: 0.9978  |  PPV: 0.7963  |  NPV: 0.5552

    Top 15 feature importances:
    Rank   Feature                                         Importance
    -----------------------------------------------------------------
    1      esmc_PC001                                        0.002335
    2      esmc_PC019                                        0.001968
    3      esmc_PC006                                        0.001210
    4      esmc_PC029                                        0.001024
    5      esmc_PC013                                        0.000984
    6      esmc_PC003                                        0.000965
    7      esmc_PC015                                        0.000958
    8      esmc_PC011                                        0.000809
    9      esmc_PC007                                        0.000736
    10     esmc_PC017                                        0.000735
    11     esmc_PC039                                        0.000710
    12     esmc_PC033                                        0.000703
    13     esmc_PC010                                        0.000702
    14     esmc_PC027                                        0.000682
    15     esmc_PC023                                        0.000679
    Saved model: /home/hilarius/special_course/special_course_spring2026/models/rf_esmc_model_fold0.pkl

--------------------------------------------------------------------------------
  FOLD 1/4
--------------------------------------------------------------------------------
    esmc: zero-vector samples: train=0/35381 (0.0%), test=0/8846 (0.0%)
    esmc: PCA 3456 → 3456 (1152/region × 3 regions, 100.0% variance, fitted on 35381 non-zero samples)
    Train:  35381 samples (pos=15634, neg=19747, ratio=1.263)
    Test:    8846 samples (pos=3937, neg=4909, ratio=1.247)
    Features: 3456
    Training Random Forest ...
    Training time: 250.8s

    Fold 1 results (306.6s):
      AUC-ROC: 0.5846  |  AUC-PR: 0.5244  |  Acc: 0.5572  |  F1: 0.0180  |  MCC: 0.0383
      Sens: 0.0091  |  Spec: 0.9967  |  PPV: 0.6923  |  NPV: 0.5564

    Top 15 feature importances:
    Rank   Feature                                         Importance
    -----------------------------------------------------------------
    1      esmc_PC001                                        0.002475
    2      esmc_PC019                                        0.001636
    3      esmc_PC006                                        0.001140
    4      esmc_PC016                                        0.001084
    5      esmc_PC018                                        0.001079
    6      esmc_PC013                                        0.001054
    7      esmc_PC003                                        0.000966
    8      esmc_PC007                                        0.000760
    9      esmc_PC031                                        0.000747
    10     esmc_PC011                                        0.000743
    11     esmc_PC060                                        0.000738
    12     esmc_PC030                                        0.000737
    13     esmc_PC095                                        0.000727
    14     esmc_PC020                                        0.000720
    15     esmc_PC015                                        0.000714
    Saved model: /home/hilarius/special_course/special_course_spring2026/models/rf_esmc_model_fold1.pkl

--------------------------------------------------------------------------------
  FOLD 2/4
--------------------------------------------------------------------------------
    esmc: zero-vector samples: train=0/35382 (0.0%), test=0/8845 (0.0%)
    esmc: PCA 3456 → 3456 (1152/region × 3 regions, 100.0% variance, fitted on 35382 non-zero samples)
    Train:  35382 samples (pos=15645, neg=19737, ratio=1.262)
    Test:    8845 samples (pos=3926, neg=4919, ratio=1.253)
    Features: 3456
    Training Random Forest ...
    Training time: 244.5s

    Fold 2 results (299.7s):
      AUC-ROC: 0.6080  |  AUC-PR: 0.5435  |  Acc: 0.5587  |  F1: 0.0151  |  MCC: 0.0479
      Sens: 0.0076  |  Spec: 0.9986  |  PPV: 0.8108  |  NPV: 0.5577

    Top 15 feature importances:
    Rank   Feature                                         Importance
    -----------------------------------------------------------------
    1      esmc_PC001                                        0.001898
    2      esmc_PC018                                        0.001519
    3      esmc_PC006                                        0.001154
    4      esmc_PC019                                        0.000940
    5      esmc_PC064                                        0.000928
    6      esmc_PC007                                        0.000920
    7      esmc_PC013                                        0.000906
    8      esmc_PC003                                        0.000902
    9      esmc_PC011                                        0.000821
    10     esmc_PC059                                        0.000811
    11     esmc_PC036                                        0.000790
    12     esmc_PC020                                        0.000739
    13     esmc_PC038                                        0.000705
    14     esmc_PC015                                        0.000655
    15     esmc_PC129                                        0.000653
    Saved model: /home/hilarius/special_course/special_course_spring2026/models/rf_esmc_model_fold2.pkl

--------------------------------------------------------------------------------
  FOLD 3/4
--------------------------------------------------------------------------------
    esmc: zero-vector samples: train=0/35382 (0.0%), test=0/8845 (0.0%)
    esmc: PCA 3456 → 3456 (1152/region × 3 regions, 100.0% variance, fitted on 35382 non-zero samples)
    Train:  35382 samples (pos=15635, neg=19747, ratio=1.263)
    Test:    8845 samples (pos=3936, neg=4909, ratio=1.247)
    Features: 3456
    Training Random Forest ...
    Training time: 265.1s

    Fold 3 results (321.5s):
      AUC-ROC: 0.5957  |  AUC-PR: 0.5282  |  Acc: 0.5579  |  F1: 0.0245  |  MCC: 0.0429
      Sens: 0.0124  |  Spec: 0.9953  |  PPV: 0.6806  |  NPV: 0.5569

    Top 15 feature importances:
    Rank   Feature                                         Importance
    -----------------------------------------------------------------
    1      esmc_PC001                                        0.002456
    2      esmc_PC019                                        0.002435
    3      esmc_PC003                                        0.001077
    4      esmc_PC016                                        0.001058
    5      esmc_PC015                                        0.001031
    6      esmc_PC031                                        0.000882
    7      esmc_PC007                                        0.000870
    8      esmc_PC039                                        0.000846
    9      esmc_PC006                                        0.000820
    10     esmc_PC060                                        0.000805
    11     esmc_PC010                                        0.000763
    12     esmc_PC023                                        0.000728
    13     esmc_PC011                                        0.000713
    14     esmc_PC033                                        0.000711
    15     esmc_PC004                                        0.000711
    Saved model: /home/hilarius/special_course/special_course_spring2026/models/rf_esmc_model_fold3.pkl

--------------------------------------------------------------------------------
  FOLD 4/4
--------------------------------------------------------------------------------
    esmc: zero-vector samples: train=0/35382 (0.0%), test=0/8845 (0.0%)
    esmc: PCA 3456 → 3456 (1152/region × 3 regions, 100.0% variance, fitted on 35382 non-zero samples)
    Train:  35382 samples (pos=15753, neg=19629, ratio=1.246)
    Test:    8845 samples (pos=3818, neg=5027, ratio=1.317)
    Features: 3456
    Training Random Forest ...
    Training time: 272.7s

    Fold 4 results (341.4s):
      AUC-ROC: 0.5918  |  AUC-PR: 0.5240  |  Acc: 0.5712  |  F1: 0.0242  |  MCC: 0.0447
      Sens: 0.0123  |  Spec: 0.9956  |  PPV: 0.6812  |  NPV: 0.5703

    Top 15 feature importances:
    Rank   Feature                                         Importance
    -----------------------------------------------------------------
    1      esmc_PC001                                        0.002417
    2      esmc_PC019                                        0.001579
    3      esmc_PC003                                        0.001237
    4      esmc_PC030                                        0.001030
    5      esmc_PC016                                        0.000989
    6      esmc_PC015                                        0.000986
    7      esmc_PC013                                        0.000981
    8      esmc_PC006                                        0.000912
    9      esmc_PC018                                        0.000841
    10     esmc_PC010                                        0.000817
    11     esmc_PC007                                        0.000806
    12     esmc_PC098                                        0.000799
    13     esmc_PC023                                        0.000791
    14     esmc_PC020                                        0.000791
    15     esmc_PC033                                        0.000742
    Saved model: /home/hilarius/special_course/special_course_spring2026/models/rf_esmc_model_fold4.pkl

================================================================================
CROSS-VALIDATION SUMMARY (mean +/- std)
================================================================================
  auc_roc         0.5946 +/- 0.0076    [0.5927  0.5846  0.6080  0.5957  0.5918]
  auc_pr          0.5304 +/- 0.0071    [0.5322  0.5244  0.5435  0.5282  0.5240]
  accuracy        0.5603 +/- 0.0055    [0.5566  0.5572  0.5587  0.5579  0.5712]
  f1              0.0207 +/- 0.0036    [0.0215  0.0180  0.0151  0.0245  0.0242]
  mcc             0.0458 +/- 0.0056    [0.0551  0.0383  0.0479  0.0429  0.0447]
  sensitivity     0.0105 +/- 0.0019    [0.0109  0.0091  0.0076  0.0124  0.0123]
  specificity     0.9968 +/- 0.0012    [0.9978  0.9967  0.9986  0.9953  0.9956]
  ppv             0.7322 +/- 0.0586    [0.7963  0.6923  0.8108  0.6806  0.6812]
  npv             0.5593 +/- 0.0056    [0.5552  0.5564  0.5577  0.5569  0.5703]

  Best fold: 2 (AUC-ROC = 0.6080)

================================================================================
PER-FOLD METRIC COMPARISON
================================================================================
  Fold    auc_roc      auc_pr       accuracy     f1           mcc          sensitivity  specificity  ppv          npv          
  -----------------------------------------------------------------------------------------------------------------------------
  0       0.5927       0.5322       0.5566       0.0215       0.0551       0.0109       0.9978       0.7963       0.5552       
  1       0.5846       0.5244       0.5572       0.0180       0.0383       0.0091       0.9967       0.6923       0.5564       
  2       0.6080       0.5435       0.5587       0.0151       0.0479       0.0076       0.9986       0.8108       0.5577       
  3       0.5957       0.5282       0.5579       0.0245       0.0429       0.0124       0.9953       0.6806       0.5569       
  4       0.5918       0.5240       0.5712       0.0242       0.0447       0.0123       0.9956       0.6812       0.5703       
  -----------------------------------------------------------------------------------------------------------------------------
  mean    0.5946       0.5304       0.5603       0.0207       0.0458       0.0105       0.9968       0.7322       0.5593       
  std     0.0076       0.0071       0.0055       0.0036       0.0056       0.0019       0.0012       0.0586       0.0056       

================================================================================
AVERAGED FEATURE IMPORTANCE ACROSS ALL FOLDS
================================================================================
  Rank   Feature                                           Mean Imp          Std
  -----------------------------------------------------------------------------
  1      esmc_PC001                                        0.002316     0.000215
  2      esmc_PC019                                        0.001712     0.000492
  3      esmc_PC006                                        0.001047     0.000153
  4      esmc_PC003                                        0.001029     0.000118
  5      esmc_PC018                                        0.000952     0.000323
  6      esmc_PC013                                        0.000905     0.000160
  7      esmc_PC015                                        0.000869     0.000154
  8      esmc_PC016                                        0.000841     0.000252
  9      esmc_PC007                                        0.000818     0.000068
  10     esmc_PC011                                        0.000723     0.000105
  11     esmc_PC010                                        0.000716     0.000067
  12     esmc_PC020                                        0.000702     0.000063
  13     esmc_PC023                                        0.000685     0.000072
  14     esmc_PC033                                        0.000648     0.000136
  15     esmc_PC039                                        0.000638     0.000158
  16     esmc_PC030                                        0.000567     0.000279
  17     esmc_PC031                                        0.000562     0.000216
  18     esmc_PC060                                        0.000559     0.000183
  19     esmc_PC027                                        0.000554     0.000122
  20     esmc_PC002                                        0.000547     0.000021
  21     esmc_PC036                                        0.000540     0.000154
  22     esmc_PC064                                        0.000538     0.000204
  23     esmc_PC017                                        0.000516     0.000117
  24     esmc_PC004                                        0.000512     0.000133
  25     esmc_PC038                                        0.000505     0.000120
  26     esmc_PC061                                        0.000502     0.000047
  27     esmc_PC055                                        0.000498     0.000043
  28     esmc_PC098                                        0.000495     0.000161
  29     esmc_PC046                                        0.000495     0.000085
  30     esmc_PC095                                        0.000493     0.000147

================================================================================
HELD-OUT VALIDATION SET EVALUATION
================================================================================
  Using model from best fold (2)
  Held-out samples: 8845 (pos=3870, neg=4975, ratio=1.286)

  Held-out results (8845 samples):
    AUC-ROC: 0.5997  |  AUC-PR: 0.5248  |  Acc: 0.5651  |  F1: 0.0149  |  MCC: 0.0497
    Sens: 0.0075  |  Spec: 0.9988  |  PPV: 0.8286  |  NPV: 0.5640

  Classification Report:
              precision    recall  f1-score   support

    Negative     0.5640    0.9988    0.7209      4975
    Positive     0.8286    0.0075    0.0149      3870

    accuracy                         0.5651      8845
   macro avg     0.6963    0.5031    0.3679      8845
weighted avg     0.6798    0.5651    0.4120      8845

================================================================================
CV AVERAGE vs HELD-OUT COMPARISON
================================================================================
  Metric             CV mean     CV std   Held-out      Delta
  ---------------------------------------------------------
  auc_roc             0.5946     0.0076     0.5997    +0.0051
  auc_pr              0.5304     0.0071     0.5248    -0.0056
  accuracy            0.5603     0.0055     0.5651    +0.0047
  f1                  0.0207     0.0036     0.0149    -0.0058
  mcc                 0.0458     0.0056     0.0497    +0.0039
  sensitivity         0.0105     0.0019     0.0075    -0.0030
  specificity         0.9968     0.0012     0.9988    +0.0020
  ppv                 0.7322     0.0586     0.8286    +0.0963
  npv                 0.5593     0.0056     0.5640    +0.0047

Results saved: /home/hilarius/special_course/special_course_spring2026/models/cv_results_rf_esmc_20260506_155447.json
Best model saved: /home/hilarius/special_course/special_course_spring2026/models/best_rf_esmc_model.pkl
Fold artifacts saved: /home/hilarius/special_course/special_course_spring2026/models/best_rf_esmc_artifacts.pkl
Feature names saved: /home/hilarius/special_course/special_course_spring2026/models/rf_esmc_feature_names.json

================================================================================
RUN SUMMARY
================================================================================
  Total runtime:    1635.6s (27.3 min)
  Model:            Random Forest (rf)
  Feature set:      ESM-C embeddings only (esmc)
  Components:       ['esmc']
  Scaling:          no
  Features (final): 3456
    esmc PCA:     3456
  CV folds:         5
  Best fold:        2 (AUC = 0.6080)
  Held-out AUC:     0.5997
  Held-out MCC:     0.0497
  Models dir:       /home/hilarius/special_course/special_course_spring2026/models/
  Results file:     /home/hilarius/special_course/special_course_spring2026/models/cv_results_rf_esmc_20260506_155447.json
  Feature names:    /home/hilarius/special_course/special_course_spring2026/models/rf_esmc_feature_names.json
  Log file:         /home/hilarius/special_course/special_course_spring2026/logs/04_modelling_rf_esmc_log_20260506_155447.txt
  Completed:        2026-05-06 16:22:03
================================================================================

############################################################
>>> $1
>>> CMD: python 04_modelling.py --model rf --features handcrafted_sparse_esmc --pca 1152
############################################################
[OK] Data file found: /home/hilarius/special_course/special_course_spring2026/data/processed/df_all.csv
[OK] Config validated: 5-fold CV + 1 held-out = 6 buckets
     Project root:  /home/hilarius/special_course/special_course_spring2026
     Data dir:      /home/hilarius/special_course/special_course_spring2026/data/processed
     Embedding dir: /home/hilarius/special_course/special_course_spring2026/data/processed/embeddings
     Log dir:       /home/hilarius/special_course/special_course_spring2026/logs
     Model dir:     /home/hilarius/special_course/special_course_spring2026/models
     Models:        lr, rf
     Feature sets:  all_blosum, all_sparse, esmc, esmif, esmif_hybrid, esmif_hybrid_20_fb, esmif_hybrid_40_fb, esmif_hybrid_60_fb, esmif_hybrid_80_fb, handcrafted, handcrafted_blosum, handcrafted_blosum_esmc, handcrafted_blosum_esmif, handcrafted_sparse, handcrafted_sparse_esmc, handcrafted_sparse_esmif, handcrafted_sparse_esmif_h20fb, handcrafted_sparse_esmif_h40fb, handcrafted_sparse_esmif_h60fb, handcrafted_sparse_esmif_h80fb, handcrafted_sparse_esmif_hybrid
     Components:    blosum, esmc, esmif, esmif_hybrid, esmif_hybrid_20_fb, esmif_hybrid_40_fb, esmif_hybrid_60_fb, esmif_hybrid_80_fb, handcrafted, sparse
  [CLI OVERRIDE] PCA components per region: 1152
================================================================================
  04_MODELLING -- RANDOM FOREST + STRUCTURAL + ONE-HOT + ESM-C
================================================================================
  Timestamp:       2026-05-06 16:22:04
  Model key:       rf
  Model class:     sklearn.ensemble.RandomForestClassifier
  Feature set:     handcrafted_sparse_esmc (Structural + one-hot + ESM-C)
  Components:      ['handcrafted', 'sparse', 'esmc']
  Data path:       /home/hilarius/special_course/special_course_spring2026/data/processed/df_all_with_folds.csv
  Log path:        /home/hilarius/special_course/special_course_spring2026/logs/04_modelling_rf_handcrafted_sparse_esmc_log_20260506_162204.txt
  CV folds (k):    5
  Held-out bucket: 5
  Random state:    42
  Needs scaling:   False

  Model hyperparameters:
    n_estimators              1000
    max_depth                 None
    min_samples_split         2
    min_samples_leaf          1
    max_features              sqrt
    class_weight              balanced
    n_jobs                    -1
    random_state              42
    verbose                   0
================================================================================

Loading split data: /home/hilarius/special_course/special_course_spring2026/data/processed/df_all_with_folds.csv
  Shape: 53072 rows x 88 columns
  [OK] Fold column validated: [np.int64(0), np.int64(1), np.int64(2), np.int64(3), np.int64(4), np.int64(5)]

================================================================================
LOADING FEATURE COMPONENTS
================================================================================

  Loading CSV component: One-hot AA encoding
    Loading: df_all_sparse.csv
    Shape: 53072 rows x 650 columns
    [OK] Alignment verified
    New columns: 580

  Merged 580 new columns → 53072 rows x 668 columns

  Loading embedding component: ESM-C (600M) embeddings
    Loading prepared embeddings: /home/hilarius/special_course/special_course_spring2026/data/processed/embeddings_prepared/esmc_prepared.h5
    Loaded: 53072 samples, 3 regions, dim=1152

================================================================================
COMPONENT SUMMARY
================================================================================

  CSV components (2):
    [handcrafted] Structural features
      Source: split_data (built-in)
    [sparse] One-hot AA encoding
      Source: /home/hilarius/special_course/special_course_spring2026/data/processed/df_all_sparse.csv
      New columns added: 580
  Total CSV features: 631
    Structural: 51
    AA-encoded: 580

  Embedding components (1):
    [esmc] ESM-C (600M) embeddings
      Raw dim: 3456 (3 regions × 1152)
      After PCA: 3456 (1152/region × 3 regions)

  Estimated total features: ~4087
    CSV:        631
    Embeddings: 3456 (after PCA)

================================================================================
PIPELINE READY: ~4087 features, 5 folds, Random Forest
================================================================================

--------------------------------------------------------------------------------
  FOLD 0/4
--------------------------------------------------------------------------------
    WARNING: X_train: 83391 NaN values replaced with medians
    WARNING: X_test: 10976 NaN values replaced with medians
    CSV features: 631 columns
    esmc: zero-vector samples: train=0/35381 (0.0%), test=0/8846 (0.0%)
    esmc: PCA 3456 → 3456 (1152/region × 3 regions, 100.0% variance, fitted on 35381 non-zero samples)
    Train:  35381 samples (pos=15617, neg=19764, ratio=1.266)
    Test:    8846 samples (pos=3954, neg=4892, ratio=1.237)
    Features: 4087
    Training Random Forest ...
    Training time: 287.3s

    Fold 0 results (381.2s):
      AUC-ROC: 0.6475  |  AUC-PR: 0.5760  |  Acc: 0.5599  |  F1: 0.0549  |  MCC: 0.0660
      Sens: 0.0286  |  Spec: 0.9894  |  PPV: 0.6848  |  NPV: 0.5575

    Top 15 feature importances:
    Rank   Feature                                         Importance
    -----------------------------------------------------------------
    1      esmc_PC001                                        0.002129
    2      esmc_PC019                                        0.001867
    3      mean_plddt_peptide                                0.001745
    4      mean_plddt_nflank                                 0.001480
    5      mean_plddt_cflank                                 0.001307
    6      esmc_PC006                                        0.000990
    7      N1_P                                              0.000938
    8      N2_P                                              0.000923
    9      P5_P                                              0.000904
    10     esmc_PC003                                        0.000902
    11     esmc_PC013                                        0.000897
    12     esmc_PC029                                        0.000886
    13     esmc_PC015                                        0.000826
    14     esmc_PC007                                        0.000723
    15     esmc_PC011                                        0.000696
    Saved model: /home/hilarius/special_course/special_course_spring2026/models/rf_handcrafted_sparse_esmc_model_fold0.pkl

--------------------------------------------------------------------------------
  FOLD 1/4
--------------------------------------------------------------------------------
    WARNING: X_train: 69530 NaN values replaced with medians
    WARNING: X_test: 24837 NaN values replaced with medians
    CSV features: 631 columns
    esmc: zero-vector samples: train=0/35381 (0.0%), test=0/8846 (0.0%)
    esmc: PCA 3456 → 3456 (1152/region × 3 regions, 100.0% variance, fitted on 35381 non-zero samples)
    Train:  35381 samples (pos=15634, neg=19747, ratio=1.263)
    Test:    8846 samples (pos=3937, neg=4909, ratio=1.247)
    Features: 4087
    Training Random Forest ...
    Training time: 245.1s

    Fold 1 results (317.1s):
      AUC-ROC: 0.6284  |  AUC-PR: 0.5591  |  Acc: 0.5619  |  F1: 0.0565  |  MCC: 0.0668
      Sens: 0.0295  |  Spec: 0.9890  |  PPV: 0.6824  |  NPV: 0.5596

    Top 15 feature importances:
    Rank   Feature                                         Importance
    -----------------------------------------------------------------
    1      esmc_PC001                                        0.002205
    2      mean_plddt_peptide                                0.002020
    3      mean_plddt_nflank                                 0.001855
    4      esmc_PC019                                        0.001641
    5      mean_plddt_cflank                                 0.001609
    6      esmc_PC013                                        0.001114
    7      N1_P                                              0.000991
    8      esmc_PC016                                        0.000990
    9      esmc_PC018                                        0.000964
    10     esmc_PC006                                        0.000948
    11     esmc_PC003                                        0.000887
    12     P5_P                                              0.000800
    13     esmc_PC030                                        0.000751
    14     esmc_PC011                                        0.000723
    15     esmc_PC031                                        0.000697
    Saved model: /home/hilarius/special_course/special_course_spring2026/models/rf_handcrafted_sparse_esmc_model_fold1.pkl

--------------------------------------------------------------------------------
  FOLD 2/4
--------------------------------------------------------------------------------
    WARNING: X_train: 69922 NaN values replaced with medians
    WARNING: X_test: 24445 NaN values replaced with medians
    CSV features: 631 columns
    esmc: zero-vector samples: train=0/35382 (0.0%), test=0/8845 (0.0%)
    esmc: PCA 3456 → 3456 (1152/region × 3 regions, 100.0% variance, fitted on 35382 non-zero samples)
    Train:  35382 samples (pos=15645, neg=19737, ratio=1.262)
    Test:    8845 samples (pos=3926, neg=4919, ratio=1.253)
    Features: 4087
    Training Random Forest ...
    Training time: 240.8s

    Fold 2 results (299.1s):
      AUC-ROC: 0.6464  |  AUC-PR: 0.5794  |  Acc: 0.5645  |  F1: 0.0494  |  MCC: 0.0846
      Sens: 0.0255  |  Spec: 0.9947  |  PPV: 0.7937  |  NPV: 0.5612

    Top 15 feature importances:
    Rank   Feature                                         Importance
    -----------------------------------------------------------------
    1      esmc_PC001                                        0.001869
    2      mean_plddt_peptide                                0.001640
    3      esmc_PC018                                        0.001430
    4      mean_plddt_cflank                                 0.001334
    5      mean_plddt_nflank                                 0.001282
    6      N1_P                                              0.001165
    7      esmc_PC006                                        0.000935
    8      P5_P                                              0.000882
    9      esmc_PC013                                        0.000857
    10     esmc_PC019                                        0.000855
    11     esmc_PC007                                        0.000813
    12     esmc_PC064                                        0.000800
    13     esmc_PC003                                        0.000791
    14     esmc_PC036                                        0.000782
    15     N2_P                                              0.000734
    Saved model: /home/hilarius/special_course/special_course_spring2026/models/rf_handcrafted_sparse_esmc_model_fold2.pkl

--------------------------------------------------------------------------------
  FOLD 3/4
--------------------------------------------------------------------------------
    WARNING: X_train: 74842 NaN values replaced with medians
    WARNING: X_test: 19525 NaN values replaced with medians
    CSV features: 631 columns
    esmc: zero-vector samples: train=0/35382 (0.0%), test=0/8845 (0.0%)
    esmc: PCA 3456 → 3456 (1152/region × 3 regions, 100.0% variance, fitted on 35382 non-zero samples)
    Train:  35382 samples (pos=15635, neg=19747, ratio=1.263)
    Test:    8845 samples (pos=3936, neg=4909, ratio=1.247)
    Features: 4087
    Training Random Forest ...
    Training time: 244.3s

    Fold 3 results (300.0s):
      AUC-ROC: 0.6352  |  AUC-PR: 0.5654  |  Acc: 0.5638  |  F1: 0.0672  |  MCC: 0.0765
      Sens: 0.0353  |  Spec: 0.9876  |  PPV: 0.6950  |  NPV: 0.5608

    Top 15 feature importances:
    Rank   Feature                                         Importance
    -----------------------------------------------------------------
    1      esmc_PC019                                        0.002224
    2      esmc_PC001                                        0.002076
    3      mean_plddt_peptide                                0.002039
    4      mean_plddt_cflank                                 0.001701
    5      mean_plddt_nflank                                 0.001692
    6      esmc_PC016                                        0.001112
    7      esmc_PC003                                        0.001000
    8      esmc_PC015                                        0.000996
    9      N1_P                                              0.000909
    10     P5_P                                              0.000864
    11     esmc_PC031                                        0.000842
    12     esmc_PC007                                        0.000808
    13     N2_P                                              0.000782
    14     esmc_PC039                                        0.000712
    15     esmc_PC010                                        0.000702
    Saved model: /home/hilarius/special_course/special_course_spring2026/models/rf_handcrafted_sparse_esmc_model_fold3.pkl

--------------------------------------------------------------------------------
  FOLD 4/4
--------------------------------------------------------------------------------
    WARNING: X_train: 79783 NaN values replaced with medians
    WARNING: X_test: 14584 NaN values replaced with medians
    CSV features: 631 columns
    esmc: zero-vector samples: train=0/35382 (0.0%), test=0/8845 (0.0%)
    esmc: PCA 3456 → 3456 (1152/region × 3 regions, 100.0% variance, fitted on 35382 non-zero samples)
    Train:  35382 samples (pos=15753, neg=19629, ratio=1.246)
    Test:    8845 samples (pos=3818, neg=5027, ratio=1.317)
    Features: 4087
    Training Random Forest ...
    Training time: 243.4s

    Fold 4 results (299.5s):
      AUC-ROC: 0.6336  |  AUC-PR: 0.5602  |  Acc: 0.5782  |  F1: 0.0679  |  MCC: 0.0896
      Sens: 0.0356  |  Spec: 0.9903  |  PPV: 0.7351  |  NPV: 0.5748

    Top 15 feature importances:
    Rank   Feature                                         Importance
    -----------------------------------------------------------------
    1      esmc_PC001                                        0.002226
    2      mean_plddt_peptide                                0.001672
    3      esmc_PC019                                        0.001423
    4      mean_plddt_nflank                                 0.001385
    5      mean_plddt_cflank                                 0.001165
    6      esmc_PC003                                        0.001103
    7      esmc_PC016                                        0.001065
    8      esmc_PC030                                        0.001022
    9      esmc_PC013                                        0.000929
    10     esmc_PC015                                        0.000921
    11     N1_P                                              0.000886
    12     P5_P                                              0.000850
    13     esmc_PC033                                        0.000772
    14     N2_P                                              0.000768
    15     esmc_PC006                                        0.000749
    Saved model: /home/hilarius/special_course/special_course_spring2026/models/rf_handcrafted_sparse_esmc_model_fold4.pkl

================================================================================
CROSS-VALIDATION SUMMARY (mean +/- std)
================================================================================
  auc_roc         0.6382 +/- 0.0075    [0.6475  0.6284  0.6464  0.6352  0.6336]
  auc_pr          0.5680 +/- 0.0082    [0.5760  0.5591  0.5794  0.5654  0.5602]
  accuracy        0.5657 +/- 0.0065    [0.5599  0.5619  0.5645  0.5638  0.5782]
  f1              0.0592 +/- 0.0073    [0.0549  0.0565  0.0494  0.0672  0.0679]
  mcc             0.0767 +/- 0.0094    [0.0660  0.0668  0.0846  0.0765  0.0896]
  sensitivity     0.0309 +/- 0.0040    [0.0286  0.0295  0.0255  0.0353  0.0356]
  specificity     0.9902 +/- 0.0024    [0.9894  0.9890  0.9947  0.9876  0.9903]
  ppv             0.7182 +/- 0.0422    [0.6848  0.6824  0.7937  0.6950  0.7351]
  npv             0.5628 +/- 0.0062    [0.5575  0.5596  0.5612  0.5608  0.5748]

  Best fold: 0 (AUC-ROC = 0.6475)

================================================================================
PER-FOLD METRIC COMPARISON
================================================================================
  Fold    auc_roc      auc_pr       accuracy     f1           mcc          sensitivity  specificity  ppv          npv          
  -----------------------------------------------------------------------------------------------------------------------------
  0       0.6475       0.5760       0.5599       0.0549       0.0660       0.0286       0.9894       0.6848       0.5575       
  1       0.6284       0.5591       0.5619       0.0565       0.0668       0.0295       0.9890       0.6824       0.5596       
  2       0.6464       0.5794       0.5645       0.0494       0.0846       0.0255       0.9947       0.7937       0.5612       
  3       0.6352       0.5654       0.5638       0.0672       0.0765       0.0353       0.9876       0.6950       0.5608       
  4       0.6336       0.5602       0.5782       0.0679       0.0896       0.0356       0.9903       0.7351       0.5748       
  -----------------------------------------------------------------------------------------------------------------------------
  mean    0.6382       0.5680       0.5657       0.0592       0.0767       0.0309       0.9902       0.7182       0.5628       
  std     0.0075       0.0082       0.0065       0.0073       0.0094       0.0040       0.0024       0.0422       0.0062       

================================================================================
AVERAGED FEATURE IMPORTANCE ACROSS ALL FOLDS
================================================================================
  Rank   Feature                                           Mean Imp          Std
  -----------------------------------------------------------------------------
  1      esmc_PC001                                        0.002101     0.000128
  2      mean_plddt_peptide                                0.001823     0.000172
  3      esmc_PC019                                        0.001602     0.000458
  4      mean_plddt_nflank                                 0.001539     0.000208
  5      mean_plddt_cflank                                 0.001423     0.000200
  6      N1_P                                              0.000978     0.000100
  7      esmc_PC003                                        0.000937     0.000106
  8      esmc_PC018                                        0.000874     0.000305
  9      esmc_PC013                                        0.000873     0.000177
  10     P5_P                                              0.000860     0.000035
  11     esmc_PC006                                        0.000857     0.000128
  12     esmc_PC016                                        0.000831     0.000280
  13     esmc_PC015                                        0.000783     0.000170
  14     N2_P                                              0.000770     0.000091
  15     esmc_PC007                                        0.000754     0.000050
  16     esmc_PC011                                        0.000656     0.000073
  17     esmc_PC010                                        0.000637     0.000052
  18     esmc_PC020                                        0.000629     0.000046
  19     esmc_PC033                                        0.000614     0.000144
  20     mean_rsa_cflank                                   0.000582     0.000043
  21     esmc_PC002                                        0.000572     0.000016
  22     esmc_PC039                                        0.000570     0.000119
  23     esmc_PC030                                        0.000566     0.000280
  24     esmc_PC023                                        0.000556     0.000043
  25     esmc_PC027                                        0.000532     0.000121
  26     esmc_PC036                                        0.000525     0.000156
  27     esmc_PC031                                        0.000522     0.000210
  28     esmc_PC046                                        0.000491     0.000068
  29     esmc_PC064                                        0.000490     0.000167
  30     esmc_PC060                                        0.000487     0.000140

================================================================================
HELD-OUT VALIDATION SET EVALUATION
================================================================================
  Using model from best fold (0)
  Held-out samples: 8845 (pos=3870, neg=4975, ratio=1.286)

  Held-out results (8845 samples):
    AUC-ROC: 0.6367  |  AUC-PR: 0.5567  |  Acc: 0.5697  |  F1: 0.0575  |  MCC: 0.0709
    Sens: 0.0300  |  Spec: 0.9895  |  PPV: 0.6905  |  NPV: 0.5674

  Classification Report:
              precision    recall  f1-score   support

    Negative     0.5674    0.9895    0.7212      4975
    Positive     0.6905    0.0300    0.0575      3870

    accuracy                         0.5697      8845
   macro avg     0.6289    0.5098    0.3893      8845
weighted avg     0.6212    0.5697    0.4308      8845

================================================================================
CV AVERAGE vs HELD-OUT COMPARISON
================================================================================
  Metric             CV mean     CV std   Held-out      Delta
  ---------------------------------------------------------
  auc_roc             0.6382     0.0075     0.6367    -0.0015
  auc_pr              0.5680     0.0082     0.5567    -0.0114
  accuracy            0.5657     0.0065     0.5697    +0.0040
  f1                  0.0592     0.0073     0.0575    -0.0017
  mcc                 0.0767     0.0094     0.0709    -0.0058
  sensitivity         0.0309     0.0040     0.0300    -0.0009
  specificity         0.9902     0.0024     0.9895    -0.0006
  ppv                 0.7182     0.0422     0.6905    -0.0277
  npv                 0.5628     0.0062     0.5674    +0.0046

Results saved: /home/hilarius/special_course/special_course_spring2026/models/cv_results_rf_handcrafted_sparse_esmc_20260506_162204.json
Best model saved: /home/hilarius/special_course/special_course_spring2026/models/best_rf_handcrafted_sparse_esmc_model.pkl
Fold artifacts saved: /home/hilarius/special_course/special_course_spring2026/models/best_rf_handcrafted_sparse_esmc_artifacts.pkl
Feature names saved: /home/hilarius/special_course/special_course_spring2026/models/rf_handcrafted_sparse_esmc_feature_names.json

================================================================================
RUN SUMMARY
================================================================================
  Total runtime:    1616.9s (26.9 min)
  Model:            Random Forest (rf)
  Feature set:      Structural + one-hot + ESM-C (handcrafted_sparse_esmc)
  Components:       ['handcrafted', 'sparse', 'esmc']
  Scaling:          no
  Features (final): 4087
    CSV features:   631
    esmc PCA:     3456
  CV folds:         5
  Best fold:        0 (AUC = 0.6475)
  Held-out AUC:     0.6367
  Held-out MCC:     0.0709
  Models dir:       /home/hilarius/special_course/special_course_spring2026/models/
  Results file:     /home/hilarius/special_course/special_course_spring2026/models/cv_results_rf_handcrafted_sparse_esmc_20260506_162204.json
  Feature names:    /home/hilarius/special_course/special_course_spring2026/models/rf_handcrafted_sparse_esmc_feature_names.json
  Log file:         /home/hilarius/special_course/special_course_spring2026/logs/04_modelling_rf_handcrafted_sparse_esmc_log_20260506_162204.txt
  Completed:        2026-05-06 16:49:01
================================================================================

############################################################
>>> $1
>>> CMD: python 04_modelling.py --model rf --features handcrafted_blosum_esmc --pca 1152
############################################################
[OK] Data file found: /home/hilarius/special_course/special_course_spring2026/data/processed/df_all.csv
[OK] Config validated: 5-fold CV + 1 held-out = 6 buckets
     Project root:  /home/hilarius/special_course/special_course_spring2026
     Data dir:      /home/hilarius/special_course/special_course_spring2026/data/processed
     Embedding dir: /home/hilarius/special_course/special_course_spring2026/data/processed/embeddings
     Log dir:       /home/hilarius/special_course/special_course_spring2026/logs
     Model dir:     /home/hilarius/special_course/special_course_spring2026/models
     Models:        lr, rf
     Feature sets:  all_blosum, all_sparse, esmc, esmif, esmif_hybrid, esmif_hybrid_20_fb, esmif_hybrid_40_fb, esmif_hybrid_60_fb, esmif_hybrid_80_fb, handcrafted, handcrafted_blosum, handcrafted_blosum_esmc, handcrafted_blosum_esmif, handcrafted_sparse, handcrafted_sparse_esmc, handcrafted_sparse_esmif, handcrafted_sparse_esmif_h20fb, handcrafted_sparse_esmif_h40fb, handcrafted_sparse_esmif_h60fb, handcrafted_sparse_esmif_h80fb, handcrafted_sparse_esmif_hybrid
     Components:    blosum, esmc, esmif, esmif_hybrid, esmif_hybrid_20_fb, esmif_hybrid_40_fb, esmif_hybrid_60_fb, esmif_hybrid_80_fb, handcrafted, sparse
  [CLI OVERRIDE] PCA components per region: 1152
================================================================================
  04_MODELLING -- RANDOM FOREST + STRUCTURAL + BLOSUM50 + ESM-C
================================================================================
  Timestamp:       2026-05-06 16:49:02
  Model key:       rf
  Model class:     sklearn.ensemble.RandomForestClassifier
  Feature set:     handcrafted_blosum_esmc (Structural + BLOSUM50 + ESM-C)
  Components:      ['handcrafted', 'blosum', 'esmc']
  Data path:       /home/hilarius/special_course/special_course_spring2026/data/processed/df_all_with_folds.csv
  Log path:        /home/hilarius/special_course/special_course_spring2026/logs/04_modelling_rf_handcrafted_blosum_esmc_log_20260506_164902.txt
  CV folds (k):    5
  Held-out bucket: 5
  Random state:    42
  Needs scaling:   False

  Model hyperparameters:
    n_estimators              1000
    max_depth                 None
    min_samples_split         2
    min_samples_leaf          1
    max_features              sqrt
    class_weight              balanced
    n_jobs                    -1
    random_state              42
    verbose                   0
================================================================================

Loading split data: /home/hilarius/special_course/special_course_spring2026/data/processed/df_all_with_folds.csv
  Shape: 53072 rows x 88 columns
  [OK] Fold column validated: [np.int64(0), np.int64(1), np.int64(2), np.int64(3), np.int64(4), np.int64(5)]

================================================================================
LOADING FEATURE COMPONENTS
================================================================================

  Loading CSV component: BLOSUM50 AA encoding
    Loading: df_all_blosum50.csv
    Shape: 53072 rows x 650 columns
    [OK] Alignment verified
    New columns: 580

  Merged 580 new columns → 53072 rows x 668 columns

  Loading embedding component: ESM-C (600M) embeddings
    Loading prepared embeddings: /home/hilarius/special_course/special_course_spring2026/data/processed/embeddings_prepared/esmc_prepared.h5
    Loaded: 53072 samples, 3 regions, dim=1152

================================================================================
COMPONENT SUMMARY
================================================================================

  CSV components (2):
    [handcrafted] Structural features
      Source: split_data (built-in)
    [blosum] BLOSUM50 AA encoding
      Source: /home/hilarius/special_course/special_course_spring2026/data/processed/df_all_blosum50.csv
      New columns added: 580
  Total CSV features: 631
    Structural: 51
    AA-encoded: 580

  Embedding components (1):
    [esmc] ESM-C (600M) embeddings
      Raw dim: 3456 (3 regions × 1152)
      After PCA: 3456 (1152/region × 3 regions)

  Estimated total features: ~4087
    CSV:        631
    Embeddings: 3456 (after PCA)

================================================================================
PIPELINE READY: ~4087 features, 5 folds, Random Forest
================================================================================

--------------------------------------------------------------------------------
  FOLD 0/4
--------------------------------------------------------------------------------
    WARNING: X_train: 83391 NaN values replaced with medians
    WARNING: X_test: 10976 NaN values replaced with medians
    CSV features: 631 columns
    esmc: zero-vector samples: train=0/35381 (0.0%), test=0/8846 (0.0%)
    esmc: PCA 3456 → 3456 (1152/region × 3 regions, 100.0% variance, fitted on 35381 non-zero samples)
    Train:  35381 samples (pos=15617, neg=19764, ratio=1.266)
    Test:    8846 samples (pos=3954, neg=4892, ratio=1.237)
    Features: 4087
    Training Random Forest ...
    Training time: 218.3s

    Fold 0 results (278.2s):
      AUC-ROC: 0.6699  |  AUC-PR: 0.6098  |  Acc: 0.5878  |  F1: 0.2122  |  MCC: 0.1626
      Sens: 0.1242  |  Spec: 0.9626  |  PPV: 0.7285  |  NPV: 0.5762

    Top 15 feature importances:
    Rank   Feature                                         Importance
    -----------------------------------------------------------------
    1      esmc_PC001                                        0.002092
    2      esmc_PC019                                        0.001700
    3      mean_plddt_peptide                                0.001620
    4      P5_R                                              0.001255
    5      mean_plddt_cflank                                 0.001245
    6      mean_plddt_nflank                                 0.001184
    7      P5_K                                              0.000966
    8      C1_N                                              0.000959
    9      C1_R                                              0.000912
    10     N1_P                                              0.000823
    11     esmc_PC029                                        0.000764
    12     esmc_PC006                                        0.000738
    13     esmc_PC013                                        0.000730
    14     C1_S                                              0.000717
    15     esmc_PC015                                        0.000682
    Saved model: /home/hilarius/special_course/special_course_spring2026/models/rf_handcrafted_blosum_esmc_model_fold0.pkl

--------------------------------------------------------------------------------
  FOLD 1/4
--------------------------------------------------------------------------------
    WARNING: X_train: 69530 NaN values replaced with medians
    WARNING: X_test: 24837 NaN values replaced with medians
    CSV features: 631 columns
    esmc: zero-vector samples: train=0/35381 (0.0%), test=0/8846 (0.0%)
    esmc: PCA 3456 → 3456 (1152/region × 3 regions, 100.0% variance, fitted on 35381 non-zero samples)
    Train:  35381 samples (pos=15634, neg=19747, ratio=1.263)
    Test:    8846 samples (pos=3937, neg=4909, ratio=1.247)
    Features: 4087
    Training Random Forest ...
    Training time: 221.6s

    Fold 1 results (277.6s):
      AUC-ROC: 0.6616  |  AUC-PR: 0.6033  |  Acc: 0.5915  |  F1: 0.2109  |  MCC: 0.1724
      Sens: 0.1227  |  Spec: 0.9674  |  PPV: 0.7512  |  NPV: 0.5789

    Top 15 feature importances:
    Rank   Feature                                         Importance
    -----------------------------------------------------------------
    1      esmc_PC001                                        0.002133
    2      mean_plddt_peptide                                0.001816
    3      mean_plddt_nflank                                 0.001545
    4      mean_plddt_cflank                                 0.001377
    5      esmc_PC019                                        0.001363
    6      P5_R                                              0.001089
    7      C1_N                                              0.001003
    8      esmc_PC016                                        0.000886
    9      C1_R                                              0.000831
    10     esmc_PC013                                        0.000829
    11     P5_K                                              0.000826
    12     N1_P                                              0.000814
    13     C1_L                                              0.000804
    14     esmc_PC018                                        0.000765
    15     C1_S                                              0.000739
    Saved model: /home/hilarius/special_course/special_course_spring2026/models/rf_handcrafted_blosum_esmc_model_fold1.pkl

--------------------------------------------------------------------------------
  FOLD 2/4
--------------------------------------------------------------------------------
    WARNING: X_train: 69922 NaN values replaced with medians
    WARNING: X_test: 24445 NaN values replaced with medians
    CSV features: 631 columns
    esmc: zero-vector samples: train=0/35382 (0.0%), test=0/8845 (0.0%)
    esmc: PCA 3456 → 3456 (1152/region × 3 regions, 100.0% variance, fitted on 35382 non-zero samples)
    Train:  35382 samples (pos=15645, neg=19737, ratio=1.262)
    Test:    8845 samples (pos=3926, neg=4919, ratio=1.253)
    Features: 4087
    Training Random Forest ...
    Training time: 218.6s

    Fold 2 results (277.2s):
      AUC-ROC: 0.6645  |  AUC-PR: 0.6019  |  Acc: 0.5870  |  F1: 0.1998  |  MCC: 0.1515
      Sens: 0.1161  |  Spec: 0.9628  |  PPV: 0.7136  |  NPV: 0.5771

    Top 15 feature importances:
    Rank   Feature                                         Importance
    -----------------------------------------------------------------
    1      esmc_PC001                                        0.001719
    2      mean_plddt_peptide                                0.001396
    3      esmc_PC018                                        0.001249
    4      mean_plddt_nflank                                 0.001228
    5      C1_N                                              0.001127
    6      P5_R                                              0.001068
    7      mean_plddt_cflank                                 0.001013
    8      C1_R                                              0.000844
    9      C1_S                                              0.000843
    10     N1_P                                              0.000838
    11     P5_K                                              0.000832
    12     C1_K                                              0.000784
    13     esmc_PC019                                        0.000775
    14     esmc_PC013                                        0.000747
    15     C1_D                                              0.000715
    Saved model: /home/hilarius/special_course/special_course_spring2026/models/rf_handcrafted_blosum_esmc_model_fold2.pkl

--------------------------------------------------------------------------------
  FOLD 3/4
--------------------------------------------------------------------------------
    WARNING: X_train: 74842 NaN values replaced with medians
    WARNING: X_test: 19525 NaN values replaced with medians
    CSV features: 631 columns
    esmc: zero-vector samples: train=0/35382 (0.0%), test=0/8845 (0.0%)
    esmc: PCA 3456 → 3456 (1152/region × 3 regions, 100.0% variance, fitted on 35382 non-zero samples)
    Train:  35382 samples (pos=15635, neg=19747, ratio=1.263)
    Test:    8845 samples (pos=3936, neg=4909, ratio=1.247)
    Features: 4087
    Training Random Forest ...
    Training time: 231.8s

    Fold 3 results (288.3s):
      AUC-ROC: 0.6823  |  AUC-PR: 0.6281  |  Acc: 0.5884  |  F1: 0.1911  |  MCC: 0.1661
      Sens: 0.1092  |  Spec: 0.9725  |  PPV: 0.7611  |  NPV: 0.5766

    Top 15 feature importances:
    Rank   Feature                                         Importance
    -----------------------------------------------------------------
    1      esmc_PC001                                        0.002019
    2      esmc_PC019                                        0.001998
    3      mean_plddt_peptide                                0.001798
    4      mean_plddt_cflank                                 0.001466
    5      mean_plddt_nflank                                 0.001413
    6      P5_R                                              0.001137
    7      esmc_PC016                                        0.000937
    8      C1_N                                              0.000808
    9      esmc_PC015                                        0.000790
    10     C1_R                                              0.000772
    11     N1_P                                              0.000710
    12     P5_K                                              0.000708
    13     P5_P                                              0.000691
    14     esmc_PC003                                        0.000677
    15     C1_K                                              0.000643
    Saved model: /home/hilarius/special_course/special_course_spring2026/models/rf_handcrafted_blosum_esmc_model_fold3.pkl

--------------------------------------------------------------------------------
  FOLD 4/4
--------------------------------------------------------------------------------
    WARNING: X_train: 79783 NaN values replaced with medians
    WARNING: X_test: 14584 NaN values replaced with medians
    CSV features: 631 columns
    esmc: zero-vector samples: train=0/35382 (0.0%), test=0/8845 (0.0%)
    esmc: PCA 3456 → 3456 (1152/region × 3 regions, 100.0% variance, fitted on 35382 non-zero samples)
    Train:  35382 samples (pos=15753, neg=19629, ratio=1.246)
    Test:    8845 samples (pos=3818, neg=5027, ratio=1.317)
    Features: 4087
    Training Random Forest ...
    Training time: 204.7s

    Fold 4 results (2404.5s):
      AUC-ROC: 0.6743  |  AUC-PR: 0.6065  |  Acc: 0.6087  |  F1: 0.2378  |  MCC: 0.1899
      Sens: 0.1414  |  Spec: 0.9636  |  PPV: 0.7469  |  NPV: 0.5964

    Top 15 feature importances:
    Rank   Feature                                         Importance
    -----------------------------------------------------------------
    1      esmc_PC001                                        0.002035
    2      mean_plddt_peptide                                0.001440
    3      P5_R                                              0.001236
    4      mean_plddt_nflank                                 0.001217
    5      esmc_PC019                                        0.001181
    6      mean_plddt_cflank                                 0.001020
    7      C1_N                                              0.000981
    8      esmc_PC016                                        0.000834
    9      C1_R                                              0.000814
    10     esmc_PC003                                        0.000810
    11     esmc_PC030                                        0.000797
    12     esmc_PC015                                        0.000787
    13     P5_K                                              0.000782
    14     P5_P                                              0.000721
    15     N1_P                                              0.000692
    Saved model: /home/hilarius/special_course/special_course_spring2026/models/rf_handcrafted_blosum_esmc_model_fold4.pkl

================================================================================
CROSS-VALIDATION SUMMARY (mean +/- std)
================================================================================
  auc_roc         0.6705 +/- 0.0073    [0.6699  0.6616  0.6645  0.6823  0.6743]
  auc_pr          0.6099 +/- 0.0095    [0.6098  0.6033  0.6019  0.6281  0.6065]
  accuracy        0.5927 +/- 0.0082    [0.5878  0.5915  0.5870  0.5884  0.6087]
  f1              0.2104 +/- 0.0158    [0.2122  0.2109  0.1998  0.1911  0.2378]
  mcc             0.1685 +/- 0.0127    [0.1626  0.1724  0.1515  0.1661  0.1899]
  sensitivity     0.1227 +/- 0.0107    [0.1242  0.1227  0.1161  0.1092  0.1414]
  specificity     0.9658 +/- 0.0038    [0.9626  0.9674  0.9628  0.9725  0.9636]
  ppv             0.7402 +/- 0.0170    [0.7285  0.7512  0.7136  0.7611  0.7469]
  npv             0.5811 +/- 0.0077    [0.5762  0.5789  0.5771  0.5766  0.5964]

  Best fold: 3 (AUC-ROC = 0.6823)

================================================================================
PER-FOLD METRIC COMPARISON
================================================================================
  Fold    auc_roc      auc_pr       accuracy     f1           mcc          sensitivity  specificity  ppv          npv          
  -----------------------------------------------------------------------------------------------------------------------------
  0       0.6699       0.6098       0.5878       0.2122       0.1626       0.1242       0.9626       0.7285       0.5762       
  1       0.6616       0.6033       0.5915       0.2109       0.1724       0.1227       0.9674       0.7512       0.5789       
  2       0.6645       0.6019       0.5870       0.1998       0.1515       0.1161       0.9628       0.7136       0.5771       
  3       0.6823       0.6281       0.5884       0.1911       0.1661       0.1092       0.9725       0.7611       0.5766       
  4       0.6743       0.6065       0.6087       0.2378       0.1899       0.1414       0.9636       0.7469       0.5964       
  -----------------------------------------------------------------------------------------------------------------------------
  mean    0.6705       0.6099       0.5927       0.2104       0.1685       0.1227       0.9658       0.7402       0.5811       
  std     0.0073       0.0095       0.0082       0.0158       0.0127       0.0107       0.0038       0.0170       0.0077       

================================================================================
AVERAGED FEATURE IMPORTANCE ACROSS ALL FOLDS
================================================================================
  Rank   Feature                                           Mean Imp          Std
  -----------------------------------------------------------------------------
  1      esmc_PC001                                        0.002000     0.000146
  2      mean_plddt_peptide                                0.001614     0.000175
  3      esmc_PC019                                        0.001403     0.000421
  4      mean_plddt_nflank                                 0.001317     0.000139
  5      mean_plddt_cflank                                 0.001224     0.000184
  6      P5_R                                              0.001157     0.000076
  7      C1_N                                              0.000976     0.000102
  8      C1_R                                              0.000835     0.000046
  9      P5_K                                              0.000823     0.000084
  10     N1_P                                              0.000775     0.000061
  11     esmc_PC018                                        0.000737     0.000271
  12     C1_S                                              0.000700     0.000093
  13     esmc_PC016                                        0.000691     0.000242
  14     C1_K                                              0.000684     0.000053
  15     esmc_PC013                                        0.000681     0.000138
  16     P5_P                                              0.000678     0.000026
  17     esmc_PC003                                        0.000655     0.000087
  18     esmc_PC015                                        0.000641     0.000146
  19     esmc_PC006                                        0.000640     0.000081
  20     C1_L                                              0.000637     0.000100
  21     P5_H                                              0.000635     0.000013
  22     N2_P                                              0.000610     0.000049
  23     C1_D                                              0.000603     0.000076
  24     P5_Q                                              0.000568     0.000028
  25     C1_M                                              0.000561     0.000048
  26     C1_E                                              0.000556     0.000050
  27     esmc_PC010                                        0.000548     0.000040
  28     P5_N                                              0.000545     0.000071
  29     C1_G                                              0.000535     0.000051
  30     C1_F                                              0.000532     0.000045

================================================================================
HELD-OUT VALIDATION SET EVALUATION
================================================================================
  Using model from best fold (3)
  Held-out samples: 8845 (pos=3870, neg=4975, ratio=1.286)

  Held-out results (8845 samples):
    AUC-ROC: 0.6736  |  AUC-PR: 0.5998  |  Acc: 0.5903  |  F1: 0.1793  |  MCC: 0.1488
    Sens: 0.1023  |  Spec: 0.9698  |  PPV: 0.7253  |  NPV: 0.5814

  Classification Report:
              precision    recall  f1-score   support

    Negative     0.5814    0.9698    0.7270      4975
    Positive     0.7253    0.1023    0.1793      3870

    accuracy                         0.5903      8845
   macro avg     0.6533    0.5361    0.4532      8845
weighted avg     0.6443    0.5903    0.4874      8845

================================================================================
CV AVERAGE vs HELD-OUT COMPARISON
================================================================================
  Metric             CV mean     CV std   Held-out      Delta
  ---------------------------------------------------------
  auc_roc             0.6705     0.0073     0.6736    +0.0031
  auc_pr              0.6099     0.0095     0.5998    -0.0101
  accuracy            0.5927     0.0082     0.5903    -0.0024
  f1                  0.2104     0.0158     0.1793    -0.0310
  mcc                 0.1685     0.0127     0.1488    -0.0197
  sensitivity         0.1227     0.0107     0.1023    -0.0204
  specificity         0.9658     0.0038     0.9698    +0.0041
  ppv                 0.7402     0.0170     0.7253    -0.0150
  npv                 0.5811     0.0077     0.5814    +0.0003

Results saved: /home/hilarius/special_course/special_course_spring2026/models/cv_results_rf_handcrafted_blosum_esmc_20260506_164902.json
Best model saved: /home/hilarius/special_course/special_course_spring2026/models/best_rf_handcrafted_blosum_esmc_model.pkl
Fold artifacts saved: /home/hilarius/special_course/special_course_spring2026/models/best_rf_handcrafted_blosum_esmc_artifacts.pkl
Feature names saved: /home/hilarius/special_course/special_course_spring2026/models/rf_handcrafted_blosum_esmc_feature_names.json

================================================================================
RUN SUMMARY
================================================================================
  Total runtime:    3545.9s (59.1 min)
  Model:            Random Forest (rf)
  Feature set:      Structural + BLOSUM50 + ESM-C (handcrafted_blosum_esmc)
  Components:       ['handcrafted', 'blosum', 'esmc']
  Scaling:          no
  Features (final): 4087
    CSV features:   631
    esmc PCA:     3456
  CV folds:         5
  Best fold:        3 (AUC = 0.6823)
  Held-out AUC:     0.6736
  Held-out MCC:     0.1488
  Models dir:       /home/hilarius/special_course/special_course_spring2026/models/
  Results file:     /home/hilarius/special_course/special_course_spring2026/models/cv_results_rf_handcrafted_blosum_esmc_20260506_164902.json
  Feature names:    /home/hilarius/special_course/special_course_spring2026/models/rf_handcrafted_blosum_esmc_feature_names.json
  Log file:         /home/hilarius/special_course/special_course_spring2026/logs/04_modelling_rf_handcrafted_blosum_esmc_log_20260506_164902.txt
  Completed:        2026-05-06 17:48:08
================================================================================

############################################################
>>> $1
>>> CMD: python 04_modelling.py --model lr --features esmc --pca 1152
############################################################
[OK] Data file found: /home/hilarius/special_course/special_course_spring2026/data/processed/df_all.csv
[OK] Config validated: 5-fold CV + 1 held-out = 6 buckets
     Project root:  /home/hilarius/special_course/special_course_spring2026
     Data dir:      /home/hilarius/special_course/special_course_spring2026/data/processed
     Embedding dir: /home/hilarius/special_course/special_course_spring2026/data/processed/embeddings
     Log dir:       /home/hilarius/special_course/special_course_spring2026/logs
     Model dir:     /home/hilarius/special_course/special_course_spring2026/models
     Models:        lr, rf
     Feature sets:  all_blosum, all_sparse, esmc, esmif, esmif_hybrid, esmif_hybrid_20_fb, esmif_hybrid_40_fb, esmif_hybrid_60_fb, esmif_hybrid_80_fb, handcrafted, handcrafted_blosum, handcrafted_blosum_esmc, handcrafted_blosum_esmif, handcrafted_sparse, handcrafted_sparse_esmc, handcrafted_sparse_esmif, handcrafted_sparse_esmif_h20fb, handcrafted_sparse_esmif_h40fb, handcrafted_sparse_esmif_h60fb, handcrafted_sparse_esmif_h80fb, handcrafted_sparse_esmif_hybrid
     Components:    blosum, esmc, esmif, esmif_hybrid, esmif_hybrid_20_fb, esmif_hybrid_40_fb, esmif_hybrid_60_fb, esmif_hybrid_80_fb, handcrafted, sparse
  [CLI OVERRIDE] PCA components per region: 1152
================================================================================
  04_MODELLING -- LOGISTIC REGRESSION + ESM-C EMBEDDINGS ONLY
================================================================================
  Timestamp:       2026-05-06 17:48:10
  Model key:       lr
  Model class:     sklearn.linear_model.LogisticRegression
  Feature set:     esmc (ESM-C embeddings only)
  Components:      ['esmc']
  Data path:       /home/hilarius/special_course/special_course_spring2026/data/processed/df_all_with_folds.csv
  Log path:        /home/hilarius/special_course/special_course_spring2026/logs/04_modelling_lr_esmc_log_20260506_174810.txt
  CV folds (k):    5
  Held-out bucket: 5
  Random state:    42
  Needs scaling:   True

  Model hyperparameters:
    penalty                   None
    solver                    lbfgs
    max_iter                  5000
    class_weight              balanced
    random_state              42
    verbose                   0
================================================================================

Loading split data: /home/hilarius/special_course/special_course_spring2026/data/processed/df_all_with_folds.csv
  Shape: 53072 rows x 88 columns
  [OK] Fold column validated: [np.int64(0), np.int64(1), np.int64(2), np.int64(3), np.int64(4), np.int64(5)]

================================================================================
LOADING FEATURE COMPONENTS
================================================================================

  Loading embedding component: ESM-C (600M) embeddings
    Loading prepared embeddings: /home/hilarius/special_course/special_course_spring2026/data/processed/embeddings_prepared/esmc_prepared.h5
    Loaded: 53072 samples, 3 regions, dim=1152

================================================================================
COMPONENT SUMMARY
================================================================================

  Embedding components (1):
    [esmc] ESM-C (600M) embeddings
      Raw dim: 3456 (3 regions × 1152)
      After PCA: 3456 (1152/region × 3 regions)

  Estimated total features: ~3456
    CSV:        0
    Embeddings: 3456 (after PCA)

================================================================================
PIPELINE READY: ~3456 features, 5 folds, Logistic Regression
================================================================================

--------------------------------------------------------------------------------
  FOLD 0/4
--------------------------------------------------------------------------------
    esmc: zero-vector samples: train=0/35381 (0.0%), test=0/8846 (0.0%)
    esmc: PCA 3456 → 3456 (1152/region × 3 regions, 100.0% variance, fitted on 35381 non-zero samples)
    Train:  35381 samples (pos=15617, neg=19764, ratio=1.266)
    Test:    8846 samples (pos=3954, neg=4892, ratio=1.237)
    Features: 3456
    Training Logistic Regression ...
    Training time: 0.8s

    Fold 0 results (64.8s):
      AUC-ROC: 0.6741  |  AUC-PR: 0.6090  |  Acc: 0.6234  |  F1: 0.5987  |  MCC: 0.2465
      Sens: 0.6285  |  Spec: 0.6194  |  PPV: 0.5717  |  NPV: 0.6735

    Top 15 feature coefficients:
    Rank   Feature                                        Coefficient
    -----------------------------------------------------------------
    1      esmc_PC001                                       -0.309648
    2      esmc_PC019                                        0.293442
    3      esmc_PC015                                        0.192520
    4      esmc_PC037                                       -0.148093
    5      esmc_PC003                                       -0.144206
    6      esmc_PC006                                        0.140850
    7      esmc_PC039                                        0.139087
    8      esmc_PC018                                        0.136454
    9      esmc_PC023                                        0.136203
    10     esmc_PC011                                        0.133266
    11     esmc_PC047                                       -0.131548
    12     esmc_PC065                                        0.131414
    13     esmc_PC046                                       -0.121152
    14     esmc_PC055                                       -0.120819
    15     esmc_PC016                                        0.119419
    Saved model: /home/hilarius/special_course/special_course_spring2026/models/lr_esmc_model_fold0.pkl

--------------------------------------------------------------------------------
  FOLD 1/4
--------------------------------------------------------------------------------
    esmc: zero-vector samples: train=0/35381 (0.0%), test=0/8846 (0.0%)
    esmc: PCA 3456 → 3456 (1152/region × 3 regions, 100.0% variance, fitted on 35381 non-zero samples)
    Train:  35381 samples (pos=15634, neg=19747, ratio=1.263)
    Test:    8846 samples (pos=3937, neg=4909, ratio=1.247)
    Features: 3456
    Training Logistic Regression ...
    Training time: 0.9s

    Fold 1 results (58.3s):
      AUC-ROC: 0.6544  |  AUC-PR: 0.5919  |  Acc: 0.6176  |  F1: 0.5808  |  MCC: 0.2298
      Sens: 0.5954  |  Spec: 0.6354  |  PPV: 0.5670  |  NPV: 0.6619

    Top 15 feature coefficients:
    Rank   Feature                                        Coefficient
    -----------------------------------------------------------------
    1      esmc_PC001                                       -0.332882
    2      esmc_PC019                                        0.270856
    3      esmc_PC018                                        0.234904
    4      esmc_PC015                                        0.170064
    5      esmc_PC016                                       -0.164755
    6      esmc_PC067                                       -0.147669
    7      esmc_PC060                                        0.144593
    8      esmc_PC095                                       -0.143189
    9      esmc_PC006                                        0.138858
    10     esmc_PC011                                        0.137251
    11     esmc_PC013                                       -0.136822
    12     esmc_PC076                                       -0.135987
    13     esmc_PC037                                       -0.134533
    14     esmc_PC047                                       -0.131863
    15     esmc_PC039                                        0.131245
    Saved model: /home/hilarius/special_course/special_course_spring2026/models/lr_esmc_model_fold1.pkl

--------------------------------------------------------------------------------
  FOLD 2/4
--------------------------------------------------------------------------------
    esmc: zero-vector samples: train=0/35382 (0.0%), test=0/8845 (0.0%)
    esmc: PCA 3456 → 3456 (1152/region × 3 regions, 100.0% variance, fitted on 35382 non-zero samples)
    Train:  35382 samples (pos=15645, neg=19737, ratio=1.262)
    Test:    8845 samples (pos=3926, neg=4919, ratio=1.253)
    Features: 3456
    Training Logistic Regression ...
    Training time: 0.6s

    Fold 2 results (56.7s):
      AUC-ROC: 0.6663  |  AUC-PR: 0.5943  |  Acc: 0.6172  |  F1: 0.5773  |  MCC: 0.2279
      Sens: 0.5889  |  Spec: 0.6398  |  PPV: 0.5661  |  NPV: 0.6610

    Top 15 feature coefficients:
    Rank   Feature                                        Coefficient
    -----------------------------------------------------------------
    1      esmc_PC001                                       -0.253932
    2      esmc_PC018                                        0.250460
    3      esmc_PC064                                       -0.175553
    4      esmc_PC019                                        0.173866
    5      esmc_PC036                                       -0.163532
    6      esmc_PC013                                       -0.151675
    7      esmc_PC006                                        0.147181
    8      esmc_PC059                                        0.146660
    9      esmc_PC094                                       -0.143572
    10     esmc_PC129                                       -0.140083
    11     esmc_PC003                                       -0.139734
    12     esmc_PC038                                       -0.134666
    13     esmc_PC015                                        0.128816
    14     esmc_PC046                                       -0.124713
    15     esmc_PC023                                        0.118284
    Saved model: /home/hilarius/special_course/special_course_spring2026/models/lr_esmc_model_fold2.pkl

--------------------------------------------------------------------------------
  FOLD 3/4
--------------------------------------------------------------------------------
    esmc: zero-vector samples: train=0/35382 (0.0%), test=0/8845 (0.0%)
    esmc: PCA 3456 → 3456 (1152/region × 3 regions, 100.0% variance, fitted on 35382 non-zero samples)
    Train:  35382 samples (pos=15635, neg=19747, ratio=1.263)
    Test:    8845 samples (pos=3936, neg=4909, ratio=1.247)
    Features: 3456
    Training Logistic Regression ...
    Training time: 1.0s

    Fold 3 results (59.1s):
      AUC-ROC: 0.6760  |  AUC-PR: 0.6141  |  Acc: 0.6283  |  F1: 0.5981  |  MCC: 0.2539
      Sens: 0.6217  |  Spec: 0.6335  |  PPV: 0.5763  |  NPV: 0.6762

    Top 15 feature coefficients:
    Rank   Feature                                        Coefficient
    -----------------------------------------------------------------
    1      esmc_PC001                                       -0.333399
    2      esmc_PC019                                        0.312672
    3      esmc_PC015                                        0.211034
    4      esmc_PC018                                        0.168049
    5      esmc_PC039                                        0.166298
    6      esmc_PC003                                       -0.151890
    7      esmc_PC060                                       -0.146457
    8      esmc_PC023                                        0.138679
    9      esmc_PC065                                        0.136501
    10     esmc_PC016                                       -0.132420
    11     esmc_PC010                                       -0.130299
    12     esmc_PC007                                       -0.127453
    13     esmc_PC048                                       -0.125056
    14     esmc_PC033                                       -0.118913
    15     esmc_PC140                                       -0.116599
    Saved model: /home/hilarius/special_course/special_course_spring2026/models/lr_esmc_model_fold3.pkl

--------------------------------------------------------------------------------
  FOLD 4/4
--------------------------------------------------------------------------------
    esmc: zero-vector samples: train=0/35382 (0.0%), test=0/8845 (0.0%)
    esmc: PCA 3456 → 3456 (1152/region × 3 regions, 100.0% variance, fitted on 35382 non-zero samples)
    Train:  35382 samples (pos=15753, neg=19629, ratio=1.246)
    Test:    8845 samples (pos=3818, neg=5027, ratio=1.317)
    Features: 3456
    Training Logistic Regression ...
    Training time: 0.8s

    Fold 4 results (58.4s):
      AUC-ROC: 0.6742  |  AUC-PR: 0.5955  |  Acc: 0.6301  |  F1: 0.5938  |  MCC: 0.2571
      Sens: 0.6265  |  Spec: 0.6328  |  PPV: 0.5644  |  NPV: 0.6905

    Top 15 feature coefficients:
    Rank   Feature                                        Coefficient
    -----------------------------------------------------------------
    1      esmc_PC001                                       -0.330217
    2      esmc_PC019                                        0.251076
    3      esmc_PC015                                        0.217717
    4      esmc_PC018                                        0.194972
    5      esmc_PC003                                       -0.166067
    6      esmc_PC023                                        0.141055
    7      esmc_PC098                                       -0.137588
    8      esmc_PC037                                        0.131481
    9      esmc_PC013                                        0.126970
    10     esmc_PC036                                        0.125284
    11     esmc_PC049                                        0.125280
    12     esmc_PC117                                       -0.124377
    13     esmc_PC067                                       -0.123066
    14     esmc_PC010                                       -0.117725
    15     esmc_PC006                                       -0.115838
    Saved model: /home/hilarius/special_course/special_course_spring2026/models/lr_esmc_model_fold4.pkl

================================================================================
CROSS-VALIDATION SUMMARY (mean +/- std)
================================================================================
  auc_roc         0.6690 +/- 0.0081    [0.6741  0.6544  0.6663  0.6760  0.6742]
  auc_pr          0.6010 +/- 0.0089    [0.6090  0.5919  0.5943  0.6141  0.5955]
  accuracy        0.6233 +/- 0.0053    [0.6234  0.6176  0.6172  0.6283  0.6301]
  f1              0.5898 +/- 0.0090    [0.5987  0.5808  0.5773  0.5981  0.5938]
  mcc             0.2430 +/- 0.0121    [0.2465  0.2298  0.2279  0.2539  0.2571]
  sensitivity     0.6122 +/- 0.0166    [0.6285  0.5954  0.5889  0.6217  0.6265]
  specificity     0.6322 +/- 0.0068    [0.6194  0.6354  0.6398  0.6335  0.6328]
  ppv             0.5691 +/- 0.0043    [0.5717  0.5670  0.5661  0.5763  0.5644]
  npv             0.6726 +/- 0.0108    [0.6735  0.6619  0.6610  0.6762  0.6905]

  Best fold: 3 (AUC-ROC = 0.6760)

================================================================================
PER-FOLD METRIC COMPARISON
================================================================================
  Fold    auc_roc      auc_pr       accuracy     f1           mcc          sensitivity  specificity  ppv          npv          
  -----------------------------------------------------------------------------------------------------------------------------
  0       0.6741       0.6090       0.6234       0.5987       0.2465       0.6285       0.6194       0.5717       0.6735       
  1       0.6544       0.5919       0.6176       0.5808       0.2298       0.5954       0.6354       0.5670       0.6619       
  2       0.6663       0.5943       0.6172       0.5773       0.2279       0.5889       0.6398       0.5661       0.6610       
  3       0.6760       0.6141       0.6283       0.5981       0.2539       0.6217       0.6335       0.5763       0.6762       
  4       0.6742       0.5955       0.6301       0.5938       0.2571       0.6265       0.6328       0.5644       0.6905       
  -----------------------------------------------------------------------------------------------------------------------------
  mean    0.6690       0.6010       0.6233       0.5898       0.2430       0.6122       0.6322       0.5691       0.6726       
  std     0.0081       0.0089       0.0053       0.0090       0.0121       0.0166       0.0068       0.0043       0.0108       

================================================================================
AVERAGED COEFFICIENTS ACROSS ALL FOLDS
================================================================================
  Rank   Feature                                          Mean Coef          Std
  -----------------------------------------------------------------------------
  1      esmc_PC001                                       -0.312015     0.030342
  2      esmc_PC019                                        0.260382     0.047976
  3      esmc_PC018                                        0.196968     0.041959
  4      esmc_PC015                                        0.184030     0.032186
  5      esmc_PC003                                       -0.145746     0.013015
  6      esmc_PC023                                        0.131042     0.009477
  7      esmc_PC007                                       -0.119600     0.005451
  8      esmc_PC011                                        0.118541     0.016329
  9      esmc_PC010                                       -0.113226     0.011426
  10     esmc_PC067                                       -0.099437     0.036367
  11     esmc_PC004                                       -0.096264     0.011571
  12     esmc_PC038                                       -0.095327     0.023960
  13     esmc_PC021                                       -0.091846     0.013126
  14     esmc_PC006                                        0.081230     0.100253
  15     esmc_PC047                                       -0.076640     0.046238
  16     esmc_PC032                                        0.069266     0.028060
  17     esmc_PC098                                       -0.069097     0.057476
  18     esmc_PC026                                       -0.061374     0.030987
  19     esmc_PC025                                       -0.060913     0.026264
  20     esmc_PC037                                       -0.060664     0.100915
  21     esmc_PC046                                       -0.060331     0.079373
  22     esmc_PC096                                       -0.058197     0.026571
  23     esmc_PC097                                       -0.057375     0.019643
  24     esmc_PC020                                        0.054374     0.080148
  25     esmc_PC041                                       -0.054269     0.010399
  26     esmc_PC094                                       -0.054158     0.053548
  27     esmc_PC039                                        0.054019     0.112886
  28     esmc_PC064                                       -0.053597     0.089504
  29     esmc_PC014                                       -0.053350     0.012864
  30     esmc_PC056                                       -0.051285     0.037160

================================================================================
HELD-OUT VALIDATION SET EVALUATION
================================================================================
  Using model from best fold (3)
  Held-out samples: 8845 (pos=3870, neg=4975, ratio=1.286)

  Held-out results (8845 samples):
    AUC-ROC: 0.6631  |  AUC-PR: 0.5948  |  Acc: 0.6193  |  F1: 0.5861  |  MCC: 0.2362
    Sens: 0.6160  |  Spec: 0.6219  |  PPV: 0.5590  |  NPV: 0.6755

  Classification Report:
              precision    recall  f1-score   support

    Negative     0.6755    0.6219    0.6476      4975
    Positive     0.5590    0.6160    0.5861      3870

    accuracy                         0.6193      8845
   macro avg     0.6173    0.6190    0.6169      8845
weighted avg     0.6245    0.6193    0.6207      8845

================================================================================
CV AVERAGE vs HELD-OUT COMPARISON
================================================================================
  Metric             CV mean     CV std   Held-out      Delta
  ---------------------------------------------------------
  auc_roc             0.6690     0.0081     0.6631    -0.0059
  auc_pr              0.6010     0.0089     0.5948    -0.0061
  accuracy            0.6233     0.0053     0.6193    -0.0040
  f1                  0.5898     0.0090     0.5861    -0.0037
  mcc                 0.2430     0.0121     0.2362    -0.0068
  sensitivity         0.6122     0.0166     0.6160    +0.0038
  specificity         0.6322     0.0068     0.6219    -0.0103
  ppv                 0.5691     0.0043     0.5590    -0.0101
  npv                 0.6726     0.0108     0.6755    +0.0029

Results saved: /home/hilarius/special_course/special_course_spring2026/models/cv_results_lr_esmc_20260506_174810.json
Best model saved: /home/hilarius/special_course/special_course_spring2026/models/best_lr_esmc_model.pkl
Fold artifacts saved: /home/hilarius/special_course/special_course_spring2026/models/best_lr_esmc_artifacts.pkl
Feature names saved: /home/hilarius/special_course/special_course_spring2026/models/lr_esmc_feature_names.json

================================================================================
RUN SUMMARY
================================================================================
  Total runtime:    306.0s (5.1 min)
  Model:            Logistic Regression (lr)
  Feature set:      ESM-C embeddings only (esmc)
  Components:       ['esmc']
  Scaling:          yes
  Features (final): 3456
    esmc PCA:     3456
  CV folds:         5
  Best fold:        3 (AUC = 0.6760)
  Held-out AUC:     0.6631
  Held-out MCC:     0.2362
  Models dir:       /home/hilarius/special_course/special_course_spring2026/models/
  Results file:     /home/hilarius/special_course/special_course_spring2026/models/cv_results_lr_esmc_20260506_174810.json
  Feature names:    /home/hilarius/special_course/special_course_spring2026/models/lr_esmc_feature_names.json
  Log file:         /home/hilarius/special_course/special_course_spring2026/logs/04_modelling_lr_esmc_log_20260506_174810.txt
  Completed:        2026-05-06 17:53:16
================================================================================

############################################################
>>> $1
>>> CMD: python 04_modelling.py --model lr --features handcrafted_sparse_esmc --pca 1152
############################################################
[OK] Data file found: /home/hilarius/special_course/special_course_spring2026/data/processed/df_all.csv
[OK] Config validated: 5-fold CV + 1 held-out = 6 buckets
     Project root:  /home/hilarius/special_course/special_course_spring2026
     Data dir:      /home/hilarius/special_course/special_course_spring2026/data/processed
     Embedding dir: /home/hilarius/special_course/special_course_spring2026/data/processed/embeddings
     Log dir:       /home/hilarius/special_course/special_course_spring2026/logs
     Model dir:     /home/hilarius/special_course/special_course_spring2026/models
     Models:        lr, rf
     Feature sets:  all_blosum, all_sparse, esmc, esmif, esmif_hybrid, esmif_hybrid_20_fb, esmif_hybrid_40_fb, esmif_hybrid_60_fb, esmif_hybrid_80_fb, handcrafted, handcrafted_blosum, handcrafted_blosum_esmc, handcrafted_blosum_esmif, handcrafted_sparse, handcrafted_sparse_esmc, handcrafted_sparse_esmif, handcrafted_sparse_esmif_h20fb, handcrafted_sparse_esmif_h40fb, handcrafted_sparse_esmif_h60fb, handcrafted_sparse_esmif_h80fb, handcrafted_sparse_esmif_hybrid
     Components:    blosum, esmc, esmif, esmif_hybrid, esmif_hybrid_20_fb, esmif_hybrid_40_fb, esmif_hybrid_60_fb, esmif_hybrid_80_fb, handcrafted, sparse
  [CLI OVERRIDE] PCA components per region: 1152
================================================================================
  04_MODELLING -- LOGISTIC REGRESSION + STRUCTURAL + ONE-HOT + ESM-C
================================================================================
  Timestamp:       2026-05-06 17:53:18
  Model key:       lr
  Model class:     sklearn.linear_model.LogisticRegression
  Feature set:     handcrafted_sparse_esmc (Structural + one-hot + ESM-C)
  Components:      ['handcrafted', 'sparse', 'esmc']
  Data path:       /home/hilarius/special_course/special_course_spring2026/data/processed/df_all_with_folds.csv
  Log path:        /home/hilarius/special_course/special_course_spring2026/logs/04_modelling_lr_handcrafted_sparse_esmc_log_20260506_175318.txt
  CV folds (k):    5
  Held-out bucket: 5
  Random state:    42
  Needs scaling:   True

  Model hyperparameters:
    penalty                   None
    solver                    lbfgs
    max_iter                  5000
    class_weight              balanced
    random_state              42
    verbose                   0
================================================================================

Loading split data: /home/hilarius/special_course/special_course_spring2026/data/processed/df_all_with_folds.csv
  Shape: 53072 rows x 88 columns
  [OK] Fold column validated: [np.int64(0), np.int64(1), np.int64(2), np.int64(3), np.int64(4), np.int64(5)]

================================================================================
LOADING FEATURE COMPONENTS
================================================================================

  Loading CSV component: One-hot AA encoding
    Loading: df_all_sparse.csv
    Shape: 53072 rows x 650 columns
    [OK] Alignment verified
    New columns: 580

  Merged 580 new columns → 53072 rows x 668 columns

  Loading embedding component: ESM-C (600M) embeddings
    Loading prepared embeddings: /home/hilarius/special_course/special_course_spring2026/data/processed/embeddings_prepared/esmc_prepared.h5
    Loaded: 53072 samples, 3 regions, dim=1152

================================================================================
COMPONENT SUMMARY
================================================================================

  CSV components (2):
    [handcrafted] Structural features
      Source: split_data (built-in)
    [sparse] One-hot AA encoding
      Source: /home/hilarius/special_course/special_course_spring2026/data/processed/df_all_sparse.csv
      New columns added: 580
  Total CSV features: 631
    Structural: 51
    AA-encoded: 580

  Embedding components (1):
    [esmc] ESM-C (600M) embeddings
      Raw dim: 3456 (3 regions × 1152)
      After PCA: 3456 (1152/region × 3 regions)

  Estimated total features: ~4087
    CSV:        631
    Embeddings: 3456 (after PCA)

================================================================================
PIPELINE READY: ~4087 features, 5 folds, Logistic Regression
================================================================================

--------------------------------------------------------------------------------
  FOLD 0/4
--------------------------------------------------------------------------------
    WARNING: X_train: 83391 NaN values replaced with medians
    WARNING: X_test: 10976 NaN values replaced with medians
    CSV features: 631 columns
    esmc: zero-vector samples: train=0/35381 (0.0%), test=0/8846 (0.0%)
    esmc: PCA 3456 → 3456 (1152/region × 3 regions, 100.0% variance, fitted on 35381 non-zero samples)
    Train:  35381 samples (pos=15617, neg=19764, ratio=1.266)
    Test:    8846 samples (pos=3954, neg=4892, ratio=1.237)
    Features: 4087
    Training Logistic Regression ...
    Training time: 21.5s

    Fold 0 results (82.2s):
      AUC-ROC: 0.7265  |  AUC-PR: 0.6658  |  Acc: 0.6679  |  F1: 0.6406  |  MCC: 0.3331
      Sens: 0.6621  |  Spec: 0.6725  |  PPV: 0.6204  |  NPV: 0.7112

    Top 15 feature coefficients:
    Rank   Feature                                        Coefficient
    -----------------------------------------------------------------
    1      rel_distance_from_n_terminus                     -5.848464
    2      rel_distance_from_c_terminus                     -5.841319
    3      C1_L                                             -1.025085
    4      C1_V                                             -0.773558
    5      C1_I                                             -0.759006
    6      C1_E                                             -0.756237
    7      C1_P                                             -0.740004
    8      C1_F                                             -0.674037
    9      C1_D                                             -0.670519
    10     C1_S                                             -0.652659
    11     C1_T                                             -0.635305
    12     C1_G                                             -0.634448
    13     C1_Q                                             -0.610228
    14     C1_K                                             -0.598264
    15     C1_A                                             -0.595946
    Saved model: /home/hilarius/special_course/special_course_spring2026/models/lr_handcrafted_sparse_esmc_model_fold0.pkl

--------------------------------------------------------------------------------
  FOLD 1/4
--------------------------------------------------------------------------------
    WARNING: X_train: 69530 NaN values replaced with medians
    WARNING: X_test: 24837 NaN values replaced with medians
    CSV features: 631 columns
    esmc: zero-vector samples: train=0/35381 (0.0%), test=0/8846 (0.0%)
    esmc: PCA 3456 → 3456 (1152/region × 3 regions, 100.0% variance, fitted on 35381 non-zero samples)
    Train:  35381 samples (pos=15634, neg=19747, ratio=1.263)
    Test:    8846 samples (pos=3937, neg=4909, ratio=1.247)
    Features: 4087
    Training Logistic Regression ...
    Training time: 23.9s

    Fold 1 results (88.9s):
      AUC-ROC: 0.7092  |  AUC-PR: 0.6535  |  Acc: 0.6575  |  F1: 0.6278  |  MCC: 0.3118
      Sens: 0.6490  |  Spec: 0.6643  |  PPV: 0.6079  |  NPV: 0.7023

    Top 15 feature coefficients:
    Rank   Feature                                        Coefficient
    -----------------------------------------------------------------
    1      rel_distance_from_n_terminus                     -6.423196
    2      rel_distance_from_c_terminus                     -6.417321
    3      q8point_I_nflank                                 -0.960626
    4      q8trans_I_n_pep                                   0.749235
    5      C1_L                                             -0.740259
    6      C1_I                                             -0.588218
    7      C1_V                                             -0.540696
    8      C1_E                                             -0.535586
    9      C1_P                                             -0.507780
    10     P2_W                                              0.504158
    11     C1_D                                             -0.476977
    12     C1_F                                             -0.467755
    13     C1_G                                             -0.421503
    14     C1_Q                                             -0.415048
    15     C1_T                                             -0.412341
    Saved model: /home/hilarius/special_course/special_course_spring2026/models/lr_handcrafted_sparse_esmc_model_fold1.pkl

--------------------------------------------------------------------------------
  FOLD 2/4
--------------------------------------------------------------------------------
    WARNING: X_train: 69922 NaN values replaced with medians
    WARNING: X_test: 24445 NaN values replaced with medians
    CSV features: 631 columns
    esmc: zero-vector samples: train=0/35382 (0.0%), test=0/8845 (0.0%)
    esmc: PCA 3456 → 3456 (1152/region × 3 regions, 100.0% variance, fitted on 35382 non-zero samples)
    Train:  35382 samples (pos=15645, neg=19737, ratio=1.262)
    Test:    8845 samples (pos=3926, neg=4919, ratio=1.253)
    Features: 4087
    Training Logistic Regression ...
    Training time: 20.1s

    Fold 2 results (101.8s):
      AUC-ROC: 0.7097  |  AUC-PR: 0.6480  |  Acc: 0.6516  |  F1: 0.6146  |  MCC: 0.2970
      Sens: 0.6258  |  Spec: 0.6721  |  PPV: 0.6037  |  NPV: 0.6924

    Top 15 feature coefficients:
    Rank   Feature                                        Coefficient
    -----------------------------------------------------------------
    1      rel_distance_from_n_terminus                     -5.815222
    2      rel_distance_from_c_terminus                     -5.801786
    3      C1_L                                             -0.965995
    4      C1_E                                             -0.757734
    5      C1_I                                             -0.723820
    6      C1_V                                             -0.703943
    7      C1_P                                             -0.698502
    8      C1_D                                             -0.665998
    9      C1_F                                             -0.621024
    10     C1_Q                                             -0.597543
    11     C1_T                                             -0.591330
    12     N2_L                                             -0.581977
    13     C1_K                                             -0.579033
    14     C4_L                                              0.576545
    15     C1_R                                             -0.560476
    Saved model: /home/hilarius/special_course/special_course_spring2026/models/lr_handcrafted_sparse_esmc_model_fold2.pkl

--------------------------------------------------------------------------------
  FOLD 3/4
--------------------------------------------------------------------------------
    WARNING: X_train: 74842 NaN values replaced with medians
    WARNING: X_test: 19525 NaN values replaced with medians
    CSV features: 631 columns
    esmc: zero-vector samples: train=0/35382 (0.0%), test=0/8845 (0.0%)
    esmc: PCA 3456 → 3456 (1152/region × 3 regions, 100.0% variance, fitted on 35382 non-zero samples)
    Train:  35382 samples (pos=15635, neg=19747, ratio=1.263)
    Test:    8845 samples (pos=3936, neg=4909, ratio=1.247)
    Features: 4087
    Training Logistic Regression ...
    Training time: 25.2s

    Fold 3 results (128.5s):
      AUC-ROC: 0.7211  |  AUC-PR: 0.6687  |  Acc: 0.6656  |  F1: 0.6350  |  MCC: 0.3273
      Sens: 0.6537  |  Spec: 0.6751  |  PPV: 0.6173  |  NPV: 0.7086

    Top 15 feature coefficients:
    Rank   Feature                                        Coefficient
    -----------------------------------------------------------------
    1      rel_distance_from_n_terminus                     -6.181760
    2      rel_distance_from_c_terminus                     -6.169022
    3      C1_L                                             -1.090355
    4      C1_E                                             -0.840701
    5      C1_I                                             -0.830660
    6      C1_P                                             -0.820768
    7      C1_V                                             -0.808109
    8      C1_D                                             -0.753135
    9      C1_Q                                             -0.708414
    10     C1_S                                             -0.702034
    11     C1_T                                             -0.689747
    12     C1_F                                             -0.685225
    13     C1_G                                             -0.674568
    14     C1_A                                             -0.670941
    15     C1_K                                             -0.669207
    Saved model: /home/hilarius/special_course/special_course_spring2026/models/lr_handcrafted_sparse_esmc_model_fold3.pkl

--------------------------------------------------------------------------------
  FOLD 4/4
--------------------------------------------------------------------------------
    WARNING: X_train: 79783 NaN values replaced with medians
    WARNING: X_test: 14584 NaN values replaced with medians
    CSV features: 631 columns
    esmc: zero-vector samples: train=0/35382 (0.0%), test=0/8845 (0.0%)
    esmc: PCA 3456 → 3456 (1152/region × 3 regions, 100.0% variance, fitted on 35382 non-zero samples)
    Train:  35382 samples (pos=15753, neg=19629, ratio=1.246)
    Test:    8845 samples (pos=3818, neg=5027, ratio=1.317)
    Features: 4087
    Training Logistic Regression ...
    Training time: 19.8s

    Fold 4 results (120.3s):
      AUC-ROC: 0.7251  |  AUC-PR: 0.6570  |  Acc: 0.6640  |  F1: 0.6302  |  MCC: 0.3251
      Sens: 0.6632  |  Spec: 0.6646  |  PPV: 0.6003  |  NPV: 0.7221

    Top 15 feature coefficients:
    Rank   Feature                                        Coefficient
    -----------------------------------------------------------------
    1      rel_distance_from_n_terminus                     -6.065998
    2      rel_distance_from_c_terminus                     -6.032597
    3      C1_L                                             -0.891418
    4      C1_E                                             -0.679194
    5      C1_I                                             -0.677898
    6      C1_P                                             -0.645717
    7      C1_V                                             -0.640228
    8      C1_D                                             -0.623016
    9      N3_L                                              0.587073
    10     C1_F                                             -0.575565
    11     P2_W                                              0.574753
    12     C1_Q                                             -0.530294
    13     N4_L                                             -0.528190
    14     C1_T                                             -0.515520
    15     N3_E                                              0.510582
    Saved model: /home/hilarius/special_course/special_course_spring2026/models/lr_handcrafted_sparse_esmc_model_fold4.pkl

================================================================================
CROSS-VALIDATION SUMMARY (mean +/- std)
================================================================================
  auc_roc         0.7183 +/- 0.0075    [0.7265  0.7092  0.7097  0.7211  0.7251]
  auc_pr          0.6586 +/- 0.0077    [0.6658  0.6535  0.6480  0.6687  0.6570]
  accuracy        0.6613 +/- 0.0060    [0.6679  0.6575  0.6516  0.6656  0.6640]
  f1              0.6296 +/- 0.0087    [0.6406  0.6278  0.6146  0.6350  0.6302]
  mcc             0.3188 +/- 0.0130    [0.3331  0.3118  0.2970  0.3273  0.3251]
  sensitivity     0.6508 +/- 0.0135    [0.6621  0.6490  0.6258  0.6537  0.6632]
  specificity     0.6697 +/- 0.0044    [0.6725  0.6643  0.6721  0.6751  0.6646]
  ppv             0.6099 +/- 0.0077    [0.6204  0.6079  0.6037  0.6173  0.6003]
  npv             0.7073 +/- 0.0098    [0.7112  0.7023  0.6924  0.7086  0.7221]

  Best fold: 0 (AUC-ROC = 0.7265)

================================================================================
PER-FOLD METRIC COMPARISON
================================================================================
  Fold    auc_roc      auc_pr       accuracy     f1           mcc          sensitivity  specificity  ppv          npv          
  -----------------------------------------------------------------------------------------------------------------------------
  0       0.7265       0.6658       0.6679       0.6406       0.3331       0.6621       0.6725       0.6204       0.7112       
  1       0.7092       0.6535       0.6575       0.6278       0.3118       0.6490       0.6643       0.6079       0.7023       
  2       0.7097       0.6480       0.6516       0.6146       0.2970       0.6258       0.6721       0.6037       0.6924       
  3       0.7211       0.6687       0.6656       0.6350       0.3273       0.6537       0.6751       0.6173       0.7086       
  4       0.7251       0.6570       0.6640       0.6302       0.3251       0.6632       0.6646       0.6003       0.7221       
  -----------------------------------------------------------------------------------------------------------------------------
  mean    0.7183       0.6586       0.6613       0.6296       0.3188       0.6508       0.6697       0.6099       0.7073       
  std     0.0075       0.0077       0.0060       0.0087       0.0130       0.0135       0.0044       0.0077       0.0098       

================================================================================
AVERAGED COEFFICIENTS ACROSS ALL FOLDS
================================================================================
  Rank   Feature                                          Mean Coef          Std
  -----------------------------------------------------------------------------
  1      rel_distance_from_n_terminus                     -6.066928     0.224141
  2      rel_distance_from_c_terminus                     -6.052409     0.225620
  3      C1_L                                             -0.942622     0.120618
  4      C1_I                                             -0.715920     0.081040
  5      C1_E                                             -0.713890     0.102755
  6      C1_V                                             -0.693307     0.095750
  7      C1_P                                             -0.682554     0.104462
  8      C1_D                                             -0.637929     0.090830
  9      C1_F                                             -0.604721     0.078944
  10     C1_Q                                             -0.572305     0.097052
  11     C1_T                                             -0.568849     0.096827
  12     C1_S                                             -0.557154     0.116548
  13     C1_G                                             -0.553917     0.091575
  14     C1_K                                             -0.542613     0.103586
  15     C1_A                                             -0.537720     0.097827
  16     C1_R                                             -0.536034     0.098417
  17     C1_N                                             -0.508553     0.077410
  18     P2_W                                              0.475611     0.057453
  19     C1_Y                                             -0.446779     0.065287
  20     N2_P                                             -0.394759     0.122119
  21     C1_H                                             -0.387253     0.066944
  22     C1_M                                             -0.378801     0.056614
  23     N2_L                                             -0.368158     0.171182
  24     C1_C                                             -0.343588     0.051754
  25     N1_P                                             -0.336498     0.118646
  26     N2_I                                             -0.328850     0.121062
  27     C1_W                                             -0.326324     0.042410
  28     P2_K                                             -0.318642     0.043118
  29     P9_W                                              0.303813     0.043043
  30     P2_P                                              0.303028     0.157076

================================================================================
HELD-OUT VALIDATION SET EVALUATION
================================================================================
  Using model from best fold (0)
  Held-out samples: 8845 (pos=3870, neg=4975, ratio=1.286)

  Held-out results (8845 samples):
    AUC-ROC: 0.7210  |  AUC-PR: 0.6565  |  Acc: 0.6650  |  F1: 0.6321  |  MCC: 0.3263
    Sens: 0.6576  |  Spec: 0.6708  |  PPV: 0.6084  |  NPV: 0.7158

  Classification Report:
              precision    recall  f1-score   support

    Negative     0.7158    0.6708    0.6925      4975
    Positive     0.6084    0.6576    0.6321      3870

    accuracy                         0.6650      8845
   macro avg     0.6621    0.6642    0.6623      8845
weighted avg     0.6688    0.6650    0.6661      8845

================================================================================
CV AVERAGE vs HELD-OUT COMPARISON
================================================================================
  Metric             CV mean     CV std   Held-out      Delta
  ---------------------------------------------------------
  auc_roc             0.7183     0.0075     0.7210    +0.0026
  auc_pr              0.6586     0.0077     0.6565    -0.0021
  accuracy            0.6613     0.0060     0.6650    +0.0037
  f1                  0.6296     0.0087     0.6321    +0.0025
  mcc                 0.3188     0.0130     0.3263    +0.0074
  sensitivity         0.6508     0.0135     0.6576    +0.0069
  specificity         0.6697     0.0044     0.6708    +0.0010
  ppv                 0.6099     0.0077     0.6084    -0.0015
  npv                 0.7073     0.0098     0.7158    +0.0085

Results saved: /home/hilarius/special_course/special_course_spring2026/models/cv_results_lr_handcrafted_sparse_esmc_20260506_175318.json
Best model saved: /home/hilarius/special_course/special_course_spring2026/models/best_lr_handcrafted_sparse_esmc_model.pkl
Fold artifacts saved: /home/hilarius/special_course/special_course_spring2026/models/best_lr_handcrafted_sparse_esmc_artifacts.pkl
Feature names saved: /home/hilarius/special_course/special_course_spring2026/models/lr_handcrafted_sparse_esmc_feature_names.json

================================================================================
RUN SUMMARY
================================================================================
  Total runtime:    530.7s (8.8 min)
  Model:            Logistic Regression (lr)
  Feature set:      Structural + one-hot + ESM-C (handcrafted_sparse_esmc)
  Components:       ['handcrafted', 'sparse', 'esmc']
  Scaling:          yes
  Features (final): 4087
    CSV features:   631
    esmc PCA:     3456
  CV folds:         5
  Best fold:        0 (AUC = 0.7265)
  Held-out AUC:     0.7210
  Held-out MCC:     0.3263
  Models dir:       /home/hilarius/special_course/special_course_spring2026/models/
  Results file:     /home/hilarius/special_course/special_course_spring2026/models/cv_results_lr_handcrafted_sparse_esmc_20260506_175318.json
  Feature names:    /home/hilarius/special_course/special_course_spring2026/models/lr_handcrafted_sparse_esmc_feature_names.json
  Log file:         /home/hilarius/special_course/special_course_spring2026/logs/04_modelling_lr_handcrafted_sparse_esmc_log_20260506_175318.txt
  Completed:        2026-05-06 18:02:08
================================================================================

############################################################
>>> $1
>>> CMD: python 04_modelling.py --model lr --features handcrafted_blosum_esmc --pca 1152
############################################################
[OK] Data file found: /home/hilarius/special_course/special_course_spring2026/data/processed/df_all.csv
[OK] Config validated: 5-fold CV + 1 held-out = 6 buckets
     Project root:  /home/hilarius/special_course/special_course_spring2026
     Data dir:      /home/hilarius/special_course/special_course_spring2026/data/processed
     Embedding dir: /home/hilarius/special_course/special_course_spring2026/data/processed/embeddings
     Log dir:       /home/hilarius/special_course/special_course_spring2026/logs
     Model dir:     /home/hilarius/special_course/special_course_spring2026/models
     Models:        lr, rf
     Feature sets:  all_blosum, all_sparse, esmc, esmif, esmif_hybrid, esmif_hybrid_20_fb, esmif_hybrid_40_fb, esmif_hybrid_60_fb, esmif_hybrid_80_fb, handcrafted, handcrafted_blosum, handcrafted_blosum_esmc, handcrafted_blosum_esmif, handcrafted_sparse, handcrafted_sparse_esmc, handcrafted_sparse_esmif, handcrafted_sparse_esmif_h20fb, handcrafted_sparse_esmif_h40fb, handcrafted_sparse_esmif_h60fb, handcrafted_sparse_esmif_h80fb, handcrafted_sparse_esmif_hybrid
     Components:    blosum, esmc, esmif, esmif_hybrid, esmif_hybrid_20_fb, esmif_hybrid_40_fb, esmif_hybrid_60_fb, esmif_hybrid_80_fb, handcrafted, sparse
  [CLI OVERRIDE] PCA components per region: 1152
================================================================================
  04_MODELLING -- LOGISTIC REGRESSION + STRUCTURAL + BLOSUM50 + ESM-C
================================================================================
  Timestamp:       2026-05-06 18:02:10
  Model key:       lr
  Model class:     sklearn.linear_model.LogisticRegression
  Feature set:     handcrafted_blosum_esmc (Structural + BLOSUM50 + ESM-C)
  Components:      ['handcrafted', 'blosum', 'esmc']
  Data path:       /home/hilarius/special_course/special_course_spring2026/data/processed/df_all_with_folds.csv
  Log path:        /home/hilarius/special_course/special_course_spring2026/logs/04_modelling_lr_handcrafted_blosum_esmc_log_20260506_180210.txt
  CV folds (k):    5
  Held-out bucket: 5
  Random state:    42
  Needs scaling:   True

  Model hyperparameters:
    penalty                   None
    solver                    lbfgs
    max_iter                  5000
    class_weight              balanced
    random_state              42
    verbose                   0
================================================================================

Loading split data: /home/hilarius/special_course/special_course_spring2026/data/processed/df_all_with_folds.csv
  Shape: 53072 rows x 88 columns
  [OK] Fold column validated: [np.int64(0), np.int64(1), np.int64(2), np.int64(3), np.int64(4), np.int64(5)]

================================================================================
LOADING FEATURE COMPONENTS
================================================================================

  Loading CSV component: BLOSUM50 AA encoding
    Loading: df_all_blosum50.csv
    Shape: 53072 rows x 650 columns
    [OK] Alignment verified
    New columns: 580

  Merged 580 new columns → 53072 rows x 668 columns

  Loading embedding component: ESM-C (600M) embeddings
    Loading prepared embeddings: /home/hilarius/special_course/special_course_spring2026/data/processed/embeddings_prepared/esmc_prepared.h5
    Loaded: 53072 samples, 3 regions, dim=1152

================================================================================
COMPONENT SUMMARY
================================================================================

  CSV components (2):
    [handcrafted] Structural features
      Source: split_data (built-in)
    [blosum] BLOSUM50 AA encoding
      Source: /home/hilarius/special_course/special_course_spring2026/data/processed/df_all_blosum50.csv
      New columns added: 580
  Total CSV features: 631
    Structural: 51
    AA-encoded: 580

  Embedding components (1):
    [esmc] ESM-C (600M) embeddings
      Raw dim: 3456 (3 regions × 1152)
      After PCA: 3456 (1152/region × 3 regions)

  Estimated total features: ~4087
    CSV:        631
    Embeddings: 3456 (after PCA)

================================================================================
PIPELINE READY: ~4087 features, 5 folds, Logistic Regression
================================================================================

--------------------------------------------------------------------------------
  FOLD 0/4
--------------------------------------------------------------------------------
    WARNING: X_train: 83391 NaN values replaced with medians
    WARNING: X_test: 10976 NaN values replaced with medians
    CSV features: 631 columns
    esmc: zero-vector samples: train=0/35381 (0.0%), test=0/8846 (0.0%)
    esmc: PCA 3456 → 3456 (1152/region × 3 regions, 100.0% variance, fitted on 35381 non-zero samples)
    Train:  35381 samples (pos=15617, neg=19764, ratio=1.266)
    Test:    8846 samples (pos=3954, neg=4892, ratio=1.237)
    Features: 4087
    Training Logistic Regression ...
    Training time: 40.5s

    Fold 0 results (133.8s):
      AUC-ROC: 0.7265  |  AUC-PR: 0.6659  |  Acc: 0.6689  |  F1: 0.6422  |  MCC: 0.3354
      Sens: 0.6649  |  Spec: 0.6721  |  PPV: 0.6211  |  NPV: 0.7128

    Top 15 feature coefficients:
    Rank   Feature                                        Coefficient
    -----------------------------------------------------------------
    1      rel_distance_from_n_terminus                     -5.976656
    2      rel_distance_from_c_terminus                     -5.967185
    3      P9_M                                             -1.476551
    4      P3_V                                             -1.323291
    5      C4_I                                             -1.283138
    6      P2_R                                             -1.269700
    7      N9_I                                              1.148017
    8      P9_V                                              1.097807
    9      P9_D                                             -1.097356
    10     C1_V                                              1.090864
    11     P8_V                                              1.059269
    12     P2_K                                             -1.049389
    13     P9_N                                             -1.031456
    14     C5_I                                              1.009398
    15     P9_H                                              0.951745
    Saved model: /home/hilarius/special_course/special_course_spring2026/models/lr_handcrafted_blosum_esmc_model_fold0.pkl

--------------------------------------------------------------------------------
  FOLD 1/4
--------------------------------------------------------------------------------
    WARNING: X_train: 69530 NaN values replaced with medians
    WARNING: X_test: 24837 NaN values replaced with medians
    CSV features: 631 columns
    esmc: zero-vector samples: train=0/35381 (0.0%), test=0/8846 (0.0%)
    esmc: PCA 3456 → 3456 (1152/region × 3 regions, 100.0% variance, fitted on 35381 non-zero samples)
    Train:  35381 samples (pos=15634, neg=19747, ratio=1.263)
    Test:    8846 samples (pos=3937, neg=4909, ratio=1.247)
    Features: 4087
    Training Logistic Regression ...
    Training time: 42.1s

    Fold 1 results (100.1s):
      AUC-ROC: 0.7090  |  AUC-PR: 0.6538  |  Acc: 0.6569  |  F1: 0.6277  |  MCC: 0.3108
      Sens: 0.6497  |  Spec: 0.6627  |  PPV: 0.6070  |  NPV: 0.7023

    Top 15 feature coefficients:
    Rank   Feature                                        Coefficient
    -----------------------------------------------------------------
    1      rel_distance_from_n_terminus                     -5.842965
    2      rel_distance_from_c_terminus                     -5.837409
    3      P9_M                                             -1.688263
    4      C1_V                                              1.367490
    5      P3_V                                             -1.314616
    6      P9_Q                                              1.246621
    7      C1_I                                             -1.170355
    8      P8_V                                              1.167080
    9      P9_D                                             -1.088997
    10     N9_I                                              1.079232
    11     P2_R                                             -1.076344
    12     P8_I                                             -0.994700
    13     C5_I                                              0.918282
    14     N2_I                                             -0.908887
    15     P9_H                                              0.903596
    Saved model: /home/hilarius/special_course/special_course_spring2026/models/lr_handcrafted_blosum_esmc_model_fold1.pkl

--------------------------------------------------------------------------------
  FOLD 2/4
--------------------------------------------------------------------------------
    WARNING: X_train: 69922 NaN values replaced with medians
    WARNING: X_test: 24445 NaN values replaced with medians
    CSV features: 631 columns
    esmc: zero-vector samples: train=0/35382 (0.0%), test=0/8845 (0.0%)
    esmc: PCA 3456 → 3456 (1152/region × 3 regions, 100.0% variance, fitted on 35382 non-zero samples)
    Train:  35382 samples (pos=15645, neg=19737, ratio=1.262)
    Test:    8845 samples (pos=3926, neg=4919, ratio=1.253)
    Features: 4087
    Training Logistic Regression ...
    Training time: 33.3s

    Fold 2 results (89.4s):
      AUC-ROC: 0.7100  |  AUC-PR: 0.6478  |  Acc: 0.6516  |  F1: 0.6146  |  MCC: 0.2970
      Sens: 0.6258  |  Spec: 0.6721  |  PPV: 0.6037  |  NPV: 0.6924

    Top 15 feature coefficients:
    Rank   Feature                                        Coefficient
    -----------------------------------------------------------------
    1      rel_distance_from_n_terminus                     -4.982618
    2      rel_distance_from_c_terminus                     -4.966079
    3      C1_V                                              1.570757
    4      N9_I                                              1.477078
    5      N3_I                                             -1.300169
    6      C4_I                                             -1.248551
    7      P9_Q                                              1.229214
    8      P3_V                                             -1.217272
    9      P9_M                                             -1.156072
    10     C2_V                                             -1.019263
    11     C1_L                                              0.955764
    12     C1_R                                              0.930471
    13     P8_V                                              0.929257
    14     P9_W                                              0.922106
    15     N9_V                                             -0.916392
    Saved model: /home/hilarius/special_course/special_course_spring2026/models/lr_handcrafted_blosum_esmc_model_fold2.pkl

--------------------------------------------------------------------------------
  FOLD 3/4
--------------------------------------------------------------------------------
    WARNING: X_train: 74842 NaN values replaced with medians
    WARNING: X_test: 19525 NaN values replaced with medians
    CSV features: 631 columns
    esmc: zero-vector samples: train=0/35382 (0.0%), test=0/8845 (0.0%)
    esmc: PCA 3456 → 3456 (1152/region × 3 regions, 100.0% variance, fitted on 35382 non-zero samples)
    Train:  35382 samples (pos=15635, neg=19747, ratio=1.263)
    Test:    8845 samples (pos=3936, neg=4909, ratio=1.247)
    Features: 4087
    Training Logistic Regression ...
    Training time: 41.4s

    Fold 3 results (97.5s):
      AUC-ROC: 0.7209  |  AUC-PR: 0.6684  |  Acc: 0.6653  |  F1: 0.6346  |  MCC: 0.3268
      Sens: 0.6529  |  Spec: 0.6753  |  PPV: 0.6172  |  NPV: 0.7082

    Top 15 feature coefficients:
    Rank   Feature                                        Coefficient
    -----------------------------------------------------------------
    1      rel_distance_from_n_terminus                     -6.268649
    2      rel_distance_from_c_terminus                     -6.256655
    3      C1_V                                              1.719621
    4      P9_M                                             -1.696339
    5      P8_V                                              1.452490
    6      N2_I                                             -1.440508
    7      C7_I                                             -1.341738
    8      P3_V                                             -1.264028
    9      P8_I                                             -1.193068
    10     P9_Q                                              1.178532
    11     N2_V                                              1.166125
    12     C4_I                                             -1.143193
    13     P2_R                                             -1.095817
    14     P2_K                                             -1.085351
    15     P9_H                                              1.041468
    Saved model: /home/hilarius/special_course/special_course_spring2026/models/lr_handcrafted_blosum_esmc_model_fold3.pkl

--------------------------------------------------------------------------------
  FOLD 4/4
--------------------------------------------------------------------------------
    WARNING: X_train: 79783 NaN values replaced with medians
    WARNING: X_test: 14584 NaN values replaced with medians
    CSV features: 631 columns
    esmc: zero-vector samples: train=0/35382 (0.0%), test=0/8845 (0.0%)
    esmc: PCA 3456 → 3456 (1152/region × 3 regions, 100.0% variance, fitted on 35382 non-zero samples)
    Train:  35382 samples (pos=15753, neg=19629, ratio=1.246)
    Test:    8845 samples (pos=3818, neg=5027, ratio=1.317)
    Features: 4087
    Training Logistic Regression ...
    Training time: 43.2s

    Fold 4 results (99.8s):
      AUC-ROC: 0.7254  |  AUC-PR: 0.6577  |  Acc: 0.6648  |  F1: 0.6311  |  MCC: 0.3267
      Sens: 0.6642  |  Spec: 0.6652  |  PPV: 0.6011  |  NPV: 0.7229

    Top 15 feature coefficients:
    Rank   Feature                                        Coefficient
    -----------------------------------------------------------------
    1      rel_distance_from_n_terminus                     -6.786133
    2      rel_distance_from_c_terminus                     -6.752371
    3      P9_M                                             -1.432957
    4      P2_R                                             -1.294623
    5      C1_V                                              1.277778
    6      P3_V                                             -1.232479
    7      N3_I                                             -1.143895
    8      C5_I                                              1.091138
    9      P9_D                                             -1.048220
    10     N2_I                                             -1.026183
    11     P4_I                                              0.973247
    12     N2_V                                              0.921177
    13     P4_V                                             -0.908750
    14     P8_V                                              0.908526
    15     C6_I                                              0.900654
    Saved model: /home/hilarius/special_course/special_course_spring2026/models/lr_handcrafted_blosum_esmc_model_fold4.pkl

================================================================================
CROSS-VALIDATION SUMMARY (mean +/- std)
================================================================================
  auc_roc         0.7184 +/- 0.0075    [0.7265  0.7090  0.7100  0.7209  0.7254]
  auc_pr          0.6587 +/- 0.0076    [0.6659  0.6538  0.6478  0.6684  0.6577]
  accuracy        0.6615 +/- 0.0063    [0.6689  0.6569  0.6516  0.6653  0.6648]
  f1              0.6300 +/- 0.0091    [0.6422  0.6277  0.6146  0.6346  0.6311]
  mcc             0.3193 +/- 0.0137    [0.3354  0.3108  0.2970  0.3268  0.3267]
  sensitivity     0.6515 +/- 0.0142    [0.6649  0.6497  0.6258  0.6529  0.6642]
  specificity     0.6695 +/- 0.0047    [0.6721  0.6627  0.6721  0.6753  0.6652]
  ppv             0.6100 +/- 0.0078    [0.6211  0.6070  0.6037  0.6172  0.6011]
  npv             0.7077 +/- 0.0102    [0.7128  0.7023  0.6924  0.7082  0.7229]

  Best fold: 0 (AUC-ROC = 0.7265)

================================================================================
PER-FOLD METRIC COMPARISON
================================================================================
  Fold    auc_roc      auc_pr       accuracy     f1           mcc          sensitivity  specificity  ppv          npv          
  -----------------------------------------------------------------------------------------------------------------------------
  0       0.7265       0.6659       0.6689       0.6422       0.3354       0.6649       0.6721       0.6211       0.7128       
  1       0.7090       0.6538       0.6569       0.6277       0.3108       0.6497       0.6627       0.6070       0.7023       
  2       0.7100       0.6478       0.6516       0.6146       0.2970       0.6258       0.6721       0.6037       0.6924       
  3       0.7209       0.6684       0.6653       0.6346       0.3268       0.6529       0.6753       0.6172       0.7082       
  4       0.7254       0.6577       0.6648       0.6311       0.3267       0.6642       0.6652       0.6011       0.7229       
  -----------------------------------------------------------------------------------------------------------------------------
  mean    0.7184       0.6587       0.6615       0.6300       0.3193       0.6515       0.6695       0.6100       0.7077       
  std     0.0075       0.0076       0.0063       0.0091       0.0137       0.0142       0.0047       0.0078       0.0102       

================================================================================
AVERAGED COEFFICIENTS ACROSS ALL FOLDS
================================================================================
  Rank   Feature                                          Mean Coef          Std
  -----------------------------------------------------------------------------
  1      rel_distance_from_n_terminus                     -5.971404     0.590992
  2      rel_distance_from_c_terminus                     -5.955940     0.586299
  3      P9_M                                             -1.490037     0.198407
  4      C1_V                                              1.405302     0.220334
  5      P3_V                                             -1.270337     0.042553
  6      P8_V                                              1.103324     0.198075
  7      P2_R                                             -1.064729     0.254573
  8      P9_Q                                              1.040532     0.223570
  9      P9_D                                             -1.004761     0.127066
  10     N2_I                                             -0.978841     0.268722
  11     N9_I                                              0.969787     0.352219
  12     C4_I                                             -0.959362     0.373368
  13     P8_I                                             -0.945473     0.146789
  14     C5_I                                              0.900342     0.156339
  15     P3_I                                              0.871826     0.020925
  16     P2_K                                             -0.857860     0.192898
  17     P9_V                                              0.830045     0.203984
  18     C1_L                                              0.821995     0.165995
  19     P9_W                                              0.817626     0.092559
  20     N2_V                                              0.816740     0.212827
  21     P9_N                                             -0.810249     0.149545
  22     C1_I                                             -0.791060     0.291233
  23     P4_I                                              0.774279     0.119229
  24     C1_R                                              0.771324     0.198802
  25     N3_I                                             -0.771177     0.421470
  26     C1_D                                              0.766265     0.127111
  27     C1_G                                              0.716709     0.157656
  28     P4_V                                             -0.702433     0.136057
  29     P8_L                                              0.695899     0.075942
  30     C1_F                                              0.670606     0.103154

================================================================================
HELD-OUT VALIDATION SET EVALUATION
================================================================================
  Using model from best fold (0)
  Held-out samples: 8845 (pos=3870, neg=4975, ratio=1.286)

  Held-out results (8845 samples):
    AUC-ROC: 0.7211  |  AUC-PR: 0.6566  |  Acc: 0.6656  |  F1: 0.6325  |  MCC: 0.3273
    Sens: 0.6576  |  Spec: 0.6718  |  PPV: 0.6091  |  NPV: 0.7161

  Classification Report:
              precision    recall  f1-score   support

    Negative     0.7161    0.6718    0.6932      4975
    Positive     0.6091    0.6576    0.6325      3870

    accuracy                         0.6656      8845
   macro avg     0.6626    0.6647    0.6628      8845
weighted avg     0.6693    0.6656    0.6666      8845

================================================================================
CV AVERAGE vs HELD-OUT COMPARISON
================================================================================
  Metric             CV mean     CV std   Held-out      Delta
  ---------------------------------------------------------
  auc_roc             0.7184     0.0075     0.7211    +0.0027
  auc_pr              0.6587     0.0076     0.6566    -0.0021
  accuracy            0.6615     0.0063     0.6656    +0.0041
  f1                  0.6300     0.0091     0.6325    +0.0024
  mcc                 0.3193     0.0137     0.3273    +0.0080
  sensitivity         0.6515     0.0142     0.6576    +0.0061
  specificity         0.6695     0.0047     0.6718    +0.0023
  ppv                 0.6100     0.0078     0.6091    -0.0009
  npv                 0.7077     0.0102     0.7161    +0.0084

Results saved: /home/hilarius/special_course/special_course_spring2026/models/cv_results_lr_handcrafted_blosum_esmc_20260506_180210.json
Best model saved: /home/hilarius/special_course/special_course_spring2026/models/best_lr_handcrafted_blosum_esmc_model.pkl
Fold artifacts saved: /home/hilarius/special_course/special_course_spring2026/models/best_lr_handcrafted_blosum_esmc_artifacts.pkl
Feature names saved: /home/hilarius/special_course/special_course_spring2026/models/lr_handcrafted_blosum_esmc_feature_names.json

================================================================================
RUN SUMMARY
================================================================================
  Total runtime:    531.2s (8.9 min)
  Model:            Logistic Regression (lr)
  Feature set:      Structural + BLOSUM50 + ESM-C (handcrafted_blosum_esmc)
  Components:       ['handcrafted', 'blosum', 'esmc']
  Scaling:          yes
  Features (final): 4087
    CSV features:   631
    esmc PCA:     3456
  CV folds:         5
  Best fold:        0 (AUC = 0.7265)
  Held-out AUC:     0.7211
  Held-out MCC:     0.3273
  Models dir:       /home/hilarius/special_course/special_course_spring2026/models/
  Results file:     /home/hilarius/special_course/special_course_spring2026/models/cv_results_lr_handcrafted_blosum_esmc_20260506_180210.json
  Feature names:    /home/hilarius/special_course/special_course_spring2026/models/lr_handcrafted_blosum_esmc_feature_names.json
  Log file:         /home/hilarius/special_course/special_course_spring2026/logs/04_modelling_lr_handcrafted_blosum_esmc_log_20260506_180210.txt
  Completed:        2026-05-06 18:11:01
================================================================================

############################################################
>>> $1
>>> CMD: bash -c cd .. && python src/06_feature_importance.py --features 'esmc' --models lr rf --top 30 --top_compare 30 --top_big 70 --out_root 'results/figures/models/feature_importance_esmc_full'
############################################################
Feature set:    esmc
Models:         ['lr', 'rf']
Top per-model:  30
Top comparison: 30
Top big plot:   70
Output dir:     results/figures/models/feature_importance_esmc_full/esmc

============================================================
  Logistic Regression — esmc
============================================================
  Features: 3456
  Fold 0: 3456 weights loaded (signed)
  Fold 1: 3456 weights loaded (signed)
  Fold 2: 3456 weights loaded (signed)
  Fold 3: 3456 weights loaded (signed)
  Fold 4: 3456 weights loaded (signed)
  Saved: results/tables/esmc/feature_importance_lr_esmc.csv

  Feature Type               Count    Total |w|    Share
  -------------------------------------------------------
  embedding_pca               3456      26.0360   100.0%

  Top 20 features:
    - esmc_PC001                                -0.3120  (embedding_pca)
    + esmc_PC019                                +0.2604  (embedding_pca)
    + esmc_PC018                                +0.1970  (embedding_pca)
    + esmc_PC015                                +0.1840  (embedding_pca)
    - esmc_PC003                                -0.1457  (embedding_pca)
    + esmc_PC023                                +0.1310  (embedding_pca)
    - esmc_PC007                                -0.1196  (embedding_pca)
    + esmc_PC011                                +0.1185  (embedding_pca)
    - esmc_PC010                                -0.1132  (embedding_pca)
    - esmc_PC067                                -0.0994  (embedding_pca)
    - esmc_PC004                                -0.0963  (embedding_pca)
    - esmc_PC038                                -0.0953  (embedding_pca)
    - esmc_PC021                                -0.0918  (embedding_pca)
    + esmc_PC006                                +0.0812  (embedding_pca)
    - esmc_PC047                                -0.0766  (embedding_pca)
    + esmc_PC032                                +0.0693  (embedding_pca)
    - esmc_PC098                                -0.0691  (embedding_pca)
    - esmc_PC026                                -0.0614  (embedding_pca)
    - esmc_PC025                                -0.0609  (embedding_pca)
    - esmc_PC037                                -0.0607  (embedding_pca)
  Saved: results/figures/models/feature_importance_esmc_full/esmc/feature_importance_lr_esmc_top30.png

============================================================
  Random Forest — esmc
============================================================
  Features: 3456
  Fold 0: 3456 weights loaded (unsigned)
  Fold 1: 3456 weights loaded (unsigned)
  Fold 2: 3456 weights loaded (unsigned)
  Fold 3: 3456 weights loaded (unsigned)
  Fold 4: 3456 weights loaded (unsigned)
  Saved: results/tables/esmc/feature_importance_rf_esmc.csv

  Feature Type               Count    Total |w|    Share
  -------------------------------------------------------
  embedding_pca               3456       1.0000   100.0%

  Top 20 features:
      esmc_PC001                                0.0023  (embedding_pca)
      esmc_PC019                                0.0017  (embedding_pca)
      esmc_PC006                                0.0010  (embedding_pca)
      esmc_PC003                                0.0010  (embedding_pca)
      esmc_PC018                                0.0010  (embedding_pca)
      esmc_PC013                                0.0009  (embedding_pca)
      esmc_PC015                                0.0009  (embedding_pca)
      esmc_PC016                                0.0008  (embedding_pca)
      esmc_PC007                                0.0008  (embedding_pca)
      esmc_PC011                                0.0007  (embedding_pca)
      esmc_PC010                                0.0007  (embedding_pca)
      esmc_PC020                                0.0007  (embedding_pca)
      esmc_PC023                                0.0007  (embedding_pca)
      esmc_PC033                                0.0006  (embedding_pca)
      esmc_PC039                                0.0006  (embedding_pca)
      esmc_PC030                                0.0006  (embedding_pca)
      esmc_PC031                                0.0006  (embedding_pca)
      esmc_PC060                                0.0006  (embedding_pca)
      esmc_PC027                                0.0006  (embedding_pca)
      esmc_PC002                                0.0005  (embedding_pca)
  Saved: results/figures/models/feature_importance_esmc_full/esmc/feature_importance_rf_esmc_top30.png

============================================================
  COMPARISON PLOTS (top 30)
============================================================
  Saved: results/figures/models/feature_importance_esmc_full/esmc/feature_importance_comparison_lr_vs_rf_esmc_top30.png

============================================================
  BIG COMPARISON PLOT (top 70)
============================================================
  Saved: results/figures/models/feature_importance_esmc_full/esmc/feature_importance_comparison_lr_vs_rf_esmc_top70_BIG.png

Done. All outputs in: results/figures/models/feature_importance_esmc_full/esmc

############################################################
>>> $1
>>> CMD: bash -c cd .. && python src/06_feature_importance.py --features 'handcrafted_sparse_esmc' --models lr rf --top 30 --top_compare 30 --top_big 70 --out_root 'results/figures/models/feature_importance_esmc_full'
############################################################
Feature set:    handcrafted_sparse_esmc
Models:         ['lr', 'rf']
Top per-model:  30
Top comparison: 30
Top big plot:   70
Output dir:     results/figures/models/feature_importance_esmc_full/handcrafted_sparse_esmc

============================================================
  Logistic Regression — handcrafted_sparse_esmc
============================================================
  Features: 4087
  Fold 0: 4087 weights loaded (signed)
  Fold 1: 4087 weights loaded (signed)
  Fold 2: 4087 weights loaded (signed)
  Fold 3: 4087 weights loaded (signed)
  Fold 4: 4087 weights loaded (signed)
  Saved: results/tables/handcrafted_sparse_esmc/feature_importance_lr_handcrafted_sparse_esmc.csv

  Feature Type               Count    Total |w|    Share
  -------------------------------------------------------
  aa_encoding                  340      41.7911    41.7%
  embedding_pca               3456      25.0072    25.0%
  handcrafted                  291      33.3246    33.3%

  Top 20 features:
    - rel_distance_from_n_terminus              -6.0669  (handcrafted)
    - rel_distance_from_c_terminus              -6.0524  (handcrafted)
    - C1_L                                      -0.9426  (aa_encoding)
    - C1_I                                      -0.7159  (aa_encoding)
    - C1_E                                      -0.7139  (aa_encoding)
    - C1_V                                      -0.6933  (aa_encoding)
    - C1_P                                      -0.6826  (aa_encoding)
    - C1_D                                      -0.6379  (aa_encoding)
    - C1_F                                      -0.6047  (aa_encoding)
    - C1_Q                                      -0.5723  (aa_encoding)
    - C1_T                                      -0.5688  (aa_encoding)
    - C1_S                                      -0.5572  (aa_encoding)
    - C1_G                                      -0.5539  (aa_encoding)
    - C1_K                                      -0.5426  (aa_encoding)
    - C1_A                                      -0.5377  (aa_encoding)
    - C1_R                                      -0.5360  (aa_encoding)
    - C1_N                                      -0.5086  (aa_encoding)
    + P2_W                                      +0.4756  (aa_encoding)
    - C1_Y                                      -0.4468  (aa_encoding)
    - N2_P                                      -0.3948  (aa_encoding)
  Saved: results/figures/models/feature_importance_esmc_full/handcrafted_sparse_esmc/feature_importance_lr_handcrafted_sparse_esmc_top30.png

============================================================
  Random Forest — handcrafted_sparse_esmc
============================================================
  Features: 4087
  Fold 0: 4087 weights loaded (unsigned)
  Fold 1: 4087 weights loaded (unsigned)
  Fold 2: 4087 weights loaded (unsigned)
  Fold 3: 4087 weights loaded (unsigned)
  Fold 4: 4087 weights loaded (unsigned)
  Saved: results/tables/handcrafted_sparse_esmc/feature_importance_rf_handcrafted_sparse_esmc.csv

  Feature Type               Count    Total |w|    Share
  -------------------------------------------------------
  aa_encoding                  340       0.0131     1.3%
  embedding_pca               3456       0.9738    97.4%
  handcrafted                  291       0.0131     1.3%

  Top 20 features:
      esmc_PC001                                0.0021  (embedding_pca)
      mean_plddt_peptide                        0.0018  (handcrafted)
      esmc_PC019                                0.0016  (embedding_pca)
      mean_plddt_nflank                         0.0015  (handcrafted)
      mean_plddt_cflank                         0.0014  (handcrafted)
      N1_P                                      0.0010  (aa_encoding)
      esmc_PC003                                0.0009  (embedding_pca)
      esmc_PC018                                0.0009  (embedding_pca)
      esmc_PC013                                0.0009  (embedding_pca)
      P5_P                                      0.0009  (aa_encoding)
      esmc_PC006                                0.0009  (embedding_pca)
      esmc_PC016                                0.0008  (embedding_pca)
      esmc_PC015                                0.0008  (embedding_pca)
      N2_P                                      0.0008  (aa_encoding)
      esmc_PC007                                0.0008  (embedding_pca)
      esmc_PC011                                0.0007  (embedding_pca)
      esmc_PC010                                0.0006  (embedding_pca)
      esmc_PC020                                0.0006  (embedding_pca)
      esmc_PC033                                0.0006  (embedding_pca)
      mean_rsa_cflank                           0.0006  (handcrafted)
  Saved: results/figures/models/feature_importance_esmc_full/handcrafted_sparse_esmc/feature_importance_rf_handcrafted_sparse_esmc_top30.png

============================================================
  COMPARISON PLOTS (top 30)
============================================================
  Saved: results/figures/models/feature_importance_esmc_full/handcrafted_sparse_esmc/feature_importance_comparison_lr_vs_rf_handcrafted_sparse_esmc_top30.png

============================================================
  BIG COMPARISON PLOT (top 70)
============================================================
  Saved: results/figures/models/feature_importance_esmc_full/handcrafted_sparse_esmc/feature_importance_comparison_lr_vs_rf_handcrafted_sparse_esmc_top70_BIG.png

Done. All outputs in: results/figures/models/feature_importance_esmc_full/handcrafted_sparse_esmc

############################################################
>>> $1
>>> CMD: bash -c cd .. && python src/06_feature_importance.py --features 'handcrafted_blosum_esmc' --models lr rf --top 30 --top_compare 30 --top_big 70 --out_root 'results/figures/models/feature_importance_esmc_full'
############################################################
Feature set:    handcrafted_blosum_esmc
Models:         ['lr', 'rf']
Top per-model:  30
Top comparison: 30
Top big plot:   70
Output dir:     results/figures/models/feature_importance_esmc_full/handcrafted_blosum_esmc

============================================================
  Logistic Regression — handcrafted_blosum_esmc
============================================================
  Features: 4087
  Fold 0: 4087 weights loaded (signed)
  Fold 1: 4087 weights loaded (signed)
  Fold 2: 4087 weights loaded (signed)
  Fold 3: 4087 weights loaded (signed)
  Fold 4: 4087 weights loaded (signed)
  Saved: results/tables/handcrafted_blosum_esmc/feature_importance_lr_handcrafted_blosum_esmc.csv

  Feature Type               Count    Total |w|    Share
  -------------------------------------------------------
  aa_encoding                  340      79.3872    56.9%
  embedding_pca               3456      25.0551    18.0%
  handcrafted                  291      35.0948    25.2%

  Top 20 features:
    - rel_distance_from_n_terminus              -5.9714  (handcrafted)
    - rel_distance_from_c_terminus              -5.9559  (handcrafted)
    - P9_M                                      -1.4900  (aa_encoding)
    + C1_V                                      +1.4053  (aa_encoding)
    - P3_V                                      -1.2703  (aa_encoding)
    + P8_V                                      +1.1033  (aa_encoding)
    - P2_R                                      -1.0647  (aa_encoding)
    + P9_Q                                      +1.0405  (aa_encoding)
    - P9_D                                      -1.0048  (aa_encoding)
    - N2_I                                      -0.9788  (aa_encoding)
    + N9_I                                      +0.9698  (handcrafted)
    - C4_I                                      -0.9594  (aa_encoding)
    - P8_I                                      -0.9455  (aa_encoding)
    + C5_I                                      +0.9003  (handcrafted)
    + P3_I                                      +0.8718  (aa_encoding)
    - P2_K                                      -0.8579  (aa_encoding)
    + P9_V                                      +0.8300  (aa_encoding)
    + C1_L                                      +0.8220  (aa_encoding)
    + P9_W                                      +0.8176  (aa_encoding)
    + N2_V                                      +0.8167  (aa_encoding)
  Saved: results/figures/models/feature_importance_esmc_full/handcrafted_blosum_esmc/feature_importance_lr_handcrafted_blosum_esmc_top30.png

============================================================
  Random Forest — handcrafted_blosum_esmc
============================================================
  Features: 4087
  Fold 0: 4087 weights loaded (unsigned)
  Fold 1: 4087 weights loaded (unsigned)
  Fold 2: 4087 weights loaded (unsigned)
  Fold 3: 4087 weights loaded (unsigned)
  Fold 4: 4087 weights loaded (unsigned)
  Saved: results/tables/handcrafted_blosum_esmc/feature_importance_rf_handcrafted_blosum_esmc.csv

  Feature Type               Count    Total |w|    Share
  -------------------------------------------------------
  aa_encoding                  340       0.0575     5.7%
  embedding_pca               3456       0.9143    91.4%
  handcrafted                  291       0.0283     2.8%

  Top 20 features:
      esmc_PC001                                0.0020  (embedding_pca)
      mean_plddt_peptide                        0.0016  (handcrafted)
      esmc_PC019                                0.0014  (embedding_pca)
      mean_plddt_nflank                         0.0013  (handcrafted)
      mean_plddt_cflank                         0.0012  (handcrafted)
      P5_R                                      0.0012  (aa_encoding)
      C1_N                                      0.0010  (aa_encoding)
      C1_R                                      0.0008  (aa_encoding)
      P5_K                                      0.0008  (aa_encoding)
      N1_P                                      0.0008  (aa_encoding)
      esmc_PC018                                0.0007  (embedding_pca)
      C1_S                                      0.0007  (aa_encoding)
      esmc_PC016                                0.0007  (embedding_pca)
      C1_K                                      0.0007  (aa_encoding)
      esmc_PC013                                0.0007  (embedding_pca)
      P5_P                                      0.0007  (aa_encoding)
      esmc_PC003                                0.0007  (embedding_pca)
      esmc_PC015                                0.0006  (embedding_pca)
      esmc_PC006                                0.0006  (embedding_pca)
      C1_L                                      0.0006  (aa_encoding)
  Saved: results/figures/models/feature_importance_esmc_full/handcrafted_blosum_esmc/feature_importance_rf_handcrafted_blosum_esmc_top30.png

============================================================
  COMPARISON PLOTS (top 30)
============================================================
  Saved: results/figures/models/feature_importance_esmc_full/handcrafted_blosum_esmc/feature_importance_comparison_lr_vs_rf_handcrafted_blosum_esmc_top30.png

============================================================
  BIG COMPARISON PLOT (top 70)
============================================================
  Saved: results/figures/models/feature_importance_esmc_full/handcrafted_blosum_esmc/feature_importance_comparison_lr_vs_rf_handcrafted_blosum_esmc_top70_BIG.png

Done. All outputs in: results/figures/models/feature_importance_esmc_full/handcrafted_blosum_esmc
>>> Activated: ../env_esmif  (python: /home/hilarius/special_course/special_course_spring2026/env_esmif/bin/python)

############################################################
>>> $1
>>> CMD: python 04_modelling.py --model rf --features esmif
############################################################
[OK] Data file found: /home/hilarius/special_course/special_course_spring2026/data/processed/df_all.csv
[OK] Config validated: 5-fold CV + 1 held-out = 6 buckets
     Project root:  /home/hilarius/special_course/special_course_spring2026
     Data dir:      /home/hilarius/special_course/special_course_spring2026/data/processed
     Embedding dir: /home/hilarius/special_course/special_course_spring2026/data/processed/embeddings
     Log dir:       /home/hilarius/special_course/special_course_spring2026/logs
     Model dir:     /home/hilarius/special_course/special_course_spring2026/models
     Models:        lr, rf
     Feature sets:  all_blosum, all_sparse, esmc, esmif, esmif_hybrid, esmif_hybrid_20_fb, esmif_hybrid_40_fb, esmif_hybrid_60_fb, esmif_hybrid_80_fb, handcrafted, handcrafted_blosum, handcrafted_blosum_esmc, handcrafted_blosum_esmif, handcrafted_sparse, handcrafted_sparse_esmc, handcrafted_sparse_esmif, handcrafted_sparse_esmif_h20fb, handcrafted_sparse_esmif_h40fb, handcrafted_sparse_esmif_h60fb, handcrafted_sparse_esmif_h80fb, handcrafted_sparse_esmif_hybrid
     Components:    blosum, esmc, esmif, esmif_hybrid, esmif_hybrid_20_fb, esmif_hybrid_40_fb, esmif_hybrid_60_fb, esmif_hybrid_80_fb, handcrafted, sparse
================================================================================
  04_MODELLING -- RANDOM FOREST + ESM-IF1 EMBEDDINGS ONLY
================================================================================
  Timestamp:       2026-05-06 18:11:41
  Model key:       rf
  Model class:     sklearn.ensemble.RandomForestClassifier
  Feature set:     esmif (ESM-IF1 embeddings only)
  Components:      ['esmif']
  Data path:       /home/hilarius/special_course/special_course_spring2026/data/processed/df_all_with_folds.csv
  Log path:        /home/hilarius/special_course/special_course_spring2026/logs/04_modelling_rf_esmif_log_20260506_181141.txt
  CV folds (k):    5
  Held-out bucket: 5
  Random state:    42
  Needs scaling:   False

  Model hyperparameters:
    n_estimators              1000
    max_depth                 None
    min_samples_split         2
    min_samples_leaf          1
    max_features              sqrt
    class_weight              balanced
    n_jobs                    -1
    random_state              42
    verbose                   0
================================================================================

Loading split data: /home/hilarius/special_course/special_course_spring2026/data/processed/df_all_with_folds.csv
  Shape: 53072 rows x 88 columns
  [OK] Fold column validated: [0, 1, 2, 3, 4, 5]

================================================================================
LOADING FEATURE COMPONENTS
================================================================================

  Loading embedding component: ESM-IF1 embeddings
    Loading prepared embeddings: /home/hilarius/special_course/special_course_spring2026/data/processed/embeddings_prepared/esmif_prepared.h5
    Loaded: 53072 samples, 3 regions, dim=512

================================================================================
COMPONENT SUMMARY
================================================================================

  Embedding components (1):
    [esmif] ESM-IF1 embeddings
      Raw dim: 1536 (3 regions × 512)
      After PCA: 150 (50/region × 3 regions)

  Estimated total features: ~150
    CSV:        0
    Embeddings: 150 (after PCA)

================================================================================
PIPELINE READY: ~150 features, 5 folds, Random Forest
================================================================================

--------------------------------------------------------------------------------
  FOLD 0/4
--------------------------------------------------------------------------------
    esmif: zero-vector samples: train=4276/35381 (12.1%), test=858/8846 (9.7%)
    esmif: PCA 1536 → 150 (50/region × 3 regions, 75.6% variance, fitted on 31105 non-zero samples)
    Train:  35381 samples (pos=15617, neg=19764, ratio=1.266)
    Test:    8846 samples (pos=3954, neg=4892, ratio=1.237)
    Features: 150
    Training Random Forest ...
    Training time: 43.7s

    Fold 0 results (50.6s):
      AUC-ROC: 0.6446  |  AUC-PR: 0.5850  |  Acc: 0.6011  |  F1: 0.3838  |  MCC: 0.1741
      Sens: 0.2779  |  Spec: 0.8622  |  PPV: 0.6199  |  NPV: 0.5964

    Top 15 feature importances:
    Rank   Feature                                         Importance
    -----------------------------------------------------------------
    1      esmif_PC003                                       0.011801
    2      esmif_PC141                                       0.008611
    3      esmif_PC019                                       0.008582
    4      esmif_PC068                                       0.008462
    5      esmif_PC002                                       0.008454
    6      esmif_PC004                                       0.007672
    7      esmif_PC122                                       0.007670
    8      esmif_PC053                                       0.007666
    9      esmif_PC029                                       0.007577
    10     esmif_PC018                                       0.007570
    11     esmif_PC036                                       0.007534
    12     esmif_PC047                                       0.007523
    13     esmif_PC048                                       0.007506
    14     esmif_PC044                                       0.007465
    15     esmif_PC006                                       0.007455
    Saved model: /home/hilarius/special_course/special_course_spring2026/models/rf_esmif_model_fold0.pkl

--------------------------------------------------------------------------------
  FOLD 1/4
--------------------------------------------------------------------------------
    esmif: zero-vector samples: train=4093/35381 (11.6%), test=1041/8846 (11.8%)
    esmif: PCA 1536 → 150 (50/region × 3 regions, 75.6% variance, fitted on 31288 non-zero samples)
    Train:  35381 samples (pos=15634, neg=19747, ratio=1.263)
    Test:    8846 samples (pos=3937, neg=4909, ratio=1.247)
    Features: 150
    Training Random Forest ...
    Training time: 45.3s

    Fold 1 results (50.9s):
      AUC-ROC: 0.6049  |  AUC-PR: 0.5471  |  Acc: 0.5892  |  F1: 0.3782  |  MCC: 0.1418
      Sens: 0.2807  |  Spec: 0.8366  |  PPV: 0.5794  |  NPV: 0.5919

    Top 15 feature importances:
    Rank   Feature                                         Importance
    -----------------------------------------------------------------
    1      esmif_PC003                                       0.012276
    2      esmif_PC002                                       0.009074
    3      esmif_PC067                                       0.008724
    4      esmif_PC123                                       0.008457
    5      esmif_PC032                                       0.008280
    6      esmif_PC126                                       0.008222
    7      esmif_PC044                                       0.008073
    8      esmif_PC094                                       0.007884
    9      esmif_PC049                                       0.007775
    10     esmif_PC138                                       0.007724
    11     esmif_PC004                                       0.007723
    12     esmif_PC135                                       0.007569
    13     esmif_PC069                                       0.007520
    14     esmif_PC021                                       0.007428
    15     esmif_PC019                                       0.007418
    Saved model: /home/hilarius/special_course/special_course_spring2026/models/rf_esmif_model_fold1.pkl

--------------------------------------------------------------------------------
  FOLD 2/4
--------------------------------------------------------------------------------
    esmif: zero-vector samples: train=3874/35382 (10.9%), test=1260/8845 (14.2%)
    esmif: PCA 1536 → 150 (50/region × 3 regions, 75.7% variance, fitted on 31508 non-zero samples)
    Train:  35382 samples (pos=15645, neg=19737, ratio=1.262)
    Test:    8845 samples (pos=3926, neg=4919, ratio=1.253)
    Features: 150
    Training Random Forest ...
    Training time: 47.0s

    Fold 2 results (56.1s):
      AUC-ROC: 0.6445  |  AUC-PR: 0.5749  |  Acc: 0.6034  |  F1: 0.3796  |  MCC: 0.1756
      Sens: 0.2733  |  Spec: 0.8668  |  PPV: 0.6209  |  NPV: 0.5991

    Top 15 feature importances:
    Rank   Feature                                         Importance
    -----------------------------------------------------------------
    1      esmif_PC003                                       0.012232
    2      esmif_PC002                                       0.008425
    3      esmif_PC032                                       0.008294
    4      esmif_PC069                                       0.008284
    5      esmif_PC094                                       0.008242
    6      esmif_PC126                                       0.008162
    7      esmif_PC018                                       0.008019
    8      esmif_PC044                                       0.007552
    9      esmif_PC054                                       0.007534
    10     esmif_PC029                                       0.007444
    11     esmif_PC004                                       0.007352
    12     esmif_PC049                                       0.007340
    13     esmif_PC006                                       0.007333
    14     esmif_PC053                                       0.007323
    15     esmif_PC134                                       0.007262
    Saved model: /home/hilarius/special_course/special_course_spring2026/models/rf_esmif_model_fold2.pkl

--------------------------------------------------------------------------------
  FOLD 3/4
--------------------------------------------------------------------------------
    esmif: zero-vector samples: train=4094/35382 (11.6%), test=1040/8845 (11.8%)
    esmif: PCA 1536 → 150 (50/region × 3 regions, 75.7% variance, fitted on 31288 non-zero samples)
    Train:  35382 samples (pos=15635, neg=19747, ratio=1.263)
    Test:    8845 samples (pos=3936, neg=4909, ratio=1.247)
    Features: 150
    Training Random Forest ...
    Training time: 44.7s

    Fold 3 results (54.5s):
      AUC-ROC: 0.6227  |  AUC-PR: 0.5647  |  Acc: 0.6025  |  F1: 0.3990  |  MCC: 0.1742
      Sens: 0.2965  |  Spec: 0.8478  |  PPV: 0.6097  |  NPV: 0.6005

    Top 15 feature importances:
    Rank   Feature                                         Importance
    -----------------------------------------------------------------
    1      esmif_PC003                                       0.012053
    2      esmif_PC002                                       0.009010
    3      esmif_PC126                                       0.008293
    4      esmif_PC018                                       0.008143
    5      esmif_PC068                                       0.008062
    6      esmif_PC032                                       0.008009
    7      esmif_PC004                                       0.007872
    8      esmif_PC021                                       0.007813
    9      esmif_PC048                                       0.007788
    10     esmif_PC069                                       0.007680
    11     esmif_PC056                                       0.007655
    12     esmif_PC001                                       0.007600
    13     esmif_PC054                                       0.007436
    14     esmif_PC033                                       0.007395
    15     esmif_PC094                                       0.007383
    Saved model: /home/hilarius/special_course/special_course_spring2026/models/rf_esmif_model_fold3.pkl

--------------------------------------------------------------------------------
  FOLD 4/4
--------------------------------------------------------------------------------
    esmif: zero-vector samples: train=4199/35382 (11.9%), test=935/8845 (10.6%)
    esmif: PCA 1536 → 150 (50/region × 3 regions, 75.7% variance, fitted on 31183 non-zero samples)
    Train:  35382 samples (pos=15753, neg=19629, ratio=1.246)
    Test:    8845 samples (pos=3818, neg=5027, ratio=1.317)
    Features: 150
    Training Random Forest ...
    Training time: 44.3s

    Fold 4 results (56.3s):
      AUC-ROC: 0.6492  |  AUC-PR: 0.5689  |  Acc: 0.6137  |  F1: 0.3910  |  MCC: 0.1834
      Sens: 0.2873  |  Spec: 0.8615  |  PPV: 0.6118  |  NPV: 0.6142

    Top 15 feature importances:
    Rank   Feature                                         Importance
    -----------------------------------------------------------------
    1      esmif_PC003                                       0.010931
    2      esmif_PC002                                       0.008429
    3      esmif_PC004                                       0.008066
    4      esmif_PC029                                       0.008044
    5      esmif_PC018                                       0.007996
    6      esmif_PC068                                       0.007902
    7      esmif_PC032                                       0.007900
    8      esmif_PC122                                       0.007855
    9      esmif_PC033                                       0.007746
    10     esmif_PC048                                       0.007574
    11     esmif_PC053                                       0.007543
    12     esmif_PC116                                       0.007511
    13     esmif_PC001                                       0.007452
    14     esmif_PC044                                       0.007447
    15     esmif_PC040                                       0.007417
    Saved model: /home/hilarius/special_course/special_course_spring2026/models/rf_esmif_model_fold4.pkl

================================================================================
CROSS-VALIDATION SUMMARY (mean +/- std)
================================================================================
  auc_roc         0.6332 +/- 0.0169    [0.6446  0.6049  0.6445  0.6227  0.6492]
  auc_pr          0.5681 +/- 0.0125    [0.5850  0.5471  0.5749  0.5647  0.5689]
  accuracy        0.6020 +/- 0.0078    [0.6011  0.5892  0.6034  0.6025  0.6137]
  f1              0.3863 +/- 0.0078    [0.3838  0.3782  0.3796  0.3990  0.3910]
  mcc             0.1698 +/- 0.0144    [0.1741  0.1418  0.1756  0.1742  0.1834]
  sensitivity     0.2831 +/- 0.0081    [0.2779  0.2807  0.2733  0.2965  0.2873]
  specificity     0.8550 +/- 0.0112    [0.8622  0.8366  0.8668  0.8478  0.8615]
  ppv             0.6084 +/- 0.0151    [0.6199  0.5794  0.6209  0.6097  0.6118]
  npv             0.6004 +/- 0.0075    [0.5964  0.5919  0.5991  0.6005  0.6142]

  Best fold: 4 (AUC-ROC = 0.6492)

================================================================================
PER-FOLD METRIC COMPARISON
================================================================================
  Fold    auc_roc      auc_pr       accuracy     f1           mcc          sensitivity  specificity  ppv          npv          
  -----------------------------------------------------------------------------------------------------------------------------
  0       0.6446       0.5850       0.6011       0.3838       0.1741       0.2779       0.8622       0.6199       0.5964       
  1       0.6049       0.5471       0.5892       0.3782       0.1418       0.2807       0.8366       0.5794       0.5919       
  2       0.6445       0.5749       0.6034       0.3796       0.1756       0.2733       0.8668       0.6209       0.5991       
  3       0.6227       0.5647       0.6025       0.3990       0.1742       0.2965       0.8478       0.6097       0.6005       
  4       0.6492       0.5689       0.6137       0.3910       0.1834       0.2873       0.8615       0.6118       0.6142       
  -----------------------------------------------------------------------------------------------------------------------------
  mean    0.6332       0.5681       0.6020       0.3863       0.1698       0.2831       0.8550       0.6084       0.6004       
  std     0.0169       0.0125       0.0078       0.0078       0.0144       0.0081       0.0112       0.0151       0.0075       

================================================================================
AVERAGED FEATURE IMPORTANCE ACROSS ALL FOLDS
================================================================================
  Rank   Feature                                           Mean Imp          Std
  -----------------------------------------------------------------------------
  1      esmif_PC003                                       0.011859     0.000493
  2      esmif_PC002                                       0.008678     0.000298
  3      esmif_PC032                                       0.007959     0.000358
  4      esmif_PC018                                       0.007823     0.000291
  5      esmif_PC004                                       0.007737     0.000236
  6      esmif_PC126                                       0.007658     0.000700
  7      esmif_PC029                                       0.007505     0.000300
  8      esmif_PC068                                       0.007503     0.000828
  9      esmif_PC044                                       0.007416     0.000494
  10     esmif_PC019                                       0.007374     0.000663
  11     esmif_PC053                                       0.007364     0.000210
  12     esmif_PC094                                       0.007336     0.000672
  13     esmif_PC069                                       0.007335     0.000664
  14     esmif_PC048                                       0.007322     0.000407
  15     esmif_PC006                                       0.007252     0.000179
  16     esmif_PC001                                       0.007250     0.000289
  17     esmif_PC021                                       0.007235     0.000386
  18     esmif_PC054                                       0.007143     0.000399
  19     esmif_PC049                                       0.007127     0.000444
  20     esmif_PC010                                       0.007080     0.000192
  21     esmif_PC040                                       0.007073     0.000254
  22     esmif_PC033                                       0.007060     0.000439
  23     esmif_PC122                                       0.007057     0.000612
  24     esmif_PC079                                       0.007016     0.000329
  25     esmif_PC141                                       0.006979     0.000892
  26     esmif_PC123                                       0.006968     0.000762
  27     esmif_PC067                                       0.006951     0.000897
  28     esmif_PC134                                       0.006911     0.000436
  29     esmif_PC056                                       0.006867     0.000467
  30     esmif_PC036                                       0.006818     0.000366

================================================================================
HELD-OUT VALIDATION SET EVALUATION
================================================================================
  Using model from best fold (4)
  Held-out samples: 8845 (pos=3870, neg=4975, ratio=1.286)

  Held-out results (8845 samples):
    AUC-ROC: 0.6283  |  AUC-PR: 0.5568  |  Acc: 0.6007  |  F1: 0.3825  |  MCC: 0.1595
    Sens: 0.2827  |  Spec: 0.8480  |  PPV: 0.5914  |  NPV: 0.6031

  Classification Report:
              precision    recall  f1-score   support

    Negative     0.6031    0.8480    0.7049      4975
    Positive     0.5914    0.2827    0.3825      3870

    accuracy                         0.6007      8845
   macro avg     0.5972    0.5654    0.5437      8845
weighted avg     0.5980    0.6007    0.5639      8845

================================================================================
CV AVERAGE vs HELD-OUT COMPARISON
================================================================================
  Metric             CV mean     CV std   Held-out      Delta
  ---------------------------------------------------------
  auc_roc             0.6332     0.0169     0.6283    -0.0049
  auc_pr              0.5681     0.0125     0.5568    -0.0113
  accuracy            0.6020     0.0078     0.6007    -0.0013
  f1                  0.3863     0.0078     0.3825    -0.0038
  mcc                 0.1698     0.0144     0.1595    -0.0104
  sensitivity         0.2831     0.0081     0.2827    -0.0005
  specificity         0.8550     0.0112     0.8480    -0.0070
  ppv                 0.6084     0.0151     0.5914    -0.0170
  npv                 0.6004     0.0075     0.6031    +0.0027

Results saved: /home/hilarius/special_course/special_course_spring2026/models/cv_results_rf_esmif_20260506_181141.json
Best model saved: /home/hilarius/special_course/special_course_spring2026/models/best_rf_esmif_model.pkl
Fold artifacts saved: /home/hilarius/special_course/special_course_spring2026/models/best_rf_esmif_artifacts.pkl
Feature names saved: /home/hilarius/special_course/special_course_spring2026/models/rf_esmif_feature_names.json

================================================================================
RUN SUMMARY
================================================================================
  Total runtime:    286.1s (4.8 min)
  Model:            Random Forest (rf)
  Feature set:      ESM-IF1 embeddings only (esmif)
  Components:       ['esmif']
  Scaling:          no
  Features (final): 150
    esmif PCA:     150
  CV folds:         5
  Best fold:        4 (AUC = 0.6492)
  Held-out AUC:     0.6283
  Held-out MCC:     0.1595
  Models dir:       /home/hilarius/special_course/special_course_spring2026/models/
  Results file:     /home/hilarius/special_course/special_course_spring2026/models/cv_results_rf_esmif_20260506_181141.json
  Feature names:    /home/hilarius/special_course/special_course_spring2026/models/rf_esmif_feature_names.json
  Log file:         /home/hilarius/special_course/special_course_spring2026/logs/04_modelling_rf_esmif_log_20260506_181141.txt
  Completed:        2026-05-06 18:16:27
================================================================================

############################################################
>>> $1
>>> CMD: python 04_modelling.py --model rf --features handcrafted_sparse_esmif
############################################################
[OK] Data file found: /home/hilarius/special_course/special_course_spring2026/data/processed/df_all.csv
[OK] Config validated: 5-fold CV + 1 held-out = 6 buckets
     Project root:  /home/hilarius/special_course/special_course_spring2026
     Data dir:      /home/hilarius/special_course/special_course_spring2026/data/processed
     Embedding dir: /home/hilarius/special_course/special_course_spring2026/data/processed/embeddings
     Log dir:       /home/hilarius/special_course/special_course_spring2026/logs
     Model dir:     /home/hilarius/special_course/special_course_spring2026/models
     Models:        lr, rf
     Feature sets:  all_blosum, all_sparse, esmc, esmif, esmif_hybrid, esmif_hybrid_20_fb, esmif_hybrid_40_fb, esmif_hybrid_60_fb, esmif_hybrid_80_fb, handcrafted, handcrafted_blosum, handcrafted_blosum_esmc, handcrafted_blosum_esmif, handcrafted_sparse, handcrafted_sparse_esmc, handcrafted_sparse_esmif, handcrafted_sparse_esmif_h20fb, handcrafted_sparse_esmif_h40fb, handcrafted_sparse_esmif_h60fb, handcrafted_sparse_esmif_h80fb, handcrafted_sparse_esmif_hybrid
     Components:    blosum, esmc, esmif, esmif_hybrid, esmif_hybrid_20_fb, esmif_hybrid_40_fb, esmif_hybrid_60_fb, esmif_hybrid_80_fb, handcrafted, sparse
================================================================================
  04_MODELLING -- RANDOM FOREST + STRUCTURAL + ONE-HOT + ESM-IF
================================================================================
  Timestamp:       2026-05-06 18:16:28
  Model key:       rf
  Model class:     sklearn.ensemble.RandomForestClassifier
  Feature set:     handcrafted_sparse_esmif (Structural + one-hot + ESM-IF)
  Components:      ['handcrafted', 'sparse', 'esmif']
  Data path:       /home/hilarius/special_course/special_course_spring2026/data/processed/df_all_with_folds.csv
  Log path:        /home/hilarius/special_course/special_course_spring2026/logs/04_modelling_rf_handcrafted_sparse_esmif_log_20260506_181628.txt
  CV folds (k):    5
  Held-out bucket: 5
  Random state:    42
  Needs scaling:   False

  Model hyperparameters:
    n_estimators              1000
    max_depth                 None
    min_samples_split         2
    min_samples_leaf          1
    max_features              sqrt
    class_weight              balanced
    n_jobs                    -1
    random_state              42
    verbose                   0
================================================================================

Loading split data: /home/hilarius/special_course/special_course_spring2026/data/processed/df_all_with_folds.csv
  Shape: 53072 rows x 88 columns
  [OK] Fold column validated: [0, 1, 2, 3, 4, 5]

================================================================================
LOADING FEATURE COMPONENTS
================================================================================

  Loading CSV component: One-hot AA encoding
    Loading: df_all_sparse.csv
    Shape: 53072 rows x 650 columns
    [OK] Alignment verified
    New columns: 580

  Merged 580 new columns → 53072 rows x 668 columns

  Loading embedding component: ESM-IF1 embeddings
    Loading prepared embeddings: /home/hilarius/special_course/special_course_spring2026/data/processed/embeddings_prepared/esmif_prepared.h5
    Loaded: 53072 samples, 3 regions, dim=512

================================================================================
COMPONENT SUMMARY
================================================================================

  CSV components (2):
    [handcrafted] Structural features
      Source: split_data (built-in)
    [sparse] One-hot AA encoding
      Source: /home/hilarius/special_course/special_course_spring2026/data/processed/df_all_sparse.csv
      New columns added: 580
  Total CSV features: 631
    Structural: 51
    AA-encoded: 580

  Embedding components (1):
    [esmif] ESM-IF1 embeddings
      Raw dim: 1536 (3 regions × 512)
      After PCA: 150 (50/region × 3 regions)

  Estimated total features: ~781
    CSV:        631
    Embeddings: 150 (after PCA)

================================================================================
PIPELINE READY: ~781 features, 5 folds, Random Forest
================================================================================

--------------------------------------------------------------------------------
  FOLD 0/4
--------------------------------------------------------------------------------
    WARNING: X_train: 83391 NaN values replaced with medians
    WARNING: X_test: 10976 NaN values replaced with medians
    CSV features: 631 columns
    esmif: zero-vector samples: train=4276/35381 (12.1%), test=858/8846 (9.7%)
    esmif: PCA 1536 → 150 (50/region × 3 regions, 75.6% variance, fitted on 31105 non-zero samples)
    Train:  35381 samples (pos=15617, neg=19764, ratio=1.266)
    Test:    8846 samples (pos=3954, neg=4892, ratio=1.237)
    Features: 781
    Training Random Forest ...
    Training time: 40.2s

    Fold 0 results (49.8s):
      AUC-ROC: 0.6870  |  AUC-PR: 0.6268  |  Acc: 0.6323  |  F1: 0.4631  |  MCC: 0.2467
      Sens: 0.3548  |  Spec: 0.8565  |  PPV: 0.6665  |  NPV: 0.6216

    Top 15 feature importances:
    Rank   Feature                                         Importance
    -----------------------------------------------------------------
    1      esmif_PC003                                       0.007237
    2      mean_rsa_cflank                                   0.006693
    3      rel_distance_from_c_terminus                      0.006497
    4      rel_distance_from_n_terminus                      0.006303
    5      mean_rsa_peptide                                  0.006282
    6      mean_disorder_cflank                              0.006156
    7      mean_rsa_nflank                                   0.006133
    8      mean_disorder_nflank                              0.006068
    9      mean_disorder_peptide                             0.006030
    10     mean_plddt_peptide                                0.005569
    11     mean_plddt_nflank                                 0.005544
    12     esmif_PC019                                       0.005409
    13     esmif_PC141                                       0.005396
    14     esmif_PC068                                       0.005388
    15     esmif_PC004                                       0.005367
    Saved model: /home/hilarius/special_course/special_course_spring2026/models/rf_handcrafted_sparse_esmif_model_fold0.pkl

--------------------------------------------------------------------------------
  FOLD 1/4
--------------------------------------------------------------------------------
    WARNING: X_train: 69530 NaN values replaced with medians
    WARNING: X_test: 24837 NaN values replaced with medians
    CSV features: 631 columns
    esmif: zero-vector samples: train=4093/35381 (11.6%), test=1041/8846 (11.8%)
    esmif: PCA 1536 → 150 (50/region × 3 regions, 75.6% variance, fitted on 31288 non-zero samples)
    Train:  35381 samples (pos=15634, neg=19747, ratio=1.263)
    Test:    8846 samples (pos=3937, neg=4909, ratio=1.247)
    Features: 781
    Training Random Forest ...
    Training time: 40.9s

    Fold 1 results (54.3s):
      AUC-ROC: 0.6490  |  AUC-PR: 0.5964  |  Acc: 0.6163  |  F1: 0.4302  |  MCC: 0.2073
      Sens: 0.3254  |  Spec: 0.8497  |  PPV: 0.6345  |  NPV: 0.6110

    Top 15 feature importances:
    Rank   Feature                                         Importance
    -----------------------------------------------------------------
    1      esmif_PC003                                       0.007702
    2      mean_rsa_cflank                                   0.006857
    3      mean_disorder_cflank                              0.006476
    4      rel_distance_from_c_terminus                      0.006310
    5      mean_disorder_peptide                             0.006289
    6      mean_rsa_peptide                                  0.006192
    7      mean_disorder_nflank                              0.006158
    8      mean_rsa_nflank                                   0.006114
    9      rel_distance_from_n_terminus                      0.006110
    10     esmif_PC123                                       0.005794
    11     mean_plddt_peptide                                0.005750
    12     mean_plddt_nflank                                 0.005747
    13     esmif_PC067                                       0.005722
    14     esmif_PC032                                       0.005657
    15     esmif_PC002                                       0.005634
    Saved model: /home/hilarius/special_course/special_course_spring2026/models/rf_handcrafted_sparse_esmif_model_fold1.pkl

--------------------------------------------------------------------------------
  FOLD 2/4
--------------------------------------------------------------------------------
    WARNING: X_train: 69922 NaN values replaced with medians
    WARNING: X_test: 24445 NaN values replaced with medians
    CSV features: 631 columns
    esmif: zero-vector samples: train=3874/35382 (10.9%), test=1260/8845 (14.2%)
    esmif: PCA 1536 → 150 (50/region × 3 regions, 75.7% variance, fitted on 31508 non-zero samples)
    Train:  35382 samples (pos=15645, neg=19737, ratio=1.262)
    Test:    8845 samples (pos=3926, neg=4919, ratio=1.253)
    Features: 781
    Training Random Forest ...
    Training time: 42.5s

    Fold 2 results (55.6s):
      AUC-ROC: 0.6871  |  AUC-PR: 0.6226  |  Acc: 0.6309  |  F1: 0.4399  |  MCC: 0.2422
      Sens: 0.3265  |  Spec: 0.8738  |  PPV: 0.6737  |  NPV: 0.6191

    Top 15 feature importances:
    Rank   Feature                                         Importance
    -----------------------------------------------------------------
    1      esmif_PC003                                       0.007760
    2      mean_rsa_cflank                                   0.006866
    3      rel_distance_from_c_terminus                      0.006274
    4      mean_disorder_cflank                              0.006225
    5      mean_rsa_peptide                                  0.006151
    6      rel_distance_from_n_terminus                      0.006143
    7      mean_rsa_nflank                                   0.006049
    8      mean_disorder_peptide                             0.005976
    9      mean_disorder_nflank                              0.005887
    10     esmif_PC126                                       0.005552
    11     esmif_PC032                                       0.005519
    12     esmif_PC018                                       0.005447
    13     mean_plddt_peptide                                0.005401
    14     esmif_PC069                                       0.005374
    15     mean_plddt_nflank                                 0.005370
    Saved model: /home/hilarius/special_course/special_course_spring2026/models/rf_handcrafted_sparse_esmif_model_fold2.pkl

--------------------------------------------------------------------------------
  FOLD 3/4
--------------------------------------------------------------------------------
    WARNING: X_train: 74842 NaN values replaced with medians
    WARNING: X_test: 19525 NaN values replaced with medians
    CSV features: 631 columns
    esmif: zero-vector samples: train=4094/35382 (11.6%), test=1040/8845 (11.8%)
    esmif: PCA 1536 → 150 (50/region × 3 regions, 75.7% variance, fitted on 31288 non-zero samples)
    Train:  35382 samples (pos=15635, neg=19747, ratio=1.263)
    Test:    8845 samples (pos=3936, neg=4909, ratio=1.247)
    Features: 781
    Training Random Forest ...
    Training time: 41.9s

    Fold 3 results (52.5s):
      AUC-ROC: 0.6735  |  AUC-PR: 0.6136  |  Acc: 0.6246  |  F1: 0.4426  |  MCC: 0.2271
      Sens: 0.3349  |  Spec: 0.8570  |  PPV: 0.6525  |  NPV: 0.6164

    Top 15 feature importances:
    Rank   Feature                                         Importance
    -----------------------------------------------------------------
    1      esmif_PC003                                       0.007591
    2      mean_rsa_cflank                                   0.006639
    3      rel_distance_from_c_terminus                      0.006387
    4      mean_disorder_cflank                              0.006308
    5      rel_distance_from_n_terminus                      0.006234
    6      mean_rsa_peptide                                  0.006091
    7      mean_rsa_nflank                                   0.006087
    8      mean_disorder_peptide                             0.006078
    9      mean_disorder_nflank                              0.005952
    10     mean_plddt_peptide                                0.005860
    11     mean_plddt_nflank                                 0.005856
    12     esmif_PC126                                       0.005588
    13     esmif_PC018                                       0.005527
    14     esmif_PC002                                       0.005467
    15     esmif_PC032                                       0.005456
    Saved model: /home/hilarius/special_course/special_course_spring2026/models/rf_handcrafted_sparse_esmif_model_fold3.pkl

--------------------------------------------------------------------------------
  FOLD 4/4
--------------------------------------------------------------------------------
    WARNING: X_train: 79783 NaN values replaced with medians
    WARNING: X_test: 14584 NaN values replaced with medians
    CSV features: 631 columns
    esmif: zero-vector samples: train=4199/35382 (11.9%), test=935/8845 (10.6%)
    esmif: PCA 1536 → 150 (50/region × 3 regions, 75.7% variance, fitted on 31183 non-zero samples)
    Train:  35382 samples (pos=15753, neg=19629, ratio=1.246)
    Test:    8845 samples (pos=3818, neg=5027, ratio=1.317)
    Features: 781
    Training Random Forest ...
    Training time: 42.2s

    Fold 4 results (52.5s):
      AUC-ROC: 0.6969  |  AUC-PR: 0.6211  |  Acc: 0.6406  |  F1: 0.4624  |  MCC: 0.2484
      Sens: 0.3580  |  Spec: 0.8552  |  PPV: 0.6525  |  NPV: 0.6369

    Top 15 feature importances:
    Rank   Feature                                         Importance
    -----------------------------------------------------------------
    1      mean_rsa_cflank                                   0.006781
    2      esmif_PC003                                       0.006760
    3      rel_distance_from_c_terminus                      0.006459
    4      mean_disorder_cflank                              0.006315
    5      rel_distance_from_n_terminus                      0.006278
    6      mean_rsa_nflank                                   0.006163
    7      mean_rsa_peptide                                  0.006134
    8      mean_disorder_nflank                              0.006054
    9      mean_disorder_peptide                             0.006023
    10     mean_plddt_nflank                                 0.005456
    11     mean_plddt_peptide                                0.005445
    12     esmif_PC004                                       0.005410
    13     esmif_PC018                                       0.005296
    14     esmif_PC002                                       0.005218
    15     esmif_PC029                                       0.005205
    Saved model: /home/hilarius/special_course/special_course_spring2026/models/rf_handcrafted_sparse_esmif_model_fold4.pkl

================================================================================
CROSS-VALIDATION SUMMARY (mean +/- std)
================================================================================
  auc_roc         0.6787 +/- 0.0166    [0.6870  0.6490  0.6871  0.6735  0.6969]
  auc_pr          0.6161 +/- 0.0107    [0.6268  0.5964  0.6226  0.6136  0.6211]
  accuracy        0.6289 +/- 0.0081    [0.6323  0.6163  0.6309  0.6246  0.6406]
  f1              0.4476 +/- 0.0130    [0.4631  0.4302  0.4399  0.4426  0.4624]
  mcc             0.2343 +/- 0.0155    [0.2467  0.2073  0.2422  0.2271  0.2484]
  sensitivity     0.3399 +/- 0.0139    [0.3548  0.3254  0.3265  0.3349  0.3580]
  specificity     0.8584 +/- 0.0081    [0.8565  0.8497  0.8738  0.8570  0.8552]
  ppv             0.6559 +/- 0.0135    [0.6665  0.6345  0.6737  0.6525  0.6525]
  npv             0.6210 +/- 0.0087    [0.6216  0.6110  0.6191  0.6164  0.6369]

  Best fold: 4 (AUC-ROC = 0.6969)

================================================================================
PER-FOLD METRIC COMPARISON
================================================================================
  Fold    auc_roc      auc_pr       accuracy     f1           mcc          sensitivity  specificity  ppv          npv          
  -----------------------------------------------------------------------------------------------------------------------------
  0       0.6870       0.6268       0.6323       0.4631       0.2467       0.3548       0.8565       0.6665       0.6216       
  1       0.6490       0.5964       0.6163       0.4302       0.2073       0.3254       0.8497       0.6345       0.6110       
  2       0.6871       0.6226       0.6309       0.4399       0.2422       0.3265       0.8738       0.6737       0.6191       
  3       0.6735       0.6136       0.6246       0.4426       0.2271       0.3349       0.8570       0.6525       0.6164       
  4       0.6969       0.6211       0.6406       0.4624       0.2484       0.3580       0.8552       0.6525       0.6369       
  -----------------------------------------------------------------------------------------------------------------------------
  mean    0.6787       0.6161       0.6289       0.4476       0.2343       0.3399       0.8584       0.6559       0.6210       
  std     0.0166       0.0107       0.0081       0.0130       0.0155       0.0139       0.0081       0.0135       0.0087       

================================================================================
AVERAGED FEATURE IMPORTANCE ACROSS ALL FOLDS
================================================================================
  Rank   Feature                                           Mean Imp          Std
  -----------------------------------------------------------------------------
  1      esmif_PC003                                       0.007410     0.000372
  2      mean_rsa_cflank                                   0.006767     0.000089
  3      rel_distance_from_c_terminus                      0.006385     0.000084
  4      mean_disorder_cflank                              0.006296     0.000107
  5      rel_distance_from_n_terminus                      0.006213     0.000075
  6      mean_rsa_peptide                                  0.006170     0.000065
  7      mean_rsa_nflank                                   0.006109     0.000039
  8      mean_disorder_peptide                             0.006079     0.000110
  9      mean_disorder_nflank                              0.006024     0.000095
  10     mean_plddt_peptide                                0.005605     0.000176
  11     mean_plddt_nflank                                 0.005595     0.000181
  12     esmif_PC002                                       0.005383     0.000152
  13     esmif_PC032                                       0.005379     0.000216
  14     esmif_PC018                                       0.005315     0.000153
  15     esmif_PC004                                       0.005294     0.000122
  16     esmif_PC126                                       0.005250     0.000422
  17     mean_plddt_cflank                                 0.005162     0.000092
  18     esmif_PC069                                       0.005018     0.000382
  19     esmif_PC048                                       0.004986     0.000228
  20     esmif_PC094                                       0.004981     0.000350
  21     esmif_PC044                                       0.004979     0.000228
  22     esmif_PC068                                       0.004966     0.000386
  23     esmif_PC029                                       0.004953     0.000142
  24     esmif_PC010                                       0.004944     0.000157
  25     esmif_PC053                                       0.004938     0.000065
  26     esmif_PC021                                       0.004927     0.000267
  27     esmif_PC054                                       0.004920     0.000264
  28     esmif_PC019                                       0.004873     0.000310
  29     esmif_PC123                                       0.004872     0.000491
  30     esmif_PC040                                       0.004844     0.000146

================================================================================
HELD-OUT VALIDATION SET EVALUATION
================================================================================
  Using model from best fold (4)
  Held-out samples: 8845 (pos=3870, neg=4975, ratio=1.286)

  Held-out results (8845 samples):
    AUC-ROC: 0.6712  |  AUC-PR: 0.6024  |  Acc: 0.6303  |  F1: 0.4579  |  MCC: 0.2307
    Sens: 0.3568  |  Spec: 0.8430  |  PPV: 0.6388  |  NPV: 0.6276

  Classification Report:
              precision    recall  f1-score   support

    Negative     0.6276    0.8430    0.7195      4975
    Positive     0.6388    0.3568    0.4579      3870

    accuracy                         0.6303      8845
   macro avg     0.6332    0.5999    0.5887      8845
weighted avg     0.6325    0.6303    0.6050      8845

================================================================================
CV AVERAGE vs HELD-OUT COMPARISON
================================================================================
  Metric             CV mean     CV std   Held-out      Delta
  ---------------------------------------------------------
  auc_roc             0.6787     0.0166     0.6712    -0.0075
  auc_pr              0.6161     0.0107     0.6024    -0.0137
  accuracy            0.6289     0.0081     0.6303    +0.0014
  f1                  0.4476     0.0130     0.4579    +0.0103
  mcc                 0.2343     0.0155     0.2307    -0.0036
  sensitivity         0.3399     0.0139     0.3568    +0.0169
  specificity         0.8584     0.0081     0.8430    -0.0154
  ppv                 0.6559     0.0135     0.6388    -0.0172
  npv                 0.6210     0.0087     0.6276    +0.0066

Results saved: /home/hilarius/special_course/special_course_spring2026/models/cv_results_rf_handcrafted_sparse_esmif_20260506_181628.json
Best model saved: /home/hilarius/special_course/special_course_spring2026/models/best_rf_handcrafted_sparse_esmif_model.pkl
Fold artifacts saved: /home/hilarius/special_course/special_course_spring2026/models/best_rf_handcrafted_sparse_esmif_artifacts.pkl
Feature names saved: /home/hilarius/special_course/special_course_spring2026/models/rf_handcrafted_sparse_esmif_feature_names.json

================================================================================
RUN SUMMARY
================================================================================
  Total runtime:    289.5s (4.8 min)
  Model:            Random Forest (rf)
  Feature set:      Structural + one-hot + ESM-IF (handcrafted_sparse_esmif)
  Components:       ['handcrafted', 'sparse', 'esmif']
  Scaling:          no
  Features (final): 781
    CSV features:   631
    esmif PCA:     150
  CV folds:         5
  Best fold:        4 (AUC = 0.6969)
  Held-out AUC:     0.6712
  Held-out MCC:     0.2307
  Models dir:       /home/hilarius/special_course/special_course_spring2026/models/
  Results file:     /home/hilarius/special_course/special_course_spring2026/models/cv_results_rf_handcrafted_sparse_esmif_20260506_181628.json
  Feature names:    /home/hilarius/special_course/special_course_spring2026/models/rf_handcrafted_sparse_esmif_feature_names.json
  Log file:         /home/hilarius/special_course/special_course_spring2026/logs/04_modelling_rf_handcrafted_sparse_esmif_log_20260506_181628.txt
  Completed:        2026-05-06 18:21:18
================================================================================

############################################################
>>> $1
>>> CMD: python 04_modelling.py --model rf --features handcrafted_blosum_esmif
############################################################
[OK] Data file found: /home/hilarius/special_course/special_course_spring2026/data/processed/df_all.csv
[OK] Config validated: 5-fold CV + 1 held-out = 6 buckets
     Project root:  /home/hilarius/special_course/special_course_spring2026
     Data dir:      /home/hilarius/special_course/special_course_spring2026/data/processed
     Embedding dir: /home/hilarius/special_course/special_course_spring2026/data/processed/embeddings
     Log dir:       /home/hilarius/special_course/special_course_spring2026/logs
     Model dir:     /home/hilarius/special_course/special_course_spring2026/models
     Models:        lr, rf
     Feature sets:  all_blosum, all_sparse, esmc, esmif, esmif_hybrid, esmif_hybrid_20_fb, esmif_hybrid_40_fb, esmif_hybrid_60_fb, esmif_hybrid_80_fb, handcrafted, handcrafted_blosum, handcrafted_blosum_esmc, handcrafted_blosum_esmif, handcrafted_sparse, handcrafted_sparse_esmc, handcrafted_sparse_esmif, handcrafted_sparse_esmif_h20fb, handcrafted_sparse_esmif_h40fb, handcrafted_sparse_esmif_h60fb, handcrafted_sparse_esmif_h80fb, handcrafted_sparse_esmif_hybrid
     Components:    blosum, esmc, esmif, esmif_hybrid, esmif_hybrid_20_fb, esmif_hybrid_40_fb, esmif_hybrid_60_fb, esmif_hybrid_80_fb, handcrafted, sparse
================================================================================
  04_MODELLING -- RANDOM FOREST + STRUCTURAL + BLOSUM50 + ESM-IF
================================================================================
  Timestamp:       2026-05-06 18:21:19
  Model key:       rf
  Model class:     sklearn.ensemble.RandomForestClassifier
  Feature set:     handcrafted_blosum_esmif (Structural + BLOSUM50 + ESM-IF)
  Components:      ['handcrafted', 'blosum', 'esmif']
  Data path:       /home/hilarius/special_course/special_course_spring2026/data/processed/df_all_with_folds.csv
  Log path:        /home/hilarius/special_course/special_course_spring2026/logs/04_modelling_rf_handcrafted_blosum_esmif_log_20260506_182119.txt
  CV folds (k):    5
  Held-out bucket: 5
  Random state:    42
  Needs scaling:   False

  Model hyperparameters:
    n_estimators              1000
    max_depth                 None
    min_samples_split         2
    min_samples_leaf          1
    max_features              sqrt
    class_weight              balanced
    n_jobs                    -1
    random_state              42
    verbose                   0
================================================================================

Loading split data: /home/hilarius/special_course/special_course_spring2026/data/processed/df_all_with_folds.csv
  Shape: 53072 rows x 88 columns
  [OK] Fold column validated: [0, 1, 2, 3, 4, 5]

================================================================================
LOADING FEATURE COMPONENTS
================================================================================

  Loading CSV component: BLOSUM50 AA encoding
    Loading: df_all_blosum50.csv
    Shape: 53072 rows x 650 columns
    [OK] Alignment verified
    New columns: 580

  Merged 580 new columns → 53072 rows x 668 columns

  Loading embedding component: ESM-IF1 embeddings
    Loading prepared embeddings: /home/hilarius/special_course/special_course_spring2026/data/processed/embeddings_prepared/esmif_prepared.h5
    Loaded: 53072 samples, 3 regions, dim=512

================================================================================
COMPONENT SUMMARY
================================================================================

  CSV components (2):
    [handcrafted] Structural features
      Source: split_data (built-in)
    [blosum] BLOSUM50 AA encoding
      Source: /home/hilarius/special_course/special_course_spring2026/data/processed/df_all_blosum50.csv
      New columns added: 580
  Total CSV features: 631
    Structural: 51
    AA-encoded: 580

  Embedding components (1):
    [esmif] ESM-IF1 embeddings
      Raw dim: 1536 (3 regions × 512)
      After PCA: 150 (50/region × 3 regions)

  Estimated total features: ~781
    CSV:        631
    Embeddings: 150 (after PCA)

================================================================================
PIPELINE READY: ~781 features, 5 folds, Random Forest
================================================================================

--------------------------------------------------------------------------------
  FOLD 0/4
--------------------------------------------------------------------------------
    WARNING: X_train: 83391 NaN values replaced with medians
    WARNING: X_test: 10976 NaN values replaced with medians
    CSV features: 631 columns
    esmif: zero-vector samples: train=4276/35381 (12.1%), test=858/8846 (9.7%)
    esmif: PCA 1536 → 150 (50/region × 3 regions, 75.6% variance, fitted on 31105 non-zero samples)
    Train:  35381 samples (pos=15617, neg=19764, ratio=1.266)
    Test:    8846 samples (pos=3954, neg=4892, ratio=1.237)
    Features: 781
    Training Random Forest ...
    Training time: 44.3s

    Fold 0 results (54.2s):
      AUC-ROC: 0.7092  |  AUC-PR: 0.6549  |  Acc: 0.6485  |  F1: 0.5146  |  MCC: 0.2807
      Sens: 0.4168  |  Spec: 0.8359  |  PPV: 0.6724  |  NPV: 0.6394

    Top 15 feature importances:
    Rank   Feature                                         Importance
    -----------------------------------------------------------------
    1      esmif_PC003                                       0.004997
    2      mean_plddt_peptide                                0.003802
    3      esmif_PC002                                       0.003531
    4      esmif_PC068                                       0.003491
    5      mean_plddt_nflank                                 0.003451
    6      esmif_PC141                                       0.003390
    7      esmif_PC004                                       0.003328
    8      mean_plddt_cflank                                 0.003263
    9      esmif_PC018                                       0.003182
    10     esmif_PC032                                       0.003170
    11     esmif_PC047                                       0.003164
    12     esmif_PC122                                       0.003164
    13     mean_rsa_cflank                                   0.003145
    14     mean_rsa_peptide                                  0.003086
    15     esmif_PC127                                       0.003055
    Saved model: /home/hilarius/special_course/special_course_spring2026/models/rf_handcrafted_blosum_esmif_model_fold0.pkl

--------------------------------------------------------------------------------
  FOLD 1/4
--------------------------------------------------------------------------------
    WARNING: X_train: 69530 NaN values replaced with medians
    WARNING: X_test: 24837 NaN values replaced with medians
    CSV features: 631 columns
    esmif: zero-vector samples: train=4093/35381 (11.6%), test=1041/8846 (11.8%)
    esmif: PCA 1536 → 150 (50/region × 3 regions, 75.6% variance, fitted on 31288 non-zero samples)
    Train:  35381 samples (pos=15634, neg=19747, ratio=1.263)
    Test:    8846 samples (pos=3937, neg=4909, ratio=1.247)
    Features: 781
    Training Random Forest ...
    Training time: 43.6s

    Fold 1 results (55.3s):
      AUC-ROC: 0.6740  |  AUC-PR: 0.6275  |  Acc: 0.6407  |  F1: 0.4897  |  MCC: 0.2624
      Sens: 0.3874  |  Spec: 0.8440  |  PPV: 0.6656  |  NPV: 0.6320

    Top 15 feature importances:
    Rank   Feature                                         Importance
    -----------------------------------------------------------------
    1      esmif_PC003                                       0.005279
    2      mean_plddt_peptide                                0.003969
    3      esmif_PC002                                       0.003883
    4      mean_plddt_nflank                                 0.003797
    5      esmif_PC126                                       0.003771
    6      esmif_PC067                                       0.003708
    7      esmif_PC123                                       0.003598
    8      esmif_PC032                                       0.003597
    9      esmif_PC135                                       0.003537
    10     esmif_PC094                                       0.003458
    11     esmif_PC069                                       0.003432
    12     esmif_PC054                                       0.003389
    13     mean_plddt_cflank                                 0.003376
    14     esmif_PC004                                       0.003374
    15     esmif_PC138                                       0.003283
    Saved model: /home/hilarius/special_course/special_course_spring2026/models/rf_handcrafted_blosum_esmif_model_fold1.pkl

--------------------------------------------------------------------------------
  FOLD 2/4
--------------------------------------------------------------------------------
    WARNING: X_train: 69922 NaN values replaced with medians
    WARNING: X_test: 24445 NaN values replaced with medians
    CSV features: 631 columns
    esmif: zero-vector samples: train=3874/35382 (10.9%), test=1260/8845 (14.2%)
    esmif: PCA 1536 → 150 (50/region × 3 regions, 75.7% variance, fitted on 31508 non-zero samples)
    Train:  35382 samples (pos=15645, neg=19737, ratio=1.262)
    Test:    8845 samples (pos=3926, neg=4919, ratio=1.253)
    Features: 781
    Training Random Forest ...
    Training time: 43.4s

    Fold 2 results (55.2s):
      AUC-ROC: 0.7032  |  AUC-PR: 0.6527  |  Acc: 0.6499  |  F1: 0.5071  |  MCC: 0.2814
      Sens: 0.4058  |  Spec: 0.8447  |  PPV: 0.6759  |  NPV: 0.6404

    Top 15 feature importances:
    Rank   Feature                                         Importance
    -----------------------------------------------------------------
    1      esmif_PC003                                       0.005363
    2      esmif_PC126                                       0.003965
    3      mean_plddt_peptide                                0.003649
    4      mean_plddt_nflank                                 0.003647
    5      esmif_PC069                                       0.003504
    6      esmif_PC002                                       0.003429
    7      esmif_PC094                                       0.003365
    8      esmif_PC032                                       0.003365
    9      mean_rsa_cflank                                   0.003286
    10     mean_plddt_cflank                                 0.003180
    11     esmif_PC004                                       0.003175
    12     esmif_PC054                                       0.003166
    13     esmif_PC134                                       0.003098
    14     esmif_PC018                                       0.003070
    15     mean_disorder_cflank                              0.002991
    Saved model: /home/hilarius/special_course/special_course_spring2026/models/rf_handcrafted_blosum_esmif_model_fold2.pkl

--------------------------------------------------------------------------------
  FOLD 3/4
--------------------------------------------------------------------------------
    WARNING: X_train: 74842 NaN values replaced with medians
    WARNING: X_test: 19525 NaN values replaced with medians
    CSV features: 631 columns
    esmif: zero-vector samples: train=4094/35382 (11.6%), test=1040/8845 (11.8%)
    esmif: PCA 1536 → 150 (50/region × 3 regions, 75.7% variance, fitted on 31288 non-zero samples)
    Train:  35382 samples (pos=15635, neg=19747, ratio=1.263)
    Test:    8845 samples (pos=3936, neg=4909, ratio=1.247)
    Features: 781
    Training Random Forest ...
    Training time: 43.3s

    Fold 3 results (55.0s):
      AUC-ROC: 0.7135  |  AUC-PR: 0.6691  |  Acc: 0.6579  |  F1: 0.5015  |  MCC: 0.3043
      Sens: 0.3867  |  Spec: 0.8753  |  PPV: 0.7132  |  NPV: 0.6403

    Top 15 feature importances:
    Rank   Feature                                         Importance
    -----------------------------------------------------------------
    1      esmif_PC003                                       0.005345
    2      mean_plddt_peptide                                0.004028
    3      mean_plddt_nflank                                 0.003819
    4      esmif_PC002                                       0.003696
    5      esmif_PC126                                       0.003618
    6      esmif_PC018                                       0.003535
    7      esmif_PC004                                       0.003417
    8      mean_plddt_cflank                                 0.003399
    9      esmif_PC069                                       0.003350
    10     esmif_PC032                                       0.003348
    11     esmif_PC056                                       0.003311
    12     esmif_PC068                                       0.003292
    13     mean_rsa_cflank                                   0.003285
    14     esmif_PC054                                       0.003166
    15     esmif_PC106                                       0.003118
    Saved model: /home/hilarius/special_course/special_course_spring2026/models/rf_handcrafted_blosum_esmif_model_fold3.pkl

--------------------------------------------------------------------------------
  FOLD 4/4
--------------------------------------------------------------------------------
    WARNING: X_train: 79783 NaN values replaced with medians
    WARNING: X_test: 14584 NaN values replaced with medians
    CSV features: 631 columns
    esmif: zero-vector samples: train=4199/35382 (11.9%), test=935/8845 (10.6%)
    esmif: PCA 1536 → 150 (50/region × 3 regions, 75.7% variance, fitted on 31183 non-zero samples)
    Train:  35382 samples (pos=15753, neg=19629, ratio=1.246)
    Test:    8845 samples (pos=3818, neg=5027, ratio=1.317)
    Features: 781
    Training Random Forest ...
    Training time: 44.1s

    Fold 4 results (55.5s):
      AUC-ROC: 0.7273  |  AUC-PR: 0.6579  |  Acc: 0.6687  |  F1: 0.5303  |  MCC: 0.3120
      Sens: 0.4332  |  Spec: 0.8476  |  PPV: 0.6835  |  NPV: 0.6632

    Top 15 feature importances:
    Rank   Feature                                         Importance
    -----------------------------------------------------------------
    1      esmif_PC003                                       0.004420
    2      mean_plddt_peptide                                0.003702
    3      mean_plddt_nflank                                 0.003630
    4      esmif_PC004                                       0.003476
    5      esmif_PC002                                       0.003475
    6      esmif_PC122                                       0.003332
    7      mean_rsa_cflank                                   0.003236
    8      esmif_PC018                                       0.003202
    9      esmif_PC068                                       0.003183
    10     mean_plddt_cflank                                 0.003177
    11     esmif_PC033                                       0.003168
    12     esmif_PC116                                       0.003160
    13     esmif_PC128                                       0.003151
    14     esmif_PC032                                       0.003147
    15     mean_rsa_peptide                                  0.003124
    Saved model: /home/hilarius/special_course/special_course_spring2026/models/rf_handcrafted_blosum_esmif_model_fold4.pkl

================================================================================
CROSS-VALIDATION SUMMARY (mean +/- std)
================================================================================
  auc_roc         0.7054 +/- 0.0176    [0.7092  0.6740  0.7032  0.7135  0.7273]
  auc_pr          0.6524 +/- 0.0137    [0.6549  0.6275  0.6527  0.6691  0.6579]
  accuracy        0.6532 +/- 0.0095    [0.6485  0.6407  0.6499  0.6579  0.6687]
  f1              0.5086 +/- 0.0135    [0.5146  0.4897  0.5071  0.5015  0.5303]
  mcc             0.2882 +/- 0.0179    [0.2807  0.2624  0.2814  0.3043  0.3120]
  sensitivity     0.4060 +/- 0.0178    [0.4168  0.3874  0.4058  0.3867  0.4332]
  specificity     0.8495 +/- 0.0135    [0.8359  0.8440  0.8447  0.8753  0.8476]
  ppv             0.6821 +/- 0.0166    [0.6724  0.6656  0.6759  0.7132  0.6835]
  npv             0.6431 +/- 0.0105    [0.6394  0.6320  0.6404  0.6403  0.6632]

  Best fold: 4 (AUC-ROC = 0.7273)

================================================================================
PER-FOLD METRIC COMPARISON
================================================================================
  Fold    auc_roc      auc_pr       accuracy     f1           mcc          sensitivity  specificity  ppv          npv          
  -----------------------------------------------------------------------------------------------------------------------------
  0       0.7092       0.6549       0.6485       0.5146       0.2807       0.4168       0.8359       0.6724       0.6394       
  1       0.6740       0.6275       0.6407       0.4897       0.2624       0.3874       0.8440       0.6656       0.6320       
  2       0.7032       0.6527       0.6499       0.5071       0.2814       0.4058       0.8447       0.6759       0.6404       
  3       0.7135       0.6691       0.6579       0.5015       0.3043       0.3867       0.8753       0.7132       0.6403       
  4       0.7273       0.6579       0.6687       0.5303       0.3120       0.4332       0.8476       0.6835       0.6632       
  -----------------------------------------------------------------------------------------------------------------------------
  mean    0.7054       0.6524       0.6532       0.5086       0.2882       0.4060       0.8495       0.6821       0.6431       
  std     0.0176       0.0137       0.0095       0.0135       0.0179       0.0178       0.0135       0.0166       0.0105       

================================================================================
AVERAGED FEATURE IMPORTANCE ACROSS ALL FOLDS
================================================================================
  Rank   Feature                                           Mean Imp          Std
  -----------------------------------------------------------------------------
  1      esmif_PC003                                       0.005081     0.000356
  2      mean_plddt_peptide                                0.003830     0.000147
  3      mean_plddt_nflank                                 0.003669     0.000133
  4      esmif_PC002                                       0.003603     0.000167
  5      esmif_PC126                                       0.003410     0.000473
  6      esmif_PC004                                       0.003354     0.000102
  7      esmif_PC032                                       0.003326     0.000162
  8      mean_plddt_cflank                                 0.003279     0.000094
  9      mean_rsa_cflank                                   0.003245     0.000053
  10     esmif_PC018                                       0.003191     0.000192
  11     esmif_PC069                                       0.003091     0.000418
  12     mean_rsa_peptide                                  0.003080     0.000068
  13     mean_disorder_cflank                              0.003063     0.000110
  14     esmif_PC054                                       0.003048     0.000258
  15     esmif_PC068                                       0.003038     0.000377
  16     esmif_PC094                                       0.003002     0.000353
  17     mean_disorder_nflank                              0.002996     0.000095
  18     rel_distance_from_c_terminus                      0.002995     0.000051
  19     rel_distance_from_n_terminus                      0.002990     0.000067
  20     mean_rsa_nflank                                   0.002976     0.000037
  21     esmif_PC010                                       0.002974     0.000155
  22     mean_disorder_peptide                             0.002973     0.000056
  23     esmif_PC122                                       0.002944     0.000286
  24     esmif_PC044                                       0.002935     0.000157
  25     esmif_PC033                                       0.002909     0.000186
  26     esmif_PC053                                       0.002905     0.000112
  27     esmif_PC123                                       0.002895     0.000370
  28     esmif_PC056                                       0.002889     0.000255
  29     esmif_PC134                                       0.002884     0.000214
  30     esmif_PC048                                       0.002883     0.000142

================================================================================
HELD-OUT VALIDATION SET EVALUATION
================================================================================
  Using model from best fold (4)
  Held-out samples: 8845 (pos=3870, neg=4975, ratio=1.286)

  Held-out results (8845 samples):
    AUC-ROC: 0.7010  |  AUC-PR: 0.6422  |  Acc: 0.6551  |  F1: 0.5156  |  MCC: 0.2866
    Sens: 0.4196  |  Spec: 0.8382  |  PPV: 0.6686  |  NPV: 0.6499

  Classification Report:
              precision    recall  f1-score   support

    Negative     0.6499    0.8382    0.7322      4975
    Positive     0.6686    0.4196    0.5156      3870

    accuracy                         0.6551      8845
   macro avg     0.6593    0.6289    0.6239      8845
weighted avg     0.6581    0.6551    0.6374      8845

================================================================================
CV AVERAGE vs HELD-OUT COMPARISON
================================================================================
  Metric             CV mean     CV std   Held-out      Delta
  ---------------------------------------------------------
  auc_roc             0.7054     0.0176     0.7010    -0.0044
  auc_pr              0.6524     0.0137     0.6422    -0.0102
  accuracy            0.6532     0.0095     0.6551    +0.0019
  f1                  0.5086     0.0135     0.5156    +0.0070
  mcc                 0.2882     0.0179     0.2866    -0.0016
  sensitivity         0.4060     0.0178     0.4196    +0.0137
  specificity         0.8495     0.0135     0.8382    -0.0113
  ppv                 0.6821     0.0166     0.6686    -0.0135
  npv                 0.6431     0.0105     0.6499    +0.0069

Results saved: /home/hilarius/special_course/special_course_spring2026/models/cv_results_rf_handcrafted_blosum_esmif_20260506_182119.json
Best model saved: /home/hilarius/special_course/special_course_spring2026/models/best_rf_handcrafted_blosum_esmif_model.pkl
Fold artifacts saved: /home/hilarius/special_course/special_course_spring2026/models/best_rf_handcrafted_blosum_esmif_artifacts.pkl
Feature names saved: /home/hilarius/special_course/special_course_spring2026/models/rf_handcrafted_blosum_esmif_feature_names.json

================================================================================
RUN SUMMARY
================================================================================
  Total runtime:    294.8s (4.9 min)
  Model:            Random Forest (rf)
  Feature set:      Structural + BLOSUM50 + ESM-IF (handcrafted_blosum_esmif)
  Components:       ['handcrafted', 'blosum', 'esmif']
  Scaling:          no
  Features (final): 781
    CSV features:   631
    esmif PCA:     150
  CV folds:         5
  Best fold:        4 (AUC = 0.7273)
  Held-out AUC:     0.7010
  Held-out MCC:     0.2866
  Models dir:       /home/hilarius/special_course/special_course_spring2026/models/
  Results file:     /home/hilarius/special_course/special_course_spring2026/models/cv_results_rf_handcrafted_blosum_esmif_20260506_182119.json
  Feature names:    /home/hilarius/special_course/special_course_spring2026/models/rf_handcrafted_blosum_esmif_feature_names.json
  Log file:         /home/hilarius/special_course/special_course_spring2026/logs/04_modelling_rf_handcrafted_blosum_esmif_log_20260506_182119.txt
  Completed:        2026-05-06 18:26:14
================================================================================

############################################################
>>> $1
>>> CMD: python 04_modelling.py --model lr --features esmif
############################################################
[OK] Data file found: /home/hilarius/special_course/special_course_spring2026/data/processed/df_all.csv
[OK] Config validated: 5-fold CV + 1 held-out = 6 buckets
     Project root:  /home/hilarius/special_course/special_course_spring2026
     Data dir:      /home/hilarius/special_course/special_course_spring2026/data/processed
     Embedding dir: /home/hilarius/special_course/special_course_spring2026/data/processed/embeddings
     Log dir:       /home/hilarius/special_course/special_course_spring2026/logs
     Model dir:     /home/hilarius/special_course/special_course_spring2026/models
     Models:        lr, rf
     Feature sets:  all_blosum, all_sparse, esmc, esmif, esmif_hybrid, esmif_hybrid_20_fb, esmif_hybrid_40_fb, esmif_hybrid_60_fb, esmif_hybrid_80_fb, handcrafted, handcrafted_blosum, handcrafted_blosum_esmc, handcrafted_blosum_esmif, handcrafted_sparse, handcrafted_sparse_esmc, handcrafted_sparse_esmif, handcrafted_sparse_esmif_h20fb, handcrafted_sparse_esmif_h40fb, handcrafted_sparse_esmif_h60fb, handcrafted_sparse_esmif_h80fb, handcrafted_sparse_esmif_hybrid
     Components:    blosum, esmc, esmif, esmif_hybrid, esmif_hybrid_20_fb, esmif_hybrid_40_fb, esmif_hybrid_60_fb, esmif_hybrid_80_fb, handcrafted, sparse
================================================================================
  04_MODELLING -- LOGISTIC REGRESSION + ESM-IF1 EMBEDDINGS ONLY
================================================================================
  Timestamp:       2026-05-06 18:26:16
  Model key:       lr
  Model class:     sklearn.linear_model.LogisticRegression
  Feature set:     esmif (ESM-IF1 embeddings only)
  Components:      ['esmif']
  Data path:       /home/hilarius/special_course/special_course_spring2026/data/processed/df_all_with_folds.csv
  Log path:        /home/hilarius/special_course/special_course_spring2026/logs/04_modelling_lr_esmif_log_20260506_182616.txt
  CV folds (k):    5
  Held-out bucket: 5
  Random state:    42
  Needs scaling:   True

  Model hyperparameters:
    penalty                   None
    solver                    lbfgs
    max_iter                  5000
    class_weight              balanced
    random_state              42
    verbose                   0
================================================================================

Loading split data: /home/hilarius/special_course/special_course_spring2026/data/processed/df_all_with_folds.csv
  Shape: 53072 rows x 88 columns
  [OK] Fold column validated: [0, 1, 2, 3, 4, 5]

================================================================================
LOADING FEATURE COMPONENTS
================================================================================

  Loading embedding component: ESM-IF1 embeddings
    Loading prepared embeddings: /home/hilarius/special_course/special_course_spring2026/data/processed/embeddings_prepared/esmif_prepared.h5
    Loaded: 53072 samples, 3 regions, dim=512

================================================================================
COMPONENT SUMMARY
================================================================================

  Embedding components (1):
    [esmif] ESM-IF1 embeddings
      Raw dim: 1536 (3 regions × 512)
      After PCA: 150 (50/region × 3 regions)

  Estimated total features: ~150
    CSV:        0
    Embeddings: 150 (after PCA)

================================================================================
PIPELINE READY: ~150 features, 5 folds, Logistic Regression
================================================================================

--------------------------------------------------------------------------------
  FOLD 0/4
--------------------------------------------------------------------------------
    esmif: zero-vector samples: train=4276/35381 (12.1%), test=858/8846 (9.7%)
    esmif: PCA 1536 → 150 (50/region × 3 regions, 75.6% variance, fitted on 31105 non-zero samples)
    Train:  35381 samples (pos=15617, neg=19764, ratio=1.266)
    Test:    8846 samples (pos=3954, neg=4892, ratio=1.237)
    Features: 150
    Training Logistic Regression ...
    Training time: 0.1s

    Fold 0 results (9.8s):
      AUC-ROC: 0.6362  |  AUC-PR: 0.5723  |  Acc: 0.5968  |  F1: 0.5713  |  MCC: 0.1933
      Sens: 0.6012  |  Spec: 0.5932  |  PPV: 0.5443  |  NPV: 0.6479

    Top 15 feature coefficients:
    Rank   Feature                                        Coefficient
    -----------------------------------------------------------------
    1      esmif_PC003                                       0.168392
    2      esmif_PC019                                      -0.117243
    3      esmif_PC029                                      -0.087761
    4      esmif_PC044                                      -0.086433
    5      esmif_PC053                                      -0.084452
    6      esmif_PC074                                      -0.084406
    7      esmif_PC068                                       0.082478
    8      esmif_PC018                                      -0.080505
    9      esmif_PC048                                      -0.079028
    10     esmif_PC006                                       0.078848
    11     esmif_PC032                                      -0.077708
    12     esmif_PC004                                       0.071980
    13     esmif_PC001                                      -0.068809
    14     esmif_PC036                                      -0.068017
    15     esmif_PC121                                      -0.061409
    Saved model: /home/hilarius/special_course/special_course_spring2026/models/lr_esmif_model_fold0.pkl

--------------------------------------------------------------------------------
  FOLD 1/4
--------------------------------------------------------------------------------
    esmif: zero-vector samples: train=4093/35381 (11.6%), test=1041/8846 (11.8%)
    esmif: PCA 1536 → 150 (50/region × 3 regions, 75.6% variance, fitted on 31288 non-zero samples)
    Train:  35381 samples (pos=15634, neg=19747, ratio=1.263)
    Test:    8846 samples (pos=3937, neg=4909, ratio=1.247)
    Features: 150
    Training Logistic Regression ...
    Training time: 0.1s

    Fold 1 results (8.8s):
      AUC-ROC: 0.6085  |  AUC-PR: 0.5523  |  Acc: 0.5870  |  F1: 0.5569  |  MCC: 0.1723
      Sens: 0.5832  |  Spec: 0.5901  |  PPV: 0.5330  |  NPV: 0.6384

    Top 15 feature coefficients:
    Rank   Feature                                        Coefficient
    -----------------------------------------------------------------
    1      esmif_PC003                                       0.179312
    2      esmif_PC032                                      -0.108727
    3      esmif_PC044                                      -0.108303
    4      esmif_PC018                                      -0.090648
    5      esmif_PC067                                      -0.089943
    6      esmif_PC049                                       0.087497
    7      esmif_PC004                                       0.082518
    8      esmif_PC094                                       0.077618
    9      esmif_PC001                                      -0.075493
    10     esmif_PC040                                      -0.074786
    11     esmif_PC029                                      -0.073326
    12     esmif_PC006                                       0.070835
    13     esmif_PC053                                       0.070734
    14     esmif_PC021                                       0.068274
    15     esmif_PC069                                       0.066996
    Saved model: /home/hilarius/special_course/special_course_spring2026/models/lr_esmif_model_fold1.pkl

--------------------------------------------------------------------------------
  FOLD 2/4
--------------------------------------------------------------------------------
    esmif: zero-vector samples: train=3874/35382 (10.9%), test=1260/8845 (14.2%)
    esmif: PCA 1536 → 150 (50/region × 3 regions, 75.7% variance, fitted on 31508 non-zero samples)
    Train:  35382 samples (pos=15645, neg=19737, ratio=1.262)
    Test:    8845 samples (pos=3926, neg=4919, ratio=1.253)
    Features: 150
    Training Logistic Regression ...
    Training time: 0.2s

    Fold 2 results (7.0s):
      AUC-ROC: 0.6397  |  AUC-PR: 0.5678  |  Acc: 0.6002  |  F1: 0.5764  |  MCC: 0.2017
      Sens: 0.6128  |  Spec: 0.5902  |  PPV: 0.5441  |  NPV: 0.6563

    Top 15 feature coefficients:
    Rank   Feature                                        Coefficient
    -----------------------------------------------------------------
    1      esmif_PC003                                       0.177919
    2      esmif_PC032                                      -0.115007
    3      esmif_PC018                                      -0.103922
    4      esmif_PC094                                       0.101238
    5      esmif_PC044                                      -0.094210
    6      esmif_PC029                                      -0.086052
    7      esmif_PC053                                       0.085794
    8      esmif_PC006                                       0.075985
    9      esmif_PC069                                       0.073606
    10     esmif_PC126                                      -0.072949
    11     esmif_PC049                                       0.069854
    12     esmif_PC019                                       0.064416
    13     esmif_PC004                                       0.064093
    14     esmif_PC050                                      -0.061729
    15     esmif_PC002                                       0.060300
    Saved model: /home/hilarius/special_course/special_course_spring2026/models/lr_esmif_model_fold2.pkl

--------------------------------------------------------------------------------
  FOLD 3/4
--------------------------------------------------------------------------------
    esmif: zero-vector samples: train=4094/35382 (11.6%), test=1040/8845 (11.8%)
    esmif: PCA 1536 → 150 (50/region × 3 regions, 75.7% variance, fitted on 31288 non-zero samples)
    Train:  35382 samples (pos=15635, neg=19747, ratio=1.263)
    Test:    8845 samples (pos=3936, neg=4909, ratio=1.247)
    Features: 150
    Training Logistic Regression ...
    Training time: 0.2s

    Fold 3 results (8.6s):
      AUC-ROC: 0.6220  |  AUC-PR: 0.5624  |  Acc: 0.5887  |  F1: 0.5631  |  MCC: 0.1777
      Sens: 0.5955  |  Spec: 0.5832  |  PPV: 0.5339  |  NPV: 0.6426

    Top 15 feature coefficients:
    Rank   Feature                                        Coefficient
    -----------------------------------------------------------------
    1      esmif_PC003                                       0.169912
    2      esmif_PC018                                      -0.100542
    3      esmif_PC032                                      -0.097358
    4      esmif_PC001                                      -0.091273
    5      esmif_PC094                                      -0.083338
    6      esmif_PC073                                      -0.077430
    7      esmif_PC053                                      -0.075556
    8      esmif_PC048                                       0.074634
    9      esmif_PC071                                       0.073715
    10     esmif_PC040                                       0.072871
    11     esmif_PC069                                      -0.071898
    12     esmif_PC006                                       0.071151
    13     esmif_PC027                                      -0.067329
    14     esmif_PC004                                       0.067056
    15     esmif_PC021                                       0.065273
    Saved model: /home/hilarius/special_course/special_course_spring2026/models/lr_esmif_model_fold3.pkl

--------------------------------------------------------------------------------
  FOLD 4/4
--------------------------------------------------------------------------------
    esmif: zero-vector samples: train=4199/35382 (11.9%), test=935/8845 (10.6%)
    esmif: PCA 1536 → 150 (50/region × 3 regions, 75.7% variance, fitted on 31183 non-zero samples)
    Train:  35382 samples (pos=15753, neg=19629, ratio=1.246)
    Test:    8845 samples (pos=3818, neg=5027, ratio=1.317)
    Features: 150
    Training Logistic Regression ...
    Training time: 0.1s

    Fold 4 results (8.3s):
      AUC-ROC: 0.6487  |  AUC-PR: 0.5739  |  Acc: 0.6040  |  F1: 0.5714  |  MCC: 0.2078
      Sens: 0.6116  |  Spec: 0.5982  |  PPV: 0.5362  |  NPV: 0.6697

    Top 15 feature coefficients:
    Rank   Feature                                        Coefficient
    -----------------------------------------------------------------
    1      esmif_PC003                                       0.150866
    2      esmif_PC032                                      -0.100371
    3      esmif_PC029                                       0.095166
    4      esmif_PC048                                      -0.088040
    5      esmif_PC001                                      -0.086050
    6      esmif_PC018                                      -0.085848
    7      esmif_PC040                                       0.082379
    8      esmif_PC004                                       0.079610
    9      esmif_PC044                                       0.078767
    10     esmif_PC068                                      -0.077929
    11     esmif_PC006                                       0.077270
    12     esmif_PC073                                      -0.073133
    13     esmif_PC053                                      -0.071599
    14     esmif_PC095                                      -0.071060
    15     esmif_PC033                                      -0.068245
    Saved model: /home/hilarius/special_course/special_course_spring2026/models/lr_esmif_model_fold4.pkl

================================================================================
CROSS-VALIDATION SUMMARY (mean +/- std)
================================================================================
  auc_roc         0.6310 +/- 0.0142    [0.6362  0.6085  0.6397  0.6220  0.6487]
  auc_pr          0.5657 +/- 0.0078    [0.5723  0.5523  0.5678  0.5624  0.5739]
  accuracy        0.5953 +/- 0.0065    [0.5968  0.5870  0.6002  0.5887  0.6040]
  f1              0.5678 +/- 0.0069    [0.5713  0.5569  0.5764  0.5631  0.5714]
  mcc             0.1906 +/- 0.0136    [0.1933  0.1723  0.2017  0.1777  0.2078]
  sensitivity     0.6009 +/- 0.0109    [0.6012  0.5832  0.6128  0.5955  0.6116]
  specificity     0.5910 +/- 0.0049    [0.5932  0.5901  0.5902  0.5832  0.5982]
  ppv             0.5383 +/- 0.0049    [0.5443  0.5330  0.5441  0.5339  0.5362]
  npv             0.6510 +/- 0.0111    [0.6479  0.6384  0.6563  0.6426  0.6697]

  Best fold: 4 (AUC-ROC = 0.6487)

================================================================================
PER-FOLD METRIC COMPARISON
================================================================================
  Fold    auc_roc      auc_pr       accuracy     f1           mcc          sensitivity  specificity  ppv          npv          
  -----------------------------------------------------------------------------------------------------------------------------
  0       0.6362       0.5723       0.5968       0.5713       0.1933       0.6012       0.5932       0.5443       0.6479       
  1       0.6085       0.5523       0.5870       0.5569       0.1723       0.5832       0.5901       0.5330       0.6384       
  2       0.6397       0.5678       0.6002       0.5764       0.2017       0.6128       0.5902       0.5441       0.6563       
  3       0.6220       0.5624       0.5887       0.5631       0.1777       0.5955       0.5832       0.5339       0.6426       
  4       0.6487       0.5739       0.6040       0.5714       0.2078       0.6116       0.5982       0.5362       0.6697       
  -----------------------------------------------------------------------------------------------------------------------------
  mean    0.6310       0.5657       0.5953       0.5678       0.1906       0.6009       0.5910       0.5383       0.6510       
  std     0.0142       0.0078       0.0065       0.0069       0.0136       0.0109       0.0049       0.0049       0.0111       

================================================================================
AVERAGED COEFFICIENTS ACROSS ALL FOLDS
================================================================================
  Rank   Feature                                          Mean Coef          Std
  -----------------------------------------------------------------------------
  1      esmif_PC003                                       0.169280     0.010154
  2      esmif_PC032                                      -0.099834     0.012691
  3      esmif_PC018                                      -0.092293     0.008792
  4      esmif_PC001                                      -0.075536     0.012514
  5      esmif_PC006                                       0.074818     0.003254
  6      esmif_PC004                                       0.073051     0.007071
  7      esmif_PC049                                       0.057888     0.024721
  8      esmif_PC126                                      -0.055378     0.011242
  9      esmif_PC021                                       0.054879     0.019004
  10     esmif_PC027                                      -0.053516     0.009151
  11     esmif_PC014                                       0.049743     0.004524
  12     esmif_PC005                                       0.047896     0.008936
  13     esmif_PC016                                       0.047207     0.002163
  14     esmif_PC012                                      -0.043151     0.009526
  15     esmif_PC002                                       0.041258     0.011909
  16     esmif_PC023                                      -0.040418     0.013932
  17     esmif_PC134                                      -0.038297     0.014614
  18     esmif_PC055                                       0.037928     0.005779
  19     esmif_PC026                                       0.037605     0.007251
  20     esmif_PC007                                       0.037483     0.005817
  21     esmif_PC073                                      -0.036185     0.041232
  22     esmif_PC104                                       0.034193     0.021950
  23     esmif_PC037                                       0.032556     0.021731
  24     esmif_PC033                                      -0.032109     0.034949
  25     esmif_PC044                                      -0.031216     0.080417
  26     esmif_PC070                                      -0.030492     0.010725
  27     esmif_PC076                                       0.029075     0.009925
  28     esmif_PC013                                      -0.027781     0.012654
  29     esmif_PC024                                       0.026496     0.015394
  30     esmif_PC090                                      -0.026077     0.026541

================================================================================
HELD-OUT VALIDATION SET EVALUATION
================================================================================
  Using model from best fold (4)
  Held-out samples: 8845 (pos=3870, neg=4975, ratio=1.286)

  Held-out results (8845 samples):
    AUC-ROC: 0.6305  |  AUC-PR: 0.5598  |  Acc: 0.5933  |  F1: 0.5627  |  MCC: 0.1862
    Sens: 0.5979  |  Spec: 0.5897  |  PPV: 0.5313  |  NPV: 0.6535

  Classification Report:
              precision    recall  f1-score   support

    Negative     0.6535    0.5897    0.6200      4975
    Positive     0.5313    0.5979    0.5627      3870

    accuracy                         0.5933      8845
   macro avg     0.5924    0.5938    0.5913      8845
weighted avg     0.6000    0.5933    0.5949      8845

================================================================================
CV AVERAGE vs HELD-OUT COMPARISON
================================================================================
  Metric             CV mean     CV std   Held-out      Delta
  ---------------------------------------------------------
  auc_roc             0.6310     0.0142     0.6305    -0.0005
  auc_pr              0.5657     0.0078     0.5598    -0.0059
  accuracy            0.5953     0.0065     0.5933    -0.0020
  f1                  0.5678     0.0069     0.5627    -0.0052
  mcc                 0.1906     0.0136     0.1862    -0.0043
  sensitivity         0.6009     0.0109     0.5979    -0.0029
  specificity         0.5910     0.0049     0.5897    -0.0012
  ppv                 0.5383     0.0049     0.5313    -0.0070
  npv                 0.6510     0.0111     0.6535    +0.0025

Results saved: /home/hilarius/special_course/special_course_spring2026/models/cv_results_lr_esmif_20260506_182616.json
Best model saved: /home/hilarius/special_course/special_course_spring2026/models/best_lr_esmif_model.pkl
Fold artifacts saved: /home/hilarius/special_course/special_course_spring2026/models/best_lr_esmif_artifacts.pkl
Feature names saved: /home/hilarius/special_course/special_course_spring2026/models/lr_esmif_feature_names.json

================================================================================
RUN SUMMARY
================================================================================
  Total runtime:    45.4s (0.8 min)
  Model:            Logistic Regression (lr)
  Feature set:      ESM-IF1 embeddings only (esmif)
  Components:       ['esmif']
  Scaling:          yes
  Features (final): 150
    esmif PCA:     150
  CV folds:         5
  Best fold:        4 (AUC = 0.6487)
  Held-out AUC:     0.6305
  Held-out MCC:     0.1862
  Models dir:       /home/hilarius/special_course/special_course_spring2026/models/
  Results file:     /home/hilarius/special_course/special_course_spring2026/models/cv_results_lr_esmif_20260506_182616.json
  Feature names:    /home/hilarius/special_course/special_course_spring2026/models/lr_esmif_feature_names.json
  Log file:         /home/hilarius/special_course/special_course_spring2026/logs/04_modelling_lr_esmif_log_20260506_182616.txt
  Completed:        2026-05-06 18:27:01
================================================================================

############################################################
>>> $1
>>> CMD: python 04_modelling.py --model lr --features handcrafted_sparse_esmif
############################################################
[OK] Data file found: /home/hilarius/special_course/special_course_spring2026/data/processed/df_all.csv
[OK] Config validated: 5-fold CV + 1 held-out = 6 buckets
     Project root:  /home/hilarius/special_course/special_course_spring2026
     Data dir:      /home/hilarius/special_course/special_course_spring2026/data/processed
     Embedding dir: /home/hilarius/special_course/special_course_spring2026/data/processed/embeddings
     Log dir:       /home/hilarius/special_course/special_course_spring2026/logs
     Model dir:     /home/hilarius/special_course/special_course_spring2026/models
     Models:        lr, rf
     Feature sets:  all_blosum, all_sparse, esmc, esmif, esmif_hybrid, esmif_hybrid_20_fb, esmif_hybrid_40_fb, esmif_hybrid_60_fb, esmif_hybrid_80_fb, handcrafted, handcrafted_blosum, handcrafted_blosum_esmc, handcrafted_blosum_esmif, handcrafted_sparse, handcrafted_sparse_esmc, handcrafted_sparse_esmif, handcrafted_sparse_esmif_h20fb, handcrafted_sparse_esmif_h40fb, handcrafted_sparse_esmif_h60fb, handcrafted_sparse_esmif_h80fb, handcrafted_sparse_esmif_hybrid
     Components:    blosum, esmc, esmif, esmif_hybrid, esmif_hybrid_20_fb, esmif_hybrid_40_fb, esmif_hybrid_60_fb, esmif_hybrid_80_fb, handcrafted, sparse
================================================================================
  04_MODELLING -- LOGISTIC REGRESSION + STRUCTURAL + ONE-HOT + ESM-IF
================================================================================
  Timestamp:       2026-05-06 18:27:02
  Model key:       lr
  Model class:     sklearn.linear_model.LogisticRegression
  Feature set:     handcrafted_sparse_esmif (Structural + one-hot + ESM-IF)
  Components:      ['handcrafted', 'sparse', 'esmif']
  Data path:       /home/hilarius/special_course/special_course_spring2026/data/processed/df_all_with_folds.csv
  Log path:        /home/hilarius/special_course/special_course_spring2026/logs/04_modelling_lr_handcrafted_sparse_esmif_log_20260506_182702.txt
  CV folds (k):    5
  Held-out bucket: 5
  Random state:    42
  Needs scaling:   True

  Model hyperparameters:
    penalty                   None
    solver                    lbfgs
    max_iter                  5000
    class_weight              balanced
    random_state              42
    verbose                   0
================================================================================

Loading split data: /home/hilarius/special_course/special_course_spring2026/data/processed/df_all_with_folds.csv
  Shape: 53072 rows x 88 columns
  [OK] Fold column validated: [0, 1, 2, 3, 4, 5]

================================================================================
LOADING FEATURE COMPONENTS
================================================================================

  Loading CSV component: One-hot AA encoding
    Loading: df_all_sparse.csv
    Shape: 53072 rows x 650 columns
    [OK] Alignment verified
    New columns: 580

  Merged 580 new columns → 53072 rows x 668 columns

  Loading embedding component: ESM-IF1 embeddings
    Loading prepared embeddings: /home/hilarius/special_course/special_course_spring2026/data/processed/embeddings_prepared/esmif_prepared.h5
    Loaded: 53072 samples, 3 regions, dim=512

================================================================================
COMPONENT SUMMARY
================================================================================

  CSV components (2):
    [handcrafted] Structural features
      Source: split_data (built-in)
    [sparse] One-hot AA encoding
      Source: /home/hilarius/special_course/special_course_spring2026/data/processed/df_all_sparse.csv
      New columns added: 580
  Total CSV features: 631
    Structural: 51
    AA-encoded: 580

  Embedding components (1):
    [esmif] ESM-IF1 embeddings
      Raw dim: 1536 (3 regions × 512)
      After PCA: 150 (50/region × 3 regions)

  Estimated total features: ~781
    CSV:        631
    Embeddings: 150 (after PCA)

================================================================================
PIPELINE READY: ~781 features, 5 folds, Logistic Regression
================================================================================

--------------------------------------------------------------------------------
  FOLD 0/4
--------------------------------------------------------------------------------
    WARNING: X_train: 83391 NaN values replaced with medians
    WARNING: X_test: 10976 NaN values replaced with medians
    CSV features: 631 columns
    esmif: zero-vector samples: train=4276/35381 (12.1%), test=858/8846 (9.7%)
    esmif: PCA 1536 → 150 (50/region × 3 regions, 75.6% variance, fitted on 31105 non-zero samples)
    Train:  35381 samples (pos=15617, neg=19764, ratio=1.266)
    Test:    8846 samples (pos=3954, neg=4892, ratio=1.237)
    Features: 781
    Training Logistic Regression ...
    Training time: 12.5s

    Fold 0 results (20.9s):
      AUC-ROC: 0.7416  |  AUC-PR: 0.6892  |  Acc: 0.6758  |  F1: 0.6482  |  MCC: 0.3486
      Sens: 0.6682  |  Spec: 0.6819  |  PPV: 0.6293  |  NPV: 0.7177

    Top 15 feature coefficients:
    Rank   Feature                                        Coefficient
    -----------------------------------------------------------------
    1      rel_distance_from_n_terminus                     -9.748854
    2      rel_distance_from_c_terminus                     -9.710438
    3      C1_L                                             -1.146916
    4      C1_E                                             -0.884187
    5      C1_V                                             -0.867593
    6      C1_S                                             -0.838079
    7      C1_P                                             -0.830860
    8      C1_I                                             -0.810127
    9      C1_D                                             -0.788809
    10     C1_G                                             -0.788325
    11     C1_T                                             -0.766849
    12     C1_A                                             -0.765148
    13     C1_K                                             -0.761665
    14     C1_F                                             -0.753142
    15     C1_Q                                             -0.739904
    Saved model: /home/hilarius/special_course/special_course_spring2026/models/lr_handcrafted_sparse_esmif_model_fold0.pkl

--------------------------------------------------------------------------------
  FOLD 1/4
--------------------------------------------------------------------------------
    WARNING: X_train: 69530 NaN values replaced with medians
    WARNING: X_test: 24837 NaN values replaced with medians
    CSV features: 631 columns
    esmif: zero-vector samples: train=4093/35381 (11.6%), test=1041/8846 (11.8%)
    esmif: PCA 1536 → 150 (50/region × 3 regions, 75.6% variance, fitted on 31288 non-zero samples)
    Train:  35381 samples (pos=15634, neg=19747, ratio=1.263)
    Test:    8846 samples (pos=3937, neg=4909, ratio=1.247)
    Features: 781
    Training Logistic Regression ...
    Training time: 7.9s

    Fold 1 results (18.2s):
      AUC-ROC: 0.7227  |  AUC-PR: 0.6704  |  Acc: 0.6648  |  F1: 0.6370  |  MCC: 0.3271
      Sens: 0.6607  |  Spec: 0.6682  |  PPV: 0.6149  |  NPV: 0.7106

    Top 15 feature coefficients:
    Rank   Feature                                        Coefficient
    -----------------------------------------------------------------
    1      rel_distance_from_n_terminus                     -9.062252
    2      rel_distance_from_c_terminus                     -9.008637
    3      C1_L                                             -1.318628
    4      q8point_I_nflank                                 -1.272850
    5      q8trans_I_n_pep                                   1.033955
    6      C1_E                                             -0.997909
    7      C1_V                                             -0.987936
    8      C1_S                                             -0.950196
    9      C1_P                                             -0.931048
    10     C1_I                                             -0.926448
    11     C1_A                                             -0.902729
    12     C1_G                                             -0.897756
    13     C1_D                                             -0.894554
    14     C1_T                                             -0.872447
    15     C1_Q                                             -0.863584
    Saved model: /home/hilarius/special_course/special_course_spring2026/models/lr_handcrafted_sparse_esmif_model_fold1.pkl

--------------------------------------------------------------------------------
  FOLD 2/4
--------------------------------------------------------------------------------
    WARNING: X_train: 69922 NaN values replaced with medians
    WARNING: X_test: 24445 NaN values replaced with medians
    CSV features: 631 columns
    esmif: zero-vector samples: train=3874/35382 (10.9%), test=1260/8845 (14.2%)
    esmif: PCA 1536 → 150 (50/region × 3 regions, 75.7% variance, fitted on 31508 non-zero samples)
    Train:  35382 samples (pos=15645, neg=19737, ratio=1.262)
    Test:    8845 samples (pos=3926, neg=4919, ratio=1.253)
    Features: 781
    Training Logistic Regression ...
    Training time: 8.5s

    Fold 2 results (18.7s):
      AUC-ROC: 0.7249  |  AUC-PR: 0.6708  |  Acc: 0.6679  |  F1: 0.6378  |  MCC: 0.3324
      Sens: 0.6587  |  Spec: 0.6753  |  PPV: 0.6182  |  NPV: 0.7126

    Top 15 feature coefficients:
    Rank   Feature                                        Coefficient
    -----------------------------------------------------------------
    1      rel_distance_from_n_terminus                     -9.713704
    2      rel_distance_from_c_terminus                     -9.682100
    3      C1_L                                             -1.262298
    4      C1_E                                             -0.991120
    5      C1_V                                             -0.939084
    6      C1_P                                             -0.904815
    7      C1_S                                             -0.899934
    8      C1_I                                             -0.883228
    9      C1_D                                             -0.882321
    10     C1_A                                             -0.870280
    11     C1_T                                             -0.844576
    12     C1_G                                             -0.842980
    13     C1_K                                             -0.840258
    14     C1_Q                                             -0.822911
    15     C1_R                                             -0.808177
    Saved model: /home/hilarius/special_course/special_course_spring2026/models/lr_handcrafted_sparse_esmif_model_fold2.pkl

--------------------------------------------------------------------------------
  FOLD 3/4
--------------------------------------------------------------------------------
    WARNING: X_train: 74842 NaN values replaced with medians
    WARNING: X_test: 19525 NaN values replaced with medians
    CSV features: 631 columns
    esmif: zero-vector samples: train=4094/35382 (11.6%), test=1040/8845 (11.8%)
    esmif: PCA 1536 → 150 (50/region × 3 regions, 75.7% variance, fitted on 31288 non-zero samples)
    Train:  35382 samples (pos=15635, neg=19747, ratio=1.263)
    Test:    8845 samples (pos=3936, neg=4909, ratio=1.247)
    Features: 781
    Training Logistic Regression ...
    Training time: 9.3s

    Fold 3 results (18.8s):
      AUC-ROC: 0.7354  |  AUC-PR: 0.6830  |  Acc: 0.6734  |  F1: 0.6468  |  MCC: 0.3447
      Sens: 0.6720  |  Spec: 0.6745  |  PPV: 0.6234  |  NPV: 0.7195

    Top 15 feature coefficients:
    Rank   Feature                                        Coefficient
    -----------------------------------------------------------------
    1      rel_distance_from_n_terminus                     -9.966363
    2      rel_distance_from_c_terminus                     -9.930412
    3      C1_L                                             -1.477259
    4      C1_E                                             -1.167980
    5      C1_S                                             -1.124055
    6      C1_V                                             -1.121164
    7      C1_P                                             -1.081639
    8      C1_A                                             -1.074639
    9      C1_I                                             -1.047422
    10     C1_K                                             -1.037299
    11     C1_G                                             -1.036225
    12     C1_D                                             -1.033466
    13     C1_T                                             -1.025071
    14     C1_Q                                             -1.008680
    15     C1_R                                             -0.997006
    Saved model: /home/hilarius/special_course/special_course_spring2026/models/lr_handcrafted_sparse_esmif_model_fold3.pkl

--------------------------------------------------------------------------------
  FOLD 4/4
--------------------------------------------------------------------------------
    WARNING: X_train: 79783 NaN values replaced with medians
    WARNING: X_test: 14584 NaN values replaced with medians
    CSV features: 631 columns
    esmif: zero-vector samples: train=4199/35382 (11.9%), test=935/8845 (10.6%)
    esmif: PCA 1536 → 150 (50/region × 3 regions, 75.7% variance, fitted on 31183 non-zero samples)
    Train:  35382 samples (pos=15753, neg=19629, ratio=1.246)
    Test:    8845 samples (pos=3818, neg=5027, ratio=1.317)
    Features: 781
    Training Logistic Regression ...
    Training time: 12.1s

    Fold 4 results (21.7s):
      AUC-ROC: 0.7449  |  AUC-PR: 0.6840  |  Acc: 0.6757  |  F1: 0.6481  |  MCC: 0.3521
      Sens: 0.6917  |  Spec: 0.6636  |  PPV: 0.6096  |  NPV: 0.7392

    Top 15 feature coefficients:
    Rank   Feature                                        Coefficient
    -----------------------------------------------------------------
    1      rel_distance_from_n_terminus                     -9.005941
    2      rel_distance_from_c_terminus                     -8.951817
    3      C1_L                                             -1.154030
    4      C1_E                                             -0.905069
    5      C1_V                                             -0.850116
    6      C1_P                                             -0.841855
    7      C1_D                                             -0.827420
    8      C1_S                                             -0.827006
    9      C1_I                                             -0.823560
    10     C1_A                                             -0.792752
    11     C1_G                                             -0.786299
    12     C1_T                                             -0.775140
    13     C1_K                                             -0.773619
    14     C1_F                                             -0.763380
    15     C1_Q                                             -0.757956
    Saved model: /home/hilarius/special_course/special_course_spring2026/models/lr_handcrafted_sparse_esmif_model_fold4.pkl

================================================================================
CROSS-VALIDATION SUMMARY (mean +/- std)
================================================================================
  auc_roc         0.7339 +/- 0.0088    [0.7416  0.7227  0.7249  0.7354  0.7449]
  auc_pr          0.6795 +/- 0.0075    [0.6892  0.6704  0.6708  0.6830  0.6840]
  accuracy        0.6715 +/- 0.0044    [0.6758  0.6648  0.6679  0.6734  0.6757]
  f1              0.6436 +/- 0.0051    [0.6482  0.6370  0.6378  0.6468  0.6481]
  mcc             0.3410 +/- 0.0096    [0.3486  0.3271  0.3324  0.3447  0.3521]
  sensitivity     0.6703 +/- 0.0118    [0.6682  0.6607  0.6587  0.6720  0.6917]
  specificity     0.6727 +/- 0.0063    [0.6819  0.6682  0.6753  0.6745  0.6636]
  ppv             0.6191 +/- 0.0068    [0.6293  0.6149  0.6182  0.6234  0.6096]
  npv             0.7199 +/- 0.0102    [0.7177  0.7106  0.7126  0.7195  0.7392]

  Best fold: 4 (AUC-ROC = 0.7449)

================================================================================
PER-FOLD METRIC COMPARISON
================================================================================
  Fold    auc_roc      auc_pr       accuracy     f1           mcc          sensitivity  specificity  ppv          npv          
  -----------------------------------------------------------------------------------------------------------------------------
  0       0.7416       0.6892       0.6758       0.6482       0.3486       0.6682       0.6819       0.6293       0.7177       
  1       0.7227       0.6704       0.6648       0.6370       0.3271       0.6607       0.6682       0.6149       0.7106       
  2       0.7249       0.6708       0.6679       0.6378       0.3324       0.6587       0.6753       0.6182       0.7126       
  3       0.7354       0.6830       0.6734       0.6468       0.3447       0.6720       0.6745       0.6234       0.7195       
  4       0.7449       0.6840       0.6757       0.6481       0.3521       0.6917       0.6636       0.6096       0.7392       
  -----------------------------------------------------------------------------------------------------------------------------
  mean    0.7339       0.6795       0.6715       0.6436       0.3410       0.6703       0.6727       0.6191       0.7199       
  std     0.0088       0.0075       0.0044       0.0051       0.0096       0.0118       0.0063       0.0068       0.0102       

================================================================================
AVERAGED COEFFICIENTS ACROSS ALL FOLDS
================================================================================
  Rank   Feature                                          Mean Coef          Std
  -----------------------------------------------------------------------------
  1      rel_distance_from_n_terminus                     -9.499423     0.390079
  2      rel_distance_from_c_terminus                     -9.456681     0.398813
  3      C1_L                                             -1.271826     0.121624
  4      C1_E                                             -0.989253     0.100148
  5      C1_V                                             -0.953179     0.097542
  6      C1_S                                             -0.927854     0.107706
  7      C1_P                                             -0.918043     0.090015
  8      C1_I                                             -0.898157     0.085577
  9      C1_D                                             -0.885314     0.083317
  10     C1_A                                             -0.881110     0.108897
  11     C1_G                                             -0.870317     0.092528
  12     C1_T                                             -0.856817     0.093240
  13     C1_K                                             -0.854547     0.098800
  14     C1_Q                                             -0.838607     0.095960
  15     C1_R                                             -0.823135     0.095643
  16     C1_F                                             -0.818624     0.065678
  17     C1_N                                             -0.729364     0.075904
  18     C1_Y                                             -0.638706     0.061884
  19     C1_H                                             -0.589340     0.068632
  20     P2_W                                              0.582716     0.057646
  21     C1_M                                             -0.550254     0.050161
  22     C1_C                                             -0.522321     0.054625
  23     P2_K                                             -0.444789     0.064081
  24     C1_W                                             -0.436609     0.043348
  25     P9_E                                             -0.432649     0.128871
  26     C2_L                                              0.390167     0.101648
  27     N2_P                                             -0.366610     0.063434
  28     P2_P                                              0.357145     0.182955
  29     C2_G                                              0.353311     0.089554
  30     P9_Q                                              0.352558     0.051892

================================================================================
HELD-OUT VALIDATION SET EVALUATION
================================================================================
  Using model from best fold (4)
  Held-out samples: 8845 (pos=3870, neg=4975, ratio=1.286)

  Held-out results (8845 samples):
    AUC-ROC: 0.7354  |  AUC-PR: 0.6710  |  Acc: 0.6739  |  F1: 0.6458  |  MCC: 0.3465
    Sens: 0.6793  |  Spec: 0.6697  |  PPV: 0.6154  |  NPV: 0.7286

  Classification Report:
              precision    recall  f1-score   support

    Negative     0.7286    0.6697    0.6979      4975
    Positive     0.6154    0.6793    0.6458      3870

    accuracy                         0.6739      8845
   macro avg     0.6720    0.6745    0.6719      8845
weighted avg     0.6791    0.6739    0.6751      8845

================================================================================
CV AVERAGE vs HELD-OUT COMPARISON
================================================================================
  Metric             CV mean     CV std   Held-out      Delta
  ---------------------------------------------------------
  auc_roc             0.7339     0.0088     0.7354    +0.0015
  auc_pr              0.6795     0.0075     0.6710    -0.0085
  accuracy            0.6715     0.0044     0.6739    +0.0024
  f1                  0.6436     0.0051     0.6458    +0.0022
  mcc                 0.3410     0.0096     0.3465    +0.0056
  sensitivity         0.6703     0.0118     0.6793    +0.0091
  specificity         0.6727     0.0063     0.6697    -0.0030
  ppv                 0.6191     0.0068     0.6154    -0.0037
  npv                 0.7199     0.0102     0.7286    +0.0087

Results saved: /home/hilarius/special_course/special_course_spring2026/models/cv_results_lr_handcrafted_sparse_esmif_20260506_182702.json
Best model saved: /home/hilarius/special_course/special_course_spring2026/models/best_lr_handcrafted_sparse_esmif_model.pkl
Fold artifacts saved: /home/hilarius/special_course/special_course_spring2026/models/best_lr_handcrafted_sparse_esmif_artifacts.pkl
Feature names saved: /home/hilarius/special_course/special_course_spring2026/models/lr_handcrafted_sparse_esmif_feature_names.json

================================================================================
RUN SUMMARY
================================================================================
  Total runtime:    103.4s (1.7 min)
  Model:            Logistic Regression (lr)
  Feature set:      Structural + one-hot + ESM-IF (handcrafted_sparse_esmif)
  Components:       ['handcrafted', 'sparse', 'esmif']
  Scaling:          yes
  Features (final): 781
    CSV features:   631
    esmif PCA:     150
  CV folds:         5
  Best fold:        4 (AUC = 0.7449)
  Held-out AUC:     0.7354
  Held-out MCC:     0.3465
  Models dir:       /home/hilarius/special_course/special_course_spring2026/models/
  Results file:     /home/hilarius/special_course/special_course_spring2026/models/cv_results_lr_handcrafted_sparse_esmif_20260506_182702.json
  Feature names:    /home/hilarius/special_course/special_course_spring2026/models/lr_handcrafted_sparse_esmif_feature_names.json
  Log file:         /home/hilarius/special_course/special_course_spring2026/logs/04_modelling_lr_handcrafted_sparse_esmif_log_20260506_182702.txt
  Completed:        2026-05-06 18:28:46
================================================================================

############################################################
>>> $1
>>> CMD: python 04_modelling.py --model lr --features handcrafted_blosum_esmif
############################################################
[OK] Data file found: /home/hilarius/special_course/special_course_spring2026/data/processed/df_all.csv
[OK] Config validated: 5-fold CV + 1 held-out = 6 buckets
     Project root:  /home/hilarius/special_course/special_course_spring2026
     Data dir:      /home/hilarius/special_course/special_course_spring2026/data/processed
     Embedding dir: /home/hilarius/special_course/special_course_spring2026/data/processed/embeddings
     Log dir:       /home/hilarius/special_course/special_course_spring2026/logs
     Model dir:     /home/hilarius/special_course/special_course_spring2026/models
     Models:        lr, rf
     Feature sets:  all_blosum, all_sparse, esmc, esmif, esmif_hybrid, esmif_hybrid_20_fb, esmif_hybrid_40_fb, esmif_hybrid_60_fb, esmif_hybrid_80_fb, handcrafted, handcrafted_blosum, handcrafted_blosum_esmc, handcrafted_blosum_esmif, handcrafted_sparse, handcrafted_sparse_esmc, handcrafted_sparse_esmif, handcrafted_sparse_esmif_h20fb, handcrafted_sparse_esmif_h40fb, handcrafted_sparse_esmif_h60fb, handcrafted_sparse_esmif_h80fb, handcrafted_sparse_esmif_hybrid
     Components:    blosum, esmc, esmif, esmif_hybrid, esmif_hybrid_20_fb, esmif_hybrid_40_fb, esmif_hybrid_60_fb, esmif_hybrid_80_fb, handcrafted, sparse
================================================================================
  04_MODELLING -- LOGISTIC REGRESSION + STRUCTURAL + BLOSUM50 + ESM-IF
================================================================================
  Timestamp:       2026-05-06 18:28:47
  Model key:       lr
  Model class:     sklearn.linear_model.LogisticRegression
  Feature set:     handcrafted_blosum_esmif (Structural + BLOSUM50 + ESM-IF)
  Components:      ['handcrafted', 'blosum', 'esmif']
  Data path:       /home/hilarius/special_course/special_course_spring2026/data/processed/df_all_with_folds.csv
  Log path:        /home/hilarius/special_course/special_course_spring2026/logs/04_modelling_lr_handcrafted_blosum_esmif_log_20260506_182847.txt
  CV folds (k):    5
  Held-out bucket: 5
  Random state:    42
  Needs scaling:   True

  Model hyperparameters:
    penalty                   None
    solver                    lbfgs
    max_iter                  5000
    class_weight              balanced
    random_state              42
    verbose                   0
================================================================================

Loading split data: /home/hilarius/special_course/special_course_spring2026/data/processed/df_all_with_folds.csv
  Shape: 53072 rows x 88 columns
  [OK] Fold column validated: [0, 1, 2, 3, 4, 5]

================================================================================
LOADING FEATURE COMPONENTS
================================================================================

  Loading CSV component: BLOSUM50 AA encoding
    Loading: df_all_blosum50.csv
    Shape: 53072 rows x 650 columns
    [OK] Alignment verified
    New columns: 580

  Merged 580 new columns → 53072 rows x 668 columns

  Loading embedding component: ESM-IF1 embeddings
    Loading prepared embeddings: /home/hilarius/special_course/special_course_spring2026/data/processed/embeddings_prepared/esmif_prepared.h5
    Loaded: 53072 samples, 3 regions, dim=512

================================================================================
COMPONENT SUMMARY
================================================================================

  CSV components (2):
    [handcrafted] Structural features
      Source: split_data (built-in)
    [blosum] BLOSUM50 AA encoding
      Source: /home/hilarius/special_course/special_course_spring2026/data/processed/df_all_blosum50.csv
      New columns added: 580
  Total CSV features: 631
    Structural: 51
    AA-encoded: 580

  Embedding components (1):
    [esmif] ESM-IF1 embeddings
      Raw dim: 1536 (3 regions × 512)
      After PCA: 150 (50/region × 3 regions)

  Estimated total features: ~781
    CSV:        631
    Embeddings: 150 (after PCA)

================================================================================
PIPELINE READY: ~781 features, 5 folds, Logistic Regression
================================================================================

--------------------------------------------------------------------------------
  FOLD 0/4
--------------------------------------------------------------------------------
    WARNING: X_train: 83391 NaN values replaced with medians
    WARNING: X_test: 10976 NaN values replaced with medians
    CSV features: 631 columns
    esmif: zero-vector samples: train=4276/35381 (12.1%), test=858/8846 (9.7%)
    esmif: PCA 1536 → 150 (50/region × 3 regions, 75.6% variance, fitted on 31105 non-zero samples)
    Train:  35381 samples (pos=15617, neg=19764, ratio=1.266)
    Test:    8846 samples (pos=3954, neg=4892, ratio=1.237)
    Features: 781
    Training Logistic Regression ...
    Training time: 14.9s

    Fold 0 results (24.1s):
      AUC-ROC: 0.7413  |  AUC-PR: 0.6892  |  Acc: 0.6759  |  F1: 0.6491  |  MCC: 0.3492
      Sens: 0.6707  |  Spec: 0.6801  |  PPV: 0.6289  |  NPV: 0.7187

    Top 15 feature coefficients:
    Rank   Feature                                        Coefficient
    -----------------------------------------------------------------
    1      rel_distance_from_n_terminus                     -8.949481
    2      rel_distance_from_c_terminus                     -8.913827
    3      P9_M                                             -1.428162
    4      P2_R                                             -1.377220
    5      P8_V                                              1.277270
    6      P9_D                                             -1.247333
    7      P2_K                                             -1.206440
    8      P9_V                                              1.196002
    9      P9_N                                             -1.099848
    10     P9_H                                              1.091906
    11     P8_I                                             -1.053860
    12     P9_K                                              0.999544
    13     P9_R                                             -0.998673
    14     C1_V                                              0.969556
    15     P9_W                                              0.932934
    Saved model: /home/hilarius/special_course/special_course_spring2026/models/lr_handcrafted_blosum_esmif_model_fold0.pkl

--------------------------------------------------------------------------------
  FOLD 1/4
--------------------------------------------------------------------------------
    WARNING: X_train: 69530 NaN values replaced with medians
    WARNING: X_test: 24837 NaN values replaced with medians
    CSV features: 631 columns
    esmif: zero-vector samples: train=4093/35381 (11.6%), test=1041/8846 (11.8%)
    esmif: PCA 1536 → 150 (50/region × 3 regions, 75.6% variance, fitted on 31288 non-zero samples)
    Train:  35381 samples (pos=15634, neg=19747, ratio=1.263)
    Test:    8846 samples (pos=3937, neg=4909, ratio=1.247)
    Features: 781
    Training Logistic Regression ...
    Training time: 14.9s

    Fold 1 results (23.2s):
      AUC-ROC: 0.7225  |  AUC-PR: 0.6710  |  Acc: 0.6663  |  F1: 0.6384  |  MCC: 0.3300
      Sens: 0.6619  |  Spec: 0.6698  |  PPV: 0.6165  |  NPV: 0.7118

    Top 15 feature coefficients:
    Rank   Feature                                        Coefficient
    -----------------------------------------------------------------
    1      rel_distance_from_n_terminus                     -9.739113
    2      rel_distance_from_c_terminus                     -9.684535
    3      P8_V                                              1.483330
    4      P9_M                                             -1.465089
    5      P8_I                                             -1.184628
    6      P9_D                                             -1.167953
    7      C1_V                                              1.129605
    8      P2_R                                             -1.043761
    9      N9_I                                              1.025200
    10     P9_H                                              0.996483
    11     P9_N                                             -0.944097
    12     P9_Q                                              0.932354
    13     P9_V                                              0.897758
    14     C9_I                                             -0.882917
    15     P9_K                                              0.837647
    Saved model: /home/hilarius/special_course/special_course_spring2026/models/lr_handcrafted_blosum_esmif_model_fold1.pkl

--------------------------------------------------------------------------------
  FOLD 2/4
--------------------------------------------------------------------------------
    WARNING: X_train: 69922 NaN values replaced with medians
    WARNING: X_test: 24445 NaN values replaced with medians
    CSV features: 631 columns
    esmif: zero-vector samples: train=3874/35382 (10.9%), test=1260/8845 (14.2%)
    esmif: PCA 1536 → 150 (50/region × 3 regions, 75.7% variance, fitted on 31508 non-zero samples)
    Train:  35382 samples (pos=15645, neg=19737, ratio=1.262)
    Test:    8845 samples (pos=3926, neg=4919, ratio=1.253)
    Features: 781
    Training Logistic Regression ...
    Training time: 13.8s

    Fold 2 results (23.5s):
      AUC-ROC: 0.7246  |  AUC-PR: 0.6705  |  Acc: 0.6676  |  F1: 0.6378  |  MCC: 0.3319
      Sens: 0.6594  |  Spec: 0.6741  |  PPV: 0.6176  |  NPV: 0.7127

    Top 15 feature coefficients:
    Rank   Feature                                        Coefficient
    -----------------------------------------------------------------
    1      rel_distance_from_n_terminus                     -9.097602
    2      rel_distance_from_c_terminus                     -9.066917
    3      P8_V                                              1.191612
    4      P9_Q                                              1.150370
    5      P9_W                                              1.130167
    6      N9_I                                              1.112906
    7      P9_M                                             -1.112062
    8      N3_I                                             -1.079718
    9      P9_D                                             -0.958753
    10     P8_I                                             -0.958130
    11     P2_R                                             -0.927699
    12     P9_K                                              0.918108
    13     C1_V                                              0.903059
    14     P2_K                                             -0.828839
    15     P9_N                                             -0.783899
    Saved model: /home/hilarius/special_course/special_course_spring2026/models/lr_handcrafted_blosum_esmif_model_fold2.pkl

--------------------------------------------------------------------------------
  FOLD 3/4
--------------------------------------------------------------------------------
    WARNING: X_train: 74842 NaN values replaced with medians
    WARNING: X_test: 19525 NaN values replaced with medians
    CSV features: 631 columns
    esmif: zero-vector samples: train=4094/35382 (11.6%), test=1040/8845 (11.8%)
    esmif: PCA 1536 → 150 (50/region × 3 regions, 75.7% variance, fitted on 31288 non-zero samples)
    Train:  35382 samples (pos=15635, neg=19747, ratio=1.263)
    Test:    8845 samples (pos=3936, neg=4909, ratio=1.247)
    Features: 781
    Training Logistic Regression ...
    Training time: 16.5s

    Fold 3 results (25.7s):
      AUC-ROC: 0.7355  |  AUC-PR: 0.6827  |  Acc: 0.6743  |  F1: 0.6479  |  MCC: 0.3466
      Sens: 0.6735  |  Spec: 0.6749  |  PPV: 0.6242  |  NPV: 0.7205

    Top 15 feature coefficients:
    Rank   Feature                                        Coefficient
    -----------------------------------------------------------------
    1      rel_distance_from_n_terminus                     -9.319645
    2      rel_distance_from_c_terminus                     -9.284908
    3      P9_M                                             -1.568039
    4      P8_V                                              1.482984
    5      C1_V                                              1.246101
    6      P2_R                                             -1.239283
    7      P8_I                                             -1.189192
    8      P2_K                                             -1.081182
    9      P9_D                                             -1.050111
    10     P9_Q                                              1.037704
    11     P9_H                                              1.002780
    12     P2_H                                              0.928181
    13     C7_I                                             -0.911783
    14     P9_V                                              0.905820
    15     C1_L                                              0.895350
    Saved model: /home/hilarius/special_course/special_course_spring2026/models/lr_handcrafted_blosum_esmif_model_fold3.pkl

--------------------------------------------------------------------------------
  FOLD 4/4
--------------------------------------------------------------------------------
    WARNING: X_train: 79783 NaN values replaced with medians
    WARNING: X_test: 14584 NaN values replaced with medians
    CSV features: 631 columns
    esmif: zero-vector samples: train=4199/35382 (11.9%), test=935/8845 (10.6%)
    esmif: PCA 1536 → 150 (50/region × 3 regions, 75.7% variance, fitted on 31183 non-zero samples)
    Train:  35382 samples (pos=15753, neg=19629, ratio=1.246)
    Test:    8845 samples (pos=3818, neg=5027, ratio=1.317)
    Features: 781
    Training Logistic Regression ...
    Training time: 15.3s

    Fold 4 results (25.3s):
      AUC-ROC: 0.7450  |  AUC-PR: 0.6841  |  Acc: 0.6752  |  F1: 0.6475  |  MCC: 0.3510
      Sens: 0.6912  |  Spec: 0.6630  |  PPV: 0.6090  |  NPV: 0.7387

    Top 15 feature coefficients:
    Rank   Feature                                        Coefficient
    -----------------------------------------------------------------
    1      rel_distance_from_n_terminus                     -8.922978
    2      rel_distance_from_c_terminus                     -8.869608
    3      P8_V                                              1.132879
    4      P9_M                                             -1.115506
    5      P2_R                                             -1.076306
    6      C1_V                                              1.053422
    7      N3_I                                             -0.992642
    8      P8_I                                             -0.884124
    9      P9_D                                             -0.820808
    10     C1_L                                              0.789156
    11     P2_K                                             -0.781851
    12     N9_I                                              0.779991
    13     C1_R                                              0.764841
    14     P9_N                                             -0.752003
    15     P9_V                                              0.741846
    Saved model: /home/hilarius/special_course/special_course_spring2026/models/lr_handcrafted_blosum_esmif_model_fold4.pkl

================================================================================
CROSS-VALIDATION SUMMARY (mean +/- std)
================================================================================
  auc_roc         0.7338 +/- 0.0089    [0.7413  0.7225  0.7246  0.7355  0.7450]
  auc_pr          0.6795 +/- 0.0075    [0.6892  0.6710  0.6705  0.6827  0.6841]
  accuracy        0.6719 +/- 0.0041    [0.6759  0.6663  0.6676  0.6743  0.6752]
  f1              0.6442 +/- 0.0050    [0.6491  0.6384  0.6378  0.6479  0.6475]
  mcc             0.3417 +/- 0.0089    [0.3492  0.3300  0.3319  0.3466  0.3510]
  sensitivity     0.6714 +/- 0.0112    [0.6707  0.6619  0.6594  0.6735  0.6912]
  specificity     0.6724 +/- 0.0057    [0.6801  0.6698  0.6741  0.6749  0.6630]
  ppv             0.6193 +/- 0.0068    [0.6289  0.6165  0.6176  0.6242  0.6090]
  npv             0.7205 +/- 0.0097    [0.7187  0.7118  0.7127  0.7205  0.7387]

  Best fold: 4 (AUC-ROC = 0.7450)

================================================================================
PER-FOLD METRIC COMPARISON
================================================================================
  Fold    auc_roc      auc_pr       accuracy     f1           mcc          sensitivity  specificity  ppv          npv          
  -----------------------------------------------------------------------------------------------------------------------------
  0       0.7413       0.6892       0.6759       0.6491       0.3492       0.6707       0.6801       0.6289       0.7187       
  1       0.7225       0.6710       0.6663       0.6384       0.3300       0.6619       0.6698       0.6165       0.7118       
  2       0.7246       0.6705       0.6676       0.6378       0.3319       0.6594       0.6741       0.6176       0.7127       
  3       0.7355       0.6827       0.6743       0.6479       0.3466       0.6735       0.6749       0.6242       0.7205       
  4       0.7450       0.6841       0.6752       0.6475       0.3510       0.6912       0.6630       0.6090       0.7387       
  -----------------------------------------------------------------------------------------------------------------------------
  mean    0.7338       0.6795       0.6719       0.6442       0.3417       0.6714       0.6724       0.6193       0.7205       
  std     0.0089       0.0075       0.0041       0.0050       0.0089       0.0112       0.0057       0.0068       0.0097       

================================================================================
AVERAGED COEFFICIENTS ACROSS ALL FOLDS
================================================================================
  Rank   Feature                                          Mean Coef          Std
  -----------------------------------------------------------------------------
  1      rel_distance_from_n_terminus                     -9.205764     0.301588
  2      rel_distance_from_c_terminus                     -9.163959     0.298078
  3      P9_M                                             -1.337772     0.188547
  4      P8_V                                              1.313615     0.145850
  5      P2_R                                             -1.132854     0.157649
  6      C1_V                                              1.060349     0.120276
  7      P8_I                                             -1.053987     0.121152
  8      P9_D                                             -1.048992     0.150800
  9      N9_I                                              0.913716     0.131872
  10     P2_K                                             -0.907769     0.206289
  11     P9_N                                             -0.874885     0.130557
  12     P9_Q                                              0.873904     0.217241
  13     P9_V                                              0.861318     0.208472
  14     P9_W                                              0.833787     0.186081
  15     C1_L                                              0.785967     0.076306
  16     C1_R                                              0.777724     0.031973
  17     P9_K                                              0.736636     0.241549
  18     P2_P                                              0.722193     0.199154
  19     P2_H                                              0.717658     0.130353
  20     N3_I                                             -0.709337     0.283742
  21     C4_I                                             -0.688439     0.204031
  22     P3_V                                             -0.685191     0.131138
  23     P8_F                                              0.659913     0.068896
  24     C5_I                                              0.658823     0.084950
  25     C1_D                                              0.639158     0.055928
  26     P9_H                                              0.627950     0.654689
  27     P8_L                                              0.622539     0.059047
  28     C1_G                                              0.620276     0.039251
  29     P2_F                                             -0.600735     0.068027
  30     P9_S                                              0.581429     0.166779

================================================================================
HELD-OUT VALIDATION SET EVALUATION
================================================================================
  Using model from best fold (4)
  Held-out samples: 8845 (pos=3870, neg=4975, ratio=1.286)

  Held-out results (8845 samples):
    AUC-ROC: 0.7354  |  AUC-PR: 0.6708  |  Acc: 0.6741  |  F1: 0.6458  |  MCC: 0.3467
    Sens: 0.6791  |  Spec: 0.6702  |  PPV: 0.6156  |  NPV: 0.7286

  Classification Report:
              precision    recall  f1-score   support

    Negative     0.7286    0.6702    0.6981      4975
    Positive     0.6156    0.6791    0.6458      3870

    accuracy                         0.6741      8845
   macro avg     0.6721    0.6746    0.6720      8845
weighted avg     0.6791    0.6741    0.6752      8845

================================================================================
CV AVERAGE vs HELD-OUT COMPARISON
================================================================================
  Metric             CV mean     CV std   Held-out      Delta
  ---------------------------------------------------------
  auc_roc             0.7338     0.0089     0.7354    +0.0016
  auc_pr              0.6795     0.0075     0.6708    -0.0087
  accuracy            0.6719     0.0041     0.6741    +0.0022
  f1                  0.6442     0.0050     0.6458    +0.0016
  mcc                 0.3417     0.0089     0.3467    +0.0050
  sensitivity         0.6714     0.0112     0.6791    +0.0077
  specificity         0.6724     0.0057     0.6702    -0.0022
  ppv                 0.6193     0.0068     0.6156    -0.0036
  npv                 0.7205     0.0097     0.7286    +0.0081

Results saved: /home/hilarius/special_course/special_course_spring2026/models/cv_results_lr_handcrafted_blosum_esmif_20260506_182847.json
Best model saved: /home/hilarius/special_course/special_course_spring2026/models/best_lr_handcrafted_blosum_esmif_model.pkl
Fold artifacts saved: /home/hilarius/special_course/special_course_spring2026/models/best_lr_handcrafted_blosum_esmif_artifacts.pkl
Feature names saved: /home/hilarius/special_course/special_course_spring2026/models/lr_handcrafted_blosum_esmif_feature_names.json

================================================================================
RUN SUMMARY
================================================================================
  Total runtime:    126.9s (2.1 min)
  Model:            Logistic Regression (lr)
  Feature set:      Structural + BLOSUM50 + ESM-IF (handcrafted_blosum_esmif)
  Components:       ['handcrafted', 'blosum', 'esmif']
  Scaling:          yes
  Features (final): 781
    CSV features:   631
    esmif PCA:     150
  CV folds:         5
  Best fold:        4 (AUC = 0.7450)
  Held-out AUC:     0.7354
  Held-out MCC:     0.3467
  Models dir:       /home/hilarius/special_course/special_course_spring2026/models/
  Results file:     /home/hilarius/special_course/special_course_spring2026/models/cv_results_lr_handcrafted_blosum_esmif_20260506_182847.json
  Feature names:    /home/hilarius/special_course/special_course_spring2026/models/lr_handcrafted_blosum_esmif_feature_names.json
  Log file:         /home/hilarius/special_course/special_course_spring2026/logs/04_modelling_lr_handcrafted_blosum_esmif_log_20260506_182847.txt
  Completed:        2026-05-06 18:30:54
================================================================================

############################################################
>>> $1
>>> CMD: bash -c cd .. && python src/06_feature_importance.py --features 'esmif' --models lr rf --top 30 --top_compare 30 --top_big 70 --out_root 'results/figures/models/feature_importance_esmif_pca'
############################################################
Traceback (most recent call last):
  File "/home/hilarius/special_course/special_course_spring2026/src/06_feature_importance.py", line 28, in <module>
    import matplotlib
ModuleNotFoundError: No module named 'matplotlib'
!!! FAILED (exit 1): bash -c cd .. && python src/06_feature_importance.py --features 'esmif' --models lr rf --top 30 --top_compare 30 --top_big 70 --out_root 'results/figures/models/feature_importance_esmif_pca'

############################################################
>>> $1
>>> CMD: bash -c cd .. && python src/06_feature_importance.py --features 'handcrafted_sparse_esmif' --models lr rf --top 30 --top_compare 30 --top_big 70 --out_root 'results/figures/models/feature_importance_esmif_pca'
############################################################
Traceback (most recent call last):
  File "/home/hilarius/special_course/special_course_spring2026/src/06_feature_importance.py", line 28, in <module>
    import matplotlib
ModuleNotFoundError: No module named 'matplotlib'
!!! FAILED (exit 1): bash -c cd .. && python src/06_feature_importance.py --features 'handcrafted_sparse_esmif' --models lr rf --top 30 --top_compare 30 --top_big 70 --out_root 'results/figures/models/feature_importance_esmif_pca'

############################################################
>>> $1
>>> CMD: bash -c cd .. && python src/06_feature_importance.py --features 'handcrafted_blosum_esmif' --models lr rf --top 30 --top_compare 30 --top_big 70 --out_root 'results/figures/models/feature_importance_esmif_pca'
############################################################
Traceback (most recent call last):
  File "/home/hilarius/special_course/special_course_spring2026/src/06_feature_importance.py", line 28, in <module>
    import matplotlib
ModuleNotFoundError: No module named 'matplotlib'
!!! FAILED (exit 1): bash -c cd .. && python src/06_feature_importance.py --features 'handcrafted_blosum_esmif' --models lr rf --top 30 --top_compare 30 --top_big 70 --out_root 'results/figures/models/feature_importance_esmif_pca'

############################################################
>>> $1
>>> CMD: python 04_modelling.py --model rf --features esmif --pca 512
############################################################
[OK] Data file found: /home/hilarius/special_course/special_course_spring2026/data/processed/df_all.csv
[OK] Config validated: 5-fold CV + 1 held-out = 6 buckets
     Project root:  /home/hilarius/special_course/special_course_spring2026
     Data dir:      /home/hilarius/special_course/special_course_spring2026/data/processed
     Embedding dir: /home/hilarius/special_course/special_course_spring2026/data/processed/embeddings
     Log dir:       /home/hilarius/special_course/special_course_spring2026/logs
     Model dir:     /home/hilarius/special_course/special_course_spring2026/models
     Models:        lr, rf
     Feature sets:  all_blosum, all_sparse, esmc, esmif, esmif_hybrid, esmif_hybrid_20_fb, esmif_hybrid_40_fb, esmif_hybrid_60_fb, esmif_hybrid_80_fb, handcrafted, handcrafted_blosum, handcrafted_blosum_esmc, handcrafted_blosum_esmif, handcrafted_sparse, handcrafted_sparse_esmc, handcrafted_sparse_esmif, handcrafted_sparse_esmif_h20fb, handcrafted_sparse_esmif_h40fb, handcrafted_sparse_esmif_h60fb, handcrafted_sparse_esmif_h80fb, handcrafted_sparse_esmif_hybrid
     Components:    blosum, esmc, esmif, esmif_hybrid, esmif_hybrid_20_fb, esmif_hybrid_40_fb, esmif_hybrid_60_fb, esmif_hybrid_80_fb, handcrafted, sparse
  [CLI OVERRIDE] PCA components per region: 512
================================================================================
  04_MODELLING -- RANDOM FOREST + ESM-IF1 EMBEDDINGS ONLY
================================================================================
  Timestamp:       2026-05-06 18:30:56
  Model key:       rf
  Model class:     sklearn.ensemble.RandomForestClassifier
  Feature set:     esmif (ESM-IF1 embeddings only)
  Components:      ['esmif']
  Data path:       /home/hilarius/special_course/special_course_spring2026/data/processed/df_all_with_folds.csv
  Log path:        /home/hilarius/special_course/special_course_spring2026/logs/04_modelling_rf_esmif_log_20260506_183056.txt
  CV folds (k):    5
  Held-out bucket: 5
  Random state:    42
  Needs scaling:   False

  Model hyperparameters:
    n_estimators              1000
    max_depth                 None
    min_samples_split         2
    min_samples_leaf          1
    max_features              sqrt
    class_weight              balanced
    n_jobs                    -1
    random_state              42
    verbose                   0
================================================================================

Loading split data: /home/hilarius/special_course/special_course_spring2026/data/processed/df_all_with_folds.csv
  Shape: 53072 rows x 88 columns
  [OK] Fold column validated: [0, 1, 2, 3, 4, 5]

================================================================================
LOADING FEATURE COMPONENTS
================================================================================

  Loading embedding component: ESM-IF1 embeddings
    Loading prepared embeddings: /home/hilarius/special_course/special_course_spring2026/data/processed/embeddings_prepared/esmif_prepared.h5
    Loaded: 53072 samples, 3 regions, dim=512

================================================================================
COMPONENT SUMMARY
================================================================================

  Embedding components (1):
    [esmif] ESM-IF1 embeddings
      Raw dim: 1536 (3 regions × 512)
      After PCA: 1536 (512/region × 3 regions)

  Estimated total features: ~1536
    CSV:        0
    Embeddings: 1536 (after PCA)

================================================================================
PIPELINE READY: ~1536 features, 5 folds, Random Forest
================================================================================

--------------------------------------------------------------------------------
  FOLD 0/4
--------------------------------------------------------------------------------
    esmif: zero-vector samples: train=4276/35381 (12.1%), test=858/8846 (9.7%)
    esmif: PCA 1536 → 1536 (512/region × 3 regions, 100.0% variance, fitted on 31105 non-zero samples)
    Train:  35381 samples (pos=15617, neg=19764, ratio=1.266)
    Test:    8846 samples (pos=3954, neg=4892, ratio=1.237)
    Features: 1536
    Training Random Forest ...
    Training time: 177.7s

    Fold 0 results (207.0s):
      AUC-ROC: 0.6043  |  AUC-PR: 0.5361  |  Acc: 0.5657  |  F1: 0.1156  |  MCC: 0.0849
      Sens: 0.0635  |  Spec: 0.9716  |  PPV: 0.6436  |  NPV: 0.5621

    Top 15 feature importances:
    Rank   Feature                                         Importance
    -----------------------------------------------------------------
    1      esmif_PC003                                       0.003177
    2      esmif_PC019                                       0.001645
    3      esmif_PC1523                                      0.001309
    4      esmif_PC1530                                      0.001304
    5      esmif_PC1522                                      0.001268
    6      esmif_PC029                                       0.001216
    7      esmif_PC1526                                      0.001197
    8      esmif_PC1531                                      0.001166
    9      esmif_PC1521                                      0.001165
    10     esmif_PC001                                       0.001135
    11     esmif_PC1536                                      0.001125
    12     esmif_PC006                                       0.001091
    13     esmif_PC1527                                      0.001084
    14     esmif_PC1535                                      0.001067
    15     esmif_PC1176                                      0.001060
    Saved model: /home/hilarius/special_course/special_course_spring2026/models/rf_esmif_model_fold0.pkl

--------------------------------------------------------------------------------
  FOLD 1/4
--------------------------------------------------------------------------------
    esmif: zero-vector samples: train=4093/35381 (11.6%), test=1041/8846 (11.8%)
    esmif: PCA 1536 → 1536 (512/region × 3 regions, 100.0% variance, fitted on 31288 non-zero samples)
    Train:  35381 samples (pos=15634, neg=19747, ratio=1.263)
    Test:    8846 samples (pos=3937, neg=4909, ratio=1.247)
    Features: 1536
    Training Random Forest ...
    Training time: 176.3s

    Fold 1 results (206.6s):
      AUC-ROC: 0.5809  |  AUC-PR: 0.5231  |  Acc: 0.5690  |  F1: 0.1449  |  MCC: 0.0875
      Sens: 0.0820  |  Spec: 0.9595  |  PPV: 0.6188  |  NPV: 0.5658

    Top 15 feature importances:
    Rank   Feature                                         Importance
    -----------------------------------------------------------------
    1      esmif_PC003                                       0.003492
    2      esmif_PC1530                                      0.001534
    3      esmif_PC1342                                      0.001481
    4      esmif_PC1523                                      0.001437
    5      esmif_PC1526                                      0.001437
    6      esmif_PC1531                                      0.001420
    7      esmif_PC1527                                      0.001351
    8      esmif_PC001                                       0.001283
    9      esmif_PC1519                                      0.001273
    10     esmif_PC1335                                      0.001258
    11     esmif_PC049                                       0.001231
    12     esmif_PC1536                                      0.001215
    13     esmif_PC1535                                      0.001197
    14     esmif_PC1496                                      0.001195
    15     esmif_PC044                                       0.001187
    Saved model: /home/hilarius/special_course/special_course_spring2026/models/rf_esmif_model_fold1.pkl

--------------------------------------------------------------------------------
  FOLD 2/4
--------------------------------------------------------------------------------
    esmif: zero-vector samples: train=3874/35382 (10.9%), test=1260/8845 (14.2%)
    esmif: PCA 1536 → 1536 (512/region × 3 regions, 100.0% variance, fitted on 31508 non-zero samples)
    Train:  35382 samples (pos=15645, neg=19737, ratio=1.262)
    Test:    8845 samples (pos=3926, neg=4919, ratio=1.253)
    Features: 1536
    Training Random Forest ...
    Training time: 176.9s

    Fold 2 results (205.4s):
      AUC-ROC: 0.6149  |  AUC-PR: 0.5409  |  Acc: 0.5690  |  F1: 0.1106  |  MCC: 0.0889
      Sens: 0.0604  |  Spec: 0.9750  |  PPV: 0.6583  |  NPV: 0.5652

    Top 15 feature importances:
    Rank   Feature                                         Importance
    -----------------------------------------------------------------
    1      esmif_PC003                                       0.003431
    2      esmif_PC032                                       0.001269
    3      esmif_PC1531                                      0.001178
    4      esmif_PC1526                                      0.001175
    5      esmif_PC1530                                      0.001166
    6      esmif_PC1523                                      0.001162
    7      esmif_PC018                                       0.001158
    8      esmif_PC029                                       0.001156
    9      esmif_PC1536                                      0.001133
    10     esmif_PC044                                       0.001123
    11     esmif_PC1522                                      0.001104
    12     esmif_PC1527                                      0.001065
    13     esmif_PC781                                       0.001045
    14     esmif_PC002                                       0.001045
    15     esmif_PC049                                       0.001043
    Saved model: /home/hilarius/special_course/special_course_spring2026/models/rf_esmif_model_fold2.pkl

--------------------------------------------------------------------------------
  FOLD 3/4
--------------------------------------------------------------------------------
    esmif: zero-vector samples: train=4094/35382 (11.6%), test=1040/8845 (11.8%)
    esmif: PCA 1536 → 1536 (512/region × 3 regions, 100.0% variance, fitted on 31288 non-zero samples)
    Train:  35382 samples (pos=15635, neg=19747, ratio=1.263)
    Test:    8845 samples (pos=3936, neg=4909, ratio=1.247)
    Features: 1536
    Training Random Forest ...
    Training time: 177.6s

    Fold 3 results (208.5s):
      AUC-ROC: 0.5977  |  AUC-PR: 0.5374  |  Acc: 0.5715  |  F1: 0.1456  |  MCC: 0.0990
      Sens: 0.0821  |  Spec: 0.9639  |  PPV: 0.6460  |  NPV: 0.5670

    Top 15 feature importances:
    Rank   Feature                                         Importance
    -----------------------------------------------------------------
    1      esmif_PC003                                       0.003116
    2      esmif_PC001                                       0.001386
    3      esmif_PC1530                                      0.001370
    4      esmif_PC1523                                      0.001315
    5      esmif_PC1536                                      0.001257
    6      esmif_PC1526                                      0.001256
    7      esmif_PC1531                                      0.001238
    8      esmif_PC048                                       0.001206
    9      esmif_PC1527                                      0.001189
    10     esmif_PC002                                       0.001175
    11     esmif_PC1366                                      0.001173
    12     esmif_PC018                                       0.001151
    13     esmif_PC1393                                      0.001138
    14     esmif_PC1535                                      0.001136
    15     esmif_PC1520                                      0.001121
    Saved model: /home/hilarius/special_course/special_course_spring2026/models/rf_esmif_model_fold3.pkl

--------------------------------------------------------------------------------
  FOLD 4/4
--------------------------------------------------------------------------------
    esmif: zero-vector samples: train=4199/35382 (11.9%), test=935/8845 (10.6%)
    esmif: PCA 1536 → 1536 (512/region × 3 regions, 100.0% variance, fitted on 31183 non-zero samples)
    Train:  35382 samples (pos=15753, neg=19629, ratio=1.246)
    Test:    8845 samples (pos=3818, neg=5027, ratio=1.317)
    Features: 1536
    Training Random Forest ...
    Training time: 178.4s

    Fold 4 results (208.6s):
      AUC-ROC: 0.6192  |  AUC-PR: 0.5305  |  Acc: 0.5807  |  F1: 0.1283  |  MCC: 0.0889
      Sens: 0.0715  |  Spec: 0.9674  |  PPV: 0.6247  |  NPV: 0.5784

    Top 15 feature importances:
    Rank   Feature                                         Importance
    -----------------------------------------------------------------
    1      esmif_PC003                                       0.002717
    2      esmif_PC029                                       0.001418
    3      esmif_PC001                                       0.001361
    4      esmif_PC1523                                      0.001222
    5      esmif_PC1530                                      0.001212
    6      esmif_PC1531                                      0.001199
    7      esmif_PC1342                                      0.001146
    8      esmif_PC1526                                      0.001115
    9      esmif_PC1497                                      0.001105
    10     esmif_PC048                                       0.001101
    11     esmif_PC004                                       0.001075
    12     esmif_PC006                                       0.001063
    13     esmif_PC040                                       0.001057
    14     esmif_PC032                                       0.001057
    15     esmif_PC1536                                      0.001053
    Saved model: /home/hilarius/special_course/special_course_spring2026/models/rf_esmif_model_fold4.pkl

================================================================================
CROSS-VALIDATION SUMMARY (mean +/- std)
================================================================================
  auc_roc         0.6034 +/- 0.0136    [0.6043  0.5809  0.6149  0.5977  0.6192]
  auc_pr          0.5336 +/- 0.0062    [0.5361  0.5231  0.5409  0.5374  0.5305]
  accuracy        0.5712 +/- 0.0051    [0.5657  0.5690  0.5690  0.5715  0.5807]
  f1              0.1290 +/- 0.0145    [0.1156  0.1449  0.1106  0.1456  0.1283]
  mcc             0.0898 +/- 0.0048    [0.0849  0.0875  0.0889  0.0990  0.0889]
  sensitivity     0.0719 +/- 0.0091    [0.0635  0.0820  0.0604  0.0821  0.0715]
  specificity     0.9675 +/- 0.0055    [0.9716  0.9595  0.9750  0.9639  0.9674]
  ppv             0.6383 +/- 0.0145    [0.6436  0.6188  0.6583  0.6460  0.6247]
  npv             0.5677 +/- 0.0056    [0.5621  0.5658  0.5652  0.5670  0.5784]

  Best fold: 4 (AUC-ROC = 0.6192)

================================================================================
PER-FOLD METRIC COMPARISON
================================================================================
  Fold    auc_roc      auc_pr       accuracy     f1           mcc          sensitivity  specificity  ppv          npv          
  -----------------------------------------------------------------------------------------------------------------------------
  0       0.6043       0.5361       0.5657       0.1156       0.0849       0.0635       0.9716       0.6436       0.5621       
  1       0.5809       0.5231       0.5690       0.1449       0.0875       0.0820       0.9595       0.6188       0.5658       
  2       0.6149       0.5409       0.5690       0.1106       0.0889       0.0604       0.9750       0.6583       0.5652       
  3       0.5977       0.5374       0.5715       0.1456       0.0990       0.0821       0.9639       0.6460       0.5670       
  4       0.6192       0.5305       0.5807       0.1283       0.0889       0.0715       0.9674       0.6247       0.5784       
  -----------------------------------------------------------------------------------------------------------------------------
  mean    0.6034       0.5336       0.5712       0.1290       0.0898       0.0719       0.9675       0.6383       0.5677       
  std     0.0136       0.0062       0.0051       0.0145       0.0048       0.0091       0.0055       0.0145       0.0056       

================================================================================
AVERAGED FEATURE IMPORTANCE ACROSS ALL FOLDS
================================================================================
  Rank   Feature                                           Mean Imp          Std
  -----------------------------------------------------------------------------
  1      esmif_PC003                                       0.003187     0.000275
  2      esmif_PC1530                                      0.001317     0.000130
  3      esmif_PC1523                                      0.001289     0.000093
  4      esmif_PC1531                                      0.001240     0.000093
  5      esmif_PC1526                                      0.001236     0.000110
  6      esmif_PC001                                       0.001235     0.000143
  7      esmif_PC029                                       0.001172     0.000142
  8      esmif_PC1536                                      0.001157     0.000072
  9      esmif_PC1527                                      0.001144     0.000116
  10     esmif_PC1535                                      0.001081     0.000076
  11     esmif_PC032                                       0.001062     0.000131
  12     esmif_PC1520                                      0.001045     0.000075
  13     esmif_PC018                                       0.001039     0.000096
  14     esmif_PC019                                       0.001038     0.000312
  15     esmif_PC1533                                      0.001037     0.000069
  16     esmif_PC002                                       0.001031     0.000088
  17     esmif_PC1532                                      0.001024     0.000072
  18     esmif_PC006                                       0.001006     0.000063
  19     esmif_PC1522                                      0.000998     0.000195
  20     esmif_PC044                                       0.000989     0.000168
  21     esmif_PC048                                       0.000986     0.000165
  22     esmif_PC1534                                      0.000980     0.000059
  23     esmif_PC1342                                      0.000957     0.000333
  24     esmif_PC021                                       0.000954     0.000117
  25     esmif_PC049                                       0.000950     0.000183
  26     esmif_PC004                                       0.000943     0.000081
  27     esmif_PC040                                       0.000938     0.000096
  28     esmif_PC1519                                      0.000872     0.000227
  29     esmif_PC053                                       0.000862     0.000029
  30     esmif_PC005                                       0.000861     0.000084

================================================================================
HELD-OUT VALIDATION SET EVALUATION
================================================================================
  Using model from best fold (4)
  Held-out samples: 8845 (pos=3870, neg=4975, ratio=1.286)

  Held-out results (8845 samples):
    AUC-ROC: 0.6028  |  AUC-PR: 0.5214  |  Acc: 0.5724  |  F1: 0.1221  |  MCC: 0.0750
    Sens: 0.0680  |  Spec: 0.9648  |  PPV: 0.6005  |  NPV: 0.5710

  Classification Report:
              precision    recall  f1-score   support

    Negative     0.5710    0.9648    0.7174      4975
    Positive     0.6005    0.0680    0.1221      3870

    accuracy                         0.5724      8845
   macro avg     0.5857    0.5164    0.4197      8845
weighted avg     0.5839    0.5724    0.4569      8845

================================================================================
CV AVERAGE vs HELD-OUT COMPARISON
================================================================================
  Metric             CV mean     CV std   Held-out      Delta
  ---------------------------------------------------------
  auc_roc             0.6034     0.0136     0.6028    -0.0006
  auc_pr              0.5336     0.0062     0.5214    -0.0122
  accuracy            0.5712     0.0051     0.5724    +0.0012
  f1                  0.1290     0.0145     0.1221    -0.0069
  mcc                 0.0898     0.0048     0.0750    -0.0149
  sensitivity         0.0719     0.0091     0.0680    -0.0039
  specificity         0.9675     0.0055     0.9648    -0.0026
  ppv                 0.6383     0.0145     0.6005    -0.0378
  npv                 0.5677     0.0056     0.5710    +0.0032

Results saved: /home/hilarius/special_course/special_course_spring2026/models/cv_results_rf_esmif_20260506_183056.json
Best model saved: /home/hilarius/special_course/special_course_spring2026/models/best_rf_esmif_model.pkl
Fold artifacts saved: /home/hilarius/special_course/special_course_spring2026/models/best_rf_esmif_artifacts.pkl
Feature names saved: /home/hilarius/special_course/special_course_spring2026/models/rf_esmif_feature_names.json

================================================================================
RUN SUMMARY
================================================================================
  Total runtime:    1050.4s (17.5 min)
  Model:            Random Forest (rf)
  Feature set:      ESM-IF1 embeddings only (esmif)
  Components:       ['esmif']
  Scaling:          no
  Features (final): 1536
    esmif PCA:     1536
  CV folds:         5
  Best fold:        4 (AUC = 0.6192)
  Held-out AUC:     0.6028
  Held-out MCC:     0.0750
  Models dir:       /home/hilarius/special_course/special_course_spring2026/models/
  Results file:     /home/hilarius/special_course/special_course_spring2026/models/cv_results_rf_esmif_20260506_183056.json
  Feature names:    /home/hilarius/special_course/special_course_spring2026/models/rf_esmif_feature_names.json
  Log file:         /home/hilarius/special_course/special_course_spring2026/logs/04_modelling_rf_esmif_log_20260506_183056.txt
  Completed:        2026-05-06 18:48:26
================================================================================

############################################################
>>> $1
>>> CMD: python 04_modelling.py --model rf --features handcrafted_sparse_esmif --pca 512
############################################################
[OK] Data file found: /home/hilarius/special_course/special_course_spring2026/data/processed/df_all.csv
[OK] Config validated: 5-fold CV + 1 held-out = 6 buckets
     Project root:  /home/hilarius/special_course/special_course_spring2026
     Data dir:      /home/hilarius/special_course/special_course_spring2026/data/processed
     Embedding dir: /home/hilarius/special_course/special_course_spring2026/data/processed/embeddings
     Log dir:       /home/hilarius/special_course/special_course_spring2026/logs
     Model dir:     /home/hilarius/special_course/special_course_spring2026/models
     Models:        lr, rf
     Feature sets:  all_blosum, all_sparse, esmc, esmif, esmif_hybrid, esmif_hybrid_20_fb, esmif_hybrid_40_fb, esmif_hybrid_60_fb, esmif_hybrid_80_fb, handcrafted, handcrafted_blosum, handcrafted_blosum_esmc, handcrafted_blosum_esmif, handcrafted_sparse, handcrafted_sparse_esmc, handcrafted_sparse_esmif, handcrafted_sparse_esmif_h20fb, handcrafted_sparse_esmif_h40fb, handcrafted_sparse_esmif_h60fb, handcrafted_sparse_esmif_h80fb, handcrafted_sparse_esmif_hybrid
     Components:    blosum, esmc, esmif, esmif_hybrid, esmif_hybrid_20_fb, esmif_hybrid_40_fb, esmif_hybrid_60_fb, esmif_hybrid_80_fb, handcrafted, sparse
  [CLI OVERRIDE] PCA components per region: 512
================================================================================
  04_MODELLING -- RANDOM FOREST + STRUCTURAL + ONE-HOT + ESM-IF
================================================================================
  Timestamp:       2026-05-06 18:48:28
  Model key:       rf
  Model class:     sklearn.ensemble.RandomForestClassifier
  Feature set:     handcrafted_sparse_esmif (Structural + one-hot + ESM-IF)
  Components:      ['handcrafted', 'sparse', 'esmif']
  Data path:       /home/hilarius/special_course/special_course_spring2026/data/processed/df_all_with_folds.csv
  Log path:        /home/hilarius/special_course/special_course_spring2026/logs/04_modelling_rf_handcrafted_sparse_esmif_log_20260506_184828.txt
  CV folds (k):    5
  Held-out bucket: 5
  Random state:    42
  Needs scaling:   False

  Model hyperparameters:
    n_estimators              1000
    max_depth                 None
    min_samples_split         2
    min_samples_leaf          1
    max_features              sqrt
    class_weight              balanced
    n_jobs                    -1
    random_state              42
    verbose                   0
================================================================================

Loading split data: /home/hilarius/special_course/special_course_spring2026/data/processed/df_all_with_folds.csv
  Shape: 53072 rows x 88 columns
  [OK] Fold column validated: [0, 1, 2, 3, 4, 5]

================================================================================
LOADING FEATURE COMPONENTS
================================================================================

  Loading CSV component: One-hot AA encoding
    Loading: df_all_sparse.csv
    Shape: 53072 rows x 650 columns
    [OK] Alignment verified
    New columns: 580

  Merged 580 new columns → 53072 rows x 668 columns

  Loading embedding component: ESM-IF1 embeddings
    Loading prepared embeddings: /home/hilarius/special_course/special_course_spring2026/data/processed/embeddings_prepared/esmif_prepared.h5
    Loaded: 53072 samples, 3 regions, dim=512

================================================================================
COMPONENT SUMMARY
================================================================================

  CSV components (2):
    [handcrafted] Structural features
      Source: split_data (built-in)
    [sparse] One-hot AA encoding
      Source: /home/hilarius/special_course/special_course_spring2026/data/processed/df_all_sparse.csv
      New columns added: 580
  Total CSV features: 631
    Structural: 51
    AA-encoded: 580

  Embedding components (1):
    [esmif] ESM-IF1 embeddings
      Raw dim: 1536 (3 regions × 512)
      After PCA: 1536 (512/region × 3 regions)

  Estimated total features: ~2167
    CSV:        631
    Embeddings: 1536 (after PCA)

================================================================================
PIPELINE READY: ~2167 features, 5 folds, Random Forest
================================================================================

--------------------------------------------------------------------------------
  FOLD 0/4
--------------------------------------------------------------------------------
    WARNING: X_train: 83391 NaN values replaced with medians
    WARNING: X_test: 10976 NaN values replaced with medians
    CSV features: 631 columns
    esmif: zero-vector samples: train=4276/35381 (12.1%), test=858/8846 (9.7%)
    esmif: PCA 1536 → 1536 (512/region × 3 regions, 100.0% variance, fitted on 31105 non-zero samples)
    Train:  35381 samples (pos=15617, neg=19764, ratio=1.266)
    Test:    8846 samples (pos=3954, neg=4892, ratio=1.237)
    Features: 2167
    Training Random Forest ...
    Training time: 164.0s

    Fold 0 results (196.0s):
      AUC-ROC: 0.6587  |  AUC-PR: 0.5872  |  Acc: 0.5825  |  F1: 0.2207  |  MCC: 0.1376
      Sens: 0.1323  |  Spec: 0.9464  |  PPV: 0.6662  |  NPV: 0.5744

    Top 15 feature importances:
    Rank   Feature                                         Importance
    -----------------------------------------------------------------
    1      mean_rsa_cflank                                   0.002568
    2      rel_distance_from_c_terminus                      0.002547
    3      rel_distance_from_n_terminus                      0.002467
    4      mean_rsa_peptide                                  0.002400
    5      mean_disorder_cflank                              0.002373
    6      esmif_PC003                                       0.002355
    7      mean_rsa_nflank                                   0.002346
    8      mean_disorder_peptide                             0.002233
    9      mean_disorder_nflank                              0.002232
    10     P5_P                                              0.001446
    11     N1_P                                              0.001364
    12     mean_plddt_peptide                                0.001361
    13     mean_plddt_nflank                                 0.001359
    14     N2_P                                              0.001300
    15     esmif_PC019                                       0.001228
    Saved model: /home/hilarius/special_course/special_course_spring2026/models/rf_handcrafted_sparse_esmif_model_fold0.pkl

--------------------------------------------------------------------------------
  FOLD 1/4
--------------------------------------------------------------------------------
    WARNING: X_train: 69530 NaN values replaced with medians
    WARNING: X_test: 24837 NaN values replaced with medians
    CSV features: 631 columns
    esmif: zero-vector samples: train=4093/35381 (11.6%), test=1041/8846 (11.8%)
    esmif: PCA 1536 → 1536 (512/region × 3 regions, 100.0% variance, fitted on 31288 non-zero samples)
    Train:  35381 samples (pos=15634, neg=19747, ratio=1.263)
    Test:    8846 samples (pos=3937, neg=4909, ratio=1.247)
    Features: 2167
    Training Random Forest ...
    Training time: 165.5s

    Fold 1 results (197.4s):
      AUC-ROC: 0.6315  |  AUC-PR: 0.5664  |  Acc: 0.5847  |  F1: 0.2484  |  MCC: 0.1349
      Sens: 0.1542  |  Spec: 0.9299  |  PPV: 0.6383  |  NPV: 0.5782

    Top 15 feature importances:
    Rank   Feature                                         Importance
    -----------------------------------------------------------------
    1      esmif_PC003                                       0.002805
    2      mean_rsa_cflank                                   0.002626
    3      mean_disorder_cflank                              0.002521
    4      rel_distance_from_c_terminus                      0.002350
    5      mean_disorder_peptide                             0.002300
    6      mean_rsa_peptide                                  0.002260
    7      rel_distance_from_n_terminus                      0.002259
    8      mean_disorder_nflank                              0.002254
    9      mean_rsa_nflank                                   0.002224
    10     mean_plddt_nflank                                 0.001437
    11     N1_P                                              0.001430
    12     mean_plddt_peptide                                0.001374
    13     esmif_PC1531                                      0.001338
    14     P5_P                                              0.001279
    15     esmif_PC1535                                      0.001228
    Saved model: /home/hilarius/special_course/special_course_spring2026/models/rf_handcrafted_sparse_esmif_model_fold1.pkl

--------------------------------------------------------------------------------
  FOLD 2/4
--------------------------------------------------------------------------------
    WARNING: X_train: 69922 NaN values replaced with medians
    WARNING: X_test: 24445 NaN values replaced with medians
    CSV features: 631 columns
    esmif: zero-vector samples: train=3874/35382 (10.9%), test=1260/8845 (14.2%)
    esmif: PCA 1536 → 1536 (512/region × 3 regions, 100.0% variance, fitted on 31508 non-zero samples)
    Train:  35382 samples (pos=15645, neg=19737, ratio=1.262)
    Test:    8845 samples (pos=3926, neg=4919, ratio=1.253)
    Features: 2167
    Training Random Forest ...
    Training time: 193.9s

    Fold 2 results (225.9s):
      AUC-ROC: 0.6661  |  AUC-PR: 0.5894  |  Acc: 0.5864  |  F1: 0.2150  |  MCC: 0.1445
      Sens: 0.1276  |  Spec: 0.9526  |  PPV: 0.6826  |  NPV: 0.5777

    Top 15 feature importances:
    Rank   Feature                                         Importance
    -----------------------------------------------------------------
    1      esmif_PC003                                       0.002761
    2      mean_rsa_cflank                                   0.002713
    3      rel_distance_from_c_terminus                      0.002310
    4      mean_disorder_cflank                              0.002296
    5      rel_distance_from_n_terminus                      0.002250
    6      mean_rsa_peptide                                  0.002208
    7      mean_rsa_nflank                                   0.002187
    8      mean_disorder_peptide                             0.002179
    9      mean_disorder_nflank                              0.002124
    10     N1_P                                              0.001603
    11     P5_P                                              0.001345
    12     mean_plddt_nflank                                 0.001313
    13     mean_plddt_peptide                                0.001211
    14     N2_P                                              0.001173
    15     esmif_PC1531                                      0.001102
    Saved model: /home/hilarius/special_course/special_course_spring2026/models/rf_handcrafted_sparse_esmif_model_fold2.pkl

--------------------------------------------------------------------------------
  FOLD 3/4
--------------------------------------------------------------------------------
    WARNING: X_train: 74842 NaN values replaced with medians
    WARNING: X_test: 19525 NaN values replaced with medians
    CSV features: 631 columns
    esmif: zero-vector samples: train=4094/35382 (11.6%), test=1040/8845 (11.8%)
    esmif: PCA 1536 → 1536 (512/region × 3 regions, 100.0% variance, fitted on 31288 non-zero samples)
    Train:  35382 samples (pos=15635, neg=19747, ratio=1.263)
    Test:    8845 samples (pos=3936, neg=4909, ratio=1.247)
    Features: 2167
    Training Random Forest ...
    Training time: 189.3s

    Fold 3 results (251.7s):
      AUC-ROC: 0.6448  |  AUC-PR: 0.5780  |  Acc: 0.5894  |  F1: 0.2487  |  MCC: 0.1517
      Sens: 0.1527  |  Spec: 0.9395  |  PPV: 0.6693  |  NPV: 0.5803

    Top 15 feature importances:
    Rank   Feature                                         Importance
    -----------------------------------------------------------------
    1      esmif_PC003                                       0.002689
    2      mean_rsa_cflank                                   0.002577
    3      rel_distance_from_c_terminus                      0.002400
    4      rel_distance_from_n_terminus                      0.002348
    5      mean_disorder_cflank                              0.002344
    6      mean_rsa_peptide                                  0.002237
    7      mean_disorder_peptide                             0.002226
    8      mean_rsa_nflank                                   0.002190
    9      mean_disorder_nflank                              0.002174
    10     mean_plddt_nflank                                 0.001559
    11     mean_plddt_peptide                                0.001412
    12     esmif_PC1531                                      0.001291
    13     P5_P                                              0.001253
    14     N1_P                                              0.001233
    15     N2_P                                              0.001200
    Saved model: /home/hilarius/special_course/special_course_spring2026/models/rf_handcrafted_sparse_esmif_model_fold3.pkl

--------------------------------------------------------------------------------
  FOLD 4/4
--------------------------------------------------------------------------------
    WARNING: X_train: 79783 NaN values replaced with medians
    WARNING: X_test: 14584 NaN values replaced with medians
    CSV features: 631 columns
    esmif: zero-vector samples: train=4199/35382 (11.9%), test=935/8845 (10.6%)
    esmif: PCA 1536 → 1536 (512/region × 3 regions, 100.0% variance, fitted on 31183 non-zero samples)
    Train:  35382 samples (pos=15753, neg=19629, ratio=1.246)
    Test:    8845 samples (pos=3818, neg=5027, ratio=1.317)
    Features: 2167
    Training Random Forest ...
    Training time: 171.6s

    Fold 4 results (214.6s):
      AUC-ROC: 0.6767  |  AUC-PR: 0.5872  |  Acc: 0.5989  |  F1: 0.2370  |  MCC: 0.1500
      Sens: 0.1443  |  Spec: 0.9441  |  PPV: 0.6623  |  NPV: 0.5923

    Top 15 feature importances:
    Rank   Feature                                         Importance
    -----------------------------------------------------------------
    1      mean_rsa_cflank                                   0.002645
    2      rel_distance_from_c_terminus                      0.002582
    3      rel_distance_from_n_terminus                      0.002538
    4      mean_disorder_cflank                              0.002406
    5      mean_rsa_nflank                                   0.002337
    6      mean_disorder_peptide                             0.002317
    7      mean_rsa_peptide                                  0.002290
    8      mean_disorder_nflank                              0.002284
    9      esmif_PC003                                       0.002241
    10     mean_plddt_nflank                                 0.001370
    11     mean_plddt_peptide                                0.001338
    12     P5_P                                              0.001338
    13     N1_P                                              0.001337
    14     N2_P                                              0.001177
    15     mean_plddt_cflank                                 0.001066
    Saved model: /home/hilarius/special_course/special_course_spring2026/models/rf_handcrafted_sparse_esmif_model_fold4.pkl

================================================================================
CROSS-VALIDATION SUMMARY (mean +/- std)
================================================================================
  auc_roc         0.6556 +/- 0.0159    [0.6587  0.6315  0.6661  0.6448  0.6767]
  auc_pr          0.5816 +/- 0.0086    [0.5872  0.5664  0.5894  0.5780  0.5872]
  accuracy        0.5884 +/- 0.0057    [0.5825  0.5847  0.5864  0.5894  0.5989]
  f1              0.2340 +/- 0.0139    [0.2207  0.2484  0.2150  0.2487  0.2370]
  mcc             0.1438 +/- 0.0066    [0.1376  0.1349  0.1445  0.1517  0.1500]
  sensitivity     0.1422 +/- 0.0107    [0.1323  0.1542  0.1276  0.1527  0.1443]
  specificity     0.9425 +/- 0.0076    [0.9464  0.9299  0.9526  0.9395  0.9441]
  ppv             0.6637 +/- 0.0144    [0.6662  0.6383  0.6826  0.6693  0.6623]
  npv             0.5806 +/- 0.0062    [0.5744  0.5782  0.5777  0.5803  0.5923]

  Best fold: 4 (AUC-ROC = 0.6767)

================================================================================
PER-FOLD METRIC COMPARISON
================================================================================
  Fold    auc_roc      auc_pr       accuracy     f1           mcc          sensitivity  specificity  ppv          npv          
  -----------------------------------------------------------------------------------------------------------------------------
  0       0.6587       0.5872       0.5825       0.2207       0.1376       0.1323       0.9464       0.6662       0.5744       
  1       0.6315       0.5664       0.5847       0.2484       0.1349       0.1542       0.9299       0.6383       0.5782       
  2       0.6661       0.5894       0.5864       0.2150       0.1445       0.1276       0.9526       0.6826       0.5777       
  3       0.6448       0.5780       0.5894       0.2487       0.1517       0.1527       0.9395       0.6693       0.5803       
  4       0.6767       0.5872       0.5989       0.2370       0.1500       0.1443       0.9441       0.6623       0.5923       
  -----------------------------------------------------------------------------------------------------------------------------
  mean    0.6556       0.5816       0.5884       0.2340       0.1438       0.1422       0.9425       0.6637       0.5806       
  std     0.0159       0.0086       0.0057       0.0139       0.0066       0.0107       0.0076       0.0144       0.0062       

================================================================================
AVERAGED FEATURE IMPORTANCE ACROSS ALL FOLDS
================================================================================
  Rank   Feature                                           Mean Imp          Std
  -----------------------------------------------------------------------------
  1      mean_rsa_cflank                                   0.002626     0.000052
  2      esmif_PC003                                       0.002570     0.000228
  3      rel_distance_from_c_terminus                      0.002438     0.000108
  4      mean_disorder_cflank                              0.002388     0.000076
  5      rel_distance_from_n_terminus                      0.002372     0.000114
  6      mean_rsa_peptide                                  0.002279     0.000066
  7      mean_rsa_nflank                                   0.002257     0.000070
  8      mean_disorder_peptide                             0.002251     0.000051
  9      mean_disorder_nflank                              0.002213     0.000057
  10     mean_plddt_nflank                                 0.001407     0.000086
  11     N1_P                                              0.001393     0.000123
  12     mean_plddt_peptide                                0.001339     0.000068
  13     P5_P                                              0.001332     0.000067
  14     esmif_PC1531                                      0.001170     0.000120
  15     N2_P                                              0.001169     0.000099
  16     mean_plddt_cflank                                 0.001126     0.000048
  17     esmif_PC1532                                      0.001089     0.000094
  18     esmif_PC1535                                      0.001067     0.000087
  19     esmif_PC1523                                      0.001066     0.000067
  20     esmif_PC1536                                      0.001050     0.000091
  21     esmif_PC1534                                      0.001014     0.000103
  22     esmif_PC1530                                      0.000994     0.000061
  23     esmif_PC1526                                      0.000992     0.000094
  24     esmif_PC1527                                      0.000966     0.000090
  25     esmif_PC029                                       0.000925     0.000086
  26     esmif_PC1533                                      0.000904     0.000042
  27     esmif_PC1520                                      0.000900     0.000096
  28     esmif_PC018                                       0.000865     0.000071
  29     esmif_PC032                                       0.000862     0.000086
  30     esmif_PC002                                       0.000859     0.000060

================================================================================
HELD-OUT VALIDATION SET EVALUATION
================================================================================
  Using model from best fold (4)
  Held-out samples: 8845 (pos=3870, neg=4975, ratio=1.286)

  Held-out results (8845 samples):
    AUC-ROC: 0.6455  |  AUC-PR: 0.5622  |  Acc: 0.5919  |  F1: 0.2352  |  MCC: 0.1416
    Sens: 0.1434  |  Spec: 0.9407  |  PPV: 0.6529  |  NPV: 0.5854

  Classification Report:
              precision    recall  f1-score   support

    Negative     0.5854    0.9407    0.7217      4975
    Positive     0.6529    0.1434    0.2352      3870

    accuracy                         0.5919      8845
   macro avg     0.6192    0.5421    0.4784      8845
weighted avg     0.6149    0.5919    0.5088      8845

================================================================================
CV AVERAGE vs HELD-OUT COMPARISON
================================================================================
  Metric             CV mean     CV std   Held-out      Delta
  ---------------------------------------------------------
  auc_roc             0.6556     0.0159     0.6455    -0.0101
  auc_pr              0.5816     0.0086     0.5622    -0.0194
  accuracy            0.5884     0.0057     0.5919    +0.0035
  f1                  0.2340     0.0139     0.2352    +0.0012
  mcc                 0.1438     0.0066     0.1416    -0.0022
  sensitivity         0.1422     0.0107     0.1434    +0.0012
  specificity         0.9425     0.0076     0.9407    -0.0018
  ppv                 0.6637     0.0144     0.6529    -0.0108
  npv                 0.5806     0.0062     0.5854    +0.0048

Results saved: /home/hilarius/special_course/special_course_spring2026/models/cv_results_rf_handcrafted_sparse_esmif_20260506_184828.json
Best model saved: /home/hilarius/special_course/special_course_spring2026/models/best_rf_handcrafted_sparse_esmif_model.pkl
Fold artifacts saved: /home/hilarius/special_course/special_course_spring2026/models/best_rf_handcrafted_sparse_esmif_artifacts.pkl
Feature names saved: /home/hilarius/special_course/special_course_spring2026/models/rf_handcrafted_sparse_esmif_feature_names.json

================================================================================
RUN SUMMARY
================================================================================
  Total runtime:    1104.7s (18.4 min)
  Model:            Random Forest (rf)
  Feature set:      Structural + one-hot + ESM-IF (handcrafted_sparse_esmif)
  Components:       ['handcrafted', 'sparse', 'esmif']
  Scaling:          no
  Features (final): 2167
    CSV features:   631
    esmif PCA:     1536
  CV folds:         5
  Best fold:        4 (AUC = 0.6767)
  Held-out AUC:     0.6455
  Held-out MCC:     0.1416
  Models dir:       /home/hilarius/special_course/special_course_spring2026/models/
  Results file:     /home/hilarius/special_course/special_course_spring2026/models/cv_results_rf_handcrafted_sparse_esmif_20260506_184828.json
  Feature names:    /home/hilarius/special_course/special_course_spring2026/models/rf_handcrafted_sparse_esmif_feature_names.json
  Log file:         /home/hilarius/special_course/special_course_spring2026/logs/04_modelling_rf_handcrafted_sparse_esmif_log_20260506_184828.txt
  Completed:        2026-05-06 19:06:53
================================================================================

############################################################
>>> $1
>>> CMD: python 04_modelling.py --model rf --features handcrafted_blosum_esmif --pca 512
############################################################
[OK] Data file found: /home/hilarius/special_course/special_course_spring2026/data/processed/df_all.csv
[OK] Config validated: 5-fold CV + 1 held-out = 6 buckets
     Project root:  /home/hilarius/special_course/special_course_spring2026
     Data dir:      /home/hilarius/special_course/special_course_spring2026/data/processed
     Embedding dir: /home/hilarius/special_course/special_course_spring2026/data/processed/embeddings
     Log dir:       /home/hilarius/special_course/special_course_spring2026/logs
     Model dir:     /home/hilarius/special_course/special_course_spring2026/models
     Models:        lr, rf
     Feature sets:  all_blosum, all_sparse, esmc, esmif, esmif_hybrid, esmif_hybrid_20_fb, esmif_hybrid_40_fb, esmif_hybrid_60_fb, esmif_hybrid_80_fb, handcrafted, handcrafted_blosum, handcrafted_blosum_esmc, handcrafted_blosum_esmif, handcrafted_sparse, handcrafted_sparse_esmc, handcrafted_sparse_esmif, handcrafted_sparse_esmif_h20fb, handcrafted_sparse_esmif_h40fb, handcrafted_sparse_esmif_h60fb, handcrafted_sparse_esmif_h80fb, handcrafted_sparse_esmif_hybrid
     Components:    blosum, esmc, esmif, esmif_hybrid, esmif_hybrid_20_fb, esmif_hybrid_40_fb, esmif_hybrid_60_fb, esmif_hybrid_80_fb, handcrafted, sparse
  [CLI OVERRIDE] PCA components per region: 512
================================================================================
  04_MODELLING -- RANDOM FOREST + STRUCTURAL + BLOSUM50 + ESM-IF
================================================================================
  Timestamp:       2026-05-06 19:06:54
  Model key:       rf
  Model class:     sklearn.ensemble.RandomForestClassifier
  Feature set:     handcrafted_blosum_esmif (Structural + BLOSUM50 + ESM-IF)
  Components:      ['handcrafted', 'blosum', 'esmif']
  Data path:       /home/hilarius/special_course/special_course_spring2026/data/processed/df_all_with_folds.csv
  Log path:        /home/hilarius/special_course/special_course_spring2026/logs/04_modelling_rf_handcrafted_blosum_esmif_log_20260506_190654.txt
  CV folds (k):    5
  Held-out bucket: 5
  Random state:    42
  Needs scaling:   False

  Model hyperparameters:
    n_estimators              1000
    max_depth                 None
    min_samples_split         2
    min_samples_leaf          1
    max_features              sqrt
    class_weight              balanced
    n_jobs                    -1
    random_state              42
    verbose                   0
================================================================================

Loading split data: /home/hilarius/special_course/special_course_spring2026/data/processed/df_all_with_folds.csv
  Shape: 53072 rows x 88 columns
  [OK] Fold column validated: [0, 1, 2, 3, 4, 5]

================================================================================
LOADING FEATURE COMPONENTS
================================================================================

  Loading CSV component: BLOSUM50 AA encoding
    Loading: df_all_blosum50.csv
    Shape: 53072 rows x 650 columns
    [OK] Alignment verified
    New columns: 580

  Merged 580 new columns → 53072 rows x 668 columns

  Loading embedding component: ESM-IF1 embeddings
    Loading prepared embeddings: /home/hilarius/special_course/special_course_spring2026/data/processed/embeddings_prepared/esmif_prepared.h5
    Loaded: 53072 samples, 3 regions, dim=512

================================================================================
COMPONENT SUMMARY
================================================================================

  CSV components (2):
    [handcrafted] Structural features
      Source: split_data (built-in)
    [blosum] BLOSUM50 AA encoding
      Source: /home/hilarius/special_course/special_course_spring2026/data/processed/df_all_blosum50.csv
      New columns added: 580
  Total CSV features: 631
    Structural: 51
    AA-encoded: 580

  Embedding components (1):
    [esmif] ESM-IF1 embeddings
      Raw dim: 1536 (3 regions × 512)
      After PCA: 1536 (512/region × 3 regions)

  Estimated total features: ~2167
    CSV:        631
    Embeddings: 1536 (after PCA)

================================================================================
PIPELINE READY: ~2167 features, 5 folds, Random Forest
================================================================================

--------------------------------------------------------------------------------
  FOLD 0/4
--------------------------------------------------------------------------------
    WARNING: X_train: 83391 NaN values replaced with medians
    WARNING: X_test: 10976 NaN values replaced with medians
    CSV features: 631 columns
    esmif: zero-vector samples: train=4276/35381 (12.1%), test=858/8846 (9.7%)
    esmif: PCA 1536 → 1536 (512/region × 3 regions, 100.0% variance, fitted on 31105 non-zero samples)
    Train:  35381 samples (pos=15617, neg=19764, ratio=1.266)
    Test:    8846 samples (pos=3954, neg=4892, ratio=1.237)
    Features: 2167
    Training Random Forest ...
    Training time: 146.4s

    Fold 0 results (184.1s):
      AUC-ROC: 0.6796  |  AUC-PR: 0.6149  |  Acc: 0.6147  |  F1: 0.3977  |  MCC: 0.2095
      Sens: 0.2845  |  Spec: 0.8816  |  PPV: 0.6602  |  NPV: 0.6039

    Top 15 feature importances:
    Rank   Feature                                         Importance
    -----------------------------------------------------------------
    1      esmif_PC003                                       0.002053
    2      P5_R                                              0.001475
    3      C1_N                                              0.001333
    4      C1_R                                              0.001327
    5      P5_K                                              0.001296
    6      mean_plddt_nflank                                 0.001216
    7      mean_plddt_peptide                                0.001191
    8      mean_rsa_cflank                                   0.001158
    9      P5_N                                              0.001150
    10     esmif_PC1531                                      0.001102
    11     mean_rsa_peptide                                  0.001081
    12     mean_disorder_cflank                              0.001065
    13     N1_P                                              0.001064
    14     mean_disorder_nflank                              0.001063
    15     mean_rsa_nflank                                   0.001055
    Saved model: /home/hilarius/special_course/special_course_spring2026/models/rf_handcrafted_blosum_esmif_model_fold0.pkl

--------------------------------------------------------------------------------
  FOLD 1/4
--------------------------------------------------------------------------------
    WARNING: X_train: 69530 NaN values replaced with medians
    WARNING: X_test: 24837 NaN values replaced with medians
    CSV features: 631 columns
    esmif: zero-vector samples: train=4093/35381 (11.6%), test=1041/8846 (11.8%)
    esmif: PCA 1536 → 1536 (512/region × 3 regions, 100.0% variance, fitted on 31288 non-zero samples)
    Train:  35381 samples (pos=15634, neg=19747, ratio=1.263)
    Test:    8846 samples (pos=3937, neg=4909, ratio=1.247)
    Features: 2167
    Training Random Forest ...
    Training time: 145.9s

    Fold 1 results (176.5s):
      AUC-ROC: 0.6507  |  AUC-PR: 0.5939  |  Acc: 0.6155  |  F1: 0.4034  |  MCC: 0.2077
      Sens: 0.2921  |  Spec: 0.8749  |  PPV: 0.6519  |  NPV: 0.6065

    Top 15 feature importances:
    Rank   Feature                                         Importance
    -----------------------------------------------------------------
    1      esmif_PC003                                       0.002310
    2      P5_R                                              0.001439
    3      C1_N                                              0.001361
    4      mean_plddt_peptide                                0.001313
    5      P5_K                                              0.001290
    6      esmif_PC1531                                      0.001290
    7      C1_R                                              0.001241
    8      mean_plddt_nflank                                 0.001227
    9      mean_disorder_cflank                              0.001221
    10     mean_rsa_cflank                                   0.001215
    11     esmif_PC1536                                      0.001169
    12     mean_disorder_peptide                             0.001126
    13     esmif_PC1532                                      0.001124
    14     esmif_PC1535                                      0.001121
    15     mean_disorder_nflank                              0.001120
    Saved model: /home/hilarius/special_course/special_course_spring2026/models/rf_handcrafted_blosum_esmif_model_fold1.pkl

--------------------------------------------------------------------------------
  FOLD 2/4
--------------------------------------------------------------------------------
    WARNING: X_train: 69922 NaN values replaced with medians
    WARNING: X_test: 24445 NaN values replaced with medians
    CSV features: 631 columns
    esmif: zero-vector samples: train=3874/35382 (10.9%), test=1260/8845 (14.2%)
    esmif: PCA 1536 → 1536 (512/region × 3 regions, 100.0% variance, fitted on 31508 non-zero samples)
    Train:  35382 samples (pos=15645, neg=19737, ratio=1.262)
    Test:    8845 samples (pos=3926, neg=4919, ratio=1.253)
    Features: 2167
    Training Random Forest ...
    Training time: 138.1s

    Fold 2 results (155.1s):
      AUC-ROC: 0.6758  |  AUC-PR: 0.6140  |  Acc: 0.6154  |  F1: 0.3850  |  MCC: 0.2079
      Sens: 0.2713  |  Spec: 0.8900  |  PPV: 0.6631  |  NPV: 0.6048

    Top 15 feature importances:
    Rank   Feature                                         Importance
    -----------------------------------------------------------------
    1      esmif_PC003                                       0.002345
    2      C1_N                                              0.001481
    3      P5_R                                              0.001421
    4      C1_R                                              0.001253
    5      P5_K                                              0.001239
    6      mean_rsa_cflank                                   0.001186
    7      mean_plddt_nflank                                 0.001181
    8      mean_plddt_peptide                                0.001164
    9      N1_P                                              0.001160
    10     C1_K                                              0.001146
    11     C1_S                                              0.001146
    12     mean_disorder_cflank                              0.001063
    13     C1_D                                              0.001044
    14     mean_rsa_peptide                                  0.001043
    15     esmif_PC1531                                      0.001043
    Saved model: /home/hilarius/special_course/special_course_spring2026/models/rf_handcrafted_blosum_esmif_model_fold2.pkl

--------------------------------------------------------------------------------
  FOLD 3/4
--------------------------------------------------------------------------------
    WARNING: X_train: 74842 NaN values replaced with medians
    WARNING: X_test: 19525 NaN values replaced with medians
    CSV features: 631 columns
    esmif: zero-vector samples: train=4094/35382 (11.6%), test=1040/8845 (11.8%)
    esmif: PCA 1536 → 1536 (512/region × 3 regions, 100.0% variance, fitted on 31288 non-zero samples)
    Train:  35382 samples (pos=15635, neg=19747, ratio=1.263)
    Test:    8845 samples (pos=3936, neg=4909, ratio=1.247)
    Features: 2167
    Training Random Forest ...
    Training time: 149.5s

    Fold 3 results (176.0s):
      AUC-ROC: 0.6927  |  AUC-PR: 0.6436  |  Acc: 0.6258  |  F1: 0.3966  |  MCC: 0.2383
      Sens: 0.2764  |  Spec: 0.9059  |  PPV: 0.7019  |  NPV: 0.6096

    Top 15 feature importances:
    Rank   Feature                                         Importance
    -----------------------------------------------------------------
    1      esmif_PC003                                       0.002275
    2      P5_R                                              0.001449
    3      mean_plddt_nflank                                 0.001361
    4      mean_plddt_peptide                                0.001342
    5      C1_N                                              0.001280
    6      esmif_PC1531                                      0.001213
    7      mean_rsa_cflank                                   0.001207
    8      C1_R                                              0.001144
    9      mean_disorder_cflank                              0.001127
    10     esmif_PC1532                                      0.001090
    11     P5_K                                              0.001088
    12     mean_disorder_nflank                              0.001062
    13     mean_rsa_nflank                                   0.001046
    14     mean_rsa_peptide                                  0.001041
    15     rel_distance_from_c_terminus                      0.001036
    Saved model: /home/hilarius/special_course/special_course_spring2026/models/rf_handcrafted_blosum_esmif_model_fold3.pkl

--------------------------------------------------------------------------------
  FOLD 4/4
--------------------------------------------------------------------------------
    WARNING: X_train: 79783 NaN values replaced with medians
    WARNING: X_test: 14584 NaN values replaced with medians
    CSV features: 631 columns
    esmif: zero-vector samples: train=4199/35382 (11.9%), test=935/8845 (10.6%)
    esmif: PCA 1536 → 1536 (512/region × 3 regions, 100.0% variance, fitted on 31183 non-zero samples)
    Train:  35382 samples (pos=15753, neg=19629, ratio=1.246)
    Test:    8845 samples (pos=3818, neg=5027, ratio=1.317)
    Features: 2167
    Training Random Forest ...
    Training time: 150.2s

    Fold 4 results (170.9s):
      AUC-ROC: 0.7064  |  AUC-PR: 0.6227  |  Acc: 0.6381  |  F1: 0.4164  |  MCC: 0.2466
      Sens: 0.2991  |  Spec: 0.8956  |  PPV: 0.6851  |  NPV: 0.6272

    Top 15 feature importances:
    Rank   Feature                                         Importance
    -----------------------------------------------------------------
    1      esmif_PC003                                       0.001841
    2      P5_R                                              0.001519
    3      P5_K                                              0.001270
    4      C1_N                                              0.001242
    5      mean_plddt_nflank                                 0.001227
    6      C1_R                                              0.001212
    7      mean_plddt_peptide                                0.001200
    8      mean_rsa_cflank                                   0.001180
    9      mean_disorder_cflank                              0.001133
    10     mean_rsa_peptide                                  0.001114
    11     rel_distance_from_c_terminus                      0.001095
    12     mean_rsa_nflank                                   0.001083
    13     mean_disorder_nflank                              0.001079
    14     C1_K                                              0.001065
    15     rel_distance_from_n_terminus                      0.001047
    Saved model: /home/hilarius/special_course/special_course_spring2026/models/rf_handcrafted_blosum_esmif_model_fold4.pkl

================================================================================
CROSS-VALIDATION SUMMARY (mean +/- std)
================================================================================
  auc_roc         0.6810 +/- 0.0186    [0.6796  0.6507  0.6758  0.6927  0.7064]
  auc_pr          0.6178 +/- 0.0160    [0.6149  0.5939  0.6140  0.6436  0.6227]
  accuracy        0.6219 +/- 0.0091    [0.6147  0.6155  0.6154  0.6258  0.6381]
  f1              0.3998 +/- 0.0102    [0.3977  0.4034  0.3850  0.3966  0.4164]
  mcc             0.2220 +/- 0.0169    [0.2095  0.2077  0.2079  0.2383  0.2466]
  sensitivity     0.2847 +/- 0.0101    [0.2845  0.2921  0.2713  0.2764  0.2991]
  specificity     0.8896 +/- 0.0108    [0.8816  0.8749  0.8900  0.9059  0.8956]
  ppv             0.6725 +/- 0.0184    [0.6602  0.6519  0.6631  0.7019  0.6851]
  npv             0.6104 +/- 0.0086    [0.6039  0.6065  0.6048  0.6096  0.6272]

  Best fold: 4 (AUC-ROC = 0.7064)

================================================================================
PER-FOLD METRIC COMPARISON
================================================================================
  Fold    auc_roc      auc_pr       accuracy     f1           mcc          sensitivity  specificity  ppv          npv          
  -----------------------------------------------------------------------------------------------------------------------------
  0       0.6796       0.6149       0.6147       0.3977       0.2095       0.2845       0.8816       0.6602       0.6039       
  1       0.6507       0.5939       0.6155       0.4034       0.2077       0.2921       0.8749       0.6519       0.6065       
  2       0.6758       0.6140       0.6154       0.3850       0.2079       0.2713       0.8900       0.6631       0.6048       
  3       0.6927       0.6436       0.6258       0.3966       0.2383       0.2764       0.9059       0.7019       0.6096       
  4       0.7064       0.6227       0.6381       0.4164       0.2466       0.2991       0.8956       0.6851       0.6272       
  -----------------------------------------------------------------------------------------------------------------------------
  mean    0.6810       0.6178       0.6219       0.3998       0.2220       0.2847       0.8896       0.6725       0.6104       
  std     0.0186       0.0160       0.0091       0.0102       0.0169       0.0101       0.0108       0.0184       0.0086       

================================================================================
AVERAGED FEATURE IMPORTANCE ACROSS ALL FOLDS
================================================================================
  Rank   Feature                                           Mean Imp          Std
  -----------------------------------------------------------------------------
  1      esmif_PC003                                       0.002165     0.000192
  2      P5_R                                              0.001461     0.000034
  3      C1_N                                              0.001339     0.000082
  4      mean_plddt_nflank                                 0.001242     0.000062
  5      mean_plddt_peptide                                0.001242     0.000071
  6      P5_K                                              0.001237     0.000077
  7      C1_R                                              0.001235     0.000059
  8      mean_rsa_cflank                                   0.001189     0.000020
  9      esmif_PC1531                                      0.001133     0.000103
  10     mean_disorder_cflank                              0.001122     0.000058
  11     mean_rsa_peptide                                  0.001079     0.000032
  12     mean_disorder_nflank                              0.001065     0.000038
  13     mean_rsa_nflank                                   0.001057     0.000028
  14     mean_disorder_peptide                             0.001049     0.000040
  15     C1_K                                              0.001041     0.000069
  16     rel_distance_from_c_terminus                      0.001038     0.000032
  17     N1_P                                              0.001018     0.000085
  18     P5_N                                              0.001017     0.000083
  19     mean_plddt_cflank                                 0.001011     0.000049
  20     C1_S                                              0.001003     0.000109
  21     esmif_PC1532                                      0.001003     0.000091
  22     esmif_PC1535                                      0.001000     0.000063
  23     rel_distance_from_n_terminus                      0.000992     0.000040
  24     esmif_PC1536                                      0.000987     0.000092
  25     esmif_PC1523                                      0.000966     0.000069
  26     esmif_PC1530                                      0.000962     0.000071
  27     esmif_PC1534                                      0.000944     0.000070
  28     esmif_PC1527                                      0.000939     0.000082
  29     esmif_PC1526                                      0.000932     0.000074
  30     P5_P                                              0.000930     0.000033

================================================================================
HELD-OUT VALIDATION SET EVALUATION
================================================================================
  Using model from best fold (4)
  Held-out samples: 8845 (pos=3870, neg=4975, ratio=1.286)

  Held-out results (8845 samples):
    AUC-ROC: 0.6786  |  AUC-PR: 0.6073  |  Acc: 0.6201  |  F1: 0.3889  |  MCC: 0.2098
    Sens: 0.2762  |  Spec: 0.8876  |  PPV: 0.6566  |  NPV: 0.6119

  Classification Report:
              precision    recall  f1-score   support

    Negative     0.6119    0.8876    0.7244      4975
    Positive     0.6566    0.2762    0.3889      3870

    accuracy                         0.6201      8845
   macro avg     0.6343    0.5819    0.5566      8845
weighted avg     0.6315    0.6201    0.5776      8845

================================================================================
CV AVERAGE vs HELD-OUT COMPARISON
================================================================================
  Metric             CV mean     CV std   Held-out      Delta
  ---------------------------------------------------------
  auc_roc             0.6810     0.0186     0.6786    -0.0024
  auc_pr              0.6178     0.0160     0.6073    -0.0105
  accuracy            0.6219     0.0091     0.6201    -0.0018
  f1                  0.3998     0.0102     0.3889    -0.0110
  mcc                 0.2220     0.0169     0.2098    -0.0122
  sensitivity         0.2847     0.0101     0.2762    -0.0085
  specificity         0.8896     0.0108     0.8876    -0.0020
  ppv                 0.6725     0.0184     0.6566    -0.0158
  npv                 0.6104     0.0086     0.6119    +0.0015

Results saved: /home/hilarius/special_course/special_course_spring2026/models/cv_results_rf_handcrafted_blosum_esmif_20260506_190654.json
Best model saved: /home/hilarius/special_course/special_course_spring2026/models/best_rf_handcrafted_blosum_esmif_model.pkl
Fold artifacts saved: /home/hilarius/special_course/special_course_spring2026/models/best_rf_handcrafted_blosum_esmif_artifacts.pkl
Feature names saved: /home/hilarius/special_course/special_course_spring2026/models/rf_handcrafted_blosum_esmif_feature_names.json

================================================================================
RUN SUMMARY
================================================================================
  Total runtime:    881.8s (14.7 min)
  Model:            Random Forest (rf)
  Feature set:      Structural + BLOSUM50 + ESM-IF (handcrafted_blosum_esmif)
  Components:       ['handcrafted', 'blosum', 'esmif']
  Scaling:          no
  Features (final): 2167
    CSV features:   631
    esmif PCA:     1536
  CV folds:         5
  Best fold:        4 (AUC = 0.7064)
  Held-out AUC:     0.6786
  Held-out MCC:     0.2098
  Models dir:       /home/hilarius/special_course/special_course_spring2026/models/
  Results file:     /home/hilarius/special_course/special_course_spring2026/models/cv_results_rf_handcrafted_blosum_esmif_20260506_190654.json
  Feature names:    /home/hilarius/special_course/special_course_spring2026/models/rf_handcrafted_blosum_esmif_feature_names.json
  Log file:         /home/hilarius/special_course/special_course_spring2026/logs/04_modelling_rf_handcrafted_blosum_esmif_log_20260506_190654.txt
  Completed:        2026-05-06 19:21:36
================================================================================

############################################################
>>> $1
>>> CMD: python 04_modelling.py --model lr --features esmif --pca 512
############################################################
[OK] Data file found: /home/hilarius/special_course/special_course_spring2026/data/processed/df_all.csv
[OK] Config validated: 5-fold CV + 1 held-out = 6 buckets
     Project root:  /home/hilarius/special_course/special_course_spring2026
     Data dir:      /home/hilarius/special_course/special_course_spring2026/data/processed
     Embedding dir: /home/hilarius/special_course/special_course_spring2026/data/processed/embeddings
     Log dir:       /home/hilarius/special_course/special_course_spring2026/logs
     Model dir:     /home/hilarius/special_course/special_course_spring2026/models
     Models:        lr, rf
     Feature sets:  all_blosum, all_sparse, esmc, esmif, esmif_hybrid, esmif_hybrid_20_fb, esmif_hybrid_40_fb, esmif_hybrid_60_fb, esmif_hybrid_80_fb, handcrafted, handcrafted_blosum, handcrafted_blosum_esmc, handcrafted_blosum_esmif, handcrafted_sparse, handcrafted_sparse_esmc, handcrafted_sparse_esmif, handcrafted_sparse_esmif_h20fb, handcrafted_sparse_esmif_h40fb, handcrafted_sparse_esmif_h60fb, handcrafted_sparse_esmif_h80fb, handcrafted_sparse_esmif_hybrid
     Components:    blosum, esmc, esmif, esmif_hybrid, esmif_hybrid_20_fb, esmif_hybrid_40_fb, esmif_hybrid_60_fb, esmif_hybrid_80_fb, handcrafted, sparse
  [CLI OVERRIDE] PCA components per region: 512
================================================================================
  04_MODELLING -- LOGISTIC REGRESSION + ESM-IF1 EMBEDDINGS ONLY
================================================================================
  Timestamp:       2026-05-06 19:21:37
  Model key:       lr
  Model class:     sklearn.linear_model.LogisticRegression
  Feature set:     esmif (ESM-IF1 embeddings only)
  Components:      ['esmif']
  Data path:       /home/hilarius/special_course/special_course_spring2026/data/processed/df_all_with_folds.csv
  Log path:        /home/hilarius/special_course/special_course_spring2026/logs/04_modelling_lr_esmif_log_20260506_192137.txt
  CV folds (k):    5
  Held-out bucket: 5
  Random state:    42
  Needs scaling:   True

  Model hyperparameters:
    penalty                   None
    solver                    lbfgs
    max_iter                  5000
    class_weight              balanced
    random_state              42
    verbose                   0
================================================================================

Loading split data: /home/hilarius/special_course/special_course_spring2026/data/processed/df_all_with_folds.csv
  Shape: 53072 rows x 88 columns
  [OK] Fold column validated: [0, 1, 2, 3, 4, 5]

================================================================================
LOADING FEATURE COMPONENTS
================================================================================

  Loading embedding component: ESM-IF1 embeddings
    Loading prepared embeddings: /home/hilarius/special_course/special_course_spring2026/data/processed/embeddings_prepared/esmif_prepared.h5
    Loaded: 53072 samples, 3 regions, dim=512

================================================================================
COMPONENT SUMMARY
================================================================================

  Embedding components (1):
    [esmif] ESM-IF1 embeddings
      Raw dim: 1536 (3 regions × 512)
      After PCA: 1536 (512/region × 3 regions)

  Estimated total features: ~1536
    CSV:        0
    Embeddings: 1536 (after PCA)

================================================================================
PIPELINE READY: ~1536 features, 5 folds, Logistic Regression
================================================================================

--------------------------------------------------------------------------------
  FOLD 0/4
--------------------------------------------------------------------------------
    esmif: zero-vector samples: train=4276/35381 (12.1%), test=858/8846 (9.7%)
    esmif: PCA 1536 → 1536 (512/region × 3 regions, 100.0% variance, fitted on 31105 non-zero samples)
    Train:  35381 samples (pos=15617, neg=19764, ratio=1.266)
    Test:    8846 samples (pos=3954, neg=4892, ratio=1.237)
    Features: 1536
    Training Logistic Regression ...
    Training time: 3.8s

    Fold 0 results (17.3s):
      AUC-ROC: 0.6180  |  AUC-PR: 0.5609  |  Acc: 0.5886  |  F1: 0.5579  |  MCC: 0.1748
      Sens: 0.5807  |  Spec: 0.5951  |  PPV: 0.5368  |  NPV: 0.6371

    Top 15 feature coefficients:
    Rank   Feature                                        Coefficient
    -----------------------------------------------------------------
    1      esmif_PC1534                                     -0.440761
    2      esmif_PC1536                                      0.386697
    3      esmif_PC1535                                      0.356302
    4      esmif_PC003                                       0.191061
    5      esmif_PC019                                      -0.139969
    6      esmif_PC1523                                     -0.122914
    7      esmif_PC048                                      -0.102037
    8      esmif_PC029                                      -0.099821
    9      esmif_PC006                                       0.084932
    10     esmif_PC079                                      -0.083540
    11     esmif_PC074                                      -0.082502
    12     esmif_PC044                                      -0.082160
    13     esmif_PC001                                      -0.075186
    14     esmif_PC053                                      -0.073525
    15     esmif_PC082                                       0.072680
    Saved model: /home/hilarius/special_course/special_course_spring2026/models/lr_esmif_model_fold0.pkl

--------------------------------------------------------------------------------
  FOLD 1/4
--------------------------------------------------------------------------------
    esmif: zero-vector samples: train=4093/35381 (11.6%), test=1041/8846 (11.8%)
    esmif: PCA 1536 → 1536 (512/region × 3 regions, 100.0% variance, fitted on 31288 non-zero samples)
    Train:  35381 samples (pos=15634, neg=19747, ratio=1.263)
    Test:    8846 samples (pos=3937, neg=4909, ratio=1.247)
    Features: 1536
    Training Logistic Regression ...
    Training time: 4.5s

    Fold 1 results (17.1s):
      AUC-ROC: 0.6010  |  AUC-PR: 0.5435  |  Acc: 0.5824  |  F1: 0.5397  |  MCC: 0.1579
      Sens: 0.5502  |  Spec: 0.6083  |  PPV: 0.5297  |  NPV: 0.6277

    Top 15 feature coefficients:
    Rank   Feature                                        Coefficient
    -----------------------------------------------------------------
    1      esmif_PC1536                                      0.508238
    2      esmif_PC1534                                     -0.345981
    3      esmif_PC1535                                      0.231792
    4      esmif_PC003                                       0.203319
    5      esmif_PC049                                       0.111099
    6      esmif_PC044                                      -0.104928
    7      esmif_PC032                                      -0.099461
    8      esmif_PC021                                       0.088981
    9      esmif_PC040                                      -0.087966
    10     esmif_PC029                                      -0.084864
    11     esmif_PC001                                      -0.083943
    12     esmif_PC018                                      -0.082288
    13     esmif_PC079                                       0.081473
    14     esmif_PC082                                      -0.080241
    15     esmif_PC116                                      -0.075387
    Saved model: /home/hilarius/special_course/special_course_spring2026/models/lr_esmif_model_fold1.pkl

--------------------------------------------------------------------------------
  FOLD 2/4
--------------------------------------------------------------------------------
    esmif: zero-vector samples: train=3874/35382 (10.9%), test=1260/8845 (14.2%)
    esmif: PCA 1536 → 1536 (512/region × 3 regions, 100.0% variance, fitted on 31508 non-zero samples)
    Train:  35382 samples (pos=15645, neg=19737, ratio=1.262)
    Test:    8845 samples (pos=3926, neg=4919, ratio=1.253)
    Features: 1536
    Training Logistic Regression ...
    Training time: 3.7s

    Fold 2 results (14.8s):
      AUC-ROC: 0.6271  |  AUC-PR: 0.5566  |  Acc: 0.5937  |  F1: 0.5593  |  MCC: 0.1838
      Sens: 0.5810  |  Spec: 0.6038  |  PPV: 0.5392  |  NPV: 0.6436

    Top 15 feature coefficients:
    Rank   Feature                                        Coefficient
    -----------------------------------------------------------------
    1      esmif_PC1536                                      0.583601
    2      esmif_PC1534                                     -0.319227
    3      esmif_PC003                                       0.202886
    4      esmif_PC032                                      -0.107721
    5      esmif_PC044                                      -0.104175
    6      esmif_PC018                                      -0.099169
    7      esmif_PC029                                      -0.098538
    8      esmif_PC019                                       0.086992
    9      esmif_PC094                                       0.085174
    10     esmif_PC049                                       0.083162
    11     esmif_PC053                                       0.083026
    12     esmif_PC021                                       0.081701
    13     esmif_PC006                                       0.081579
    14     esmif_PC048                                      -0.074412
    15     esmif_PC080                                       0.073778
    Saved model: /home/hilarius/special_course/special_course_spring2026/models/lr_esmif_model_fold2.pkl

--------------------------------------------------------------------------------
  FOLD 3/4
--------------------------------------------------------------------------------
    esmif: zero-vector samples: train=4094/35382 (11.6%), test=1040/8845 (11.8%)
    esmif: PCA 1536 → 1536 (512/region × 3 regions, 100.0% variance, fitted on 31288 non-zero samples)
    Train:  35382 samples (pos=15635, neg=19747, ratio=1.263)
    Test:    8845 samples (pos=3936, neg=4909, ratio=1.247)
    Features: 1536
    Training Logistic Regression ...
    Training time: 2.1s

    Fold 3 results (13.1s):
      AUC-ROC: 0.6137  |  AUC-PR: 0.5511  |  Acc: 0.5863  |  F1: 0.5464  |  MCC: 0.1668
      Sens: 0.5600  |  Spec: 0.6075  |  PPV: 0.5335  |  NPV: 0.6326

    Top 15 feature coefficients:
    Rank   Feature                                        Coefficient
    -----------------------------------------------------------------
    1      esmif_PC1535                                      0.271743
    2      esmif_PC1534                                     -0.235343
    3      esmif_PC003                                       0.194658
    4      esmif_PC1536                                      0.157957
    5      esmif_PC048                                       0.104432
    6      esmif_PC1527                                     -0.101128
    7      esmif_PC001                                      -0.100870
    8      esmif_PC021                                       0.095392
    9      esmif_PC018                                      -0.089558
    10     esmif_PC040                                       0.086976
    11     esmif_PC032                                      -0.086598
    12     esmif_PC049                                       0.082550
    13     esmif_PC029                                       0.076379
    14     esmif_PC079                                       0.076163
    15     esmif_PC094                                      -0.075483
    Saved model: /home/hilarius/special_course/special_course_spring2026/models/lr_esmif_model_fold3.pkl

--------------------------------------------------------------------------------
  FOLD 4/4
--------------------------------------------------------------------------------
    esmif: zero-vector samples: train=4199/35382 (11.9%), test=935/8845 (10.6%)
    esmif: PCA 1536 → 1536 (512/region × 3 regions, 100.0% variance, fitted on 31183 non-zero samples)
    Train:  35382 samples (pos=15753, neg=19629, ratio=1.246)
    Test:    8845 samples (pos=3818, neg=5027, ratio=1.317)
    Features: 1536
    Training Logistic Regression ...
    Training time: 2.5s

    Fold 4 results (18.8s):
      AUC-ROC: 0.6390  |  AUC-PR: 0.5649  |  Acc: 0.6058  |  F1: 0.5584  |  MCC: 0.2034
      Sens: 0.5775  |  Spec: 0.6272  |  PPV: 0.5406  |  NPV: 0.6616

    Top 15 feature coefficients:
    Rank   Feature                                        Coefficient
    -----------------------------------------------------------------
    1      esmif_PC1536                                      0.603158
    2      esmif_PC1534                                     -0.460057
    3      esmif_PC003                                       0.173731
    4      esmif_PC048                                      -0.114366
    5      esmif_PC029                                       0.106949
    6      esmif_PC1535                                      0.106081
    7      esmif_PC032                                      -0.096782
    8      esmif_PC040                                       0.096572
    9      esmif_PC001                                      -0.093826
    10     esmif_PC021                                       0.089134
    11     esmif_PC006                                       0.081826
    12     esmif_PC018                                      -0.078220
    13     esmif_PC073                                      -0.076504
    14     esmif_PC038                                      -0.072654
    15     esmif_PC004                                       0.072430
    Saved model: /home/hilarius/special_course/special_course_spring2026/models/lr_esmif_model_fold4.pkl

================================================================================
CROSS-VALIDATION SUMMARY (mean +/- std)
================================================================================
  auc_roc         0.6198 +/- 0.0128    [0.6180  0.6010  0.6271  0.6137  0.6390]
  auc_pr          0.5554 +/- 0.0075    [0.5609  0.5435  0.5566  0.5511  0.5649]
  accuracy        0.5914 +/- 0.0081    [0.5886  0.5824  0.5937  0.5863  0.6058]
  f1              0.5524 +/- 0.0079    [0.5579  0.5397  0.5593  0.5464  0.5584]
  mcc             0.1773 +/- 0.0156    [0.1748  0.1579  0.1838  0.1668  0.2034]
  sensitivity     0.5699 +/- 0.0125    [0.5807  0.5502  0.5810  0.5600  0.5775]
  specificity     0.6084 +/- 0.0105    [0.5951  0.6083  0.6038  0.6075  0.6272]
  ppv             0.5360 +/- 0.0039    [0.5368  0.5297  0.5392  0.5335  0.5406]
  npv             0.6405 +/- 0.0118    [0.6371  0.6277  0.6436  0.6326  0.6616]

  Best fold: 4 (AUC-ROC = 0.6390)

================================================================================
PER-FOLD METRIC COMPARISON
================================================================================
  Fold    auc_roc      auc_pr       accuracy     f1           mcc          sensitivity  specificity  ppv          npv          
  -----------------------------------------------------------------------------------------------------------------------------
  0       0.6180       0.5609       0.5886       0.5579       0.1748       0.5807       0.5951       0.5368       0.6371       
  1       0.6010       0.5435       0.5824       0.5397       0.1579       0.5502       0.6083       0.5297       0.6277       
  2       0.6271       0.5566       0.5937       0.5593       0.1838       0.5810       0.6038       0.5392       0.6436       
  3       0.6137       0.5511       0.5863       0.5464       0.1668       0.5600       0.6075       0.5335       0.6326       
  4       0.6390       0.5649       0.6058       0.5584       0.2034       0.5775       0.6272       0.5406       0.6616       
  -----------------------------------------------------------------------------------------------------------------------------
  mean    0.6198       0.5554       0.5914       0.5524       0.1773       0.5699       0.6084       0.5360       0.6405       
  std     0.0128       0.0075       0.0081       0.0079       0.0156       0.0125       0.0105       0.0039       0.0118       

================================================================================
AVERAGED COEFFICIENTS ACROSS ALL FOLDS
================================================================================
  Rank   Feature                                          Mean Coef          Std
  -----------------------------------------------------------------------------
  1      esmif_PC1536                                      0.447930     0.163690
  2      esmif_PC1534                                     -0.360274     0.082379
  3      esmif_PC003                                       0.193131     0.010788
  4      esmif_PC1535                                      0.191915     0.127797
  5      esmif_PC032                                      -0.091765     0.013550
  6      esmif_PC018                                      -0.084039     0.009667
  7      esmif_PC001                                      -0.083529     0.013153
  8      esmif_PC006                                       0.079591     0.004098
  9      esmif_PC021                                       0.077223     0.023560
  10     esmif_PC049                                       0.070984     0.032540
  11     esmif_PC004                                       0.063804     0.007323
  12     esmif_PC027                                      -0.060321     0.010718
  13     esmif_PC005                                       0.055485     0.009530
  14     esmif_PC014                                       0.054237     0.004943
  15     esmif_PC1523                                     -0.050884     0.042007
  16     esmif_PC016                                       0.050668     0.001545
  17     esmif_PC055                                       0.050119     0.006012
  18     esmif_PC026                                       0.044966     0.007210
  19     esmif_PC007                                       0.043688     0.006871
  20     esmif_PC037                                       0.039756     0.021680
  21     esmif_PC070                                      -0.038631     0.011050
  22     esmif_PC023                                      -0.038628     0.013985
  23     esmif_PC044                                      -0.034651     0.077277
  24     esmif_PC073                                      -0.034160     0.040303
  25     esmif_PC009                                       0.033578     0.004716
  26     esmif_PC084                                       0.033302     0.019551
  27     esmif_PC126                                      -0.033248     0.014378
  28     esmif_PC076                                       0.033191     0.013934
  29     esmif_PC012                                      -0.031278     0.009767
  30     esmif_PC140                                      -0.030992     0.017729

================================================================================
HELD-OUT VALIDATION SET EVALUATION
================================================================================
  Using model from best fold (4)
  Held-out samples: 8845 (pos=3870, neg=4975, ratio=1.286)

  Held-out results (8845 samples):
    AUC-ROC: 0.6200  |  AUC-PR: 0.5498  |  Acc: 0.5940  |  F1: 0.5427  |  MCC: 0.1779
    Sens: 0.5506  |  Spec: 0.6277  |  PPV: 0.5350  |  NPV: 0.6423

  Classification Report:
              precision    recall  f1-score   support

    Negative     0.6423    0.6277    0.6349      4975
    Positive     0.5350    0.5506    0.5427      3870

    accuracy                         0.5940      8845
   macro avg     0.5887    0.5892    0.5888      8845
weighted avg     0.5954    0.5940    0.5946      8845

================================================================================
CV AVERAGE vs HELD-OUT COMPARISON
================================================================================
  Metric             CV mean     CV std   Held-out      Delta
  ---------------------------------------------------------
  auc_roc             0.6198     0.0128     0.6200    +0.0002
  auc_pr              0.5554     0.0075     0.5498    -0.0056
  accuracy            0.5914     0.0081     0.5940    +0.0026
  f1                  0.5524     0.0079     0.5427    -0.0096
  mcc                 0.1773     0.0156     0.1779    +0.0005
  sensitivity         0.5699     0.0125     0.5506    -0.0192
  specificity         0.6084     0.0105     0.6277    +0.0194
  ppv                 0.5360     0.0039     0.5350    -0.0010
  npv                 0.6405     0.0118     0.6423    +0.0018

Results saved: /home/hilarius/special_course/special_course_spring2026/models/cv_results_lr_esmif_20260506_192137.json
Best model saved: /home/hilarius/special_course/special_course_spring2026/models/best_lr_esmif_model.pkl
Fold artifacts saved: /home/hilarius/special_course/special_course_spring2026/models/best_lr_esmif_artifacts.pkl
Feature names saved: /home/hilarius/special_course/special_course_spring2026/models/lr_esmif_feature_names.json

================================================================================
RUN SUMMARY
================================================================================
  Total runtime:    84.4s (1.4 min)
  Model:            Logistic Regression (lr)
  Feature set:      ESM-IF1 embeddings only (esmif)
  Components:       ['esmif']
  Scaling:          yes
  Features (final): 1536
    esmif PCA:     1536
  CV folds:         5
  Best fold:        4 (AUC = 0.6390)
  Held-out AUC:     0.6200
  Held-out MCC:     0.1779
  Models dir:       /home/hilarius/special_course/special_course_spring2026/models/
  Results file:     /home/hilarius/special_course/special_course_spring2026/models/cv_results_lr_esmif_20260506_192137.json
  Feature names:    /home/hilarius/special_course/special_course_spring2026/models/lr_esmif_feature_names.json
  Log file:         /home/hilarius/special_course/special_course_spring2026/logs/04_modelling_lr_esmif_log_20260506_192137.txt
  Completed:        2026-05-06 19:23:02
================================================================================

############################################################
>>> $1
>>> CMD: python 04_modelling.py --model lr --features handcrafted_sparse_esmif --pca 512
############################################################
[OK] Data file found: /home/hilarius/special_course/special_course_spring2026/data/processed/df_all.csv
[OK] Config validated: 5-fold CV + 1 held-out = 6 buckets
     Project root:  /home/hilarius/special_course/special_course_spring2026
     Data dir:      /home/hilarius/special_course/special_course_spring2026/data/processed
     Embedding dir: /home/hilarius/special_course/special_course_spring2026/data/processed/embeddings
     Log dir:       /home/hilarius/special_course/special_course_spring2026/logs
     Model dir:     /home/hilarius/special_course/special_course_spring2026/models
     Models:        lr, rf
     Feature sets:  all_blosum, all_sparse, esmc, esmif, esmif_hybrid, esmif_hybrid_20_fb, esmif_hybrid_40_fb, esmif_hybrid_60_fb, esmif_hybrid_80_fb, handcrafted, handcrafted_blosum, handcrafted_blosum_esmc, handcrafted_blosum_esmif, handcrafted_sparse, handcrafted_sparse_esmc, handcrafted_sparse_esmif, handcrafted_sparse_esmif_h20fb, handcrafted_sparse_esmif_h40fb, handcrafted_sparse_esmif_h60fb, handcrafted_sparse_esmif_h80fb, handcrafted_sparse_esmif_hybrid
     Components:    blosum, esmc, esmif, esmif_hybrid, esmif_hybrid_20_fb, esmif_hybrid_40_fb, esmif_hybrid_60_fb, esmif_hybrid_80_fb, handcrafted, sparse
  [CLI OVERRIDE] PCA components per region: 512
================================================================================
  04_MODELLING -- LOGISTIC REGRESSION + STRUCTURAL + ONE-HOT + ESM-IF
================================================================================
  Timestamp:       2026-05-06 19:23:03
  Model key:       lr
  Model class:     sklearn.linear_model.LogisticRegression
  Feature set:     handcrafted_sparse_esmif (Structural + one-hot + ESM-IF)
  Components:      ['handcrafted', 'sparse', 'esmif']
  Data path:       /home/hilarius/special_course/special_course_spring2026/data/processed/df_all_with_folds.csv
  Log path:        /home/hilarius/special_course/special_course_spring2026/logs/04_modelling_lr_handcrafted_sparse_esmif_log_20260506_192303.txt
  CV folds (k):    5
  Held-out bucket: 5
  Random state:    42
  Needs scaling:   True

  Model hyperparameters:
    penalty                   None
    solver                    lbfgs
    max_iter                  5000
    class_weight              balanced
    random_state              42
    verbose                   0
================================================================================

Loading split data: /home/hilarius/special_course/special_course_spring2026/data/processed/df_all_with_folds.csv
  Shape: 53072 rows x 88 columns
  [OK] Fold column validated: [0, 1, 2, 3, 4, 5]

================================================================================
LOADING FEATURE COMPONENTS
================================================================================

  Loading CSV component: One-hot AA encoding
    Loading: df_all_sparse.csv
    Shape: 53072 rows x 650 columns
    [OK] Alignment verified
    New columns: 580

  Merged 580 new columns → 53072 rows x 668 columns

  Loading embedding component: ESM-IF1 embeddings
    Loading prepared embeddings: /home/hilarius/special_course/special_course_spring2026/data/processed/embeddings_prepared/esmif_prepared.h5
    Loaded: 53072 samples, 3 regions, dim=512

================================================================================
COMPONENT SUMMARY
================================================================================

  CSV components (2):
    [handcrafted] Structural features
      Source: split_data (built-in)
    [sparse] One-hot AA encoding
      Source: /home/hilarius/special_course/special_course_spring2026/data/processed/df_all_sparse.csv
      New columns added: 580
  Total CSV features: 631
    Structural: 51
    AA-encoded: 580

  Embedding components (1):
    [esmif] ESM-IF1 embeddings
      Raw dim: 1536 (3 regions × 512)
      After PCA: 1536 (512/region × 3 regions)

  Estimated total features: ~2167
    CSV:        631
    Embeddings: 1536 (after PCA)

================================================================================
PIPELINE READY: ~2167 features, 5 folds, Logistic Regression
================================================================================

--------------------------------------------------------------------------------
  FOLD 0/4
--------------------------------------------------------------------------------
    WARNING: X_train: 83391 NaN values replaced with medians
    WARNING: X_test: 10976 NaN values replaced with medians
    CSV features: 631 columns
    esmif: zero-vector samples: train=4276/35381 (12.1%), test=858/8846 (9.7%)
    esmif: PCA 1536 → 1536 (512/region × 3 regions, 100.0% variance, fitted on 31105 non-zero samples)
    Train:  35381 samples (pos=15617, neg=19764, ratio=1.266)
    Test:    8846 samples (pos=3954, neg=4892, ratio=1.237)
    Features: 2167
    Training Logistic Regression ...
    Training time: 33.2s

    Fold 0 results (68.6s):
      AUC-ROC: 0.7124  |  AUC-PR: 0.6570  |  Acc: 0.6585  |  F1: 0.6295  |  MCC: 0.3138
      Sens: 0.6490  |  Spec: 0.6662  |  PPV: 0.6111  |  NPV: 0.7013

    Top 15 feature coefficients:
    Rank   Feature                                        Coefficient
    -----------------------------------------------------------------
    1      rel_distance_from_n_terminus                     -6.112036
    2      rel_distance_from_c_terminus                     -6.085105
    3      C1_L                                             -0.932347
    4      C1_E                                             -0.712455
    5      C1_V                                             -0.698209
    6      C1_P                                             -0.681861
    7      C1_I                                             -0.675641
    8      C1_S                                             -0.644417
    9      C1_G                                             -0.640166
    10     C1_D                                             -0.637951
    11     C1_F                                             -0.625890
    12     C1_T                                             -0.598959
    13     C1_Q                                             -0.582184
    14     C1_K                                             -0.575379
    15     C1_A                                             -0.572182
    Saved model: /home/hilarius/special_course/special_course_spring2026/models/lr_handcrafted_sparse_esmif_model_fold0.pkl

--------------------------------------------------------------------------------
  FOLD 1/4
--------------------------------------------------------------------------------
    WARNING: X_train: 69530 NaN values replaced with medians
    WARNING: X_test: 24837 NaN values replaced with medians
    CSV features: 631 columns
    esmif: zero-vector samples: train=4093/35381 (11.6%), test=1041/8846 (11.8%)
    esmif: PCA 1536 → 1536 (512/region × 3 regions, 100.0% variance, fitted on 31288 non-zero samples)
    Train:  35381 samples (pos=15634, neg=19747, ratio=1.263)
    Test:    8846 samples (pos=3937, neg=4909, ratio=1.247)
    Features: 2167
    Training Logistic Regression ...
    Training time: 33.7s

    Fold 1 results (74.5s):
      AUC-ROC: 0.7043  |  AUC-PR: 0.6468  |  Acc: 0.6500  |  F1: 0.6179  |  MCC: 0.2959
      Sens: 0.6358  |  Spec: 0.6614  |  PPV: 0.6010  |  NPV: 0.6937

    Top 15 feature coefficients:
    Rank   Feature                                        Coefficient
    -----------------------------------------------------------------
    1      rel_distance_from_n_terminus                     -7.325166
    2      rel_distance_from_c_terminus                     -7.277142
    3      q8point_I_nflank                                 -0.901892
    4      C1_L                                             -0.799936
    5      q8trans_I_n_pep                                   0.721137
    6      C1_I                                             -0.597678
    7      C1_E                                             -0.588760
    8      C1_V                                             -0.583471
    9      C1_P                                             -0.570010
    10     C1_D                                             -0.542843
    11     C1_F                                             -0.522483
    12     C1_G                                             -0.519370
    13     C1_S                                             -0.492818
    14     C1_T                                             -0.488123
    15     C1_Q                                             -0.480120
    Saved model: /home/hilarius/special_course/special_course_spring2026/models/lr_handcrafted_sparse_esmif_model_fold1.pkl

--------------------------------------------------------------------------------
  FOLD 2/4
--------------------------------------------------------------------------------
    WARNING: X_train: 69922 NaN values replaced with medians
    WARNING: X_test: 24445 NaN values replaced with medians
    CSV features: 631 columns
    esmif: zero-vector samples: train=3874/35382 (10.9%), test=1260/8845 (14.2%)
    esmif: PCA 1536 → 1536 (512/region × 3 regions, 100.0% variance, fitted on 31508 non-zero samples)
    Train:  35382 samples (pos=15645, neg=19737, ratio=1.262)
    Test:    8845 samples (pos=3926, neg=4919, ratio=1.253)
    Features: 2167
    Training Logistic Regression ...
    Training time: 41.5s

    Fold 2 results (81.4s):
      AUC-ROC: 0.7080  |  AUC-PR: 0.6487  |  Acc: 0.6561  |  F1: 0.6249  |  MCC: 0.3085
      Sens: 0.6454  |  Spec: 0.6646  |  PPV: 0.6056  |  NPV: 0.7014

    Top 15 feature coefficients:
    Rank   Feature                                        Coefficient
    -----------------------------------------------------------------
    1      rel_distance_from_n_terminus                     -6.566861
    2      rel_distance_from_c_terminus                     -6.543943
    3      C1_L                                             -1.105589
    4      C1_E                                             -0.864883
    5      C1_V                                             -0.822865
    6      C1_P                                             -0.806379
    7      C1_I                                             -0.787061
    8      C1_D                                             -0.777924
    9      C1_S                                             -0.753016
    10     C1_A                                             -0.732133
    11     C1_G                                             -0.725335
    12     C1_T                                             -0.722049
    13     C1_F                                             -0.715487
    14     C1_Q                                             -0.707116
    15     C1_K                                             -0.700865
    Saved model: /home/hilarius/special_course/special_course_spring2026/models/lr_handcrafted_sparse_esmif_model_fold2.pkl

--------------------------------------------------------------------------------
  FOLD 3/4
--------------------------------------------------------------------------------
    WARNING: X_train: 74842 NaN values replaced with medians
    WARNING: X_test: 19525 NaN values replaced with medians
    CSV features: 631 columns
    esmif: zero-vector samples: train=4094/35382 (11.6%), test=1040/8845 (11.8%)
    esmif: PCA 1536 → 1536 (512/region × 3 regions, 100.0% variance, fitted on 31288 non-zero samples)
    Train:  35382 samples (pos=15635, neg=19747, ratio=1.263)
    Test:    8845 samples (pos=3936, neg=4909, ratio=1.247)
    Features: 2167
    Training Logistic Regression ...
    Training time: 41.1s

    Fold 3 results (80.1s):
      AUC-ROC: 0.7168  |  AUC-PR: 0.6614  |  Acc: 0.6590  |  F1: 0.6258  |  MCC: 0.3132
      Sens: 0.6408  |  Spec: 0.6737  |  PPV: 0.6115  |  NPV: 0.7005

    Top 15 feature coefficients:
    Rank   Feature                                        Coefficient
    -----------------------------------------------------------------
    1      rel_distance_from_n_terminus                     -7.278225
    2      rel_distance_from_c_terminus                     -7.240999
    3      C1_L                                             -1.245868
    4      C1_E                                             -0.979604
    5      C1_V                                             -0.942723
    6      C1_P                                             -0.920499
    7      C1_S                                             -0.913685
    8      C1_I                                             -0.902566
    9      C1_D                                             -0.879120
    10     C1_A                                             -0.870227
    11     C1_G                                             -0.866918
    12     C1_T                                             -0.845609
    13     C1_K                                             -0.842179
    14     C1_Q                                             -0.832756
    15     C1_F                                             -0.807741
    Saved model: /home/hilarius/special_course/special_course_spring2026/models/lr_handcrafted_sparse_esmif_model_fold3.pkl

--------------------------------------------------------------------------------
  FOLD 4/4
--------------------------------------------------------------------------------
    WARNING: X_train: 79783 NaN values replaced with medians
    WARNING: X_test: 14584 NaN values replaced with medians
    CSV features: 631 columns
    esmif: zero-vector samples: train=4199/35382 (11.9%), test=935/8845 (10.6%)
    esmif: PCA 1536 → 1536 (512/region × 3 regions, 100.0% variance, fitted on 31183 non-zero samples)
    Train:  35382 samples (pos=15753, neg=19629, ratio=1.246)
    Test:    8845 samples (pos=3818, neg=5027, ratio=1.317)
    Features: 2167
    Training Logistic Regression ...
    Training time: 39.6s

    Fold 4 results (76.5s):
      AUC-ROC: 0.7275  |  AUC-PR: 0.6623  |  Acc: 0.6666  |  F1: 0.6316  |  MCC: 0.3295
      Sens: 0.6621  |  Spec: 0.6700  |  PPV: 0.6038  |  NPV: 0.7231

    Top 15 feature coefficients:
    Rank   Feature                                        Coefficient
    -----------------------------------------------------------------
    1      rel_distance_from_n_terminus                     -6.808046
    2      rel_distance_from_c_terminus                     -6.765889
    3      C1_L                                             -1.209161
    4      C1_E                                             -0.946961
    5      C1_V                                             -0.892400
    6      C1_P                                             -0.888137
    7      C1_I                                             -0.862433
    8      C1_S                                             -0.862231
    9      C1_D                                             -0.861423
    10     C1_G                                             -0.835043
    11     C1_A                                             -0.828383
    12     C1_K                                             -0.810332
    13     C1_T                                             -0.804523
    14     C1_F                                             -0.801399
    15     C1_Q                                             -0.799133
    Saved model: /home/hilarius/special_course/special_course_spring2026/models/lr_handcrafted_sparse_esmif_model_fold4.pkl

================================================================================
CROSS-VALIDATION SUMMARY (mean +/- std)
================================================================================
  auc_roc         0.7138 +/- 0.0080    [0.7124  0.7043  0.7080  0.7168  0.7275]
  auc_pr          0.6553 +/- 0.0064    [0.6570  0.6468  0.6487  0.6614  0.6623]
  accuracy        0.6580 +/- 0.0053    [0.6585  0.6500  0.6561  0.6590  0.6666]
  f1              0.6259 +/- 0.0047    [0.6295  0.6179  0.6249  0.6258  0.6316]
  mcc             0.3122 +/- 0.0108    [0.3138  0.2959  0.3085  0.3132  0.3295]
  sensitivity     0.6466 +/- 0.0089    [0.6490  0.6358  0.6454  0.6408  0.6621]
  specificity     0.6672 +/- 0.0043    [0.6662  0.6614  0.6646  0.6737  0.6700]
  ppv             0.6066 +/- 0.0041    [0.6111  0.6010  0.6056  0.6115  0.6038]
  npv             0.7040 +/- 0.0100    [0.7013  0.6937  0.7014  0.7005  0.7231]

  Best fold: 4 (AUC-ROC = 0.7275)

================================================================================
PER-FOLD METRIC COMPARISON
================================================================================
  Fold    auc_roc      auc_pr       accuracy     f1           mcc          sensitivity  specificity  ppv          npv          
  -----------------------------------------------------------------------------------------------------------------------------
  0       0.7124       0.6570       0.6585       0.6295       0.3138       0.6490       0.6662       0.6111       0.7013       
  1       0.7043       0.6468       0.6500       0.6179       0.2959       0.6358       0.6614       0.6010       0.6937       
  2       0.7080       0.6487       0.6561       0.6249       0.3085       0.6454       0.6646       0.6056       0.7014       
  3       0.7168       0.6614       0.6590       0.6258       0.3132       0.6408       0.6737       0.6115       0.7005       
  4       0.7275       0.6623       0.6666       0.6316       0.3295       0.6621       0.6700       0.6038       0.7231       
  -----------------------------------------------------------------------------------------------------------------------------
  mean    0.7138       0.6553       0.6580       0.6259       0.3122       0.6466       0.6672       0.6066       0.7040       
  std     0.0080       0.0064       0.0053       0.0047       0.0108       0.0089       0.0043       0.0041       0.0100       

================================================================================
AVERAGED COEFFICIENTS ACROSS ALL FOLDS
================================================================================
  Rank   Feature                                          Mean Coef          Std
  -----------------------------------------------------------------------------
  1      rel_distance_from_n_terminus                     -6.818067     0.454000
  2      rel_distance_from_c_terminus                     -6.782615     0.446864
  3      C1_L                                             -1.058580     0.168993
  4      C1_E                                             -0.818533     0.147400
  5      C1_V                                             -0.787934     0.131109
  6      C1_P                                             -0.773377     0.130872
  7      C1_I                                             -0.765076     0.113917
  8      C1_D                                             -0.739852     0.130246
  9      C1_S                                             -0.733233     0.151844
  10     C1_G                                             -0.717366     0.127624
  11     C1_F                                             -0.694600     0.108617
  12     C1_T                                             -0.691853     0.132199
  13     C1_A                                             -0.691348     0.156884
  14     C1_Q                                             -0.680262     0.132501
  15     C1_K                                             -0.672723     0.151326
  16     C1_R                                             -0.649586     0.136722
  17     C1_N                                             -0.586302     0.114475
  18     C1_Y                                             -0.536421     0.089619
  19     C1_H                                             -0.471570     0.093230
  20     P2_W                                              0.461509     0.040676
  21     C1_M                                             -0.453886     0.080438
  22     C1_C                                             -0.421233     0.085089
  23     C1_W                                             -0.376860     0.055365
  24     N2_P                                             -0.366724     0.130523
  25     P2_K                                             -0.323970     0.044687
  26     N2_L                                             -0.318291     0.195109
  27     P2_P                                              0.297093     0.151583
  28     C2_L                                              0.294356     0.159120
  29     N2_I                                             -0.290816     0.134429
  30     P9_E                                             -0.286514     0.069661

================================================================================
HELD-OUT VALIDATION SET EVALUATION
================================================================================
  Using model from best fold (4)
  Held-out samples: 8845 (pos=3870, neg=4975, ratio=1.286)

  Held-out results (8845 samples):
    AUC-ROC: 0.7230  |  AUC-PR: 0.6574  |  Acc: 0.6658  |  F1: 0.6302  |  MCC: 0.3265
    Sens: 0.6509  |  Spec: 0.6774  |  PPV: 0.6108  |  NPV: 0.7138

  Classification Report:
              precision    recall  f1-score   support

    Negative     0.7138    0.6774    0.6951      4975
    Positive     0.6108    0.6509    0.6302      3870

    accuracy                         0.6658      8845
   macro avg     0.6623    0.6641    0.6627      8845
weighted avg     0.6688    0.6658    0.6667      8845

================================================================================
CV AVERAGE vs HELD-OUT COMPARISON
================================================================================
  Metric             CV mean     CV std   Held-out      Delta
  ---------------------------------------------------------
  auc_roc             0.7138     0.0080     0.7230    +0.0092
  auc_pr              0.6553     0.0064     0.6574    +0.0021
  accuracy            0.6580     0.0053     0.6658    +0.0078
  f1                  0.6259     0.0047     0.6302    +0.0043
  mcc                 0.3122     0.0108     0.3265    +0.0143
  sensitivity         0.6466     0.0089     0.6509    +0.0043
  specificity         0.6672     0.0043     0.6774    +0.0102
  ppv                 0.6066     0.0041     0.6108    +0.0042
  npv                 0.7040     0.0100     0.7138    +0.0099

Results saved: /home/hilarius/special_course/special_course_spring2026/models/cv_results_lr_handcrafted_sparse_esmif_20260506_192303.json
Best model saved: /home/hilarius/special_course/special_course_spring2026/models/best_lr_handcrafted_sparse_esmif_model.pkl
Fold artifacts saved: /home/hilarius/special_course/special_course_spring2026/models/best_lr_handcrafted_sparse_esmif_artifacts.pkl
Feature names saved: /home/hilarius/special_course/special_course_spring2026/models/lr_handcrafted_sparse_esmif_feature_names.json

================================================================================
RUN SUMMARY
================================================================================
  Total runtime:    387.7s (6.5 min)
  Model:            Logistic Regression (lr)
  Feature set:      Structural + one-hot + ESM-IF (handcrafted_sparse_esmif)
  Components:       ['handcrafted', 'sparse', 'esmif']
  Scaling:          yes
  Features (final): 2167
    CSV features:   631
    esmif PCA:     1536
  CV folds:         5
  Best fold:        4 (AUC = 0.7275)
  Held-out AUC:     0.7230
  Held-out MCC:     0.3265
  Models dir:       /home/hilarius/special_course/special_course_spring2026/models/
  Results file:     /home/hilarius/special_course/special_course_spring2026/models/cv_results_lr_handcrafted_sparse_esmif_20260506_192303.json
  Feature names:    /home/hilarius/special_course/special_course_spring2026/models/lr_handcrafted_sparse_esmif_feature_names.json
  Log file:         /home/hilarius/special_course/special_course_spring2026/logs/04_modelling_lr_handcrafted_sparse_esmif_log_20260506_192303.txt
  Completed:        2026-05-06 19:29:31
================================================================================

############################################################
>>> $1
>>> CMD: python 04_modelling.py --model lr --features handcrafted_blosum_esmif --pca 512
############################################################
[OK] Data file found: /home/hilarius/special_course/special_course_spring2026/data/processed/df_all.csv
[OK] Config validated: 5-fold CV + 1 held-out = 6 buckets
     Project root:  /home/hilarius/special_course/special_course_spring2026
     Data dir:      /home/hilarius/special_course/special_course_spring2026/data/processed
     Embedding dir: /home/hilarius/special_course/special_course_spring2026/data/processed/embeddings
     Log dir:       /home/hilarius/special_course/special_course_spring2026/logs
     Model dir:     /home/hilarius/special_course/special_course_spring2026/models
     Models:        lr, rf
     Feature sets:  all_blosum, all_sparse, esmc, esmif, esmif_hybrid, esmif_hybrid_20_fb, esmif_hybrid_40_fb, esmif_hybrid_60_fb, esmif_hybrid_80_fb, handcrafted, handcrafted_blosum, handcrafted_blosum_esmc, handcrafted_blosum_esmif, handcrafted_sparse, handcrafted_sparse_esmc, handcrafted_sparse_esmif, handcrafted_sparse_esmif_h20fb, handcrafted_sparse_esmif_h40fb, handcrafted_sparse_esmif_h60fb, handcrafted_sparse_esmif_h80fb, handcrafted_sparse_esmif_hybrid
     Components:    blosum, esmc, esmif, esmif_hybrid, esmif_hybrid_20_fb, esmif_hybrid_40_fb, esmif_hybrid_60_fb, esmif_hybrid_80_fb, handcrafted, sparse
  [CLI OVERRIDE] PCA components per region: 512
================================================================================
  04_MODELLING -- LOGISTIC REGRESSION + STRUCTURAL + BLOSUM50 + ESM-IF
================================================================================
  Timestamp:       2026-05-06 19:29:32
  Model key:       lr
  Model class:     sklearn.linear_model.LogisticRegression
  Feature set:     handcrafted_blosum_esmif (Structural + BLOSUM50 + ESM-IF)
  Components:      ['handcrafted', 'blosum', 'esmif']
  Data path:       /home/hilarius/special_course/special_course_spring2026/data/processed/df_all_with_folds.csv
  Log path:        /home/hilarius/special_course/special_course_spring2026/logs/04_modelling_lr_handcrafted_blosum_esmif_log_20260506_192932.txt
  CV folds (k):    5
  Held-out bucket: 5
  Random state:    42
  Needs scaling:   True

  Model hyperparameters:
    penalty                   None
    solver                    lbfgs
    max_iter                  5000
    class_weight              balanced
    random_state              42
    verbose                   0
================================================================================

Loading split data: /home/hilarius/special_course/special_course_spring2026/data/processed/df_all_with_folds.csv
  Shape: 53072 rows x 88 columns
  [OK] Fold column validated: [0, 1, 2, 3, 4, 5]

================================================================================
LOADING FEATURE COMPONENTS
================================================================================

  Loading CSV component: BLOSUM50 AA encoding
    Loading: df_all_blosum50.csv
    Shape: 53072 rows x 650 columns
    [OK] Alignment verified
    New columns: 580

  Merged 580 new columns → 53072 rows x 668 columns

  Loading embedding component: ESM-IF1 embeddings
    Loading prepared embeddings: /home/hilarius/special_course/special_course_spring2026/data/processed/embeddings_prepared/esmif_prepared.h5
    Loaded: 53072 samples, 3 regions, dim=512

================================================================================
COMPONENT SUMMARY
================================================================================

  CSV components (2):
    [handcrafted] Structural features
      Source: split_data (built-in)
    [blosum] BLOSUM50 AA encoding
      Source: /home/hilarius/special_course/special_course_spring2026/data/processed/df_all_blosum50.csv
      New columns added: 580
  Total CSV features: 631
    Structural: 51
    AA-encoded: 580

  Embedding components (1):
    [esmif] ESM-IF1 embeddings
      Raw dim: 1536 (3 regions × 512)
      After PCA: 1536 (512/region × 3 regions)

  Estimated total features: ~2167
    CSV:        631
    Embeddings: 1536 (after PCA)

================================================================================
PIPELINE READY: ~2167 features, 5 folds, Logistic Regression
================================================================================

--------------------------------------------------------------------------------
  FOLD 0/4
--------------------------------------------------------------------------------
    WARNING: X_train: 83391 NaN values replaced with medians
    WARNING: X_test: 10976 NaN values replaced with medians
    CSV features: 631 columns
    esmif: zero-vector samples: train=4276/35381 (12.1%), test=858/8846 (9.7%)
    esmif: PCA 1536 → 1536 (512/region × 3 regions, 100.0% variance, fitted on 31105 non-zero samples)
    Train:  35381 samples (pos=15617, neg=19764, ratio=1.266)
    Test:    8846 samples (pos=3954, neg=4892, ratio=1.237)
    Features: 2167
    Training Logistic Regression ...
    Training time: 44.5s

    Fold 0 results (81.9s):
      AUC-ROC: 0.7126  |  AUC-PR: 0.6580  |  Acc: 0.6587  |  F1: 0.6303  |  MCC: 0.3145
      Sens: 0.6507  |  Spec: 0.6652  |  PPV: 0.6110  |  NPV: 0.7020

    Top 15 feature coefficients:
    Rank   Feature                                        Coefficient
    -----------------------------------------------------------------
    1      rel_distance_from_n_terminus                     -6.323049
    2      rel_distance_from_c_terminus                     -6.296924
    3      P9_M                                             -1.617468
    4      P9_D                                             -1.426751
    5      P8_V                                              1.417331
    6      P9_V                                              1.336552
    7      P9_K                                              1.290624
    8      P9_N                                             -1.202435
    9      C4_I                                             -1.183554
    10     P2_R                                             -1.169709
    11     P8_I                                             -1.159800
    12     N9_I                                              1.130141
    13     P2_K                                             -1.097907
    14     P9_H                                              1.049937
    15     P9_R                                             -1.045808
    Saved model: /home/hilarius/special_course/special_course_spring2026/models/lr_handcrafted_blosum_esmif_model_fold0.pkl

--------------------------------------------------------------------------------
  FOLD 1/4
--------------------------------------------------------------------------------
    WARNING: X_train: 69530 NaN values replaced with medians
    WARNING: X_test: 24837 NaN values replaced with medians
    CSV features: 631 columns
    esmif: zero-vector samples: train=4093/35381 (11.6%), test=1041/8846 (11.8%)
    esmif: PCA 1536 → 1536 (512/region × 3 regions, 100.0% variance, fitted on 31288 non-zero samples)
    Train:  35381 samples (pos=15634, neg=19747, ratio=1.263)
    Test:    8846 samples (pos=3937, neg=4909, ratio=1.247)
    Features: 2167
    Training Logistic Regression ...
    Training time: 44.9s

    Fold 1 results (88.3s):
      AUC-ROC: 0.7045  |  AUC-PR: 0.6481  |  Acc: 0.6502  |  F1: 0.6186  |  MCC: 0.2966
      Sens: 0.6373  |  Spec: 0.6606  |  PPV: 0.6010  |  NPV: 0.6943

    Top 15 feature coefficients:
    Rank   Feature                                        Coefficient
    -----------------------------------------------------------------
    1      rel_distance_from_n_terminus                     -8.010814
    2      rel_distance_from_c_terminus                     -7.960035
    3      P9_M                                             -1.961703
    4      P9_D                                             -1.645212
    5      P8_V                                              1.582546
    6      P9_H                                              1.357706
    7      P9_Q                                              1.345277
    8      P8_I                                             -1.269754
    9      P9_K                                              1.269703
    10     P2_R                                             -1.268215
    11     P9_N                                             -1.230205
    12     P9_V                                              1.195313
    13     P2_H                                              0.989822
    14     N2_I                                             -0.966913
    15     C1_V                                              0.958826
    Saved model: /home/hilarius/special_course/special_course_spring2026/models/lr_handcrafted_blosum_esmif_model_fold1.pkl

--------------------------------------------------------------------------------
  FOLD 2/4
--------------------------------------------------------------------------------
    WARNING: X_train: 69922 NaN values replaced with medians
    WARNING: X_test: 24445 NaN values replaced with medians
    CSV features: 631 columns
    esmif: zero-vector samples: train=3874/35382 (10.9%), test=1260/8845 (14.2%)
    esmif: PCA 1536 → 1536 (512/region × 3 regions, 100.0% variance, fitted on 31508 non-zero samples)
    Train:  35382 samples (pos=15645, neg=19737, ratio=1.262)
    Test:    8845 samples (pos=3926, neg=4919, ratio=1.253)
    Features: 2167
    Training Logistic Regression ...
    Training time: 48.8s

    Fold 2 results (83.8s):
      AUC-ROC: 0.7077  |  AUC-PR: 0.6485  |  Acc: 0.6573  |  F1: 0.6258  |  MCC: 0.3108
      Sens: 0.6457  |  Spec: 0.6666  |  PPV: 0.6072  |  NPV: 0.7021

    Top 15 feature coefficients:
    Rank   Feature                                        Coefficient
    -----------------------------------------------------------------
    1      rel_distance_from_n_terminus                     -6.405771
    2      rel_distance_from_c_terminus                     -6.382903
    3      P9_Q                                              1.297280
    4      C1_R                                              1.296910
    5      P9_M                                             -1.261841
    6      P9_W                                              1.239298
    7      N3_I                                             -1.234873
    8      C4_I                                             -1.204798
    9      P8_V                                              1.173699
    10     P9_K                                              1.163480
    11     N9_I                                              1.148408
    12     C1_L                                              1.056115
    13     P9_D                                             -1.047071
    14     C1_G                                              0.957093
    15     P8_I                                             -0.929017
    Saved model: /home/hilarius/special_course/special_course_spring2026/models/lr_handcrafted_blosum_esmif_model_fold2.pkl

--------------------------------------------------------------------------------
  FOLD 3/4
--------------------------------------------------------------------------------
    WARNING: X_train: 74842 NaN values replaced with medians
    WARNING: X_test: 19525 NaN values replaced with medians
    CSV features: 631 columns
    esmif: zero-vector samples: train=4094/35382 (11.6%), test=1040/8845 (11.8%)
    esmif: PCA 1536 → 1536 (512/region × 3 regions, 100.0% variance, fitted on 31288 non-zero samples)
    Train:  35382 samples (pos=15635, neg=19747, ratio=1.263)
    Test:    8845 samples (pos=3936, neg=4909, ratio=1.247)
    Features: 2167
    Training Logistic Regression ...
    Training time: 51.5s

    Fold 3 results (91.2s):
      AUC-ROC: 0.7167  |  AUC-PR: 0.6611  |  Acc: 0.6578  |  F1: 0.6242  |  MCC: 0.3106
      Sens: 0.6387  |  Spec: 0.6730  |  PPV: 0.6103  |  NPV: 0.6991

    Top 15 feature coefficients:
    Rank   Feature                                        Coefficient
    -----------------------------------------------------------------
    1      rel_distance_from_n_terminus                     -7.030640
    2      rel_distance_from_c_terminus                     -6.993884
    3      P9_M                                             -1.815336
    4      P8_V                                              1.635941
    5      N2_I                                             -1.450755
    6      C1_R                                              1.396179
    7      P9_D                                             -1.373119
    8      C1_L                                              1.295886
    9      P8_I                                             -1.295635
    10     P9_Q                                              1.220050
    11     P2_R                                             -1.218482
    12     P9_V                                              1.158440
    13     P9_H                                              1.158166
    14     C4_I                                             -1.148347
    15     P2_K                                             -1.131556
    Saved model: /home/hilarius/special_course/special_course_spring2026/models/lr_handcrafted_blosum_esmif_model_fold3.pkl

--------------------------------------------------------------------------------
  FOLD 4/4
--------------------------------------------------------------------------------
    WARNING: X_train: 79783 NaN values replaced with medians
    WARNING: X_test: 14584 NaN values replaced with medians
    CSV features: 631 columns
    esmif: zero-vector samples: train=4199/35382 (11.9%), test=935/8845 (10.6%)
    esmif: PCA 1536 → 1536 (512/region × 3 regions, 100.0% variance, fitted on 31183 non-zero samples)
    Train:  35382 samples (pos=15753, neg=19629, ratio=1.246)
    Test:    8845 samples (pos=3818, neg=5027, ratio=1.317)
    Features: 2167
    Training Logistic Regression ...
    Training time: 52.2s

    Fold 4 results (88.2s):
      AUC-ROC: 0.7275  |  AUC-PR: 0.6623  |  Acc: 0.6661  |  F1: 0.6315  |  MCC: 0.3288
      Sens: 0.6627  |  Spec: 0.6688  |  PPV: 0.6031  |  NPV: 0.7230

    Top 15 feature coefficients:
    Rank   Feature                                        Coefficient
    -----------------------------------------------------------------
    1      rel_distance_from_n_terminus                     -6.175183
    2      rel_distance_from_c_terminus                     -6.135450
    3      P9_M                                             -1.199140
    4      C1_R                                              1.198379
    5      P8_V                                              1.174495
    6      P2_R                                             -1.110382
    7      C1_L                                              1.104777
    8      C1_V                                              0.996128
    9      N3_I                                             -0.977596
    10     P9_D                                             -0.927406
    11     P8_I                                             -0.908243
    12     P9_N                                             -0.891145
    13     C1_G                                              0.870099
    14     P2_K                                             -0.867948
    15     P9_V                                              0.842165
    Saved model: /home/hilarius/special_course/special_course_spring2026/models/lr_handcrafted_blosum_esmif_model_fold4.pkl

================================================================================
CROSS-VALIDATION SUMMARY (mean +/- std)
================================================================================
  auc_roc         0.7138 +/- 0.0080    [0.7126  0.7045  0.7077  0.7167  0.7275]
  auc_pr          0.6556 +/- 0.0061    [0.6580  0.6481  0.6485  0.6611  0.6623]
  accuracy        0.6580 +/- 0.0051    [0.6587  0.6502  0.6573  0.6578  0.6661]
  f1              0.6261 +/- 0.0046    [0.6303  0.6186  0.6258  0.6242  0.6315]
  mcc             0.3122 +/- 0.0103    [0.3145  0.2966  0.3108  0.3106  0.3288]
  sensitivity     0.6470 +/- 0.0092    [0.6507  0.6373  0.6457  0.6387  0.6627]
  specificity     0.6668 +/- 0.0041    [0.6652  0.6606  0.6666  0.6730  0.6688]
  ppv             0.6065 +/- 0.0039    [0.6110  0.6010  0.6072  0.6103  0.6031]
  npv             0.7041 +/- 0.0099    [0.7020  0.6943  0.7021  0.6991  0.7230]

  Best fold: 4 (AUC-ROC = 0.7275)

================================================================================
PER-FOLD METRIC COMPARISON
================================================================================
  Fold    auc_roc      auc_pr       accuracy     f1           mcc          sensitivity  specificity  ppv          npv          
  -----------------------------------------------------------------------------------------------------------------------------
  0       0.7126       0.6580       0.6587       0.6303       0.3145       0.6507       0.6652       0.6110       0.7020       
  1       0.7045       0.6481       0.6502       0.6186       0.2966       0.6373       0.6606       0.6010       0.6943       
  2       0.7077       0.6485       0.6573       0.6258       0.3108       0.6457       0.6666       0.6072       0.7021       
  3       0.7167       0.6611       0.6578       0.6242       0.3106       0.6387       0.6730       0.6103       0.6991       
  4       0.7275       0.6623       0.6661       0.6315       0.3288       0.6627       0.6688       0.6031       0.7230       
  -----------------------------------------------------------------------------------------------------------------------------
  mean    0.7138       0.6556       0.6580       0.6261       0.3122       0.6470       0.6668       0.6065       0.7041       
  std     0.0080       0.0061       0.0051       0.0046       0.0103       0.0092       0.0041       0.0039       0.0099       

================================================================================
AVERAGED COEFFICIENTS ACROSS ALL FOLDS
================================================================================
  Rank   Feature                                          Mean Coef          Std
  -----------------------------------------------------------------------------
  1      rel_distance_from_n_terminus                     -6.789092     0.677047
  2      rel_distance_from_c_terminus                     -6.753839     0.669522
  3      P9_M                                             -1.571098     0.299455
  4      P8_V                                              1.396802     0.195604
  5      P9_D                                             -1.283912     0.261568
  6      C1_R                                              1.171090     0.168684
  7      P2_R                                             -1.114929     0.162195
  8      P8_I                                             -1.112490     0.164859
  9      C1_L                                              1.065848     0.135405
  10     P9_Q                                              1.052895     0.297639
  11     P9_V                                              1.050024     0.231792
  12     P9_N                                             -1.039779     0.151774
  13     P9_K                                              1.031351     0.262795
  14     P2_K                                             -0.992499     0.103219
  15     C4_I                                             -0.961824     0.286615
  16     N9_I                                              0.956446     0.158195
  17     C1_V                                              0.953284     0.101972
  18     P9_W                                              0.903921     0.195788
  19     C1_G                                              0.858662     0.130622
  20     P2_H                                              0.830464     0.174251
  21     C1_P                                              0.807065     0.116534
  22     C1_D                                              0.802808     0.085584
  23     N2_I                                             -0.773793     0.388441
  24     C5_I                                              0.771517     0.135725
  25     N2_V                                              0.752783     0.172627
  26     N3_I                                             -0.722694     0.349065
  27     P9_H                                              0.716699     0.758095
  28     P9_R                                             -0.715281     0.206291
  29     P2_P                                              0.694217     0.177253
  30     P8_F                                              0.693672     0.092880

================================================================================
HELD-OUT VALIDATION SET EVALUATION
================================================================================
  Using model from best fold (4)
  Held-out samples: 8845 (pos=3870, neg=4975, ratio=1.286)

  Held-out results (8845 samples):
    AUC-ROC: 0.7229  |  AUC-PR: 0.6570  |  Acc: 0.6661  |  F1: 0.6314  |  MCC: 0.3276
    Sens: 0.6535  |  Spec: 0.6760  |  PPV: 0.6107  |  NPV: 0.7149

  Classification Report:
              precision    recall  f1-score   support

    Negative     0.7149    0.6760    0.6949      4975
    Positive     0.6107    0.6535    0.6314      3870

    accuracy                         0.6661      8845
   macro avg     0.6628    0.6647    0.6631      8845
weighted avg     0.6693    0.6661    0.6671      8845

================================================================================
CV AVERAGE vs HELD-OUT COMPARISON
================================================================================
  Metric             CV mean     CV std   Held-out      Delta
  ---------------------------------------------------------
  auc_roc             0.7138     0.0080     0.7229    +0.0091
  auc_pr              0.6556     0.0061     0.6570    +0.0014
  accuracy            0.6580     0.0051     0.6661    +0.0081
  f1                  0.6261     0.0046     0.6314    +0.0053
  mcc                 0.3122     0.0103     0.3276    +0.0153
  sensitivity         0.6470     0.0092     0.6535    +0.0065
  specificity         0.6668     0.0041     0.6760    +0.0091
  ppv                 0.6065     0.0039     0.6107    +0.0042
  npv                 0.7041     0.0099     0.7149    +0.0108

Results saved: /home/hilarius/special_course/special_course_spring2026/models/cv_results_lr_handcrafted_blosum_esmif_20260506_192932.json
Best model saved: /home/hilarius/special_course/special_course_spring2026/models/best_lr_handcrafted_blosum_esmif_model.pkl
Fold artifacts saved: /home/hilarius/special_course/special_course_spring2026/models/best_lr_handcrafted_blosum_esmif_artifacts.pkl
Feature names saved: /home/hilarius/special_course/special_course_spring2026/models/lr_handcrafted_blosum_esmif_feature_names.json

================================================================================
RUN SUMMARY
================================================================================
  Total runtime:    440.3s (7.3 min)
  Model:            Logistic Regression (lr)
  Feature set:      Structural + BLOSUM50 + ESM-IF (handcrafted_blosum_esmif)
  Components:       ['handcrafted', 'blosum', 'esmif']
  Scaling:          yes
  Features (final): 2167
    CSV features:   631
    esmif PCA:     1536
  CV folds:         5
  Best fold:        4 (AUC = 0.7275)
  Held-out AUC:     0.7229
  Held-out MCC:     0.3276
  Models dir:       /home/hilarius/special_course/special_course_spring2026/models/
  Results file:     /home/hilarius/special_course/special_course_spring2026/models/cv_results_lr_handcrafted_blosum_esmif_20260506_192932.json
  Feature names:    /home/hilarius/special_course/special_course_spring2026/models/lr_handcrafted_blosum_esmif_feature_names.json
  Log file:         /home/hilarius/special_course/special_course_spring2026/logs/04_modelling_lr_handcrafted_blosum_esmif_log_20260506_192932.txt
  Completed:        2026-05-06 19:36:52
================================================================================

############################################################
>>> $1
>>> CMD: bash -c cd .. && python src/06_feature_importance.py --features 'esmif' --models lr rf --top 30 --top_compare 30 --top_big 70 --out_root 'results/figures/models/feature_importance_esmif_full'
############################################################
Traceback (most recent call last):
  File "/home/hilarius/special_course/special_course_spring2026/src/06_feature_importance.py", line 28, in <module>
    import matplotlib
ModuleNotFoundError: No module named 'matplotlib'
!!! FAILED (exit 1): bash -c cd .. && python src/06_feature_importance.py --features 'esmif' --models lr rf --top 30 --top_compare 30 --top_big 70 --out_root 'results/figures/models/feature_importance_esmif_full'

############################################################
>>> $1
>>> CMD: bash -c cd .. && python src/06_feature_importance.py --features 'handcrafted_sparse_esmif' --models lr rf --top 30 --top_compare 30 --top_big 70 --out_root 'results/figures/models/feature_importance_esmif_full'
############################################################
Traceback (most recent call last):
  File "/home/hilarius/special_course/special_course_spring2026/src/06_feature_importance.py", line 28, in <module>
    import matplotlib
ModuleNotFoundError: No module named 'matplotlib'
!!! FAILED (exit 1): bash -c cd .. && python src/06_feature_importance.py --features 'handcrafted_sparse_esmif' --models lr rf --top 30 --top_compare 30 --top_big 70 --out_root 'results/figures/models/feature_importance_esmif_full'

############################################################
>>> $1
>>> CMD: bash -c cd .. && python src/06_feature_importance.py --features 'handcrafted_blosum_esmif' --models lr rf --top 30 --top_compare 30 --top_big 70 --out_root 'results/figures/models/feature_importance_esmif_full'
############################################################
Traceback (most recent call last):
  File "/home/hilarius/special_course/special_course_spring2026/src/06_feature_importance.py", line 28, in <module>
    import matplotlib
ModuleNotFoundError: No module named 'matplotlib'
!!! FAILED (exit 1): bash -c cd .. && python src/06_feature_importance.py --features 'handcrafted_blosum_esmif' --models lr rf --top 30 --top_compare 30 --top_big 70 --out_root 'results/figures/models/feature_importance_esmif_full'

############################################################
>>> $1
>>> CMD: python 04_modelling.py --model rf --features all_sparse
############################################################
[OK] Data file found: /home/hilarius/special_course/special_course_spring2026/data/processed/df_all.csv
[OK] Config validated: 5-fold CV + 1 held-out = 6 buckets
     Project root:  /home/hilarius/special_course/special_course_spring2026
     Data dir:      /home/hilarius/special_course/special_course_spring2026/data/processed
     Embedding dir: /home/hilarius/special_course/special_course_spring2026/data/processed/embeddings
     Log dir:       /home/hilarius/special_course/special_course_spring2026/logs
     Model dir:     /home/hilarius/special_course/special_course_spring2026/models
     Models:        lr, rf
     Feature sets:  all_blosum, all_sparse, esmc, esmif, esmif_hybrid, esmif_hybrid_20_fb, esmif_hybrid_40_fb, esmif_hybrid_60_fb, esmif_hybrid_80_fb, handcrafted, handcrafted_blosum, handcrafted_blosum_esmc, handcrafted_blosum_esmif, handcrafted_sparse, handcrafted_sparse_esmc, handcrafted_sparse_esmif, handcrafted_sparse_esmif_h20fb, handcrafted_sparse_esmif_h40fb, handcrafted_sparse_esmif_h60fb, handcrafted_sparse_esmif_h80fb, handcrafted_sparse_esmif_hybrid
     Components:    blosum, esmc, esmif, esmif_hybrid, esmif_hybrid_20_fb, esmif_hybrid_40_fb, esmif_hybrid_60_fb, esmif_hybrid_80_fb, handcrafted, sparse
================================================================================
  04_MODELLING -- RANDOM FOREST + STRUCTURAL + ONE-HOT + ESM-C + ESM-IF
================================================================================
  Timestamp:       2026-05-06 19:36:54
  Model key:       rf
  Model class:     sklearn.ensemble.RandomForestClassifier
  Feature set:     all_sparse (Structural + one-hot + ESM-C + ESM-IF)
  Components:      ['handcrafted', 'sparse', 'esmc', 'esmif']
  Data path:       /home/hilarius/special_course/special_course_spring2026/data/processed/df_all_with_folds.csv
  Log path:        /home/hilarius/special_course/special_course_spring2026/logs/04_modelling_rf_all_sparse_log_20260506_193654.txt
  CV folds (k):    5
  Held-out bucket: 5
  Random state:    42
  Needs scaling:   False

  Model hyperparameters:
    n_estimators              1000
    max_depth                 None
    min_samples_split         2
    min_samples_leaf          1
    max_features              sqrt
    class_weight              balanced
    n_jobs                    -1
    random_state              42
    verbose                   0
================================================================================

Loading split data: /home/hilarius/special_course/special_course_spring2026/data/processed/df_all_with_folds.csv
  Shape: 53072 rows x 88 columns
  [OK] Fold column validated: [0, 1, 2, 3, 4, 5]

================================================================================
LOADING FEATURE COMPONENTS
================================================================================

  Loading CSV component: One-hot AA encoding
    Loading: df_all_sparse.csv
    Shape: 53072 rows x 650 columns
    [OK] Alignment verified
    New columns: 580

  Merged 580 new columns → 53072 rows x 668 columns

  Loading embedding component: ESM-C (600M) embeddings
    Loading prepared embeddings: /home/hilarius/special_course/special_course_spring2026/data/processed/embeddings_prepared/esmc_prepared.h5
    Loaded: 53072 samples, 3 regions, dim=1152

  Loading embedding component: ESM-IF1 embeddings
    Loading prepared embeddings: /home/hilarius/special_course/special_course_spring2026/data/processed/embeddings_prepared/esmif_prepared.h5
    Loaded: 53072 samples, 3 regions, dim=512

================================================================================
COMPONENT SUMMARY
================================================================================

  CSV components (2):
    [handcrafted] Structural features
      Source: split_data (built-in)
    [sparse] One-hot AA encoding
      Source: /home/hilarius/special_course/special_course_spring2026/data/processed/df_all_sparse.csv
      New columns added: 580
  Total CSV features: 631
    Structural: 51
    AA-encoded: 580

  Embedding components (2):
    [esmc] ESM-C (600M) embeddings
      Raw dim: 3456 (3 regions × 1152)
      After PCA: 150 (50/region × 3 regions)
    [esmif] ESM-IF1 embeddings
      Raw dim: 1536 (3 regions × 512)
      After PCA: 150 (50/region × 3 regions)

  Estimated total features: ~931
    CSV:        631
    Embeddings: 300 (after PCA)

================================================================================
PIPELINE READY: ~931 features, 5 folds, Random Forest
================================================================================

--------------------------------------------------------------------------------
  FOLD 0/4
--------------------------------------------------------------------------------
    WARNING: X_train: 83391 NaN values replaced with medians
    WARNING: X_test: 10976 NaN values replaced with medians
    CSV features: 631 columns
    esmc: zero-vector samples: train=0/35381 (0.0%), test=0/8846 (0.0%)
    esmc: PCA 3456 → 150 (50/region × 3 regions, 86.7% variance, fitted on 35381 non-zero samples)
    esmif: zero-vector samples: train=4276/35381 (12.1%), test=858/8846 (9.7%)
    esmif: PCA 1536 → 150 (50/region × 3 regions, 75.6% variance, fitted on 31105 non-zero samples)
    Train:  35381 samples (pos=15617, neg=19764, ratio=1.266)
    Test:    8846 samples (pos=3954, neg=4892, ratio=1.237)
    Features: 931
    Training Random Forest ...
    Training time: 57.1s

    Fold 0 results (83.7s):
      AUC-ROC: 0.6879  |  AUC-PR: 0.6246  |  Acc: 0.6205  |  F1: 0.4323  |  MCC: 0.2203
      Sens: 0.3232  |  Spec: 0.8608  |  PPV: 0.6524  |  NPV: 0.6114

    Top 15 feature importances:
    Rank   Feature                                         Importance
    -----------------------------------------------------------------
    1      esmc_PC013                                        0.005039
    2      esmc_PC019                                        0.004977
    3      esmc_PC001                                        0.004796
    4      esmif_PC003                                       0.004775
    5      esmc_PC006                                        0.004157
    6      esmc_PC003                                        0.004030
    7      esmc_PC007                                        0.003796
    8      esmc_PC029                                        0.003725
    9      esmc_PC017                                        0.003599
    10     esmc_PC002                                        0.003584
    11     mean_plddt_peptide                                0.003503
    12     esmif_PC141                                       0.003493
    13     esmc_PC005                                        0.003482
    14     esmc_PC046                                        0.003455
    15     esmc_PC015                                        0.003452
    Saved model: /home/hilarius/special_course/special_course_spring2026/models/rf_all_sparse_model_fold0.pkl

--------------------------------------------------------------------------------
  FOLD 1/4
--------------------------------------------------------------------------------
    WARNING: X_train: 69530 NaN values replaced with medians
    WARNING: X_test: 24837 NaN values replaced with medians
    CSV features: 631 columns
    esmc: zero-vector samples: train=0/35381 (0.0%), test=0/8846 (0.0%)
    esmc: PCA 3456 → 150 (50/region × 3 regions, 86.8% variance, fitted on 35381 non-zero samples)
    esmif: zero-vector samples: train=4093/35381 (11.6%), test=1041/8846 (11.8%)
    esmif: PCA 1536 → 150 (50/region × 3 regions, 75.6% variance, fitted on 31288 non-zero samples)
    Train:  35381 samples (pos=15634, neg=19747, ratio=1.263)
    Test:    8846 samples (pos=3937, neg=4909, ratio=1.247)
    Features: 931
    Training Random Forest ...
    Training time: 56.5s

    Fold 1 results (90.8s):
      AUC-ROC: 0.6572  |  AUC-PR: 0.5995  |  Acc: 0.6212  |  F1: 0.4333  |  MCC: 0.2193
      Sens: 0.3254  |  Spec: 0.8584  |  PPV: 0.6483  |  NPV: 0.6134

    Top 15 feature importances:
    Rank   Feature                                         Importance
    -----------------------------------------------------------------
    1      esmc_PC013                                        0.005527
    2      esmif_PC003                                       0.005221
    3      esmc_PC019                                        0.004656
    4      esmc_PC001                                        0.004551
    5      esmc_PC006                                        0.004013
    6      esmc_PC003                                        0.003882
    7      esmc_PC007                                        0.003807
    8      esmif_PC002                                       0.003779
    9      esmif_PC067                                       0.003714
    10     esmif_PC123                                       0.003706
    11     mean_plddt_peptide                                0.003662
    12     esmif_PC032                                       0.003634
    13     mean_plddt_nflank                                 0.003617
    14     esmc_PC018                                        0.003529
    15     esmc_PC060                                        0.003482
    Saved model: /home/hilarius/special_course/special_course_spring2026/models/rf_all_sparse_model_fold1.pkl

--------------------------------------------------------------------------------
  FOLD 2/4
--------------------------------------------------------------------------------
    WARNING: X_train: 69922 NaN values replaced with medians
    WARNING: X_test: 24445 NaN values replaced with medians
    CSV features: 631 columns
    esmc: zero-vector samples: train=0/35382 (0.0%), test=0/8845 (0.0%)
    esmc: PCA 3456 → 150 (50/region × 3 regions, 86.5% variance, fitted on 35382 non-zero samples)
    esmif: zero-vector samples: train=3874/35382 (10.9%), test=1260/8845 (14.2%)
    esmif: PCA 1536 → 150 (50/region × 3 regions, 75.7% variance, fitted on 31508 non-zero samples)
    Train:  35382 samples (pos=15645, neg=19737, ratio=1.262)
    Test:    8845 samples (pos=3926, neg=4919, ratio=1.253)
    Features: 931
    Training Random Forest ...
    Training time: 58.3s

    Fold 2 results (92.7s):
      AUC-ROC: 0.6913  |  AUC-PR: 0.6294  |  Acc: 0.6291  |  F1: 0.4319  |  MCC: 0.2386
      Sens: 0.3176  |  Spec: 0.8776  |  PPV: 0.6744  |  NPV: 0.6171

    Top 15 feature importances:
    Rank   Feature                                         Importance
    -----------------------------------------------------------------
    1      esmif_PC003                                       0.005079
    2      esmc_PC013                                        0.004619
    3      esmc_PC018                                        0.004534
    4      esmc_PC001                                        0.004443
    5      esmc_PC003                                        0.004203
    6      esmc_PC006                                        0.004168
    7      esmc_PC064                                        0.003887
    8      esmc_PC036                                        0.003808
    9      esmc_PC007                                        0.003804
    10     esmc_PC019                                        0.003677
    11     esmif_PC002                                       0.003577
    12     esmc_PC059                                        0.003573
    13     esmc_PC046                                        0.003565
    14     esmc_PC002                                        0.003497
    15     esmc_PC011                                        0.003467
    Saved model: /home/hilarius/special_course/special_course_spring2026/models/rf_all_sparse_model_fold2.pkl

--------------------------------------------------------------------------------
  FOLD 3/4
--------------------------------------------------------------------------------
    WARNING: X_train: 74842 NaN values replaced with medians
    WARNING: X_test: 19525 NaN values replaced with medians
    CSV features: 631 columns
    esmc: zero-vector samples: train=0/35382 (0.0%), test=0/8845 (0.0%)
    esmc: PCA 3456 → 150 (50/region × 3 regions, 86.7% variance, fitted on 35382 non-zero samples)
    esmif: zero-vector samples: train=4094/35382 (11.6%), test=1040/8845 (11.8%)
    esmif: PCA 1536 → 150 (50/region × 3 regions, 75.7% variance, fitted on 31288 non-zero samples)
    Train:  35382 samples (pos=15635, neg=19747, ratio=1.263)
    Test:    8845 samples (pos=3936, neg=4909, ratio=1.247)
    Features: 931
    Training Random Forest ...
    Training time: 57.3s

    Fold 3 results (88.9s):
      AUC-ROC: 0.6747  |  AUC-PR: 0.6120  |  Acc: 0.6231  |  F1: 0.4328  |  MCC: 0.2241
      Sens: 0.3232  |  Spec: 0.8635  |  PPV: 0.6550  |  NPV: 0.6141

    Top 15 feature importances:
    Rank   Feature                                         Importance
    -----------------------------------------------------------------
    1      esmc_PC019                                        0.005707
    2      esmif_PC003                                       0.005060
    3      esmc_PC001                                        0.004553
    4      esmc_PC003                                        0.004181
    5      esmif_PC002                                       0.003853
    6      mean_plddt_peptide                                0.003842
    7      esmc_PC060                                        0.003819
    8      esmc_PC007                                        0.003802
    9      esmc_PC006                                        0.003753
    10     esmc_PC013                                        0.003699
    11     mean_plddt_nflank                                 0.003608
    12     esmc_PC012                                        0.003561
    13     esmc_PC002                                        0.003542
    14     esmc_PC015                                        0.003474
    15     esmif_PC004                                       0.003470
    Saved model: /home/hilarius/special_course/special_course_spring2026/models/rf_all_sparse_model_fold3.pkl

--------------------------------------------------------------------------------
  FOLD 4/4
--------------------------------------------------------------------------------
    WARNING: X_train: 79783 NaN values replaced with medians
    WARNING: X_test: 14584 NaN values replaced with medians
    CSV features: 631 columns
    esmc: zero-vector samples: train=0/35382 (0.0%), test=0/8845 (0.0%)
    esmc: PCA 3456 → 150 (50/region × 3 regions, 86.7% variance, fitted on 35382 non-zero samples)
    esmif: zero-vector samples: train=4199/35382 (11.9%), test=935/8845 (10.6%)
    esmif: PCA 1536 → 150 (50/region × 3 regions, 75.7% variance, fitted on 31183 non-zero samples)
    Train:  35382 samples (pos=15753, neg=19629, ratio=1.246)
    Test:    8845 samples (pos=3818, neg=5027, ratio=1.317)
    Features: 931
    Training Random Forest ...
    Training time: 56.9s

    Fold 4 results (84.7s):
      AUC-ROC: 0.7049  |  AUC-PR: 0.6303  |  Acc: 0.6497  |  F1: 0.4697  |  MCC: 0.2708
      Sens: 0.3594  |  Spec: 0.8703  |  PPV: 0.6779  |  NPV: 0.6414

    Top 15 feature importances:
    Rank   Feature                                         Importance
    -----------------------------------------------------------------
    1      esmc_PC013                                        0.005214
    2      esmc_PC001                                        0.004837
    3      esmc_PC019                                        0.004742
    4      esmif_PC003                                       0.004482
    5      esmc_PC003                                        0.004304
    6      esmc_PC006                                        0.003925
    7      esmc_PC007                                        0.003833
    8      esmc_PC002                                        0.003651
    9      esmc_PC027                                        0.003647
    10     esmc_PC016                                        0.003585
    11     esmc_PC010                                        0.003555
    12     esmc_PC030                                        0.003543
    13     mean_plddt_peptide                                0.003515
    14     esmc_PC005                                        0.003506
    15     mean_plddt_nflank                                 0.003461
    Saved model: /home/hilarius/special_course/special_course_spring2026/models/rf_all_sparse_model_fold4.pkl

================================================================================
CROSS-VALIDATION SUMMARY (mean +/- std)
================================================================================
  auc_roc         0.6832 +/- 0.0161    [0.6879  0.6572  0.6913  0.6747  0.7049]
  auc_pr          0.6191 +/- 0.0118    [0.6246  0.5995  0.6294  0.6120  0.6303]
  accuracy        0.6287 +/- 0.0109    [0.6205  0.6212  0.6291  0.6231  0.6497]
  f1              0.4400 +/- 0.0149    [0.4323  0.4333  0.4319  0.4328  0.4697]
  mcc             0.2346 +/- 0.0193    [0.2203  0.2193  0.2386  0.2241  0.2708]
  sensitivity     0.3297 +/- 0.0150    [0.3232  0.3254  0.3176  0.3232  0.3594]
  specificity     0.8661 +/- 0.0070    [0.8608  0.8584  0.8776  0.8635  0.8703]
  ppv             0.6616 +/- 0.0121    [0.6524  0.6483  0.6744  0.6550  0.6779]
  npv             0.6195 +/- 0.0111    [0.6114  0.6134  0.6171  0.6141  0.6414]

  Best fold: 4 (AUC-ROC = 0.7049)

================================================================================
PER-FOLD METRIC COMPARISON
================================================================================
  Fold    auc_roc      auc_pr       accuracy     f1           mcc          sensitivity  specificity  ppv          npv          
  -----------------------------------------------------------------------------------------------------------------------------
  0       0.6879       0.6246       0.6205       0.4323       0.2203       0.3232       0.8608       0.6524       0.6114       
  1       0.6572       0.5995       0.6212       0.4333       0.2193       0.3254       0.8584       0.6483       0.6134       
  2       0.6913       0.6294       0.6291       0.4319       0.2386       0.3176       0.8776       0.6744       0.6171       
  3       0.6747       0.6120       0.6231       0.4328       0.2241       0.3232       0.8635       0.6550       0.6141       
  4       0.7049       0.6303       0.6497       0.4697       0.2708       0.3594       0.8703       0.6779       0.6414       
  -----------------------------------------------------------------------------------------------------------------------------
  mean    0.6832       0.6191       0.6287       0.4400       0.2346       0.3297       0.8661       0.6616       0.6195       
  std     0.0161       0.0118       0.0109       0.0149       0.0193       0.0150       0.0070       0.0121       0.0111       

================================================================================
AVERAGED FEATURE IMPORTANCE ACROSS ALL FOLDS
================================================================================
  Rank   Feature                                           Mean Imp          Std
  -----------------------------------------------------------------------------
  1      esmif_PC003                                       0.004923     0.000264
  2      esmc_PC013                                        0.004820     0.000633
  3      esmc_PC019                                        0.004752     0.000652
  4      esmc_PC001                                        0.004636     0.000153
  5      esmc_PC003                                        0.004120     0.000148
  6      esmc_PC006                                        0.004003     0.000155
  7      esmc_PC007                                        0.003809     0.000013
  8      esmif_PC002                                       0.003605     0.000184
  9      mean_plddt_peptide                                0.003578     0.000161
  10     esmc_PC002                                        0.003551     0.000062
  11     esmc_PC018                                        0.003515     0.000531
  12     mean_plddt_nflank                                 0.003500     0.000094
  13     esmc_PC010                                        0.003398     0.000097
  14     esmc_PC060                                        0.003388     0.000288
  15     esmc_PC011                                        0.003373     0.000113
  16     esmc_PC015                                        0.003354     0.000120
  17     esmif_PC032                                       0.003335     0.000221
  18     esmif_PC004                                       0.003320     0.000131
  19     mean_rsa_cflank                                   0.003298     0.000086
  20     esmc_PC036                                        0.003298     0.000284
  21     esmc_PC027                                        0.003297     0.000211
  22     esmc_PC029                                        0.003290     0.000230
  23     esmc_PC046                                        0.003289     0.000186
  24     esmc_PC016                                        0.003280     0.000197
  25     esmc_PC064                                        0.003270     0.000322
  26     esmc_PC005                                        0.003247     0.000204
  27     esmc_PC017                                        0.003243     0.000230
  28     esmc_PC061                                        0.003212     0.000170
  29     esmc_PC039                                        0.003211     0.000184
  30     esmc_PC021                                        0.003181     0.000101

================================================================================
HELD-OUT VALIDATION SET EVALUATION
================================================================================
  Using model from best fold (4)
  Held-out samples: 8845 (pos=3870, neg=4975, ratio=1.286)

  Held-out results (8845 samples):
    AUC-ROC: 0.6764  |  AUC-PR: 0.6075  |  Acc: 0.6276  |  F1: 0.4375  |  MCC: 0.2251
    Sens: 0.3310  |  Spec: 0.8583  |  PPV: 0.6450  |  NPV: 0.6225

  Classification Report:
              precision    recall  f1-score   support

    Negative     0.6225    0.8583    0.7216      4975
    Positive     0.6450    0.3310    0.4375      3870

    accuracy                         0.6276      8845
   macro avg     0.6338    0.5946    0.5796      8845
weighted avg     0.6324    0.6276    0.5973      8845

================================================================================
CV AVERAGE vs HELD-OUT COMPARISON
================================================================================
  Metric             CV mean     CV std   Held-out      Delta
  ---------------------------------------------------------
  auc_roc             0.6832     0.0161     0.6764    -0.0069
  auc_pr              0.6191     0.0118     0.6075    -0.0116
  accuracy            0.6287     0.0109     0.6276    -0.0011
  f1                  0.4400     0.0149     0.4375    -0.0025
  mcc                 0.2346     0.0193     0.2251    -0.0096
  sensitivity         0.3297     0.0150     0.3310    +0.0013
  specificity         0.8661     0.0070     0.8583    -0.0078
  ppv                 0.6616     0.0121     0.6450    -0.0166
  npv                 0.6195     0.0111     0.6225    +0.0031

Results saved: /home/hilarius/special_course/special_course_spring2026/models/cv_results_rf_all_sparse_20260506_193654.json
Best model saved: /home/hilarius/special_course/special_course_spring2026/models/best_rf_all_sparse_model.pkl
Fold artifacts saved: /home/hilarius/special_course/special_course_spring2026/models/best_rf_all_sparse_artifacts.pkl
Feature names saved: /home/hilarius/special_course/special_course_spring2026/models/rf_all_sparse_feature_names.json

================================================================================
RUN SUMMARY
================================================================================
  Total runtime:    466.0s (7.8 min)
  Model:            Random Forest (rf)
  Feature set:      Structural + one-hot + ESM-C + ESM-IF (all_sparse)
  Components:       ['handcrafted', 'sparse', 'esmc', 'esmif']
  Scaling:          no
  Features (final): 931
    CSV features:   631
    esmc PCA:     150
    esmif PCA:     150
  CV folds:         5
  Best fold:        4 (AUC = 0.7049)
  Held-out AUC:     0.6764
  Held-out MCC:     0.2251
  Models dir:       /home/hilarius/special_course/special_course_spring2026/models/
  Results file:     /home/hilarius/special_course/special_course_spring2026/models/cv_results_rf_all_sparse_20260506_193654.json
  Feature names:    /home/hilarius/special_course/special_course_spring2026/models/rf_all_sparse_feature_names.json
  Log file:         /home/hilarius/special_course/special_course_spring2026/logs/04_modelling_rf_all_sparse_log_20260506_193654.txt
  Completed:        2026-05-06 19:44:40
================================================================================

############################################################
>>> $1
>>> CMD: python 04_modelling.py --model rf --features all_blosum
############################################################
[OK] Data file found: /home/hilarius/special_course/special_course_spring2026/data/processed/df_all.csv
[OK] Config validated: 5-fold CV + 1 held-out = 6 buckets
     Project root:  /home/hilarius/special_course/special_course_spring2026
     Data dir:      /home/hilarius/special_course/special_course_spring2026/data/processed
     Embedding dir: /home/hilarius/special_course/special_course_spring2026/data/processed/embeddings
     Log dir:       /home/hilarius/special_course/special_course_spring2026/logs
     Model dir:     /home/hilarius/special_course/special_course_spring2026/models
     Models:        lr, rf
     Feature sets:  all_blosum, all_sparse, esmc, esmif, esmif_hybrid, esmif_hybrid_20_fb, esmif_hybrid_40_fb, esmif_hybrid_60_fb, esmif_hybrid_80_fb, handcrafted, handcrafted_blosum, handcrafted_blosum_esmc, handcrafted_blosum_esmif, handcrafted_sparse, handcrafted_sparse_esmc, handcrafted_sparse_esmif, handcrafted_sparse_esmif_h20fb, handcrafted_sparse_esmif_h40fb, handcrafted_sparse_esmif_h60fb, handcrafted_sparse_esmif_h80fb, handcrafted_sparse_esmif_hybrid
     Components:    blosum, esmc, esmif, esmif_hybrid, esmif_hybrid_20_fb, esmif_hybrid_40_fb, esmif_hybrid_60_fb, esmif_hybrid_80_fb, handcrafted, sparse
================================================================================
  04_MODELLING -- RANDOM FOREST + STRUCTURAL + BLOSUM50 + ESM-C + ESM-IF
================================================================================
  Timestamp:       2026-05-06 19:44:42
  Model key:       rf
  Model class:     sklearn.ensemble.RandomForestClassifier
  Feature set:     all_blosum (Structural + BLOSUM50 + ESM-C + ESM-IF)
  Components:      ['handcrafted', 'blosum', 'esmc', 'esmif']
  Data path:       /home/hilarius/special_course/special_course_spring2026/data/processed/df_all_with_folds.csv
  Log path:        /home/hilarius/special_course/special_course_spring2026/logs/04_modelling_rf_all_blosum_log_20260506_194442.txt
  CV folds (k):    5
  Held-out bucket: 5
  Random state:    42
  Needs scaling:   False

  Model hyperparameters:
    n_estimators              1000
    max_depth                 None
    min_samples_split         2
    min_samples_leaf          1
    max_features              sqrt
    class_weight              balanced
    n_jobs                    -1
    random_state              42
    verbose                   0
================================================================================

Loading split data: /home/hilarius/special_course/special_course_spring2026/data/processed/df_all_with_folds.csv
  Shape: 53072 rows x 88 columns
  [OK] Fold column validated: [0, 1, 2, 3, 4, 5]

================================================================================
LOADING FEATURE COMPONENTS
================================================================================

  Loading CSV component: BLOSUM50 AA encoding
    Loading: df_all_blosum50.csv
    Shape: 53072 rows x 650 columns
    [OK] Alignment verified
    New columns: 580

  Merged 580 new columns → 53072 rows x 668 columns

  Loading embedding component: ESM-C (600M) embeddings
    Loading prepared embeddings: /home/hilarius/special_course/special_course_spring2026/data/processed/embeddings_prepared/esmc_prepared.h5
    Loaded: 53072 samples, 3 regions, dim=1152

  Loading embedding component: ESM-IF1 embeddings
    Loading prepared embeddings: /home/hilarius/special_course/special_course_spring2026/data/processed/embeddings_prepared/esmif_prepared.h5
    Loaded: 53072 samples, 3 regions, dim=512

================================================================================
COMPONENT SUMMARY
================================================================================

  CSV components (2):
    [handcrafted] Structural features
      Source: split_data (built-in)
    [blosum] BLOSUM50 AA encoding
      Source: /home/hilarius/special_course/special_course_spring2026/data/processed/df_all_blosum50.csv
      New columns added: 580
  Total CSV features: 631
    Structural: 51
    AA-encoded: 580

  Embedding components (2):
    [esmc] ESM-C (600M) embeddings
      Raw dim: 3456 (3 regions × 1152)
      After PCA: 150 (50/region × 3 regions)
    [esmif] ESM-IF1 embeddings
      Raw dim: 1536 (3 regions × 512)
      After PCA: 150 (50/region × 3 regions)

  Estimated total features: ~931
    CSV:        631
    Embeddings: 300 (after PCA)

================================================================================
PIPELINE READY: ~931 features, 5 folds, Random Forest
================================================================================

--------------------------------------------------------------------------------
  FOLD 0/4
--------------------------------------------------------------------------------
    WARNING: X_train: 83391 NaN values replaced with medians
    WARNING: X_test: 10976 NaN values replaced with medians
    CSV features: 631 columns
    esmc: zero-vector samples: train=0/35381 (0.0%), test=0/8846 (0.0%)
    esmc: PCA 3456 → 150 (50/region × 3 regions, 86.7% variance, fitted on 35381 non-zero samples)
    esmif: zero-vector samples: train=4276/35381 (12.1%), test=858/8846 (9.7%)
    esmif: PCA 1536 → 150 (50/region × 3 regions, 75.6% variance, fitted on 31105 non-zero samples)
    Train:  35381 samples (pos=15617, neg=19764, ratio=1.266)
    Test:    8846 samples (pos=3954, neg=4892, ratio=1.237)
    Features: 931
    Training Random Forest ...
    Training time: 61.1s

    Fold 0 results (90.0s):
      AUC-ROC: 0.7122  |  AUC-PR: 0.6538  |  Acc: 0.6473  |  F1: 0.5057  |  MCC: 0.2787
      Sens: 0.4036  |  Spec: 0.8442  |  PPV: 0.6768  |  NPV: 0.6366

    Top 15 feature importances:
    Rank   Feature                                         Importance
    -----------------------------------------------------------------
    1      esmc_PC019                                        0.003882
    2      esmc_PC013                                        0.003835
    3      esmc_PC001                                        0.003706
    4      esmif_PC003                                       0.003657
    5      esmif_PC002                                       0.002868
    6      esmif_PC141                                       0.002867
    7      mean_plddt_peptide                                0.002857
    8      esmc_PC006                                        0.002663
    9      mean_plddt_nflank                                 0.002662
    10     esmif_PC068                                       0.002645
    11     esmif_PC004                                       0.002632
    12     esmc_PC029                                        0.002595
    13     esmc_PC046                                        0.002514
    14     esmc_PC003                                        0.002513
    15     esmc_PC017                                        0.002454
    Saved model: /home/hilarius/special_course/special_course_spring2026/models/rf_all_blosum_model_fold0.pkl

--------------------------------------------------------------------------------
  FOLD 1/4
--------------------------------------------------------------------------------
    WARNING: X_train: 69530 NaN values replaced with medians
    WARNING: X_test: 24837 NaN values replaced with medians
    CSV features: 631 columns
    esmc: zero-vector samples: train=0/35381 (0.0%), test=0/8846 (0.0%)
    esmc: PCA 3456 → 150 (50/region × 3 regions, 86.8% variance, fitted on 35381 non-zero samples)
    esmif: zero-vector samples: train=4093/35381 (11.6%), test=1041/8846 (11.8%)
    esmif: PCA 1536 → 150 (50/region × 3 regions, 75.6% variance, fitted on 31288 non-zero samples)
    Train:  35381 samples (pos=15634, neg=19747, ratio=1.263)
    Test:    8846 samples (pos=3937, neg=4909, ratio=1.247)
    Features: 931
    Training Random Forest ...
    Training time: 62.7s

    Fold 1 results (88.9s):
      AUC-ROC: 0.6768  |  AUC-PR: 0.6320  |  Acc: 0.6407  |  F1: 0.4887  |  MCC: 0.2625
      Sens: 0.3858  |  Spec: 0.8452  |  PPV: 0.6665  |  NPV: 0.6318

    Top 15 feature importances:
    Rank   Feature                                         Importance
    -----------------------------------------------------------------
    1      esmc_PC013                                        0.004197
    2      esmif_PC003                                       0.003972
    3      esmc_PC019                                        0.003652
    4      esmc_PC001                                        0.003590
    5      esmif_PC002                                       0.003296
    6      esmif_PC067                                       0.003107
    7      mean_plddt_peptide                                0.003007
    8      esmif_PC123                                       0.002890
    9      esmif_PC126                                       0.002842
    10     mean_plddt_nflank                                 0.002802
    11     esmif_PC032                                       0.002742
    12     esmc_PC006                                        0.002691
    13     esmif_PC004                                       0.002655
    14     esmif_PC135                                       0.002655
    15     esmif_PC138                                       0.002642
    Saved model: /home/hilarius/special_course/special_course_spring2026/models/rf_all_blosum_model_fold1.pkl

--------------------------------------------------------------------------------
  FOLD 2/4
--------------------------------------------------------------------------------
    WARNING: X_train: 69922 NaN values replaced with medians
    WARNING: X_test: 24445 NaN values replaced with medians
    CSV features: 631 columns
    esmc: zero-vector samples: train=0/35382 (0.0%), test=0/8845 (0.0%)
    esmc: PCA 3456 → 150 (50/region × 3 regions, 86.5% variance, fitted on 35382 non-zero samples)
    esmif: zero-vector samples: train=3874/35382 (10.9%), test=1260/8845 (14.2%)
    esmif: PCA 1536 → 150 (50/region × 3 regions, 75.7% variance, fitted on 31508 non-zero samples)
    Train:  35382 samples (pos=15645, neg=19737, ratio=1.262)
    Test:    8845 samples (pos=3926, neg=4919, ratio=1.253)
    Features: 931
    Training Random Forest ...
    Training time: 63.5s

    Fold 2 results (94.1s):
      AUC-ROC: 0.7051  |  AUC-PR: 0.6537  |  Acc: 0.6525  |  F1: 0.5064  |  MCC: 0.2879
      Sens: 0.4017  |  Spec: 0.8526  |  PPV: 0.6851  |  NPV: 0.6410

    Top 15 feature importances:
    Rank   Feature                                         Importance
    -----------------------------------------------------------------
    1      esmif_PC003                                       0.004057
    2      esmc_PC013                                        0.003500
    3      esmc_PC018                                        0.003348
    4      esmc_PC001                                        0.003297
    5      esmif_PC002                                       0.002850
    6      esmif_PC126                                       0.002806
    7      esmif_PC094                                       0.002723
    8      mean_plddt_peptide                                0.002719
    9      esmc_PC006                                        0.002716
    10     esmc_PC019                                        0.002705
    11     esmc_PC064                                        0.002669
    12     esmc_PC003                                        0.002637
    13     mean_plddt_nflank                                 0.002630
    14     esmc_PC046                                        0.002599
    15     esmc_PC036                                        0.002590
    Saved model: /home/hilarius/special_course/special_course_spring2026/models/rf_all_blosum_model_fold2.pkl

--------------------------------------------------------------------------------
  FOLD 3/4
--------------------------------------------------------------------------------
    WARNING: X_train: 74842 NaN values replaced with medians
    WARNING: X_test: 19525 NaN values replaced with medians
    CSV features: 631 columns
    esmc: zero-vector samples: train=0/35382 (0.0%), test=0/8845 (0.0%)
    esmc: PCA 3456 → 150 (50/region × 3 regions, 86.7% variance, fitted on 35382 non-zero samples)
    esmif: zero-vector samples: train=4094/35382 (11.6%), test=1040/8845 (11.8%)
    esmif: PCA 1536 → 150 (50/region × 3 regions, 75.7% variance, fitted on 31288 non-zero samples)
    Train:  35382 samples (pos=15635, neg=19747, ratio=1.263)
    Test:    8845 samples (pos=3936, neg=4909, ratio=1.247)
    Features: 931
    Training Random Forest ...
    Training time: 60.1s

    Fold 3 results (89.0s):
      AUC-ROC: 0.7131  |  AUC-PR: 0.6638  |  Acc: 0.6521  |  F1: 0.4864  |  MCC: 0.2923
      Sens: 0.3702  |  Spec: 0.8782  |  PPV: 0.7090  |  NPV: 0.6349

    Top 15 feature importances:
    Rank   Feature                                         Importance
    -----------------------------------------------------------------
    1      esmc_PC019                                        0.004558
    2      esmif_PC003                                       0.004078
    3      esmc_PC001                                        0.003596
    4      mean_plddt_peptide                                0.003086
    5      esmif_PC002                                       0.003029
    6      mean_plddt_nflank                                 0.002812
    7      esmif_PC004                                       0.002749
    8      esmc_PC003                                        0.002667
    9      esmif_PC032                                       0.002604
    10     esmif_PC056                                       0.002600
    11     esmif_PC126                                       0.002596
    12     esmc_PC060                                        0.002557
    13     esmc_PC006                                        0.002536
    14     esmc_PC012                                        0.002524
    15     esmc_PC007                                        0.002515
    Saved model: /home/hilarius/special_course/special_course_spring2026/models/rf_all_blosum_model_fold3.pkl

--------------------------------------------------------------------------------
  FOLD 4/4
--------------------------------------------------------------------------------
    WARNING: X_train: 79783 NaN values replaced with medians
    WARNING: X_test: 14584 NaN values replaced with medians
    CSV features: 631 columns
    esmc: zero-vector samples: train=0/35382 (0.0%), test=0/8845 (0.0%)
    esmc: PCA 3456 → 150 (50/region × 3 regions, 86.7% variance, fitted on 35382 non-zero samples)
    esmif: zero-vector samples: train=4199/35382 (11.9%), test=935/8845 (10.6%)
    esmif: PCA 1536 → 150 (50/region × 3 regions, 75.7% variance, fitted on 31183 non-zero samples)
    Train:  35382 samples (pos=15753, neg=19629, ratio=1.246)
    Test:    8845 samples (pos=3818, neg=5027, ratio=1.317)
    Features: 931
    Training Random Forest ...
    Training time: 60.9s

    Fold 4 results (88.2s):
      AUC-ROC: 0.7300  |  AUC-PR: 0.6603  |  Acc: 0.6652  |  F1: 0.5144  |  MCC: 0.3049
      Sens: 0.4107  |  Spec: 0.8586  |  PPV: 0.6880  |  NPV: 0.6573

    Top 15 feature importances:
    Rank   Feature                                         Importance
    -----------------------------------------------------------------
    1      esmc_PC013                                        0.003919
    2      esmc_PC001                                        0.003797
    3      esmc_PC019                                        0.003470
    4      esmif_PC003                                       0.003328
    5      mean_plddt_peptide                                0.002880
    6      esmc_PC003                                        0.002871
    7      mean_plddt_nflank                                 0.002742
    8      esmif_PC002                                       0.002716
    9      esmif_PC004                                       0.002676
    10     esmc_PC006                                        0.002626
    11     esmc_PC016                                        0.002571
    12     esmc_PC015                                        0.002561
    13     esmif_PC122                                       0.002537
    14     esmif_PC068                                       0.002524
    15     esmc_PC027                                        0.002508
    Saved model: /home/hilarius/special_course/special_course_spring2026/models/rf_all_blosum_model_fold4.pkl

================================================================================
CROSS-VALIDATION SUMMARY (mean +/- std)
================================================================================
  auc_roc         0.7074 +/- 0.0174    [0.7122  0.6768  0.7051  0.7131  0.7300]
  auc_pr          0.6527 +/- 0.0110    [0.6538  0.6320  0.6537  0.6638  0.6603]
  accuracy        0.6516 +/- 0.0080    [0.6473  0.6407  0.6525  0.6521  0.6652]
  f1              0.5003 +/- 0.0109    [0.5057  0.4887  0.5064  0.4864  0.5144]
  mcc             0.2853 +/- 0.0142    [0.2787  0.2625  0.2879  0.2923  0.3049]
  sensitivity     0.3944 +/- 0.0146    [0.4036  0.3858  0.4017  0.3702  0.4107]
  specificity     0.8558 +/- 0.0124    [0.8442  0.8452  0.8526  0.8782  0.8586]
  ppv             0.6851 +/- 0.0141    [0.6768  0.6665  0.6851  0.7090  0.6880]
  npv             0.6403 +/- 0.0090    [0.6366  0.6318  0.6410  0.6349  0.6573]

  Best fold: 4 (AUC-ROC = 0.7300)

================================================================================
PER-FOLD METRIC COMPARISON
================================================================================
  Fold    auc_roc      auc_pr       accuracy     f1           mcc          sensitivity  specificity  ppv          npv          
  -----------------------------------------------------------------------------------------------------------------------------
  0       0.7122       0.6538       0.6473       0.5057       0.2787       0.4036       0.8442       0.6768       0.6366       
  1       0.6768       0.6320       0.6407       0.4887       0.2625       0.3858       0.8452       0.6665       0.6318       
  2       0.7051       0.6537       0.6525       0.5064       0.2879       0.4017       0.8526       0.6851       0.6410       
  3       0.7131       0.6638       0.6521       0.4864       0.2923       0.3702       0.8782       0.7090       0.6349       
  4       0.7300       0.6603       0.6652       0.5144       0.3049       0.4107       0.8586       0.6880       0.6573       
  -----------------------------------------------------------------------------------------------------------------------------
  mean    0.7074       0.6527       0.6516       0.5003       0.2853       0.3944       0.8558       0.6851       0.6403       
  std     0.0174       0.0110       0.0080       0.0109       0.0142       0.0146       0.0124       0.0141       0.0090       

================================================================================
AVERAGED FEATURE IMPORTANCE ACROSS ALL FOLDS
================================================================================
  Rank   Feature                                           Mean Imp          Std
  -----------------------------------------------------------------------------
  1      esmif_PC003                                       0.003819     0.000288
  2      esmc_PC019                                        0.003653     0.000600
  3      esmc_PC001                                        0.003597     0.000169
  4      esmc_PC013                                        0.003587     0.000595
  5      esmif_PC002                                       0.002952     0.000198
  6      mean_plddt_peptide                                0.002910     0.000127
  7      mean_plddt_nflank                                 0.002730     0.000073
  8      esmc_PC006                                        0.002646     0.000063
  9      esmif_PC004                                       0.002625     0.000113
  10     esmc_PC003                                        0.002617     0.000159
  11     esmif_PC032                                       0.002522     0.000152
  12     esmc_PC018                                        0.002485     0.000446
  13     esmif_PC126                                       0.002449     0.000377
  14     esmc_PC007                                        0.002411     0.000070
  15     esmc_PC010                                        0.002366     0.000072
  16     esmc_PC046                                        0.002363     0.000170
  17     esmc_PC011                                        0.002359     0.000113
  18     esmc_PC015                                        0.002356     0.000136
  19     mean_plddt_cflank                                 0.002346     0.000091
  20     esmc_PC002                                        0.002341     0.000045
  21     esmif_PC018                                       0.002305     0.000080
  22     esmif_PC068                                       0.002292     0.000349
  23     esmc_PC060                                        0.002285     0.000194
  24     esmc_PC016                                        0.002272     0.000203
  25     esmif_PC054                                       0.002247     0.000250
  26     esmc_PC005                                        0.002240     0.000183
  27     esmc_PC064                                        0.002240     0.000227
  28     esmc_PC029                                        0.002233     0.000194
  29     esmif_PC094                                       0.002232     0.000384
  30     esmc_PC027                                        0.002216     0.000167

================================================================================
HELD-OUT VALIDATION SET EVALUATION
================================================================================
  Using model from best fold (4)
  Held-out samples: 8845 (pos=3870, neg=4975, ratio=1.286)

  Held-out results (8845 samples):
    AUC-ROC: 0.7037  |  AUC-PR: 0.6411  |  Acc: 0.6502  |  F1: 0.5002  |  MCC: 0.2761
    Sens: 0.4000  |  Spec: 0.8448  |  PPV: 0.6672  |  NPV: 0.6441

  Classification Report:
              precision    recall  f1-score   support

    Negative     0.6441    0.8448    0.7310      4975
    Positive     0.6672    0.4000    0.5002      3870

    accuracy                         0.6502      8845
   macro avg     0.6557    0.6224    0.6156      8845
weighted avg     0.6542    0.6502    0.6300      8845

================================================================================
CV AVERAGE vs HELD-OUT COMPARISON
================================================================================
  Metric             CV mean     CV std   Held-out      Delta
  ---------------------------------------------------------
  auc_roc             0.7074     0.0174     0.7037    -0.0037
  auc_pr              0.6527     0.0110     0.6411    -0.0116
  accuracy            0.6516     0.0080     0.6502    -0.0014
  f1                  0.5003     0.0109     0.5002    -0.0002
  mcc                 0.2853     0.0142     0.2761    -0.0092
  sensitivity         0.3944     0.0146     0.4000    +0.0056
  specificity         0.8558     0.0124     0.8448    -0.0109
  ppv                 0.6851     0.0141     0.6672    -0.0178
  npv                 0.6403     0.0090     0.6441    +0.0038

Results saved: /home/hilarius/special_course/special_course_spring2026/models/cv_results_rf_all_blosum_20260506_194442.json
Best model saved: /home/hilarius/special_course/special_course_spring2026/models/best_rf_all_blosum_model.pkl
Fold artifacts saved: /home/hilarius/special_course/special_course_spring2026/models/best_rf_all_blosum_artifacts.pkl
Feature names saved: /home/hilarius/special_course/special_course_spring2026/models/rf_all_blosum_feature_names.json

================================================================================
RUN SUMMARY
================================================================================
  Total runtime:    473.6s (7.9 min)
  Model:            Random Forest (rf)
  Feature set:      Structural + BLOSUM50 + ESM-C + ESM-IF (all_blosum)
  Components:       ['handcrafted', 'blosum', 'esmc', 'esmif']
  Scaling:          no
  Features (final): 931
    CSV features:   631
    esmc PCA:     150
    esmif PCA:     150
  CV folds:         5
  Best fold:        4 (AUC = 0.7300)
  Held-out AUC:     0.7037
  Held-out MCC:     0.2761
  Models dir:       /home/hilarius/special_course/special_course_spring2026/models/
  Results file:     /home/hilarius/special_course/special_course_spring2026/models/cv_results_rf_all_blosum_20260506_194442.json
  Feature names:    /home/hilarius/special_course/special_course_spring2026/models/rf_all_blosum_feature_names.json
  Log file:         /home/hilarius/special_course/special_course_spring2026/logs/04_modelling_rf_all_blosum_log_20260506_194442.txt
  Completed:        2026-05-06 19:52:35
================================================================================

############################################################
>>> $1
>>> CMD: python 04_modelling.py --model lr --features all_sparse
############################################################
[OK] Data file found: /home/hilarius/special_course/special_course_spring2026/data/processed/df_all.csv
[OK] Config validated: 5-fold CV + 1 held-out = 6 buckets
     Project root:  /home/hilarius/special_course/special_course_spring2026
     Data dir:      /home/hilarius/special_course/special_course_spring2026/data/processed
     Embedding dir: /home/hilarius/special_course/special_course_spring2026/data/processed/embeddings
     Log dir:       /home/hilarius/special_course/special_course_spring2026/logs
     Model dir:     /home/hilarius/special_course/special_course_spring2026/models
     Models:        lr, rf
     Feature sets:  all_blosum, all_sparse, esmc, esmif, esmif_hybrid, esmif_hybrid_20_fb, esmif_hybrid_40_fb, esmif_hybrid_60_fb, esmif_hybrid_80_fb, handcrafted, handcrafted_blosum, handcrafted_blosum_esmc, handcrafted_blosum_esmif, handcrafted_sparse, handcrafted_sparse_esmc, handcrafted_sparse_esmif, handcrafted_sparse_esmif_h20fb, handcrafted_sparse_esmif_h40fb, handcrafted_sparse_esmif_h60fb, handcrafted_sparse_esmif_h80fb, handcrafted_sparse_esmif_hybrid
     Components:    blosum, esmc, esmif, esmif_hybrid, esmif_hybrid_20_fb, esmif_hybrid_40_fb, esmif_hybrid_60_fb, esmif_hybrid_80_fb, handcrafted, sparse
================================================================================
  04_MODELLING -- LOGISTIC REGRESSION + STRUCTURAL + ONE-HOT + ESM-C + ESM-IF
================================================================================
  Timestamp:       2026-05-06 19:52:37
  Model key:       lr
  Model class:     sklearn.linear_model.LogisticRegression
  Feature set:     all_sparse (Structural + one-hot + ESM-C + ESM-IF)
  Components:      ['handcrafted', 'sparse', 'esmc', 'esmif']
  Data path:       /home/hilarius/special_course/special_course_spring2026/data/processed/df_all_with_folds.csv
  Log path:        /home/hilarius/special_course/special_course_spring2026/logs/04_modelling_lr_all_sparse_log_20260506_195237.txt
  CV folds (k):    5
  Held-out bucket: 5
  Random state:    42
  Needs scaling:   True

  Model hyperparameters:
    penalty                   None
    solver                    lbfgs
    max_iter                  5000
    class_weight              balanced
    random_state              42
    verbose                   0
================================================================================

Loading split data: /home/hilarius/special_course/special_course_spring2026/data/processed/df_all_with_folds.csv
  Shape: 53072 rows x 88 columns
  [OK] Fold column validated: [0, 1, 2, 3, 4, 5]

================================================================================
LOADING FEATURE COMPONENTS
================================================================================

  Loading CSV component: One-hot AA encoding
    Loading: df_all_sparse.csv
    Shape: 53072 rows x 650 columns
    [OK] Alignment verified
    New columns: 580

  Merged 580 new columns → 53072 rows x 668 columns

  Loading embedding component: ESM-C (600M) embeddings
    Loading prepared embeddings: /home/hilarius/special_course/special_course_spring2026/data/processed/embeddings_prepared/esmc_prepared.h5
    Loaded: 53072 samples, 3 regions, dim=1152

  Loading embedding component: ESM-IF1 embeddings
    Loading prepared embeddings: /home/hilarius/special_course/special_course_spring2026/data/processed/embeddings_prepared/esmif_prepared.h5
    Loaded: 53072 samples, 3 regions, dim=512

================================================================================
COMPONENT SUMMARY
================================================================================

  CSV components (2):
    [handcrafted] Structural features
      Source: split_data (built-in)
    [sparse] One-hot AA encoding
      Source: /home/hilarius/special_course/special_course_spring2026/data/processed/df_all_sparse.csv
      New columns added: 580
  Total CSV features: 631
    Structural: 51
    AA-encoded: 580

  Embedding components (2):
    [esmc] ESM-C (600M) embeddings
      Raw dim: 3456 (3 regions × 1152)
      After PCA: 150 (50/region × 3 regions)
    [esmif] ESM-IF1 embeddings
      Raw dim: 1536 (3 regions × 512)
      After PCA: 150 (50/region × 3 regions)

  Estimated total features: ~931
    CSV:        631
    Embeddings: 300 (after PCA)

================================================================================
PIPELINE READY: ~931 features, 5 folds, Logistic Regression
================================================================================

--------------------------------------------------------------------------------
  FOLD 0/4
--------------------------------------------------------------------------------
    WARNING: X_train: 83391 NaN values replaced with medians
    WARNING: X_test: 10976 NaN values replaced with medians
    CSV features: 631 columns
    esmc: zero-vector samples: train=0/35381 (0.0%), test=0/8846 (0.0%)
    esmc: PCA 3456 → 150 (50/region × 3 regions, 86.7% variance, fitted on 35381 non-zero samples)
    esmif: zero-vector samples: train=4276/35381 (12.1%), test=858/8846 (9.7%)
    esmif: PCA 1536 → 150 (50/region × 3 regions, 75.6% variance, fitted on 31105 non-zero samples)
    Train:  35381 samples (pos=15617, neg=19764, ratio=1.266)
    Test:    8846 samples (pos=3954, neg=4892, ratio=1.237)
    Features: 931
    Training Logistic Regression ...
    Training time: 11.6s

    Fold 0 results (40.0s):
      AUC-ROC: 0.7586  |  AUC-PR: 0.7020  |  Acc: 0.6936  |  F1: 0.6685  |  MCC: 0.3850
      Sens: 0.6912  |  Spec: 0.6956  |  PPV: 0.6473  |  NPV: 0.7359

    Top 15 feature coefficients:
    Rank   Feature                                        Coefficient
    -----------------------------------------------------------------
    1      rel_distance_from_n_terminus                     -7.182060
    2      rel_distance_from_c_terminus                     -7.142761
    3      C1_L                                             -1.259109
    4      C1_E                                             -0.974124
    5      C1_V                                             -0.952863
    6      C1_S                                             -0.909254
    7      C1_P                                             -0.903743
    8      C1_I                                             -0.882465
    9      C1_D                                             -0.864412
    10     C1_G                                             -0.852727
    11     C1_A                                             -0.850046
    12     C1_K                                             -0.849255
    13     C1_T                                             -0.832008
    14     C1_Q                                             -0.815811
    15     C1_F                                             -0.813133
    Saved model: /home/hilarius/special_course/special_course_spring2026/models/lr_all_sparse_model_fold0.pkl

--------------------------------------------------------------------------------
  FOLD 1/4
--------------------------------------------------------------------------------
    WARNING: X_train: 69530 NaN values replaced with medians
    WARNING: X_test: 24837 NaN values replaced with medians
    CSV features: 631 columns
    esmc: zero-vector samples: train=0/35381 (0.0%), test=0/8846 (0.0%)
    esmc: PCA 3456 → 150 (50/region × 3 regions, 86.8% variance, fitted on 35381 non-zero samples)
    esmif: zero-vector samples: train=4093/35381 (11.6%), test=1041/8846 (11.8%)
    esmif: PCA 1536 → 150 (50/region × 3 regions, 75.6% variance, fitted on 31288 non-zero samples)
    Train:  35381 samples (pos=15634, neg=19747, ratio=1.263)
    Test:    8846 samples (pos=3937, neg=4909, ratio=1.247)
    Features: 931
    Training Logistic Regression ...
    Training time: 11.0s

    Fold 1 results (36.7s):
      AUC-ROC: 0.7362  |  AUC-PR: 0.6814  |  Acc: 0.6724  |  F1: 0.6475  |  MCC: 0.3436
      Sens: 0.6761  |  Spec: 0.6694  |  PPV: 0.6212  |  NPV: 0.7205

    Top 15 feature coefficients:
    Rank   Feature                                        Coefficient
    -----------------------------------------------------------------
    1      rel_distance_from_n_terminus                     -7.099215
    2      rel_distance_from_c_terminus                     -7.042572
    3      C1_L                                             -1.345340
    4      q8point_I_nflank                                 -1.180577
    5      C1_E                                             -1.016034
    6      C1_V                                             -1.012589
    7      C1_S                                             -0.954714
    8      q8trans_I_n_pep                                   0.950908
    9      C1_I                                             -0.942604
    10     C1_P                                             -0.942482
    11     C1_A                                             -0.928547
    12     C1_G                                             -0.918847
    13     C1_D                                             -0.907237
    14     C1_Q                                             -0.877223
    15     C1_T                                             -0.875507
    Saved model: /home/hilarius/special_course/special_course_spring2026/models/lr_all_sparse_model_fold1.pkl

--------------------------------------------------------------------------------
  FOLD 2/4
--------------------------------------------------------------------------------
    WARNING: X_train: 69922 NaN values replaced with medians
    WARNING: X_test: 24445 NaN values replaced with medians
    CSV features: 631 columns
    esmc: zero-vector samples: train=0/35382 (0.0%), test=0/8845 (0.0%)
    esmc: PCA 3456 → 150 (50/region × 3 regions, 86.5% variance, fitted on 35382 non-zero samples)
    esmif: zero-vector samples: train=3874/35382 (10.9%), test=1260/8845 (14.2%)
    esmif: PCA 1536 → 150 (50/region × 3 regions, 75.7% variance, fitted on 31508 non-zero samples)
    Train:  35382 samples (pos=15645, neg=19737, ratio=1.262)
    Test:    8845 samples (pos=3926, neg=4919, ratio=1.253)
    Features: 931
    Training Logistic Regression ...
    Training time: 10.8s

    Fold 2 results (36.9s):
      AUC-ROC: 0.7410  |  AUC-PR: 0.6864  |  Acc: 0.6781  |  F1: 0.6505  |  MCC: 0.3537
      Sens: 0.6750  |  Spec: 0.6806  |  PPV: 0.6278  |  NPV: 0.7240

    Top 15 feature coefficients:
    Rank   Feature                                        Coefficient
    -----------------------------------------------------------------
    1      rel_distance_from_n_terminus                     -6.820969
    2      rel_distance_from_c_terminus                     -6.795082
    3      C1_L                                             -1.245855
    4      C1_E                                             -0.972843
    5      C1_V                                             -0.925297
    6      C1_P                                             -0.887406
    7      C1_I                                             -0.874781
    8      C1_D                                             -0.866490
    9      C1_S                                             -0.863376
    10     C1_A                                             -0.849770
    11     C1_T                                             -0.815050
    12     C1_G                                             -0.814797
    13     C1_K                                             -0.813577
    14     C1_Q                                             -0.804781
    15     C1_F                                             -0.794329
    Saved model: /home/hilarius/special_course/special_course_spring2026/models/lr_all_sparse_model_fold2.pkl

--------------------------------------------------------------------------------
  FOLD 3/4
--------------------------------------------------------------------------------
    WARNING: X_train: 74842 NaN values replaced with medians
    WARNING: X_test: 19525 NaN values replaced with medians
    CSV features: 631 columns
    esmc: zero-vector samples: train=0/35382 (0.0%), test=0/8845 (0.0%)
    esmc: PCA 3456 → 150 (50/region × 3 regions, 86.7% variance, fitted on 35382 non-zero samples)
    esmif: zero-vector samples: train=4094/35382 (11.6%), test=1040/8845 (11.8%)
    esmif: PCA 1536 → 150 (50/region × 3 regions, 75.7% variance, fitted on 31288 non-zero samples)
    Train:  35382 samples (pos=15635, neg=19747, ratio=1.263)
    Test:    8845 samples (pos=3936, neg=4909, ratio=1.247)
    Features: 931
    Training Logistic Regression ...
    Training time: 11.8s

    Fold 3 results (39.6s):
      AUC-ROC: 0.7518  |  AUC-PR: 0.6994  |  Acc: 0.6866  |  F1: 0.6594  |  MCC: 0.3704
      Sens: 0.6817  |  Spec: 0.6906  |  PPV: 0.6385  |  NPV: 0.7301

    Top 15 feature coefficients:
    Rank   Feature                                        Coefficient
    -----------------------------------------------------------------
    1      rel_distance_from_n_terminus                     -7.473123
    2      rel_distance_from_c_terminus                     -7.450279
    3      C1_L                                             -1.423998
    4      C1_E                                             -1.128002
    5      C1_V                                             -1.073249
    6      C1_S                                             -1.044891
    7      C1_P                                             -1.027998
    8      C1_A                                             -1.016983
    9      C1_I                                             -1.013673
    10     C1_D                                             -0.993135
    11     C1_K                                             -0.981536
    12     C1_G                                             -0.976133
    13     C1_Q                                             -0.960728
    14     C1_T                                             -0.960271
    15     C1_R                                             -0.927982
    Saved model: /home/hilarius/special_course/special_course_spring2026/models/lr_all_sparse_model_fold3.pkl

--------------------------------------------------------------------------------
  FOLD 4/4
--------------------------------------------------------------------------------
    WARNING: X_train: 79783 NaN values replaced with medians
    WARNING: X_test: 14584 NaN values replaced with medians
    CSV features: 631 columns
    esmc: zero-vector samples: train=0/35382 (0.0%), test=0/8845 (0.0%)
    esmc: PCA 3456 → 150 (50/region × 3 regions, 86.7% variance, fitted on 35382 non-zero samples)
    esmif: zero-vector samples: train=4199/35382 (11.9%), test=935/8845 (10.6%)
    esmif: PCA 1536 → 150 (50/region × 3 regions, 75.7% variance, fitted on 31183 non-zero samples)
    Train:  35382 samples (pos=15753, neg=19629, ratio=1.246)
    Test:    8845 samples (pos=3818, neg=5027, ratio=1.317)
    Features: 931
    Training Logistic Regression ...
    Training time: 14.5s

    Fold 4 results (41.7s):
      AUC-ROC: 0.7542  |  AUC-PR: 0.6972  |  Acc: 0.6832  |  F1: 0.6537  |  MCC: 0.3655
      Sens: 0.6928  |  Spec: 0.6759  |  PPV: 0.6189  |  NPV: 0.7434

    Top 15 feature coefficients:
    Rank   Feature                                        Coefficient
    -----------------------------------------------------------------
    1      rel_distance_from_n_terminus                     -6.881266
    2      rel_distance_from_c_terminus                     -6.815829
    3      C1_L                                             -1.227230
    4      C1_E                                             -0.963441
    5      C1_V                                             -0.898081
    6      C1_P                                             -0.886555
    7      C1_D                                             -0.877448
    8      C1_I                                             -0.869678
    9      C1_S                                             -0.860152
    10     C1_A                                             -0.844927
    11     C1_K                                             -0.832165
    12     C1_G                                             -0.821753
    13     C1_T                                             -0.807917
    14     C1_Q                                             -0.804311
    15     C1_F                                             -0.793963
    Saved model: /home/hilarius/special_course/special_course_spring2026/models/lr_all_sparse_model_fold4.pkl

================================================================================
CROSS-VALIDATION SUMMARY (mean +/- std)
================================================================================
  auc_roc         0.7484 +/- 0.0084    [0.7586  0.7362  0.7410  0.7518  0.7542]
  auc_pr          0.6933 +/- 0.0079    [0.7020  0.6814  0.6864  0.6994  0.6972]
  accuracy        0.6828 +/- 0.0072    [0.6936  0.6724  0.6781  0.6866  0.6832]
  f1              0.6559 +/- 0.0074    [0.6685  0.6475  0.6505  0.6594  0.6537]
  mcc             0.3637 +/- 0.0142    [0.3850  0.3436  0.3537  0.3704  0.3655]
  sensitivity     0.6834 +/- 0.0074    [0.6912  0.6761  0.6750  0.6817  0.6928]
  specificity     0.6824 +/- 0.0095    [0.6956  0.6694  0.6806  0.6906  0.6759]
  ppv             0.6307 +/- 0.0107    [0.6473  0.6212  0.6278  0.6385  0.6189]
  npv             0.7308 +/- 0.0082    [0.7359  0.7205  0.7240  0.7301  0.7434]

  Best fold: 0 (AUC-ROC = 0.7586)

================================================================================
PER-FOLD METRIC COMPARISON
================================================================================
  Fold    auc_roc      auc_pr       accuracy     f1           mcc          sensitivity  specificity  ppv          npv          
  -----------------------------------------------------------------------------------------------------------------------------
  0       0.7586       0.7020       0.6936       0.6685       0.3850       0.6912       0.6956       0.6473       0.7359       
  1       0.7362       0.6814       0.6724       0.6475       0.3436       0.6761       0.6694       0.6212       0.7205       
  2       0.7410       0.6864       0.6781       0.6505       0.3537       0.6750       0.6806       0.6278       0.7240       
  3       0.7518       0.6994       0.6866       0.6594       0.3704       0.6817       0.6906       0.6385       0.7301       
  4       0.7542       0.6972       0.6832       0.6537       0.3655       0.6928       0.6759       0.6189       0.7434       
  -----------------------------------------------------------------------------------------------------------------------------
  mean    0.7484       0.6933       0.6828       0.6559       0.3637       0.6834       0.6824       0.6307       0.7308       
  std     0.0084       0.0079       0.0072       0.0074       0.0142       0.0074       0.0095       0.0107       0.0082       

================================================================================
AVERAGED COEFFICIENTS ACROSS ALL FOLDS
================================================================================
  Rank   Feature                                          Mean Coef          Std
  -----------------------------------------------------------------------------
  1      rel_distance_from_n_terminus                     -7.091326     0.232930
  2      rel_distance_from_c_terminus                     -7.049305     0.240292
  3      C1_L                                             -1.300306     0.073932
  4      C1_E                                             -1.010889     0.061307
  5      C1_V                                             -0.972416     0.063102
  6      C1_P                                             -0.929637     0.053198
  7      C1_S                                             -0.926477     0.068552
  8      C1_I                                             -0.916640     0.055164
  9      C1_D                                             -0.901744     0.048186
  10     C1_A                                             -0.898055     0.067130
  11     C1_G                                             -0.876851     0.061789
  12     C1_K                                             -0.870309     0.059178
  13     C1_T                                             -0.858151     0.056204
  14     C1_Q                                             -0.852571     0.060448
  15     C1_R                                             -0.832199     0.052944
  16     C1_F                                             -0.827131     0.037552
  17     C1_N                                             -0.731541     0.042735
  18     C1_Y                                             -0.646091     0.037343
  19     C1_H                                             -0.596799     0.044637
  20     C1_M                                             -0.563998     0.029265
  21     P2_W                                              0.560342     0.047075
  22     C1_C                                             -0.528052     0.034394
  23     C1_W                                             -0.442388     0.027157
  24     P2_K                                             -0.387932     0.051352
  25     P9_W                                              0.347479     0.042296
  26     P9_K                                              0.342137     0.065543
  27     C2_L                                              0.341285     0.085133
  28     P2_P                                              0.340245     0.170645
  29     P9_Q                                              0.337425     0.040318
  30     P9_E                                             -0.331298     0.059996

================================================================================
HELD-OUT VALIDATION SET EVALUATION
================================================================================
  Using model from best fold (0)
  Held-out samples: 8845 (pos=3870, neg=4975, ratio=1.286)

  Held-out results (8845 samples):
    AUC-ROC: 0.7511  |  AUC-PR: 0.6875  |  Acc: 0.6878  |  F1: 0.6595  |  MCC: 0.3738
    Sens: 0.6910  |  Spec: 0.6854  |  PPV: 0.6308  |  NPV: 0.7403

  Classification Report:
              precision    recall  f1-score   support

    Negative     0.7403    0.6854    0.7118      4975
    Positive     0.6308    0.6910    0.6595      3870

    accuracy                         0.6878      8845
   macro avg     0.6856    0.6882    0.6857      8845
weighted avg     0.6924    0.6878    0.6889      8845

================================================================================
CV AVERAGE vs HELD-OUT COMPARISON
================================================================================
  Metric             CV mean     CV std   Held-out      Delta
  ---------------------------------------------------------
  auc_roc             0.7484     0.0084     0.7511    +0.0028
  auc_pr              0.6933     0.0079     0.6875    -0.0058
  accuracy            0.6828     0.0072     0.6878    +0.0051
  f1                  0.6559     0.0074     0.6595    +0.0036
  mcc                 0.3637     0.0142     0.3738    +0.0101
  sensitivity         0.6834     0.0074     0.6910    +0.0076
  specificity         0.6824     0.0095     0.6854    +0.0030
  ppv                 0.6307     0.0107     0.6308    +0.0001
  npv                 0.7308     0.0082     0.7403    +0.0095

Results saved: /home/hilarius/special_course/special_course_spring2026/models/cv_results_lr_all_sparse_20260506_195237.json
Best model saved: /home/hilarius/special_course/special_course_spring2026/models/best_lr_all_sparse_model.pkl
Fold artifacts saved: /home/hilarius/special_course/special_course_spring2026/models/best_lr_all_sparse_artifacts.pkl
Feature names saved: /home/hilarius/special_course/special_course_spring2026/models/lr_all_sparse_feature_names.json

================================================================================
RUN SUMMARY
================================================================================
  Total runtime:    204.8s (3.4 min)
  Model:            Logistic Regression (lr)
  Feature set:      Structural + one-hot + ESM-C + ESM-IF (all_sparse)
  Components:       ['handcrafted', 'sparse', 'esmc', 'esmif']
  Scaling:          yes
  Features (final): 931
    CSV features:   631
    esmc PCA:     150
    esmif PCA:     150
  CV folds:         5
  Best fold:        0 (AUC = 0.7586)
  Held-out AUC:     0.7511
  Held-out MCC:     0.3738
  Models dir:       /home/hilarius/special_course/special_course_spring2026/models/
  Results file:     /home/hilarius/special_course/special_course_spring2026/models/cv_results_lr_all_sparse_20260506_195237.json
  Feature names:    /home/hilarius/special_course/special_course_spring2026/models/lr_all_sparse_feature_names.json
  Log file:         /home/hilarius/special_course/special_course_spring2026/logs/04_modelling_lr_all_sparse_log_20260506_195237.txt
  Completed:        2026-05-06 19:56:02
================================================================================

############################################################
>>> $1
>>> CMD: python 04_modelling.py --model lr --features all_blosum
############################################################
[OK] Data file found: /home/hilarius/special_course/special_course_spring2026/data/processed/df_all.csv
[OK] Config validated: 5-fold CV + 1 held-out = 6 buckets
     Project root:  /home/hilarius/special_course/special_course_spring2026
     Data dir:      /home/hilarius/special_course/special_course_spring2026/data/processed
     Embedding dir: /home/hilarius/special_course/special_course_spring2026/data/processed/embeddings
     Log dir:       /home/hilarius/special_course/special_course_spring2026/logs
     Model dir:     /home/hilarius/special_course/special_course_spring2026/models
     Models:        lr, rf
     Feature sets:  all_blosum, all_sparse, esmc, esmif, esmif_hybrid, esmif_hybrid_20_fb, esmif_hybrid_40_fb, esmif_hybrid_60_fb, esmif_hybrid_80_fb, handcrafted, handcrafted_blosum, handcrafted_blosum_esmc, handcrafted_blosum_esmif, handcrafted_sparse, handcrafted_sparse_esmc, handcrafted_sparse_esmif, handcrafted_sparse_esmif_h20fb, handcrafted_sparse_esmif_h40fb, handcrafted_sparse_esmif_h60fb, handcrafted_sparse_esmif_h80fb, handcrafted_sparse_esmif_hybrid
     Components:    blosum, esmc, esmif, esmif_hybrid, esmif_hybrid_20_fb, esmif_hybrid_40_fb, esmif_hybrid_60_fb, esmif_hybrid_80_fb, handcrafted, sparse
================================================================================
  04_MODELLING -- LOGISTIC REGRESSION + STRUCTURAL + BLOSUM50 + ESM-C + ESM-IF
================================================================================
  Timestamp:       2026-05-06 19:56:03
  Model key:       lr
  Model class:     sklearn.linear_model.LogisticRegression
  Feature set:     all_blosum (Structural + BLOSUM50 + ESM-C + ESM-IF)
  Components:      ['handcrafted', 'blosum', 'esmc', 'esmif']
  Data path:       /home/hilarius/special_course/special_course_spring2026/data/processed/df_all_with_folds.csv
  Log path:        /home/hilarius/special_course/special_course_spring2026/logs/04_modelling_lr_all_blosum_log_20260506_195603.txt
  CV folds (k):    5
  Held-out bucket: 5
  Random state:    42
  Needs scaling:   True

  Model hyperparameters:
    penalty                   None
    solver                    lbfgs
    max_iter                  5000
    class_weight              balanced
    random_state              42
    verbose                   0
================================================================================

Loading split data: /home/hilarius/special_course/special_course_spring2026/data/processed/df_all_with_folds.csv
  Shape: 53072 rows x 88 columns
  [OK] Fold column validated: [0, 1, 2, 3, 4, 5]

================================================================================
LOADING FEATURE COMPONENTS
================================================================================

  Loading CSV component: BLOSUM50 AA encoding
    Loading: df_all_blosum50.csv
    Shape: 53072 rows x 650 columns
    [OK] Alignment verified
    New columns: 580

  Merged 580 new columns → 53072 rows x 668 columns

  Loading embedding component: ESM-C (600M) embeddings
    Loading prepared embeddings: /home/hilarius/special_course/special_course_spring2026/data/processed/embeddings_prepared/esmc_prepared.h5
    Loaded: 53072 samples, 3 regions, dim=1152

  Loading embedding component: ESM-IF1 embeddings
    Loading prepared embeddings: /home/hilarius/special_course/special_course_spring2026/data/processed/embeddings_prepared/esmif_prepared.h5
    Loaded: 53072 samples, 3 regions, dim=512

================================================================================
COMPONENT SUMMARY
================================================================================

  CSV components (2):
    [handcrafted] Structural features
      Source: split_data (built-in)
    [blosum] BLOSUM50 AA encoding
      Source: /home/hilarius/special_course/special_course_spring2026/data/processed/df_all_blosum50.csv
      New columns added: 580
  Total CSV features: 631
    Structural: 51
    AA-encoded: 580

  Embedding components (2):
    [esmc] ESM-C (600M) embeddings
      Raw dim: 3456 (3 regions × 1152)
      After PCA: 150 (50/region × 3 regions)
    [esmif] ESM-IF1 embeddings
      Raw dim: 1536 (3 regions × 512)
      After PCA: 150 (50/region × 3 regions)

  Estimated total features: ~931
    CSV:        631
    Embeddings: 300 (after PCA)

================================================================================
PIPELINE READY: ~931 features, 5 folds, Logistic Regression
================================================================================

--------------------------------------------------------------------------------
  FOLD 0/4
--------------------------------------------------------------------------------
    WARNING: X_train: 83391 NaN values replaced with medians
    WARNING: X_test: 10976 NaN values replaced with medians
    CSV features: 631 columns
    esmc: zero-vector samples: train=0/35381 (0.0%), test=0/8846 (0.0%)
    esmc: PCA 3456 → 150 (50/region × 3 regions, 86.7% variance, fitted on 35381 non-zero samples)
    esmif: zero-vector samples: train=4276/35381 (12.1%), test=858/8846 (9.7%)
    esmif: PCA 1536 → 150 (50/region × 3 regions, 75.6% variance, fitted on 31105 non-zero samples)
    Train:  35381 samples (pos=15617, neg=19764, ratio=1.266)
    Test:    8846 samples (pos=3954, neg=4892, ratio=1.237)
    Features: 931
    Training Logistic Regression ...
    Training time: 19.2s

    Fold 0 results (50.9s):
      AUC-ROC: 0.7587  |  AUC-PR: 0.7022  |  Acc: 0.6924  |  F1: 0.6680  |  MCC: 0.3829
      Sens: 0.6922  |  Spec: 0.6926  |  PPV: 0.6454  |  NPV: 0.7357

    Top 15 feature coefficients:
    Rank   Feature                                        Coefficient
    -----------------------------------------------------------------
    1      rel_distance_from_n_terminus                     -7.569425
    2      rel_distance_from_c_terminus                     -7.531678
    3      P9_M                                             -1.477102
    4      P9_V                                              1.256740
    5      P8_V                                              1.251744
    6      P9_D                                             -1.244317
    7      P2_R                                             -1.156354
    8      P9_K                                              1.102446
    9      P9_N                                             -1.092710
    10     P9_R                                             -1.044772
    11     P8_I                                             -1.037186
    12     C5_I                                              1.034252
    13     P2_K                                             -1.031248
    14     P9_W                                              0.981757
    15     C4_I                                             -0.974087
    Saved model: /home/hilarius/special_course/special_course_spring2026/models/lr_all_blosum_model_fold0.pkl

--------------------------------------------------------------------------------
  FOLD 1/4
--------------------------------------------------------------------------------
    WARNING: X_train: 69530 NaN values replaced with medians
    WARNING: X_test: 24837 NaN values replaced with medians
    CSV features: 631 columns
    esmc: zero-vector samples: train=0/35381 (0.0%), test=0/8846 (0.0%)
    esmc: PCA 3456 → 150 (50/region × 3 regions, 86.8% variance, fitted on 35381 non-zero samples)
    esmif: zero-vector samples: train=4093/35381 (11.6%), test=1041/8846 (11.8%)
    esmif: PCA 1536 → 150 (50/region × 3 regions, 75.6% variance, fitted on 31288 non-zero samples)
    Train:  35381 samples (pos=15634, neg=19747, ratio=1.263)
    Test:    8846 samples (pos=3937, neg=4909, ratio=1.247)
    Features: 931
    Training Logistic Regression ...
    Training time: 19.6s

    Fold 1 results (53.2s):
      AUC-ROC: 0.7358  |  AUC-PR: 0.6817  |  Acc: 0.6723  |  F1: 0.6475  |  MCC: 0.3434
      Sens: 0.6761  |  Spec: 0.6692  |  PPV: 0.6211  |  NPV: 0.7204

    Top 15 feature coefficients:
    Rank   Feature                                        Coefficient
    -----------------------------------------------------------------
    1      rel_distance_from_n_terminus                     -6.681256
    2      rel_distance_from_c_terminus                     -6.625365
    3      P9_M                                             -1.567378
    4      P8_V                                              1.275621
    5      P9_D                                             -1.225018
    6      P2_R                                             -1.117320
    7      P9_H                                              1.040574
    8      C1_V                                              1.033152
    9      P8_I                                             -1.016016
    10     N9_I                                              1.012404
    11     P9_Q                                              0.986806
    12     P9_N                                             -0.969796
    13     P9_V                                              0.920354
    14     C5_I                                              0.904429
    15     P9_K                                              0.901795
    Saved model: /home/hilarius/special_course/special_course_spring2026/models/lr_all_blosum_model_fold1.pkl

--------------------------------------------------------------------------------
  FOLD 2/4
--------------------------------------------------------------------------------
    WARNING: X_train: 69922 NaN values replaced with medians
    WARNING: X_test: 24445 NaN values replaced with medians
    CSV features: 631 columns
    esmc: zero-vector samples: train=0/35382 (0.0%), test=0/8845 (0.0%)
    esmc: PCA 3456 → 150 (50/region × 3 regions, 86.5% variance, fitted on 35382 non-zero samples)
    esmif: zero-vector samples: train=3874/35382 (10.9%), test=1260/8845 (14.2%)
    esmif: PCA 1536 → 150 (50/region × 3 regions, 75.7% variance, fitted on 31508 non-zero samples)
    Train:  35382 samples (pos=15645, neg=19737, ratio=1.262)
    Test:    8845 samples (pos=3926, neg=4919, ratio=1.253)
    Features: 931
    Training Logistic Regression ...
    Training time: 22.0s

    Fold 2 results (57.7s):
      AUC-ROC: 0.7408  |  AUC-PR: 0.6863  |  Acc: 0.6786  |  F1: 0.6508  |  MCC: 0.3545
      Sens: 0.6747  |  Spec: 0.6816  |  PPV: 0.6285  |  NPV: 0.7242

    Top 15 feature coefficients:
    Rank   Feature                                        Coefficient
    -----------------------------------------------------------------
    1      rel_distance_from_n_terminus                     -7.192883
    2      rel_distance_from_c_terminus                     -7.168294
    3      P9_Q                                              1.211507
    4      N9_I                                              1.198492
    5      P9_M                                             -1.186492
    6      P9_W                                              1.170098
    7      P8_V                                              1.118981
    8      C4_I                                             -0.959957
    9      P9_D                                             -0.917458
    10     P9_K                                              0.914230
    11     P8_I                                             -0.911324
    12     C1_V                                              0.864609
    13     P2_R                                             -0.863662
    14     P2_K                                             -0.859581
    15     C1_R                                              0.790262
    Saved model: /home/hilarius/special_course/special_course_spring2026/models/lr_all_blosum_model_fold2.pkl

--------------------------------------------------------------------------------
  FOLD 3/4
--------------------------------------------------------------------------------
    WARNING: X_train: 74842 NaN values replaced with medians
    WARNING: X_test: 19525 NaN values replaced with medians
    CSV features: 631 columns
    esmc: zero-vector samples: train=0/35382 (0.0%), test=0/8845 (0.0%)
    esmc: PCA 3456 → 150 (50/region × 3 regions, 86.7% variance, fitted on 35382 non-zero samples)
    esmif: zero-vector samples: train=4094/35382 (11.6%), test=1040/8845 (11.8%)
    esmif: PCA 1536 → 150 (50/region × 3 regions, 75.7% variance, fitted on 31288 non-zero samples)
    Train:  35382 samples (pos=15635, neg=19747, ratio=1.263)
    Test:    8845 samples (pos=3936, neg=4909, ratio=1.247)
    Features: 931
    Training Logistic Regression ...
    Training time: 24.2s

    Fold 3 results (64.1s):
      AUC-ROC: 0.7519  |  AUC-PR: 0.6992  |  Acc: 0.6874  |  F1: 0.6608  |  MCC: 0.3723
      Sens: 0.6842  |  Spec: 0.6900  |  PPV: 0.6389  |  NPV: 0.7315

    Top 15 feature coefficients:
    Rank   Feature                                        Coefficient
    -----------------------------------------------------------------
    1      rel_distance_from_n_terminus                     -7.309877
    2      rel_distance_from_c_terminus                     -7.288292
    3      P9_M                                             -1.611120
    4      P8_V                                              1.399103
    5      C1_V                                              1.262640
    6      P2_R                                             -1.188936
    7      P8_I                                             -1.123419
    8      P9_Q                                              1.115168
    9      N2_I                                             -1.102329
    10     P9_D                                             -1.047976
    11     C4_I                                             -1.027153
    12     P2_K                                             -1.013353
    13     P9_H                                              0.949299
    14     C5_I                                              0.934540
    15     P9_V                                              0.921406
    Saved model: /home/hilarius/special_course/special_course_spring2026/models/lr_all_blosum_model_fold3.pkl

--------------------------------------------------------------------------------
  FOLD 4/4
--------------------------------------------------------------------------------
    WARNING: X_train: 79783 NaN values replaced with medians
    WARNING: X_test: 14584 NaN values replaced with medians
    CSV features: 631 columns
    esmc: zero-vector samples: train=0/35382 (0.0%), test=0/8845 (0.0%)
    esmc: PCA 3456 → 150 (50/region × 3 regions, 86.7% variance, fitted on 35382 non-zero samples)
    esmif: zero-vector samples: train=4199/35382 (11.9%), test=935/8845 (10.6%)
    esmif: PCA 1536 → 150 (50/region × 3 regions, 75.7% variance, fitted on 31183 non-zero samples)
    Train:  35382 samples (pos=15753, neg=19629, ratio=1.246)
    Test:    8845 samples (pos=3818, neg=5027, ratio=1.317)
    Features: 931
    Training Logistic Regression ...
    Training time: 21.4s

    Fold 4 results (60.7s):
      AUC-ROC: 0.7547  |  AUC-PR: 0.6976  |  Acc: 0.6834  |  F1: 0.6544  |  MCC: 0.3662
      Sens: 0.6943  |  Spec: 0.6752  |  PPV: 0.6188  |  NPV: 0.7441

    Top 15 feature coefficients:
    Rank   Feature                                        Coefficient
    -----------------------------------------------------------------
    1      rel_distance_from_n_terminus                     -6.902160
    2      rel_distance_from_c_terminus                     -6.837522
    3      P9_M                                             -1.301475
    4      P2_R                                             -1.253100
    5      P8_V                                              1.157520
    6      C1_V                                              1.041269
    7      P9_D                                             -1.034784
    8      P2_K                                             -0.955594
    9      N3_I                                             -0.946600
    10     C5_I                                              0.922638
    11     P8_I                                             -0.909668
    12     P9_N                                             -0.882593
    13     P9_V                                              0.848684
    14     P9_H                                              0.836861
    15     P3_V                                             -0.824680
    Saved model: /home/hilarius/special_course/special_course_spring2026/models/lr_all_blosum_model_fold4.pkl

================================================================================
CROSS-VALIDATION SUMMARY (mean +/- std)
================================================================================
  auc_roc         0.7484 +/- 0.0087    [0.7587  0.7358  0.7408  0.7519  0.7547]
  auc_pr          0.6934 +/- 0.0080    [0.7022  0.6817  0.6863  0.6992  0.6976]
  accuracy        0.6828 +/- 0.0070    [0.6924  0.6723  0.6786  0.6874  0.6834]
  f1              0.6563 +/- 0.0073    [0.6680  0.6475  0.6508  0.6608  0.6544]
  mcc             0.3639 +/- 0.0138    [0.3829  0.3434  0.3545  0.3723  0.3662]
  sensitivity     0.6843 +/- 0.0080    [0.6922  0.6761  0.6747  0.6842  0.6943]
  specificity     0.6817 +/- 0.0088    [0.6926  0.6692  0.6816  0.6900  0.6752]
  ppv             0.6305 +/- 0.0102    [0.6454  0.6211  0.6285  0.6389  0.6188]
  npv             0.7312 +/- 0.0084    [0.7357  0.7204  0.7242  0.7315  0.7441]

  Best fold: 0 (AUC-ROC = 0.7587)

================================================================================
PER-FOLD METRIC COMPARISON
================================================================================
  Fold    auc_roc      auc_pr       accuracy     f1           mcc          sensitivity  specificity  ppv          npv          
  -----------------------------------------------------------------------------------------------------------------------------
  0       0.7587       0.7022       0.6924       0.6680       0.3829       0.6922       0.6926       0.6454       0.7357       
  1       0.7358       0.6817       0.6723       0.6475       0.3434       0.6761       0.6692       0.6211       0.7204       
  2       0.7408       0.6863       0.6786       0.6508       0.3545       0.6747       0.6816       0.6285       0.7242       
  3       0.7519       0.6992       0.6874       0.6608       0.3723       0.6842       0.6900       0.6389       0.7315       
  4       0.7547       0.6976       0.6834       0.6544       0.3662       0.6943       0.6752       0.6188       0.7441       
  -----------------------------------------------------------------------------------------------------------------------------
  mean    0.7484       0.6934       0.6828       0.6563       0.3639       0.6843       0.6817       0.6305       0.7312       
  std     0.0087       0.0080       0.0070       0.0073       0.0138       0.0080       0.0088       0.0102       0.0084       

================================================================================
AVERAGED COEFFICIENTS ACROSS ALL FOLDS
================================================================================
  Rank   Feature                                          Mean Coef          Std
  -----------------------------------------------------------------------------
  1      rel_distance_from_n_terminus                     -7.131120     0.310702
  2      rel_distance_from_c_terminus                     -7.090230     0.322540
  3      P9_M                                             -1.428714     0.161061
  4      P8_V                                              1.240594     0.098150
  5      P2_R                                             -1.115874     0.133732
  6      P9_D                                             -1.093911     0.123736
  7      C1_V                                              1.033541     0.130875
  8      P8_I                                             -0.999523     0.081110
  9      P9_Q                                              0.946651     0.206075
  10     N9_I                                              0.944786     0.151177
  11     P9_V                                              0.918386     0.197095
  12     C5_I                                              0.912622     0.085527
  13     P2_K                                             -0.909095     0.126736
  14     P9_N                                             -0.889062     0.131655
  15     P9_W                                              0.882119     0.172123
  16     C4_I                                             -0.801661     0.230790
  17     P3_V                                             -0.783687     0.129746
  18     P9_K                                              0.781892     0.279255
  19     C1_R                                              0.751123     0.094037
  20     C1_L                                              0.749365     0.092329
  21     P2_H                                              0.724938     0.136353
  22     P2_P                                              0.674869     0.148844
  23     N2_I                                             -0.661928     0.223239
  24     P8_L                                              0.639492     0.038385
  25     P9_H                                              0.611948     0.664079
  26     P8_F                                              0.611151     0.052784
  27     P9_R                                             -0.600988     0.235383
  28     C1_D                                              0.597912     0.060159
  29     C1_G                                              0.596695     0.070893
  30     P2_F                                             -0.575327     0.090815

================================================================================
HELD-OUT VALIDATION SET EVALUATION
================================================================================
  Using model from best fold (0)
  Held-out samples: 8845 (pos=3870, neg=4975, ratio=1.286)

  Held-out results (8845 samples):
    AUC-ROC: 0.7509  |  AUC-PR: 0.6874  |  Acc: 0.6866  |  F1: 0.6585  |  MCC: 0.3715
    Sens: 0.6907  |  Spec: 0.6834  |  PPV: 0.6292  |  NPV: 0.7396

  Classification Report:
              precision    recall  f1-score   support

    Negative     0.7396    0.6834    0.7104      4975
    Positive     0.6292    0.6907    0.6585      3870

    accuracy                         0.6866      8845
   macro avg     0.6844    0.6871    0.6845      8845
weighted avg     0.6913    0.6866    0.6877      8845

================================================================================
CV AVERAGE vs HELD-OUT COMPARISON
================================================================================
  Metric             CV mean     CV std   Held-out      Delta
  ---------------------------------------------------------
  auc_roc             0.7484     0.0087     0.7509    +0.0025
  auc_pr              0.6934     0.0080     0.6874    -0.0060
  accuracy            0.6828     0.0070     0.6866    +0.0038
  f1                  0.6563     0.0073     0.6585    +0.0023
  mcc                 0.3639     0.0138     0.3715    +0.0076
  sensitivity         0.6843     0.0080     0.6907    +0.0064
  specificity         0.6817     0.0088     0.6834    +0.0017
  ppv                 0.6305     0.0102     0.6292    -0.0013
  npv                 0.7312     0.0084     0.7396    +0.0084

Results saved: /home/hilarius/special_course/special_course_spring2026/models/cv_results_lr_all_blosum_20260506_195603.json
Best model saved: /home/hilarius/special_course/special_course_spring2026/models/best_lr_all_blosum_model.pkl
Fold artifacts saved: /home/hilarius/special_course/special_course_spring2026/models/best_lr_all_blosum_artifacts.pkl
Feature names saved: /home/hilarius/special_course/special_course_spring2026/models/lr_all_blosum_feature_names.json

================================================================================
RUN SUMMARY
================================================================================
  Total runtime:    297.0s (5.0 min)
  Model:            Logistic Regression (lr)
  Feature set:      Structural + BLOSUM50 + ESM-C + ESM-IF (all_blosum)
  Components:       ['handcrafted', 'blosum', 'esmc', 'esmif']
  Scaling:          yes
  Features (final): 931
    CSV features:   631
    esmc PCA:     150
    esmif PCA:     150
  CV folds:         5
  Best fold:        0 (AUC = 0.7587)
  Held-out AUC:     0.7509
  Held-out MCC:     0.3715
  Models dir:       /home/hilarius/special_course/special_course_spring2026/models/
  Results file:     /home/hilarius/special_course/special_course_spring2026/models/cv_results_lr_all_blosum_20260506_195603.json
  Feature names:    /home/hilarius/special_course/special_course_spring2026/models/lr_all_blosum_feature_names.json
  Log file:         /home/hilarius/special_course/special_course_spring2026/logs/04_modelling_lr_all_blosum_log_20260506_195603.txt
  Completed:        2026-05-06 20:01:00
================================================================================

############################################################
>>> $1
>>> CMD: bash -c cd .. && python src/06_feature_importance.py --features 'all_sparse' --models lr rf --top 30 --top_compare 30 --top_big 70 --out_root 'results/figures/models/feature_importance_all_pca'
############################################################
Traceback (most recent call last):
  File "/home/hilarius/special_course/special_course_spring2026/src/06_feature_importance.py", line 28, in <module>
    import matplotlib
ModuleNotFoundError: No module named 'matplotlib'
!!! FAILED (exit 1): bash -c cd .. && python src/06_feature_importance.py --features 'all_sparse' --models lr rf --top 30 --top_compare 30 --top_big 70 --out_root 'results/figures/models/feature_importance_all_pca'

############################################################
>>> $1
>>> CMD: bash -c cd .. && python src/06_feature_importance.py --features 'all_blosum' --models lr rf --top 30 --top_compare 30 --top_big 70 --out_root 'results/figures/models/feature_importance_all_pca'
############################################################
Traceback (most recent call last):
  File "/home/hilarius/special_course/special_course_spring2026/src/06_feature_importance.py", line 28, in <module>
    import matplotlib
ModuleNotFoundError: No module named 'matplotlib'
!!! FAILED (exit 1): bash -c cd .. && python src/06_feature_importance.py --features 'all_blosum' --models lr rf --top 30 --top_compare 30 --top_big 70 --out_root 'results/figures/models/feature_importance_all_pca'

############################################################
>>> $1
>>> CMD: python 04_modelling.py --model rf --features all_sparse --pca 1152
############################################################
[OK] Data file found: /home/hilarius/special_course/special_course_spring2026/data/processed/df_all.csv
[OK] Config validated: 5-fold CV + 1 held-out = 6 buckets
     Project root:  /home/hilarius/special_course/special_course_spring2026
     Data dir:      /home/hilarius/special_course/special_course_spring2026/data/processed
     Embedding dir: /home/hilarius/special_course/special_course_spring2026/data/processed/embeddings
     Log dir:       /home/hilarius/special_course/special_course_spring2026/logs
     Model dir:     /home/hilarius/special_course/special_course_spring2026/models
     Models:        lr, rf
     Feature sets:  all_blosum, all_sparse, esmc, esmif, esmif_hybrid, esmif_hybrid_20_fb, esmif_hybrid_40_fb, esmif_hybrid_60_fb, esmif_hybrid_80_fb, handcrafted, handcrafted_blosum, handcrafted_blosum_esmc, handcrafted_blosum_esmif, handcrafted_sparse, handcrafted_sparse_esmc, handcrafted_sparse_esmif, handcrafted_sparse_esmif_h20fb, handcrafted_sparse_esmif_h40fb, handcrafted_sparse_esmif_h60fb, handcrafted_sparse_esmif_h80fb, handcrafted_sparse_esmif_hybrid
     Components:    blosum, esmc, esmif, esmif_hybrid, esmif_hybrid_20_fb, esmif_hybrid_40_fb, esmif_hybrid_60_fb, esmif_hybrid_80_fb, handcrafted, sparse
  [CLI OVERRIDE] PCA components per region: 1152
================================================================================
  04_MODELLING -- RANDOM FOREST + STRUCTURAL + ONE-HOT + ESM-C + ESM-IF
================================================================================
  Timestamp:       2026-05-06 20:01:02
  Model key:       rf
  Model class:     sklearn.ensemble.RandomForestClassifier
  Feature set:     all_sparse (Structural + one-hot + ESM-C + ESM-IF)
  Components:      ['handcrafted', 'sparse', 'esmc', 'esmif']
  Data path:       /home/hilarius/special_course/special_course_spring2026/data/processed/df_all_with_folds.csv
  Log path:        /home/hilarius/special_course/special_course_spring2026/logs/04_modelling_rf_all_sparse_log_20260506_200102.txt
  CV folds (k):    5
  Held-out bucket: 5
  Random state:    42
  Needs scaling:   False

  Model hyperparameters:
    n_estimators              1000
    max_depth                 None
    min_samples_split         2
    min_samples_leaf          1
    max_features              sqrt
    class_weight              balanced
    n_jobs                    -1
    random_state              42
    verbose                   0
================================================================================

Loading split data: /home/hilarius/special_course/special_course_spring2026/data/processed/df_all_with_folds.csv
  Shape: 53072 rows x 88 columns
  [OK] Fold column validated: [0, 1, 2, 3, 4, 5]

================================================================================
LOADING FEATURE COMPONENTS
================================================================================

  Loading CSV component: One-hot AA encoding
    Loading: df_all_sparse.csv
    Shape: 53072 rows x 650 columns
    [OK] Alignment verified
    New columns: 580

  Merged 580 new columns → 53072 rows x 668 columns

  Loading embedding component: ESM-C (600M) embeddings
    Loading prepared embeddings: /home/hilarius/special_course/special_course_spring2026/data/processed/embeddings_prepared/esmc_prepared.h5
    Loaded: 53072 samples, 3 regions, dim=1152

  Loading embedding component: ESM-IF1 embeddings
    Loading prepared embeddings: /home/hilarius/special_course/special_course_spring2026/data/processed/embeddings_prepared/esmif_prepared.h5
    Loaded: 53072 samples, 3 regions, dim=512

================================================================================
COMPONENT SUMMARY
================================================================================

  CSV components (2):
    [handcrafted] Structural features
      Source: split_data (built-in)
    [sparse] One-hot AA encoding
      Source: /home/hilarius/special_course/special_course_spring2026/data/processed/df_all_sparse.csv
      New columns added: 580
  Total CSV features: 631
    Structural: 51
    AA-encoded: 580

  Embedding components (2):
    [esmc] ESM-C (600M) embeddings
      Raw dim: 3456 (3 regions × 1152)
      After PCA: 3456 (1152/region × 3 regions)
    [esmif] ESM-IF1 embeddings
      Raw dim: 1536 (3 regions × 512)
      After PCA: 3456 (1152/region × 3 regions)

  Estimated total features: ~7543
    CSV:        631
    Embeddings: 6912 (after PCA)

================================================================================
PIPELINE READY: ~7543 features, 5 folds, Random Forest
================================================================================

--------------------------------------------------------------------------------
  FOLD 0/4
--------------------------------------------------------------------------------
    WARNING: X_train: 83391 NaN values replaced with medians
    WARNING: X_test: 10976 NaN values replaced with medians
    CSV features: 631 columns
    esmc: zero-vector samples: train=0/35381 (0.0%), test=0/8846 (0.0%)
    esmc: PCA 3456 → 3456 (1152/region × 3 regions, 100.0% variance, fitted on 35381 non-zero samples)
    esmif: zero-vector samples: train=4276/35381 (12.1%), test=858/8846 (9.7%)
    esmif: PCA 1536 → 1536 (1152/region × 3 regions, 100.0% variance, fitted on 31105 non-zero samples)
    Train:  35381 samples (pos=15617, neg=19764, ratio=1.266)
    Test:    8846 samples (pos=3954, neg=4892, ratio=1.237)
    Features: 5623
    Training Random Forest ...
    Training time: 321.9s

    Fold 0 results (534.0s):
      AUC-ROC: 0.6445  |  AUC-PR: 0.5726  |  Acc: 0.5682  |  F1: 0.1243  |  MCC: 0.0961
      Sens: 0.0685  |  Spec: 0.9720  |  PPV: 0.6642  |  NPV: 0.5635

    Top 15 feature importances:
    Rank   Feature                                         Importance
    -----------------------------------------------------------------
    1      esmif_PC003                                       0.001260
    2      esmc_PC013                                        0.001190
    3      esmc_PC001                                        0.001044
    4      esmc_PC019                                        0.001003
    5      esmc_PC006                                        0.000834
    6      mean_plddt_peptide                                0.000712
    7      mean_plddt_nflank                                 0.000653
    8      N1_P                                              0.000652
    9      esmc_PC003                                        0.000641
    10     P5_P                                              0.000621
    11     N2_P                                              0.000611
    12     esmc_PC007                                        0.000571
    13     esmif_PC019                                       0.000571
    14     esmif_PC1527                                      0.000558
    15     esmif_PC1534                                      0.000556
    Saved model: /home/hilarius/special_course/special_course_spring2026/models/rf_all_sparse_model_fold0.pkl

--------------------------------------------------------------------------------
  FOLD 1/4
--------------------------------------------------------------------------------
    WARNING: X_train: 69530 NaN values replaced with medians
    WARNING: X_test: 24837 NaN values replaced with medians
    CSV features: 631 columns
    esmc: zero-vector samples: train=0/35381 (0.0%), test=0/8846 (0.0%)
    esmc: PCA 3456 → 3456 (1152/region × 3 regions, 100.0% variance, fitted on 35381 non-zero samples)
    esmif: zero-vector samples: train=4093/35381 (11.6%), test=1041/8846 (11.8%)
    esmif: PCA 1536 → 1536 (1152/region × 3 regions, 100.0% variance, fitted on 31288 non-zero samples)
    Train:  35381 samples (pos=15634, neg=19747, ratio=1.263)
    Test:    8846 samples (pos=3937, neg=4909, ratio=1.247)
    Features: 5623
    Training Random Forest ...
    Training time: 328.5s

    Fold 1 results (518.0s):
      AUC-ROC: 0.6165  |  AUC-PR: 0.5536  |  Acc: 0.5708  |  F1: 0.1431  |  MCC: 0.0962
      Sens: 0.0805  |  Spec: 0.9639  |  PPV: 0.6417  |  NPV: 0.5666

    Top 15 feature importances:
    Rank   Feature                                         Importance
    -----------------------------------------------------------------
    1      esmif_PC003                                       0.001515
    2      esmc_PC013                                        0.001391
    3      esmc_PC001                                        0.001070
    4      esmc_PC019                                        0.000891
    5      esmc_PC006                                        0.000774
    6      mean_plddt_nflank                                 0.000760
    7      esmif_PC1527                                      0.000747
    8      N1_P                                              0.000733
    9      mean_plddt_peptide                                0.000717
    10     esmif_PC1523                                      0.000625
    11     P5_P                                              0.000615
    12     esmc_PC007                                        0.000596
    13     esmif_PC1534                                      0.000595
    14     esmif_PC1530                                      0.000591
    15     esmc_PC003                                        0.000580
    Saved model: /home/hilarius/special_course/special_course_spring2026/models/rf_all_sparse_model_fold1.pkl

--------------------------------------------------------------------------------
  FOLD 2/4
--------------------------------------------------------------------------------
    WARNING: X_train: 69922 NaN values replaced with medians
    WARNING: X_test: 24445 NaN values replaced with medians
    CSV features: 631 columns
    esmc: zero-vector samples: train=0/35382 (0.0%), test=0/8845 (0.0%)
    esmc: PCA 3456 → 3456 (1152/region × 3 regions, 100.0% variance, fitted on 35382 non-zero samples)
    esmif: zero-vector samples: train=3874/35382 (10.9%), test=1260/8845 (14.2%)
    esmif: PCA 1536 → 1536 (1152/region × 3 regions, 100.0% variance, fitted on 31508 non-zero samples)
    Train:  35382 samples (pos=15645, neg=19737, ratio=1.262)
    Test:    8845 samples (pos=3926, neg=4919, ratio=1.253)
    Features: 5623
    Training Random Forest ...
    Training time: 331.6s

    Fold 2 results (513.8s):
      AUC-ROC: 0.6424  |  AUC-PR: 0.5610  |  Acc: 0.5680  |  F1: 0.1137  |  MCC: 0.0827
      Sens: 0.0624  |  Spec: 0.9715  |  PPV: 0.6364  |  NPV: 0.5649

    Top 15 feature importances:
    Rank   Feature                                         Importance
    -----------------------------------------------------------------
    1      esmif_PC003                                       0.001389
    2      esmc_PC013                                        0.001048
    3      esmc_PC001                                        0.000881
    4      esmc_PC006                                        0.000865
    5      esmc_PC018                                        0.000854
    6      N1_P                                              0.000748
    7      esmc_PC003                                        0.000696
    8      P5_P                                              0.000696
    9      N2_P                                              0.000637
    10     mean_plddt_nflank                                 0.000618
    11     esmc_PC007                                        0.000615
    12     mean_plddt_peptide                                0.000589
    13     esmif_PC1527                                      0.000570
    14     esmc_PC064                                        0.000561
    15     esmc_PC059                                        0.000530
    Saved model: /home/hilarius/special_course/special_course_spring2026/models/rf_all_sparse_model_fold2.pkl

--------------------------------------------------------------------------------
  FOLD 3/4
--------------------------------------------------------------------------------
    WARNING: X_train: 74842 NaN values replaced with medians
    WARNING: X_test: 19525 NaN values replaced with medians
    CSV features: 631 columns
    esmc: zero-vector samples: train=0/35382 (0.0%), test=0/8845 (0.0%)
    esmc: PCA 3456 → 3456 (1152/region × 3 regions, 100.0% variance, fitted on 35382 non-zero samples)
    esmif: zero-vector samples: train=4094/35382 (11.6%), test=1040/8845 (11.8%)
    esmif: PCA 1536 → 1536 (1152/region × 3 regions, 100.0% variance, fitted on 31288 non-zero samples)
    Train:  35382 samples (pos=15635, neg=19747, ratio=1.263)
    Test:    8845 samples (pos=3936, neg=4909, ratio=1.247)
    Features: 5623
    Training Random Forest ...
    Training time: 328.2s

    Fold 3 results (512.0s):
      AUC-ROC: 0.6338  |  AUC-PR: 0.5616  |  Acc: 0.5706  |  F1: 0.1341  |  MCC: 0.0971
      Sens: 0.0747  |  Spec: 0.9682  |  PPV: 0.6533  |  NPV: 0.5662

    Top 15 feature importances:
    Rank   Feature                                         Importance
    -----------------------------------------------------------------
    1      esmif_PC003                                       0.001410
    2      esmc_PC019                                        0.001303
    3      esmc_PC001                                        0.001013
    4      mean_plddt_peptide                                0.000805
    5      mean_plddt_nflank                                 0.000761
    6      P5_P                                              0.000709
    7      esmif_PC1527                                      0.000684
    8      esmc_PC003                                        0.000661
    9      esmc_PC006                                        0.000622
    10     N1_P                                              0.000613
    11     esmc_PC060                                        0.000613
    12     esmif_PC1534                                      0.000596
    13     esmc_PC007                                        0.000579
    14     N2_P                                              0.000575
    15     esmif_PC1164                                      0.000559
    Saved model: /home/hilarius/special_course/special_course_spring2026/models/rf_all_sparse_model_fold3.pkl

--------------------------------------------------------------------------------
  FOLD 4/4
--------------------------------------------------------------------------------
    WARNING: X_train: 79783 NaN values replaced with medians
    WARNING: X_test: 14584 NaN values replaced with medians
    CSV features: 631 columns
    esmc: zero-vector samples: train=0/35382 (0.0%), test=0/8845 (0.0%)
    esmc: PCA 3456 → 3456 (1152/region × 3 regions, 100.0% variance, fitted on 35382 non-zero samples)
    esmif: zero-vector samples: train=4199/35382 (11.9%), test=935/8845 (10.6%)
    esmif: PCA 1536 → 1536 (1152/region × 3 regions, 100.0% variance, fitted on 31183 non-zero samples)
    Train:  35382 samples (pos=15753, neg=19629, ratio=1.246)
    Test:    8845 samples (pos=3818, neg=5027, ratio=1.317)
    Features: 5623
    Training Random Forest ...
    Training time: 333.0s

    Fold 4 results (506.3s):
      AUC-ROC: 0.6640  |  AUC-PR: 0.5802  |  Acc: 0.5893  |  F1: 0.1462  |  MCC: 0.1289
      Sens: 0.0815  |  Spec: 0.9749  |  PPV: 0.7117  |  NPV: 0.5829

    Top 15 feature importances:
    Rank   Feature                                         Importance
    -----------------------------------------------------------------
    1      esmc_PC013                                        0.001313
    2      esmif_PC003                                       0.001147
    3      esmc_PC001                                        0.001121
    4      esmc_PC019                                        0.000862
    5      esmc_PC003                                        0.000782
    6      esmc_PC006                                        0.000761
    7      mean_plddt_peptide                                0.000726
    8      N1_P                                              0.000716
    9      P5_P                                              0.000713
    10     mean_plddt_nflank                                 0.000673
    11     esmc_PC007                                        0.000591
    12     esmif_PC1527                                      0.000559
    13     N2_P                                              0.000549
    14     esmc_PC005                                        0.000538
    15     esmc_PC002                                        0.000532
    Saved model: /home/hilarius/special_course/special_course_spring2026/models/rf_all_sparse_model_fold4.pkl

================================================================================
CROSS-VALIDATION SUMMARY (mean +/- std)
================================================================================
  auc_roc         0.6402 +/- 0.0154    [0.6445  0.6165  0.6424  0.6338  0.6640]
  auc_pr          0.5658 +/- 0.0094    [0.5726  0.5536  0.5610  0.5616  0.5802]
  accuracy        0.5734 +/- 0.0080    [0.5682  0.5708  0.5680  0.5706  0.5893]
  f1              0.1322 +/- 0.0120    [0.1243  0.1431  0.1137  0.1341  0.1462]
  mcc             0.1002 +/- 0.0153    [0.0961  0.0962  0.0827  0.0971  0.1289]
  sensitivity     0.0735 +/- 0.0072    [0.0685  0.0805  0.0624  0.0747  0.0815]
  specificity     0.9701 +/- 0.0038    [0.9720  0.9639  0.9715  0.9682  0.9749]
  ppv             0.6615 +/- 0.0269    [0.6642  0.6417  0.6364  0.6533  0.7117]
  npv             0.5688 +/- 0.0071    [0.5635  0.5666  0.5649  0.5662  0.5829]

  Best fold: 4 (AUC-ROC = 0.6640)

================================================================================
PER-FOLD METRIC COMPARISON
================================================================================
  Fold    auc_roc      auc_pr       accuracy     f1           mcc          sensitivity  specificity  ppv          npv          
  -----------------------------------------------------------------------------------------------------------------------------
  0       0.6445       0.5726       0.5682       0.1243       0.0961       0.0685       0.9720       0.6642       0.5635       
  1       0.6165       0.5536       0.5708       0.1431       0.0962       0.0805       0.9639       0.6417       0.5666       
  2       0.6424       0.5610       0.5680       0.1137       0.0827       0.0624       0.9715       0.6364       0.5649       
  3       0.6338       0.5616       0.5706       0.1341       0.0971       0.0747       0.9682       0.6533       0.5662       
  4       0.6640       0.5802       0.5893       0.1462       0.1289       0.0815       0.9749       0.7117       0.5829       
  -----------------------------------------------------------------------------------------------------------------------------
  mean    0.6402       0.5658       0.5734       0.1322       0.1002       0.0735       0.9701       0.6615       0.5688       
  std     0.0154       0.0094       0.0080       0.0120       0.0153       0.0072       0.0038       0.0269       0.0071       

================================================================================
AVERAGED FEATURE IMPORTANCE ACROSS ALL FOLDS
================================================================================
  Rank   Feature                                           Mean Imp          Std
  -----------------------------------------------------------------------------
  1      esmif_PC003                                       0.001344     0.000128
  2      esmc_PC013                                        0.001089     0.000315
  3      esmc_PC001                                        0.001026     0.000081
  4      esmc_PC019                                        0.000915     0.000254
  5      esmc_PC006                                        0.000771     0.000084
  6      mean_plddt_peptide                                0.000710     0.000069
  7      mean_plddt_nflank                                 0.000693     0.000058
  8      N1_P                                              0.000693     0.000051
  9      esmc_PC003                                        0.000672     0.000067
  10     P5_P                                              0.000671     0.000043
  11     esmif_PC1527                                      0.000624     0.000078
  12     esmc_PC007                                        0.000591     0.000015
  13     N2_P                                              0.000571     0.000054
  14     esmif_PC1534                                      0.000547     0.000046
  15     esmif_PC1533                                      0.000515     0.000032
  16     esmif_PC1523                                      0.000513     0.000064
  17     mean_plddt_cflank                                 0.000512     0.000032
  18     esmif_PC1531                                      0.000507     0.000035
  19     esmif_PC1530                                      0.000499     0.000056
  20     esmc_PC018                                        0.000498     0.000186
  21     esmc_PC002                                        0.000472     0.000032
  22     esmif_PC1526                                      0.000469     0.000042
  23     esmif_PC1536                                      0.000460     0.000047
  24     esmc_PC015                                        0.000435     0.000070
  25     esmif_PC1535                                      0.000426     0.000068
  26     esmc_PC060                                        0.000423     0.000125
  27     mean_rsa_cflank                                   0.000415     0.000033
  28     esmc_PC011                                        0.000408     0.000039
  29     esmif_PC1532                                      0.000400     0.000051
  30     esmc_PC017                                        0.000399     0.000114

================================================================================
HELD-OUT VALIDATION SET EVALUATION
================================================================================
  Using model from best fold (4)
  Held-out samples: 8845 (pos=3870, neg=4975, ratio=1.286)

  Held-out results (8845 samples):
    AUC-ROC: 0.6344  |  AUC-PR: 0.5599  |  Acc: 0.5811  |  F1: 0.1370  |  MCC: 0.1163
    Sens: 0.0760  |  Spec: 0.9741  |  PPV: 0.6950  |  NPV: 0.5754

  Classification Report:
              precision    recall  f1-score   support

    Negative     0.5754    0.9741    0.7234      4975
    Positive     0.6950    0.0760    0.1370      3870

    accuracy                         0.5811      8845
   macro avg     0.6352    0.5250    0.4302      8845
weighted avg     0.6277    0.5811    0.4668      8845

================================================================================
CV AVERAGE vs HELD-OUT COMPARISON
================================================================================
  Metric             CV mean     CV std   Held-out      Delta
  ---------------------------------------------------------
  auc_roc             0.6402     0.0154     0.6344    -0.0058
  auc_pr              0.5658     0.0094     0.5599    -0.0058
  accuracy            0.5734     0.0080     0.5811    +0.0078
  f1                  0.1322     0.0120     0.1370    +0.0047
  mcc                 0.1002     0.0153     0.1163    +0.0161
  sensitivity         0.0735     0.0072     0.0760    +0.0024
  specificity         0.9701     0.0038     0.9741    +0.0039
  ppv                 0.6615     0.0269     0.6950    +0.0336
  npv                 0.5688     0.0071     0.5754    +0.0066

Results saved: /home/hilarius/special_course/special_course_spring2026/models/cv_results_rf_all_sparse_20260506_200102.json
Best model saved: /home/hilarius/special_course/special_course_spring2026/models/best_rf_all_sparse_model.pkl
Fold artifacts saved: /home/hilarius/special_course/special_course_spring2026/models/best_rf_all_sparse_artifacts.pkl
Feature names saved: /home/hilarius/special_course/special_course_spring2026/models/rf_all_sparse_feature_names.json

================================================================================
RUN SUMMARY
================================================================================
  Total runtime:    2608.1s (43.5 min)
  Model:            Random Forest (rf)
  Feature set:      Structural + one-hot + ESM-C + ESM-IF (all_sparse)
  Components:       ['handcrafted', 'sparse', 'esmc', 'esmif']
  Scaling:          no
  Features (final): 5623
    CSV features:   631
    esmc PCA:     3456
    esmif PCA:     3456
  CV folds:         5
  Best fold:        4 (AUC = 0.6640)
  Held-out AUC:     0.6344
  Held-out MCC:     0.1163
  Models dir:       /home/hilarius/special_course/special_course_spring2026/models/
  Results file:     /home/hilarius/special_course/special_course_spring2026/models/cv_results_rf_all_sparse_20260506_200102.json
  Feature names:    /home/hilarius/special_course/special_course_spring2026/models/rf_all_sparse_feature_names.json
  Log file:         /home/hilarius/special_course/special_course_spring2026/logs/04_modelling_rf_all_sparse_log_20260506_200102.txt
  Completed:        2026-05-06 20:44:30
================================================================================

############################################################
>>> $1
>>> CMD: python 04_modelling.py --model rf --features all_blosum --pca 1152
############################################################
[OK] Data file found: /home/hilarius/special_course/special_course_spring2026/data/processed/df_all.csv
[OK] Config validated: 5-fold CV + 1 held-out = 6 buckets
     Project root:  /home/hilarius/special_course/special_course_spring2026
     Data dir:      /home/hilarius/special_course/special_course_spring2026/data/processed
     Embedding dir: /home/hilarius/special_course/special_course_spring2026/data/processed/embeddings
     Log dir:       /home/hilarius/special_course/special_course_spring2026/logs
     Model dir:     /home/hilarius/special_course/special_course_spring2026/models
     Models:        lr, rf
     Feature sets:  all_blosum, all_sparse, esmc, esmif, esmif_hybrid, esmif_hybrid_20_fb, esmif_hybrid_40_fb, esmif_hybrid_60_fb, esmif_hybrid_80_fb, handcrafted, handcrafted_blosum, handcrafted_blosum_esmc, handcrafted_blosum_esmif, handcrafted_sparse, handcrafted_sparse_esmc, handcrafted_sparse_esmif, handcrafted_sparse_esmif_h20fb, handcrafted_sparse_esmif_h40fb, handcrafted_sparse_esmif_h60fb, handcrafted_sparse_esmif_h80fb, handcrafted_sparse_esmif_hybrid
     Components:    blosum, esmc, esmif, esmif_hybrid, esmif_hybrid_20_fb, esmif_hybrid_40_fb, esmif_hybrid_60_fb, esmif_hybrid_80_fb, handcrafted, sparse
  [CLI OVERRIDE] PCA components per region: 1152
================================================================================
  04_MODELLING -- RANDOM FOREST + STRUCTURAL + BLOSUM50 + ESM-C + ESM-IF
================================================================================
  Timestamp:       2026-05-06 20:44:32
  Model key:       rf
  Model class:     sklearn.ensemble.RandomForestClassifier
  Feature set:     all_blosum (Structural + BLOSUM50 + ESM-C + ESM-IF)
  Components:      ['handcrafted', 'blosum', 'esmc', 'esmif']
  Data path:       /home/hilarius/special_course/special_course_spring2026/data/processed/df_all_with_folds.csv
  Log path:        /home/hilarius/special_course/special_course_spring2026/logs/04_modelling_rf_all_blosum_log_20260506_204432.txt
  CV folds (k):    5
  Held-out bucket: 5
  Random state:    42
  Needs scaling:   False

  Model hyperparameters:
    n_estimators              1000
    max_depth                 None
    min_samples_split         2
    min_samples_leaf          1
    max_features              sqrt
    class_weight              balanced
    n_jobs                    -1
    random_state              42
    verbose                   0
================================================================================

Loading split data: /home/hilarius/special_course/special_course_spring2026/data/processed/df_all_with_folds.csv
  Shape: 53072 rows x 88 columns
  [OK] Fold column validated: [0, 1, 2, 3, 4, 5]

================================================================================
LOADING FEATURE COMPONENTS
================================================================================

  Loading CSV component: BLOSUM50 AA encoding
    Loading: df_all_blosum50.csv
    Shape: 53072 rows x 650 columns
    [OK] Alignment verified
    New columns: 580

  Merged 580 new columns → 53072 rows x 668 columns

  Loading embedding component: ESM-C (600M) embeddings
    Loading prepared embeddings: /home/hilarius/special_course/special_course_spring2026/data/processed/embeddings_prepared/esmc_prepared.h5
    Loaded: 53072 samples, 3 regions, dim=1152

  Loading embedding component: ESM-IF1 embeddings
    Loading prepared embeddings: /home/hilarius/special_course/special_course_spring2026/data/processed/embeddings_prepared/esmif_prepared.h5
    Loaded: 53072 samples, 3 regions, dim=512

================================================================================
COMPONENT SUMMARY
================================================================================

  CSV components (2):
    [handcrafted] Structural features
      Source: split_data (built-in)
    [blosum] BLOSUM50 AA encoding
      Source: /home/hilarius/special_course/special_course_spring2026/data/processed/df_all_blosum50.csv
      New columns added: 580
  Total CSV features: 631
    Structural: 51
    AA-encoded: 580

  Embedding components (2):
    [esmc] ESM-C (600M) embeddings
      Raw dim: 3456 (3 regions × 1152)
      After PCA: 3456 (1152/region × 3 regions)
    [esmif] ESM-IF1 embeddings
      Raw dim: 1536 (3 regions × 512)
      After PCA: 3456 (1152/region × 3 regions)

  Estimated total features: ~7543
    CSV:        631
    Embeddings: 6912 (after PCA)

================================================================================
PIPELINE READY: ~7543 features, 5 folds, Random Forest
================================================================================

--------------------------------------------------------------------------------
  FOLD 0/4
--------------------------------------------------------------------------------
    WARNING: X_train: 83391 NaN values replaced with medians
    WARNING: X_test: 10976 NaN values replaced with medians
    CSV features: 631 columns
    esmc: zero-vector samples: train=0/35381 (0.0%), test=0/8846 (0.0%)
    esmc: PCA 3456 → 3456 (1152/region × 3 regions, 100.0% variance, fitted on 35381 non-zero samples)
    esmif: zero-vector samples: train=4276/35381 (12.1%), test=858/8846 (9.7%)
    esmif: PCA 1536 → 1536 (1152/region × 3 regions, 100.0% variance, fitted on 31105 non-zero samples)
    Train:  35381 samples (pos=15617, neg=19764, ratio=1.266)
    Test:    8846 samples (pos=3954, neg=4892, ratio=1.237)
    Features: 5623
    Training Random Forest ...
    Training time: 309.5s

    Fold 0 results (489.4s):
      AUC-ROC: 0.6682  |  AUC-PR: 0.5982  |  Acc: 0.5912  |  F1: 0.2756  |  MCC: 0.1583
      Sens: 0.1740  |  Spec: 0.9285  |  PPV: 0.6628  |  NPV: 0.5817

    Top 15 feature importances:
    Rank   Feature                                         Importance
    -----------------------------------------------------------------
    1      esmif_PC003                                       0.001065
    2      esmc_PC013                                        0.001015
    3      esmc_PC001                                        0.000975
    4      esmc_PC019                                        0.000916
    5      P5_R                                              0.000884
    6      C1_N                                              0.000778
    7      C1_R                                              0.000667
    8      C1_S                                              0.000655
    9      mean_plddt_nflank                                 0.000652
    10     mean_plddt_peptide                                0.000645
    11     esmc_PC006                                        0.000634
    12     P5_K                                              0.000630
    13     P5_N                                              0.000615
    14     esmif_PC1527                                      0.000613
    15     N1_P                                              0.000601
    Saved model: /home/hilarius/special_course/special_course_spring2026/models/rf_all_blosum_model_fold0.pkl

--------------------------------------------------------------------------------
  FOLD 1/4
--------------------------------------------------------------------------------
    WARNING: X_train: 69530 NaN values replaced with medians
    WARNING: X_test: 24837 NaN values replaced with medians
    CSV features: 631 columns
    esmc: zero-vector samples: train=0/35381 (0.0%), test=0/8846 (0.0%)
    esmc: PCA 3456 → 3456 (1152/region × 3 regions, 100.0% variance, fitted on 35381 non-zero samples)
    esmif: zero-vector samples: train=4093/35381 (11.6%), test=1041/8846 (11.8%)
    esmif: PCA 1536 → 1536 (1152/region × 3 regions, 100.0% variance, fitted on 31288 non-zero samples)
    Train:  35381 samples (pos=15634, neg=19747, ratio=1.263)
    Test:    8846 samples (pos=3937, neg=4909, ratio=1.247)
    Features: 5623
    Training Random Forest ...
    Training time: 345.8s

    Fold 1 results (543.9s):
      AUC-ROC: 0.6426  |  AUC-PR: 0.5860  |  Acc: 0.5951  |  F1: 0.2890  |  MCC: 0.1640
      Sens: 0.1849  |  Spec: 0.9240  |  PPV: 0.6612  |  NPV: 0.5857

    Top 15 feature importances:
    Rank   Feature                                         Importance
    -----------------------------------------------------------------
    1      esmc_PC013                                        0.001321
    2      esmif_PC003                                       0.001272
    3      esmc_PC001                                        0.000879
    4      esmc_PC019                                        0.000830
    5      C1_N                                              0.000813
    6      P5_R                                              0.000784
    7      esmif_PC1527                                      0.000776
    8      C1_R                                              0.000717
    9      P5_K                                              0.000703
    10     mean_plddt_peptide                                0.000677
    11     mean_plddt_nflank                                 0.000637
    12     C1_S                                              0.000623
    13     esmc_PC006                                        0.000618
    14     esmif_PC1534                                      0.000594
    15     C1_L                                              0.000591
    Saved model: /home/hilarius/special_course/special_course_spring2026/models/rf_all_blosum_model_fold1.pkl

--------------------------------------------------------------------------------
  FOLD 2/4
--------------------------------------------------------------------------------
    WARNING: X_train: 69922 NaN values replaced with medians
    WARNING: X_test: 24445 NaN values replaced with medians
    CSV features: 631 columns
    esmc: zero-vector samples: train=0/35382 (0.0%), test=0/8845 (0.0%)
    esmc: PCA 3456 → 3456 (1152/region × 3 regions, 100.0% variance, fitted on 35382 non-zero samples)
    esmif: zero-vector samples: train=3874/35382 (10.9%), test=1260/8845 (14.2%)
    esmif: PCA 1536 → 1536 (1152/region × 3 regions, 100.0% variance, fitted on 31508 non-zero samples)
    Train:  35382 samples (pos=15645, neg=19737, ratio=1.262)
    Test:    8845 samples (pos=3926, neg=4919, ratio=1.253)
    Features: 5623
    Training Random Forest ...
    Training time: 294.0s

    Fold 2 results (445.8s):
      AUC-ROC: 0.6616  |  AUC-PR: 0.5901  |  Acc: 0.5922  |  F1: 0.2744  |  MCC: 0.1538
      Sens: 0.1737  |  Spec: 0.9262  |  PPV: 0.6526  |  NPV: 0.5841

    Top 15 feature importances:
    Rank   Feature                                         Importance
    -----------------------------------------------------------------
    1      esmif_PC003                                       0.001323
    2      C1_N                                              0.000862
    3      esmc_PC013                                        0.000853
    4      C1_S                                              0.000816
    5      P5_R                                              0.000809
    6      esmc_PC001                                        0.000802
    7      C1_R                                              0.000760
    8      esmc_PC018                                        0.000693
    9      P5_K                                              0.000677
    10     mean_plddt_peptide                                0.000641
    11     esmc_PC006                                        0.000638
    12     C1_L                                              0.000636
    13     mean_plddt_nflank                                 0.000617
    14     C1_F                                              0.000614
    15     C1_G                                              0.000602
    Saved model: /home/hilarius/special_course/special_course_spring2026/models/rf_all_blosum_model_fold2.pkl

--------------------------------------------------------------------------------
  FOLD 3/4
--------------------------------------------------------------------------------
    WARNING: X_train: 74842 NaN values replaced with medians
    WARNING: X_test: 19525 NaN values replaced with medians
    CSV features: 631 columns
    esmc: zero-vector samples: train=0/35382 (0.0%), test=0/8845 (0.0%)
    esmc: PCA 3456 → 3456 (1152/region × 3 regions, 100.0% variance, fitted on 35382 non-zero samples)
    esmif: zero-vector samples: train=4094/35382 (11.6%), test=1040/8845 (11.8%)
    esmif: PCA 1536 → 1536 (1152/region × 3 regions, 100.0% variance, fitted on 31288 non-zero samples)
    Train:  35382 samples (pos=15635, neg=19747, ratio=1.263)
    Test:    8845 samples (pos=3936, neg=4909, ratio=1.247)
    Features: 5623
    Training Random Forest ...
    Training time: 294.7s

    Fold 3 results (460.0s):
      AUC-ROC: 0.6757  |  AUC-PR: 0.6182  |  Acc: 0.6008  |  F1: 0.2706  |  MCC: 0.1894
      Sens: 0.1664  |  Spec: 0.9491  |  PPV: 0.7238  |  NPV: 0.5868

    Top 15 feature importances:
    Rank   Feature                                         Importance
    -----------------------------------------------------------------
    1      esmif_PC003                                       0.001209
    2      esmc_PC019                                        0.001143
    3      esmc_PC001                                        0.000872
    4      P5_R                                              0.000786
    5      mean_plddt_peptide                                0.000760
    6      mean_plddt_nflank                                 0.000753
    7      esmif_PC1527                                      0.000707
    8      C1_N                                              0.000669
    9      C1_R                                              0.000637
    10     P5_P                                              0.000598
    11     P5_K                                              0.000591
    12     C1_S                                              0.000567
    13     esmif_PC1534                                      0.000566
    14     mean_plddt_cflank                                 0.000565
    15     esmif_PC1530                                      0.000563
    Saved model: /home/hilarius/special_course/special_course_spring2026/models/rf_all_blosum_model_fold3.pkl

--------------------------------------------------------------------------------
  FOLD 4/4
--------------------------------------------------------------------------------
    WARNING: X_train: 79783 NaN values replaced with medians
    WARNING: X_test: 14584 NaN values replaced with medians
    CSV features: 631 columns
    esmc: zero-vector samples: train=0/35382 (0.0%), test=0/8845 (0.0%)
    esmc: PCA 3456 → 3456 (1152/region × 3 regions, 100.0% variance, fitted on 35382 non-zero samples)
    esmif: zero-vector samples: train=4199/35382 (11.9%), test=935/8845 (10.6%)
    esmif: PCA 1536 → 1536 (1152/region × 3 regions, 100.0% variance, fitted on 31183 non-zero samples)
    Train:  35382 samples (pos=15753, neg=19629, ratio=1.246)
    Test:    8845 samples (pos=3818, neg=5027, ratio=1.317)
    Features: 5623
    Training Random Forest ...
    Training time: 292.9s

    Fold 4 results (443.2s):
      AUC-ROC: 0.6883  |  AUC-PR: 0.6073  |  Acc: 0.6167  |  F1: 0.3076  |  MCC: 0.2007
      Sens: 0.1972  |  Spec: 0.9353  |  PPV: 0.6985  |  NPV: 0.6054

    Top 15 feature importances:
    Rank   Feature                                         Importance
    -----------------------------------------------------------------
    1      esmc_PC013                                        0.001111
    2      esmc_PC001                                        0.001009
    3      esmif_PC003                                       0.000991
    4      C1_N                                              0.000826
    5      P5_R                                              0.000805
    6      esmc_PC019                                        0.000744
    7      P5_K                                              0.000650
    8      mean_plddt_peptide                                0.000648
    9      esmc_PC003                                        0.000640
    10     mean_plddt_nflank                                 0.000615
    11     C1_R                                              0.000613
    12     N1_P                                              0.000569
    13     P5_P                                              0.000562
    14     esmif_PC1527                                      0.000554
    15     C1_S                                              0.000538
    Saved model: /home/hilarius/special_course/special_course_spring2026/models/rf_all_blosum_model_fold4.pkl

================================================================================
CROSS-VALIDATION SUMMARY (mean +/- std)
================================================================================
  auc_roc         0.6673 +/- 0.0152    [0.6682  0.6426  0.6616  0.6757  0.6883]
  auc_pr          0.6000 +/- 0.0117    [0.5982  0.5860  0.5901  0.6182  0.6073]
  accuracy        0.5992 +/- 0.0094    [0.5912  0.5951  0.5922  0.6008  0.6167]
  f1              0.2834 +/- 0.0136    [0.2756  0.2890  0.2744  0.2706  0.3076]
  mcc             0.1732 +/- 0.0185    [0.1583  0.1640  0.1538  0.1894  0.2007]
  sensitivity     0.1793 +/- 0.0108    [0.1740  0.1849  0.1737  0.1664  0.1972]
  specificity     0.9326 +/- 0.0091    [0.9285  0.9240  0.9262  0.9491  0.9353]
  ppv             0.6798 +/- 0.0270    [0.6628  0.6612  0.6526  0.7238  0.6985]
  npv             0.5887 +/- 0.0085    [0.5817  0.5857  0.5841  0.5868  0.6054]

  Best fold: 4 (AUC-ROC = 0.6883)

================================================================================
PER-FOLD METRIC COMPARISON
================================================================================
  Fold    auc_roc      auc_pr       accuracy     f1           mcc          sensitivity  specificity  ppv          npv          
  -----------------------------------------------------------------------------------------------------------------------------
  0       0.6682       0.5982       0.5912       0.2756       0.1583       0.1740       0.9285       0.6628       0.5817       
  1       0.6426       0.5860       0.5951       0.2890       0.1640       0.1849       0.9240       0.6612       0.5857       
  2       0.6616       0.5901       0.5922       0.2744       0.1538       0.1737       0.9262       0.6526       0.5841       
  3       0.6757       0.6182       0.6008       0.2706       0.1894       0.1664       0.9491       0.7238       0.5868       
  4       0.6883       0.6073       0.6167       0.3076       0.2007       0.1972       0.9353       0.6985       0.6054       
  -----------------------------------------------------------------------------------------------------------------------------
  mean    0.6673       0.6000       0.5992       0.2834       0.1732       0.1793       0.9326       0.6798       0.5887       
  std     0.0152       0.0117       0.0094       0.0136       0.0185       0.0108       0.0091       0.0270       0.0085       

================================================================================
AVERAGED FEATURE IMPORTANCE ACROSS ALL FOLDS
================================================================================
  Rank   Feature                                           Mean Imp          Std
  -----------------------------------------------------------------------------
  1      esmif_PC003                                       0.001172     0.000125
  2      esmc_PC013                                        0.000954     0.000286
  3      esmc_PC001                                        0.000908     0.000075
  4      esmc_PC019                                        0.000826     0.000211
  5      P5_R                                              0.000814     0.000036
  6      C1_N                                              0.000790     0.000066
  7      C1_R                                              0.000679     0.000054
  8      mean_plddt_peptide                                0.000674     0.000045
  9      mean_plddt_nflank                                 0.000655     0.000051
  10     P5_K                                              0.000650     0.000039
  11     esmif_PC1527                                      0.000642     0.000086
  12     C1_S                                              0.000640     0.000097
  13     esmc_PC006                                        0.000577     0.000068
  14     N1_P                                              0.000566     0.000029
  15     P5_H                                              0.000539     0.000017
  16     P5_P                                              0.000534     0.000040
  17     esmif_PC1534                                      0.000533     0.000046
  18     C1_K                                              0.000526     0.000027
  19     P5_N                                              0.000518     0.000055
  20     C1_L                                              0.000510     0.000100
  21     esmif_PC1533                                      0.000509     0.000036
  22     esmc_PC003                                        0.000501     0.000079
  23     esmif_PC1531                                      0.000492     0.000037
  24     mean_plddt_cflank                                 0.000490     0.000045
  25     esmif_PC1530                                      0.000482     0.000056
  26     esmif_PC1523                                      0.000477     0.000053
  27     P5_Q                                              0.000476     0.000022
  28     C1_F                                              0.000476     0.000073
  29     N2_P                                              0.000469     0.000057
  30     C1_G                                              0.000462     0.000083

================================================================================
HELD-OUT VALIDATION SET EVALUATION
================================================================================
  Using model from best fold (4)
  Held-out samples: 8845 (pos=3870, neg=4975, ratio=1.286)

  Held-out results (8845 samples):
    AUC-ROC: 0.6662  |  AUC-PR: 0.5934  |  Acc: 0.6061  |  F1: 0.2890  |  MCC: 0.1828
    Sens: 0.1829  |  Spec: 0.9353  |  PPV: 0.6874  |  NPV: 0.5954

  Classification Report:
              precision    recall  f1-score   support

    Negative     0.5954    0.9353    0.7276      4975
    Positive     0.6874    0.1829    0.2890      3870

    accuracy                         0.6061      8845
   macro avg     0.6414    0.5591    0.5083      8845
weighted avg     0.6356    0.6061    0.5357      8845

================================================================================
CV AVERAGE vs HELD-OUT COMPARISON
================================================================================
  Metric             CV mean     CV std   Held-out      Delta
  ---------------------------------------------------------
  auc_roc             0.6673     0.0152     0.6662    -0.0011
  auc_pr              0.6000     0.0117     0.5934    -0.0066
  accuracy            0.5992     0.0094     0.6061    +0.0069
  f1                  0.2834     0.0136     0.2890    +0.0055
  mcc                 0.1732     0.0185     0.1828    +0.0096
  sensitivity         0.1793     0.0108     0.1829    +0.0037
  specificity         0.9326     0.0091     0.9353    +0.0027
  ppv                 0.6798     0.0270     0.6874    +0.0076
  npv                 0.5887     0.0085     0.5954    +0.0067

Results saved: /home/hilarius/special_course/special_course_spring2026/models/cv_results_rf_all_blosum_20260506_204432.json
Best model saved: /home/hilarius/special_course/special_course_spring2026/models/best_rf_all_blosum_model.pkl
Fold artifacts saved: /home/hilarius/special_course/special_course_spring2026/models/best_rf_all_blosum_artifacts.pkl
Feature names saved: /home/hilarius/special_course/special_course_spring2026/models/rf_all_blosum_feature_names.json

================================================================================
RUN SUMMARY
================================================================================
  Total runtime:    2409.8s (40.2 min)
  Model:            Random Forest (rf)
  Feature set:      Structural + BLOSUM50 + ESM-C + ESM-IF (all_blosum)
  Components:       ['handcrafted', 'blosum', 'esmc', 'esmif']
  Scaling:          no
  Features (final): 5623
    CSV features:   631
    esmc PCA:     3456
    esmif PCA:     3456
  CV folds:         5
  Best fold:        4 (AUC = 0.6883)
  Held-out AUC:     0.6662
  Held-out MCC:     0.1828
  Models dir:       /home/hilarius/special_course/special_course_spring2026/models/
  Results file:     /home/hilarius/special_course/special_course_spring2026/models/cv_results_rf_all_blosum_20260506_204432.json
  Feature names:    /home/hilarius/special_course/special_course_spring2026/models/rf_all_blosum_feature_names.json
  Log file:         /home/hilarius/special_course/special_course_spring2026/logs/04_modelling_rf_all_blosum_log_20260506_204432.txt
  Completed:        2026-05-06 21:24:42
================================================================================

############################################################
>>> $1
>>> CMD: python 04_modelling.py --model lr --features all_sparse --pca 1152
############################################################
[OK] Data file found: /home/hilarius/special_course/special_course_spring2026/data/processed/df_all.csv
[OK] Config validated: 5-fold CV + 1 held-out = 6 buckets
     Project root:  /home/hilarius/special_course/special_course_spring2026
     Data dir:      /home/hilarius/special_course/special_course_spring2026/data/processed
     Embedding dir: /home/hilarius/special_course/special_course_spring2026/data/processed/embeddings
     Log dir:       /home/hilarius/special_course/special_course_spring2026/logs
     Model dir:     /home/hilarius/special_course/special_course_spring2026/models
     Models:        lr, rf
     Feature sets:  all_blosum, all_sparse, esmc, esmif, esmif_hybrid, esmif_hybrid_20_fb, esmif_hybrid_40_fb, esmif_hybrid_60_fb, esmif_hybrid_80_fb, handcrafted, handcrafted_blosum, handcrafted_blosum_esmc, handcrafted_blosum_esmif, handcrafted_sparse, handcrafted_sparse_esmc, handcrafted_sparse_esmif, handcrafted_sparse_esmif_h20fb, handcrafted_sparse_esmif_h40fb, handcrafted_sparse_esmif_h60fb, handcrafted_sparse_esmif_h80fb, handcrafted_sparse_esmif_hybrid
     Components:    blosum, esmc, esmif, esmif_hybrid, esmif_hybrid_20_fb, esmif_hybrid_40_fb, esmif_hybrid_60_fb, esmif_hybrid_80_fb, handcrafted, sparse
  [CLI OVERRIDE] PCA components per region: 1152
================================================================================
  04_MODELLING -- LOGISTIC REGRESSION + STRUCTURAL + ONE-HOT + ESM-C + ESM-IF
================================================================================
  Timestamp:       2026-05-06 21:24:43
  Model key:       lr
  Model class:     sklearn.linear_model.LogisticRegression
  Feature set:     all_sparse (Structural + one-hot + ESM-C + ESM-IF)
  Components:      ['handcrafted', 'sparse', 'esmc', 'esmif']
  Data path:       /home/hilarius/special_course/special_course_spring2026/data/processed/df_all_with_folds.csv
  Log path:        /home/hilarius/special_course/special_course_spring2026/logs/04_modelling_lr_all_sparse_log_20260506_212443.txt
  CV folds (k):    5
  Held-out bucket: 5
  Random state:    42
  Needs scaling:   True

  Model hyperparameters:
    penalty                   None
    solver                    lbfgs
    max_iter                  5000
    class_weight              balanced
    random_state              42
    verbose                   0
================================================================================

Loading split data: /home/hilarius/special_course/special_course_spring2026/data/processed/df_all_with_folds.csv
  Shape: 53072 rows x 88 columns
  [OK] Fold column validated: [0, 1, 2, 3, 4, 5]

================================================================================
LOADING FEATURE COMPONENTS
================================================================================

  Loading CSV component: One-hot AA encoding
    Loading: df_all_sparse.csv
    Shape: 53072 rows x 650 columns
    [OK] Alignment verified
    New columns: 580

  Merged 580 new columns → 53072 rows x 668 columns

  Loading embedding component: ESM-C (600M) embeddings
    Loading prepared embeddings: /home/hilarius/special_course/special_course_spring2026/data/processed/embeddings_prepared/esmc_prepared.h5
    Loaded: 53072 samples, 3 regions, dim=1152

  Loading embedding component: ESM-IF1 embeddings
    Loading prepared embeddings: /home/hilarius/special_course/special_course_spring2026/data/processed/embeddings_prepared/esmif_prepared.h5
    Loaded: 53072 samples, 3 regions, dim=512

================================================================================
COMPONENT SUMMARY
================================================================================

  CSV components (2):
    [handcrafted] Structural features
      Source: split_data (built-in)
    [sparse] One-hot AA encoding
      Source: /home/hilarius/special_course/special_course_spring2026/data/processed/df_all_sparse.csv
      New columns added: 580
  Total CSV features: 631
    Structural: 51
    AA-encoded: 580

  Embedding components (2):
    [esmc] ESM-C (600M) embeddings
      Raw dim: 3456 (3 regions × 1152)
      After PCA: 3456 (1152/region × 3 regions)
    [esmif] ESM-IF1 embeddings
      Raw dim: 1536 (3 regions × 512)
      After PCA: 3456 (1152/region × 3 regions)

  Estimated total features: ~7543
    CSV:        631
    Embeddings: 6912 (after PCA)

================================================================================
PIPELINE READY: ~7543 features, 5 folds, Logistic Regression
================================================================================

--------------------------------------------------------------------------------
  FOLD 0/4
--------------------------------------------------------------------------------
    WARNING: X_train: 83391 NaN values replaced with medians
    WARNING: X_test: 10976 NaN values replaced with medians
    CSV features: 631 columns
    esmc: zero-vector samples: train=0/35381 (0.0%), test=0/8846 (0.0%)
    esmc: PCA 3456 → 3456 (1152/region × 3 regions, 100.0% variance, fitted on 35381 non-zero samples)
    esmif: zero-vector samples: train=4276/35381 (12.1%), test=858/8846 (9.7%)
    esmif: PCA 1536 → 1536 (1152/region × 3 regions, 100.0% variance, fitted on 31105 non-zero samples)
    Train:  35381 samples (pos=15617, neg=19764, ratio=1.266)
    Test:    8846 samples (pos=3954, neg=4892, ratio=1.237)
    Features: 5623
    Training Logistic Regression ...
    Training time: 31.5s

    Fold 0 results (169.5s):
      AUC-ROC: 0.7050  |  AUC-PR: 0.6375  |  Acc: 0.6535  |  F1: 0.6235  |  MCC: 0.3035
      Sens: 0.6419  |  Spec: 0.6629  |  PPV: 0.6062  |  NPV: 0.6961

    Top 15 feature coefficients:
    Rank   Feature                                        Coefficient
    -----------------------------------------------------------------
    1      rel_distance_from_n_terminus                     -0.757057
    2      rel_distance_from_c_terminus                     -0.720944
    3      esmif_PC1535                                      0.642834
    4      esmif_PC1534                                     -0.438952
    5      esmc_PC019                                        0.356959
    6      C1_L                                             -0.350455
    7      C1_I                                             -0.339134
    8      esmif_PC1536                                      0.305395
    9      C1_F                                             -0.279699
    10     C1_P                                             -0.275183
    11     mean_plddt_cflank                                 0.253877
    12     N2_P                                             -0.249676
    13     N1_P                                             -0.248606
    14     C2_P                                             -0.247090
    15     C1_V                                             -0.243742
    Saved model: /home/hilarius/special_course/special_course_spring2026/models/lr_all_sparse_model_fold0.pkl

--------------------------------------------------------------------------------
  FOLD 1/4
--------------------------------------------------------------------------------
    WARNING: X_train: 69530 NaN values replaced with medians
    WARNING: X_test: 24837 NaN values replaced with medians
    CSV features: 631 columns
    esmc: zero-vector samples: train=0/35381 (0.0%), test=0/8846 (0.0%)
    esmc: PCA 3456 → 3456 (1152/region × 3 regions, 100.0% variance, fitted on 35381 non-zero samples)
    esmif: zero-vector samples: train=4093/35381 (11.6%), test=1041/8846 (11.8%)
    esmif: PCA 1536 → 1536 (1152/region × 3 regions, 100.0% variance, fitted on 31288 non-zero samples)
    Train:  35381 samples (pos=15634, neg=19747, ratio=1.263)
    Test:    8846 samples (pos=3937, neg=4909, ratio=1.247)
    Features: 5623
    Training Logistic Regression ...
    Training time: 20.3s

    Fold 1 results (130.2s):
      AUC-ROC: 0.6919  |  AUC-PR: 0.6329  |  Acc: 0.6409  |  F1: 0.6078  |  MCC: 0.2774
      Sens: 0.6253  |  Spec: 0.6533  |  PPV: 0.5913  |  NPV: 0.6850

    Top 15 feature coefficients:
    Rank   Feature                                        Coefficient
    -----------------------------------------------------------------
    1      esmc_PC019                                        0.323492
    2      esmc_PC001                                       -0.269683
    3      esmc_PC016                                       -0.254820
    4      N1_P                                             -0.249298
    5      P5_P                                             -0.242455
    6      P7_H                                              0.242207
    7      rel_distance_from_n_terminus                     -0.232829
    8      esmc_PC003                                       -0.231065
    9      mean_plddt_cflank                                 0.229342
    10     C1_I                                             -0.225842
    11     rel_distance_from_c_terminus                     -0.223727
    12     P9_M                                             -0.222121
    13     esmc_PC013                                       -0.199895
    14     q8point_I_nflank                                 -0.198805
    15     P5_H                                              0.193329
    Saved model: /home/hilarius/special_course/special_course_spring2026/models/lr_all_sparse_model_fold1.pkl

--------------------------------------------------------------------------------
  FOLD 2/4
--------------------------------------------------------------------------------
    WARNING: X_train: 69922 NaN values replaced with medians
    WARNING: X_test: 24445 NaN values replaced with medians
    CSV features: 631 columns
    esmc: zero-vector samples: train=0/35382 (0.0%), test=0/8845 (0.0%)
    esmc: PCA 3456 → 3456 (1152/region × 3 regions, 100.0% variance, fitted on 35382 non-zero samples)
    esmif: zero-vector samples: train=3874/35382 (10.9%), test=1260/8845 (14.2%)
    esmif: PCA 1536 → 1536 (1152/region × 3 regions, 100.0% variance, fitted on 31508 non-zero samples)
    Train:  35382 samples (pos=15645, neg=19737, ratio=1.262)
    Test:    8845 samples (pos=3926, neg=4919, ratio=1.253)
    Features: 5623
    Training Logistic Regression ...
    Training time: 40.2s

    Fold 2 results (150.8s):
      AUC-ROC: 0.6987  |  AUC-PR: 0.6344  |  Acc: 0.6449  |  F1: 0.6073  |  MCC: 0.2836
      Sens: 0.6187  |  Spec: 0.6658  |  PPV: 0.5964  |  NPV: 0.6863

    Top 15 feature coefficients:
    Rank   Feature                                        Coefficient
    -----------------------------------------------------------------
    1      rel_distance_from_n_terminus                     -1.249127
    2      rel_distance_from_c_terminus                     -1.247477
    3      esmif_PC1536                                      1.004296
    4      esmif_PC1534                                     -0.524507
    5      C4_L                                              0.501713
    6      C4_A                                              0.474255
    7      C1_L                                             -0.469416
    8      C4_S                                              0.467744
    9      C4_G                                              0.467338
    10     C4_V                                              0.424657
    11     C1_I                                             -0.418076
    12     C4_E                                              0.413017
    13     C4_P                                              0.406989
    14     C4_K                                              0.406245
    15     C4_T                                              0.406080
    Saved model: /home/hilarius/special_course/special_course_spring2026/models/lr_all_sparse_model_fold2.pkl

--------------------------------------------------------------------------------
  FOLD 3/4
--------------------------------------------------------------------------------
    WARNING: X_train: 74842 NaN values replaced with medians
    WARNING: X_test: 19525 NaN values replaced with medians
    CSV features: 631 columns
    esmc: zero-vector samples: train=0/35382 (0.0%), test=0/8845 (0.0%)
    esmc: PCA 3456 → 3456 (1152/region × 3 regions, 100.0% variance, fitted on 35382 non-zero samples)
    esmif: zero-vector samples: train=4094/35382 (11.6%), test=1040/8845 (11.8%)
    esmif: PCA 1536 → 1536 (1152/region × 3 regions, 100.0% variance, fitted on 31288 non-zero samples)
    Train:  35382 samples (pos=15635, neg=19747, ratio=1.263)
    Test:    8845 samples (pos=3936, neg=4909, ratio=1.247)
    Features: 5623
    Training Logistic Regression ...
    Training time: 23.8s

    Fold 3 results (131.1s):
      AUC-ROC: 0.7046  |  AUC-PR: 0.6490  |  Acc: 0.6492  |  F1: 0.6164  |  MCC: 0.2940
      Sens: 0.6334  |  Spec: 0.6618  |  PPV: 0.6003  |  NPV: 0.6925

    Top 15 feature coefficients:
    Rank   Feature                                        Coefficient
    -----------------------------------------------------------------
    1      esmif_PC1536                                      0.447790
    2      rel_distance_from_c_terminus                     -0.395918
    3      rel_distance_from_n_terminus                     -0.372326
    4      esmc_PC019                                        0.328971
    5      C1_I                                             -0.279717
    6      esmc_PC003                                       -0.270674
    7      esmc_PC016                                       -0.255909
    8      N1_P                                             -0.254932
    9      P5_P                                             -0.241496
    10     P7_H                                              0.231543
    11     C1_L                                             -0.227524
    12     N2_P                                             -0.217087
    13     N10_L                                            -0.214521
    14     P9_M                                             -0.213625
    15     C1_P                                             -0.212977
    Saved model: /home/hilarius/special_course/special_course_spring2026/models/lr_all_sparse_model_fold3.pkl

--------------------------------------------------------------------------------
  FOLD 4/4
--------------------------------------------------------------------------------
    WARNING: X_train: 79783 NaN values replaced with medians
    WARNING: X_test: 14584 NaN values replaced with medians
    CSV features: 631 columns
    esmc: zero-vector samples: train=0/35382 (0.0%), test=0/8845 (0.0%)
    esmc: PCA 3456 → 3456 (1152/region × 3 regions, 100.0% variance, fitted on 35382 non-zero samples)
    esmif: zero-vector samples: train=4199/35382 (11.9%), test=935/8845 (10.6%)
    esmif: PCA 1536 → 1536 (1152/region × 3 regions, 100.0% variance, fitted on 31183 non-zero samples)
    Train:  35382 samples (pos=15753, neg=19629, ratio=1.246)
    Test:    8845 samples (pos=3818, neg=5027, ratio=1.317)
    Features: 5623
    Training Logistic Regression ...
    Training time: 12.6s

    Fold 4 results (122.7s):
      AUC-ROC: 0.7092  |  AUC-PR: 0.6381  |  Acc: 0.6556  |  F1: 0.6170  |  MCC: 0.3058
      Sens: 0.6425  |  Spec: 0.6656  |  PPV: 0.5934  |  NPV: 0.7103

    Top 15 feature coefficients:
    Rank   Feature                                        Coefficient
    -----------------------------------------------------------------
    1      esmc_PC019                                        0.325013
    2      P7_H                                              0.262056
    3      mean_plddt_cflank                                 0.250161
    4      esmc_PC016                                       -0.242212
    5      P5_P                                             -0.239773
    6      esmc_PC001                                       -0.237288
    7      N1_P                                             -0.236895
    8      esmc_PC003                                       -0.234708
    9      C1_I                                             -0.213022
    10     P9_M                                             -0.202294
    11     N2_P                                             -0.201188
    12     esmc_PC018                                        0.190641
    13     P8_P                                             -0.183427
    14     P5_H                                              0.183160
    15     esmc_PC032                                        0.182828
    Saved model: /home/hilarius/special_course/special_course_spring2026/models/lr_all_sparse_model_fold4.pkl

================================================================================
CROSS-VALIDATION SUMMARY (mean +/- std)
================================================================================
  auc_roc         0.7019 +/- 0.0060    [0.7050  0.6919  0.6987  0.7046  0.7092]
  auc_pr          0.6384 +/- 0.0056    [0.6375  0.6329  0.6344  0.6490  0.6381]
  accuracy        0.6488 +/- 0.0054    [0.6535  0.6409  0.6449  0.6492  0.6556]
  f1              0.6144 +/- 0.0061    [0.6235  0.6078  0.6073  0.6164  0.6170]
  mcc             0.2929 +/- 0.0110    [0.3035  0.2774  0.2836  0.2940  0.3058]
  sensitivity     0.6324 +/- 0.0093    [0.6419  0.6253  0.6187  0.6334  0.6425]
  specificity     0.6619 +/- 0.0046    [0.6629  0.6533  0.6658  0.6618  0.6656]
  ppv             0.5975 +/- 0.0053    [0.6062  0.5913  0.5964  0.6003  0.5934]
  npv             0.6940 +/- 0.0091    [0.6961  0.6850  0.6863  0.6925  0.7103]

  Best fold: 4 (AUC-ROC = 0.7092)

================================================================================
PER-FOLD METRIC COMPARISON
================================================================================
  Fold    auc_roc      auc_pr       accuracy     f1           mcc          sensitivity  specificity  ppv          npv          
  -----------------------------------------------------------------------------------------------------------------------------
  0       0.7050       0.6375       0.6535       0.6235       0.3035       0.6419       0.6629       0.6062       0.6961       
  1       0.6919       0.6329       0.6409       0.6078       0.2774       0.6253       0.6533       0.5913       0.6850       
  2       0.6987       0.6344       0.6449       0.6073       0.2836       0.6187       0.6658       0.5964       0.6863       
  3       0.7046       0.6490       0.6492       0.6164       0.2940       0.6334       0.6618       0.6003       0.6925       
  4       0.7092       0.6381       0.6556       0.6170       0.3058       0.6425       0.6656       0.5934       0.7103       
  -----------------------------------------------------------------------------------------------------------------------------
  mean    0.7019       0.6384       0.6488       0.6144       0.2929       0.6324       0.6619       0.5975       0.6940       
  std     0.0060       0.0056       0.0054       0.0061       0.0110       0.0093       0.0046       0.0053       0.0091       

================================================================================
AVERAGED COEFFICIENTS ACROSS ALL FOLDS
================================================================================
  Rank   Feature                                          Mean Coef          Std
  -----------------------------------------------------------------------------
  1      rel_distance_from_n_terminus                     -0.538509     0.420220
  2      rel_distance_from_c_terminus                     -0.526211     0.424293
  3      esmif_PC1536                                      0.405132     0.322939
  4      esmc_PC019                                        0.309470     0.049793
  5      C1_I                                             -0.295158     0.075937
  6      C1_L                                             -0.277255     0.116715
  7      N1_P                                             -0.267794     0.041143
  8      N2_P                                             -0.243167     0.065425
  9      P7_H                                              0.242029     0.015418
  10     esmc_PC003                                       -0.241245     0.022848
  11     P5_P                                             -0.237482     0.005123
  12     C1_P                                             -0.217359     0.090561
  13     P9_M                                             -0.214707     0.006834
  14     esmc_PC001                                       -0.208242     0.041033
  15     C1_F                                             -0.202269     0.080968
  16     mean_plddt_cflank                                 0.201905     0.053008
  17     P5_H                                              0.177121     0.011347
  18     C1_V                                             -0.175927     0.093180
  19     C1_D                                             -0.174850     0.083556
  20     esmif_PC1535                                      0.172725     0.245405
  21     P8_P                                             -0.170506     0.012661
  22     C1_E                                             -0.169482     0.100820
  23     esmc_PC018                                        0.168026     0.066291
  24     P7_G                                             -0.168007     0.013588
  25     N2_I                                             -0.166220     0.060664
  26     esmif_PC1534                                     -0.161571     0.268582
  27     C4_G                                              0.156061     0.163534
  28     P2_W                                              0.153349     0.027178
  29     P2_F                                              0.151835     0.011829
  30     P9_V                                              0.146770     0.015803

================================================================================
HELD-OUT VALIDATION SET EVALUATION
================================================================================
  Using model from best fold (4)
  Held-out samples: 8845 (pos=3870, neg=4975, ratio=1.286)

  Held-out results (8845 samples):
    AUC-ROC: 0.7055  |  AUC-PR: 0.6423  |  Acc: 0.6493  |  F1: 0.6126  |  MCC: 0.2935
    Sens: 0.6339  |  Spec: 0.6613  |  PPV: 0.5928  |  NPV: 0.6990

  Classification Report:
              precision    recall  f1-score   support

    Negative     0.6990    0.6613    0.6796      4975
    Positive     0.5928    0.6339    0.6126      3870

    accuracy                         0.6493      8845
   macro avg     0.6459    0.6476    0.6461      8845
weighted avg     0.6525    0.6493    0.6503      8845

================================================================================
CV AVERAGE vs HELD-OUT COMPARISON
================================================================================
  Metric             CV mean     CV std   Held-out      Delta
  ---------------------------------------------------------
  auc_roc             0.7019     0.0060     0.7055    +0.0036
  auc_pr              0.6384     0.0056     0.6423    +0.0039
  accuracy            0.6488     0.0054     0.6493    +0.0005
  f1                  0.6144     0.0061     0.6126    -0.0018
  mcc                 0.2929     0.0110     0.2935    +0.0006
  sensitivity         0.6324     0.0093     0.6339    +0.0015
  specificity         0.6619     0.0046     0.6613    -0.0006
  ppv                 0.5975     0.0053     0.5928    -0.0047
  npv                 0.6940     0.0091     0.6990    +0.0050

Results saved: /home/hilarius/special_course/special_course_spring2026/models/cv_results_lr_all_sparse_20260506_212443.json
Best model saved: /home/hilarius/special_course/special_course_spring2026/models/best_lr_all_sparse_model.pkl
Fold artifacts saved: /home/hilarius/special_course/special_course_spring2026/models/best_lr_all_sparse_artifacts.pkl
Feature names saved: /home/hilarius/special_course/special_course_spring2026/models/lr_all_sparse_feature_names.json

================================================================================
RUN SUMMARY
================================================================================
  Total runtime:    717.3s (12.0 min)
  Model:            Logistic Regression (lr)
  Feature set:      Structural + one-hot + ESM-C + ESM-IF (all_sparse)
  Components:       ['handcrafted', 'sparse', 'esmc', 'esmif']
  Scaling:          yes
  Features (final): 5623
    CSV features:   631
    esmc PCA:     3456
    esmif PCA:     3456
  CV folds:         5
  Best fold:        4 (AUC = 0.7092)
  Held-out AUC:     0.7055
  Held-out MCC:     0.2935
  Models dir:       /home/hilarius/special_course/special_course_spring2026/models/
  Results file:     /home/hilarius/special_course/special_course_spring2026/models/cv_results_lr_all_sparse_20260506_212443.json
  Feature names:    /home/hilarius/special_course/special_course_spring2026/models/lr_all_sparse_feature_names.json
  Log file:         /home/hilarius/special_course/special_course_spring2026/logs/04_modelling_lr_all_sparse_log_20260506_212443.txt
  Completed:        2026-05-06 21:36:41
================================================================================

############################################################
>>> $1
>>> CMD: python 04_modelling.py --model lr --features all_blosum --pca 1152
############################################################
[OK] Data file found: /home/hilarius/special_course/special_course_spring2026/data/processed/df_all.csv
[OK] Config validated: 5-fold CV + 1 held-out = 6 buckets
     Project root:  /home/hilarius/special_course/special_course_spring2026
     Data dir:      /home/hilarius/special_course/special_course_spring2026/data/processed
     Embedding dir: /home/hilarius/special_course/special_course_spring2026/data/processed/embeddings
     Log dir:       /home/hilarius/special_course/special_course_spring2026/logs
     Model dir:     /home/hilarius/special_course/special_course_spring2026/models
     Models:        lr, rf
     Feature sets:  all_blosum, all_sparse, esmc, esmif, esmif_hybrid, esmif_hybrid_20_fb, esmif_hybrid_40_fb, esmif_hybrid_60_fb, esmif_hybrid_80_fb, handcrafted, handcrafted_blosum, handcrafted_blosum_esmc, handcrafted_blosum_esmif, handcrafted_sparse, handcrafted_sparse_esmc, handcrafted_sparse_esmif, handcrafted_sparse_esmif_h20fb, handcrafted_sparse_esmif_h40fb, handcrafted_sparse_esmif_h60fb, handcrafted_sparse_esmif_h80fb, handcrafted_sparse_esmif_hybrid
     Components:    blosum, esmc, esmif, esmif_hybrid, esmif_hybrid_20_fb, esmif_hybrid_40_fb, esmif_hybrid_60_fb, esmif_hybrid_80_fb, handcrafted, sparse
  [CLI OVERRIDE] PCA components per region: 1152
================================================================================
  04_MODELLING -- LOGISTIC REGRESSION + STRUCTURAL + BLOSUM50 + ESM-C + ESM-IF
================================================================================
  Timestamp:       2026-05-06 21:36:42
  Model key:       lr
  Model class:     sklearn.linear_model.LogisticRegression
  Feature set:     all_blosum (Structural + BLOSUM50 + ESM-C + ESM-IF)
  Components:      ['handcrafted', 'blosum', 'esmc', 'esmif']
  Data path:       /home/hilarius/special_course/special_course_spring2026/data/processed/df_all_with_folds.csv
  Log path:        /home/hilarius/special_course/special_course_spring2026/logs/04_modelling_lr_all_blosum_log_20260506_213642.txt
  CV folds (k):    5
  Held-out bucket: 5
  Random state:    42
  Needs scaling:   True

  Model hyperparameters:
    penalty                   None
    solver                    lbfgs
    max_iter                  5000
    class_weight              balanced
    random_state              42
    verbose                   0
================================================================================

Loading split data: /home/hilarius/special_course/special_course_spring2026/data/processed/df_all_with_folds.csv
  Shape: 53072 rows x 88 columns
  [OK] Fold column validated: [0, 1, 2, 3, 4, 5]

================================================================================
LOADING FEATURE COMPONENTS
================================================================================

  Loading CSV component: BLOSUM50 AA encoding
    Loading: df_all_blosum50.csv
    Shape: 53072 rows x 650 columns
    [OK] Alignment verified
    New columns: 580

  Merged 580 new columns → 53072 rows x 668 columns

  Loading embedding component: ESM-C (600M) embeddings
    Loading prepared embeddings: /home/hilarius/special_course/special_course_spring2026/data/processed/embeddings_prepared/esmc_prepared.h5
    Loaded: 53072 samples, 3 regions, dim=1152

  Loading embedding component: ESM-IF1 embeddings
    Loading prepared embeddings: /home/hilarius/special_course/special_course_spring2026/data/processed/embeddings_prepared/esmif_prepared.h5
    Loaded: 53072 samples, 3 regions, dim=512

================================================================================
COMPONENT SUMMARY
================================================================================

  CSV components (2):
    [handcrafted] Structural features
      Source: split_data (built-in)
    [blosum] BLOSUM50 AA encoding
      Source: /home/hilarius/special_course/special_course_spring2026/data/processed/df_all_blosum50.csv
      New columns added: 580
  Total CSV features: 631
    Structural: 51
    AA-encoded: 580

  Embedding components (2):
    [esmc] ESM-C (600M) embeddings
      Raw dim: 3456 (3 regions × 1152)
      After PCA: 3456 (1152/region × 3 regions)
    [esmif] ESM-IF1 embeddings
      Raw dim: 1536 (3 regions × 512)
      After PCA: 3456 (1152/region × 3 regions)

  Estimated total features: ~7543
    CSV:        631
    Embeddings: 6912 (after PCA)

================================================================================
PIPELINE READY: ~7543 features, 5 folds, Logistic Regression
================================================================================

--------------------------------------------------------------------------------
  FOLD 0/4
--------------------------------------------------------------------------------
    WARNING: X_train: 83391 NaN values replaced with medians
    WARNING: X_test: 10976 NaN values replaced with medians
    CSV features: 631 columns
    esmc: zero-vector samples: train=0/35381 (0.0%), test=0/8846 (0.0%)
    esmc: PCA 3456 → 3456 (1152/region × 3 regions, 100.0% variance, fitted on 35381 non-zero samples)
    esmif: zero-vector samples: train=4276/35381 (12.1%), test=858/8846 (9.7%)
    esmif: PCA 1536 → 1536 (1152/region × 3 regions, 100.0% variance, fitted on 31105 non-zero samples)
    Train:  35381 samples (pos=15617, neg=19764, ratio=1.266)
    Test:    8846 samples (pos=3954, neg=4892, ratio=1.237)
    Features: 5623
    Training Logistic Regression ...
    Training time: 58.7s

    Fold 0 results (170.0s):
      AUC-ROC: 0.7056  |  AUC-PR: 0.6392  |  Acc: 0.6559  |  F1: 0.6265  |  MCC: 0.3085
      Sens: 0.6457  |  Spec: 0.6641  |  PPV: 0.6084  |  NPV: 0.6987

    Top 15 feature coefficients:
    Rank   Feature                                        Coefficient
    -----------------------------------------------------------------
    1      C1_V                                              1.509644
    2      P3_V                                             -1.457929
    3      rel_distance_from_n_terminus                     -1.268788
    4      N9_I                                              1.238954
    5      rel_distance_from_c_terminus                     -1.228623
    6      P8_V                                              1.200024
    7      C5_I                                              1.038805
    8      P8_I                                             -1.038047
    9      P9_M                                             -1.036690
    10     P3_I                                              0.975537
    11     C4_I                                             -0.932355
    12     C1_L                                              0.920046
    13     C1_I                                             -0.909493
    14     P9_N                                             -0.904636
    15     N2_V                                              0.878620
    Saved model: /home/hilarius/special_course/special_course_spring2026/models/lr_all_blosum_model_fold0.pkl

--------------------------------------------------------------------------------
  FOLD 1/4
--------------------------------------------------------------------------------
    WARNING: X_train: 69530 NaN values replaced with medians
    WARNING: X_test: 24837 NaN values replaced with medians
    CSV features: 631 columns
    esmc: zero-vector samples: train=0/35381 (0.0%), test=0/8846 (0.0%)
    esmc: PCA 3456 → 3456 (1152/region × 3 regions, 100.0% variance, fitted on 35381 non-zero samples)
    esmif: zero-vector samples: train=4093/35381 (11.6%), test=1041/8846 (11.8%)
    esmif: PCA 1536 → 1536 (1152/region × 3 regions, 100.0% variance, fitted on 31288 non-zero samples)
    Train:  35381 samples (pos=15634, neg=19747, ratio=1.263)
    Test:    8846 samples (pos=3937, neg=4909, ratio=1.247)
    Features: 5623
    Training Logistic Regression ...
    Training time: 49.7s

    Fold 1 results (158.8s):
      AUC-ROC: 0.6919  |  AUC-PR: 0.6333  |  Acc: 0.6424  |  F1: 0.6091  |  MCC: 0.2804
      Sens: 0.6259  |  Spec: 0.6557  |  PPV: 0.5932  |  NPV: 0.6861

    Top 15 feature coefficients:
    Rank   Feature                                        Coefficient
    -----------------------------------------------------------------
    1      C1_V                                              1.587175
    2      P3_V                                             -1.396143
    3      P8_V                                              1.224561
    4      C1_I                                             -1.220048
    5      P8_I                                             -1.035672
    6      P9_M                                             -1.035640
    7      N9_I                                              1.015701
    8      rel_distance_from_n_terminus                     -0.990197
    9      rel_distance_from_c_terminus                     -0.984426
    10     P3_I                                              0.919293
    11     C5_I                                              0.818517
    12     N2_I                                             -0.801050
    13     N9_V                                             -0.776447
    14     P8_L                                              0.758728
    15     P6_D                                             -0.754132
    Saved model: /home/hilarius/special_course/special_course_spring2026/models/lr_all_blosum_model_fold1.pkl

--------------------------------------------------------------------------------
  FOLD 2/4
--------------------------------------------------------------------------------
    WARNING: X_train: 69922 NaN values replaced with medians
    WARNING: X_test: 24445 NaN values replaced with medians
    CSV features: 631 columns
    esmc: zero-vector samples: train=0/35382 (0.0%), test=0/8845 (0.0%)
    esmc: PCA 3456 → 3456 (1152/region × 3 regions, 100.0% variance, fitted on 35382 non-zero samples)
    esmif: zero-vector samples: train=3874/35382 (10.9%), test=1260/8845 (14.2%)
    esmif: PCA 1536 → 1536 (1152/region × 3 regions, 100.0% variance, fitted on 31508 non-zero samples)
    Train:  35382 samples (pos=15645, neg=19737, ratio=1.262)
    Test:    8845 samples (pos=3926, neg=4919, ratio=1.253)
    Features: 5623
    Training Logistic Regression ...
    Training time: 43.8s

    Fold 2 results (154.2s):
      AUC-ROC: 0.6985  |  AUC-PR: 0.6336  |  Acc: 0.6441  |  F1: 0.6070  |  MCC: 0.2822
      Sens: 0.6192  |  Spec: 0.6640  |  PPV: 0.5952  |  NPV: 0.6860

    Top 15 feature coefficients:
    Rank   Feature                                        Coefficient
    -----------------------------------------------------------------
    1      C1_V                                              1.426730
    2      N9_I                                              1.081889
    3      C1_I                                             -0.960880
    4      C2_V                                             -0.941376
    5      P3_V                                             -0.898241
    6      P6_D                                             -0.840552
    7      P9_M                                             -0.840334
    8      N2_V                                              0.830625
    9      N9_V                                             -0.807066
    10     P6_V                                             -0.798925
    11     P6_F                                             -0.798147
    12     P9_Q                                              0.767800
    13     rel_distance_from_c_terminus                     -0.754081
    14     rel_distance_from_n_terminus                     -0.749683
    15     P8_V                                              0.740581
    Saved model: /home/hilarius/special_course/special_course_spring2026/models/lr_all_blosum_model_fold2.pkl

--------------------------------------------------------------------------------
  FOLD 3/4
--------------------------------------------------------------------------------
    WARNING: X_train: 74842 NaN values replaced with medians
    WARNING: X_test: 19525 NaN values replaced with medians
    CSV features: 631 columns
    esmc: zero-vector samples: train=0/35382 (0.0%), test=0/8845 (0.0%)
    esmc: PCA 3456 → 3456 (1152/region × 3 regions, 100.0% variance, fitted on 35382 non-zero samples)
    esmif: zero-vector samples: train=4094/35382 (11.6%), test=1040/8845 (11.8%)
    esmif: PCA 1536 → 1536 (1152/region × 3 regions, 100.0% variance, fitted on 31288 non-zero samples)
    Train:  35382 samples (pos=15635, neg=19747, ratio=1.263)
    Test:    8845 samples (pos=3936, neg=4909, ratio=1.247)
    Features: 5623
    Training Logistic Regression ...
    Training time: 50.0s

    Fold 3 results (160.0s):
      AUC-ROC: 0.7045  |  AUC-PR: 0.6483  |  Acc: 0.6493  |  F1: 0.6162  |  MCC: 0.2941
      Sens: 0.6326  |  Spec: 0.6627  |  PPV: 0.6006  |  NPV: 0.6923

    Top 15 feature coefficients:
    Rank   Feature                                        Coefficient
    -----------------------------------------------------------------
    1      C1_V                                              1.768095
    2      P8_V                                              1.443839
    3      N2_V                                              1.326685
    4      N2_I                                             -1.311893
    5      P3_V                                             -1.299436
    6      P9_M                                             -1.278826
    7      C1_I                                             -1.174243
    8      P8_I                                             -1.172808
    9      rel_distance_from_c_terminus                     -1.056384
    10     rel_distance_from_n_terminus                     -1.036408
    11     P3_I                                              0.935470
    12     C1_L                                              0.919734
    13     P9_H                                              0.918181
    14     C1_D                                              0.864966
    15     P2_R                                             -0.860820
    Saved model: /home/hilarius/special_course/special_course_spring2026/models/lr_all_blosum_model_fold3.pkl

--------------------------------------------------------------------------------
  FOLD 4/4
--------------------------------------------------------------------------------
    WARNING: X_train: 79783 NaN values replaced with medians
    WARNING: X_test: 14584 NaN values replaced with medians
    CSV features: 631 columns
    esmc: zero-vector samples: train=0/35382 (0.0%), test=0/8845 (0.0%)
    esmc: PCA 3456 → 3456 (1152/region × 3 regions, 100.0% variance, fitted on 35382 non-zero samples)
    esmif: zero-vector samples: train=4199/35382 (11.9%), test=935/8845 (10.6%)
    esmif: PCA 1536 → 1536 (1152/region × 3 regions, 100.0% variance, fitted on 31183 non-zero samples)
    Train:  35382 samples (pos=15753, neg=19629, ratio=1.246)
    Test:    8845 samples (pos=3818, neg=5027, ratio=1.317)
    Features: 5623
    Training Logistic Regression ...
    Training time: 52.2s

    Fold 4 results (159.0s):
      AUC-ROC: 0.7090  |  AUC-PR: 0.6376  |  Acc: 0.6544  |  F1: 0.6158  |  MCC: 0.3035
      Sens: 0.6417  |  Spec: 0.6640  |  PPV: 0.5919  |  NPV: 0.7093

    Top 15 feature coefficients:
    Rank   Feature                                        Coefficient
    -----------------------------------------------------------------
    1      C1_V                                              1.570946
    2      P3_V                                             -1.216561
    3      P8_V                                              1.107550
    4      C1_I                                             -1.086440
    5      rel_distance_from_n_terminus                     -1.048739
    6      rel_distance_from_c_terminus                     -1.013247
    7      C5_I                                              0.980487
    8      C2_V                                             -0.974334
    9      N2_V                                              0.950581
    10     P2_R                                             -0.948956
    11     P8_I                                             -0.928748
    12     C5_V                                             -0.922220
    13     P9_M                                             -0.883144
    14     N8_I                                              0.858637
    15     N2_I                                             -0.824768
    Saved model: /home/hilarius/special_course/special_course_spring2026/models/lr_all_blosum_model_fold4.pkl

================================================================================
CROSS-VALIDATION SUMMARY (mean +/- std)
================================================================================
  auc_roc         0.7019 +/- 0.0060    [0.7056  0.6919  0.6985  0.7045  0.7090]
  auc_pr          0.6384 +/- 0.0054    [0.6392  0.6333  0.6336  0.6483  0.6376]
  accuracy        0.6492 +/- 0.0054    [0.6559  0.6424  0.6441  0.6493  0.6544]
  f1              0.6149 +/- 0.0068    [0.6265  0.6091  0.6070  0.6162  0.6158]
  mcc             0.2937 +/- 0.0112    [0.3085  0.2804  0.2822  0.2941  0.3035]
  sensitivity     0.6330 +/- 0.0098    [0.6457  0.6259  0.6192  0.6326  0.6417]
  specificity     0.6621 +/- 0.0032    [0.6641  0.6557  0.6640  0.6627  0.6640]
  ppv             0.5979 +/- 0.0061    [0.6084  0.5932  0.5952  0.6006  0.5919]
  npv             0.6945 +/- 0.0088    [0.6987  0.6861  0.6860  0.6923  0.7093]

  Best fold: 4 (AUC-ROC = 0.7090)

================================================================================
PER-FOLD METRIC COMPARISON
================================================================================
  Fold    auc_roc      auc_pr       accuracy     f1           mcc          sensitivity  specificity  ppv          npv          
  -----------------------------------------------------------------------------------------------------------------------------
  0       0.7056       0.6392       0.6559       0.6265       0.3085       0.6457       0.6641       0.6084       0.6987       
  1       0.6919       0.6333       0.6424       0.6091       0.2804       0.6259       0.6557       0.5932       0.6861       
  2       0.6985       0.6336       0.6441       0.6070       0.2822       0.6192       0.6640       0.5952       0.6860       
  3       0.7045       0.6483       0.6493       0.6162       0.2941       0.6326       0.6627       0.6006       0.6923       
  4       0.7090       0.6376       0.6544       0.6158       0.3035       0.6417       0.6640       0.5919       0.7093       
  -----------------------------------------------------------------------------------------------------------------------------
  mean    0.7019       0.6384       0.6492       0.6149       0.2937       0.6330       0.6621       0.5979       0.6945       
  std     0.0060       0.0054       0.0054       0.0068       0.0112       0.0098       0.0032       0.0061       0.0088       

================================================================================
AVERAGED COEFFICIENTS ACROSS ALL FOLDS
================================================================================
  Rank   Feature                                          Mean Coef          Std
  -----------------------------------------------------------------------------
  1      C1_V                                              1.572518     0.112849
  2      P3_V                                             -1.253662     0.195868
  3      P8_V                                              1.143311     0.229611
  4      C1_I                                             -1.070221     0.119432
  5      rel_distance_from_n_terminus                     -1.018763     0.165495
  6      P9_M                                             -1.014927     0.153880
  7      rel_distance_from_c_terminus                     -1.007352     0.152363
  8      P8_I                                             -0.962580     0.179986
  9      N9_I                                              0.926532     0.238658
  10     N2_V                                              0.924721     0.226253
  11     N2_I                                             -0.855386     0.237474
  12     P3_I                                              0.851731     0.132696
  13     C2_V                                             -0.808999     0.133439
  14     C1_L                                              0.800151     0.101604
  15     C5_I                                              0.788258     0.220407
  16     C1_D                                              0.779589     0.056731
  17     P8_L                                              0.730440     0.081320
  18     C1_F                                              0.724741     0.054613
  19     P2_R                                             -0.714146     0.229259
  20     C1_R                                              0.707913     0.090182
  21     P6_D                                             -0.696729     0.094634
  22     C5_V                                             -0.692213     0.146166
  23     P9_N                                             -0.684744     0.111931
  24     C1_G                                              0.683046     0.068133
  25     N9_V                                             -0.666933     0.148200
  26     P6_F                                             -0.633347     0.125315
  27     N8_V                                             -0.631436     0.075862
  28     P9_D                                             -0.630936     0.140300
  29     P9_Q                                              0.595655     0.163693
  30     C1_P                                              0.577208     0.056335

================================================================================
HELD-OUT VALIDATION SET EVALUATION
================================================================================
  Using model from best fold (4)
  Held-out samples: 8845 (pos=3870, neg=4975, ratio=1.286)

  Held-out results (8845 samples):
    AUC-ROC: 0.7055  |  AUC-PR: 0.6425  |  Acc: 0.6496  |  F1: 0.6141  |  MCC: 0.2947
    Sens: 0.6372  |  Spec: 0.6593  |  PPV: 0.5926  |  NPV: 0.7003

  Classification Report:
              precision    recall  f1-score   support

    Negative     0.7003    0.6593    0.6792      4975
    Positive     0.5926    0.6372    0.6141      3870

    accuracy                         0.6496      8845
   macro avg     0.6465    0.6483    0.6466      8845
weighted avg     0.6532    0.6496    0.6507      8845

================================================================================
CV AVERAGE vs HELD-OUT COMPARISON
================================================================================
  Metric             CV mean     CV std   Held-out      Delta
  ---------------------------------------------------------
  auc_roc             0.7019     0.0060     0.7055    +0.0036
  auc_pr              0.6384     0.0054     0.6425    +0.0040
  accuracy            0.6492     0.0054     0.6496    +0.0004
  f1                  0.6149     0.0068     0.6141    -0.0008
  mcc                 0.2937     0.0112     0.2947    +0.0010
  sensitivity         0.6330     0.0098     0.6372    +0.0042
  specificity         0.6621     0.0032     0.6593    -0.0028
  ppv                 0.5979     0.0061     0.5926    -0.0052
  npv                 0.6945     0.0088     0.7003    +0.0058

Results saved: /home/hilarius/special_course/special_course_spring2026/models/cv_results_lr_all_blosum_20260506_213642.json
Best model saved: /home/hilarius/special_course/special_course_spring2026/models/best_lr_all_blosum_model.pkl
Fold artifacts saved: /home/hilarius/special_course/special_course_spring2026/models/best_lr_all_blosum_artifacts.pkl
Feature names saved: /home/hilarius/special_course/special_course_spring2026/models/lr_all_blosum_feature_names.json

================================================================================
RUN SUMMARY
================================================================================
  Total runtime:    815.0s (13.6 min)
  Model:            Logistic Regression (lr)
  Feature set:      Structural + BLOSUM50 + ESM-C + ESM-IF (all_blosum)
  Components:       ['handcrafted', 'blosum', 'esmc', 'esmif']
  Scaling:          yes
  Features (final): 5623
    CSV features:   631
    esmc PCA:     3456
    esmif PCA:     3456
  CV folds:         5
  Best fold:        4 (AUC = 0.7090)
  Held-out AUC:     0.7055
  Held-out MCC:     0.2947
  Models dir:       /home/hilarius/special_course/special_course_spring2026/models/
  Results file:     /home/hilarius/special_course/special_course_spring2026/models/cv_results_lr_all_blosum_20260506_213642.json
  Feature names:    /home/hilarius/special_course/special_course_spring2026/models/lr_all_blosum_feature_names.json
  Log file:         /home/hilarius/special_course/special_course_spring2026/logs/04_modelling_lr_all_blosum_log_20260506_213642.txt
  Completed:        2026-05-06 21:50:17
================================================================================

############################################################
>>> $1
>>> CMD: bash -c cd .. && python src/06_feature_importance.py --features 'all_sparse' --models lr rf --top 30 --top_compare 30 --top_big 70 --out_root 'results/figures/models/feature_importance_all_full'
############################################################
Traceback (most recent call last):
  File "/home/hilarius/special_course/special_course_spring2026/src/06_feature_importance.py", line 28, in <module>
    import matplotlib
ModuleNotFoundError: No module named 'matplotlib'
!!! FAILED (exit 1): bash -c cd .. && python src/06_feature_importance.py --features 'all_sparse' --models lr rf --top 30 --top_compare 30 --top_big 70 --out_root 'results/figures/models/feature_importance_all_full'

############################################################
>>> $1
>>> CMD: bash -c cd .. && python src/06_feature_importance.py --features 'all_blosum' --models lr rf --top 30 --top_compare 30 --top_big 70 --out_root 'results/figures/models/feature_importance_all_full'
############################################################
Traceback (most recent call last):
  File "/home/hilarius/special_course/special_course_spring2026/src/06_feature_importance.py", line 28, in <module>
    import matplotlib
ModuleNotFoundError: No module named 'matplotlib'
!!! FAILED (exit 1): bash -c cd .. && python src/06_feature_importance.py --features 'all_blosum' --models lr rf --top 30 --top_compare 30 --top_big 70 --out_root 'results/figures/models/feature_importance_all_full'

############################################################
>>> All training runs complete. Starting analysis.
############################################################
>>> Activated: ../env_esmc  (python: /home/hilarius/special_course/special_course_spring2026/env_esmc/bin/python)

>>> Found 36 new result file(s) from this batch.

############################################################
>>> $1
>>> CMD: python 05_model_analysis.py --results ../models/cv_results_lr_all_blosum_20260506_195603.json ../models/cv_results_lr_all_blosum_20260506_213642.json ../models/cv_results_lr_all_sparse_20260506_195237.json ../models/cv_results_lr_all_sparse_20260506_212443.json ../models/cv_results_lr_esmc_20260506_154933.json ../models/cv_results_lr_esmc_20260506_174810.json ../models/cv_results_lr_esmif_20260506_182616.json ../models/cv_results_lr_esmif_20260506_192137.json ../models/cv_results_lr_handcrafted_blosum_20260506_153045.json ../models/cv_results_lr_handcrafted_blosum_esmc_20260506_155159.json ../models/cv_results_lr_handcrafted_blosum_esmc_20260506_180210.json ../models/cv_results_lr_handcrafted_blosum_esmif_20260506_182847.json ../models/cv_results_lr_handcrafted_blosum_esmif_20260506_192932.json ../models/cv_results_lr_handcrafted_sparse_20260506_153010.json ../models/cv_results_lr_handcrafted_sparse_esmc_20260506_155022.json ../models/cv_results_lr_handcrafted_sparse_esmc_20260506_175318.json ../models/cv_results_lr_handcrafted_sparse_esmif_20260506_182702.json ../models/cv_results_lr_handcrafted_sparse_esmif_20260506_192303.json ../models/cv_results_rf_all_blosum_20260506_194442.json ../models/cv_results_rf_all_blosum_20260506_204432.json ../models/cv_results_rf_all_sparse_20260506_193654.json ../models/cv_results_rf_all_sparse_20260506_200102.json ../models/cv_results_rf_esmc_20260506_153205.json ../models/cv_results_rf_esmc_20260506_155447.json ../models/cv_results_rf_esmif_20260506_181141.json ../models/cv_results_rf_esmif_20260506_183056.json ../models/cv_results_rf_handcrafted_blosum_20260506_152722.json ../models/cv_results_rf_handcrafted_blosum_esmc_20260506_154412.json ../models/cv_results_rf_handcrafted_blosum_esmc_20260506_164902.json ../models/cv_results_rf_handcrafted_blosum_esmif_20260506_182119.json ../models/cv_results_rf_handcrafted_blosum_esmif_20260506_190654.json ../models/cv_results_rf_handcrafted_sparse_20260506_152356.json ../models/cv_results_rf_handcrafted_sparse_esmc_20260506_153829.json ../models/cv_results_rf_handcrafted_sparse_esmc_20260506_162204.json ../models/cv_results_rf_handcrafted_sparse_esmif_20260506_181628.json ../models/cv_results_rf_handcrafted_sparse_esmif_20260506_184828.json
############################################################
======================================================================
  05_MODEL_ANALYSIS — POST-MODELLING FIGURES & STATS
======================================================================
  Base output dir:  /home/hilarius/special_course/special_course_spring2026/results/figures/models
  Results files:    36

======================================================================
  Analysing: Logistic Regression — Structural + BLOSUM50 + ESM-C + ESM-IF
  Run tag:   lr_all_blosum
  Timestamp: 20260506_195603
  Source:    ../models/cv_results_lr_all_blosum_20260506_195603.json
  Output:    /home/hilarius/special_course/special_course_spring2026/results/figures/models/lr_all_blosum_20260506_195603
======================================================================
  Saved: /home/hilarius/special_course/special_course_spring2026/results/figures/models/lr_all_blosum_20260506_195603/roc_curve_lr_all_blosum.png
  Saved: /home/hilarius/special_course/special_course_spring2026/results/figures/models/lr_all_blosum_20260506_195603/pr_curve_lr_all_blosum.png
  Saved: /home/hilarius/special_course/special_course_spring2026/results/figures/models/lr_all_blosum_20260506_195603/confusion_matrix_lr_all_blosum.png
  Saved: /home/hilarius/special_course/special_course_spring2026/results/figures/models/lr_all_blosum_20260506_195603/fold_metrics_lr_all_blosum.png
  Saved: /home/hilarius/special_course/special_course_spring2026/results/figures/models/lr_all_blosum_20260506_195603/feature_weights_lr_all_blosum.png
  Saved: /home/hilarius/special_course/special_course_spring2026/results/figures/models/lr_all_blosum_20260506_195603/score_distribution_lr_all_blosum.png
  Saved: /home/hilarius/special_course/special_course_spring2026/results/figures/models/lr_all_blosum_20260506_195603/calibration_lr_all_blosum.png
  Saved: /home/hilarius/special_course/special_course_spring2026/results/figures/models/lr_all_blosum_20260506_195603/summary_report_lr_all_blosum.txt

======================================================================
  Analysing: Logistic Regression — Structural + BLOSUM50 + ESM-C + ESM-IF
  Run tag:   lr_all_blosum
  Timestamp: 20260506_213642
  Source:    ../models/cv_results_lr_all_blosum_20260506_213642.json
  Output:    /home/hilarius/special_course/special_course_spring2026/results/figures/models/lr_all_blosum_20260506_213642
======================================================================
  Saved: /home/hilarius/special_course/special_course_spring2026/results/figures/models/lr_all_blosum_20260506_213642/roc_curve_lr_all_blosum.png
  Saved: /home/hilarius/special_course/special_course_spring2026/results/figures/models/lr_all_blosum_20260506_213642/pr_curve_lr_all_blosum.png
  Saved: /home/hilarius/special_course/special_course_spring2026/results/figures/models/lr_all_blosum_20260506_213642/confusion_matrix_lr_all_blosum.png
  Saved: /home/hilarius/special_course/special_course_spring2026/results/figures/models/lr_all_blosum_20260506_213642/fold_metrics_lr_all_blosum.png
  Saved: /home/hilarius/special_course/special_course_spring2026/results/figures/models/lr_all_blosum_20260506_213642/feature_weights_lr_all_blosum.png
  Saved: /home/hilarius/special_course/special_course_spring2026/results/figures/models/lr_all_blosum_20260506_213642/score_distribution_lr_all_blosum.png
  Saved: /home/hilarius/special_course/special_course_spring2026/results/figures/models/lr_all_blosum_20260506_213642/calibration_lr_all_blosum.png
  Saved: /home/hilarius/special_course/special_course_spring2026/results/figures/models/lr_all_blosum_20260506_213642/summary_report_lr_all_blosum.txt

======================================================================
  Analysing: Logistic Regression — Structural + one-hot + ESM-C + ESM-IF
  Run tag:   lr_all_sparse
  Timestamp: 20260506_195237
  Source:    ../models/cv_results_lr_all_sparse_20260506_195237.json
  Output:    /home/hilarius/special_course/special_course_spring2026/results/figures/models/lr_all_sparse_20260506_195237
======================================================================
  Saved: /home/hilarius/special_course/special_course_spring2026/results/figures/models/lr_all_sparse_20260506_195237/roc_curve_lr_all_sparse.png
  Saved: /home/hilarius/special_course/special_course_spring2026/results/figures/models/lr_all_sparse_20260506_195237/pr_curve_lr_all_sparse.png
  Saved: /home/hilarius/special_course/special_course_spring2026/results/figures/models/lr_all_sparse_20260506_195237/confusion_matrix_lr_all_sparse.png
  Saved: /home/hilarius/special_course/special_course_spring2026/results/figures/models/lr_all_sparse_20260506_195237/fold_metrics_lr_all_sparse.png
  Saved: /home/hilarius/special_course/special_course_spring2026/results/figures/models/lr_all_sparse_20260506_195237/feature_weights_lr_all_sparse.png
  Saved: /home/hilarius/special_course/special_course_spring2026/results/figures/models/lr_all_sparse_20260506_195237/score_distribution_lr_all_sparse.png
  Saved: /home/hilarius/special_course/special_course_spring2026/results/figures/models/lr_all_sparse_20260506_195237/calibration_lr_all_sparse.png
  Saved: /home/hilarius/special_course/special_course_spring2026/results/figures/models/lr_all_sparse_20260506_195237/summary_report_lr_all_sparse.txt

======================================================================
  Analysing: Logistic Regression — Structural + one-hot + ESM-C + ESM-IF
  Run tag:   lr_all_sparse
  Timestamp: 20260506_212443
  Source:    ../models/cv_results_lr_all_sparse_20260506_212443.json
  Output:    /home/hilarius/special_course/special_course_spring2026/results/figures/models/lr_all_sparse_20260506_212443
======================================================================
  Saved: /home/hilarius/special_course/special_course_spring2026/results/figures/models/lr_all_sparse_20260506_212443/roc_curve_lr_all_sparse.png
  Saved: /home/hilarius/special_course/special_course_spring2026/results/figures/models/lr_all_sparse_20260506_212443/pr_curve_lr_all_sparse.png
  Saved: /home/hilarius/special_course/special_course_spring2026/results/figures/models/lr_all_sparse_20260506_212443/confusion_matrix_lr_all_sparse.png
  Saved: /home/hilarius/special_course/special_course_spring2026/results/figures/models/lr_all_sparse_20260506_212443/fold_metrics_lr_all_sparse.png
  Saved: /home/hilarius/special_course/special_course_spring2026/results/figures/models/lr_all_sparse_20260506_212443/feature_weights_lr_all_sparse.png
  Saved: /home/hilarius/special_course/special_course_spring2026/results/figures/models/lr_all_sparse_20260506_212443/score_distribution_lr_all_sparse.png
  Saved: /home/hilarius/special_course/special_course_spring2026/results/figures/models/lr_all_sparse_20260506_212443/calibration_lr_all_sparse.png
  Saved: /home/hilarius/special_course/special_course_spring2026/results/figures/models/lr_all_sparse_20260506_212443/summary_report_lr_all_sparse.txt

======================================================================
  Analysing: Logistic Regression — ESM-C embeddings only
  Run tag:   lr_esmc
  Timestamp: 20260506_154933
  Source:    ../models/cv_results_lr_esmc_20260506_154933.json
  Output:    /home/hilarius/special_course/special_course_spring2026/results/figures/models/lr_esmc_20260506_154933
======================================================================
  Saved: /home/hilarius/special_course/special_course_spring2026/results/figures/models/lr_esmc_20260506_154933/roc_curve_lr_esmc.png
  Saved: /home/hilarius/special_course/special_course_spring2026/results/figures/models/lr_esmc_20260506_154933/pr_curve_lr_esmc.png
  Saved: /home/hilarius/special_course/special_course_spring2026/results/figures/models/lr_esmc_20260506_154933/confusion_matrix_lr_esmc.png
  Saved: /home/hilarius/special_course/special_course_spring2026/results/figures/models/lr_esmc_20260506_154933/fold_metrics_lr_esmc.png
  Saved: /home/hilarius/special_course/special_course_spring2026/results/figures/models/lr_esmc_20260506_154933/feature_weights_lr_esmc.png
  Saved: /home/hilarius/special_course/special_course_spring2026/results/figures/models/lr_esmc_20260506_154933/score_distribution_lr_esmc.png
  Saved: /home/hilarius/special_course/special_course_spring2026/results/figures/models/lr_esmc_20260506_154933/calibration_lr_esmc.png
  Saved: /home/hilarius/special_course/special_course_spring2026/results/figures/models/lr_esmc_20260506_154933/summary_report_lr_esmc.txt

======================================================================
  Analysing: Logistic Regression — ESM-C embeddings only
  Run tag:   lr_esmc
  Timestamp: 20260506_174810
  Source:    ../models/cv_results_lr_esmc_20260506_174810.json
  Output:    /home/hilarius/special_course/special_course_spring2026/results/figures/models/lr_esmc_20260506_174810
======================================================================
  Saved: /home/hilarius/special_course/special_course_spring2026/results/figures/models/lr_esmc_20260506_174810/roc_curve_lr_esmc.png
  Saved: /home/hilarius/special_course/special_course_spring2026/results/figures/models/lr_esmc_20260506_174810/pr_curve_lr_esmc.png
  Saved: /home/hilarius/special_course/special_course_spring2026/results/figures/models/lr_esmc_20260506_174810/confusion_matrix_lr_esmc.png
  Saved: /home/hilarius/special_course/special_course_spring2026/results/figures/models/lr_esmc_20260506_174810/fold_metrics_lr_esmc.png
  Saved: /home/hilarius/special_course/special_course_spring2026/results/figures/models/lr_esmc_20260506_174810/feature_weights_lr_esmc.png
  Saved: /home/hilarius/special_course/special_course_spring2026/results/figures/models/lr_esmc_20260506_174810/score_distribution_lr_esmc.png
  Saved: /home/hilarius/special_course/special_course_spring2026/results/figures/models/lr_esmc_20260506_174810/calibration_lr_esmc.png
  Saved: /home/hilarius/special_course/special_course_spring2026/results/figures/models/lr_esmc_20260506_174810/summary_report_lr_esmc.txt

======================================================================
  Analysing: Logistic Regression — ESM-IF1 embeddings only
  Run tag:   lr_esmif
  Timestamp: 20260506_182616
  Source:    ../models/cv_results_lr_esmif_20260506_182616.json
  Output:    /home/hilarius/special_course/special_course_spring2026/results/figures/models/lr_esmif_20260506_182616
======================================================================
  Saved: /home/hilarius/special_course/special_course_spring2026/results/figures/models/lr_esmif_20260506_182616/roc_curve_lr_esmif.png
  Saved: /home/hilarius/special_course/special_course_spring2026/results/figures/models/lr_esmif_20260506_182616/pr_curve_lr_esmif.png
  Saved: /home/hilarius/special_course/special_course_spring2026/results/figures/models/lr_esmif_20260506_182616/confusion_matrix_lr_esmif.png
  Saved: /home/hilarius/special_course/special_course_spring2026/results/figures/models/lr_esmif_20260506_182616/fold_metrics_lr_esmif.png
  Saved: /home/hilarius/special_course/special_course_spring2026/results/figures/models/lr_esmif_20260506_182616/feature_weights_lr_esmif.png
  Saved: /home/hilarius/special_course/special_course_spring2026/results/figures/models/lr_esmif_20260506_182616/score_distribution_lr_esmif.png
  Saved: /home/hilarius/special_course/special_course_spring2026/results/figures/models/lr_esmif_20260506_182616/calibration_lr_esmif.png
  Saved: /home/hilarius/special_course/special_course_spring2026/results/figures/models/lr_esmif_20260506_182616/summary_report_lr_esmif.txt

======================================================================
  Analysing: Logistic Regression — ESM-IF1 embeddings only
  Run tag:   lr_esmif
  Timestamp: 20260506_192137
  Source:    ../models/cv_results_lr_esmif_20260506_192137.json
  Output:    /home/hilarius/special_course/special_course_spring2026/results/figures/models/lr_esmif_20260506_192137
======================================================================
  Saved: /home/hilarius/special_course/special_course_spring2026/results/figures/models/lr_esmif_20260506_192137/roc_curve_lr_esmif.png
  Saved: /home/hilarius/special_course/special_course_spring2026/results/figures/models/lr_esmif_20260506_192137/pr_curve_lr_esmif.png
  Saved: /home/hilarius/special_course/special_course_spring2026/results/figures/models/lr_esmif_20260506_192137/confusion_matrix_lr_esmif.png
  Saved: /home/hilarius/special_course/special_course_spring2026/results/figures/models/lr_esmif_20260506_192137/fold_metrics_lr_esmif.png
  Saved: /home/hilarius/special_course/special_course_spring2026/results/figures/models/lr_esmif_20260506_192137/feature_weights_lr_esmif.png
  Saved: /home/hilarius/special_course/special_course_spring2026/results/figures/models/lr_esmif_20260506_192137/score_distribution_lr_esmif.png
  Saved: /home/hilarius/special_course/special_course_spring2026/results/figures/models/lr_esmif_20260506_192137/calibration_lr_esmif.png
  Saved: /home/hilarius/special_course/special_course_spring2026/results/figures/models/lr_esmif_20260506_192137/summary_report_lr_esmif.txt

======================================================================
  Analysing: Logistic Regression — Structural + BLOSUM50 AA
  Run tag:   lr_handcrafted_blosum
  Timestamp: 20260506_153045
  Source:    ../models/cv_results_lr_handcrafted_blosum_20260506_153045.json
  Output:    /home/hilarius/special_course/special_course_spring2026/results/figures/models/lr_handcrafted_blosum_20260506_153045
======================================================================
  Saved: /home/hilarius/special_course/special_course_spring2026/results/figures/models/lr_handcrafted_blosum_20260506_153045/roc_curve_lr_handcrafted_blosum.png
  Saved: /home/hilarius/special_course/special_course_spring2026/results/figures/models/lr_handcrafted_blosum_20260506_153045/pr_curve_lr_handcrafted_blosum.png
  Saved: /home/hilarius/special_course/special_course_spring2026/results/figures/models/lr_handcrafted_blosum_20260506_153045/confusion_matrix_lr_handcrafted_blosum.png
  Saved: /home/hilarius/special_course/special_course_spring2026/results/figures/models/lr_handcrafted_blosum_20260506_153045/fold_metrics_lr_handcrafted_blosum.png
  Saved: /home/hilarius/special_course/special_course_spring2026/results/figures/models/lr_handcrafted_blosum_20260506_153045/feature_weights_lr_handcrafted_blosum.png
  Saved: /home/hilarius/special_course/special_course_spring2026/results/figures/models/lr_handcrafted_blosum_20260506_153045/score_distribution_lr_handcrafted_blosum.png
  Saved: /home/hilarius/special_course/special_course_spring2026/results/figures/models/lr_handcrafted_blosum_20260506_153045/calibration_lr_handcrafted_blosum.png
  Saved: /home/hilarius/special_course/special_course_spring2026/results/figures/models/lr_handcrafted_blosum_20260506_153045/summary_report_lr_handcrafted_blosum.txt

======================================================================
  Analysing: Logistic Regression — Structural + BLOSUM50 + ESM-C
  Run tag:   lr_handcrafted_blosum_esmc
  Timestamp: 20260506_155159
  Source:    ../models/cv_results_lr_handcrafted_blosum_esmc_20260506_155159.json
  Output:    /home/hilarius/special_course/special_course_spring2026/results/figures/models/lr_handcrafted_blosum_esmc_20260506_155159
======================================================================
  Saved: /home/hilarius/special_course/special_course_spring2026/results/figures/models/lr_handcrafted_blosum_esmc_20260506_155159/roc_curve_lr_handcrafted_blosum_esmc.png
  Saved: /home/hilarius/special_course/special_course_spring2026/results/figures/models/lr_handcrafted_blosum_esmc_20260506_155159/pr_curve_lr_handcrafted_blosum_esmc.png
  Saved: /home/hilarius/special_course/special_course_spring2026/results/figures/models/lr_handcrafted_blosum_esmc_20260506_155159/confusion_matrix_lr_handcrafted_blosum_esmc.png
  Saved: /home/hilarius/special_course/special_course_spring2026/results/figures/models/lr_handcrafted_blosum_esmc_20260506_155159/fold_metrics_lr_handcrafted_blosum_esmc.png
  Saved: /home/hilarius/special_course/special_course_spring2026/results/figures/models/lr_handcrafted_blosum_esmc_20260506_155159/feature_weights_lr_handcrafted_blosum_esmc.png
  Saved: /home/hilarius/special_course/special_course_spring2026/results/figures/models/lr_handcrafted_blosum_esmc_20260506_155159/score_distribution_lr_handcrafted_blosum_esmc.png
  Saved: /home/hilarius/special_course/special_course_spring2026/results/figures/models/lr_handcrafted_blosum_esmc_20260506_155159/calibration_lr_handcrafted_blosum_esmc.png
  Saved: /home/hilarius/special_course/special_course_spring2026/results/figures/models/lr_handcrafted_blosum_esmc_20260506_155159/summary_report_lr_handcrafted_blosum_esmc.txt

======================================================================
  Analysing: Logistic Regression — Structural + BLOSUM50 + ESM-C
  Run tag:   lr_handcrafted_blosum_esmc
  Timestamp: 20260506_180210
  Source:    ../models/cv_results_lr_handcrafted_blosum_esmc_20260506_180210.json
  Output:    /home/hilarius/special_course/special_course_spring2026/results/figures/models/lr_handcrafted_blosum_esmc_20260506_180210
======================================================================
  Saved: /home/hilarius/special_course/special_course_spring2026/results/figures/models/lr_handcrafted_blosum_esmc_20260506_180210/roc_curve_lr_handcrafted_blosum_esmc.png
  Saved: /home/hilarius/special_course/special_course_spring2026/results/figures/models/lr_handcrafted_blosum_esmc_20260506_180210/pr_curve_lr_handcrafted_blosum_esmc.png
  Saved: /home/hilarius/special_course/special_course_spring2026/results/figures/models/lr_handcrafted_blosum_esmc_20260506_180210/confusion_matrix_lr_handcrafted_blosum_esmc.png
  Saved: /home/hilarius/special_course/special_course_spring2026/results/figures/models/lr_handcrafted_blosum_esmc_20260506_180210/fold_metrics_lr_handcrafted_blosum_esmc.png
  Saved: /home/hilarius/special_course/special_course_spring2026/results/figures/models/lr_handcrafted_blosum_esmc_20260506_180210/feature_weights_lr_handcrafted_blosum_esmc.png
  Saved: /home/hilarius/special_course/special_course_spring2026/results/figures/models/lr_handcrafted_blosum_esmc_20260506_180210/score_distribution_lr_handcrafted_blosum_esmc.png
  Saved: /home/hilarius/special_course/special_course_spring2026/results/figures/models/lr_handcrafted_blosum_esmc_20260506_180210/calibration_lr_handcrafted_blosum_esmc.png
  Saved: /home/hilarius/special_course/special_course_spring2026/results/figures/models/lr_handcrafted_blosum_esmc_20260506_180210/summary_report_lr_handcrafted_blosum_esmc.txt

======================================================================
  Analysing: Logistic Regression — Structural + BLOSUM50 + ESM-IF
  Run tag:   lr_handcrafted_blosum_esmif
  Timestamp: 20260506_182847
  Source:    ../models/cv_results_lr_handcrafted_blosum_esmif_20260506_182847.json
  Output:    /home/hilarius/special_course/special_course_spring2026/results/figures/models/lr_handcrafted_blosum_esmif_20260506_182847
======================================================================
  Saved: /home/hilarius/special_course/special_course_spring2026/results/figures/models/lr_handcrafted_blosum_esmif_20260506_182847/roc_curve_lr_handcrafted_blosum_esmif.png
  Saved: /home/hilarius/special_course/special_course_spring2026/results/figures/models/lr_handcrafted_blosum_esmif_20260506_182847/pr_curve_lr_handcrafted_blosum_esmif.png
  Saved: /home/hilarius/special_course/special_course_spring2026/results/figures/models/lr_handcrafted_blosum_esmif_20260506_182847/confusion_matrix_lr_handcrafted_blosum_esmif.png
  Saved: /home/hilarius/special_course/special_course_spring2026/results/figures/models/lr_handcrafted_blosum_esmif_20260506_182847/fold_metrics_lr_handcrafted_blosum_esmif.png
  Saved: /home/hilarius/special_course/special_course_spring2026/results/figures/models/lr_handcrafted_blosum_esmif_20260506_182847/feature_weights_lr_handcrafted_blosum_esmif.png
  Saved: /home/hilarius/special_course/special_course_spring2026/results/figures/models/lr_handcrafted_blosum_esmif_20260506_182847/score_distribution_lr_handcrafted_blosum_esmif.png
  Saved: /home/hilarius/special_course/special_course_spring2026/results/figures/models/lr_handcrafted_blosum_esmif_20260506_182847/calibration_lr_handcrafted_blosum_esmif.png
  Saved: /home/hilarius/special_course/special_course_spring2026/results/figures/models/lr_handcrafted_blosum_esmif_20260506_182847/summary_report_lr_handcrafted_blosum_esmif.txt

======================================================================
  Analysing: Logistic Regression — Structural + BLOSUM50 + ESM-IF
  Run tag:   lr_handcrafted_blosum_esmif
  Timestamp: 20260506_192932
  Source:    ../models/cv_results_lr_handcrafted_blosum_esmif_20260506_192932.json
  Output:    /home/hilarius/special_course/special_course_spring2026/results/figures/models/lr_handcrafted_blosum_esmif_20260506_192932
======================================================================
  Saved: /home/hilarius/special_course/special_course_spring2026/results/figures/models/lr_handcrafted_blosum_esmif_20260506_192932/roc_curve_lr_handcrafted_blosum_esmif.png
  Saved: /home/hilarius/special_course/special_course_spring2026/results/figures/models/lr_handcrafted_blosum_esmif_20260506_192932/pr_curve_lr_handcrafted_blosum_esmif.png
  Saved: /home/hilarius/special_course/special_course_spring2026/results/figures/models/lr_handcrafted_blosum_esmif_20260506_192932/confusion_matrix_lr_handcrafted_blosum_esmif.png
  Saved: /home/hilarius/special_course/special_course_spring2026/results/figures/models/lr_handcrafted_blosum_esmif_20260506_192932/fold_metrics_lr_handcrafted_blosum_esmif.png
  Saved: /home/hilarius/special_course/special_course_spring2026/results/figures/models/lr_handcrafted_blosum_esmif_20260506_192932/feature_weights_lr_handcrafted_blosum_esmif.png
  Saved: /home/hilarius/special_course/special_course_spring2026/results/figures/models/lr_handcrafted_blosum_esmif_20260506_192932/score_distribution_lr_handcrafted_blosum_esmif.png
  Saved: /home/hilarius/special_course/special_course_spring2026/results/figures/models/lr_handcrafted_blosum_esmif_20260506_192932/calibration_lr_handcrafted_blosum_esmif.png
  Saved: /home/hilarius/special_course/special_course_spring2026/results/figures/models/lr_handcrafted_blosum_esmif_20260506_192932/summary_report_lr_handcrafted_blosum_esmif.txt

======================================================================
  Analysing: Logistic Regression — Structural + one-hot AA
  Run tag:   lr_handcrafted_sparse
  Timestamp: 20260506_153010
  Source:    ../models/cv_results_lr_handcrafted_sparse_20260506_153010.json
  Output:    /home/hilarius/special_course/special_course_spring2026/results/figures/models/lr_handcrafted_sparse_20260506_153010
======================================================================
  Saved: /home/hilarius/special_course/special_course_spring2026/results/figures/models/lr_handcrafted_sparse_20260506_153010/roc_curve_lr_handcrafted_sparse.png
  Saved: /home/hilarius/special_course/special_course_spring2026/results/figures/models/lr_handcrafted_sparse_20260506_153010/pr_curve_lr_handcrafted_sparse.png
  Saved: /home/hilarius/special_course/special_course_spring2026/results/figures/models/lr_handcrafted_sparse_20260506_153010/confusion_matrix_lr_handcrafted_sparse.png
  Saved: /home/hilarius/special_course/special_course_spring2026/results/figures/models/lr_handcrafted_sparse_20260506_153010/fold_metrics_lr_handcrafted_sparse.png
  Saved: /home/hilarius/special_course/special_course_spring2026/results/figures/models/lr_handcrafted_sparse_20260506_153010/feature_weights_lr_handcrafted_sparse.png
  Saved: /home/hilarius/special_course/special_course_spring2026/results/figures/models/lr_handcrafted_sparse_20260506_153010/score_distribution_lr_handcrafted_sparse.png
  Saved: /home/hilarius/special_course/special_course_spring2026/results/figures/models/lr_handcrafted_sparse_20260506_153010/calibration_lr_handcrafted_sparse.png
  Saved: /home/hilarius/special_course/special_course_spring2026/results/figures/models/lr_handcrafted_sparse_20260506_153010/summary_report_lr_handcrafted_sparse.txt

======================================================================
  Analysing: Logistic Regression — Structural + one-hot + ESM-C
  Run tag:   lr_handcrafted_sparse_esmc
  Timestamp: 20260506_155022
  Source:    ../models/cv_results_lr_handcrafted_sparse_esmc_20260506_155022.json
  Output:    /home/hilarius/special_course/special_course_spring2026/results/figures/models/lr_handcrafted_sparse_esmc_20260506_155022
======================================================================
  Saved: /home/hilarius/special_course/special_course_spring2026/results/figures/models/lr_handcrafted_sparse_esmc_20260506_155022/roc_curve_lr_handcrafted_sparse_esmc.png
  Saved: /home/hilarius/special_course/special_course_spring2026/results/figures/models/lr_handcrafted_sparse_esmc_20260506_155022/pr_curve_lr_handcrafted_sparse_esmc.png
  Saved: /home/hilarius/special_course/special_course_spring2026/results/figures/models/lr_handcrafted_sparse_esmc_20260506_155022/confusion_matrix_lr_handcrafted_sparse_esmc.png
  Saved: /home/hilarius/special_course/special_course_spring2026/results/figures/models/lr_handcrafted_sparse_esmc_20260506_155022/fold_metrics_lr_handcrafted_sparse_esmc.png
  Saved: /home/hilarius/special_course/special_course_spring2026/results/figures/models/lr_handcrafted_sparse_esmc_20260506_155022/feature_weights_lr_handcrafted_sparse_esmc.png
  Saved: /home/hilarius/special_course/special_course_spring2026/results/figures/models/lr_handcrafted_sparse_esmc_20260506_155022/score_distribution_lr_handcrafted_sparse_esmc.png
  Saved: /home/hilarius/special_course/special_course_spring2026/results/figures/models/lr_handcrafted_sparse_esmc_20260506_155022/calibration_lr_handcrafted_sparse_esmc.png
  Saved: /home/hilarius/special_course/special_course_spring2026/results/figures/models/lr_handcrafted_sparse_esmc_20260506_155022/summary_report_lr_handcrafted_sparse_esmc.txt

======================================================================
  Analysing: Logistic Regression — Structural + one-hot + ESM-C
  Run tag:   lr_handcrafted_sparse_esmc
  Timestamp: 20260506_175318
  Source:    ../models/cv_results_lr_handcrafted_sparse_esmc_20260506_175318.json
  Output:    /home/hilarius/special_course/special_course_spring2026/results/figures/models/lr_handcrafted_sparse_esmc_20260506_175318
======================================================================
  Saved: /home/hilarius/special_course/special_course_spring2026/results/figures/models/lr_handcrafted_sparse_esmc_20260506_175318/roc_curve_lr_handcrafted_sparse_esmc.png
  Saved: /home/hilarius/special_course/special_course_spring2026/results/figures/models/lr_handcrafted_sparse_esmc_20260506_175318/pr_curve_lr_handcrafted_sparse_esmc.png
  Saved: /home/hilarius/special_course/special_course_spring2026/results/figures/models/lr_handcrafted_sparse_esmc_20260506_175318/confusion_matrix_lr_handcrafted_sparse_esmc.png
  Saved: /home/hilarius/special_course/special_course_spring2026/results/figures/models/lr_handcrafted_sparse_esmc_20260506_175318/fold_metrics_lr_handcrafted_sparse_esmc.png
  Saved: /home/hilarius/special_course/special_course_spring2026/results/figures/models/lr_handcrafted_sparse_esmc_20260506_175318/feature_weights_lr_handcrafted_sparse_esmc.png
  Saved: /home/hilarius/special_course/special_course_spring2026/results/figures/models/lr_handcrafted_sparse_esmc_20260506_175318/score_distribution_lr_handcrafted_sparse_esmc.png
  Saved: /home/hilarius/special_course/special_course_spring2026/results/figures/models/lr_handcrafted_sparse_esmc_20260506_175318/calibration_lr_handcrafted_sparse_esmc.png
  Saved: /home/hilarius/special_course/special_course_spring2026/results/figures/models/lr_handcrafted_sparse_esmc_20260506_175318/summary_report_lr_handcrafted_sparse_esmc.txt

======================================================================
  Analysing: Logistic Regression — Structural + one-hot + ESM-IF
  Run tag:   lr_handcrafted_sparse_esmif
  Timestamp: 20260506_182702
  Source:    ../models/cv_results_lr_handcrafted_sparse_esmif_20260506_182702.json
  Output:    /home/hilarius/special_course/special_course_spring2026/results/figures/models/lr_handcrafted_sparse_esmif_20260506_182702
======================================================================
  Saved: /home/hilarius/special_course/special_course_spring2026/results/figures/models/lr_handcrafted_sparse_esmif_20260506_182702/roc_curve_lr_handcrafted_sparse_esmif.png
  Saved: /home/hilarius/special_course/special_course_spring2026/results/figures/models/lr_handcrafted_sparse_esmif_20260506_182702/pr_curve_lr_handcrafted_sparse_esmif.png
  Saved: /home/hilarius/special_course/special_course_spring2026/results/figures/models/lr_handcrafted_sparse_esmif_20260506_182702/confusion_matrix_lr_handcrafted_sparse_esmif.png
  Saved: /home/hilarius/special_course/special_course_spring2026/results/figures/models/lr_handcrafted_sparse_esmif_20260506_182702/fold_metrics_lr_handcrafted_sparse_esmif.png
  Saved: /home/hilarius/special_course/special_course_spring2026/results/figures/models/lr_handcrafted_sparse_esmif_20260506_182702/feature_weights_lr_handcrafted_sparse_esmif.png
  Saved: /home/hilarius/special_course/special_course_spring2026/results/figures/models/lr_handcrafted_sparse_esmif_20260506_182702/score_distribution_lr_handcrafted_sparse_esmif.png
  Saved: /home/hilarius/special_course/special_course_spring2026/results/figures/models/lr_handcrafted_sparse_esmif_20260506_182702/calibration_lr_handcrafted_sparse_esmif.png
  Saved: /home/hilarius/special_course/special_course_spring2026/results/figures/models/lr_handcrafted_sparse_esmif_20260506_182702/summary_report_lr_handcrafted_sparse_esmif.txt

======================================================================
  Analysing: Logistic Regression — Structural + one-hot + ESM-IF
  Run tag:   lr_handcrafted_sparse_esmif
  Timestamp: 20260506_192303
  Source:    ../models/cv_results_lr_handcrafted_sparse_esmif_20260506_192303.json
  Output:    /home/hilarius/special_course/special_course_spring2026/results/figures/models/lr_handcrafted_sparse_esmif_20260506_192303
======================================================================
  Saved: /home/hilarius/special_course/special_course_spring2026/results/figures/models/lr_handcrafted_sparse_esmif_20260506_192303/roc_curve_lr_handcrafted_sparse_esmif.png
  Saved: /home/hilarius/special_course/special_course_spring2026/results/figures/models/lr_handcrafted_sparse_esmif_20260506_192303/pr_curve_lr_handcrafted_sparse_esmif.png
  Saved: /home/hilarius/special_course/special_course_spring2026/results/figures/models/lr_handcrafted_sparse_esmif_20260506_192303/confusion_matrix_lr_handcrafted_sparse_esmif.png
  Saved: /home/hilarius/special_course/special_course_spring2026/results/figures/models/lr_handcrafted_sparse_esmif_20260506_192303/fold_metrics_lr_handcrafted_sparse_esmif.png
  Saved: /home/hilarius/special_course/special_course_spring2026/results/figures/models/lr_handcrafted_sparse_esmif_20260506_192303/feature_weights_lr_handcrafted_sparse_esmif.png
  Saved: /home/hilarius/special_course/special_course_spring2026/results/figures/models/lr_handcrafted_sparse_esmif_20260506_192303/score_distribution_lr_handcrafted_sparse_esmif.png
  Saved: /home/hilarius/special_course/special_course_spring2026/results/figures/models/lr_handcrafted_sparse_esmif_20260506_192303/calibration_lr_handcrafted_sparse_esmif.png
  Saved: /home/hilarius/special_course/special_course_spring2026/results/figures/models/lr_handcrafted_sparse_esmif_20260506_192303/summary_report_lr_handcrafted_sparse_esmif.txt

======================================================================
  Analysing: Random Forest — Structural + BLOSUM50 + ESM-C + ESM-IF
  Run tag:   rf_all_blosum
  Timestamp: 20260506_194442
  Source:    ../models/cv_results_rf_all_blosum_20260506_194442.json
  Output:    /home/hilarius/special_course/special_course_spring2026/results/figures/models/rf_all_blosum_20260506_194442
======================================================================
  Saved: /home/hilarius/special_course/special_course_spring2026/results/figures/models/rf_all_blosum_20260506_194442/roc_curve_rf_all_blosum.png
  Saved: /home/hilarius/special_course/special_course_spring2026/results/figures/models/rf_all_blosum_20260506_194442/pr_curve_rf_all_blosum.png
  Saved: /home/hilarius/special_course/special_course_spring2026/results/figures/models/rf_all_blosum_20260506_194442/confusion_matrix_rf_all_blosum.png
  Saved: /home/hilarius/special_course/special_course_spring2026/results/figures/models/rf_all_blosum_20260506_194442/fold_metrics_rf_all_blosum.png
  Saved: /home/hilarius/special_course/special_course_spring2026/results/figures/models/rf_all_blosum_20260506_194442/feature_weights_rf_all_blosum.png
  Saved: /home/hilarius/special_course/special_course_spring2026/results/figures/models/rf_all_blosum_20260506_194442/score_distribution_rf_all_blosum.png
  Saved: /home/hilarius/special_course/special_course_spring2026/results/figures/models/rf_all_blosum_20260506_194442/calibration_rf_all_blosum.png
  Saved: /home/hilarius/special_course/special_course_spring2026/results/figures/models/rf_all_blosum_20260506_194442/summary_report_rf_all_blosum.txt

======================================================================
  Analysing: Random Forest — Structural + BLOSUM50 + ESM-C + ESM-IF
  Run tag:   rf_all_blosum
  Timestamp: 20260506_204432
  Source:    ../models/cv_results_rf_all_blosum_20260506_204432.json
  Output:    /home/hilarius/special_course/special_course_spring2026/results/figures/models/rf_all_blosum_20260506_204432
======================================================================
  Saved: /home/hilarius/special_course/special_course_spring2026/results/figures/models/rf_all_blosum_20260506_204432/roc_curve_rf_all_blosum.png
  Saved: /home/hilarius/special_course/special_course_spring2026/results/figures/models/rf_all_blosum_20260506_204432/pr_curve_rf_all_blosum.png
  Saved: /home/hilarius/special_course/special_course_spring2026/results/figures/models/rf_all_blosum_20260506_204432/confusion_matrix_rf_all_blosum.png
  Saved: /home/hilarius/special_course/special_course_spring2026/results/figures/models/rf_all_blosum_20260506_204432/fold_metrics_rf_all_blosum.png
  Saved: /home/hilarius/special_course/special_course_spring2026/results/figures/models/rf_all_blosum_20260506_204432/feature_weights_rf_all_blosum.png
  Saved: /home/hilarius/special_course/special_course_spring2026/results/figures/models/rf_all_blosum_20260506_204432/score_distribution_rf_all_blosum.png
  Saved: /home/hilarius/special_course/special_course_spring2026/results/figures/models/rf_all_blosum_20260506_204432/calibration_rf_all_blosum.png
  Saved: /home/hilarius/special_course/special_course_spring2026/results/figures/models/rf_all_blosum_20260506_204432/summary_report_rf_all_blosum.txt

======================================================================
  Analysing: Random Forest — Structural + one-hot + ESM-C + ESM-IF
  Run tag:   rf_all_sparse
  Timestamp: 20260506_193654
  Source:    ../models/cv_results_rf_all_sparse_20260506_193654.json
  Output:    /home/hilarius/special_course/special_course_spring2026/results/figures/models/rf_all_sparse_20260506_193654
======================================================================
  Saved: /home/hilarius/special_course/special_course_spring2026/results/figures/models/rf_all_sparse_20260506_193654/roc_curve_rf_all_sparse.png
  Saved: /home/hilarius/special_course/special_course_spring2026/results/figures/models/rf_all_sparse_20260506_193654/pr_curve_rf_all_sparse.png
  Saved: /home/hilarius/special_course/special_course_spring2026/results/figures/models/rf_all_sparse_20260506_193654/confusion_matrix_rf_all_sparse.png
  Saved: /home/hilarius/special_course/special_course_spring2026/results/figures/models/rf_all_sparse_20260506_193654/fold_metrics_rf_all_sparse.png
  Saved: /home/hilarius/special_course/special_course_spring2026/results/figures/models/rf_all_sparse_20260506_193654/feature_weights_rf_all_sparse.png
  Saved: /home/hilarius/special_course/special_course_spring2026/results/figures/models/rf_all_sparse_20260506_193654/score_distribution_rf_all_sparse.png
  Saved: /home/hilarius/special_course/special_course_spring2026/results/figures/models/rf_all_sparse_20260506_193654/calibration_rf_all_sparse.png
  Saved: /home/hilarius/special_course/special_course_spring2026/results/figures/models/rf_all_sparse_20260506_193654/summary_report_rf_all_sparse.txt

======================================================================
  Analysing: Random Forest — Structural + one-hot + ESM-C + ESM-IF
  Run tag:   rf_all_sparse
  Timestamp: 20260506_200102
  Source:    ../models/cv_results_rf_all_sparse_20260506_200102.json
  Output:    /home/hilarius/special_course/special_course_spring2026/results/figures/models/rf_all_sparse_20260506_200102
======================================================================
  Saved: /home/hilarius/special_course/special_course_spring2026/results/figures/models/rf_all_sparse_20260506_200102/roc_curve_rf_all_sparse.png
  Saved: /home/hilarius/special_course/special_course_spring2026/results/figures/models/rf_all_sparse_20260506_200102/pr_curve_rf_all_sparse.png
  Saved: /home/hilarius/special_course/special_course_spring2026/results/figures/models/rf_all_sparse_20260506_200102/confusion_matrix_rf_all_sparse.png
  Saved: /home/hilarius/special_course/special_course_spring2026/results/figures/models/rf_all_sparse_20260506_200102/fold_metrics_rf_all_sparse.png
  Saved: /home/hilarius/special_course/special_course_spring2026/results/figures/models/rf_all_sparse_20260506_200102/feature_weights_rf_all_sparse.png
  Saved: /home/hilarius/special_course/special_course_spring2026/results/figures/models/rf_all_sparse_20260506_200102/score_distribution_rf_all_sparse.png
  Saved: /home/hilarius/special_course/special_course_spring2026/results/figures/models/rf_all_sparse_20260506_200102/calibration_rf_all_sparse.png
  Saved: /home/hilarius/special_course/special_course_spring2026/results/figures/models/rf_all_sparse_20260506_200102/summary_report_rf_all_sparse.txt

======================================================================
  Analysing: Random Forest — ESM-C embeddings only
  Run tag:   rf_esmc
  Timestamp: 20260506_153205
  Source:    ../models/cv_results_rf_esmc_20260506_153205.json
  Output:    /home/hilarius/special_course/special_course_spring2026/results/figures/models/rf_esmc_20260506_153205
======================================================================
  Saved: /home/hilarius/special_course/special_course_spring2026/results/figures/models/rf_esmc_20260506_153205/roc_curve_rf_esmc.png
  Saved: /home/hilarius/special_course/special_course_spring2026/results/figures/models/rf_esmc_20260506_153205/pr_curve_rf_esmc.png
  Saved: /home/hilarius/special_course/special_course_spring2026/results/figures/models/rf_esmc_20260506_153205/confusion_matrix_rf_esmc.png
  Saved: /home/hilarius/special_course/special_course_spring2026/results/figures/models/rf_esmc_20260506_153205/fold_metrics_rf_esmc.png
  Saved: /home/hilarius/special_course/special_course_spring2026/results/figures/models/rf_esmc_20260506_153205/feature_weights_rf_esmc.png
  Saved: /home/hilarius/special_course/special_course_spring2026/results/figures/models/rf_esmc_20260506_153205/score_distribution_rf_esmc.png
  Saved: /home/hilarius/special_course/special_course_spring2026/results/figures/models/rf_esmc_20260506_153205/calibration_rf_esmc.png
  Saved: /home/hilarius/special_course/special_course_spring2026/results/figures/models/rf_esmc_20260506_153205/summary_report_rf_esmc.txt

======================================================================
  Analysing: Random Forest — ESM-C embeddings only
  Run tag:   rf_esmc
  Timestamp: 20260506_155447
  Source:    ../models/cv_results_rf_esmc_20260506_155447.json
  Output:    /home/hilarius/special_course/special_course_spring2026/results/figures/models/rf_esmc_20260506_155447
======================================================================
  Saved: /home/hilarius/special_course/special_course_spring2026/results/figures/models/rf_esmc_20260506_155447/roc_curve_rf_esmc.png
  Saved: /home/hilarius/special_course/special_course_spring2026/results/figures/models/rf_esmc_20260506_155447/pr_curve_rf_esmc.png
  Saved: /home/hilarius/special_course/special_course_spring2026/results/figures/models/rf_esmc_20260506_155447/confusion_matrix_rf_esmc.png
  Saved: /home/hilarius/special_course/special_course_spring2026/results/figures/models/rf_esmc_20260506_155447/fold_metrics_rf_esmc.png
  Saved: /home/hilarius/special_course/special_course_spring2026/results/figures/models/rf_esmc_20260506_155447/feature_weights_rf_esmc.png
  Saved: /home/hilarius/special_course/special_course_spring2026/results/figures/models/rf_esmc_20260506_155447/score_distribution_rf_esmc.png
  Saved: /home/hilarius/special_course/special_course_spring2026/results/figures/models/rf_esmc_20260506_155447/calibration_rf_esmc.png
  Saved: /home/hilarius/special_course/special_course_spring2026/results/figures/models/rf_esmc_20260506_155447/summary_report_rf_esmc.txt

======================================================================
  Analysing: Random Forest — ESM-IF1 embeddings only
  Run tag:   rf_esmif
  Timestamp: 20260506_181141
  Source:    ../models/cv_results_rf_esmif_20260506_181141.json
  Output:    /home/hilarius/special_course/special_course_spring2026/results/figures/models/rf_esmif_20260506_181141
======================================================================
  Saved: /home/hilarius/special_course/special_course_spring2026/results/figures/models/rf_esmif_20260506_181141/roc_curve_rf_esmif.png
  Saved: /home/hilarius/special_course/special_course_spring2026/results/figures/models/rf_esmif_20260506_181141/pr_curve_rf_esmif.png
  Saved: /home/hilarius/special_course/special_course_spring2026/results/figures/models/rf_esmif_20260506_181141/confusion_matrix_rf_esmif.png
  Saved: /home/hilarius/special_course/special_course_spring2026/results/figures/models/rf_esmif_20260506_181141/fold_metrics_rf_esmif.png
  Saved: /home/hilarius/special_course/special_course_spring2026/results/figures/models/rf_esmif_20260506_181141/feature_weights_rf_esmif.png
  Saved: /home/hilarius/special_course/special_course_spring2026/results/figures/models/rf_esmif_20260506_181141/score_distribution_rf_esmif.png
  Saved: /home/hilarius/special_course/special_course_spring2026/results/figures/models/rf_esmif_20260506_181141/calibration_rf_esmif.png
  Saved: /home/hilarius/special_course/special_course_spring2026/results/figures/models/rf_esmif_20260506_181141/summary_report_rf_esmif.txt

======================================================================
  Analysing: Random Forest — ESM-IF1 embeddings only
  Run tag:   rf_esmif
  Timestamp: 20260506_183056
  Source:    ../models/cv_results_rf_esmif_20260506_183056.json
  Output:    /home/hilarius/special_course/special_course_spring2026/results/figures/models/rf_esmif_20260506_183056
======================================================================
  Saved: /home/hilarius/special_course/special_course_spring2026/results/figures/models/rf_esmif_20260506_183056/roc_curve_rf_esmif.png
  Saved: /home/hilarius/special_course/special_course_spring2026/results/figures/models/rf_esmif_20260506_183056/pr_curve_rf_esmif.png
  Saved: /home/hilarius/special_course/special_course_spring2026/results/figures/models/rf_esmif_20260506_183056/confusion_matrix_rf_esmif.png
  Saved: /home/hilarius/special_course/special_course_spring2026/results/figures/models/rf_esmif_20260506_183056/fold_metrics_rf_esmif.png
  Saved: /home/hilarius/special_course/special_course_spring2026/results/figures/models/rf_esmif_20260506_183056/feature_weights_rf_esmif.png
  Saved: /home/hilarius/special_course/special_course_spring2026/results/figures/models/rf_esmif_20260506_183056/score_distribution_rf_esmif.png
  Saved: /home/hilarius/special_course/special_course_spring2026/results/figures/models/rf_esmif_20260506_183056/calibration_rf_esmif.png
  Saved: /home/hilarius/special_course/special_course_spring2026/results/figures/models/rf_esmif_20260506_183056/summary_report_rf_esmif.txt

======================================================================
  Analysing: Random Forest — Structural + BLOSUM50 AA
  Run tag:   rf_handcrafted_blosum
  Timestamp: 20260506_152722
  Source:    ../models/cv_results_rf_handcrafted_blosum_20260506_152722.json
  Output:    /home/hilarius/special_course/special_course_spring2026/results/figures/models/rf_handcrafted_blosum_20260506_152722
======================================================================
  Saved: /home/hilarius/special_course/special_course_spring2026/results/figures/models/rf_handcrafted_blosum_20260506_152722/roc_curve_rf_handcrafted_blosum.png
  Saved: /home/hilarius/special_course/special_course_spring2026/results/figures/models/rf_handcrafted_blosum_20260506_152722/pr_curve_rf_handcrafted_blosum.png
  Saved: /home/hilarius/special_course/special_course_spring2026/results/figures/models/rf_handcrafted_blosum_20260506_152722/confusion_matrix_rf_handcrafted_blosum.png
  Saved: /home/hilarius/special_course/special_course_spring2026/results/figures/models/rf_handcrafted_blosum_20260506_152722/fold_metrics_rf_handcrafted_blosum.png
  Saved: /home/hilarius/special_course/special_course_spring2026/results/figures/models/rf_handcrafted_blosum_20260506_152722/feature_weights_rf_handcrafted_blosum.png
  Saved: /home/hilarius/special_course/special_course_spring2026/results/figures/models/rf_handcrafted_blosum_20260506_152722/score_distribution_rf_handcrafted_blosum.png
  Saved: /home/hilarius/special_course/special_course_spring2026/results/figures/models/rf_handcrafted_blosum_20260506_152722/calibration_rf_handcrafted_blosum.png
  Saved: /home/hilarius/special_course/special_course_spring2026/results/figures/models/rf_handcrafted_blosum_20260506_152722/summary_report_rf_handcrafted_blosum.txt

======================================================================
  Analysing: Random Forest — Structural + BLOSUM50 + ESM-C
  Run tag:   rf_handcrafted_blosum_esmc
  Timestamp: 20260506_154412
  Source:    ../models/cv_results_rf_handcrafted_blosum_esmc_20260506_154412.json
  Output:    /home/hilarius/special_course/special_course_spring2026/results/figures/models/rf_handcrafted_blosum_esmc_20260506_154412
======================================================================
  Saved: /home/hilarius/special_course/special_course_spring2026/results/figures/models/rf_handcrafted_blosum_esmc_20260506_154412/roc_curve_rf_handcrafted_blosum_esmc.png
  Saved: /home/hilarius/special_course/special_course_spring2026/results/figures/models/rf_handcrafted_blosum_esmc_20260506_154412/pr_curve_rf_handcrafted_blosum_esmc.png
  Saved: /home/hilarius/special_course/special_course_spring2026/results/figures/models/rf_handcrafted_blosum_esmc_20260506_154412/confusion_matrix_rf_handcrafted_blosum_esmc.png
  Saved: /home/hilarius/special_course/special_course_spring2026/results/figures/models/rf_handcrafted_blosum_esmc_20260506_154412/fold_metrics_rf_handcrafted_blosum_esmc.png
  Saved: /home/hilarius/special_course/special_course_spring2026/results/figures/models/rf_handcrafted_blosum_esmc_20260506_154412/feature_weights_rf_handcrafted_blosum_esmc.png
  Saved: /home/hilarius/special_course/special_course_spring2026/results/figures/models/rf_handcrafted_blosum_esmc_20260506_154412/score_distribution_rf_handcrafted_blosum_esmc.png
  Saved: /home/hilarius/special_course/special_course_spring2026/results/figures/models/rf_handcrafted_blosum_esmc_20260506_154412/calibration_rf_handcrafted_blosum_esmc.png
  Saved: /home/hilarius/special_course/special_course_spring2026/results/figures/models/rf_handcrafted_blosum_esmc_20260506_154412/summary_report_rf_handcrafted_blosum_esmc.txt

======================================================================
  Analysing: Random Forest — Structural + BLOSUM50 + ESM-C
  Run tag:   rf_handcrafted_blosum_esmc
  Timestamp: 20260506_164902
  Source:    ../models/cv_results_rf_handcrafted_blosum_esmc_20260506_164902.json
  Output:    /home/hilarius/special_course/special_course_spring2026/results/figures/models/rf_handcrafted_blosum_esmc_20260506_164902
======================================================================
  Saved: /home/hilarius/special_course/special_course_spring2026/results/figures/models/rf_handcrafted_blosum_esmc_20260506_164902/roc_curve_rf_handcrafted_blosum_esmc.png
  Saved: /home/hilarius/special_course/special_course_spring2026/results/figures/models/rf_handcrafted_blosum_esmc_20260506_164902/pr_curve_rf_handcrafted_blosum_esmc.png
  Saved: /home/hilarius/special_course/special_course_spring2026/results/figures/models/rf_handcrafted_blosum_esmc_20260506_164902/confusion_matrix_rf_handcrafted_blosum_esmc.png
  Saved: /home/hilarius/special_course/special_course_spring2026/results/figures/models/rf_handcrafted_blosum_esmc_20260506_164902/fold_metrics_rf_handcrafted_blosum_esmc.png
  Saved: /home/hilarius/special_course/special_course_spring2026/results/figures/models/rf_handcrafted_blosum_esmc_20260506_164902/feature_weights_rf_handcrafted_blosum_esmc.png
  Saved: /home/hilarius/special_course/special_course_spring2026/results/figures/models/rf_handcrafted_blosum_esmc_20260506_164902/score_distribution_rf_handcrafted_blosum_esmc.png
  Saved: /home/hilarius/special_course/special_course_spring2026/results/figures/models/rf_handcrafted_blosum_esmc_20260506_164902/calibration_rf_handcrafted_blosum_esmc.png
  Saved: /home/hilarius/special_course/special_course_spring2026/results/figures/models/rf_handcrafted_blosum_esmc_20260506_164902/summary_report_rf_handcrafted_blosum_esmc.txt

======================================================================
  Analysing: Random Forest — Structural + BLOSUM50 + ESM-IF
  Run tag:   rf_handcrafted_blosum_esmif
  Timestamp: 20260506_182119
  Source:    ../models/cv_results_rf_handcrafted_blosum_esmif_20260506_182119.json
  Output:    /home/hilarius/special_course/special_course_spring2026/results/figures/models/rf_handcrafted_blosum_esmif_20260506_182119
======================================================================
  Saved: /home/hilarius/special_course/special_course_spring2026/results/figures/models/rf_handcrafted_blosum_esmif_20260506_182119/roc_curve_rf_handcrafted_blosum_esmif.png
  Saved: /home/hilarius/special_course/special_course_spring2026/results/figures/models/rf_handcrafted_blosum_esmif_20260506_182119/pr_curve_rf_handcrafted_blosum_esmif.png
  Saved: /home/hilarius/special_course/special_course_spring2026/results/figures/models/rf_handcrafted_blosum_esmif_20260506_182119/confusion_matrix_rf_handcrafted_blosum_esmif.png
  Saved: /home/hilarius/special_course/special_course_spring2026/results/figures/models/rf_handcrafted_blosum_esmif_20260506_182119/fold_metrics_rf_handcrafted_blosum_esmif.png
  Saved: /home/hilarius/special_course/special_course_spring2026/results/figures/models/rf_handcrafted_blosum_esmif_20260506_182119/feature_weights_rf_handcrafted_blosum_esmif.png
  Saved: /home/hilarius/special_course/special_course_spring2026/results/figures/models/rf_handcrafted_blosum_esmif_20260506_182119/score_distribution_rf_handcrafted_blosum_esmif.png
  Saved: /home/hilarius/special_course/special_course_spring2026/results/figures/models/rf_handcrafted_blosum_esmif_20260506_182119/calibration_rf_handcrafted_blosum_esmif.png
  Saved: /home/hilarius/special_course/special_course_spring2026/results/figures/models/rf_handcrafted_blosum_esmif_20260506_182119/summary_report_rf_handcrafted_blosum_esmif.txt

======================================================================
  Analysing: Random Forest — Structural + BLOSUM50 + ESM-IF
  Run tag:   rf_handcrafted_blosum_esmif
  Timestamp: 20260506_190654
  Source:    ../models/cv_results_rf_handcrafted_blosum_esmif_20260506_190654.json
  Output:    /home/hilarius/special_course/special_course_spring2026/results/figures/models/rf_handcrafted_blosum_esmif_20260506_190654
======================================================================
  Saved: /home/hilarius/special_course/special_course_spring2026/results/figures/models/rf_handcrafted_blosum_esmif_20260506_190654/roc_curve_rf_handcrafted_blosum_esmif.png
  Saved: /home/hilarius/special_course/special_course_spring2026/results/figures/models/rf_handcrafted_blosum_esmif_20260506_190654/pr_curve_rf_handcrafted_blosum_esmif.png
  Saved: /home/hilarius/special_course/special_course_spring2026/results/figures/models/rf_handcrafted_blosum_esmif_20260506_190654/confusion_matrix_rf_handcrafted_blosum_esmif.png
  Saved: /home/hilarius/special_course/special_course_spring2026/results/figures/models/rf_handcrafted_blosum_esmif_20260506_190654/fold_metrics_rf_handcrafted_blosum_esmif.png
  Saved: /home/hilarius/special_course/special_course_spring2026/results/figures/models/rf_handcrafted_blosum_esmif_20260506_190654/feature_weights_rf_handcrafted_blosum_esmif.png
  Saved: /home/hilarius/special_course/special_course_spring2026/results/figures/models/rf_handcrafted_blosum_esmif_20260506_190654/score_distribution_rf_handcrafted_blosum_esmif.png
  Saved: /home/hilarius/special_course/special_course_spring2026/results/figures/models/rf_handcrafted_blosum_esmif_20260506_190654/calibration_rf_handcrafted_blosum_esmif.png
  Saved: /home/hilarius/special_course/special_course_spring2026/results/figures/models/rf_handcrafted_blosum_esmif_20260506_190654/summary_report_rf_handcrafted_blosum_esmif.txt

======================================================================
  Analysing: Random Forest — Structural + one-hot AA
  Run tag:   rf_handcrafted_sparse
  Timestamp: 20260506_152356
  Source:    ../models/cv_results_rf_handcrafted_sparse_20260506_152356.json
  Output:    /home/hilarius/special_course/special_course_spring2026/results/figures/models/rf_handcrafted_sparse_20260506_152356
======================================================================
  Saved: /home/hilarius/special_course/special_course_spring2026/results/figures/models/rf_handcrafted_sparse_20260506_152356/roc_curve_rf_handcrafted_sparse.png
  Saved: /home/hilarius/special_course/special_course_spring2026/results/figures/models/rf_handcrafted_sparse_20260506_152356/pr_curve_rf_handcrafted_sparse.png
  Saved: /home/hilarius/special_course/special_course_spring2026/results/figures/models/rf_handcrafted_sparse_20260506_152356/confusion_matrix_rf_handcrafted_sparse.png
  Saved: /home/hilarius/special_course/special_course_spring2026/results/figures/models/rf_handcrafted_sparse_20260506_152356/fold_metrics_rf_handcrafted_sparse.png
  Saved: /home/hilarius/special_course/special_course_spring2026/results/figures/models/rf_handcrafted_sparse_20260506_152356/feature_weights_rf_handcrafted_sparse.png
  Saved: /home/hilarius/special_course/special_course_spring2026/results/figures/models/rf_handcrafted_sparse_20260506_152356/score_distribution_rf_handcrafted_sparse.png
  Saved: /home/hilarius/special_course/special_course_spring2026/results/figures/models/rf_handcrafted_sparse_20260506_152356/calibration_rf_handcrafted_sparse.png
  Saved: /home/hilarius/special_course/special_course_spring2026/results/figures/models/rf_handcrafted_sparse_20260506_152356/summary_report_rf_handcrafted_sparse.txt

======================================================================
  Analysing: Random Forest — Structural + one-hot + ESM-C
  Run tag:   rf_handcrafted_sparse_esmc
  Timestamp: 20260506_153829
  Source:    ../models/cv_results_rf_handcrafted_sparse_esmc_20260506_153829.json
  Output:    /home/hilarius/special_course/special_course_spring2026/results/figures/models/rf_handcrafted_sparse_esmc_20260506_153829
======================================================================
  Saved: /home/hilarius/special_course/special_course_spring2026/results/figures/models/rf_handcrafted_sparse_esmc_20260506_153829/roc_curve_rf_handcrafted_sparse_esmc.png
  Saved: /home/hilarius/special_course/special_course_spring2026/results/figures/models/rf_handcrafted_sparse_esmc_20260506_153829/pr_curve_rf_handcrafted_sparse_esmc.png
  Saved: /home/hilarius/special_course/special_course_spring2026/results/figures/models/rf_handcrafted_sparse_esmc_20260506_153829/confusion_matrix_rf_handcrafted_sparse_esmc.png
  Saved: /home/hilarius/special_course/special_course_spring2026/results/figures/models/rf_handcrafted_sparse_esmc_20260506_153829/fold_metrics_rf_handcrafted_sparse_esmc.png
  Saved: /home/hilarius/special_course/special_course_spring2026/results/figures/models/rf_handcrafted_sparse_esmc_20260506_153829/feature_weights_rf_handcrafted_sparse_esmc.png
  Saved: /home/hilarius/special_course/special_course_spring2026/results/figures/models/rf_handcrafted_sparse_esmc_20260506_153829/score_distribution_rf_handcrafted_sparse_esmc.png
  Saved: /home/hilarius/special_course/special_course_spring2026/results/figures/models/rf_handcrafted_sparse_esmc_20260506_153829/calibration_rf_handcrafted_sparse_esmc.png
  Saved: /home/hilarius/special_course/special_course_spring2026/results/figures/models/rf_handcrafted_sparse_esmc_20260506_153829/summary_report_rf_handcrafted_sparse_esmc.txt

======================================================================
  Analysing: Random Forest — Structural + one-hot + ESM-C
  Run tag:   rf_handcrafted_sparse_esmc
  Timestamp: 20260506_162204
  Source:    ../models/cv_results_rf_handcrafted_sparse_esmc_20260506_162204.json
  Output:    /home/hilarius/special_course/special_course_spring2026/results/figures/models/rf_handcrafted_sparse_esmc_20260506_162204
======================================================================
  Saved: /home/hilarius/special_course/special_course_spring2026/results/figures/models/rf_handcrafted_sparse_esmc_20260506_162204/roc_curve_rf_handcrafted_sparse_esmc.png
  Saved: /home/hilarius/special_course/special_course_spring2026/results/figures/models/rf_handcrafted_sparse_esmc_20260506_162204/pr_curve_rf_handcrafted_sparse_esmc.png
  Saved: /home/hilarius/special_course/special_course_spring2026/results/figures/models/rf_handcrafted_sparse_esmc_20260506_162204/confusion_matrix_rf_handcrafted_sparse_esmc.png
  Saved: /home/hilarius/special_course/special_course_spring2026/results/figures/models/rf_handcrafted_sparse_esmc_20260506_162204/fold_metrics_rf_handcrafted_sparse_esmc.png
  Saved: /home/hilarius/special_course/special_course_spring2026/results/figures/models/rf_handcrafted_sparse_esmc_20260506_162204/feature_weights_rf_handcrafted_sparse_esmc.png
  Saved: /home/hilarius/special_course/special_course_spring2026/results/figures/models/rf_handcrafted_sparse_esmc_20260506_162204/score_distribution_rf_handcrafted_sparse_esmc.png
  Saved: /home/hilarius/special_course/special_course_spring2026/results/figures/models/rf_handcrafted_sparse_esmc_20260506_162204/calibration_rf_handcrafted_sparse_esmc.png
  Saved: /home/hilarius/special_course/special_course_spring2026/results/figures/models/rf_handcrafted_sparse_esmc_20260506_162204/summary_report_rf_handcrafted_sparse_esmc.txt

======================================================================
  Analysing: Random Forest — Structural + one-hot + ESM-IF
  Run tag:   rf_handcrafted_sparse_esmif
  Timestamp: 20260506_181628
  Source:    ../models/cv_results_rf_handcrafted_sparse_esmif_20260506_181628.json
  Output:    /home/hilarius/special_course/special_course_spring2026/results/figures/models/rf_handcrafted_sparse_esmif_20260506_181628
======================================================================
  Saved: /home/hilarius/special_course/special_course_spring2026/results/figures/models/rf_handcrafted_sparse_esmif_20260506_181628/roc_curve_rf_handcrafted_sparse_esmif.png
  Saved: /home/hilarius/special_course/special_course_spring2026/results/figures/models/rf_handcrafted_sparse_esmif_20260506_181628/pr_curve_rf_handcrafted_sparse_esmif.png
  Saved: /home/hilarius/special_course/special_course_spring2026/results/figures/models/rf_handcrafted_sparse_esmif_20260506_181628/confusion_matrix_rf_handcrafted_sparse_esmif.png
  Saved: /home/hilarius/special_course/special_course_spring2026/results/figures/models/rf_handcrafted_sparse_esmif_20260506_181628/fold_metrics_rf_handcrafted_sparse_esmif.png
  Saved: /home/hilarius/special_course/special_course_spring2026/results/figures/models/rf_handcrafted_sparse_esmif_20260506_181628/feature_weights_rf_handcrafted_sparse_esmif.png
  Saved: /home/hilarius/special_course/special_course_spring2026/results/figures/models/rf_handcrafted_sparse_esmif_20260506_181628/score_distribution_rf_handcrafted_sparse_esmif.png
  Saved: /home/hilarius/special_course/special_course_spring2026/results/figures/models/rf_handcrafted_sparse_esmif_20260506_181628/calibration_rf_handcrafted_sparse_esmif.png
  Saved: /home/hilarius/special_course/special_course_spring2026/results/figures/models/rf_handcrafted_sparse_esmif_20260506_181628/summary_report_rf_handcrafted_sparse_esmif.txt

======================================================================
  Analysing: Random Forest — Structural + one-hot + ESM-IF
  Run tag:   rf_handcrafted_sparse_esmif
  Timestamp: 20260506_184828
  Source:    ../models/cv_results_rf_handcrafted_sparse_esmif_20260506_184828.json
  Output:    /home/hilarius/special_course/special_course_spring2026/results/figures/models/rf_handcrafted_sparse_esmif_20260506_184828
======================================================================
  Saved: /home/hilarius/special_course/special_course_spring2026/results/figures/models/rf_handcrafted_sparse_esmif_20260506_184828/roc_curve_rf_handcrafted_sparse_esmif.png
  Saved: /home/hilarius/special_course/special_course_spring2026/results/figures/models/rf_handcrafted_sparse_esmif_20260506_184828/pr_curve_rf_handcrafted_sparse_esmif.png
  Saved: /home/hilarius/special_course/special_course_spring2026/results/figures/models/rf_handcrafted_sparse_esmif_20260506_184828/confusion_matrix_rf_handcrafted_sparse_esmif.png
  Saved: /home/hilarius/special_course/special_course_spring2026/results/figures/models/rf_handcrafted_sparse_esmif_20260506_184828/fold_metrics_rf_handcrafted_sparse_esmif.png
  Saved: /home/hilarius/special_course/special_course_spring2026/results/figures/models/rf_handcrafted_sparse_esmif_20260506_184828/feature_weights_rf_handcrafted_sparse_esmif.png
  Saved: /home/hilarius/special_course/special_course_spring2026/results/figures/models/rf_handcrafted_sparse_esmif_20260506_184828/score_distribution_rf_handcrafted_sparse_esmif.png
  Saved: /home/hilarius/special_course/special_course_spring2026/results/figures/models/rf_handcrafted_sparse_esmif_20260506_184828/calibration_rf_handcrafted_sparse_esmif.png
  Saved: /home/hilarius/special_course/special_course_spring2026/results/figures/models/rf_handcrafted_sparse_esmif_20260506_184828/summary_report_rf_handcrafted_sparse_esmif.txt

======================================================================
  Generating multi-model comparison (36 models)
======================================================================
  Saved: /home/hilarius/special_course/special_course_spring2026/results/figures/models/model_comparison.png

======================================================================
  COMPLETE — 36 model(s) analysed
  Figures saved under: /home/hilarius/special_course/special_course_spring2026/results/figures/models/
    └── lr_all_blosum_20260506_195603/
    └── lr_all_blosum_20260506_213642/
    └── lr_all_sparse_20260506_195237/
    └── lr_all_sparse_20260506_212443/
    └── lr_esmc_20260506_154933/
    └── lr_esmc_20260506_174810/
    └── lr_esmif_20260506_182616/
    └── lr_esmif_20260506_192137/
    └── lr_handcrafted_blosum_20260506_153045/
    └── lr_handcrafted_blosum_esmc_20260506_155159/
    └── lr_handcrafted_blosum_esmc_20260506_180210/
    └── lr_handcrafted_blosum_esmif_20260506_182847/
    └── lr_handcrafted_blosum_esmif_20260506_192932/
    └── lr_handcrafted_sparse_20260506_153010/
    └── lr_handcrafted_sparse_esmc_20260506_155022/
    └── lr_handcrafted_sparse_esmc_20260506_175318/
    └── lr_handcrafted_sparse_esmif_20260506_182702/
    └── lr_handcrafted_sparse_esmif_20260506_192303/
    └── rf_all_blosum_20260506_194442/
    └── rf_all_blosum_20260506_204432/
    └── rf_all_sparse_20260506_193654/
    └── rf_all_sparse_20260506_200102/
    └── rf_esmc_20260506_153205/
    └── rf_esmc_20260506_155447/
    └── rf_esmif_20260506_181141/
    └── rf_esmif_20260506_183056/
    └── rf_handcrafted_blosum_20260506_152722/
    └── rf_handcrafted_blosum_esmc_20260506_154412/
    └── rf_handcrafted_blosum_esmc_20260506_164902/
    └── rf_handcrafted_blosum_esmif_20260506_182119/
    └── rf_handcrafted_blosum_esmif_20260506_190654/
    └── rf_handcrafted_sparse_20260506_152356/
    └── rf_handcrafted_sparse_esmc_20260506_153829/
    └── rf_handcrafted_sparse_esmc_20260506_162204/
    └── rf_handcrafted_sparse_esmif_20260506_181628/
    └── rf_handcrafted_sparse_esmif_20260506_184828/
    └── model_comparison.png
======================================================================

############################################################
>>> All done: training + analysis.
############################################################
