feature,weight_mean,weight_std,weight_abs_mean,feature_type
esmc_PC001,-0.3120154360495705,0.030342327025134026,0.3120154360495705,embedding_pca
esmc_PC002,0.004114573833413703,0.016439828094975587,0.004114573833413703,embedding_pca
esmc_PC003,-0.14574574397829207,0.013015191855752275,0.14574574397829207,embedding_pca
esmc_PC004,-0.0962644369747663,0.011571444241566937,0.0962644369747663,embedding_pca
esmc_PC005,0.00139207980767005,0.019669650023595584,0.00139207980767005,embedding_pca
esmc_PC006,0.08122991398002351,0.10025275414594807,0.08122991398002351,embedding_pca
esmc_PC007,-0.11959984168612303,0.00545113908803387,0.11959984168612303,embedding_pca
esmc_PC008,0.017528054752903203,0.010989385995060708,0.017528054752903203,embedding_pca
esmc_PC009,-0.05052149333237983,0.005890054845713488,0.05052149333237983,embedding_pca
esmc_PC010,-0.11322575381788431,0.011426265071871125,0.11322575381788431,embedding_pca
esmc_PC011,0.11854136635262953,0.01632858337442586,0.11854136635262953,embedding_pca
esmc_PC012,-0.033438143499105163,0.04662093008469604,0.033438143499105163,embedding_pca
esmc_PC013,-0.03290702077355735,0.12527527932181326,0.03290702077355735,embedding_pca
esmc_PC014,-0.05335048106242598,0.012864490737558543,0.05335048106242598,embedding_pca
esmc_PC015,0.18403028333710106,0.03218595069454702,0.18403028333710106,embedding_pca
esmc_PC016,-0.02902420564002432,0.12311205357905454,0.02902420564002432,embedding_pca
esmc_PC017,0.04857592285682692,0.0165047376775447,0.04857592285682692,embedding_pca
esmc_PC018,0.19696785389060967,0.041958760374205796,0.19696785389060967,embedding_pca
esmc_PC019,0.26038241076623375,0.04797618922556455,0.26038241076623375,embedding_pca
esmc_PC020,0.054373987215250275,0.08014804481023156,0.054373987215250275,embedding_pca
esmc_PC021,-0.09184599825747974,0.01312611840716715,0.09184599825747974,embedding_pca
esmc_PC022,-0.044380936079617274,0.03883041726811698,0.044380936079617274,embedding_pca
esmc_PC023,0.13104221840435615,0.009476631169141178,0.13104221840435615,embedding_pca
esmc_PC024,0.005385394142275216,0.048931302754631395,0.005385394142275216,embedding_pca
esmc_PC025,-0.060913488297944664,0.026263753225440056,0.060913488297944664,embedding_pca
esmc_PC026,-0.06137435340258742,0.030986879660394942,0.06137435340258742,embedding_pca
esmc_PC027,-0.018926908283185304,0.03247672366481836,0.018926908283185304,embedding_pca
esmc_PC028,-0.006847022146422295,0.0034945428939581282,0.006847022146422295,embedding_pca
esmc_PC029,0.03644849628254482,0.047877183324702255,0.03644849628254482,embedding_pca
esmc_PC030,0.010292461336845629,0.07350999101149845,0.010292461336845629,embedding_pca
esmc_PC031,0.004130904629083501,0.06620866424222327,0.004130904629083501,embedding_pca
esmc_PC032,0.06926634992183552,0.028059998305765,0.06926634992183552,embedding_pca
esmc_PC033,-0.04433314329996727,0.08565161129561996,0.04433314329996727,embedding_pca
esmc_PC034,0.021441899641754265,0.02105525308924822,0.021441899641754265,embedding_pca
esmc_PC035,-0.01926753763060013,0.021077409507890475,0.01926753763060013,embedding_pca
esmc_PC036,0.03117871898778236,0.10219946931192614,0.03117871898778236,embedding_pca
esmc_PC037,-0.06066401542756959,0.10091478894666299,0.06066401542756959,embedding_pca
esmc_PC038,-0.09532698983932732,0.02395993538313542,0.09532698983932732,embedding_pca
esmc_PC039,0.05401853187925766,0.11288553981721423,0.05401853187925766,embedding_pca
esmc_PC040,-0.0020157825167150005,0.07678350654384179,0.0020157825167150005,embedding_pca
esmc_PC041,-0.05426929923171414,0.01039941703633597,0.05426929923171414,embedding_pca
esmc_PC042,0.015870253808238744,0.03893091739300573,0.015870253808238744,embedding_pca
esmc_PC043,-0.037628647319062354,0.04381415321626598,0.037628647319062354,embedding_pca
esmc_PC044,-0.0013007743914682846,0.031547433090013934,0.0013007743914682846,embedding_pca
esmc_PC045,0.03345834139796676,0.02694510865893072,0.03345834139796676,embedding_pca
esmc_PC046,-0.06033085597895491,0.07937260501596806,0.06033085597895491,embedding_pca
esmc_PC047,-0.07664021696011915,0.04623821839286225,0.07664021696011915,embedding_pca
esmc_PC048,-0.03469098946329027,0.05189886780275139,0.03469098946329027,embedding_pca
esmc_PC049,0.0070725567235874615,0.08180191269629555,0.0070725567235874615,embedding_pca
esmc_PC050,-0.00245029127238013,0.07039225309602866,0.00245029127238013,embedding_pca
esmc_PC051,0.023409827617918474,0.02944599247938157,0.023409827617918474,embedding_pca
esmc_PC052,0.001927891719619541,0.020697482539861776,0.001927891719619541,embedding_pca
esmc_PC053,0.01782558976854799,0.049007052418148046,0.01782558976854799,embedding_pca
esmc_PC054,-0.045871587776767316,0.03811871914353901,0.045871587776767316,embedding_pca
esmc_PC055,-0.04911583509536567,0.08316732013893746,0.04911583509536567,embedding_pca
esmc_PC056,-0.051285122529407146,0.037160395106248335,0.051285122529407146,embedding_pca
esmc_PC057,0.022707916400346806,0.02102183902424135,0.022707916400346806,embedding_pca
esmc_PC058,0.013762820840468638,0.04374998094849534,0.013762820840468638,embedding_pca
esmc_PC059,0.0393091923410204,0.06372253582817307,0.0393091923410204,embedding_pca
esmc_PC060,-0.03674646776471145,0.10025268975486747,0.03674646776471145,embedding_pca
esmc_PC061,-0.029821626234347733,0.09825878126438164,0.029821626234347733,embedding_pca
esmc_PC062,0.02726209606976483,0.040115464064382954,0.02726209606976483,embedding_pca
esmc_PC063,0.04477390045003503,0.04500409043946455,0.04477390045003503,embedding_pca
esmc_PC064,-0.05359671198238869,0.08950432343501998,0.05359671198238869,embedding_pca
esmc_PC065,0.0195801088066606,0.10744427955122832,0.0195801088066606,embedding_pca
esmc_PC066,-0.048229130856717775,0.03856621095770861,0.048229130856717775,embedding_pca
esmc_PC067,-0.09943675292390995,0.03636680599513217,0.09943675292390995,embedding_pca
esmc_PC068,0.000942915447202354,0.03802809660875303,0.000942915447202354,embedding_pca
esmc_PC069,0.015088722567615235,0.026892280859455275,0.015088722567615235,embedding_pca
esmc_PC070,0.009590618761636938,0.0249980201763109,0.009590618761636938,embedding_pca
esmc_PC071,0.005487489717036942,0.021176807274642665,0.005487489717036942,embedding_pca
esmc_PC072,-0.0048160359163091065,0.04649541846840219,0.0048160359163091065,embedding_pca
esmc_PC073,0.0011410235297298565,0.03807175173055854,0.0011410235297298565,embedding_pca
esmc_PC074,0.00125441747704246,0.029665008822885974,0.00125441747704246,embedding_pca
esmc_PC075,-0.003603186889803896,0.04782219075198559,0.003603186889803896,embedding_pca
esmc_PC076,-0.007944804615742119,0.08655971818082851,0.007944804615742119,embedding_pca
esmc_PC077,0.01807235638388782,0.03951640556974476,0.01807235638388782,embedding_pca
esmc_PC078,0.02643338721994013,0.032231314434395086,0.02643338721994013,embedding_pca
esmc_PC079,0.04623402709343775,0.04907042346481258,0.04623402709343775,embedding_pca
esmc_PC080,-0.03903545850665274,0.019687889540011872,0.03903545850665274,embedding_pca
esmc_PC081,-0.012948612115209595,0.020573921575141436,0.012948612115209595,embedding_pca
esmc_PC082,-0.010837553783922909,0.031906843452306044,0.010837553783922909,embedding_pca
esmc_PC083,0.007567506694786001,0.018811038888072184,0.007567506694786001,embedding_pca
esmc_PC084,-0.0169854134542266,0.02242367210920047,0.0169854134542266,embedding_pca
esmc_PC085,-0.03514276376044738,0.023439523096958837,0.03514276376044738,embedding_pca
esmc_PC086,0.02818167081629706,0.012109034513653824,0.02818167081629706,embedding_pca
esmc_PC087,0.009434843015806141,0.02325603212577026,0.009434843015806141,embedding_pca
esmc_PC088,0.040130393925949866,0.039782007178926354,0.040130393925949866,embedding_pca
esmc_PC089,0.021759238484707195,0.05579016654946462,0.021759238484707195,embedding_pca
esmc_PC090,-0.004837799663494914,0.02322019289135289,0.004837799663494914,embedding_pca
esmc_PC091,0.027580096277573362,0.014201852950002043,0.027580096277573362,embedding_pca
esmc_PC092,0.006040213409938157,0.02912158488252139,0.006040213409938157,embedding_pca
esmc_PC093,-0.016538579371224785,0.031818924740006964,0.016538579371224785,embedding_pca
esmc_PC094,-0.054157740778658967,0.053548014365644395,0.054157740778658967,embedding_pca
esmc_PC095,-0.02271829097178851,0.09036801240142762,0.02271829097178851,embedding_pca
esmc_PC096,-0.058196873961843934,0.02657081640654888,0.058196873961843934,embedding_pca
esmc_PC097,-0.057375371613682336,0.019642862861423156,0.057375371613682336,embedding_pca
esmc_PC098,-0.06909731236356254,0.05747573873189264,0.06909731236356254,embedding_pca
esmc_PC099,-0.021661216313382615,0.029451300427635184,0.021661216313382615,embedding_pca
esmc_PC100,-0.005892390066853733,0.018357247050376755,0.005892390066853733,embedding_pca
esmc_PC101,-0.00601714056959745,0.04439003407616366,0.00601714056959745,embedding_pca
esmc_PC102,0.004055884525309609,0.021900593808419275,0.004055884525309609,embedding_pca
esmc_PC103,-0.006360039336413351,0.02106022059589338,0.006360039336413351,embedding_pca
esmc_PC104,-0.023442150111993968,0.011551246347170214,0.023442150111993968,embedding_pca
esmc_PC105,-0.01260180344673174,0.030820492109613545,0.01260180344673174,embedding_pca
esmc_PC106,0.021319100640577397,0.02071444238846627,0.021319100640577397,embedding_pca
esmc_PC107,0.02973296399507024,0.016006361365951488,0.02973296399507024,embedding_pca
esmc_PC108,0.022550642419931932,0.01475832017121085,0.022550642419931932,embedding_pca
esmc_PC109,0.007144378516879687,0.025619595325120505,0.007144378516879687,embedding_pca
esmc_PC110,-0.03250752281092166,0.03636555200223619,0.03250752281092166,embedding_pca
esmc_PC111,0.03223952497036563,0.022095215296150144,0.03223952497036563,embedding_pca
esmc_PC112,-0.02300494723741455,0.027218925896528617,0.02300494723741455,embedding_pca
esmc_PC113,-0.01687784106934142,0.056435435801615766,0.01687784106934142,embedding_pca
esmc_PC114,-0.027964944967708412,0.039363184360760126,0.027964944967708412,embedding_pca
esmc_PC115,-0.02989170510830349,0.041309239571609056,0.02989170510830349,embedding_pca
esmc_PC116,0.024141070974604852,0.0438625464773904,0.024141070974604852,embedding_pca
esmc_PC117,-0.035046158305825234,0.06591491359231963,0.035046158305825234,embedding_pca
esmc_PC118,0.03158267443630575,0.046209631063393104,0.03158267443630575,embedding_pca
esmc_PC119,0.0025147642723067675,0.02701342291948389,0.0025147642723067675,embedding_pca
esmc_PC120,-0.012170682162275678,0.03981597012517602,0.012170682162275678,embedding_pca
esmc_PC121,0.0041155363020151745,0.02399010878768228,0.0041155363020151745,embedding_pca
esmc_PC122,0.00497372063088163,0.03202088451502545,0.00497372063088163,embedding_pca
esmc_PC123,0.03876369458037108,0.01975899701136568,0.03876369458037108,embedding_pca
esmc_PC124,-0.013138109341465,0.03177741643431715,0.013138109341465,embedding_pca
esmc_PC125,0.04702212110174272,0.03561095841717897,0.04702212110174272,embedding_pca
esmc_PC126,-0.014113585385814092,0.05661820795661754,0.014113585385814092,embedding_pca
esmc_PC127,-0.02243821249196707,0.016872234465475068,0.02243821249196707,embedding_pca
esmc_PC128,-0.013028630916708731,0.04673992198507526,0.013028630916708731,embedding_pca
esmc_PC129,-0.05030756111084043,0.050673736700732906,0.05030756111084043,embedding_pca
esmc_PC130,-0.00629255940030779,0.04530910184264924,0.00629255940030779,embedding_pca
esmc_PC131,0.00482542356919736,0.040884098542610006,0.00482542356919736,embedding_pca
esmc_PC132,0.007516069169736271,0.03243533615692231,0.007516069169736271,embedding_pca
esmc_PC133,0.023439798470936017,0.04012159912187817,0.023439798470936017,embedding_pca
esmc_PC134,-0.024702199635649853,0.05566620538735285,0.024702199635649853,embedding_pca
esmc_PC135,0.02885596973328496,0.017942518966663025,0.02885596973328496,embedding_pca
esmc_PC136,0.013431827046975292,0.04785619980086106,0.013431827046975292,embedding_pca
esmc_PC137,-0.004251911341730924,0.04424429389687821,0.004251911341730924,embedding_pca
esmc_PC138,0.032643275291035244,0.05648401143795477,0.032643275291035244,embedding_pca
esmc_PC139,-0.027326648863866453,0.03101309891495119,0.027326648863866453,embedding_pca
esmc_PC140,-0.04941341063476733,0.04654192761459113,0.04941341063476733,embedding_pca
esmc_PC141,-0.02908346678902023,0.07301772146697125,0.02908346678902023,embedding_pca
esmc_PC142,-0.005327458000357363,0.040296708994461736,0.005327458000357363,embedding_pca
esmc_PC143,-0.01886310763720333,0.042723725326244105,0.01886310763720333,embedding_pca
esmc_PC144,-0.03034180557448256,0.035961461535016906,0.03034180557448256,embedding_pca
esmc_PC145,-0.018159067765661695,0.036588290147877615,0.018159067765661695,embedding_pca
esmc_PC146,0.0037554066196533627,0.05514427172167428,0.0037554066196533627,embedding_pca
esmc_PC147,-0.001756205648876332,0.01606403524129532,0.001756205648876332,embedding_pca
esmc_PC148,-0.02656975663685826,0.050727152025749525,0.02656975663685826,embedding_pca
esmc_PC149,-0.017159759321494977,0.04388924210863027,0.017159759321494977,embedding_pca
esmc_PC150,-0.03744085392553092,0.046768906469450186,0.03744085392553092,embedding_pca
esmc_PC151,-0.024867882184266953,0.02324938920705323,0.024867882184266953,embedding_pca
esmc_PC152,-0.006214118979273304,0.042341274374078544,0.006214118979273304,embedding_pca
esmc_PC153,0.029073228345344766,0.03423921481177747,0.029073228345344766,embedding_pca
esmc_PC154,-0.021774567762658938,0.01635142162232766,0.021774567762658938,embedding_pca
esmc_PC155,-0.013417110270920124,0.03673167442539729,0.013417110270920124,embedding_pca
esmc_PC156,0.003194378008052256,0.017105267898601433,0.003194378008052256,embedding_pca
esmc_PC157,0.02373522056857643,0.02995739009739491,0.02373522056857643,embedding_pca
esmc_PC158,-0.01792056372482493,0.038422957482892366,0.01792056372482493,embedding_pca
esmc_PC159,-0.013736260850418108,0.041822673359971786,0.013736260850418108,embedding_pca
esmc_PC160,-0.014702478086480933,0.034760484059751504,0.014702478086480933,embedding_pca
esmc_PC161,-0.022403670041553483,0.021692302628433306,0.022403670041553483,embedding_pca
esmc_PC162,-0.0005285651049474302,0.024909156953283895,0.0005285651049474302,embedding_pca
esmc_PC163,-0.007159748525145689,0.0377786165563804,0.007159748525145689,embedding_pca
esmc_PC164,0.0031571033704168904,0.030171685808108268,0.0031571033704168904,embedding_pca
esmc_PC165,0.007757781237901803,0.030090443600102552,0.007757781237901803,embedding_pca
esmc_PC166,0.006087674735371007,0.038519131528364656,0.006087674735371007,embedding_pca
esmc_PC167,0.0026291050940707703,0.03144525104804189,0.0026291050940707703,embedding_pca
esmc_PC168,0.006182920925550267,0.027145869596748674,0.006182920925550267,embedding_pca
esmc_PC169,0.0035578256599718117,0.034976451754746396,0.0035578256599718117,embedding_pca
esmc_PC170,-0.003245537641084667,0.016737822397519274,0.003245537641084667,embedding_pca
esmc_PC171,0.011132355697640157,0.009879822284241972,0.011132355697640157,embedding_pca
esmc_PC172,0.005273761258921154,0.008682968293645732,0.005273761258921154,embedding_pca
esmc_PC173,-0.005067844567790807,0.03814245739556526,0.005067844567790807,embedding_pca
esmc_PC174,0.008786865144018703,0.04083954505722059,0.008786865144018703,embedding_pca
esmc_PC175,0.014970223763944043,0.037259936448335994,0.014970223763944043,embedding_pca
esmc_PC176,0.013920302948222631,0.02276054729201492,0.013920302948222631,embedding_pca
esmc_PC177,-0.0012223573788100836,0.012308142066648913,0.0012223573788100836,embedding_pca
esmc_PC178,-0.006579150989563581,0.013835491294869641,0.006579150989563581,embedding_pca
esmc_PC179,0.006242717575766225,0.016599484961798333,0.006242717575766225,embedding_pca
esmc_PC180,0.01010882005950183,0.02801227867283995,0.01010882005950183,embedding_pca
esmc_PC181,-0.022534599069157855,0.020104991205705424,0.022534599069157855,embedding_pca
esmc_PC182,0.00806268653522112,0.026065560799678023,0.00806268653522112,embedding_pca
esmc_PC183,-0.0099764513630381,0.038874504064790656,0.0099764513630381,embedding_pca
esmc_PC184,-0.0019552845537476418,0.007968764902491854,0.0019552845537476418,embedding_pca
esmc_PC185,0.005852246936704969,0.017258999608061643,0.005852246936704969,embedding_pca
esmc_PC186,-0.005056520008000576,0.026913016301998206,0.005056520008000576,embedding_pca
esmc_PC187,-0.010420916387035387,0.024050978593286688,0.010420916387035387,embedding_pca
esmc_PC188,-0.006946715181462551,0.028151110257085415,0.006946715181462551,embedding_pca
esmc_PC189,0.014506875402243866,0.025244984248495275,0.014506875402243866,embedding_pca
esmc_PC190,-0.0042896547050558205,0.03612129763970177,0.0042896547050558205,embedding_pca
esmc_PC191,0.0025841190448250783,0.01313939180071171,0.0025841190448250783,embedding_pca
esmc_PC192,-0.0053436724890561695,0.03318065164173777,0.0053436724890561695,embedding_pca
esmc_PC193,0.003496319740152252,0.025572494691846453,0.003496319740152252,embedding_pca
esmc_PC194,-0.023914346300159355,0.01377742725404405,0.023914346300159355,embedding_pca
esmc_PC195,-0.01638362686228386,0.019541392973070674,0.01638362686228386,embedding_pca
esmc_PC196,-0.0029897277007108433,0.020874303998349917,0.0029897277007108433,embedding_pca
esmc_PC197,0.009732383208603321,0.024795089606304613,0.009732383208603321,embedding_pca
esmc_PC198,0.004843045251963877,0.015153213056156118,0.004843045251963877,embedding_pca
esmc_PC199,0.019622599945827355,0.023937278948155238,0.019622599945827355,embedding_pca
esmc_PC200,-0.02163965015849422,0.029623207665249465,0.02163965015849422,embedding_pca
esmc_PC201,0.012246807593838647,0.022734093332871172,0.012246807593838647,embedding_pca
esmc_PC202,-0.0065089974311618145,0.02895201005880091,0.0065089974311618145,embedding_pca
esmc_PC203,-0.033576414893696706,0.019610169508619324,0.033576414893696706,embedding_pca
esmc_PC204,-0.00796097717085895,0.032421364883038636,0.00796097717085895,embedding_pca
esmc_PC205,-0.004937854578337872,0.01712278249275734,0.004937854578337872,embedding_pca
esmc_PC206,-0.050921280635446965,0.010467636333860799,0.050921280635446965,embedding_pca
esmc_PC207,-0.033543701201544394,0.03529905478715153,0.033543701201544394,embedding_pca
esmc_PC208,0.012205398032540882,0.012663283975442825,0.012205398032540882,embedding_pca
esmc_PC209,0.0008627173390114839,0.0504907760722984,0.0008627173390114839,embedding_pca
esmc_PC210,0.014908354485766884,0.02882903749840625,0.014908354485766884,embedding_pca
esmc_PC211,0.005746097659128871,0.012376533825820064,0.005746097659128871,embedding_pca
esmc_PC212,0.023573286431457934,0.0399668498675525,0.023573286431457934,embedding_pca
esmc_PC213,0.009510368600124273,0.010036006969644531,0.009510368600124273,embedding_pca
esmc_PC214,0.004997562311278287,0.019324632678715186,0.004997562311278287,embedding_pca
esmc_PC215,-0.0053014790898812825,0.01890781118569497,0.0053014790898812825,embedding_pca
esmc_PC216,-0.008352861057694146,0.02148960218323895,0.008352861057694146,embedding_pca
esmc_PC217,-0.006845328927084904,0.015061682568546344,0.006845328927084904,embedding_pca
esmc_PC218,0.004928413787111403,0.011806166975549856,0.004928413787111403,embedding_pca
esmc_PC219,-0.0010630366453110345,0.008858208227214361,0.0010630366453110345,embedding_pca
esmc_PC220,-0.0017979858127989527,0.008492444550990142,0.0017979858127989527,embedding_pca
esmc_PC221,-0.0023074630279364904,0.02033764707822985,0.0023074630279364904,embedding_pca
esmc_PC222,-0.0035299123036955987,0.031463560474668535,0.0035299123036955987,embedding_pca
esmc_PC223,-0.016003642155256122,0.02833232255297303,0.016003642155256122,embedding_pca
esmc_PC224,-0.00382576197314091,0.04530608826742027,0.00382576197314091,embedding_pca
esmc_PC225,-0.012369548730029012,0.030416495987888176,0.012369548730029012,embedding_pca
esmc_PC226,-0.0033556862018910894,0.05031165736991761,0.0033556862018910894,embedding_pca
esmc_PC227,-0.02766508759653538,0.03603990218360049,0.02766508759653538,embedding_pca
esmc_PC228,-0.011434804428411702,0.05439379267969624,0.011434804428411702,embedding_pca
esmc_PC229,-0.02293055093940802,0.03419328017813342,0.02293055093940802,embedding_pca
esmc_PC230,0.010613974503918428,0.019694549093494395,0.010613974503918428,embedding_pca
esmc_PC231,-0.007312995775118389,0.04085520215429285,0.007312995775118389,embedding_pca
esmc_PC232,-0.012777035993015629,0.022719602324300554,0.012777035993015629,embedding_pca
esmc_PC233,-0.008092339133018272,0.018981619287464172,0.008092339133018272,embedding_pca
esmc_PC234,-0.028599147669193498,0.022079274911061545,0.028599147669193498,embedding_pca
esmc_PC235,0.0030052861803406567,0.022453063353170034,0.0030052861803406567,embedding_pca
esmc_PC236,0.0037089706598981307,0.022975781109330143,0.0037089706598981307,embedding_pca
esmc_PC237,0.00035450910593249826,0.024286031266104093,0.00035450910593249826,embedding_pca
esmc_PC238,0.017832714470977052,0.015797833437833912,0.017832714470977052,embedding_pca
esmc_PC239,0.009890387869505596,0.01344054073995607,0.009890387869505596,embedding_pca
esmc_PC240,0.01222300647748674,0.02250575934212012,0.01222300647748674,embedding_pca
esmc_PC241,0.011664015491505336,0.03865545057430276,0.011664015491505336,embedding_pca
esmc_PC242,0.019328760648912556,0.02259556917434445,0.019328760648912556,embedding_pca
esmc_PC243,0.00327663466031257,0.020754152382909924,0.00327663466031257,embedding_pca
esmc_PC244,-0.03601567247655038,0.011863659382783574,0.03601567247655038,embedding_pca
esmc_PC245,0.01585023353329807,0.029992946392849263,0.01585023353329807,embedding_pca
esmc_PC246,-0.02623653637461959,0.02696690278173418,0.02623653637461959,embedding_pca
esmc_PC247,0.009668191151376942,0.01667425310280209,0.009668191151376942,embedding_pca
esmc_PC248,0.005077002879193481,0.00918979492851447,0.005077002879193481,embedding_pca
esmc_PC249,-0.008984821080092164,0.039685395364413865,0.008984821080092164,embedding_pca
esmc_PC250,-0.017293387748138885,0.014453694846759464,0.017293387748138885,embedding_pca
esmc_PC251,0.012087062400198719,0.02067954214918301,0.012087062400198719,embedding_pca
esmc_PC252,0.0074236701565219875,0.011747363306768292,0.0074236701565219875,embedding_pca
esmc_PC253,0.00457322736506436,0.03573518141360203,0.00457322736506436,embedding_pca
esmc_PC254,-0.009193939585907593,0.03083270442267545,0.009193939585907593,embedding_pca
esmc_PC255,-0.004473938900734086,0.027146619983456945,0.004473938900734086,embedding_pca
esmc_PC256,-0.016061356927581857,0.016683794165715672,0.016061356927581857,embedding_pca
esmc_PC257,0.009290234329800749,0.011717550728118755,0.009290234329800749,embedding_pca
esmc_PC258,-0.028384824067174276,0.01723938350987491,0.028384824067174276,embedding_pca
esmc_PC259,0.003923131409865491,0.037999770579660454,0.003923131409865491,embedding_pca
esmc_PC260,-0.011502082553028817,0.025646148831636132,0.011502082553028817,embedding_pca
esmc_PC261,-0.005790530257903186,0.01265297415869026,0.005790530257903186,embedding_pca
esmc_PC262,-0.0072327124422337085,0.03191743935246808,0.0072327124422337085,embedding_pca
esmc_PC263,0.012823076200304142,0.03001034139907463,0.012823076200304142,embedding_pca
esmc_PC264,0.02849588716561612,0.018058086174619528,0.02849588716561612,embedding_pca
esmc_PC265,-0.0012648365865203404,0.018799843765732554,0.0012648365865203404,embedding_pca
esmc_PC266,-0.0017302114858344976,0.016681843255938165,0.0017302114858344976,embedding_pca
esmc_PC267,3.1210021261685386e-05,0.01750117525677975,3.1210021261685386e-05,embedding_pca
esmc_PC268,-0.016482741377712523,0.020177096993673236,0.016482741377712523,embedding_pca
esmc_PC269,0.02410436464599803,0.018403503801174236,0.02410436464599803,embedding_pca
esmc_PC270,-0.0035687184890856897,0.017373234429289824,0.0035687184890856897,embedding_pca
esmc_PC271,-0.012914287188140458,0.017085004450185307,0.012914287188140458,embedding_pca
esmc_PC272,-0.014122954490119449,0.007015172510633445,0.014122954490119449,embedding_pca
esmc_PC273,-0.0014910658888022752,0.025398902483262587,0.0014910658888022752,embedding_pca
esmc_PC274,-0.005588787329119505,0.01812462646565039,0.005588787329119505,embedding_pca
esmc_PC275,-0.014275341340942615,0.015600136397786363,0.014275341340942615,embedding_pca
esmc_PC276,-0.005806305403500187,0.0198330443624599,0.005806305403500187,embedding_pca
esmc_PC277,-0.0033060268265682354,0.02441226224098271,0.0033060268265682354,embedding_pca
esmc_PC278,0.003551014605547514,0.021693447895733617,0.003551014605547514,embedding_pca
esmc_PC279,-0.0047088786051247685,0.014890948175806261,0.0047088786051247685,embedding_pca
esmc_PC280,-0.01328411604783728,0.027275848050109058,0.01328411604783728,embedding_pca
esmc_PC281,-0.0034470464379954407,0.019160671993378803,0.0034470464379954407,embedding_pca
esmc_PC282,0.0021140433619436577,0.029813385655815157,0.0021140433619436577,embedding_pca
esmc_PC283,-0.003486961162438159,0.01757617750772687,0.003486961162438159,embedding_pca
esmc_PC284,-0.0020995620473887363,0.018597232194076538,0.0020995620473887363,embedding_pca
esmc_PC285,0.0091115711688178,0.024260036815322364,0.0091115711688178,embedding_pca
esmc_PC286,0.01868977079616079,0.01801641139213261,0.01868977079616079,embedding_pca
esmc_PC287,-0.010158952669589475,0.010531989301388477,0.010158952669589475,embedding_pca
esmc_PC288,-0.01619534943443403,0.014180262496457938,0.01619534943443403,embedding_pca
esmc_PC289,0.0163887257083994,0.025882354465681406,0.0163887257083994,embedding_pca
esmc_PC290,-0.0034175732328520815,0.02663403701158396,0.0034175732328520815,embedding_pca
esmc_PC291,0.0011198540161584385,0.02221854248049842,0.0011198540161584385,embedding_pca
esmc_PC292,0.012961992650279383,0.011035369988687916,0.012961992650279383,embedding_pca
esmc_PC293,-0.00657751450146932,0.021869025605965327,0.00657751450146932,embedding_pca
esmc_PC294,-0.034661314228426596,0.01630510865891725,0.034661314228426596,embedding_pca
esmc_PC295,0.0207519100642505,0.02179462804910672,0.0207519100642505,embedding_pca
esmc_PC296,0.007014100552090868,0.011030144916046966,0.007014100552090868,embedding_pca
esmc_PC297,-0.01827312970435558,0.020468332608922803,0.01827312970435558,embedding_pca
esmc_PC298,0.0029433195290827496,0.022516772240847437,0.0029433195290827496,embedding_pca
esmc_PC299,-0.015854980635798155,0.022558877470381735,0.015854980635798155,embedding_pca
esmc_PC300,-0.00033180704184868694,0.016165556844036557,0.00033180704184868694,embedding_pca
esmc_PC301,-0.004051087654647866,0.023152750754526264,0.004051087654647866,embedding_pca
esmc_PC302,-0.009314462596665924,0.022988995717855537,0.009314462596665924,embedding_pca
esmc_PC303,-0.009037605557184991,0.010092871755362906,0.009037605557184991,embedding_pca
esmc_PC304,0.013428564184285716,0.023345408702570427,0.013428564184285716,embedding_pca
esmc_PC305,0.0016736604393624427,0.016474976251394862,0.0016736604393624427,embedding_pca
esmc_PC306,0.013017510791314902,0.026518884652235192,0.013017510791314902,embedding_pca
esmc_PC307,0.002091312751677646,0.019329986553416622,0.002091312751677646,embedding_pca
esmc_PC308,0.008033256090589684,0.00850892682912679,0.008033256090589684,embedding_pca
esmc_PC309,-0.02156354636313599,0.01855091300667192,0.02156354636313599,embedding_pca
esmc_PC310,0.01050341142216362,0.019455826582222134,0.01050341142216362,embedding_pca
esmc_PC311,0.01562187997878608,0.01952096928366248,0.01562187997878608,embedding_pca
esmc_PC312,-0.016629114567376944,0.009819152863524043,0.016629114567376944,embedding_pca
esmc_PC313,0.015701126069166828,0.026190324462676974,0.015701126069166828,embedding_pca
esmc_PC314,0.0004338463402662904,0.01557746185127324,0.0004338463402662904,embedding_pca
esmc_PC315,0.009508698644150606,0.017966383658703088,0.009508698644150606,embedding_pca
esmc_PC316,0.006134307505143275,0.018491627923356055,0.006134307505143275,embedding_pca
esmc_PC317,-0.009155719111134383,0.012161053022101478,0.009155719111134383,embedding_pca
esmc_PC318,0.017677311901705826,0.01239283305191701,0.017677311901705826,embedding_pca
esmc_PC319,0.009671230040423369,0.01610352472733412,0.009671230040423369,embedding_pca
esmc_PC320,-0.005242149082476143,0.011405534908712324,0.005242149082476143,embedding_pca
esmc_PC321,-0.017973037215937175,0.027630438270381502,0.017973037215937175,embedding_pca
esmc_PC322,-0.020645032162541467,0.01090944688238639,0.020645032162541467,embedding_pca
esmc_PC323,0.024846804060502152,0.02771079897779886,0.024846804060502152,embedding_pca
esmc_PC324,-0.01392572918048805,0.014548000076969011,0.01392572918048805,embedding_pca
esmc_PC325,-0.00943682873918663,0.02286102235563942,0.00943682873918663,embedding_pca
esmc_PC326,0.006467604001492835,0.01395863728800909,0.006467604001492835,embedding_pca
esmc_PC327,0.002129361124429457,0.009116469523131127,0.002129361124429457,embedding_pca
esmc_PC328,0.001981933166004822,0.024920331353565972,0.001981933166004822,embedding_pca
esmc_PC329,0.008386104298225524,0.034064465759232936,0.008386104298225524,embedding_pca
esmc_PC330,0.016294145193539236,0.02578056561968742,0.016294145193539236,embedding_pca
esmc_PC331,-0.013332391960130557,0.024136059061761875,0.013332391960130557,embedding_pca
esmc_PC332,0.0014478505516143144,0.022889841059065618,0.0014478505516143144,embedding_pca
esmc_PC333,0.0014811726845846748,0.02453930549639878,0.0014811726845846748,embedding_pca
esmc_PC334,0.010448542085278748,0.005957878301843833,0.010448542085278748,embedding_pca
esmc_PC335,-0.012806177958219084,0.008816081736476338,0.012806177958219084,embedding_pca
esmc_PC336,0.0009535463900994887,0.01392316739138897,0.0009535463900994887,embedding_pca
esmc_PC337,0.002703523779408248,0.020797086390861586,0.002703523779408248,embedding_pca
esmc_PC338,0.0021466889962690277,0.00827615027193126,0.0021466889962690277,embedding_pca
esmc_PC339,0.006400638095026605,0.0032262323089173074,0.006400638095026605,embedding_pca
esmc_PC340,0.002922755995965448,0.01596917995195961,0.002922755995965448,embedding_pca
esmc_PC341,0.010968431449047442,0.01721147069069577,0.010968431449047442,embedding_pca
esmc_PC342,-0.008870743495774155,0.03971482744596882,0.008870743495774155,embedding_pca
esmc_PC343,-0.004244440366169558,0.013451236300971963,0.004244440366169558,embedding_pca
esmc_PC344,0.012554352507528562,0.01494028904272149,0.012554352507528562,embedding_pca
esmc_PC345,0.0030690096517304267,0.012873221703680484,0.0030690096517304267,embedding_pca
esmc_PC346,-0.007753274308773687,0.02631554809886298,0.007753274308773687,embedding_pca
esmc_PC347,-0.014610453757472025,0.02028256049523418,0.014610453757472025,embedding_pca
esmc_PC348,0.00271564429583203,0.023352157162575295,0.00271564429583203,embedding_pca
esmc_PC349,-0.014755662237840906,0.02457187345355197,0.014755662237840906,embedding_pca
esmc_PC350,1.3608030795930065e-05,0.021741101155083813,1.3608030795930065e-05,embedding_pca
esmc_PC351,0.00558023638048673,0.027678543639905975,0.00558023638048673,embedding_pca
esmc_PC352,-0.0018039897350703945,0.018449010947089207,0.0018039897350703945,embedding_pca
esmc_PC353,0.018478770473388643,0.01553496690518517,0.018478770473388643,embedding_pca
esmc_PC354,-0.0028889994764416506,0.03124625672361729,0.0028889994764416506,embedding_pca
esmc_PC355,0.006138835974118825,0.029727327136967123,0.006138835974118825,embedding_pca
esmc_PC356,0.010195960300840934,0.0089956854854305,0.010195960300840934,embedding_pca
esmc_PC357,0.0015962888444912824,0.022314258577895013,0.0015962888444912824,embedding_pca
esmc_PC358,0.003210912068161554,0.05048541043808314,0.003210912068161554,embedding_pca
esmc_PC359,-0.0018448613673249224,0.0225863802916104,0.0018448613673249224,embedding_pca
esmc_PC360,0.0051326815053933895,0.02743304094354152,0.0051326815053933895,embedding_pca
esmc_PC361,0.005660909270487433,0.022362532450070294,0.005660909270487433,embedding_pca
esmc_PC362,0.01881137508680532,0.013027923607018758,0.01881137508680532,embedding_pca
esmc_PC363,0.008378062870909884,0.02019537176878556,0.008378062870909884,embedding_pca
esmc_PC364,-0.013910449571743647,0.021343674841398742,0.013910449571743647,embedding_pca
esmc_PC365,-0.00598236851980977,0.010769153732171494,0.00598236851980977,embedding_pca
esmc_PC366,-0.025611996616472656,0.020282493889907337,0.025611996616472656,embedding_pca
esmc_PC367,-0.015632029800312995,0.01998590061978575,0.015632029800312995,embedding_pca
esmc_PC368,-0.013054919851010902,0.021015193822557447,0.013054919851010902,embedding_pca
esmc_PC369,0.002430145421497781,0.02771336763384054,0.002430145421497781,embedding_pca
esmc_PC370,0.0004251633354880463,0.012731670773107164,0.0004251633354880463,embedding_pca
esmc_PC371,-0.004291073710039085,0.01105758494847929,0.004291073710039085,embedding_pca
esmc_PC372,-0.006959034959363716,0.028707993645773082,0.006959034959363716,embedding_pca
esmc_PC373,-0.0051771369373333894,0.025465781466009803,0.0051771369373333894,embedding_pca
esmc_PC374,-0.009350562164378092,0.024376647889030937,0.009350562164378092,embedding_pca
esmc_PC375,-0.020038932916312556,0.03411776816830898,0.020038932916312556,embedding_pca
esmc_PC376,0.020581976719380356,0.030749254679529648,0.020581976719380356,embedding_pca
esmc_PC377,0.015617915984376068,0.0152942811321118,0.015617915984376068,embedding_pca
esmc_PC378,-0.0021516302246444843,0.019833051797466483,0.0021516302246444843,embedding_pca
esmc_PC379,0.002189904676101798,0.013383028802632532,0.002189904676101798,embedding_pca
esmc_PC380,-0.006699737562370496,0.019176422709875178,0.006699737562370496,embedding_pca
esmc_PC381,0.0026014770504182556,0.028046556926720968,0.0026014770504182556,embedding_pca
esmc_PC382,-0.01963105841820451,0.01662450984902438,0.01963105841820451,embedding_pca
esmc_PC383,-0.013128044185872743,0.03194432424245995,0.013128044185872743,embedding_pca
esmc_PC384,-4.516006880356128e-05,0.013871009281269607,4.516006880356128e-05,embedding_pca
esmc_PC385,0.006551502616862967,0.02735266296095205,0.006551502616862967,embedding_pca
esmc_PC386,-0.02743017831988385,0.02520331801959196,0.02743017831988385,embedding_pca
esmc_PC387,-4.348610138348724e-05,0.02263934103332799,4.348610138348724e-05,embedding_pca
esmc_PC388,-0.0018056647070562753,0.015151303023361755,0.0018056647070562753,embedding_pca
esmc_PC389,0.005667298910977326,0.015232918266508022,0.005667298910977326,embedding_pca
esmc_PC390,0.003601576768425807,0.015296842282685097,0.003601576768425807,embedding_pca
esmc_PC391,-0.0021615680541737362,0.035188831583903894,0.0021615680541737362,embedding_pca
esmc_PC392,0.003007362984210264,0.0321338699663928,0.003007362984210264,embedding_pca
esmc_PC393,-0.010357565657684382,0.027201118795160604,0.010357565657684382,embedding_pca
esmc_PC394,-0.009990728317574677,0.016855621795572248,0.009990728317574677,embedding_pca
esmc_PC395,-0.014223684013870372,0.006818659077050306,0.014223684013870372,embedding_pca
esmc_PC396,-0.0003734302197635781,0.026113682743295636,0.0003734302197635781,embedding_pca
esmc_PC397,-0.005202216297251845,0.025186711002339802,0.005202216297251845,embedding_pca
esmc_PC398,0.008820066993968265,0.016976042073717428,0.008820066993968265,embedding_pca
esmc_PC399,-0.006245071331773227,0.024158817611463965,0.006245071331773227,embedding_pca
esmc_PC400,0.011179877154133832,0.02720020934163484,0.011179877154133832,embedding_pca
esmc_PC401,-0.00041640808973059036,0.015074499824625746,0.00041640808973059036,embedding_pca
esmc_PC402,-0.0003938935543503188,0.020646839153251093,0.0003938935543503188,embedding_pca
esmc_PC403,0.0013683466430590868,0.02182221162101409,0.0013683466430590868,embedding_pca
esmc_PC404,0.0025821265273536604,0.02299919529423408,0.0025821265273536604,embedding_pca
esmc_PC405,-0.007446267837854394,0.020178856155831062,0.007446267837854394,embedding_pca
esmc_PC406,-0.012276869450084476,0.01287140019358882,0.012276869450084476,embedding_pca
esmc_PC407,-0.003315272853928624,0.027414860709596273,0.003315272853928624,embedding_pca
esmc_PC408,-0.01689322104001447,0.017635009259530588,0.01689322104001447,embedding_pca
esmc_PC409,0.014118315453181008,0.01644880287891769,0.014118315453181008,embedding_pca
esmc_PC410,-0.003132612112791703,0.02403341392398096,0.003132612112791703,embedding_pca
esmc_PC411,-0.01861605719035005,0.02286764381507318,0.01861605719035005,embedding_pca
esmc_PC412,3.308286169995504e-05,0.01997947419736716,3.308286169995504e-05,embedding_pca
esmc_PC413,0.012413282080238851,0.02919232063647482,0.012413282080238851,embedding_pca
esmc_PC414,0.0012404051967224521,0.02908248352917681,0.0012404051967224521,embedding_pca
esmc_PC415,6.462037675603552e-05,0.013425363398009975,6.462037675603552e-05,embedding_pca
esmc_PC416,-0.021805567752674646,0.01803140925645672,0.021805567752674646,embedding_pca
esmc_PC417,-0.003050443541910497,0.011489772372143853,0.003050443541910497,embedding_pca
esmc_PC418,-0.004220078815531025,0.02019261540001808,0.004220078815531025,embedding_pca
esmc_PC419,-0.0056764134839926515,0.02810373301463268,0.0056764134839926515,embedding_pca
esmc_PC420,-0.002648337196485784,0.01885262280095268,0.002648337196485784,embedding_pca
esmc_PC421,-0.002447928227572562,0.01642618966767949,0.002447928227572562,embedding_pca
esmc_PC422,0.007382975315584769,0.026221952109189223,0.007382975315584769,embedding_pca
esmc_PC423,0.0034643825607145774,0.016925202439263546,0.0034643825607145774,embedding_pca
esmc_PC424,0.004378194952221427,0.02682292388374858,0.004378194952221427,embedding_pca
esmc_PC425,-0.00800780681235354,0.021533252781895655,0.00800780681235354,embedding_pca
esmc_PC426,0.002981474247198004,0.026277211031280546,0.002981474247198004,embedding_pca
esmc_PC427,0.003409952708001088,0.028517725604942555,0.003409952708001088,embedding_pca
esmc_PC428,0.01792007447587052,0.02976678650613644,0.01792007447587052,embedding_pca
esmc_PC429,-0.013253898393221233,0.023820536268583662,0.013253898393221233,embedding_pca
esmc_PC430,-0.008169499864056816,0.01994285484334292,0.008169499864056816,embedding_pca
esmc_PC431,-0.02264897440656898,0.011351112665819058,0.02264897440656898,embedding_pca
esmc_PC432,0.0015957597011234045,0.014958846198323278,0.0015957597011234045,embedding_pca
esmc_PC433,0.0030212584599209214,0.00850211673814471,0.0030212584599209214,embedding_pca
esmc_PC434,-0.020386990469712964,0.015233188974299856,0.020386990469712964,embedding_pca
esmc_PC435,0.0006474052697266607,0.03121761972230288,0.0006474052697266607,embedding_pca
esmc_PC436,-0.006817387120602747,0.02752699498906823,0.006817387120602747,embedding_pca
esmc_PC437,0.019504844186858182,0.02042189281153274,0.019504844186858182,embedding_pca
esmc_PC438,-0.01304416505079824,0.022291353417473545,0.01304416505079824,embedding_pca
esmc_PC439,0.013832946380367191,0.021601771648178576,0.013832946380367191,embedding_pca
esmc_PC440,-0.009970106784479574,0.021515614763477093,0.009970106784479574,embedding_pca
esmc_PC441,-0.016440343510946347,0.019542896386378614,0.016440343510946347,embedding_pca
esmc_PC442,-0.006624216825089621,0.028523803624082873,0.006624216825089621,embedding_pca
esmc_PC443,0.0050420832312637,0.029525123160777864,0.0050420832312637,embedding_pca
esmc_PC444,-0.011570985600160474,0.031242686167841312,0.011570985600160474,embedding_pca
esmc_PC445,0.015375037178813314,0.02551888571430174,0.015375037178813314,embedding_pca
esmc_PC446,-0.001994472131831384,0.01335194895436173,0.001994472131831384,embedding_pca
esmc_PC447,0.006070739231484773,0.01961092307764117,0.006070739231484773,embedding_pca
esmc_PC448,0.002376661093964129,0.02158991686308441,0.002376661093964129,embedding_pca
esmc_PC449,0.006615790567083442,0.019492852279087747,0.006615790567083442,embedding_pca
esmc_PC450,0.00448420999616557,0.02210559140143335,0.00448420999616557,embedding_pca
esmc_PC451,0.006621134975118384,0.032762647268408815,0.006621134975118384,embedding_pca
esmc_PC452,-0.001364883247341595,0.010693375275531684,0.001364883247341595,embedding_pca
esmc_PC453,0.011267858356763954,0.019078812322525514,0.011267858356763954,embedding_pca
esmc_PC454,0.01049964651013011,0.023324274825397433,0.01049964651013011,embedding_pca
esmc_PC455,-0.007622610063910904,0.025134141678578095,0.007622610063910904,embedding_pca
esmc_PC456,-0.0036089853252520053,0.01730323681701752,0.0036089853252520053,embedding_pca
esmc_PC457,-0.009906231235953546,0.018713030790188205,0.009906231235953546,embedding_pca
esmc_PC458,0.0038416599378464323,0.006939657177259583,0.0038416599378464323,embedding_pca
esmc_PC459,0.007459752674853046,0.009853991899692573,0.007459752674853046,embedding_pca
esmc_PC460,0.007434948956050164,0.027507996461253043,0.007434948956050164,embedding_pca
esmc_PC461,-0.004382237142504563,0.025524376431245187,0.004382237142504563,embedding_pca
esmc_PC462,-0.0051214793084092426,0.02436710969748113,0.0051214793084092426,embedding_pca
esmc_PC463,-0.010098023572032367,0.01863563886845019,0.010098023572032367,embedding_pca
esmc_PC464,-0.0005806020482165463,0.012102808656661551,0.0005806020482165463,embedding_pca
esmc_PC465,-0.016265893691518235,0.013149287609438468,0.016265893691518235,embedding_pca
esmc_PC466,-0.014551139764918225,0.01675912716371069,0.014551139764918225,embedding_pca
esmc_PC467,-0.00045882010015543123,0.020313280948999684,0.00045882010015543123,embedding_pca
esmc_PC468,-0.0033702317141369913,0.013241213149243451,0.0033702317141369913,embedding_pca
esmc_PC469,0.006489462307207487,0.018429779940168086,0.006489462307207487,embedding_pca
esmc_PC470,0.0064269967303644,0.02301585491578533,0.0064269967303644,embedding_pca
esmc_PC471,0.008849532095313157,0.015619904219768067,0.008849532095313157,embedding_pca
esmc_PC472,-0.00942497021200916,0.01174033318877142,0.00942497021200916,embedding_pca
esmc_PC473,0.010355799700976723,0.010188356573632582,0.010355799700976723,embedding_pca
esmc_PC474,-0.01199443746071647,0.014643732241939166,0.01199443746071647,embedding_pca
esmc_PC475,0.01905086069191392,0.012437708263479143,0.01905086069191392,embedding_pca
esmc_PC476,-0.020558078991834622,0.0197733175388887,0.020558078991834622,embedding_pca
esmc_PC477,-0.017145925086540583,0.021822210262994877,0.017145925086540583,embedding_pca
esmc_PC478,0.005286625616224698,0.009415710146162574,0.005286625616224698,embedding_pca
esmc_PC479,0.001057934501875074,0.010094291973859285,0.001057934501875074,embedding_pca
esmc_PC480,-0.01369198650237704,0.007715205058461826,0.01369198650237704,embedding_pca
esmc_PC481,-0.004972174692330951,0.02177717041950789,0.004972174692330951,embedding_pca
esmc_PC482,0.00033164830464451413,0.019544973503044006,0.00033164830464451413,embedding_pca
esmc_PC483,0.005014059574930823,0.020780178942214896,0.005014059574930823,embedding_pca
esmc_PC484,0.012475731871550495,0.030742892073621162,0.012475731871550495,embedding_pca
esmc_PC485,-0.014434518264394538,0.030262444813154914,0.014434518264394538,embedding_pca
esmc_PC486,-0.004410333369498964,0.01725786045453163,0.004410333369498964,embedding_pca
esmc_PC487,-7.621197765875776e-05,0.010989308067414766,7.621197765875776e-05,embedding_pca
esmc_PC488,-0.0061473270308423315,0.008065743475650205,0.0061473270308423315,embedding_pca
esmc_PC489,-0.002347255911650665,0.01687719054224693,0.002347255911650665,embedding_pca
esmc_PC490,0.020639258105263385,0.016616772642619536,0.020639258105263385,embedding_pca
esmc_PC491,0.023868851469090523,0.020525557028205535,0.023868851469090523,embedding_pca
esmc_PC492,0.01814200944026146,0.005470125069999133,0.01814200944026146,embedding_pca
esmc_PC493,0.0003467259353416653,0.009938887184466167,0.0003467259353416653,embedding_pca
esmc_PC494,0.0007250075971365488,0.01139029407465921,0.0007250075971365488,embedding_pca
esmc_PC495,-0.01084432285439677,0.008232461417243602,0.01084432285439677,embedding_pca
esmc_PC496,-0.0036810609237358663,0.01366268278372568,0.0036810609237358663,embedding_pca
esmc_PC497,-0.006407975302106471,0.015323526868161871,0.006407975302106471,embedding_pca
esmc_PC498,-0.0019252401304936072,0.018789180549024544,0.0019252401304936072,embedding_pca
esmc_PC499,-0.007491419114405954,0.0195088158462743,0.007491419114405954,embedding_pca
esmc_PC500,-0.01579308878428903,0.018938362656786778,0.01579308878428903,embedding_pca
esmc_PC501,-0.007702867956131278,0.02964570796118683,0.007702867956131278,embedding_pca
esmc_PC502,-0.004373158346101967,0.018727129683647516,0.004373158346101967,embedding_pca
esmc_PC503,0.0008542011785377613,0.02366491568600836,0.0008542011785377613,embedding_pca
esmc_PC504,-0.013062075186715616,0.014344695898672861,0.013062075186715616,embedding_pca
esmc_PC505,0.006374456031759568,0.008880711868422032,0.006374456031759568,embedding_pca
esmc_PC506,0.00469583010997195,0.021752625149575138,0.00469583010997195,embedding_pca
esmc_PC507,-0.009944436741410236,0.008507979265267755,0.009944436741410236,embedding_pca
esmc_PC508,0.01327974265817666,0.019147830271274913,0.01327974265817666,embedding_pca
esmc_PC509,1.3922781016532373e-05,0.018154552863265925,1.3922781016532373e-05,embedding_pca
esmc_PC510,-0.01790434172925284,0.024401966624239244,0.01790434172925284,embedding_pca
esmc_PC511,-0.007145260698795878,0.02284829369457963,0.007145260698795878,embedding_pca
esmc_PC512,-0.005271697242391855,0.02029869199925707,0.005271697242391855,embedding_pca
esmc_PC513,0.0008769364126709741,0.01821917149083546,0.0008769364126709741,embedding_pca
esmc_PC514,0.007591156242724453,0.01615250621541712,0.007591156242724453,embedding_pca
esmc_PC515,0.0007996721812579672,0.013158491805812985,0.0007996721812579672,embedding_pca
esmc_PC516,-0.0037232678080620293,0.009754374905003567,0.0037232678080620293,embedding_pca
esmc_PC517,0.01110701826349127,0.018777349220054522,0.01110701826349127,embedding_pca
esmc_PC518,-0.0003042537434644034,0.014865559989549436,0.0003042537434644034,embedding_pca
esmc_PC519,-0.0010939644270347936,0.008985197192140576,0.0010939644270347936,embedding_pca
esmc_PC520,0.002252309425854258,0.01660114562478042,0.002252309425854258,embedding_pca
esmc_PC521,-0.001543037669220226,0.020205705000462662,0.001543037669220226,embedding_pca
esmc_PC522,0.005188635842708168,0.024781655294879627,0.005188635842708168,embedding_pca
esmc_PC523,-0.004743618181798697,0.014172202198123646,0.004743618181798697,embedding_pca
esmc_PC524,0.0008462898463156246,0.02012925643885409,0.0008462898463156246,embedding_pca
esmc_PC525,-0.007006220744692021,0.021880567496202593,0.007006220744692021,embedding_pca
esmc_PC526,0.017594315025066455,0.024175423125768737,0.017594315025066455,embedding_pca
esmc_PC527,-0.018203719917143125,0.01820362879140193,0.018203719917143125,embedding_pca
esmc_PC528,0.016828385506518315,0.01524754417685203,0.016828385506518315,embedding_pca
esmc_PC529,-0.017073762601859027,0.021708892463874762,0.017073762601859027,embedding_pca
esmc_PC530,-0.003908576024016111,0.011218075087524447,0.003908576024016111,embedding_pca
esmc_PC531,-0.0057091167272187975,0.02107139827335187,0.0057091167272187975,embedding_pca
esmc_PC532,0.0031777638241608313,0.006411831440074986,0.0031777638241608313,embedding_pca
esmc_PC533,0.0012150249231189594,0.008282693225265075,0.0012150249231189594,embedding_pca
esmc_PC534,-0.0007716098942975681,0.019345204621940684,0.0007716098942975681,embedding_pca
esmc_PC535,-0.0010296450414197529,0.01573211740339393,0.0010296450414197529,embedding_pca
esmc_PC536,-0.004267335936643061,0.016304813317370184,0.004267335936643061,embedding_pca
esmc_PC537,0.01577335641401358,0.016594928754695162,0.01577335641401358,embedding_pca
esmc_PC538,-0.0019609123908196405,0.01797853458518985,0.0019609123908196405,embedding_pca
esmc_PC539,-0.0030770658902259094,0.018543190998637358,0.0030770658902259094,embedding_pca
esmc_PC540,0.0047405176006775854,0.010277722388735519,0.0047405176006775854,embedding_pca
esmc_PC541,0.0016875539254348523,0.013017343391408703,0.0016875539254348523,embedding_pca
esmc_PC542,-0.004885758717677876,0.014027885027918427,0.004885758717677876,embedding_pca
esmc_PC543,-0.0162508749329928,0.020956470395261346,0.0162508749329928,embedding_pca
esmc_PC544,0.010201099398092977,0.006500560341563615,0.010201099398092977,embedding_pca
esmc_PC545,0.0007901859198136147,0.017891363304082912,0.0007901859198136147,embedding_pca
esmc_PC546,-0.009272895079076266,0.019339654526191435,0.009272895079076266,embedding_pca
esmc_PC547,0.0023525278101825505,0.012539245202701383,0.0023525278101825505,embedding_pca
esmc_PC548,-0.008153532368459695,0.01704319764481228,0.008153532368459695,embedding_pca
esmc_PC549,-0.007208143001210751,0.008495081286882278,0.007208143001210751,embedding_pca
esmc_PC550,-0.011539474356461871,0.014273607909209913,0.011539474356461871,embedding_pca
esmc_PC551,-0.0070293464537311435,0.018151728052784862,0.0070293464537311435,embedding_pca
esmc_PC552,0.013453809987513277,0.012287050264366807,0.013453809987513277,embedding_pca
esmc_PC553,-0.008201132172293474,0.014860120158717084,0.008201132172293474,embedding_pca
esmc_PC554,-0.001977323137899132,0.006661918245030585,0.001977323137899132,embedding_pca
esmc_PC555,-0.004197902673352055,0.018039771566684272,0.004197902673352055,embedding_pca
esmc_PC556,0.01667067774418322,0.0177375669494728,0.01667067774418322,embedding_pca
esmc_PC557,-0.010766383184829436,0.018063440591062314,0.010766383184829436,embedding_pca
esmc_PC558,0.01693673124495645,0.023216531269514173,0.01693673124495645,embedding_pca
esmc_PC559,0.003098625953921316,0.02652498028818495,0.003098625953921316,embedding_pca
esmc_PC560,0.005521519019670333,0.014172464489489306,0.005521519019670333,embedding_pca
esmc_PC561,0.001435639890432704,0.022184619726104575,0.001435639890432704,embedding_pca
esmc_PC562,-0.0021507303406165493,0.01121748050599215,0.0021507303406165493,embedding_pca
esmc_PC563,0.004831699795081437,0.01180239340183758,0.004831699795081437,embedding_pca
esmc_PC564,-0.01807554091945049,0.020644809443165043,0.01807554091945049,embedding_pca
esmc_PC565,0.005513251316917924,0.012174845292568346,0.005513251316917924,embedding_pca
esmc_PC566,0.013421525073565805,0.007767563292897766,0.013421525073565805,embedding_pca
esmc_PC567,-0.0005328823189551274,0.022389448433002366,0.0005328823189551274,embedding_pca
esmc_PC568,-0.00258156989900438,0.012885599809449306,0.00258156989900438,embedding_pca
esmc_PC569,0.0010457783375263882,0.029163678440203865,0.0010457783375263882,embedding_pca
esmc_PC570,-0.003478981862205705,0.02328856318487395,0.003478981862205705,embedding_pca
esmc_PC571,-0.007402931127566436,0.006118590911609619,0.007402931127566436,embedding_pca
esmc_PC572,-0.0019988857470456347,0.01064652624909968,0.0019988857470456347,embedding_pca
esmc_PC573,0.001104479772503618,0.021974191996494977,0.001104479772503618,embedding_pca
esmc_PC574,-0.0033680241218670714,0.014152831223125504,0.0033680241218670714,embedding_pca
esmc_PC575,0.001305732732445327,0.01997761422971566,0.001305732732445327,embedding_pca
esmc_PC576,-0.0027352367476011817,0.019120008568902048,0.0027352367476011817,embedding_pca
esmc_PC577,0.002646950125159953,0.00667510982273494,0.002646950125159953,embedding_pca
esmc_PC578,-0.0066392597177712025,0.016668329016794107,0.0066392597177712025,embedding_pca
esmc_PC579,-0.006243485510793336,0.01911245953509105,0.006243485510793336,embedding_pca
esmc_PC580,0.0018462334029071264,0.016693544822027884,0.0018462334029071264,embedding_pca
esmc_PC581,0.008830043952216362,0.031674693540321305,0.008830043952216362,embedding_pca
esmc_PC582,0.0010726309433289935,0.010774675526105648,0.0010726309433289935,embedding_pca
esmc_PC583,-0.003008017566817145,0.024570567021800455,0.003008017566817145,embedding_pca
esmc_PC584,0.0214728626262277,0.016588506577335613,0.0214728626262277,embedding_pca
esmc_PC585,0.005201002838739344,0.020166175994535785,0.005201002838739344,embedding_pca
esmc_PC586,-0.015320332540956666,0.02101976091429133,0.015320332540956666,embedding_pca
esmc_PC587,-0.031105517650417157,0.01658285008577917,0.031105517650417157,embedding_pca
esmc_PC588,-0.012404043671465123,0.009317815918657836,0.012404043671465123,embedding_pca
esmc_PC589,0.0005918572163125885,0.03064140798101018,0.0005918572163125885,embedding_pca
esmc_PC590,-0.002381285142847488,0.01621654663700225,0.002381285142847488,embedding_pca
esmc_PC591,-0.0023705348298278866,0.01669727325510886,0.0023705348298278866,embedding_pca
esmc_PC592,0.01377163608616255,0.02066105937513559,0.01377163608616255,embedding_pca
esmc_PC593,0.006980889780931093,0.009796005085637638,0.006980889780931093,embedding_pca
esmc_PC594,-0.007302459236071009,0.01656103075672298,0.007302459236071009,embedding_pca
esmc_PC595,0.004589890215124908,0.01829864084193547,0.004589890215124908,embedding_pca
esmc_PC596,-0.013590866916200678,0.017411453357930307,0.013590866916200678,embedding_pca
esmc_PC597,0.007721390003886391,0.03516182870416531,0.007721390003886391,embedding_pca
esmc_PC598,-0.014266613081622576,0.009734443850422493,0.014266613081622576,embedding_pca
esmc_PC599,-0.012870476845665918,0.01952169738589645,0.012870476845665918,embedding_pca
esmc_PC600,0.00513902983741626,0.01229362840041949,0.00513902983741626,embedding_pca
esmc_PC601,0.020278250691910797,0.022784138196633726,0.020278250691910797,embedding_pca
esmc_PC602,-0.010396006083167694,0.02225460866036997,0.010396006083167694,embedding_pca
esmc_PC603,-0.008576931432850472,0.013000994738437485,0.008576931432850472,embedding_pca
esmc_PC604,0.01185449390018648,0.025434427593841825,0.01185449390018648,embedding_pca
esmc_PC605,-0.009282361928768645,0.015682607360096912,0.009282361928768645,embedding_pca
esmc_PC606,-0.013351181171697892,0.009733381700166448,0.013351181171697892,embedding_pca
esmc_PC607,-0.011044692306642496,0.019736042062262597,0.011044692306642496,embedding_pca
esmc_PC608,-0.014573079124982421,0.016243368974945768,0.014573079124982421,embedding_pca
esmc_PC609,-0.012777260942245175,0.01642389615976239,0.012777260942245175,embedding_pca
esmc_PC610,0.006707089034701408,0.021953739509634237,0.006707089034701408,embedding_pca
esmc_PC611,-0.008546770098718626,0.015953920968541913,0.008546770098718626,embedding_pca
esmc_PC612,-0.007337095966728014,0.01955324121469975,0.007337095966728014,embedding_pca
esmc_PC613,-0.007676405912439864,0.030358294821510624,0.007676405912439864,embedding_pca
esmc_PC614,-0.01630055342729328,0.026957785963895243,0.01630055342729328,embedding_pca
esmc_PC615,-0.004478340104220115,0.0172538811791758,0.004478340104220115,embedding_pca
esmc_PC616,-0.0030297941186567456,0.017724242656383584,0.0030297941186567456,embedding_pca
esmc_PC617,-0.0027214407050083394,0.021761277870646172,0.0027214407050083394,embedding_pca
esmc_PC618,-0.0028391775399008575,0.020758546563363046,0.0028391775399008575,embedding_pca
esmc_PC619,-0.015045008648137547,0.011518749977306465,0.015045008648137547,embedding_pca
esmc_PC620,0.007047562075181783,0.015857534317410757,0.007047562075181783,embedding_pca
esmc_PC621,0.006646740237468129,0.013040245989931809,0.006646740237468129,embedding_pca
esmc_PC622,0.0053143570721872055,0.025761939832408643,0.0053143570721872055,embedding_pca
esmc_PC623,-0.009415237739796913,0.01529433957703047,0.009415237739796913,embedding_pca
esmc_PC624,0.011454863726185541,0.012150710644115749,0.011454863726185541,embedding_pca
esmc_PC625,-0.012408493078926632,0.020119192545607265,0.012408493078926632,embedding_pca
esmc_PC626,-0.013976632332426863,0.008749993112505986,0.013976632332426863,embedding_pca
esmc_PC627,0.003832075363255942,0.024783447538972932,0.003832075363255942,embedding_pca
esmc_PC628,-0.0016698898712687003,0.027845693375142908,0.0016698898712687003,embedding_pca
esmc_PC629,0.003266280391379386,0.016186757246510648,0.003266280391379386,embedding_pca
esmc_PC630,-0.004477238760654896,0.01936066644241308,0.004477238760654896,embedding_pca
esmc_PC631,-0.016888855005013692,0.016126645139950633,0.016888855005013692,embedding_pca
esmc_PC632,0.0137105633512983,0.012903378630551503,0.0137105633512983,embedding_pca
esmc_PC633,-0.006467675489814487,0.013319027191842515,0.006467675489814487,embedding_pca
esmc_PC634,0.010038848620757452,0.014940703820872522,0.010038848620757452,embedding_pca
esmc_PC635,-0.00208715430662006,0.008430453276816224,0.00208715430662006,embedding_pca
esmc_PC636,0.012999637870180112,0.027017439498511188,0.012999637870180112,embedding_pca
esmc_PC637,0.00034012772838400715,0.0096767864775904,0.00034012772838400715,embedding_pca
esmc_PC638,-0.01177725698666853,0.01816307303149186,0.01177725698666853,embedding_pca
esmc_PC639,0.0028598619655992807,0.012053207165415013,0.0028598619655992807,embedding_pca
esmc_PC640,-0.012589697601679134,0.013755289002907631,0.012589697601679134,embedding_pca
esmc_PC641,-0.002802564351046402,0.01894212479508838,0.002802564351046402,embedding_pca
esmc_PC642,0.011625405632873221,0.010011781787832715,0.011625405632873221,embedding_pca
esmc_PC643,0.011597790310447898,0.01730954856392145,0.011597790310447898,embedding_pca
esmc_PC644,-0.015706712208589022,0.018209993525392043,0.015706712208589022,embedding_pca
esmc_PC645,0.0034562062428219976,0.008227774255627719,0.0034562062428219976,embedding_pca
esmc_PC646,0.0051416668274564,0.01931597900794483,0.0051416668274564,embedding_pca
esmc_PC647,0.0023234900971916043,0.014028820350273814,0.0023234900971916043,embedding_pca
esmc_PC648,0.01328889606896109,0.014725177139892494,0.01328889606896109,embedding_pca
esmc_PC649,0.013347921168032966,0.01626707755562845,0.013347921168032966,embedding_pca
esmc_PC650,0.013527174537079186,0.01680375993458707,0.013527174537079186,embedding_pca
esmc_PC651,-0.0061860142284892285,0.01269404799111115,0.0061860142284892285,embedding_pca
esmc_PC652,-0.0030177278006812483,0.025990712737352425,0.0030177278006812483,embedding_pca
esmc_PC653,-0.0003153602927988729,0.009360900764074918,0.0003153602927988729,embedding_pca
esmc_PC654,0.009316627651920237,0.020463555366736195,0.009316627651920237,embedding_pca
esmc_PC655,-0.005114097642887663,0.024518185659017,0.005114097642887663,embedding_pca
esmc_PC656,0.0038996002949605118,0.020494332243090753,0.0038996002949605118,embedding_pca
esmc_PC657,-0.0033812015602558863,0.012540602753852903,0.0033812015602558863,embedding_pca
esmc_PC658,-0.006454377250783079,0.024927811417543223,0.006454377250783079,embedding_pca
esmc_PC659,-0.005384162877227415,0.011655817284062514,0.005384162877227415,embedding_pca
esmc_PC660,0.002224025385455657,0.016385261725700463,0.002224025385455657,embedding_pca
esmc_PC661,-0.006663376347577592,0.01456199294876444,0.006663376347577592,embedding_pca
esmc_PC662,-0.013902164929727272,0.027315482425713404,0.013902164929727272,embedding_pca
esmc_PC663,0.007257568487737553,0.018236666243384828,0.007257568487737553,embedding_pca
esmc_PC664,0.002528689234491276,0.018508352954443932,0.002528689234491276,embedding_pca
esmc_PC665,0.008704452368162285,0.014257445625557169,0.008704452368162285,embedding_pca
esmc_PC666,-0.0004236468926182048,0.016430815061525134,0.0004236468926182048,embedding_pca
esmc_PC667,0.0011897643770599272,0.023275251989323828,0.0011897643770599272,embedding_pca
esmc_PC668,0.0028649045165933217,0.013169086641607276,0.0028649045165933217,embedding_pca
esmc_PC669,0.019085965901395045,0.019838620044858684,0.019085965901395045,embedding_pca
esmc_PC670,6.71937416958937e-05,0.014337387000457502,6.71937416958937e-05,embedding_pca
esmc_PC671,-0.0001101077781641157,0.021302358265618236,0.0001101077781641157,embedding_pca
esmc_PC672,-0.011090038788878325,0.017508386557251353,0.011090038788878325,embedding_pca
esmc_PC673,-0.015502775049483136,0.005899662148212027,0.015502775049483136,embedding_pca
esmc_PC674,-0.014720336733778419,0.014103971155868486,0.014720336733778419,embedding_pca
esmc_PC675,-0.006585079946691524,0.021175790928021836,0.006585079946691524,embedding_pca
esmc_PC676,0.003041242367314167,0.018081450175235464,0.003041242367314167,embedding_pca
esmc_PC677,0.012968038331037124,0.015530787497146951,0.012968038331037124,embedding_pca
esmc_PC678,-0.00018292683425389852,0.011735253109635045,0.00018292683425389852,embedding_pca
esmc_PC679,-0.0029790810181094325,0.007260064535045455,0.0029790810181094325,embedding_pca
esmc_PC680,-0.007780798128658614,0.006716942743368143,0.007780798128658614,embedding_pca
esmc_PC681,-0.008286257297424673,0.01989051747274105,0.008286257297424673,embedding_pca
esmc_PC682,0.011983498717388758,0.009890069398236525,0.011983498717388758,embedding_pca
esmc_PC683,0.0002621829963700792,0.020732927068110762,0.0002621829963700792,embedding_pca
esmc_PC684,-0.010824961584483166,0.025858570559067956,0.010824961584483166,embedding_pca
esmc_PC685,0.012419069447270812,0.026673624203525023,0.012419069447270812,embedding_pca
esmc_PC686,0.009818069914549591,0.016267442387177863,0.009818069914549591,embedding_pca
esmc_PC687,0.007030930385437994,0.0237469835544939,0.007030930385437994,embedding_pca
esmc_PC688,-0.009002307032796154,0.015729871320161893,0.009002307032796154,embedding_pca
esmc_PC689,-0.009264815707678075,0.03007606030513683,0.009264815707678075,embedding_pca
esmc_PC690,0.0015835480796214502,0.011608924213493618,0.0015835480796214502,embedding_pca
esmc_PC691,0.007022865503389901,0.01748251531284013,0.007022865503389901,embedding_pca
esmc_PC692,0.002981563824533623,0.02078637117532158,0.002981563824533623,embedding_pca
esmc_PC693,-4.781500108421259e-05,0.009278612878361205,4.781500108421259e-05,embedding_pca
esmc_PC694,0.003565836796686954,0.01579573759802516,0.003565836796686954,embedding_pca
esmc_PC695,0.0016177312932198831,0.028617033661287504,0.0016177312932198831,embedding_pca
esmc_PC696,0.0034247642171855593,0.030001327066715516,0.0034247642171855593,embedding_pca
esmc_PC697,0.025243754165790232,0.011232291318638538,0.025243754165790232,embedding_pca
esmc_PC698,-0.0014897511388538955,0.012989566351789373,0.0014897511388538955,embedding_pca
esmc_PC699,0.0027448717244581674,0.012157556029285666,0.0027448717244581674,embedding_pca
esmc_PC700,-0.0008788822988602271,0.014619764476353242,0.0008788822988602271,embedding_pca
esmc_PC701,-0.004978793078806887,0.025360830603758412,0.004978793078806887,embedding_pca
esmc_PC702,0.004127477115874753,0.018428186921910946,0.004127477115874753,embedding_pca
esmc_PC703,0.006839768357443296,0.01982912846442731,0.006839768357443296,embedding_pca
esmc_PC704,-0.003666591589062645,0.013897149383918539,0.003666591589062645,embedding_pca
esmc_PC705,0.006951146321943621,0.018980608304632142,0.006951146321943621,embedding_pca
esmc_PC706,-0.00499271168653242,0.028161869093582842,0.00499271168653242,embedding_pca
esmc_PC707,0.0013948213538967028,0.009924329563422988,0.0013948213538967028,embedding_pca
esmc_PC708,0.0004248535344018249,0.01159051816579696,0.0004248535344018249,embedding_pca
esmc_PC709,0.006200454078842521,0.00686932079753388,0.006200454078842521,embedding_pca
esmc_PC710,-0.0008197249158817206,0.011794158320679633,0.0008197249158817206,embedding_pca
esmc_PC711,-0.006259605921609321,0.014220659415892465,0.006259605921609321,embedding_pca
esmc_PC712,0.007718919820693749,0.016817767646468012,0.007718919820693749,embedding_pca
esmc_PC713,-0.014771661049914741,0.008854001190315175,0.014771661049914741,embedding_pca
esmc_PC714,0.00826307725397052,0.016154018949592328,0.00826307725397052,embedding_pca
esmc_PC715,-0.011877075600969633,0.00769517916000157,0.011877075600969633,embedding_pca
esmc_PC716,-0.002849041940848328,0.011032986935011951,0.002849041940848328,embedding_pca
esmc_PC717,0.005589761256155481,0.012011604490133946,0.005589761256155481,embedding_pca
esmc_PC718,-8.082003749467002e-05,0.015609989905371893,8.082003749467002e-05,embedding_pca
esmc_PC719,-0.006371579187481514,0.02398873222931538,0.006371579187481514,embedding_pca
esmc_PC720,0.004597364700635722,0.017257619663007786,0.004597364700635722,embedding_pca
esmc_PC721,-0.005833861791692452,0.01739216207012735,0.005833861791692452,embedding_pca
esmc_PC722,0.020110163481922835,0.011552072173421813,0.020110163481922835,embedding_pca
esmc_PC723,-0.00018039660087459385,0.01070141242879164,0.00018039660087459385,embedding_pca
esmc_PC724,0.0008500149442184059,0.010541332088415794,0.0008500149442184059,embedding_pca
esmc_PC725,-0.0013173124242868233,0.019177320179893716,0.0013173124242868233,embedding_pca
esmc_PC726,0.0012985920552272103,0.008163966014997635,0.0012985920552272103,embedding_pca
esmc_PC727,-0.008406684736984847,0.021444993666502706,0.008406684736984847,embedding_pca
esmc_PC728,-0.007226546507755199,0.01609543972587324,0.007226546507755199,embedding_pca
esmc_PC729,0.0009735902869177991,0.012785247859091171,0.0009735902869177991,embedding_pca
esmc_PC730,-0.0015782622094829015,0.027993753864763715,0.0015782622094829015,embedding_pca
esmc_PC731,-0.007543988605406229,0.021162299725121982,0.007543988605406229,embedding_pca
esmc_PC732,0.009661125396346231,0.011563910916328999,0.009661125396346231,embedding_pca
esmc_PC733,0.011770777789984352,0.005945653413854321,0.011770777789984352,embedding_pca
esmc_PC734,-0.002124601490987709,0.020484215697675563,0.002124601490987709,embedding_pca
esmc_PC735,-0.009917333711053267,0.01068364482105637,0.009917333711053267,embedding_pca
esmc_PC736,0.009384562690911927,0.014621315763957804,0.009384562690911927,embedding_pca
esmc_PC737,-0.001071581712101141,0.017916837221895982,0.001071581712101141,embedding_pca
esmc_PC738,-0.0030173523373650626,0.014401474496223818,0.0030173523373650626,embedding_pca
esmc_PC739,0.010678741705253892,0.015845867202895866,0.010678741705253892,embedding_pca
esmc_PC740,-5.477000358980119e-05,0.016345892492019433,5.477000358980119e-05,embedding_pca
esmc_PC741,0.0026801454282938545,0.006798085165992362,0.0026801454282938545,embedding_pca
esmc_PC742,0.015868612132098548,0.01080332563344484,0.015868612132098548,embedding_pca
esmc_PC743,0.018275346012200874,0.009737919185031849,0.018275346012200874,embedding_pca
esmc_PC744,0.009744538076453662,0.012014601475127906,0.009744538076453662,embedding_pca
esmc_PC745,0.0032101345237886595,0.012338199719445444,0.0032101345237886595,embedding_pca
esmc_PC746,-0.0036598147935650942,0.011589968274660025,0.0036598147935650942,embedding_pca
esmc_PC747,0.01620676760786129,0.0071529238118057895,0.01620676760786129,embedding_pca
esmc_PC748,-0.008506259513702579,0.014560103949413889,0.008506259513702579,embedding_pca
esmc_PC749,-0.0004667029008146681,0.01465344018893389,0.0004667029008146681,embedding_pca
esmc_PC750,0.0010781557403242799,0.0068859188094336525,0.0010781557403242799,embedding_pca
esmc_PC751,-0.0007569267859312695,0.010526245396119667,0.0007569267859312695,embedding_pca
esmc_PC752,0.000810397701402066,0.016289337585461493,0.000810397701402066,embedding_pca
esmc_PC753,-0.012937458768020446,0.007427932085964259,0.012937458768020446,embedding_pca
esmc_PC754,-0.007306477258407329,0.020009224134020513,0.007306477258407329,embedding_pca
esmc_PC755,0.009094700013363117,0.019272827995552695,0.009094700013363117,embedding_pca
esmc_PC756,0.008606007316990622,0.007446810468801818,0.008606007316990622,embedding_pca
esmc_PC757,-0.0034706646356445657,0.01843068855497661,0.0034706646356445657,embedding_pca
esmc_PC758,0.004827751954892783,0.0143099935311523,0.004827751954892783,embedding_pca
esmc_PC759,-0.0016800635633910771,0.014638249108108849,0.0016800635633910771,embedding_pca
esmc_PC760,0.003965857301208865,0.013422819572793959,0.003965857301208865,embedding_pca
esmc_PC761,-0.004010683338569651,0.012285566176677145,0.004010683338569651,embedding_pca
esmc_PC762,-0.004961360950771553,0.01623757902468949,0.004961360950771553,embedding_pca
esmc_PC763,0.007643400362548719,0.02420129147255862,0.007643400362548719,embedding_pca
esmc_PC764,-0.012150470804397576,0.00446899951649592,0.012150470804397576,embedding_pca
esmc_PC765,-0.01404212536097845,0.008736289228892496,0.01404212536097845,embedding_pca
esmc_PC766,-0.001208467426776902,0.015422229752557628,0.001208467426776902,embedding_pca
esmc_PC767,-0.00901580652882294,0.0160493831318246,0.00901580652882294,embedding_pca
esmc_PC768,0.0015362873861011173,0.007535482417864008,0.0015362873861011173,embedding_pca
esmc_PC769,-0.014917562247442478,0.006525570642046192,0.014917562247442478,embedding_pca
esmc_PC770,0.004619824132846692,0.01799933356733774,0.004619824132846692,embedding_pca
esmc_PC771,0.00023793682523418763,0.009987163296936384,0.00023793682523418763,embedding_pca
esmc_PC772,0.0009714098949653626,0.015666890741834385,0.0009714098949653626,embedding_pca
esmc_PC773,-0.008197548803708033,0.012715801174600945,0.008197548803708033,embedding_pca
esmc_PC774,0.007809477764841144,0.01029937586125711,0.007809477764841144,embedding_pca
esmc_PC775,-0.01485258353472762,0.01856320959796415,0.01485258353472762,embedding_pca
esmc_PC776,-0.0024184513898532827,0.01367569361563809,0.0024184513898532827,embedding_pca
esmc_PC777,-0.01915871064602263,0.010469628045643607,0.01915871064602263,embedding_pca
esmc_PC778,-0.01660972955027022,0.010046202704734965,0.01660972955027022,embedding_pca
esmc_PC779,-0.004727454405807968,0.007204655911729278,0.004727454405807968,embedding_pca
esmc_PC780,-0.005955690615423783,0.015775214563308295,0.005955690615423783,embedding_pca
esmc_PC781,-0.008499514048682329,0.0179848483210478,0.008499514048682329,embedding_pca
esmc_PC782,0.0005487119935232772,0.01853964460361252,0.0005487119935232772,embedding_pca
esmc_PC783,0.0020370964851120403,0.01582245423203651,0.0020370964851120403,embedding_pca
esmc_PC784,-0.0046015911722048315,0.019594247772767828,0.0046015911722048315,embedding_pca
esmc_PC785,-0.007720500500390417,0.009801781238017514,0.007720500500390417,embedding_pca
esmc_PC786,-0.011458932421771676,0.013530792575173192,0.011458932421771676,embedding_pca
esmc_PC787,-0.005150209733927257,0.010362532645466454,0.005150209733927257,embedding_pca
esmc_PC788,-0.004408260982771329,0.022963968112387028,0.004408260982771329,embedding_pca
esmc_PC789,-0.006927060863706784,0.002513709355724058,0.006927060863706784,embedding_pca
esmc_PC790,-0.0009643864414496745,0.0034906766285613604,0.0009643864414496745,embedding_pca
esmc_PC791,-0.0019643481729280437,0.022406361068900118,0.0019643481729280437,embedding_pca
esmc_PC792,-0.006069555035649217,0.01742369392231006,0.006069555035649217,embedding_pca
esmc_PC793,0.011618347116442617,0.021253294484112104,0.011618347116442617,embedding_pca
esmc_PC794,0.010838375636080411,0.012316527733487712,0.010838375636080411,embedding_pca
esmc_PC795,0.002417744587894623,0.012708178618683065,0.002417744587894623,embedding_pca
esmc_PC796,-0.0015291254778684576,0.00577539418878182,0.0015291254778684576,embedding_pca
esmc_PC797,-0.006273935593160415,0.019469311986510567,0.006273935593160415,embedding_pca
esmc_PC798,0.00035439060940282307,0.02424305161796898,0.00035439060940282307,embedding_pca
esmc_PC799,-0.0033025222255613474,0.015732070440442343,0.0033025222255613474,embedding_pca
esmc_PC800,-0.009814668115048015,0.007343629406042549,0.009814668115048015,embedding_pca
esmc_PC801,0.01086171552096935,0.022006447022704656,0.01086171552096935,embedding_pca
esmc_PC802,-0.00024309551436253583,0.01037494544399117,0.00024309551436253583,embedding_pca
esmc_PC803,0.0031608520834736182,0.01392286745685334,0.0031608520834736182,embedding_pca
esmc_PC804,0.0007789661109354196,0.011004462154316514,0.0007789661109354196,embedding_pca
esmc_PC805,0.0007676651708347288,0.010668911568394975,0.0007676651708347288,embedding_pca
esmc_PC806,-0.008849983227562638,0.024011330434264642,0.008849983227562638,embedding_pca
esmc_PC807,0.011677041556004332,0.009891105147101148,0.011677041556004332,embedding_pca
esmc_PC808,-0.0035627737104747814,0.009229436522910278,0.0035627737104747814,embedding_pca
esmc_PC809,-0.016296565621849328,0.005715005921987629,0.016296565621849328,embedding_pca
esmc_PC810,-0.0020681851261055554,0.01775711822718921,0.0020681851261055554,embedding_pca
esmc_PC811,-0.00444413619099355,0.016072306494465557,0.00444413619099355,embedding_pca
esmc_PC812,-0.009004290608425695,0.016887419363347932,0.009004290608425695,embedding_pca
esmc_PC813,-0.013772444129338807,0.011672887840122444,0.013772444129338807,embedding_pca
esmc_PC814,0.013372572104148429,0.014365743834649421,0.013372572104148429,embedding_pca
esmc_PC815,-0.0032738259260255975,0.025774925890589825,0.0032738259260255975,embedding_pca
esmc_PC816,-0.004734800276792234,0.01600980224535855,0.004734800276792234,embedding_pca
esmc_PC817,-0.0028932062150208953,0.007902201708140074,0.0028932062150208953,embedding_pca
esmc_PC818,-0.0037749310220601172,0.02371276154229336,0.0037749310220601172,embedding_pca
esmc_PC819,-0.0030747594896135865,0.018178380168929077,0.0030747594896135865,embedding_pca
esmc_PC820,-0.0018836817871199785,0.022421075286279166,0.0018836817871199785,embedding_pca
esmc_PC821,-0.010843679309175246,0.013913054385602513,0.010843679309175246,embedding_pca
esmc_PC822,0.007983830333537856,0.009472066889062176,0.007983830333537856,embedding_pca
esmc_PC823,0.00890531906720193,0.016061896574925856,0.00890531906720193,embedding_pca
esmc_PC824,0.012993250500260045,0.010849062681294645,0.012993250500260045,embedding_pca
esmc_PC825,-0.01075588589602548,0.018740373572986385,0.01075588589602548,embedding_pca
esmc_PC826,0.01130150558443153,0.019863821646417347,0.01130150558443153,embedding_pca
esmc_PC827,0.003038215941604948,0.009011052818134843,0.003038215941604948,embedding_pca
esmc_PC828,-0.0022100465579988774,0.014655941524103933,0.0022100465579988774,embedding_pca
esmc_PC829,-0.007782256282460232,0.017586831176610078,0.007782256282460232,embedding_pca
esmc_PC830,0.015331139583492004,0.012695698136500998,0.015331139583492004,embedding_pca
esmc_PC831,0.0032572763843335103,0.008141712259121626,0.0032572763843335103,embedding_pca
esmc_PC832,-0.01604253947795417,0.012111821766129037,0.01604253947795417,embedding_pca
esmc_PC833,0.00014922743341386213,0.008715029046725723,0.00014922743341386213,embedding_pca
esmc_PC834,-0.006704485827639167,0.015661562316706134,0.006704485827639167,embedding_pca
esmc_PC835,-0.0005641423325237191,0.010448059780197857,0.0005641423325237191,embedding_pca
esmc_PC836,-0.001904699381716797,0.007975123079193376,0.001904699381716797,embedding_pca
esmc_PC837,0.00017923028405547812,0.010101156588381644,0.00017923028405547812,embedding_pca
esmc_PC838,-0.007121907774173633,0.006867228637656619,0.007121907774173633,embedding_pca
esmc_PC839,-0.002129844290208586,0.016613756979145612,0.002129844290208586,embedding_pca
esmc_PC840,-0.021256852977976727,0.021418588538121595,0.021256852977976727,embedding_pca
esmc_PC841,-0.0007706379382988102,0.02248168327637776,0.0007706379382988102,embedding_pca
esmc_PC842,0.008651353337335686,0.020888858678168587,0.008651353337335686,embedding_pca
esmc_PC843,0.006451714085176516,0.025592264370722036,0.006451714085176516,embedding_pca
esmc_PC844,0.00693750362796536,0.019061878550048383,0.00693750362796536,embedding_pca
esmc_PC845,0.005878955682545401,0.02001154151112652,0.005878955682545401,embedding_pca
esmc_PC846,-0.011028460638219037,0.015172294640446577,0.011028460638219037,embedding_pca
esmc_PC847,0.00019760924059055232,0.007307744350400482,0.00019760924059055232,embedding_pca
esmc_PC848,-0.006469406186706744,0.013050498700360059,0.006469406186706744,embedding_pca
esmc_PC849,0.003500203946184608,0.008562637322717916,0.003500203946184608,embedding_pca
esmc_PC850,-0.012044024660882495,0.0182332875484626,0.012044024660882495,embedding_pca
esmc_PC851,-0.012606093931763429,0.01176666830808962,0.012606093931763429,embedding_pca
esmc_PC852,0.013455412867090778,0.012616889835541477,0.013455412867090778,embedding_pca
esmc_PC853,0.002619019187386597,0.024208591296026274,0.002619019187386597,embedding_pca
esmc_PC854,-0.0026235123020685465,0.010545855805808873,0.0026235123020685465,embedding_pca
esmc_PC855,-0.005101161598021931,0.010508715332722332,0.005101161598021931,embedding_pca
esmc_PC856,0.013307246520378,0.01521005120406679,0.013307246520378,embedding_pca
esmc_PC857,0.002953760236691816,0.03298983337486109,0.002953760236691816,embedding_pca
esmc_PC858,0.0030214426032347265,0.013913327943882857,0.0030214426032347265,embedding_pca
esmc_PC859,0.015351193546893575,0.015888227774094505,0.015351193546893575,embedding_pca
esmc_PC860,0.0021287231777328266,0.019744020942251125,0.0021287231777328266,embedding_pca
esmc_PC861,-0.0006822716548812822,0.02156236565860123,0.0006822716548812822,embedding_pca
esmc_PC862,1.4251099270590207e-05,0.034305741007241125,1.4251099270590207e-05,embedding_pca
esmc_PC863,-0.0055758507796676805,0.012920977402930247,0.0055758507796676805,embedding_pca
esmc_PC864,0.009645012733244472,0.013880654891508032,0.009645012733244472,embedding_pca
esmc_PC865,0.010399572447181071,0.012427818475627801,0.010399572447181071,embedding_pca
esmc_PC866,-0.002102864500568671,0.01628251578247948,0.002102864500568671,embedding_pca
esmc_PC867,-0.004603522405015615,0.024334311237472872,0.004603522405015615,embedding_pca
esmc_PC868,-0.003286552675740835,0.026492304158646163,0.003286552675740835,embedding_pca
esmc_PC869,0.0005081338958255112,0.010814644434408141,0.0005081338958255112,embedding_pca
esmc_PC870,0.004210902610765997,0.006992979877786964,0.004210902610765997,embedding_pca
esmc_PC871,0.0075736866101546296,0.013300951820545822,0.0075736866101546296,embedding_pca
esmc_PC872,-0.0019335238876320344,0.026299277586072728,0.0019335238876320344,embedding_pca
esmc_PC873,-0.010723461444903938,0.015428466322959135,0.010723461444903938,embedding_pca
esmc_PC874,0.004668101880308385,0.017417531690250402,0.004668101880308385,embedding_pca
esmc_PC875,0.008334720758842982,0.011476470598436614,0.008334720758842982,embedding_pca
esmc_PC876,9.037502844315964e-05,0.01703755265870733,9.037502844315964e-05,embedding_pca
esmc_PC877,-0.015695781914995707,0.01728217095991286,0.015695781914995707,embedding_pca
esmc_PC878,0.007743753523405718,0.01827192357100624,0.007743753523405718,embedding_pca
esmc_PC879,0.00738871600198295,0.013741565933082294,0.00738871600198295,embedding_pca
esmc_PC880,0.014991480938143648,0.022789762845350663,0.014991480938143648,embedding_pca
esmc_PC881,-0.008117956895735494,0.015177377971741318,0.008117956895735494,embedding_pca
esmc_PC882,0.010656848292921087,0.008743379922285535,0.010656848292921087,embedding_pca
esmc_PC883,-0.011216432301095734,0.0147911440590539,0.011216432301095734,embedding_pca
esmc_PC884,0.00868478558506404,0.021859459194940204,0.00868478558506404,embedding_pca
esmc_PC885,-0.00985199571196886,0.01865903957061265,0.00985199571196886,embedding_pca
esmc_PC886,-0.017592472007339356,0.018622060432206974,0.017592472007339356,embedding_pca
esmc_PC887,-0.0017544524095236464,0.016758515407290765,0.0017544524095236464,embedding_pca
esmc_PC888,-0.006361950822071161,0.009770562358519141,0.006361950822071161,embedding_pca
esmc_PC889,-0.0028859255797979177,0.006272263285896707,0.0028859255797979177,embedding_pca
esmc_PC890,0.01123141111931108,0.018637375183637186,0.01123141111931108,embedding_pca
esmc_PC891,0.006765194584382625,0.012758594750855553,0.006765194584382625,embedding_pca
esmc_PC892,-0.011147695375922223,0.02292826419090595,0.011147695375922223,embedding_pca
esmc_PC893,0.003586582274424023,0.010843291242390283,0.003586582274424023,embedding_pca
esmc_PC894,-0.007345588867024739,0.01234317841498837,0.007345588867024739,embedding_pca
esmc_PC895,0.013727240900244322,0.02514932897321436,0.013727240900244322,embedding_pca
esmc_PC896,0.0032255998536870195,0.020222789678010392,0.0032255998536870195,embedding_pca
esmc_PC897,-0.008558098959620354,0.02017764785511619,0.008558098959620354,embedding_pca
esmc_PC898,0.013398189005858336,0.01725037464354999,0.013398189005858336,embedding_pca
esmc_PC899,0.006089473580946041,0.02284633855754137,0.006089473580946041,embedding_pca
esmc_PC900,-0.009176423217372108,0.014072941273695103,0.009176423217372108,embedding_pca
esmc_PC901,-0.0032997481190100756,0.012771869623535822,0.0032997481190100756,embedding_pca
esmc_PC902,-0.003917210693175146,0.012247066058156975,0.003917210693175146,embedding_pca
esmc_PC903,0.005733641260214582,0.029332436738733703,0.005733641260214582,embedding_pca
esmc_PC904,0.0012519727407740472,0.008428082961374801,0.0012519727407740472,embedding_pca
esmc_PC905,0.004452331770727036,0.010262641936282244,0.004452331770727036,embedding_pca
esmc_PC906,-0.005437954752187961,0.026319151218711916,0.005437954752187961,embedding_pca
esmc_PC907,0.002468127209968698,0.015513915291545924,0.002468127209968698,embedding_pca
esmc_PC908,0.003519739643210038,0.018384905831862558,0.003519739643210038,embedding_pca
esmc_PC909,-0.007992464305416006,0.008287056504252524,0.007992464305416006,embedding_pca
esmc_PC910,-0.01069854959792042,0.023603425785869894,0.01069854959792042,embedding_pca
esmc_PC911,6.162228639309125e-05,0.01750298062474107,6.162228639309125e-05,embedding_pca
esmc_PC912,-0.012579352596898564,0.012609712269989248,0.012579352596898564,embedding_pca
esmc_PC913,-0.016745578264141713,0.010226531449513795,0.016745578264141713,embedding_pca
esmc_PC914,0.014722237175994374,0.01580284405619268,0.014722237175994374,embedding_pca
esmc_PC915,-0.0035964438113538387,0.013096190892444551,0.0035964438113538387,embedding_pca
esmc_PC916,0.007065338207604248,0.009274191207706995,0.007065338207604248,embedding_pca
esmc_PC917,0.002503679101880744,0.012585768722275627,0.002503679101880744,embedding_pca
esmc_PC918,0.007817956370762425,0.017679616241923858,0.007817956370762425,embedding_pca
esmc_PC919,-0.0036429972456571954,0.009319513038356068,0.0036429972456571954,embedding_pca
esmc_PC920,0.015353777597012013,0.013994866099507952,0.015353777597012013,embedding_pca
esmc_PC921,-0.0034701309536501494,0.023166465072221476,0.0034701309536501494,embedding_pca
esmc_PC922,-0.01579134414128992,0.014717860499581617,0.01579134414128992,embedding_pca
esmc_PC923,-0.000536801257591045,0.018771721461810414,0.000536801257591045,embedding_pca
esmc_PC924,-0.00918881420290179,0.010190526433981204,0.00918881420290179,embedding_pca
esmc_PC925,0.0008983686837007038,0.022478486233669825,0.0008983686837007038,embedding_pca
esmc_PC926,0.0034537560689631265,0.008724396039321894,0.0034537560689631265,embedding_pca
esmc_PC927,-0.005405834989793766,0.016438797699413362,0.005405834989793766,embedding_pca
esmc_PC928,-0.001968772655450012,0.01717530332504913,0.001968772655450012,embedding_pca
esmc_PC929,-0.0021469389071921774,0.012796184913540353,0.0021469389071921774,embedding_pca
esmc_PC930,-0.004803400533261913,0.018063357629839773,0.004803400533261913,embedding_pca
esmc_PC931,0.007286295245461328,0.012210667692391554,0.007286295245461328,embedding_pca
esmc_PC932,0.00758619034000368,0.007517215342710363,0.00758619034000368,embedding_pca
esmc_PC933,-0.004290000565446995,0.008657484876157973,0.004290000565446995,embedding_pca
esmc_PC934,-0.0029867560198627912,0.014715707663576695,0.0029867560198627912,embedding_pca
esmc_PC935,0.013482327710457435,0.021068749612178146,0.013482327710457435,embedding_pca
esmc_PC936,0.0006082216061787446,0.018303006025948438,0.0006082216061787446,embedding_pca
esmc_PC937,-0.005166675273041784,0.022533639397576685,0.005166675273041784,embedding_pca
esmc_PC938,-0.020213588375481168,0.0055226772895552445,0.020213588375481168,embedding_pca
esmc_PC939,0.0008198436550422204,0.012489913806958772,0.0008198436550422204,embedding_pca
esmc_PC940,-0.00541434110461888,0.012857232569320807,0.00541434110461888,embedding_pca
esmc_PC941,-0.0032514376552030843,0.015369522523176601,0.0032514376552030843,embedding_pca
esmc_PC942,-0.010797389089842527,0.013256837373964504,0.010797389089842527,embedding_pca
esmc_PC943,-0.0018958981025781884,0.017199286314574347,0.0018958981025781884,embedding_pca
esmc_PC944,-0.008161950213073803,0.020511723724238352,0.008161950213073803,embedding_pca
esmc_PC945,0.019980578125344945,0.016549913832767178,0.019980578125344945,embedding_pca
esmc_PC946,0.010040887137762373,0.009367056088414281,0.010040887137762373,embedding_pca
esmc_PC947,0.00083944309871033,0.013420330316260491,0.00083944309871033,embedding_pca
esmc_PC948,0.007451411628424902,0.022148371171754888,0.007451411628424902,embedding_pca
esmc_PC949,-0.009515385889171482,0.018232416925014306,0.009515385889171482,embedding_pca
esmc_PC950,0.011161352998731326,0.011093221044020959,0.011161352998731326,embedding_pca
esmc_PC951,-0.003958526942566827,0.025511577517580222,0.003958526942566827,embedding_pca
esmc_PC952,0.003361733434005619,0.009680716540945171,0.003361733434005619,embedding_pca
esmc_PC953,-0.00786949993204964,0.019787017356563047,0.00786949993204964,embedding_pca
esmc_PC954,-0.0019979532798459695,0.011032085575152391,0.0019979532798459695,embedding_pca
esmc_PC955,-0.0015236126365936163,0.02296437272708139,0.0015236126365936163,embedding_pca
esmc_PC956,0.0012849795293546533,0.019576742358053848,0.0012849795293546533,embedding_pca
esmc_PC957,0.004743173389802227,0.022396750505463265,0.004743173389802227,embedding_pca
esmc_PC958,-0.01900534067223183,0.017645590574010654,0.01900534067223183,embedding_pca
esmc_PC959,-0.014576551490863125,0.01297294147512555,0.014576551490863125,embedding_pca
esmc_PC960,0.0148452858759308,0.022985353734127568,0.0148452858759308,embedding_pca
esmc_PC961,0.00024066310009873693,0.02795880413320356,0.00024066310009873693,embedding_pca
esmc_PC962,-0.00401039105775041,0.021724570461457118,0.00401039105775041,embedding_pca
esmc_PC963,-0.0076742465670602365,0.012006608406220198,0.0076742465670602365,embedding_pca
esmc_PC964,0.0009195250255165396,0.01729634900908442,0.0009195250255165396,embedding_pca
esmc_PC965,0.003762981735549494,0.022920507305926253,0.003762981735549494,embedding_pca
esmc_PC966,-0.02197925136770477,0.032873376638882006,0.02197925136770477,embedding_pca
esmc_PC967,-0.006858351429972395,0.018715659491498858,0.006858351429972395,embedding_pca
esmc_PC968,-0.0022158784606520917,0.025792439137242253,0.0022158784606520917,embedding_pca
esmc_PC969,0.005854165984764095,0.010429498045016397,0.005854165984764095,embedding_pca
esmc_PC970,-0.004156554445385886,0.02214889567607514,0.004156554445385886,embedding_pca
esmc_PC971,-0.0085763936835716,0.0071832605987631045,0.0085763936835716,embedding_pca
esmc_PC972,0.008183260236965214,0.020575354128250085,0.008183260236965214,embedding_pca
esmc_PC973,0.0015098555102722165,0.015540795528834339,0.0015098555102722165,embedding_pca
esmc_PC974,0.0009136395965264373,0.01682314653587499,0.0009136395965264373,embedding_pca
esmc_PC975,-0.00314705765576002,0.015846564464792903,0.00314705765576002,embedding_pca
esmc_PC976,0.005097372419797272,0.016066978763301133,0.005097372419797272,embedding_pca
esmc_PC977,-0.0067421705421188555,0.008194553114985001,0.0067421705421188555,embedding_pca
esmc_PC978,-0.013169731869998124,0.017537356270739768,0.013169731869998124,embedding_pca
esmc_PC979,-0.016341928735460188,0.014112401926775549,0.016341928735460188,embedding_pca
esmc_PC980,-0.014604753290601052,0.016762553487089167,0.014604753290601052,embedding_pca
esmc_PC981,0.003028801219085916,0.015987561447833695,0.003028801219085916,embedding_pca
esmc_PC982,0.0013318789521267434,0.006614809002927493,0.0013318789521267434,embedding_pca
esmc_PC983,0.0071580295436013425,0.019679460215175103,0.0071580295436013425,embedding_pca
esmc_PC984,9.377046908829179e-05,0.021945338138826508,9.377046908829179e-05,embedding_pca
esmc_PC985,-0.0028489875629509206,0.01758357472730705,0.0028489875629509206,embedding_pca
esmc_PC986,0.002626924771071884,0.01672380194091034,0.002626924771071884,embedding_pca
esmc_PC987,0.006288340714568387,0.006915204023545932,0.006288340714568387,embedding_pca
esmc_PC988,0.016540103269299673,0.021337939308850633,0.016540103269299673,embedding_pca
esmc_PC989,0.0031629593879389678,0.02298754565851476,0.0031629593879389678,embedding_pca
esmc_PC990,0.01004229306561174,0.0219649771149403,0.01004229306561174,embedding_pca
esmc_PC991,-0.00687678861762282,0.016337014915165423,0.00687678861762282,embedding_pca
esmc_PC992,-0.009916659521368224,0.014581393079409068,0.009916659521368224,embedding_pca
esmc_PC993,0.010924487349820931,0.015809828851178043,0.010924487349820931,embedding_pca
esmc_PC994,0.00758156909881464,0.021818881731010334,0.00758156909881464,embedding_pca
esmc_PC995,-0.019215484304399597,0.015052163162452755,0.019215484304399597,embedding_pca
esmc_PC996,0.002172171489660209,0.022518796943363416,0.002172171489660209,embedding_pca
esmc_PC997,0.007487687832074279,0.01659836236153701,0.007487687832074279,embedding_pca
esmc_PC998,0.014871443797114864,0.0074538807536351755,0.014871443797114864,embedding_pca
esmc_PC999,-0.0013216377613606157,0.016893241572081594,0.0013216377613606157,embedding_pca
esmc_PC1000,0.015638554898151923,0.018847417334116604,0.015638554898151923,embedding_pca
esmc_PC1001,-0.001865418504857845,0.02168994542454569,0.001865418504857845,embedding_pca
esmc_PC1002,0.009085497268900058,0.01777119265428266,0.009085497268900058,embedding_pca
esmc_PC1003,-0.01538757472293463,0.02085782846460904,0.01538757472293463,embedding_pca
esmc_PC1004,-0.003632672732430563,0.013439636665250563,0.003632672732430563,embedding_pca
esmc_PC1005,0.0006603780878453314,0.02180774662170912,0.0006603780878453314,embedding_pca
esmc_PC1006,-0.016038636002301866,0.02188980975670379,0.016038636002301866,embedding_pca
esmc_PC1007,0.005225793073948298,0.010229926073830314,0.005225793073948298,embedding_pca
esmc_PC1008,0.008468254347609816,0.029878804634325205,0.008468254347609816,embedding_pca
esmc_PC1009,0.00365144672816458,0.026420004610935216,0.00365144672816458,embedding_pca
esmc_PC1010,0.0003737983072884533,0.008983077744645226,0.0003737983072884533,embedding_pca
esmc_PC1011,-0.0007014924314936823,0.016654113468567894,0.0007014924314936823,embedding_pca
esmc_PC1012,0.008591150360376176,0.020732216165353087,0.008591150360376176,embedding_pca
esmc_PC1013,-0.005175100183236678,0.011288573122734348,0.005175100183236678,embedding_pca
esmc_PC1014,-0.011978302279930029,0.014385805351717181,0.011978302279930029,embedding_pca
esmc_PC1015,0.009747738375912435,0.011696111297485335,0.009747738375912435,embedding_pca
esmc_PC1016,0.005602763561125933,0.01334199009933274,0.005602763561125933,embedding_pca
esmc_PC1017,0.009613958815008549,0.022933051002566263,0.009613958815008549,embedding_pca
esmc_PC1018,0.003993153508148212,0.01378213636420462,0.003993153508148212,embedding_pca
esmc_PC1019,-0.0009629558243405223,0.018733407376805004,0.0009629558243405223,embedding_pca
esmc_PC1020,0.010236682306638328,0.011310456170363232,0.010236682306638328,embedding_pca
esmc_PC1021,0.00219738521099887,0.015610979548949981,0.00219738521099887,embedding_pca
esmc_PC1022,0.007708996460175051,0.01021723269392381,0.007708996460175051,embedding_pca
esmc_PC1023,-0.012304115263090273,0.01952186130205407,0.012304115263090273,embedding_pca
esmc_PC1024,0.002415682026769288,0.015417367279944711,0.002415682026769288,embedding_pca
esmc_PC1025,0.007613604908888186,0.022966805092729255,0.007613604908888186,embedding_pca
esmc_PC1026,-0.008279122936813502,0.015465042829578023,0.008279122936813502,embedding_pca
esmc_PC1027,-0.0033452780522470055,0.007023186535642521,0.0033452780522470055,embedding_pca
esmc_PC1028,0.0013163442531204529,0.010972687501716821,0.0013163442531204529,embedding_pca
esmc_PC1029,-0.0005796889924734782,0.018255737050421366,0.0005796889924734782,embedding_pca
esmc_PC1030,0.00799844129122523,0.00984500144944741,0.00799844129122523,embedding_pca
esmc_PC1031,-0.0006057134501707758,0.015298935789127766,0.0006057134501707758,embedding_pca
esmc_PC1032,-0.005161633597561395,0.012285846761905656,0.005161633597561395,embedding_pca
esmc_PC1033,-0.0045250684632800724,0.021112644679079643,0.0045250684632800724,embedding_pca
esmc_PC1034,-0.002491689262024226,0.0042245692536013,0.002491689262024226,embedding_pca
esmc_PC1035,0.0003380749964347257,0.017138122595608478,0.0003380749964347257,embedding_pca
esmc_PC1036,-0.0009298668165344916,0.013070922025851613,0.0009298668165344916,embedding_pca
esmc_PC1037,-0.009702737179652724,0.012985005842795884,0.009702737179652724,embedding_pca
esmc_PC1038,-0.0023521685692661667,0.008670656905430358,0.0023521685692661667,embedding_pca
esmc_PC1039,0.0026373249447996226,0.008931795308739882,0.0026373249447996226,embedding_pca
esmc_PC1040,0.006942363286944786,0.010339681138172902,0.006942363286944786,embedding_pca
esmc_PC1041,0.005824149458716255,0.010187671381928687,0.005824149458716255,embedding_pca
esmc_PC1042,-0.006319954436323776,0.011220639394032828,0.006319954436323776,embedding_pca
esmc_PC1043,-0.01399334898794681,0.017933140882356872,0.01399334898794681,embedding_pca
esmc_PC1044,0.010556741286723362,0.013315781579403769,0.010556741286723362,embedding_pca
esmc_PC1045,-0.006995709524217329,0.011841622903910607,0.006995709524217329,embedding_pca
esmc_PC1046,-0.000948720187497255,0.012738775350943343,0.000948720187497255,embedding_pca
esmc_PC1047,-0.0020299508795966524,0.011023578037246854,0.0020299508795966524,embedding_pca
esmc_PC1048,0.0015964941678358851,0.011707288089769974,0.0015964941678358851,embedding_pca
esmc_PC1049,-0.002717729202435214,0.015931273762969895,0.002717729202435214,embedding_pca
esmc_PC1050,-0.007905273637297764,0.017765519848504312,0.007905273637297764,embedding_pca
esmc_PC1051,-0.0036086151060340304,0.016295794009644475,0.0036086151060340304,embedding_pca
esmc_PC1052,0.0034672791763906744,0.008316403255677654,0.0034672791763906744,embedding_pca
esmc_PC1053,0.0014912085172475171,0.015188227879087435,0.0014912085172475171,embedding_pca
esmc_PC1054,0.008520086389569536,0.011957325561979835,0.008520086389569536,embedding_pca
esmc_PC1055,-0.010397482348678658,0.008376458520190647,0.010397482348678658,embedding_pca
esmc_PC1056,0.0023844051152387305,0.013875828879091912,0.0023844051152387305,embedding_pca
esmc_PC1057,0.0017039765350744505,0.008909788155934354,0.0017039765350744505,embedding_pca
esmc_PC1058,0.0032605133977732376,0.019176966754575638,0.0032605133977732376,embedding_pca
esmc_PC1059,0.00048287201645614913,0.0107246353967444,0.00048287201645614913,embedding_pca
esmc_PC1060,-0.006488131483045945,0.010863654102744395,0.006488131483045945,embedding_pca
esmc_PC1061,-0.006222563256150997,0.024588478663186895,0.006222563256150997,embedding_pca
esmc_PC1062,-0.006258852006837942,0.008706996979205526,0.006258852006837942,embedding_pca
esmc_PC1063,0.0033287345535589407,0.019745542144848027,0.0033287345535589407,embedding_pca
esmc_PC1064,0.0006085085371725901,0.014136266905812996,0.0006085085371725901,embedding_pca
esmc_PC1065,0.0006932993846352382,0.01654478041514465,0.0006932993846352382,embedding_pca
esmc_PC1066,0.005690634948671799,0.0171388639727312,0.005690634948671799,embedding_pca
esmc_PC1067,-0.0035288977604484044,0.02445588775975772,0.0035288977604484044,embedding_pca
esmc_PC1068,0.00813054346003642,0.026447006332696067,0.00813054346003642,embedding_pca
esmc_PC1069,-0.014368110085812296,0.01098591283898488,0.014368110085812296,embedding_pca
esmc_PC1070,-0.00936969527574163,0.016704143957031035,0.00936969527574163,embedding_pca
esmc_PC1071,0.001772238922169235,0.01867932893921984,0.001772238922169235,embedding_pca
esmc_PC1072,0.0022552243520462694,0.019709736117241205,0.0022552243520462694,embedding_pca
esmc_PC1073,-0.0038667791234250153,0.009080887574793278,0.0038667791234250153,embedding_pca
esmc_PC1074,-0.004088969365520801,0.012614884278046119,0.004088969365520801,embedding_pca
esmc_PC1075,-0.007628952242051232,0.008076707592843664,0.007628952242051232,embedding_pca
esmc_PC1076,0.00858664679231282,0.014762289028967715,0.00858664679231282,embedding_pca
esmc_PC1077,0.0013005259526761889,0.013756112082265405,0.0013005259526761889,embedding_pca
esmc_PC1078,-0.0006692949567293036,0.02061075249276571,0.0006692949567293036,embedding_pca
esmc_PC1079,-0.011496924017474023,0.01382044982932392,0.011496924017474023,embedding_pca
esmc_PC1080,-0.000810107092830184,0.02030146490304631,0.000810107092830184,embedding_pca
esmc_PC1081,-0.006536963710646736,0.005122660286534248,0.006536963710646736,embedding_pca
esmc_PC1082,0.002681729647677924,0.01430406853483759,0.002681729647677924,embedding_pca
esmc_PC1083,0.003922734255588254,0.02289821936974915,0.003922734255588254,embedding_pca
esmc_PC1084,-0.006081649053755134,0.021205367528233442,0.006081649053755134,embedding_pca
esmc_PC1085,0.0001680841029045704,0.01654618074691465,0.0001680841029045704,embedding_pca
esmc_PC1086,-0.005793512725828637,0.011936817221715584,0.005793512725828637,embedding_pca
esmc_PC1087,0.0031800232620891717,0.023027562306397853,0.0031800232620891717,embedding_pca
esmc_PC1088,-0.002553862523541513,0.01444501895843791,0.002553862523541513,embedding_pca
esmc_PC1089,0.002999283196695271,0.008467160630605283,0.002999283196695271,embedding_pca
esmc_PC1090,-0.008209764339809864,0.018263982209201245,0.008209764339809864,embedding_pca
esmc_PC1091,-0.000909405628000641,0.02615774892573831,0.000909405628000641,embedding_pca
esmc_PC1092,0.006245025023355316,0.014979917687595634,0.006245025023355316,embedding_pca
esmc_PC1093,-0.009105498256120776,0.020445917650939557,0.009105498256120776,embedding_pca
esmc_PC1094,0.0021052215818145093,0.011699515839720781,0.0021052215818145093,embedding_pca
esmc_PC1095,0.00040007014062370114,0.01065593185510613,0.00040007014062370114,embedding_pca
esmc_PC1096,0.003280005625567587,0.010049116443568405,0.003280005625567587,embedding_pca
esmc_PC1097,-0.01431668420057089,0.020208710923099855,0.01431668420057089,embedding_pca
esmc_PC1098,0.005228605089945038,0.01721601574417087,0.005228605089945038,embedding_pca
esmc_PC1099,0.010283420081607535,0.02211593961819489,0.010283420081607535,embedding_pca
esmc_PC1100,0.006861517256106413,0.019708227448438063,0.006861517256106413,embedding_pca
esmc_PC1101,-0.009289830409951369,0.01621044656250565,0.009289830409951369,embedding_pca
esmc_PC1102,0.0017219075836990613,0.013436137191692355,0.0017219075836990613,embedding_pca
esmc_PC1103,0.009863060315461445,0.010251097637258715,0.009863060315461445,embedding_pca
esmc_PC1104,-0.002382262666417505,0.02887753652202605,0.002382262666417505,embedding_pca
esmc_PC1105,-0.004447873307798226,0.026150846473345524,0.004447873307798226,embedding_pca
esmc_PC1106,0.018754967221366173,0.016931867062393875,0.018754967221366173,embedding_pca
esmc_PC1107,-0.011125332440140264,0.009921447428279214,0.011125332440140264,embedding_pca
esmc_PC1108,-0.006605234993617354,0.013575345272813507,0.006605234993617354,embedding_pca
esmc_PC1109,-0.00027608861467082223,0.012059948849697725,0.00027608861467082223,embedding_pca
esmc_PC1110,-0.011722456238548774,0.014697702746482947,0.011722456238548774,embedding_pca
esmc_PC1111,0.0005823784564315225,0.009049979742307259,0.0005823784564315225,embedding_pca
esmc_PC1112,-0.006549070351725135,0.013065881135924585,0.006549070351725135,embedding_pca
esmc_PC1113,0.00033497127058607567,0.015291501113608016,0.00033497127058607567,embedding_pca
esmc_PC1114,0.021398804918150487,0.017295191996182128,0.021398804918150487,embedding_pca
esmc_PC1115,0.005964562144441508,0.015132182092170798,0.005964562144441508,embedding_pca
esmc_PC1116,-0.0015136734371484991,0.0062132181231960406,0.0015136734371484991,embedding_pca
esmc_PC1117,-0.006504732633440672,0.006456127787152305,0.006504732633440672,embedding_pca
esmc_PC1118,-0.0010360476400602986,0.011949911196754754,0.0010360476400602986,embedding_pca
esmc_PC1119,-0.003355717533211166,0.019539484182026258,0.003355717533211166,embedding_pca
esmc_PC1120,-0.0105972325226155,0.0105991586205316,0.0105972325226155,embedding_pca
esmc_PC1121,-0.0038908262342506163,0.017022912129509137,0.0038908262342506163,embedding_pca
esmc_PC1122,-0.0024258160974635146,0.016767047530067046,0.0024258160974635146,embedding_pca
esmc_PC1123,-0.0028169894993987947,0.021408434203151475,0.0028169894993987947,embedding_pca
esmc_PC1124,-0.005390401091001191,0.01486923528430761,0.005390401091001191,embedding_pca
esmc_PC1125,0.003023023523267411,0.019002914262435087,0.003023023523267411,embedding_pca
esmc_PC1126,-0.0004374152049373671,0.013053981061056473,0.0004374152049373671,embedding_pca
esmc_PC1127,0.007885140613159234,0.013656438570462223,0.007885140613159234,embedding_pca
esmc_PC1128,-0.010223085873613435,0.0144345416809416,0.010223085873613435,embedding_pca
esmc_PC1129,-0.0060864068674599545,0.014681316759143411,0.0060864068674599545,embedding_pca
esmc_PC1130,0.010319267376773264,0.014509394509411655,0.010319267376773264,embedding_pca
esmc_PC1131,-0.002408482932788096,0.009883259498478543,0.002408482932788096,embedding_pca
esmc_PC1132,0.0019615287272208757,0.015525498838774623,0.0019615287272208757,embedding_pca
esmc_PC1133,-0.0018584027676242735,0.01083375726118492,0.0018584027676242735,embedding_pca
esmc_PC1134,-0.0011079090774562955,0.0132826221784749,0.0011079090774562955,embedding_pca
esmc_PC1135,-0.006822584244305556,0.008904001311290748,0.006822584244305556,embedding_pca
esmc_PC1136,-0.0011347971440923978,0.008211818321172952,0.0011347971440923978,embedding_pca
esmc_PC1137,-0.0041044647938434,0.015042771257379723,0.0041044647938434,embedding_pca
esmc_PC1138,-0.013097897253268945,0.01175649694819264,0.013097897253268945,embedding_pca
esmc_PC1139,0.001736425127377647,0.025205842391488466,0.001736425127377647,embedding_pca
esmc_PC1140,-0.021395363615855145,0.01830107193544538,0.021395363615855145,embedding_pca
esmc_PC1141,0.001776460511118938,0.005475754415592782,0.001776460511118938,embedding_pca
esmc_PC1142,-0.004259038002113934,0.021045624481387457,0.004259038002113934,embedding_pca
esmc_PC1143,0.0003432610230039067,0.024514338723374152,0.0003432610230039067,embedding_pca
esmc_PC1144,-0.0035402074125702792,0.017855294400444036,0.0035402074125702792,embedding_pca
esmc_PC1145,-0.0026556588738134773,0.008454297066997168,0.0026556588738134773,embedding_pca
esmc_PC1146,0.002551355811926716,0.011183294663895888,0.002551355811926716,embedding_pca
esmc_PC1147,0.011749864664247458,0.015203095740092416,0.011749864664247458,embedding_pca
esmc_PC1148,0.01111016724102489,0.013459603863518873,0.01111016724102489,embedding_pca
esmc_PC1149,0.006153405491126371,0.0196113843705448,0.006153405491126371,embedding_pca
esmc_PC1150,0.015142529445957075,0.012147930661148476,0.015142529445957075,embedding_pca
esmc_PC1151,-0.0010561961868510734,0.020674241063982565,0.0010561961868510734,embedding_pca
esmc_PC1152,0.01014639215321143,0.0143011725229502,0.01014639215321143,embedding_pca
esmc_PC1153,-0.007947209101581665,0.013281827757715898,0.007947209101581665,embedding_pca
esmc_PC1154,-0.0006326310920008328,0.027477682356999687,0.0006326310920008328,embedding_pca
esmc_PC1155,0.009110941133570447,0.010345054180268128,0.009110941133570447,embedding_pca
esmc_PC1156,-0.012359295249615213,0.019549846077247423,0.012359295249615213,embedding_pca
esmc_PC1157,0.007507523992302677,0.009292836225749031,0.007507523992302677,embedding_pca
esmc_PC1158,0.0023586800570763065,0.01741169009902982,0.0023586800570763065,embedding_pca
esmc_PC1159,-0.009677570651862945,0.02025646861680099,0.009677570651862945,embedding_pca
esmc_PC1160,-0.004439787951034684,0.017955357208204993,0.004439787951034684,embedding_pca
esmc_PC1161,-0.00039803908941619324,0.02137477726210115,0.00039803908941619324,embedding_pca
esmc_PC1162,-0.006799811106085363,0.014668986292773146,0.006799811106085363,embedding_pca
esmc_PC1163,0.0006001669286784802,0.007369645205212976,0.0006001669286784802,embedding_pca
esmc_PC1164,0.0039276680655636826,0.011835309193488252,0.0039276680655636826,embedding_pca
esmc_PC1165,0.0018147883767725254,0.009799141737368136,0.0018147883767725254,embedding_pca
esmc_PC1166,0.012105283950431516,0.013671552608110905,0.012105283950431516,embedding_pca
esmc_PC1167,0.0012345964120267405,0.015902682766183337,0.0012345964120267405,embedding_pca
esmc_PC1168,-0.01263268159434856,0.01655349557467827,0.01263268159434856,embedding_pca
esmc_PC1169,-0.0028730928571035295,0.0084656356571462,0.0028730928571035295,embedding_pca
esmc_PC1170,0.0008542736808132216,0.020547444683097525,0.0008542736808132216,embedding_pca
esmc_PC1171,-0.01590396547655188,0.012027938031315216,0.01590396547655188,embedding_pca
esmc_PC1172,0.005060838954621304,0.015076026058576896,0.005060838954621304,embedding_pca
esmc_PC1173,-0.010040435568120988,0.009318214832628915,0.010040435568120988,embedding_pca
esmc_PC1174,0.003954557896250918,0.009524511774897979,0.003954557896250918,embedding_pca
esmc_PC1175,0.002228936807121551,0.011137709001703142,0.002228936807121551,embedding_pca
esmc_PC1176,-0.0014514170202990146,0.00481091707866344,0.0014514170202990146,embedding_pca
esmc_PC1177,0.007747780798170073,0.012520937944996138,0.007747780798170073,embedding_pca
esmc_PC1178,0.0002966429697513014,0.012265579176242797,0.0002966429697513014,embedding_pca
esmc_PC1179,0.005779620506603743,0.007711854199430008,0.005779620506603743,embedding_pca
esmc_PC1180,0.006567939650047298,0.029225782717283752,0.006567939650047298,embedding_pca
esmc_PC1181,-0.020232889002346016,0.02320474994429438,0.020232889002346016,embedding_pca
esmc_PC1182,0.007461337199235805,0.013702884953630593,0.007461337199235805,embedding_pca
esmc_PC1183,0.0012863469532275744,0.01089321053227099,0.0012863469532275744,embedding_pca
esmc_PC1184,0.005315536132448467,0.018365354637181888,0.005315536132448467,embedding_pca
esmc_PC1185,0.00771388278605469,0.015042943497272539,0.00771388278605469,embedding_pca
esmc_PC1186,0.006341183774193147,0.006124698076039695,0.006341183774193147,embedding_pca
esmc_PC1187,-0.006926817522533162,0.005722414539977137,0.006926817522533162,embedding_pca
esmc_PC1188,-0.002675742592233493,0.019027676584821945,0.002675742592233493,embedding_pca
esmc_PC1189,0.006841936918929525,0.012453076272658663,0.006841936918929525,embedding_pca
esmc_PC1190,-0.0025923733209452953,0.004277007874545629,0.0025923733209452953,embedding_pca
esmc_PC1191,0.002733494638493903,0.01279805984326698,0.002733494638493903,embedding_pca
esmc_PC1192,-0.009723161137826692,0.010506230017712354,0.009723161137826692,embedding_pca
esmc_PC1193,0.009852161664511808,0.007586201093709414,0.009852161664511808,embedding_pca
esmc_PC1194,-0.0013831565003877104,0.019208434517502634,0.0013831565003877104,embedding_pca
esmc_PC1195,0.012787979517598322,0.007694687212977495,0.012787979517598322,embedding_pca
esmc_PC1196,0.01445102093045178,0.022614095700774765,0.01445102093045178,embedding_pca
esmc_PC1197,0.000287291463981236,0.018832201708177215,0.000287291463981236,embedding_pca
esmc_PC1198,0.01663393471056266,0.01929174900920674,0.01663393471056266,embedding_pca
esmc_PC1199,-0.0070887453517925305,0.008401921303770123,0.0070887453517925305,embedding_pca
esmc_PC1200,0.0025101071524554898,0.012214913801383129,0.0025101071524554898,embedding_pca
esmc_PC1201,-0.00550112272739701,0.01569267747459941,0.00550112272739701,embedding_pca
esmc_PC1202,0.006598952170616961,0.003365364815068061,0.006598952170616961,embedding_pca
esmc_PC1203,-0.0006008429596698443,0.020125081641437528,0.0006008429596698443,embedding_pca
esmc_PC1204,0.003036406922747881,0.010103114909711027,0.003036406922747881,embedding_pca
esmc_PC1205,-0.006222147901744893,0.007851493933928918,0.006222147901744893,embedding_pca
esmc_PC1206,-0.008743896685347457,0.012895942897103187,0.008743896685347457,embedding_pca
esmc_PC1207,-0.002674300165800696,0.008529171082451579,0.002674300165800696,embedding_pca
esmc_PC1208,0.003929302872436841,0.01065179868017719,0.003929302872436841,embedding_pca
esmc_PC1209,-0.00777246083185307,0.012600965095563318,0.00777246083185307,embedding_pca
esmc_PC1210,-0.008641649508162878,0.01052552399668418,0.008641649508162878,embedding_pca
esmc_PC1211,0.003493966443071519,0.017833206459246322,0.003493966443071519,embedding_pca
esmc_PC1212,-0.007781726390782236,0.014199297018408654,0.007781726390782236,embedding_pca
esmc_PC1213,0.0019295223650625155,0.009432275156260201,0.0019295223650625155,embedding_pca
esmc_PC1214,-0.010996125143977927,0.010802869831198231,0.010996125143977927,embedding_pca
esmc_PC1215,0.007168266624165691,0.013711459579076846,0.007168266624165691,embedding_pca
esmc_PC1216,-0.009286017526012219,0.0259523844644716,0.009286017526012219,embedding_pca
esmc_PC1217,-0.01947835544692672,0.01128340076667687,0.01947835544692672,embedding_pca
esmc_PC1218,-0.010129855571872234,0.022592463274129435,0.010129855571872234,embedding_pca
esmc_PC1219,-0.0015238718438728067,0.02315165455082649,0.0015238718438728067,embedding_pca
esmc_PC1220,0.007924774915710895,0.011879051014229982,0.007924774915710895,embedding_pca
esmc_PC1221,-0.003223263056961278,0.022336349813039977,0.003223263056961278,embedding_pca
esmc_PC1222,0.004726858047248316,0.0130709615717957,0.004726858047248316,embedding_pca
esmc_PC1223,-0.005530643828563664,0.01512298225681981,0.005530643828563664,embedding_pca
esmc_PC1224,-0.013304831083825163,0.0255842730087199,0.013304831083825163,embedding_pca
esmc_PC1225,-0.005000831140308642,0.022329334105624484,0.005000831140308642,embedding_pca
esmc_PC1226,0.0033551626671018972,0.007308965456529029,0.0033551626671018972,embedding_pca
esmc_PC1227,0.014474190322535066,0.006436932894216474,0.014474190322535066,embedding_pca
esmc_PC1228,-0.0024075789862934675,0.016326966696400342,0.0024075789862934675,embedding_pca
esmc_PC1229,-0.0022499211560296833,0.014636871959377224,0.0022499211560296833,embedding_pca
esmc_PC1230,-0.0030723857696708834,0.010547609347174759,0.0030723857696708834,embedding_pca
esmc_PC1231,-0.004384156009275014,0.02531768531239077,0.004384156009275014,embedding_pca
esmc_PC1232,0.0005395447465894934,0.010544634650989102,0.0005395447465894934,embedding_pca
esmc_PC1233,-0.015612147711459459,0.009855823782137507,0.015612147711459459,embedding_pca
esmc_PC1234,0.012630748765761275,0.007952271575472571,0.012630748765761275,embedding_pca
esmc_PC1235,0.0012701302433185538,0.015308080366752515,0.0012701302433185538,embedding_pca
esmc_PC1236,0.008839406055200064,0.005803394159359608,0.008839406055200064,embedding_pca
esmc_PC1237,-0.015445838884368786,0.012934648927402348,0.015445838884368786,embedding_pca
esmc_PC1238,0.0008136437837974832,0.015006901909747617,0.0008136437837974832,embedding_pca
esmc_PC1239,-0.005763108150548585,0.00983664646095365,0.005763108150548585,embedding_pca
esmc_PC1240,0.002512198299849866,0.012760756337139889,0.002512198299849866,embedding_pca
esmc_PC1241,9.57820138781604e-05,0.011062106840794745,9.57820138781604e-05,embedding_pca
esmc_PC1242,-0.005657134790182329,0.013084616069444601,0.005657134790182329,embedding_pca
esmc_PC1243,0.01807726081857934,0.02193422757388152,0.01807726081857934,embedding_pca
esmc_PC1244,-0.012511892914624397,0.007510632323840808,0.012511892914624397,embedding_pca
esmc_PC1245,0.004528568979320779,0.012991560982125729,0.004528568979320779,embedding_pca
esmc_PC1246,-0.010823232121232386,0.0128733475948616,0.010823232121232386,embedding_pca
esmc_PC1247,0.013343357124078931,0.01021329567139502,0.013343357124078931,embedding_pca
esmc_PC1248,0.010394840161812306,0.01733538757703958,0.010394840161812306,embedding_pca
esmc_PC1249,0.008640549462080756,0.013063962738881147,0.008640549462080756,embedding_pca
esmc_PC1250,-0.01713784701970285,0.016222148181366913,0.01713784701970285,embedding_pca
esmc_PC1251,0.010221399180046067,0.01946993731438462,0.010221399180046067,embedding_pca
esmc_PC1252,0.013818053112635282,0.01602614841399862,0.013818053112635282,embedding_pca
esmc_PC1253,-0.02185185413062046,0.012342011316583749,0.02185185413062046,embedding_pca
esmc_PC1254,0.004129642139665922,0.021304725078281638,0.004129642139665922,embedding_pca
esmc_PC1255,-0.010168993580982066,0.026839504599064107,0.010168993580982066,embedding_pca
esmc_PC1256,-0.004783714380715691,0.004621440979981378,0.004783714380715691,embedding_pca
esmc_PC1257,0.014868229183570707,0.016375933803892746,0.014868229183570707,embedding_pca
esmc_PC1258,0.006576212272570911,0.01620128124732027,0.006576212272570911,embedding_pca
esmc_PC1259,0.007727121745305121,0.017588980515359846,0.007727121745305121,embedding_pca
esmc_PC1260,0.013240702493406859,0.005456534290173051,0.013240702493406859,embedding_pca
esmc_PC1261,-0.005156429539399,0.016235759628333117,0.005156429539399,embedding_pca
esmc_PC1262,-0.0024333066906878477,0.014847087462251182,0.0024333066906878477,embedding_pca
esmc_PC1263,-0.0027865599524464013,0.007718961762134447,0.0027865599524464013,embedding_pca
esmc_PC1264,0.002416993425820464,0.01471720171613169,0.002416993425820464,embedding_pca
esmc_PC1265,-0.004326317266674353,0.009916343698872017,0.004326317266674353,embedding_pca
esmc_PC1266,0.004710367849536901,0.008723020582514403,0.004710367849536901,embedding_pca
esmc_PC1267,-0.01162353178712157,0.014893752784426534,0.01162353178712157,embedding_pca
esmc_PC1268,0.003485154061373044,0.01143694667955532,0.003485154061373044,embedding_pca
esmc_PC1269,0.0036148282391141443,0.012475784701811474,0.0036148282391141443,embedding_pca
esmc_PC1270,-0.009980191667878877,0.020235881727746905,0.009980191667878877,embedding_pca
esmc_PC1271,0.005721659017998199,0.02311847213242114,0.005721659017998199,embedding_pca
esmc_PC1272,-0.0020439715014717212,0.011822044524876979,0.0020439715014717212,embedding_pca
esmc_PC1273,0.003546385654522373,0.02244498279244485,0.003546385654522373,embedding_pca
esmc_PC1274,-0.004699184031038871,0.015532701168638415,0.004699184031038871,embedding_pca
esmc_PC1275,0.014177651334722392,0.009195742532875245,0.014177651334722392,embedding_pca
esmc_PC1276,0.011637973256241496,0.0106875171386057,0.011637973256241496,embedding_pca
esmc_PC1277,0.0027532598577458952,0.020630092986156385,0.0027532598577458952,embedding_pca
esmc_PC1278,-0.003401441053655764,0.013490004368413293,0.003401441053655764,embedding_pca
esmc_PC1279,0.007402252596545327,0.01684506669736866,0.007402252596545327,embedding_pca
esmc_PC1280,-0.004227270322417589,0.01154023740126741,0.004227270322417589,embedding_pca
esmc_PC1281,0.004934423780838363,0.00824195825956301,0.004934423780838363,embedding_pca
esmc_PC1282,-9.376500904239913e-05,0.00934312391398302,9.376500904239913e-05,embedding_pca
esmc_PC1283,-0.00025220271975817904,0.005163237719264041,0.00025220271975817904,embedding_pca
esmc_PC1284,-0.005733737095127882,0.023060876655889417,0.005733737095127882,embedding_pca
esmc_PC1285,-0.0038187184454869143,0.009193894428534365,0.0038187184454869143,embedding_pca
esmc_PC1286,0.01580450942519517,0.013192308060091853,0.01580450942519517,embedding_pca
esmc_PC1287,-0.005524297245436302,0.010420327990020644,0.005524297245436302,embedding_pca
esmc_PC1288,0.007698037610025921,0.013366754207996646,0.007698037610025921,embedding_pca
esmc_PC1289,-0.012337254649483894,0.01727536791711038,0.012337254649483894,embedding_pca
esmc_PC1290,0.008622486339662413,0.015881668779751806,0.008622486339662413,embedding_pca
esmc_PC1291,-0.009546796473627588,0.015418967480087375,0.009546796473627588,embedding_pca
esmc_PC1292,-0.0036992949485786337,0.013512550532707852,0.0036992949485786337,embedding_pca
esmc_PC1293,0.0119838100292932,0.009780455724782934,0.0119838100292932,embedding_pca
esmc_PC1294,-0.0043878592576518174,0.008491654334121463,0.0043878592576518174,embedding_pca
esmc_PC1295,-0.011491829977565145,0.01567149840831997,0.011491829977565145,embedding_pca
esmc_PC1296,-0.004624803451267057,0.015877444488800112,0.004624803451267057,embedding_pca
esmc_PC1297,0.010246005396090812,0.007435322761030618,0.010246005396090812,embedding_pca
esmc_PC1298,0.010473483537245535,0.008271539431888504,0.010473483537245535,embedding_pca
esmc_PC1299,-0.012482175021476841,0.017773046210485092,0.012482175021476841,embedding_pca
esmc_PC1300,-0.0019864849299716368,0.031914907414315546,0.0019864849299716368,embedding_pca
esmc_PC1301,-0.004750293528522848,0.01954737808188592,0.004750293528522848,embedding_pca
esmc_PC1302,0.002400214668094898,0.018699174162521124,0.002400214668094898,embedding_pca
esmc_PC1303,0.00579069516988512,0.01765151726052039,0.00579069516988512,embedding_pca
esmc_PC1304,-0.001683362540359564,0.006147494695192665,0.001683362540359564,embedding_pca
esmc_PC1305,-0.0010835645367593446,0.007478262463904296,0.0010835645367593446,embedding_pca
esmc_PC1306,0.0019031250189678827,0.0059148856707408395,0.0019031250189678827,embedding_pca
esmc_PC1307,-0.015211942553883476,0.006560717765937695,0.015211942553883476,embedding_pca
esmc_PC1308,-0.015532798106751605,0.0024738794230362137,0.015532798106751605,embedding_pca
esmc_PC1309,-0.0030524188536606165,0.01354855140229582,0.0030524188536606165,embedding_pca
esmc_PC1310,0.00562810626411117,0.011714227586069898,0.00562810626411117,embedding_pca
esmc_PC1311,-0.0038491561609175903,0.007150291578408197,0.0038491561609175903,embedding_pca
esmc_PC1312,-0.0002210622987727398,0.007382014410237855,0.0002210622987727398,embedding_pca
esmc_PC1313,-0.012642519004851588,0.00965713327334135,0.012642519004851588,embedding_pca
esmc_PC1314,-0.0004633165151330776,0.011877695972814595,0.0004633165151330776,embedding_pca
esmc_PC1315,-0.006507740687564691,0.01457012932468587,0.006507740687564691,embedding_pca
esmc_PC1316,0.004057318642895898,0.01303923410396834,0.004057318642895898,embedding_pca
esmc_PC1317,-0.014711263043156264,0.008458346582021482,0.014711263043156264,embedding_pca
esmc_PC1318,0.003062758884062684,0.007876955558535039,0.003062758884062684,embedding_pca
esmc_PC1319,0.0007013636585074992,0.020345726399073928,0.0007013636585074992,embedding_pca
esmc_PC1320,-0.0009680645040729295,0.015322158554135958,0.0009680645040729295,embedding_pca
esmc_PC1321,0.010426184648172014,0.011919320965615298,0.010426184648172014,embedding_pca
esmc_PC1322,-0.00283271473080903,0.015676219877731767,0.00283271473080903,embedding_pca
esmc_PC1323,-0.0021545945212903808,0.016021092609841473,0.0021545945212903808,embedding_pca
esmc_PC1324,-0.002620127135893828,0.01121433674015621,0.002620127135893828,embedding_pca
esmc_PC1325,-0.0023210343173930377,0.00787389944104757,0.0023210343173930377,embedding_pca
esmc_PC1326,-0.003627948417458238,0.010784659762422098,0.003627948417458238,embedding_pca
esmc_PC1327,-0.004407718401918864,0.008998685104868948,0.004407718401918864,embedding_pca
esmc_PC1328,-0.01233216207700825,0.021997175386615803,0.01233216207700825,embedding_pca
esmc_PC1329,-0.0011816324912025354,0.010515540410826685,0.0011816324912025354,embedding_pca
esmc_PC1330,-0.009867668773552317,0.008170571967051695,0.009867668773552317,embedding_pca
esmc_PC1331,-0.004686974324749217,0.009955663694516751,0.004686974324749217,embedding_pca
esmc_PC1332,0.005572747373194664,0.007204801408876373,0.005572747373194664,embedding_pca
esmc_PC1333,-0.003139195378759222,0.01480871926059212,0.003139195378759222,embedding_pca
esmc_PC1334,-0.0014022858991999353,0.010144087769742757,0.0014022858991999353,embedding_pca
esmc_PC1335,0.006882044478272667,0.023059128469784872,0.006882044478272667,embedding_pca
esmc_PC1336,-0.011582714307851013,0.01822389140808362,0.011582714307851013,embedding_pca
esmc_PC1337,-0.008205802422488756,0.013200867587210051,0.008205802422488756,embedding_pca
esmc_PC1338,-0.006860276204997749,0.01586533856505464,0.006860276204997749,embedding_pca
esmc_PC1339,0.007972651639035416,0.01566619885709633,0.007972651639035416,embedding_pca
esmc_PC1340,-0.0058693840345993625,0.011416698338392393,0.0058693840345993625,embedding_pca
esmc_PC1341,0.011602706757168773,0.013163722285988194,0.011602706757168773,embedding_pca
esmc_PC1342,0.0006989042546583252,0.01813865331321659,0.0006989042546583252,embedding_pca
esmc_PC1343,0.006642399607553242,0.005197037699798005,0.006642399607553242,embedding_pca
esmc_PC1344,-0.004319442633025214,0.018747847580615717,0.004319442633025214,embedding_pca
esmc_PC1345,-0.00024986683977820234,0.012695617149941581,0.00024986683977820234,embedding_pca
esmc_PC1346,-0.004021289657518847,0.016465961292389357,0.004021289657518847,embedding_pca
esmc_PC1347,0.0056898711884773604,0.013296171116553134,0.0056898711884773604,embedding_pca
esmc_PC1348,0.005255146885289257,0.01235967016649247,0.005255146885289257,embedding_pca
esmc_PC1349,-0.010570160336594994,0.014030627012021136,0.010570160336594994,embedding_pca
esmc_PC1350,-0.004917835432322952,0.014367782145410521,0.004917835432322952,embedding_pca
esmc_PC1351,0.021171163443017477,0.010751228252746355,0.021171163443017477,embedding_pca
esmc_PC1352,0.002401398017271251,0.02324595306206776,0.002401398017271251,embedding_pca
esmc_PC1353,0.004279024634993743,0.008957027497479368,0.004279024634993743,embedding_pca
esmc_PC1354,0.003910556376597976,0.013514984762780331,0.003910556376597976,embedding_pca
esmc_PC1355,0.00814636493415182,0.019563378610196233,0.00814636493415182,embedding_pca
esmc_PC1356,0.007191671581205157,0.02758374750744866,0.007191671581205157,embedding_pca
esmc_PC1357,0.0022885770224334756,0.013206259650255625,0.0022885770224334756,embedding_pca
esmc_PC1358,0.004236964930573725,0.011707998177303676,0.004236964930573725,embedding_pca
esmc_PC1359,0.008862624284419076,0.015057186385698477,0.008862624284419076,embedding_pca
esmc_PC1360,0.008071577397069481,0.021024401969776473,0.008071577397069481,embedding_pca
esmc_PC1361,-0.00848075434213221,0.01094063472106917,0.00848075434213221,embedding_pca
esmc_PC1362,0.0059947565627385836,0.0068205084100257385,0.0059947565627385836,embedding_pca
esmc_PC1363,-0.001978682397266449,0.009763710222014029,0.001978682397266449,embedding_pca
esmc_PC1364,0.005876366632328053,0.011660249116829136,0.005876366632328053,embedding_pca
esmc_PC1365,0.007704370599755368,0.018779090639485005,0.007704370599755368,embedding_pca
esmc_PC1366,-0.014660799484027603,0.012022756082031379,0.014660799484027603,embedding_pca
esmc_PC1367,0.0030261994848502353,0.015417322767298436,0.0030261994848502353,embedding_pca
esmc_PC1368,-0.006667156921041052,0.012978265410172067,0.006667156921041052,embedding_pca
esmc_PC1369,-0.00361638433089103,0.005039404164645307,0.00361638433089103,embedding_pca
esmc_PC1370,-0.01007695688287624,0.016453551398551643,0.01007695688287624,embedding_pca
esmc_PC1371,0.0027052938924261812,0.008057683063427494,0.0027052938924261812,embedding_pca
esmc_PC1372,0.014128327172153687,0.021572352051711225,0.014128327172153687,embedding_pca
esmc_PC1373,0.0029785148494621853,0.010520425088193178,0.0029785148494621853,embedding_pca
esmc_PC1374,0.0029931773479202747,0.015592975275144392,0.0029931773479202747,embedding_pca
esmc_PC1375,0.0054898296610343626,0.007499606973068874,0.0054898296610343626,embedding_pca
esmc_PC1376,-0.012749904088830671,0.011421985974529975,0.012749904088830671,embedding_pca
esmc_PC1377,-0.0025145585883951218,0.008263192304725107,0.0025145585883951218,embedding_pca
esmc_PC1378,-0.006747808909546807,0.007128283414197128,0.006747808909546807,embedding_pca
esmc_PC1379,0.0068001471460852475,0.008966579169734194,0.0068001471460852475,embedding_pca
esmc_PC1380,0.0059735422437274446,0.007067997316830229,0.0059735422437274446,embedding_pca
esmc_PC1381,0.003547087447705384,0.00981932134492808,0.003547087447705384,embedding_pca
esmc_PC1382,-0.009201038282861868,0.019497767077038732,0.009201038282861868,embedding_pca
esmc_PC1383,0.0010411509012390472,0.011218299393874424,0.0010411509012390472,embedding_pca
esmc_PC1384,0.00012762826171211294,0.012810662290163083,0.00012762826171211294,embedding_pca
esmc_PC1385,-0.0007442484252792727,0.019496242581607818,0.0007442484252792727,embedding_pca
esmc_PC1386,-0.011089277858387545,0.018390303585122413,0.011089277858387545,embedding_pca
esmc_PC1387,-0.010469579244619158,0.003548113100390975,0.010469579244619158,embedding_pca
esmc_PC1388,-0.010973856057642988,0.011454259523621294,0.010973856057642988,embedding_pca
esmc_PC1389,-0.004756050600248184,0.006931593898076126,0.004756050600248184,embedding_pca
esmc_PC1390,-0.011969423229068975,0.012919569966514034,0.011969423229068975,embedding_pca
esmc_PC1391,-0.0022000415586185067,0.018921294238797504,0.0022000415586185067,embedding_pca
esmc_PC1392,0.008300851687141406,0.009248919418122668,0.008300851687141406,embedding_pca
esmc_PC1393,-0.003612766005161583,0.021360658521627857,0.003612766005161583,embedding_pca
esmc_PC1394,0.0023520902014069122,0.023544568042461952,0.0023520902014069122,embedding_pca
esmc_PC1395,-0.0036888951079594766,0.018012133017012485,0.0036888951079594766,embedding_pca
esmc_PC1396,0.008784969215157975,0.01441667056357163,0.008784969215157975,embedding_pca
esmc_PC1397,0.00559444428654172,0.012101866582324285,0.00559444428654172,embedding_pca
esmc_PC1398,0.014163545285637255,0.019548130904820247,0.014163545285637255,embedding_pca
esmc_PC1399,-0.006750749234070969,0.014354173625763317,0.006750749234070969,embedding_pca
esmc_PC1400,0.0051799043050811565,0.009456805989308408,0.0051799043050811565,embedding_pca
esmc_PC1401,0.007417619427892129,0.0128035098122029,0.007417619427892129,embedding_pca
esmc_PC1402,0.008341013431714495,0.015639862327436034,0.008341013431714495,embedding_pca
esmc_PC1403,0.0067102906326390625,0.005319754025222856,0.0067102906326390625,embedding_pca
esmc_PC1404,0.0005246064636403064,0.021676240746316494,0.0005246064636403064,embedding_pca
esmc_PC1405,0.007647752862427928,0.008457871621638401,0.007647752862427928,embedding_pca
esmc_PC1406,0.0038447459765942314,0.01652952783794185,0.0038447459765942314,embedding_pca
esmc_PC1407,0.010608974163516761,0.01933461654695832,0.010608974163516761,embedding_pca
esmc_PC1408,0.001264516955441888,0.012109340183677956,0.001264516955441888,embedding_pca
esmc_PC1409,-0.014234098717159947,0.010633322568774781,0.014234098717159947,embedding_pca
esmc_PC1410,-0.009570555647924986,0.013358956198342526,0.009570555647924986,embedding_pca
esmc_PC1411,-0.006430427192089463,0.012900685053305065,0.006430427192089463,embedding_pca
esmc_PC1412,0.002998321946710272,0.015332756560509052,0.002998321946710272,embedding_pca
esmc_PC1413,-0.0008142287796240313,0.01732875019569862,0.0008142287796240313,embedding_pca
esmc_PC1414,-0.0118453671577647,0.013336588628906666,0.0118453671577647,embedding_pca
esmc_PC1415,0.016283530417608452,0.011591146149968574,0.016283530417608452,embedding_pca
esmc_PC1416,-0.003041893942732225,0.013855439166987674,0.003041893942732225,embedding_pca
esmc_PC1417,0.004343796178320087,0.012050426351606311,0.004343796178320087,embedding_pca
esmc_PC1418,-0.006107845908787159,0.020854115176553844,0.006107845908787159,embedding_pca
esmc_PC1419,-0.003870274484535229,0.01855153406696839,0.003870274484535229,embedding_pca
esmc_PC1420,-0.007857916645143197,0.012674068798398051,0.007857916645143197,embedding_pca
esmc_PC1421,0.01963531951107915,0.01882018794918114,0.01963531951107915,embedding_pca
esmc_PC1422,-0.0005818388172192858,0.011914867514313593,0.0005818388172192858,embedding_pca
esmc_PC1423,-0.002405786760927031,0.015646961386230278,0.002405786760927031,embedding_pca
esmc_PC1424,0.008312373415117404,0.017228863917968747,0.008312373415117404,embedding_pca
esmc_PC1425,0.0046558957505324575,0.01889554867948951,0.0046558957505324575,embedding_pca
esmc_PC1426,0.005070145533154913,0.011350387743280827,0.005070145533154913,embedding_pca
esmc_PC1427,-0.00381939284686533,0.010882177602212696,0.00381939284686533,embedding_pca
esmc_PC1428,-0.001677444243731445,0.01879570270980992,0.001677444243731445,embedding_pca
esmc_PC1429,0.014390493547003964,0.011949068949599819,0.014390493547003964,embedding_pca
esmc_PC1430,-0.0010750306338063744,0.018189677776613865,0.0010750306338063744,embedding_pca
esmc_PC1431,0.00885911940603468,0.009065235144372533,0.00885911940603468,embedding_pca
esmc_PC1432,-0.0011310506605817054,0.017663864115374062,0.0011310506605817054,embedding_pca
esmc_PC1433,-0.00858442984606582,0.012738482374931609,0.00858442984606582,embedding_pca
esmc_PC1434,-0.00023111203365262513,0.019462536843895713,0.00023111203365262513,embedding_pca
esmc_PC1435,-0.006606210766931959,0.016511270059573462,0.006606210766931959,embedding_pca
esmc_PC1436,0.0012334230636653748,0.008956281772867948,0.0012334230636653748,embedding_pca
esmc_PC1437,0.001644835480676838,0.015535205497738517,0.001644835480676838,embedding_pca
esmc_PC1438,-0.0033005037644735684,0.014583917950421323,0.0033005037644735684,embedding_pca
esmc_PC1439,-0.008402474646516264,0.01319752487581509,0.008402474646516264,embedding_pca
esmc_PC1440,0.0051377798082604025,0.02094217066132713,0.0051377798082604025,embedding_pca
esmc_PC1441,-0.004169217036853923,0.006587680037458242,0.004169217036853923,embedding_pca
esmc_PC1442,0.004297497243941387,0.014749285105809782,0.004297497243941387,embedding_pca
esmc_PC1443,-0.005940323050094932,0.016217961360499203,0.005940323050094932,embedding_pca
esmc_PC1444,-0.002124469612357651,0.020027470847023256,0.002124469612357651,embedding_pca
esmc_PC1445,-0.0020093058189549423,0.014810977684608075,0.0020093058189549423,embedding_pca
esmc_PC1446,0.005854367431677737,0.019814171194864054,0.005854367431677737,embedding_pca
esmc_PC1447,0.0042607885043105895,0.014262426953318287,0.0042607885043105895,embedding_pca
esmc_PC1448,0.008216027938346812,0.004439022571793856,0.008216027938346812,embedding_pca
esmc_PC1449,0.005003146715828724,0.009258270570437136,0.005003146715828724,embedding_pca
esmc_PC1450,-0.005674490041778207,0.016850892106805637,0.005674490041778207,embedding_pca
esmc_PC1451,-0.007353792142107664,0.011191822142352216,0.007353792142107664,embedding_pca
esmc_PC1452,-0.005347432847716951,0.006435741444358566,0.005347432847716951,embedding_pca
esmc_PC1453,0.0024192852353723594,0.015439806855578444,0.0024192852353723594,embedding_pca
esmc_PC1454,0.006258406920948051,0.017211718225227195,0.006258406920948051,embedding_pca
esmc_PC1455,-0.007496199912259574,0.005391273177576269,0.007496199912259574,embedding_pca
esmc_PC1456,-0.00507386958287742,0.009129875497829409,0.00507386958287742,embedding_pca
esmc_PC1457,0.001013991442826204,0.015602414699845185,0.001013991442826204,embedding_pca
esmc_PC1458,0.0005815009739398505,0.0036475716097374294,0.0005815009739398505,embedding_pca
esmc_PC1459,-0.00789410616032749,0.01813936133040976,0.00789410616032749,embedding_pca
esmc_PC1460,-0.0004559934444313508,0.022918915016345798,0.0004559934444313508,embedding_pca
esmc_PC1461,0.008704675026888313,0.013378306885746104,0.008704675026888313,embedding_pca
esmc_PC1462,0.01034474559609827,0.011105787021270767,0.01034474559609827,embedding_pca
esmc_PC1463,0.0048590566403533065,0.02121287206912698,0.0048590566403533065,embedding_pca
esmc_PC1464,0.002775034178104601,0.020115224953220115,0.002775034178104601,embedding_pca
esmc_PC1465,0.002553622276814403,0.006812783285194279,0.002553622276814403,embedding_pca
esmc_PC1466,0.004184188700781929,0.007433874137061435,0.004184188700781929,embedding_pca
esmc_PC1467,-0.0008203584674283716,0.008918008245511951,0.0008203584674283716,embedding_pca
esmc_PC1468,0.004218671848492427,0.010371189458814826,0.004218671848492427,embedding_pca
esmc_PC1469,-0.006675753634894262,0.010978153348737231,0.006675753634894262,embedding_pca
esmc_PC1470,-0.0028152943914895217,0.0085358156117961,0.0028152943914895217,embedding_pca
esmc_PC1471,-1.974689769744381e-05,0.008434623354149406,1.974689769744381e-05,embedding_pca
esmc_PC1472,-0.007111920864848622,0.017444092710658273,0.007111920864848622,embedding_pca
esmc_PC1473,-0.0012292284389011665,0.01862205401122258,0.0012292284389011665,embedding_pca
esmc_PC1474,-0.005412752892067329,0.01884261332803344,0.005412752892067329,embedding_pca
esmc_PC1475,0.005139335323703852,0.011701479233441288,0.005139335323703852,embedding_pca
esmc_PC1476,0.0024017563748738183,0.011505645499847677,0.0024017563748738183,embedding_pca
esmc_PC1477,0.006607282506379597,0.01214865111295075,0.006607282506379597,embedding_pca
esmc_PC1478,0.004846032111915739,0.013116295047140876,0.004846032111915739,embedding_pca
esmc_PC1479,0.0007960811014409812,0.008771174669394529,0.0007960811014409812,embedding_pca
esmc_PC1480,-0.0038665774488326767,0.015284820589571577,0.0038665774488326767,embedding_pca
esmc_PC1481,0.0015754559860881353,0.0048632631707515835,0.0015754559860881353,embedding_pca
esmc_PC1482,-0.0038144211812591354,0.004490050049984438,0.0038144211812591354,embedding_pca
esmc_PC1483,-0.01504167579524895,0.017136626304587368,0.01504167579524895,embedding_pca
esmc_PC1484,0.007616637051106096,0.007571555620224322,0.007616637051106096,embedding_pca
esmc_PC1485,-0.0030362329231977156,0.016805915648380562,0.0030362329231977156,embedding_pca
esmc_PC1486,-0.005084955109829858,0.012804191031717524,0.005084955109829858,embedding_pca
esmc_PC1487,-0.0068564744555296665,0.008280904877911378,0.0068564744555296665,embedding_pca
esmc_PC1488,-0.013625217413878354,0.010715008945697296,0.013625217413878354,embedding_pca
esmc_PC1489,0.004292793553019826,0.016617388088533077,0.004292793553019826,embedding_pca
esmc_PC1490,0.004293830504415239,0.013691610348878485,0.004293830504415239,embedding_pca
esmc_PC1491,0.009403170145075286,0.012964719906408314,0.009403170145075286,embedding_pca
esmc_PC1492,0.0015612352549661142,0.01565818335955788,0.0015612352549661142,embedding_pca
esmc_PC1493,-0.0034325753696140293,0.013801753635014876,0.0034325753696140293,embedding_pca
esmc_PC1494,0.008878334086150092,0.014830563192381435,0.008878334086150092,embedding_pca
esmc_PC1495,-0.0016150657488652805,0.017296087270551957,0.0016150657488652805,embedding_pca
esmc_PC1496,-0.001297592954275254,0.014612465621485037,0.001297592954275254,embedding_pca
esmc_PC1497,-0.012767826330962328,0.021904372254816895,0.012767826330962328,embedding_pca
esmc_PC1498,0.006085648652692289,0.01285919249435952,0.006085648652692289,embedding_pca
esmc_PC1499,0.011888198660038452,0.02290445949237027,0.011888198660038452,embedding_pca
esmc_PC1500,0.007626850037349968,0.011224656867577721,0.007626850037349968,embedding_pca
esmc_PC1501,0.002034558261342612,0.011631385909279078,0.002034558261342612,embedding_pca
esmc_PC1502,0.0030594434567826683,0.012270113580213163,0.0030594434567826683,embedding_pca
esmc_PC1503,-0.0033345853988233755,0.0076016972576931265,0.0033345853988233755,embedding_pca
esmc_PC1504,0.007828491485126743,0.0035914368590020474,0.007828491485126743,embedding_pca
esmc_PC1505,-0.009759055495471545,0.014309086791689145,0.009759055495471545,embedding_pca
esmc_PC1506,0.00028026139865807413,0.012642519366816629,0.00028026139865807413,embedding_pca
esmc_PC1507,-0.0011723762114317295,0.010638039949471958,0.0011723762114317295,embedding_pca
esmc_PC1508,-0.0011355056542177132,0.01449271036710374,0.0011355056542177132,embedding_pca
esmc_PC1509,0.0038732589583191936,0.005764081343130335,0.0038732589583191936,embedding_pca
esmc_PC1510,0.0035342625099731837,0.020082514332279075,0.0035342625099731837,embedding_pca
esmc_PC1511,-0.0018393709098633061,0.016677125031364783,0.0018393709098633061,embedding_pca
esmc_PC1512,-0.005253543246446147,0.0070779363618962,0.005253543246446147,embedding_pca
esmc_PC1513,-0.006752398120861598,0.005720426554469442,0.006752398120861598,embedding_pca
esmc_PC1514,0.005893574042052752,0.011960565035509515,0.005893574042052752,embedding_pca
esmc_PC1515,0.004368353527054848,0.017757175331546988,0.004368353527054848,embedding_pca
esmc_PC1516,0.005397635712988156,0.01460597039171148,0.005397635712988156,embedding_pca
esmc_PC1517,0.00972609906105248,0.014831452402919883,0.00972609906105248,embedding_pca
esmc_PC1518,0.006195851684146754,0.004685611247954547,0.006195851684146754,embedding_pca
esmc_PC1519,0.00048203052992035233,0.010670619679776486,0.00048203052992035233,embedding_pca
esmc_PC1520,-0.006727555204646278,0.011696215525366647,0.006727555204646278,embedding_pca
esmc_PC1521,-0.0012289729360720036,0.012838056713620578,0.0012289729360720036,embedding_pca
esmc_PC1522,0.0011863471517120777,0.021311152598224012,0.0011863471517120777,embedding_pca
esmc_PC1523,0.007006335776883822,0.00874960877046322,0.007006335776883822,embedding_pca
esmc_PC1524,0.005469219425991019,0.014870485359216333,0.005469219425991019,embedding_pca
esmc_PC1525,-0.001463546935433672,0.00820106605880194,0.001463546935433672,embedding_pca
esmc_PC1526,-0.003805721265089536,0.014361472951364881,0.003805721265089536,embedding_pca
esmc_PC1527,-0.004079017674697677,0.007435634624370843,0.004079017674697677,embedding_pca
esmc_PC1528,-0.0072401080876676824,0.020413067393469042,0.0072401080876676824,embedding_pca
esmc_PC1529,0.0020497248029627164,0.016134245034387533,0.0020497248029627164,embedding_pca
esmc_PC1530,-0.010900790225832926,0.01167085487008446,0.010900790225832926,embedding_pca
esmc_PC1531,-0.002092080274089214,0.013283717780921196,0.002092080274089214,embedding_pca
esmc_PC1532,0.005112296077812037,0.010819041420968527,0.005112296077812037,embedding_pca
esmc_PC1533,-0.007729407388147374,0.024935481303956557,0.007729407388147374,embedding_pca
esmc_PC1534,-0.0029142324121829676,0.013355583431037429,0.0029142324121829676,embedding_pca
esmc_PC1535,0.011461054005489328,0.009814215218769046,0.011461054005489328,embedding_pca
esmc_PC1536,0.0001588053153728294,0.004672555798982626,0.0001588053153728294,embedding_pca
esmc_PC1537,-0.0025471608592518304,0.014298780571895367,0.0025471608592518304,embedding_pca
esmc_PC1538,0.0043751269949015665,0.003961913053663749,0.0043751269949015665,embedding_pca
esmc_PC1539,-0.006041594033723781,0.008334438364716826,0.006041594033723781,embedding_pca
esmc_PC1540,0.00504572118585677,0.008560884029818399,0.00504572118585677,embedding_pca
esmc_PC1541,-0.0018353738923674232,0.012600580668032942,0.0018353738923674232,embedding_pca
esmc_PC1542,0.0025401839106180832,0.02332975619021705,0.0025401839106180832,embedding_pca
esmc_PC1543,-0.008462506483776841,0.010645354917493372,0.008462506483776841,embedding_pca
esmc_PC1544,-0.0009347817675119232,0.020895368526091397,0.0009347817675119232,embedding_pca
esmc_PC1545,0.004945888755395712,0.013483686575830444,0.004945888755395712,embedding_pca
esmc_PC1546,-0.004847329806373705,0.009295563481419045,0.004847329806373705,embedding_pca
esmc_PC1547,0.005350903841317467,0.02162834242214934,0.005350903841317467,embedding_pca
esmc_PC1548,-0.0026620138480883066,0.007285368019580813,0.0026620138480883066,embedding_pca
esmc_PC1549,0.008279970208589343,0.006303651182957497,0.008279970208589343,embedding_pca
esmc_PC1550,-0.011985778931148732,0.007662908599671327,0.011985778931148732,embedding_pca
esmc_PC1551,0.019791470218253185,0.01923004654525322,0.019791470218253185,embedding_pca
esmc_PC1552,0.005095433272561449,0.017579996562056385,0.005095433272561449,embedding_pca
esmc_PC1553,-0.012079327351364763,0.006864887230444958,0.012079327351364763,embedding_pca
esmc_PC1554,0.0018559864165920807,0.01487500264411182,0.0018559864165920807,embedding_pca
esmc_PC1555,0.005439705274195539,0.011691655853891245,0.005439705274195539,embedding_pca
esmc_PC1556,-0.0007270527126423728,0.008712547099017386,0.0007270527126423728,embedding_pca
esmc_PC1557,0.006871260301173918,0.011733965356452282,0.006871260301173918,embedding_pca
esmc_PC1558,-0.010947178606775524,0.010855853980891509,0.010947178606775524,embedding_pca
esmc_PC1559,0.005004350826617745,0.006442394000911948,0.005004350826617745,embedding_pca
esmc_PC1560,-0.012200333587510163,0.012435138547750033,0.012200333587510163,embedding_pca
esmc_PC1561,-0.010658964273126102,0.021385157318794125,0.010658964273126102,embedding_pca
esmc_PC1562,0.007430691463943592,0.01711569499576875,0.007430691463943592,embedding_pca
esmc_PC1563,-0.001954714721402252,0.016089166662510927,0.001954714721402252,embedding_pca
esmc_PC1564,-0.007223684208076071,0.008381821882658782,0.007223684208076071,embedding_pca
esmc_PC1565,0.0035872059440586385,0.0119412105564686,0.0035872059440586385,embedding_pca
esmc_PC1566,0.004518587480949691,0.006150118189367954,0.004518587480949691,embedding_pca
esmc_PC1567,0.0008122828494919049,0.02182386182286962,0.0008122828494919049,embedding_pca
esmc_PC1568,-0.006023610806557118,0.009320821003508558,0.006023610806557118,embedding_pca
esmc_PC1569,0.007911741034451178,0.006497021667105985,0.007911741034451178,embedding_pca
esmc_PC1570,0.0044432637955245284,0.01557043191694065,0.0044432637955245284,embedding_pca
esmc_PC1571,0.012690460206579527,0.008447385888647616,0.012690460206579527,embedding_pca
esmc_PC1572,-0.007961721965968182,0.017952604659913055,0.007961721965968182,embedding_pca
esmc_PC1573,-0.0012214349528306956,0.010207788065225343,0.0012214349528306956,embedding_pca
esmc_PC1574,-0.0008708068639182401,0.015628146920920075,0.0008708068639182401,embedding_pca
esmc_PC1575,-0.0028843500127338343,0.005204274900140566,0.0028843500127338343,embedding_pca
esmc_PC1576,0.007191041819090102,0.01983514040966263,0.007191041819090102,embedding_pca
esmc_PC1577,0.0046714882234091,0.005387496244708356,0.0046714882234091,embedding_pca
esmc_PC1578,0.008917245070351645,0.017822743395904263,0.008917245070351645,embedding_pca
esmc_PC1579,-0.0018581570906240573,0.014758522580191471,0.0018581570906240573,embedding_pca
esmc_PC1580,-0.009376683176289424,0.016014999921888713,0.009376683176289424,embedding_pca
esmc_PC1581,0.006543180463716927,0.02054099740339328,0.006543180463716927,embedding_pca
esmc_PC1582,0.0038024562820850607,0.012365760609983402,0.0038024562820850607,embedding_pca
esmc_PC1583,-0.0013170776240627787,0.01279057026980141,0.0013170776240627787,embedding_pca
esmc_PC1584,-0.004276054764546742,0.010635239853233006,0.004276054764546742,embedding_pca
esmc_PC1585,0.0003707365843149698,0.01688071098873234,0.0003707365843149698,embedding_pca
esmc_PC1586,-0.009769854280807929,0.0077314393076871706,0.009769854280807929,embedding_pca
esmc_PC1587,0.0049421808599334534,0.015295544236823938,0.0049421808599334534,embedding_pca
esmc_PC1588,0.0036900516297334145,0.014375418157294992,0.0036900516297334145,embedding_pca
esmc_PC1589,-0.011514450233818094,0.014307214278296433,0.011514450233818094,embedding_pca
esmc_PC1590,0.008782064981624085,0.022005386706647617,0.008782064981624085,embedding_pca
esmc_PC1591,0.0006122471151066192,0.014474136664392656,0.0006122471151066192,embedding_pca
esmc_PC1592,-0.003759288373315939,0.019371940790252572,0.003759288373315939,embedding_pca
esmc_PC1593,0.007665104842783474,0.020916708787984843,0.007665104842783474,embedding_pca
esmc_PC1594,0.008714271498158819,0.010146811350643797,0.008714271498158819,embedding_pca
esmc_PC1595,0.008386392173271407,0.01575076001238971,0.008386392173271407,embedding_pca
esmc_PC1596,-0.0020008334821599084,0.012753423418115776,0.0020008334821599084,embedding_pca
esmc_PC1597,-0.0015767368177482233,0.01615286169825092,0.0015767368177482233,embedding_pca
esmc_PC1598,-0.0025119123931421983,0.008327117757844725,0.0025119123931421983,embedding_pca
esmc_PC1599,0.006178135719672062,0.011091675863419885,0.006178135719672062,embedding_pca
esmc_PC1600,-0.005299649355508926,0.013214733258600819,0.005299649355508926,embedding_pca
esmc_PC1601,-0.011192225051901927,0.0061361576801320225,0.011192225051901927,embedding_pca
esmc_PC1602,-0.00778897555135932,0.006582685947562708,0.00778897555135932,embedding_pca
esmc_PC1603,0.001947558382219955,0.014543143068049344,0.001947558382219955,embedding_pca
esmc_PC1604,0.010368424654380686,0.009398821745185013,0.010368424654380686,embedding_pca
esmc_PC1605,0.005353811075816109,0.01549851698778601,0.005353811075816109,embedding_pca
esmc_PC1606,-0.005861349579590327,0.017921828436920886,0.005861349579590327,embedding_pca
esmc_PC1607,0.003464999366310386,0.010278890737514725,0.003464999366310386,embedding_pca
esmc_PC1608,-0.0017698227303366322,0.01437961747631966,0.0017698227303366322,embedding_pca
esmc_PC1609,-0.009203510094852822,0.014590082922309084,0.009203510094852822,embedding_pca
esmc_PC1610,0.011513885708359147,0.013776944426288022,0.011513885708359147,embedding_pca
esmc_PC1611,0.01033101559378354,0.01257773019096224,0.01033101559378354,embedding_pca
esmc_PC1612,-0.004020635389181099,0.0163763007047405,0.004020635389181099,embedding_pca
esmc_PC1613,0.005166973525168108,0.02799817011932713,0.005166973525168108,embedding_pca
esmc_PC1614,0.001465643184620631,0.014081277649252552,0.001465643184620631,embedding_pca
esmc_PC1615,0.014373487563494509,0.01803972969106972,0.014373487563494509,embedding_pca
esmc_PC1616,-0.008163656636841342,0.02636993528806553,0.008163656636841342,embedding_pca
esmc_PC1617,-0.00274584924700243,0.004638641986133083,0.00274584924700243,embedding_pca
esmc_PC1618,-0.0029661020863868343,0.0055241802148641534,0.0029661020863868343,embedding_pca
esmc_PC1619,0.0030723387806768357,0.008746239764859793,0.0030723387806768357,embedding_pca
esmc_PC1620,0.0060861315244938935,0.011640651878589259,0.0060861315244938935,embedding_pca
esmc_PC1621,-0.01107183556568735,0.013336351054816365,0.01107183556568735,embedding_pca
esmc_PC1622,5.0350381054598165e-05,0.01555420357262012,5.0350381054598165e-05,embedding_pca
esmc_PC1623,-0.005464606926951819,0.006564159595874608,0.005464606926951819,embedding_pca
esmc_PC1624,0.0019991077411803723,0.009691391799974886,0.0019991077411803723,embedding_pca
esmc_PC1625,-0.004103848153647128,0.009154916576277698,0.004103848153647128,embedding_pca
esmc_PC1626,0.0017606180049848919,0.011064470241020764,0.0017606180049848919,embedding_pca
esmc_PC1627,-0.0019251999557500746,0.01309225373127752,0.0019251999557500746,embedding_pca
esmc_PC1628,-0.007053237201712146,0.02008250551370935,0.007053237201712146,embedding_pca
esmc_PC1629,-0.0033762817351008284,0.011519824217640652,0.0033762817351008284,embedding_pca
esmc_PC1630,-0.007895567166492251,0.008530413395890127,0.007895567166492251,embedding_pca
esmc_PC1631,0.003940986062544479,0.013715478558636637,0.003940986062544479,embedding_pca
esmc_PC1632,0.0030546885268791643,0.027202651388043557,0.0030546885268791643,embedding_pca
esmc_PC1633,-0.002463270445395098,0.007988896987439625,0.002463270445395098,embedding_pca
esmc_PC1634,-0.01304158522488058,0.011129108887663686,0.01304158522488058,embedding_pca
esmc_PC1635,0.002065289402029379,0.01073343732869791,0.002065289402029379,embedding_pca
esmc_PC1636,-0.00015605564237490126,0.023733120080029788,0.00015605564237490126,embedding_pca
esmc_PC1637,0.009529848183393438,0.012589012099208603,0.009529848183393438,embedding_pca
esmc_PC1638,-0.0032542299871651395,0.008235862232563127,0.0032542299871651395,embedding_pca
esmc_PC1639,0.005021741136526115,0.01452339701035209,0.005021741136526115,embedding_pca
esmc_PC1640,-0.004453917700924978,0.011987598538789973,0.004453917700924978,embedding_pca
esmc_PC1641,-0.012104730156015143,0.011346536282166886,0.012104730156015143,embedding_pca
esmc_PC1642,-0.0003399947137426064,0.01586845926579555,0.0003399947137426064,embedding_pca
esmc_PC1643,-0.004985099026472381,0.007961268413669486,0.004985099026472381,embedding_pca
esmc_PC1644,0.007121752714355704,0.01339750320147896,0.007121752714355704,embedding_pca
esmc_PC1645,-0.007076013775794235,0.008260876496889554,0.007076013775794235,embedding_pca
esmc_PC1646,-0.001914218218305457,0.017682156786879302,0.001914218218305457,embedding_pca
esmc_PC1647,-0.0034822771946542755,0.013654059617065997,0.0034822771946542755,embedding_pca
esmc_PC1648,0.004530023405932703,0.004948724425745925,0.004530023405932703,embedding_pca
esmc_PC1649,-0.0023310566962914544,0.015199753530505499,0.0023310566962914544,embedding_pca
esmc_PC1650,-0.0018606842881535635,0.008477431400526656,0.0018606842881535635,embedding_pca
esmc_PC1651,-0.014715521126421183,0.01587455939502171,0.014715521126421183,embedding_pca
esmc_PC1652,-0.005239437473840469,0.023287933608102312,0.005239437473840469,embedding_pca
esmc_PC1653,0.010001878037083425,0.011832678072778019,0.010001878037083425,embedding_pca
esmc_PC1654,-0.0052161035535269774,0.006046770144071563,0.0052161035535269774,embedding_pca
esmc_PC1655,-0.005214721061882325,0.015632345718034707,0.005214721061882325,embedding_pca
esmc_PC1656,0.004346365010192351,0.010000026062216569,0.004346365010192351,embedding_pca
esmc_PC1657,-0.006777733148556115,0.015898749909867862,0.006777733148556115,embedding_pca
esmc_PC1658,-0.0008356380611377761,0.009673552138623852,0.0008356380611377761,embedding_pca
esmc_PC1659,-0.003384822289865458,0.01610681455581852,0.003384822289865458,embedding_pca
esmc_PC1660,-0.012716182950596313,0.013318128212459628,0.012716182950596313,embedding_pca
esmc_PC1661,-0.0022845597431685235,0.012405906626230949,0.0022845597431685235,embedding_pca
esmc_PC1662,0.004770657734855191,0.004992834034491175,0.004770657734855191,embedding_pca
esmc_PC1663,-0.017963989496055807,0.009765507397861205,0.017963989496055807,embedding_pca
esmc_PC1664,-0.006625201416241273,0.011332183391054223,0.006625201416241273,embedding_pca
esmc_PC1665,0.00553356035717804,0.019223187877500887,0.00553356035717804,embedding_pca
esmc_PC1666,-0.008817114958941007,0.012978933302910474,0.008817114958941007,embedding_pca
esmc_PC1667,-0.0027818033545974306,0.010722683829602937,0.0027818033545974306,embedding_pca
esmc_PC1668,0.01076359229664737,0.029252130926700242,0.01076359229664737,embedding_pca
esmc_PC1669,-0.0033775818165034084,0.012813134396301462,0.0033775818165034084,embedding_pca
esmc_PC1670,-0.0014807544231349816,0.014328421103616179,0.0014807544231349816,embedding_pca
esmc_PC1671,0.006519158422978321,0.012648189921593802,0.006519158422978321,embedding_pca
esmc_PC1672,-0.0019017947563009449,0.00999532831963879,0.0019017947563009449,embedding_pca
esmc_PC1673,-0.0013771312540543936,0.02173918452836068,0.0013771312540543936,embedding_pca
esmc_PC1674,-0.00894998119364386,0.01408394524016439,0.00894998119364386,embedding_pca
esmc_PC1675,0.0077649812449735785,0.013785788587315339,0.0077649812449735785,embedding_pca
esmc_PC1676,-0.008513290912376771,0.02127661588758405,0.008513290912376771,embedding_pca
esmc_PC1677,-0.0018511668429104602,0.004994200266503657,0.0018511668429104602,embedding_pca
esmc_PC1678,-0.000717352659380658,0.008733936069885286,0.000717352659380658,embedding_pca
esmc_PC1679,-0.0057881494888190835,0.014325240237842663,0.0057881494888190835,embedding_pca
esmc_PC1680,-0.004704885757463162,0.006483889995334234,0.004704885757463162,embedding_pca
esmc_PC1681,-0.020816206906716303,0.017823259892766095,0.020816206906716303,embedding_pca
esmc_PC1682,-0.0076399585803793605,0.01056426019305248,0.0076399585803793605,embedding_pca
esmc_PC1683,-0.005077340133123491,0.0171424726047913,0.005077340133123491,embedding_pca
esmc_PC1684,0.0046864081818478375,0.013984313408676672,0.0046864081818478375,embedding_pca
esmc_PC1685,-0.0028149512832392086,0.022411930193657184,0.0028149512832392086,embedding_pca
esmc_PC1686,-0.006872945573548786,0.01090225436440403,0.006872945573548786,embedding_pca
esmc_PC1687,0.004091467159426023,0.008414437924363333,0.004091467159426023,embedding_pca
esmc_PC1688,-0.0009269009179955717,0.010574911172994705,0.0009269009179955717,embedding_pca
esmc_PC1689,0.006308478338238657,0.01584966140675418,0.006308478338238657,embedding_pca
esmc_PC1690,0.010796776489700122,0.007178232726237062,0.010796776489700122,embedding_pca
esmc_PC1691,-0.002746790152993386,0.017396510891636418,0.002746790152993386,embedding_pca
esmc_PC1692,0.009717894536032739,0.014375323917556686,0.009717894536032739,embedding_pca
esmc_PC1693,0.004348944094142057,0.013042956398024731,0.004348944094142057,embedding_pca
esmc_PC1694,0.0037027559196221777,0.02737303346686889,0.0037027559196221777,embedding_pca
esmc_PC1695,-0.00019137881141763623,0.01432275475973185,0.00019137881141763623,embedding_pca
esmc_PC1696,0.004778020362698679,0.02253338184586324,0.004778020362698679,embedding_pca
esmc_PC1697,0.017533457280493315,0.019946596931165742,0.017533457280493315,embedding_pca
esmc_PC1698,0.006527140838739963,0.008804035981643466,0.006527140838739963,embedding_pca
esmc_PC1699,0.014791474992129438,0.009873242212216698,0.014791474992129438,embedding_pca
esmc_PC1700,-0.011157666721041414,0.01816220778574989,0.011157666721041414,embedding_pca
esmc_PC1701,0.006866186300274221,0.016547063254974993,0.006866186300274221,embedding_pca
esmc_PC1702,-0.008326764833403152,0.014389978206192118,0.008326764833403152,embedding_pca
esmc_PC1703,-0.004991123607995148,0.009665951543143814,0.004991123607995148,embedding_pca
esmc_PC1704,-0.004247124162101015,0.012202845789312891,0.004247124162101015,embedding_pca
esmc_PC1705,0.005131118792517474,0.007922826061107804,0.005131118792517474,embedding_pca
esmc_PC1706,-0.004284910060785111,0.006912814606648548,0.004284910060785111,embedding_pca
esmc_PC1707,0.004835224930421904,0.019827326965281347,0.004835224930421904,embedding_pca
esmc_PC1708,-0.00835642379035772,0.010667503022514634,0.00835642379035772,embedding_pca
esmc_PC1709,0.00717838648657534,0.011733893804202878,0.00717838648657534,embedding_pca
esmc_PC1710,0.0030062952277461323,0.013727079726654351,0.0030062952277461323,embedding_pca
esmc_PC1711,-0.003962611028742543,0.010904597263972355,0.003962611028742543,embedding_pca
esmc_PC1712,0.0009176687012553466,0.006956070291668973,0.0009176687012553466,embedding_pca
esmc_PC1713,0.001756493220636515,0.012714135896213357,0.001756493220636515,embedding_pca
esmc_PC1714,-0.004861518886594982,0.016246624968987683,0.004861518886594982,embedding_pca
esmc_PC1715,-0.009064243051356339,0.017492236457851973,0.009064243051356339,embedding_pca
esmc_PC1716,-0.002877967607723214,0.010037263597300183,0.002877967607723214,embedding_pca
esmc_PC1717,0.0076494589427295355,0.0028527732561144698,0.0076494589427295355,embedding_pca
esmc_PC1718,-0.004542185252726467,0.016950082046088347,0.004542185252726467,embedding_pca
esmc_PC1719,0.0017997586164609474,0.008912047826581648,0.0017997586164609474,embedding_pca
esmc_PC1720,-0.00864701201679439,0.01547116267370171,0.00864701201679439,embedding_pca
esmc_PC1721,0.0015785548628690746,0.005780404686380482,0.0015785548628690746,embedding_pca
esmc_PC1722,-0.003721906018613376,0.011596552786703174,0.003721906018613376,embedding_pca
esmc_PC1723,0.009452112752714358,0.024607255996063955,0.009452112752714358,embedding_pca
esmc_PC1724,0.0025257449503247294,0.018441763107666678,0.0025257449503247294,embedding_pca
esmc_PC1725,-0.00680761961281675,0.00937595140411248,0.00680761961281675,embedding_pca
esmc_PC1726,0.0008608401300460075,0.009222346747076903,0.0008608401300460075,embedding_pca
esmc_PC1727,-0.007506425888833343,0.008564599644945457,0.007506425888833343,embedding_pca
esmc_PC1728,0.004104375733081732,0.0117141259075727,0.004104375733081732,embedding_pca
esmc_PC1729,0.008853873189431424,0.01996108544226848,0.008853873189431424,embedding_pca
esmc_PC1730,0.007448954787562738,0.007862527082549252,0.007448954787562738,embedding_pca
esmc_PC1731,-0.0030086553792884286,0.011914212705489376,0.0030086553792884286,embedding_pca
esmc_PC1732,0.003971829568977518,0.015289950897631055,0.003971829568977518,embedding_pca
esmc_PC1733,-0.0027456615394130046,0.009166384711944649,0.0027456615394130046,embedding_pca
esmc_PC1734,0.009926442695343724,0.011417120700091857,0.009926442695343724,embedding_pca
esmc_PC1735,0.0018819975984818928,0.012806112860791133,0.0018819975984818928,embedding_pca
esmc_PC1736,0.0023696450793547507,0.010650423454360035,0.0023696450793547507,embedding_pca
esmc_PC1737,-0.004014744264113692,0.012494063765169438,0.004014744264113692,embedding_pca
esmc_PC1738,0.005565028424715437,0.00955025696079854,0.005565028424715437,embedding_pca
esmc_PC1739,0.008061072355979509,0.003652485830676134,0.008061072355979509,embedding_pca
esmc_PC1740,0.002672839912936321,0.015523813517460202,0.002672839912936321,embedding_pca
esmc_PC1741,0.009736829453797443,0.008774797786661464,0.009736829453797443,embedding_pca
esmc_PC1742,0.006040314544451369,0.009581780296087358,0.006040314544451369,embedding_pca
esmc_PC1743,0.0023022550254339193,0.008646600265097091,0.0023022550254339193,embedding_pca
esmc_PC1744,-0.00450206405646814,0.0118800206827425,0.00450206405646814,embedding_pca
esmc_PC1745,-0.002279256918506103,0.011191474652231923,0.002279256918506103,embedding_pca
esmc_PC1746,-0.0005767103954100933,0.0167036892123932,0.0005767103954100933,embedding_pca
esmc_PC1747,-0.015692466065828442,0.011309318835886827,0.015692466065828442,embedding_pca
esmc_PC1748,0.005908632293269738,0.01894189565975233,0.005908632293269738,embedding_pca
esmc_PC1749,-0.006612636450457246,0.006224303210166061,0.006612636450457246,embedding_pca
esmc_PC1750,0.009585824461709467,0.00817350685715315,0.009585824461709467,embedding_pca
esmc_PC1751,-0.01136615986256197,0.014345210339140992,0.01136615986256197,embedding_pca
esmc_PC1752,-0.015551704276028866,0.013793716066533835,0.015551704276028866,embedding_pca
esmc_PC1753,-0.004665652108614207,0.012279040854170212,0.004665652108614207,embedding_pca
esmc_PC1754,-0.0010366873158789958,0.014678407296843742,0.0010366873158789958,embedding_pca
esmc_PC1755,3.0347019842373244e-05,0.01607490679873438,3.0347019842373244e-05,embedding_pca
esmc_PC1756,0.004366749546969976,0.014785374830051276,0.004366749546969976,embedding_pca
esmc_PC1757,-0.00035111348937495355,0.010397563787380881,0.00035111348937495355,embedding_pca
esmc_PC1758,0.0038430842508942243,0.00912018456936157,0.0038430842508942243,embedding_pca
esmc_PC1759,0.009543773421885662,0.011752505614497342,0.009543773421885662,embedding_pca
esmc_PC1760,0.00582667354783247,0.011517569797707185,0.00582667354783247,embedding_pca
esmc_PC1761,0.007555117898783275,0.01056604826372673,0.007555117898783275,embedding_pca
esmc_PC1762,-0.009674843957312752,0.014495395167808693,0.009674843957312752,embedding_pca
esmc_PC1763,-0.000911796670850152,0.01386958021059136,0.000911796670850152,embedding_pca
esmc_PC1764,-0.0020800188011358585,0.012624857403721096,0.0020800188011358585,embedding_pca
esmc_PC1765,0.004735241207423612,0.00758599157149711,0.004735241207423612,embedding_pca
esmc_PC1766,-0.00011095639641318586,0.018298794545320577,0.00011095639641318586,embedding_pca
esmc_PC1767,0.0035121266651834127,0.014562205630462906,0.0035121266651834127,embedding_pca
esmc_PC1768,0.00436245614521495,0.015271326556150773,0.00436245614521495,embedding_pca
esmc_PC1769,0.010177648414285064,0.008623265441635792,0.010177648414285064,embedding_pca
esmc_PC1770,0.0041084934341565505,0.022402870420202357,0.0041084934341565505,embedding_pca
esmc_PC1771,-0.0024927361938606395,0.015692747205510182,0.0024927361938606395,embedding_pca
esmc_PC1772,-0.00523926229124425,0.017716905372505514,0.00523926229124425,embedding_pca
esmc_PC1773,0.013217006540477364,0.01337310021406206,0.013217006540477364,embedding_pca
esmc_PC1774,0.0019633958475731737,0.026785495286618676,0.0019633958475731737,embedding_pca
esmc_PC1775,0.007310582468113581,0.010797382994684883,0.007310582468113581,embedding_pca
esmc_PC1776,0.010315764398713892,0.011838674812004304,0.010315764398713892,embedding_pca
esmc_PC1777,-0.009320204359620768,0.009747112015822323,0.009320204359620768,embedding_pca
esmc_PC1778,0.0018437151359698145,0.01440964292515878,0.0018437151359698145,embedding_pca
esmc_PC1779,-4.674727646762876e-05,0.017578835376441098,4.674727646762876e-05,embedding_pca
esmc_PC1780,0.0029304401391981563,0.007165614011444737,0.0029304401391981563,embedding_pca
esmc_PC1781,0.003059630845191074,0.006009641765898751,0.003059630845191074,embedding_pca
esmc_PC1782,0.003142321816452334,0.02127125431180589,0.003142321816452334,embedding_pca
esmc_PC1783,0.0029823445751559455,0.017337873502742115,0.0029823445751559455,embedding_pca
esmc_PC1784,-0.0021103397854967615,0.023179085429709298,0.0021103397854967615,embedding_pca
esmc_PC1785,-0.007625164024273082,0.019202889108229548,0.007625164024273082,embedding_pca
esmc_PC1786,-0.0018614598633779505,0.028703464944270552,0.0018614598633779505,embedding_pca
esmc_PC1787,0.0008779103269284979,0.014399659496993504,0.0008779103269284979,embedding_pca
esmc_PC1788,-0.005493267491589844,0.01257591792753818,0.005493267491589844,embedding_pca
esmc_PC1789,0.006676109123715935,0.017508289839976342,0.006676109123715935,embedding_pca
esmc_PC1790,0.010230349082166832,0.01069989437435704,0.010230349082166832,embedding_pca
esmc_PC1791,0.0068216775981084265,0.009942378675164579,0.0068216775981084265,embedding_pca
esmc_PC1792,-0.0014457218063575427,0.006576933391714135,0.0014457218063575427,embedding_pca
esmc_PC1793,-0.0036586987360666214,0.02214120164153475,0.0036586987360666214,embedding_pca
esmc_PC1794,-0.00022175078404942616,0.02147952376083605,0.00022175078404942616,embedding_pca
esmc_PC1795,-0.0036169735936771147,0.014152847801402885,0.0036169735936771147,embedding_pca
esmc_PC1796,-0.002197872468130725,0.011170774748388294,0.002197872468130725,embedding_pca
esmc_PC1797,-0.0016547804579934871,0.007318165997958334,0.0016547804579934871,embedding_pca
esmc_PC1798,-0.00025049697600343335,0.009676585899782814,0.00025049697600343335,embedding_pca
esmc_PC1799,-0.005208836867239476,0.02640954743965043,0.005208836867239476,embedding_pca
esmc_PC1800,-0.0024212117377878004,0.01389831736296716,0.0024212117377878004,embedding_pca
esmc_PC1801,-0.0027431961153487534,0.015810433304472748,0.0027431961153487534,embedding_pca
esmc_PC1802,0.0006438669206799231,0.027125955621518892,0.0006438669206799231,embedding_pca
esmc_PC1803,0.001729197266310631,0.01090936086925335,0.001729197266310631,embedding_pca
esmc_PC1804,-0.011717898903606687,0.0154891658971865,0.011717898903606687,embedding_pca
esmc_PC1805,-0.00352997681157783,0.016222447928725438,0.00352997681157783,embedding_pca
esmc_PC1806,-0.008382353933899472,0.004632147836203145,0.008382353933899472,embedding_pca
esmc_PC1807,0.00930238702702852,0.02114957145888454,0.00930238702702852,embedding_pca
esmc_PC1808,0.00959087193461637,0.009250194779559781,0.00959087193461637,embedding_pca
esmc_PC1809,-0.017636042636410408,0.012231409971869694,0.017636042636410408,embedding_pca
esmc_PC1810,0.0053067883628215426,0.009817534909476434,0.0053067883628215426,embedding_pca
esmc_PC1811,-0.006268992566065737,0.02129172109111489,0.006268992566065737,embedding_pca
esmc_PC1812,0.0015476909512243404,0.023690847050765983,0.0015476909512243404,embedding_pca
esmc_PC1813,0.0027843915589983457,0.010826294760383172,0.0027843915589983457,embedding_pca
esmc_PC1814,0.008625670144149972,0.01192948424668922,0.008625670144149972,embedding_pca
esmc_PC1815,0.00908724009654908,0.008081734369659256,0.00908724009654908,embedding_pca
esmc_PC1816,0.0029211468524643737,0.016745671979053012,0.0029211468524643737,embedding_pca
esmc_PC1817,-0.0034705172032484,0.013234920941235653,0.0034705172032484,embedding_pca
esmc_PC1818,-0.007991071024087224,0.021805350359737914,0.007991071024087224,embedding_pca
esmc_PC1819,-0.0002626684007527528,0.008675951320199141,0.0002626684007527528,embedding_pca
esmc_PC1820,0.004129198535304525,0.014256189669295262,0.004129198535304525,embedding_pca
esmc_PC1821,0.01165280456258037,0.021223164845053367,0.01165280456258037,embedding_pca
esmc_PC1822,-0.014660337806393281,0.0084591191048361,0.014660337806393281,embedding_pca
esmc_PC1823,0.0011166484535948934,0.013140473983161751,0.0011166484535948934,embedding_pca
esmc_PC1824,-0.00350522637616612,0.01759845786555309,0.00350522637616612,embedding_pca
esmc_PC1825,0.010523411942210221,0.013521811771921313,0.010523411942210221,embedding_pca
esmc_PC1826,-0.002142992549203761,0.016778187135393516,0.002142992549203761,embedding_pca
esmc_PC1827,-0.002337271141671306,0.02667487629933337,0.002337271141671306,embedding_pca
esmc_PC1828,0.0026662979367065623,0.011711825715975597,0.0026662979367065623,embedding_pca
esmc_PC1829,0.0034274700312047052,0.007413023267896758,0.0034274700312047052,embedding_pca
esmc_PC1830,-0.002196327473546292,0.009742917670520119,0.002196327473546292,embedding_pca
esmc_PC1831,-0.007596842467610593,0.010437653688760148,0.007596842467610593,embedding_pca
esmc_PC1832,0.001447452393133751,0.014968034813024833,0.001447452393133751,embedding_pca
esmc_PC1833,0.010986559549758296,0.015893620227987338,0.010986559549758296,embedding_pca
esmc_PC1834,0.008639998025624858,0.007391664207845526,0.008639998025624858,embedding_pca
esmc_PC1835,-0.002924419466804105,0.004571660128381283,0.002924419466804105,embedding_pca
esmc_PC1836,-0.0019570219130187255,0.018233758199143753,0.0019570219130187255,embedding_pca
esmc_PC1837,0.012622367530134005,0.008308580065313128,0.012622367530134005,embedding_pca
esmc_PC1838,0.0005073443430927763,0.02331170356260589,0.0005073443430927763,embedding_pca
esmc_PC1839,-0.008121420166845573,0.006907699891218486,0.008121420166845573,embedding_pca
esmc_PC1840,0.0016974952470322074,0.009115606549924982,0.0016974952470322074,embedding_pca
esmc_PC1841,0.001834993952266053,0.017274977334868196,0.001834993952266053,embedding_pca
esmc_PC1842,0.01085307721552943,0.009433998805775704,0.01085307721552943,embedding_pca
esmc_PC1843,0.012735824830100573,0.012967866744405554,0.012735824830100573,embedding_pca
esmc_PC1844,0.0019810234799881,0.008397057669702971,0.0019810234799881,embedding_pca
esmc_PC1845,0.0027882847204541384,0.008687651536577742,0.0027882847204541384,embedding_pca
esmc_PC1846,0.0018357209990105948,0.021291891507157313,0.0018357209990105948,embedding_pca
esmc_PC1847,0.0011153318331373417,0.012659142924522263,0.0011153318331373417,embedding_pca
esmc_PC1848,-0.01073502462337957,0.009065042783438976,0.01073502462337957,embedding_pca
esmc_PC1849,0.012396645282754581,0.011442121777192617,0.012396645282754581,embedding_pca
esmc_PC1850,-0.0017846550141737902,0.013546227859048073,0.0017846550141737902,embedding_pca
esmc_PC1851,-0.002201081471640034,0.013313676656899956,0.002201081471640034,embedding_pca
esmc_PC1852,-0.0007195162564042456,0.008876490570400417,0.0007195162564042456,embedding_pca
esmc_PC1853,0.0073926305892963754,0.016412235015969386,0.0073926305892963754,embedding_pca
esmc_PC1854,-0.0019166335340962837,0.007016648430160719,0.0019166335340962837,embedding_pca
esmc_PC1855,-0.0027973141356826604,0.0187910941470805,0.0027973141356826604,embedding_pca
esmc_PC1856,0.003555177255751478,0.007522268885463409,0.003555177255751478,embedding_pca
esmc_PC1857,0.0026948129865921,0.01405113831745436,0.0026948129865921,embedding_pca
esmc_PC1858,-0.01206059339060575,0.019389998485305537,0.01206059339060575,embedding_pca
esmc_PC1859,0.012925070012384396,0.008372410739432068,0.012925070012384396,embedding_pca
esmc_PC1860,-0.004602088571737663,0.015735743074004924,0.004602088571737663,embedding_pca
esmc_PC1861,-0.012795292596393342,0.009797731085483334,0.012795292596393342,embedding_pca
esmc_PC1862,0.0021732242363948296,0.010585431062078538,0.0021732242363948296,embedding_pca
esmc_PC1863,0.00777257164878962,0.014218635104280166,0.00777257164878962,embedding_pca
esmc_PC1864,-0.0042037966263374455,0.010164921868701665,0.0042037966263374455,embedding_pca
esmc_PC1865,-0.011988636954323409,0.01338638905339168,0.011988636954323409,embedding_pca
esmc_PC1866,0.004813597975534513,0.010143585487053642,0.004813597975534513,embedding_pca
esmc_PC1867,0.0019439156907632641,0.0117831550611342,0.0019439156907632641,embedding_pca
esmc_PC1868,0.00221691133636518,0.010020854188322869,0.00221691133636518,embedding_pca
esmc_PC1869,0.002355594404438859,0.015079573677118477,0.002355594404438859,embedding_pca
esmc_PC1870,0.019058981662584396,0.015868767019720058,0.019058981662584396,embedding_pca
esmc_PC1871,-0.00868968315705208,0.017528909032335165,0.00868968315705208,embedding_pca
esmc_PC1872,0.00021442954925806056,0.016629829467961117,0.00021442954925806056,embedding_pca
esmc_PC1873,-0.003331814441958382,0.015376668417835321,0.003331814441958382,embedding_pca
esmc_PC1874,0.003974182547808736,0.009053276465983114,0.003974182547808736,embedding_pca
esmc_PC1875,-0.002294112093572412,0.007296467014475032,0.002294112093572412,embedding_pca
esmc_PC1876,-0.005098256633872063,0.014219780816860319,0.005098256633872063,embedding_pca
esmc_PC1877,-0.009096009625113127,0.016641673384346863,0.009096009625113127,embedding_pca
esmc_PC1878,0.004619658403216312,0.01510535106182348,0.004619658403216312,embedding_pca
esmc_PC1879,0.000507056881913827,0.011710652880431131,0.000507056881913827,embedding_pca
esmc_PC1880,0.0006972671458338481,0.013830002106947127,0.0006972671458338481,embedding_pca
esmc_PC1881,0.002850527830354533,0.0174751305903039,0.002850527830354533,embedding_pca
esmc_PC1882,-0.0028918577105544146,0.009343839759372956,0.0028918577105544146,embedding_pca
esmc_PC1883,0.006192950711817257,0.013983210594438565,0.006192950711817257,embedding_pca
esmc_PC1884,0.012978622534851224,0.005383430939311431,0.012978622534851224,embedding_pca
esmc_PC1885,3.075918017121926e-05,0.014437045313428033,3.075918017121926e-05,embedding_pca
esmc_PC1886,-0.014796289169234597,0.012288701975609594,0.014796289169234597,embedding_pca
esmc_PC1887,-0.0019473276166186173,0.009450404401230265,0.0019473276166186173,embedding_pca
esmc_PC1888,0.004152471997237081,0.007830386617040422,0.004152471997237081,embedding_pca
esmc_PC1889,0.0033274026963560966,0.01134205895766421,0.0033274026963560966,embedding_pca
esmc_PC1890,-0.004406431491659252,0.01355183715703796,0.004406431491659252,embedding_pca
esmc_PC1891,-0.00017714350671305668,0.016875148200354753,0.00017714350671305668,embedding_pca
esmc_PC1892,0.008270591253572542,0.01607584453755261,0.008270591253572542,embedding_pca
esmc_PC1893,0.0027692445825586113,0.0034219691628868134,0.0027692445825586113,embedding_pca
esmc_PC1894,0.013646450096576676,0.0030384108229459575,0.013646450096576676,embedding_pca
esmc_PC1895,0.007431608075541904,0.012043261194475649,0.007431608075541904,embedding_pca
esmc_PC1896,-0.00508309058863444,0.011021909403650903,0.00508309058863444,embedding_pca
esmc_PC1897,-0.008236612124881998,0.009975486379782057,0.008236612124881998,embedding_pca
esmc_PC1898,-0.003557878216365085,0.009868421402446736,0.003557878216365085,embedding_pca
esmc_PC1899,0.0012910031262633188,0.012772262942753134,0.0012910031262633188,embedding_pca
esmc_PC1900,-0.004629336354473264,0.013534767109084961,0.004629336354473264,embedding_pca
esmc_PC1901,-0.007528755149425101,0.01153148830051763,0.007528755149425101,embedding_pca
esmc_PC1902,-0.004640204068038659,0.014597344971834727,0.004640204068038659,embedding_pca
esmc_PC1903,-0.01205945638691772,0.010562668195949237,0.01205945638691772,embedding_pca
esmc_PC1904,-0.004028463293009907,0.010638184454129614,0.004028463293009907,embedding_pca
esmc_PC1905,0.006164015051817963,0.018546767970212263,0.006164015051817963,embedding_pca
esmc_PC1906,0.009753081465959847,0.015545812407360103,0.009753081465959847,embedding_pca
esmc_PC1907,-0.0054199328994129934,0.009810366529595311,0.0054199328994129934,embedding_pca
esmc_PC1908,-0.00756942130644359,0.007365121233021685,0.00756942130644359,embedding_pca
esmc_PC1909,-0.002173111606017802,0.017388773363980835,0.002173111606017802,embedding_pca
esmc_PC1910,0.00844010882492299,0.013247011574902628,0.00844010882492299,embedding_pca
esmc_PC1911,-0.0038602928508742634,0.013615221231409994,0.0038602928508742634,embedding_pca
esmc_PC1912,-0.0074823108690759196,0.010013980887298702,0.0074823108690759196,embedding_pca
esmc_PC1913,0.0022197050108935233,0.010728480864142707,0.0022197050108935233,embedding_pca
esmc_PC1914,-0.0066525502298030335,0.018236987324351254,0.0066525502298030335,embedding_pca
esmc_PC1915,-0.009333308832230006,0.009277694221052877,0.009333308832230006,embedding_pca
esmc_PC1916,-0.00574578636954674,0.011550242848298836,0.00574578636954674,embedding_pca
esmc_PC1917,0.0016019378704691146,0.011194685072792762,0.0016019378704691146,embedding_pca
esmc_PC1918,0.0011890896676116942,0.009953678008837891,0.0011890896676116942,embedding_pca
esmc_PC1919,0.0008228274766691361,0.00876019503227627,0.0008228274766691361,embedding_pca
esmc_PC1920,-0.007821993754474798,0.008343177658227173,0.007821993754474798,embedding_pca
esmc_PC1921,-0.004720007669013903,0.004963067161386414,0.004720007669013903,embedding_pca
esmc_PC1922,-0.0036403209439041526,0.00847414223655916,0.0036403209439041526,embedding_pca
esmc_PC1923,0.006747004149857695,0.012418617897661521,0.006747004149857695,embedding_pca
esmc_PC1924,-0.015938065757251603,0.013444134637928233,0.015938065757251603,embedding_pca
esmc_PC1925,-0.0015441331489958125,0.010946568402900553,0.0015441331489958125,embedding_pca
esmc_PC1926,0.00294097483735938,0.01625240191901961,0.00294097483735938,embedding_pca
esmc_PC1927,0.000758747837354167,0.0017702628312150721,0.000758747837354167,embedding_pca
esmc_PC1928,0.009711151362564844,0.010893410604451644,0.009711151362564844,embedding_pca
esmc_PC1929,-0.00022932488935939674,0.013975919390909976,0.00022932488935939674,embedding_pca
esmc_PC1930,-0.0021313914616907237,0.004701535029335334,0.0021313914616907237,embedding_pca
esmc_PC1931,-0.005860212822397609,0.008816437812158318,0.005860212822397609,embedding_pca
esmc_PC1932,0.004583712336655329,0.01062488558001141,0.004583712336655329,embedding_pca
esmc_PC1933,-0.010270446428088281,0.012318201762542532,0.010270446428088281,embedding_pca
esmc_PC1934,-0.0011687080983972236,0.0223089013391445,0.0011687080983972236,embedding_pca
esmc_PC1935,0.008060905743521645,0.018441292024716515,0.008060905743521645,embedding_pca
esmc_PC1936,-0.014022044327456304,0.007413571672736273,0.014022044327456304,embedding_pca
esmc_PC1937,0.0005929560666315871,0.01555746287901431,0.0005929560666315871,embedding_pca
esmc_PC1938,0.00757944112695888,0.012485802892122123,0.00757944112695888,embedding_pca
esmc_PC1939,0.0030462757484738742,0.003915997155412385,0.0030462757484738742,embedding_pca
esmc_PC1940,0.007024221628101263,0.01278475371789677,0.007024221628101263,embedding_pca
esmc_PC1941,0.00011973062261121659,0.005707757775432448,0.00011973062261121659,embedding_pca
esmc_PC1942,0.0022797756944190964,0.014852141449433124,0.0022797756944190964,embedding_pca
esmc_PC1943,-0.003446929200595848,0.015579199121827524,0.003446929200595848,embedding_pca
esmc_PC1944,-0.0011811874052605725,0.00795278564640305,0.0011811874052605725,embedding_pca
esmc_PC1945,0.001555499162004346,0.00548369227289145,0.001555499162004346,embedding_pca
esmc_PC1946,0.00512905456801027,0.01830229822205835,0.00512905456801027,embedding_pca
esmc_PC1947,0.0023408006610819076,0.01252432674055517,0.0023408006610819076,embedding_pca
esmc_PC1948,0.009014189505979618,0.014671676417184797,0.009014189505979618,embedding_pca
esmc_PC1949,0.008331893335038868,0.01276587244640132,0.008331893335038868,embedding_pca
esmc_PC1950,0.004327031245145989,0.016201828157594664,0.004327031245145989,embedding_pca
esmc_PC1951,0.00348157754740281,0.012136516774534076,0.00348157754740281,embedding_pca
esmc_PC1952,0.00836021995073819,0.016386134811257433,0.00836021995073819,embedding_pca
esmc_PC1953,0.00200358853524326,0.02189807476518579,0.00200358853524326,embedding_pca
esmc_PC1954,-0.0006056863297920795,0.015388459897817015,0.0006056863297920795,embedding_pca
esmc_PC1955,0.003015927241375723,0.018989392210987388,0.003015927241375723,embedding_pca
esmc_PC1956,0.003805168737852619,0.011960535370145041,0.003805168737852619,embedding_pca
esmc_PC1957,-0.006145099717068755,0.004810066008012554,0.006145099717068755,embedding_pca
esmc_PC1958,-0.007398746370483139,0.006178989480034926,0.007398746370483139,embedding_pca
esmc_PC1959,-0.008667247867514686,0.005563623650531249,0.008667247867514686,embedding_pca
esmc_PC1960,0.004045134486337544,0.01972403832387805,0.004045134486337544,embedding_pca
esmc_PC1961,-0.0010835799372218534,0.010594670514237134,0.0010835799372218534,embedding_pca
esmc_PC1962,-0.0006968355364035502,0.01414196989576719,0.0006968355364035502,embedding_pca
esmc_PC1963,0.012504523963262876,0.006497492131003558,0.012504523963262876,embedding_pca
esmc_PC1964,-0.0018115484416404899,0.007960846057006074,0.0018115484416404899,embedding_pca
esmc_PC1965,-0.006922641823983164,0.01139423552535296,0.006922641823983164,embedding_pca
esmc_PC1966,0.0034489908408780975,0.017318399643988514,0.0034489908408780975,embedding_pca
esmc_PC1967,-0.0036235780999507735,0.012016377125928896,0.0036235780999507735,embedding_pca
esmc_PC1968,0.006896126194132592,0.012283228324855542,0.006896126194132592,embedding_pca
esmc_PC1969,0.000834458991884102,0.00875313736657942,0.000834458991884102,embedding_pca
esmc_PC1970,0.011279456625467938,0.021269062570598858,0.011279456625467938,embedding_pca
esmc_PC1971,0.0023805592698243673,0.007053106061969124,0.0023805592698243673,embedding_pca
esmc_PC1972,-0.0040988770554637515,0.011526181804587926,0.0040988770554637515,embedding_pca
esmc_PC1973,-0.007604181648247749,0.016853214603972995,0.007604181648247749,embedding_pca
esmc_PC1974,0.006607195812620278,0.017471132448274963,0.006607195812620278,embedding_pca
esmc_PC1975,0.0014955147438892886,0.007493491194626402,0.0014955147438892886,embedding_pca
esmc_PC1976,0.003024114221481573,0.019911564903450186,0.003024114221481573,embedding_pca
esmc_PC1977,-0.0016791150552648653,0.016571831169678083,0.0016791150552648653,embedding_pca
esmc_PC1978,0.0012681784784440494,0.016818069339346542,0.0012681784784440494,embedding_pca
esmc_PC1979,-0.008870164129480232,0.008048324902702278,0.008870164129480232,embedding_pca
esmc_PC1980,0.0024215119237740645,0.01728172965279075,0.0024215119237740645,embedding_pca
esmc_PC1981,0.0053114657865828,0.0118203165214976,0.0053114657865828,embedding_pca
esmc_PC1982,0.003838177787555763,0.012308322272392376,0.003838177787555763,embedding_pca
esmc_PC1983,0.008755766622407929,0.004005591634070313,0.008755766622407929,embedding_pca
esmc_PC1984,0.0010308704894221147,0.02237904354545666,0.0010308704894221147,embedding_pca
esmc_PC1985,0.0028514306382229192,0.011507515307594814,0.0028514306382229192,embedding_pca
esmc_PC1986,0.00555738565855875,0.00980641037189925,0.00555738565855875,embedding_pca
esmc_PC1987,-0.00048452379373731345,0.006720689526318914,0.00048452379373731345,embedding_pca
esmc_PC1988,0.005089752974282832,0.011485430143107525,0.005089752974282832,embedding_pca
esmc_PC1989,0.0059707136739335824,0.010352100096074297,0.0059707136739335824,embedding_pca
esmc_PC1990,0.011345951353242945,0.016221214845018588,0.011345951353242945,embedding_pca
esmc_PC1991,0.0028583616071041163,0.01282806715279835,0.0028583616071041163,embedding_pca
esmc_PC1992,0.014466309777072531,0.009678440588452538,0.014466309777072531,embedding_pca
esmc_PC1993,-0.001792650929129829,0.014952690538046013,0.001792650929129829,embedding_pca
esmc_PC1994,-0.0069025817244185005,0.016564707819285845,0.0069025817244185005,embedding_pca
esmc_PC1995,-0.004142222351777901,0.006155194799226926,0.004142222351777901,embedding_pca
esmc_PC1996,0.0007579268564931556,0.014636731722354543,0.0007579268564931556,embedding_pca
esmc_PC1997,-0.000855061616109137,0.015802566433710915,0.000855061616109137,embedding_pca
esmc_PC1998,-0.003289333438164538,0.008752674732687343,0.003289333438164538,embedding_pca
esmc_PC1999,0.008767558039126155,0.015251574495760627,0.008767558039126155,embedding_pca
esmc_PC2000,0.01126507609288494,0.006382780914557987,0.01126507609288494,embedding_pca
esmc_PC2001,-0.002182112368162144,0.017064270920640976,0.002182112368162144,embedding_pca
esmc_PC2002,-0.002960847221140642,0.012453188478028144,0.002960847221140642,embedding_pca
esmc_PC2003,0.0062618557033563196,0.018778046916987964,0.0062618557033563196,embedding_pca
esmc_PC2004,-0.010854192611447554,0.01638207109581358,0.010854192611447554,embedding_pca
esmc_PC2005,0.003261976617837649,0.007974894103348203,0.003261976617837649,embedding_pca
esmc_PC2006,0.010829262287590933,0.006293957321704287,0.010829262287590933,embedding_pca
esmc_PC2007,0.009586975493014783,0.02127460891906677,0.009586975493014783,embedding_pca
esmc_PC2008,0.019132726899852973,0.016722717404856376,0.019132726899852973,embedding_pca
esmc_PC2009,-0.003630116156480382,0.013613257387288216,0.003630116156480382,embedding_pca
esmc_PC2010,0.014955354772761989,0.01751431988265944,0.014955354772761989,embedding_pca
esmc_PC2011,-0.0027478964456610277,0.016870201480499822,0.0027478964456610277,embedding_pca
esmc_PC2012,0.008215086074210934,0.009806958650123236,0.008215086074210934,embedding_pca
esmc_PC2013,0.006802773970472027,0.007592620514382403,0.006802773970472027,embedding_pca
esmc_PC2014,-0.008211040821983569,0.010512301710850089,0.008211040821983569,embedding_pca
esmc_PC2015,0.0015841996662717226,0.010896026030895659,0.0015841996662717226,embedding_pca
esmc_PC2016,0.0011291642143405629,0.012352217952501894,0.0011291642143405629,embedding_pca
esmc_PC2017,0.018533533978695626,0.011491773037617167,0.018533533978695626,embedding_pca
esmc_PC2018,-0.01366902585241582,0.010744908764601858,0.01366902585241582,embedding_pca
esmc_PC2019,-0.005619548273729751,0.015480731809817938,0.005619548273729751,embedding_pca
esmc_PC2020,-0.0012221311927106402,0.003474752476079752,0.0012221311927106402,embedding_pca
esmc_PC2021,-0.004566946140931461,0.01306125807674153,0.004566946140931461,embedding_pca
esmc_PC2022,-0.004459233066724871,0.006794954123868593,0.004459233066724871,embedding_pca
esmc_PC2023,0.005779511823184157,0.01887850725082691,0.005779511823184157,embedding_pca
esmc_PC2024,0.009107352103758085,0.014895861490268105,0.009107352103758085,embedding_pca
esmc_PC2025,-0.0002798615074391537,0.012912676467650238,0.0002798615074391537,embedding_pca
esmc_PC2026,-0.007030698705184543,0.008711990046093791,0.007030698705184543,embedding_pca
esmc_PC2027,-0.008537362070306812,0.008560779550297468,0.008537362070306812,embedding_pca
esmc_PC2028,0.0033151414860655413,0.00782548908005373,0.0033151414860655413,embedding_pca
esmc_PC2029,0.011306951628741225,0.008940536833645207,0.011306951628741225,embedding_pca
esmc_PC2030,0.001998428316589265,0.013585170909429553,0.001998428316589265,embedding_pca
esmc_PC2031,-0.00047365108510654476,0.024705399767187042,0.00047365108510654476,embedding_pca
esmc_PC2032,0.0031462600598452474,0.004743325103751446,0.0031462600598452474,embedding_pca
esmc_PC2033,0.005209371886278898,0.007818021171395812,0.005209371886278898,embedding_pca
esmc_PC2034,-0.0022338365208276617,0.006425189962907878,0.0022338365208276617,embedding_pca
esmc_PC2035,0.005161411081207127,0.013363994852754102,0.005161411081207127,embedding_pca
esmc_PC2036,-0.0013817842688457608,0.02310177032000068,0.0013817842688457608,embedding_pca
esmc_PC2037,-0.0068508411499538955,0.014651438996964387,0.0068508411499538955,embedding_pca
esmc_PC2038,-0.000982453450701249,0.015231883663657766,0.000982453450701249,embedding_pca
esmc_PC2039,0.005705508401020833,0.01059620266069969,0.005705508401020833,embedding_pca
esmc_PC2040,-0.006024047510812867,0.011439892628954125,0.006024047510812867,embedding_pca
esmc_PC2041,-0.0029483352409885527,0.015124629970106366,0.0029483352409885527,embedding_pca
esmc_PC2042,-0.003576773850526635,0.010035041342126674,0.003576773850526635,embedding_pca
esmc_PC2043,0.002164773858484395,0.01016620137125426,0.002164773858484395,embedding_pca
esmc_PC2044,-0.012932881601417617,0.009722370220798816,0.012932881601417617,embedding_pca
esmc_PC2045,0.008583152556691221,0.012838271203964914,0.008583152556691221,embedding_pca
esmc_PC2046,-0.005252828757077541,0.017839766569636355,0.005252828757077541,embedding_pca
esmc_PC2047,-0.01320601693313396,0.005293400013635466,0.01320601693313396,embedding_pca
esmc_PC2048,0.006835057919549399,0.014915839690365225,0.006835057919549399,embedding_pca
esmc_PC2049,0.01149093530396086,0.013289876401054036,0.01149093530396086,embedding_pca
esmc_PC2050,0.0013401110865592452,0.005086351012907021,0.0013401110865592452,embedding_pca
esmc_PC2051,0.006796385085460914,0.009368887962414727,0.006796385085460914,embedding_pca
esmc_PC2052,0.00020903818513936644,0.008285764466108927,0.00020903818513936644,embedding_pca
esmc_PC2053,0.010297562621234022,0.014931268755909506,0.010297562621234022,embedding_pca
esmc_PC2054,-0.003066894420880233,0.012730572599241789,0.003066894420880233,embedding_pca
esmc_PC2055,0.003287082597989221,0.008200503925192823,0.003287082597989221,embedding_pca
esmc_PC2056,0.0037051389939043978,0.008749404349330749,0.0037051389939043978,embedding_pca
esmc_PC2057,-0.005624574573155113,0.014682393142290131,0.005624574573155113,embedding_pca
esmc_PC2058,0.005828591822866451,0.013769673871371539,0.005828591822866451,embedding_pca
esmc_PC2059,-2.1019577877569307e-05,0.015604552575958015,2.1019577877569307e-05,embedding_pca
esmc_PC2060,0.005804394785112562,0.020155220538941986,0.005804394785112562,embedding_pca
esmc_PC2061,0.0059768538989204405,0.009424827738061827,0.0059768538989204405,embedding_pca
esmc_PC2062,0.006564204993974828,0.01702496591525446,0.006564204993974828,embedding_pca
esmc_PC2063,-0.013496906667763509,0.010954791870503121,0.013496906667763509,embedding_pca
esmc_PC2064,0.004031739269176223,0.016633903121879928,0.004031739269176223,embedding_pca
esmc_PC2065,-0.0002148462455985288,0.01747828432224404,0.0002148462455985288,embedding_pca
esmc_PC2066,-0.0037083876116558827,0.007316120174382625,0.0037083876116558827,embedding_pca
esmc_PC2067,-0.005095369450057776,0.006509530031481056,0.005095369450057776,embedding_pca
esmc_PC2068,-0.01007010729767558,0.009474606328030596,0.01007010729767558,embedding_pca
esmc_PC2069,-0.0037411820655425887,0.013939627132106292,0.0037411820655425887,embedding_pca
esmc_PC2070,-0.007085667765723748,0.008833892603160044,0.007085667765723748,embedding_pca
esmc_PC2071,0.007102436126628887,0.0065442766947784595,0.007102436126628887,embedding_pca
esmc_PC2072,-0.015727274914413458,0.013299074100791236,0.015727274914413458,embedding_pca
esmc_PC2073,0.0032597369400782948,0.013470362831762133,0.0032597369400782948,embedding_pca
esmc_PC2074,-0.0008884925873719147,0.008428774608460043,0.0008884925873719147,embedding_pca
esmc_PC2075,0.0011855495107199595,0.0059177999126464355,0.0011855495107199595,embedding_pca
esmc_PC2076,0.00816046938097272,0.007830502800084793,0.00816046938097272,embedding_pca
esmc_PC2077,0.0025314137438749926,0.0074457732365742785,0.0025314137438749926,embedding_pca
esmc_PC2078,0.0060841175502021495,0.016447185681385257,0.0060841175502021495,embedding_pca
esmc_PC2079,0.00871359512258758,0.014289750892091257,0.00871359512258758,embedding_pca
esmc_PC2080,-0.007729060623744609,0.012237327389905505,0.007729060623744609,embedding_pca
esmc_PC2081,-0.006374122505934896,0.012554320607383457,0.006374122505934896,embedding_pca
esmc_PC2082,0.002047465118754534,0.01961849210391075,0.002047465118754534,embedding_pca
esmc_PC2083,-0.005668452185961565,0.016702070994485025,0.005668452185961565,embedding_pca
esmc_PC2084,-0.007552460220225214,0.01297746205295353,0.007552460220225214,embedding_pca
esmc_PC2085,0.0013517324297499915,0.016148696758047806,0.0013517324297499915,embedding_pca
esmc_PC2086,-0.012807714329853495,0.01430917528169595,0.012807714329853495,embedding_pca
esmc_PC2087,-0.019099040271179233,0.00897707240943854,0.019099040271179233,embedding_pca
esmc_PC2088,-0.005577749576047607,0.010008493264923627,0.005577749576047607,embedding_pca
esmc_PC2089,0.0022199883312828727,0.012023746719416882,0.0022199883312828727,embedding_pca
esmc_PC2090,0.0014388078469321035,0.011992745565602946,0.0014388078469321035,embedding_pca
esmc_PC2091,-0.0068907392196528375,0.017033248208668975,0.0068907392196528375,embedding_pca
esmc_PC2092,-0.00010331097018285717,0.00972227402813105,0.00010331097018285717,embedding_pca
esmc_PC2093,0.0017224991013209483,0.016679629193938676,0.0017224991013209483,embedding_pca
esmc_PC2094,0.005254498929676704,0.013656050401998868,0.005254498929676704,embedding_pca
esmc_PC2095,0.008585128283863182,0.019222623369585773,0.008585128283863182,embedding_pca
esmc_PC2096,-0.007863241073908983,0.008152827635144215,0.007863241073908983,embedding_pca
esmc_PC2097,0.0017135568055150912,0.016401825503617327,0.0017135568055150912,embedding_pca
esmc_PC2098,0.005830384874311525,0.02334619859859956,0.005830384874311525,embedding_pca
esmc_PC2099,-0.006825138742771542,0.01558009946677834,0.006825138742771542,embedding_pca
esmc_PC2100,0.003320393019500931,0.02102875403614756,0.003320393019500931,embedding_pca
esmc_PC2101,0.0063205842037442105,0.011097428066252574,0.0063205842037442105,embedding_pca
esmc_PC2102,-0.007020512777394504,0.021050424879390312,0.007020512777394504,embedding_pca
esmc_PC2103,-0.011764737328401923,0.01581262101205143,0.011764737328401923,embedding_pca
esmc_PC2104,0.01833010465681735,0.020111107845896294,0.01833010465681735,embedding_pca
esmc_PC2105,-0.006667201242532855,0.015763293907467595,0.006667201242532855,embedding_pca
esmc_PC2106,0.00024292328914715804,0.024278639104076773,0.00024292328914715804,embedding_pca
esmc_PC2107,0.007692825680057407,0.01717984356251258,0.007692825680057407,embedding_pca
esmc_PC2108,-0.008657558283917881,0.010526621747169297,0.008657558283917881,embedding_pca
esmc_PC2109,0.009391686224298645,0.021297975772377947,0.009391686224298645,embedding_pca
esmc_PC2110,0.006298894056150008,0.014784614050923612,0.006298894056150008,embedding_pca
esmc_PC2111,0.0003313948709143673,0.010039555936940463,0.0003313948709143673,embedding_pca
esmc_PC2112,-0.006176281608391995,0.013423048247566828,0.006176281608391995,embedding_pca
esmc_PC2113,-0.006210848834583433,0.01546036176207698,0.006210848834583433,embedding_pca
esmc_PC2114,0.014665479305203049,0.013650530837049427,0.014665479305203049,embedding_pca
esmc_PC2115,-0.0035056809358165386,0.019251198801294583,0.0035056809358165386,embedding_pca
esmc_PC2116,0.005049644723084299,0.011617253630184133,0.005049644723084299,embedding_pca
esmc_PC2117,0.017865453812521605,0.01478456838371814,0.017865453812521605,embedding_pca
esmc_PC2118,-0.006421558924684859,0.01622747028274877,0.006421558924684859,embedding_pca
esmc_PC2119,-0.003733759773968419,0.009922895953202662,0.003733759773968419,embedding_pca
esmc_PC2120,-0.0069169464267923655,0.010180266016952948,0.0069169464267923655,embedding_pca
esmc_PC2121,-0.0038061343134666733,0.017660773487753304,0.0038061343134666733,embedding_pca
esmc_PC2122,0.004249228084375752,0.02100840062536969,0.004249228084375752,embedding_pca
esmc_PC2123,-0.009284005404506714,0.006503857496730488,0.009284005404506714,embedding_pca
esmc_PC2124,0.002123233809807333,0.017030596932188558,0.002123233809807333,embedding_pca
esmc_PC2125,0.01872909221736822,0.00878180239524204,0.01872909221736822,embedding_pca
esmc_PC2126,0.0022183135758717313,0.013085426246292243,0.0022183135758717313,embedding_pca
esmc_PC2127,-0.0020032446733240263,0.008758472651365515,0.0020032446733240263,embedding_pca
esmc_PC2128,-0.00246505315581539,0.011655163558632765,0.00246505315581539,embedding_pca
esmc_PC2129,0.011026262146713386,0.01556779621133916,0.011026262146713386,embedding_pca
esmc_PC2130,0.005658586945720448,0.020593247284804418,0.005658586945720448,embedding_pca
esmc_PC2131,-0.0023832244374801348,0.008162971591086253,0.0023832244374801348,embedding_pca
esmc_PC2132,-0.004328073518997479,0.018535498739797644,0.004328073518997479,embedding_pca
esmc_PC2133,0.006518324835502987,0.012836990732448093,0.006518324835502987,embedding_pca
esmc_PC2134,-0.0008256812531566044,0.015260913604560753,0.0008256812531566044,embedding_pca
esmc_PC2135,-0.0004861417376301574,0.008259957737263972,0.0004861417376301574,embedding_pca
esmc_PC2136,-0.003434149744280339,0.02808034918401512,0.003434149744280339,embedding_pca
esmc_PC2137,-0.010478010820848834,0.008291963139945895,0.010478010820848834,embedding_pca
esmc_PC2138,0.0021140231008351896,0.015335068906833619,0.0021140231008351896,embedding_pca
esmc_PC2139,0.0004144631496039686,0.013962541236802632,0.0004144631496039686,embedding_pca
esmc_PC2140,0.003738278972175199,0.010233874301847063,0.003738278972175199,embedding_pca
esmc_PC2141,-0.004770970765883558,0.013457659459183395,0.004770970765883558,embedding_pca
esmc_PC2142,-0.003882572178242962,0.009268856834313456,0.003882572178242962,embedding_pca
esmc_PC2143,0.0013657575408385857,0.015133979063775822,0.0013657575408385857,embedding_pca
esmc_PC2144,-0.0023747149863240355,0.011016816835595451,0.0023747149863240355,embedding_pca
esmc_PC2145,0.0011320373874844087,0.02263249051564842,0.0011320373874844087,embedding_pca
esmc_PC2146,0.008243965242816006,0.019694303797671214,0.008243965242816006,embedding_pca
esmc_PC2147,0.010714451170069385,0.013468847401846033,0.010714451170069385,embedding_pca
esmc_PC2148,0.014529411408975193,0.020263872079433056,0.014529411408975193,embedding_pca
esmc_PC2149,-0.0032600274019622495,0.01177586497229285,0.0032600274019622495,embedding_pca
esmc_PC2150,0.0043042136291492885,0.022051381540006694,0.0043042136291492885,embedding_pca
esmc_PC2151,-0.001112110710860942,0.021733262704505627,0.001112110710860942,embedding_pca
esmc_PC2152,-0.007479107210058756,0.014739037889090523,0.007479107210058756,embedding_pca
esmc_PC2153,0.0027658810962793235,0.009612623174147952,0.0027658810962793235,embedding_pca
esmc_PC2154,-0.005943639186882216,0.018944418460798206,0.005943639186882216,embedding_pca
esmc_PC2155,-0.009147517371285186,0.014912467022639634,0.009147517371285186,embedding_pca
esmc_PC2156,-0.002823026243903671,0.02068901062089427,0.002823026243903671,embedding_pca
esmc_PC2157,-0.0035476338795237877,0.02318015779347321,0.0035476338795237877,embedding_pca
esmc_PC2158,0.011401897355814618,0.015496792363695087,0.011401897355814618,embedding_pca
esmc_PC2159,0.006998789354925207,0.018947577511931473,0.006998789354925207,embedding_pca
esmc_PC2160,0.002530083727517668,0.02028789942398891,0.002530083727517668,embedding_pca
esmc_PC2161,0.0037285500453243386,0.007259903544951358,0.0037285500453243386,embedding_pca
esmc_PC2162,0.010377448264655222,0.009689325200960467,0.010377448264655222,embedding_pca
esmc_PC2163,-0.004593609197632358,0.014101772237584038,0.004593609197632358,embedding_pca
esmc_PC2164,-0.005229776402506747,0.02034253239696406,0.005229776402506747,embedding_pca
esmc_PC2165,-0.004323625015824915,0.009702401558558232,0.004323625015824915,embedding_pca
esmc_PC2166,-0.004962500324708536,0.02139902852325228,0.004962500324708536,embedding_pca
esmc_PC2167,0.0058926442696980484,0.00908079086425398,0.0058926442696980484,embedding_pca
esmc_PC2168,0.01707705379917584,0.010781413737776753,0.01707705379917584,embedding_pca
esmc_PC2169,0.004736487517083417,0.011407945893663516,0.004736487517083417,embedding_pca
esmc_PC2170,-0.0005042407429971376,0.0061731047376050565,0.0005042407429971376,embedding_pca
esmc_PC2171,-0.0010137788831107932,0.016609407726172164,0.0010137788831107932,embedding_pca
esmc_PC2172,-0.01487467226073265,0.01540626562796789,0.01487467226073265,embedding_pca
esmc_PC2173,-0.005800920687564099,0.015638644126569238,0.005800920687564099,embedding_pca
esmc_PC2174,0.0007110039288505043,0.008892675803340357,0.0007110039288505043,embedding_pca
esmc_PC2175,0.003197959800347759,0.010413595360951327,0.003197959800347759,embedding_pca
esmc_PC2176,0.011843175681625193,0.02084746194161124,0.011843175681625193,embedding_pca
esmc_PC2177,-0.015732250940489374,0.012456804618905103,0.015732250940489374,embedding_pca
esmc_PC2178,0.0027131602043497906,0.02085967611305935,0.0027131602043497906,embedding_pca
esmc_PC2179,0.0026371079439049135,0.00915072759496471,0.0026371079439049135,embedding_pca
esmc_PC2180,-0.005209357579836151,0.018052702848271946,0.005209357579836151,embedding_pca
esmc_PC2181,-0.013277585545332293,0.013155762283652232,0.013277585545332293,embedding_pca
esmc_PC2182,-0.007921091787326287,0.019224044855504628,0.007921091787326287,embedding_pca
esmc_PC2183,0.017959285111635245,0.008656032866133962,0.017959285111635245,embedding_pca
esmc_PC2184,0.004798920339907324,0.02164087623685824,0.004798920339907324,embedding_pca
esmc_PC2185,0.0010135957738619356,0.004016376383081991,0.0010135957738619356,embedding_pca
esmc_PC2186,-0.0063418924647693446,0.011775601627070769,0.0063418924647693446,embedding_pca
esmc_PC2187,-0.00133688821685434,0.017253095913244473,0.00133688821685434,embedding_pca
esmc_PC2188,-0.001292586310088112,0.010428014052509801,0.001292586310088112,embedding_pca
esmc_PC2189,0.0041553816800479135,0.01270667297147497,0.0041553816800479135,embedding_pca
esmc_PC2190,-0.007747054490174113,0.009857971391132503,0.007747054490174113,embedding_pca
esmc_PC2191,-0.0028767519678478846,0.01371700581367491,0.0028767519678478846,embedding_pca
esmc_PC2192,-0.0007699128441176768,0.015368119412797141,0.0007699128441176768,embedding_pca
esmc_PC2193,-0.002971368542371118,0.015750948297428152,0.002971368542371118,embedding_pca
esmc_PC2194,0.0047277119503918216,0.004069881321222032,0.0047277119503918216,embedding_pca
esmc_PC2195,-0.007472747064720929,0.006198137987251089,0.007472747064720929,embedding_pca
esmc_PC2196,-0.0038127537473630242,0.007237347810440865,0.0038127537473630242,embedding_pca
esmc_PC2197,0.0006743094790900158,0.0118240610387678,0.0006743094790900158,embedding_pca
esmc_PC2198,0.0026873549257980323,0.008068289709592351,0.0026873549257980323,embedding_pca
esmc_PC2199,0.013047851668666921,0.01468372672925894,0.013047851668666921,embedding_pca
esmc_PC2200,-0.0010045217020949071,0.015008160287647178,0.0010045217020949071,embedding_pca
esmc_PC2201,0.013102044527358216,0.006294429333494025,0.013102044527358216,embedding_pca
esmc_PC2202,-0.005021981897465387,0.013427730883183834,0.005021981897465387,embedding_pca
esmc_PC2203,0.007014432042978351,0.017590671385960665,0.007014432042978351,embedding_pca
esmc_PC2204,-0.00605737425668617,0.015304896952662347,0.00605737425668617,embedding_pca
esmc_PC2205,-0.001105441095331633,0.014003152962495284,0.001105441095331633,embedding_pca
esmc_PC2206,-0.013031857334449903,0.009937367835194739,0.013031857334449903,embedding_pca
esmc_PC2207,0.0020380825961586304,0.013031736184732851,0.0020380825961586304,embedding_pca
esmc_PC2208,-0.005177712924009689,0.01368622798419704,0.005177712924009689,embedding_pca
esmc_PC2209,0.005757689291717797,0.011025075306552662,0.005757689291717797,embedding_pca
esmc_PC2210,-0.0027113937924870823,0.020569658126569083,0.0027113937924870823,embedding_pca
esmc_PC2211,0.004608211948075353,0.007789164764320587,0.004608211948075353,embedding_pca
esmc_PC2212,-0.008785581626058456,0.013416781364513792,0.008785581626058456,embedding_pca
esmc_PC2213,-0.01270743732573643,0.014951003677733785,0.01270743732573643,embedding_pca
esmc_PC2214,-0.0022997273950049325,0.008016968598802047,0.0022997273950049325,embedding_pca
esmc_PC2215,-0.0019402493927700721,0.010738173808966705,0.0019402493927700721,embedding_pca
esmc_PC2216,-0.012256660709593196,0.010241155774078671,0.012256660709593196,embedding_pca
esmc_PC2217,0.011621141222247288,0.00910574555402599,0.011621141222247288,embedding_pca
esmc_PC2218,0.010456520815351535,0.009927297720276092,0.010456520815351535,embedding_pca
esmc_PC2219,-0.012082156244145364,0.007595880292842953,0.012082156244145364,embedding_pca
esmc_PC2220,0.01562947269692088,0.009540588423385604,0.01562947269692088,embedding_pca
esmc_PC2221,-0.0003683467018410054,0.0070731870564158545,0.0003683467018410054,embedding_pca
esmc_PC2222,0.003777788045190216,0.009129479251090682,0.003777788045190216,embedding_pca
esmc_PC2223,0.016743374885594024,0.013815949070252078,0.016743374885594024,embedding_pca
esmc_PC2224,0.00817669330563906,0.016843538409902464,0.00817669330563906,embedding_pca
esmc_PC2225,0.005500350397348651,0.012816973437135929,0.005500350397348651,embedding_pca
esmc_PC2226,0.003609913239731661,0.011815268006944865,0.003609913239731661,embedding_pca
esmc_PC2227,0.003920793876921874,0.010868852657707864,0.003920793876921874,embedding_pca
esmc_PC2228,-0.0058993880278358085,0.008372233216148018,0.0058993880278358085,embedding_pca
esmc_PC2229,0.002106085816330787,0.02398433102367061,0.002106085816330787,embedding_pca
esmc_PC2230,0.0009849083747021704,0.01864623390987163,0.0009849083747021704,embedding_pca
esmc_PC2231,-0.00762748858650193,0.013245205413339472,0.00762748858650193,embedding_pca
esmc_PC2232,-0.0013222543446616058,0.010516244912810143,0.0013222543446616058,embedding_pca
esmc_PC2233,-0.0009041871125898257,0.010213737058722597,0.0009041871125898257,embedding_pca
esmc_PC2234,0.0014511744983377185,0.012023704121626575,0.0014511744983377185,embedding_pca
esmc_PC2235,0.0028708965181576123,0.010812124519002812,0.0028708965181576123,embedding_pca
esmc_PC2236,0.013880649044645041,0.01757528621708598,0.013880649044645041,embedding_pca
esmc_PC2237,-0.0007467158024070531,0.010899874680420092,0.0007467158024070531,embedding_pca
esmc_PC2238,0.0017522576672949167,0.011786238460384296,0.0017522576672949167,embedding_pca
esmc_PC2239,-0.001332745333555307,0.011177534283228319,0.001332745333555307,embedding_pca
esmc_PC2240,0.010190994022933556,0.017708683640146966,0.010190994022933556,embedding_pca
esmc_PC2241,-0.00032539250994493874,0.012742113448339405,0.00032539250994493874,embedding_pca
esmc_PC2242,-0.003025199496754669,0.023830617753568813,0.003025199496754669,embedding_pca
esmc_PC2243,-0.007715646697082576,0.01628933926021091,0.007715646697082576,embedding_pca
esmc_PC2244,-0.0008300123376705594,0.01005050744532678,0.0008300123376705594,embedding_pca
esmc_PC2245,-0.0004940180654376018,0.006887986410805207,0.0004940180654376018,embedding_pca
esmc_PC2246,0.006758309337370859,0.012511835979610489,0.006758309337370859,embedding_pca
esmc_PC2247,0.0011408053925087897,0.0092514980734551,0.0011408053925087897,embedding_pca
esmc_PC2248,-0.01154321437561601,0.021608385668825777,0.01154321437561601,embedding_pca
esmc_PC2249,-0.007636194179899742,0.012366306694070704,0.007636194179899742,embedding_pca
esmc_PC2250,0.0008858755547935217,0.017812291745257565,0.0008858755547935217,embedding_pca
esmc_PC2251,0.004941259784105754,0.01315679068388185,0.004941259784105754,embedding_pca
esmc_PC2252,0.003019879311175254,0.005212373101336036,0.003019879311175254,embedding_pca
esmc_PC2253,0.0024011159016999956,0.012625151386441527,0.0024011159016999956,embedding_pca
esmc_PC2254,0.005677561247123901,0.007676354246158805,0.005677561247123901,embedding_pca
esmc_PC2255,0.006310658865482035,0.01222886529681063,0.006310658865482035,embedding_pca
esmc_PC2256,0.0038598864906895223,0.01786969623786953,0.0038598864906895223,embedding_pca
esmc_PC2257,-0.004580304913901335,0.013254521046120913,0.004580304913901335,embedding_pca
esmc_PC2258,-0.015167026310735169,0.013348437959879673,0.015167026310735169,embedding_pca
esmc_PC2259,-0.005085120512503711,0.02282219402011795,0.005085120512503711,embedding_pca
esmc_PC2260,-0.0031814315456225365,0.008034929990069516,0.0031814315456225365,embedding_pca
esmc_PC2261,-0.007327341041925291,0.01063970155352691,0.007327341041925291,embedding_pca
esmc_PC2262,0.00692824375556327,0.011892337878883668,0.00692824375556327,embedding_pca
esmc_PC2263,-0.007422707691933247,0.01899569711916741,0.007422707691933247,embedding_pca
esmc_PC2264,0.008953274788264687,0.012323297561510708,0.008953274788264687,embedding_pca
esmc_PC2265,-0.0012801259477941748,0.011414812420532373,0.0012801259477941748,embedding_pca
esmc_PC2266,-0.0015733666588939287,0.012058212488899236,0.0015733666588939287,embedding_pca
esmc_PC2267,-0.009042997382860943,0.018825743017060498,0.009042997382860943,embedding_pca
esmc_PC2268,-0.004500792768013144,0.006037521256932216,0.004500792768013144,embedding_pca
esmc_PC2269,-0.011998424773838359,0.017411295364397134,0.011998424773838359,embedding_pca
esmc_PC2270,-0.001092909694903959,0.012974895294123006,0.001092909694903959,embedding_pca
esmc_PC2271,-0.0012719527290424061,0.015498124128625737,0.0012719527290424061,embedding_pca
esmc_PC2272,0.0011418691327142005,0.016023251080473352,0.0011418691327142005,embedding_pca
esmc_PC2273,0.003937638635950342,0.022538177240592313,0.003937638635950342,embedding_pca
esmc_PC2274,-0.0074747919936745625,0.013925149716366443,0.0074747919936745625,embedding_pca
esmc_PC2275,-0.0101542441443815,0.015827562922538122,0.0101542441443815,embedding_pca
esmc_PC2276,0.002279013158919584,0.008968995539219456,0.002279013158919584,embedding_pca
esmc_PC2277,-0.01662084054296292,0.012762901683278987,0.01662084054296292,embedding_pca
esmc_PC2278,-0.0020967333344152884,0.014355107279196252,0.0020967333344152884,embedding_pca
esmc_PC2279,0.0024496381053202942,0.007507918503385154,0.0024496381053202942,embedding_pca
esmc_PC2280,-0.008680825817231532,0.012606150086074191,0.008680825817231532,embedding_pca
esmc_PC2281,-0.00043329516994075335,0.015026117247452892,0.00043329516994075335,embedding_pca
esmc_PC2282,0.004710177037781571,0.013098089980314831,0.004710177037781571,embedding_pca
esmc_PC2283,0.007424999969864921,0.013454470674090372,0.007424999969864921,embedding_pca
esmc_PC2284,-0.01812463635681627,0.013119842944594964,0.01812463635681627,embedding_pca
esmc_PC2285,-0.00934526905744353,0.009628735653588063,0.00934526905744353,embedding_pca
esmc_PC2286,0.004559000755867812,0.023200832293418763,0.004559000755867812,embedding_pca
esmc_PC2287,-0.010622164525109199,0.017092156627196806,0.010622164525109199,embedding_pca
esmc_PC2288,0.006081903801038194,0.00908486976027256,0.006081903801038194,embedding_pca
esmc_PC2289,-0.012153257995340838,0.010722147424612897,0.012153257995340838,embedding_pca
esmc_PC2290,-0.009136450687511257,0.009974754941636929,0.009136450687511257,embedding_pca
esmc_PC2291,-0.007999379013233044,0.01163636032908622,0.007999379013233044,embedding_pca
esmc_PC2292,0.0007807847515446089,0.010125420452364973,0.0007807847515446089,embedding_pca
esmc_PC2293,0.0013597971280502636,0.013189035663085292,0.0013597971280502636,embedding_pca
esmc_PC2294,0.011741785367166453,0.01862954765272361,0.011741785367166453,embedding_pca
esmc_PC2295,0.0018358925851118633,0.01072397387417546,0.0018358925851118633,embedding_pca
esmc_PC2296,-0.004458985520426575,0.011099499919041965,0.004458985520426575,embedding_pca
esmc_PC2297,0.010020782377244495,0.014051383145056686,0.010020782377244495,embedding_pca
esmc_PC2298,0.009340669297239455,0.014168608304951147,0.009340669297239455,embedding_pca
esmc_PC2299,-0.0027653720303319686,0.014049855208464794,0.0027653720303319686,embedding_pca
esmc_PC2300,-0.0089335589191871,0.012328918728829236,0.0089335589191871,embedding_pca
esmc_PC2301,-0.005841518153227027,0.006411537724202495,0.005841518153227027,embedding_pca
esmc_PC2302,-0.0034009135334320045,0.018870746382093295,0.0034009135334320045,embedding_pca
esmc_PC2303,-0.00541860223199034,0.01331994328070135,0.00541860223199034,embedding_pca
esmc_PC2304,-0.01007161782911774,0.013744581500676385,0.01007161782911774,embedding_pca
esmc_PC2305,0.00039774034300620357,0.023169878837054333,0.00039774034300620357,embedding_pca
esmc_PC2306,-0.006667416761696829,0.005242372943871978,0.006667416761696829,embedding_pca
esmc_PC2307,-0.00528188718380386,0.016717346142414543,0.00528188718380386,embedding_pca
esmc_PC2308,-0.002130211407559551,0.01615296899823569,0.002130211407559551,embedding_pca
esmc_PC2309,-0.0062683904714726565,0.006042521616157178,0.0062683904714726565,embedding_pca
esmc_PC2310,-0.010429474194952852,0.010196662376422428,0.010429474194952852,embedding_pca
esmc_PC2311,-0.0034790039745623306,0.009404946190460508,0.0034790039745623306,embedding_pca
esmc_PC2312,0.004484021900362987,0.008556214775886953,0.004484021900362987,embedding_pca
esmc_PC2313,0.004063144522171976,0.009356095670255513,0.004063144522171976,embedding_pca
esmc_PC2314,0.006693396388896791,0.005846250116090232,0.006693396388896791,embedding_pca
esmc_PC2315,-0.01346297824204785,0.007230549108735906,0.01346297824204785,embedding_pca
esmc_PC2316,-0.0053494101087085116,0.0177798005254986,0.0053494101087085116,embedding_pca
esmc_PC2317,-0.004917002371168592,0.0027240114203124412,0.004917002371168592,embedding_pca
esmc_PC2318,-0.0002968112901700189,0.015142975027669802,0.0002968112901700189,embedding_pca
esmc_PC2319,-0.006646026260112026,0.0075103244391439335,0.006646026260112026,embedding_pca
esmc_PC2320,-0.004691029525151569,0.02271233832457025,0.004691029525151569,embedding_pca
esmc_PC2321,0.010514808978018375,0.018647838280902364,0.010514808978018375,embedding_pca
esmc_PC2322,-0.008121241572719784,0.011657821788598413,0.008121241572719784,embedding_pca
esmc_PC2323,-0.007567538574735346,0.016537264137164883,0.007567538574735346,embedding_pca
esmc_PC2324,0.0034311198436558243,0.018732907279515938,0.0034311198436558243,embedding_pca
esmc_PC2325,0.00830999307433796,0.00831620741977507,0.00830999307433796,embedding_pca
esmc_PC2326,0.002163836566980082,0.005975577278919585,0.002163836566980082,embedding_pca
esmc_PC2327,0.006617728867345529,0.006988508080359547,0.006617728867345529,embedding_pca
esmc_PC2328,0.0037559477730827683,0.007773371685696309,0.0037559477730827683,embedding_pca
esmc_PC2329,-0.0006164125125993484,0.010702354808365335,0.0006164125125993484,embedding_pca
esmc_PC2330,-0.019610406239732887,0.010614773719141912,0.019610406239732887,embedding_pca
esmc_PC2331,-0.002465924752339365,0.008292928681102462,0.002465924752339365,embedding_pca
esmc_PC2332,0.0015340047767673265,0.013789843315973146,0.0015340047767673265,embedding_pca
esmc_PC2333,0.0076782675025999616,0.011015606288410076,0.0076782675025999616,embedding_pca
esmc_PC2334,0.019130234336152165,0.003807466390571912,0.019130234336152165,embedding_pca
esmc_PC2335,-0.003236355502907092,0.01398034465707858,0.003236355502907092,embedding_pca
esmc_PC2336,-0.0037292642585738806,0.0075244216364266266,0.0037292642585738806,embedding_pca
esmc_PC2337,0.010283490359942003,0.008595611911353858,0.010283490359942003,embedding_pca
esmc_PC2338,-0.007556707118333367,0.017655933718691064,0.007556707118333367,embedding_pca
esmc_PC2339,-0.0028580007888608203,0.008067895433098288,0.0028580007888608203,embedding_pca
esmc_PC2340,0.0004093961835657976,0.01300423764452407,0.0004093961835657976,embedding_pca
esmc_PC2341,0.001848395120799842,0.013508799763354111,0.001848395120799842,embedding_pca
esmc_PC2342,0.0033199334665194374,0.011434641366605585,0.0033199334665194374,embedding_pca
esmc_PC2343,0.005772062559842023,0.007729666495502819,0.005772062559842023,embedding_pca
esmc_PC2344,-0.0032947998353813936,0.015259274414157357,0.0032947998353813936,embedding_pca
esmc_PC2345,0.0044180394235934705,0.021165578412449402,0.0044180394235934705,embedding_pca
esmc_PC2346,0.002484630343145918,0.012411234061478387,0.002484630343145918,embedding_pca
esmc_PC2347,-0.006851596403492024,0.010840567083502893,0.006851596403492024,embedding_pca
esmc_PC2348,0.0002449421621656987,0.013036958060091112,0.0002449421621656987,embedding_pca
esmc_PC2349,0.0009533689593929654,0.01141720085682615,0.0009533689593929654,embedding_pca
esmc_PC2350,-0.00935733671520065,0.0187291391338316,0.00935733671520065,embedding_pca
esmc_PC2351,-0.0027840329797733957,0.012986768374562987,0.0027840329797733957,embedding_pca
esmc_PC2352,-0.014639995255192263,0.014026209226147973,0.014639995255192263,embedding_pca
esmc_PC2353,-0.01048736270815826,0.010123621120365602,0.01048736270815826,embedding_pca
esmc_PC2354,-0.004693710475540265,0.014654531218582957,0.004693710475540265,embedding_pca
esmc_PC2355,-0.014849808528709272,0.0149174560099657,0.014849808528709272,embedding_pca
esmc_PC2356,0.02310713439273252,0.006103244510556655,0.02310713439273252,embedding_pca
esmc_PC2357,0.0033313948775577445,0.020439055352344956,0.0033313948775577445,embedding_pca
esmc_PC2358,0.014978748136753709,0.01350418701035627,0.014978748136753709,embedding_pca
esmc_PC2359,0.008515306336102747,0.012109521556558657,0.008515306336102747,embedding_pca
esmc_PC2360,-0.006273246172490751,0.022287364252380294,0.006273246172490751,embedding_pca
esmc_PC2361,-0.0008520161223425661,0.011232323220540326,0.0008520161223425661,embedding_pca
esmc_PC2362,0.008641065290023514,0.014407597245666348,0.008641065290023514,embedding_pca
esmc_PC2363,0.004724621054270425,0.010446634903203002,0.004724621054270425,embedding_pca
esmc_PC2364,-0.010186003283026893,0.015943666982744388,0.010186003283026893,embedding_pca
esmc_PC2365,-0.008755265828746701,0.013558033692099519,0.008755265828746701,embedding_pca
esmc_PC2366,0.002479172260913227,0.011187542936572712,0.002479172260913227,embedding_pca
esmc_PC2367,0.013122638801505413,0.016732810671898864,0.013122638801505413,embedding_pca
esmc_PC2368,0.0004666383276771536,0.012217020057113729,0.0004666383276771536,embedding_pca
esmc_PC2369,0.001430639518903612,0.01462453298820503,0.001430639518903612,embedding_pca
esmc_PC2370,0.0023150513277602537,0.008819487150775861,0.0023150513277602537,embedding_pca
esmc_PC2371,0.005592876428372609,0.020852379930571836,0.005592876428372609,embedding_pca
esmc_PC2372,-0.005068649498391577,0.010124405130660779,0.005068649498391577,embedding_pca
esmc_PC2373,0.008458291307458158,0.005101607389564942,0.008458291307458158,embedding_pca
esmc_PC2374,-0.002126741320645677,0.006090181436387062,0.002126741320645677,embedding_pca
esmc_PC2375,-0.014024333575270432,0.009459543596661405,0.014024333575270432,embedding_pca
esmc_PC2376,0.003947365089854454,0.009524390423188681,0.003947365089854454,embedding_pca
esmc_PC2377,0.006056844446524681,0.0065698550452881884,0.006056844446524681,embedding_pca
esmc_PC2378,-0.005791795275281836,0.021692327069963883,0.005791795275281836,embedding_pca
esmc_PC2379,-0.0016538499864927208,0.01043272879423765,0.0016538499864927208,embedding_pca
esmc_PC2380,0.0016967195678437303,0.01349189567078414,0.0016967195678437303,embedding_pca
esmc_PC2381,-0.005401690475216091,0.00856729600663501,0.005401690475216091,embedding_pca
esmc_PC2382,-0.001062048313040382,0.022568179273890772,0.001062048313040382,embedding_pca
esmc_PC2383,-0.0008691445552223429,0.007573930922368798,0.0008691445552223429,embedding_pca
esmc_PC2384,0.004697079457905537,0.011780676698167606,0.004697079457905537,embedding_pca
esmc_PC2385,0.01664590659329429,0.01608890675853074,0.01664590659329429,embedding_pca
esmc_PC2386,0.015302043723840105,0.013258494744885083,0.015302043723840105,embedding_pca
esmc_PC2387,0.01204807201309845,0.01822638525413666,0.01204807201309845,embedding_pca
esmc_PC2388,-0.0016023004362706195,0.014461260944362701,0.0016023004362706195,embedding_pca
esmc_PC2389,0.005057277566434803,0.0036160082146246206,0.005057277566434803,embedding_pca
esmc_PC2390,0.00020502492179669921,0.013593579634835514,0.00020502492179669921,embedding_pca
esmc_PC2391,0.005403248858549653,0.01504159002690591,0.005403248858549653,embedding_pca
esmc_PC2392,-0.0001067972801756252,0.01311497371064766,0.0001067972801756252,embedding_pca
esmc_PC2393,-0.008427765901004119,0.013527312294600028,0.008427765901004119,embedding_pca
esmc_PC2394,-0.010649966730653396,0.008825550610469931,0.010649966730653396,embedding_pca
esmc_PC2395,0.0032301192567236155,0.01405244849168593,0.0032301192567236155,embedding_pca
esmc_PC2396,-0.011021087051555144,0.010322343988450484,0.011021087051555144,embedding_pca
esmc_PC2397,-0.005741990121816678,0.005205479286559392,0.005741990121816678,embedding_pca
esmc_PC2398,-0.01148407316622313,0.016089547219509216,0.01148407316622313,embedding_pca
esmc_PC2399,0.007387198746814243,0.0067596202098432505,0.007387198746814243,embedding_pca
esmc_PC2400,0.000493713087540601,0.023670092741484836,0.000493713087540601,embedding_pca
esmc_PC2401,-0.004795126656913257,0.013138664086983458,0.004795126656913257,embedding_pca
esmc_PC2402,0.005528193904939296,0.015334051997372512,0.005528193904939296,embedding_pca
esmc_PC2403,-0.0023294508239639277,0.013058546350406453,0.0023294508239639277,embedding_pca
esmc_PC2404,0.0009811592125050731,0.005696456641430778,0.0009811592125050731,embedding_pca
esmc_PC2405,0.001441336174988107,0.013349055419621,0.001441336174988107,embedding_pca
esmc_PC2406,-0.005280910633099699,0.02007662404490578,0.005280910633099699,embedding_pca
esmc_PC2407,-0.007790354689659937,0.012261372000473798,0.007790354689659937,embedding_pca
esmc_PC2408,-0.008646171514121698,0.013444077551851818,0.008646171514121698,embedding_pca
esmc_PC2409,0.008489133295815273,0.01970583618232209,0.008489133295815273,embedding_pca
esmc_PC2410,-0.004063917840605636,0.027692870341670613,0.004063917840605636,embedding_pca
esmc_PC2411,0.012014443720197393,0.023471225300357543,0.012014443720197393,embedding_pca
esmc_PC2412,0.011490650991074717,0.02354542440812362,0.011490650991074717,embedding_pca
esmc_PC2413,0.01601846384381788,0.008905377943584642,0.01601846384381788,embedding_pca
esmc_PC2414,-0.006003407335255531,0.01875058399190417,0.006003407335255531,embedding_pca
esmc_PC2415,0.0065977774687064426,0.007353263826741596,0.0065977774687064426,embedding_pca
esmc_PC2416,0.0045053132134280135,0.02505084006742567,0.0045053132134280135,embedding_pca
esmc_PC2417,-0.0016260852069068677,0.013306061110413343,0.0016260852069068677,embedding_pca
esmc_PC2418,-0.014375696640205052,0.01897225381695883,0.014375696640205052,embedding_pca
esmc_PC2419,-0.014336506178868186,0.008533947529861825,0.014336506178868186,embedding_pca
esmc_PC2420,-0.007729096119035513,0.00905016110904922,0.007729096119035513,embedding_pca
esmc_PC2421,0.0021895915591046795,0.01403195447320986,0.0021895915591046795,embedding_pca
esmc_PC2422,-0.009614041386700729,0.0109451505868632,0.009614041386700729,embedding_pca
esmc_PC2423,0.006138810594806762,0.008705107670406503,0.006138810594806762,embedding_pca
esmc_PC2424,-0.003611829196861096,0.015088095391619793,0.003611829196861096,embedding_pca
esmc_PC2425,0.0012020179834965514,0.010883752084460083,0.0012020179834965514,embedding_pca
esmc_PC2426,-0.0027340267706390193,0.006575842501736229,0.0027340267706390193,embedding_pca
esmc_PC2427,0.0036249213388791757,0.006483163703983762,0.0036249213388791757,embedding_pca
esmc_PC2428,0.0005560541969806529,0.012751297564548047,0.0005560541969806529,embedding_pca
esmc_PC2429,-0.010137402981357999,0.01688548466716459,0.010137402981357999,embedding_pca
esmc_PC2430,0.0010855181440334433,0.010283930314865223,0.0010855181440334433,embedding_pca
esmc_PC2431,-0.0028423761889126964,0.019114304024139474,0.0028423761889126964,embedding_pca
esmc_PC2432,0.009046868989484874,0.013439953558760638,0.009046868989484874,embedding_pca
esmc_PC2433,0.0032758249550993526,0.007356236712654145,0.0032758249550993526,embedding_pca
esmc_PC2434,0.004587640075445475,0.02220106862642995,0.004587640075445475,embedding_pca
esmc_PC2435,0.00836204827871159,0.007238920011298284,0.00836204827871159,embedding_pca
esmc_PC2436,-0.007594435919699205,0.008116346509951439,0.007594435919699205,embedding_pca
esmc_PC2437,-0.006873548600716815,0.016268438094512616,0.006873548600716815,embedding_pca
esmc_PC2438,-0.002243479847924674,0.013796433063221746,0.002243479847924674,embedding_pca
esmc_PC2439,0.0014720442965407952,0.009479574450205159,0.0014720442965407952,embedding_pca
esmc_PC2440,0.0062410966876586035,0.02312962159415862,0.0062410966876586035,embedding_pca
esmc_PC2441,0.0006996204153586998,0.009193539209709604,0.0006996204153586998,embedding_pca
esmc_PC2442,0.0013907299820310748,0.011276688660714282,0.0013907299820310748,embedding_pca
esmc_PC2443,0.00016721060554911285,0.017950005792227035,0.00016721060554911285,embedding_pca
esmc_PC2444,-0.004865520551107309,0.00895488269540493,0.004865520551107309,embedding_pca
esmc_PC2445,0.0023745908135482147,0.01962641653660108,0.0023745908135482147,embedding_pca
esmc_PC2446,0.003620669196325353,0.018926896078669778,0.003620669196325353,embedding_pca
esmc_PC2447,-0.006473392961681926,0.010364555161769115,0.006473392961681926,embedding_pca
esmc_PC2448,0.004735576511557685,0.013819774836778185,0.004735576511557685,embedding_pca
esmc_PC2449,0.0042769736991350345,0.018454277626687027,0.0042769736991350345,embedding_pca
esmc_PC2450,0.0007819685844209963,0.007337798780993485,0.0007819685844209963,embedding_pca
esmc_PC2451,0.007789744029921194,0.015636964493231854,0.007789744029921194,embedding_pca
esmc_PC2452,0.0011164828949428692,0.016652498332498007,0.0011164828949428692,embedding_pca
esmc_PC2453,0.008909557936275903,0.01295346740285579,0.008909557936275903,embedding_pca
esmc_PC2454,0.0028970754134236935,0.014657190881922074,0.0028970754134236935,embedding_pca
esmc_PC2455,-0.003966572546544882,0.012200383971844295,0.003966572546544882,embedding_pca
esmc_PC2456,0.00205585659531819,0.017625994603211445,0.00205585659531819,embedding_pca
esmc_PC2457,0.0007130203646609102,0.009330417619004017,0.0007130203646609102,embedding_pca
esmc_PC2458,0.0007083385952894612,0.011013997743153718,0.0007083385952894612,embedding_pca
esmc_PC2459,-0.00016044331120915466,0.014588771552091234,0.00016044331120915466,embedding_pca
esmc_PC2460,-0.00022399087821355513,0.005710394159488886,0.00022399087821355513,embedding_pca
esmc_PC2461,-0.0056152964787663335,0.022618148723119316,0.0056152964787663335,embedding_pca
esmc_PC2462,-0.010632688443202736,0.01182630454581853,0.010632688443202736,embedding_pca
esmc_PC2463,-0.002954906453958743,0.01593307317537968,0.002954906453958743,embedding_pca
esmc_PC2464,0.0009331656226286416,0.005868184395435312,0.0009331656226286416,embedding_pca
esmc_PC2465,0.0061234273740128735,0.00942642637901153,0.0061234273740128735,embedding_pca
esmc_PC2466,0.0003588992760864107,0.00915199984377205,0.0003588992760864107,embedding_pca
esmc_PC2467,-0.005215071774269782,0.012176497296199672,0.005215071774269782,embedding_pca
esmc_PC2468,0.0017638589314429068,0.008829619345400212,0.0017638589314429068,embedding_pca
esmc_PC2469,-0.0016824441744152248,0.018136446938011187,0.0016824441744152248,embedding_pca
esmc_PC2470,0.0005750551808826985,0.016522218321734356,0.0005750551808826985,embedding_pca
esmc_PC2471,0.009538904865957145,0.01955864998607696,0.009538904865957145,embedding_pca
esmc_PC2472,-0.00015548321004574573,0.02311012975672473,0.00015548321004574573,embedding_pca
esmc_PC2473,-0.006331546840068576,0.006866165671552652,0.006331546840068576,embedding_pca
esmc_PC2474,0.0023558507527117406,0.016185409544225846,0.0023558507527117406,embedding_pca
esmc_PC2475,0.013459988352512647,0.022206472392221212,0.013459988352512647,embedding_pca
esmc_PC2476,-0.0033988417538135295,0.015766913340506273,0.0033988417538135295,embedding_pca
esmc_PC2477,-0.0106348316825408,0.01177487659087152,0.0106348316825408,embedding_pca
esmc_PC2478,-0.004379094599583558,0.020655481603206485,0.004379094599583558,embedding_pca
esmc_PC2479,0.0019900057642786365,0.006702638751256096,0.0019900057642786365,embedding_pca
esmc_PC2480,-0.0002584390268443752,0.011028008477167424,0.0002584390268443752,embedding_pca
esmc_PC2481,0.0009574769380209777,0.018163929895615247,0.0009574769380209777,embedding_pca
esmc_PC2482,0.0025248497008770595,0.009054602865351742,0.0025248497008770595,embedding_pca
esmc_PC2483,-0.013200008149573204,0.010888349824243592,0.013200008149573204,embedding_pca
esmc_PC2484,0.008668897899280197,0.016679277460480223,0.008668897899280197,embedding_pca
esmc_PC2485,0.00031532336768382225,0.012887843395532811,0.00031532336768382225,embedding_pca
esmc_PC2486,0.0005310939942227263,0.0054506528509739765,0.0005310939942227263,embedding_pca
esmc_PC2487,-0.011421223323486721,0.011628951631971522,0.011421223323486721,embedding_pca
esmc_PC2488,0.005977959763541797,0.022305728330748918,0.005977959763541797,embedding_pca
esmc_PC2489,0.008490516879008059,0.010960214438367998,0.008490516879008059,embedding_pca
esmc_PC2490,0.006482675317450356,0.01450963562804091,0.006482675317450356,embedding_pca
esmc_PC2491,-0.00526776332599089,0.015178256172042943,0.00526776332599089,embedding_pca
esmc_PC2492,0.001822749119067417,0.007873758306645972,0.001822749119067417,embedding_pca
esmc_PC2493,-0.0034578835137555617,0.006971575578217787,0.0034578835137555617,embedding_pca
esmc_PC2494,0.010296254182995589,0.01598553763790502,0.010296254182995589,embedding_pca
esmc_PC2495,0.007209207285871167,0.008092431972941735,0.007209207285871167,embedding_pca
esmc_PC2496,-0.00653799969813206,0.0022908326791938804,0.00653799969813206,embedding_pca
esmc_PC2497,-0.0007989421078566136,0.01616948112701782,0.0007989421078566136,embedding_pca
esmc_PC2498,-0.001345836448408317,0.011499195893711527,0.001345836448408317,embedding_pca
esmc_PC2499,0.0020422522671604735,0.0081674227416923,0.0020422522671604735,embedding_pca
esmc_PC2500,-0.0032631533829338964,0.012413218049041611,0.0032631533829338964,embedding_pca
esmc_PC2501,0.00745168325946408,0.008581314507299457,0.00745168325946408,embedding_pca
esmc_PC2502,-0.008507412990083637,0.009705470210906578,0.008507412990083637,embedding_pca
esmc_PC2503,0.0023544519788598686,0.007696137390879647,0.0023544519788598686,embedding_pca
esmc_PC2504,0.0018929065411049137,0.00806537186863056,0.0018929065411049137,embedding_pca
esmc_PC2505,-0.005433907204880002,0.016122539833157097,0.005433907204880002,embedding_pca
esmc_PC2506,0.016329153333861684,0.01623639154793479,0.016329153333861684,embedding_pca
esmc_PC2507,0.0010894730690730486,0.022335333107627628,0.0010894730690730486,embedding_pca
esmc_PC2508,-0.007452491301305429,0.011700781055080418,0.007452491301305429,embedding_pca
esmc_PC2509,0.013236640463038796,0.01209488180900883,0.013236640463038796,embedding_pca
esmc_PC2510,-0.003419368567275307,0.01004368951663454,0.003419368567275307,embedding_pca
esmc_PC2511,-0.008649016971631337,0.017498385565792595,0.008649016971631337,embedding_pca
esmc_PC2512,-0.000739640601468751,0.01560724124107244,0.000739640601468751,embedding_pca
esmc_PC2513,0.003014923608516994,0.017880202569320748,0.003014923608516994,embedding_pca
esmc_PC2514,-0.008711424329727118,0.008954537210423566,0.008711424329727118,embedding_pca
esmc_PC2515,0.0010887454047833482,0.011229539053001393,0.0010887454047833482,embedding_pca
esmc_PC2516,-0.004237462504794021,0.00906801590855649,0.004237462504794021,embedding_pca
esmc_PC2517,0.005298920322762827,0.01191838213802643,0.005298920322762827,embedding_pca
esmc_PC2518,0.0027094584532014296,0.010493159757185233,0.0027094584532014296,embedding_pca
esmc_PC2519,-0.003982434608440435,0.01299135321119903,0.003982434608440435,embedding_pca
esmc_PC2520,-0.0016588059161761627,0.019410202267712107,0.0016588059161761627,embedding_pca
esmc_PC2521,0.0030899645252224464,0.016590655502689868,0.0030899645252224464,embedding_pca
esmc_PC2522,0.0007438118510660096,0.0061516717686042055,0.0007438118510660096,embedding_pca
esmc_PC2523,0.007455291775185691,0.011623946123101513,0.007455291775185691,embedding_pca
esmc_PC2524,-0.0071037619150868744,0.017654777354167626,0.0071037619150868744,embedding_pca
esmc_PC2525,-0.009555523482450232,0.01360166939015946,0.009555523482450232,embedding_pca
esmc_PC2526,0.008485306527658623,0.00771034753449822,0.008485306527658623,embedding_pca
esmc_PC2527,-0.001832461229510849,0.01334498697316718,0.001832461229510849,embedding_pca
esmc_PC2528,-0.0025362383813418146,0.007544145484325093,0.0025362383813418146,embedding_pca
esmc_PC2529,-6.532995827553054e-05,0.017632830795417286,6.532995827553054e-05,embedding_pca
esmc_PC2530,0.006197171228844259,0.021665739174615145,0.006197171228844259,embedding_pca
esmc_PC2531,-0.0016447339491216333,0.013132045673948007,0.0016447339491216333,embedding_pca
esmc_PC2532,0.004600219138183942,0.007025753453857422,0.004600219138183942,embedding_pca
esmc_PC2533,-0.00041026977411315926,0.010146950046036907,0.00041026977411315926,embedding_pca
esmc_PC2534,-0.007023234434694624,0.015241016165815318,0.007023234434694624,embedding_pca
esmc_PC2535,0.005137759160231617,0.014529384306523688,0.005137759160231617,embedding_pca
esmc_PC2536,0.004293202753673721,0.012591961186961955,0.004293202753673721,embedding_pca
esmc_PC2537,0.005155331559966283,0.009096838092421303,0.005155331559966283,embedding_pca
esmc_PC2538,0.0007994165070922349,0.021119283874421017,0.0007994165070922349,embedding_pca
esmc_PC2539,-0.01285285165918187,0.0021863060358998146,0.01285285165918187,embedding_pca
esmc_PC2540,-0.009404112132024625,0.005056698184928112,0.009404112132024625,embedding_pca
esmc_PC2541,0.003231252894204475,0.008553471784975153,0.003231252894204475,embedding_pca
esmc_PC2542,0.00020101730097723468,0.017863934057640144,0.00020101730097723468,embedding_pca
esmc_PC2543,-0.020436803591026308,0.007988363481183465,0.020436803591026308,embedding_pca
esmc_PC2544,-0.0077770958888014,0.014927313877877187,0.0077770958888014,embedding_pca
esmc_PC2545,0.010762474919151029,0.007006444512633973,0.010762474919151029,embedding_pca
esmc_PC2546,0.0006768205595060921,0.011494004582395786,0.0006768205595060921,embedding_pca
esmc_PC2547,-0.013072600454571889,0.008490832742577257,0.013072600454571889,embedding_pca
esmc_PC2548,-0.00022899961318852586,0.00752128924778174,0.00022899961318852586,embedding_pca
esmc_PC2549,-0.0031994084764439172,0.022241593671289223,0.0031994084764439172,embedding_pca
esmc_PC2550,0.007502159078384862,0.007508456362395191,0.007502159078384862,embedding_pca
esmc_PC2551,-0.0026052848399140405,0.01791706529284645,0.0026052848399140405,embedding_pca
esmc_PC2552,-0.005131348105076705,0.01747033917686271,0.005131348105076705,embedding_pca
esmc_PC2553,0.001522546956696046,0.012610238448926572,0.001522546956696046,embedding_pca
esmc_PC2554,-0.007733547083386435,0.01069818667859542,0.007733547083386435,embedding_pca
esmc_PC2555,0.0005208449964504777,0.012639928694972212,0.0005208449964504777,embedding_pca
esmc_PC2556,-0.007711504920729093,0.019281816262732145,0.007711504920729093,embedding_pca
esmc_PC2557,-0.0027367064565923666,0.008845361052953696,0.0027367064565923666,embedding_pca
esmc_PC2558,0.002022802788858957,0.018908093509975517,0.002022802788858957,embedding_pca
esmc_PC2559,0.006354728378764369,0.014005550784174526,0.006354728378764369,embedding_pca
esmc_PC2560,0.005539098822018482,0.013823828157606952,0.005539098822018482,embedding_pca
esmc_PC2561,-0.001896155416276403,0.02316219964524672,0.001896155416276403,embedding_pca
esmc_PC2562,-0.003442305730985598,0.007927642148396991,0.003442305730985598,embedding_pca
esmc_PC2563,0.00510652986349119,0.0027106012504704625,0.00510652986349119,embedding_pca
esmc_PC2564,-0.0034854320539964437,0.006929822360788907,0.0034854320539964437,embedding_pca
esmc_PC2565,-0.0019512870751232133,0.013898419956763185,0.0019512870751232133,embedding_pca
esmc_PC2566,0.0007007720325205018,0.014127308162699373,0.0007007720325205018,embedding_pca
esmc_PC2567,0.0072212553299276895,0.011082106248485598,0.0072212553299276895,embedding_pca
esmc_PC2568,0.0012561232543195973,0.012728429357944765,0.0012561232543195973,embedding_pca
esmc_PC2569,0.003115715497939793,0.01605170181201115,0.003115715497939793,embedding_pca
esmc_PC2570,0.010035832641661673,0.01748806960315122,0.010035832641661673,embedding_pca
esmc_PC2571,-0.007792412002413071,0.018802950226892032,0.007792412002413071,embedding_pca
esmc_PC2572,0.007173645040749072,0.014433314429879458,0.007173645040749072,embedding_pca
esmc_PC2573,-0.0012270097271830037,0.012215193226386287,0.0012270097271830037,embedding_pca
esmc_PC2574,-0.005121113749848914,0.01742801625464963,0.005121113749848914,embedding_pca
esmc_PC2575,-0.0022540356650014633,0.01278847033000517,0.0022540356650014633,embedding_pca
esmc_PC2576,0.002009012694999906,0.022400539255862585,0.002009012694999906,embedding_pca
esmc_PC2577,0.0049351525570441755,0.00730752872531112,0.0049351525570441755,embedding_pca
esmc_PC2578,0.006545418216811228,0.008818545237631542,0.006545418216811228,embedding_pca
esmc_PC2579,-0.0036853075679717357,0.010523402084045421,0.0036853075679717357,embedding_pca
esmc_PC2580,-0.0022835408985575336,0.011651175976005755,0.0022835408985575336,embedding_pca
esmc_PC2581,0.011139842669722788,0.013670993697666476,0.011139842669722788,embedding_pca
esmc_PC2582,-0.0046438440397589195,0.008874576915883605,0.0046438440397589195,embedding_pca
esmc_PC2583,-0.004685706923677237,0.01593867429463157,0.004685706923677237,embedding_pca
esmc_PC2584,0.00723962489966946,0.008997372400196655,0.00723962489966946,embedding_pca
esmc_PC2585,-0.009624391347059955,0.011380491437469857,0.009624391347059955,embedding_pca
esmc_PC2586,-0.004476775640978516,0.014066898424763167,0.004476775640978516,embedding_pca
esmc_PC2587,0.004811157605746724,0.0158748103133076,0.004811157605746724,embedding_pca
esmc_PC2588,0.007155413151505564,0.017458891786190287,0.007155413151505564,embedding_pca
esmc_PC2589,-0.004745867928317804,0.004581846964550651,0.004745867928317804,embedding_pca
esmc_PC2590,0.0046287229669085325,0.012748904330655172,0.0046287229669085325,embedding_pca
esmc_PC2591,-0.003941379959278536,0.01702987344358898,0.003941379959278536,embedding_pca
esmc_PC2592,-0.0161361922185747,0.011355779035521265,0.0161361922185747,embedding_pca
esmc_PC2593,0.015737744744177388,0.013592576619399641,0.015737744744177388,embedding_pca
esmc_PC2594,-0.008725311826844138,0.014154663871929558,0.008725311826844138,embedding_pca
esmc_PC2595,-0.0036259123968348365,0.005685535935351554,0.0036259123968348365,embedding_pca
esmc_PC2596,-0.0025578976594558805,0.015137320036336804,0.0025578976594558805,embedding_pca
esmc_PC2597,0.010617588122123198,0.017806465782006686,0.010617588122123198,embedding_pca
esmc_PC2598,0.0017941531103181022,0.016885265211649823,0.0017941531103181022,embedding_pca
esmc_PC2599,-0.00011921313041625761,0.009550994417802942,0.00011921313041625761,embedding_pca
esmc_PC2600,0.00404977547054148,0.015720480014791646,0.00404977547054148,embedding_pca
esmc_PC2601,-0.009226503046941836,0.01890015089949357,0.009226503046941836,embedding_pca
esmc_PC2602,-0.003516583264991633,0.013719255344319519,0.003516583264991633,embedding_pca
esmc_PC2603,0.003127239654404229,0.010851728583589314,0.003127239654404229,embedding_pca
esmc_PC2604,0.00812403629545853,0.01671427076876709,0.00812403629545853,embedding_pca
esmc_PC2605,-0.007932658897266085,0.011428802467059318,0.007932658897266085,embedding_pca
esmc_PC2606,-0.00301653391344527,0.014358283631032533,0.00301653391344527,embedding_pca
esmc_PC2607,0.0010996942416910149,0.014307576457377374,0.0010996942416910149,embedding_pca
esmc_PC2608,0.0001502389211298999,0.01694751246009142,0.0001502389211298999,embedding_pca
esmc_PC2609,0.007881671580551424,0.01717040328281798,0.007881671580551424,embedding_pca
esmc_PC2610,-0.004455599157294159,0.008094075126367535,0.004455599157294159,embedding_pca
esmc_PC2611,0.008757835707633466,0.0068195102925967775,0.008757835707633466,embedding_pca
esmc_PC2612,0.010956284879841575,0.002970415187540225,0.010956284879841575,embedding_pca
esmc_PC2613,0.002730879152006678,0.008487420781873771,0.002730879152006678,embedding_pca
esmc_PC2614,0.011451129907396773,0.017196876599782175,0.011451129907396773,embedding_pca
esmc_PC2615,-0.007480719961498035,0.026105800196906184,0.007480719961498035,embedding_pca
esmc_PC2616,-0.008433594039506099,0.01637075300882355,0.008433594039506099,embedding_pca
esmc_PC2617,0.013823680859451293,0.006722776457586432,0.013823680859451293,embedding_pca
esmc_PC2618,-0.003556401588945081,0.019275673166431764,0.003556401588945081,embedding_pca
esmc_PC2619,0.0008919036253720834,0.01608826359906113,0.0008919036253720834,embedding_pca
esmc_PC2620,-0.007909349664998865,0.01093431730608495,0.007909349664998865,embedding_pca
esmc_PC2621,0.008379447404032977,0.0042726430222570656,0.008379447404032977,embedding_pca
esmc_PC2622,0.0010220531609318692,0.009760358897050379,0.0010220531609318692,embedding_pca
esmc_PC2623,-0.0014021559352736892,0.00952283920575246,0.0014021559352736892,embedding_pca
esmc_PC2624,-0.0030090238732582266,0.020637773234008137,0.0030090238732582266,embedding_pca
esmc_PC2625,0.019419963799753782,0.012585262352276154,0.019419963799753782,embedding_pca
esmc_PC2626,-0.008659192907981355,0.009966382889683989,0.008659192907981355,embedding_pca
esmc_PC2627,0.0017515061885427729,0.010646840027009647,0.0017515061885427729,embedding_pca
esmc_PC2628,0.008121528118549295,0.021274020550794533,0.008121528118549295,embedding_pca
esmc_PC2629,0.0029496125417935544,0.020818844303472014,0.0029496125417935544,embedding_pca
esmc_PC2630,0.0015813693546089676,0.009662581690234557,0.0015813693546089676,embedding_pca
esmc_PC2631,0.0023344872969398543,0.014361621958373668,0.0023344872969398543,embedding_pca
esmc_PC2632,-0.0005908498750505385,0.021567164352418046,0.0005908498750505385,embedding_pca
esmc_PC2633,0.009426946786734761,0.01635824762880874,0.009426946786734761,embedding_pca
esmc_PC2634,-0.008158690118729458,0.008982040941721546,0.008158690118729458,embedding_pca
esmc_PC2635,0.0030916246920579676,0.02296068239911226,0.0030916246920579676,embedding_pca
esmc_PC2636,-0.008279569472239467,0.010948618005954047,0.008279569472239467,embedding_pca
esmc_PC2637,0.0006469031353699292,0.01612077591990032,0.0006469031353699292,embedding_pca
esmc_PC2638,-0.002793755890221495,0.012203537446375548,0.002793755890221495,embedding_pca
esmc_PC2639,0.015572197331953554,0.01711269445305345,0.015572197331953554,embedding_pca
esmc_PC2640,0.00711661117515226,0.013205842447882098,0.00711661117515226,embedding_pca
esmc_PC2641,0.0022753127576498272,0.010301653551258783,0.0022753127576498272,embedding_pca
esmc_PC2642,-0.012280253690937147,0.02048659316749273,0.012280253690937147,embedding_pca
esmc_PC2643,0.009343314983964865,0.01425586997296757,0.009343314983964865,embedding_pca
esmc_PC2644,0.0033919797091715173,0.012049212610185708,0.0033919797091715173,embedding_pca
esmc_PC2645,-0.005235853190138985,0.008184827473920934,0.005235853190138985,embedding_pca
esmc_PC2646,0.0012350185220073976,0.012285650824800239,0.0012350185220073976,embedding_pca
esmc_PC2647,0.014748322296675154,0.010388430494779154,0.014748322296675154,embedding_pca
esmc_PC2648,0.006725294494119807,0.007410024852047598,0.006725294494119807,embedding_pca
esmc_PC2649,0.009227942331393953,0.014900053918947746,0.009227942331393953,embedding_pca
esmc_PC2650,0.006120024909643298,0.0046172790729776675,0.006120024909643298,embedding_pca
esmc_PC2651,-0.003313030005162948,0.01541080267107137,0.003313030005162948,embedding_pca
esmc_PC2652,0.002119744475935765,0.004657413032710975,0.002119744475935765,embedding_pca
esmc_PC2653,0.000807088318627221,0.020097725830764475,0.000807088318627221,embedding_pca
esmc_PC2654,0.006913120888226851,0.017118752034499325,0.006913120888226851,embedding_pca
esmc_PC2655,-0.004665574126388648,0.008404647981542772,0.004665574126388648,embedding_pca
esmc_PC2656,-0.0031871190706449374,0.010614606030254338,0.0031871190706449374,embedding_pca
esmc_PC2657,0.005749894436080914,0.014669318612393149,0.005749894436080914,embedding_pca
esmc_PC2658,0.008486944677789687,0.011406419545558488,0.008486944677789687,embedding_pca
esmc_PC2659,0.00037615582029959705,0.015171912562675272,0.00037615582029959705,embedding_pca
esmc_PC2660,0.0035427993288470808,0.005336486081617728,0.0035427993288470808,embedding_pca
esmc_PC2661,0.0010183320281391267,0.015258321620699955,0.0010183320281391267,embedding_pca
esmc_PC2662,0.007374998907991551,0.014655152847050129,0.007374998907991551,embedding_pca
esmc_PC2663,-0.008500973038953596,0.016872987324526613,0.008500973038953596,embedding_pca
esmc_PC2664,-0.0012762129428922474,0.01510418871126296,0.0012762129428922474,embedding_pca
esmc_PC2665,-0.0017445536044039679,0.01165363817177884,0.0017445536044039679,embedding_pca
esmc_PC2666,0.0012543320565086156,0.019886064317495376,0.0012543320565086156,embedding_pca
esmc_PC2667,-0.0048627343808554215,0.017470909586324284,0.0048627343808554215,embedding_pca
esmc_PC2668,0.0012401588362777973,0.012709490902896385,0.0012401588362777973,embedding_pca
esmc_PC2669,-0.0038756616464754993,0.012032848723152783,0.0038756616464754993,embedding_pca
esmc_PC2670,0.00986340703230841,0.014288257072438009,0.00986340703230841,embedding_pca
esmc_PC2671,-0.0065521135488792615,0.009613676074080972,0.0065521135488792615,embedding_pca
esmc_PC2672,0.006020493205378766,0.016014216607221986,0.006020493205378766,embedding_pca
esmc_PC2673,0.0020660871434258522,0.010250749947579072,0.0020660871434258522,embedding_pca
esmc_PC2674,0.010533799954084648,0.013946521228867725,0.010533799954084648,embedding_pca
esmc_PC2675,0.000560160286365577,0.016068468062577824,0.000560160286365577,embedding_pca
esmc_PC2676,0.011123601011838546,0.010291318215893653,0.011123601011838546,embedding_pca
esmc_PC2677,0.010987165210153069,0.012435936163349644,0.010987165210153069,embedding_pca
esmc_PC2678,-0.016044318169074128,0.010876554283144348,0.016044318169074128,embedding_pca
esmc_PC2679,0.0011964627606575067,0.012891562103793481,0.0011964627606575067,embedding_pca
esmc_PC2680,-0.0009699410750643525,0.01761648989267115,0.0009699410750643525,embedding_pca
esmc_PC2681,-0.004687551546074452,0.016854346285681415,0.004687551546074452,embedding_pca
esmc_PC2682,0.0030782350482440315,0.019704376568646646,0.0030782350482440315,embedding_pca
esmc_PC2683,-0.006224416689047735,0.011365949146352155,0.006224416689047735,embedding_pca
esmc_PC2684,0.00680872045450087,0.0168825158096284,0.00680872045450087,embedding_pca
esmc_PC2685,-0.0020847043996566885,0.013875398073485002,0.0020847043996566885,embedding_pca
esmc_PC2686,-0.004033631011303746,0.02024927050189961,0.004033631011303746,embedding_pca
esmc_PC2687,0.001984346148600655,0.010157530060466569,0.001984346148600655,embedding_pca
esmc_PC2688,-0.003879559786490406,0.009543116295317474,0.003879559786490406,embedding_pca
esmc_PC2689,0.009630015702993738,0.012457167704540313,0.009630015702993738,embedding_pca
esmc_PC2690,0.012623269802599629,0.017611418455680886,0.012623269802599629,embedding_pca
esmc_PC2691,-0.0029669041041120135,0.014627167391362106,0.0029669041041120135,embedding_pca
esmc_PC2692,0.010139947242962249,0.013866391391566207,0.010139947242962249,embedding_pca
esmc_PC2693,-0.007244978590396331,0.014254966578420214,0.007244978590396331,embedding_pca
esmc_PC2694,0.003075111521289683,0.008055581777828818,0.003075111521289683,embedding_pca
esmc_PC2695,-0.0009885076373985801,0.013053302096769836,0.0009885076373985801,embedding_pca
esmc_PC2696,-0.009538837375492593,0.007253835807678846,0.009538837375492593,embedding_pca
esmc_PC2697,-0.015859252344027824,0.0160122847301466,0.015859252344027824,embedding_pca
esmc_PC2698,-0.0021496918771184968,0.01619665097203749,0.0021496918771184968,embedding_pca
esmc_PC2699,0.0060107502318683,0.0063604845763768495,0.0060107502318683,embedding_pca
esmc_PC2700,-0.0025176444725848483,0.019653479164850638,0.0025176444725848483,embedding_pca
esmc_PC2701,-0.006588689558908269,0.008240520132551584,0.006588689558908269,embedding_pca
esmc_PC2702,-0.0056243012271548045,0.011518602463250899,0.0056243012271548045,embedding_pca
esmc_PC2703,-0.0004172463271328593,0.010725872202331229,0.0004172463271328593,embedding_pca
esmc_PC2704,0.007966397491655734,0.005523157229092803,0.007966397491655734,embedding_pca
esmc_PC2705,-0.001552530102781405,0.010020211335939447,0.001552530102781405,embedding_pca
esmc_PC2706,0.0053679554279269445,0.010442360374379228,0.0053679554279269445,embedding_pca
esmc_PC2707,0.005187362766679817,0.012441397736211867,0.005187362766679817,embedding_pca
esmc_PC2708,0.005115954773471142,0.007943041905539811,0.005115954773471142,embedding_pca
esmc_PC2709,0.001663451401003161,0.019218443780132672,0.001663451401003161,embedding_pca
esmc_PC2710,0.010391168065680512,0.008771941817362865,0.010391168065680512,embedding_pca
esmc_PC2711,0.010080117227066226,0.011381242323175361,0.010080117227066226,embedding_pca
esmc_PC2712,0.006836629558613983,0.004854146635282831,0.006836629558613983,embedding_pca
esmc_PC2713,0.013920699496947353,0.009654103005948034,0.013920699496947353,embedding_pca
esmc_PC2714,-0.002044957854698148,0.007003170342566981,0.002044957854698148,embedding_pca
esmc_PC2715,-0.0011702305549142185,0.007642277446174494,0.0011702305549142185,embedding_pca
esmc_PC2716,0.009832690893526053,0.011451020912270252,0.009832690893526053,embedding_pca
esmc_PC2717,0.004699132603496225,0.010322281685409215,0.004699132603496225,embedding_pca
esmc_PC2718,0.0036822468089021685,0.020218132113256196,0.0036822468089021685,embedding_pca
esmc_PC2719,0.014318090479122827,0.01589302993180507,0.014318090479122827,embedding_pca
esmc_PC2720,-0.008089092989602668,0.008027734662411683,0.008089092989602668,embedding_pca
esmc_PC2721,-0.010453828125825178,0.018500681719165076,0.010453828125825178,embedding_pca
esmc_PC2722,0.0006830412039447729,0.008190765151256984,0.0006830412039447729,embedding_pca
esmc_PC2723,0.003712479206019472,0.017366241301660288,0.003712479206019472,embedding_pca
esmc_PC2724,-0.0013502852516666935,0.00831392510817407,0.0013502852516666935,embedding_pca
esmc_PC2725,0.003322097367747412,0.012877857744829491,0.003322097367747412,embedding_pca
esmc_PC2726,0.003909440781667856,0.011603052064450796,0.003909440781667856,embedding_pca
esmc_PC2727,-0.0013155604416800288,0.01452879693079819,0.0013155604416800288,embedding_pca
esmc_PC2728,-0.004405510552581931,0.012190210452082387,0.004405510552581931,embedding_pca
esmc_PC2729,0.0076667804782525745,0.008078191023906741,0.0076667804782525745,embedding_pca
esmc_PC2730,0.0054025273321152865,0.010307409839575891,0.0054025273321152865,embedding_pca
esmc_PC2731,-0.00654088787703178,0.003835996237002564,0.00654088787703178,embedding_pca
esmc_PC2732,0.007889763873397402,0.011968807665612395,0.007889763873397402,embedding_pca
esmc_PC2733,-0.013060156387598559,0.018148689744898108,0.013060156387598559,embedding_pca
esmc_PC2734,-0.002648064896317884,0.012984267729341182,0.002648064896317884,embedding_pca
esmc_PC2735,0.0015352255645483888,0.008571588410246607,0.0015352255645483888,embedding_pca
esmc_PC2736,0.0021170650153705855,0.0040411551329256135,0.0021170650153705855,embedding_pca
esmc_PC2737,0.004020964750134625,0.005436987111050122,0.004020964750134625,embedding_pca
esmc_PC2738,-0.0010938990246091179,0.02398996834248153,0.0010938990246091179,embedding_pca
esmc_PC2739,0.0013381844718463624,0.010493924648174483,0.0013381844718463624,embedding_pca
esmc_PC2740,0.017768312233477253,0.013946436024318562,0.017768312233477253,embedding_pca
esmc_PC2741,0.002763922046396518,0.015552460711991118,0.002763922046396518,embedding_pca
esmc_PC2742,-0.00239579893015296,0.019166115877055995,0.00239579893015296,embedding_pca
esmc_PC2743,-0.0014459456012749477,0.014709676315440005,0.0014459456012749477,embedding_pca
esmc_PC2744,0.001300309051357999,0.016621836049824194,0.001300309051357999,embedding_pca
esmc_PC2745,0.0013100843203759896,0.004575930523714184,0.0013100843203759896,embedding_pca
esmc_PC2746,-0.000677039729137481,0.02001939005460555,0.000677039729137481,embedding_pca
esmc_PC2747,0.003998620279198455,0.01213499905340804,0.003998620279198455,embedding_pca
esmc_PC2748,0.00952211070252092,0.014808659834894626,0.00952211070252092,embedding_pca
esmc_PC2749,0.001059383638649976,0.00865809931367462,0.001059383638649976,embedding_pca
esmc_PC2750,-0.00881235542221587,0.01257260260256927,0.00881235542221587,embedding_pca
esmc_PC2751,0.009472910796899648,0.008717801065355576,0.009472910796899648,embedding_pca
esmc_PC2752,0.0014573256066703684,0.01392286944046761,0.0014573256066703684,embedding_pca
esmc_PC2753,0.001275570929242929,0.016183827841689747,0.001275570929242929,embedding_pca
esmc_PC2754,-0.009984549804951155,0.01972983971062338,0.009984549804951155,embedding_pca
esmc_PC2755,0.00922220627128797,0.01163171808460322,0.00922220627128797,embedding_pca
esmc_PC2756,0.0019034672300691294,0.017095043534228464,0.0019034672300691294,embedding_pca
esmc_PC2757,0.005949093247522486,0.009304352826467159,0.005949093247522486,embedding_pca
esmc_PC2758,0.01698755263528837,0.016184290380128596,0.01698755263528837,embedding_pca
esmc_PC2759,-0.01697014983430026,0.017249721677909922,0.01697014983430026,embedding_pca
esmc_PC2760,-0.010764119238284358,0.010153731290242605,0.010764119238284358,embedding_pca
esmc_PC2761,0.003868439011572013,0.01778412612637812,0.003868439011572013,embedding_pca
esmc_PC2762,-0.002863672404401877,0.019438183134538586,0.002863672404401877,embedding_pca
esmc_PC2763,-0.0027269201067041888,0.0064536037454031745,0.0027269201067041888,embedding_pca
esmc_PC2764,0.0019395403523858271,0.01647545302316378,0.0019395403523858271,embedding_pca
esmc_PC2765,0.0022393364886879887,0.006735745461997963,0.0022393364886879887,embedding_pca
esmc_PC2766,-0.0022111120296501915,0.00917902412770356,0.0022111120296501915,embedding_pca
esmc_PC2767,-0.008295444974023496,0.003123866520999058,0.008295444974023496,embedding_pca
esmc_PC2768,0.0013315855604676089,0.012813986173737,0.0013315855604676089,embedding_pca
esmc_PC2769,0.0018102654645886374,0.017096222106009872,0.0018102654645886374,embedding_pca
esmc_PC2770,0.0079717664592447,0.007538614605624845,0.0079717664592447,embedding_pca
esmc_PC2771,0.003941231836327998,0.01984390145699605,0.003941231836327998,embedding_pca
esmc_PC2772,-0.0011914461964987564,0.022980095778051362,0.0011914461964987564,embedding_pca
esmc_PC2773,-0.00017604108191405962,0.011514108097602525,0.00017604108191405962,embedding_pca
esmc_PC2774,0.003959616201170556,0.009537576588780235,0.003959616201170556,embedding_pca
esmc_PC2775,0.018717799174030433,0.014340802051470545,0.018717799174030433,embedding_pca
esmc_PC2776,-0.001173699499383687,0.008952522496919841,0.001173699499383687,embedding_pca
esmc_PC2777,-0.004998297480810271,0.008718776711428495,0.004998297480810271,embedding_pca
esmc_PC2778,-0.0030493902005243835,0.00610610302585996,0.0030493902005243835,embedding_pca
esmc_PC2779,0.009097901833475018,0.005466041545201772,0.009097901833475018,embedding_pca
esmc_PC2780,0.014016854184843589,0.018374507094153565,0.014016854184843589,embedding_pca
esmc_PC2781,0.004244661433443507,0.011389371800473449,0.004244661433443507,embedding_pca
esmc_PC2782,0.0003308001245541922,0.013457454768160017,0.0003308001245541922,embedding_pca
esmc_PC2783,-0.004740695984844065,0.015110628837359431,0.004740695984844065,embedding_pca
esmc_PC2784,7.999619562155808e-05,0.008508988271231805,7.999619562155808e-05,embedding_pca
esmc_PC2785,0.0011301673777614353,0.018588840447343803,0.0011301673777614353,embedding_pca
esmc_PC2786,0.007026464145729172,0.0061722658298617,0.007026464145729172,embedding_pca
esmc_PC2787,-0.005129214477359282,0.017794866685811803,0.005129214477359282,embedding_pca
esmc_PC2788,0.0024031433913896246,0.005413601013484327,0.0024031433913896246,embedding_pca
esmc_PC2789,0.0028672223526494288,0.020638719458683015,0.0028672223526494288,embedding_pca
esmc_PC2790,0.006886365267079117,0.006089088838158459,0.006886365267079117,embedding_pca
esmc_PC2791,-0.0032496404302089547,0.01408884609323838,0.0032496404302089547,embedding_pca
esmc_PC2792,-0.002170032270150864,0.016288818168263625,0.002170032270150864,embedding_pca
esmc_PC2793,-0.010111298738425189,0.01791202723291702,0.010111298738425189,embedding_pca
esmc_PC2794,0.0010654477134472908,0.012306192224178246,0.0010654477134472908,embedding_pca
esmc_PC2795,-0.003919436071321206,0.0171302334582524,0.003919436071321206,embedding_pca
esmc_PC2796,-0.005371571104956854,0.01341880274100162,0.005371571104956854,embedding_pca
esmc_PC2797,-0.013039395806972104,0.015072764608772663,0.013039395806972104,embedding_pca
esmc_PC2798,0.012721691962167655,0.015929624705396085,0.012721691962167655,embedding_pca
esmc_PC2799,-0.004356335148718563,0.013592518005722903,0.004356335148718563,embedding_pca
esmc_PC2800,-0.00847375889526803,0.01740001225072634,0.00847375889526803,embedding_pca
esmc_PC2801,0.014124664815696145,0.008954138112858008,0.014124664815696145,embedding_pca
esmc_PC2802,-0.0011206473213686706,0.017272274617434344,0.0011206473213686706,embedding_pca
esmc_PC2803,0.0010012138441357718,0.0049188323739988,0.0010012138441357718,embedding_pca
esmc_PC2804,0.004051783780362223,0.008307018371722255,0.004051783780362223,embedding_pca
esmc_PC2805,-0.008728434396409884,0.020906590170000516,0.008728434396409884,embedding_pca
esmc_PC2806,0.006218868799758736,0.020247177438748515,0.006218868799758736,embedding_pca
esmc_PC2807,0.010648660313684707,0.015879416546212295,0.010648660313684707,embedding_pca
esmc_PC2808,0.007258740203699552,0.005672423597777915,0.007258740203699552,embedding_pca
esmc_PC2809,-0.008872586910922473,0.013662509954513992,0.008872586910922473,embedding_pca
esmc_PC2810,0.004440149510411858,0.010806534473892994,0.004440149510411858,embedding_pca
esmc_PC2811,-0.006543893556655536,0.01071685669573924,0.006543893556655536,embedding_pca
esmc_PC2812,0.007629224793287458,0.024056263134154553,0.007629224793287458,embedding_pca
esmc_PC2813,0.0039242165438824195,0.01571170749541674,0.0039242165438824195,embedding_pca
esmc_PC2814,-0.007697625605459599,0.022477019871082846,0.007697625605459599,embedding_pca
esmc_PC2815,-0.00021077207976854251,0.009636879962634796,0.00021077207976854251,embedding_pca
esmc_PC2816,-0.005259129206877186,0.0099865046806916,0.005259129206877186,embedding_pca
esmc_PC2817,-0.0013258195089920258,0.010915716218259697,0.0013258195089920258,embedding_pca
esmc_PC2818,0.012938738457702655,0.011606785385315998,0.012938738457702655,embedding_pca
esmc_PC2819,0.0058290136135925995,0.004580705257237626,0.0058290136135925995,embedding_pca
esmc_PC2820,0.002408919003283623,0.013566487626007422,0.002408919003283623,embedding_pca
esmc_PC2821,0.001186614371553865,0.007832039236439827,0.001186614371553865,embedding_pca
esmc_PC2822,-0.010792614651246537,0.018067440122505864,0.010792614651246537,embedding_pca
esmc_PC2823,-2.4013453635717344e-05,0.015262661943009239,2.4013453635717344e-05,embedding_pca
esmc_PC2824,-4.575685988339722e-05,0.013530597345124903,4.575685988339722e-05,embedding_pca
esmc_PC2825,0.011478443555309685,0.012367900991531146,0.011478443555309685,embedding_pca
esmc_PC2826,-0.004448377639644212,0.017097331438647445,0.004448377639644212,embedding_pca
esmc_PC2827,0.009613879116817188,0.015025514889238076,0.009613879116817188,embedding_pca
esmc_PC2828,0.010775312229381342,0.013773324670345415,0.010775312229381342,embedding_pca
esmc_PC2829,0.003954309670075952,0.013233370130869566,0.003954309670075952,embedding_pca
esmc_PC2830,-0.002193416777739877,0.011644061329639993,0.002193416777739877,embedding_pca
esmc_PC2831,0.0012494465694643446,0.016521990888935346,0.0012494465694643446,embedding_pca
esmc_PC2832,0.0009414423792730895,0.02231959202857441,0.0009414423792730895,embedding_pca
esmc_PC2833,-0.00659146420831236,0.01730128490890474,0.00659146420831236,embedding_pca
esmc_PC2834,-0.002469954239925874,0.011526236971681139,0.002469954239925874,embedding_pca
esmc_PC2835,-0.016243195796364858,0.009671847186530174,0.016243195796364858,embedding_pca
esmc_PC2836,0.006508052295295716,0.014533233082580156,0.006508052295295716,embedding_pca
esmc_PC2837,0.0038825496376249436,0.02308685952567053,0.0038825496376249436,embedding_pca
esmc_PC2838,-0.008597795445946818,0.007526273277752398,0.008597795445946818,embedding_pca
esmc_PC2839,0.0029332103603131286,0.018621058608127336,0.0029332103603131286,embedding_pca
esmc_PC2840,0.016970814734074035,0.01417890388654278,0.016970814734074035,embedding_pca
esmc_PC2841,0.003902572811892811,0.012886907838087158,0.003902572811892811,embedding_pca
esmc_PC2842,-0.004359129569670074,0.011490691215302086,0.004359129569670074,embedding_pca
esmc_PC2843,0.0062252436657322914,0.009014038785114248,0.0062252436657322914,embedding_pca
esmc_PC2844,0.010609125149933854,0.019551669806468105,0.010609125149933854,embedding_pca
esmc_PC2845,0.0025919956894418267,0.015727261815504344,0.0025919956894418267,embedding_pca
esmc_PC2846,0.004450311313503472,0.006736585404121203,0.004450311313503472,embedding_pca
esmc_PC2847,-0.0013185176772531819,0.019326192870603182,0.0013185176772531819,embedding_pca
esmc_PC2848,-0.002740457583308848,0.015124697433291963,0.002740457583308848,embedding_pca
esmc_PC2849,-0.01346808069715751,0.012175840407764251,0.01346808069715751,embedding_pca
esmc_PC2850,-0.00461473413624427,0.010586873519844222,0.00461473413624427,embedding_pca
esmc_PC2851,0.008794835854289858,0.014194559445115251,0.008794835854289858,embedding_pca
esmc_PC2852,0.014344673118166326,0.015128914206615787,0.014344673118166326,embedding_pca
esmc_PC2853,0.009318409905572943,0.00830106316454554,0.009318409905572943,embedding_pca
esmc_PC2854,0.0008691725051524397,0.012137359045468196,0.0008691725051524397,embedding_pca
esmc_PC2855,-0.0031434182469403855,0.01481467350806915,0.0031434182469403855,embedding_pca
esmc_PC2856,-0.0033478990589565216,0.018385752470758965,0.0033478990589565216,embedding_pca
esmc_PC2857,-0.009384865243636813,0.019701435579672282,0.009384865243636813,embedding_pca
esmc_PC2858,0.0026570236089190715,0.010783980917057142,0.0026570236089190715,embedding_pca
esmc_PC2859,-0.001996375108694037,0.007100478204891794,0.001996375108694037,embedding_pca
esmc_PC2860,0.00621619226567145,0.0129768940507541,0.00621619226567145,embedding_pca
esmc_PC2861,2.0525460859845827e-05,0.01199164356746834,2.0525460859845827e-05,embedding_pca
esmc_PC2862,0.005352346134078731,0.0078923374092589,0.005352346134078731,embedding_pca
esmc_PC2863,0.003929486539860162,0.01622342586944646,0.003929486539860162,embedding_pca
esmc_PC2864,0.0004266404788591029,0.011564701135123132,0.0004266404788591029,embedding_pca
esmc_PC2865,0.002420746003366652,0.013098859098584008,0.002420746003366652,embedding_pca
esmc_PC2866,0.009428928920543589,0.017556043491609573,0.009428928920543589,embedding_pca
esmc_PC2867,-0.008254987915163752,0.026604800993727633,0.008254987915163752,embedding_pca
esmc_PC2868,-0.005238098519532315,0.017492681561907558,0.005238098519532315,embedding_pca
esmc_PC2869,0.005376907483831908,0.016789545924363627,0.005376907483831908,embedding_pca
esmc_PC2870,0.007007424172684533,0.013454314264819515,0.007007424172684533,embedding_pca
esmc_PC2871,-0.007502119677245189,0.014555332226948346,0.007502119677245189,embedding_pca
esmc_PC2872,0.01791437394477775,0.013801487651404716,0.01791437394477775,embedding_pca
esmc_PC2873,-0.009535611969521888,0.01110151894603355,0.009535611969521888,embedding_pca
esmc_PC2874,0.0018622131452174285,0.009561298728292013,0.0018622131452174285,embedding_pca
esmc_PC2875,0.008322388980042414,0.017265017394697848,0.008322388980042414,embedding_pca
esmc_PC2876,-0.003288798833551417,0.009117890810590494,0.003288798833551417,embedding_pca
esmc_PC2877,0.00764294523651248,0.018656098466857382,0.00764294523651248,embedding_pca
esmc_PC2878,-0.004245720893627904,0.0028687649198901157,0.004245720893627904,embedding_pca
esmc_PC2879,0.004768659629058499,0.0077740249455427535,0.004768659629058499,embedding_pca
esmc_PC2880,0.004463780132483534,0.01368032539350415,0.004463780132483534,embedding_pca
esmc_PC2881,0.0030024229385347727,0.011692193579132034,0.0030024229385347727,embedding_pca
esmc_PC2882,-0.0017435703151031645,0.015591513783468923,0.0017435703151031645,embedding_pca
esmc_PC2883,-0.006947322829307707,0.013881469022715096,0.006947322829307707,embedding_pca
esmc_PC2884,0.011150048595408558,0.012775417698104273,0.011150048595408558,embedding_pca
esmc_PC2885,0.005981538475523995,0.02670817312176512,0.005981538475523995,embedding_pca
esmc_PC2886,-0.011798913025501493,0.01733332073683628,0.011798913025501493,embedding_pca
esmc_PC2887,0.0032020727357032082,0.013208563690985711,0.0032020727357032082,embedding_pca
esmc_PC2888,-0.01062631191613661,0.016298945039386312,0.01062631191613661,embedding_pca
esmc_PC2889,0.004598596160159378,0.018557154060060733,0.004598596160159378,embedding_pca
esmc_PC2890,0.013666367547131308,0.006827241147275624,0.013666367547131308,embedding_pca
esmc_PC2891,0.010796097685456517,0.010722335640811154,0.010796097685456517,embedding_pca
esmc_PC2892,-0.013502634892521658,0.027675040492502422,0.013502634892521658,embedding_pca
esmc_PC2893,-0.0018161495832645278,0.013234679534138021,0.0018161495832645278,embedding_pca
esmc_PC2894,0.003294871139651516,0.014313990422089112,0.003294871139651516,embedding_pca
esmc_PC2895,0.00901585370622941,0.01559793892133432,0.00901585370622941,embedding_pca
esmc_PC2896,-0.008462044559934304,0.017774559435540148,0.008462044559934304,embedding_pca
esmc_PC2897,0.004559170999152619,0.01160404992769638,0.004559170999152619,embedding_pca
esmc_PC2898,0.005122702919850503,0.00886771230234099,0.005122702919850503,embedding_pca
esmc_PC2899,0.0028049172662103316,0.007987020274676787,0.0028049172662103316,embedding_pca
esmc_PC2900,0.014708079410890543,0.014444729921741924,0.014708079410890543,embedding_pca
esmc_PC2901,-0.002913036740789654,0.013939738033640453,0.002913036740789654,embedding_pca
esmc_PC2902,0.007642218831790204,0.023656022564666222,0.007642218831790204,embedding_pca
esmc_PC2903,0.003892590190093731,0.006562951431641846,0.003892590190093731,embedding_pca
esmc_PC2904,-0.009247470529950676,0.013247959410923632,0.009247470529950676,embedding_pca
esmc_PC2905,0.0005805157018243217,0.020429454025130956,0.0005805157018243217,embedding_pca
esmc_PC2906,-0.0039713649836507214,0.01593411878209023,0.0039713649836507214,embedding_pca
esmc_PC2907,-0.00146553491542474,0.009091936487561054,0.00146553491542474,embedding_pca
esmc_PC2908,0.002203097993656006,0.010526515086346654,0.002203097993656006,embedding_pca
esmc_PC2909,0.0034231547099168287,0.022242000275887713,0.0034231547099168287,embedding_pca
esmc_PC2910,-0.00845514645426967,0.011445577563753697,0.00845514645426967,embedding_pca
esmc_PC2911,-0.0015650288704373732,0.016963333100367392,0.0015650288704373732,embedding_pca
esmc_PC2912,-1.2022719626234024e-05,0.012342693604155306,1.2022719626234024e-05,embedding_pca
esmc_PC2913,0.0019890387544046115,0.0195867240104478,0.0019890387544046115,embedding_pca
esmc_PC2914,-0.002005793806231206,0.015114762004587586,0.002005793806231206,embedding_pca
esmc_PC2915,-0.012218975847755617,0.01078393759971637,0.012218975847755617,embedding_pca
esmc_PC2916,0.00411341973881805,0.014597019071497621,0.00411341973881805,embedding_pca
esmc_PC2917,-0.003765272363726262,0.010296696838963514,0.003765272363726262,embedding_pca
esmc_PC2918,0.008574867730391813,0.015038697536718408,0.008574867730391813,embedding_pca
esmc_PC2919,-0.0023635710702544998,0.005070215630128784,0.0023635710702544998,embedding_pca
esmc_PC2920,-0.006719120608221207,0.007498891719539538,0.006719120608221207,embedding_pca
esmc_PC2921,0.004746334801663527,0.009697961947668013,0.004746334801663527,embedding_pca
esmc_PC2922,-0.013180906393318476,0.019291264915110386,0.013180906393318476,embedding_pca
esmc_PC2923,-0.001638442770716251,0.011338370221346815,0.001638442770716251,embedding_pca
esmc_PC2924,-0.003990529957775516,0.012010992549132673,0.003990529957775516,embedding_pca
esmc_PC2925,-0.006650342398397515,0.015176646988903983,0.006650342398397515,embedding_pca
esmc_PC2926,0.0009360662101278617,0.008946654821641727,0.0009360662101278617,embedding_pca
esmc_PC2927,-1.551895343053309e-05,0.008789167995200431,1.551895343053309e-05,embedding_pca
esmc_PC2928,-0.005878395937527087,0.0065967307706305415,0.005878395937527087,embedding_pca
esmc_PC2929,0.00898784001980536,0.007238663768955508,0.00898784001980536,embedding_pca
esmc_PC2930,0.009433376071097814,0.016147019782445423,0.009433376071097814,embedding_pca
esmc_PC2931,-0.005142808359948543,0.012689135470260267,0.005142808359948543,embedding_pca
esmc_PC2932,0.0017143784456081148,0.012060162825070097,0.0017143784456081148,embedding_pca
esmc_PC2933,-0.00166818365172746,0.006961315346648105,0.00166818365172746,embedding_pca
esmc_PC2934,-0.005727031617048905,0.020787442587551247,0.005727031617048905,embedding_pca
esmc_PC2935,-0.006861636805536128,0.008993616601932625,0.006861636805536128,embedding_pca
esmc_PC2936,-0.005242823857171166,0.009434840440125046,0.005242823857171166,embedding_pca
esmc_PC2937,-0.009674557895471695,0.008357397764566645,0.009674557895471695,embedding_pca
esmc_PC2938,-0.0011554202046847356,0.007290292157910867,0.0011554202046847356,embedding_pca
esmc_PC2939,0.0034128949149678347,0.014716271853899301,0.0034128949149678347,embedding_pca
esmc_PC2940,-0.014331328027215384,0.013452045107060844,0.014331328027215384,embedding_pca
esmc_PC2941,0.005625540479070542,0.014227934081970798,0.005625540479070542,embedding_pca
esmc_PC2942,-0.00966533617378205,0.003439178972960828,0.00966533617378205,embedding_pca
esmc_PC2943,0.012007584132275928,0.01151380136861642,0.012007584132275928,embedding_pca
esmc_PC2944,0.006853430569726762,0.010720504721043318,0.006853430569726762,embedding_pca
esmc_PC2945,0.008486172182858517,0.01398465869380292,0.008486172182858517,embedding_pca
esmc_PC2946,0.004618960868366205,0.009730217272377321,0.004618960868366205,embedding_pca
esmc_PC2947,-0.0014658790557079571,0.009204768878838462,0.0014658790557079571,embedding_pca
esmc_PC2948,0.00025587415181261945,0.003202324842166102,0.00025587415181261945,embedding_pca
esmc_PC2949,-0.007753000025517126,0.01780608218735919,0.007753000025517126,embedding_pca
esmc_PC2950,0.002055068590564152,0.008087606577540082,0.002055068590564152,embedding_pca
esmc_PC2951,-0.010993038958249792,0.00929536683958035,0.010993038958249792,embedding_pca
esmc_PC2952,0.011676590244117312,0.02740718854923626,0.011676590244117312,embedding_pca
esmc_PC2953,0.002100561580198223,0.013885987796444153,0.002100561580198223,embedding_pca
esmc_PC2954,0.006341885576961459,0.022040375772633677,0.006341885576961459,embedding_pca
esmc_PC2955,0.003004446143928635,0.023165446328014646,0.003004446143928635,embedding_pca
esmc_PC2956,0.003443037310257733,0.018655880416216877,0.003443037310257733,embedding_pca
esmc_PC2957,0.001095358775818818,0.007227814261911114,0.001095358775818818,embedding_pca
esmc_PC2958,-0.00836367673651672,0.024730567718393794,0.00836367673651672,embedding_pca
esmc_PC2959,-0.002280811547104377,0.01250285562762509,0.002280811547104377,embedding_pca
esmc_PC2960,0.001180505575996392,0.012610928336779011,0.001180505575996392,embedding_pca
esmc_PC2961,-0.006863235011573933,0.009275410402921699,0.006863235011573933,embedding_pca
esmc_PC2962,-0.00033858865016347624,0.010122368486190862,0.00033858865016347624,embedding_pca
esmc_PC2963,0.007365521879125496,0.016414149593888098,0.007365521879125496,embedding_pca
esmc_PC2964,-0.002860142796154053,0.014257475838183833,0.002860142796154053,embedding_pca
esmc_PC2965,0.009291063315108667,0.004202334257841941,0.009291063315108667,embedding_pca
esmc_PC2966,-0.00707191955926703,0.008514101878740155,0.00707191955926703,embedding_pca
esmc_PC2967,-0.007208439958181051,0.014822447458016953,0.007208439958181051,embedding_pca
esmc_PC2968,0.00902002410852651,0.0059257037129553086,0.00902002410852651,embedding_pca
esmc_PC2969,0.0030611512297310257,0.019146218268108774,0.0030611512297310257,embedding_pca
esmc_PC2970,0.0032839165166052967,0.008783219730941727,0.0032839165166052967,embedding_pca
esmc_PC2971,-0.011971442136446065,0.013180759198638505,0.011971442136446065,embedding_pca
esmc_PC2972,-0.0020529883591276265,0.010513927357433919,0.0020529883591276265,embedding_pca
esmc_PC2973,0.0022039419979516866,0.010788171977226065,0.0022039419979516866,embedding_pca
esmc_PC2974,-0.0015799205150750096,0.016002038993854266,0.0015799205150750096,embedding_pca
esmc_PC2975,-0.012865084022693835,0.004838472368815203,0.012865084022693835,embedding_pca
esmc_PC2976,0.0020366813822401417,0.01213279114407637,0.0020366813822401417,embedding_pca
esmc_PC2977,-0.0014693639610157715,0.002920601574669985,0.0014693639610157715,embedding_pca
esmc_PC2978,-0.0008465690631901477,0.01082799810969953,0.0008465690631901477,embedding_pca
esmc_PC2979,0.0006704275081987083,0.01657735369541061,0.0006704275081987083,embedding_pca
esmc_PC2980,-0.004474076708603137,0.015296845960189197,0.004474076708603137,embedding_pca
esmc_PC2981,0.0028169595946470885,0.02043931637526578,0.0028169595946470885,embedding_pca
esmc_PC2982,-0.0015294796481671014,0.024774271276936315,0.0015294796481671014,embedding_pca
esmc_PC2983,0.0035563090935807917,0.016626200484271273,0.0035563090935807917,embedding_pca
esmc_PC2984,0.004341498945251682,0.00935090203334067,0.004341498945251682,embedding_pca
esmc_PC2985,-0.0005289146644131014,0.014208355664262127,0.0005289146644131014,embedding_pca
esmc_PC2986,-0.002400689437002181,0.013734308947205044,0.002400689437002181,embedding_pca
esmc_PC2987,0.0008549692538133856,0.007570496756454817,0.0008549692538133856,embedding_pca
esmc_PC2988,0.00616608207223375,0.01634234656620051,0.00616608207223375,embedding_pca
esmc_PC2989,-0.008061761300918974,0.011602028782277143,0.008061761300918974,embedding_pca
esmc_PC2990,0.0033600228171389844,0.009594769794131342,0.0033600228171389844,embedding_pca
esmc_PC2991,-0.005631136511210043,0.01065772898068882,0.005631136511210043,embedding_pca
esmc_PC2992,0.004288378691783027,0.01709725125765004,0.004288378691783027,embedding_pca
esmc_PC2993,-0.011775315968358888,0.010199382390344765,0.011775315968358888,embedding_pca
esmc_PC2994,0.009855919590691002,0.018544463510427066,0.009855919590691002,embedding_pca
esmc_PC2995,0.0067135704034845065,0.013819312699607102,0.0067135704034845065,embedding_pca
esmc_PC2996,-0.00861534646172257,0.0145476106230127,0.00861534646172257,embedding_pca
esmc_PC2997,-0.0013886049990879156,0.0075686499388422195,0.0013886049990879156,embedding_pca
esmc_PC2998,-0.017007254325384802,0.013252917809698131,0.017007254325384802,embedding_pca
esmc_PC2999,-0.005399655381755345,0.00562849340463008,0.005399655381755345,embedding_pca
esmc_PC3000,0.009006981680743004,0.01000667380768505,0.009006981680743004,embedding_pca
esmc_PC3001,-0.011216547022681708,0.00862203049527389,0.011216547022681708,embedding_pca
esmc_PC3002,0.0029397121814014214,0.009659491304245075,0.0029397121814014214,embedding_pca
esmc_PC3003,0.004634307917920118,0.013768698237743019,0.004634307917920118,embedding_pca
esmc_PC3004,0.014776763100537483,0.02092765686659368,0.014776763100537483,embedding_pca
esmc_PC3005,0.014909383231276293,0.012612366992482932,0.014909383231276293,embedding_pca
esmc_PC3006,0.0041895340592078365,0.01079680999928506,0.0041895340592078365,embedding_pca
esmc_PC3007,-0.003799358074327053,0.015287931997888615,0.003799358074327053,embedding_pca
esmc_PC3008,-0.00433353697759589,0.007187939710698736,0.00433353697759589,embedding_pca
esmc_PC3009,0.003253410706980203,0.009356581231007868,0.003253410706980203,embedding_pca
esmc_PC3010,-0.010041015906600302,0.014225367028998726,0.010041015906600302,embedding_pca
esmc_PC3011,-0.011227319732582786,0.010908919207407667,0.011227319732582786,embedding_pca
esmc_PC3012,0.000274991455921967,0.009624854763950396,0.000274991455921967,embedding_pca
esmc_PC3013,-0.0017125688975055565,0.024842650585025005,0.0017125688975055565,embedding_pca
esmc_PC3014,-0.004301031368938028,0.005435098661492642,0.004301031368938028,embedding_pca
esmc_PC3015,0.0005781956708125418,0.010575484902584944,0.0005781956708125418,embedding_pca
esmc_PC3016,0.0019823195434723944,0.019938337973739857,0.0019823195434723944,embedding_pca
esmc_PC3017,0.00842858972869998,0.012407445980004057,0.00842858972869998,embedding_pca
esmc_PC3018,-0.0023508543067398907,0.01562182308896095,0.0023508543067398907,embedding_pca
esmc_PC3019,-0.015279351609092348,0.009355070623763931,0.015279351609092348,embedding_pca
esmc_PC3020,0.0040725295201054544,0.012713950753101203,0.0040725295201054544,embedding_pca
esmc_PC3021,-0.00725833513993845,0.012425366370046858,0.00725833513993845,embedding_pca
esmc_PC3022,-0.009246519268614481,0.010548502321950808,0.009246519268614481,embedding_pca
esmc_PC3023,0.006382129096779066,0.013563540635885286,0.006382129096779066,embedding_pca
esmc_PC3024,0.0008991691714073727,0.00555487840826225,0.0008991691714073727,embedding_pca
esmc_PC3025,-0.009914607262334335,0.013162987856911194,0.009914607262334335,embedding_pca
esmc_PC3026,0.003214994923659792,0.01382077561320462,0.003214994923659792,embedding_pca
esmc_PC3027,-0.005730984938176318,0.010054141209978749,0.005730984938176318,embedding_pca
esmc_PC3028,-0.001285559091792542,0.009335149895087144,0.001285559091792542,embedding_pca
esmc_PC3029,-0.005545783053854997,0.011894758603215125,0.005545783053854997,embedding_pca
esmc_PC3030,0.007946703437083097,0.005739160232243838,0.007946703437083097,embedding_pca
esmc_PC3031,0.008123739594232796,0.009765245596704475,0.008123739594232796,embedding_pca
esmc_PC3032,-0.003870407281562306,0.012025596236711695,0.003870407281562306,embedding_pca
esmc_PC3033,0.0031561901317398557,0.025191618922472927,0.0031561901317398557,embedding_pca
esmc_PC3034,0.00392229835957898,0.017895417687995584,0.00392229835957898,embedding_pca
esmc_PC3035,-0.0044599025339287085,0.006051133551506796,0.0044599025339287085,embedding_pca
esmc_PC3036,0.006766282087020246,0.0057783864510744755,0.006766282087020246,embedding_pca
esmc_PC3037,0.004232975766167799,0.011397063632309036,0.004232975766167799,embedding_pca
esmc_PC3038,0.0048794603549321015,0.004730232476951991,0.0048794603549321015,embedding_pca
esmc_PC3039,-0.0009607416214335886,0.02147929831952471,0.0009607416214335886,embedding_pca
esmc_PC3040,-0.006929512950217822,0.014286061911368421,0.006929512950217822,embedding_pca
esmc_PC3041,-0.0069465064797979495,0.01289918871681739,0.0069465064797979495,embedding_pca
esmc_PC3042,0.013091117039129529,0.018476361243145098,0.013091117039129529,embedding_pca
esmc_PC3043,0.007350120938565817,0.01776990087435743,0.007350120938565817,embedding_pca
esmc_PC3044,-0.013864784975590017,0.019132708240315544,0.013864784975590017,embedding_pca
esmc_PC3045,-0.0017848483916856443,0.008728469575621912,0.0017848483916856443,embedding_pca
esmc_PC3046,-0.007620112977652955,0.012527049765102619,0.007620112977652955,embedding_pca
esmc_PC3047,0.005088972068170725,0.015495838512059592,0.005088972068170725,embedding_pca
esmc_PC3048,0.003165816815531867,0.01588824808387386,0.003165816815531867,embedding_pca
esmc_PC3049,-0.011735276226909926,0.015956684722704468,0.011735276226909926,embedding_pca
esmc_PC3050,-0.005768367838244459,0.009587064432950387,0.005768367838244459,embedding_pca
esmc_PC3051,0.005280775323629474,0.013129305727232579,0.005280775323629474,embedding_pca
esmc_PC3052,0.014219409695777351,0.021975426474588843,0.014219409695777351,embedding_pca
esmc_PC3053,0.0052436663551840065,0.006276658955345307,0.0052436663551840065,embedding_pca
esmc_PC3054,-0.002649070725362993,0.012763134507945681,0.002649070725362993,embedding_pca
esmc_PC3055,0.003174881400655565,0.019835233293141543,0.003174881400655565,embedding_pca
esmc_PC3056,0.004020851506484261,0.01683349175308683,0.004020851506484261,embedding_pca
esmc_PC3057,0.0009160675206119625,0.004200911056542141,0.0009160675206119625,embedding_pca
esmc_PC3058,0.005798572215058542,0.013133381305183605,0.005798572215058542,embedding_pca
esmc_PC3059,-0.0006074715782208639,0.0132476860797199,0.0006074715782208639,embedding_pca
esmc_PC3060,-0.016469118714228244,0.016763912849783135,0.016469118714228244,embedding_pca
esmc_PC3061,0.0045870471720529885,0.006384957831394558,0.0045870471720529885,embedding_pca
esmc_PC3062,-0.004013335771385082,0.01736884254313716,0.004013335771385082,embedding_pca
esmc_PC3063,0.007805057817801764,0.017930201003956946,0.007805057817801764,embedding_pca
esmc_PC3064,0.0049967679797045545,0.006913740534111652,0.0049967679797045545,embedding_pca
esmc_PC3065,0.012433724700859291,0.009807361292222427,0.012433724700859291,embedding_pca
esmc_PC3066,0.00609296728619523,0.011109199589989757,0.00609296728619523,embedding_pca
esmc_PC3067,-0.01869383473151094,0.007821545311113622,0.01869383473151094,embedding_pca
esmc_PC3068,0.0032861103018621677,0.013932100465843648,0.0032861103018621677,embedding_pca
esmc_PC3069,-0.013061618806574157,0.007353549161571067,0.013061618806574157,embedding_pca
esmc_PC3070,-0.007635441847859079,0.017934021350716138,0.007635441847859079,embedding_pca
esmc_PC3071,-0.0005709056329138224,0.006961495096824394,0.0005709056329138224,embedding_pca
esmc_PC3072,0.0027875753557723175,0.01266541679189298,0.0027875753557723175,embedding_pca
esmc_PC3073,0.0016484106424764357,0.022991248353123626,0.0016484106424764357,embedding_pca
esmc_PC3074,-0.002059135278190208,0.016732889811297783,0.002059135278190208,embedding_pca
esmc_PC3075,-0.008656069884794485,0.012424765160651092,0.008656069884794485,embedding_pca
esmc_PC3076,-0.002824374051545086,0.012105712539455839,0.002824374051545086,embedding_pca
esmc_PC3077,0.0008171385419195713,0.00914154020757818,0.0008171385419195713,embedding_pca
esmc_PC3078,0.0006370588032846853,0.01272923659153561,0.0006370588032846853,embedding_pca
esmc_PC3079,-0.00892337596247621,0.014237197124096332,0.00892337596247621,embedding_pca
esmc_PC3080,-0.00959626235709768,0.006300803881495511,0.00959626235709768,embedding_pca
esmc_PC3081,0.008555720023710172,0.007962564944970897,0.008555720023710172,embedding_pca
esmc_PC3082,-0.006334563038757514,0.013093186984747525,0.006334563038757514,embedding_pca
esmc_PC3083,0.009020395388756045,0.011765823645843712,0.009020395388756045,embedding_pca
esmc_PC3084,0.008449624742967446,0.0157451287274993,0.008449624742967446,embedding_pca
esmc_PC3085,-0.000510091126021263,0.01231993815128144,0.000510091126021263,embedding_pca
esmc_PC3086,0.009293905245823164,0.005952018406739794,0.009293905245823164,embedding_pca
esmc_PC3087,0.005154382531342772,0.021603812236241967,0.005154382531342772,embedding_pca
esmc_PC3088,-0.012003850640762901,0.013304410326157026,0.012003850640762901,embedding_pca
esmc_PC3089,-0.006034814222890007,0.021467123635324516,0.006034814222890007,embedding_pca
esmc_PC3090,0.0033803348660480974,0.012098846756310698,0.0033803348660480974,embedding_pca
esmc_PC3091,-0.0007423916343381153,0.01616591840515664,0.0007423916343381153,embedding_pca
esmc_PC3092,0.005391791560428618,0.012181655233392482,0.005391791560428618,embedding_pca
esmc_PC3093,0.0007507459419786122,0.0033533354867331376,0.0007507459419786122,embedding_pca
esmc_PC3094,-0.007183083387178292,0.014630781721889924,0.007183083387178292,embedding_pca
esmc_PC3095,-0.005586551584487516,0.014699631996908779,0.005586551584487516,embedding_pca
esmc_PC3096,-0.003762399891380024,0.008307363909412885,0.003762399891380024,embedding_pca
esmc_PC3097,-0.00715195325875499,0.01750347944695727,0.00715195325875499,embedding_pca
esmc_PC3098,-0.01067351146649082,0.0192548857120475,0.01067351146649082,embedding_pca
esmc_PC3099,-0.0031635794117646247,0.014967284630807806,0.0031635794117646247,embedding_pca
esmc_PC3100,0.008358266810615817,0.00763157134644828,0.008358266810615817,embedding_pca
esmc_PC3101,-0.008631022795367939,0.015725404893078686,0.008631022795367939,embedding_pca
esmc_PC3102,0.006746122706977746,0.013947563901602497,0.006746122706977746,embedding_pca
esmc_PC3103,-0.003177519167779425,0.012151142507763257,0.003177519167779425,embedding_pca
esmc_PC3104,-0.006127776285408074,0.02263084256324448,0.006127776285408074,embedding_pca
esmc_PC3105,0.000579418996817875,0.02067499831032914,0.000579418996817875,embedding_pca
esmc_PC3106,-0.0002467393331196066,0.009101208150955971,0.0002467393331196066,embedding_pca
esmc_PC3107,-0.0009452159401001539,0.01219343359325804,0.0009452159401001539,embedding_pca
esmc_PC3108,-0.005898167651191963,0.013025658563800516,0.005898167651191963,embedding_pca
esmc_PC3109,-0.0013548363877725913,0.015624913995014521,0.0013548363877725913,embedding_pca
esmc_PC3110,-0.005869804042056439,0.014157387005292368,0.005869804042056439,embedding_pca
esmc_PC3111,0.002187021298300877,0.009000391896449723,0.002187021298300877,embedding_pca
esmc_PC3112,0.00825611183046972,0.012309238527842985,0.00825611183046972,embedding_pca
esmc_PC3113,-0.0026791486865684446,0.015747397471192935,0.0026791486865684446,embedding_pca
esmc_PC3114,-0.0043156088452058015,0.014070372994759403,0.0043156088452058015,embedding_pca
esmc_PC3115,-0.0019876640492079217,0.013618496868595757,0.0019876640492079217,embedding_pca
esmc_PC3116,0.0014160223980707021,0.016898593077186903,0.0014160223980707021,embedding_pca
esmc_PC3117,0.0027465572876612166,0.009916715444515369,0.0027465572876612166,embedding_pca
esmc_PC3118,-0.004861170345948457,0.01185827328672816,0.004861170345948457,embedding_pca
esmc_PC3119,-0.015314490730263582,0.015049002613496778,0.015314490730263582,embedding_pca
esmc_PC3120,0.008453293114418095,0.012832427493768074,0.008453293114418095,embedding_pca
esmc_PC3121,0.00034893352320456014,0.017388927394477425,0.00034893352320456014,embedding_pca
esmc_PC3122,0.000562350299482662,0.015983955729643357,0.000562350299482662,embedding_pca
esmc_PC3123,-0.00629800003947884,0.011388789175402977,0.00629800003947884,embedding_pca
esmc_PC3124,0.007645713027333831,0.014455381340231445,0.007645713027333831,embedding_pca
esmc_PC3125,0.005439768182319611,0.011832187629636726,0.005439768182319611,embedding_pca
esmc_PC3126,0.006657323582919021,0.015158077945192182,0.006657323582919021,embedding_pca
esmc_PC3127,-0.007338242348154431,0.011385689263576868,0.007338242348154431,embedding_pca
esmc_PC3128,0.0006120212640505524,0.014575708744191914,0.0006120212640505524,embedding_pca
esmc_PC3129,0.001637630392064763,0.014862179699170992,0.001637630392064763,embedding_pca
esmc_PC3130,0.000812929355273491,0.010964986936297825,0.000812929355273491,embedding_pca
esmc_PC3131,0.0004920288568316534,0.015285458775752167,0.0004920288568316534,embedding_pca
esmc_PC3132,0.004258746925702225,0.021284308483027856,0.004258746925702225,embedding_pca
esmc_PC3133,-0.0007804762442954096,0.011123055457565884,0.0007804762442954096,embedding_pca
esmc_PC3134,0.0007220726336766312,0.019329262736650157,0.0007220726336766312,embedding_pca
esmc_PC3135,0.007909974323525106,0.0038291337972289627,0.007909974323525106,embedding_pca
esmc_PC3136,-0.008127397506667982,0.008561113172515905,0.008127397506667982,embedding_pca
esmc_PC3137,0.0012756921735141672,0.006704095224573656,0.0012756921735141672,embedding_pca
esmc_PC3138,0.002149630977183694,0.00524347109602855,0.002149630977183694,embedding_pca
esmc_PC3139,-0.0028082892180272302,0.01312132542624119,0.0028082892180272302,embedding_pca
esmc_PC3140,-0.013392803596170056,0.012478444006706786,0.013392803596170056,embedding_pca
esmc_PC3141,0.003517467023214478,0.015679554474615484,0.003517467023214478,embedding_pca
esmc_PC3142,-0.005000644882216821,0.013689911318805691,0.005000644882216821,embedding_pca
esmc_PC3143,-0.006570512892822104,0.0031187180485472235,0.006570512892822104,embedding_pca
esmc_PC3144,-0.004189629466080447,0.013701871469492997,0.004189629466080447,embedding_pca
esmc_PC3145,0.007781645280104601,0.01213695515150246,0.007781645280104601,embedding_pca
esmc_PC3146,0.0016594397775371232,0.017621595275137656,0.0016594397775371232,embedding_pca
esmc_PC3147,-0.0001634644473052482,0.01706574175528351,0.0001634644473052482,embedding_pca
esmc_PC3148,0.0009539585503973768,0.014514763414606733,0.0009539585503973768,embedding_pca
esmc_PC3149,0.008766330022190306,0.016098654773590876,0.008766330022190306,embedding_pca
esmc_PC3150,-0.002529961397452451,0.008367555019616538,0.002529961397452451,embedding_pca
esmc_PC3151,-0.005438848821315683,0.01826473574293597,0.005438848821315683,embedding_pca
esmc_PC3152,-0.0035694205393534276,0.0096317304619087,0.0035694205393534276,embedding_pca
esmc_PC3153,-0.008257929525479435,0.023134260601064535,0.008257929525479435,embedding_pca
esmc_PC3154,0.005484133473297535,0.015678168683685014,0.005484133473297535,embedding_pca
esmc_PC3155,-0.020205134153160324,0.00996258293276096,0.020205134153160324,embedding_pca
esmc_PC3156,-0.005302608443099492,0.013734255824275015,0.005302608443099492,embedding_pca
esmc_PC3157,0.000939645331562576,0.017716438875791978,0.000939645331562576,embedding_pca
esmc_PC3158,-0.009982084102745117,0.01702098745042041,0.009982084102745117,embedding_pca
esmc_PC3159,-0.007236086309050485,0.019367232178296997,0.007236086309050485,embedding_pca
esmc_PC3160,0.003182427300645254,0.011107008337143438,0.003182427300645254,embedding_pca
esmc_PC3161,-0.0009019683984140325,0.01450847920941652,0.0009019683984140325,embedding_pca
esmc_PC3162,-0.0018232888297884601,0.005363757739307022,0.0018232888297884601,embedding_pca
esmc_PC3163,-0.0058582319577823215,0.008380322311583966,0.0058582319577823215,embedding_pca
esmc_PC3164,-0.0012160514685039953,0.013678481496036135,0.0012160514685039953,embedding_pca
esmc_PC3165,0.0010446506319313196,0.015123935403978791,0.0010446506319313196,embedding_pca
esmc_PC3166,0.0008398011633566866,0.014739030104551415,0.0008398011633566866,embedding_pca
esmc_PC3167,2.1369063443915996e-05,0.012758575889157813,2.1369063443915996e-05,embedding_pca
esmc_PC3168,-0.011054974156738584,0.010540895831319248,0.011054974156738584,embedding_pca
esmc_PC3169,-0.004549197630528507,0.017531743197163586,0.004549197630528507,embedding_pca
esmc_PC3170,-0.005550179713448577,0.01976624070829313,0.005550179713448577,embedding_pca
esmc_PC3171,0.004784292863426529,0.008260327701129963,0.004784292863426529,embedding_pca
esmc_PC3172,0.00045400616455455126,0.007403892710959335,0.00045400616455455126,embedding_pca
esmc_PC3173,0.006343579015911954,0.011450000795844474,0.006343579015911954,embedding_pca
esmc_PC3174,0.0046234697625981815,0.015261278494713404,0.0046234697625981815,embedding_pca
esmc_PC3175,0.004180665405222482,0.012647340904799857,0.004180665405222482,embedding_pca
esmc_PC3176,0.014206552212603158,0.01091335911613889,0.014206552212603158,embedding_pca
esmc_PC3177,-0.002841269731970733,0.018740678175720147,0.002841269731970733,embedding_pca
esmc_PC3178,0.00807443823970202,0.008984592985728774,0.00807443823970202,embedding_pca
esmc_PC3179,-0.009182747684174413,0.007303953554667408,0.009182747684174413,embedding_pca
esmc_PC3180,0.00026212086055637585,0.007577396428756467,0.00026212086055637585,embedding_pca
esmc_PC3181,0.0010017316800202277,0.011288404755065866,0.0010017316800202277,embedding_pca
esmc_PC3182,0.000287504459768591,0.014635663038709707,0.000287504459768591,embedding_pca
esmc_PC3183,-0.007437432600060401,0.010230449948540854,0.007437432600060401,embedding_pca
esmc_PC3184,-0.003576358500396847,0.013404437749988262,0.003576358500396847,embedding_pca
esmc_PC3185,0.007663674932633308,0.012648961812074847,0.007663674932633308,embedding_pca
esmc_PC3186,-0.001464530216559276,0.019162238351508834,0.001464530216559276,embedding_pca
esmc_PC3187,-0.02183328997401095,0.015990723682412365,0.02183328997401095,embedding_pca
esmc_PC3188,-0.0021349375284289355,0.008542083658327981,0.0021349375284289355,embedding_pca
esmc_PC3189,0.012082306920294304,0.002001940737175184,0.012082306920294304,embedding_pca
esmc_PC3190,0.009740301899921438,0.012577719966206857,0.009740301899921438,embedding_pca
esmc_PC3191,0.015647646187178798,0.017996356885600594,0.015647646187178798,embedding_pca
esmc_PC3192,0.0020607943943272908,0.010303648340685275,0.0020607943943272908,embedding_pca
esmc_PC3193,0.012369089939714136,0.01061426166494879,0.012369089939714136,embedding_pca
esmc_PC3194,0.00946566559364577,0.013411608696447216,0.00946566559364577,embedding_pca
esmc_PC3195,-0.003194104357331828,0.014875391221166285,0.003194104357331828,embedding_pca
esmc_PC3196,0.0018869585294742242,0.01023847442082391,0.0018869585294742242,embedding_pca
esmc_PC3197,-0.0009463577033433613,0.013291348191759195,0.0009463577033433613,embedding_pca
esmc_PC3198,0.006065961775769236,0.008054420023046956,0.006065961775769236,embedding_pca
esmc_PC3199,0.0020234919841123234,0.007426589570084532,0.0020234919841123234,embedding_pca
esmc_PC3200,-0.005271203143474559,0.01516741736645175,0.005271203143474559,embedding_pca
esmc_PC3201,-0.0015096785225665924,0.015952747026101784,0.0015096785225665924,embedding_pca
esmc_PC3202,0.0003535526821343858,0.010482672806937609,0.0003535526821343858,embedding_pca
esmc_PC3203,-0.010318340401247754,0.013619821678373261,0.010318340401247754,embedding_pca
esmc_PC3204,-0.00022985578844302596,0.009031886156655643,0.00022985578844302596,embedding_pca
esmc_PC3205,-0.00567702492051092,0.01213770951300188,0.00567702492051092,embedding_pca
esmc_PC3206,-0.005752561144630411,0.008853810015898867,0.005752561144630411,embedding_pca
esmc_PC3207,0.012572115910945505,0.019117799826530637,0.012572115910945505,embedding_pca
esmc_PC3208,-0.018563235521985667,0.01493430736375272,0.018563235521985667,embedding_pca
esmc_PC3209,0.013496697048592752,0.00892090499450603,0.013496697048592752,embedding_pca
esmc_PC3210,0.0019449404569512256,0.009500047612034919,0.0019449404569512256,embedding_pca
esmc_PC3211,0.011407418129923788,0.015263217560385638,0.011407418129923788,embedding_pca
esmc_PC3212,-0.0105531801081323,0.013380445986107775,0.0105531801081323,embedding_pca
esmc_PC3213,-0.008247671052556547,0.008412641259095577,0.008247671052556547,embedding_pca
esmc_PC3214,-0.0047823578075612775,0.010409856642243361,0.0047823578075612775,embedding_pca
esmc_PC3215,-0.0025295150825889188,0.010055120893267905,0.0025295150825889188,embedding_pca
esmc_PC3216,0.0010503693243428757,0.007473941507798272,0.0010503693243428757,embedding_pca
esmc_PC3217,0.008410026284457292,0.011701994476973038,0.008410026284457292,embedding_pca
esmc_PC3218,0.007224872954626579,0.021726661350848487,0.007224872954626579,embedding_pca
esmc_PC3219,-0.0011658727051926912,0.011149742841051868,0.0011658727051926912,embedding_pca
esmc_PC3220,0.0031481942764046656,0.01750461198258115,0.0031481942764046656,embedding_pca
esmc_PC3221,0.0018066130119819262,0.009721880546668043,0.0018066130119819262,embedding_pca
esmc_PC3222,0.00382439175445924,0.011673720662385647,0.00382439175445924,embedding_pca
esmc_PC3223,-0.007007363501525055,0.016336676825664448,0.007007363501525055,embedding_pca
esmc_PC3224,-0.00016450888311002608,0.019697432972295967,0.00016450888311002608,embedding_pca
esmc_PC3225,0.0016141683842930805,0.014767766126296796,0.0016141683842930805,embedding_pca
esmc_PC3226,0.012387338628762967,0.012285143493255305,0.012387338628762967,embedding_pca
esmc_PC3227,-0.0036969327481080347,0.01624700063864631,0.0036969327481080347,embedding_pca
esmc_PC3228,0.00679930217966242,0.004990387109471077,0.00679930217966242,embedding_pca
esmc_PC3229,-0.001525672619319294,0.00914349044548904,0.001525672619319294,embedding_pca
esmc_PC3230,0.0028277308912561796,0.006214035667834302,0.0028277308912561796,embedding_pca
esmc_PC3231,-0.0024022179438839284,0.011466053282626421,0.0024022179438839284,embedding_pca
esmc_PC3232,0.007841762424839265,0.005641259778208606,0.007841762424839265,embedding_pca
esmc_PC3233,-0.006701952143192265,0.014611560978023613,0.006701952143192265,embedding_pca
esmc_PC3234,-0.002690575474111606,0.012636298235425395,0.002690575474111606,embedding_pca
esmc_PC3235,0.015123510796646592,0.016225143630311432,0.015123510796646592,embedding_pca
esmc_PC3236,-0.0006591159375883704,0.01287614810501789,0.0006591159375883704,embedding_pca
esmc_PC3237,-3.1316083446730066e-05,0.011944503307480085,3.1316083446730066e-05,embedding_pca
esmc_PC3238,-0.01462414105698399,0.007682625544084162,0.01462414105698399,embedding_pca
esmc_PC3239,-0.0056458961311977385,0.008469304173591383,0.0056458961311977385,embedding_pca
esmc_PC3240,0.0018017074358802295,0.008686481900967404,0.0018017074358802295,embedding_pca
esmc_PC3241,0.007516273635797063,0.009636623085459277,0.007516273635797063,embedding_pca
esmc_PC3242,-0.002537536951817658,0.012825956978458565,0.002537536951817658,embedding_pca
esmc_PC3243,-0.0006048213926404365,0.0067432143040602735,0.0006048213926404365,embedding_pca
esmc_PC3244,0.0052310461335974365,0.0073087562377819335,0.0052310461335974365,embedding_pca
esmc_PC3245,-0.004364661079088989,0.007211593409174964,0.004364661079088989,embedding_pca
esmc_PC3246,0.0032128318735122285,0.010141310658260454,0.0032128318735122285,embedding_pca
esmc_PC3247,0.009458543129858785,0.012994757414923919,0.009458543129858785,embedding_pca
esmc_PC3248,-0.008341481232535072,0.009552947326190353,0.008341481232535072,embedding_pca
esmc_PC3249,-0.005862476823377262,0.012368133407978066,0.005862476823377262,embedding_pca
esmc_PC3250,0.008436472108191454,0.009994843464422892,0.008436472108191454,embedding_pca
esmc_PC3251,0.0027409899952789522,0.0063011065276364344,0.0027409899952789522,embedding_pca
esmc_PC3252,0.004990858108186558,0.01576090502576156,0.004990858108186558,embedding_pca
esmc_PC3253,-0.004325986820002694,0.009004134558248484,0.004325986820002694,embedding_pca
esmc_PC3254,-0.0058970769848976255,0.004695826794723789,0.0058970769848976255,embedding_pca
esmc_PC3255,-0.012223137121871152,0.012000752176982184,0.012223137121871152,embedding_pca
esmc_PC3256,0.011328669859806888,0.008618282656539673,0.011328669859806888,embedding_pca
esmc_PC3257,0.006671997007306927,0.01553120069167499,0.006671997007306927,embedding_pca
esmc_PC3258,0.003202184817365679,0.00784537563744744,0.003202184817365679,embedding_pca
esmc_PC3259,0.0014071104835143636,0.006670887251950479,0.0014071104835143636,embedding_pca
esmc_PC3260,-0.004072773725285412,0.006251752593777875,0.004072773725285412,embedding_pca
esmc_PC3261,-0.0026978465641089174,0.012280333747086416,0.0026978465641089174,embedding_pca
esmc_PC3262,0.006757788023738945,0.004944287480599445,0.006757788023738945,embedding_pca
esmc_PC3263,-0.006867370123274393,0.014912826452263347,0.006867370123274393,embedding_pca
esmc_PC3264,0.005469258078714827,0.009469666642261215,0.005469258078714827,embedding_pca
esmc_PC3265,-0.004227190742117204,0.010588827191960026,0.004227190742117204,embedding_pca
esmc_PC3266,0.006601807461664756,0.01755314828824841,0.006601807461664756,embedding_pca
esmc_PC3267,0.005846579953607593,0.011729138094096024,0.005846579953607593,embedding_pca
esmc_PC3268,0.006498079559184018,0.019061115304829932,0.006498079559184018,embedding_pca
esmc_PC3269,-0.001616811025728795,0.011856366443650177,0.001616811025728795,embedding_pca
esmc_PC3270,-0.005923702820961394,0.009107504958236525,0.005923702820961394,embedding_pca
esmc_PC3271,0.0037672185677825884,0.01196819130898485,0.0037672185677825884,embedding_pca
esmc_PC3272,0.004579098021472147,0.010442745674329077,0.004579098021472147,embedding_pca
esmc_PC3273,0.007323637061350007,0.021496281857572228,0.007323637061350007,embedding_pca
esmc_PC3274,-0.0003331855671463016,0.006410887119590877,0.0003331855671463016,embedding_pca
esmc_PC3275,-0.0006098013688314669,0.004549741710098975,0.0006098013688314669,embedding_pca
esmc_PC3276,-0.007516365133041219,0.01765291060714864,0.007516365133041219,embedding_pca
esmc_PC3277,-0.0074925900421850015,0.007138840005870901,0.0074925900421850015,embedding_pca
esmc_PC3278,0.0026565091148482607,0.012574554680909277,0.0026565091148482607,embedding_pca
esmc_PC3279,0.00719020115758726,0.014033893954721832,0.00719020115758726,embedding_pca
esmc_PC3280,-0.001224232031241563,0.010820887117505463,0.001224232031241563,embedding_pca
esmc_PC3281,0.007025615421905625,0.010323403067997282,0.007025615421905625,embedding_pca
esmc_PC3282,0.006239787689357691,0.00856773753122601,0.006239787689357691,embedding_pca
esmc_PC3283,-0.003622871624655892,0.012523820535590495,0.003622871624655892,embedding_pca
esmc_PC3284,-0.006727224446218441,0.01594423242797915,0.006727224446218441,embedding_pca
esmc_PC3285,-0.006917112527796672,0.01896090484453165,0.006917112527796672,embedding_pca
esmc_PC3286,-0.0028698033594143,0.014378431892242251,0.0028698033594143,embedding_pca
esmc_PC3287,-0.013077854935546251,0.007084346177850855,0.013077854935546251,embedding_pca
esmc_PC3288,0.004826478449349046,0.018105063072671075,0.004826478449349046,embedding_pca
esmc_PC3289,-0.01012195902134123,0.014498614229043152,0.01012195902134123,embedding_pca
esmc_PC3290,-0.008148403289660993,0.01873896247575395,0.008148403289660993,embedding_pca
esmc_PC3291,-0.012050631348829288,0.007255426330665108,0.012050631348829288,embedding_pca
esmc_PC3292,0.009508192826466498,0.022406692586529532,0.009508192826466498,embedding_pca
esmc_PC3293,0.008722926443411525,0.006809121629088097,0.008722926443411525,embedding_pca
esmc_PC3294,0.012219758292976172,0.016902899865623076,0.012219758292976172,embedding_pca
esmc_PC3295,-0.0037263351171766905,0.008741349253999177,0.0037263351171766905,embedding_pca
esmc_PC3296,0.005104386691614169,0.006646120455150026,0.005104386691614169,embedding_pca
esmc_PC3297,-0.005097524960422454,0.015114220144505478,0.005097524960422454,embedding_pca
esmc_PC3298,0.0015544407588440551,0.006974560755295707,0.0015544407588440551,embedding_pca
esmc_PC3299,0.0029609033622600284,0.00963359854898624,0.0029609033622600284,embedding_pca
esmc_PC3300,0.000244388787553099,0.009916347216242906,0.000244388787553099,embedding_pca
esmc_PC3301,0.0023971241805533826,0.016108904502933598,0.0023971241805533826,embedding_pca
esmc_PC3302,0.0033994815509021626,0.010174373756786339,0.0033994815509021626,embedding_pca
esmc_PC3303,-0.008291543036153495,0.013756041801751358,0.008291543036153495,embedding_pca
esmc_PC3304,0.0026264934333646095,0.014356483941722455,0.0026264934333646095,embedding_pca
esmc_PC3305,0.0007035218885225689,0.01905562685814073,0.0007035218885225689,embedding_pca
esmc_PC3306,-0.015486906759834367,0.011169356354895832,0.015486906759834367,embedding_pca
esmc_PC3307,0.0035927823549095237,0.013345218847904586,0.0035927823549095237,embedding_pca
esmc_PC3308,-0.005702665481483231,0.014397968491087898,0.005702665481483231,embedding_pca
esmc_PC3309,0.011745154033647929,0.005201826070571747,0.011745154033647929,embedding_pca
esmc_PC3310,0.011488641925926338,0.019476144608685082,0.011488641925926338,embedding_pca
esmc_PC3311,0.0011493729036717315,0.00987372503594483,0.0011493729036717315,embedding_pca
esmc_PC3312,-0.0020567900965690325,0.006283648786346424,0.0020567900965690325,embedding_pca
esmc_PC3313,-0.0032173858069525193,0.0071752366953753725,0.0032173858069525193,embedding_pca
esmc_PC3314,-0.005164482458217257,0.016590085930872186,0.005164482458217257,embedding_pca
esmc_PC3315,0.00018254646300594392,0.0041207602288692215,0.00018254646300594392,embedding_pca
esmc_PC3316,0.0028873401004797738,0.010709114442660095,0.0028873401004797738,embedding_pca
esmc_PC3317,0.008631187368299705,0.009100644858926657,0.008631187368299705,embedding_pca
esmc_PC3318,-0.005583496854206338,0.011811670804164622,0.005583496854206338,embedding_pca
esmc_PC3319,0.006762751529429431,0.008101700695233216,0.006762751529429431,embedding_pca
esmc_PC3320,0.0009513621597898465,0.008782605299272285,0.0009513621597898465,embedding_pca
esmc_PC3321,-0.009149959036245924,0.005758102378934382,0.009149959036245924,embedding_pca
esmc_PC3322,0.0007569678355099187,0.004676691085218012,0.0007569678355099187,embedding_pca
esmc_PC3323,-0.006875076852133238,0.00901354469412093,0.006875076852133238,embedding_pca
esmc_PC3324,0.0035590066543355683,0.011942116159066103,0.0035590066543355683,embedding_pca
esmc_PC3325,-0.008961972394057022,0.017256479518744653,0.008961972394057022,embedding_pca
esmc_PC3326,0.007151444360457754,0.017491105032488657,0.007151444360457754,embedding_pca
esmc_PC3327,0.008001971310583191,0.009532759388822757,0.008001971310583191,embedding_pca
esmc_PC3328,-0.0018912934894529158,0.0166907471730696,0.0018912934894529158,embedding_pca
esmc_PC3329,0.004873626745715913,0.01611985181332992,0.004873626745715913,embedding_pca
esmc_PC3330,-0.005845725000777645,0.014828323576725585,0.005845725000777645,embedding_pca
esmc_PC3331,-0.003945135604075165,0.01053175898094384,0.003945135604075165,embedding_pca
esmc_PC3332,-0.004531950283796366,0.011123970161063366,0.004531950283796366,embedding_pca
esmc_PC3333,0.008876973361831391,0.011245036698736265,0.008876973361831391,embedding_pca
esmc_PC3334,0.00419713824207075,0.0056310463793617935,0.00419713824207075,embedding_pca
esmc_PC3335,-0.0011541999375889649,0.020466915839855895,0.0011541999375889649,embedding_pca
esmc_PC3336,0.005374428671473805,0.009794817404803797,0.005374428671473805,embedding_pca
esmc_PC3337,-0.004114316040374146,0.0036383088752068625,0.004114316040374146,embedding_pca
esmc_PC3338,0.0090180526120382,0.007176418051419768,0.0090180526120382,embedding_pca
esmc_PC3339,0.007531713703774987,0.012640264913302661,0.007531713703774987,embedding_pca
esmc_PC3340,-0.01748542353091281,0.027283560293697304,0.01748542353091281,embedding_pca
esmc_PC3341,0.006710541683075964,0.005819358099205847,0.006710541683075964,embedding_pca
esmc_PC3342,0.0033945170718248244,0.009850124775214313,0.0033945170718248244,embedding_pca
esmc_PC3343,0.0032177286410765144,0.01761240492683414,0.0032177286410765144,embedding_pca
esmc_PC3344,-0.004484633720292718,0.01896011414045729,0.004484633720292718,embedding_pca
esmc_PC3345,-0.0023943011464893907,0.014987473801431112,0.0023943011464893907,embedding_pca
esmc_PC3346,-0.007222050516666814,0.01342843857190895,0.007222050516666814,embedding_pca
esmc_PC3347,0.0026290487328064797,0.01401318916354955,0.0026290487328064797,embedding_pca
esmc_PC3348,-0.01235097839742281,0.020233066089414543,0.01235097839742281,embedding_pca
esmc_PC3349,-0.004601378355073496,0.016067857898161942,0.004601378355073496,embedding_pca
esmc_PC3350,-0.005748068486860149,0.006541477977493093,0.005748068486860149,embedding_pca
esmc_PC3351,0.003499801578093214,0.013366965960349596,0.003499801578093214,embedding_pca
esmc_PC3352,-0.0024625147104733692,0.008375373572690475,0.0024625147104733692,embedding_pca
esmc_PC3353,-0.004744911215931807,0.006055272369508473,0.004744911215931807,embedding_pca
esmc_PC3354,0.00540525719727814,0.005487850545558818,0.00540525719727814,embedding_pca
esmc_PC3355,-0.009014167966309852,0.017859845877223928,0.009014167966309852,embedding_pca
esmc_PC3356,0.000690441784680024,0.013065659653630116,0.000690441784680024,embedding_pca
esmc_PC3357,-0.0013858959507697818,0.008490664011499926,0.0013858959507697818,embedding_pca
esmc_PC3358,-0.012998155117298887,0.010015098744231043,0.012998155117298887,embedding_pca
esmc_PC3359,0.007006833370318016,0.019236661015550084,0.007006833370318016,embedding_pca
esmc_PC3360,-0.000897537730921312,0.011366453363659374,0.000897537730921312,embedding_pca
esmc_PC3361,0.009801607146614263,0.01414511142094482,0.009801607146614263,embedding_pca
esmc_PC3362,0.004984535916137539,0.01834376804946026,0.004984535916137539,embedding_pca
esmc_PC3363,-0.0018238097258761528,0.006575390841062297,0.0018238097258761528,embedding_pca
esmc_PC3364,1.931579547016296e-05,0.010676315274773238,1.931579547016296e-05,embedding_pca
esmc_PC3365,-0.0001011023257054669,0.021537277803271002,0.0001011023257054669,embedding_pca
esmc_PC3366,0.005782076293982659,0.014563251102231835,0.005782076293982659,embedding_pca
esmc_PC3367,-0.005312207575899952,0.008149626695312277,0.005312207575899952,embedding_pca
esmc_PC3368,-0.01179834438656307,0.010051633117659433,0.01179834438656307,embedding_pca
esmc_PC3369,0.0020838270256242192,0.019787099729865223,0.0020838270256242192,embedding_pca
esmc_PC3370,-0.003991195870015032,0.018457904630818204,0.003991195870015032,embedding_pca
esmc_PC3371,-0.0008005787495143944,0.013776608699500875,0.0008005787495143944,embedding_pca
esmc_PC3372,0.0036989599921138554,0.007904860111254344,0.0036989599921138554,embedding_pca
esmc_PC3373,-0.007365687941972329,0.016250937943221636,0.007365687941972329,embedding_pca
esmc_PC3374,0.008038963122499992,0.019555303817420232,0.008038963122499992,embedding_pca
esmc_PC3375,-0.0054821861299668125,0.010911361060696444,0.0054821861299668125,embedding_pca
esmc_PC3376,-0.005780491004430432,0.0089851061240815,0.005780491004430432,embedding_pca
esmc_PC3377,-0.005511042605890595,0.008235199779567088,0.005511042605890595,embedding_pca
esmc_PC3378,0.006623877665862,0.010002878554319602,0.006623877665862,embedding_pca
esmc_PC3379,0.00016637058964141127,0.01064125936415927,0.00016637058964141127,embedding_pca
esmc_PC3380,-0.0059590541234490445,0.0065657681164016865,0.0059590541234490445,embedding_pca
esmc_PC3381,0.0018298919603871732,0.01299191960323606,0.0018298919603871732,embedding_pca
esmc_PC3382,-0.0038590578691339193,0.01565831201780717,0.0038590578691339193,embedding_pca
esmc_PC3383,-0.0008609363861456197,0.01239243330000867,0.0008609363861456197,embedding_pca
esmc_PC3384,-0.005651026718048748,0.009698094334665654,0.005651026718048748,embedding_pca
esmc_PC3385,0.005268239446834247,0.017736158955174056,0.005268239446834247,embedding_pca
esmc_PC3386,0.007969780817479179,0.010605668087874859,0.007969780817479179,embedding_pca
esmc_PC3387,0.0004382752988004217,0.009835187554881802,0.0004382752988004217,embedding_pca
esmc_PC3388,0.002657260005241951,0.011656577772962676,0.002657260005241951,embedding_pca
esmc_PC3389,0.013631151696637736,0.011448636035702023,0.013631151696637736,embedding_pca
esmc_PC3390,0.007542366528491294,0.019077303308615744,0.007542366528491294,embedding_pca
esmc_PC3391,0.00549119733379998,0.01047400578230271,0.00549119733379998,embedding_pca
esmc_PC3392,-0.003041692205347167,0.007443379090697039,0.003041692205347167,embedding_pca
esmc_PC3393,0.0012568001711412325,0.013792186332035461,0.0012568001711412325,embedding_pca
esmc_PC3394,-0.00986474663393271,0.008278448436585883,0.00986474663393271,embedding_pca
esmc_PC3395,0.0022306747811261475,0.008988405977074235,0.0022306747811261475,embedding_pca
esmc_PC3396,-0.0005831431319479553,0.009576305313112876,0.0005831431319479553,embedding_pca
esmc_PC3397,-0.0023927500336392753,0.012405517139208408,0.0023927500336392753,embedding_pca
esmc_PC3398,-0.00927764756271289,0.018679012101453698,0.00927764756271289,embedding_pca
esmc_PC3399,0.0026529560456536455,0.015240450450384298,0.0026529560456536455,embedding_pca
esmc_PC3400,-0.0032717536124887633,0.01790005686978783,0.0032717536124887633,embedding_pca
esmc_PC3401,0.006716400924757965,0.004358043787536625,0.006716400924757965,embedding_pca
esmc_PC3402,0.003450452126978188,0.015341672438331178,0.003450452126978188,embedding_pca
esmc_PC3403,-0.004990026851758311,0.012012251613826963,0.004990026851758311,embedding_pca
esmc_PC3404,-0.0017353338041154807,0.021685745883259028,0.0017353338041154807,embedding_pca
esmc_PC3405,-0.001575519396234102,0.006303245037461976,0.001575519396234102,embedding_pca
esmc_PC3406,-0.00444976496067064,0.00883161608516422,0.00444976496067064,embedding_pca
esmc_PC3407,0.00037929337998109694,0.00881261539149096,0.00037929337998109694,embedding_pca
esmc_PC3408,0.007543285173971478,0.011630290828565917,0.007543285173971478,embedding_pca
esmc_PC3409,-0.00160967267218958,0.003972122305050922,0.00160967267218958,embedding_pca
esmc_PC3410,-0.002265122334684175,0.013921822719526447,0.002265122334684175,embedding_pca
esmc_PC3411,0.0005896267766987779,0.01773887415226427,0.0005896267766987779,embedding_pca
esmc_PC3412,-0.0021548411430441393,0.008035693482526167,0.0021548411430441393,embedding_pca
esmc_PC3413,0.006023502068813752,0.009341667296550648,0.006023502068813752,embedding_pca
esmc_PC3414,-0.014031590955673029,0.00666288394978745,0.014031590955673029,embedding_pca
esmc_PC3415,-0.00116782491165581,0.007771419592895138,0.00116782491165581,embedding_pca
esmc_PC3416,0.003779626019770921,0.01414416003304961,0.003779626019770921,embedding_pca
esmc_PC3417,0.003172343234076078,0.009731855965276292,0.003172343234076078,embedding_pca
esmc_PC3418,-0.006560589228049793,0.009576480952407583,0.006560589228049793,embedding_pca
esmc_PC3419,0.012293704114880103,0.013916324757723295,0.012293704114880103,embedding_pca
esmc_PC3420,-0.001213855884794288,0.013637370767165105,0.001213855884794288,embedding_pca
esmc_PC3421,-0.0003899345588211416,0.010386222812499502,0.0003899345588211416,embedding_pca
esmc_PC3422,0.0015312516151239429,0.018620691778752557,0.0015312516151239429,embedding_pca
esmc_PC3423,-0.0004073893383832152,0.012001828478970515,0.0004073893383832152,embedding_pca
esmc_PC3424,0.012695059688251579,0.017091309134941706,0.012695059688251579,embedding_pca
esmc_PC3425,-0.010939911192059802,0.014732892342084601,0.010939911192059802,embedding_pca
esmc_PC3426,-0.0043506472772498195,0.01794996906819393,0.0043506472772498195,embedding_pca
esmc_PC3427,-0.0014649004490356766,0.013256831812761648,0.0014649004490356766,embedding_pca
esmc_PC3428,0.011619809849787655,0.012861381301005082,0.011619809849787655,embedding_pca
esmc_PC3429,0.002380375070050385,0.011249983336172008,0.002380375070050385,embedding_pca
esmc_PC3430,-0.0005654248100843892,0.009511515943930647,0.0005654248100843892,embedding_pca
esmc_PC3431,-0.0026107127284716713,0.0197311750308743,0.0026107127284716713,embedding_pca
esmc_PC3432,-0.00044570326682937726,0.009146817689702937,0.00044570326682937726,embedding_pca
esmc_PC3433,-0.011100730815233897,0.012745125838467061,0.011100730815233897,embedding_pca
esmc_PC3434,0.001372409594020469,0.009945313487929017,0.001372409594020469,embedding_pca
esmc_PC3435,-0.002777778762773607,0.01855954417230659,0.002777778762773607,embedding_pca
esmc_PC3436,0.003974437624956022,0.0063744791764169945,0.003974437624956022,embedding_pca
esmc_PC3437,2.2597220655115603e-05,0.009070332038863264,2.2597220655115603e-05,embedding_pca
esmc_PC3438,0.005051603076457486,0.007998078848021065,0.005051603076457486,embedding_pca
esmc_PC3439,-0.011843341801343787,0.019454833493078767,0.011843341801343787,embedding_pca
esmc_PC3440,0.0011774356082274653,0.010788092920719475,0.0011774356082274653,embedding_pca
esmc_PC3441,-0.012024215392601106,0.013043792217875863,0.012024215392601106,embedding_pca
esmc_PC3442,0.006146067256126907,0.007459029448099918,0.006146067256126907,embedding_pca
esmc_PC3443,0.0034555460661675522,0.020648723318418695,0.0034555460661675522,embedding_pca
esmc_PC3444,-0.008506917843825684,0.018506026327802846,0.008506917843825684,embedding_pca
esmc_PC3445,0.0021440046699456065,0.0046677949426221065,0.0021440046699456065,embedding_pca
esmc_PC3446,-0.0071742258930303435,0.015164559229192878,0.0071742258930303435,embedding_pca
esmc_PC3447,-0.008715737044084536,0.02083383385919507,0.008715737044084536,embedding_pca
esmc_PC3448,-0.00358733797168895,0.016570325552271628,0.00358733797168895,embedding_pca
esmc_PC3449,-0.009377686232516466,0.013980402374795935,0.009377686232516466,embedding_pca
esmc_PC3450,0.0013884873626893099,0.0051664579920306045,0.0013884873626893099,embedding_pca
esmc_PC3451,0.0015864315458678966,0.0222981792324299,0.0015864315458678966,embedding_pca
esmc_PC3452,-0.00924495198805762,0.005604486475632271,0.00924495198805762,embedding_pca
esmc_PC3453,-0.003416873829574217,0.015645401110251585,0.003416873829574217,embedding_pca
esmc_PC3454,-0.008277063690923136,0.0056178918214546715,0.008277063690923136,embedding_pca
esmc_PC3455,0.011910387524683538,0.006250149661949599,0.011910387524683538,embedding_pca
esmc_PC3456,0.008642261619846976,0.006469806074933851,0.008642261619846976,embedding_pca
