feature,weight_mean,weight_std,weight_abs_mean,feature_type
rel_distance_from_n_terminus,0.00022902219705387325,9.7712961729497e-06,0.00022902219705387325,handcrafted
rel_distance_from_c_terminus,0.00023928450961558227,9.979801055445e-06,0.00023928450961558227,handcrafted
mean_rsa_peptide,0.0002722561468853537,1.4208260118055505e-05,0.0002722561468853537,handcrafted
mean_disorder_peptide,0.00027736229339065717,2.470363608470401e-05,0.00027736229339065717,handcrafted
mean_rsa_nflank,0.00025695022136231144,1.2403009958189522e-05,0.00025695022136231144,handcrafted
mean_disorder_nflank,0.00028150505013415484,2.275489361163597e-05,0.00028150505013415484,handcrafted
mean_rsa_cflank,0.0003431836409397182,2.6429727383877564e-05,0.0003431836409397182,handcrafted
mean_disorder_cflank,0.0002905567549365968,2.142605212256793e-05,0.0002905567549365968,handcrafted
q8point_H_peptide,2.7661718175690038e-05,3.897315859555291e-06,2.7661718175690038e-05,handcrafted
q8point_G_peptide,1.5043387114218063e-05,3.2759449881994856e-06,1.5043387114218063e-05,handcrafted
q8point_I_peptide,2.9650434614588324e-07,2.467019709783477e-07,2.9650434614588324e-07,handcrafted
q8point_E_peptide,1.366715182723501e-05,3.950228520402528e-06,1.366715182723501e-05,handcrafted
q8point_B_peptide,1.038083172231921e-06,5.11680093245491e-07,1.038083172231921e-06,handcrafted
q8point_T_peptide,1.381718239056889e-05,3.7352427677789506e-06,1.381718239056889e-05,handcrafted
q8point_S_peptide,1.0888001182532552e-05,9.25076484859001e-07,1.0888001182532552e-05,handcrafted
q8point_C_peptide,4.0609480529212406e-05,9.738304829484746e-06,4.0609480529212406e-05,handcrafted
q8point_H_nflank,0.0001163968723096737,2.0225474671097625e-05,0.0001163968723096737,handcrafted
q8point_G_nflank,1.1104751101958206e-05,1.9043257966697194e-06,1.1104751101958206e-05,handcrafted
q8point_I_nflank,2.627081845586038e-07,2.452041050138305e-07,2.627081845586038e-07,handcrafted
q8point_E_nflank,1.4672021296575791e-05,3.367834630156387e-06,1.4672021296575791e-05,handcrafted
q8point_B_nflank,1.3306480895658865e-06,3.447621906806868e-07,1.3306480895658865e-06,handcrafted
q8point_T_nflank,1.2401950570924392e-05,2.6189592041703575e-06,1.2401950570924392e-05,handcrafted
q8point_S_nflank,1.3507520832152337e-05,2.0316072449897984e-06,1.3507520832152337e-05,handcrafted
q8point_C_nflank,1.2565600597986772e-05,1.9475504336418056e-06,1.2565600597986772e-05,handcrafted
q8point_H_cflank,1.4737179207137494e-05,2.47815412438708e-06,1.4737179207137494e-05,handcrafted
q8point_G_cflank,9.309222771524777e-06,2.3243053305380226e-06,9.309222771524777e-06,handcrafted
q8point_I_cflank,2.8526951473914795e-07,3.234816135504549e-07,2.8526951473914795e-07,handcrafted
q8point_E_cflank,1.225762407210644e-05,2.5795897167506006e-06,1.225762407210644e-05,handcrafted
q8point_B_cflank,1.3212246513891082e-06,3.391324675962295e-07,1.3212246513891082e-06,handcrafted
q8point_T_cflank,1.3301472908755296e-05,3.4014360410868013e-06,1.3301472908755296e-05,handcrafted
q8point_S_cflank,1.0132895963889733e-05,2.961339158290154e-06,1.0132895963889733e-05,handcrafted
q8point_C_cflank,1.3857141852264042e-05,2.404070224405213e-06,1.3857141852264042e-05,handcrafted
q8trans_H_n_pep,5.423486614385462e-05,1.5847329638192572e-05,5.423486614385462e-05,handcrafted
q8trans_G_n_pep,8.024797591653129e-06,1.9526636983902672e-06,8.024797591653129e-06,handcrafted
q8trans_I_n_pep,3.2099033601489033e-07,3.650899971678605e-07,3.2099033601489033e-07,handcrafted
q8trans_E_n_pep,1.131761439518975e-05,1.3025692204055625e-06,1.131761439518975e-05,handcrafted
q8trans_B_n_pep,0.0,0.0,0.0,handcrafted
q8trans_T_n_pep,6.834983829879973e-06,1.9000580861040102e-06,6.834983829879973e-06,handcrafted
q8trans_S_n_pep,1.7871985084591606e-06,6.519535986961206e-07,1.7871985084591606e-06,handcrafted
q8trans_C_n_pep,3.832815602757113e-05,6.9964478159288326e-06,3.832815602757113e-05,handcrafted
q8trans_H_pep_c,1.7765417328305763e-05,3.31599517773244e-06,1.7765417328305763e-05,handcrafted
q8trans_G_pep_c,2.344910093769373e-06,9.802278846872509e-07,2.344910093769373e-06,handcrafted
q8trans_I_pep_c,8.194468155929168e-08,7.037083874430323e-08,8.194468155929168e-08,handcrafted
q8trans_E_pep_c,1.0534935853602877e-05,1.3495640505148757e-06,1.0534935853602877e-05,handcrafted
q8trans_B_pep_c,0.0,0.0,0.0,handcrafted
q8trans_T_pep_c,6.160403700920834e-06,1.0825098659304235e-06,6.160403700920834e-06,handcrafted
q8trans_S_pep_c,4.5545929979394826e-07,2.101151250806981e-07,4.5545929979394826e-07,handcrafted
q8trans_C_pep_c,2.3417018551456828e-05,1.1644390329308834e-06,2.3417018551456828e-05,handcrafted
mean_plddt_peptide,0.0006743163405345477,4.465761980372504e-05,0.0006743163405345477,handcrafted
mean_plddt_nflank,0.0006547528193001201,5.09324735474162e-05,0.0006547528193001201,handcrafted
mean_plddt_cflank,0.0004897580962608518,4.4933276210508314e-05,0.0004897580962608518,handcrafted
N10_A,5.298828286698041e-05,4.349585685222134e-06,5.298828286698041e-05,handcrafted
N10_C,4.673351321923156e-05,1.920794869983176e-06,4.673351321923156e-05,handcrafted
N10_D,5.992711570985708e-05,3.2380321821198973e-06,5.992711570985708e-05,handcrafted
N10_E,6.331214670614644e-05,2.710190469909554e-06,6.331214670614644e-05,handcrafted
N10_F,6.809584843406937e-05,3.7934127825313374e-06,6.809584843406937e-05,handcrafted
N10_G,4.900744014261954e-05,7.868200310515558e-06,4.900744014261954e-05,handcrafted
N10_H,6.633627830237264e-05,6.224124328615955e-06,6.633627830237264e-05,handcrafted
N10_I,5.684462804860206e-05,5.032105837700236e-06,5.684462804860206e-05,handcrafted
N10_K,7.020044168542243e-05,2.613172848737857e-06,7.020044168542243e-05,handcrafted
N10_L,5.893800618356936e-05,4.7294378202942105e-06,5.893800618356936e-05,handcrafted
N10_M,6.949881449693534e-05,4.091192706272852e-06,6.949881449693534e-05,handcrafted
N10_N,6.0322758393745464e-05,3.896992004916403e-06,6.0322758393745464e-05,handcrafted
N10_P,4.659965239395645e-05,4.812546051171088e-06,4.659965239395645e-05,handcrafted
N10_Q,7.150409770478723e-05,4.736689763539222e-06,7.150409770478723e-05,handcrafted
N10_R,6.093565788287268e-05,3.5923800131170633e-06,6.093565788287268e-05,handcrafted
N10_S,6.50899230694328e-05,3.836655243855119e-06,6.50899230694328e-05,handcrafted
N10_T,4.3168755888472194e-05,9.226336035340146e-07,4.3168755888472194e-05,handcrafted
N10_V,5.545498883600007e-05,4.3309044049922066e-06,5.545498883600007e-05,handcrafted
N10_W,6.22667052702538e-05,4.180072252606441e-06,6.22667052702538e-05,handcrafted
N10_Y,5.0257338781846425e-05,2.5570466364128435e-06,5.0257338781846425e-05,handcrafted
N9_A,5.41772776588788e-05,1.8840690877400725e-06,5.41772776588788e-05,handcrafted
N9_C,4.769486007196394e-05,2.419001052148685e-06,4.769486007196394e-05,handcrafted
N9_D,6.400804288395119e-05,6.961774097138102e-06,6.400804288395119e-05,handcrafted
N9_E,5.705894810792973e-05,4.217839494148997e-06,5.705894810792973e-05,handcrafted
N9_F,6.61585944767481e-05,4.623672430797281e-06,6.61585944767481e-05,handcrafted
N9_G,4.9170959372394513e-05,2.947016640842799e-06,4.9170959372394513e-05,handcrafted
N9_H,6.477124553776806e-05,3.652068658387752e-06,6.477124553776806e-05,handcrafted
N9_I,5.651344172512516e-05,5.0396636942866995e-06,5.651344172512516e-05,handcrafted
N9_K,7.30329207585067e-05,4.84701060279609e-06,7.30329207585067e-05,handcrafted
N9_L,5.649946696992367e-05,3.3251902345197105e-06,5.649946696992367e-05,handcrafted
N9_M,6.498931008116815e-05,3.7982194764422294e-06,6.498931008116815e-05,handcrafted
N9_N,6.450042874799321e-05,4.747773199923348e-06,6.450042874799321e-05,handcrafted
N9_P,4.779443538478591e-05,5.072001981102711e-06,4.779443538478591e-05,handcrafted
N9_Q,6.779244934406279e-05,6.19952788743193e-06,6.779244934406279e-05,handcrafted
N9_R,6.73870072117464e-05,8.065435005457755e-06,6.73870072117464e-05,handcrafted
N9_S,6.432906982502238e-05,4.638184871759375e-06,6.432906982502238e-05,handcrafted
N9_T,4.5679119603382e-05,4.541047226131255e-06,4.5679119603382e-05,handcrafted
N9_V,6.154224617140036e-05,5.5105787113365564e-06,6.154224617140036e-05,handcrafted
N9_W,6.43225349924467e-05,1.9624775599274594e-06,6.43225349924467e-05,handcrafted
N9_Y,5.017969964542418e-05,3.622007186410789e-06,5.017969964542418e-05,handcrafted
N8_A,4.9729668444100335e-05,3.8106214785617067e-06,4.9729668444100335e-05,handcrafted
N8_C,4.453828061941285e-05,2.8114776916546368e-06,4.453828061941285e-05,handcrafted
N8_D,6.132170728644479e-05,4.015820500127732e-06,6.132170728644479e-05,handcrafted
N8_E,5.924210809625063e-05,3.9853048106932745e-06,5.924210809625063e-05,handcrafted
N8_F,6.486327865743796e-05,4.059287544308319e-06,6.486327865743796e-05,handcrafted
N8_G,4.339379826418395e-05,2.261892832485791e-06,4.339379826418395e-05,handcrafted
N8_H,6.318544373313239e-05,4.2594587560945945e-06,6.318544373313239e-05,handcrafted
N8_I,5.448898622937739e-05,3.1089331377685086e-06,5.448898622937739e-05,handcrafted
N8_K,6.987346429717391e-05,1.948611891594683e-06,6.987346429717391e-05,handcrafted
N8_L,5.76892873805141e-05,4.6299428306304204e-06,5.76892873805141e-05,handcrafted
N8_M,7.337841218227337e-05,3.544791378960924e-06,7.337841218227337e-05,handcrafted
N8_N,6.203304759362363e-05,3.336894605710131e-06,6.203304759362363e-05,handcrafted
N8_P,4.0023709711044924e-05,3.358597188676871e-06,4.0023709711044924e-05,handcrafted
N8_Q,6.389763369736593e-05,5.581870826438303e-06,6.389763369736593e-05,handcrafted
N8_R,6.266474375421434e-05,1.849014084209307e-06,6.266474375421434e-05,handcrafted
N8_S,5.895745650898704e-05,2.4741614574695013e-06,5.895745650898704e-05,handcrafted
N8_T,4.7226743151682415e-05,8.67890017136061e-07,4.7226743151682415e-05,handcrafted
N8_V,5.6961928593021066e-05,3.664818314703637e-06,5.6961928593021066e-05,handcrafted
N8_W,6.397035734160726e-05,3.5725352618346498e-06,6.397035734160726e-05,handcrafted
N8_Y,5.390111192833503e-05,7.523565618189882e-06,5.390111192833503e-05,handcrafted
N7_A,5.260660636351429e-05,5.310369769833405e-06,5.260660636351429e-05,handcrafted
N7_C,4.827264401630202e-05,2.374455935948981e-06,4.827264401630202e-05,handcrafted
N7_D,6.30793165774238e-05,4.197461561704097e-06,6.30793165774238e-05,handcrafted
N7_E,6.0235928161630156e-05,3.0820392847970263e-06,6.0235928161630156e-05,handcrafted
N7_F,6.262556040677882e-05,3.64975342465848e-06,6.262556040677882e-05,handcrafted
N7_G,4.838576760232093e-05,3.382716045134101e-06,4.838576760232093e-05,handcrafted
N7_H,6.518823052204198e-05,3.8422962105658714e-06,6.518823052204198e-05,handcrafted
N7_I,5.6870085496043285e-05,3.044724322091152e-06,5.6870085496043285e-05,handcrafted
N7_K,6.512926583340174e-05,5.774780147961269e-06,6.512926583340174e-05,handcrafted
N7_L,6.530305953467977e-05,1.8503974158400976e-06,6.530305953467977e-05,handcrafted
N7_M,7.141523259928316e-05,5.530341822124251e-06,7.141523259928316e-05,handcrafted
N7_N,6.316907312287111e-05,4.804379645012091e-06,6.316907312287111e-05,handcrafted
N7_P,3.928520069180679e-05,3.077433946881232e-06,3.928520069180679e-05,handcrafted
N7_Q,6.430900986467816e-05,5.1846345880375075e-06,6.430900986467816e-05,handcrafted
N7_R,5.953882573255698e-05,2.5551441954444016e-06,5.953882573255698e-05,handcrafted
N7_S,6.469198762381061e-05,3.769124017398388e-06,6.469198762381061e-05,handcrafted
N7_T,4.6850295203714975e-05,6.079017842446912e-06,4.6850295203714975e-05,handcrafted
N7_V,5.7769755395323775e-05,3.925859695737627e-06,5.7769755395323775e-05,handcrafted
N7_W,6.297781057084039e-05,4.907973773010688e-06,6.297781057084039e-05,handcrafted
N7_Y,5.007868217301972e-05,2.201230649666286e-06,5.007868217301972e-05,handcrafted
N6_A,5.0049268100491475e-05,3.5678522769465723e-06,5.0049268100491475e-05,handcrafted
N6_C,5.1100474652424206e-05,3.2802602991371764e-06,5.1100474652424206e-05,handcrafted
N6_D,5.943515797614948e-05,3.8138185563558968e-06,5.943515797614948e-05,handcrafted
N6_E,6.446065946519105e-05,3.2467123252026707e-06,6.446065946519105e-05,handcrafted
N6_F,6.711175069126914e-05,3.3077605176287828e-06,6.711175069126914e-05,handcrafted
N6_G,4.74628997056125e-05,3.1830633342021726e-06,4.74628997056125e-05,handcrafted
N6_H,6.408980032438215e-05,4.663962989600518e-06,6.408980032438215e-05,handcrafted
N6_I,6.176672517975623e-05,4.320993994260475e-06,6.176672517975623e-05,handcrafted
N6_K,7.085981620949205e-05,8.540472806733436e-06,7.085981620949205e-05,handcrafted
N6_L,5.980172935788799e-05,6.097839656234168e-06,5.980172935788799e-05,handcrafted
N6_M,6.671329007769966e-05,6.835400766767481e-06,6.671329007769966e-05,handcrafted
N6_N,6.588215441969161e-05,4.322543660594165e-06,6.588215441969161e-05,handcrafted
N6_P,4.351869193910523e-05,2.2416054104030414e-06,4.351869193910523e-05,handcrafted
N6_Q,6.687908428840288e-05,4.9732657004951915e-06,6.687908428840288e-05,handcrafted
N6_R,6.959714463544657e-05,6.634056844314595e-06,6.959714463544657e-05,handcrafted
N6_S,5.999157683866317e-05,5.8389797404142e-06,5.999157683866317e-05,handcrafted
N6_T,4.866769725713826e-05,3.4669689415584098e-06,4.866769725713826e-05,handcrafted
N6_V,6.138882217336185e-05,4.4033612477877065e-06,6.138882217336185e-05,handcrafted
N6_W,6.559738666865023e-05,4.057268658428149e-06,6.559738666865023e-05,handcrafted
N6_Y,5.2879846191562404e-05,2.739733431309756e-06,5.2879846191562404e-05,handcrafted
N5_A,4.9334451608988086e-05,4.213293922564914e-06,4.9334451608988086e-05,handcrafted
N5_C,4.652315324733725e-05,2.8805301774535187e-06,4.652315324733725e-05,handcrafted
N5_D,5.7939046683943544e-05,3.207140268680823e-06,5.7939046683943544e-05,handcrafted
N5_E,6.18739498326352e-05,4.49433721348399e-06,6.18739498326352e-05,handcrafted
N5_F,6.234070198827079e-05,6.6611622916359044e-06,6.234070198827079e-05,handcrafted
N5_G,4.4097637662692046e-05,3.3005010967958384e-06,4.4097637662692046e-05,handcrafted
N5_H,6.316726836537806e-05,6.196163591856865e-06,6.316726836537806e-05,handcrafted
N5_I,5.397118295099149e-05,3.5091468230896704e-06,5.397118295099149e-05,handcrafted
N5_K,6.786879161760496e-05,5.108747899990863e-06,6.786879161760496e-05,handcrafted
N5_L,6.134470707531582e-05,5.435261004526366e-06,6.134470707531582e-05,handcrafted
N5_M,7.121969535879815e-05,2.7866780091535583e-06,7.121969535879815e-05,handcrafted
N5_N,6.17527286681188e-05,5.565947568933795e-06,6.17527286681188e-05,handcrafted
N5_P,4.267781010490291e-05,6.276216267592807e-06,4.267781010490291e-05,handcrafted
N5_Q,6.623785839964512e-05,2.8113022503688854e-06,6.623785839964512e-05,handcrafted
N5_R,6.367994310474306e-05,3.4044260895259008e-06,6.367994310474306e-05,handcrafted
N5_S,6.369176992772651e-05,3.391034131792701e-06,6.369176992772651e-05,handcrafted
N5_T,4.449447666796713e-05,4.108948277286443e-06,4.449447666796713e-05,handcrafted
N5_V,5.927894727910588e-05,3.7793349484596036e-06,5.927894727910588e-05,handcrafted
N5_W,6.379239161260185e-05,5.2366909595306095e-06,6.379239161260185e-05,handcrafted
N5_Y,5.018557549759311e-05,6.191065540537415e-06,5.018557549759311e-05,handcrafted
N4_A,4.99540346681141e-05,6.517919559840026e-06,4.99540346681141e-05,aa_encoding
N4_C,5.1887200492121345e-05,5.091534691243358e-06,5.1887200492121345e-05,aa_encoding
N4_D,6.0504728385266926e-05,4.243166622108307e-06,6.0504728385266926e-05,aa_encoding
N4_E,6.22696588313293e-05,5.497822031280177e-06,6.22696588313293e-05,aa_encoding
N4_F,6.601283709432167e-05,4.822173290740112e-06,6.601283709432167e-05,aa_encoding
N4_G,4.72414115610859e-05,2.4479915426000074e-06,4.72414115610859e-05,aa_encoding
N4_H,6.382193094352314e-05,7.758583917704525e-06,6.382193094352314e-05,aa_encoding
N4_I,5.4466524686813016e-05,2.5040456757286002e-06,5.4466524686813016e-05,aa_encoding
N4_K,6.68399595637903e-05,3.1395792308453162e-06,6.68399595637903e-05,aa_encoding
N4_L,6.864185812638954e-05,2.1683068190759707e-06,6.864185812638954e-05,aa_encoding
N4_M,8.561799685483725e-05,5.573643137683801e-06,8.561799685483725e-05,aa_encoding
N4_N,6.13250348094259e-05,5.991359830404685e-06,6.13250348094259e-05,aa_encoding
N4_P,4.942798069173821e-05,4.4313460070363885e-06,4.942798069173821e-05,aa_encoding
N4_Q,6.452084140040927e-05,4.040143331969068e-06,6.452084140040927e-05,aa_encoding
N4_R,6.60245640901231e-05,3.848203595261721e-06,6.60245640901231e-05,aa_encoding
N4_S,6.0033388898321125e-05,3.7834366506269177e-06,6.0033388898321125e-05,aa_encoding
N4_T,4.478649261821132e-05,2.699777220030984e-06,4.478649261821132e-05,aa_encoding
N4_V,6.588103019535815e-05,4.309212500896142e-06,6.588103019535815e-05,aa_encoding
N4_W,6.578258792164072e-05,4.748670742579428e-06,6.578258792164072e-05,aa_encoding
N4_Y,5.459656615446082e-05,6.349071298883047e-06,5.459656615446082e-05,aa_encoding
N3_A,5.2459174701318374e-05,2.3541370710321224e-06,5.2459174701318374e-05,aa_encoding
N3_C,5.324211339088497e-05,4.095936536017445e-06,5.324211339088497e-05,aa_encoding
N3_D,6.523301251301556e-05,1.0880682644228279e-05,6.523301251301556e-05,aa_encoding
N3_E,8.725345345974767e-05,1.406855094987042e-05,8.725345345974767e-05,aa_encoding
N3_F,7.412928847332689e-05,8.16374543994293e-06,7.412928847332689e-05,aa_encoding
N3_G,7.820379801374701e-05,1.2637867715702062e-05,7.820379801374701e-05,aa_encoding
N3_H,0.00010102124577013753,8.818647981088263e-06,0.00010102124577013753,aa_encoding
N3_I,6.245186830038891e-05,4.011680383267367e-06,6.245186830038891e-05,aa_encoding
N3_K,8.53554085407188e-05,9.570378140562631e-06,8.53554085407188e-05,aa_encoding
N3_L,0.00011337749605483354,1.0619313634812267e-05,0.00011337749605483354,aa_encoding
N3_M,0.0002443110263977514,2.427155276091702e-05,0.0002443110263977514,aa_encoding
N3_N,6.987055233969818e-05,6.793757576015111e-06,6.987055233969818e-05,aa_encoding
N3_P,0.00019818257877072601,3.3785831698348486e-05,0.00019818257877072601,aa_encoding
N3_Q,9.103286509187249e-05,1.3000589576110776e-05,9.103286509187249e-05,aa_encoding
N3_R,0.00013295796486578076,2.1905138025571937e-05,0.00013295796486578076,aa_encoding
N3_S,6.23295931743738e-05,6.984922468495062e-06,6.23295931743738e-05,aa_encoding
N3_T,5.245985243450355e-05,3.018817582942927e-06,5.245985243450355e-05,aa_encoding
N3_V,7.016482059218215e-05,5.829293111304433e-06,7.016482059218215e-05,aa_encoding
N3_W,6.073898693131814e-05,4.31360412407577e-06,6.073898693131814e-05,aa_encoding
N3_Y,0.00015797710868121874,2.4734146843993244e-05,0.00015797710868121874,aa_encoding
N2_A,6.138040099443462e-05,5.086720077188433e-06,6.138040099443462e-05,aa_encoding
N2_C,8.042507249399482e-05,8.536244760015838e-06,8.042507249399482e-05,aa_encoding
N2_D,9.421603226008884e-05,1.622788978966673e-05,9.421603226008884e-05,aa_encoding
N2_E,0.00012060625811389957,1.3550801645960567e-05,0.00012060625811389957,aa_encoding
N2_F,8.196524756907061e-05,7.23554963697947e-06,8.196524756907061e-05,aa_encoding
N2_G,8.702264808564325e-05,1.6853746781504032e-05,8.702264808564325e-05,aa_encoding
N2_H,0.0001221830629578928,9.564689693915264e-06,0.0001221830629578928,aa_encoding
N2_I,8.811419398134893e-05,7.250526561086512e-06,8.811419398134893e-05,aa_encoding
N2_K,0.00011704032283722614,2.2475858718537258e-05,0.00011704032283722614,aa_encoding
N2_L,7.442501138533455e-05,4.245762001817422e-06,7.442501138533455e-05,aa_encoding
N2_M,0.00011638299294606776,1.3890793491654016e-05,0.00011638299294606776,aa_encoding
N2_N,0.00022404056882418177,2.8996113166683627e-05,0.00022404056882418177,aa_encoding
N2_P,0.0004685359913275906,5.6651387212236914e-05,0.0004685359913275906,aa_encoding
N2_Q,0.0001576374732741761,1.756026686375355e-05,0.0001576374732741761,aa_encoding
N2_R,0.0003059471861413,3.2637898428651536e-05,0.0003059471861413,aa_encoding
N2_S,0.0001318117091510277,1.5226134753710146e-05,0.0001318117091510277,aa_encoding
N2_T,5.552617989248186e-05,7.02704410370948e-06,5.552617989248186e-05,aa_encoding
N2_V,8.304671892726359e-05,9.062664133249886e-06,8.304671892726359e-05,aa_encoding
N2_W,6.93097742312091e-05,6.187010673675807e-06,6.93097742312091e-05,aa_encoding
N2_Y,6.690231331775559e-05,5.561886155324423e-06,6.690231331775559e-05,aa_encoding
N1_A,0.00011718937336387936,1.6421604227554554e-05,0.00011718937336387936,aa_encoding
N1_C,7.349017975904882e-05,7.122916364880734e-06,7.349017975904882e-05,aa_encoding
N1_D,7.124971359712038e-05,5.0367006441424496e-06,7.124971359712038e-05,aa_encoding
N1_E,7.396829160842417e-05,1.0974024546301373e-05,7.396829160842417e-05,aa_encoding
N1_F,8.127088749810396e-05,5.1433355518808264e-06,8.127088749810396e-05,aa_encoding
N1_G,0.00020376503163321117,1.3763777790488737e-05,0.00020376503163321117,aa_encoding
N1_H,7.517284618858763e-05,4.86659292321599e-06,7.517284618858763e-05,aa_encoding
N1_I,8.190634002497086e-05,8.19937647728701e-06,8.190634002497086e-05,aa_encoding
N1_K,7.466906204218216e-05,5.190503816572015e-06,7.466906204218216e-05,aa_encoding
N1_L,7.994512958460052e-05,8.726171278163985e-06,7.994512958460052e-05,aa_encoding
N1_M,9.615319831807438e-05,9.867866449829623e-06,9.615319831807438e-05,aa_encoding
N1_N,0.00016226696413652473,3.147077552266323e-05,0.00016226696413652473,aa_encoding
N1_P,0.0005657430051022217,2.938070274308875e-05,0.0005657430051022217,aa_encoding
N1_Q,7.697418281426203e-05,4.979529372678796e-06,7.697418281426203e-05,aa_encoding
N1_R,0.00010372974505940042,1.3944226719408105e-05,0.00010372974505940042,aa_encoding
N1_S,0.00011866564705093175,4.126561974227283e-06,0.00011866564705093175,aa_encoding
N1_T,5.423636576361845e-05,5.328739193049879e-06,5.423636576361845e-05,aa_encoding
N1_V,7.412198160868061e-05,5.757057812414365e-06,7.412198160868061e-05,aa_encoding
N1_W,6.75527484449672e-05,4.928793833203274e-06,6.75527484449672e-05,aa_encoding
N1_Y,5.389486451701507e-05,5.331201071134439e-06,5.389486451701507e-05,aa_encoding
P1_A,6.285855373719522e-05,6.643664919432458e-06,6.285855373719522e-05,aa_encoding
P1_C,3.8545229183995415e-05,6.223627501933377e-06,3.8545229183995415e-05,aa_encoding
P1_D,7.824401727106784e-05,2.8061891678612636e-06,7.824401727106784e-05,aa_encoding
P1_E,6.312399933004333e-05,7.02609568529684e-06,6.312399933004333e-05,aa_encoding
P1_F,7.433538679700374e-05,5.7001676223106745e-06,7.433538679700374e-05,aa_encoding
P1_G,7.837888911517073e-05,9.060292563983129e-06,7.837888911517073e-05,aa_encoding
P1_H,6.393515279995825e-05,2.81860916952487e-06,6.393515279995825e-05,aa_encoding
P1_I,6.274621582804612e-05,5.640604374213362e-06,6.274621582804612e-05,aa_encoding
P1_K,7.742290843627811e-05,4.474803524330729e-06,7.742290843627811e-05,aa_encoding
P1_L,7.271349608506453e-05,6.031981982566138e-06,7.271349608506453e-05,aa_encoding
P1_M,8.934738916559552e-05,8.274823225320268e-06,8.934738916559552e-05,aa_encoding
P1_N,7.713427651050188e-05,9.423449898647844e-06,7.713427651050188e-05,aa_encoding
P1_P,5.6698489697135156e-05,1.3052921008034696e-05,5.6698489697135156e-05,aa_encoding
P1_Q,6.836585046504501e-05,5.903017293488595e-06,6.836585046504501e-05,aa_encoding
P1_R,6.0380880329290694e-05,3.886509686910214e-06,6.0380880329290694e-05,aa_encoding
P1_S,8.634613671730461e-05,7.356397961497555e-06,8.634613671730461e-05,aa_encoding
P1_T,5.5946763546686336e-05,4.761799106264897e-06,5.5946763546686336e-05,aa_encoding
P1_V,6.983392520832606e-05,7.697273097253217e-06,6.983392520832606e-05,aa_encoding
P1_W,6.556714627381667e-05,5.321588524022648e-06,6.556714627381667e-05,aa_encoding
P1_Y,6.938869126780364e-05,6.860035152072413e-06,6.938869126780364e-05,aa_encoding
P2_A,7.951506998403632e-05,4.678898523188471e-06,7.951506998403632e-05,aa_encoding
P2_C,2.2614345769868064e-05,2.871057666239558e-06,2.2614345769868064e-05,aa_encoding
P2_D,6.345529530297452e-05,5.421027986526657e-06,6.345529530297452e-05,aa_encoding
P2_E,5.047453812197548e-05,4.662444010223887e-06,5.047453812197548e-05,aa_encoding
P2_F,9.65423183290755e-05,5.8441417758749665e-06,9.65423183290755e-05,aa_encoding
P2_G,4.0794541425246565e-05,4.0443863088130174e-06,4.0794541425246565e-05,aa_encoding
P2_H,4.290735301905559e-05,2.461297173126165e-06,4.290735301905559e-05,aa_encoding
P2_I,8.88725901914349e-05,3.642540350292535e-06,8.88725901914349e-05,aa_encoding
P2_K,6.803868907968374e-05,4.0466392198518284e-06,6.803868907968374e-05,aa_encoding
P2_L,6.370435141391088e-05,4.450955254234278e-06,6.370435141391088e-05,aa_encoding
P2_M,0.00011969337145277713,1.1373662335872215e-05,0.00011969337145277713,aa_encoding
P2_N,5.5088807741842405e-05,6.564333772094307e-06,5.5088807741842405e-05,aa_encoding
P2_P,4.3590731811118704e-05,6.944304479491506e-06,4.3590731811118704e-05,aa_encoding
P2_Q,7.454109318475037e-05,5.097218000594827e-06,7.454109318475037e-05,aa_encoding
P2_R,4.349706561693548e-05,3.931948694000754e-06,4.349706561693548e-05,aa_encoding
P2_S,5.474113933415432e-05,4.010714336924142e-06,5.474113933415432e-05,aa_encoding
P2_T,7.384819316535615e-05,6.75641893369104e-06,7.384819316535615e-05,aa_encoding
P2_V,9.714939292022084e-05,1.6975150974312725e-05,9.714939292022084e-05,aa_encoding
P2_W,7.827293858838374e-05,4.70480003230461e-06,7.827293858838374e-05,aa_encoding
P2_Y,9.155913412584205e-05,1.261161178943046e-05,9.155913412584205e-05,aa_encoding
P3_A,8.483345469519888e-05,1.1822083624096181e-05,8.483345469519888e-05,aa_encoding
P3_C,9.856182024713856e-05,6.137000888971235e-06,9.856182024713856e-05,aa_encoding
P3_D,0.00010705121270977716,4.249288989689035e-06,0.00010705121270977716,aa_encoding
P3_E,7.363434997366133e-05,3.41118397112447e-06,7.363434997366133e-05,aa_encoding
P3_F,0.00015530987179140422,8.071068540752461e-06,0.00015530987179140422,aa_encoding
P3_G,6.148781117037523e-05,4.401249640175673e-06,6.148781117037523e-05,aa_encoding
P3_H,0.0001069420795860643,7.935145889917896e-06,0.0001069420795860643,aa_encoding
P3_I,7.060566943309092e-05,5.004084884278523e-06,7.060566943309092e-05,aa_encoding
P3_K,8.694245810862834e-05,9.00072565770827e-06,8.694245810862834e-05,aa_encoding
P3_L,0.00021817777807757316,3.193234640602778e-05,0.00021817777807757316,aa_encoding
P3_M,0.000255666504171977,1.982880978943969e-05,0.000255666504171977,aa_encoding
P3_N,9.334903786923716e-05,7.966614356888793e-06,9.334903786923716e-05,aa_encoding
P3_P,0.00014449047142267398,1.2731366056482976e-05,0.00014449047142267398,aa_encoding
P3_Q,8.40442120659692e-05,1.0673020952940247e-05,8.40442120659692e-05,aa_encoding
P3_R,7.547631871677826e-05,8.692084705145285e-06,7.547631871677826e-05,aa_encoding
P3_S,0.00013911542345709018,1.056910183765983e-05,0.00013911542345709018,aa_encoding
P3_T,0.00011525582331363857,9.534528172286578e-06,0.00011525582331363857,aa_encoding
P3_V,0.00011242019257270999,1.1057559410841788e-05,0.00011242019257270999,aa_encoding
P3_W,0.00011611267892708815,1.749996861514078e-05,0.00011611267892708815,aa_encoding
P3_Y,0.0001776554323232934,6.727133561445592e-06,0.0001776554323232934,aa_encoding
P4_A,4.9798445801206416e-05,2.0312176079272408e-06,4.9798445801206416e-05,aa_encoding
P4_C,5.30843860917601e-05,7.982463765886563e-06,5.30843860917601e-05,aa_encoding
P4_D,5.856662128145614e-05,6.237153551829748e-06,5.856662128145614e-05,aa_encoding
P4_E,6.542151962610152e-05,3.1566325406068333e-06,6.542151962610152e-05,aa_encoding
P4_F,5.826789670585005e-05,3.27640768415709e-06,5.826789670585005e-05,aa_encoding
P4_G,5.0737779486059763e-05,6.769547227761647e-06,5.0737779486059763e-05,aa_encoding
P4_H,0.00010207899666418726,1.3843318755284286e-05,0.00010207899666418726,aa_encoding
P4_I,5.369249093687908e-05,4.752213080016066e-06,5.369249093687908e-05,aa_encoding
P4_K,0.0001631450288039093,3.377607477780937e-05,0.0001631450288039093,aa_encoding
P4_L,7.08834673952211e-05,7.716045352868252e-06,7.08834673952211e-05,aa_encoding
P4_M,8.334604776165692e-05,4.434528160898753e-06,8.334604776165692e-05,aa_encoding
P4_N,0.000162461955028459,2.6980275972664943e-05,0.000162461955028459,aa_encoding
P4_P,0.0001643632799593885,3.065564962310078e-05,0.0001643632799593885,aa_encoding
P4_Q,9.795453528724208e-05,7.152771782708862e-06,9.795453528724208e-05,aa_encoding
P4_R,0.00016723332861869346,2.884606870386132e-05,0.00016723332861869346,aa_encoding
P4_S,7.324002026097323e-05,6.351911551634575e-06,7.324002026097323e-05,aa_encoding
P4_T,4.576890040511745e-05,3.9388670756352025e-06,4.576890040511745e-05,aa_encoding
P4_V,5.895610856915558e-05,4.3903084384478835e-06,5.895610856915558e-05,aa_encoding
P4_W,5.401926279543284e-05,5.932628705259145e-06,5.401926279543284e-05,aa_encoding
P4_Y,7.296076037570137e-05,4.867813657350304e-06,7.296076037570137e-05,aa_encoding
P5_A,6.255143901868414e-05,3.4749621755080502e-06,6.255143901868414e-05,aa_encoding
P5_C,8.549218636596663e-05,6.72527263881564e-06,8.549218636596663e-05,aa_encoding
P5_D,0.00018870139226087246,1.2350328005983386e-05,0.00018870139226087246,aa_encoding
P5_E,0.00039152188110426554,1.5315636804679482e-05,0.00039152188110426554,aa_encoding
P5_F,0.00013884899845344393,1.8618427646638496e-05,0.00013884899845344393,aa_encoding
P5_G,0.00012769811682156862,1.9709554466724782e-05,0.00012769811682156862,aa_encoding
P5_H,0.0005387361660112524,1.733917387391682e-05,0.0005387361660112524,aa_encoding
P5_I,0.0001843495626169879,2.3340417012839397e-05,0.0001843495626169879,aa_encoding
P5_K,0.0006502388767234222,3.8537539985367835e-05,0.0006502388767234222,aa_encoding
P5_L,0.0002008630345585694,3.256635678367129e-05,0.0002008630345585694,aa_encoding
P5_M,0.00028094910345664685,2.273665000621538e-05,0.00028094910345664685,aa_encoding
P5_N,0.0005181093941225012,5.5172455045470325e-05,0.0005181093941225012,aa_encoding
P5_P,0.0005343098601937727,3.994455481049102e-05,0.0005343098601937727,aa_encoding
P5_Q,0.0004759311723053838,2.2478851470947546e-05,0.0004759311723053838,aa_encoding
P5_R,0.0008137427342744657,3.6407420948381376e-05,0.0008137427342744657,aa_encoding
P5_S,0.00021447338962040464,2.3537848313923958e-05,0.00021447338962040464,aa_encoding
P5_T,6.819992943101178e-05,7.427182268927522e-06,6.819992943101178e-05,aa_encoding
P5_V,0.00018006559435662265,3.0018582074748023e-05,0.00018006559435662265,aa_encoding
P5_W,8.465319902575572e-05,6.735252047994265e-06,8.465319902575572e-05,aa_encoding
P5_Y,0.00022880283308192653,2.181937730777598e-05,0.00022880283308192653,aa_encoding
P6_A,8.479949493235221e-05,5.886700914226803e-06,8.479949493235221e-05,aa_encoding
P6_C,0.00011060561086256672,1.0581307670421733e-05,0.00011060561086256672,aa_encoding
P6_D,0.00013701430459197342,2.1353696554174427e-05,0.00013701430459197342,aa_encoding
P6_E,0.00011308684402263266,1.0415438923380073e-05,0.00011308684402263266,aa_encoding
P6_F,0.0001703371791517288,1.193694313409309e-05,0.0001703371791517288,aa_encoding
P6_G,0.00014128206673576495,1.676937700449254e-05,0.00014128206673576495,aa_encoding
P6_H,0.00035010904027208165,3.798492560628959e-05,0.00035010904027208165,aa_encoding
P6_I,0.00021009380832357508,3.158717155549801e-05,0.00021009380832357508,aa_encoding
P6_K,0.00018477667237549317,8.892981233839323e-06,0.00018477667237549317,aa_encoding
P6_L,0.00012102319200798534,6.210545080591592e-06,0.00012102319200798534,aa_encoding
P6_M,0.0003078972033849198,4.481645017644586e-05,0.0003078972033849198,aa_encoding
P6_N,0.00015448671729111432,1.6436052154662645e-05,0.00015448671729111432,aa_encoding
P6_P,0.00010959603154733893,1.777148617305565e-05,0.00010959603154733893,aa_encoding
P6_Q,0.00014670368435693994,6.700590538792197e-06,0.00014670368435693994,aa_encoding
P6_R,0.000113379143166818,1.58028372604234e-05,0.000113379143166818,aa_encoding
P6_S,8.693970067371684e-05,7.144211442665179e-06,8.693970067371684e-05,aa_encoding
P6_T,0.00016941233699445282,3.8210742335078846e-05,0.00016941233699445282,aa_encoding
P6_V,0.000222637117848556,2.4384413218866993e-05,0.000222637117848556,aa_encoding
P6_W,0.0001258524657590182,8.340899797466194e-06,0.0001258524657590182,aa_encoding
P6_Y,0.000259486044288125,3.0729139001659944e-05,0.000259486044288125,aa_encoding
P7_A,5.512494195267179e-05,5.171958051945412e-06,5.512494195267179e-05,aa_encoding
P7_C,4.958613511914541e-05,4.9749902754292596e-06,4.958613511914541e-05,aa_encoding
P7_D,0.00016656359135804386,1.7441772259842583e-05,0.00016656359135804386,aa_encoding
P7_E,0.00011690178691808073,9.879745055267784e-06,0.00011690178691808073,aa_encoding
P7_F,0.0001706576025312951,2.151164096353274e-05,0.0001706576025312951,aa_encoding
P7_G,0.0001202307354056524,1.3154789920483973e-05,0.0001202307354056524,aa_encoding
P7_H,0.00023795778387561222,3.0874831211980474e-05,0.00023795778387561222,aa_encoding
P7_I,9.519385209128422e-05,9.083452571319377e-06,9.519385209128422e-05,aa_encoding
P7_K,0.00010079829966267679,6.846304444592953e-06,0.00010079829966267679,aa_encoding
P7_L,0.00014842037792023912,1.0818839308257548e-05,0.00014842037792023912,aa_encoding
P7_M,0.0001928226351012912,1.1643602018016445e-05,0.0001928226351012912,aa_encoding
P7_N,0.00010939298045446477,1.0939539124265608e-05,0.00010939298045446477,aa_encoding
P7_P,7.419848880097734e-05,4.58218530685463e-06,7.419848880097734e-05,aa_encoding
P7_Q,0.0001131635984036982,6.582156350644622e-06,0.0001131635984036982,aa_encoding
P7_R,0.00011528799389614917,7.624562923436119e-06,0.00011528799389614917,aa_encoding
P7_S,9.968737321515146e-05,9.768165178443196e-06,9.968737321515146e-05,aa_encoding
P7_T,8.031163450074547e-05,8.122957988420348e-06,8.031163450074547e-05,aa_encoding
P7_V,0.00010403516202314822,7.795830836178923e-06,0.00010403516202314822,aa_encoding
P7_W,0.00012742154257803893,9.101720463351001e-06,0.00012742154257803893,aa_encoding
P7_Y,0.00017111860052386804,1.6009201347114314e-05,0.00017111860052386804,aa_encoding
P8_A,6.776379181179268e-05,4.252687548866569e-06,6.776379181179268e-05,aa_encoding
P8_C,5.817538375872789e-05,6.458573342638101e-06,5.817538375872789e-05,aa_encoding
P8_D,0.0001396752141224552,1.1666186190575354e-05,0.0001396752141224552,aa_encoding
P8_E,0.00012302412670893095,4.866505204784123e-06,0.00012302412670893095,aa_encoding
P8_F,0.00014266519859980602,1.0697619769218544e-05,0.00014266519859980602,aa_encoding
P8_G,9.18766545868321e-05,8.127281493590146e-06,9.18766545868321e-05,aa_encoding
P8_H,0.00015748381265360496,1.46699117437889e-05,0.00015748381265360496,aa_encoding
P8_I,0.00010743706331812618,1.0894714781612433e-05,0.00010743706331812618,aa_encoding
P8_K,0.00024444688505812943,2.9663224765940683e-05,0.00024444688505812943,aa_encoding
P8_L,0.0001514236582568882,2.0321997657446626e-05,0.0001514236582568882,aa_encoding
P8_M,0.00016543753771793717,1.72313267245275e-05,0.00016543753771793717,aa_encoding
P8_N,0.00024400413269886874,3.088790167661566e-05,0.00024400413269886874,aa_encoding
P8_P,0.00016107242599443274,2.8923460523844886e-05,0.00016107242599443274,aa_encoding
P8_Q,0.00011575206467848655,1.5879097234702134e-05,0.00011575206467848655,aa_encoding
P8_R,0.00029678396469996624,3.278706670515876e-05,0.00029678396469996624,aa_encoding
P8_S,0.00013476812571827036,1.47811250881051e-05,0.00013476812571827036,aa_encoding
P8_T,4.870376939650614e-05,3.0360228679222582e-06,4.870376939650614e-05,aa_encoding
P8_V,0.00010454423149633833,1.1447456896135186e-05,0.00010454423149633833,aa_encoding
P8_W,8.128826402285279e-05,7.350794097720495e-06,8.128826402285279e-05,aa_encoding
P8_Y,6.20966014277422e-05,5.071649310443394e-06,6.20966014277422e-05,aa_encoding
P9_A,0.00012482969018625536,1.1316557581288339e-05,0.00012482969018625536,aa_encoding
P9_C,0.00013438946382304896,1.1257744383997848e-05,0.00013438946382304896,aa_encoding
P9_D,2.5197126649078502e-05,2.642441641554252e-06,2.5197126649078502e-05,aa_encoding
P9_E,6.501137404870957e-05,8.142300651768736e-06,6.501137404870957e-05,aa_encoding
P9_F,0.00018393494947361759,2.0307127690830017e-05,0.00018393494947361759,aa_encoding
P9_G,2.7515273452470892e-05,2.894221152974273e-06,2.7515273452470892e-05,aa_encoding
P9_H,9.523326189361362e-05,8.742275149708468e-06,9.523326189361362e-05,aa_encoding
P9_I,8.45911763840483e-05,1.5663409429531157e-05,8.45911763840483e-05,aa_encoding
P9_K,4.1263120911812614e-05,5.8457796251580785e-06,4.1263120911812614e-05,aa_encoding
P9_L,0.00020834550274105088,1.4938776157899748e-05,0.00020834550274105088,aa_encoding
P9_M,0.00027255776382456977,4.691326827669646e-05,0.00027255776382456977,aa_encoding
P9_N,7.067658559579555e-05,1.2868136744127172e-05,7.067658559579555e-05,aa_encoding
P9_P,5.042869008389573e-05,4.81358703611331e-06,5.042869008389573e-05,aa_encoding
P9_Q,0.00015907469422722311,1.9812261168877082e-05,0.00015907469422722311,aa_encoding
P9_R,5.235477726565123e-05,7.78966121701656e-06,5.235477726565123e-05,aa_encoding
P9_S,7.671076363420272e-05,1.0182115224176361e-05,7.671076363420272e-05,aa_encoding
P9_T,0.00011950004566945985,2.3615071100319564e-05,0.00011950004566945985,aa_encoding
P9_V,0.00012013669407448727,6.554715755773782e-06,0.00012013669407448727,aa_encoding
P9_W,0.00010643593518593381,1.923624195716094e-05,0.00010643593518593381,aa_encoding
P9_Y,6.785161081493638e-05,1.7556116318245657e-05,6.785161081493638e-05,aa_encoding
C1_A,0.00030663787690773746,1.8489976434767374e-05,0.00030663787690773746,aa_encoding
C1_C,0.0001820566333986254,1.2264992299464479e-05,0.0001820566333986254,aa_encoding
C1_D,0.00045173033798084894,6.816580413577913e-05,0.00045173033798084894,aa_encoding
C1_E,0.0004175782391176797,3.5176163777247904e-05,0.0004175782391176797,aa_encoding
C1_F,0.00047566382266871134,7.263188472292882e-05,0.00047566382266871134,aa_encoding
C1_G,0.00046156139542198534,8.274627126450044e-05,0.00046156139542198534,aa_encoding
C1_H,0.00027471321605237163,3.457222545902368e-05,0.00027471321605237163,aa_encoding
C1_I,0.00035776583094149114,2.87914748682809e-05,0.00035776583094149114,aa_encoding
C1_K,0.0005263623864486915,2.661157664891958e-05,0.0005263623864486915,aa_encoding
C1_L,0.0005101902158185888,9.992152913654161e-05,0.0005101902158185888,aa_encoding
C1_M,0.0004119033424784454,6.049100393659969e-05,0.0004119033424784454,aa_encoding
C1_N,0.0007896818301496425,6.592780196541895e-05,0.0007896818301496425,aa_encoding
C1_P,0.00023991382750145827,3.185313245433037e-05,0.00023991382750145827,aa_encoding
C1_Q,0.0003310625147544694,2.624297932178512e-05,0.0003310625147544694,aa_encoding
C1_R,0.0006791194312783547,5.3519667467816756e-05,0.0006791194312783547,aa_encoding
C1_S,0.0006399343111051691,9.705306364193566e-05,0.0006399343111051691,aa_encoding
C1_T,0.00012921456513735935,2.0389286834146926e-05,0.00012921456513735935,aa_encoding
C1_V,0.0002695252395628099,4.8277695557505546e-05,0.0002695252395628099,aa_encoding
C1_W,0.0001272159213734286,1.1988828802602531e-05,0.0001272159213734286,aa_encoding
C1_Y,0.00016485858403900353,1.664392929515298e-05,0.00016485858403900353,aa_encoding
C2_A,4.841651604507317e-05,5.696550872272112e-06,4.841651604507317e-05,aa_encoding
C2_C,4.842965918635651e-05,3.4611976373078145e-06,4.842965918635651e-05,aa_encoding
C2_D,6.045197598652624e-05,6.444928919793422e-06,6.045197598652624e-05,aa_encoding
C2_E,6.615225019862323e-05,5.692771939433071e-06,6.615225019862323e-05,aa_encoding
C2_F,6.72874996200576e-05,4.002741931564378e-06,6.72874996200576e-05,aa_encoding
C2_G,5.309735188020126e-05,2.8585447766098456e-06,5.309735188020126e-05,aa_encoding
C2_H,6.761029593347218e-05,2.4391398805796944e-06,6.761029593347218e-05,aa_encoding
C2_I,5.309615373536652e-05,3.984718953428807e-06,5.309615373536652e-05,aa_encoding
C2_K,7.916143781797763e-05,6.761877279640071e-06,7.916143781797763e-05,aa_encoding
C2_L,5.861488830945004e-05,5.582636583794406e-06,5.861488830945004e-05,aa_encoding
C2_M,7.397811581743351e-05,3.4380901129206082e-06,7.397811581743351e-05,aa_encoding
C2_N,7.151081436639685e-05,7.492805896946228e-06,7.151081436639685e-05,aa_encoding
C2_P,9.81854057851642e-05,2.1369431161373126e-05,9.81854057851642e-05,aa_encoding
C2_Q,6.677854265848839e-05,3.7535275528732505e-06,6.677854265848839e-05,aa_encoding
C2_R,7.037530933854229e-05,3.520591649591431e-06,7.037530933854229e-05,aa_encoding
C2_S,6.39723664133337e-05,1.6016791171791091e-06,6.39723664133337e-05,aa_encoding
C2_T,4.606642300175308e-05,4.973985118392759e-06,4.606642300175308e-05,aa_encoding
C2_V,6.405084028705395e-05,2.4646023243618474e-06,6.405084028705395e-05,aa_encoding
C2_W,7.310306305919871e-05,8.35552726022402e-06,7.310306305919871e-05,aa_encoding
C2_Y,5.138451347153518e-05,6.142548067708587e-06,5.138451347153518e-05,aa_encoding
C3_A,4.7570411261454166e-05,5.5640601483069525e-06,4.7570411261454166e-05,aa_encoding
C3_C,4.960436280205063e-05,2.189445486416124e-06,4.960436280205063e-05,aa_encoding
C3_D,6.624715891259741e-05,4.08599912960536e-06,6.624715891259741e-05,aa_encoding
C3_E,7.165767704796844e-05,8.33489051731376e-06,7.165767704796844e-05,aa_encoding
C3_F,6.755987062134731e-05,2.6803163846776756e-06,6.755987062134731e-05,aa_encoding
C3_G,5.2360840708847096e-05,5.855403329242631e-06,5.2360840708847096e-05,aa_encoding
C3_H,7.228231635215932e-05,3.973897723987776e-06,7.228231635215932e-05,aa_encoding
C3_I,6.590985275541856e-05,5.3881462647591315e-06,6.590985275541856e-05,aa_encoding
C3_K,7.74763008512877e-05,6.449173025195939e-06,7.74763008512877e-05,aa_encoding
C3_L,6.570401058916966e-05,3.1485025873756847e-06,6.570401058916966e-05,aa_encoding
C3_M,7.472480067832026e-05,4.80239048742495e-06,7.472480067832026e-05,aa_encoding
C3_N,8.590977095662567e-05,8.173464369734024e-06,8.590977095662567e-05,aa_encoding
C3_P,5.514499875288323e-05,6.3112782938674125e-06,5.514499875288323e-05,aa_encoding
C3_Q,7.356150914794354e-05,3.9332881582312406e-06,7.356150914794354e-05,aa_encoding
C3_R,7.450909824276637e-05,5.3455883207442956e-06,7.450909824276637e-05,aa_encoding
C3_S,6.976557419187705e-05,7.830250817099364e-06,6.976557419187705e-05,aa_encoding
C3_T,4.659155744468122e-05,3.953738172476786e-06,4.659155744468122e-05,aa_encoding
C3_V,6.294386913104666e-05,6.314077796525155e-06,6.294386913104666e-05,aa_encoding
C3_W,5.873164658152891e-05,2.0969999760411018e-06,5.873164658152891e-05,aa_encoding
C3_Y,4.9691336923547854e-05,5.014627853399409e-06,4.9691336923547854e-05,aa_encoding
C4_A,5.206789562132323e-05,4.005607266821742e-06,5.206789562132323e-05,aa_encoding
C4_C,4.707744976477034e-05,3.2767642812781796e-06,4.707744976477034e-05,aa_encoding
C4_D,6.349143503665753e-05,2.6466814985708824e-06,6.349143503665753e-05,aa_encoding
C4_E,6.520737430191442e-05,4.9776011449771435e-06,6.520737430191442e-05,aa_encoding
C4_F,6.827210587245222e-05,8.493952770574135e-06,6.827210587245222e-05,aa_encoding
C4_G,4.6635510630926983e-05,3.111380189353388e-06,4.6635510630926983e-05,aa_encoding
C4_H,6.507020531494687e-05,8.09197061734586e-06,6.507020531494687e-05,aa_encoding
C4_I,5.5318903977059875e-05,1.5366693874276458e-06,5.5318903977059875e-05,aa_encoding
C4_K,7.685323654196695e-05,6.319274810417566e-06,7.685323654196695e-05,aa_encoding
C4_L,6.111355657455201e-05,3.6408160331833364e-06,6.111355657455201e-05,aa_encoding
C4_M,7.325933110717107e-05,3.959438962601783e-06,7.325933110717107e-05,aa_encoding
C4_N,6.795736230045074e-05,3.861831587607408e-06,6.795736230045074e-05,aa_encoding
C4_P,4.6998842113095876e-05,5.055970314906737e-06,4.6998842113095876e-05,aa_encoding
C4_Q,6.472822829398381e-05,6.941856339906972e-06,6.472822829398381e-05,aa_encoding
C4_R,6.631414742221088e-05,5.26663933883509e-06,6.631414742221088e-05,aa_encoding
C4_S,6.105117626766181e-05,6.6099852389792356e-06,6.105117626766181e-05,aa_encoding
C4_T,4.265728500020163e-05,5.620437134718923e-06,4.265728500020163e-05,aa_encoding
C4_V,5.963456009884843e-05,6.74369306763339e-06,5.963456009884843e-05,aa_encoding
C4_W,6.238267229943288e-05,6.700235511738025e-06,6.238267229943288e-05,aa_encoding
C4_Y,4.907936170777911e-05,3.3188103249303387e-06,4.907936170777911e-05,aa_encoding
C5_A,5.377772308729499e-05,4.32784432067557e-06,5.377772308729499e-05,handcrafted
C5_C,4.558934197956792e-05,3.5742943032389213e-06,4.558934197956792e-05,handcrafted
C5_D,6.67836084569623e-05,2.562356407374411e-06,6.67836084569623e-05,handcrafted
C5_E,6.234261106547773e-05,5.675738841183115e-06,6.234261106547773e-05,handcrafted
C5_F,6.929104162958708e-05,2.726022341377456e-06,6.929104162958708e-05,handcrafted
C5_G,4.6707390433880524e-05,4.3635569078393915e-06,4.6707390433880524e-05,handcrafted
C5_H,6.701712786560065e-05,5.205956818261146e-06,6.701712786560065e-05,handcrafted
C5_I,4.913718683727499e-05,8.363118969034973e-07,4.913718683727499e-05,handcrafted
C5_K,7.354066784071097e-05,7.376563007572758e-06,7.354066784071097e-05,handcrafted
C5_L,6.0564426427965447e-05,2.2001049560215507e-06,6.0564426427965447e-05,handcrafted
C5_M,6.842301416856288e-05,4.128311796558134e-06,6.842301416856288e-05,handcrafted
C5_N,7.228903110893913e-05,7.715915797270945e-06,7.228903110893913e-05,handcrafted
C5_P,4.8572655784636076e-05,1.5437468214552263e-06,4.8572655784636076e-05,handcrafted
C5_Q,7.267624343348437e-05,5.196138504900898e-06,7.267624343348437e-05,handcrafted
C5_R,6.071799557856918e-05,8.287500017837358e-06,6.071799557856918e-05,handcrafted
C5_S,6.149850026900504e-05,5.854305482393131e-06,6.149850026900504e-05,handcrafted
C5_T,4.7195027368336355e-05,2.8545776255145935e-06,4.7195027368336355e-05,handcrafted
C5_V,6.36082496352521e-05,9.288759107035782e-06,6.36082496352521e-05,handcrafted
C5_W,6.231025310840811e-05,5.747237464742048e-06,6.231025310840811e-05,handcrafted
C5_Y,4.9315647356418455e-05,3.7836122191620442e-06,4.9315647356418455e-05,handcrafted
C6_A,5.19198446531047e-05,2.4916412587425357e-06,5.19198446531047e-05,handcrafted
C6_C,4.929199810715358e-05,4.2123149402080845e-06,4.929199810715358e-05,handcrafted
C6_D,6.314877479652114e-05,3.5275618024160796e-06,6.314877479652114e-05,handcrafted
C6_E,6.738630102849729e-05,6.918480035194009e-06,6.738630102849729e-05,handcrafted
C6_F,6.591066001481542e-05,3.2045268151521046e-06,6.591066001481542e-05,handcrafted
C6_G,4.919888343353275e-05,5.6258523107227374e-06,4.919888343353275e-05,handcrafted
C6_H,6.85053974400869e-05,2.2294529775259558e-06,6.85053974400869e-05,handcrafted
C6_I,5.621375678512908e-05,3.6130653024143053e-06,5.621375678512908e-05,handcrafted
C6_K,8.594207020314321e-05,5.539151656630527e-06,8.594207020314321e-05,handcrafted
C6_L,6.21323068648916e-05,5.586888268333727e-06,6.21323068648916e-05,handcrafted
C6_M,7.098877917831852e-05,3.8193095120781386e-06,7.098877917831852e-05,handcrafted
C6_N,6.519532789755774e-05,3.2748379071924746e-06,6.519532789755774e-05,handcrafted
C6_P,4.801621588845142e-05,2.2317459573141615e-06,4.801621588845142e-05,handcrafted
C6_Q,7.20648539734347e-05,3.5487090407445333e-06,7.20648539734347e-05,handcrafted
C6_R,7.419005021226903e-05,5.455395999981884e-06,7.419005021226903e-05,handcrafted
C6_S,6.848542931580214e-05,3.584739133821901e-06,6.848542931580214e-05,handcrafted
C6_T,4.229744633174432e-05,1.9463145583617453e-06,4.229744633174432e-05,handcrafted
C6_V,5.5020038551063626e-05,2.6036220848328443e-06,5.5020038551063626e-05,handcrafted
C6_W,5.920939474953961e-05,5.145308019230767e-06,5.920939474953961e-05,handcrafted
C6_Y,5.4193709118945e-05,6.104550998909941e-06,5.4193709118945e-05,handcrafted
C7_A,5.150512261889602e-05,6.59574654578386e-06,5.150512261889602e-05,handcrafted
C7_C,5.233458247787236e-05,2.7740288631670457e-06,5.233458247787236e-05,handcrafted
C7_D,5.541685225904728e-05,2.4266254972854516e-06,5.541685225904728e-05,handcrafted
C7_E,6.103315169192127e-05,3.3406633855141186e-06,6.103315169192127e-05,handcrafted
C7_F,6.822993231163704e-05,4.768556232925697e-06,6.822993231163704e-05,handcrafted
C7_G,4.563011864067926e-05,2.6422200524024387e-06,4.563011864067926e-05,handcrafted
C7_H,6.546899811292887e-05,6.700514750349411e-06,6.546899811292887e-05,handcrafted
C7_I,5.515983153767344e-05,2.2909315198027903e-06,5.515983153767344e-05,handcrafted
C7_K,7.142602549170848e-05,3.4575177518900233e-06,7.142602549170848e-05,handcrafted
C7_L,5.8423190189635335e-05,4.127865976276978e-06,5.8423190189635335e-05,handcrafted
C7_M,7.560258724870756e-05,4.658005121299882e-06,7.560258724870756e-05,handcrafted
C7_N,6.126524526142298e-05,4.793092871663556e-06,6.126524526142298e-05,handcrafted
C7_P,4.537831858399778e-05,4.9706713417375165e-06,4.537831858399778e-05,handcrafted
C7_Q,6.126153469481964e-05,3.985528693587614e-06,6.126153469481964e-05,handcrafted
C7_R,6.0861675349944424e-05,5.583772160388122e-06,6.0861675349944424e-05,handcrafted
C7_S,6.685490341540173e-05,5.625055297520684e-06,6.685490341540173e-05,handcrafted
C7_T,4.469060846409223e-05,3.9501734285072995e-06,4.469060846409223e-05,handcrafted
C7_V,6.033465919885305e-05,4.740465954550608e-06,6.033465919885305e-05,handcrafted
C7_W,5.772769969301499e-05,4.0970991368869294e-06,5.772769969301499e-05,handcrafted
C7_Y,4.959915800055589e-05,1.4300562180385259e-06,4.959915800055589e-05,handcrafted
C8_A,5.179867913393281e-05,2.9534326485672654e-06,5.179867913393281e-05,handcrafted
C8_C,4.916231421676296e-05,3.209203674830388e-06,4.916231421676296e-05,handcrafted
C8_D,6.493007997404899e-05,3.535674444262019e-06,6.493007997404899e-05,handcrafted
C8_E,6.435417590854863e-05,3.2667781326578275e-06,6.435417590854863e-05,handcrafted
C8_F,7.096398085286131e-05,4.44465552133249e-06,7.096398085286131e-05,handcrafted
C8_G,4.5769113654556444e-05,3.576065486983601e-06,4.5769113654556444e-05,handcrafted
C8_H,6.792145947327697e-05,3.80298406915818e-06,6.792145947327697e-05,handcrafted
C8_I,5.805335589188639e-05,5.759725079123429e-06,5.805335589188639e-05,handcrafted
C8_K,7.402656101368463e-05,3.7380191531222416e-06,7.402656101368463e-05,handcrafted
C8_L,5.9635495699188125e-05,4.26561822795922e-06,5.9635495699188125e-05,handcrafted
C8_M,6.846396126594225e-05,4.090828678770697e-06,6.846396126594225e-05,handcrafted
C8_N,6.587836636864206e-05,3.9901331002993604e-06,6.587836636864206e-05,handcrafted
C8_P,4.704961133407109e-05,6.360380853271257e-06,4.704961133407109e-05,handcrafted
C8_Q,6.667983682240905e-05,1.6381338512827647e-06,6.667983682240905e-05,handcrafted
C8_R,6.998343962008714e-05,4.906983814875008e-06,6.998343962008714e-05,handcrafted
C8_S,6.223633414186266e-05,4.2844090777976575e-06,6.223633414186266e-05,handcrafted
C8_T,4.697586057948829e-05,4.2455037279751085e-06,4.697586057948829e-05,handcrafted
C8_V,5.897493054228172e-05,3.088043894821812e-06,5.897493054228172e-05,handcrafted
C8_W,6.227794323747992e-05,1.930567256492941e-06,6.227794323747992e-05,handcrafted
C8_Y,5.3784129631105396e-05,3.137816138720018e-06,5.3784129631105396e-05,handcrafted
C9_A,5.173167091963094e-05,4.813402801654213e-06,5.173167091963094e-05,handcrafted
C9_C,4.619753358968379e-05,1.575069093849084e-06,4.619753358968379e-05,handcrafted
C9_D,6.114776859543264e-05,5.860301285230871e-06,6.114776859543264e-05,handcrafted
C9_E,6.162466587640663e-05,2.1362239031728747e-06,6.162466587640663e-05,handcrafted
C9_F,6.693560813251541e-05,8.581605410272285e-06,6.693560813251541e-05,handcrafted
C9_G,4.526166300460109e-05,2.676648320213235e-06,4.526166300460109e-05,handcrafted
C9_H,6.357886867283617e-05,5.132786292985709e-06,6.357886867283617e-05,handcrafted
C9_I,5.643840905687277e-05,4.136288935120054e-06,5.643840905687277e-05,handcrafted
C9_K,7.075004288551297e-05,6.250899186938645e-06,7.075004288551297e-05,handcrafted
C9_L,5.7171236100947e-05,4.635454110697124e-06,5.7171236100947e-05,handcrafted
C9_M,7.072627973088546e-05,5.70631740322263e-06,7.072627973088546e-05,handcrafted
C9_N,6.158218205874328e-05,5.4016263249824865e-06,6.158218205874328e-05,handcrafted
C9_P,4.4421835951534415e-05,3.2284720948374694e-06,4.4421835951534415e-05,handcrafted
C9_Q,6.265797144907379e-05,5.95725893774366e-06,6.265797144907379e-05,handcrafted
C9_R,6.165397406262467e-05,1.663832108403062e-06,6.165397406262467e-05,handcrafted
C9_S,6.243334931537752e-05,6.375246825416834e-06,6.243334931537752e-05,handcrafted
C9_T,5.026501740763991e-05,4.3507055401347755e-06,5.026501740763991e-05,handcrafted
C9_V,5.666675201825349e-05,2.35448243011213e-06,5.666675201825349e-05,handcrafted
C9_W,6.502409542766759e-05,3.7099748943101867e-06,6.502409542766759e-05,handcrafted
C9_Y,4.630378539196638e-05,5.344933261954239e-06,4.630378539196638e-05,handcrafted
C10_A,5.233118504924375e-05,3.4922993718005215e-06,5.233118504924375e-05,handcrafted
C10_C,5.133133264488838e-05,4.8897524600166375e-06,5.133133264488838e-05,handcrafted
C10_D,6.056025106363745e-05,2.789739928601746e-06,6.056025106363745e-05,handcrafted
C10_E,6.296087240467829e-05,7.596861256330785e-06,6.296087240467829e-05,handcrafted
C10_F,6.867282248789428e-05,5.732745229431208e-06,6.867282248789428e-05,handcrafted
C10_G,4.420618007149722e-05,5.4084706388435995e-06,4.420618007149722e-05,handcrafted
C10_H,6.455027085926297e-05,3.1151516099266146e-06,6.455027085926297e-05,handcrafted
C10_I,5.27205659352875e-05,6.421337262304896e-06,5.27205659352875e-05,handcrafted
C10_K,7.057422814318987e-05,4.195179125939187e-06,7.057422814318987e-05,handcrafted
C10_L,5.555587864242902e-05,3.518031989777964e-06,5.555587864242902e-05,handcrafted
C10_M,6.93497670002351e-05,4.080168838697612e-06,6.93497670002351e-05,handcrafted
C10_N,6.18450153752512e-05,3.1929589231048186e-06,6.18450153752512e-05,handcrafted
C10_P,4.1651345648961464e-05,4.6510701991273635e-06,4.1651345648961464e-05,handcrafted
C10_Q,6.65751331212873e-05,6.3212328755731e-06,6.65751331212873e-05,handcrafted
C10_R,6.524314299919492e-05,4.449070224264399e-06,6.524314299919492e-05,handcrafted
C10_S,6.054006204607661e-05,2.4767491171366558e-06,6.054006204607661e-05,handcrafted
C10_T,4.5254335239341174e-05,4.89575336375953e-06,4.5254335239341174e-05,handcrafted
C10_V,5.7518495281321205e-05,3.0721428582945536e-06,5.7518495281321205e-05,handcrafted
C10_W,5.945191307113074e-05,6.943968877137633e-06,5.945191307113074e-05,handcrafted
C10_Y,5.0207074440715665e-05,4.628659705014163e-06,5.0207074440715665e-05,handcrafted
esmc_PC001,0.0009075676917773394,7.496116378281773e-05,0.0009075676917773394,embedding_pca
esmc_PC002,0.0004061794606978352,4.000216879858886e-05,0.0004061794606978352,embedding_pca
esmc_PC003,0.000501348557158891,7.850974596301482e-05,0.000501348557158891,embedding_pca
esmc_PC004,0.0003409392123940707,6.530859778360733e-05,0.0003409392123940707,embedding_pca
esmc_PC005,0.0003295443692457327,8.267634044357732e-05,0.0003295443692457327,embedding_pca
esmc_PC006,0.0005771624139888009,6.783157100880195e-05,0.0005771624139888009,embedding_pca
esmc_PC007,0.00044459955339231293,3.1490015570590205e-05,0.00044459955339231293,embedding_pca
esmc_PC008,0.00027113737382925885,2.1220735603228182e-05,0.00027113737382925885,embedding_pca
esmc_PC009,0.0002597842582592323,1.7190657934262904e-05,0.0002597842582592323,embedding_pca
esmc_PC010,0.0003485069173365963,2.630848166271182e-05,0.0003485069173365963,embedding_pca
esmc_PC011,0.0003655542703539139,3.4942448843396375e-05,0.0003655542703539139,embedding_pca
esmc_PC012,0.00027545956458035613,9.663588372518557e-05,0.00027545956458035613,embedding_pca
esmc_PC013,0.0009535048918394913,0.00028643962171236474,0.0009535048918394913,embedding_pca
esmc_PC014,0.00030216843331692483,3.415276361943112e-05,0.00030216843331692483,embedding_pca
esmc_PC015,0.00038677088092190686,6.218464930874123e-05,0.00038677088092190686,embedding_pca
esmc_PC016,0.00035195947125621493,6.910418252558823e-05,0.00035195947125621493,embedding_pca
esmc_PC017,0.00032456979274022836,8.632181739147657e-05,0.00032456979274022836,embedding_pca
esmc_PC018,0.00043325397094561507,0.00013874404494138845,0.00043325397094561507,embedding_pca
esmc_PC019,0.000826364648709343,0.00021125173170638933,0.000826364648709343,embedding_pca
esmc_PC020,0.00026450147357498966,1.6593489015444358e-05,0.00026450147357498966,embedding_pca
esmc_PC021,0.00028340855754089336,2.7684717954175533e-05,0.00028340855754089336,embedding_pca
esmc_PC022,0.00022747234764864633,1.5434293245321707e-05,0.00022747234764864633,embedding_pca
esmc_PC023,0.0002588126641215211,2.6034526891781956e-05,0.0002588126641215211,embedding_pca
esmc_PC024,0.0002544982467469123,2.7926419511240877e-05,0.0002544982467469123,embedding_pca
esmc_PC025,0.0002139874722591811,1.069235491509479e-05,0.0002139874722591811,embedding_pca
esmc_PC026,0.0002408874582339605,6.414458666193381e-06,0.0002408874582339605,embedding_pca
esmc_PC027,0.00034045401195288927,6.933215936987383e-05,0.00034045401195288927,embedding_pca
esmc_PC028,0.0002077359394069098,8.517770904853545e-06,0.0002077359394069098,embedding_pca
esmc_PC029,0.00032439319819728787,5.837009622131641e-05,0.00032439319819728787,embedding_pca
esmc_PC030,0.000281604044384973,7.891185279774597e-05,0.000281604044384973,embedding_pca
esmc_PC031,0.00030412799576895434,7.864375059465702e-05,0.00030412799576895434,embedding_pca
esmc_PC032,0.000279136925427548,4.088681717105801e-05,0.000279136925427548,embedding_pca
esmc_PC033,0.00029018259003854894,5.001892468547827e-05,0.00029018259003854894,embedding_pca
esmc_PC034,0.0002504664020991722,2.7402901868731686e-05,0.0002504664020991722,embedding_pca
esmc_PC035,0.00023661530736845686,3.0321367401221652e-05,0.00023661530736845686,embedding_pca
esmc_PC036,0.0002783245702065888,6.743558483344951e-05,0.0002783245702065888,embedding_pca
esmc_PC037,0.0002664377107210275,2.086668694021363e-05,0.0002664377107210275,embedding_pca
esmc_PC038,0.00025856491176190456,3.0000924028676746e-05,0.00025856491176190456,embedding_pca
esmc_PC039,0.000281410684185351,6.067891030268931e-05,0.000281410684185351,embedding_pca
esmc_PC040,0.00023648010376466126,2.838048147968324e-05,0.00023648010376466126,embedding_pca
esmc_PC041,0.00020833304864358338,1.4374788503445424e-05,0.00020833304864358338,embedding_pca
esmc_PC042,0.00021331063350151741,1.4875895967330354e-05,0.00021331063350151741,embedding_pca
esmc_PC043,0.0002662858213193083,3.192518281893733e-05,0.0002662858213193083,embedding_pca
esmc_PC044,0.0002686519900915624,3.767277424501583e-05,0.0002686519900915624,embedding_pca
esmc_PC045,0.00028985895987824236,3.0105505802392253e-05,0.00028985895987824236,embedding_pca
esmc_PC046,0.0003170884093183186,4.8161592558167385e-05,0.0003170884093183186,embedding_pca
esmc_PC047,0.00024692935636633163,3.308018594974688e-05,0.00024692935636633163,embedding_pca
esmc_PC048,0.00023611477425286134,2.157033004152346e-05,0.00023611477425286134,embedding_pca
esmc_PC049,0.00025710138954315005,6.985577621411469e-05,0.00025710138954315005,embedding_pca
esmc_PC050,0.0002523414720671312,4.985797316892291e-05,0.0002523414720671312,embedding_pca
esmc_PC051,0.00020900373080870433,1.5680373093798022e-05,0.00020900373080870433,embedding_pca
esmc_PC052,0.00022447002277532126,1.2010621428102754e-05,0.00022447002277532126,embedding_pca
esmc_PC053,0.00021053325004072077,1.7890074400251994e-05,0.00021053325004072077,embedding_pca
esmc_PC054,0.0002520186352940187,2.4829689710877124e-05,0.0002520186352940187,embedding_pca
esmc_PC055,0.0003298550222165732,5.5421956638670586e-05,0.0003298550222165732,embedding_pca
esmc_PC056,0.0002805980064016138,6.383667504046395e-05,0.0002805980064016138,embedding_pca
esmc_PC057,0.0002137592025509193,1.4577697527790003e-05,0.0002137592025509193,embedding_pca
esmc_PC058,0.00022110025846144832,2.235218935039494e-05,0.00022110025846144832,embedding_pca
esmc_PC059,0.00028924832381421766,6.123195466678124e-05,0.00028924832381421766,embedding_pca
esmc_PC060,0.00035411445510582205,9.164970520784148e-05,0.00035411445510582205,embedding_pca
esmc_PC061,0.00028389763875486744,4.207519633800436e-05,0.00028389763875486744,embedding_pca
esmc_PC062,0.0002264482262518335,2.0593036741379905e-05,0.0002264482262518335,embedding_pca
esmc_PC063,0.0002780733982280084,5.312713944458736e-05,0.0002780733982280084,embedding_pca
esmc_PC064,0.0003242614082608395,7.878136748880115e-05,0.0003242614082608395,embedding_pca
esmc_PC065,0.00025815776244599465,2.8392484033294852e-05,0.00025815776244599465,embedding_pca
esmc_PC066,0.00024613707077463247,4.287441886282391e-05,0.00024613707077463247,embedding_pca
esmc_PC067,0.0002924758818612113,6.0154335093315855e-05,0.0002924758818612113,embedding_pca
esmc_PC068,0.00026529011980655677,2.2527412503740465e-05,0.00026529011980655677,embedding_pca
esmc_PC069,0.0002350959309788906,2.9226201909804642e-05,0.0002350959309788906,embedding_pca
esmc_PC070,0.00024321252215177085,4.114974526221095e-05,0.00024321252215177085,embedding_pca
esmc_PC071,0.00023700869633447704,3.3029599624529566e-05,0.00023700869633447704,embedding_pca
esmc_PC072,0.00023079078066346647,1.359430278389155e-05,0.00023079078066346647,embedding_pca
esmc_PC073,0.00021247419633590092,1.2933158505487726e-05,0.00021247419633590092,embedding_pca
esmc_PC074,0.00021606593352186464,2.1379504081020845e-05,0.00021606593352186464,embedding_pca
esmc_PC075,0.0002168536006881975,1.8051770391940095e-05,0.0002168536006881975,embedding_pca
esmc_PC076,0.00026047966905765323,5.2659921476337026e-05,0.00026047966905765323,embedding_pca
esmc_PC077,0.00023607997540530277,3.120056346540251e-05,0.00023607997540530277,embedding_pca
esmc_PC078,0.00022026227076470914,2.1964018602013276e-05,0.00022026227076470914,embedding_pca
esmc_PC079,0.00023794363941606495,2.3105089366531167e-05,0.00023794363941606495,embedding_pca
esmc_PC080,0.00022713129057302036,1.7289107021492735e-05,0.00022713129057302036,embedding_pca
esmc_PC081,0.00020455944055018782,6.325672408451864e-06,0.00020455944055018782,embedding_pca
esmc_PC082,0.00021653087243041214,1.903842069849276e-05,0.00021653087243041214,embedding_pca
esmc_PC083,0.0002194391865654855,2.434515819814013e-05,0.0002194391865654855,embedding_pca
esmc_PC084,0.0002072932631353894,9.818833983836461e-06,0.0002072932631353894,embedding_pca
esmc_PC085,0.00025502241425096544,3.8059639835725814e-05,0.00025502241425096544,embedding_pca
esmc_PC086,0.00022296555112946232,1.471596976534221e-05,0.00022296555112946232,embedding_pca
esmc_PC087,0.00021911959844305405,1.595445150326497e-05,0.00021911959844305405,embedding_pca
esmc_PC088,0.00023935300243540099,6.079399405497555e-05,0.00023935300243540099,embedding_pca
esmc_PC089,0.00028012951593493025,5.370218361188524e-05,0.00028012951593493025,embedding_pca
esmc_PC090,0.00022292897860969307,2.8372454297950254e-05,0.00022292897860969307,embedding_pca
esmc_PC091,0.00021927832827923843,1.1095153423974122e-05,0.00021927832827923843,embedding_pca
esmc_PC092,0.0002225538600646134,1.1633219807773557e-05,0.0002225538600646134,embedding_pca
esmc_PC093,0.00022526058721272145,1.7794912896604582e-05,0.00022526058721272145,embedding_pca
esmc_PC094,0.00025012744349821965,3.392878737243783e-05,0.00025012744349821965,embedding_pca
esmc_PC095,0.0002377609775332021,3.503581490072762e-05,0.0002377609775332021,embedding_pca
esmc_PC096,0.00021579834173137522,2.3202452392179323e-05,0.00021579834173137522,embedding_pca
esmc_PC097,0.00022581346883863507,1.742445695485688e-05,0.00022581346883863507,embedding_pca
esmc_PC098,0.00025606847359158514,4.6084811424539296e-05,0.00025606847359158514,embedding_pca
esmc_PC099,0.00020750791550108423,1.57593973528375e-05,0.00020750791550108423,embedding_pca
esmc_PC100,0.0002174026739051146,1.899142184207734e-05,0.0002174026739051146,embedding_pca
esmc_PC101,0.000263718122438494,3.331170336613364e-05,0.000263718122438494,embedding_pca
esmc_PC102,0.00021599057040424947,6.03461996478927e-06,0.00021599057040424947,embedding_pca
esmc_PC103,0.00023320220489436144,1.7165837358352408e-05,0.00023320220489436144,embedding_pca
esmc_PC104,0.0002577336947826407,3.7349169230660665e-05,0.0002577336947826407,embedding_pca
esmc_PC105,0.00023500029494085065,4.5596442174310535e-05,0.00023500029494085065,embedding_pca
esmc_PC106,0.0002230770058612188,2.1734105593893542e-05,0.0002230770058612188,embedding_pca
esmc_PC107,0.00021347405737979429,1.3702749761179903e-05,0.00021347405737979429,embedding_pca
esmc_PC108,0.0002115009146585655,1.3580955690407276e-05,0.0002115009146585655,embedding_pca
esmc_PC109,0.00021709256549138598,1.9252621542353512e-05,0.00021709256549138598,embedding_pca
esmc_PC110,0.0002139084423116877,1.7712480465117693e-05,0.0002139084423116877,embedding_pca
esmc_PC111,0.00022177154564395973,1.3970187786182415e-05,0.00022177154564395973,embedding_pca
esmc_PC112,0.00021742985504474366,3.095446230335298e-05,0.00021742985504474366,embedding_pca
esmc_PC113,0.00022608951718577577,2.6618996948896597e-05,0.00022608951718577577,embedding_pca
esmc_PC114,0.00020103031836843764,1.1185105431934652e-05,0.00020103031836843764,embedding_pca
esmc_PC115,0.00021953866375210392,2.3608834193330235e-05,0.00021953866375210392,embedding_pca
esmc_PC116,0.00022687405064354547,1.5742118221825554e-05,0.00022687405064354547,embedding_pca
esmc_PC117,0.00024960814054385456,3.84959478728996e-05,0.00024960814054385456,embedding_pca
esmc_PC118,0.00023706619355442577,3.93590519394846e-05,0.00023706619355442577,embedding_pca
esmc_PC119,0.000214141292208141,6.162415000719978e-06,0.000214141292208141,embedding_pca
esmc_PC120,0.0001984346439540308,1.14848872753772e-05,0.0001984346439540308,embedding_pca
esmc_PC121,0.0002128047190086048,1.5146330565383796e-05,0.0002128047190086048,embedding_pca
esmc_PC122,0.00020687993623280326,8.538549309379498e-06,0.00020687993623280326,embedding_pca
esmc_PC123,0.00021079899774810793,1.5710894025254334e-05,0.00021079899774810793,embedding_pca
esmc_PC124,0.0002075758130961983,1.2829255877453817e-05,0.0002075758130961983,embedding_pca
esmc_PC125,0.00023681638070008627,1.5701700142932093e-05,0.00023681638070008627,embedding_pca
esmc_PC126,0.0002115215587567141,2.06482564610208e-05,0.0002115215587567141,embedding_pca
esmc_PC127,0.0002083257115932062,9.943781542928833e-06,0.0002083257115932062,embedding_pca
esmc_PC128,0.0002064619852280046,1.7375519151606136e-05,0.0002064619852280046,embedding_pca
esmc_PC129,0.00023801419271356726,5.658222670087281e-05,0.00023801419271356726,embedding_pca
esmc_PC130,0.0002147242144246804,2.9625705730910575e-05,0.0002147242144246804,embedding_pca
esmc_PC131,0.00021554666597866666,1.9583504533270135e-05,0.00021554666597866666,embedding_pca
esmc_PC132,0.00022990738915587339,1.4480756062495939e-05,0.00022990738915587339,embedding_pca
esmc_PC133,0.0002318518427964658,2.4628709562199635e-05,0.0002318518427964658,embedding_pca
esmc_PC134,0.00023114241694086081,1.732322951884877e-05,0.00023114241694086081,embedding_pca
esmc_PC135,0.00021800751782757982,8.62884818227823e-06,0.00021800751782757982,embedding_pca
esmc_PC136,0.0002363569332448332,1.9690977536732604e-05,0.0002363569332448332,embedding_pca
esmc_PC137,0.00023858680622411898,2.810669664370295e-05,0.00023858680622411898,embedding_pca
esmc_PC138,0.0002286173080167125,2.0034520829089453e-05,0.0002286173080167125,embedding_pca
esmc_PC139,0.00022114420398056328,9.906274857441758e-06,0.00022114420398056328,embedding_pca
esmc_PC140,0.00022075994393204145,2.842602394558083e-05,0.00022075994393204145,embedding_pca
esmc_PC141,0.0002462758501571258,4.039601250604564e-05,0.0002462758501571258,embedding_pca
esmc_PC142,0.00021953463225600438,1.446585711065286e-05,0.00021953463225600438,embedding_pca
esmc_PC143,0.00021826074512449782,1.366785636744544e-05,0.00021826074512449782,embedding_pca
esmc_PC144,0.00021418267040968904,7.318848188528104e-06,0.00021418267040968904,embedding_pca
esmc_PC145,0.00020115927480759632,1.852528318418177e-05,0.00020115927480759632,embedding_pca
esmc_PC146,0.0002219970443179382,2.7748744326375125e-05,0.0002219970443179382,embedding_pca
esmc_PC147,0.00022040026474954584,3.5224244992686504e-05,0.00022040026474954584,embedding_pca
esmc_PC148,0.00022436241772576154,2.1967252630918235e-05,0.00022436241772576154,embedding_pca
esmc_PC149,0.0002113885764121976,1.2937121098911514e-05,0.0002113885764121976,embedding_pca
esmc_PC150,0.00021535615285495131,1.4559768381454149e-05,0.00021535615285495131,embedding_pca
esmc_PC151,0.00020639789574922228,1.5471728793156908e-05,0.00020639789574922228,embedding_pca
esmc_PC152,0.00021183379721265082,7.865861319513883e-06,0.00021183379721265082,embedding_pca
esmc_PC153,0.00021008374223599864,3.4406036201285243e-06,0.00021008374223599864,embedding_pca
esmc_PC154,0.00019740663812869907,1.3439700340047248e-05,0.00019740663812869907,embedding_pca
esmc_PC155,0.00020772928901149597,1.8251366430309217e-05,0.00020772928901149597,embedding_pca
esmc_PC156,0.00019643634185575573,4.364039658971097e-06,0.00019643634185575573,embedding_pca
esmc_PC157,0.0002150212805852692,8.411426275708342e-06,0.0002150212805852692,embedding_pca
esmc_PC158,0.00020748549088192195,1.2499216535868846e-05,0.00020748549088192195,embedding_pca
esmc_PC159,0.00021886539533736405,1.928537561749788e-05,0.00021886539533736405,embedding_pca
esmc_PC160,0.0002285109194953471,1.4280849014521736e-05,0.0002285109194953471,embedding_pca
esmc_PC161,0.00021752944737531767,2.0497844256772196e-05,0.00021752944737531767,embedding_pca
esmc_PC162,0.00021001190151804508,9.62350466486283e-06,0.00021001190151804508,embedding_pca
esmc_PC163,0.00022441279715051775,2.2083381650283803e-05,0.00022441279715051775,embedding_pca
esmc_PC164,0.00020833252316746257,2.6697518309022328e-05,0.00020833252316746257,embedding_pca
esmc_PC165,0.00021433914456650077,1.672769935475172e-05,0.00021433914456650077,embedding_pca
esmc_PC166,0.00022713117814524751,2.3153155706910053e-05,0.00022713117814524751,embedding_pca
esmc_PC167,0.00021564169336913785,1.3637130209421556e-05,0.00021564169336913785,embedding_pca
esmc_PC168,0.00019903300695314711,1.0300784648999722e-05,0.00019903300695314711,embedding_pca
esmc_PC169,0.00020914105039061365,8.8590468015874e-06,0.00020914105039061365,embedding_pca
esmc_PC170,0.00019840580854819023,1.334826205321549e-05,0.00019840580854819023,embedding_pca
esmc_PC171,0.00020267695715385004,1.0958317736776435e-05,0.00020267695715385004,embedding_pca
esmc_PC172,0.00019265230213220318,5.5642795934249744e-06,0.00019265230213220318,embedding_pca
esmc_PC173,0.00021539933146808897,2.7247566607859497e-05,0.00021539933146808897,embedding_pca
esmc_PC174,0.00022678872456160175,1.8818157743375472e-05,0.00022678872456160175,embedding_pca
esmc_PC175,0.00021930381759788592,1.531322235313299e-05,0.00021930381759788592,embedding_pca
esmc_PC176,0.00020679458467489864,1.4343952531533758e-05,0.00020679458467489864,embedding_pca
esmc_PC177,0.00019643287382329721,1.6802154292223057e-05,0.00019643287382329721,embedding_pca
esmc_PC178,0.00020266353078273776,2.8395896257685205e-06,0.00020266353078273776,embedding_pca
esmc_PC179,0.0002094293012301789,1.2505150810620927e-05,0.0002094293012301789,embedding_pca
esmc_PC180,0.00021439110810931588,1.7025131097726083e-05,0.00021439110810931588,embedding_pca
esmc_PC181,0.0002108079736592633,1.7260851811147877e-05,0.0002108079736592633,embedding_pca
esmc_PC182,0.00020650312996932843,1.4053254963741604e-05,0.00020650312996932843,embedding_pca
esmc_PC183,0.00021511308180085625,1.7097179473547947e-05,0.00021511308180085625,embedding_pca
esmc_PC184,0.000194536842636839,4.9905936244689326e-06,0.000194536842636839,embedding_pca
esmc_PC185,0.000193301591706946,1.032579280531984e-05,0.000193301591706946,embedding_pca
esmc_PC186,0.00019422226062885346,5.625668851610999e-06,0.00019422226062885346,embedding_pca
esmc_PC187,0.00020726041720402682,1.0569596677406189e-05,0.00020726041720402682,embedding_pca
esmc_PC188,0.00020424494624182192,1.8836411040530376e-05,0.00020424494624182192,embedding_pca
esmc_PC189,0.00019897516123283679,1.1467065002359917e-05,0.00019897516123283679,embedding_pca
esmc_PC190,0.00020349191937415104,9.954770651189704e-06,0.00020349191937415104,embedding_pca
esmc_PC191,0.00020384428469854502,1.3994017867946369e-05,0.00020384428469854502,embedding_pca
esmc_PC192,0.00021038528502477405,1.1874561556258027e-05,0.00021038528502477405,embedding_pca
esmc_PC193,0.00019975484587240132,1.6031666857807262e-05,0.00019975484587240132,embedding_pca
esmc_PC194,0.00021380218688129226,1.6750076184179137e-05,0.00021380218688129226,embedding_pca
esmc_PC195,0.00019064365742436652,1.080803809344088e-05,0.00019064365742436652,embedding_pca
esmc_PC196,0.0001938432164485461,1.1523741323851136e-05,0.0001938432164485461,embedding_pca
esmc_PC197,0.00020184605084334708,1.2377691541046968e-05,0.00020184605084334708,embedding_pca
esmc_PC198,0.0001929400911677058,1.0445123289457884e-05,0.0001929400911677058,embedding_pca
esmc_PC199,0.00020135232470759053,8.123985198572047e-06,0.00020135232470759053,embedding_pca
esmc_PC200,0.0002139015070259399,1.1242474894192757e-05,0.0002139015070259399,embedding_pca
esmc_PC201,0.00019676798683560226,5.40461854279864e-06,0.00019676798683560226,embedding_pca
esmc_PC202,0.0002018814859885607,5.928542006984106e-06,0.0002018814859885607,embedding_pca
esmc_PC203,0.0002092624093352027,1.2097391456180752e-05,0.0002092624093352027,embedding_pca
esmc_PC204,0.00021282416191748644,1.776599882203224e-05,0.00021282416191748644,embedding_pca
esmc_PC205,0.00019652745313239586,8.32982252231928e-06,0.00019652745313239586,embedding_pca
esmc_PC206,0.00021759183986353402,1.587819007508151e-05,0.00021759183986353402,embedding_pca
esmc_PC207,0.0002068533150811974,2.5493217330021754e-05,0.0002068533150811974,embedding_pca
esmc_PC208,0.00020414643917357448,8.816066829363105e-06,0.00020414643917357448,embedding_pca
esmc_PC209,0.00020934165134014896,2.249104364794868e-05,0.00020934165134014896,embedding_pca
esmc_PC210,0.00019550356615459838,1.0356533292667051e-05,0.00019550356615459838,embedding_pca
esmc_PC211,0.00019849330809050756,9.800229503305684e-06,0.00019849330809050756,embedding_pca
esmc_PC212,0.0002218808091442272,3.357569359498147e-05,0.0002218808091442272,embedding_pca
esmc_PC213,0.0002041802238164971,8.934201256825881e-06,0.0002041802238164971,embedding_pca
esmc_PC214,0.00019767255239587421,1.3335668709686513e-05,0.00019767255239587421,embedding_pca
esmc_PC215,0.0002037746233769132,1.0619548819257975e-05,0.0002037746233769132,embedding_pca
esmc_PC216,0.00019820131077398734,7.2760803524882836e-06,0.00019820131077398734,embedding_pca
esmc_PC217,0.00020050440734824528,1.389030386747366e-05,0.00020050440734824528,embedding_pca
esmc_PC218,0.0002018690192312913,1.0299973470345402e-05,0.0002018690192312913,embedding_pca
esmc_PC219,0.00019932864456189005,1.596412535265598e-05,0.00019932864456189005,embedding_pca
esmc_PC220,0.00019629320831663976,7.789188474066104e-06,0.00019629320831663976,embedding_pca
esmc_PC221,0.00019511748743532715,7.304146587943806e-06,0.00019511748743532715,embedding_pca
esmc_PC222,0.0002118349172853412,1.902401359391453e-05,0.0002118349172853412,embedding_pca
esmc_PC223,0.0002045236388370115,9.206584924586971e-06,0.0002045236388370115,embedding_pca
esmc_PC224,0.00020955221360119793,2.4797782678755526e-05,0.00020955221360119793,embedding_pca
esmc_PC225,0.00020159829612345173,1.1328666413356565e-05,0.00020159829612345173,embedding_pca
esmc_PC226,0.00021027510314224383,2.33640308868749e-05,0.00021027510314224383,embedding_pca
esmc_PC227,0.00020582059059862868,7.577533273763149e-06,0.00020582059059862868,embedding_pca
esmc_PC228,0.00021956400495598267,2.8388941103617924e-05,0.00021956400495598267,embedding_pca
esmc_PC229,0.00020762428198981925,2.2038090390379983e-05,0.00020762428198981925,embedding_pca
esmc_PC230,0.0001929353696489976,8.064237322809653e-06,0.0001929353696489976,embedding_pca
esmc_PC231,0.0002158076253627699,2.827363257402714e-05,0.0002158076253627699,embedding_pca
esmc_PC232,0.00020000112075549813,7.919770485326375e-06,0.00020000112075549813,embedding_pca
esmc_PC233,0.00019585995928041107,7.666662311768957e-06,0.00019585995928041107,embedding_pca
esmc_PC234,0.00019786734890296078,1.0023770351848049e-05,0.00019786734890296078,embedding_pca
esmc_PC235,0.00019835939116427805,6.459518907823303e-06,0.00019835939116427805,embedding_pca
esmc_PC236,0.0002006592122898597,1.419035451952098e-05,0.0002006592122898597,embedding_pca
esmc_PC237,0.00020004998253298699,1.3975347555744373e-05,0.00020004998253298699,embedding_pca
esmc_PC238,0.00020471702518398363,1.2966305273538716e-05,0.00020471702518398363,embedding_pca
esmc_PC239,0.00019687412498211256,7.604098980673737e-06,0.00019687412498211256,embedding_pca
esmc_PC240,0.00020169128718450067,1.1634888528547424e-05,0.00020169128718450067,embedding_pca
esmc_PC241,0.00021379606411997407,5.231588719388186e-06,0.00021379606411997407,embedding_pca
esmc_PC242,0.00019418091838033216,6.684249529943742e-06,0.00019418091838033216,embedding_pca
esmc_PC243,0.00019642889779963413,8.750026188743463e-06,0.00019642889779963413,embedding_pca
esmc_PC244,0.0002051734268458863,6.0338675928210495e-06,0.0002051734268458863,embedding_pca
esmc_PC245,0.0002027240336115412,8.622870556725222e-06,0.0002027240336115412,embedding_pca
esmc_PC246,0.00019934214938824483,1.1240880723602115e-05,0.00019934214938824483,embedding_pca
esmc_PC247,0.000205485464851501,1.2760899568587238e-05,0.000205485464851501,embedding_pca
esmc_PC248,0.00019248787849075554,6.126367001019617e-06,0.00019248787849075554,embedding_pca
esmc_PC249,0.00020354642327957473,1.2302710840828508e-05,0.00020354642327957473,embedding_pca
esmc_PC250,0.00020467788249904645,9.841645157798163e-06,0.00020467788249904645,embedding_pca
esmc_PC251,0.0001972678440855438,1.3518546248119137e-05,0.0001972678440855438,embedding_pca
esmc_PC252,0.0001921663315818214,4.409014655725202e-06,0.0001921663315818214,embedding_pca
esmc_PC253,0.00020566746570471018,8.686671088224148e-06,0.00020566746570471018,embedding_pca
esmc_PC254,0.00020335189919856137,1.5085224126194854e-05,0.00020335189919856137,embedding_pca
esmc_PC255,0.00019954809139593227,1.4218012662700556e-05,0.00019954809139593227,embedding_pca
esmc_PC256,0.00019576582812331572,6.150646759728102e-06,0.00019576582812331572,embedding_pca
esmc_PC257,0.00019756879932853965,1.5251447946791388e-05,0.00019756879932853965,embedding_pca
esmc_PC258,0.00019900261347360147,1.0581779306171092e-05,0.00019900261347360147,embedding_pca
esmc_PC259,0.00020222891637584404,5.916852850759681e-06,0.00020222891637584404,embedding_pca
esmc_PC260,0.00020048231958166206,1.1326312582270499e-05,0.00020048231958166206,embedding_pca
esmc_PC261,0.00019405056415346843,5.976470248313244e-06,0.00019405056415346843,embedding_pca
esmc_PC262,0.00019608531284638544,1.0082211819816937e-05,0.00019608531284638544,embedding_pca
esmc_PC263,0.0001968177374080808,1.3497561537228862e-05,0.0001968177374080808,embedding_pca
esmc_PC264,0.00019618404444165694,4.24797223709859e-06,0.00019618404444165694,embedding_pca
esmc_PC265,0.00019623108283057505,1.4015876364845105e-05,0.00019623108283057505,embedding_pca
esmc_PC266,0.00019618174001636543,7.0707700743702455e-06,0.00019618174001636543,embedding_pca
esmc_PC267,0.00019492983676906204,9.533265087845905e-06,0.00019492983676906204,embedding_pca
esmc_PC268,0.00019877661308046222,1.3455620173801162e-05,0.00019877661308046222,embedding_pca
esmc_PC269,0.00019357142891224862,7.237333854421613e-06,0.00019357142891224862,embedding_pca
esmc_PC270,0.00020102071257008673,9.893577282213643e-06,0.00020102071257008673,embedding_pca
esmc_PC271,0.00020038855412729705,1.000922385000491e-05,0.00020038855412729705,embedding_pca
esmc_PC272,0.00019888983253416167,1.2671249616385304e-05,0.00019888983253416167,embedding_pca
esmc_PC273,0.0001952705627569315,7.132430849997913e-06,0.0001952705627569315,embedding_pca
esmc_PC274,0.00019388801793366825,3.3196563382180046e-06,0.00019388801793366825,embedding_pca
esmc_PC275,0.0002014070726003326,1.2809612564321549e-05,0.0002014070726003326,embedding_pca
esmc_PC276,0.00019980682850985026,1.0626330856542707e-05,0.00019980682850985026,embedding_pca
esmc_PC277,0.00020034619066541592,1.4093109496402593e-05,0.00020034619066541592,embedding_pca
esmc_PC278,0.0001931936368205067,9.008057153631317e-06,0.0001931936368205067,embedding_pca
esmc_PC279,0.00019541165477540622,4.842943990026705e-06,0.00019541165477540622,embedding_pca
esmc_PC280,0.00020470800603039665,1.4807047157269096e-05,0.00020470800603039665,embedding_pca
esmc_PC281,0.00019305428686128634,1.2509538103211195e-05,0.00019305428686128634,embedding_pca
esmc_PC282,0.00019427937483776204,1.3880371273618446e-05,0.00019427937483776204,embedding_pca
esmc_PC283,0.0001992644250472725,1.3081871132077791e-05,0.0001992644250472725,embedding_pca
esmc_PC284,0.00019505685622401222,1.2383931770129342e-05,0.00019505685622401222,embedding_pca
esmc_PC285,0.0002004949388911143,9.41901274351597e-06,0.0002004949388911143,embedding_pca
esmc_PC286,0.00019781566837913405,1.6935548071629736e-05,0.00019781566837913405,embedding_pca
esmc_PC287,0.00018491674741329494,4.913900944755063e-06,0.00018491674741329494,embedding_pca
esmc_PC288,0.00020064375823774827,1.0696010935089125e-05,0.00020064375823774827,embedding_pca
esmc_PC289,0.0001948388218653957,5.895652356148504e-06,0.0001948388218653957,embedding_pca
esmc_PC290,0.0001981624672622364,4.528119703592595e-06,0.0001981624672622364,embedding_pca
esmc_PC291,0.00020592098226392895,1.0524290084148007e-05,0.00020592098226392895,embedding_pca
esmc_PC292,0.00019244741307123563,6.3913006814509954e-06,0.00019244741307123563,embedding_pca
esmc_PC293,0.00020542982746550278,1.768451528746464e-05,0.00020542982746550278,embedding_pca
esmc_PC294,0.00020505833106082056,2.501786863392881e-05,0.00020505833106082056,embedding_pca
esmc_PC295,0.0001897727132779751,1.0316709121383401e-05,0.0001897727132779751,embedding_pca
esmc_PC296,0.00019206041570911985,7.871017444541152e-06,0.00019206041570911985,embedding_pca
esmc_PC297,0.00019840340044834825,1.1261280461898197e-05,0.00019840340044834825,embedding_pca
esmc_PC298,0.00018970468324881697,9.140387019108805e-06,0.00018970468324881697,embedding_pca
esmc_PC299,0.00019873995548358035,1.1685388975694433e-05,0.00019873995548358035,embedding_pca
esmc_PC300,0.00018835048341039903,2.335225235696738e-06,0.00018835048341039903,embedding_pca
esmc_PC301,0.00020232590933933462,8.352451952491952e-06,0.00020232590933933462,embedding_pca
esmc_PC302,0.00019914666167304262,8.402190800229352e-06,0.00019914666167304262,embedding_pca
esmc_PC303,0.0001996212973873002,8.382615113906737e-06,0.0001996212973873002,embedding_pca
esmc_PC304,0.00019864199001136642,7.971494989826565e-06,0.00019864199001136642,embedding_pca
esmc_PC305,0.00019689395981326772,1.035647705795292e-05,0.00019689395981326772,embedding_pca
esmc_PC306,0.00019627656043205618,1.7966224261081223e-05,0.00019627656043205618,embedding_pca
esmc_PC307,0.00020114966409858032,8.134396310006671e-06,0.00020114966409858032,embedding_pca
esmc_PC308,0.00019623632263224226,1.4403824695685498e-05,0.00019623632263224226,embedding_pca
esmc_PC309,0.0001946379067058965,1.8032563195082973e-05,0.0001946379067058965,embedding_pca
esmc_PC310,0.0001997607482711986,8.465914023546564e-06,0.0001997607482711986,embedding_pca
esmc_PC311,0.00019716187520988905,1.0973637489522974e-05,0.00019716187520988905,embedding_pca
esmc_PC312,0.00019658403208526977,7.491471033044155e-06,0.00019658403208526977,embedding_pca
esmc_PC313,0.00019674968346658825,9.367805524579096e-06,0.00019674968346658825,embedding_pca
esmc_PC314,0.0001980725910902514,6.395706770862236e-06,0.0001980725910902514,embedding_pca
esmc_PC315,0.00019218029913023986,7.288933660440006e-06,0.00019218029913023986,embedding_pca
esmc_PC316,0.0001977621190690863,1.4594009297759282e-05,0.0001977621190690863,embedding_pca
esmc_PC317,0.0001986814442071716,1.180644306530294e-05,0.0001986814442071716,embedding_pca
esmc_PC318,0.00019387253348536056,1.456816440167755e-05,0.00019387253348536056,embedding_pca
esmc_PC319,0.00019249856710945503,1.0294566113749073e-05,0.00019249856710945503,embedding_pca
esmc_PC320,0.00019660155286060427,8.88400458469795e-06,0.00019660155286060427,embedding_pca
esmc_PC321,0.0001958194855933316,1.1434027762468083e-05,0.0001958194855933316,embedding_pca
esmc_PC322,0.00020267889416650335,1.0501296606887988e-05,0.00020267889416650335,embedding_pca
esmc_PC323,0.00020653690236135022,1.9191185033546275e-05,0.00020653690236135022,embedding_pca
esmc_PC324,0.00019527775683190595,3.814553999645212e-06,0.00019527775683190595,embedding_pca
esmc_PC325,0.0001897416545340467,1.2659050037573535e-05,0.0001897416545340467,embedding_pca
esmc_PC326,0.0001990814374020395,5.58849965975222e-06,0.0001990814374020395,embedding_pca
esmc_PC327,0.00019694665988309628,4.677388621030039e-06,0.00019694665988309628,embedding_pca
esmc_PC328,0.00019349994380153684,4.861304204088526e-06,0.00019349994380153684,embedding_pca
esmc_PC329,0.00020565946778827466,1.695692573611864e-05,0.00020565946778827466,embedding_pca
esmc_PC330,0.00019738991442731936,1.4472919469491574e-05,0.00019738991442731936,embedding_pca
esmc_PC331,0.00019606899765138024,1.705625738581423e-05,0.00019606899765138024,embedding_pca
esmc_PC332,0.00018727400724860736,1.3987602906155747e-05,0.00018727400724860736,embedding_pca
esmc_PC333,0.00019454770122797298,7.1740142104719345e-06,0.00019454770122797298,embedding_pca
esmc_PC334,0.00019202163340130852,1.052150233931417e-05,0.00019202163340130852,embedding_pca
esmc_PC335,0.00020430895496351733,1.5059014598393359e-05,0.00020430895496351733,embedding_pca
esmc_PC336,0.00019583844493483807,1.0060494667498188e-05,0.00019583844493483807,embedding_pca
esmc_PC337,0.00020298490262919415,6.680632612033469e-06,0.00020298490262919415,embedding_pca
esmc_PC338,0.0001956447215873503,6.868181872438475e-06,0.0001956447215873503,embedding_pca
esmc_PC339,0.0001928112293488275,9.980506502088461e-06,0.0001928112293488275,embedding_pca
esmc_PC340,0.0001924793793274027,1.193026697610103e-05,0.0001924793793274027,embedding_pca
esmc_PC341,0.0001912055220392475,1.4373334425688208e-05,0.0001912055220392475,embedding_pca
esmc_PC342,0.0001996631832560708,9.614673000115927e-06,0.0001996631832560708,embedding_pca
esmc_PC343,0.00019526115141166957,5.8120077745192744e-06,0.00019526115141166957,embedding_pca
esmc_PC344,0.000201204050662528,1.134618522694825e-05,0.000201204050662528,embedding_pca
esmc_PC345,0.00019764477867080613,3.091330951643858e-06,0.00019764477867080613,embedding_pca
esmc_PC346,0.00019639479825777663,1.1625951046503702e-05,0.00019639479825777663,embedding_pca
esmc_PC347,0.00019603381964310894,1.2565207646265753e-05,0.00019603381964310894,embedding_pca
esmc_PC348,0.0001906777322293422,6.281988016227288e-06,0.0001906777322293422,embedding_pca
esmc_PC349,0.00019903225875406183,9.479585537618012e-06,0.00019903225875406183,embedding_pca
esmc_PC350,0.00020098993260958005,1.500293408716818e-05,0.00020098993260958005,embedding_pca
esmc_PC351,0.00019504834189751745,1.2496802145418267e-05,0.00019504834189751745,embedding_pca
esmc_PC352,0.0001949404529727987,1.722686317913385e-05,0.0001949404529727987,embedding_pca
esmc_PC353,0.00019630312956531534,1.046651230774436e-05,0.00019630312956531534,embedding_pca
esmc_PC354,0.00020100844877024866,1.2094434821298803e-05,0.00020100844877024866,embedding_pca
esmc_PC355,0.00020045133606478742,1.320457864194475e-05,0.00020045133606478742,embedding_pca
esmc_PC356,0.0001950725420106991,1.207956799133547e-05,0.0001950725420106991,embedding_pca
esmc_PC357,0.00020814340104258747,1.9195720666287946e-05,0.00020814340104258747,embedding_pca
esmc_PC358,0.00021515301647226284,2.5610474836827908e-05,0.00021515301647226284,embedding_pca
esmc_PC359,0.0001898494674169016,7.557828723895477e-06,0.0001898494674169016,embedding_pca
esmc_PC360,0.00018777891060157127,8.73581933161926e-06,0.00018777891060157127,embedding_pca
esmc_PC361,0.0001867307275201279,1.2099921975601735e-05,0.0001867307275201279,embedding_pca
esmc_PC362,0.0001911305512496987,6.974594130886089e-06,0.0001911305512496987,embedding_pca
esmc_PC363,0.00019380640208102696,7.999108083120254e-06,0.00019380640208102696,embedding_pca
esmc_PC364,0.0001980085364852223,8.274840999957018e-06,0.0001980085364852223,embedding_pca
esmc_PC365,0.00019737550856172717,1.1572300321098807e-05,0.00019737550856172717,embedding_pca
esmc_PC366,0.00020069737321094073,1.66219689180225e-05,0.00020069737321094073,embedding_pca
esmc_PC367,0.00019752627454544248,7.241213172699823e-06,0.00019752627454544248,embedding_pca
esmc_PC368,0.00019295064329714678,4.773789761931786e-06,0.00019295064329714678,embedding_pca
esmc_PC369,0.0001961339891586014,1.0765351377386336e-05,0.0001961339891586014,embedding_pca
esmc_PC370,0.00018804790650233852,6.376711778365801e-06,0.00018804790650233852,embedding_pca
esmc_PC371,0.00019545736924212294,9.345029360941505e-06,0.00019545736924212294,embedding_pca
esmc_PC372,0.00019401690010229503,4.121638745441537e-06,0.00019401690010229503,embedding_pca
esmc_PC373,0.00020288598763340505,7.446521531948617e-06,0.00020288598763340505,embedding_pca
esmc_PC374,0.00020189282560042275,1.4651930725996482e-05,0.00020189282560042275,embedding_pca
esmc_PC375,0.00019854531055627308,2.178448460966568e-05,0.00019854531055627308,embedding_pca
esmc_PC376,0.0002071379069521569,9.440426710583776e-06,0.0002071379069521569,embedding_pca
esmc_PC377,0.0001879457442689886,1.3955952685178758e-05,0.0001879457442689886,embedding_pca
esmc_PC378,0.00019396358120762574,1.4050089772647848e-05,0.00019396358120762574,embedding_pca
esmc_PC379,0.00018831808191025197,5.496537851599555e-06,0.00018831808191025197,embedding_pca
esmc_PC380,0.00018678209066359474,2.0162124587023398e-05,0.00018678209066359474,embedding_pca
esmc_PC381,0.00020243775389683195,2.4195848863577055e-06,0.00020243775389683195,embedding_pca
esmc_PC382,0.00019463732780371652,9.224693116979547e-06,0.00019463732780371652,embedding_pca
esmc_PC383,0.00019649056010200396,1.4742938546091799e-05,0.00019649056010200396,embedding_pca
esmc_PC384,0.00019821004369572566,4.590743813637126e-06,0.00019821004369572566,embedding_pca
esmc_PC385,0.00020493149510555876,1.1490359397344764e-05,0.00020493149510555876,embedding_pca
esmc_PC386,0.0001968362050844356,8.692933792955746e-06,0.0001968362050844356,embedding_pca
esmc_PC387,0.00019904675104435413,1.1021265070622895e-05,0.00019904675104435413,embedding_pca
esmc_PC388,0.00019397834304235665,5.744169479644754e-06,0.00019397834304235665,embedding_pca
esmc_PC389,0.00019433416732211637,1.2712023253576747e-05,0.00019433416732211637,embedding_pca
esmc_PC390,0.0001935705643047092,9.71480173264509e-06,0.0001935705643047092,embedding_pca
esmc_PC391,0.00019558799234931486,7.502870642592073e-06,0.00019558799234931486,embedding_pca
esmc_PC392,0.00021547188611116194,1.829778989088527e-05,0.00021547188611116194,embedding_pca
esmc_PC393,0.00019892667018029105,1.1806802210453634e-05,0.00019892667018029105,embedding_pca
esmc_PC394,0.0001919748049780319,1.0346274306698824e-05,0.0001919748049780319,embedding_pca
esmc_PC395,0.00018825679423664301,8.974638494858042e-06,0.00018825679423664301,embedding_pca
esmc_PC396,0.0002092204290746176,1.5721071965683806e-05,0.0002092204290746176,embedding_pca
esmc_PC397,0.0001956191410783349,1.2251132280636201e-05,0.0001956191410783349,embedding_pca
esmc_PC398,0.00019666165999144406,1.1755816064616863e-05,0.00019666165999144406,embedding_pca
esmc_PC399,0.000195009575450044,2.8685583855028907e-06,0.000195009575450044,embedding_pca
esmc_PC400,0.00019640599404454232,1.2800057134404554e-05,0.00019640599404454232,embedding_pca
esmc_PC401,0.00020037626190651993,1.383696653409685e-05,0.00020037626190651993,embedding_pca
esmc_PC402,0.0001920281287640197,7.225054221734494e-06,0.0001920281287640197,embedding_pca
esmc_PC403,0.0001967765361365884,1.3933689970523761e-05,0.0001967765361365884,embedding_pca
esmc_PC404,0.00019206444771863222,7.693430581155677e-06,0.00019206444771863222,embedding_pca
esmc_PC405,0.00019078681890255983,4.907489885114373e-06,0.00019078681890255983,embedding_pca
esmc_PC406,0.00019450968143376571,8.032894903284748e-06,0.00019450968143376571,embedding_pca
esmc_PC407,0.00019885820271370764,9.35758383989601e-06,0.00019885820271370764,embedding_pca
esmc_PC408,0.0001863821468873563,7.520498626106306e-06,0.0001863821468873563,embedding_pca
esmc_PC409,0.0001876097848030534,5.082404570256274e-06,0.0001876097848030534,embedding_pca
esmc_PC410,0.00019604457838041643,2.1579760663631422e-05,0.00019604457838041643,embedding_pca
esmc_PC411,0.00019916038632502545,1.4564457693734026e-05,0.00019916038632502545,embedding_pca
esmc_PC412,0.00019032239321194397,8.507435546266664e-06,0.00019032239321194397,embedding_pca
esmc_PC413,0.00019038845046701595,8.597216897296374e-06,0.00019038845046701595,embedding_pca
esmc_PC414,0.00019064887977396196,7.976740708697524e-06,0.00019064887977396196,embedding_pca
esmc_PC415,0.0001905496248312036,8.93070392481939e-06,0.0001905496248312036,embedding_pca
esmc_PC416,0.00019698043523623388,1.0035365882206622e-05,0.00019698043523623388,embedding_pca
esmc_PC417,0.00019552001509623982,9.756432593026623e-06,0.00019552001509623982,embedding_pca
esmc_PC418,0.00019763170433178485,1.0125768668416489e-05,0.00019763170433178485,embedding_pca
esmc_PC419,0.00019423452415904098,5.611966569903188e-06,0.00019423452415904098,embedding_pca
esmc_PC420,0.00018656769579929454,1.2993470506834673e-05,0.00018656769579929454,embedding_pca
esmc_PC421,0.0001903466437025097,9.717236995706489e-06,0.0001903466437025097,embedding_pca
esmc_PC422,0.00018683142935202126,8.950745673794715e-06,0.00018683142935202126,embedding_pca
esmc_PC423,0.0001928372151765258,1.1844342677345979e-05,0.0001928372151765258,embedding_pca
esmc_PC424,0.00019357780678769284,7.3914834456622886e-06,0.00019357780678769284,embedding_pca
esmc_PC425,0.000193345731270271,1.4608054041801516e-05,0.000193345731270271,embedding_pca
esmc_PC426,0.00018791490804018283,8.71231681515992e-06,0.00018791490804018283,embedding_pca
esmc_PC427,0.0001882801950654197,1.0225214574166955e-05,0.0001882801950654197,embedding_pca
esmc_PC428,0.0001988590753158982,6.399916465130191e-06,0.0001988590753158982,embedding_pca
esmc_PC429,0.00019249452836609865,8.93673918750558e-06,0.00019249452836609865,embedding_pca
esmc_PC430,0.0001865260785072724,1.0150564019197818e-05,0.0001865260785072724,embedding_pca
esmc_PC431,0.00019536928180719946,9.699196425206856e-06,0.00019536928180719946,embedding_pca
esmc_PC432,0.00019226850824547516,1.617126207568694e-05,0.00019226850824547516,embedding_pca
esmc_PC433,0.00019173699421507807,1.071604543330119e-05,0.00019173699421507807,embedding_pca
esmc_PC434,0.00019973440507554274,1.3332466705364563e-05,0.00019973440507554274,embedding_pca
esmc_PC435,0.00019947947149768843,1.7734334040507003e-05,0.00019947947149768843,embedding_pca
esmc_PC436,0.00019331376341203912,1.4452105467106985e-05,0.00019331376341203912,embedding_pca
esmc_PC437,0.00019995724428599642,1.3153797486232866e-05,0.00019995724428599642,embedding_pca
esmc_PC438,0.00019503955387364388,1.7152878573319064e-05,0.00019503955387364388,embedding_pca
esmc_PC439,0.00019641487484565334,3.7641122996742254e-06,0.00019641487484565334,embedding_pca
esmc_PC440,0.0001983269863362732,1.3430095132238093e-05,0.0001983269863362732,embedding_pca
esmc_PC441,0.0001909674340680373,7.832918668153927e-06,0.0001909674340680373,embedding_pca
esmc_PC442,0.00020127798446084407,3.0630904475581315e-05,0.00020127798446084407,embedding_pca
esmc_PC443,0.00020466394249905968,8.23856016946425e-06,0.00020466394249905968,embedding_pca
esmc_PC444,0.00019307537233494883,5.562737639675057e-06,0.00019307537233494883,embedding_pca
esmc_PC445,0.00020355054441339318,1.4239136512774033e-05,0.00020355054441339318,embedding_pca
esmc_PC446,0.00019759996440523424,1.0274303455062456e-05,0.00019759996440523424,embedding_pca
esmc_PC447,0.00018532246952920965,6.6868763027423135e-06,0.00018532246952920965,embedding_pca
esmc_PC448,0.00019451667361353143,1.1244695590417144e-05,0.00019451667361353143,embedding_pca
esmc_PC449,0.0001956811345924623,1.7725208384898418e-05,0.0001956811345924623,embedding_pca
esmc_PC450,0.00020381288740467198,7.249397740303675e-06,0.00020381288740467198,embedding_pca
esmc_PC451,0.00019844023526853472,1.2576720194173722e-05,0.00019844023526853472,embedding_pca
esmc_PC452,0.00018610737490955487,1.3169317219816628e-05,0.00018610737490955487,embedding_pca
esmc_PC453,0.00019431532747023496,2.886835317816296e-06,0.00019431532747023496,embedding_pca
esmc_PC454,0.00019919260959907586,1.2131412460796714e-05,0.00019919260959907586,embedding_pca
esmc_PC455,0.00019529340216915055,5.351627996350066e-06,0.00019529340216915055,embedding_pca
esmc_PC456,0.000193825099377295,8.980611072183892e-06,0.000193825099377295,embedding_pca
esmc_PC457,0.00020236409808943096,7.062815481687578e-06,0.00020236409808943096,embedding_pca
esmc_PC458,0.0001952782973397326,5.890417677757978e-06,0.0001952782973397326,embedding_pca
esmc_PC459,0.00018639037975505754,9.413182999891089e-06,0.00018639037975505754,embedding_pca
esmc_PC460,0.00018835505641881045,1.207611257433427e-05,0.00018835505641881045,embedding_pca
esmc_PC461,0.00019246284063066443,1.5462450964061607e-05,0.00019246284063066443,embedding_pca
esmc_PC462,0.00019228539963052766,9.851099111085573e-06,0.00019228539963052766,embedding_pca
esmc_PC463,0.00018100427605650254,2.0046030283532282e-06,0.00018100427605650254,embedding_pca
esmc_PC464,0.0001921807209646742,1.051611100165921e-05,0.0001921807209646742,embedding_pca
esmc_PC465,0.00019504634419565723,1.2600629688461607e-05,0.00019504634419565723,embedding_pca
esmc_PC466,0.0001958611493230769,1.0414820834716502e-05,0.0001958611493230769,embedding_pca
esmc_PC467,0.0001898232734611544,3.3462824833295108e-06,0.0001898232734611544,embedding_pca
esmc_PC468,0.0001942883625836579,1.1041748206415035e-05,0.0001942883625836579,embedding_pca
esmc_PC469,0.00019663884134765453,1.247001559294811e-05,0.00019663884134765453,embedding_pca
esmc_PC470,0.00020091793458203202,3.239030727660703e-06,0.00020091793458203202,embedding_pca
esmc_PC471,0.00019366923964143798,5.601917423541342e-06,0.00019366923964143798,embedding_pca
esmc_PC472,0.000194234030087858,1.1786626627216389e-05,0.000194234030087858,embedding_pca
esmc_PC473,0.00019510162277957746,5.924669828095211e-06,0.00019510162277957746,embedding_pca
esmc_PC474,0.00018600758574920936,4.299246289697429e-06,0.00018600758574920936,embedding_pca
esmc_PC475,0.00019116331635963288,1.2031477769823616e-05,0.00019116331635963288,embedding_pca
esmc_PC476,0.0002018744656076406,1.2411017500676474e-05,0.0002018744656076406,embedding_pca
esmc_PC477,0.00019174221965581666,8.33360166810819e-06,0.00019174221965581666,embedding_pca
esmc_PC478,0.00019344021337165676,9.73510991048978e-06,0.00019344021337165676,embedding_pca
esmc_PC479,0.00018947257565562136,9.110973682388093e-06,0.00018947257565562136,embedding_pca
esmc_PC480,0.00018950057226812725,9.582165719380417e-06,0.00018950057226812725,embedding_pca
esmc_PC481,0.0001865853577315118,8.949692517924248e-06,0.0001865853577315118,embedding_pca
esmc_PC482,0.0001866499635485137,1.3292474269183975e-05,0.0001866499635485137,embedding_pca
esmc_PC483,0.00019671038865963394,7.1894801992710745e-06,0.00019671038865963394,embedding_pca
esmc_PC484,0.00019893087638371402,8.298077346223499e-06,0.00019893087638371402,embedding_pca
esmc_PC485,0.0001914165803640632,1.7484838577055005e-05,0.0001914165803640632,embedding_pca
esmc_PC486,0.00018952917609423104,7.63454533480991e-06,0.00018952917609423104,embedding_pca
esmc_PC487,0.00018940512060442935,1.6771974719017155e-05,0.00018940512060442935,embedding_pca
esmc_PC488,0.00018161155075024617,5.71501488995209e-06,0.00018161155075024617,embedding_pca
esmc_PC489,0.0001818030577931647,9.104275582316684e-06,0.0001818030577931647,embedding_pca
esmc_PC490,0.00019802821970401653,9.360809585141105e-06,0.00019802821970401653,embedding_pca
esmc_PC491,0.00019017002714851627,7.981138354729244e-06,0.00019017002714851627,embedding_pca
esmc_PC492,0.0001866432000054799,5.225277530583572e-06,0.0001866432000054799,embedding_pca
esmc_PC493,0.00018457732358782343,5.698956420052605e-06,0.00018457732358782343,embedding_pca
esmc_PC494,0.0001848828341375073,1.0950316746071363e-05,0.0001848828341375073,embedding_pca
esmc_PC495,0.00018987683437003542,1.4249478038915925e-05,0.00018987683437003542,embedding_pca
esmc_PC496,0.00019722477631717292,5.5741711155196525e-06,0.00019722477631717292,embedding_pca
esmc_PC497,0.00018387024003992632,5.461629677615092e-06,0.00018387024003992632,embedding_pca
esmc_PC498,0.00018623375740520702,1.0558083257597048e-05,0.00018623375740520702,embedding_pca
esmc_PC499,0.00018041236319266688,8.586360683195491e-06,0.00018041236319266688,embedding_pca
esmc_PC500,0.00019555074549892107,1.3617123424277246e-05,0.00019555074549892107,embedding_pca
esmc_PC501,0.00019960813052267577,1.1734460533716983e-05,0.00019960813052267577,embedding_pca
esmc_PC502,0.00019165890483394246,6.516862020809727e-06,0.00019165890483394246,embedding_pca
esmc_PC503,0.00019414332486209553,9.504910971677869e-06,0.00019414332486209553,embedding_pca
esmc_PC504,0.000185938548486184,7.813316934266064e-06,0.000185938548486184,embedding_pca
esmc_PC505,0.00018789399566334703,9.614080872617617e-06,0.00018789399566334703,embedding_pca
esmc_PC506,0.00018948047672830436,1.3299574700911603e-05,0.00018948047672830436,embedding_pca
esmc_PC507,0.0001835153471266044,1.047368913996323e-05,0.0001835153471266044,embedding_pca
esmc_PC508,0.00019508054556638632,4.908203510800106e-06,0.00019508054556638632,embedding_pca
esmc_PC509,0.00019089614331862617,1.4204548583373933e-05,0.00019089614331862617,embedding_pca
esmc_PC510,0.00019238675560962843,8.921217037132996e-06,0.00019238675560962843,embedding_pca
esmc_PC511,0.00020025093402134368,1.0219501178776558e-05,0.00020025093402134368,embedding_pca
esmc_PC512,0.00018977464389582588,7.653084510719612e-06,0.00018977464389582588,embedding_pca
esmc_PC513,0.00019396145903344887,1.0988139817321572e-05,0.00019396145903344887,embedding_pca
esmc_PC514,0.00018755973738074084,8.637783272151746e-06,0.00018755973738074084,embedding_pca
esmc_PC515,0.00019097828495801672,2.0706779567186905e-06,0.00019097828495801672,embedding_pca
esmc_PC516,0.00019379379111679457,7.735546591013508e-06,0.00019379379111679457,embedding_pca
esmc_PC517,0.00019234114906651202,6.349605616631506e-06,0.00019234114906651202,embedding_pca
esmc_PC518,0.0001823254200104081,7.769938619245412e-06,0.0001823254200104081,embedding_pca
esmc_PC519,0.00019425424624536398,6.914030016207534e-06,0.00019425424624536398,embedding_pca
esmc_PC520,0.00019040870060414863,1.1626816751123689e-05,0.00019040870060414863,embedding_pca
esmc_PC521,0.00019491860140438919,6.212557721574107e-06,0.00019491860140438919,embedding_pca
esmc_PC522,0.00018730302457232564,1.021348380223117e-05,0.00018730302457232564,embedding_pca
esmc_PC523,0.00018348369605469732,1.1542535065572748e-05,0.00018348369605469732,embedding_pca
esmc_PC524,0.0001915995332879355,5.793444259141377e-06,0.0001915995332879355,embedding_pca
esmc_PC525,0.00019291952674536271,1.5115946457133371e-05,0.00019291952674536271,embedding_pca
esmc_PC526,0.0001977284659845712,1.70163144260976e-05,0.0001977284659845712,embedding_pca
esmc_PC527,0.0001880592250491534,1.1123840557341235e-05,0.0001880592250491534,embedding_pca
esmc_PC528,0.00018816551884984046,1.5217719414548423e-05,0.00018816551884984046,embedding_pca
esmc_PC529,0.00019704599332457545,6.198540407999169e-06,0.00019704599332457545,embedding_pca
esmc_PC530,0.0001903587555978734,1.198332842609725e-05,0.0001903587555978734,embedding_pca
esmc_PC531,0.0001878717203197862,6.6039550259750124e-06,0.0001878717203197862,embedding_pca
esmc_PC532,0.00019452870145994695,1.1561279749294976e-05,0.00019452870145994695,embedding_pca
esmc_PC533,0.00019559423994981989,1.402584141618412e-05,0.00019559423994981989,embedding_pca
esmc_PC534,0.0001900637059975356,1.5069291052677472e-05,0.0001900637059975356,embedding_pca
esmc_PC535,0.00018908364874569453,7.067941084563726e-06,0.00018908364874569453,embedding_pca
esmc_PC536,0.00019484219245527183,7.793342525450259e-06,0.00019484219245527183,embedding_pca
esmc_PC537,0.00019321591387371257,1.1304530536951745e-05,0.00019321591387371257,embedding_pca
esmc_PC538,0.00017833869664928549,9.202785827621026e-06,0.00017833869664928549,embedding_pca
esmc_PC539,0.0001924299369878363,9.807715500695446e-06,0.0001924299369878363,embedding_pca
esmc_PC540,0.00018693812434656879,4.466228483917739e-06,0.00018693812434656879,embedding_pca
esmc_PC541,0.00018293855323253083,3.4352433814933203e-06,0.00018293855323253083,embedding_pca
esmc_PC542,0.0001837147543865247,8.527311657518066e-06,0.0001837147543865247,embedding_pca
esmc_PC543,0.0001997373880707958,7.434196911097821e-06,0.0001997373880707958,embedding_pca
esmc_PC544,0.000185322109374807,8.541646816033929e-06,0.000185322109374807,embedding_pca
esmc_PC545,0.00018104349881416893,6.078065860269154e-06,0.00018104349881416893,embedding_pca
esmc_PC546,0.00019245339745459358,2.8653229856525463e-06,0.00019245339745459358,embedding_pca
esmc_PC547,0.00018412770890797238,1.1414296825732036e-05,0.00018412770890797238,embedding_pca
esmc_PC548,0.00019387523293717664,7.571121199458295e-06,0.00019387523293717664,embedding_pca
esmc_PC549,0.00018215404389730562,7.614869829623638e-06,0.00018215404389730562,embedding_pca
esmc_PC550,0.0001871167879401188,1.047323189363783e-05,0.0001871167879401188,embedding_pca
esmc_PC551,0.00019058946633471012,3.624716136589886e-06,0.00019058946633471012,embedding_pca
esmc_PC552,0.00019183847698544954,1.0253012552075397e-05,0.00019183847698544954,embedding_pca
esmc_PC553,0.000182394487650209,6.999466035853295e-06,0.000182394487650209,embedding_pca
esmc_PC554,0.00019494866079630937,1.0131849796975952e-05,0.00019494866079630937,embedding_pca
esmc_PC555,0.0001844431912410174,1.3861542863181643e-05,0.0001844431912410174,embedding_pca
esmc_PC556,0.00018967374607407403,3.987752563195624e-06,0.00018967374607407403,embedding_pca
esmc_PC557,0.00019016571884816614,1.0135198869023905e-05,0.00019016571884816614,embedding_pca
esmc_PC558,0.00019653929098212966,1.0744958821674158e-05,0.00019653929098212966,embedding_pca
esmc_PC559,0.00018402416441213882,1.565909175535581e-05,0.00018402416441213882,embedding_pca
esmc_PC560,0.00019451949455943693,7.646422126351446e-06,0.00019451949455943693,embedding_pca
esmc_PC561,0.00019247132107404218,8.543655140868982e-06,0.00019247132107404218,embedding_pca
esmc_PC562,0.00018535967983665056,7.728391108172412e-06,0.00018535967983665056,embedding_pca
esmc_PC563,0.0001901121611429367,1.0124799180261031e-05,0.0001901121611429367,embedding_pca
esmc_PC564,0.00019500412190616353,1.1613942593880972e-05,0.00019500412190616353,embedding_pca
esmc_PC565,0.00019426489007369295,8.503189967037912e-06,0.00019426489007369295,embedding_pca
esmc_PC566,0.0001903760300645423,7.23852172972027e-06,0.0001903760300645423,embedding_pca
esmc_PC567,0.00019214860473203217,8.317751225170402e-06,0.00019214860473203217,embedding_pca
esmc_PC568,0.00018170990996750362,1.2892015971839568e-05,0.00018170990996750362,embedding_pca
esmc_PC569,0.00018654773471256034,8.742567695692969e-06,0.00018654773471256034,embedding_pca
esmc_PC570,0.00019842825719873172,1.1136731324891773e-05,0.00019842825719873172,embedding_pca
esmc_PC571,0.0001828728652534096,6.504049507813536e-06,0.0001828728652534096,embedding_pca
esmc_PC572,0.0001817758875340208,8.851600611827787e-06,0.0001817758875340208,embedding_pca
esmc_PC573,0.00019259193515630915,8.45431369518636e-06,0.00019259193515630915,embedding_pca
esmc_PC574,0.00018399880576159741,3.188045632083579e-06,0.00018399880576159741,embedding_pca
esmc_PC575,0.00018353351165186312,4.409995243962941e-06,0.00018353351165186312,embedding_pca
esmc_PC576,0.00018461542008917485,5.683290414607622e-06,0.00018461542008917485,embedding_pca
esmc_PC577,0.0001918996418636191,7.014031948784563e-06,0.0001918996418636191,embedding_pca
esmc_PC578,0.00018410705008050794,9.659117085455623e-06,0.00018410705008050794,embedding_pca
esmc_PC579,0.00018805660223052289,1.2204919184221923e-05,0.00018805660223052289,embedding_pca
esmc_PC580,0.0001880859183217613,4.769042892767053e-06,0.0001880859183217613,embedding_pca
esmc_PC581,0.00019390198025741497,1.285053168353379e-05,0.00019390198025741497,embedding_pca
esmc_PC582,0.0001892071916406917,1.2967364450096754e-05,0.0001892071916406917,embedding_pca
esmc_PC583,0.00019394526001550254,9.474033175608129e-06,0.00019394526001550254,embedding_pca
esmc_PC584,0.0001865524844869377,9.56833203238864e-06,0.0001865524844869377,embedding_pca
esmc_PC585,0.00019912721880874993,1.9215258555465674e-05,0.00019912721880874993,embedding_pca
esmc_PC586,0.00019226091242406282,1.4396701864967664e-05,0.00019226091242406282,embedding_pca
esmc_PC587,0.00018652343497003204,1.4252133792337596e-05,0.00018652343497003204,embedding_pca
esmc_PC588,0.00019431061133759933,4.9452119697023e-06,0.00019431061133759933,embedding_pca
esmc_PC589,0.0001931884427191213,1.5766617358858846e-05,0.0001931884427191213,embedding_pca
esmc_PC590,0.0001812865947669353,4.863114473689464e-06,0.0001812865947669353,embedding_pca
esmc_PC591,0.00019593949426063801,5.747721679073998e-06,0.00019593949426063801,embedding_pca
esmc_PC592,0.000176550359113011,4.078760322141561e-06,0.000176550359113011,embedding_pca
esmc_PC593,0.00018169775639874483,1.0665881483572301e-05,0.00018169775639874483,embedding_pca
esmc_PC594,0.00018637790766134547,6.686521149434983e-06,0.00018637790766134547,embedding_pca
esmc_PC595,0.00019366897625262348,1.2272938452912166e-05,0.00019366897625262348,embedding_pca
esmc_PC596,0.00019057840081833377,8.428308705762186e-06,0.00019057840081833377,embedding_pca
esmc_PC597,0.00019099869676245871,8.678388145227131e-06,0.00019099869676245871,embedding_pca
esmc_PC598,0.00019205411375179795,6.062683829317482e-06,0.00019205411375179795,embedding_pca
esmc_PC599,0.00018284488945198563,1.0685815821678793e-05,0.00018284488945198563,embedding_pca
esmc_PC600,0.0001869382012556927,2.5760879865598642e-06,0.0001869382012556927,embedding_pca
esmc_PC601,0.00018698069009510316,5.550472692473614e-06,0.00018698069009510316,embedding_pca
esmc_PC602,0.00019696543742559687,6.085690769583135e-06,0.00019696543742559687,embedding_pca
esmc_PC603,0.00018212245885537828,1.1180574735315566e-05,0.00018212245885537828,embedding_pca
esmc_PC604,0.00018344411155689447,6.645254421465553e-06,0.00018344411155689447,embedding_pca
esmc_PC605,0.00018408819724610763,9.964116926745806e-06,0.00018408819724610763,embedding_pca
esmc_PC606,0.00019412645183222423,1.3558785592193629e-05,0.00019412645183222423,embedding_pca
esmc_PC607,0.0001929107417950572,4.298854696227303e-06,0.0001929107417950572,embedding_pca
esmc_PC608,0.00019252942804062908,5.53324724840066e-06,0.00019252942804062908,embedding_pca
esmc_PC609,0.00019034832240676813,7.440528775241776e-06,0.00019034832240676813,embedding_pca
esmc_PC610,0.00018884419574026956,6.80607675456297e-06,0.00018884419574026956,embedding_pca
esmc_PC611,0.00018483608144773678,6.723294148011022e-06,0.00018483608144773678,embedding_pca
esmc_PC612,0.00018484516417359962,1.2513912213156877e-06,0.00018484516417359962,embedding_pca
esmc_PC613,0.00018454467495169054,4.7139027757312566e-06,0.00018454467495169054,embedding_pca
esmc_PC614,0.00019300567285439866,1.7146080990206083e-05,0.00019300567285439866,embedding_pca
esmc_PC615,0.00018283602466106697,4.3947447007606445e-06,0.00018283602466106697,embedding_pca
esmc_PC616,0.00018582054951923522,7.657438921352753e-06,0.00018582054951923522,embedding_pca
esmc_PC617,0.000186279783747918,6.961424797500882e-06,0.000186279783747918,embedding_pca
esmc_PC618,0.00018425815319187688,8.870469884362461e-06,0.00018425815319187688,embedding_pca
esmc_PC619,0.00018729329939473735,7.1565886926359865e-06,0.00018729329939473735,embedding_pca
esmc_PC620,0.00018827494724605454,5.89922944603638e-06,0.00018827494724605454,embedding_pca
esmc_PC621,0.00018270047490909314,8.13891893256748e-06,0.00018270047490909314,embedding_pca
esmc_PC622,0.0001906072370847655,5.148482788207402e-06,0.0001906072370847655,embedding_pca
esmc_PC623,0.00018909483593630081,1.014755088668325e-05,0.00018909483593630081,embedding_pca
esmc_PC624,0.00018361453842235035,1.2835738096912021e-05,0.00018361453842235035,embedding_pca
esmc_PC625,0.00018886402072001472,5.240485941954699e-06,0.00018886402072001472,embedding_pca
esmc_PC626,0.0001868039083267202,1.0027754166199833e-05,0.0001868039083267202,embedding_pca
esmc_PC627,0.00019348459372872968,1.2173433224252355e-05,0.00019348459372872968,embedding_pca
esmc_PC628,0.00018865387555126736,1.1366285172550415e-05,0.00018865387555126736,embedding_pca
esmc_PC629,0.00018349774685192044,1.315597730801025e-05,0.00018349774685192044,embedding_pca
esmc_PC630,0.00019147572598891794,5.259524546717008e-06,0.00019147572598891794,embedding_pca
esmc_PC631,0.00018440760303247718,9.952372049813062e-06,0.00018440760303247718,embedding_pca
esmc_PC632,0.00018950181534662077,5.3621229528962686e-06,0.00018950181534662077,embedding_pca
esmc_PC633,0.0001848331480741273,6.058856254584965e-06,0.0001848331480741273,embedding_pca
esmc_PC634,0.00018935730428560534,5.221934271145363e-06,0.00018935730428560534,embedding_pca
esmc_PC635,0.00018388252951981234,8.40735758408588e-06,0.00018388252951981234,embedding_pca
esmc_PC636,0.00019625062205083128,1.8576707450663307e-05,0.00019625062205083128,embedding_pca
esmc_PC637,0.00018595877270199764,6.750625627748205e-06,0.00018595877270199764,embedding_pca
esmc_PC638,0.00019747723114733797,1.0463242692785298e-05,0.00019747723114733797,embedding_pca
esmc_PC639,0.00018969990500436346,6.3307296176459215e-06,0.00018969990500436346,embedding_pca
esmc_PC640,0.0001864771834766399,6.966393740031638e-06,0.0001864771834766399,embedding_pca
esmc_PC641,0.00018720665459470343,4.752434386637573e-06,0.00018720665459470343,embedding_pca
esmc_PC642,0.00018583141214494075,4.889040457432829e-06,0.00018583141214494075,embedding_pca
esmc_PC643,0.00020156675708147415,9.531232587860666e-06,0.00020156675708147415,embedding_pca
esmc_PC644,0.0001858655900753839,3.2753414083291554e-06,0.0001858655900753839,embedding_pca
esmc_PC645,0.00018327300834733733,9.334370603409061e-06,0.00018327300834733733,embedding_pca
esmc_PC646,0.00019039120522282757,8.286130417524971e-06,0.00019039120522282757,embedding_pca
esmc_PC647,0.0001854114245883672,2.8700596055258518e-06,0.0001854114245883672,embedding_pca
esmc_PC648,0.00018687171907501727,9.41765817735163e-06,0.00018687171907501727,embedding_pca
esmc_PC649,0.0001837027720751955,7.385898412780056e-06,0.0001837027720751955,embedding_pca
esmc_PC650,0.00018127475361954048,8.62058142871058e-06,0.00018127475361954048,embedding_pca
esmc_PC651,0.00019025593712317692,8.720346502512278e-06,0.00019025593712317692,embedding_pca
esmc_PC652,0.00018749323591214502,1.3074174531357174e-05,0.00018749323591214502,embedding_pca
esmc_PC653,0.00017864207563957012,5.1759595266481284e-06,0.00017864207563957012,embedding_pca
esmc_PC654,0.00018179900408391041,3.38290208171185e-06,0.00018179900408391041,embedding_pca
esmc_PC655,0.00018855678390724856,6.279359021541436e-06,0.00018855678390724856,embedding_pca
esmc_PC656,0.0001877008362333663,1.9559064174629637e-06,0.0001877008362333663,embedding_pca
esmc_PC657,0.00018807767181362297,5.757953015015302e-06,0.00018807767181362297,embedding_pca
esmc_PC658,0.0001806592343344883,5.4853375529526195e-06,0.0001806592343344883,embedding_pca
esmc_PC659,0.00018915698522432476,6.773242803840774e-06,0.00018915698522432476,embedding_pca
esmc_PC660,0.00019150130299969647,1.03757327062472e-05,0.00019150130299969647,embedding_pca
esmc_PC661,0.00018867226099918215,1.656114313592673e-05,0.00018867226099918215,embedding_pca
esmc_PC662,0.000191294772910344,8.296634173624152e-06,0.000191294772910344,embedding_pca
esmc_PC663,0.00018617249485761226,7.341227454613065e-06,0.00018617249485761226,embedding_pca
esmc_PC664,0.0001916737086070314,7.619966273654469e-06,0.0001916737086070314,embedding_pca
esmc_PC665,0.00018146476665533887,9.185344041385268e-06,0.00018146476665533887,embedding_pca
esmc_PC666,0.00018352399328790573,3.699445603366126e-06,0.00018352399328790573,embedding_pca
esmc_PC667,0.0001969938999442871,9.200804844935405e-06,0.0001969938999442871,embedding_pca
esmc_PC668,0.0001835201783571134,8.401563841438511e-06,0.0001835201783571134,embedding_pca
esmc_PC669,0.00019078297431559084,4.928414049342951e-06,0.00019078297431559084,embedding_pca
esmc_PC670,0.00018385038280393793,5.226324010046892e-06,0.00018385038280393793,embedding_pca
esmc_PC671,0.0001878961379052726,3.91280534379862e-06,0.0001878961379052726,embedding_pca
esmc_PC672,0.00017956882987906728,6.5796107260766326e-06,0.00017956882987906728,embedding_pca
esmc_PC673,0.0001859944417261485,6.363607320246911e-06,0.0001859944417261485,embedding_pca
esmc_PC674,0.0001801003651595155,6.9602552257202065e-06,0.0001801003651595155,embedding_pca
esmc_PC675,0.00018606230409500823,7.435836664085964e-06,0.00018606230409500823,embedding_pca
esmc_PC676,0.00018878041630570754,1.0786636821690864e-05,0.00018878041630570754,embedding_pca
esmc_PC677,0.00019033694438832198,8.491708532009624e-06,0.00019033694438832198,embedding_pca
esmc_PC678,0.000177912722837311,1.0911076327746037e-05,0.000177912722837311,embedding_pca
esmc_PC679,0.000182271894528428,1.409601081363092e-05,0.000182271894528428,embedding_pca
esmc_PC680,0.00018462466714782956,3.838132099977173e-06,0.00018462466714782956,embedding_pca
esmc_PC681,0.00018089470778814997,1.0010065749307912e-05,0.00018089470778814997,embedding_pca
esmc_PC682,0.00018931643315896158,9.157430656618447e-06,0.00018931643315896158,embedding_pca
esmc_PC683,0.0001872729649567331,9.257951138774518e-06,0.0001872729649567331,embedding_pca
esmc_PC684,0.00019822114325403784,6.045616589079424e-06,0.00019822114325403784,embedding_pca
esmc_PC685,0.00019408196470200348,1.1640544848532948e-05,0.00019408196470200348,embedding_pca
esmc_PC686,0.00018601660229669638,1.0335819958799338e-05,0.00018601660229669638,embedding_pca
esmc_PC687,0.00019195908533845905,1.0695814157623895e-05,0.00019195908533845905,embedding_pca
esmc_PC688,0.0001854704239338389,5.291497816848843e-06,0.0001854704239338389,embedding_pca
esmc_PC689,0.0001933870313890493,1.1212711548790097e-05,0.0001933870313890493,embedding_pca
esmc_PC690,0.00018575674389495922,1.1006550238780121e-05,0.00018575674389495922,embedding_pca
esmc_PC691,0.0001909509758879966,8.91075463174242e-06,0.0001909509758879966,embedding_pca
esmc_PC692,0.00017971953325380977,6.145519320140167e-06,0.00017971953325380977,embedding_pca
esmc_PC693,0.00018643315651080424,8.412721986753731e-06,0.00018643315651080424,embedding_pca
esmc_PC694,0.000179857507029841,1.1134606944754896e-05,0.000179857507029841,embedding_pca
esmc_PC695,0.00019327325370060126,8.990551150403759e-06,0.00019327325370060126,embedding_pca
esmc_PC696,0.00018984384381631132,9.016029878141332e-06,0.00018984384381631132,embedding_pca
esmc_PC697,0.0001863896084413766,1.1126410486429444e-05,0.0001863896084413766,embedding_pca
esmc_PC698,0.00018285976662753837,5.707434228336188e-06,0.00018285976662753837,embedding_pca
esmc_PC699,0.00018532038383889756,9.22504816634289e-06,0.00018532038383889756,embedding_pca
esmc_PC700,0.00018787717510292983,1.0440596448005406e-05,0.00018787717510292983,embedding_pca
esmc_PC701,0.00019545671968969873,9.096056425675607e-06,0.00019545671968969873,embedding_pca
esmc_PC702,0.0001866069689269888,9.171709384912812e-06,0.0001866069689269888,embedding_pca
esmc_PC703,0.00018864417517280057,1.237518213458955e-05,0.00018864417517280057,embedding_pca
esmc_PC704,0.0001900536104337997,6.4620385317225354e-06,0.0001900536104337997,embedding_pca
esmc_PC705,0.00018008549773265714,6.971759948674247e-06,0.00018008549773265714,embedding_pca
esmc_PC706,0.00019244447386991147,9.263157275894657e-06,0.00019244447386991147,embedding_pca
esmc_PC707,0.0001874494866095188,3.987387259390171e-06,0.0001874494866095188,embedding_pca
esmc_PC708,0.0001854557910037946,9.974206594410417e-06,0.0001854557910037946,embedding_pca
esmc_PC709,0.00018819177809794606,1.6657316151686455e-06,0.00018819177809794606,embedding_pca
esmc_PC710,0.00018516794845983283,8.219178118302805e-06,0.00018516794845983283,embedding_pca
esmc_PC711,0.00018309483871329797,5.877221443288865e-06,0.00018309483871329797,embedding_pca
esmc_PC712,0.0001859493330324996,5.063129273394428e-06,0.0001859493330324996,embedding_pca
esmc_PC713,0.0001820379590167067,9.830930204048216e-06,0.0001820379590167067,embedding_pca
esmc_PC714,0.00018301189949859338,8.024627692824675e-06,0.00018301189949859338,embedding_pca
esmc_PC715,0.00018856427077155964,5.848216790216364e-06,0.00018856427077155964,embedding_pca
esmc_PC716,0.00019133600825082622,5.7072525290746164e-06,0.00019133600825082622,embedding_pca
esmc_PC717,0.00018364106013567298,1.1589053842187546e-05,0.00018364106013567298,embedding_pca
esmc_PC718,0.00018384165241351147,1.6530594217125005e-05,0.00018384165241351147,embedding_pca
esmc_PC719,0.0001892075579336303,7.618302537879979e-06,0.0001892075579336303,embedding_pca
esmc_PC720,0.0001900216276627531,1.4057133751786413e-05,0.0001900216276627531,embedding_pca
esmc_PC721,0.00018523614054624112,1.392162271680055e-05,0.00018523614054624112,embedding_pca
esmc_PC722,0.00018605099894014764,1.1542107064453776e-05,0.00018605099894014764,embedding_pca
esmc_PC723,0.0001836048716225486,6.1576912558595145e-06,0.0001836048716225486,embedding_pca
esmc_PC724,0.00018595838142383374,5.355861708710617e-06,0.00018595838142383374,embedding_pca
esmc_PC725,0.0001894242398884069,2.074969371900019e-06,0.0001894242398884069,embedding_pca
esmc_PC726,0.0001767786339754997,6.983735062281529e-06,0.0001767786339754997,embedding_pca
esmc_PC727,0.00018815566329821994,1.1332753231421274e-05,0.00018815566329821994,embedding_pca
esmc_PC728,0.00018111187187515142,7.595844204047703e-06,0.00018111187187515142,embedding_pca
esmc_PC729,0.00018183746909265696,1.0528692359276605e-05,0.00018183746909265696,embedding_pca
esmc_PC730,0.00018168841962579464,4.901695754557211e-06,0.00018168841962579464,embedding_pca
esmc_PC731,0.0001866149896680748,8.748938322041777e-06,0.0001866149896680748,embedding_pca
esmc_PC732,0.00018587002414752624,9.269782751321095e-06,0.00018587002414752624,embedding_pca
esmc_PC733,0.00018230785767480318,1.0856623301325659e-05,0.00018230785767480318,embedding_pca
esmc_PC734,0.00018933021010340598,8.433205038662273e-06,0.00018933021010340598,embedding_pca
esmc_PC735,0.00019014882172794736,1.4877115666780024e-05,0.00019014882172794736,embedding_pca
esmc_PC736,0.0001843160975179368,1.1297342589536765e-05,0.0001843160975179368,embedding_pca
esmc_PC737,0.00018374931432556648,6.34485736311141e-06,0.00018374931432556648,embedding_pca
esmc_PC738,0.0001836510714654605,4.369205652435551e-06,0.0001836510714654605,embedding_pca
esmc_PC739,0.0001913017137149076,9.29681521982357e-06,0.0001913017137149076,embedding_pca
esmc_PC740,0.00018786721214984815,9.647509072626324e-06,0.00018786721214984815,embedding_pca
esmc_PC741,0.000190576779379739,3.2423487087662776e-06,0.000190576779379739,embedding_pca
esmc_PC742,0.0001907918024313152,5.4403262288543616e-06,0.0001907918024313152,embedding_pca
esmc_PC743,0.00018335675878126408,1.4523775600514104e-05,0.00018335675878126408,embedding_pca
esmc_PC744,0.00018800691598407467,1.0713730673985914e-05,0.00018800691598407467,embedding_pca
esmc_PC745,0.00018324664892031231,6.871288743868403e-06,0.00018324664892031231,embedding_pca
esmc_PC746,0.00018334555911479977,4.871354392211195e-06,0.00018334555911479977,embedding_pca
esmc_PC747,0.0001866807195298231,8.406790696277933e-06,0.0001866807195298231,embedding_pca
esmc_PC748,0.00018953919241027078,1.090005112195427e-05,0.00018953919241027078,embedding_pca
esmc_PC749,0.00018929930559541744,5.891112203302515e-06,0.00018929930559541744,embedding_pca
esmc_PC750,0.00018197372593721538,1.3355981510860424e-05,0.00018197372593721538,embedding_pca
esmc_PC751,0.00018768506816331225,8.33608869113924e-06,0.00018768506816331225,embedding_pca
esmc_PC752,0.0001850952687188947,6.664727011045434e-06,0.0001850952687188947,embedding_pca
esmc_PC753,0.00018470482043890648,7.766616802807693e-06,0.00018470482043890648,embedding_pca
esmc_PC754,0.00018925908683151008,1.3695247820081944e-05,0.00018925908683151008,embedding_pca
esmc_PC755,0.00018988685123008209,9.129005594295543e-06,0.00018988685123008209,embedding_pca
esmc_PC756,0.00019118012500560878,9.580390213711529e-06,0.00019118012500560878,embedding_pca
esmc_PC757,0.00018487749979784874,7.16982811851998e-06,0.00018487749979784874,embedding_pca
esmc_PC758,0.00019035188556284,1.4492386587645582e-05,0.00019035188556284,embedding_pca
esmc_PC759,0.0001750879598279576,8.529178299707807e-06,0.0001750879598279576,embedding_pca
esmc_PC760,0.00018689174182199571,1.3427251179872797e-05,0.00018689174182199571,embedding_pca
esmc_PC761,0.00018692367477247848,6.591558698288097e-06,0.00018692367477247848,embedding_pca
esmc_PC762,0.000181650816268772,6.732577141451614e-06,0.000181650816268772,embedding_pca
esmc_PC763,0.00018338752489234015,1.0175545026563301e-05,0.00018338752489234015,embedding_pca
esmc_PC764,0.00017713350416721432,8.952142907971989e-06,0.00017713350416721432,embedding_pca
esmc_PC765,0.00018980271933963618,1.4566600456866314e-05,0.00018980271933963618,embedding_pca
esmc_PC766,0.00017304014017073595,1.1028260398978097e-05,0.00017304014017073595,embedding_pca
esmc_PC767,0.00019197340202771305,1.1488311610973005e-05,0.00019197340202771305,embedding_pca
esmc_PC768,0.0001899864959413295,6.072156803492874e-06,0.0001899864959413295,embedding_pca
esmc_PC769,0.00018477651762113939,4.615373933969231e-06,0.00018477651762113939,embedding_pca
esmc_PC770,0.0001816023304159682,7.945559866197366e-06,0.0001816023304159682,embedding_pca
esmc_PC771,0.00018551356635719568,8.412966449760039e-06,0.00018551356635719568,embedding_pca
esmc_PC772,0.0001875976113468103,6.854311450189659e-06,0.0001875976113468103,embedding_pca
esmc_PC773,0.00017920204741563126,1.0669672019338588e-05,0.00017920204741563126,embedding_pca
esmc_PC774,0.00018757526377149238,4.875349970137176e-06,0.00018757526377149238,embedding_pca
esmc_PC775,0.00019017847164661043,8.153910942799052e-06,0.00019017847164661043,embedding_pca
esmc_PC776,0.00018736087872454752,5.902606963082698e-06,0.00018736087872454752,embedding_pca
esmc_PC777,0.0001789857962173646,5.351765591743037e-06,0.0001789857962173646,embedding_pca
esmc_PC778,0.00018091666975587626,7.41433128012675e-06,0.00018091666975587626,embedding_pca
esmc_PC779,0.00017818408745933785,7.2426552535655795e-06,0.00017818408745933785,embedding_pca
esmc_PC780,0.00018684774987571545,9.532766077226611e-06,0.00018684774987571545,embedding_pca
esmc_PC781,0.0001824799420715668,6.721352765251716e-06,0.0001824799420715668,embedding_pca
esmc_PC782,0.00017968207960723502,6.849632071581829e-06,0.00017968207960723502,embedding_pca
esmc_PC783,0.00018729911878758514,1.313438534709716e-05,0.00018729911878758514,embedding_pca
esmc_PC784,0.00018651814456879925,2.3458095669358226e-06,0.00018651814456879925,embedding_pca
esmc_PC785,0.00017840827647937142,1.0593000598400449e-05,0.00017840827647937142,embedding_pca
esmc_PC786,0.00018143685139880512,5.717793799939551e-06,0.00018143685139880512,embedding_pca
esmc_PC787,0.0001807951799726623,1.3083292058424842e-05,0.0001807951799726623,embedding_pca
esmc_PC788,0.00018090144506983447,5.473632336875552e-06,0.00018090144506983447,embedding_pca
esmc_PC789,0.0001810015677272958,8.238754557822256e-06,0.0001810015677272958,embedding_pca
esmc_PC790,0.00018444504724911124,1.0338775129857008e-05,0.00018444504724911124,embedding_pca
esmc_PC791,0.0001860176792619803,5.071167729841609e-06,0.0001860176792619803,embedding_pca
esmc_PC792,0.00019321703238808066,7.07958288793906e-06,0.00019321703238808066,embedding_pca
esmc_PC793,0.0001959445545138124,2.1776589400894227e-05,0.0001959445545138124,embedding_pca
esmc_PC794,0.00018418551909265337,1.0350710385815316e-05,0.00018418551909265337,embedding_pca
esmc_PC795,0.00019055058775638569,5.977898716515658e-06,0.00019055058775638569,embedding_pca
esmc_PC796,0.00019612470746226482,4.5178970178660176e-06,0.00019612470746226482,embedding_pca
esmc_PC797,0.00019167636426934938,1.541687612605755e-05,0.00019167636426934938,embedding_pca
esmc_PC798,0.00018531724190074594,1.072838874524919e-05,0.00018531724190074594,embedding_pca
esmc_PC799,0.0001887839138584154,1.3875631797639596e-05,0.0001887839138584154,embedding_pca
esmc_PC800,0.00018376833340513898,8.551022221146677e-06,0.00018376833340513898,embedding_pca
esmc_PC801,0.00018288062362446125,6.578525645771687e-06,0.00018288062362446125,embedding_pca
esmc_PC802,0.00018488849693999598,6.922882997771312e-06,0.00018488849693999598,embedding_pca
esmc_PC803,0.00019222815207419548,1.0656472679082137e-05,0.00019222815207419548,embedding_pca
esmc_PC804,0.0001836356487468383,8.849414766029533e-06,0.0001836356487468383,embedding_pca
esmc_PC805,0.00018654920630568891,5.857569495112905e-06,0.00018654920630568891,embedding_pca
esmc_PC806,0.0001885254197583508,7.3090238383903315e-06,0.0001885254197583508,embedding_pca
esmc_PC807,0.00018620830990355252,6.953416275810098e-06,0.00018620830990355252,embedding_pca
esmc_PC808,0.00017966619863726022,6.7475356379329075e-06,0.00017966619863726022,embedding_pca
esmc_PC809,0.00017375894157023252,7.966590365769793e-06,0.00017375894157023252,embedding_pca
esmc_PC810,0.00018672436523367434,9.389582515995775e-06,0.00018672436523367434,embedding_pca
esmc_PC811,0.0001864870507351806,1.3252613874013064e-05,0.0001864870507351806,embedding_pca
esmc_PC812,0.00019352537836310292,7.57698145986996e-06,0.00019352537836310292,embedding_pca
esmc_PC813,0.0001866379560065415,6.852823170120938e-06,0.0001866379560065415,embedding_pca
esmc_PC814,0.00018154673945176407,9.704767891310147e-06,0.00018154673945176407,embedding_pca
esmc_PC815,0.00018856212509679805,1.5014932190523527e-05,0.00018856212509679805,embedding_pca
esmc_PC816,0.00018711947358390025,3.99131913911826e-06,0.00018711947358390025,embedding_pca
esmc_PC817,0.0001791378095553293,8.49527416164749e-06,0.0001791378095553293,embedding_pca
esmc_PC818,0.00019189188708633153,6.5309680723041865e-06,0.00019189188708633153,embedding_pca
esmc_PC819,0.00018374596718680653,9.793085870457034e-06,0.00018374596718680653,embedding_pca
esmc_PC820,0.000185018505033152,8.106875916262998e-06,0.000185018505033152,embedding_pca
esmc_PC821,0.00018356461639951394,1.009207122454974e-05,0.00018356461639951394,embedding_pca
esmc_PC822,0.00018099738534011362,6.3275898882295145e-06,0.00018099738534011362,embedding_pca
esmc_PC823,0.00018477959241834787,4.34448041018877e-06,0.00018477959241834787,embedding_pca
esmc_PC824,0.0001821410415174785,4.88880220669308e-06,0.0001821410415174785,embedding_pca
esmc_PC825,0.0001965091912282273,7.523246868075977e-06,0.0001965091912282273,embedding_pca
esmc_PC826,0.0001887754997308235,8.616786906322032e-06,0.0001887754997308235,embedding_pca
esmc_PC827,0.00017483578157663797,8.621021921468102e-06,0.00017483578157663797,embedding_pca
esmc_PC828,0.000183814220032308,6.840097126384771e-06,0.000183814220032308,embedding_pca
esmc_PC829,0.00019323415709646257,4.055114047916226e-06,0.00019323415709646257,embedding_pca
esmc_PC830,0.00018610118923685284,1.2075330694529005e-05,0.00018610118923685284,embedding_pca
esmc_PC831,0.00018484845525791287,4.016944249248573e-06,0.00018484845525791287,embedding_pca
esmc_PC832,0.00019000865369791313,8.47505688776344e-06,0.00019000865369791313,embedding_pca
esmc_PC833,0.00018289797541191276,4.21449372855589e-06,0.00018289797541191276,embedding_pca
esmc_PC834,0.00018869592520174557,6.392374930295184e-06,0.00018869592520174557,embedding_pca
esmc_PC835,0.00018324260720240117,1.0790489407350148e-05,0.00018324260720240117,embedding_pca
esmc_PC836,0.00017758741325360833,8.018040216757139e-06,0.00017758741325360833,embedding_pca
esmc_PC837,0.00018354431436965786,3.975838822539166e-06,0.00018354431436965786,embedding_pca
esmc_PC838,0.00018165476641301436,6.200168559692784e-06,0.00018165476641301436,embedding_pca
esmc_PC839,0.00018210938060912485,9.824517640436259e-06,0.00018210938060912485,embedding_pca
esmc_PC840,0.00018992928375822845,1.5328774836267647e-05,0.00018992928375822845,embedding_pca
esmc_PC841,0.00018435352882008237,1.0691821608677246e-05,0.00018435352882008237,embedding_pca
esmc_PC842,0.00018752836160315672,5.6420325419783854e-06,0.00018752836160315672,embedding_pca
esmc_PC843,0.0001850973899271123,1.2514535527320464e-05,0.0001850973899271123,embedding_pca
esmc_PC844,0.00018612038147536986,4.440845707352888e-06,0.00018612038147536986,embedding_pca
esmc_PC845,0.00018435598714350895,1.5555705832137816e-05,0.00018435598714350895,embedding_pca
esmc_PC846,0.00018491971369269663,1.1130179082869646e-05,0.00018491971369269663,embedding_pca
esmc_PC847,0.00018122614541695302,9.086150529550016e-06,0.00018122614541695302,embedding_pca
esmc_PC848,0.00017920395820322348,1.2030359829259776e-05,0.00017920395820322348,embedding_pca
esmc_PC849,0.00019159554536153886,7.756941765942295e-06,0.00019159554536153886,embedding_pca
esmc_PC850,0.00018788062471647375,1.0799290450418228e-05,0.00018788062471647375,embedding_pca
esmc_PC851,0.00018980377558957593,9.336837276464418e-06,0.00018980377558957593,embedding_pca
esmc_PC852,0.00018570516821535819,1.0265068682501778e-05,0.00018570516821535819,embedding_pca
esmc_PC853,0.0001886173046313501,4.5031773697095204e-06,0.0001886173046313501,embedding_pca
esmc_PC854,0.00018197741294260776,3.2090403410005796e-06,0.00018197741294260776,embedding_pca
esmc_PC855,0.00019101176064337708,8.517600433252643e-06,0.00019101176064337708,embedding_pca
esmc_PC856,0.00018366156592023467,1.0078899089449054e-05,0.00018366156592023467,embedding_pca
esmc_PC857,0.00019309015797710092,5.4013682713032525e-06,0.00019309015797710092,embedding_pca
esmc_PC858,0.00018113956979070087,1.1019113418580997e-05,0.00018113956979070087,embedding_pca
esmc_PC859,0.0001796121406569795,8.1288803546705e-06,0.0001796121406569795,embedding_pca
esmc_PC860,0.0001891298089310476,9.469778285635178e-06,0.0001891298089310476,embedding_pca
esmc_PC861,0.00018539606028130748,1.094208888163797e-05,0.00018539606028130748,embedding_pca
esmc_PC862,0.00018690877738413597,1.1383328462711017e-05,0.00018690877738413597,embedding_pca
esmc_PC863,0.0001932227804405682,1.7294460495217568e-05,0.0001932227804405682,embedding_pca
esmc_PC864,0.00018439077420491384,9.412133717120215e-06,0.00018439077420491384,embedding_pca
esmc_PC865,0.00019307282791315182,3.2741997990237357e-06,0.00019307282791315182,embedding_pca
esmc_PC866,0.00018278027960038,5.470890743721226e-06,0.00018278027960038,embedding_pca
esmc_PC867,0.00018946167026011616,5.1848087303542216e-06,0.00018946167026011616,embedding_pca
esmc_PC868,0.00019351498606633147,6.505197560543274e-06,0.00019351498606633147,embedding_pca
esmc_PC869,0.0001833588469978545,5.346638405975666e-06,0.0001833588469978545,embedding_pca
esmc_PC870,0.0001917261419091593,6.908170186190457e-06,0.0001917261419091593,embedding_pca
esmc_PC871,0.00018454070673073306,1.0457337675804292e-05,0.00018454070673073306,embedding_pca
esmc_PC872,0.00018323671498724184,5.329699427332625e-06,0.00018323671498724184,embedding_pca
esmc_PC873,0.00018173404579998435,9.190579171317261e-06,0.00018173404579998435,embedding_pca
esmc_PC874,0.00019260177504606472,9.730179767365197e-06,0.00019260177504606472,embedding_pca
esmc_PC875,0.00018448334302387302,5.426083771484876e-06,0.00018448334302387302,embedding_pca
esmc_PC876,0.00018473607056773177,8.168405226415759e-06,0.00018473607056773177,embedding_pca
esmc_PC877,0.00018817726725358651,8.76587012710665e-06,0.00018817726725358651,embedding_pca
esmc_PC878,0.00018355049673761506,1.1134044887556124e-05,0.00018355049673761506,embedding_pca
esmc_PC879,0.00018487492360877872,5.722107665613628e-06,0.00018487492360877872,embedding_pca
esmc_PC880,0.00018868791983614298,1.672347059722192e-05,0.00018868791983614298,embedding_pca
esmc_PC881,0.00019367859055683846,9.656690124122236e-06,0.00019367859055683846,embedding_pca
esmc_PC882,0.0001800678994015157,1.3585325649956233e-05,0.0001800678994015157,embedding_pca
esmc_PC883,0.00018432308759374721,1.1287855679733524e-05,0.00018432308759374721,embedding_pca
esmc_PC884,0.00018662407144789015,4.456377434379768e-06,0.00018662407144789015,embedding_pca
esmc_PC885,0.00018855148026418746,9.816797434596722e-06,0.00018855148026418746,embedding_pca
esmc_PC886,0.00018894639171311364,6.156863140951555e-06,0.00018894639171311364,embedding_pca
esmc_PC887,0.00017899999479739894,5.876109566707461e-06,0.00017899999479739894,embedding_pca
esmc_PC888,0.0001944555158227895,5.946490755272943e-06,0.0001944555158227895,embedding_pca
esmc_PC889,0.00017935455155255892,7.419248404079131e-06,0.00017935455155255892,embedding_pca
esmc_PC890,0.0001835619557786148,1.1707691205761931e-05,0.0001835619557786148,embedding_pca
esmc_PC891,0.0001811515102330225,7.0107937564148035e-06,0.0001811515102330225,embedding_pca
esmc_PC892,0.00018205856171157078,8.793324306913166e-06,0.00018205856171157078,embedding_pca
esmc_PC893,0.00018069561179596773,8.253836638771243e-06,0.00018069561179596773,embedding_pca
esmc_PC894,0.00017976299453062097,9.340885054721135e-06,0.00017976299453062097,embedding_pca
esmc_PC895,0.00018883991185361727,7.753449607920564e-06,0.00018883991185361727,embedding_pca
esmc_PC896,0.00018548957222636324,1.341107518930979e-05,0.00018548957222636324,embedding_pca
esmc_PC897,0.00017554733560243217,1.0016835598594262e-05,0.00017554733560243217,embedding_pca
esmc_PC898,0.00018247261060462587,8.89610299762822e-06,0.00018247261060462587,embedding_pca
esmc_PC899,0.00018284800476369464,1.553559940419574e-05,0.00018284800476369464,embedding_pca
esmc_PC900,0.00018718170676211083,6.360765548699975e-06,0.00018718170676211083,embedding_pca
esmc_PC901,0.00018193099849056311,5.430943244353822e-06,0.00018193099849056311,embedding_pca
esmc_PC902,0.00018548413219667069,3.456538064314075e-06,0.00018548413219667069,embedding_pca
esmc_PC903,0.00019779230661481074,9.043117637226284e-06,0.00019779230661481074,embedding_pca
esmc_PC904,0.00018380708384252133,8.639035360845638e-06,0.00018380708384252133,embedding_pca
esmc_PC905,0.00018498348803600728,6.94936770845375e-06,0.00018498348803600728,embedding_pca
esmc_PC906,0.0001915232001860617,1.1152978413551993e-05,0.0001915232001860617,embedding_pca
esmc_PC907,0.00018396387907025053,1.6916509477590357e-05,0.00018396387907025053,embedding_pca
esmc_PC908,0.00018878229282083748,6.025925423445948e-06,0.00018878229282083748,embedding_pca
esmc_PC909,0.0001872055653885266,1.0296001460252163e-05,0.0001872055653885266,embedding_pca
esmc_PC910,0.00018341450927591925,9.366998656822476e-06,0.00018341450927591925,embedding_pca
esmc_PC911,0.00019021607782660076,9.324864974396315e-06,0.00019021607782660076,embedding_pca
esmc_PC912,0.00018917995172393757,7.445663170115813e-06,0.00018917995172393757,embedding_pca
esmc_PC913,0.00018901359385858012,9.07692418139225e-06,0.00018901359385858012,embedding_pca
esmc_PC914,0.00018319532562599474,2.4760029362305833e-06,0.00018319532562599474,embedding_pca
esmc_PC915,0.00017970782039551693,6.613653356000591e-06,0.00017970782039551693,embedding_pca
esmc_PC916,0.00018511341839436293,8.476685869840865e-06,0.00018511341839436293,embedding_pca
esmc_PC917,0.00019125136001160492,1.5155851331986298e-05,0.00019125136001160492,embedding_pca
esmc_PC918,0.00018322851579360324,4.7694808565424e-06,0.00018322851579360324,embedding_pca
esmc_PC919,0.00019100441960939445,7.870470299578159e-06,0.00019100441960939445,embedding_pca
esmc_PC920,0.0001839236473030807,3.5752700875307076e-06,0.0001839236473030807,embedding_pca
esmc_PC921,0.00018800894807790747,9.278287582638787e-06,0.00018800894807790747,embedding_pca
esmc_PC922,0.000184060155469955,1.0907327326398358e-05,0.000184060155469955,embedding_pca
esmc_PC923,0.00018663686845974705,9.296841491625793e-06,0.00018663686845974705,embedding_pca
esmc_PC924,0.0001754693869664335,3.4697063973972036e-06,0.0001754693869664335,embedding_pca
esmc_PC925,0.00019526970334925368,1.121653310075154e-05,0.00019526970334925368,embedding_pca
esmc_PC926,0.00018859784469042235,9.12877213391779e-06,0.00018859784469042235,embedding_pca
esmc_PC927,0.00018460116752978996,7.538927826260843e-06,0.00018460116752978996,embedding_pca
esmc_PC928,0.0001893410594434869,2.548860027022507e-06,0.0001893410594434869,embedding_pca
esmc_PC929,0.0001895055010715393,1.004890308548042e-05,0.0001895055010715393,embedding_pca
esmc_PC930,0.00018272438364506368,1.0243990600057091e-05,0.00018272438364506368,embedding_pca
esmc_PC931,0.00018038424813467466,1.4442244398432363e-05,0.00018038424813467466,embedding_pca
esmc_PC932,0.00018628458445847177,6.672760755552668e-06,0.00018628458445847177,embedding_pca
esmc_PC933,0.00018520342194862515,2.9839016941439955e-06,0.00018520342194862515,embedding_pca
esmc_PC934,0.0001879670005351066,7.306790161617134e-06,0.0001879670005351066,embedding_pca
esmc_PC935,0.0001899190301150047,4.961196417384549e-06,0.0001899190301150047,embedding_pca
esmc_PC936,0.00018020941561684616,6.9061887028610665e-06,0.00018020941561684616,embedding_pca
esmc_PC937,0.00019392517853489163,4.730071999497675e-06,0.00019392517853489163,embedding_pca
esmc_PC938,0.00019245917321643842,1.2630081328792196e-05,0.00019245917321643842,embedding_pca
esmc_PC939,0.00019074183108033923,9.183647406203986e-06,0.00019074183108033923,embedding_pca
esmc_PC940,0.00018047227804430981,6.208074177190042e-06,0.00018047227804430981,embedding_pca
esmc_PC941,0.00018131743481593804,6.054339706086222e-06,0.00018131743481593804,embedding_pca
esmc_PC942,0.00018667750100576024,8.55936237575984e-06,0.00018667750100576024,embedding_pca
esmc_PC943,0.00018212316613882236,1.2777757590235274e-05,0.00018212316613882236,embedding_pca
esmc_PC944,0.0001796278107470189,9.13300667609065e-06,0.0001796278107470189,embedding_pca
esmc_PC945,0.00018469464425841387,1.0414175126165318e-05,0.00018469464425841387,embedding_pca
esmc_PC946,0.00017563262715226572,6.3676952995041235e-06,0.00017563262715226572,embedding_pca
esmc_PC947,0.00017283627235430675,7.904089347497389e-06,0.00017283627235430675,embedding_pca
esmc_PC948,0.00018819389670241747,9.265106973026318e-06,0.00018819389670241747,embedding_pca
esmc_PC949,0.00017916075757861758,6.480745132881408e-06,0.00017916075757861758,embedding_pca
esmc_PC950,0.000186657123254883,7.745684631530656e-06,0.000186657123254883,embedding_pca
esmc_PC951,0.00018686993782019015,7.775929285888282e-06,0.00018686993782019015,embedding_pca
esmc_PC952,0.00018605544249280303,7.37215750701944e-06,0.00018605544249280303,embedding_pca
esmc_PC953,0.00019230748446787485,1.3037282772391994e-05,0.00019230748446787485,embedding_pca
esmc_PC954,0.00018349304836077132,8.751792000120192e-06,0.00018349304836077132,embedding_pca
esmc_PC955,0.00018557765276553878,1.7170042212284185e-05,0.00018557765276553878,embedding_pca
esmc_PC956,0.00017242264764309192,1.19893017230427e-05,0.00017242264764309192,embedding_pca
esmc_PC957,0.0001826522183352222,1.113628899260089e-05,0.0001826522183352222,embedding_pca
esmc_PC958,0.0001864585196513364,1.45051840796603e-05,0.0001864585196513364,embedding_pca
esmc_PC959,0.00018296402123796707,8.823690832889751e-06,0.00018296402123796707,embedding_pca
esmc_PC960,0.00017920296365969124,1.5046763009826231e-05,0.00017920296365969124,embedding_pca
esmc_PC961,0.00018477743280495437,8.541166533249352e-06,0.00018477743280495437,embedding_pca
esmc_PC962,0.0001801719458625199,6.637811375039157e-06,0.0001801719458625199,embedding_pca
esmc_PC963,0.00017227340284009225,1.0818587367184847e-05,0.00017227340284009225,embedding_pca
esmc_PC964,0.00018083529362265634,7.866811346487933e-06,0.00018083529362265634,embedding_pca
esmc_PC965,0.00019040034931201176,1.8813163157040762e-05,0.00019040034931201176,embedding_pca
esmc_PC966,0.00019296255030618173,1.0493951844558761e-05,0.00019296255030618173,embedding_pca
esmc_PC967,0.0001859079574413148,1.113138855619195e-05,0.0001859079574413148,embedding_pca
esmc_PC968,0.00019058993848610224,7.643595560591816e-06,0.00019058993848610224,embedding_pca
esmc_PC969,0.0001780789161582198,1.1116424744010959e-05,0.0001780789161582198,embedding_pca
esmc_PC970,0.00018494994839625368,1.2883585447712131e-05,0.00018494994839625368,embedding_pca
esmc_PC971,0.00018553567608323743,8.515719344971e-06,0.00018553567608323743,embedding_pca
esmc_PC972,0.00019254254866566902,4.867025323027427e-06,0.00019254254866566902,embedding_pca
esmc_PC973,0.00018089665869240802,6.43909710010896e-06,0.00018089665869240802,embedding_pca
esmc_PC974,0.00018361933143755236,6.849166166034553e-06,0.00018361933143755236,embedding_pca
esmc_PC975,0.00018493701915608984,9.369967652898132e-06,0.00018493701915608984,embedding_pca
esmc_PC976,0.00018137692810653506,1.2059023330499009e-05,0.00018137692810653506,embedding_pca
esmc_PC977,0.0001849797459239304,8.034264106129881e-06,0.0001849797459239304,embedding_pca
esmc_PC978,0.00018449383680594472,4.049807385574096e-06,0.00018449383680594472,embedding_pca
esmc_PC979,0.00018611218740457482,9.71290615705161e-06,0.00018611218740457482,embedding_pca
esmc_PC980,0.00018313359921282062,6.366648562972512e-06,0.00018313359921282062,embedding_pca
esmc_PC981,0.00018673111326253104,3.944188773488154e-06,0.00018673111326253104,embedding_pca
esmc_PC982,0.00018622468393403335,8.384674257084383e-06,0.00018622468393403335,embedding_pca
esmc_PC983,0.00018869877965599797,1.9420623189644793e-05,0.00018869877965599797,embedding_pca
esmc_PC984,0.00018574206655594123,1.1909863362061909e-05,0.00018574206655594123,embedding_pca
esmc_PC985,0.00019151886790964935,1.040649991006798e-05,0.00019151886790964935,embedding_pca
esmc_PC986,0.00018517800713454248,8.85707511301929e-06,0.00018517800713454248,embedding_pca
esmc_PC987,0.0001802447205724429,5.680620991988348e-06,0.0001802447205724429,embedding_pca
esmc_PC988,0.0001836705471637873,1.3456290189121208e-05,0.0001836705471637873,embedding_pca
esmc_PC989,0.00018138528317968397,1.134632709242241e-05,0.00018138528317968397,embedding_pca
esmc_PC990,0.00018513551715384314,8.691260824714459e-06,0.00018513551715384314,embedding_pca
esmc_PC991,0.00018265490511073715,1.164451908133802e-05,0.00018265490511073715,embedding_pca
esmc_PC992,0.00018175700654512707,1.1615014146545732e-05,0.00018175700654512707,embedding_pca
esmc_PC993,0.00018554856796646404,8.505045566055251e-06,0.00018554856796646404,embedding_pca
esmc_PC994,0.0001859417280035776,9.87096822783488e-06,0.0001859417280035776,embedding_pca
esmc_PC995,0.0001830880391746245,6.724175196855902e-06,0.0001830880391746245,embedding_pca
esmc_PC996,0.0001847114079342556,1.0735688554222738e-05,0.0001847114079342556,embedding_pca
esmc_PC997,0.00018240776730132034,1.3423867582979391e-05,0.00018240776730132034,embedding_pca
esmc_PC998,0.00018039228731685626,4.800352677447356e-06,0.00018039228731685626,embedding_pca
esmc_PC999,0.0001831504711107438,4.9074586970438005e-06,0.0001831504711107438,embedding_pca
esmc_PC1000,0.0001877050907006178,5.123625472847572e-06,0.0001877050907006178,embedding_pca
esmc_PC1001,0.00018405298914448012,1.1267105128215467e-05,0.00018405298914448012,embedding_pca
esmc_PC1002,0.00017779363447150163,6.237312238773665e-06,0.00017779363447150163,embedding_pca
esmc_PC1003,0.00018371497765073264,1.2045014423419443e-05,0.00018371497765073264,embedding_pca
esmc_PC1004,0.0001801210527354229,1.2168716914798364e-05,0.0001801210527354229,embedding_pca
esmc_PC1005,0.00019818072404820218,6.285627863526264e-06,0.00019818072404820218,embedding_pca
esmc_PC1006,0.00017912972204016207,1.2429511242651282e-05,0.00017912972204016207,embedding_pca
esmc_PC1007,0.00018312477537110253,1.6808366901167e-05,0.00018312477537110253,embedding_pca
esmc_PC1008,0.0001884783105953615,6.2609378239097025e-06,0.0001884783105953615,embedding_pca
esmc_PC1009,0.00018411229413079063,8.674385369193017e-06,0.00018411229413079063,embedding_pca
esmc_PC1010,0.00019343260975161503,7.596909318412871e-06,0.00019343260975161503,embedding_pca
esmc_PC1011,0.00018599561528860376,1.1718180485044165e-05,0.00018599561528860376,embedding_pca
esmc_PC1012,0.0001837132389297034,6.3399691087785694e-06,0.0001837132389297034,embedding_pca
esmc_PC1013,0.00017796057713177356,5.505950327230938e-06,0.00017796057713177356,embedding_pca
esmc_PC1014,0.00018471346748109152,8.934839832511583e-06,0.00018471346748109152,embedding_pca
esmc_PC1015,0.0001855962761726668,9.55123748018144e-06,0.0001855962761726668,embedding_pca
esmc_PC1016,0.00018537000386302277,1.0011045904952287e-05,0.00018537000386302277,embedding_pca
esmc_PC1017,0.00017930371899089795,1.0240532061889796e-05,0.00017930371899089795,embedding_pca
esmc_PC1018,0.0001867418142821854,6.141995075393121e-06,0.0001867418142821854,embedding_pca
esmc_PC1019,0.00018017114445549782,1.0320138251664197e-05,0.00018017114445549782,embedding_pca
esmc_PC1020,0.00019137211475079527,8.784074531685005e-06,0.00019137211475079527,embedding_pca
esmc_PC1021,0.00018793169170168772,9.46170025431537e-06,0.00018793169170168772,embedding_pca
esmc_PC1022,0.00018100361051026422,6.649066354813149e-06,0.00018100361051026422,embedding_pca
esmc_PC1023,0.0001848829513200948,8.142869859926354e-06,0.0001848829513200948,embedding_pca
esmc_PC1024,0.00018872610597408588,1.2131387131535741e-05,0.00018872610597408588,embedding_pca
esmc_PC1025,0.00018464119587289314,9.897934721679859e-06,0.00018464119587289314,embedding_pca
esmc_PC1026,0.0001815214332552099,1.4320502887790211e-05,0.0001815214332552099,embedding_pca
esmc_PC1027,0.00018052868481948506,1.1668859743357748e-05,0.00018052868481948506,embedding_pca
esmc_PC1028,0.00019209823069162897,8.832352322591855e-06,0.00019209823069162897,embedding_pca
esmc_PC1029,0.00018792037875023617,1.2788196272369041e-05,0.00018792037875023617,embedding_pca
esmc_PC1030,0.00018156985078994617,5.578315733338021e-06,0.00018156985078994617,embedding_pca
esmc_PC1031,0.00018913858429608617,4.194766818054297e-06,0.00018913858429608617,embedding_pca
esmc_PC1032,0.00017953293909151862,5.139698767006143e-06,0.00017953293909151862,embedding_pca
esmc_PC1033,0.0001833722253538278,1.3714778337769756e-05,0.0001833722253538278,embedding_pca
esmc_PC1034,0.00018573150018579544,4.381518854688098e-06,0.00018573150018579544,embedding_pca
esmc_PC1035,0.0001852598137946164,1.4585825477332795e-05,0.0001852598137946164,embedding_pca
esmc_PC1036,0.00018483076678906457,7.770077723316642e-06,0.00018483076678906457,embedding_pca
esmc_PC1037,0.00017824121451313777,2.182015424063221e-05,0.00017824121451313777,embedding_pca
esmc_PC1038,0.0001798688264537215,5.861894733778022e-06,0.0001798688264537215,embedding_pca
esmc_PC1039,0.00018502944902439665,8.843121211591198e-06,0.00018502944902439665,embedding_pca
esmc_PC1040,0.00018369339906208255,3.771657782318252e-06,0.00018369339906208255,embedding_pca
esmc_PC1041,0.00018333800587413366,1.1144230977867748e-05,0.00018333800587413366,embedding_pca
esmc_PC1042,0.00017914390988887937,5.419113263856686e-06,0.00017914390988887937,embedding_pca
esmc_PC1043,0.00017826606291529966,5.054813553335464e-06,0.00017826606291529966,embedding_pca
esmc_PC1044,0.0001803209522562863,5.427146025425022e-06,0.0001803209522562863,embedding_pca
esmc_PC1045,0.00018180131226335899,5.979230035822819e-06,0.00018180131226335899,embedding_pca
esmc_PC1046,0.00018294680654491014,6.487020452089779e-06,0.00018294680654491014,embedding_pca
esmc_PC1047,0.00018592577084840877,6.747809430411825e-06,0.00018592577084840877,embedding_pca
esmc_PC1048,0.00019031921847341616,6.410421838900812e-06,0.00019031921847341616,embedding_pca
esmc_PC1049,0.0001856904842871689,4.862161451633609e-06,0.0001856904842871689,embedding_pca
esmc_PC1050,0.00018632856972280735,8.549308951370616e-06,0.00018632856972280735,embedding_pca
esmc_PC1051,0.00018518638023006786,7.822684616370697e-06,0.00018518638023006786,embedding_pca
esmc_PC1052,0.0001851989554030863,1.2053362281912399e-05,0.0001851989554030863,embedding_pca
esmc_PC1053,0.00018460378181658799,6.34435809632793e-06,0.00018460378181658799,embedding_pca
esmc_PC1054,0.0001766600598728569,6.499264865758073e-06,0.0001766600598728569,embedding_pca
esmc_PC1055,0.00018445645598720752,6.447089008738512e-06,0.00018445645598720752,embedding_pca
esmc_PC1056,0.00017544239047054508,9.315838644653351e-06,0.00017544239047054508,embedding_pca
esmc_PC1057,0.00017964316816204148,7.783736077976108e-06,0.00017964316816204148,embedding_pca
esmc_PC1058,0.0001859361619041807,5.266025555220731e-06,0.0001859361619041807,embedding_pca
esmc_PC1059,0.0001842999248061868,1.1655809665660372e-05,0.0001842999248061868,embedding_pca
esmc_PC1060,0.00019124414717374693,6.9223291193673735e-06,0.00019124414717374693,embedding_pca
esmc_PC1061,0.00018877664394060305,1.4293478205565648e-05,0.00018877664394060305,embedding_pca
esmc_PC1062,0.0001823565847965654,7.95360720964114e-06,0.0001823565847965654,embedding_pca
esmc_PC1063,0.00018768784322284717,1.1722888653082272e-05,0.00018768784322284717,embedding_pca
esmc_PC1064,0.00018898149334049263,1.59349869102023e-05,0.00018898149334049263,embedding_pca
esmc_PC1065,0.00018035411942608363,9.208952743051208e-06,0.00018035411942608363,embedding_pca
esmc_PC1066,0.00018301774354197137,1.1313485137159371e-05,0.00018301774354197137,embedding_pca
esmc_PC1067,0.0001911375281044669,8.679446464018978e-06,0.0001911375281044669,embedding_pca
esmc_PC1068,0.00019151419628571148,3.943508088700395e-06,0.00019151419628571148,embedding_pca
esmc_PC1069,0.0001778786170278528,3.3827889692783106e-06,0.0001778786170278528,embedding_pca
esmc_PC1070,0.0001837843710475057,8.52177752444743e-06,0.0001837843710475057,embedding_pca
esmc_PC1071,0.00018631815908056495,7.864238146689536e-06,0.00018631815908056495,embedding_pca
esmc_PC1072,0.0001843512220833859,4.46239052662225e-06,0.0001843512220833859,embedding_pca
esmc_PC1073,0.00018157965055849032,8.037636444106094e-06,0.00018157965055849032,embedding_pca
esmc_PC1074,0.00018136393847532879,1.0697615077420272e-05,0.00018136393847532879,embedding_pca
esmc_PC1075,0.00018433815147670367,1.1380262696350256e-05,0.00018433815147670367,embedding_pca
esmc_PC1076,0.00018109123465331732,9.318286351586377e-06,0.00018109123465331732,embedding_pca
esmc_PC1077,0.00018314122940601597,4.732351456892319e-06,0.00018314122940601597,embedding_pca
esmc_PC1078,0.00018465895030204976,6.5000427759170405e-06,0.00018465895030204976,embedding_pca
esmc_PC1079,0.00018177729981678305,7.036933788642642e-06,0.00018177729981678305,embedding_pca
esmc_PC1080,0.00018103039870590127,5.2047723617587e-06,0.00018103039870590127,embedding_pca
esmc_PC1081,0.00018921832614088156,7.560088410313658e-06,0.00018921832614088156,embedding_pca
esmc_PC1082,0.00017730525000688244,1.0374166442629437e-05,0.00017730525000688244,embedding_pca
esmc_PC1083,0.00018500389910584212,1.3363276408742441e-05,0.00018500389910584212,embedding_pca
esmc_PC1084,0.00018424698271763594,7.777484768559786e-06,0.00018424698271763594,embedding_pca
esmc_PC1085,0.00018562131196370353,4.864593563418297e-06,0.00018562131196370353,embedding_pca
esmc_PC1086,0.00018156851427208014,6.625845361831872e-06,0.00018156851427208014,embedding_pca
esmc_PC1087,0.00018631306838470774,6.362890094505715e-06,0.00018631306838470774,embedding_pca
esmc_PC1088,0.00018308945800901347,8.211843982544964e-06,0.00018308945800901347,embedding_pca
esmc_PC1089,0.00018480184165001575,3.886927700786e-06,0.00018480184165001575,embedding_pca
esmc_PC1090,0.00019180793818929587,8.165044230595419e-06,0.00019180793818929587,embedding_pca
esmc_PC1091,0.00018028955276734365,8.394474083125687e-06,0.00018028955276734365,embedding_pca
esmc_PC1092,0.0001815429657967732,1.0412650056052964e-05,0.0001815429657967732,embedding_pca
esmc_PC1093,0.00018304838448224414,1.1769548697112974e-05,0.00018304838448224414,embedding_pca
esmc_PC1094,0.00017913547356333037,1.1468199298624642e-05,0.00017913547356333037,embedding_pca
esmc_PC1095,0.00019034146448234217,9.235941079804359e-06,0.00019034146448234217,embedding_pca
esmc_PC1096,0.0001770442333524275,1.1992693740625592e-05,0.0001770442333524275,embedding_pca
esmc_PC1097,0.00018109028116707385,4.938729304302874e-06,0.00018109028116707385,embedding_pca
esmc_PC1098,0.00018101043816911897,9.005953740955728e-06,0.00018101043816911897,embedding_pca
esmc_PC1099,0.0001957584746422604,9.485082423061984e-06,0.0001957584746422604,embedding_pca
esmc_PC1100,0.00019095860658642995,1.5117647617933804e-05,0.00019095860658642995,embedding_pca
esmc_PC1101,0.00018153810982819206,4.429175354182894e-06,0.00018153810982819206,embedding_pca
esmc_PC1102,0.00018360917760492707,9.820566744556266e-06,0.00018360917760492707,embedding_pca
esmc_PC1103,0.00017777115690207964,1.2305837126283755e-05,0.00017777115690207964,embedding_pca
esmc_PC1104,0.00018640485698352731,1.0462868540790337e-05,0.00018640485698352731,embedding_pca
esmc_PC1105,0.0001843083530827395,5.647480369957516e-06,0.0001843083530827395,embedding_pca
esmc_PC1106,0.0001835448135028743,1.3827751380517408e-05,0.0001835448135028743,embedding_pca
esmc_PC1107,0.00017374732003222403,1.129580943659774e-05,0.00017374732003222403,embedding_pca
esmc_PC1108,0.000178964093047839,5.280004140613351e-06,0.000178964093047839,embedding_pca
esmc_PC1109,0.00018484822306706787,4.949186402218263e-06,0.00018484822306706787,embedding_pca
esmc_PC1110,0.00018094330675093778,6.781264753233797e-06,0.00018094330675093778,embedding_pca
esmc_PC1111,0.00017797094988400644,7.0228183505689925e-06,0.00017797094988400644,embedding_pca
esmc_PC1112,0.00018471469448055707,5.913283938649822e-06,0.00018471469448055707,embedding_pca
esmc_PC1113,0.0001812740182729999,8.39277206303793e-06,0.0001812740182729999,embedding_pca
esmc_PC1114,0.0001838789574631115,1.0645082711635513e-05,0.0001838789574631115,embedding_pca
esmc_PC1115,0.00017772572772131848,7.031277617770555e-06,0.00017772572772131848,embedding_pca
esmc_PC1116,0.0001769386332013306,6.454598972466113e-06,0.0001769386332013306,embedding_pca
esmc_PC1117,0.00017843119290661774,5.606080595159784e-06,0.00017843119290661774,embedding_pca
esmc_PC1118,0.0001771551336116507,5.93758312221367e-06,0.0001771551336116507,embedding_pca
esmc_PC1119,0.00018020106752558796,6.5041758545056365e-06,0.00018020106752558796,embedding_pca
esmc_PC1120,0.0001770159263722551,9.881320478665252e-06,0.0001770159263722551,embedding_pca
esmc_PC1121,0.00018116331637753382,6.758995772725604e-06,0.00018116331637753382,embedding_pca
esmc_PC1122,0.00018521858674217518,8.413239134315029e-06,0.00018521858674217518,embedding_pca
esmc_PC1123,0.00018775711122251637,7.268341109154582e-06,0.00018775711122251637,embedding_pca
esmc_PC1124,0.00017951962063381206,6.3705609813389075e-06,0.00017951962063381206,embedding_pca
esmc_PC1125,0.0001853325405111115,7.748714054078137e-06,0.0001853325405111115,embedding_pca
esmc_PC1126,0.00018363250692412383,3.2032557112055366e-06,0.00018363250692412383,embedding_pca
esmc_PC1127,0.0001769471830465089,7.845639716124715e-06,0.0001769471830465089,embedding_pca
esmc_PC1128,0.00018388244556448192,7.454362109809245e-06,0.00018388244556448192,embedding_pca
esmc_PC1129,0.00018879417914589546,7.806897532171368e-06,0.00018879417914589546,embedding_pca
esmc_PC1130,0.00018814731278145145,6.887958948985551e-06,0.00018814731278145145,embedding_pca
esmc_PC1131,0.00017756692500320352,5.18101722277447e-06,0.00017756692500320352,embedding_pca
esmc_PC1132,0.00017966861693940187,7.62798356494216e-06,0.00017966861693940187,embedding_pca
esmc_PC1133,0.00018079838980534062,5.389382234989266e-06,0.00018079838980534062,embedding_pca
esmc_PC1134,0.00017640876296346012,1.215726721294401e-05,0.00017640876296346012,embedding_pca
esmc_PC1135,0.00018932495092106242,4.478428966358758e-06,0.00018932495092106242,embedding_pca
esmc_PC1136,0.0001820214164607861,1.0661928427532728e-05,0.0001820214164607861,embedding_pca
esmc_PC1137,0.00018108821841219405,2.473206966879889e-06,0.00018108821841219405,embedding_pca
esmc_PC1138,0.00018102383780254825,1.3057822342215484e-05,0.00018102383780254825,embedding_pca
esmc_PC1139,0.00018824211230220115,9.768212794365147e-06,0.00018824211230220115,embedding_pca
esmc_PC1140,0.00017798086579208868,1.1965903836772038e-05,0.00017798086579208868,embedding_pca
esmc_PC1141,0.000183781757812775,1.4687517773412455e-05,0.000183781757812775,embedding_pca
esmc_PC1142,0.0001832245555521654,1.0258211875637265e-05,0.0001832245555521654,embedding_pca
esmc_PC1143,0.00018363468490753052,7.283774900747493e-06,0.00018363468490753052,embedding_pca
esmc_PC1144,0.00018563442274435526,1.1235993159595037e-05,0.00018563442274435526,embedding_pca
esmc_PC1145,0.00018619135139646167,8.340938790043546e-06,0.00018619135139646167,embedding_pca
esmc_PC1146,0.00018074099584657996,8.135342406389884e-06,0.00018074099584657996,embedding_pca
esmc_PC1147,0.00018752580542955114,1.1246046187398534e-05,0.00018752580542955114,embedding_pca
esmc_PC1148,0.00018193382024428426,6.725551154721819e-06,0.00018193382024428426,embedding_pca
esmc_PC1149,0.00018127485732707908,8.298122025697255e-06,0.00018127485732707908,embedding_pca
esmc_PC1150,0.00017768128497940532,6.295601772023195e-06,0.00017768128497940532,embedding_pca
esmc_PC1151,0.00018756049817268472,7.2879257932244e-06,0.00018756049817268472,embedding_pca
esmc_PC1152,0.0001820845538134163,5.003820711011496e-06,0.0001820845538134163,embedding_pca
esmc_PC1153,0.00018249051107756392,4.988573880328259e-06,0.00018249051107756392,embedding_pca
esmc_PC1154,0.00019167925059632098,8.246122895051524e-06,0.00019167925059632098,embedding_pca
esmc_PC1155,0.00018416216976342655,9.784949392109338e-06,0.00018416216976342655,embedding_pca
esmc_PC1156,0.00018209445732759126,1.63755212748211e-05,0.00018209445732759126,embedding_pca
esmc_PC1157,0.00018354491922065346,7.563810789423968e-06,0.00018354491922065346,embedding_pca
esmc_PC1158,0.00018239688205441454,8.716018985861695e-06,0.00018239688205441454,embedding_pca
esmc_PC1159,0.00018224339208299233,7.901036919917201e-06,0.00018224339208299233,embedding_pca
esmc_PC1160,0.00018565586293791027,1.0049390146221095e-05,0.00018565586293791027,embedding_pca
esmc_PC1161,0.00018470187559245082,6.8831882929201885e-06,0.00018470187559245082,embedding_pca
esmc_PC1162,0.00018779557471595645,6.2444767913266314e-06,0.00018779557471595645,embedding_pca
esmc_PC1163,0.00018701489748682216,1.1821648120518921e-05,0.00018701489748682216,embedding_pca
esmc_PC1164,0.00018337372643959107,8.763314833710152e-06,0.00018337372643959107,embedding_pca
esmc_PC1165,0.0001840080897265355,5.370099904006828e-06,0.0001840080897265355,embedding_pca
esmc_PC1166,0.0001930154042814016,3.634191100929518e-06,0.0001930154042814016,embedding_pca
esmc_PC1167,0.00018513693502325007,1.2482262261510936e-05,0.00018513693502325007,embedding_pca
esmc_PC1168,0.00018509507479541013,4.550174930515535e-06,0.00018509507479541013,embedding_pca
esmc_PC1169,0.00018350650812790943,9.15056267712717e-06,0.00018350650812790943,embedding_pca
esmc_PC1170,0.00018396200860447862,5.695005079590355e-06,0.00018396200860447862,embedding_pca
esmc_PC1171,0.00018327620070038682,1.237327719399989e-05,0.00018327620070038682,embedding_pca
esmc_PC1172,0.0001820612447574756,6.9930128793557196e-06,0.0001820612447574756,embedding_pca
esmc_PC1173,0.00018692249365153733,6.59901148427689e-06,0.00018692249365153733,embedding_pca
esmc_PC1174,0.00017569732594962511,7.899900834125326e-06,0.00017569732594962511,embedding_pca
esmc_PC1175,0.00018327143962312305,6.600960038781858e-06,0.00018327143962312305,embedding_pca
esmc_PC1176,0.00017696778627744885,7.305440522035561e-06,0.00017696778627744885,embedding_pca
esmc_PC1177,0.00017998720193539847,1.2182020839101249e-05,0.00017998720193539847,embedding_pca
esmc_PC1178,0.00018811284216378802,5.115562423157153e-06,0.00018811284216378802,embedding_pca
esmc_PC1179,0.00018115947833737908,7.507424092423294e-06,0.00018115947833737908,embedding_pca
esmc_PC1180,0.00018741618910969644,1.0364569466489734e-05,0.00018741618910969644,embedding_pca
esmc_PC1181,0.00019049795644968413,5.2948748069109824e-06,0.00019049795644968413,embedding_pca
esmc_PC1182,0.0001837023220433674,9.310351131303841e-06,0.0001837023220433674,embedding_pca
esmc_PC1183,0.00018919445379033268,7.746601696938762e-06,0.00018919445379033268,embedding_pca
esmc_PC1184,0.00018406176566999294,4.099176910233021e-06,0.00018406176566999294,embedding_pca
esmc_PC1185,0.0001810756809500963,9.497397295188143e-06,0.0001810756809500963,embedding_pca
esmc_PC1186,0.0001792603706105872,1.0711316507888806e-05,0.0001792603706105872,embedding_pca
esmc_PC1187,0.0001742502798713554,7.723119737260976e-06,0.0001742502798713554,embedding_pca
esmc_PC1188,0.0001839470992399588,6.611597181638513e-06,0.0001839470992399588,embedding_pca
esmc_PC1189,0.0001781111979185706,6.350240607737221e-06,0.0001781111979185706,embedding_pca
esmc_PC1190,0.0001818027139789925,1.0872466503131814e-05,0.0001818027139789925,embedding_pca
esmc_PC1191,0.0001810823445341963,3.035639623323271e-06,0.0001810823445341963,embedding_pca
esmc_PC1192,0.00018637824869424248,5.283386685519861e-06,0.00018637824869424248,embedding_pca
esmc_PC1193,0.00018870709736563723,4.379644733224049e-06,0.00018870709736563723,embedding_pca
esmc_PC1194,0.0001845558375621397,1.212014622652194e-05,0.0001845558375621397,embedding_pca
esmc_PC1195,0.00018882520876533767,1.1873172030708409e-05,0.00018882520876533767,embedding_pca
esmc_PC1196,0.00018094155981583567,5.6398061749277225e-06,0.00018094155981583567,embedding_pca
esmc_PC1197,0.00017788897605927032,5.78566808445343e-06,0.00017788897605927032,embedding_pca
esmc_PC1198,0.00018103443705786419,5.217071363768286e-06,0.00018103443705786419,embedding_pca
esmc_PC1199,0.0001800033256910738,7.681178434089317e-06,0.0001800033256910738,embedding_pca
esmc_PC1200,0.00018442918403404176,6.792476603347653e-06,0.00018442918403404176,embedding_pca
esmc_PC1201,0.00018101851876153348,6.49680873045237e-06,0.00018101851876153348,embedding_pca
esmc_PC1202,0.00018076564227681693,7.897815473631786e-06,0.00018076564227681693,embedding_pca
esmc_PC1203,0.0001822203875755151,4.423017475499015e-06,0.0001822203875755151,embedding_pca
esmc_PC1204,0.0001821507791161146,1.0260911063119876e-05,0.0001821507791161146,embedding_pca
esmc_PC1205,0.00017837332402707243,7.889228517297206e-06,0.00017837332402707243,embedding_pca
esmc_PC1206,0.00018366572132145765,6.622470979736937e-06,0.00018366572132145765,embedding_pca
esmc_PC1207,0.00018201791668916303,4.010838086381546e-06,0.00018201791668916303,embedding_pca
esmc_PC1208,0.0001887346902577982,1.187299581565017e-05,0.0001887346902577982,embedding_pca
esmc_PC1209,0.0001868590485495524,7.559539450000993e-06,0.0001868590485495524,embedding_pca
esmc_PC1210,0.0001783827107522743,7.481026756473536e-06,0.0001783827107522743,embedding_pca
esmc_PC1211,0.00018342527127957853,3.801914291015989e-06,0.00018342527127957853,embedding_pca
esmc_PC1212,0.000179524028123838,2.295230018802543e-06,0.000179524028123838,embedding_pca
esmc_PC1213,0.0001804864933944213,9.728276131474329e-06,0.0001804864933944213,embedding_pca
esmc_PC1214,0.00018108833365914007,5.033541726897617e-06,0.00018108833365914007,embedding_pca
esmc_PC1215,0.00018484984568949782,8.163109471301552e-06,0.00018484984568949782,embedding_pca
esmc_PC1216,0.000188229922912182,5.956067512116583e-06,0.000188229922912182,embedding_pca
esmc_PC1217,0.00018289588729741006,7.419069367117086e-06,0.00018289588729741006,embedding_pca
esmc_PC1218,0.000189755954040098,9.995510562778284e-06,0.000189755954040098,embedding_pca
esmc_PC1219,0.00018239098515461603,1.205472155307273e-05,0.00018239098515461603,embedding_pca
esmc_PC1220,0.00018687151946208255,8.104293531530409e-06,0.00018687151946208255,embedding_pca
esmc_PC1221,0.00018411821546524852,7.124613724853122e-06,0.00018411821546524852,embedding_pca
esmc_PC1222,0.00017004261004720575,9.052231902499012e-06,0.00017004261004720575,embedding_pca
esmc_PC1223,0.00017750536570098577,5.618067361320186e-06,0.00017750536570098577,embedding_pca
esmc_PC1224,0.00019043987392862585,8.78278680110405e-06,0.00019043987392862585,embedding_pca
esmc_PC1225,0.0001848727090544838,6.993556036532955e-06,0.0001848727090544838,embedding_pca
esmc_PC1226,0.00018390383187413906,7.748161933549375e-06,0.00018390383187413906,embedding_pca
esmc_PC1227,0.00018250092481299007,1.1168357821694618e-05,0.00018250092481299007,embedding_pca
esmc_PC1228,0.0001816891794762106,7.177029871681618e-06,0.0001816891794762106,embedding_pca
esmc_PC1229,0.00018093607928278818,1.1103451770679048e-05,0.00018093607928278818,embedding_pca
esmc_PC1230,0.00018417879076669218,9.205312811618848e-06,0.00018417879076669218,embedding_pca
esmc_PC1231,0.0001852269978584606,4.650645522515977e-06,0.0001852269978584606,embedding_pca
esmc_PC1232,0.00017784827242542056,1.0735075337965861e-05,0.00017784827242542056,embedding_pca
esmc_PC1233,0.00018458352603245698,1.1305201124110638e-05,0.00018458352603245698,embedding_pca
esmc_PC1234,0.00018206734826006464,9.91801842486801e-06,0.00018206734826006464,embedding_pca
esmc_PC1235,0.0001876391588817336,1.4494157864058702e-05,0.0001876391588817336,embedding_pca
esmc_PC1236,0.00018092473714449874,4.886272393501334e-06,0.00018092473714449874,embedding_pca
esmc_PC1237,0.00018786216741013703,6.3199252808753125e-06,0.00018786216741013703,embedding_pca
esmc_PC1238,0.00018860939931572728,8.361075549012897e-06,0.00018860939931572728,embedding_pca
esmc_PC1239,0.00019093396618351125,5.753924298045325e-06,0.00019093396618351125,embedding_pca
esmc_PC1240,0.000184677747907632,9.917161230083787e-06,0.000184677747907632,embedding_pca
esmc_PC1241,0.00017790820211247398,9.06152655506022e-06,0.00017790820211247398,embedding_pca
esmc_PC1242,0.00018513050950402118,5.56705746539017e-06,0.00018513050950402118,embedding_pca
esmc_PC1243,0.00018887252739508065,9.338459532893287e-06,0.00018887252739508065,embedding_pca
esmc_PC1244,0.0001772508467525685,9.410444067466277e-06,0.0001772508467525685,embedding_pca
esmc_PC1245,0.00018334278211592695,6.2230376331314e-06,0.00018334278211592695,embedding_pca
esmc_PC1246,0.0001764064942141548,6.110665346996895e-06,0.0001764064942141548,embedding_pca
esmc_PC1247,0.00018168969762924866,4.387867028254088e-06,0.00018168969762924866,embedding_pca
esmc_PC1248,0.00018179975767649003,8.672390737839746e-06,0.00018179975767649003,embedding_pca
esmc_PC1249,0.0001815427557724551,7.623521600743935e-06,0.0001815427557724551,embedding_pca
esmc_PC1250,0.00018203441259593002,2.4028507168239435e-06,0.00018203441259593002,embedding_pca
esmc_PC1251,0.00018402809518916228,4.815781524749172e-06,0.00018402809518916228,embedding_pca
esmc_PC1252,0.00019073246661200624,1.0165377334316477e-05,0.00019073246661200624,embedding_pca
esmc_PC1253,0.00018345062216637244,1.036286979784936e-05,0.00018345062216637244,embedding_pca
esmc_PC1254,0.00018506266029115736,8.980255091077908e-06,0.00018506266029115736,embedding_pca
esmc_PC1255,0.0001825652397045506,6.47323078920927e-06,0.0001825652397045506,embedding_pca
esmc_PC1256,0.00017714371551088014,5.558369428713578e-06,0.00017714371551088014,embedding_pca
esmc_PC1257,0.00018875803685933782,8.181154140461093e-06,0.00018875803685933782,embedding_pca
esmc_PC1258,0.00017789024828199972,1.0863184681048035e-05,0.00017789024828199972,embedding_pca
esmc_PC1259,0.00018653330445807871,6.141661582284221e-06,0.00018653330445807871,embedding_pca
esmc_PC1260,0.00017844201069643442,2.96296543342127e-06,0.00017844201069643442,embedding_pca
esmc_PC1261,0.00017688480128395302,1.0029229686199539e-05,0.00017688480128395302,embedding_pca
esmc_PC1262,0.00018432796387373888,6.348287613644077e-06,0.00018432796387373888,embedding_pca
esmc_PC1263,0.00017957482608687588,6.496908527289646e-06,0.00017957482608687588,embedding_pca
esmc_PC1264,0.00018549214360367893,8.662964457318834e-06,0.00018549214360367893,embedding_pca
esmc_PC1265,0.0001888547252810353,5.462624774061688e-06,0.0001888547252810353,embedding_pca
esmc_PC1266,0.00018348981545480037,1.3616235463292954e-05,0.00018348981545480037,embedding_pca
esmc_PC1267,0.00018696352408742833,5.984354547275263e-06,0.00018696352408742833,embedding_pca
esmc_PC1268,0.00018511839775974052,2.999316041562938e-06,0.00018511839775974052,embedding_pca
esmc_PC1269,0.00018571343434962588,2.1291099889426946e-06,0.00018571343434962588,embedding_pca
esmc_PC1270,0.00017823552734735882,1.0696083943745783e-05,0.00017823552734735882,embedding_pca
esmc_PC1271,0.00018772695142410854,1.083927429593501e-05,0.00018772695142410854,embedding_pca
esmc_PC1272,0.00018584985919239326,6.762519392914368e-06,0.00018584985919239326,embedding_pca
esmc_PC1273,0.00018692668139533,8.572879144637022e-06,0.00018692668139533,embedding_pca
esmc_PC1274,0.00018615505490139115,7.459697938185049e-06,0.00018615505490139115,embedding_pca
esmc_PC1275,0.00019034861190425363,9.147370626048051e-06,0.00019034861190425363,embedding_pca
esmc_PC1276,0.00017742504396609784,8.248975940695216e-06,0.00017742504396609784,embedding_pca
esmc_PC1277,0.00018139929577043763,4.486422921264308e-06,0.00018139929577043763,embedding_pca
esmc_PC1278,0.00018546018567736604,1.6598609979838947e-05,0.00018546018567736604,embedding_pca
esmc_PC1279,0.00018065086988095077,7.490815594997002e-06,0.00018065086988095077,embedding_pca
esmc_PC1280,0.00018573029832336365,1.0519574715147824e-05,0.00018573029832336365,embedding_pca
esmc_PC1281,0.00017684256619004333,9.048685229210503e-06,0.00017684256619004333,embedding_pca
esmc_PC1282,0.0001883559886991439,5.991834042572856e-06,0.0001883559886991439,embedding_pca
esmc_PC1283,0.00018038447924701063,8.610749494243731e-06,0.00018038447924701063,embedding_pca
esmc_PC1284,0.00018488387737341182,9.135918291937345e-06,0.00018488387737341182,embedding_pca
esmc_PC1285,0.00018650572011433768,1.5374771491905986e-05,0.00018650572011433768,embedding_pca
esmc_PC1286,0.00018766856061333534,1.0663435957310197e-05,0.00018766856061333534,embedding_pca
esmc_PC1287,0.00017615978632320566,1.1239652680823532e-05,0.00017615978632320566,embedding_pca
esmc_PC1288,0.00018563732678463125,7.923000842379404e-06,0.00018563732678463125,embedding_pca
esmc_PC1289,0.00018931930479836674,1.3115069254342162e-05,0.00018931930479836674,embedding_pca
esmc_PC1290,0.000185415442734542,1.4424612993078765e-05,0.000185415442734542,embedding_pca
esmc_PC1291,0.00018235281047198273,4.663028905968179e-06,0.00018235281047198273,embedding_pca
esmc_PC1292,0.00018415907310439042,5.461994821082676e-06,0.00018415907310439042,embedding_pca
esmc_PC1293,0.00018780640955153334,8.113668207483283e-06,0.00018780640955153334,embedding_pca
esmc_PC1294,0.00018653610112140398,8.714566274586772e-06,0.00018653610112140398,embedding_pca
esmc_PC1295,0.0001871904698424094,1.4381821941573667e-05,0.0001871904698424094,embedding_pca
esmc_PC1296,0.00018462251998102187,7.514779015947978e-06,0.00018462251998102187,embedding_pca
esmc_PC1297,0.00017854859223701008,5.7353344764787516e-06,0.00017854859223701008,embedding_pca
esmc_PC1298,0.00018676001877486424,8.336971276684035e-06,0.00018676001877486424,embedding_pca
esmc_PC1299,0.00018708846275987385,7.819186192142749e-06,0.00018708846275987385,embedding_pca
esmc_PC1300,0.0001885676538947769,1.270621759845568e-05,0.0001885676538947769,embedding_pca
esmc_PC1301,0.00017909468260105527,7.353107952446429e-06,0.00017909468260105527,embedding_pca
esmc_PC1302,0.00018624373375501028,6.915110098185165e-06,0.00018624373375501028,embedding_pca
esmc_PC1303,0.00018437135056202864,1.074852964986642e-05,0.00018437135056202864,embedding_pca
esmc_PC1304,0.00017657581162105278,9.001873204714874e-06,0.00017657581162105278,embedding_pca
esmc_PC1305,0.00018583473117229375,1.1102526063537953e-05,0.00018583473117229375,embedding_pca
esmc_PC1306,0.000182960770399049,8.14280118824933e-06,0.000182960770399049,embedding_pca
esmc_PC1307,0.00017343060478973676,1.2948265754097287e-05,0.00017343060478973676,embedding_pca
esmc_PC1308,0.00018153536771836983,7.303119419700251e-06,0.00018153536771836983,embedding_pca
esmc_PC1309,0.0001816167855055823,9.77383572427144e-06,0.0001816167855055823,embedding_pca
esmc_PC1310,0.0001874098240058496,1.0904214385417646e-05,0.0001874098240058496,embedding_pca
esmc_PC1311,0.00017890103507337687,9.356638683675583e-06,0.00017890103507337687,embedding_pca
esmc_PC1312,0.0001794103997087492,9.279410886597025e-06,0.0001794103997087492,embedding_pca
esmc_PC1313,0.00018653962427503404,1.0214927961582727e-05,0.00018653962427503404,embedding_pca
esmc_PC1314,0.00018760093306177005,8.00689608946084e-06,0.00018760093306177005,embedding_pca
esmc_PC1315,0.00018438837865571018,8.652791161276837e-06,0.00018438837865571018,embedding_pca
esmc_PC1316,0.00018495545390586086,7.102669266403414e-06,0.00018495545390586086,embedding_pca
esmc_PC1317,0.0001831889649571644,5.825319553755623e-06,0.0001831889649571644,embedding_pca
esmc_PC1318,0.00018390210857444837,8.632477350787253e-06,0.00018390210857444837,embedding_pca
esmc_PC1319,0.0001806525739484601,1.1345038337706018e-05,0.0001806525739484601,embedding_pca
esmc_PC1320,0.0001793862658602258,8.841659893916397e-06,0.0001793862658602258,embedding_pca
esmc_PC1321,0.00017738941608909525,9.713913333797943e-06,0.00017738941608909525,embedding_pca
esmc_PC1322,0.00018236667595611784,5.646445380109978e-06,0.00018236667595611784,embedding_pca
esmc_PC1323,0.0001777761246369714,1.258896439960589e-05,0.0001777761246369714,embedding_pca
esmc_PC1324,0.0001726430746180261,6.975828159997375e-06,0.0001726430746180261,embedding_pca
esmc_PC1325,0.00017744119429017469,5.74914530200514e-06,0.00017744119429017469,embedding_pca
esmc_PC1326,0.00019300219976931825,6.604096037799914e-06,0.00019300219976931825,embedding_pca
esmc_PC1327,0.00018327399145947628,6.110071655795314e-06,0.00018327399145947628,embedding_pca
esmc_PC1328,0.00018957145222526858,8.723457363774025e-06,0.00018957145222526858,embedding_pca
esmc_PC1329,0.00018207323074120947,1.005630136553459e-05,0.00018207323074120947,embedding_pca
esmc_PC1330,0.00017778913280414168,5.191779970735817e-06,0.00017778913280414168,embedding_pca
esmc_PC1331,0.00017566593419693523,4.995687793663099e-06,0.00017566593419693523,embedding_pca
esmc_PC1332,0.00018628333831493431,1.082639071490041e-05,0.00018628333831493431,embedding_pca
esmc_PC1333,0.00017247007672037707,4.9994489144565196e-06,0.00017247007672037707,embedding_pca
esmc_PC1334,0.00018290124289724931,8.012239891499008e-06,0.00018290124289724931,embedding_pca
esmc_PC1335,0.00018636376989154393,1.3322536511870357e-05,0.00018636376989154393,embedding_pca
esmc_PC1336,0.00017973573471604938,6.944746239644723e-06,0.00017973573471604938,embedding_pca
esmc_PC1337,0.00018500707266354489,1.281675310897272e-05,0.00018500707266354489,embedding_pca
esmc_PC1338,0.00018684279959978178,7.069726524368679e-06,0.00018684279959978178,embedding_pca
esmc_PC1339,0.00018292833041023252,1.5266024775847023e-05,0.00018292833041023252,embedding_pca
esmc_PC1340,0.0001874967217056548,6.225767907387967e-06,0.0001874967217056548,embedding_pca
esmc_PC1341,0.00018198859808195587,5.019678196668859e-06,0.00018198859808195587,embedding_pca
esmc_PC1342,0.0001816456256420382,5.3083912076241225e-06,0.0001816456256420382,embedding_pca
esmc_PC1343,0.00017962315985205473,1.1585071420038074e-05,0.00017962315985205473,embedding_pca
esmc_PC1344,0.0001848810916220812,5.824266832471853e-06,0.0001848810916220812,embedding_pca
esmc_PC1345,0.00017931796828815557,8.84743919880831e-06,0.00017931796828815557,embedding_pca
esmc_PC1346,0.00018672333534309207,3.897084581559086e-06,0.00018672333534309207,embedding_pca
esmc_PC1347,0.00018618526460610038,7.992575130078537e-06,0.00018618526460610038,embedding_pca
esmc_PC1348,0.0001812016594894478,3.92479091647618e-06,0.0001812016594894478,embedding_pca
esmc_PC1349,0.00018186920675835035,1.0060210230307242e-05,0.00018186920675835035,embedding_pca
esmc_PC1350,0.00018534480714385037,8.884987701222161e-06,0.00018534480714385037,embedding_pca
esmc_PC1351,0.00018699064720799488,1.0131245999824516e-05,0.00018699064720799488,embedding_pca
esmc_PC1352,0.00018889998455422788,8.455965889671103e-06,0.00018889998455422788,embedding_pca
esmc_PC1353,0.00017971055749418536,1.3928663519271143e-05,0.00017971055749418536,embedding_pca
esmc_PC1354,0.00018169772659646022,8.197510311923037e-06,0.00018169772659646022,embedding_pca
esmc_PC1355,0.0001864569652801774,8.671092188034427e-06,0.0001864569652801774,embedding_pca
esmc_PC1356,0.00018224192156911963,4.8074799344875754e-06,0.00018224192156911963,embedding_pca
esmc_PC1357,0.00018228432582989394,4.046129146913558e-06,0.00018228432582989394,embedding_pca
esmc_PC1358,0.00017534465166052813,6.877712045686699e-06,0.00017534465166052813,embedding_pca
esmc_PC1359,0.00017830991179985502,7.220712577189509e-06,0.00017830991179985502,embedding_pca
esmc_PC1360,0.00018626334270240125,6.585051579082464e-06,0.00018626334270240125,embedding_pca
esmc_PC1361,0.00017757950211588753,8.884291281354373e-06,0.00017757950211588753,embedding_pca
esmc_PC1362,0.00018130480044343993,4.442778651119648e-06,0.00018130480044343993,embedding_pca
esmc_PC1363,0.00018457396832027758,6.4172199781630754e-06,0.00018457396832027758,embedding_pca
esmc_PC1364,0.00017917882969600008,8.073562543751345e-06,0.00017917882969600008,embedding_pca
esmc_PC1365,0.00017962534622740042,9.402918877615579e-06,0.00017962534622740042,embedding_pca
esmc_PC1366,0.00017168578224300698,9.659371113046928e-06,0.00017168578224300698,embedding_pca
esmc_PC1367,0.00017767892875340452,8.30619578222302e-06,0.00017767892875340452,embedding_pca
esmc_PC1368,0.00018604544184809004,1.4390571951098716e-06,0.00018604544184809004,embedding_pca
esmc_PC1369,0.0001795749295453875,5.34711787789328e-06,0.0001795749295453875,embedding_pca
esmc_PC1370,0.00018499287233736362,1.2914446899248241e-05,0.00018499287233736362,embedding_pca
esmc_PC1371,0.00018056959236194828,3.844416733746154e-06,0.00018056959236194828,embedding_pca
esmc_PC1372,0.00017869166937270806,5.212121124398688e-06,0.00017869166937270806,embedding_pca
esmc_PC1373,0.00018057128093810682,6.252506740826013e-06,0.00018057128093810682,embedding_pca
esmc_PC1374,0.00018673308373198116,4.253233025891236e-06,0.00018673308373198116,embedding_pca
esmc_PC1375,0.0001808029773315099,8.775792992928487e-06,0.0001808029773315099,embedding_pca
esmc_PC1376,0.00018395618585800112,1.3105374386092798e-05,0.00018395618585800112,embedding_pca
esmc_PC1377,0.0001841888813663295,6.334745581542228e-06,0.0001841888813663295,embedding_pca
esmc_PC1378,0.00017901920169747333,8.360194536987638e-06,0.00017901920169747333,embedding_pca
esmc_PC1379,0.00018282984551029697,1.5875961727097858e-05,0.00018282984551029697,embedding_pca
esmc_PC1380,0.0001845631544228599,5.4310607114779086e-06,0.0001845631544228599,embedding_pca
esmc_PC1381,0.0001851736839167607,8.656830019773188e-06,0.0001851736839167607,embedding_pca
esmc_PC1382,0.00017979595156198612,5.092869072841537e-06,0.00017979595156198612,embedding_pca
esmc_PC1383,0.0001766735569890322,3.279359121022954e-06,0.0001766735569890322,embedding_pca
esmc_PC1384,0.00017758108653588117,3.2554656097590077e-06,0.00017758108653588117,embedding_pca
esmc_PC1385,0.00018242241042331944,7.436021922188106e-06,0.00018242241042331944,embedding_pca
esmc_PC1386,0.00018223051166474431,9.16436140473576e-06,0.00018223051166474431,embedding_pca
esmc_PC1387,0.00018073473557741706,4.877028179990189e-06,0.00018073473557741706,embedding_pca
esmc_PC1388,0.00018782630929083018,1.0919103044791114e-05,0.00018782630929083018,embedding_pca
esmc_PC1389,0.00018043937057418645,7.203208908836121e-06,0.00018043937057418645,embedding_pca
esmc_PC1390,0.0001853814522216199,4.60953536839971e-06,0.0001853814522216199,embedding_pca
esmc_PC1391,0.0001840934009591729,1.0541324118824607e-05,0.0001840934009591729,embedding_pca
esmc_PC1392,0.00018173758905891947,1.0300007513188229e-05,0.00018173758905891947,embedding_pca
esmc_PC1393,0.0001841229854288139,1.033967148360413e-05,0.0001841229854288139,embedding_pca
esmc_PC1394,0.000178040541555841,7.0341785755870136e-06,0.000178040541555841,embedding_pca
esmc_PC1395,0.00018158131482327966,5.833961697521004e-06,0.00018158131482327966,embedding_pca
esmc_PC1396,0.00017746427337955405,1.6629888727422515e-05,0.00017746427337955405,embedding_pca
esmc_PC1397,0.00017750730872383657,7.673138873694707e-06,0.00017750730872383657,embedding_pca
esmc_PC1398,0.00018063815694842924,5.8697620457761595e-06,0.00018063815694842924,embedding_pca
esmc_PC1399,0.00017873724889160168,1.0334033359003144e-05,0.00017873724889160168,embedding_pca
esmc_PC1400,0.0001826326623047731,6.8236834659542e-06,0.0001826326623047731,embedding_pca
esmc_PC1401,0.00018332842982197225,1.3098116788065911e-05,0.00018332842982197225,embedding_pca
esmc_PC1402,0.00017659834624727684,8.510292473916539e-06,0.00017659834624727684,embedding_pca
esmc_PC1403,0.0001743962606036773,8.822134625629817e-06,0.0001743962606036773,embedding_pca
esmc_PC1404,0.00018527286612911428,8.897630586146538e-06,0.00018527286612911428,embedding_pca
esmc_PC1405,0.00018973946376815747,6.376887476334955e-06,0.00018973946376815747,embedding_pca
esmc_PC1406,0.00017528450853899406,9.06398640952523e-06,0.00017528450853899406,embedding_pca
esmc_PC1407,0.00018138534888002705,6.4189977389298075e-06,0.00018138534888002705,embedding_pca
esmc_PC1408,0.00018500202136014713,4.863691610810589e-06,0.00018500202136014713,embedding_pca
esmc_PC1409,0.00018111501863718365,1.25035442557407e-05,0.00018111501863718365,embedding_pca
esmc_PC1410,0.000188123002615949,1.3580814855111138e-05,0.000188123002615949,embedding_pca
esmc_PC1411,0.00017806376266229286,1.0214155670459788e-05,0.00017806376266229286,embedding_pca
esmc_PC1412,0.0001789166597370039,1.4117873112996604e-05,0.0001789166597370039,embedding_pca
esmc_PC1413,0.00018562975516516503,9.312909429673227e-06,0.00018562975516516503,embedding_pca
esmc_PC1414,0.00018482690045078766,5.980691268308783e-06,0.00018482690045078766,embedding_pca
esmc_PC1415,0.00018763577431734523,8.625852184697159e-06,0.00018763577431734523,embedding_pca
esmc_PC1416,0.0001799441601390209,8.037681859577938e-06,0.0001799441601390209,embedding_pca
esmc_PC1417,0.00017180761608723348,6.330379171077038e-06,0.00017180761608723348,embedding_pca
esmc_PC1418,0.0001841763893673634,1.2809019622275336e-05,0.0001841763893673634,embedding_pca
esmc_PC1419,0.00017836664749498786,6.860181055100842e-06,0.00017836664749498786,embedding_pca
esmc_PC1420,0.00018242743461546374,4.214391454840856e-06,0.00018242743461546374,embedding_pca
esmc_PC1421,0.0001884865125489505,1.3884811175639e-05,0.0001884865125489505,embedding_pca
esmc_PC1422,0.00018765869486150457,1.0905791844955652e-05,0.00018765869486150457,embedding_pca
esmc_PC1423,0.00017804125600299434,4.407509588251361e-06,0.00017804125600299434,embedding_pca
esmc_PC1424,0.00017797318146903232,7.694392691018225e-06,0.00017797318146903232,embedding_pca
esmc_PC1425,0.00018823538592074044,1.0675729603604428e-05,0.00018823538592074044,embedding_pca
esmc_PC1426,0.00018321735272881917,6.9020396647479056e-06,0.00018321735272881917,embedding_pca
esmc_PC1427,0.00018507115915274142,8.470604397389838e-06,0.00018507115915274142,embedding_pca
esmc_PC1428,0.00018495568706055563,9.637308967362082e-06,0.00018495568706055563,embedding_pca
esmc_PC1429,0.00018198457784999713,7.257746058894266e-06,0.00018198457784999713,embedding_pca
esmc_PC1430,0.00018640208079616791,1.2593402670490213e-05,0.00018640208079616791,embedding_pca
esmc_PC1431,0.00017928171411190347,5.637408744257031e-06,0.00017928171411190347,embedding_pca
esmc_PC1432,0.00018278976040444965,7.099522579933742e-06,0.00018278976040444965,embedding_pca
esmc_PC1433,0.0001753757999632364,8.664058436299772e-06,0.0001753757999632364,embedding_pca
esmc_PC1434,0.00018471231631073207,3.249773690107527e-06,0.00018471231631073207,embedding_pca
esmc_PC1435,0.00018828468131963324,9.024551811664237e-06,0.00018828468131963324,embedding_pca
esmc_PC1436,0.00018759884702127067,5.964177342366911e-06,0.00018759884702127067,embedding_pca
esmc_PC1437,0.0001852400203086019,9.676437759253275e-06,0.0001852400203086019,embedding_pca
esmc_PC1438,0.00018532207344911872,1.3787104208365236e-05,0.00018532207344911872,embedding_pca
esmc_PC1439,0.0001825503204574565,1.0143715367138591e-05,0.0001825503204574565,embedding_pca
esmc_PC1440,0.00018678988905703625,8.495490685724594e-06,0.00018678988905703625,embedding_pca
esmc_PC1441,0.00017864352622736233,1.2239751170948091e-06,0.00017864352622736233,embedding_pca
esmc_PC1442,0.00017952946652171836,1.2234052317396014e-05,0.00017952946652171836,embedding_pca
esmc_PC1443,0.00018109561541681876,6.4833300705776064e-06,0.00018109561541681876,embedding_pca
esmc_PC1444,0.00018091374007779285,7.312175100346647e-06,0.00018091374007779285,embedding_pca
esmc_PC1445,0.00018140336450215834,1.0376471212076002e-05,0.00018140336450215834,embedding_pca
esmc_PC1446,0.0001839735881007639,3.957143070696514e-06,0.0001839735881007639,embedding_pca
esmc_PC1447,0.00018978310603499763,9.584354373284443e-06,0.00018978310603499763,embedding_pca
esmc_PC1448,0.0001742179264912149,2.650992544372901e-06,0.0001742179264912149,embedding_pca
esmc_PC1449,0.00018576198190551604,6.34444672742548e-06,0.00018576198190551604,embedding_pca
esmc_PC1450,0.00018059370905829493,8.307322268521936e-06,0.00018059370905829493,embedding_pca
esmc_PC1451,0.0001867596151471276,5.671221512511057e-06,0.0001867596151471276,embedding_pca
esmc_PC1452,0.00018567506460353473,8.07904065991148e-06,0.00018567506460353473,embedding_pca
esmc_PC1453,0.0001872646137208842,8.653370382915247e-06,0.0001872646137208842,embedding_pca
esmc_PC1454,0.0001840585380806744,1.1879815433244661e-05,0.0001840585380806744,embedding_pca
esmc_PC1455,0.00018631847688331277,4.361427613838225e-06,0.00018631847688331277,embedding_pca
esmc_PC1456,0.00018206263377492415,1.4415223810963874e-05,0.00018206263377492415,embedding_pca
esmc_PC1457,0.0001837661259337866,1.4704045862677451e-05,0.0001837661259337866,embedding_pca
esmc_PC1458,0.00017456128886950332,1.0257848718108146e-05,0.00017456128886950332,embedding_pca
esmc_PC1459,0.00017853674909592114,5.2011054517166335e-06,0.00017853674909592114,embedding_pca
esmc_PC1460,0.0001839285809467211,3.8614820289860936e-06,0.0001839285809467211,embedding_pca
esmc_PC1461,0.00017506431311597814,8.629659518292035e-06,0.00017506431311597814,embedding_pca
esmc_PC1462,0.00018748566556713375,7.986920373341292e-06,0.00018748566556713375,embedding_pca
esmc_PC1463,0.00018449927860072455,9.475155847100179e-06,0.00018449927860072455,embedding_pca
esmc_PC1464,0.00017468361865025477,9.826525834769298e-06,0.00017468361865025477,embedding_pca
esmc_PC1465,0.00018006123440263776,4.136835145545243e-06,0.00018006123440263776,embedding_pca
esmc_PC1466,0.00018387256675396938,1.018928902870031e-05,0.00018387256675396938,embedding_pca
esmc_PC1467,0.0001811854769909121,1.1821236274713869e-05,0.0001811854769909121,embedding_pca
esmc_PC1468,0.0001818929737598671,9.739196992001727e-06,0.0001818929737598671,embedding_pca
esmc_PC1469,0.00017932292576573083,5.592504541510985e-06,0.00017932292576573083,embedding_pca
esmc_PC1470,0.0001736037734368985,8.66825973040973e-06,0.0001736037734368985,embedding_pca
esmc_PC1471,0.00018841162760296846,1.0595830149829627e-05,0.00018841162760296846,embedding_pca
esmc_PC1472,0.00018822595267698868,8.209345166042589e-06,0.00018822595267698868,embedding_pca
esmc_PC1473,0.00018585476799913973,8.03007584508739e-06,0.00018585476799913973,embedding_pca
esmc_PC1474,0.00018677503410056916,4.8852341683648684e-06,0.00018677503410056916,embedding_pca
esmc_PC1475,0.00018235179323190288,4.134116370676411e-06,0.00018235179323190288,embedding_pca
esmc_PC1476,0.0001805018157624746,5.8995177550787175e-06,0.0001805018157624746,embedding_pca
esmc_PC1477,0.00017982188086999276,9.953636669806606e-06,0.00017982188086999276,embedding_pca
esmc_PC1478,0.00018725294340748375,4.607152590460814e-06,0.00018725294340748375,embedding_pca
esmc_PC1479,0.00018135980425059355,9.137228767322132e-06,0.00018135980425059355,embedding_pca
esmc_PC1480,0.0001832065484906715,6.3392222740611426e-06,0.0001832065484906715,embedding_pca
esmc_PC1481,0.00018196387937377185,5.662844538221656e-06,0.00018196387937377185,embedding_pca
esmc_PC1482,0.00017911111806138486,1.4958365900395045e-05,0.00017911111806138486,embedding_pca
esmc_PC1483,0.0001852846786776244,9.011465127066205e-06,0.0001852846786776244,embedding_pca
esmc_PC1484,0.00018365236920475463,3.0883147605266464e-06,0.00018365236920475463,embedding_pca
esmc_PC1485,0.00018378738014526868,8.502515967855722e-06,0.00018378738014526868,embedding_pca
esmc_PC1486,0.00017749123376314857,6.758439320989783e-06,0.00017749123376314857,embedding_pca
esmc_PC1487,0.00018845718123604733,7.905285093251612e-06,0.00018845718123604733,embedding_pca
esmc_PC1488,0.00018090164413951982,8.876264631202608e-06,0.00018090164413951982,embedding_pca
esmc_PC1489,0.00018156106028918863,4.307733544507613e-06,0.00018156106028918863,embedding_pca
esmc_PC1490,0.0001752984877771888,6.912473198650448e-06,0.0001752984877771888,embedding_pca
esmc_PC1491,0.00018811142036911227,1.1708476499364719e-05,0.00018811142036911227,embedding_pca
esmc_PC1492,0.00017742192116849742,1.2919855585638392e-05,0.00017742192116849742,embedding_pca
esmc_PC1493,0.0001799841970220599,1.1147611741522595e-05,0.0001799841970220599,embedding_pca
esmc_PC1494,0.0001864348019688494,1.1934486790414108e-05,0.0001864348019688494,embedding_pca
esmc_PC1495,0.00018901378802439907,2.7642473366289443e-06,0.00018901378802439907,embedding_pca
esmc_PC1496,0.00018443015710344583,1.175138035326698e-05,0.00018443015710344583,embedding_pca
esmc_PC1497,0.00018392953494399057,8.985944133160628e-06,0.00018392953494399057,embedding_pca
esmc_PC1498,0.00018324072945223076,8.568539603707228e-06,0.00018324072945223076,embedding_pca
esmc_PC1499,0.0001894960535736797,8.183658758532756e-06,0.0001894960535736797,embedding_pca
esmc_PC1500,0.000183133971721094,8.477644268430503e-06,0.000183133971721094,embedding_pca
esmc_PC1501,0.0001788791793871668,4.2804200891456745e-06,0.0001788791793871668,embedding_pca
esmc_PC1502,0.0001799434915996542,9.574104196653406e-06,0.0001799434915996542,embedding_pca
esmc_PC1503,0.0001818254120438608,9.064933098707557e-06,0.0001818254120438608,embedding_pca
esmc_PC1504,0.0001816858584333289,1.0660429615611401e-05,0.0001816858584333289,embedding_pca
esmc_PC1505,0.00017981735449212413,7.672075659508585e-06,0.00017981735449212413,embedding_pca
esmc_PC1506,0.00018059039081037175,2.756350168462527e-06,0.00018059039081037175,embedding_pca
esmc_PC1507,0.00018048181722253126,7.645326463836333e-06,0.00018048181722253126,embedding_pca
esmc_PC1508,0.00017718355103184605,8.252328086905854e-06,0.00017718355103184605,embedding_pca
esmc_PC1509,0.00017812480567257845,5.489161096970439e-06,0.00017812480567257845,embedding_pca
esmc_PC1510,0.0001812716183554805,8.253265233702404e-06,0.0001812716183554805,embedding_pca
esmc_PC1511,0.0001834893926958405,9.331032092228908e-06,0.0001834893926958405,embedding_pca
esmc_PC1512,0.00017511003190770556,8.71983843227067e-06,0.00017511003190770556,embedding_pca
esmc_PC1513,0.00018239711478722256,7.330413024547814e-06,0.00018239711478722256,embedding_pca
esmc_PC1514,0.00018234795401091995,1.0639740899282158e-05,0.00018234795401091995,embedding_pca
esmc_PC1515,0.00017675245578244837,1.3530664286726564e-05,0.00017675245578244837,embedding_pca
esmc_PC1516,0.00018001128116713712,4.203501477218337e-06,0.00018001128116713712,embedding_pca
esmc_PC1517,0.00018196039646261109,9.085330107287051e-06,0.00018196039646261109,embedding_pca
esmc_PC1518,0.00018158109789422148,4.280285356261443e-06,0.00018158109789422148,embedding_pca
esmc_PC1519,0.0001787704046814324,1.3577850121010221e-05,0.0001787704046814324,embedding_pca
esmc_PC1520,0.00018186416156423465,1.1182837216125114e-05,0.00018186416156423465,embedding_pca
esmc_PC1521,0.00017949367394664615,1.786999647591135e-06,0.00017949367394664615,embedding_pca
esmc_PC1522,0.00018092565729414795,5.562546993014731e-06,0.00018092565729414795,embedding_pca
esmc_PC1523,0.00018980806504390052,3.5517529887844653e-06,0.00018980806504390052,embedding_pca
esmc_PC1524,0.00018146017410006457,1.1174013755585595e-05,0.00018146017410006457,embedding_pca
esmc_PC1525,0.00017412515975043474,6.624033899120358e-06,0.00017412515975043474,embedding_pca
esmc_PC1526,0.0001831223879899089,1.4098144961090186e-05,0.0001831223879899089,embedding_pca
esmc_PC1527,0.00018011679555890816,7.291635345578544e-06,0.00018011679555890816,embedding_pca
esmc_PC1528,0.00018684349930971216,8.883150605262358e-06,0.00018684349930971216,embedding_pca
esmc_PC1529,0.0001848189782235196,7.49376542395972e-06,0.0001848189782235196,embedding_pca
esmc_PC1530,0.00017573267528319867,1.375563137763221e-05,0.00017573267528319867,embedding_pca
esmc_PC1531,0.00017574961077041287,6.026457338596289e-06,0.00017574961077041287,embedding_pca
esmc_PC1532,0.0001833853564448818,1.2540269843080764e-05,0.0001833853564448818,embedding_pca
esmc_PC1533,0.00018514558114532075,1.0935706447738815e-05,0.00018514558114532075,embedding_pca
esmc_PC1534,0.00017687555939736933,5.308478783695786e-06,0.00017687555939736933,embedding_pca
esmc_PC1535,0.0001791590664289969,6.627563597904181e-06,0.0001791590664289969,embedding_pca
esmc_PC1536,0.00017867039390911544,1.0963508167469342e-05,0.00017867039390911544,embedding_pca
esmc_PC1537,0.00018436446132677614,5.590708187128166e-06,0.00018436446132677614,embedding_pca
esmc_PC1538,0.000181812179891353,8.536220239553297e-06,0.000181812179891353,embedding_pca
esmc_PC1539,0.00018118611269147254,8.452716069668279e-06,0.00018118611269147254,embedding_pca
esmc_PC1540,0.0001787881852289827,1.0331311029899816e-05,0.0001787881852289827,embedding_pca
esmc_PC1541,0.00017815509545993075,1.0260250223269629e-05,0.00017815509545993075,embedding_pca
esmc_PC1542,0.0001785620464304508,6.867152103041813e-06,0.0001785620464304508,embedding_pca
esmc_PC1543,0.00018161422454601215,4.49033909484249e-06,0.00018161422454601215,embedding_pca
esmc_PC1544,0.00018387094984512206,1.1909763044517813e-05,0.00018387094984512206,embedding_pca
esmc_PC1545,0.00017874100479204578,1.0424426938769056e-05,0.00017874100479204578,embedding_pca
esmc_PC1546,0.00018161360760583415,3.761559532762946e-06,0.00018161360760583415,embedding_pca
esmc_PC1547,0.000184574911789072,9.067895794655189e-06,0.000184574911789072,embedding_pca
esmc_PC1548,0.0001776759340912322,6.330032876919795e-06,0.0001776759340912322,embedding_pca
esmc_PC1549,0.00018472248610881093,1.0623766390015824e-05,0.00018472248610881093,embedding_pca
esmc_PC1550,0.00017816417897173812,5.788408702154982e-06,0.00017816417897173812,embedding_pca
esmc_PC1551,0.00018869099970084005,4.334171122751542e-06,0.00018869099970084005,embedding_pca
esmc_PC1552,0.0001905748427100412,1.1457265187694638e-05,0.0001905748427100412,embedding_pca
esmc_PC1553,0.00018470527072951196,1.1630055396647319e-05,0.00018470527072951196,embedding_pca
esmc_PC1554,0.00017431032335970853,1.4055681312270742e-05,0.00017431032335970853,embedding_pca
esmc_PC1555,0.00018391111414951006,5.469959962587693e-06,0.00018391111414951006,embedding_pca
esmc_PC1556,0.00017654419917542325,3.553333058280614e-06,0.00017654419917542325,embedding_pca
esmc_PC1557,0.00018224808616308506,1.0455186588242906e-05,0.00018224808616308506,embedding_pca
esmc_PC1558,0.00018449559478034261,1.2957225908190664e-05,0.00018449559478034261,embedding_pca
esmc_PC1559,0.0001819515921004646,1.006078905797288e-05,0.0001819515921004646,embedding_pca
esmc_PC1560,0.00017903746182663908,9.737707781825841e-06,0.00017903746182663908,embedding_pca
esmc_PC1561,0.00018093161830254676,5.5750027599750725e-06,0.00018093161830254676,embedding_pca
esmc_PC1562,0.00018808624284116188,8.402131161653518e-06,0.00018808624284116188,embedding_pca
esmc_PC1563,0.00017590056902729622,4.749033908342575e-06,0.00017590056902729622,embedding_pca
esmc_PC1564,0.00017850563776248567,7.676124508306382e-06,0.00017850563776248567,embedding_pca
esmc_PC1565,0.00018870393274675855,9.072997110453196e-06,0.00018870393274675855,embedding_pca
esmc_PC1566,0.00017938734095627494,4.551909840237538e-06,0.00017938734095627494,embedding_pca
esmc_PC1567,0.00018202793416377915,1.0190718645156164e-05,0.00018202793416377915,embedding_pca
esmc_PC1568,0.00018318864480727982,1.199109789864241e-05,0.00018318864480727982,embedding_pca
esmc_PC1569,0.00018834634036063257,7.2629443296113415e-06,0.00018834634036063257,embedding_pca
esmc_PC1570,0.00018368087606227912,3.215194425703724e-06,0.00018368087606227912,embedding_pca
esmc_PC1571,0.00017802250234644258,5.991253555410107e-06,0.00017802250234644258,embedding_pca
esmc_PC1572,0.00018435640814972435,8.237038803528224e-06,0.00018435640814972435,embedding_pca
esmc_PC1573,0.0001739844008320799,9.60903883258663e-06,0.0001739844008320799,embedding_pca
esmc_PC1574,0.0001811670630867664,4.739909980241099e-06,0.0001811670630867664,embedding_pca
esmc_PC1575,0.00017819460732918004,6.157707128700245e-06,0.00017819460732918004,embedding_pca
esmc_PC1576,0.00018665675298211063,1.4074250437510232e-05,0.00018665675298211063,embedding_pca
esmc_PC1577,0.00018479608094480103,3.911355055889727e-06,0.00018479608094480103,embedding_pca
esmc_PC1578,0.00018467720821579281,1.0915871670954361e-05,0.00018467720821579281,embedding_pca
esmc_PC1579,0.00017834952227645048,7.488175630992883e-06,0.00017834952227645048,embedding_pca
esmc_PC1580,0.00019063297093669152,7.1850152671312234e-06,0.00019063297093669152,embedding_pca
esmc_PC1581,0.0001893795785401136,8.692738877102693e-06,0.0001893795785401136,embedding_pca
esmc_PC1582,0.00017876971448071963,8.432329993605985e-06,0.00017876971448071963,embedding_pca
esmc_PC1583,0.0001834083509912651,9.875784433860724e-06,0.0001834083509912651,embedding_pca
esmc_PC1584,0.00018424057656880958,5.4620425688505005e-06,0.00018424057656880958,embedding_pca
esmc_PC1585,0.00017785202589725287,5.560987248498955e-06,0.00017785202589725287,embedding_pca
esmc_PC1586,0.00017973860784621922,6.747262122265836e-06,0.00017973860784621922,embedding_pca
esmc_PC1587,0.00018251558124828714,5.097231383850614e-06,0.00018251558124828714,embedding_pca
esmc_PC1588,0.0001766725930618989,5.074278082362336e-06,0.0001766725930618989,embedding_pca
esmc_PC1589,0.00018146791970354335,5.90386994721764e-06,0.00018146791970354335,embedding_pca
esmc_PC1590,0.00017766219197218805,1.27018707434248e-05,0.00017766219197218805,embedding_pca
esmc_PC1591,0.0001785556777945071,1.147602405041631e-05,0.0001785556777945071,embedding_pca
esmc_PC1592,0.00017961478457281753,4.164073786203445e-06,0.00017961478457281753,embedding_pca
esmc_PC1593,0.0001838133510960502,2.967312111895801e-06,0.0001838133510960502,embedding_pca
esmc_PC1594,0.00018267559352714695,4.237794507834221e-06,0.00018267559352714695,embedding_pca
esmc_PC1595,0.00019113423921842277,1.1352427202759852e-05,0.00019113423921842277,embedding_pca
esmc_PC1596,0.0001745214384097185,1.2916946917407129e-05,0.0001745214384097185,embedding_pca
esmc_PC1597,0.0001837907360004299,1.2395817188658653e-05,0.0001837907360004299,embedding_pca
esmc_PC1598,0.00017622423797298002,5.657705753512567e-06,0.00017622423797298002,embedding_pca
esmc_PC1599,0.00017764219154451695,6.554199652427825e-06,0.00017764219154451695,embedding_pca
esmc_PC1600,0.00018309921903774854,6.066452147130783e-06,0.00018309921903774854,embedding_pca
esmc_PC1601,0.0001848022825488557,8.04539573968924e-06,0.0001848022825488557,embedding_pca
esmc_PC1602,0.0001832949250289393,5.733236317132024e-06,0.0001832949250289393,embedding_pca
esmc_PC1603,0.0001928676979911682,8.670145628603545e-06,0.0001928676979911682,embedding_pca
esmc_PC1604,0.000188281689045526,7.347505309122086e-06,0.000188281689045526,embedding_pca
esmc_PC1605,0.00018253735198212496,1.11030072581115e-05,0.00018253735198212496,embedding_pca
esmc_PC1606,0.0001884095949847066,5.312332791996577e-06,0.0001884095949847066,embedding_pca
esmc_PC1607,0.00018615865231082928,7.049308041092038e-06,0.00018615865231082928,embedding_pca
esmc_PC1608,0.00017222653814583978,8.416053291576539e-06,0.00017222653814583978,embedding_pca
esmc_PC1609,0.00017849013297791902,5.994637815305952e-06,0.00017849013297791902,embedding_pca
esmc_PC1610,0.00018238761693597158,7.553578469785321e-06,0.00018238761693597158,embedding_pca
esmc_PC1611,0.00018539257969435764,8.81807752650771e-06,0.00018539257969435764,embedding_pca
esmc_PC1612,0.00017801564236482443,6.887241158992765e-06,0.00017801564236482443,embedding_pca
esmc_PC1613,0.00018615342536986318,4.0738861216098265e-06,0.00018615342536986318,embedding_pca
esmc_PC1614,0.00018572654987731612,1.5758090863089345e-05,0.00018572654987731612,embedding_pca
esmc_PC1615,0.00017943421235092603,2.448537237235512e-06,0.00017943421235092603,embedding_pca
esmc_PC1616,0.00018498677032389646,8.963668353100008e-06,0.00018498677032389646,embedding_pca
esmc_PC1617,0.0001747587742170899,3.0173807523473065e-06,0.0001747587742170899,embedding_pca
esmc_PC1618,0.0001780528227510533,7.004723485574844e-06,0.0001780528227510533,embedding_pca
esmc_PC1619,0.0001790169139395096,6.657224565341562e-06,0.0001790169139395096,embedding_pca
esmc_PC1620,0.00018503916280488087,1.0866486788683306e-05,0.00018503916280488087,embedding_pca
esmc_PC1621,0.00018125569764903537,7.587431234675441e-06,0.00018125569764903537,embedding_pca
esmc_PC1622,0.0001824831603084574,9.622865971959653e-06,0.0001824831603084574,embedding_pca
esmc_PC1623,0.00018564020437096502,9.982492044006272e-06,0.00018564020437096502,embedding_pca
esmc_PC1624,0.00018344960208634543,8.337520469180647e-06,0.00018344960208634543,embedding_pca
esmc_PC1625,0.00019006064024970198,1.3181177362149442e-05,0.00019006064024970198,embedding_pca
esmc_PC1626,0.00018006483559514062,1.3394051948431263e-05,0.00018006483559514062,embedding_pca
esmc_PC1627,0.00017797613437946775,4.784406211678161e-06,0.00017797613437946775,embedding_pca
esmc_PC1628,0.00017919885258163188,1.3190284171903784e-05,0.00017919885258163188,embedding_pca
esmc_PC1629,0.00018293562154176994,8.004725259339359e-06,0.00018293562154176994,embedding_pca
esmc_PC1630,0.00018297920704512358,6.3030756615187776e-06,0.00018297920704512358,embedding_pca
esmc_PC1631,0.00018624891817022854,4.466287065574075e-06,0.00018624891817022854,embedding_pca
esmc_PC1632,0.00018543609995130098,8.17441147304849e-06,0.00018543609995130098,embedding_pca
esmc_PC1633,0.0001758273543839202,9.655737180563978e-06,0.0001758273543839202,embedding_pca
esmc_PC1634,0.00018143516146442403,5.695387198388908e-06,0.00018143516146442403,embedding_pca
esmc_PC1635,0.00018768357508006195,6.8542331284841685e-06,0.00018768357508006195,embedding_pca
esmc_PC1636,0.00019049509411434766,1.0414660726173702e-05,0.00019049509411434766,embedding_pca
esmc_PC1637,0.00018168787725033857,1.2093735309007385e-05,0.00018168787725033857,embedding_pca
esmc_PC1638,0.0001801175201901173,1.1030056885876785e-05,0.0001801175201901173,embedding_pca
esmc_PC1639,0.00018832231621185275,9.443283687210908e-06,0.00018832231621185275,embedding_pca
esmc_PC1640,0.00017574257168525176,9.654588476104991e-06,0.00017574257168525176,embedding_pca
esmc_PC1641,0.000177419279423015,6.783993544701586e-06,0.000177419279423015,embedding_pca
esmc_PC1642,0.0001892521326590649,6.645088705909387e-06,0.0001892521326590649,embedding_pca
esmc_PC1643,0.00017256302798034453,4.964908255921292e-06,0.00017256302798034453,embedding_pca
esmc_PC1644,0.00017756802489108858,5.9612315006027835e-06,0.00017756802489108858,embedding_pca
esmc_PC1645,0.00018101857033060985,5.0190055189727306e-06,0.00018101857033060985,embedding_pca
esmc_PC1646,0.0001869902036875351,1.0971865081173991e-05,0.0001869902036875351,embedding_pca
esmc_PC1647,0.00017882165048856234,1.0306448856853333e-05,0.00017882165048856234,embedding_pca
esmc_PC1648,0.00018710033000401936,1.1460893091741364e-05,0.00018710033000401936,embedding_pca
esmc_PC1649,0.0001785797461438899,1.2120934519113678e-05,0.0001785797461438899,embedding_pca
esmc_PC1650,0.0001805576445487648,8.426688910603716e-06,0.0001805576445487648,embedding_pca
esmc_PC1651,0.00018139977651481518,9.370190761248054e-06,0.00018139977651481518,embedding_pca
esmc_PC1652,0.00017751324128972506,2.276399138645787e-06,0.00017751324128972506,embedding_pca
esmc_PC1653,0.0001873462136291357,6.7671961811051505e-06,0.0001873462136291357,embedding_pca
esmc_PC1654,0.00017724019449924874,9.139992039304443e-06,0.00017724019449924874,embedding_pca
esmc_PC1655,0.00018870192627195174,1.0226246450786585e-05,0.00018870192627195174,embedding_pca
esmc_PC1656,0.00017628281988083338,1.1164476501396482e-05,0.00017628281988083338,embedding_pca
esmc_PC1657,0.00017968875460797182,4.414493111732128e-06,0.00017968875460797182,embedding_pca
esmc_PC1658,0.00017812561117510248,4.608475381834143e-06,0.00017812561117510248,embedding_pca
esmc_PC1659,0.00017948143541845072,6.907481681417849e-06,0.00017948143541845072,embedding_pca
esmc_PC1660,0.0001808462517344566,7.397872582517335e-06,0.0001808462517344566,embedding_pca
esmc_PC1661,0.00018288737319318568,1.3386463742825628e-05,0.00018288737319318568,embedding_pca
esmc_PC1662,0.00017934777247590066,1.1896114456460346e-05,0.00017934777247590066,embedding_pca
esmc_PC1663,0.0001867210151839601,9.291939207884974e-06,0.0001867210151839601,embedding_pca
esmc_PC1664,0.00018571012657660327,1.0451671914165903e-05,0.00018571012657660327,embedding_pca
esmc_PC1665,0.00018555683524952582,1.6101003494804896e-05,0.00018555683524952582,embedding_pca
esmc_PC1666,0.00017482525448368858,7.934818594714433e-06,0.00017482525448368858,embedding_pca
esmc_PC1667,0.00017752925717752342,1.0401393012383087e-05,0.00017752925717752342,embedding_pca
esmc_PC1668,0.00019371135376488187,1.0929459038494834e-05,0.00019371135376488187,embedding_pca
esmc_PC1669,0.00018482616714000176,1.5668216310303233e-05,0.00018482616714000176,embedding_pca
esmc_PC1670,0.0001788694923438167,1.317752457340979e-06,0.0001788694923438167,embedding_pca
esmc_PC1671,0.00018112033598053387,9.383961480293524e-06,0.00018112033598053387,embedding_pca
esmc_PC1672,0.00017637127022520366,7.174066747416798e-06,0.00017637127022520366,embedding_pca
esmc_PC1673,0.00018031177379503047,1.4144483283861844e-05,0.00018031177379503047,embedding_pca
esmc_PC1674,0.00017914384695873369,6.021867657524945e-06,0.00017914384695873369,embedding_pca
esmc_PC1675,0.00018195398306903834,9.07537870773225e-06,0.00018195398306903834,embedding_pca
esmc_PC1676,0.00018434230169255586,1.098723284188155e-05,0.00018434230169255586,embedding_pca
esmc_PC1677,0.00018132256450983095,3.310504594153762e-06,0.00018132256450983095,embedding_pca
esmc_PC1678,0.0001873701957727123,1.1593713891942888e-05,0.0001873701957727123,embedding_pca
esmc_PC1679,0.00017977776266749472,8.257941868332019e-06,0.00017977776266749472,embedding_pca
esmc_PC1680,0.00017564918737625917,6.552463610601062e-06,0.00017564918737625917,embedding_pca
esmc_PC1681,0.00018044276864506037,8.839883175865402e-06,0.00018044276864506037,embedding_pca
esmc_PC1682,0.00018131881827207534,7.556936015404762e-06,0.00018131881827207534,embedding_pca
esmc_PC1683,0.00018361230902946032,4.279262115689804e-06,0.00018361230902946032,embedding_pca
esmc_PC1684,0.0001781084374781107,1.0486278779682738e-05,0.0001781084374781107,embedding_pca
esmc_PC1685,0.00018004973029023665,7.979948164242056e-06,0.00018004973029023665,embedding_pca
esmc_PC1686,0.00018146513777846308,5.278558818093825e-06,0.00018146513777846308,embedding_pca
esmc_PC1687,0.00018610763601830126,6.8061194209942605e-06,0.00018610763601830126,embedding_pca
esmc_PC1688,0.00018046472541219478,4.8693005842496e-06,0.00018046472541219478,embedding_pca
esmc_PC1689,0.00018460702023029177,1.1766817279958013e-05,0.00018460702023029177,embedding_pca
esmc_PC1690,0.00018709404941724981,6.419159462754607e-06,0.00018709404941724981,embedding_pca
esmc_PC1691,0.0001810230033619046,6.452833323699703e-06,0.0001810230033619046,embedding_pca
esmc_PC1692,0.0001815536165112909,9.335246015307394e-06,0.0001815536165112909,embedding_pca
esmc_PC1693,0.0001777797491613539,4.793013682539033e-06,0.0001777797491613539,embedding_pca
esmc_PC1694,0.0001822636165648691,3.980882918320048e-06,0.0001822636165648691,embedding_pca
esmc_PC1695,0.00017893722033190848,4.7801836173319215e-06,0.00017893722033190848,embedding_pca
esmc_PC1696,0.00017508185792632883,1.1094445719697344e-05,0.00017508185792632883,embedding_pca
esmc_PC1697,0.0001834579371242718,1.014439214474056e-05,0.0001834579371242718,embedding_pca
esmc_PC1698,0.00018384610503774043,1.054876697059514e-05,0.00018384610503774043,embedding_pca
esmc_PC1699,0.00017637791110705414,5.060343361846599e-06,0.00017637791110705414,embedding_pca
esmc_PC1700,0.00018511907343891703,8.392318913495349e-06,0.00018511907343891703,embedding_pca
esmc_PC1701,0.0001803726171887235,4.698668629983181e-06,0.0001803726171887235,embedding_pca
esmc_PC1702,0.00018579884119128746,1.373668623203826e-05,0.00018579884119128746,embedding_pca
esmc_PC1703,0.00017874323017824488,9.680512998840514e-06,0.00017874323017824488,embedding_pca
esmc_PC1704,0.00017588691930488248,7.440878898010405e-06,0.00017588691930488248,embedding_pca
esmc_PC1705,0.00018641897992365217,1.1185184619493264e-05,0.00018641897992365217,embedding_pca
esmc_PC1706,0.00018405785448662493,8.134266110456938e-06,0.00018405785448662493,embedding_pca
esmc_PC1707,0.0001859150155914136,1.143344663126742e-05,0.0001859150155914136,embedding_pca
esmc_PC1708,0.00017484319563926577,8.453103252195615e-06,0.00017484319563926577,embedding_pca
esmc_PC1709,0.00017952419910700426,9.991315690398595e-06,0.00017952419910700426,embedding_pca
esmc_PC1710,0.00018163776812787162,8.20348628055587e-06,0.00018163776812787162,embedding_pca
esmc_PC1711,0.00018313134391039856,5.703325125659966e-06,0.00018313134391039856,embedding_pca
esmc_PC1712,0.00018431431565027294,3.797438965761135e-06,0.00018431431565027294,embedding_pca
esmc_PC1713,0.00017716033389234847,1.0092338917482857e-05,0.00017716033389234847,embedding_pca
esmc_PC1714,0.00018832720456521428,9.166239028655383e-06,0.00018832720456521428,embedding_pca
esmc_PC1715,0.0001808575182399199,8.111640005807983e-06,0.0001808575182399199,embedding_pca
esmc_PC1716,0.000177184103508335,7.249958874670489e-06,0.000177184103508335,embedding_pca
esmc_PC1717,0.00018824427977272594,9.33958153081685e-06,0.00018824427977272594,embedding_pca
esmc_PC1718,0.0001853260841917377,4.876222762248306e-06,0.0001853260841917377,embedding_pca
esmc_PC1719,0.00018226451040205852,3.9699349183409694e-06,0.00018226451040205852,embedding_pca
esmc_PC1720,0.00017650849918436092,8.315615380058015e-06,0.00017650849918436092,embedding_pca
esmc_PC1721,0.00018353124037196513,9.359204488357858e-06,0.00018353124037196513,embedding_pca
esmc_PC1722,0.00017855770435869087,7.586780452142012e-06,0.00017855770435869087,embedding_pca
esmc_PC1723,0.0001911366046766099,1.3017557033357677e-05,0.0001911366046766099,embedding_pca
esmc_PC1724,0.00018415157248469804,1.0084119249072622e-05,0.00018415157248469804,embedding_pca
esmc_PC1725,0.0001754270183004896,3.1583798930624987e-06,0.0001754270183004896,embedding_pca
esmc_PC1726,0.00018447860629208613,4.978759030235692e-06,0.00018447860629208613,embedding_pca
esmc_PC1727,0.00018318811187676467,8.659141054907508e-06,0.00018318811187676467,embedding_pca
esmc_PC1728,0.00018058507419248877,8.59224954557962e-06,0.00018058507419248877,embedding_pca
esmc_PC1729,0.00018511384312219664,1.0903405966899e-05,0.00018511384312219664,embedding_pca
esmc_PC1730,0.00018001190700052934,1.0260629308213837e-05,0.00018001190700052934,embedding_pca
esmc_PC1731,0.00018236318880123702,3.726814312813273e-06,0.00018236318880123702,embedding_pca
esmc_PC1732,0.00017990605898917942,4.710100453758903e-06,0.00017990605898917942,embedding_pca
esmc_PC1733,0.00017524795686138934,9.828264095695667e-06,0.00017524795686138934,embedding_pca
esmc_PC1734,0.00018859333028183937,1.4919374945918105e-05,0.00018859333028183937,embedding_pca
esmc_PC1735,0.00017526783111087725,5.26284143749924e-06,0.00017526783111087725,embedding_pca
esmc_PC1736,0.00017496702002063846,4.636392518342098e-06,0.00017496702002063846,embedding_pca
esmc_PC1737,0.00017335946836922843,6.249008843738777e-06,0.00017335946836922843,embedding_pca
esmc_PC1738,0.00018743956157171948,7.293818563053576e-06,0.00018743956157171948,embedding_pca
esmc_PC1739,0.00017876674436239102,1.5711143576856153e-05,0.00017876674436239102,embedding_pca
esmc_PC1740,0.00017248600878469475,5.100354044729784e-06,0.00017248600878469475,embedding_pca
esmc_PC1741,0.00017716380912274438,1.0518247911703825e-05,0.00017716380912274438,embedding_pca
esmc_PC1742,0.0001723246965081231,7.594719669831044e-06,0.0001723246965081231,embedding_pca
esmc_PC1743,0.0001839932571695832,6.349910498108686e-06,0.0001839932571695832,embedding_pca
esmc_PC1744,0.00018044064001189708,1.0693910984243608e-05,0.00018044064001189708,embedding_pca
esmc_PC1745,0.0001796661015471193,6.726929211504711e-06,0.0001796661015471193,embedding_pca
esmc_PC1746,0.0001762752099616978,7.978726329895123e-06,0.0001762752099616978,embedding_pca
esmc_PC1747,0.00018187576847864662,8.516506130685363e-06,0.00018187576847864662,embedding_pca
esmc_PC1748,0.00018689240060593563,4.544604879065127e-06,0.00018689240060593563,embedding_pca
esmc_PC1749,0.00018324821675084877,9.243164428222998e-06,0.00018324821675084877,embedding_pca
esmc_PC1750,0.00018216737971539428,7.450948160620966e-06,0.00018216737971539428,embedding_pca
esmc_PC1751,0.00018438677952459107,3.989957402400507e-06,0.00018438677952459107,embedding_pca
esmc_PC1752,0.00018592220948691332,4.421936298450911e-06,0.00018592220948691332,embedding_pca
esmc_PC1753,0.0001813285884447015,1.1547301864665468e-05,0.0001813285884447015,embedding_pca
esmc_PC1754,0.00017929383121792513,1.1153815145010034e-05,0.00017929383121792513,embedding_pca
esmc_PC1755,0.0001834517954981349,5.542164772360664e-06,0.0001834517954981349,embedding_pca
esmc_PC1756,0.0001812586816697632,7.339194887112383e-06,0.0001812586816697632,embedding_pca
esmc_PC1757,0.00017623518191825982,1.0238421283315217e-05,0.00017623518191825982,embedding_pca
esmc_PC1758,0.0001849604472372613,8.88899902271524e-06,0.0001849604472372613,embedding_pca
esmc_PC1759,0.00018705097952906926,7.755215189547345e-06,0.00018705097952906926,embedding_pca
esmc_PC1760,0.00018389086832323501,1.0771596134217044e-05,0.00018389086832323501,embedding_pca
esmc_PC1761,0.00017771221481733046,5.422306720042906e-06,0.00017771221481733046,embedding_pca
esmc_PC1762,0.00018481705742344094,6.033573246442796e-06,0.00018481705742344094,embedding_pca
esmc_PC1763,0.00018578602991092222,1.191677010198714e-05,0.00018578602991092222,embedding_pca
esmc_PC1764,0.00017937176331022002,6.910523980822666e-06,0.00017937176331022002,embedding_pca
esmc_PC1765,0.00018051158143029525,1.1573102618059452e-05,0.00018051158143029525,embedding_pca
esmc_PC1766,0.00018642471616871835,1.4608389448522167e-05,0.00018642471616871835,embedding_pca
esmc_PC1767,0.00018153016717741292,9.005779543687955e-06,0.00018153016717741292,embedding_pca
esmc_PC1768,0.00018184841951507903,8.54211641714142e-06,0.00018184841951507903,embedding_pca
esmc_PC1769,0.00018733050505450458,5.89084558569182e-06,0.00018733050505450458,embedding_pca
esmc_PC1770,0.00017753440069844952,1.0386558518858727e-05,0.00017753440069844952,embedding_pca
esmc_PC1771,0.00018247064067885343,7.3758235038263696e-06,0.00018247064067885343,embedding_pca
esmc_PC1772,0.00017696829951606424,7.327821718524988e-06,0.00017696829951606424,embedding_pca
esmc_PC1773,0.0001854467727992888,6.285541090084782e-06,0.0001854467727992888,embedding_pca
esmc_PC1774,0.00018559191424134895,4.318488886573733e-06,0.00018559191424134895,embedding_pca
esmc_PC1775,0.0001719869378501293,7.88345266318034e-06,0.0001719869378501293,embedding_pca
esmc_PC1776,0.00018944442557279753,9.474209578868814e-06,0.00018944442557279753,embedding_pca
esmc_PC1777,0.00018445619130156497,7.890260873555606e-06,0.00018445619130156497,embedding_pca
esmc_PC1778,0.00017774059702590635,8.333002683896718e-06,0.00017774059702590635,embedding_pca
esmc_PC1779,0.00017660967654299753,4.421940597874078e-06,0.00017660967654299753,embedding_pca
esmc_PC1780,0.00017898407241904033,3.3165821844181216e-06,0.00017898407241904033,embedding_pca
esmc_PC1781,0.0001794237578803787,7.935122177874042e-06,0.0001794237578803787,embedding_pca
esmc_PC1782,0.00017797379597525462,1.5111990375072203e-05,0.00017797379597525462,embedding_pca
esmc_PC1783,0.0001770936784597073,4.122341901227176e-06,0.0001770936784597073,embedding_pca
esmc_PC1784,0.00017851654224319073,1.015691677454904e-05,0.00017851654224319073,embedding_pca
esmc_PC1785,0.0001812307955046034,2.7620496118795828e-06,0.0001812307955046034,embedding_pca
esmc_PC1786,0.00018650934457444267,6.534843560663362e-06,0.00018650934457444267,embedding_pca
esmc_PC1787,0.00018175690887602814,5.4511469494481695e-06,0.00018175690887602814,embedding_pca
esmc_PC1788,0.00017575869103343542,1.2949929343488695e-05,0.00017575869103343542,embedding_pca
esmc_PC1789,0.0001927650580498643,1.0975088642131383e-05,0.0001927650580498643,embedding_pca
esmc_PC1790,0.00017792409755463536,9.315117303296767e-06,0.00017792409755463536,embedding_pca
esmc_PC1791,0.00018300678041311612,2.3554254413368157e-06,0.00018300678041311612,embedding_pca
esmc_PC1792,0.0001835722469991768,3.328525837546002e-06,0.0001835722469991768,embedding_pca
esmc_PC1793,0.0001810603574634154,1.3591436519359199e-05,0.0001810603574634154,embedding_pca
esmc_PC1794,0.0001889218981861415,1.0837498033827647e-05,0.0001889218981861415,embedding_pca
esmc_PC1795,0.00018317036964966968,4.92587891513366e-06,0.00018317036964966968,embedding_pca
esmc_PC1796,0.0001827147791303782,9.631519387818209e-06,0.0001827147791303782,embedding_pca
esmc_PC1797,0.00017589200723901768,7.76744784253929e-06,0.00017589200723901768,embedding_pca
esmc_PC1798,0.0001744539412980816,4.225709700641889e-06,0.0001744539412980816,embedding_pca
esmc_PC1799,0.00018682335503023259,1.0550836144573128e-05,0.00018682335503023259,embedding_pca
esmc_PC1800,0.00018052293370438862,9.720538655119734e-06,0.00018052293370438862,embedding_pca
esmc_PC1801,0.0001864349537575618,6.8342030944082006e-06,0.0001864349537575618,embedding_pca
esmc_PC1802,0.00018180331685290323,1.5613308942527493e-05,0.00018180331685290323,embedding_pca
esmc_PC1803,0.00017784770146252565,7.4241880020335665e-06,0.00017784770146252565,embedding_pca
esmc_PC1804,0.0001813659446971842,1.3339200712485202e-06,0.0001813659446971842,embedding_pca
esmc_PC1805,0.00018089877477334512,8.618161796384165e-06,0.00018089877477334512,embedding_pca
esmc_PC1806,0.00017973980138655607,1.0332523354846167e-05,0.00017973980138655607,embedding_pca
esmc_PC1807,0.00018300629978784672,1.4176154359743975e-05,0.00018300629978784672,embedding_pca
esmc_PC1808,0.00018413444521061178,8.865289189014587e-06,0.00018413444521061178,embedding_pca
esmc_PC1809,0.00017886697854757697,4.866044326897815e-06,0.00017886697854757697,embedding_pca
esmc_PC1810,0.000178503374947001,7.397466418187373e-06,0.000178503374947001,embedding_pca
esmc_PC1811,0.00018368891338575358,9.789698411503729e-06,0.00018368891338575358,embedding_pca
esmc_PC1812,0.00018102568046288729,4.855922776959782e-06,0.00018102568046288729,embedding_pca
esmc_PC1813,0.00018230710288903905,4.084233122805159e-06,0.00018230710288903905,embedding_pca
esmc_PC1814,0.00017642650119956488,1.3820690123835969e-05,0.00017642650119956488,embedding_pca
esmc_PC1815,0.00017172101328921812,7.328994330231119e-06,0.00017172101328921812,embedding_pca
esmc_PC1816,0.00018437469875895934,9.000825066408935e-06,0.00018437469875895934,embedding_pca
esmc_PC1817,0.00017278461967689575,5.995123475709124e-06,0.00017278461967689575,embedding_pca
esmc_PC1818,0.00017927973783282643,1.175554095181261e-05,0.00017927973783282643,embedding_pca
esmc_PC1819,0.00018012760314032667,4.37775716392142e-06,0.00018012760314032667,embedding_pca
esmc_PC1820,0.00018955221407494308,1.0763063913781557e-05,0.00018955221407494308,embedding_pca
esmc_PC1821,0.00017968916656585873,3.7418212357929583e-06,0.00017968916656585873,embedding_pca
esmc_PC1822,0.00018261997763254514,7.572388175842909e-06,0.00018261997763254514,embedding_pca
esmc_PC1823,0.00018065962049707362,6.356397261696945e-06,0.00018065962049707362,embedding_pca
esmc_PC1824,0.0001817062425970846,7.558806838920047e-06,0.0001817062425970846,embedding_pca
esmc_PC1825,0.00019037555363160533,1.54685823929836e-05,0.00019037555363160533,embedding_pca
esmc_PC1826,0.00018090653260757536,5.9698686474968955e-06,0.00018090653260757536,embedding_pca
esmc_PC1827,0.00018195754707321226,7.032609240917146e-06,0.00018195754707321226,embedding_pca
esmc_PC1828,0.0001769727602012745,6.344976286668857e-06,0.0001769727602012745,embedding_pca
esmc_PC1829,0.00017890158167137486,1.0927803861733208e-05,0.00017890158167137486,embedding_pca
esmc_PC1830,0.00018437163142005075,7.636780909503829e-06,0.00018437163142005075,embedding_pca
esmc_PC1831,0.00017553826494828747,7.696065590316707e-06,0.00017553826494828747,embedding_pca
esmc_PC1832,0.0001826036257092896,1.9607639318885004e-06,0.0001826036257092896,embedding_pca
esmc_PC1833,0.00017828814389765535,8.544813451227301e-06,0.00017828814389765535,embedding_pca
esmc_PC1834,0.00017613780882822552,7.128918466014246e-06,0.00017613780882822552,embedding_pca
esmc_PC1835,0.00017462868156449912,8.487107189197333e-06,0.00017462868156449912,embedding_pca
esmc_PC1836,0.00018579718420534704,8.944631178001476e-06,0.00018579718420534704,embedding_pca
esmc_PC1837,0.00017476697257387186,1.2974555415614652e-05,0.00017476697257387186,embedding_pca
esmc_PC1838,0.0001774618904336247,1.1442407304106053e-05,0.0001774618904336247,embedding_pca
esmc_PC1839,0.0001758359757209354,7.847141544474693e-06,0.0001758359757209354,embedding_pca
esmc_PC1840,0.0001854835517073127,1.1319374231095446e-05,0.0001854835517073127,embedding_pca
esmc_PC1841,0.00018041958910700837,3.6507957313277612e-06,0.00018041958910700837,embedding_pca
esmc_PC1842,0.00018711017304929247,7.73054077918995e-06,0.00018711017304929247,embedding_pca
esmc_PC1843,0.00018106897183610364,8.916782130565497e-06,0.00018106897183610364,embedding_pca
esmc_PC1844,0.00017916771553324874,7.594003964976302e-06,0.00017916771553324874,embedding_pca
esmc_PC1845,0.00018427665861950408,8.879743982899844e-06,0.00018427665861950408,embedding_pca
esmc_PC1846,0.00018208225478822976,4.5175011734327215e-06,0.00018208225478822976,embedding_pca
esmc_PC1847,0.0001880056844775812,7.686677107474502e-06,0.0001880056844775812,embedding_pca
esmc_PC1848,0.00018134380592081138,8.40379947388915e-06,0.00018134380592081138,embedding_pca
esmc_PC1849,0.0001786909650829687,5.828049039057096e-06,0.0001786909650829687,embedding_pca
esmc_PC1850,0.00018797120170092467,6.5780709563491485e-06,0.00018797120170092467,embedding_pca
esmc_PC1851,0.00018786006681537274,9.907216981869823e-06,0.00018786006681537274,embedding_pca
esmc_PC1852,0.00018720391089238993,8.399078725298101e-06,0.00018720391089238993,embedding_pca
esmc_PC1853,0.0001845992325011953,1.3355059901491462e-05,0.0001845992325011953,embedding_pca
esmc_PC1854,0.00018034795018871387,1.3837587315347495e-05,0.00018034795018871387,embedding_pca
esmc_PC1855,0.00017743291178595478,7.297192072892278e-06,0.00017743291178595478,embedding_pca
esmc_PC1856,0.00018177991611683652,7.344472379847559e-06,0.00018177991611683652,embedding_pca
esmc_PC1857,0.00018672844337531941,9.985536296076323e-06,0.00018672844337531941,embedding_pca
esmc_PC1858,0.00018180788052856307,7.280104106833476e-06,0.00018180788052856307,embedding_pca
esmc_PC1859,0.00018426761334365001,5.667988261367298e-06,0.00018426761334365001,embedding_pca
esmc_PC1860,0.00018095031262576317,1.0595894504105993e-05,0.00018095031262576317,embedding_pca
esmc_PC1861,0.00018319666833521085,7.359739046713581e-06,0.00018319666833521085,embedding_pca
esmc_PC1862,0.00017258899232864004,1.3922673822716816e-05,0.00017258899232864004,embedding_pca
esmc_PC1863,0.00017841301271248218,1.198740311635395e-05,0.00017841301271248218,embedding_pca
esmc_PC1864,0.00017842627772450323,5.959098185198138e-06,0.00017842627772450323,embedding_pca
esmc_PC1865,0.00018337935663870355,4.4352575876022736e-06,0.00018337935663870355,embedding_pca
esmc_PC1866,0.00018928809487428515,1.019007449622942e-05,0.00018928809487428515,embedding_pca
esmc_PC1867,0.00018034780409259478,1.2929830995410126e-05,0.00018034780409259478,embedding_pca
esmc_PC1868,0.00017923624057490962,7.563989573546195e-06,0.00017923624057490962,embedding_pca
esmc_PC1869,0.00017831623025802224,1.5286684825919787e-05,0.00017831623025802224,embedding_pca
esmc_PC1870,0.00017463754601405347,7.620197852165832e-06,0.00017463754601405347,embedding_pca
esmc_PC1871,0.00018025481898089254,7.89730496215758e-06,0.00018025481898089254,embedding_pca
esmc_PC1872,0.0001822492622973158,1.0509566886779406e-05,0.0001822492622973158,embedding_pca
esmc_PC1873,0.00018231076282502996,4.745132930893354e-06,0.00018231076282502996,embedding_pca
esmc_PC1874,0.000182029867092547,4.078775123838716e-06,0.000182029867092547,embedding_pca
esmc_PC1875,0.0001753676407348982,8.409921321918473e-06,0.0001753676407348982,embedding_pca
esmc_PC1876,0.00018436106179592224,5.7772290876283296e-06,0.00018436106179592224,embedding_pca
esmc_PC1877,0.00018473177015187908,7.031411511506732e-06,0.00018473177015187908,embedding_pca
esmc_PC1878,0.00018398162299484806,1.0392772346034804e-05,0.00018398162299484806,embedding_pca
esmc_PC1879,0.00018089650571103397,2.316333632848199e-06,0.00018089650571103397,embedding_pca
esmc_PC1880,0.00018032299110059015,4.942785493664259e-06,0.00018032299110059015,embedding_pca
esmc_PC1881,0.00017870421877172718,1.1314690511020864e-05,0.00017870421877172718,embedding_pca
esmc_PC1882,0.00017972227389476808,7.479281394254974e-06,0.00017972227389476808,embedding_pca
esmc_PC1883,0.00018547814414214656,4.709804285778373e-06,0.00018547814414214656,embedding_pca
esmc_PC1884,0.0001794661621532449,1.0102618914107058e-05,0.0001794661621532449,embedding_pca
esmc_PC1885,0.00017450375967743213,7.975898319681815e-06,0.00017450375967743213,embedding_pca
esmc_PC1886,0.00017910454251961696,8.223763550434631e-06,0.00017910454251961696,embedding_pca
esmc_PC1887,0.00016815931052830232,9.146360225464131e-06,0.00016815931052830232,embedding_pca
esmc_PC1888,0.00018191895032545748,6.318484281347036e-06,0.00018191895032545748,embedding_pca
esmc_PC1889,0.00018436649583027548,9.94217396348956e-06,0.00018436649583027548,embedding_pca
esmc_PC1890,0.0001778687490190032,1.2341484241320933e-05,0.0001778687490190032,embedding_pca
esmc_PC1891,0.0001758398090011279,7.636875991268609e-06,0.0001758398090011279,embedding_pca
esmc_PC1892,0.00018423327424758477,8.242286714682917e-06,0.00018423327424758477,embedding_pca
esmc_PC1893,0.00017746866017255694,1.1938889819055981e-05,0.00017746866017255694,embedding_pca
esmc_PC1894,0.0001788720547961147,6.755055206758049e-06,0.0001788720547961147,embedding_pca
esmc_PC1895,0.00018294407099236576,6.677362905256781e-06,0.00018294407099236576,embedding_pca
esmc_PC1896,0.0001817178127214268,9.561006785981875e-06,0.0001817178127214268,embedding_pca
esmc_PC1897,0.0001772060609832105,2.8546453542737337e-06,0.0001772060609832105,embedding_pca
esmc_PC1898,0.0001818580127455441,1.1854627049438088e-05,0.0001818580127455441,embedding_pca
esmc_PC1899,0.00017595399966539721,1.1989362633217481e-05,0.00017595399966539721,embedding_pca
esmc_PC1900,0.00017885463177815417,4.938860944099158e-06,0.00017885463177815417,embedding_pca
esmc_PC1901,0.00018486526584487388,6.73739445058285e-06,0.00018486526584487388,embedding_pca
esmc_PC1902,0.000175279904298841,6.502828191530136e-06,0.000175279904298841,embedding_pca
esmc_PC1903,0.0001750072108511372,7.890528772550628e-06,0.0001750072108511372,embedding_pca
esmc_PC1904,0.00018821100124840189,5.4304319711887644e-06,0.00018821100124840189,embedding_pca
esmc_PC1905,0.00017862074675380137,8.953061578690733e-06,0.00017862074675380137,embedding_pca
esmc_PC1906,0.00018481203439491285,8.216641631472772e-06,0.00018481203439491285,embedding_pca
esmc_PC1907,0.0001843273514369499,1.18059198308678e-05,0.0001843273514369499,embedding_pca
esmc_PC1908,0.00017422051242978762,7.463513134717587e-06,0.00017422051242978762,embedding_pca
esmc_PC1909,0.0001846362418082822,1.2120080880325621e-05,0.0001846362418082822,embedding_pca
esmc_PC1910,0.00017901203080070738,7.665145975009163e-06,0.00017901203080070738,embedding_pca
esmc_PC1911,0.00018238336078970914,4.196121843932192e-06,0.00018238336078970914,embedding_pca
esmc_PC1912,0.00018631166049870696,6.8516577344391326e-06,0.00018631166049870696,embedding_pca
esmc_PC1913,0.0001813599597154089,4.577523790041431e-06,0.0001813599597154089,embedding_pca
esmc_PC1914,0.00018227506316859655,7.841555349870764e-06,0.00018227506316859655,embedding_pca
esmc_PC1915,0.00018418535086802407,7.194078646699608e-06,0.00018418535086802407,embedding_pca
esmc_PC1916,0.00017966743591492932,7.306146459833174e-06,0.00017966743591492932,embedding_pca
esmc_PC1917,0.00017916445023905702,5.3369257309172025e-06,0.00017916445023905702,embedding_pca
esmc_PC1918,0.00018337787845821812,1.3880266851581706e-05,0.00018337787845821812,embedding_pca
esmc_PC1919,0.00018429015402739111,3.168787467295455e-06,0.00018429015402739111,embedding_pca
esmc_PC1920,0.00018334139789619896,6.247817402329473e-06,0.00018334139789619896,embedding_pca
esmc_PC1921,0.00017557292753855457,8.336188618570976e-06,0.00017557292753855457,embedding_pca
esmc_PC1922,0.00018521912061236374,5.326274800609213e-06,0.00018521912061236374,embedding_pca
esmc_PC1923,0.00017602823752336068,1.4136608066756318e-05,0.00017602823752336068,embedding_pca
esmc_PC1924,0.00018441610457187594,9.411006108431242e-06,0.00018441610457187594,embedding_pca
esmc_PC1925,0.00018324265829294285,1.2672556369602197e-05,0.00018324265829294285,embedding_pca
esmc_PC1926,0.000178918815146146,6.384769446330187e-06,0.000178918815146146,embedding_pca
esmc_PC1927,0.0001782315072896737,1.1210872452310044e-05,0.0001782315072896737,embedding_pca
esmc_PC1928,0.00018594680809221859,8.361025228108717e-06,0.00018594680809221859,embedding_pca
esmc_PC1929,0.00017477602883699916,7.460505509679442e-06,0.00017477602883699916,embedding_pca
esmc_PC1930,0.0001785554194521752,7.098651852361151e-06,0.0001785554194521752,embedding_pca
esmc_PC1931,0.00018167616518332077,1.046990790685565e-05,0.00018167616518332077,embedding_pca
esmc_PC1932,0.00018369639935475224,8.566123515962143e-06,0.00018369639935475224,embedding_pca
esmc_PC1933,0.00017953599358903942,1.3185868979001288e-05,0.00017953599358903942,embedding_pca
esmc_PC1934,0.00017877174242145451,4.030759586592767e-06,0.00017877174242145451,embedding_pca
esmc_PC1935,0.0001827726961445344,5.137455719201504e-06,0.0001827726961445344,embedding_pca
esmc_PC1936,0.00018190778363617153,6.973413590442276e-06,0.00018190778363617153,embedding_pca
esmc_PC1937,0.00018783918465664417,4.7220213936559405e-06,0.00018783918465664417,embedding_pca
esmc_PC1938,0.00018592478100967936,6.51469101906093e-06,0.00018592478100967936,embedding_pca
esmc_PC1939,0.00017950613845184497,1.341711326508764e-05,0.00017950613845184497,embedding_pca
esmc_PC1940,0.00019300497266897204,8.559326462674687e-06,0.00019300497266897204,embedding_pca
esmc_PC1941,0.00018605422698698122,9.348716432359782e-06,0.00018605422698698122,embedding_pca
esmc_PC1942,0.00017732212252222915,7.6086755558943025e-06,0.00017732212252222915,embedding_pca
esmc_PC1943,0.00017931938850448314,9.734980177497534e-06,0.00017931938850448314,embedding_pca
esmc_PC1944,0.00018043032623913708,4.312933698724836e-06,0.00018043032623913708,embedding_pca
esmc_PC1945,0.000182102985177674,5.747849547292708e-06,0.000182102985177674,embedding_pca
esmc_PC1946,0.0001830978521723602,8.618343221734971e-06,0.0001830978521723602,embedding_pca
esmc_PC1947,0.00018343823773028773,1.1768293766358334e-05,0.00018343823773028773,embedding_pca
esmc_PC1948,0.0001741495090782324,6.492923408447781e-06,0.0001741495090782324,embedding_pca
esmc_PC1949,0.00017790840127395916,4.662864396962481e-06,0.00017790840127395916,embedding_pca
esmc_PC1950,0.00018455297779088677,5.956159669487352e-06,0.00018455297779088677,embedding_pca
esmc_PC1951,0.00018359663266943746,7.985102107896749e-06,0.00018359663266943746,embedding_pca
esmc_PC1952,0.00017686182253244032,9.08876827968765e-06,0.00017686182253244032,embedding_pca
esmc_PC1953,0.000185776522620317,8.033032665933403e-06,0.000185776522620317,embedding_pca
esmc_PC1954,0.0001816214038774203,9.54294841007796e-06,0.0001816214038774203,embedding_pca
esmc_PC1955,0.00018170658090715637,9.034475021966567e-06,0.00018170658090715637,embedding_pca
esmc_PC1956,0.00018429680273278,1.115475046174845e-05,0.00018429680273278,embedding_pca
esmc_PC1957,0.00017348059456765634,4.419846808251602e-06,0.00017348059456765634,embedding_pca
esmc_PC1958,0.00017712761825627467,1.0911102134441757e-05,0.00017712761825627467,embedding_pca
esmc_PC1959,0.0001822125137369773,1.1459050014940999e-05,0.0001822125137369773,embedding_pca
esmc_PC1960,0.00018697682833018894,9.547665891501372e-06,0.00018697682833018894,embedding_pca
esmc_PC1961,0.00017452337723796943,3.414312354636788e-06,0.00017452337723796943,embedding_pca
esmc_PC1962,0.00017795528341849092,7.193393422117275e-06,0.00017795528341849092,embedding_pca
esmc_PC1963,0.00018386972251987783,6.920122791485554e-06,0.00018386972251987783,embedding_pca
esmc_PC1964,0.000176686988818838,7.907544673979812e-06,0.000176686988818838,embedding_pca
esmc_PC1965,0.00017975777069183756,3.6470256613975255e-06,0.00017975777069183756,embedding_pca
esmc_PC1966,0.0001836910523956087,6.744630980553259e-06,0.0001836910523956087,embedding_pca
esmc_PC1967,0.00018310406782209588,1.0627421712952977e-05,0.00018310406782209588,embedding_pca
esmc_PC1968,0.0001812797557669247,4.865106879084748e-06,0.0001812797557669247,embedding_pca
esmc_PC1969,0.0001773196060133516,6.52890273973019e-06,0.0001773196060133516,embedding_pca
esmc_PC1970,0.00018329176688705224,3.5032184619849495e-06,0.00018329176688705224,embedding_pca
esmc_PC1971,0.00018855397232551383,1.0362829261754266e-05,0.00018855397232551383,embedding_pca
esmc_PC1972,0.00018485818666465017,1.0724496760030534e-05,0.00018485818666465017,embedding_pca
esmc_PC1973,0.00017922953903364193,1.143975341773107e-05,0.00017922953903364193,embedding_pca
esmc_PC1974,0.0001791393202481112,7.988501508007718e-06,0.0001791393202481112,embedding_pca
esmc_PC1975,0.0001808679650355161,4.8660744389283385e-06,0.0001808679650355161,embedding_pca
esmc_PC1976,0.00018391677195520942,1.4257776348668021e-05,0.00018391677195520942,embedding_pca
esmc_PC1977,0.00018192442912236078,4.968548376227667e-06,0.00018192442912236078,embedding_pca
esmc_PC1978,0.00018111904184744636,7.4017970902940765e-06,0.00018111904184744636,embedding_pca
esmc_PC1979,0.00018435919489836875,1.0808437401501328e-05,0.00018435919489836875,embedding_pca
esmc_PC1980,0.00018095862919534323,9.91004591446571e-06,0.00018095862919534323,embedding_pca
esmc_PC1981,0.00017529524715278978,9.850528236919964e-06,0.00017529524715278978,embedding_pca
esmc_PC1982,0.00018205816577672188,8.010901017878976e-06,0.00018205816577672188,embedding_pca
esmc_PC1983,0.0001869335186894229,7.286514244197282e-06,0.0001869335186894229,embedding_pca
esmc_PC1984,0.00018512374175306333,5.215075800081805e-06,0.00018512374175306333,embedding_pca
esmc_PC1985,0.0001797987356436953,1.135795892319872e-05,0.0001797987356436953,embedding_pca
esmc_PC1986,0.0001856025155630334,9.214394769344044e-06,0.0001856025155630334,embedding_pca
esmc_PC1987,0.00017686748974466972,1.0479220970609504e-05,0.00017686748974466972,embedding_pca
esmc_PC1988,0.00018157402473050366,5.9088333619701385e-06,0.00018157402473050366,embedding_pca
esmc_PC1989,0.00017636271846932597,8.12755277011373e-06,0.00017636271846932597,embedding_pca
esmc_PC1990,0.00018573739529476155,6.899359257942091e-06,0.00018573739529476155,embedding_pca
esmc_PC1991,0.00017392020701379997,6.607986410556686e-06,0.00017392020701379997,embedding_pca
esmc_PC1992,0.0001835065295555246,1.0527759038655528e-05,0.0001835065295555246,embedding_pca
esmc_PC1993,0.00018133416625821266,7.561553919017839e-06,0.00018133416625821266,embedding_pca
esmc_PC1994,0.00018025453529895525,3.863334949246427e-06,0.00018025453529895525,embedding_pca
esmc_PC1995,0.00017525774670001902,3.7118887470755985e-06,0.00017525774670001902,embedding_pca
esmc_PC1996,0.00018095319384146661,1.1039293577500286e-05,0.00018095319384146661,embedding_pca
esmc_PC1997,0.00017978512745579016,6.762666669209152e-06,0.00017978512745579016,embedding_pca
esmc_PC1998,0.000185189212844124,7.536620533302218e-06,0.000185189212844124,embedding_pca
esmc_PC1999,0.00019070588512264843,1.6055446462629885e-05,0.00019070588512264843,embedding_pca
esmc_PC2000,0.00018143210540647964,5.638376163905505e-06,0.00018143210540647964,embedding_pca
esmc_PC2001,0.000180583135274221,5.136729716533923e-06,0.000180583135274221,embedding_pca
esmc_PC2002,0.0001836040383205017,1.1203190790082552e-05,0.0001836040383205017,embedding_pca
esmc_PC2003,0.00017875010176485482,4.218495127848086e-06,0.00017875010176485482,embedding_pca
esmc_PC2004,0.00019108693427616862,7.197773266787115e-06,0.00019108693427616862,embedding_pca
esmc_PC2005,0.0001834758712170261,9.357558550898023e-06,0.0001834758712170261,embedding_pca
esmc_PC2006,0.0001818485862380424,9.907729867441411e-06,0.0001818485862380424,embedding_pca
esmc_PC2007,0.0001769497079210888,7.572629858147604e-06,0.0001769497079210888,embedding_pca
esmc_PC2008,0.0001793635952381811,8.030474369173045e-06,0.0001793635952381811,embedding_pca
esmc_PC2009,0.00017643173579305206,8.815943981501912e-06,0.00017643173579305206,embedding_pca
esmc_PC2010,0.00018088190118356547,1.0615511047650472e-05,0.00018088190118356547,embedding_pca
esmc_PC2011,0.00017661267991707624,9.535573512829905e-06,0.00017661267991707624,embedding_pca
esmc_PC2012,0.00018302416560246512,8.854963507830778e-06,0.00018302416560246512,embedding_pca
esmc_PC2013,0.0001781052815171766,6.086874864953089e-06,0.0001781052815171766,embedding_pca
esmc_PC2014,0.00017391532266332435,7.150050711665744e-06,0.00017391532266332435,embedding_pca
esmc_PC2015,0.00018591817261057316,7.4273055780047024e-06,0.00018591817261057316,embedding_pca
esmc_PC2016,0.00017970178760566303,1.6975578402621513e-05,0.00017970178760566303,embedding_pca
esmc_PC2017,0.00017665490559438658,2.68716900346871e-06,0.00017665490559438658,embedding_pca
esmc_PC2018,0.00018266439934651153,4.2728058524512335e-06,0.00018266439934651153,embedding_pca
esmc_PC2019,0.00018419053110557804,5.201339881192996e-06,0.00018419053110557804,embedding_pca
esmc_PC2020,0.00017514487629871628,4.434605091431456e-06,0.00017514487629871628,embedding_pca
esmc_PC2021,0.00018229341770695386,8.75245396472578e-06,0.00018229341770695386,embedding_pca
esmc_PC2022,0.0001800967261848827,7.265869526668284e-06,0.0001800967261848827,embedding_pca
esmc_PC2023,0.00018016118453298145,9.618508499823759e-06,0.00018016118453298145,embedding_pca
esmc_PC2024,0.0001769622238580406,1.1804385778993786e-05,0.0001769622238580406,embedding_pca
esmc_PC2025,0.0001780534551339864,5.9939269180496666e-06,0.0001780534551339864,embedding_pca
esmc_PC2026,0.00017983309199647179,6.65640718550525e-06,0.00017983309199647179,embedding_pca
esmc_PC2027,0.0001830528205422893,7.008119821478952e-06,0.0001830528205422893,embedding_pca
esmc_PC2028,0.00017908008469752948,8.971641340251835e-06,0.00017908008469752948,embedding_pca
esmc_PC2029,0.0001770529034855721,4.5177525663914066e-06,0.0001770529034855721,embedding_pca
esmc_PC2030,0.00018203630220280938,1.195882169773791e-05,0.00018203630220280938,embedding_pca
esmc_PC2031,0.00018332872636855614,1.00703164480057e-05,0.00018332872636855614,embedding_pca
esmc_PC2032,0.00018048963225338212,9.813599614063036e-06,0.00018048963225338212,embedding_pca
esmc_PC2033,0.000183233014118985,6.947584137649151e-06,0.000183233014118985,embedding_pca
esmc_PC2034,0.00018889453363707585,1.0746115772835148e-05,0.00018889453363707585,embedding_pca
esmc_PC2035,0.00018352840393102515,1.0129234631370354e-05,0.00018352840393102515,embedding_pca
esmc_PC2036,0.00018326314776338082,1.022027967361232e-05,0.00018326314776338082,embedding_pca
esmc_PC2037,0.00018033202849231127,1.0128636629878204e-05,0.00018033202849231127,embedding_pca
esmc_PC2038,0.00017960131242717952,8.990814820197365e-06,0.00017960131242717952,embedding_pca
esmc_PC2039,0.0001824445941270951,9.29920145429481e-06,0.0001824445941270951,embedding_pca
esmc_PC2040,0.0001766260850370263,6.650615584302859e-06,0.0001766260850370263,embedding_pca
esmc_PC2041,0.00018166791689743213,1.1932252269822521e-05,0.00018166791689743213,embedding_pca
esmc_PC2042,0.00017475689395609877,9.067580918196967e-06,0.00017475689395609877,embedding_pca
esmc_PC2043,0.00017846122149229636,6.716662792994946e-06,0.00017846122149229636,embedding_pca
esmc_PC2044,0.00018004643081729406,6.067160497765485e-06,0.00018004643081729406,embedding_pca
esmc_PC2045,0.00018558657432121218,7.681844976681357e-06,0.00018558657432121218,embedding_pca
esmc_PC2046,0.0001780777444195389,6.3662650614482004e-06,0.0001780777444195389,embedding_pca
esmc_PC2047,0.00019083604385683944,1.4469244813713403e-05,0.00019083604385683944,embedding_pca
esmc_PC2048,0.00018538837902262148,1.4148339764686765e-05,0.00018538837902262148,embedding_pca
esmc_PC2049,0.0001868874293643819,6.665380666100666e-06,0.0001868874293643819,embedding_pca
esmc_PC2050,0.00018443011773658217,5.198001693867446e-06,0.00018443011773658217,embedding_pca
esmc_PC2051,0.00018110232492374523,4.145918582390484e-06,0.00018110232492374523,embedding_pca
esmc_PC2052,0.0001774604220122594,6.662261051041497e-06,0.0001774604220122594,embedding_pca
esmc_PC2053,0.00018160839030301513,1.109695380014559e-05,0.00018160839030301513,embedding_pca
esmc_PC2054,0.00017384564376272124,6.455859710256019e-06,0.00017384564376272124,embedding_pca
esmc_PC2055,0.00017652200855935754,6.201001067669269e-06,0.00017652200855935754,embedding_pca
esmc_PC2056,0.00017906261114796648,3.7158380316606692e-06,0.00017906261114796648,embedding_pca
esmc_PC2057,0.0001851047514397359,5.491321969013491e-06,0.0001851047514397359,embedding_pca
esmc_PC2058,0.00017958359376940005,1.0736853977843563e-05,0.00017958359376940005,embedding_pca
esmc_PC2059,0.00017244698726039614,5.318229281114836e-06,0.00017244698726039614,embedding_pca
esmc_PC2060,0.0001819235904210761,3.056375178148214e-06,0.0001819235904210761,embedding_pca
esmc_PC2061,0.00018743579888235606,6.114619169357023e-06,0.00018743579888235606,embedding_pca
esmc_PC2062,0.00018551717089026776,1.3002304570702541e-05,0.00018551717089026776,embedding_pca
esmc_PC2063,0.00018481168915285284,1.2334489742503649e-05,0.00018481168915285284,embedding_pca
esmc_PC2064,0.00018152101882841512,9.941923804896463e-06,0.00018152101882841512,embedding_pca
esmc_PC2065,0.00018593192660275174,8.268825319103718e-06,0.00018593192660275174,embedding_pca
esmc_PC2066,0.00017798631280737748,8.149808258546148e-06,0.00017798631280737748,embedding_pca
esmc_PC2067,0.00018352889677947142,7.265135581873373e-06,0.00018352889677947142,embedding_pca
esmc_PC2068,0.00018034394941595725,7.683911873006706e-06,0.00018034394941595725,embedding_pca
esmc_PC2069,0.0001870815794996462,6.886148173205074e-06,0.0001870815794996462,embedding_pca
esmc_PC2070,0.0001860242390119158,9.686877361212088e-06,0.0001860242390119158,embedding_pca
esmc_PC2071,0.00018384574819854698,1.1519527798235844e-05,0.00018384574819854698,embedding_pca
esmc_PC2072,0.00017625498190819617,6.640819617437225e-06,0.00017625498190819617,embedding_pca
esmc_PC2073,0.0001858481765876783,7.880506991885512e-06,0.0001858481765876783,embedding_pca
esmc_PC2074,0.00017854649069328648,4.554531070163977e-06,0.00017854649069328648,embedding_pca
esmc_PC2075,0.00018356786693520726,9.813074654487447e-06,0.00018356786693520726,embedding_pca
esmc_PC2076,0.00018635741303754563,1.024035854190184e-05,0.00018635741303754563,embedding_pca
esmc_PC2077,0.00018664004162624815,1.1254830812568042e-05,0.00018664004162624815,embedding_pca
esmc_PC2078,0.00018506861674638713,9.291489205297145e-06,0.00018506861674638713,embedding_pca
esmc_PC2079,0.00017937259161985265,9.02711013795573e-06,0.00017937259161985265,embedding_pca
esmc_PC2080,0.00018279365870264128,3.717593285944285e-06,0.00018279365870264128,embedding_pca
esmc_PC2081,0.000180970376521424,7.489619812307065e-06,0.000180970376521424,embedding_pca
esmc_PC2082,0.0001785215899120642,4.284318810675929e-06,0.0001785215899120642,embedding_pca
esmc_PC2083,0.00018082210799175383,9.435994364830519e-06,0.00018082210799175383,embedding_pca
esmc_PC2084,0.00018265258338227912,1.2457489230484233e-05,0.00018265258338227912,embedding_pca
esmc_PC2085,0.00018905753686262983,7.1207067674576756e-06,0.00018905753686262983,embedding_pca
esmc_PC2086,0.000174381200252652,6.322100066866518e-06,0.000174381200252652,embedding_pca
esmc_PC2087,0.00018342034974336657,5.463858266279812e-06,0.00018342034974336657,embedding_pca
esmc_PC2088,0.00018453155017342026,3.916528322984363e-06,0.00018453155017342026,embedding_pca
esmc_PC2089,0.00017719842556786143,6.166229830021733e-06,0.00017719842556786143,embedding_pca
esmc_PC2090,0.00018578003113899942,3.8589893374937715e-06,0.00018578003113899942,embedding_pca
esmc_PC2091,0.00018320160691780166,5.1388631106997935e-06,0.00018320160691780166,embedding_pca
esmc_PC2092,0.00018395517953954547,7.23726180137645e-06,0.00018395517953954547,embedding_pca
esmc_PC2093,0.00018167851792855167,8.04318324153113e-06,0.00018167851792855167,embedding_pca
esmc_PC2094,0.0001815215863357984,1.0425802918488445e-05,0.0001815215863357984,embedding_pca
esmc_PC2095,0.00018050947347909258,1.2352285872206962e-05,0.00018050947347909258,embedding_pca
esmc_PC2096,0.00018018093977626988,3.6184447138010025e-06,0.00018018093977626988,embedding_pca
esmc_PC2097,0.0001830235837718466,1.1763865697002626e-05,0.0001830235837718466,embedding_pca
esmc_PC2098,0.00017658514697326604,1.1132369079874613e-05,0.00017658514697326604,embedding_pca
esmc_PC2099,0.0001815700440903401,7.798571942071043e-06,0.0001815700440903401,embedding_pca
esmc_PC2100,0.00018335389306035774,1.0338537831502268e-05,0.00018335389306035774,embedding_pca
esmc_PC2101,0.0001843446658103314,4.896952106767921e-06,0.0001843446658103314,embedding_pca
esmc_PC2102,0.00018012483716279206,4.117505942640615e-06,0.00018012483716279206,embedding_pca
esmc_PC2103,0.00017763810332445854,2.3280581063148397e-06,0.00017763810332445854,embedding_pca
esmc_PC2104,0.00018442178234462885,3.83725155217088e-06,0.00018442178234462885,embedding_pca
esmc_PC2105,0.0001924811902155005,5.8064389578574885e-06,0.0001924811902155005,embedding_pca
esmc_PC2106,0.00017849804990573173,3.2345323119662182e-06,0.00017849804990573173,embedding_pca
esmc_PC2107,0.00018654102713906232,6.564942379931059e-06,0.00018654102713906232,embedding_pca
esmc_PC2108,0.00018249453867128548,1.0569072224332512e-05,0.00018249453867128548,embedding_pca
esmc_PC2109,0.00017835874374280222,7.093917496269181e-06,0.00017835874374280222,embedding_pca
esmc_PC2110,0.0001927650750262109,8.574532476192802e-06,0.0001927650750262109,embedding_pca
esmc_PC2111,0.00018242145016801698,5.870316248493577e-06,0.00018242145016801698,embedding_pca
esmc_PC2112,0.000182078006472677,4.6448697949725655e-06,0.000182078006472677,embedding_pca
esmc_PC2113,0.00018039297513100503,3.552026331730778e-06,0.00018039297513100503,embedding_pca
esmc_PC2114,0.00018125735743170334,1.3423604151182815e-05,0.00018125735743170334,embedding_pca
esmc_PC2115,0.00018026021907417448,7.593836274288829e-06,0.00018026021907417448,embedding_pca
esmc_PC2116,0.00017205950561205346,7.272222155087196e-06,0.00017205950561205346,embedding_pca
esmc_PC2117,0.00017885985011372124,8.794434284358864e-06,0.00017885985011372124,embedding_pca
esmc_PC2118,0.00018069775597906408,1.0877256996369318e-05,0.00018069775597906408,embedding_pca
esmc_PC2119,0.00018158873239170742,1.2268485448794158e-05,0.00018158873239170742,embedding_pca
esmc_PC2120,0.0001834140164041921,9.071324617619555e-06,0.0001834140164041921,embedding_pca
esmc_PC2121,0.0001834570714141921,7.721501837638642e-06,0.0001834570714141921,embedding_pca
esmc_PC2122,0.00017940662363746086,5.950319056738351e-06,0.00017940662363746086,embedding_pca
esmc_PC2123,0.00018686325839228207,4.711222555095912e-06,0.00018686325839228207,embedding_pca
esmc_PC2124,0.000185868427283006,6.98693793953063e-06,0.000185868427283006,embedding_pca
esmc_PC2125,0.00018528802589338358,9.192584452503483e-06,0.00018528802589338358,embedding_pca
esmc_PC2126,0.00017684158830613168,4.0328040321840916e-06,0.00017684158830613168,embedding_pca
esmc_PC2127,0.00018327670281488738,1.1717747282358851e-05,0.00018327670281488738,embedding_pca
esmc_PC2128,0.00018086781212127157,5.069426677537206e-06,0.00018086781212127157,embedding_pca
esmc_PC2129,0.00018268327827134287,1.110455308259598e-05,0.00018268327827134287,embedding_pca
esmc_PC2130,0.00018514443641444464,1.0015140589827789e-05,0.00018514443641444464,embedding_pca
esmc_PC2131,0.00018354884654273601,1.319880593771175e-05,0.00018354884654273601,embedding_pca
esmc_PC2132,0.00017927223419958585,7.496876078296028e-06,0.00017927223419958585,embedding_pca
esmc_PC2133,0.0001844068633244363,1.0941687031921643e-05,0.0001844068633244363,embedding_pca
esmc_PC2134,0.00017700971676623973,8.459474856087355e-06,0.00017700971676623973,embedding_pca
esmc_PC2135,0.00018170476284524848,4.171170008469331e-06,0.00018170476284524848,embedding_pca
esmc_PC2136,0.0001818932784943,1.1915981266114554e-05,0.0001818932784943,embedding_pca
esmc_PC2137,0.00017400853902756533,1.1477949135986997e-05,0.00017400853902756533,embedding_pca
esmc_PC2138,0.00017706714987647908,5.348877459562489e-06,0.00017706714987647908,embedding_pca
esmc_PC2139,0.00018155851447949374,8.476867073201837e-06,0.00018155851447949374,embedding_pca
esmc_PC2140,0.00017566731424351924,4.7220089723747865e-06,0.00017566731424351924,embedding_pca
esmc_PC2141,0.00018015415601498709,5.533947512331531e-06,0.00018015415601498709,embedding_pca
esmc_PC2142,0.00018592087202176327,3.661574298362357e-06,0.00018592087202176327,embedding_pca
esmc_PC2143,0.00019111139750404917,6.316412632624657e-06,0.00019111139750404917,embedding_pca
esmc_PC2144,0.00018228384171537683,7.568543112267359e-06,0.00018228384171537683,embedding_pca
esmc_PC2145,0.00018588742146798172,4.932181833106322e-06,0.00018588742146798172,embedding_pca
esmc_PC2146,0.0001873352357524229,8.442962318925658e-06,0.0001873352357524229,embedding_pca
esmc_PC2147,0.00018675162506071418,8.329256096719272e-06,0.00018675162506071418,embedding_pca
esmc_PC2148,0.00018345788015407152,1.0321663484482719e-05,0.00018345788015407152,embedding_pca
esmc_PC2149,0.00018317466339729224,7.534316069103484e-06,0.00018317466339729224,embedding_pca
esmc_PC2150,0.0001762083200049336,4.239798051006169e-06,0.0001762083200049336,embedding_pca
esmc_PC2151,0.00018520521813796123,1.1466686087133244e-05,0.00018520521813796123,embedding_pca
esmc_PC2152,0.00018685454463831199,1.3096569251610584e-05,0.00018685454463831199,embedding_pca
esmc_PC2153,0.00018159834618694003,7.047946236857554e-06,0.00018159834618694003,embedding_pca
esmc_PC2154,0.0001841569147693097,8.489953466075703e-06,0.0001841569147693097,embedding_pca
esmc_PC2155,0.00018145538507084654,8.94215817380845e-06,0.00018145538507084654,embedding_pca
esmc_PC2156,0.00017871290990014666,3.581294015611677e-06,0.00017871290990014666,embedding_pca
esmc_PC2157,0.00018023529957454768,1.0598187981457373e-05,0.00018023529957454768,embedding_pca
esmc_PC2158,0.0001778021089264148,8.306884637943972e-06,0.0001778021089264148,embedding_pca
esmc_PC2159,0.0001859577038618645,9.406674238196195e-06,0.0001859577038618645,embedding_pca
esmc_PC2160,0.00017913940551811237,6.5533107196574314e-06,0.00017913940551811237,embedding_pca
esmc_PC2161,0.00018057854338425895,6.919540189469504e-06,0.00018057854338425895,embedding_pca
esmc_PC2162,0.0001852371542808248,6.357775630638085e-06,0.0001852371542808248,embedding_pca
esmc_PC2163,0.00018604127512367096,8.373630761210825e-06,0.00018604127512367096,embedding_pca
esmc_PC2164,0.00018703570790611676,3.7258265147736403e-06,0.00018703570790611676,embedding_pca
esmc_PC2165,0.0001841515001397024,1.3833245731299374e-05,0.0001841515001397024,embedding_pca
esmc_PC2166,0.00018359014167985136,1.162098098800982e-05,0.00018359014167985136,embedding_pca
esmc_PC2167,0.0001825529963947595,7.670113571131365e-06,0.0001825529963947595,embedding_pca
esmc_PC2168,0.00018718394374058332,9.616808909035254e-06,0.00018718394374058332,embedding_pca
esmc_PC2169,0.00018031576488317075,9.468177623439816e-06,0.00018031576488317075,embedding_pca
esmc_PC2170,0.00017921019399263583,4.943980259798342e-06,0.00017921019399263583,embedding_pca
esmc_PC2171,0.00017206063749834258,5.963923812386986e-06,0.00017206063749834258,embedding_pca
esmc_PC2172,0.00018099501708006732,7.850453499209952e-06,0.00018099501708006732,embedding_pca
esmc_PC2173,0.0001754768775415691,8.819177103164084e-06,0.0001754768775415691,embedding_pca
esmc_PC2174,0.00018341501067230481,7.744803554540862e-06,0.00018341501067230481,embedding_pca
esmc_PC2175,0.00017703857867735727,5.745958257268531e-06,0.00017703857867735727,embedding_pca
esmc_PC2176,0.00018555878824105573,7.195844741011974e-06,0.00018555878824105573,embedding_pca
esmc_PC2177,0.00018965665010199363,8.671129994665449e-06,0.00018965665010199363,embedding_pca
esmc_PC2178,0.0001826944932545835,7.852027905747122e-06,0.0001826944932545835,embedding_pca
esmc_PC2179,0.00018170257776590327,6.749698973617092e-06,0.00018170257776590327,embedding_pca
esmc_PC2180,0.00018279357942383093,8.620216864443169e-06,0.00018279357942383093,embedding_pca
esmc_PC2181,0.00017432912054425085,1.1749883024850215e-05,0.00017432912054425085,embedding_pca
esmc_PC2182,0.00017825009458489354,1.1553061142215278e-05,0.00017825009458489354,embedding_pca
esmc_PC2183,0.00017523768604638627,1.0097045545997192e-05,0.00017523768604638627,embedding_pca
esmc_PC2184,0.00017872199733397112,6.392617295830337e-06,0.00017872199733397112,embedding_pca
esmc_PC2185,0.00017897855351606314,9.953046712160372e-06,0.00017897855351606314,embedding_pca
esmc_PC2186,0.00018336463076206385,1.9681557516332627e-05,0.00018336463076206385,embedding_pca
esmc_PC2187,0.00018257190173891273,2.1070214678475246e-06,0.00018257190173891273,embedding_pca
esmc_PC2188,0.00017655028153816115,5.595398091622112e-06,0.00017655028153816115,embedding_pca
esmc_PC2189,0.00018010725463509062,6.872727141725129e-06,0.00018010725463509062,embedding_pca
esmc_PC2190,0.00018585970390440283,1.0994490251083485e-05,0.00018585970390440283,embedding_pca
esmc_PC2191,0.00018127508140117703,7.315645547589507e-06,0.00018127508140117703,embedding_pca
esmc_PC2192,0.00017760317147336892,9.202861645348264e-06,0.00017760317147336892,embedding_pca
esmc_PC2193,0.00018368482329637176,4.632836701812545e-06,0.00018368482329637176,embedding_pca
esmc_PC2194,0.00018265874752484548,9.8566387694835e-06,0.00018265874752484548,embedding_pca
esmc_PC2195,0.0001758648924292022,1.0683441345182903e-05,0.0001758648924292022,embedding_pca
esmc_PC2196,0.00018583154080659253,5.056319706952031e-06,0.00018583154080659253,embedding_pca
esmc_PC2197,0.0001794286539533027,1.0578801731862076e-05,0.0001794286539533027,embedding_pca
esmc_PC2198,0.00017927285108263895,1.1680114338907711e-05,0.00017927285108263895,embedding_pca
esmc_PC2199,0.00018147524111672485,5.013715139058772e-06,0.00018147524111672485,embedding_pca
esmc_PC2200,0.0001872292892596224,9.001409773015576e-06,0.0001872292892596224,embedding_pca
esmc_PC2201,0.00018966338871783726,7.861338743410814e-06,0.00018966338871783726,embedding_pca
esmc_PC2202,0.00018095031740185126,4.694811039171267e-06,0.00018095031740185126,embedding_pca
esmc_PC2203,0.000189652878806932,5.275936977745002e-06,0.000189652878806932,embedding_pca
esmc_PC2204,0.00017553023139373351,9.458115131786654e-06,0.00017553023139373351,embedding_pca
esmc_PC2205,0.0001755794636313349,4.643556440171454e-06,0.0001755794636313349,embedding_pca
esmc_PC2206,0.00018018011479271936,6.3955681091879274e-06,0.00018018011479271936,embedding_pca
esmc_PC2207,0.00018778333737892668,6.318278525846765e-06,0.00018778333737892668,embedding_pca
esmc_PC2208,0.0001811918540301774,3.2949009009728634e-06,0.0001811918540301774,embedding_pca
esmc_PC2209,0.0001864132190055697,9.803726707179354e-06,0.0001864132190055697,embedding_pca
esmc_PC2210,0.00018260205423551045,9.038506233355398e-06,0.00018260205423551045,embedding_pca
esmc_PC2211,0.00017730159541530716,9.217536910179775e-06,0.00017730159541530716,embedding_pca
esmc_PC2212,0.00017410027017456043,1.000036882886397e-05,0.00017410027017456043,embedding_pca
esmc_PC2213,0.00017835022023933556,7.3155251202682275e-06,0.00017835022023933556,embedding_pca
esmc_PC2214,0.00018273784897262544,5.89407211671836e-06,0.00018273784897262544,embedding_pca
esmc_PC2215,0.00017856436426651418,4.046999302923489e-06,0.00017856436426651418,embedding_pca
esmc_PC2216,0.00017506273217586638,1.0019404792398037e-05,0.00017506273217586638,embedding_pca
esmc_PC2217,0.00018239807743006712,4.258100439866649e-06,0.00018239807743006712,embedding_pca
esmc_PC2218,0.0001789526232379441,8.436076866684286e-06,0.0001789526232379441,embedding_pca
esmc_PC2219,0.00018247694051117458,9.728287485714344e-06,0.00018247694051117458,embedding_pca
esmc_PC2220,0.00018234529631766384,5.115874651623285e-06,0.00018234529631766384,embedding_pca
esmc_PC2221,0.00018651115967368157,4.979493125989655e-06,0.00018651115967368157,embedding_pca
esmc_PC2222,0.0001837055549429313,5.829638978615405e-06,0.0001837055549429313,embedding_pca
esmc_PC2223,0.00018299651457473107,7.27968565232268e-06,0.00018299651457473107,embedding_pca
esmc_PC2224,0.000185985300375863,6.590306026047189e-06,0.000185985300375863,embedding_pca
esmc_PC2225,0.00017836887834573025,3.2715991311229757e-06,0.00017836887834573025,embedding_pca
esmc_PC2226,0.00017657601284645045,2.3368821171238483e-06,0.00017657601284645045,embedding_pca
esmc_PC2227,0.0001861810048846486,6.047320151888381e-06,0.0001861810048846486,embedding_pca
esmc_PC2228,0.00018715855270560525,1.0530746509368013e-05,0.00018715855270560525,embedding_pca
esmc_PC2229,0.00018400614277413031,5.472893969203871e-06,0.00018400614277413031,embedding_pca
esmc_PC2230,0.00018292458521247738,8.670903539110947e-06,0.00018292458521247738,embedding_pca
esmc_PC2231,0.0001828034343047944,5.954879382083051e-06,0.0001828034343047944,embedding_pca
esmc_PC2232,0.00017726179458228426,4.610236011510254e-06,0.00017726179458228426,embedding_pca
esmc_PC2233,0.00018305770430563538,5.0295698982991356e-06,0.00018305770430563538,embedding_pca
esmc_PC2234,0.00018100300139560366,6.278147213369986e-06,0.00018100300139560366,embedding_pca
esmc_PC2235,0.0001836161090220636,8.746983562554289e-06,0.0001836161090220636,embedding_pca
esmc_PC2236,0.0001832540149532598,5.087533937828999e-06,0.0001832540149532598,embedding_pca
esmc_PC2237,0.0001766317330856378,5.158210864254502e-06,0.0001766317330856378,embedding_pca
esmc_PC2238,0.00018307370806508097,6.506584184884719e-06,0.00018307370806508097,embedding_pca
esmc_PC2239,0.000188386307092556,4.830541622123643e-06,0.000188386307092556,embedding_pca
esmc_PC2240,0.00018080244983596227,9.685977893058873e-06,0.00018080244983596227,embedding_pca
esmc_PC2241,0.00018561432132545544,4.797302507206761e-06,0.00018561432132545544,embedding_pca
esmc_PC2242,0.00018368457377519685,5.095227362519134e-06,0.00018368457377519685,embedding_pca
esmc_PC2243,0.00017108818203672953,9.58834840188999e-06,0.00017108818203672953,embedding_pca
esmc_PC2244,0.00018682076751425054,6.0161429633808345e-06,0.00018682076751425054,embedding_pca
esmc_PC2245,0.00018057048318922186,9.532192603614731e-06,0.00018057048318922186,embedding_pca
esmc_PC2246,0.000178458649974999,2.6391442378314494e-06,0.000178458649974999,embedding_pca
esmc_PC2247,0.00018703711387652434,9.4132492353611e-06,0.00018703711387652434,embedding_pca
esmc_PC2248,0.0001799880227991251,9.425192950134942e-06,0.0001799880227991251,embedding_pca
esmc_PC2249,0.00018368239216527297,4.843157093562769e-06,0.00018368239216527297,embedding_pca
esmc_PC2250,0.00018476627610292926,6.899841756047712e-06,0.00018476627610292926,embedding_pca
esmc_PC2251,0.00018777468867986106,5.001656625013165e-06,0.00018777468867986106,embedding_pca
esmc_PC2252,0.00018322000430346782,1.0392635530472964e-05,0.00018322000430346782,embedding_pca
esmc_PC2253,0.00018133366243975533,6.795822800587649e-06,0.00018133366243975533,embedding_pca
esmc_PC2254,0.00018266596906326078,1.1805395225212319e-05,0.00018266596906326078,embedding_pca
esmc_PC2255,0.00017632274105289683,1.041836367104039e-05,0.00017632274105289683,embedding_pca
esmc_PC2256,0.0001869201940781497,1.3961206336339591e-05,0.0001869201940781497,embedding_pca
esmc_PC2257,0.0001837632638666528,3.889787650008983e-06,0.0001837632638666528,embedding_pca
esmc_PC2258,0.00017712703316530718,9.195597571373878e-06,0.00017712703316530718,embedding_pca
esmc_PC2259,0.00018725591793868076,7.708741638927708e-06,0.00018725591793868076,embedding_pca
esmc_PC2260,0.0001734699940483564,4.69473706318605e-06,0.0001734699940483564,embedding_pca
esmc_PC2261,0.000181793540681135,7.0782239691070144e-06,0.000181793540681135,embedding_pca
esmc_PC2262,0.0001820069739749911,5.750831608908987e-06,0.0001820069739749911,embedding_pca
esmc_PC2263,0.00018164662177297156,3.0682875390048752e-06,0.00018164662177297156,embedding_pca
esmc_PC2264,0.00017661105645501657,6.688887494489119e-06,0.00017661105645501657,embedding_pca
esmc_PC2265,0.00018048605054060696,1.0069819559417474e-05,0.00018048605054060696,embedding_pca
esmc_PC2266,0.00017742763617521493,8.544756521273879e-06,0.00017742763617521493,embedding_pca
esmc_PC2267,0.0001769392026736096,6.7166311415125e-06,0.0001769392026736096,embedding_pca
esmc_PC2268,0.00019034524781803757,3.303277788623984e-06,0.00019034524781803757,embedding_pca
esmc_PC2269,0.0001855245626748395,6.353162091343474e-06,0.0001855245626748395,embedding_pca
esmc_PC2270,0.00017792784919743086,7.3893650594596055e-06,0.00017792784919743086,embedding_pca
esmc_PC2271,0.00018278428221379516,8.996360675324669e-06,0.00018278428221379516,embedding_pca
esmc_PC2272,0.0001769852159369253,3.4957384075785425e-06,0.0001769852159369253,embedding_pca
esmc_PC2273,0.00018978313504202624,1.3135451985543279e-05,0.00018978313504202624,embedding_pca
esmc_PC2274,0.00018280674378794525,7.701003976136106e-06,0.00018280674378794525,embedding_pca
esmc_PC2275,0.0001910339071401777,8.849341748827868e-06,0.0001910339071401777,embedding_pca
esmc_PC2276,0.0001782445738168716,6.155801972096783e-06,0.0001782445738168716,embedding_pca
esmc_PC2277,0.0001895268182300474,6.346863679752382e-06,0.0001895268182300474,embedding_pca
esmc_PC2278,0.00017695414227065335,6.452257780271518e-06,0.00017695414227065335,embedding_pca
esmc_PC2279,0.00018148216691817726,8.283948728902341e-06,0.00018148216691817726,embedding_pca
esmc_PC2280,0.0001835440489188069,7.795093946829993e-06,0.0001835440489188069,embedding_pca
esmc_PC2281,0.00018302033160956665,5.76869881120467e-06,0.00018302033160956665,embedding_pca
esmc_PC2282,0.00018421217191109382,8.795422348096535e-06,0.00018421217191109382,embedding_pca
esmc_PC2283,0.00017684312522921658,9.831760000832225e-06,0.00017684312522921658,embedding_pca
esmc_PC2284,0.00018325090972064133,8.518135654869942e-06,0.00018325090972064133,embedding_pca
esmc_PC2285,0.00018483539262690346,9.337561576575075e-06,0.00018483539262690346,embedding_pca
esmc_PC2286,0.0001802019574357649,1.3555412880727857e-05,0.0001802019574357649,embedding_pca
esmc_PC2287,0.00018430535212651808,1.2213453778368073e-05,0.00018430535212651808,embedding_pca
esmc_PC2288,0.00018824613788216314,8.610246539692777e-06,0.00018824613788216314,embedding_pca
esmc_PC2289,0.0001781061319650081,1.0151947333721944e-05,0.0001781061319650081,embedding_pca
esmc_PC2290,0.00018431756338906931,1.0427316071170695e-05,0.00018431756338906931,embedding_pca
esmc_PC2291,0.00018871514595182717,6.889152487901876e-06,0.00018871514595182717,embedding_pca
esmc_PC2292,0.0001893223524209251,9.349911421074862e-06,0.0001893223524209251,embedding_pca
esmc_PC2293,0.00017747961645589485,1.2406579211477234e-05,0.00017747961645589485,embedding_pca
esmc_PC2294,0.00017959338276272096,8.711832587932387e-06,0.00017959338276272096,embedding_pca
esmc_PC2295,0.00017924499394274496,6.176957612610765e-06,0.00017924499394274496,embedding_pca
esmc_PC2296,0.00017924349129033715,8.219735152638316e-06,0.00017924349129033715,embedding_pca
esmc_PC2297,0.00018293700981556678,8.975822755104546e-06,0.00018293700981556678,embedding_pca
esmc_PC2298,0.00018239874466897921,7.399288400480793e-06,0.00018239874466897921,embedding_pca
esmc_PC2299,0.00018184078944548333,8.20705033931732e-06,0.00018184078944548333,embedding_pca
esmc_PC2300,0.00018518608349466528,1.0366428005270128e-05,0.00018518608349466528,embedding_pca
esmc_PC2301,0.0001748989760316159,5.659951715875284e-06,0.0001748989760316159,embedding_pca
esmc_PC2302,0.00019265825909574888,7.965220281614504e-06,0.00019265825909574888,embedding_pca
esmc_PC2303,0.0001819762456651055,1.4958089878881393e-05,0.0001819762456651055,embedding_pca
esmc_PC2304,0.00018212795466908117,7.5686964590334e-06,0.00018212795466908117,embedding_pca
esmc_PC2305,0.00017260112515992928,5.136795375577076e-06,0.00017260112515992928,embedding_pca
esmc_PC2306,0.00018964689714479925,8.577821105644543e-06,0.00018964689714479925,embedding_pca
esmc_PC2307,0.00017878365190983009,9.314999300753497e-06,0.00017878365190983009,embedding_pca
esmc_PC2308,0.00018751799428265496,7.664403121103562e-06,0.00018751799428265496,embedding_pca
esmc_PC2309,0.000178124542714676,8.118616151432084e-06,0.000178124542714676,embedding_pca
esmc_PC2310,0.00017461002150774481,9.04125680501899e-06,0.00017461002150774481,embedding_pca
esmc_PC2311,0.00018080566964336807,9.720949309993302e-06,0.00018080566964336807,embedding_pca
esmc_PC2312,0.00018077323015206856,1.0758669460501516e-05,0.00018077323015206856,embedding_pca
esmc_PC2313,0.00018703332762644355,4.151772792070847e-06,0.00018703332762644355,embedding_pca
esmc_PC2314,0.00018811629349764635,8.05202192977777e-06,0.00018811629349764635,embedding_pca
esmc_PC2315,0.0001871432006513709,6.649297312406577e-06,0.0001871432006513709,embedding_pca
esmc_PC2316,0.00018866636221855356,1.0682058054194908e-05,0.00018866636221855356,embedding_pca
esmc_PC2317,0.00018021857215516613,7.4277706334152926e-06,0.00018021857215516613,embedding_pca
esmc_PC2318,0.00018468306829284446,5.979855049174374e-06,0.00018468306829284446,embedding_pca
esmc_PC2319,0.00018178686586304275,4.79564928971221e-06,0.00018178686586304275,embedding_pca
esmc_PC2320,0.0001780821292115604,8.869556698293183e-06,0.0001780821292115604,embedding_pca
esmc_PC2321,0.0001806577114880702,4.6409090917122115e-06,0.0001806577114880702,embedding_pca
esmc_PC2322,0.00018318501653637702,6.519068138178158e-06,0.00018318501653637702,embedding_pca
esmc_PC2323,0.00017892809507426277,7.37809155090266e-06,0.00017892809507426277,embedding_pca
esmc_PC2324,0.00018812030480369892,1.1147406426237143e-05,0.00018812030480369892,embedding_pca
esmc_PC2325,0.00017775708098541435,6.565556868966276e-06,0.00017775708098541435,embedding_pca
esmc_PC2326,0.0001797223481650937,5.657835771199008e-06,0.0001797223481650937,embedding_pca
esmc_PC2327,0.00018899952574021582,8.030217012663815e-06,0.00018899952574021582,embedding_pca
esmc_PC2328,0.00017543204475439534,1.200599266826988e-05,0.00017543204475439534,embedding_pca
esmc_PC2329,0.00017714021857733516,7.575984321717829e-06,0.00017714021857733516,embedding_pca
esmc_PC2330,0.0001763667949097679,5.552726702478408e-06,0.0001763667949097679,embedding_pca
esmc_PC2331,0.00018276667186351616,1.1951505513449574e-05,0.00018276667186351616,embedding_pca
esmc_PC2332,0.0001884672789811133,1.0635812009936017e-05,0.0001884672789811133,embedding_pca
esmc_PC2333,0.00018393815435469187,7.451891326546614e-06,0.00018393815435469187,embedding_pca
esmc_PC2334,0.00018288136294360686,1.1337683830762762e-05,0.00018288136294360686,embedding_pca
esmc_PC2335,0.0001891347041271324,4.088448963567717e-06,0.0001891347041271324,embedding_pca
esmc_PC2336,0.00017683353238575678,1.4104761805287189e-05,0.00017683353238575678,embedding_pca
esmc_PC2337,0.00018951361928866528,1.1985423791160574e-05,0.00018951361928866528,embedding_pca
esmc_PC2338,0.0001783997342411793,1.1215529924129158e-05,0.0001783997342411793,embedding_pca
esmc_PC2339,0.00017794557276041754,8.898691993966859e-06,0.00017794557276041754,embedding_pca
esmc_PC2340,0.00018791786641425402,9.569954241489455e-06,0.00018791786641425402,embedding_pca
esmc_PC2341,0.0001814806391950127,7.916404809556139e-06,0.0001814806391950127,embedding_pca
esmc_PC2342,0.00017883998578637248,1.1918186236623693e-05,0.00017883998578637248,embedding_pca
esmc_PC2343,0.00018017945984126601,8.799046994256656e-06,0.00018017945984126601,embedding_pca
esmc_PC2344,0.00018261979110195813,1.529217205299459e-05,0.00018261979110195813,embedding_pca
esmc_PC2345,0.00017781801242980986,1.517238079658263e-05,0.00017781801242980986,embedding_pca
esmc_PC2346,0.00018447649058636988,8.963123094885178e-06,0.00018447649058636988,embedding_pca
esmc_PC2347,0.00018605054505829212,6.717609514407753e-06,0.00018605054505829212,embedding_pca
esmc_PC2348,0.0001761902527923334,8.805709450844668e-06,0.0001761902527923334,embedding_pca
esmc_PC2349,0.00017980419322567034,8.89433813644083e-06,0.00017980419322567034,embedding_pca
esmc_PC2350,0.00018354975182941212,1.2042650154068277e-05,0.00018354975182941212,embedding_pca
esmc_PC2351,0.00018693320498032725,8.084875276160016e-06,0.00018693320498032725,embedding_pca
esmc_PC2352,0.00018483726733451103,8.188929262695935e-06,0.00018483726733451103,embedding_pca
esmc_PC2353,0.00018185902405814372,4.697307895777477e-06,0.00018185902405814372,embedding_pca
esmc_PC2354,0.00017947017686019182,5.252323069888696e-06,0.00017947017686019182,embedding_pca
esmc_PC2355,0.0001764718874146295,1.1489791554124709e-05,0.0001764718874146295,embedding_pca
esmc_PC2356,0.00018307213736913473,1.5564771319624164e-05,0.00018307213736913473,embedding_pca
esmc_PC2357,0.00018020893027246765,1.502535314019847e-05,0.00018020893027246765,embedding_pca
esmc_PC2358,0.00018071521370056795,3.289304028808753e-06,0.00018071521370056795,embedding_pca
esmc_PC2359,0.00018589614396592242,9.859562824830581e-06,0.00018589614396592242,embedding_pca
esmc_PC2360,0.0001848711295015601,9.065471484574453e-06,0.0001848711295015601,embedding_pca
esmc_PC2361,0.00018103594001595203,6.9029801383196e-06,0.00018103594001595203,embedding_pca
esmc_PC2362,0.0001837001986100197,9.509900410940259e-06,0.0001837001986100197,embedding_pca
esmc_PC2363,0.00017492217428776333,1.7439232377524588e-06,0.00017492217428776333,embedding_pca
esmc_PC2364,0.00018594578415635974,5.828421699867541e-06,0.00018594578415635974,embedding_pca
esmc_PC2365,0.00018716428982104856,7.768490057779197e-06,0.00018716428982104856,embedding_pca
esmc_PC2366,0.00018118632332915597,5.621335399414578e-06,0.00018118632332915597,embedding_pca
esmc_PC2367,0.0001843367304871441,7.771341107331916e-06,0.0001843367304871441,embedding_pca
esmc_PC2368,0.0001817537510358257,4.8534441505198794e-06,0.0001817537510358257,embedding_pca
esmc_PC2369,0.00018895495013244133,8.983959293554074e-06,0.00018895495013244133,embedding_pca
esmc_PC2370,0.0001763506250214901,9.171182997056958e-06,0.0001763506250214901,embedding_pca
esmc_PC2371,0.00018986244898581495,6.292714064838205e-06,0.00018986244898581495,embedding_pca
esmc_PC2372,0.00018463813479427523,5.656800170279874e-06,0.00018463813479427523,embedding_pca
esmc_PC2373,0.0001780020234688726,3.2469252128451595e-06,0.0001780020234688726,embedding_pca
esmc_PC2374,0.00018398503650275,7.825214787630482e-06,0.00018398503650275,embedding_pca
esmc_PC2375,0.00018713050304496243,7.57970700021571e-06,0.00018713050304496243,embedding_pca
esmc_PC2376,0.00017627073761414922,1.0185131100906957e-05,0.00017627073761414922,embedding_pca
esmc_PC2377,0.00018610416386488125,1.0433246322644893e-05,0.00018610416386488125,embedding_pca
esmc_PC2378,0.00018041126748253648,9.645255069236842e-06,0.00018041126748253648,embedding_pca
esmc_PC2379,0.00018421254623809336,5.8650139500792016e-06,0.00018421254623809336,embedding_pca
esmc_PC2380,0.00018411364343401903,9.144547472809607e-06,0.00018411364343401903,embedding_pca
esmc_PC2381,0.00018070041045365376,1.0531312306169942e-05,0.00018070041045365376,embedding_pca
esmc_PC2382,0.0001782410775640463,8.68273546409872e-06,0.0001782410775640463,embedding_pca
esmc_PC2383,0.00018279993046035163,4.52185809430437e-06,0.00018279993046035163,embedding_pca
esmc_PC2384,0.00018453012368756333,4.68902498326292e-06,0.00018453012368756333,embedding_pca
esmc_PC2385,0.00018810030492751132,1.08270584840356e-05,0.00018810030492751132,embedding_pca
esmc_PC2386,0.00018589866258533736,1.3479579872438138e-05,0.00018589866258533736,embedding_pca
esmc_PC2387,0.00018170501594376762,6.307570004395171e-06,0.00018170501594376762,embedding_pca
esmc_PC2388,0.00017655295190579446,1.011311128159391e-05,0.00017655295190579446,embedding_pca
esmc_PC2389,0.00018206359540717782,8.291671065246375e-06,0.00018206359540717782,embedding_pca
esmc_PC2390,0.00018345339811798254,8.328605100613276e-06,0.00018345339811798254,embedding_pca
esmc_PC2391,0.00018843790569816882,8.029078560988973e-06,0.00018843790569816882,embedding_pca
esmc_PC2392,0.0001812253247561821,2.6091229968341916e-06,0.0001812253247561821,embedding_pca
esmc_PC2393,0.00018446970899910493,7.773932163359914e-06,0.00018446970899910493,embedding_pca
esmc_PC2394,0.0001822393093227831,6.188909056416687e-06,0.0001822393093227831,embedding_pca
esmc_PC2395,0.00018271752292449718,5.3462723534323145e-06,0.00018271752292449718,embedding_pca
esmc_PC2396,0.00018614397316024048,6.0414301224566415e-06,0.00018614397316024048,embedding_pca
esmc_PC2397,0.00017648123920429838,9.792184560833129e-06,0.00017648123920429838,embedding_pca
esmc_PC2398,0.00017905275469257928,9.750866259115934e-06,0.00017905275469257928,embedding_pca
esmc_PC2399,0.00019045469212394418,5.30628831109411e-06,0.00019045469212394418,embedding_pca
esmc_PC2400,0.00017743368683199686,9.152524965433483e-06,0.00017743368683199686,embedding_pca
esmc_PC2401,0.00018809011187907723,1.3837561710463079e-05,0.00018809011187907723,embedding_pca
esmc_PC2402,0.00018788406243303488,4.730748315622503e-06,0.00018788406243303488,embedding_pca
esmc_PC2403,0.00018328094576610835,1.782630038583565e-05,0.00018328094576610835,embedding_pca
esmc_PC2404,0.00018363302970642834,6.163084070931423e-06,0.00018363302970642834,embedding_pca
esmc_PC2405,0.00018537881537334915,1.0195491835989414e-05,0.00018537881537334915,embedding_pca
esmc_PC2406,0.00018736358098492276,3.7037715191172337e-06,0.00018736358098492276,embedding_pca
esmc_PC2407,0.00018019583632672426,9.19460148493236e-06,0.00018019583632672426,embedding_pca
esmc_PC2408,0.00018058172588734787,8.994894703722885e-06,0.00018058172588734787,embedding_pca
esmc_PC2409,0.00018401402808194007,1.638171742789996e-05,0.00018401402808194007,embedding_pca
esmc_PC2410,0.0001777909685536307,1.0792425179445487e-05,0.0001777909685536307,embedding_pca
esmc_PC2411,0.00018841583129135817,1.0529025489367372e-05,0.00018841583129135817,embedding_pca
esmc_PC2412,0.00018107494404085136,9.321624303515564e-06,0.00018107494404085136,embedding_pca
esmc_PC2413,0.00018782557732160174,9.611056176083425e-06,0.00018782557732160174,embedding_pca
esmc_PC2414,0.00018341379068015622,7.2415983461426835e-06,0.00018341379068015622,embedding_pca
esmc_PC2415,0.00018307919251675089,8.016301444929708e-06,0.00018307919251675089,embedding_pca
esmc_PC2416,0.0001825360663214858,1.0438827651679653e-05,0.0001825360663214858,embedding_pca
esmc_PC2417,0.0001787432784538673,6.58227484181981e-06,0.0001787432784538673,embedding_pca
esmc_PC2418,0.0001808037065716365,1.0088438747210742e-05,0.0001808037065716365,embedding_pca
esmc_PC2419,0.00018419303711231504,4.808616540028582e-06,0.00018419303711231504,embedding_pca
esmc_PC2420,0.0001819243332543018,6.822391989133318e-06,0.0001819243332543018,embedding_pca
esmc_PC2421,0.00018330462449207122,4.380921150531473e-06,0.00018330462449207122,embedding_pca
esmc_PC2422,0.00017805417553070515,5.4407138355505246e-06,0.00017805417553070515,embedding_pca
esmc_PC2423,0.00018525153878976938,1.115213477441276e-05,0.00018525153878976938,embedding_pca
esmc_PC2424,0.00018242669068209465,6.167318179871891e-06,0.00018242669068209465,embedding_pca
esmc_PC2425,0.00018269693716626973,7.168331892772105e-06,0.00018269693716626973,embedding_pca
esmc_PC2426,0.00018631711068614682,1.5808617222777793e-05,0.00018631711068614682,embedding_pca
esmc_PC2427,0.0001824507459056886,9.84612907879201e-06,0.0001824507459056886,embedding_pca
esmc_PC2428,0.00017743912616854368,6.210964800839278e-06,0.00017743912616854368,embedding_pca
esmc_PC2429,0.0001817509993308761,7.579526331438529e-06,0.0001817509993308761,embedding_pca
esmc_PC2430,0.00017638777906892788,7.129376416676998e-06,0.00017638777906892788,embedding_pca
esmc_PC2431,0.0001885943452105836,8.935868079794137e-06,0.0001885943452105836,embedding_pca
esmc_PC2432,0.00017332078227963137,7.799723101185274e-06,0.00017332078227963137,embedding_pca
esmc_PC2433,0.0001726658364890708,6.650365506149891e-06,0.0001726658364890708,embedding_pca
esmc_PC2434,0.00018006479531476366,6.993878057506068e-06,0.00018006479531476366,embedding_pca
esmc_PC2435,0.00017435837481954845,7.094287650734465e-06,0.00017435837481954845,embedding_pca
esmc_PC2436,0.00017436398929005943,9.924988383001486e-06,0.00017436398929005943,embedding_pca
esmc_PC2437,0.00018300711973467883,1.2058151513324496e-05,0.00018300711973467883,embedding_pca
esmc_PC2438,0.0001762626505445307,8.884869349014925e-06,0.0001762626505445307,embedding_pca
esmc_PC2439,0.00017903452919140452,6.306960088021265e-06,0.00017903452919140452,embedding_pca
esmc_PC2440,0.00017751344585495345,5.008638805431597e-06,0.00017751344585495345,embedding_pca
esmc_PC2441,0.00017759483635072887,7.28658751356479e-06,0.00017759483635072887,embedding_pca
esmc_PC2442,0.00018648213621377905,9.069840719731476e-06,0.00018648213621377905,embedding_pca
esmc_PC2443,0.00018234669809984527,7.057858882679743e-06,0.00018234669809984527,embedding_pca
esmc_PC2444,0.00018292427874399994,9.864512745065267e-06,0.00018292427874399994,embedding_pca
esmc_PC2445,0.00018191042600183727,6.376941858555568e-06,0.00018191042600183727,embedding_pca
esmc_PC2446,0.00017623586818043632,8.017607911741201e-06,0.00017623586818043632,embedding_pca
esmc_PC2447,0.00017896417843113517,8.756386880289156e-06,0.00017896417843113517,embedding_pca
esmc_PC2448,0.00018833074706885888,1.5537619202976308e-05,0.00018833074706885888,embedding_pca
esmc_PC2449,0.0001871668869447988,7.517981643853063e-06,0.0001871668869447988,embedding_pca
esmc_PC2450,0.00018052862514366004,5.144199314499424e-06,0.00018052862514366004,embedding_pca
esmc_PC2451,0.00018112192009002976,5.407552957942709e-06,0.00018112192009002976,embedding_pca
esmc_PC2452,0.0001848099302974636,7.4046131152781364e-06,0.0001848099302974636,embedding_pca
esmc_PC2453,0.0001848051869455224,7.718628539000382e-06,0.0001848051869455224,embedding_pca
esmc_PC2454,0.00018370432757912894,1.1211299943370962e-05,0.00018370432757912894,embedding_pca
esmc_PC2455,0.0001841621258509707,1.4657397897944249e-05,0.0001841621258509707,embedding_pca
esmc_PC2456,0.0001799566795189857,1.0545428175857258e-05,0.0001799566795189857,embedding_pca
esmc_PC2457,0.00018049952715199277,3.0982151341788467e-06,0.00018049952715199277,embedding_pca
esmc_PC2458,0.00018779234305119538,6.561874040799083e-06,0.00018779234305119538,embedding_pca
esmc_PC2459,0.00018231116859641788,7.1151952449963185e-06,0.00018231116859641788,embedding_pca
esmc_PC2460,0.00017291818453418973,8.601042857753385e-06,0.00017291818453418973,embedding_pca
esmc_PC2461,0.00018188668716697794,6.308110354048732e-06,0.00018188668716697794,embedding_pca
esmc_PC2462,0.00017428101935376393,6.619817210952263e-06,0.00017428101935376393,embedding_pca
esmc_PC2463,0.000182981704369458,4.05210381174801e-06,0.000182981704369458,embedding_pca
esmc_PC2464,0.00017813129928421744,3.926759993926051e-06,0.00017813129928421744,embedding_pca
esmc_PC2465,0.00017820863302951082,1.1205244806497472e-05,0.00017820863302951082,embedding_pca
esmc_PC2466,0.00017277703090700156,1.089522471209607e-05,0.00017277703090700156,embedding_pca
esmc_PC2467,0.00017743937310467798,9.29703075877707e-06,0.00017743937310467798,embedding_pca
esmc_PC2468,0.0001808607443897729,8.925688590601133e-06,0.0001808607443897729,embedding_pca
esmc_PC2469,0.00019328037820487559,6.583204822995241e-06,0.00019328037820487559,embedding_pca
esmc_PC2470,0.0001740534733949469,1.0951226738372165e-05,0.0001740534733949469,embedding_pca
esmc_PC2471,0.00019251849990466712,1.116167923707274e-05,0.00019251849990466712,embedding_pca
esmc_PC2472,0.00018605742413631992,1.0049336492490816e-05,0.00018605742413631992,embedding_pca
esmc_PC2473,0.0001774861954209349,8.496421497932541e-06,0.0001774861954209349,embedding_pca
esmc_PC2474,0.000188680038220398,1.1274340444118264e-05,0.000188680038220398,embedding_pca
esmc_PC2475,0.00018662893178908346,4.444615016537246e-06,0.00018662893178908346,embedding_pca
esmc_PC2476,0.0001802969239711556,5.145273822009323e-06,0.0001802969239711556,embedding_pca
esmc_PC2477,0.00017909255860778137,4.562092426456739e-06,0.00017909255860778137,embedding_pca
esmc_PC2478,0.00018477906416689187,5.627682671937587e-06,0.00018477906416689187,embedding_pca
esmc_PC2479,0.00018109782970855646,1.0013684508854342e-05,0.00018109782970855646,embedding_pca
esmc_PC2480,0.0001873786813443624,1.0920919544912883e-05,0.0001873786813443624,embedding_pca
esmc_PC2481,0.00018174642061681562,5.752612668168065e-06,0.00018174642061681562,embedding_pca
esmc_PC2482,0.00018544548962547846,4.326445755233726e-06,0.00018544548962547846,embedding_pca
esmc_PC2483,0.00017515123246561584,6.328534602497174e-06,0.00017515123246561584,embedding_pca
esmc_PC2484,0.00018481805941680237,4.6731106837286085e-06,0.00018481805941680237,embedding_pca
esmc_PC2485,0.00018353534353341945,4.033185798859755e-06,0.00018353534353341945,embedding_pca
esmc_PC2486,0.00018848957361555769,5.640602521311122e-06,0.00018848957361555769,embedding_pca
esmc_PC2487,0.00018764678651527226,8.16950127272552e-06,0.00018764678651527226,embedding_pca
esmc_PC2488,0.00018499555287624153,6.830936666827402e-06,0.00018499555287624153,embedding_pca
esmc_PC2489,0.00017988822813071328,2.402882468086972e-06,0.00017988822813071328,embedding_pca
esmc_PC2490,0.00017832895788144176,4.085665888999603e-06,0.00017832895788144176,embedding_pca
esmc_PC2491,0.00018202371627997464,7.2911087842029475e-06,0.00018202371627997464,embedding_pca
esmc_PC2492,0.00018484955060275857,6.290006358337013e-06,0.00018484955060275857,embedding_pca
esmc_PC2493,0.00018123335331646104,4.544980923410363e-06,0.00018123335331646104,embedding_pca
esmc_PC2494,0.00018291359097768157,8.26591020541466e-06,0.00018291359097768157,embedding_pca
esmc_PC2495,0.000177289054351884,2.886843548074441e-06,0.000177289054351884,embedding_pca
esmc_PC2496,0.00017778197335759945,9.545332956402439e-06,0.00017778197335759945,embedding_pca
esmc_PC2497,0.00018218627793430744,4.558649632736523e-06,0.00018218627793430744,embedding_pca
esmc_PC2498,0.00018067798821112398,6.812285207139619e-06,0.00018067798821112398,embedding_pca
esmc_PC2499,0.00017539021204869725,4.535638424282543e-06,0.00017539021204869725,embedding_pca
esmc_PC2500,0.0001809055984221566,8.369882135441178e-06,0.0001809055984221566,embedding_pca
esmc_PC2501,0.00018037283506899246,4.647306849900832e-06,0.00018037283506899246,embedding_pca
esmc_PC2502,0.0001804989556642974,1.1823868515110976e-05,0.0001804989556642974,embedding_pca
esmc_PC2503,0.00018317798145403553,1.2362708096086074e-05,0.00018317798145403553,embedding_pca
esmc_PC2504,0.0001752764397084247,6.443190929510425e-06,0.0001752764397084247,embedding_pca
esmc_PC2505,0.00018424885366953567,1.421468969709054e-05,0.00018424885366953567,embedding_pca
esmc_PC2506,0.00017865645103676636,6.040504684216792e-06,0.00017865645103676636,embedding_pca
esmc_PC2507,0.00018284408836891265,4.045682175965144e-06,0.00018284408836891265,embedding_pca
esmc_PC2508,0.00019038969991762826,8.044755363484001e-06,0.00019038969991762826,embedding_pca
esmc_PC2509,0.00018109776007178393,9.905751736385894e-06,0.00018109776007178393,embedding_pca
esmc_PC2510,0.0001784097846194806,3.875055239255409e-06,0.0001784097846194806,embedding_pca
esmc_PC2511,0.0001833133167151541,5.754830525783505e-06,0.0001833133167151541,embedding_pca
esmc_PC2512,0.00018308434490054259,7.764538656987482e-06,0.00018308434490054259,embedding_pca
esmc_PC2513,0.00018446931166876302,5.444094833735955e-06,0.00018446931166876302,embedding_pca
esmc_PC2514,0.0001898843168856381,6.100973867700946e-06,0.0001898843168856381,embedding_pca
esmc_PC2515,0.00018098747954212597,6.210374300902872e-06,0.00018098747954212597,embedding_pca
esmc_PC2516,0.00018247999295050273,1.1412962576588514e-05,0.00018247999295050273,embedding_pca
esmc_PC2517,0.0001703710379850016,1.1710641773775317e-05,0.0001703710379850016,embedding_pca
esmc_PC2518,0.00018710117887262736,9.667036906577013e-06,0.00018710117887262736,embedding_pca
esmc_PC2519,0.00017621701303870965,8.58094060535498e-06,0.00017621701303870965,embedding_pca
esmc_PC2520,0.0001840085525810562,8.563437550727603e-06,0.0001840085525810562,embedding_pca
esmc_PC2521,0.00018490960665883433,7.702671807369678e-06,0.00018490960665883433,embedding_pca
esmc_PC2522,0.00017537269828871955,9.366568693887512e-06,0.00017537269828871955,embedding_pca
esmc_PC2523,0.00018222044953811002,3.5737619071258627e-06,0.00018222044953811002,embedding_pca
esmc_PC2524,0.00018009190557402048,7.118543994262477e-06,0.00018009190557402048,embedding_pca
esmc_PC2525,0.0001847713722625048,8.16035786198623e-06,0.0001847713722625048,embedding_pca
esmc_PC2526,0.00018471421982532265,2.6059780167576667e-06,0.00018471421982532265,embedding_pca
esmc_PC2527,0.00018125782666447373,1.3962339470520126e-05,0.00018125782666447373,embedding_pca
esmc_PC2528,0.00018254620018190709,4.234763544744534e-06,0.00018254620018190709,embedding_pca
esmc_PC2529,0.00018824014374299678,8.535367643573581e-06,0.00018824014374299678,embedding_pca
esmc_PC2530,0.00018268513533992663,8.091513012389752e-06,0.00018268513533992663,embedding_pca
esmc_PC2531,0.00018009354968006336,5.379077834624131e-06,0.00018009354968006336,embedding_pca
esmc_PC2532,0.0001900236707940948,1.0864887290036256e-05,0.0001900236707940948,embedding_pca
esmc_PC2533,0.0001732391537530255,5.527296754505519e-06,0.0001732391537530255,embedding_pca
esmc_PC2534,0.0001842613988832895,1.2319653489074291e-05,0.0001842613988832895,embedding_pca
esmc_PC2535,0.00018782467919198456,9.424377123037148e-06,0.00018782467919198456,embedding_pca
esmc_PC2536,0.00018755621697808382,7.660203177243877e-06,0.00018755621697808382,embedding_pca
esmc_PC2537,0.00018926286346929782,4.537993015831738e-06,0.00018926286346929782,embedding_pca
esmc_PC2538,0.0001855658613780123,9.780162032513603e-06,0.0001855658613780123,embedding_pca
esmc_PC2539,0.00018398799920148898,1.0799363420484855e-05,0.00018398799920148898,embedding_pca
esmc_PC2540,0.00017403426644893897,7.199382367142147e-06,0.00017403426644893897,embedding_pca
esmc_PC2541,0.00018693706160052042,9.034910805230985e-06,0.00018693706160052042,embedding_pca
esmc_PC2542,0.00018497031471619295,5.649299812644025e-06,0.00018497031471619295,embedding_pca
esmc_PC2543,0.00018312124762198182,7.690965514269116e-06,0.00018312124762198182,embedding_pca
esmc_PC2544,0.00018222837093859515,3.2461612433148926e-06,0.00018222837093859515,embedding_pca
esmc_PC2545,0.00018273045561895905,7.204249049189636e-06,0.00018273045561895905,embedding_pca
esmc_PC2546,0.00018434436278850786,6.143081984876696e-06,0.00018434436278850786,embedding_pca
esmc_PC2547,0.00018445019822670416,7.600037852892394e-06,0.00018445019822670416,embedding_pca
esmc_PC2548,0.00018704135880513343,5.760913593439659e-06,0.00018704135880513343,embedding_pca
esmc_PC2549,0.00019016088872591817,6.87450153195812e-06,0.00019016088872591817,embedding_pca
esmc_PC2550,0.00018235296699868516,9.822708701761876e-06,0.00018235296699868516,embedding_pca
esmc_PC2551,0.0001795719624568292,1.0305048257271572e-05,0.0001795719624568292,embedding_pca
esmc_PC2552,0.0001830472888582855,6.291339896251455e-06,0.0001830472888582855,embedding_pca
esmc_PC2553,0.00017899976873353882,5.077235571631306e-06,0.00017899976873353882,embedding_pca
esmc_PC2554,0.0001792656521633452,7.923740139585923e-06,0.0001792656521633452,embedding_pca
esmc_PC2555,0.00017620336382757077,7.00762110693344e-06,0.00017620336382757077,embedding_pca
esmc_PC2556,0.00019030684435747733,9.051248124085223e-06,0.00019030684435747733,embedding_pca
esmc_PC2557,0.0001833666664500046,8.989665997566476e-06,0.0001833666664500046,embedding_pca
esmc_PC2558,0.00017969173027658036,6.123101521568364e-06,0.00017969173027658036,embedding_pca
esmc_PC2559,0.00018914896062165567,9.230499958104714e-06,0.00018914896062165567,embedding_pca
esmc_PC2560,0.00018279256409511015,8.663472805692909e-06,0.00018279256409511015,embedding_pca
esmc_PC2561,0.00017773026293987646,2.7964573968528807e-06,0.00017773026293987646,embedding_pca
esmc_PC2562,0.00017789810471545135,6.105497252648907e-06,0.00017789810471545135,embedding_pca
esmc_PC2563,0.00018085098273567726,7.530478726420684e-06,0.00018085098273567726,embedding_pca
esmc_PC2564,0.0001788866253652728,4.655657438829425e-06,0.0001788866253652728,embedding_pca
esmc_PC2565,0.0001787753510435682,9.575550195862278e-06,0.0001787753510435682,embedding_pca
esmc_PC2566,0.00018054984822434965,9.229858169999488e-06,0.00018054984822434965,embedding_pca
esmc_PC2567,0.00018758479262258147,4.101092622210432e-06,0.00018758479262258147,embedding_pca
esmc_PC2568,0.00017837532278877502,1.0138028367936357e-05,0.00017837532278877502,embedding_pca
esmc_PC2569,0.00018188968674620758,7.890808008849435e-06,0.00018188968674620758,embedding_pca
esmc_PC2570,0.00018348596416541455,9.444558426387403e-06,0.00018348596416541455,embedding_pca
esmc_PC2571,0.0001990197227435638,1.3105454977604742e-05,0.0001990197227435638,embedding_pca
esmc_PC2572,0.0001768092309555807,9.28285786124999e-06,0.0001768092309555807,embedding_pca
esmc_PC2573,0.00018337923095765302,7.203887411074389e-06,0.00018337923095765302,embedding_pca
esmc_PC2574,0.0001785910958263251,2.3643325780510953e-06,0.0001785910958263251,embedding_pca
esmc_PC2575,0.00017854269433492345,6.267740688637534e-06,0.00017854269433492345,embedding_pca
esmc_PC2576,0.00018190594544554428,9.571264253770037e-06,0.00018190594544554428,embedding_pca
esmc_PC2577,0.00018218044265690402,8.069844791951662e-06,0.00018218044265690402,embedding_pca
esmc_PC2578,0.00018311480703607432,7.820200474313766e-06,0.00018311480703607432,embedding_pca
esmc_PC2579,0.00018548069501229735,8.210434636109715e-06,0.00018548069501229735,embedding_pca
esmc_PC2580,0.0001845131022424263,7.506328953321041e-06,0.0001845131022424263,embedding_pca
esmc_PC2581,0.00018750250954821442,7.327942035689252e-06,0.00018750250954821442,embedding_pca
esmc_PC2582,0.000183845168759403,1.049427248780601e-05,0.000183845168759403,embedding_pca
esmc_PC2583,0.00018140823237399443,1.0294902903370534e-05,0.00018140823237399443,embedding_pca
esmc_PC2584,0.0001781183974658999,7.662622448188214e-06,0.0001781183974658999,embedding_pca
esmc_PC2585,0.00018362340722214595,8.16817723448429e-06,0.00018362340722214595,embedding_pca
esmc_PC2586,0.00018798785546373723,4.157927664357977e-06,0.00018798785546373723,embedding_pca
esmc_PC2587,0.0001834151216590665,5.034376113508934e-06,0.0001834151216590665,embedding_pca
esmc_PC2588,0.0001769402197457094,1.1839105023272507e-05,0.0001769402197457094,embedding_pca
esmc_PC2589,0.00017807995288586525,7.08829996906326e-06,0.00017807995288586525,embedding_pca
esmc_PC2590,0.00017966865601538173,9.122656286851824e-06,0.00017966865601538173,embedding_pca
esmc_PC2591,0.00017810584702038985,4.659009986411403e-06,0.00017810584702038985,embedding_pca
esmc_PC2592,0.00018381025052245246,7.82315247417871e-06,0.00018381025052245246,embedding_pca
esmc_PC2593,0.00018090137627895506,8.806765681631427e-06,0.00018090137627895506,embedding_pca
esmc_PC2594,0.00018306876053087972,6.816700329223359e-06,0.00018306876053087972,embedding_pca
esmc_PC2595,0.0001815972018638421,6.434411967700968e-06,0.0001815972018638421,embedding_pca
esmc_PC2596,0.00018159480670942228,6.763663881913136e-06,0.00018159480670942228,embedding_pca
esmc_PC2597,0.00018378061708578834,7.316686782295722e-06,0.00018378061708578834,embedding_pca
esmc_PC2598,0.00018552884635237625,6.85448743189222e-06,0.00018552884635237625,embedding_pca
esmc_PC2599,0.00018141527019717145,6.81744941668965e-06,0.00018141527019717145,embedding_pca
esmc_PC2600,0.00018455661102288526,1.391217637822859e-05,0.00018455661102288526,embedding_pca
esmc_PC2601,0.00018417856956350645,1.0905975217513316e-05,0.00018417856956350645,embedding_pca
esmc_PC2602,0.00018320202930326108,6.598073368737355e-06,0.00018320202930326108,embedding_pca
esmc_PC2603,0.00018082763548421185,5.5216379016931024e-06,0.00018082763548421185,embedding_pca
esmc_PC2604,0.0001811658691231476,4.807405315381472e-06,0.0001811658691231476,embedding_pca
esmc_PC2605,0.00018025750498443154,7.259729362017047e-06,0.00018025750498443154,embedding_pca
esmc_PC2606,0.00018213715208647714,7.81924900519977e-06,0.00018213715208647714,embedding_pca
esmc_PC2607,0.00017884426591145003,7.199620763992278e-06,0.00017884426591145003,embedding_pca
esmc_PC2608,0.0001756469324623798,1.1064117706346924e-05,0.0001756469324623798,embedding_pca
esmc_PC2609,0.00017693608145361744,7.335054072985604e-06,0.00017693608145361744,embedding_pca
esmc_PC2610,0.0001865417993413972,8.609963787455353e-06,0.0001865417993413972,embedding_pca
esmc_PC2611,0.00017633841936842877,7.578797264307186e-06,0.00017633841936842877,embedding_pca
esmc_PC2612,0.00018197226812447518,8.412530469779641e-06,0.00018197226812447518,embedding_pca
esmc_PC2613,0.0001842682283688935,5.4696106908488885e-06,0.0001842682283688935,embedding_pca
esmc_PC2614,0.00018362139531310478,1.0414927534413144e-05,0.00018362139531310478,embedding_pca
esmc_PC2615,0.0001753659582052652,6.0686501051790295e-06,0.0001753659582052652,embedding_pca
esmc_PC2616,0.00017971722394604064,6.6366785967809044e-06,0.00017971722394604064,embedding_pca
esmc_PC2617,0.0001820773558170008,1.3203535438855872e-05,0.0001820773558170008,embedding_pca
esmc_PC2618,0.00018371063333354814,1.5607523522040384e-05,0.00018371063333354814,embedding_pca
esmc_PC2619,0.00017277775795526712,6.2312564440603265e-06,0.00017277775795526712,embedding_pca
esmc_PC2620,0.00018575412009853772,6.828887404617838e-06,0.00018575412009853772,embedding_pca
esmc_PC2621,0.00017543800524527027,7.062816308523104e-06,0.00017543800524527027,embedding_pca
esmc_PC2622,0.000179115966809188,7.578185972646221e-06,0.000179115966809188,embedding_pca
esmc_PC2623,0.00018210162108233738,6.5787019437952845e-06,0.00018210162108233738,embedding_pca
esmc_PC2624,0.00018052135274390107,1.1230363215279855e-05,0.00018052135274390107,embedding_pca
esmc_PC2625,0.0001863580491371063,7.271524709865715e-06,0.0001863580491371063,embedding_pca
esmc_PC2626,0.00018141585977131597,1.0228250613798886e-05,0.00018141585977131597,embedding_pca
esmc_PC2627,0.00018235050301494923,1.0057188745500426e-05,0.00018235050301494923,embedding_pca
esmc_PC2628,0.00018673654288382937,4.119287181396358e-06,0.00018673654288382937,embedding_pca
esmc_PC2629,0.00019057208587525823,9.886690743815446e-06,0.00019057208587525823,embedding_pca
esmc_PC2630,0.00018116236662325607,1.0737426041018071e-05,0.00018116236662325607,embedding_pca
esmc_PC2631,0.00018363670403688921,1.2184520236408598e-05,0.00018363670403688921,embedding_pca
esmc_PC2632,0.00018457487550934635,4.237925043355056e-06,0.00018457487550934635,embedding_pca
esmc_PC2633,0.00018149784852484704,5.771586516658738e-06,0.00018149784852484704,embedding_pca
esmc_PC2634,0.0001818290080252727,1.0287390813017046e-05,0.0001818290080252727,embedding_pca
esmc_PC2635,0.00019613581434675052,1.0724780637851391e-05,0.00019613581434675052,embedding_pca
esmc_PC2636,0.0001755488969407854,1.0212294788839708e-05,0.0001755488969407854,embedding_pca
esmc_PC2637,0.00017287605372547356,1.256572081171758e-05,0.00017287605372547356,embedding_pca
esmc_PC2638,0.0001820551617372813,6.1717924676684604e-06,0.0001820551617372813,embedding_pca
esmc_PC2639,0.0001874740404614277,1.0275108889274651e-05,0.0001874740404614277,embedding_pca
esmc_PC2640,0.00017946743802268856,8.833911031640044e-06,0.00017946743802268856,embedding_pca
esmc_PC2641,0.00018384970238581824,6.367925877474644e-06,0.00018384970238581824,embedding_pca
esmc_PC2642,0.00018092645211623706,1.332111878359249e-05,0.00018092645211623706,embedding_pca
esmc_PC2643,0.00018545523587047127,6.808694863742606e-06,0.00018545523587047127,embedding_pca
esmc_PC2644,0.00019154751540101657,5.9754454142217085e-06,0.00019154751540101657,embedding_pca
esmc_PC2645,0.0001822785027532964,6.637973999091627e-06,0.0001822785027532964,embedding_pca
esmc_PC2646,0.00017805771266825478,6.1173907777110155e-06,0.00017805771266825478,embedding_pca
esmc_PC2647,0.00018234654671332143,5.792105714090823e-06,0.00018234654671332143,embedding_pca
esmc_PC2648,0.00018212160734003743,7.52250804870716e-06,0.00018212160734003743,embedding_pca
esmc_PC2649,0.00017570546917281416,8.434814566833389e-06,0.00017570546917281416,embedding_pca
esmc_PC2650,0.00018590439918525042,1.297823490265544e-05,0.00018590439918525042,embedding_pca
esmc_PC2651,0.00017807042736001568,8.278744924409756e-06,0.00017807042736001568,embedding_pca
esmc_PC2652,0.00018479613873697873,5.250950890953127e-06,0.00018479613873697873,embedding_pca
esmc_PC2653,0.00018344028878379708,9.03543942051405e-06,0.00018344028878379708,embedding_pca
esmc_PC2654,0.00018484435033191138,1.0653716488976243e-05,0.00018484435033191138,embedding_pca
esmc_PC2655,0.00017328562187286437,1.7896212637284347e-06,0.00017328562187286437,embedding_pca
esmc_PC2656,0.00018575745754719375,4.6969103137194625e-06,0.00018575745754719375,embedding_pca
esmc_PC2657,0.00018577145726929556,8.17766550360439e-06,0.00018577145726929556,embedding_pca
esmc_PC2658,0.0001811402638986639,7.418643047336711e-06,0.0001811402638986639,embedding_pca
esmc_PC2659,0.00018549008024075413,9.995748619235333e-06,0.00018549008024075413,embedding_pca
esmc_PC2660,0.00017315163197998993,4.977925011004692e-06,0.00017315163197998993,embedding_pca
esmc_PC2661,0.00018074370893528903,4.965436188283772e-06,0.00018074370893528903,embedding_pca
esmc_PC2662,0.00018482048354856212,7.836108715702528e-06,0.00018482048354856212,embedding_pca
esmc_PC2663,0.00018637479345801262,9.90955112080326e-06,0.00018637479345801262,embedding_pca
esmc_PC2664,0.00018447256873454135,3.734113051421178e-06,0.00018447256873454135,embedding_pca
esmc_PC2665,0.0001795857205320414,1.404393819588469e-05,0.0001795857205320414,embedding_pca
esmc_PC2666,0.00018197640356882358,6.3256504416902475e-06,0.00018197640356882358,embedding_pca
esmc_PC2667,0.00018161920511825612,5.032885821438157e-06,0.00018161920511825612,embedding_pca
esmc_PC2668,0.00018563975018314754,6.113095965032957e-06,0.00018563975018314754,embedding_pca
esmc_PC2669,0.00018057499960825177,4.8342983118963006e-06,0.00018057499960825177,embedding_pca
esmc_PC2670,0.000187829367692084,1.0342835941729399e-05,0.000187829367692084,embedding_pca
esmc_PC2671,0.00018118841506149555,7.91900329868285e-06,0.00018118841506149555,embedding_pca
esmc_PC2672,0.00018477688206619845,5.521043220277768e-06,0.00018477688206619845,embedding_pca
esmc_PC2673,0.0001731032618710479,8.0775166367702e-06,0.0001731032618710479,embedding_pca
esmc_PC2674,0.00018235565617923975,7.938718974778165e-06,0.00018235565617923975,embedding_pca
esmc_PC2675,0.00018129978330973484,1.195740543474884e-05,0.00018129978330973484,embedding_pca
esmc_PC2676,0.0001811760393138881,8.691757876987994e-06,0.0001811760393138881,embedding_pca
esmc_PC2677,0.00019380439263863897,1.2037057216904392e-05,0.00019380439263863897,embedding_pca
esmc_PC2678,0.0001801574592820688,5.228055897832033e-06,0.0001801574592820688,embedding_pca
esmc_PC2679,0.00018846324396903176,7.330699258680253e-06,0.00018846324396903176,embedding_pca
esmc_PC2680,0.00018138735696451063,9.860343396860457e-06,0.00018138735696451063,embedding_pca
esmc_PC2681,0.00018087301878227246,5.348970744713466e-06,0.00018087301878227246,embedding_pca
esmc_PC2682,0.00018434237558366,6.897820166531186e-06,0.00018434237558366,embedding_pca
esmc_PC2683,0.00018343947427234202,4.644719570949941e-06,0.00018343947427234202,embedding_pca
esmc_PC2684,0.00018392334114531063,9.553527249923027e-06,0.00018392334114531063,embedding_pca
esmc_PC2685,0.00018215573695643441,5.333010045933247e-06,0.00018215573695643441,embedding_pca
esmc_PC2686,0.00018500660918371778,1.0151396407214518e-05,0.00018500660918371778,embedding_pca
esmc_PC2687,0.00018261714740525357,1.5392055057579773e-05,0.00018261714740525357,embedding_pca
esmc_PC2688,0.00018054012257238535,6.07539703454715e-06,0.00018054012257238535,embedding_pca
esmc_PC2689,0.00017991230403127835,1.2126405126071312e-05,0.00017991230403127835,embedding_pca
esmc_PC2690,0.00018729678798877337,1.1459781308495711e-05,0.00018729678798877337,embedding_pca
esmc_PC2691,0.00018314286677832876,5.2523286831961335e-06,0.00018314286677832876,embedding_pca
esmc_PC2692,0.00018248193103086326,1.0160354160351098e-05,0.00018248193103086326,embedding_pca
esmc_PC2693,0.00017995196620522577,8.422751529995087e-06,0.00017995196620522577,embedding_pca
esmc_PC2694,0.000180212841476069,9.978974434458265e-06,0.000180212841476069,embedding_pca
esmc_PC2695,0.00018114668482168485,4.7361274507031395e-06,0.00018114668482168485,embedding_pca
esmc_PC2696,0.00018524201925915396,8.457018560519516e-06,0.00018524201925915396,embedding_pca
esmc_PC2697,0.00017658153222333944,7.593535621247834e-06,0.00017658153222333944,embedding_pca
esmc_PC2698,0.00018327393685973776,7.091643899735919e-06,0.00018327393685973776,embedding_pca
esmc_PC2699,0.00018672176136574895,1.2979128707054413e-05,0.00018672176136574895,embedding_pca
esmc_PC2700,0.00018312945645441534,4.710121909682415e-06,0.00018312945645441534,embedding_pca
esmc_PC2701,0.0001799136106819718,6.606794184741217e-06,0.0001799136106819718,embedding_pca
esmc_PC2702,0.0001837652536360193,4.775226908128991e-06,0.0001837652536360193,embedding_pca
esmc_PC2703,0.00017692917865688232,5.4925078336363245e-06,0.00017692917865688232,embedding_pca
esmc_PC2704,0.0001755363986492958,4.150585294796276e-06,0.0001755363986492958,embedding_pca
esmc_PC2705,0.0001953729159445164,7.750750078040644e-06,0.0001953729159445164,embedding_pca
esmc_PC2706,0.0001797427426843751,3.4062725036450243e-06,0.0001797427426843751,embedding_pca
esmc_PC2707,0.00018842592685001973,6.21149750724598e-06,0.00018842592685001973,embedding_pca
esmc_PC2708,0.00017759599138126054,8.936152984385047e-06,0.00017759599138126054,embedding_pca
esmc_PC2709,0.00018087927384989957,8.620527456917052e-06,0.00018087927384989957,embedding_pca
esmc_PC2710,0.00018260986715974462,8.99642667287773e-06,0.00018260986715974462,embedding_pca
esmc_PC2711,0.00018632381280223056,5.074771753375547e-06,0.00018632381280223056,embedding_pca
esmc_PC2712,0.00017765137994343557,1.0122535091434782e-05,0.00017765137994343557,embedding_pca
esmc_PC2713,0.00018292782583751664,4.673682374388538e-06,0.00018292782583751664,embedding_pca
esmc_PC2714,0.0001780016683253782,1.1752564481640323e-05,0.0001780016683253782,embedding_pca
esmc_PC2715,0.00017184480516875173,6.0196980476012455e-06,0.00017184480516875173,embedding_pca
esmc_PC2716,0.00018006838577574801,3.54518726045657e-06,0.00018006838577574801,embedding_pca
esmc_PC2717,0.00018380428336158022,9.228845178596973e-06,0.00018380428336158022,embedding_pca
esmc_PC2718,0.0001833743048771112,5.692055900121246e-06,0.0001833743048771112,embedding_pca
esmc_PC2719,0.00018899042331385914,9.552527550724899e-06,0.00018899042331385914,embedding_pca
esmc_PC2720,0.00018655879084741078,5.564129124869508e-06,0.00018655879084741078,embedding_pca
esmc_PC2721,0.000187334798853947,8.579403688028225e-06,0.000187334798853947,embedding_pca
esmc_PC2722,0.00017812407960706003,1.5358663220683817e-05,0.00017812407960706003,embedding_pca
esmc_PC2723,0.0001928212383195218,6.055491231263503e-06,0.0001928212383195218,embedding_pca
esmc_PC2724,0.00017979374212468433,5.602968173246718e-06,0.00017979374212468433,embedding_pca
esmc_PC2725,0.00018594269765063917,5.446716049135146e-06,0.00018594269765063917,embedding_pca
esmc_PC2726,0.0001779551294777863,3.948490652239919e-06,0.0001779551294777863,embedding_pca
esmc_PC2727,0.0001789140916080918,3.6385660189545587e-06,0.0001789140916080918,embedding_pca
esmc_PC2728,0.000175546685634197,1.0965260284394543e-05,0.000175546685634197,embedding_pca
esmc_PC2729,0.0001811888411196031,1.207573662897264e-05,0.0001811888411196031,embedding_pca
esmc_PC2730,0.00017735544721897715,3.452927450704581e-06,0.00017735544721897715,embedding_pca
esmc_PC2731,0.00017643130788443255,8.200488373779979e-06,0.00017643130788443255,embedding_pca
esmc_PC2732,0.000186799014964568,7.121516992379154e-06,0.000186799014964568,embedding_pca
esmc_PC2733,0.00018406254456293294,7.620694960934334e-06,0.00018406254456293294,embedding_pca
esmc_PC2734,0.00017783874992765493,5.0435825381353155e-06,0.00017783874992765493,embedding_pca
esmc_PC2735,0.00017994122458876233,8.941267892784937e-06,0.00017994122458876233,embedding_pca
esmc_PC2736,0.00018032894859515886,1.0707903535961555e-05,0.00018032894859515886,embedding_pca
esmc_PC2737,0.00017801680399077567,1.077120762550656e-05,0.00017801680399077567,embedding_pca
esmc_PC2738,0.00017737521209835005,1.444449511532738e-05,0.00017737521209835005,embedding_pca
esmc_PC2739,0.00017834539778742027,9.520352800113382e-06,0.00017834539778742027,embedding_pca
esmc_PC2740,0.00018966647903587548,1.283533368116963e-05,0.00018966647903587548,embedding_pca
esmc_PC2741,0.0001814563364303363,8.718406112799268e-06,0.0001814563364303363,embedding_pca
esmc_PC2742,0.000184935792203554,1.3592679252462309e-05,0.000184935792203554,embedding_pca
esmc_PC2743,0.00017716658689851596,7.750414737381596e-06,0.00017716658689851596,embedding_pca
esmc_PC2744,0.0001793146173228308,9.594801393296321e-06,0.0001793146173228308,embedding_pca
esmc_PC2745,0.00017940150246220884,9.501438372779928e-06,0.00017940150246220884,embedding_pca
esmc_PC2746,0.0001904368898929418,3.595938640307641e-06,0.0001904368898929418,embedding_pca
esmc_PC2747,0.00018131795003000872,5.6660571190709736e-06,0.00018131795003000872,embedding_pca
esmc_PC2748,0.0001794900008380778,8.56358792360474e-06,0.0001794900008380778,embedding_pca
esmc_PC2749,0.00017965566951348892,1.268182961817248e-05,0.00017965566951348892,embedding_pca
esmc_PC2750,0.0001778504586092228,1.3155401246966791e-05,0.0001778504586092228,embedding_pca
esmc_PC2751,0.00018070056960905301,1.004529822910029e-05,0.00018070056960905301,embedding_pca
esmc_PC2752,0.00018736212263691993,8.115084002004242e-06,0.00018736212263691993,embedding_pca
esmc_PC2753,0.00018660558569754115,1.0856556330902408e-05,0.00018660558569754115,embedding_pca
esmc_PC2754,0.00018431084109557744,1.2852254406520922e-05,0.00018431084109557744,embedding_pca
esmc_PC2755,0.00018328037383883288,4.669792885703373e-06,0.00018328037383883288,embedding_pca
esmc_PC2756,0.00018247945400544466,6.8442770354055285e-06,0.00018247945400544466,embedding_pca
esmc_PC2757,0.00018821566049639153,1.0733346190459163e-05,0.00018821566049639153,embedding_pca
esmc_PC2758,0.00018091103656301836,7.420982011319233e-06,0.00018091103656301836,embedding_pca
esmc_PC2759,0.00018817511601500653,9.37572552085141e-06,0.00018817511601500653,embedding_pca
esmc_PC2760,0.00018998265905869051,6.02128625543457e-06,0.00018998265905869051,embedding_pca
esmc_PC2761,0.00018367872631966226,8.296169242495169e-06,0.00018367872631966226,embedding_pca
esmc_PC2762,0.00018173668785622185,8.47134322046284e-06,0.00018173668785622185,embedding_pca
esmc_PC2763,0.0001786748972726347,8.849238506364962e-06,0.0001786748972726347,embedding_pca
esmc_PC2764,0.0001817183107132626,6.470505298619177e-06,0.0001817183107132626,embedding_pca
esmc_PC2765,0.00017532412903352077,8.50141817199243e-06,0.00017532412903352077,embedding_pca
esmc_PC2766,0.00018197765336305487,1.0960979293979357e-05,0.00018197765336305487,embedding_pca
esmc_PC2767,0.00018687229428330262,5.575575801068565e-06,0.00018687229428330262,embedding_pca
esmc_PC2768,0.00019187687406649296,1.1245267865726182e-05,0.00019187687406649296,embedding_pca
esmc_PC2769,0.00018401511355275107,4.743067887422357e-06,0.00018401511355275107,embedding_pca
esmc_PC2770,0.00017771252334991783,1.0475848116393266e-05,0.00017771252334991783,embedding_pca
esmc_PC2771,0.00018289925671393091,1.2349850702041137e-05,0.00018289925671393091,embedding_pca
esmc_PC2772,0.0001873849772037416,8.850295075443056e-06,0.0001873849772037416,embedding_pca
esmc_PC2773,0.00017771361176588727,3.877689848474073e-06,0.00017771361176588727,embedding_pca
esmc_PC2774,0.000184489119729142,2.3843641022499874e-06,0.000184489119729142,embedding_pca
esmc_PC2775,0.00018220475054750088,9.987748491805914e-06,0.00018220475054750088,embedding_pca
esmc_PC2776,0.0001794518461694881,3.104257329298785e-06,0.0001794518461694881,embedding_pca
esmc_PC2777,0.00018678558245412727,3.7339820897445685e-06,0.00018678558245412727,embedding_pca
esmc_PC2778,0.0001851782327205363,5.471489833119761e-06,0.0001851782327205363,embedding_pca
esmc_PC2779,0.0001900156065815487,5.473217306062042e-06,0.0001900156065815487,embedding_pca
esmc_PC2780,0.00018627089651699776,1.1214433170243274e-05,0.00018627089651699776,embedding_pca
esmc_PC2781,0.0001798811219599916,3.789614761903528e-06,0.0001798811219599916,embedding_pca
esmc_PC2782,0.00017595069094841908,1.1276130599870616e-05,0.00017595069094841908,embedding_pca
esmc_PC2783,0.00018376856845123683,5.617565440531267e-06,0.00018376856845123683,embedding_pca
esmc_PC2784,0.00018756591799418162,9.885677124693493e-06,0.00018756591799418162,embedding_pca
esmc_PC2785,0.00018360641065853577,4.878943346950106e-06,0.00018360641065853577,embedding_pca
esmc_PC2786,0.0001866211631767014,8.308965056413245e-06,0.0001866211631767014,embedding_pca
esmc_PC2787,0.00018183006745377253,9.194022490891376e-06,0.00018183006745377253,embedding_pca
esmc_PC2788,0.0001786415243559299,8.27051698591091e-06,0.0001786415243559299,embedding_pca
esmc_PC2789,0.0001840020111946469,8.012789821336365e-06,0.0001840020111946469,embedding_pca
esmc_PC2790,0.00018590049215368902,5.620684363442901e-06,0.00018590049215368902,embedding_pca
esmc_PC2791,0.0001826550939474972,9.113585045356526e-06,0.0001826550939474972,embedding_pca
esmc_PC2792,0.00017659171325518178,2.9188247029074268e-06,0.00017659171325518178,embedding_pca
esmc_PC2793,0.0001838801691983528,1.2145927083428489e-05,0.0001838801691983528,embedding_pca
esmc_PC2794,0.0001835553897274685,4.78037069325939e-06,0.0001835553897274685,embedding_pca
esmc_PC2795,0.00018015772272007342,6.9268737310290806e-06,0.00018015772272007342,embedding_pca
esmc_PC2796,0.00017943580172631254,1.2703310016677362e-05,0.00017943580172631254,embedding_pca
esmc_PC2797,0.0001800252420272016,9.844384728342769e-06,0.0001800252420272016,embedding_pca
esmc_PC2798,0.00018656395847514267,7.679721047549099e-06,0.00018656395847514267,embedding_pca
esmc_PC2799,0.000181103495720234,5.2119945613468866e-06,0.000181103495720234,embedding_pca
esmc_PC2800,0.00018503546072320775,4.507331742456846e-06,0.00018503546072320775,embedding_pca
esmc_PC2801,0.00018253140908137315,7.825468485549273e-06,0.00018253140908137315,embedding_pca
esmc_PC2802,0.00017771373681454156,8.425679299753753e-06,0.00017771373681454156,embedding_pca
esmc_PC2803,0.00018645485744593198,8.399966496357107e-06,0.00018645485744593198,embedding_pca
esmc_PC2804,0.00017583563534568733,9.519858214783859e-06,0.00017583563534568733,embedding_pca
esmc_PC2805,0.0001795327314938261,1.142100381704191e-05,0.0001795327314938261,embedding_pca
esmc_PC2806,0.0001832034567788839,7.9048514758405e-06,0.0001832034567788839,embedding_pca
esmc_PC2807,0.000183280771482888,7.695795606128713e-06,0.000183280771482888,embedding_pca
esmc_PC2808,0.00019146780065476557,7.489813773939284e-06,0.00019146780065476557,embedding_pca
esmc_PC2809,0.00017620368447037615,7.019100203949477e-06,0.00017620368447037615,embedding_pca
esmc_PC2810,0.00018452551171070883,1.053237476489761e-05,0.00018452551171070883,embedding_pca
esmc_PC2811,0.00018365939014390104,6.268262907260324e-06,0.00018365939014390104,embedding_pca
esmc_PC2812,0.00018266281510699519,1.2546918028562765e-05,0.00018266281510699519,embedding_pca
esmc_PC2813,0.00018500134766267666,1.421386724429663e-05,0.00018500134766267666,embedding_pca
esmc_PC2814,0.0001816112991467857,7.644413656874659e-06,0.0001816112991467857,embedding_pca
esmc_PC2815,0.00017979719828985376,7.010493387479575e-06,0.00017979719828985376,embedding_pca
esmc_PC2816,0.00017891422162557793,1.230260390507294e-05,0.00017891422162557793,embedding_pca
esmc_PC2817,0.0001770044232164717,1.265497413501997e-05,0.0001770044232164717,embedding_pca
esmc_PC2818,0.000179512949007979,1.3283379139926587e-05,0.000179512949007979,embedding_pca
esmc_PC2819,0.00018187175963893087,6.595130404640495e-06,0.00018187175963893087,embedding_pca
esmc_PC2820,0.00017298791931703432,9.245720914400303e-06,0.00017298791931703432,embedding_pca
esmc_PC2821,0.0001892674271238735,1.2328231683446792e-05,0.0001892674271238735,embedding_pca
esmc_PC2822,0.0001782291038828825,5.413646072899952e-06,0.0001782291038828825,embedding_pca
esmc_PC2823,0.0001810067900517761,5.941751590311945e-06,0.0001810067900517761,embedding_pca
esmc_PC2824,0.0001853267252266101,9.058648437717225e-06,0.0001853267252266101,embedding_pca
esmc_PC2825,0.00018598679347821737,1.1195957478395811e-05,0.00018598679347821737,embedding_pca
esmc_PC2826,0.00018536840247514657,1.2898239747294975e-05,0.00018536840247514657,embedding_pca
esmc_PC2827,0.00018420817953030858,8.81207956346643e-06,0.00018420817953030858,embedding_pca
esmc_PC2828,0.00018894218746909452,7.348396215727518e-06,0.00018894218746909452,embedding_pca
esmc_PC2829,0.00018626489249302908,1.2495274425952646e-05,0.00018626489249302908,embedding_pca
esmc_PC2830,0.000179561033584741,1.1725388264972596e-05,0.000179561033584741,embedding_pca
esmc_PC2831,0.00018222110163986971,8.580159816034622e-06,0.00018222110163986971,embedding_pca
esmc_PC2832,0.0001870878736693115,8.35738482099636e-06,0.0001870878736693115,embedding_pca
esmc_PC2833,0.00017801197066761126,9.222058347404811e-06,0.00017801197066761126,embedding_pca
esmc_PC2834,0.00017641215157110748,6.343281976914715e-06,0.00017641215157110748,embedding_pca
esmc_PC2835,0.00017518645248491642,6.809230200741798e-06,0.00017518645248491642,embedding_pca
esmc_PC2836,0.00018083445036019526,5.831473697828361e-06,0.00018083445036019526,embedding_pca
esmc_PC2837,0.0001914708003503049,8.052599122478774e-06,0.0001914708003503049,embedding_pca
esmc_PC2838,0.00019041336327682896,8.666458865879204e-06,0.00019041336327682896,embedding_pca
esmc_PC2839,0.0001909218567774215,5.344933861632446e-06,0.0001909218567774215,embedding_pca
esmc_PC2840,0.00018631942336837752,8.777903550286544e-06,0.00018631942336837752,embedding_pca
esmc_PC2841,0.0001787297363016187,3.914429518108144e-06,0.0001787297363016187,embedding_pca
esmc_PC2842,0.00018354133585426108,7.719913277234945e-06,0.00018354133585426108,embedding_pca
esmc_PC2843,0.00018572984775079522,1.0081574686750787e-05,0.00018572984775079522,embedding_pca
esmc_PC2844,0.00018184001853019917,5.613611267608869e-06,0.00018184001853019917,embedding_pca
esmc_PC2845,0.0001758314111309467,1.0326132861521995e-05,0.0001758314111309467,embedding_pca
esmc_PC2846,0.00018430000171469393,1.0546047957635639e-05,0.00018430000171469393,embedding_pca
esmc_PC2847,0.00017783707276953408,7.259171082839434e-06,0.00017783707276953408,embedding_pca
esmc_PC2848,0.00018189921220244403,4.8363818240828315e-06,0.00018189921220244403,embedding_pca
esmc_PC2849,0.0001898775838824827,7.061153123451878e-06,0.0001898775838824827,embedding_pca
esmc_PC2850,0.00017858413833220102,1.2741238179107585e-05,0.00017858413833220102,embedding_pca
esmc_PC2851,0.00017606140323159892,1.1640118163493593e-05,0.00017606140323159892,embedding_pca
esmc_PC2852,0.00018247295307687413,3.4673845151406154e-06,0.00018247295307687413,embedding_pca
esmc_PC2853,0.00017916214685107458,1.0505454020395524e-05,0.00017916214685107458,embedding_pca
esmc_PC2854,0.00018005462664404305,4.728758028453877e-06,0.00018005462664404305,embedding_pca
esmc_PC2855,0.00018308565841303705,3.141531294765174e-06,0.00018308565841303705,embedding_pca
esmc_PC2856,0.0001859229938211977,8.551341940261293e-06,0.0001859229938211977,embedding_pca
esmc_PC2857,0.00018472889114183838,7.676246185669692e-06,0.00018472889114183838,embedding_pca
esmc_PC2858,0.00018473444292986437,1.1688449866080042e-05,0.00018473444292986437,embedding_pca
esmc_PC2859,0.00018509423337643904,9.896133081874508e-06,0.00018509423337643904,embedding_pca
esmc_PC2860,0.00018771196715920113,9.606132980825778e-06,0.00018771196715920113,embedding_pca
esmc_PC2861,0.000182866731431449,7.933435482713953e-06,0.000182866731431449,embedding_pca
esmc_PC2862,0.00018335540858409994,9.260638957328324e-06,0.00018335540858409994,embedding_pca
esmc_PC2863,0.00017971826902240813,6.820166939833944e-06,0.00017971826902240813,embedding_pca
esmc_PC2864,0.00018329696052670782,1.1840474354312725e-05,0.00018329696052670782,embedding_pca
esmc_PC2865,0.00018232250112039738,7.193539023462405e-06,0.00018232250112039738,embedding_pca
esmc_PC2866,0.00018511835641792188,7.306608608800968e-06,0.00018511835641792188,embedding_pca
esmc_PC2867,0.00018628874393016452,4.205024749718464e-06,0.00018628874393016452,embedding_pca
esmc_PC2868,0.00018627542549625738,8.516872108260131e-06,0.00018627542549625738,embedding_pca
esmc_PC2869,0.00018991581029509098,6.67328557707755e-06,0.00018991581029509098,embedding_pca
esmc_PC2870,0.00018440580146401227,8.086510647327024e-06,0.00018440580146401227,embedding_pca
esmc_PC2871,0.00017125790597148513,4.835528841107114e-06,0.00017125790597148513,embedding_pca
esmc_PC2872,0.00018183373972537617,8.259277538253184e-06,0.00018183373972537617,embedding_pca
esmc_PC2873,0.00018220999054757944,6.662331201133365e-06,0.00018220999054757944,embedding_pca
esmc_PC2874,0.00017914339329422611,4.370389585541252e-06,0.00017914339329422611,embedding_pca
esmc_PC2875,0.0001787704009280505,9.753156056110727e-06,0.0001787704009280505,embedding_pca
esmc_PC2876,0.00017140466771017456,1.3107778851688132e-05,0.00017140466771017456,embedding_pca
esmc_PC2877,0.00017453393128802298,7.986963324400417e-06,0.00017453393128802298,embedding_pca
esmc_PC2878,0.0001758103189272279,1.2886428956051272e-05,0.0001758103189272279,embedding_pca
esmc_PC2879,0.00018478939582682293,3.6435877322754307e-06,0.00018478939582682293,embedding_pca
esmc_PC2880,0.00018918390680744244,1.1391049595903722e-05,0.00018918390680744244,embedding_pca
esmc_PC2881,0.00017760126824407305,1.2103875600528451e-05,0.00017760126824407305,embedding_pca
esmc_PC2882,0.00017482252171396184,7.366205885607666e-06,0.00017482252171396184,embedding_pca
esmc_PC2883,0.00017969588086012,1.0230174892318017e-05,0.00017969588086012,embedding_pca
esmc_PC2884,0.00018371371895423535,7.865818585360161e-06,0.00018371371895423535,embedding_pca
esmc_PC2885,0.00019288631337589592,1.1158608237238577e-05,0.00019288631337589592,embedding_pca
esmc_PC2886,0.0001794362228506024,1.3227434621518134e-05,0.0001794362228506024,embedding_pca
esmc_PC2887,0.0001883255873595725,1.2608635685306875e-05,0.0001883255873595725,embedding_pca
esmc_PC2888,0.00018034599299341465,1.1908222104417115e-05,0.00018034599299341465,embedding_pca
esmc_PC2889,0.00018378534291118234,7.100727964648112e-06,0.00018378534291118234,embedding_pca
esmc_PC2890,0.00018529359752178366,6.815914959398702e-06,0.00018529359752178366,embedding_pca
esmc_PC2891,0.00018784985031689206,5.523346136079315e-06,0.00018784985031689206,embedding_pca
esmc_PC2892,0.000188809286683535,1.0307929405665269e-05,0.000188809286683535,embedding_pca
esmc_PC2893,0.0001758338051547843,7.729481944751746e-06,0.0001758338051547843,embedding_pca
esmc_PC2894,0.00018627737251616317,7.742320475479141e-06,0.00018627737251616317,embedding_pca
esmc_PC2895,0.00018370930140079573,6.822730269788382e-06,0.00018370930140079573,embedding_pca
esmc_PC2896,0.00018195245701153399,1.1507185922393302e-05,0.00018195245701153399,embedding_pca
esmc_PC2897,0.00017799406509498304,3.7821653587385453e-06,0.00017799406509498304,embedding_pca
esmc_PC2898,0.0001799381076279556,9.508534819616446e-06,0.0001799381076279556,embedding_pca
esmc_PC2899,0.00017963233101167656,8.347032825369394e-06,0.00017963233101167656,embedding_pca
esmc_PC2900,0.00018361728428684145,5.6477594200242405e-06,0.00018361728428684145,embedding_pca
esmc_PC2901,0.0001859471545748999,1.173882417494437e-05,0.0001859471545748999,embedding_pca
esmc_PC2902,0.00019164657442072517,6.496254785543e-06,0.00019164657442072517,embedding_pca
esmc_PC2903,0.00017971947119466966,1.0853680321130048e-05,0.00017971947119466966,embedding_pca
esmc_PC2904,0.00017354268942607049,1.3387336738435454e-05,0.00017354268942607049,embedding_pca
esmc_PC2905,0.00018297448470829038,5.746163958782707e-06,0.00018297448470829038,embedding_pca
esmc_PC2906,0.00017727335652524518,1.0136417492820298e-05,0.00017727335652524518,embedding_pca
esmc_PC2907,0.00018774501431902102,3.848268726908868e-06,0.00018774501431902102,embedding_pca
esmc_PC2908,0.00018039980791745373,7.4380782335228244e-06,0.00018039980791745373,embedding_pca
esmc_PC2909,0.00018323524690034703,9.50850970747357e-06,0.00018323524690034703,embedding_pca
esmc_PC2910,0.00018981327394523986,8.667452746603308e-06,0.00018981327394523986,embedding_pca
esmc_PC2911,0.00018318532733096216,6.971073738812677e-06,0.00018318532733096216,embedding_pca
esmc_PC2912,0.00018716415919316042,6.478187296371736e-06,0.00018716415919316042,embedding_pca
esmc_PC2913,0.00018286709222812663,1.3873088972684633e-05,0.00018286709222812663,embedding_pca
esmc_PC2914,0.0001811956769855184,7.330104885517771e-06,0.0001811956769855184,embedding_pca
esmc_PC2915,0.00018727795492170374,5.484824928416793e-06,0.00018727795492170374,embedding_pca
esmc_PC2916,0.00018032167482647904,5.571186746320697e-06,0.00018032167482647904,embedding_pca
esmc_PC2917,0.0001824350196693464,9.193306160926751e-06,0.0001824350196693464,embedding_pca
esmc_PC2918,0.00017534579490925543,8.74756231552818e-06,0.00017534579490925543,embedding_pca
esmc_PC2919,0.0001794319268941334,6.199320459715432e-06,0.0001794319268941334,embedding_pca
esmc_PC2920,0.00018837333878131087,8.782843019212221e-06,0.00018837333878131087,embedding_pca
esmc_PC2921,0.0001794728841685789,8.795003322124905e-06,0.0001794728841685789,embedding_pca
esmc_PC2922,0.00018152653133182383,7.8591968961707e-06,0.00018152653133182383,embedding_pca
esmc_PC2923,0.00018631648611865565,9.18712317560232e-06,0.00018631648611865565,embedding_pca
esmc_PC2924,0.00017931653795545511,3.553123206255785e-06,0.00017931653795545511,embedding_pca
esmc_PC2925,0.00017668063660328088,7.638222313150414e-06,0.00017668063660328088,embedding_pca
esmc_PC2926,0.00018110457660360348,6.439412395840572e-06,0.00018110457660360348,embedding_pca
esmc_PC2927,0.00018998559956508328,1.0998258121900145e-05,0.00018998559956508328,embedding_pca
esmc_PC2928,0.0001838195233524552,5.411663058216824e-06,0.0001838195233524552,embedding_pca
esmc_PC2929,0.0001785558910063722,3.767948820721896e-06,0.0001785558910063722,embedding_pca
esmc_PC2930,0.00018041444534134212,8.335563628117064e-06,0.00018041444534134212,embedding_pca
esmc_PC2931,0.00018124187560218503,8.601083420107469e-06,0.00018124187560218503,embedding_pca
esmc_PC2932,0.00018508700237554796,6.416765260216441e-06,0.00018508700237554796,embedding_pca
esmc_PC2933,0.00018821038257999065,5.772559650354588e-06,0.00018821038257999065,embedding_pca
esmc_PC2934,0.0001858116644599287,6.165076873540679e-06,0.0001858116644599287,embedding_pca
esmc_PC2935,0.00018507825837736215,5.898418214385523e-06,0.00018507825837736215,embedding_pca
esmc_PC2936,0.00018049564637296508,7.120022882553807e-06,0.00018049564637296508,embedding_pca
esmc_PC2937,0.00018042374277444758,1.1431566083311433e-05,0.00018042374277444758,embedding_pca
esmc_PC2938,0.00018486245342078707,8.103065227406987e-06,0.00018486245342078707,embedding_pca
esmc_PC2939,0.00019083131206914275,1.030800613229804e-05,0.00019083131206914275,embedding_pca
esmc_PC2940,0.00018295380813606647,6.397148195202589e-06,0.00018295380813606647,embedding_pca
esmc_PC2941,0.00019070020158215356,7.758087329355164e-06,0.00019070020158215356,embedding_pca
esmc_PC2942,0.00019366579648180828,8.216943940873888e-06,0.00019366579648180828,embedding_pca
esmc_PC2943,0.00018687537767366857,6.589207886350193e-06,0.00018687537767366857,embedding_pca
esmc_PC2944,0.00018817513368279718,5.667928027459928e-06,0.00018817513368279718,embedding_pca
esmc_PC2945,0.0001720847883039149,4.7372285455280605e-06,0.0001720847883039149,embedding_pca
esmc_PC2946,0.00018786489000755918,6.061650281251601e-06,0.00018786489000755918,embedding_pca
esmc_PC2947,0.00018090486370715467,1.2950204215790682e-05,0.00018090486370715467,embedding_pca
esmc_PC2948,0.000176738718273569,1.1323233034912529e-05,0.000176738718273569,embedding_pca
esmc_PC2949,0.00018218671976251037,8.06164838446774e-06,0.00018218671976251037,embedding_pca
esmc_PC2950,0.00018747951692231357,5.97519307321824e-06,0.00018747951692231357,embedding_pca
esmc_PC2951,0.00018200123847994206,1.2171083934233201e-05,0.00018200123847994206,embedding_pca
esmc_PC2952,0.00019175760858809108,1.0751951378930473e-05,0.00019175760858809108,embedding_pca
esmc_PC2953,0.0001865421900277214,1.2926658106485726e-05,0.0001865421900277214,embedding_pca
esmc_PC2954,0.0001900547174283886,1.2342854616910673e-05,0.0001900547174283886,embedding_pca
esmc_PC2955,0.0001763270386229538,9.083202980463174e-06,0.0001763270386229538,embedding_pca
esmc_PC2956,0.0001837266444229889,5.357279192884624e-06,0.0001837266444229889,embedding_pca
esmc_PC2957,0.00018513268343703073,1.0378331848235575e-05,0.00018513268343703073,embedding_pca
esmc_PC2958,0.00019253420250515458,7.173801314574824e-06,0.00019253420250515458,embedding_pca
esmc_PC2959,0.0001811058649242598,3.544609967784464e-06,0.0001811058649242598,embedding_pca
esmc_PC2960,0.00018305979645063508,3.2108841222276213e-06,0.00018305979645063508,embedding_pca
esmc_PC2961,0.0001835172167840201,1.0981448331002869e-05,0.0001835172167840201,embedding_pca
esmc_PC2962,0.00018775586447973206,3.742866120417442e-06,0.00018775586447973206,embedding_pca
esmc_PC2963,0.00018722738555697127,1.0772260240708677e-05,0.00018722738555697127,embedding_pca
esmc_PC2964,0.00018303742589393252,7.630259011359003e-06,0.00018303742589393252,embedding_pca
esmc_PC2965,0.000177658357505196,6.330666179799649e-06,0.000177658357505196,embedding_pca
esmc_PC2966,0.0001785380767580266,8.14056932804348e-06,0.0001785380767580266,embedding_pca
esmc_PC2967,0.0001829649258855117,4.732157540775283e-06,0.0001829649258855117,embedding_pca
esmc_PC2968,0.00018666208300027637,5.500018962341615e-06,0.00018666208300027637,embedding_pca
esmc_PC2969,0.00017755323998569234,6.97408161276258e-06,0.00017755323998569234,embedding_pca
esmc_PC2970,0.00018591353800847456,8.893834210475445e-06,0.00018591353800847456,embedding_pca
esmc_PC2971,0.0001820127705862727,3.3658043586454763e-06,0.0001820127705862727,embedding_pca
esmc_PC2972,0.00017568504405764913,5.597123093850447e-06,0.00017568504405764913,embedding_pca
esmc_PC2973,0.00018117801079645538,5.8159973877326046e-06,0.00018117801079645538,embedding_pca
esmc_PC2974,0.00018335054973730498,5.7128272346908164e-06,0.00018335054973730498,embedding_pca
esmc_PC2975,0.00018712295531477083,5.127613235341384e-06,0.00018712295531477083,embedding_pca
esmc_PC2976,0.00018545992381786432,1.031564295018233e-05,0.00018545992381786432,embedding_pca
esmc_PC2977,0.00018263184163328134,9.637699549206563e-06,0.00018263184163328134,embedding_pca
esmc_PC2978,0.00018399338410590949,3.2185495204352994e-06,0.00018399338410590949,embedding_pca
esmc_PC2979,0.00017703867894964406,1.4622932884652722e-05,0.00017703867894964406,embedding_pca
esmc_PC2980,0.0001851358463365698,8.552617270092816e-06,0.0001851358463365698,embedding_pca
esmc_PC2981,0.0001851431122921297,7.00558851987015e-06,0.0001851431122921297,embedding_pca
esmc_PC2982,0.00018639981891929283,9.970553238720145e-06,0.00018639981891929283,embedding_pca
esmc_PC2983,0.0001902724881666439,9.031800553729247e-06,0.0001902724881666439,embedding_pca
esmc_PC2984,0.00018498569015581445,8.194728458667432e-06,0.00018498569015581445,embedding_pca
esmc_PC2985,0.0001778541780814968,1.0688607272958887e-05,0.0001778541780814968,embedding_pca
esmc_PC2986,0.00019076005924176598,9.196314705077027e-06,0.00019076005924176598,embedding_pca
esmc_PC2987,0.0001758784650202213,7.188390417936014e-06,0.0001758784650202213,embedding_pca
esmc_PC2988,0.00018265010189224247,6.345257754311762e-06,0.00018265010189224247,embedding_pca
esmc_PC2989,0.00018143962624835714,1.1317994709304105e-05,0.00018143962624835714,embedding_pca
esmc_PC2990,0.00018810240679741503,1.0424314109447437e-05,0.00018810240679741503,embedding_pca
esmc_PC2991,0.00018600667088493268,6.158196303588996e-06,0.00018600667088493268,embedding_pca
esmc_PC2992,0.00018743809264275415,1.0282155350220949e-05,0.00018743809264275415,embedding_pca
esmc_PC2993,0.00018174544269909508,5.499308622383793e-06,0.00018174544269909508,embedding_pca
esmc_PC2994,0.0001840277222745122,9.247581631331307e-06,0.0001840277222745122,embedding_pca
esmc_PC2995,0.00017886138990514256,4.708995254096658e-06,0.00017886138990514256,embedding_pca
esmc_PC2996,0.00018195517874783704,8.064483017001863e-06,0.00018195517874783704,embedding_pca
esmc_PC2997,0.00018403307756634915,8.275290727229208e-06,0.00018403307756634915,embedding_pca
esmc_PC2998,0.0001882507704545556,4.227719671733064e-06,0.0001882507704545556,embedding_pca
esmc_PC2999,0.00018305435323121867,9.10926033743109e-06,0.00018305435323121867,embedding_pca
esmc_PC3000,0.00017672017769112348,1.0270358416075927e-05,0.00017672017769112348,embedding_pca
esmc_PC3001,0.00017925664783377253,9.285647929669332e-06,0.00017925664783377253,embedding_pca
esmc_PC3002,0.0001921912739095664,1.0023056551345423e-05,0.0001921912739095664,embedding_pca
esmc_PC3003,0.00018326988418991932,6.8356056172704e-06,0.00018326988418991932,embedding_pca
esmc_PC3004,0.00018917567457007867,5.691271025795574e-06,0.00018917567457007867,embedding_pca
esmc_PC3005,0.00018962553906212308,1.1801311768594545e-05,0.00018962553906212308,embedding_pca
esmc_PC3006,0.00018098324575251422,8.382020156729525e-06,0.00018098324575251422,embedding_pca
esmc_PC3007,0.00018066765790602314,1.1616016121880674e-05,0.00018066765790602314,embedding_pca
esmc_PC3008,0.0001835968637083452,1.0294529701010768e-05,0.0001835968637083452,embedding_pca
esmc_PC3009,0.00018574891358615796,9.665419756827632e-06,0.00018574891358615796,embedding_pca
esmc_PC3010,0.00018242340411307804,6.7299916464847065e-06,0.00018242340411307804,embedding_pca
esmc_PC3011,0.0001820248894356608,4.027861790279851e-06,0.0001820248894356608,embedding_pca
esmc_PC3012,0.00018013887205886272,5.8297255421392115e-06,0.00018013887205886272,embedding_pca
esmc_PC3013,0.00018974288385224173,5.9286880222427305e-06,0.00018974288385224173,embedding_pca
esmc_PC3014,0.00018481969962896597,7.623930769746177e-06,0.00018481969962896597,embedding_pca
esmc_PC3015,0.0001828068625803466,6.040210896801428e-06,0.0001828068625803466,embedding_pca
esmc_PC3016,0.00018486902046780307,2.475150141094036e-06,0.00018486902046780307,embedding_pca
esmc_PC3017,0.0001776522418729676,9.27263989864732e-06,0.0001776522418729676,embedding_pca
esmc_PC3018,0.00017686475559302705,3.079592055893925e-06,0.00017686475559302705,embedding_pca
esmc_PC3019,0.0001806896336048884,1.1519951569619041e-05,0.0001806896336048884,embedding_pca
esmc_PC3020,0.00018529914216304906,6.054225536184083e-06,0.00018529914216304906,embedding_pca
esmc_PC3021,0.0001892620378683526,4.211246169124264e-06,0.0001892620378683526,embedding_pca
esmc_PC3022,0.00017391745562208013,8.332906598758128e-06,0.00017391745562208013,embedding_pca
esmc_PC3023,0.00018516930602777867,9.626031998046284e-06,0.00018516930602777867,embedding_pca
esmc_PC3024,0.0001857686906350675,3.3183372589630145e-06,0.0001857686906350675,embedding_pca
esmc_PC3025,0.00018454955861115543,4.313663353512529e-06,0.00018454955861115543,embedding_pca
esmc_PC3026,0.00017382480029126896,9.07913326030576e-06,0.00017382480029126896,embedding_pca
esmc_PC3027,0.000182006613221068,4.885831674803078e-06,0.000182006613221068,embedding_pca
esmc_PC3028,0.00018883646947063447,8.174599924758944e-06,0.00018883646947063447,embedding_pca
esmc_PC3029,0.0001837414782599557,4.394937857779106e-06,0.0001837414782599557,embedding_pca
esmc_PC3030,0.00018923808053544257,7.935574877563331e-06,0.00018923808053544257,embedding_pca
esmc_PC3031,0.00017785006189061073,7.980503772329961e-06,0.00017785006189061073,embedding_pca
esmc_PC3032,0.00018059031194217156,9.132110412980042e-06,0.00018059031194217156,embedding_pca
esmc_PC3033,0.00019342671232339196,1.0033622942127464e-05,0.00019342671232339196,embedding_pca
esmc_PC3034,0.00019340821726971419,5.633273705744584e-06,0.00019340821726971419,embedding_pca
esmc_PC3035,0.00017606447370787918,5.266514622665462e-06,0.00017606447370787918,embedding_pca
esmc_PC3036,0.00017691163252637888,8.873368224425966e-06,0.00017691163252637888,embedding_pca
esmc_PC3037,0.00019316067297269282,3.905115009213401e-06,0.00019316067297269282,embedding_pca
esmc_PC3038,0.00017782687892414745,1.0115067095209392e-05,0.00017782687892414745,embedding_pca
esmc_PC3039,0.00019505615297891739,6.612432054846458e-06,0.00019505615297891739,embedding_pca
esmc_PC3040,0.00017980705431518032,5.710434809364138e-06,0.00017980705431518032,embedding_pca
esmc_PC3041,0.00017954951334179332,1.0389229912101015e-05,0.00017954951334179332,embedding_pca
esmc_PC3042,0.00018231107623431218,6.231899559019482e-06,0.00018231107623431218,embedding_pca
esmc_PC3043,0.00018157791927236002,3.5640061212368746e-06,0.00018157791927236002,embedding_pca
esmc_PC3044,0.00018441210335203408,1.8169364064338819e-06,0.00018441210335203408,embedding_pca
esmc_PC3045,0.0001806800857304707,7.1699681486046266e-06,0.0001806800857304707,embedding_pca
esmc_PC3046,0.00018438910128990195,7.273203702966546e-06,0.00018438910128990195,embedding_pca
esmc_PC3047,0.00017995926296872654,6.325156609935465e-06,0.00017995926296872654,embedding_pca
esmc_PC3048,0.0001911726564749351,4.2738121083782205e-06,0.0001911726564749351,embedding_pca
esmc_PC3049,0.0001872582269378795,1.0560393766064149e-05,0.0001872582269378795,embedding_pca
esmc_PC3050,0.00018348480431567006,5.810747629455904e-06,0.00018348480431567006,embedding_pca
esmc_PC3051,0.00018496030939540084,5.667470258037006e-06,0.00018496030939540084,embedding_pca
esmc_PC3052,0.00018539743014196527,1.012337023211912e-05,0.00018539743014196527,embedding_pca
esmc_PC3053,0.0001832568069853026,1.024084312624944e-05,0.0001832568069853026,embedding_pca
esmc_PC3054,0.00018554490659787302,6.213391327822166e-06,0.00018554490659787302,embedding_pca
esmc_PC3055,0.00019289830921598072,9.329157341180075e-06,0.00019289830921598072,embedding_pca
esmc_PC3056,0.00017910793559639936,7.775823843792425e-06,0.00017910793559639936,embedding_pca
esmc_PC3057,0.00018250370073262263,5.547741894107866e-06,0.00018250370073262263,embedding_pca
esmc_PC3058,0.00018490892110572827,1.2554935779685552e-05,0.00018490892110572827,embedding_pca
esmc_PC3059,0.00018683871411847363,7.624931714503408e-06,0.00018683871411847363,embedding_pca
esmc_PC3060,0.00019018487059316278,7.4739892778236005e-06,0.00019018487059316278,embedding_pca
esmc_PC3061,0.00017898039513232586,1.2306213194181166e-05,0.00017898039513232586,embedding_pca
esmc_PC3062,0.00018235205508905538,5.664524908029279e-06,0.00018235205508905538,embedding_pca
esmc_PC3063,0.00018130918393539946,7.418575924497618e-06,0.00018130918393539946,embedding_pca
esmc_PC3064,0.00018509298365014057,8.029382143098094e-06,0.00018509298365014057,embedding_pca
esmc_PC3065,0.00018317514276275108,1.1991846316126413e-05,0.00018317514276275108,embedding_pca
esmc_PC3066,0.00018616765297307778,1.1095615802694318e-05,0.00018616765297307778,embedding_pca
esmc_PC3067,0.00018044477312557025,9.489683750561173e-06,0.00018044477312557025,embedding_pca
esmc_PC3068,0.00018192547692869482,1.1396686492996058e-05,0.00018192547692869482,embedding_pca
esmc_PC3069,0.0001832994087495949,6.930644946910788e-06,0.0001832994087495949,embedding_pca
esmc_PC3070,0.00018154421940084182,4.136405232152747e-06,0.00018154421940084182,embedding_pca
esmc_PC3071,0.00017984010487954785,7.72382855629072e-06,0.00017984010487954785,embedding_pca
esmc_PC3072,0.00018538477190667462,3.891767603348499e-06,0.00018538477190667462,embedding_pca
esmc_PC3073,0.00018874261086647466,7.366537564293589e-06,0.00018874261086647466,embedding_pca
esmc_PC3074,0.00018589503108793075,6.6392958781672515e-06,0.00018589503108793075,embedding_pca
esmc_PC3075,0.00018435630846439026,3.2232329336495847e-06,0.00018435630846439026,embedding_pca
esmc_PC3076,0.00018439813920542099,1.0727893510711311e-05,0.00018439813920542099,embedding_pca
esmc_PC3077,0.0001789382283208226,7.308212520444945e-06,0.0001789382283208226,embedding_pca
esmc_PC3078,0.00018271994846820092,6.907893199078901e-06,0.00018271994846820092,embedding_pca
esmc_PC3079,0.00018179035203016335,1.0235297770247795e-05,0.00018179035203016335,embedding_pca
esmc_PC3080,0.000186415777526047,7.131220762347994e-06,0.000186415777526047,embedding_pca
esmc_PC3081,0.00018068369759652623,4.172734713964431e-06,0.00018068369759652623,embedding_pca
esmc_PC3082,0.00018546490938297275,8.45461309699659e-06,0.00018546490938297275,embedding_pca
esmc_PC3083,0.00018310961733172907,8.73032199351522e-06,0.00018310961733172907,embedding_pca
esmc_PC3084,0.00018144264920176735,5.651866969704646e-06,0.00018144264920176735,embedding_pca
esmc_PC3085,0.00018539755897296466,6.484916158719623e-06,0.00018539755897296466,embedding_pca
esmc_PC3086,0.00017994086767463195,6.758070694708901e-06,0.00017994086767463195,embedding_pca
esmc_PC3087,0.00017539307534908654,1.3796686434612735e-05,0.00017539307534908654,embedding_pca
esmc_PC3088,0.0001774374653460841,6.488468570532071e-06,0.0001774374653460841,embedding_pca
esmc_PC3089,0.00018330321691737334,1.0947966942288302e-05,0.00018330321691737334,embedding_pca
esmc_PC3090,0.0001796089157780763,4.866539313866956e-06,0.0001796089157780763,embedding_pca
esmc_PC3091,0.0001878202155098731,1.2822816691641605e-05,0.0001878202155098731,embedding_pca
esmc_PC3092,0.00018187145499655905,5.048239700841244e-06,0.00018187145499655905,embedding_pca
esmc_PC3093,0.00018113366864248723,8.979484451701058e-06,0.00018113366864248723,embedding_pca
esmc_PC3094,0.00018687234028728358,9.482052206173454e-06,0.00018687234028728358,embedding_pca
esmc_PC3095,0.00018252627303190567,7.694075693846176e-06,0.00018252627303190567,embedding_pca
esmc_PC3096,0.00018263128793833907,5.3111855180203e-06,0.00018263128793833907,embedding_pca
esmc_PC3097,0.0001821378232990696,5.874050013254405e-06,0.0001821378232990696,embedding_pca
esmc_PC3098,0.00018750631197181076,1.1509735177508178e-05,0.00018750631197181076,embedding_pca
esmc_PC3099,0.00018366897971184532,1.3687396260658016e-05,0.00018366897971184532,embedding_pca
esmc_PC3100,0.00018911398624128317,9.492124240670154e-06,0.00018911398624128317,embedding_pca
esmc_PC3101,0.00018677431343979803,6.8858305061136885e-06,0.00018677431343979803,embedding_pca
esmc_PC3102,0.00019287857821904958,9.864145104454767e-06,0.00019287857821904958,embedding_pca
esmc_PC3103,0.0001855021665120788,1.0840358123609846e-05,0.0001855021665120788,embedding_pca
esmc_PC3104,0.0001867211182765997,1.6239163559404537e-05,0.0001867211182765997,embedding_pca
esmc_PC3105,0.00018242236545855752,1.0367151797530669e-05,0.00018242236545855752,embedding_pca
esmc_PC3106,0.0001828281725013112,6.529810694932624e-06,0.0001828281725013112,embedding_pca
esmc_PC3107,0.00017752689259590415,5.952065879368358e-06,0.00017752689259590415,embedding_pca
esmc_PC3108,0.00018054808726011224,1.229613260573659e-05,0.00018054808726011224,embedding_pca
esmc_PC3109,0.00018481439661378594,7.604414471940727e-06,0.00018481439661378594,embedding_pca
esmc_PC3110,0.00018710698195892154,8.586428911497787e-06,0.00018710698195892154,embedding_pca
esmc_PC3111,0.00018193145392535946,8.346999661446987e-06,0.00018193145392535946,embedding_pca
esmc_PC3112,0.00018171643093361256,1.3362751780279358e-05,0.00018171643093361256,embedding_pca
esmc_PC3113,0.0001820907489413493,1.0982478236107747e-05,0.0001820907489413493,embedding_pca
esmc_PC3114,0.0001830111492205336,6.214015079955003e-06,0.0001830111492205336,embedding_pca
esmc_PC3115,0.0001854046969634777,1.137083227527457e-05,0.0001854046969634777,embedding_pca
esmc_PC3116,0.00018079288530918196,6.628443687009337e-06,0.00018079288530918196,embedding_pca
esmc_PC3117,0.000177283711777604,7.80990061746404e-06,0.000177283711777604,embedding_pca
esmc_PC3118,0.00018477061286427317,6.222637083337553e-06,0.00018477061286427317,embedding_pca
esmc_PC3119,0.00018145003293075783,1.2003861582275409e-05,0.00018145003293075783,embedding_pca
esmc_PC3120,0.00018942359271774926,8.43191691169545e-06,0.00018942359271774926,embedding_pca
esmc_PC3121,0.0001928914190302177,7.458077508362923e-06,0.0001928914190302177,embedding_pca
esmc_PC3122,0.00018620659038131655,5.743152451434202e-06,0.00018620659038131655,embedding_pca
esmc_PC3123,0.0001860461351157877,5.666238904703475e-06,0.0001860461351157877,embedding_pca
esmc_PC3124,0.00018742730923928787,4.7665841862562066e-06,0.00018742730923928787,embedding_pca
esmc_PC3125,0.0001805663998578508,1.063554236145076e-05,0.0001805663998578508,embedding_pca
esmc_PC3126,0.00017877330625545033,1.0899780682223147e-05,0.00017877330625545033,embedding_pca
esmc_PC3127,0.00017999709833155562,1.2725760593357516e-05,0.00017999709833155562,embedding_pca
esmc_PC3128,0.00017941082557814168,1.4001435213279942e-05,0.00017941082557814168,embedding_pca
esmc_PC3129,0.000181849326776679,1.0588118823073179e-05,0.000181849326776679,embedding_pca
esmc_PC3130,0.00018280954215127768,7.816615117950171e-06,0.00018280954215127768,embedding_pca
esmc_PC3131,0.0001843551249235033,7.673620263843882e-06,0.0001843551249235033,embedding_pca
esmc_PC3132,0.00019020193036106955,6.067817129940592e-06,0.00019020193036106955,embedding_pca
esmc_PC3133,0.00018298538188838307,7.133678163826555e-06,0.00018298538188838307,embedding_pca
esmc_PC3134,0.0001778943922351454,6.9378350850769445e-06,0.0001778943922351454,embedding_pca
esmc_PC3135,0.00017610893451904566,9.161484869698853e-06,0.00017610893451904566,embedding_pca
esmc_PC3136,0.00018862985424340705,9.336731840648294e-06,0.00018862985424340705,embedding_pca
esmc_PC3137,0.0001850085636883494,3.9396016321970965e-06,0.0001850085636883494,embedding_pca
esmc_PC3138,0.00018910731723314876,9.954431800607975e-06,0.00018910731723314876,embedding_pca
esmc_PC3139,0.0001820632070039892,1.2218516501765545e-05,0.0001820632070039892,embedding_pca
esmc_PC3140,0.00018909010763615945,8.302029674266018e-06,0.00018909010763615945,embedding_pca
esmc_PC3141,0.0001926035847724269,1.2203728300759625e-05,0.0001926035847724269,embedding_pca
esmc_PC3142,0.00018733957241934724,6.9977152482661125e-06,0.00018733957241934724,embedding_pca
esmc_PC3143,0.00018648272121755155,7.413784776863765e-06,0.00018648272121755155,embedding_pca
esmc_PC3144,0.00018373869962392945,8.585895986584593e-06,0.00018373869962392945,embedding_pca
esmc_PC3145,0.00018049627308591452,6.564884060184287e-06,0.00018049627308591452,embedding_pca
esmc_PC3146,0.00018090189204352292,4.5126590353945096e-06,0.00018090189204352292,embedding_pca
esmc_PC3147,0.00018173127503679152,5.8215333719444275e-06,0.00018173127503679152,embedding_pca
esmc_PC3148,0.00019348257861743584,7.98119410901304e-06,0.00019348257861743584,embedding_pca
esmc_PC3149,0.000188090763051644,2.6721023515985948e-06,0.000188090763051644,embedding_pca
esmc_PC3150,0.00018754259150432085,9.73954801526532e-06,0.00018754259150432085,embedding_pca
esmc_PC3151,0.00018221961700621585,9.902300611430135e-06,0.00018221961700621585,embedding_pca
esmc_PC3152,0.0001805350239158509,8.700032584963914e-06,0.0001805350239158509,embedding_pca
esmc_PC3153,0.0001836047303071517,6.2558111680818735e-06,0.0001836047303071517,embedding_pca
esmc_PC3154,0.00018927962482593742,1.4223105412732587e-05,0.00018927962482593742,embedding_pca
esmc_PC3155,0.00019022471254579197,1.0643888916740591e-05,0.00019022471254579197,embedding_pca
esmc_PC3156,0.00018431764470151733,6.4883256049286246e-06,0.00018431764470151733,embedding_pca
esmc_PC3157,0.00018417651593423268,5.204180443074779e-06,0.00018417651593423268,embedding_pca
esmc_PC3158,0.0001827109911998259,4.153810708701124e-06,0.0001827109911998259,embedding_pca
esmc_PC3159,0.0001856043756365558,7.3637656998693174e-06,0.0001856043756365558,embedding_pca
esmc_PC3160,0.00018316575887080975,4.61063774815185e-06,0.00018316575887080975,embedding_pca
esmc_PC3161,0.00018573741826958368,8.782183351759653e-06,0.00018573741826958368,embedding_pca
esmc_PC3162,0.00017956174458338075,3.820687143747882e-06,0.00017956174458338075,embedding_pca
esmc_PC3163,0.00018481873574358168,1.4045371316320946e-05,0.00018481873574358168,embedding_pca
esmc_PC3164,0.00018133754876157042,6.198420965715747e-06,0.00018133754876157042,embedding_pca
esmc_PC3165,0.0001778099077142702,9.890394342848298e-06,0.0001778099077142702,embedding_pca
esmc_PC3166,0.00018317582554951947,7.651766805708573e-06,0.00018317582554951947,embedding_pca
esmc_PC3167,0.00018598517210417456,3.983390009902431e-06,0.00018598517210417456,embedding_pca
esmc_PC3168,0.00018194371345883758,8.416221461239498e-06,0.00018194371345883758,embedding_pca
esmc_PC3169,0.0001829126709114144,1.0297725779958463e-05,0.0001829126709114144,embedding_pca
esmc_PC3170,0.00019018020558235629,1.1266689398519542e-05,0.00019018020558235629,embedding_pca
esmc_PC3171,0.00018072046464072568,7.508324521868172e-06,0.00018072046464072568,embedding_pca
esmc_PC3172,0.0001798157617941962,6.689620556804332e-06,0.0001798157617941962,embedding_pca
esmc_PC3173,0.00017559648504336745,6.715334740100709e-06,0.00017559648504336745,embedding_pca
esmc_PC3174,0.00017691868558792167,1.0765182483224489e-05,0.00017691868558792167,embedding_pca
esmc_PC3175,0.00018713275093590836,1.0370683321785273e-05,0.00018713275093590836,embedding_pca
esmc_PC3176,0.00017901593207691617,5.907015400891487e-06,0.00017901593207691617,embedding_pca
esmc_PC3177,0.000179938624950102,9.539615253793543e-06,0.000179938624950102,embedding_pca
esmc_PC3178,0.00019252553835748796,6.81400009210138e-06,0.00019252553835748796,embedding_pca
esmc_PC3179,0.0001720904957164556,7.49684647712245e-06,0.0001720904957164556,embedding_pca
esmc_PC3180,0.0001759171554603102,2.1238275143124166e-06,0.0001759171554603102,embedding_pca
esmc_PC3181,0.000186815739890357,1.1050491899649635e-05,0.000186815739890357,embedding_pca
esmc_PC3182,0.0001788605769483077,1.4559774670428453e-05,0.0001788605769483077,embedding_pca
esmc_PC3183,0.0001826941935372534,7.620713531355645e-06,0.0001826941935372534,embedding_pca
esmc_PC3184,0.00017697746757141413,4.9486012962010416e-06,0.00017697746757141413,embedding_pca
esmc_PC3185,0.00018732460916526437,3.765882857195955e-06,0.00018732460916526437,embedding_pca
esmc_PC3186,0.00018955036758802678,9.4615519599904e-06,0.00018955036758802678,embedding_pca
esmc_PC3187,0.00017938064925422022,9.800503661483387e-06,0.00017938064925422022,embedding_pca
esmc_PC3188,0.00018853634430803792,1.1136929323970456e-05,0.00018853634430803792,embedding_pca
esmc_PC3189,0.00018182614395368405,1.1105063123951317e-05,0.00018182614395368405,embedding_pca
esmc_PC3190,0.00019154914897570865,8.380202205523607e-06,0.00019154914897570865,embedding_pca
esmc_PC3191,0.00019196961445780154,5.389298921261322e-06,0.00019196961445780154,embedding_pca
esmc_PC3192,0.00018114647186596067,5.17963555034539e-06,0.00018114647186596067,embedding_pca
esmc_PC3193,0.00018958958643463644,6.7375888067726236e-06,0.00018958958643463644,embedding_pca
esmc_PC3194,0.0001829879529552944,6.073323156999132e-06,0.0001829879529552944,embedding_pca
esmc_PC3195,0.00018582169635910113,7.302782452434629e-06,0.00018582169635910113,embedding_pca
esmc_PC3196,0.0001805586396308537,3.844711873737453e-06,0.0001805586396308537,embedding_pca
esmc_PC3197,0.00018331630601665846,4.7654218947320365e-06,0.00018331630601665846,embedding_pca
esmc_PC3198,0.00017938251826114603,8.827341689079763e-06,0.00017938251826114603,embedding_pca
esmc_PC3199,0.00018519461899127736,1.32363800496409e-05,0.00018519461899127736,embedding_pca
esmc_PC3200,0.00018316846292431378,8.900234399451034e-06,0.00018316846292431378,embedding_pca
esmc_PC3201,0.00018492169212717767,1.225259935769119e-05,0.00018492169212717767,embedding_pca
esmc_PC3202,0.00017757824960786353,6.811678211130468e-06,0.00017757824960786353,embedding_pca
esmc_PC3203,0.00018371880867776975,1.1231426337007354e-05,0.00018371880867776975,embedding_pca
esmc_PC3204,0.00017457978872055757,5.3219934768879045e-06,0.00017457978872055757,embedding_pca
esmc_PC3205,0.0001821843222189928,1.2846887813671692e-05,0.0001821843222189928,embedding_pca
esmc_PC3206,0.00017565424545282148,7.5626837532679354e-06,0.00017565424545282148,embedding_pca
esmc_PC3207,0.00018377489707776623,3.241790083916486e-06,0.00018377489707776623,embedding_pca
esmc_PC3208,0.00018669898686182884,1.4772805903699557e-05,0.00018669898686182884,embedding_pca
esmc_PC3209,0.00018283584541499084,4.226775906189812e-06,0.00018283584541499084,embedding_pca
esmc_PC3210,0.00018502792374162772,7.913732577318242e-06,0.00018502792374162772,embedding_pca
esmc_PC3211,0.0001843943864786486,1.1556655697631398e-05,0.0001843943864786486,embedding_pca
esmc_PC3212,0.00018819468494069214,7.58737368668154e-06,0.00018819468494069214,embedding_pca
esmc_PC3213,0.000183082034018955,9.219203049895644e-06,0.000183082034018955,embedding_pca
esmc_PC3214,0.00017693123170172683,1.1063885622185783e-05,0.00017693123170172683,embedding_pca
esmc_PC3215,0.00018559992001807322,1.4728365393251221e-05,0.00018559992001807322,embedding_pca
esmc_PC3216,0.00018954766480310328,7.418629021491256e-06,0.00018954766480310328,embedding_pca
esmc_PC3217,0.00019083051519854207,6.598211012588109e-06,0.00019083051519854207,embedding_pca
esmc_PC3218,0.00018311899489454616,1.0652573549692537e-05,0.00018311899489454616,embedding_pca
esmc_PC3219,0.00019043628141535038,9.259909714642621e-06,0.00019043628141535038,embedding_pca
esmc_PC3220,0.00018211499155896467,9.64831326895153e-06,0.00018211499155896467,embedding_pca
esmc_PC3221,0.00018857404697176751,8.816229155678477e-06,0.00018857404697176751,embedding_pca
esmc_PC3222,0.00018834710808930303,8.49943535743027e-06,0.00018834710808930303,embedding_pca
esmc_PC3223,0.00018381099797023116,4.814281991418781e-06,0.00018381099797023116,embedding_pca
esmc_PC3224,0.00018171090783330356,7.499945464728629e-06,0.00018171090783330356,embedding_pca
esmc_PC3225,0.00017765577702404692,8.249088548901888e-06,0.00017765577702404692,embedding_pca
esmc_PC3226,0.00017907853309327858,6.690715659199178e-06,0.00017907853309327858,embedding_pca
esmc_PC3227,0.00018681174439763392,7.087949378652656e-06,0.00018681174439763392,embedding_pca
esmc_PC3228,0.00018342009792657993,6.860438171780198e-06,0.00018342009792657993,embedding_pca
esmc_PC3229,0.00017783975532088277,5.462945513109026e-06,0.00017783975532088277,embedding_pca
esmc_PC3230,0.0001787450777057825,9.983375459031637e-06,0.0001787450777057825,embedding_pca
esmc_PC3231,0.00018317200989014,1.0016780397053237e-05,0.00018317200989014,embedding_pca
esmc_PC3232,0.0001833451899110364,6.408150125978154e-06,0.0001833451899110364,embedding_pca
esmc_PC3233,0.00018107221924245422,9.281138350065238e-06,0.00018107221924245422,embedding_pca
esmc_PC3234,0.0001867027531069777,1.0197726332013507e-05,0.0001867027531069777,embedding_pca
esmc_PC3235,0.00018352372189196474,8.757682356978583e-06,0.00018352372189196474,embedding_pca
esmc_PC3236,0.0001857388247338035,1.1528805270004211e-05,0.0001857388247338035,embedding_pca
esmc_PC3237,0.00018258808567959056,9.90454923216706e-06,0.00018258808567959056,embedding_pca
esmc_PC3238,0.00017567257091089368,1.2620924060611559e-05,0.00017567257091089368,embedding_pca
esmc_PC3239,0.00018469292434025584,8.522575000610225e-06,0.00018469292434025584,embedding_pca
esmc_PC3240,0.00018446755179294863,9.106557062684632e-06,0.00018446755179294863,embedding_pca
esmc_PC3241,0.00017555644766344911,5.346383839350971e-06,0.00017555644766344911,embedding_pca
esmc_PC3242,0.0001785679932195119,1.0189401906457706e-05,0.0001785679932195119,embedding_pca
esmc_PC3243,0.00018187245613079573,1.0374620519288057e-05,0.00018187245613079573,embedding_pca
esmc_PC3244,0.00018973562973469165,8.806797609657432e-06,0.00018973562973469165,embedding_pca
esmc_PC3245,0.00018856700447404445,7.034310266377638e-06,0.00018856700447404445,embedding_pca
esmc_PC3246,0.00018132575635684093,5.796706452698289e-06,0.00018132575635684093,embedding_pca
esmc_PC3247,0.00018861010475175366,5.261024770315078e-06,0.00018861010475175366,embedding_pca
esmc_PC3248,0.0001777641260960592,6.553412486453458e-06,0.0001777641260960592,embedding_pca
esmc_PC3249,0.00018136830113348133,6.539112091200442e-06,0.00018136830113348133,embedding_pca
esmc_PC3250,0.0001845479394335843,5.623677747093052e-06,0.0001845479394335843,embedding_pca
esmc_PC3251,0.00018956529867764232,1.352172520848389e-05,0.00018956529867764232,embedding_pca
esmc_PC3252,0.00018556145149961715,7.130880172657354e-06,0.00018556145149961715,embedding_pca
esmc_PC3253,0.00017871759228081847,1.2589050211424088e-05,0.00017871759228081847,embedding_pca
esmc_PC3254,0.00018087812041530093,3.425222101238899e-06,0.00018087812041530093,embedding_pca
esmc_PC3255,0.00018897365389866302,9.977682287085519e-06,0.00018897365389866302,embedding_pca
esmc_PC3256,0.000175241760417363,9.661207993477542e-06,0.000175241760417363,embedding_pca
esmc_PC3257,0.00018270934379610725,1.0876672704953786e-05,0.00018270934379610725,embedding_pca
esmc_PC3258,0.00018047684225906235,8.661688493632718e-06,0.00018047684225906235,embedding_pca
esmc_PC3259,0.00018072132031298635,3.0654091765051405e-06,0.00018072132031298635,embedding_pca
esmc_PC3260,0.00018703375157476306,1.0690234913566809e-05,0.00018703375157476306,embedding_pca
esmc_PC3261,0.0001790702732164723,1.1079560281562687e-05,0.0001790702732164723,embedding_pca
esmc_PC3262,0.00018485930691509748,1.4436862475891777e-05,0.00018485930691509748,embedding_pca
esmc_PC3263,0.00017867408651560341,1.2564311158745808e-05,0.00017867408651560341,embedding_pca
esmc_PC3264,0.00018079218619917434,1.2567756588602699e-05,0.00018079218619917434,embedding_pca
esmc_PC3265,0.00017840075838658723,8.854673395298785e-06,0.00017840075838658723,embedding_pca
esmc_PC3266,0.0001793294429151258,7.552906911757966e-06,0.0001793294429151258,embedding_pca
esmc_PC3267,0.00018550806824512158,1.6829373046446917e-05,0.00018550806824512158,embedding_pca
esmc_PC3268,0.00018976859359194818,9.704468717611216e-06,0.00018976859359194818,embedding_pca
esmc_PC3269,0.0001793985286302428,8.054196716843093e-06,0.0001793985286302428,embedding_pca
esmc_PC3270,0.0001815329857495731,1.0959649852489308e-05,0.0001815329857495731,embedding_pca
esmc_PC3271,0.00017939193347370663,3.391858671470403e-06,0.00017939193347370663,embedding_pca
esmc_PC3272,0.00018623385785286102,6.967990250561838e-06,0.00018623385785286102,embedding_pca
esmc_PC3273,0.00017716590351447593,3.920477478297448e-06,0.00017716590351447593,embedding_pca
esmc_PC3274,0.0001783065500336531,1.078072600765321e-05,0.0001783065500336531,embedding_pca
esmc_PC3275,0.0001853010853728747,1.086301896237799e-05,0.0001853010853728747,embedding_pca
esmc_PC3276,0.00018720542597174575,7.147662543019152e-06,0.00018720542597174575,embedding_pca
esmc_PC3277,0.0001847218663253459,7.376826805451836e-06,0.0001847218663253459,embedding_pca
esmc_PC3278,0.00018403751828536074,6.229579711501233e-06,0.00018403751828536074,embedding_pca
esmc_PC3279,0.00018182819727744135,5.89638334745409e-06,0.00018182819727744135,embedding_pca
esmc_PC3280,0.0001938702871824433,7.856321137022313e-06,0.0001938702871824433,embedding_pca
esmc_PC3281,0.00017953509192479518,1.4359710976749841e-05,0.00017953509192479518,embedding_pca
esmc_PC3282,0.00018536958273049944,9.967989322613941e-06,0.00018536958273049944,embedding_pca
esmc_PC3283,0.00018403326685199038,5.180661754677973e-06,0.00018403326685199038,embedding_pca
esmc_PC3284,0.00018023674580531834,8.120559735280297e-06,0.00018023674580531834,embedding_pca
esmc_PC3285,0.0001786978752710097,4.405999224935415e-06,0.0001786978752710097,embedding_pca
esmc_PC3286,0.00018816698983338103,8.649454852684214e-06,0.00018816698983338103,embedding_pca
esmc_PC3287,0.00018071445577471542,6.554429651106278e-06,0.00018071445577471542,embedding_pca
esmc_PC3288,0.00017795547750802608,1.0293002081670317e-05,0.00017795547750802608,embedding_pca
esmc_PC3289,0.0001850944082291515,5.171171635682407e-06,0.0001850944082291515,embedding_pca
esmc_PC3290,0.0001844022013759089,9.023506995699409e-06,0.0001844022013759089,embedding_pca
esmc_PC3291,0.0001845434515596052,4.711985904495248e-06,0.0001845434515596052,embedding_pca
esmc_PC3292,0.00017994948636699024,1.0342249883925047e-05,0.00017994948636699024,embedding_pca
esmc_PC3293,0.00018067845404592895,8.540048618624646e-06,0.00018067845404592895,embedding_pca
esmc_PC3294,0.0001889152993090289,1.0681019180127582e-05,0.0001889152993090289,embedding_pca
esmc_PC3295,0.00018064955082111724,6.916082733896145e-06,0.00018064955082111724,embedding_pca
esmc_PC3296,0.00017745789981859984,8.035920832793951e-06,0.00017745789981859984,embedding_pca
esmc_PC3297,0.0001830621632205926,1.3121170533221186e-05,0.0001830621632205926,embedding_pca
esmc_PC3298,0.00018844964728716547,9.597221418869855e-06,0.00018844964728716547,embedding_pca
esmc_PC3299,0.00018946823173198504,1.1789112362199272e-05,0.00018946823173198504,embedding_pca
esmc_PC3300,0.0001821823422651978,6.624208528299339e-06,0.0001821823422651978,embedding_pca
esmc_PC3301,0.00018034958854561942,1.4663815213802411e-05,0.00018034958854561942,embedding_pca
esmc_PC3302,0.00017975062619582312,5.89670645913658e-06,0.00017975062619582312,embedding_pca
esmc_PC3303,0.00018489975321644688,5.307133685455952e-06,0.00018489975321644688,embedding_pca
esmc_PC3304,0.00018066427058653013,7.791154280024922e-06,0.00018066427058653013,embedding_pca
esmc_PC3305,0.00018330020126298643,8.502527398526109e-06,0.00018330020126298643,embedding_pca
esmc_PC3306,0.00017942010574093764,1.0456804926755948e-05,0.00017942010574093764,embedding_pca
esmc_PC3307,0.00018925914639820223,9.670546953442428e-06,0.00018925914639820223,embedding_pca
esmc_PC3308,0.00017412971506573452,4.605029674381653e-06,0.00017412971506573452,embedding_pca
esmc_PC3309,0.00019079217523567445,1.2883706351048605e-05,0.00019079217523567445,embedding_pca
esmc_PC3310,0.00019301907041037849,6.654504228942395e-06,0.00019301907041037849,embedding_pca
esmc_PC3311,0.0001806587604743777,6.6181024692704785e-06,0.0001806587604743777,embedding_pca
esmc_PC3312,0.00018411701999459254,2.0857650225577593e-06,0.00018411701999459254,embedding_pca
esmc_PC3313,0.0001853358583355576,6.5639863602927115e-06,0.0001853358583355576,embedding_pca
esmc_PC3314,0.00018023474691817267,2.844479796229887e-06,0.00018023474691817267,embedding_pca
esmc_PC3315,0.00018230867818926498,6.43403939513745e-06,0.00018230867818926498,embedding_pca
esmc_PC3316,0.0001949120148454041,8.187083616219629e-06,0.0001949120148454041,embedding_pca
esmc_PC3317,0.0001821400357548928,9.345969697851402e-06,0.0001821400357548928,embedding_pca
esmc_PC3318,0.00018396381361133752,4.85340494709795e-06,0.00018396381361133752,embedding_pca
esmc_PC3319,0.00017847961820748485,9.593050838293346e-06,0.00017847961820748485,embedding_pca
esmc_PC3320,0.00018046160777565847,4.884193448805065e-06,0.00018046160777565847,embedding_pca
esmc_PC3321,0.00018856549309182163,4.632527135320673e-06,0.00018856549309182163,embedding_pca
esmc_PC3322,0.00018105729525455722,1.550614257175766e-05,0.00018105729525455722,embedding_pca
esmc_PC3323,0.00018350569032567757,1.2362821781174908e-05,0.00018350569032567757,embedding_pca
esmc_PC3324,0.0001867318013198981,5.66496083394053e-06,0.0001867318013198981,embedding_pca
esmc_PC3325,0.0001863194705880358,9.199987898847016e-06,0.0001863194705880358,embedding_pca
esmc_PC3326,0.0001873987643913224,4.239784569702293e-06,0.0001873987643913224,embedding_pca
esmc_PC3327,0.0001841556526974586,8.968064278883997e-06,0.0001841556526974586,embedding_pca
esmc_PC3328,0.00017782980623127785,3.1759953553314854e-06,0.00017782980623127785,embedding_pca
esmc_PC3329,0.0001846115745916264,7.822333590204121e-06,0.0001846115745916264,embedding_pca
esmc_PC3330,0.00018700680032673214,6.602619733130671e-06,0.00018700680032673214,embedding_pca
esmc_PC3331,0.00017432702102929072,6.526666260965242e-06,0.00017432702102929072,embedding_pca
esmc_PC3332,0.00018410708427852665,8.741440406394606e-06,0.00018410708427852665,embedding_pca
esmc_PC3333,0.00018248854663903134,9.694499341000447e-06,0.00018248854663903134,embedding_pca
esmc_PC3334,0.00018615925285917162,7.3727625820299045e-06,0.00018615925285917162,embedding_pca
esmc_PC3335,0.00018439482078097758,5.674546855123863e-06,0.00018439482078097758,embedding_pca
esmc_PC3336,0.00018695679618335325,8.839733981867683e-06,0.00018695679618335325,embedding_pca
esmc_PC3337,0.0001795703953091904,7.781419803236775e-06,0.0001795703953091904,embedding_pca
esmc_PC3338,0.00018533237847624621,5.764600700513383e-06,0.00018533237847624621,embedding_pca
esmc_PC3339,0.00018794217756303884,5.654098516806463e-06,0.00018794217756303884,embedding_pca
esmc_PC3340,0.00018966892229141152,7.1905608544738725e-06,0.00018966892229141152,embedding_pca
esmc_PC3341,0.0001821406749385614,8.087979524164315e-06,0.0001821406749385614,embedding_pca
esmc_PC3342,0.00018348725825200707,6.975089010053716e-06,0.00018348725825200707,embedding_pca
esmc_PC3343,0.00018187997041050835,1.3120607613630481e-05,0.00018187997041050835,embedding_pca
esmc_PC3344,0.0001793408165333218,1.166565081120964e-05,0.0001793408165333218,embedding_pca
esmc_PC3345,0.00019284122527191274,8.03758607859817e-06,0.00019284122527191274,embedding_pca
esmc_PC3346,0.00018399335511477393,1.1240017209305049e-05,0.00018399335511477393,embedding_pca
esmc_PC3347,0.00018120141516152552,6.986481011030386e-06,0.00018120141516152552,embedding_pca
esmc_PC3348,0.00018967006276619222,6.187558408385103e-06,0.00018967006276619222,embedding_pca
esmc_PC3349,0.0001839729624744447,4.3285184363672545e-06,0.0001839729624744447,embedding_pca
esmc_PC3350,0.00018519537668626554,3.075453977684305e-06,0.00018519537668626554,embedding_pca
esmc_PC3351,0.00018539825141690103,4.257407089493908e-06,0.00018539825141690103,embedding_pca
esmc_PC3352,0.0001856659623942479,1.0120196332756527e-05,0.0001856659623942479,embedding_pca
esmc_PC3353,0.0001799599746420266,7.452720282827743e-06,0.0001799599746420266,embedding_pca
esmc_PC3354,0.0001893642899581566,2.853521223266703e-06,0.0001893642899581566,embedding_pca
esmc_PC3355,0.00017737077293433277,4.740778674865709e-06,0.00017737077293433277,embedding_pca
esmc_PC3356,0.00018500107482656976,8.524669664745516e-06,0.00018500107482656976,embedding_pca
esmc_PC3357,0.00018861992691944062,2.4167397542059193e-06,0.00018861992691944062,embedding_pca
esmc_PC3358,0.0001831232733617933,9.631681868497151e-06,0.0001831232733617933,embedding_pca
esmc_PC3359,0.00017670543662336922,8.236950227921945e-06,0.00017670543662336922,embedding_pca
esmc_PC3360,0.00018382223814162254,8.204668160483521e-06,0.00018382223814162254,embedding_pca
esmc_PC3361,0.00018053183659668017,1.028405263296233e-05,0.00018053183659668017,embedding_pca
esmc_PC3362,0.00019502973041452006,5.41937452170849e-06,0.00019502973041452006,embedding_pca
esmc_PC3363,0.00017612060227736794,5.209217287629261e-06,0.00017612060227736794,embedding_pca
esmc_PC3364,0.0001891153297934071,9.866825701047419e-06,0.0001891153297934071,embedding_pca
esmc_PC3365,0.00018759243400829983,8.563220073548082e-06,0.00018759243400829983,embedding_pca
esmc_PC3366,0.00018891394122356125,5.472443394901782e-06,0.00018891394122356125,embedding_pca
esmc_PC3367,0.00018570370174970512,1.0277170795754872e-05,0.00018570370174970512,embedding_pca
esmc_PC3368,0.00017899425268964013,7.890327752186264e-06,0.00017899425268964013,embedding_pca
esmc_PC3369,0.00018487845746639704,2.440410490915457e-06,0.00018487845746639704,embedding_pca
esmc_PC3370,0.00018817078274432051,7.450353069782609e-06,0.00018817078274432051,embedding_pca
esmc_PC3371,0.00018439330562378017,7.480875244059906e-06,0.00018439330562378017,embedding_pca
esmc_PC3372,0.00018548179311323514,7.446011551504528e-06,0.00018548179311323514,embedding_pca
esmc_PC3373,0.0001825691590836827,9.899350837516895e-06,0.0001825691590836827,embedding_pca
esmc_PC3374,0.00019165855613062854,6.851362642781598e-06,0.00019165855613062854,embedding_pca
esmc_PC3375,0.0001850945015655123,4.1359275258495676e-06,0.0001850945015655123,embedding_pca
esmc_PC3376,0.00018162701758221527,1.3123891166511868e-05,0.00018162701758221527,embedding_pca
esmc_PC3377,0.00019123849717914417,9.274685458991142e-06,0.00019123849717914417,embedding_pca
esmc_PC3378,0.00019476020832862124,7.2778699055374625e-06,0.00019476020832862124,embedding_pca
esmc_PC3379,0.00018231174167048202,3.4526002268354366e-06,0.00018231174167048202,embedding_pca
esmc_PC3380,0.00018029953695611358,8.514358993275796e-06,0.00018029953695611358,embedding_pca
esmc_PC3381,0.00018302286265629687,1.1316742397555525e-05,0.00018302286265629687,embedding_pca
esmc_PC3382,0.0001811488632154383,1.1441643742420402e-05,0.0001811488632154383,embedding_pca
esmc_PC3383,0.00018073164545647747,4.881146833095455e-06,0.00018073164545647747,embedding_pca
esmc_PC3384,0.00018615467617908035,1.4029964373901752e-05,0.00018615467617908035,embedding_pca
esmc_PC3385,0.00018938004046611793,1.1194977112152426e-05,0.00018938004046611793,embedding_pca
esmc_PC3386,0.00018581199216338164,7.570872536099384e-06,0.00018581199216338164,embedding_pca
esmc_PC3387,0.00018404610951679466,8.052639113956799e-06,0.00018404610951679466,embedding_pca
esmc_PC3388,0.00018635926825376147,8.689633575023306e-06,0.00018635926825376147,embedding_pca
esmc_PC3389,0.00019115782309367738,8.831752564766686e-06,0.00019115782309367738,embedding_pca
esmc_PC3390,0.0001756459386301362,8.003187958468181e-06,0.0001756459386301362,embedding_pca
esmc_PC3391,0.0001806559907992577,5.357845765461632e-06,0.0001806559907992577,embedding_pca
esmc_PC3392,0.00019024817548159032,1.3040677947822742e-05,0.00019024817548159032,embedding_pca
esmc_PC3393,0.00018576444271716045,7.3807186588057605e-06,0.00018576444271716045,embedding_pca
esmc_PC3394,0.00018510197700987948,1.005992426141387e-05,0.00018510197700987948,embedding_pca
esmc_PC3395,0.00017918158973425515,1.297590183357221e-05,0.00017918158973425515,embedding_pca
esmc_PC3396,0.00019029808485624853,7.098223742903566e-06,0.00019029808485624853,embedding_pca
esmc_PC3397,0.0001739179842535345,7.596383791198141e-06,0.0001739179842535345,embedding_pca
esmc_PC3398,0.0001847974384758175,1.078955100946538e-05,0.0001847974384758175,embedding_pca
esmc_PC3399,0.00018189468048185957,4.346293183080269e-06,0.00018189468048185957,embedding_pca
esmc_PC3400,0.00018701047825946045,9.870388235535937e-06,0.00018701047825946045,embedding_pca
esmc_PC3401,0.00019114152433798945,1.1106835381933072e-05,0.00019114152433798945,embedding_pca
esmc_PC3402,0.00018392746087850538,1.0334639663541953e-05,0.00018392746087850538,embedding_pca
esmc_PC3403,0.00017970484914787838,9.919001074708505e-06,0.00017970484914787838,embedding_pca
esmc_PC3404,0.00019603400130382861,5.595594186309671e-06,0.00019603400130382861,embedding_pca
esmc_PC3405,0.00017987289467541668,8.044225088174509e-06,0.00017987289467541668,embedding_pca
esmc_PC3406,0.0001908020420956187,1.133710045040534e-05,0.0001908020420956187,embedding_pca
esmc_PC3407,0.00019380654802187992,4.08256377222009e-06,0.00019380654802187992,embedding_pca
esmc_PC3408,0.0001901423513640528,4.039530506185882e-06,0.0001901423513640528,embedding_pca
esmc_PC3409,0.0001863475947545554,9.390346661955428e-06,0.0001863475947545554,embedding_pca
esmc_PC3410,0.00018122691586721441,6.232636550526756e-06,0.00018122691586721441,embedding_pca
esmc_PC3411,0.00018348785198439547,8.289433788025662e-06,0.00018348785198439547,embedding_pca
esmc_PC3412,0.0001830500541269907,3.4879672816401626e-06,0.0001830500541269907,embedding_pca
esmc_PC3413,0.00019455564665712635,8.24877167671729e-06,0.00019455564665712635,embedding_pca
esmc_PC3414,0.00018827374465883582,5.825036075706537e-06,0.00018827374465883582,embedding_pca
esmc_PC3415,0.00019072672252603025,3.3300576164783094e-06,0.00019072672252603025,embedding_pca
esmc_PC3416,0.0001874011826341944,1.154936461657783e-05,0.0001874011826341944,embedding_pca
esmc_PC3417,0.00018882519824344043,6.871295942341323e-06,0.00018882519824344043,embedding_pca
esmc_PC3418,0.00018172005497835413,8.069510461089488e-06,0.00018172005497835413,embedding_pca
esmc_PC3419,0.00018879537440414726,1.260152654377079e-05,0.00018879537440414726,embedding_pca
esmc_PC3420,0.00018474758120215154,1.2337887909100764e-05,0.00018474758120215154,embedding_pca
esmc_PC3421,0.0001849300748559198,5.606927573960211e-06,0.0001849300748559198,embedding_pca
esmc_PC3422,0.00018428029535119727,3.248853080745957e-06,0.00018428029535119727,embedding_pca
esmc_PC3423,0.000184680156824183,8.444292365040475e-06,0.000184680156824183,embedding_pca
esmc_PC3424,0.00018592186401361936,2.7157712578129913e-06,0.00018592186401361936,embedding_pca
esmc_PC3425,0.00018535745558586152,6.744422604504004e-06,0.00018535745558586152,embedding_pca
esmc_PC3426,0.00018873073542895874,8.237000492884443e-06,0.00018873073542895874,embedding_pca
esmc_PC3427,0.00017802639095720635,4.790085754936573e-06,0.00017802639095720635,embedding_pca
esmc_PC3428,0.00018152806528120077,8.192912348029484e-06,0.00018152806528120077,embedding_pca
esmc_PC3429,0.00018538245516676826,1.0540218522849705e-05,0.00018538245516676826,embedding_pca
esmc_PC3430,0.00018571541936339574,6.891217066921881e-06,0.00018571541936339574,embedding_pca
esmc_PC3431,0.00018597779150364302,1.1277716925134427e-05,0.00018597779150364302,embedding_pca
esmc_PC3432,0.0001820537769455771,5.480045636353004e-06,0.0001820537769455771,embedding_pca
esmc_PC3433,0.0001909983712098721,9.836389177743092e-06,0.0001909983712098721,embedding_pca
esmc_PC3434,0.00018663381512867245,8.976571502852666e-06,0.00018663381512867245,embedding_pca
esmc_PC3435,0.00018669768128024952,1.2226444203061267e-05,0.00018669768128024952,embedding_pca
esmc_PC3436,0.00019091587300347292,1.4865078789472533e-05,0.00019091587300347292,embedding_pca
esmc_PC3437,0.00019043139920699414,1.293770951470974e-05,0.00019043139920699414,embedding_pca
esmc_PC3438,0.00018470159633361146,1.3646477899052306e-05,0.00018470159633361146,embedding_pca
esmc_PC3439,0.00018534110440581619,6.801342570657771e-06,0.00018534110440581619,embedding_pca
esmc_PC3440,0.0001822438038173234,6.287911443925353e-06,0.0001822438038173234,embedding_pca
esmc_PC3441,0.0001854545571297571,7.056108710057594e-06,0.0001854545571297571,embedding_pca
esmc_PC3442,0.00018179470693352603,7.747937232323552e-06,0.00018179470693352603,embedding_pca
esmc_PC3443,0.0001842506214492032,6.675147782547307e-06,0.0001842506214492032,embedding_pca
esmc_PC3444,0.00018438508298144923,7.431043693875249e-06,0.00018438508298144923,embedding_pca
esmc_PC3445,0.00017785821459242174,4.277231023349466e-06,0.00017785821459242174,embedding_pca
esmc_PC3446,0.00018306711124289914,7.759804500992998e-06,0.00018306711124289914,embedding_pca
esmc_PC3447,0.0001922515478846696,1.923977459403606e-05,0.0001922515478846696,embedding_pca
esmc_PC3448,0.00017435218773823345,6.7832207401209e-06,0.00017435218773823345,embedding_pca
esmc_PC3449,0.00018126187383008901,1.4392602065435825e-05,0.00018126187383008901,embedding_pca
esmc_PC3450,0.00019115908617334856,5.810474704821426e-06,0.00019115908617334856,embedding_pca
esmc_PC3451,0.0001834395146577151,4.095780411348495e-06,0.0001834395146577151,embedding_pca
esmc_PC3452,0.00018193264353637837,6.349852202787464e-06,0.00018193264353637837,embedding_pca
esmc_PC3453,0.00019544163754679978,5.285429650010585e-06,0.00019544163754679978,embedding_pca
esmc_PC3454,0.00019183468745115649,6.936466117368773e-06,0.00019183468745115649,embedding_pca
esmc_PC3455,0.0001967557261383217,6.508772952812898e-06,0.0001967557261383217,embedding_pca
esmc_PC3456,0.00020061002510913528,4.611538058703117e-06,0.00020061002510913528,embedding_pca
esmif_PC001,0.0003423121208031553,4.35128690027121e-05,0.0003423121208031553,embedding_pca
esmif_PC002,0.00036511567356340823,4.126963618569839e-05,0.00036511567356340823,embedding_pca
esmif_PC003,0.0011720014035842415,0.00012514600188673938,0.0011720014035842415,embedding_pca
esmif_PC004,0.00028179852236861553,2.756843027470551e-05,0.00028179852236861553,embedding_pca
esmif_PC005,0.00023632839929549647,8.473235343069478e-06,0.00023632839929549647,embedding_pca
esmif_PC006,0.0002430952547313625,1.1468817269879933e-05,0.0002430952547313625,embedding_pca
esmif_PC007,0.00021917837496193706,1.0198860024450731e-05,0.00021917837496193706,embedding_pca
esmif_PC008,0.00020491295608478544,4.654062535933619e-06,0.00020491295608478544,embedding_pca
esmif_PC009,0.0002255473149335761,1.0793888911844783e-05,0.0002255473149335761,embedding_pca
esmif_PC010,0.00023523629130117247,1.464355841231295e-05,0.00023523629130117247,embedding_pca
esmif_PC011,0.00021426143547394167,8.53363335210243e-06,0.00021426143547394167,embedding_pca
esmif_PC012,0.00021760684150952552,1.2229379568773896e-05,0.00021760684150952552,embedding_pca
esmif_PC013,0.00021033236309280103,8.750010575824597e-06,0.00021033236309280103,embedding_pca
esmif_PC014,0.00020531582544339443,4.651698973720334e-06,0.00020531582544339443,embedding_pca
esmif_PC015,0.00020080491330544872,1.9904069550956687e-05,0.00020080491330544872,embedding_pca
esmif_PC016,0.00020723680106996762,1.131489261866909e-05,0.00020723680106996762,embedding_pca
esmif_PC017,0.0001674381410123786,6.151137123627638e-06,0.0001674381410123786,embedding_pca
esmif_PC018,0.0002574428339398978,2.2378846552659348e-05,0.0002574428339398978,embedding_pca
esmif_PC019,0.0002595501119840848,5.225800985872893e-05,0.0002595501119840848,embedding_pca
esmif_PC020,0.00020401104596699254,8.84097226663721e-06,0.00020401104596699254,embedding_pca
esmif_PC021,0.0002608022316310825,3.630877295105751e-05,0.0002608022316310825,embedding_pca
esmif_PC022,0.00019344907539319955,1.8004934843717227e-05,0.00019344907539319955,embedding_pca
esmif_PC023,0.0002272771287848741,6.86303128220919e-06,0.0002272771287848741,embedding_pca
esmif_PC024,0.00019473090496108266,9.506012741995512e-06,0.00019473090496108266,embedding_pca
esmif_PC025,0.00018751378839141519,1.0064497261003274e-05,0.00018751378839141519,embedding_pca
esmif_PC026,0.0001942009766098924,1.715017574825614e-05,0.0001942009766098924,embedding_pca
esmif_PC027,0.0002258802913858905,1.372905817950901e-05,0.0002258802913858905,embedding_pca
esmif_PC028,0.0001923458583345131,9.346944180129114e-06,0.0001923458583345131,embedding_pca
esmif_PC029,0.000298352255503731,3.249441467600302e-05,0.000298352255503731,embedding_pca
esmif_PC030,0.00018117031985049088,1.0175076738826399e-05,0.00018117031985049088,embedding_pca
esmif_PC031,0.00018957859442168067,4.250601604455027e-06,0.00018957859442168067,embedding_pca
esmif_PC032,0.0002955156250111176,3.564194668919743e-05,0.0002955156250111176,embedding_pca
esmif_PC033,0.00021943423920847823,3.541215231200121e-05,0.00021943423920847823,embedding_pca
esmif_PC034,0.00019275963134538832,1.5646288389934565e-05,0.00019275963134538832,embedding_pca
esmif_PC035,0.00020008250963771378,1.3655950787006652e-05,0.00020008250963771378,embedding_pca
esmif_PC036,0.00021318038535174635,1.953340244606209e-05,0.00021318038535174635,embedding_pca
esmif_PC037,0.00019999554384094175,1.4969621610707942e-05,0.00019999554384094175,embedding_pca
esmif_PC038,0.00021081031914773422,1.9164281151164417e-05,0.00021081031914773422,embedding_pca
esmif_PC039,0.00019239914335243227,1.198269559124821e-05,0.00019239914335243227,embedding_pca
esmif_PC040,0.00023702216644936876,2.0739279195485544e-05,0.00023702216644936876,embedding_pca
esmif_PC041,0.0001895986981161165,7.733851713396003e-06,0.0001895986981161165,embedding_pca
esmif_PC042,0.00019386278487525276,2.2001374005850126e-05,0.00019386278487525276,embedding_pca
esmif_PC043,0.00018854704749524215,7.298298248249069e-06,0.00018854704749524215,embedding_pca
esmif_PC044,0.0002584096215243384,4.8760271394419545e-05,0.0002584096215243384,embedding_pca
esmif_PC045,0.00017792464968148427,1.2076056345592267e-05,0.00017792464968148427,embedding_pca
esmif_PC046,0.00018954499175518922,8.459726708520125e-06,0.00018954499175518922,embedding_pca
esmif_PC047,0.0001827798184775448,1.633134308098356e-05,0.0001827798184775448,embedding_pca
esmif_PC048,0.0002623890922344011,3.055249359830388e-05,0.0002623890922344011,embedding_pca
esmif_PC049,0.00023154990365245527,3.4863013332349894e-05,0.00023154990365245527,embedding_pca
esmif_PC050,0.0001918047442396293,1.2137112086536703e-05,0.0001918047442396293,embedding_pca
esmif_PC051,0.00018783614422725146,1.7609637798893232e-05,0.00018783614422725146,embedding_pca
esmif_PC052,0.00018853398593589687,5.492550408667204e-06,0.00018853398593589687,embedding_pca
esmif_PC053,0.0002339934209093824,2.4171717383884497e-05,0.0002339934209093824,embedding_pca
esmif_PC054,0.00019701339513800918,7.284453599387498e-06,0.00019701339513800918,embedding_pca
esmif_PC055,0.00020806996087954264,1.1923937897095255e-05,0.00020806996087954264,embedding_pca
esmif_PC056,0.0002008194149595109,3.2141472503611266e-05,0.0002008194149595109,embedding_pca
esmif_PC057,0.00018738415880621917,1.0893421941423155e-05,0.00018738415880621917,embedding_pca
esmif_PC058,0.00018120678486513987,3.3408545187834708e-06,0.00018120678486513987,embedding_pca
esmif_PC059,0.00018104715109864292,8.743071994726865e-06,0.00018104715109864292,embedding_pca
esmif_PC060,0.00018916123917468106,1.2110855981728363e-05,0.00018916123917468106,embedding_pca
esmif_PC061,0.0002033383604586714,2.2179177277065778e-05,0.0002033383604586714,embedding_pca
esmif_PC062,0.0001841203595478428,1.2377818998560024e-05,0.0001841203595478428,embedding_pca
esmif_PC063,0.0001800754413278066,6.859169422604598e-06,0.0001800754413278066,embedding_pca
esmif_PC064,0.00018974897803011742,8.061468849815642e-06,0.00018974897803011742,embedding_pca
esmif_PC065,0.0001853436582711295,1.1556265872613761e-05,0.0001853436582711295,embedding_pca
esmif_PC066,0.00018360238823260058,1.177037753505557e-05,0.00018360238823260058,embedding_pca
esmif_PC067,0.00021294929801944184,5.9941023468822745e-05,0.00021294929801944184,embedding_pca
esmif_PC068,0.0002510798120178112,7.263338701616805e-05,0.0002510798120178112,embedding_pca
esmif_PC069,0.0002157716392121905,3.276327298755744e-05,0.0002157716392121905,embedding_pca
esmif_PC070,0.00019301124503903186,1.1717677980534164e-05,0.00019301124503903186,embedding_pca
esmif_PC071,0.0001882740379882413,1.4706693357733866e-05,0.0001882740379882413,embedding_pca
esmif_PC072,0.00017652652976643275,6.497277938232167e-06,0.00017652652976643275,embedding_pca
esmif_PC073,0.00020122719064069437,3.0883835743839926e-05,0.00020122719064069437,embedding_pca
esmif_PC074,0.00020041540904356054,2.9704043817253203e-05,0.00020041540904356054,embedding_pca
esmif_PC075,0.0001857542459049153,7.194144653064314e-06,0.0001857542459049153,embedding_pca
esmif_PC076,0.00018986211543658564,7.533911226801018e-06,0.00018986211543658564,embedding_pca
esmif_PC077,0.0001868727949556536,1.4082020330651118e-05,0.0001868727949556536,embedding_pca
esmif_PC078,0.00019661640937555618,1.577783312313837e-05,0.00019661640937555618,embedding_pca
esmif_PC079,0.00021633934872055733,1.7837437670418017e-05,0.00021633934872055733,embedding_pca
esmif_PC080,0.00019684714488244073,1.8018413626878536e-05,0.00019684714488244073,embedding_pca
esmif_PC081,0.00018387599164404936,1.162437694710856e-05,0.00018387599164404936,embedding_pca
esmif_PC082,0.00020617393198731166,1.5326148743863816e-05,0.00020617393198731166,embedding_pca
esmif_PC083,0.00017520481710824753,8.973520129059354e-06,0.00017520481710824753,embedding_pca
esmif_PC084,0.000184061470298333,1.2816440210955308e-05,0.000184061470298333,embedding_pca
esmif_PC085,0.00017972706794123827,7.2924862125220124e-06,0.00017972706794123827,embedding_pca
esmif_PC086,0.00018208394617204768,5.528367740308277e-06,0.00018208394617204768,embedding_pca
esmif_PC087,0.00018060674402949027,7.04541053289109e-06,0.00018060674402949027,embedding_pca
esmif_PC088,0.00018435356185178878,1.575279484686519e-05,0.00018435356185178878,embedding_pca
esmif_PC089,0.00019474492817249929,1.3472479128150111e-05,0.00019474492817249929,embedding_pca
esmif_PC090,0.00019220622738452738,1.4522425872388846e-05,0.00019220622738452738,embedding_pca
esmif_PC091,0.00016964028692400195,5.060666724726373e-06,0.00016964028692400195,embedding_pca
esmif_PC092,0.00018857302783344625,2.234539412107469e-06,0.00018857302783344625,embedding_pca
esmif_PC093,0.00018059224410315436,1.4878550113019688e-05,0.00018059224410315436,embedding_pca
esmif_PC094,0.00022310514125217746,3.821586036120151e-05,0.00022310514125217746,embedding_pca
esmif_PC095,0.00018827698874650443,1.6438664324991255e-05,0.00018827698874650443,embedding_pca
esmif_PC096,0.0001760317870899561,7.794797885634961e-06,0.0001760317870899561,embedding_pca
esmif_PC097,0.0001876637207311314,7.859381628000808e-06,0.0001876637207311314,embedding_pca
esmif_PC098,0.00018036042558190903,1.4017231429796393e-05,0.00018036042558190903,embedding_pca
esmif_PC099,0.00017563992187925664,3.54629418155658e-06,0.00017563992187925664,embedding_pca
esmif_PC100,0.0001748688046860539,3.899120270853002e-06,0.0001748688046860539,embedding_pca
esmif_PC101,0.0001837687940565261,1.731869123495979e-05,0.0001837687940565261,embedding_pca
esmif_PC102,0.00018841261950068417,1.1061199834861606e-05,0.00018841261950068417,embedding_pca
esmif_PC103,0.00018534006253627996,8.448829328726235e-06,0.00018534006253627996,embedding_pca
esmif_PC104,0.00017956363283825263,3.511719275615105e-06,0.00017956363283825263,embedding_pca
esmif_PC105,0.0001766873289083431,6.324649832297826e-06,0.0001766873289083431,embedding_pca
esmif_PC106,0.00018250844076104676,1.0318860921674569e-05,0.00018250844076104676,embedding_pca
esmif_PC107,0.00017143218462271388,5.96496880898034e-06,0.00017143218462271388,embedding_pca
esmif_PC108,0.00017628458165343727,5.482530326422477e-06,0.00017628458165343727,embedding_pca
esmif_PC109,0.00017841877137045998,1.108762859039301e-05,0.00017841877137045998,embedding_pca
esmif_PC110,0.0001815175391556313,1.3600606630177823e-05,0.0001815175391556313,embedding_pca
esmif_PC111,0.00017434802772668605,1.3530171204683693e-05,0.00017434802772668605,embedding_pca
esmif_PC112,0.00018852615638619458,7.5803673314390465e-06,0.00018852615638619458,embedding_pca
esmif_PC113,0.00018129939039232055,7.146876448886072e-06,0.00018129939039232055,embedding_pca
esmif_PC114,0.00018057820492705927,1.2458406741003176e-05,0.00018057820492705927,embedding_pca
esmif_PC115,0.0001749080797362356,7.019172369964711e-06,0.0001749080797362356,embedding_pca
esmif_PC116,0.00019174043882992943,1.9514646003566043e-05,0.00019174043882992943,embedding_pca
esmif_PC117,0.00017597479953691746,6.412511867239128e-06,0.00017597479953691746,embedding_pca
esmif_PC118,0.0001804734089852106,8.16126066690376e-06,0.0001804734089852106,embedding_pca
esmif_PC119,0.00017829356251171095,7.915309765714908e-06,0.00017829356251171095,embedding_pca
esmif_PC120,0.00018317101949386693,1.0582931428481742e-05,0.00018317101949386693,embedding_pca
esmif_PC121,0.00017425500290290798,8.544704256934896e-06,0.00017425500290290798,embedding_pca
esmif_PC122,0.0001779064152036296,1.3169838213607573e-05,0.0001779064152036296,embedding_pca
esmif_PC123,0.00021779677904057117,4.528874531273098e-05,0.00021779677904057117,embedding_pca
esmif_PC124,0.00018162400902830091,8.044107386119185e-06,0.00018162400902830091,embedding_pca
esmif_PC125,0.00017738460297049392,1.2867345782451638e-05,0.00017738460297049392,embedding_pca
esmif_PC126,0.00025544482164074466,5.3507935972676575e-05,0.00025544482164074466,embedding_pca
esmif_PC127,0.00018897066630163228,1.0638091113038162e-05,0.00018897066630163228,embedding_pca
esmif_PC128,0.00018359041637821836,7.09797678840137e-06,0.00018359041637821836,embedding_pca
esmif_PC129,0.0001830416230351747,9.959339708093165e-06,0.0001830416230351747,embedding_pca
esmif_PC130,0.0001769559413010731,2.092643457278238e-05,0.0001769559413010731,embedding_pca
esmif_PC131,0.000174640847390844,1.2426793362027155e-05,0.000174640847390844,embedding_pca
esmif_PC132,0.00019234069386176385,8.760404759429557e-06,0.00019234069386176385,embedding_pca
esmif_PC133,0.0001725925202697567,4.159670354607917e-06,0.0001725925202697567,embedding_pca
esmif_PC134,0.00018298441827924723,6.807087313782326e-06,0.00018298441827924723,embedding_pca
esmif_PC135,0.00019019665677962134,1.150287236224327e-05,0.00019019665677962134,embedding_pca
esmif_PC136,0.0002110926255429072,4.9056193869570685e-05,0.0002110926255429072,embedding_pca
esmif_PC137,0.00018949488235417205,1.1550205804213243e-05,0.00018949488235417205,embedding_pca
esmif_PC138,0.00019045266239456465,1.7897228651176692e-05,0.00019045266239456465,embedding_pca
esmif_PC139,0.00020714210937815056,4.640175890259395e-05,0.00020714210937815056,embedding_pca
esmif_PC140,0.0002311113507399461,8.088820697445728e-05,0.0002311113507399461,embedding_pca
esmif_PC141,0.00019911552199249478,2.3246775164355577e-05,0.00019911552199249478,embedding_pca
esmif_PC142,0.00016712139783032852,6.5967643917957775e-06,0.00016712139783032852,embedding_pca
esmif_PC143,0.0001785745553417913,1.1407432051121152e-05,0.0001785745553417913,embedding_pca
esmif_PC144,0.00018215000471499034,1.0396880015459516e-05,0.00018215000471499034,embedding_pca
esmif_PC145,0.00017884979837190935,8.753969660740397e-06,0.00017884979837190935,embedding_pca
esmif_PC146,0.00017765520073486117,1.0917160316562032e-05,0.00017765520073486117,embedding_pca
esmif_PC147,0.00018962239778001338,1.0901620577221206e-05,0.00018962239778001338,embedding_pca
esmif_PC148,0.00018032361761509175,5.565529072281182e-06,0.00018032361761509175,embedding_pca
esmif_PC149,0.00017298475899016973,1.114827900645714e-05,0.00017298475899016973,embedding_pca
esmif_PC150,0.00022117041169720207,5.738176130279549e-05,0.00022117041169720207,embedding_pca
esmif_PC151,0.0001758078926160597,1.2490757316082162e-05,0.0001758078926160597,embedding_pca
esmif_PC152,0.00018759571923383472,8.28470593261143e-06,0.00018759571923383472,embedding_pca
esmif_PC153,0.00017715573947075803,7.352591432386261e-06,0.00017715573947075803,embedding_pca
esmif_PC154,0.000193945642091647,3.644615045800874e-05,0.000193945642091647,embedding_pca
esmif_PC155,0.00021606316714789056,4.8063590532579715e-05,0.00021606316714789056,embedding_pca
esmif_PC156,0.0001866031180468064,1.1762300882267823e-05,0.0001866031180468064,embedding_pca
esmif_PC157,0.00018089642281436067,9.265706745362762e-06,0.00018089642281436067,embedding_pca
esmif_PC158,0.00022568469885804885,9.144518213286103e-05,0.00022568469885804885,embedding_pca
esmif_PC159,0.0001820874592828176,7.399306859521682e-06,0.0001820874592828176,embedding_pca
esmif_PC160,0.0001847311853176356,1.1809622865221824e-05,0.0001847311853176356,embedding_pca
esmif_PC161,0.0001750853565618208,9.526713477339485e-06,0.0001750853565618208,embedding_pca
esmif_PC162,0.00018348409389295895,5.157943404356671e-06,0.00018348409389295895,embedding_pca
esmif_PC163,0.0002239643492059162,7.325416936725615e-05,0.0002239643492059162,embedding_pca
esmif_PC164,0.0001765648848108963,6.7850268122254765e-06,0.0001765648848108963,embedding_pca
esmif_PC165,0.0002283256294810596,5.6241913469934336e-05,0.0002283256294810596,embedding_pca
esmif_PC166,0.0001932005238263951,3.5411933453262315e-05,0.0001932005238263951,embedding_pca
esmif_PC167,0.0001805533503253022,8.750952125084168e-06,0.0001805533503253022,embedding_pca
esmif_PC168,0.0001987388772493102,2.911907615835192e-05,0.0001987388772493102,embedding_pca
esmif_PC169,0.00019215329970313655,1.5321747357888474e-05,0.00019215329970313655,embedding_pca
esmif_PC170,0.00020004852352203546,3.0493628365055366e-05,0.00020004852352203546,embedding_pca
esmif_PC171,0.0001797870431342617,5.0790202453279e-06,0.0001797870431342617,embedding_pca
esmif_PC172,0.0001766522574402382,2.9144755229122347e-06,0.0001766522574402382,embedding_pca
esmif_PC173,0.0001829212872808678,1.0185862998087404e-05,0.0001829212872808678,embedding_pca
esmif_PC174,0.0001861771088268998,1.707111102075856e-05,0.0001861771088268998,embedding_pca
esmif_PC175,0.00017755959851657328,1.926898879328242e-05,0.00017755959851657328,embedding_pca
esmif_PC176,0.00018000003439864603,9.416999544949638e-06,0.00018000003439864603,embedding_pca
esmif_PC177,0.0001991421906142621,2.908589176873814e-05,0.0001991421906142621,embedding_pca
esmif_PC178,0.00018450843922367157,8.047317459741464e-06,0.00018450843922367157,embedding_pca
esmif_PC179,0.00018573378844428842,2.3676291881847978e-05,0.00018573378844428842,embedding_pca
esmif_PC180,0.00018461868315784982,7.697765445626827e-06,0.00018461868315784982,embedding_pca
esmif_PC181,0.00017315047003799858,6.894589641808972e-06,0.00017315047003799858,embedding_pca
esmif_PC182,0.00017352505850711403,8.230750214648858e-06,0.00017352505850711403,embedding_pca
esmif_PC183,0.00017554474191072383,1.0896357971002753e-05,0.00017554474191072383,embedding_pca
esmif_PC184,0.00017537586246176164,1.1708953430094173e-05,0.00017537586246176164,embedding_pca
esmif_PC185,0.0001872809952752549,1.0841906600874695e-05,0.0001872809952752549,embedding_pca
esmif_PC186,0.0002058065541204092,4.432836385382978e-05,0.0002058065541204092,embedding_pca
esmif_PC187,0.00017224472209087098,2.4293236341746706e-06,0.00017224472209087098,embedding_pca
esmif_PC188,0.00017895760136173484,5.070598847772716e-06,0.00017895760136173484,embedding_pca
esmif_PC189,0.00018628568331091665,1.059542554920831e-05,0.00018628568331091665,embedding_pca
esmif_PC190,0.00017969832824242564,1.014345910311975e-05,0.00017969832824242564,embedding_pca
esmif_PC191,0.0001713271525764579,1.048645715676911e-05,0.0001713271525764579,embedding_pca
esmif_PC192,0.00017550250242950326,7.747450272664136e-06,0.00017550250242950326,embedding_pca
esmif_PC193,0.00017438889127502604,5.25596388693524e-06,0.00017438889127502604,embedding_pca
esmif_PC194,0.00018050969331909186,1.4170512763865408e-05,0.00018050969331909186,embedding_pca
esmif_PC195,0.0001782405124926288,8.35553531034775e-06,0.0001782405124926288,embedding_pca
esmif_PC196,0.00018552097101027005,9.842632579468213e-06,0.00018552097101027005,embedding_pca
esmif_PC197,0.00017236317960448003,4.7120888298903275e-06,0.00017236317960448003,embedding_pca
esmif_PC198,0.000176311579018605,3.1423693141110643e-06,0.000176311579018605,embedding_pca
esmif_PC199,0.00017783960913106512,9.65368954674446e-06,0.00017783960913106512,embedding_pca
esmif_PC200,0.00017731900291218287,1.6869482073712767e-05,0.00017731900291218287,embedding_pca
esmif_PC201,0.0001795254901356751,8.161960614062833e-06,0.0001795254901356751,embedding_pca
esmif_PC202,0.00021677489920455428,3.1960010534912636e-05,0.00021677489920455428,embedding_pca
esmif_PC203,0.0001774950930257044,7.896177042223077e-06,0.0001774950930257044,embedding_pca
esmif_PC204,0.00018074548440339896,1.4784781139434094e-05,0.00018074548440339896,embedding_pca
esmif_PC205,0.00017535118121828386,1.0579522208290627e-05,0.00017535118121828386,embedding_pca
esmif_PC206,0.00017656595973600237,9.466118081857462e-06,0.00017656595973600237,embedding_pca
esmif_PC207,0.0001820395907644908,1.89250117696257e-05,0.0001820395907644908,embedding_pca
esmif_PC208,0.00017846734943877576,6.220828930752902e-06,0.00017846734943877576,embedding_pca
esmif_PC209,0.00017853349931623027,5.045632864114839e-06,0.00017853349931623027,embedding_pca
esmif_PC210,0.0001925307095652863,3.0752366499970624e-05,0.0001925307095652863,embedding_pca
esmif_PC211,0.00018030347396683132,2.2659031154626934e-05,0.00018030347396683132,embedding_pca
esmif_PC212,0.00019580349026590836,5.644476637549608e-05,0.00019580349026590836,embedding_pca
esmif_PC213,0.00018236528368720557,1.971973140430084e-05,0.00018236528368720557,embedding_pca
esmif_PC214,0.0001745937752221674,3.5752427820868624e-06,0.0001745937752221674,embedding_pca
esmif_PC215,0.00018374504073730393,1.7303166734317945e-05,0.00018374504073730393,embedding_pca
esmif_PC216,0.0001706999859745037,6.669518574394621e-06,0.0001706999859745037,embedding_pca
esmif_PC217,0.00017207291348853368,4.269372293663492e-06,0.00017207291348853368,embedding_pca
esmif_PC218,0.0001771342030340795,9.377716507406592e-06,0.0001771342030340795,embedding_pca
esmif_PC219,0.0001929608093165976,2.9202676268248916e-05,0.0001929608093165976,embedding_pca
esmif_PC220,0.0001678313418392865,7.000742419045055e-06,0.0001678313418392865,embedding_pca
esmif_PC221,0.0001797170714259052,1.0392403401932787e-05,0.0001797170714259052,embedding_pca
esmif_PC222,0.00022339799368814678,8.248486094077896e-05,0.00022339799368814678,embedding_pca
esmif_PC223,0.00017999175096014667,9.559167737897522e-06,0.00017999175096014667,embedding_pca
esmif_PC224,0.00016891226013457977,9.933398748793368e-06,0.00016891226013457977,embedding_pca
esmif_PC225,0.00018531522415414498,1.9511198490561813e-05,0.00018531522415414498,embedding_pca
esmif_PC226,0.00016607207625811573,1.0316436624129285e-05,0.00016607207625811573,embedding_pca
esmif_PC227,0.00017567165441833237,1.1193714461857514e-05,0.00017567165441833237,embedding_pca
esmif_PC228,0.00019577165727677906,3.1890980160577154e-05,0.00019577165727677906,embedding_pca
esmif_PC229,0.0001763325401441205,7.63711731102965e-06,0.0001763325401441205,embedding_pca
esmif_PC230,0.00019873486242146904,4.7201058959737745e-05,0.00019873486242146904,embedding_pca
esmif_PC231,0.00018021195108283437,3.861909364337251e-06,0.00018021195108283437,embedding_pca
esmif_PC232,0.00017473619486021907,1.3794905593569244e-05,0.00017473619486021907,embedding_pca
esmif_PC233,0.00017795178545613853,4.734082029072906e-06,0.00017795178545613853,embedding_pca
esmif_PC234,0.00018157100922316238,8.371712203493627e-06,0.00018157100922316238,embedding_pca
esmif_PC235,0.0001821258639966067,2.5073403763681728e-05,0.0001821258639966067,embedding_pca
esmif_PC236,0.00016916332636326715,9.420309459905107e-06,0.00016916332636326715,embedding_pca
esmif_PC237,0.00017867012962025916,1.0107368184133687e-05,0.00017867012962025916,embedding_pca
esmif_PC238,0.00020452759982329043,6.310627005256209e-05,0.00020452759982329043,embedding_pca
esmif_PC239,0.0001798362625972571,1.514462376002407e-05,0.0001798362625972571,embedding_pca
esmif_PC240,0.00017514150867169826,1.1601099572776132e-05,0.00017514150867169826,embedding_pca
esmif_PC241,0.00017010295771375034,1.0541313773111858e-05,0.00017010295771375034,embedding_pca
esmif_PC242,0.00016619525828453764,2.9270581748071356e-06,0.00016619525828453764,embedding_pca
esmif_PC243,0.00017953189068160055,3.4216420132278157e-06,0.00017953189068160055,embedding_pca
esmif_PC244,0.00017376705786245023,4.861123709477221e-06,0.00017376705786245023,embedding_pca
esmif_PC245,0.00017419817214870984,7.931768127113318e-06,0.00017419817214870984,embedding_pca
esmif_PC246,0.00017155897731773516,7.818102397491191e-06,0.00017155897731773516,embedding_pca
esmif_PC247,0.00017702227540848927,5.394148487272227e-06,0.00017702227540848927,embedding_pca
esmif_PC248,0.00017855181793507725,1.0041067757475958e-05,0.00017855181793507725,embedding_pca
esmif_PC249,0.00017476109497572553,8.672870230542123e-06,0.00017476109497572553,embedding_pca
esmif_PC250,0.00017378208622125842,9.045563562112676e-06,0.00017378208622125842,embedding_pca
esmif_PC251,0.00017664330492163458,4.5263971856010205e-06,0.00017664330492163458,embedding_pca
esmif_PC252,0.00017851802519340722,1.0036035875710616e-05,0.00017851802519340722,embedding_pca
esmif_PC253,0.00017195976379950738,7.667279498414433e-06,0.00017195976379950738,embedding_pca
esmif_PC254,0.00017992043072800852,9.088377397219565e-06,0.00017992043072800852,embedding_pca
esmif_PC255,0.0001817275874073309,2.017915349221449e-05,0.0001817275874073309,embedding_pca
esmif_PC256,0.00017954151038291973,4.0408196713759634e-06,0.00017954151038291973,embedding_pca
esmif_PC257,0.0001801944147705183,1.0626178319231308e-05,0.0001801944147705183,embedding_pca
esmif_PC258,0.00017687125760651185,6.293418100059833e-06,0.00017687125760651185,embedding_pca
esmif_PC259,0.00017739437489328614,1.0369200178229428e-05,0.00017739437489328614,embedding_pca
esmif_PC260,0.00018180874585178023,7.73852074412522e-06,0.00018180874585178023,embedding_pca
esmif_PC261,0.0001733497584905054,1.158404140818769e-05,0.0001733497584905054,embedding_pca
esmif_PC262,0.00023723568767950362,6.488442071052239e-05,0.00023723568767950362,embedding_pca
esmif_PC263,0.00019208404262034136,2.4357226397293274e-05,0.00019208404262034136,embedding_pca
esmif_PC264,0.0001884582421285761,1.7085731176312188e-05,0.0001884582421285761,embedding_pca
esmif_PC265,0.00017977231614361397,9.476456344423975e-06,0.00017977231614361397,embedding_pca
esmif_PC266,0.00017606493255701303,3.3054957352384294e-06,0.00017606493255701303,embedding_pca
esmif_PC267,0.00016868474147455797,7.140378686924083e-06,0.00016868474147455797,embedding_pca
esmif_PC268,0.00016846232008512667,1.2524871908183937e-05,0.00016846232008512667,embedding_pca
esmif_PC269,0.00018230618186688806,1.2328819107025679e-05,0.00018230618186688806,embedding_pca
esmif_PC270,0.00017393576030851705,3.573900385564645e-06,0.00017393576030851705,embedding_pca
esmif_PC271,0.000179454125694178,9.716850239686802e-06,0.000179454125694178,embedding_pca
esmif_PC272,0.00017786566012360897,5.801961767414343e-06,0.00017786566012360897,embedding_pca
esmif_PC273,0.00017375209994804864,1.1527327507930784e-05,0.00017375209994804864,embedding_pca
esmif_PC274,0.00016629261934335187,8.750831778029236e-06,0.00016629261934335187,embedding_pca
esmif_PC275,0.00016988710662727184,7.23660428550862e-06,0.00016988710662727184,embedding_pca
esmif_PC276,0.00017544943370519965,7.909576629723098e-06,0.00017544943370519965,embedding_pca
esmif_PC277,0.00018298937418100453,1.2342911463043175e-05,0.00018298937418100453,embedding_pca
esmif_PC278,0.0001787875899708461,1.0279301140559938e-05,0.0001787875899708461,embedding_pca
esmif_PC279,0.00017026002564009992,8.955797350080936e-06,0.00017026002564009992,embedding_pca
esmif_PC280,0.00018507686999274538,1.453214666520699e-05,0.00018507686999274538,embedding_pca
esmif_PC281,0.0001929316328442094,4.632616907538112e-05,0.0001929316328442094,embedding_pca
esmif_PC282,0.0001962328650778404,4.363450340145842e-05,0.0001962328650778404,embedding_pca
esmif_PC283,0.00017963046114386814,9.890578841421965e-06,0.00017963046114386814,embedding_pca
esmif_PC284,0.00019285936130487364,2.986540580126355e-05,0.00019285936130487364,embedding_pca
esmif_PC285,0.00019185654430180397,2.1624721309755118e-05,0.00019185654430180397,embedding_pca
esmif_PC286,0.00017469699574489052,1.1799267842080048e-05,0.00017469699574489052,embedding_pca
esmif_PC287,0.00017806548268824705,7.0951735409328615e-06,0.00017806548268824705,embedding_pca
esmif_PC288,0.00017472334778884883,1.1925949597700854e-05,0.00017472334778884883,embedding_pca
esmif_PC289,0.00017357270806006057,1.4218781894336061e-05,0.00017357270806006057,embedding_pca
esmif_PC290,0.00017583323256880582,6.65295533076095e-06,0.00017583323256880582,embedding_pca
esmif_PC291,0.00017199185632126178,3.651775006128279e-06,0.00017199185632126178,embedding_pca
esmif_PC292,0.00017838087123263284,1.1336493844199398e-05,0.00017838087123263284,embedding_pca
esmif_PC293,0.00017874298161142625,7.170457280277465e-06,0.00017874298161142625,embedding_pca
esmif_PC294,0.00017250281671600588,1.3416161283811574e-05,0.00017250281671600588,embedding_pca
esmif_PC295,0.00017948106848993987,1.1017733107344463e-05,0.00017948106848993987,embedding_pca
esmif_PC296,0.000181577498366182,1.661436483633749e-05,0.000181577498366182,embedding_pca
esmif_PC297,0.00017761557278865952,1.077829275604958e-05,0.00017761557278865952,embedding_pca
esmif_PC298,0.00017516454085635718,7.813132177552813e-06,0.00017516454085635718,embedding_pca
esmif_PC299,0.0002176189483070454,6.099338182205443e-05,0.0002176189483070454,embedding_pca
esmif_PC300,0.0001675517239899899,5.432922908377691e-06,0.0001675517239899899,embedding_pca
esmif_PC301,0.00018828139003483908,7.026660560587042e-06,0.00018828139003483908,embedding_pca
esmif_PC302,0.00020490905809644657,5.025394646682072e-05,0.00020490905809644657,embedding_pca
esmif_PC303,0.00016990278788727424,9.526172515107776e-06,0.00016990278788727424,embedding_pca
esmif_PC304,0.00018315326766638572,7.34035647684163e-06,0.00018315326766638572,embedding_pca
esmif_PC305,0.0001830096059946248,1.0563042255278133e-05,0.0001830096059946248,embedding_pca
esmif_PC306,0.00017117088699485281,8.676968091363614e-06,0.00017117088699485281,embedding_pca
esmif_PC307,0.0001744013113032801,6.963554925591434e-06,0.0001744013113032801,embedding_pca
esmif_PC308,0.0001792465338929539,7.118112818836716e-06,0.0001792465338929539,embedding_pca
esmif_PC309,0.0001757760839635798,7.040896198266599e-06,0.0001757760839635798,embedding_pca
esmif_PC310,0.000185643994306165,2.2495145106193216e-05,0.000185643994306165,embedding_pca
esmif_PC311,0.0001827713213223675,7.439597143903579e-06,0.0001827713213223675,embedding_pca
esmif_PC312,0.00018059825681861905,1.3489268055753371e-05,0.00018059825681861905,embedding_pca
esmif_PC313,0.0001864437670975999,2.2242132746396247e-05,0.0001864437670975999,embedding_pca
esmif_PC314,0.0001768138182406798,7.361525665885742e-06,0.0001768138182406798,embedding_pca
esmif_PC315,0.00017589181798463946,8.531405904884542e-06,0.00017589181798463946,embedding_pca
esmif_PC316,0.00018109970973819345,1.6283868139879886e-05,0.00018109970973819345,embedding_pca
esmif_PC317,0.0001802641991160643,1.7271757059220707e-05,0.0001802641991160643,embedding_pca
esmif_PC318,0.00017490146442317465,6.724905277633947e-06,0.00017490146442317465,embedding_pca
esmif_PC319,0.00017117914340772242,6.399856735488668e-06,0.00017117914340772242,embedding_pca
esmif_PC320,0.0002070268976062899,3.661407943005381e-05,0.0002070268976062899,embedding_pca
esmif_PC321,0.00017734789179532905,8.277783352255401e-06,0.00017734789179532905,embedding_pca
esmif_PC322,0.00018712854384303644,3.575887900013512e-05,0.00018712854384303644,embedding_pca
esmif_PC323,0.00017165906808022012,9.260606939094892e-06,0.00017165906808022012,embedding_pca
esmif_PC324,0.00017238484496199735,5.6044881343811325e-06,0.00017238484496199735,embedding_pca
esmif_PC325,0.0001725926276207992,9.954475463470178e-06,0.0001725926276207992,embedding_pca
esmif_PC326,0.00017384513865968722,1.0372100936759746e-05,0.00017384513865968722,embedding_pca
esmif_PC327,0.00018099852507169915,8.225599029205939e-06,0.00018099852507169915,embedding_pca
esmif_PC328,0.00018919126418072296,1.0039680063120909e-05,0.00018919126418072296,embedding_pca
esmif_PC329,0.0001793116564649466,8.370706340553177e-06,0.0001793116564649466,embedding_pca
esmif_PC330,0.0001734768934066315,5.926889439472324e-06,0.0001734768934066315,embedding_pca
esmif_PC331,0.00017330296500263093,9.792100829811748e-06,0.00017330296500263093,embedding_pca
esmif_PC332,0.00017494509349125497,5.543837528489866e-06,0.00017494509349125497,embedding_pca
esmif_PC333,0.00017629930241769902,5.398247382720095e-06,0.00017629930241769902,embedding_pca
esmif_PC334,0.00017317028760188675,6.039902711049378e-06,0.00017317028760188675,embedding_pca
esmif_PC335,0.0001767947832526639,7.332605293460407e-06,0.0001767947832526639,embedding_pca
esmif_PC336,0.00018734440584785563,1.4444025219575918e-05,0.00018734440584785563,embedding_pca
esmif_PC337,0.00018078040077632745,1.068705634203017e-05,0.00018078040077632745,embedding_pca
esmif_PC338,0.00018369860008818142,1.1568294212790356e-05,0.00018369860008818142,embedding_pca
esmif_PC339,0.0001706959479619017,1.2030146466280288e-05,0.0001706959479619017,embedding_pca
esmif_PC340,0.00017517958932460306,4.680411722744581e-06,0.00017517958932460306,embedding_pca
esmif_PC341,0.00017804640609278463,5.68465718622576e-06,0.00017804640609278463,embedding_pca
esmif_PC342,0.0001780599756592629,7.912854015512149e-06,0.0001780599756592629,embedding_pca
esmif_PC343,0.0001929843727532674,3.067078169187957e-05,0.0001929843727532674,embedding_pca
esmif_PC344,0.00017618686593782397,2.2178274832603653e-05,0.00017618686593782397,embedding_pca
esmif_PC345,0.00017677450774545222,9.224761844741964e-06,0.00017677450774545222,embedding_pca
esmif_PC346,0.00018714418083740037,4.718024242604282e-06,0.00018714418083740037,embedding_pca
esmif_PC347,0.00017931915230504102,3.929955637365527e-06,0.00017931915230504102,embedding_pca
esmif_PC348,0.0001717033067779699,5.613593941196259e-06,0.0001717033067779699,embedding_pca
esmif_PC349,0.0001820469826261947,2.1140878029884484e-05,0.0001820469826261947,embedding_pca
esmif_PC350,0.0001760868744411922,1.3892976656851594e-05,0.0001760868744411922,embedding_pca
esmif_PC351,0.0001710337508330603,8.02015524325151e-06,0.0001710337508330603,embedding_pca
esmif_PC352,0.00016905958081946934,2.9376383928345913e-06,0.00016905958081946934,embedding_pca
esmif_PC353,0.00017824783599501137,8.750409920173752e-06,0.00017824783599501137,embedding_pca
esmif_PC354,0.00019078820514363076,1.9581113368426352e-05,0.00019078820514363076,embedding_pca
esmif_PC355,0.00019919746626732284,5.438905693448858e-05,0.00019919746626732284,embedding_pca
esmif_PC356,0.00017784195814435905,9.243701707959523e-06,0.00017784195814435905,embedding_pca
esmif_PC357,0.00018603131643259982,2.6301973037103932e-05,0.00018603131643259982,embedding_pca
esmif_PC358,0.00018344432431773814,1.3152353631244447e-05,0.00018344432431773814,embedding_pca
esmif_PC359,0.00017333675964136046,7.585542423402966e-06,0.00017333675964136046,embedding_pca
esmif_PC360,0.0001806804869336996,7.220637222687759e-06,0.0001806804869336996,embedding_pca
esmif_PC361,0.00017369611301448277,4.565826361586172e-06,0.00017369611301448277,embedding_pca
esmif_PC362,0.00017668971796043332,1.1522135246994518e-05,0.00017668971796043332,embedding_pca
esmif_PC363,0.00017970747908514694,1.6894380648260387e-05,0.00017970747908514694,embedding_pca
esmif_PC364,0.00021060865445183676,7.117457364725744e-05,0.00021060865445183676,embedding_pca
esmif_PC365,0.00021411247351687005,4.3600165297070623e-05,0.00021411247351687005,embedding_pca
esmif_PC366,0.0001849144161140474,1.1737937787821798e-05,0.0001849144161140474,embedding_pca
esmif_PC367,0.00017818061116769548,9.023464189294507e-06,0.00017818061116769548,embedding_pca
esmif_PC368,0.00017625007159203463,8.700367830636609e-06,0.00017625007159203463,embedding_pca
esmif_PC369,0.0001803336183650746,6.54621846620334e-06,0.0001803336183650746,embedding_pca
esmif_PC370,0.0001758920173278885,1.189770544082748e-05,0.0001758920173278885,embedding_pca
esmif_PC371,0.00017505399710639893,7.0909803265168895e-06,0.00017505399710639893,embedding_pca
esmif_PC372,0.00017224337759499285,2.274303405532062e-06,0.00017224337759499285,embedding_pca
esmif_PC373,0.00017288214328320216,4.09181427480085e-06,0.00017288214328320216,embedding_pca
esmif_PC374,0.0002080585571001201,4.3904472925392293e-05,0.0002080585571001201,embedding_pca
esmif_PC375,0.0001768215421797183,1.2278445944897905e-05,0.0001768215421797183,embedding_pca
esmif_PC376,0.00020048251496826642,4.979781215497036e-05,0.00020048251496826642,embedding_pca
esmif_PC377,0.00017924816343427768,7.6910653995976e-06,0.00017924816343427768,embedding_pca
esmif_PC378,0.00020805631648317062,7.281390755508043e-05,0.00020805631648317062,embedding_pca
esmif_PC379,0.00017101538849002617,6.043999963973473e-06,0.00017101538849002617,embedding_pca
esmif_PC380,0.00018661865817208792,1.3976342077338301e-05,0.00018661865817208792,embedding_pca
esmif_PC381,0.00018106507469534296,2.687333628477488e-05,0.00018106507469534296,embedding_pca
esmif_PC382,0.00017190262282004517,1.0447630682576954e-05,0.00017190262282004517,embedding_pca
esmif_PC383,0.0001798476505612657,1.4522466914710796e-05,0.0001798476505612657,embedding_pca
esmif_PC384,0.0001709655046114072,1.940297696356601e-06,0.0001709655046114072,embedding_pca
esmif_PC385,0.0001949851057997015,4.181406368156622e-05,0.0001949851057997015,embedding_pca
esmif_PC386,0.0001883146815241091,6.147841201984027e-06,0.0001883146815241091,embedding_pca
esmif_PC387,0.00020375241559423014,5.927483632079952e-05,0.00020375241559423014,embedding_pca
esmif_PC388,0.00017909960153939517,1.6425969701047148e-05,0.00017909960153939517,embedding_pca
esmif_PC389,0.00017040264373183468,3.0751122010395375e-06,0.00017040264373183468,embedding_pca
esmif_PC390,0.00018801023071838375,3.314899270595232e-05,0.00018801023071838375,embedding_pca
esmif_PC391,0.0001752468000318957,9.866772506705787e-06,0.0001752468000318957,embedding_pca
esmif_PC392,0.0001707306152420451,1.0487423915100884e-05,0.0001707306152420451,embedding_pca
esmif_PC393,0.00017199306273278273,1.1258939294139934e-05,0.00017199306273278273,embedding_pca
esmif_PC394,0.00018105562015784406,1.540648288981574e-05,0.00018105562015784406,embedding_pca
esmif_PC395,0.0001796687343750706,8.892000536251584e-06,0.0001796687343750706,embedding_pca
esmif_PC396,0.00017952788847400676,1.0142576008836281e-05,0.00017952788847400676,embedding_pca
esmif_PC397,0.00019256297047796428,2.6940213290923788e-05,0.00019256297047796428,embedding_pca
esmif_PC398,0.00018221638840731927,6.264374971639423e-06,0.00018221638840731927,embedding_pca
esmif_PC399,0.00020341043550441438,6.014303769453738e-05,0.00020341043550441438,embedding_pca
esmif_PC400,0.00021616609160013774,6.148394288173243e-05,0.00021616609160013774,embedding_pca
esmif_PC401,0.0001722396169466674,7.602549718540314e-06,0.0001722396169466674,embedding_pca
esmif_PC402,0.00016974458841625658,4.678395222180285e-06,0.00016974458841625658,embedding_pca
esmif_PC403,0.00020987841248194767,7.090668148447466e-05,0.00020987841248194767,embedding_pca
esmif_PC404,0.00017420197946253088,6.16050164052029e-06,0.00017420197946253088,embedding_pca
esmif_PC405,0.00017333794643154785,7.888656939084315e-06,0.00017333794643154785,embedding_pca
esmif_PC406,0.00018041668805607392,9.023347533523355e-06,0.00018041668805607392,embedding_pca
esmif_PC407,0.00017405402837448593,1.1466302321195608e-05,0.00017405402837448593,embedding_pca
esmif_PC408,0.00017216388475605978,7.548378120356324e-06,0.00017216388475605978,embedding_pca
esmif_PC409,0.0001737132545403457,1.3577344033886458e-05,0.0001737132545403457,embedding_pca
esmif_PC410,0.00017721047319121998,6.922444986647567e-06,0.00017721047319121998,embedding_pca
esmif_PC411,0.00017208490220994076,1.4676880563158375e-05,0.00017208490220994076,embedding_pca
esmif_PC412,0.00017669874792659702,8.022352375098519e-06,0.00017669874792659702,embedding_pca
esmif_PC413,0.0001674103288125337,3.4195755284970876e-06,0.0001674103288125337,embedding_pca
esmif_PC414,0.00018307657083429287,2.3709659972837275e-05,0.00018307657083429287,embedding_pca
esmif_PC415,0.0001797602415045949,1.430571592428643e-05,0.0001797602415045949,embedding_pca
esmif_PC416,0.0001808828836123203,6.37068308122578e-06,0.0001808828836123203,embedding_pca
esmif_PC417,0.0001790203853479805,8.303096503312643e-06,0.0001790203853479805,embedding_pca
esmif_PC418,0.0001698743195732041,1.0940205728276095e-05,0.0001698743195732041,embedding_pca
esmif_PC419,0.00018534363279079877,1.0351769360427168e-05,0.00018534363279079877,embedding_pca
esmif_PC420,0.00016907544764148378,6.490223451377977e-06,0.00016907544764148378,embedding_pca
esmif_PC421,0.00018287377546391762,1.117156312978693e-05,0.00018287377546391762,embedding_pca
esmif_PC422,0.00019021508267503813,2.203353143329432e-05,0.00019021508267503813,embedding_pca
esmif_PC423,0.00017868042639439935,1.6301406973671955e-05,0.00017868042639439935,embedding_pca
esmif_PC424,0.00017079606023369113,8.574910622893988e-06,0.00017079606023369113,embedding_pca
esmif_PC425,0.0001715704177712054,1.2825058432782088e-05,0.0001715704177712054,embedding_pca
esmif_PC426,0.00018156222419705778,5.972524763950457e-06,0.00018156222419705778,embedding_pca
esmif_PC427,0.00017506024018717662,9.56278486160316e-06,0.00017506024018717662,embedding_pca
esmif_PC428,0.00018148804055375815,6.8636641344858985e-06,0.00018148804055375815,embedding_pca
esmif_PC429,0.0001726926517680915,9.56061844325574e-06,0.0001726926517680915,embedding_pca
esmif_PC430,0.000210416773733462,3.116182037996628e-05,0.000210416773733462,embedding_pca
esmif_PC431,0.00017630506379153315,4.217720357847821e-06,0.00017630506379153315,embedding_pca
esmif_PC432,0.00018313012168491867,1.4627857901604739e-05,0.00018313012168491867,embedding_pca
esmif_PC433,0.0001804395791175076,7.457833205238713e-06,0.0001804395791175076,embedding_pca
esmif_PC434,0.00018821121609038422,2.8209026638623172e-05,0.00018821121609038422,embedding_pca
esmif_PC435,0.00017300906335006322,5.832794064697674e-06,0.00017300906335006322,embedding_pca
esmif_PC436,0.00019319178364824046,3.265967771185803e-05,0.00019319178364824046,embedding_pca
esmif_PC437,0.00024449845292262194,8.755582313026012e-05,0.00024449845292262194,embedding_pca
esmif_PC438,0.00018603765235475578,1.3350598475330855e-05,0.00018603765235475578,embedding_pca
esmif_PC439,0.00017290388910030496,8.280070192958598e-06,0.00017290388910030496,embedding_pca
esmif_PC440,0.0002030837757990872,3.174078687974336e-05,0.0002030837757990872,embedding_pca
esmif_PC441,0.00025779372482967976,9.149372850696099e-05,0.00025779372482967976,embedding_pca
esmif_PC442,0.00019827111123841445,6.168735389532008e-05,0.00019827111123841445,embedding_pca
esmif_PC443,0.00017524965131716978,6.183969798214611e-06,0.00017524965131716978,embedding_pca
esmif_PC444,0.00017237872669717715,8.378464378841397e-06,0.00017237872669717715,embedding_pca
esmif_PC445,0.0001795516856345365,8.681564204617458e-06,0.0001795516856345365,embedding_pca
esmif_PC446,0.00018088908829927685,1.0859798119162904e-05,0.00018088908829927685,embedding_pca
esmif_PC447,0.00018748829516036837,1.3594824796184771e-05,0.00018748829516036837,embedding_pca
esmif_PC448,0.0001859163107548279,1.4611209419443425e-05,0.0001859163107548279,embedding_pca
esmif_PC449,0.00017276011809765844,1.980558640950466e-06,0.00017276011809765844,embedding_pca
esmif_PC450,0.0001646547850722764,7.757978160533334e-06,0.0001646547850722764,embedding_pca
esmif_PC451,0.000173082999106528,3.860883373524393e-06,0.000173082999106528,embedding_pca
esmif_PC452,0.00017775157763803715,5.298007677231076e-06,0.00017775157763803715,embedding_pca
esmif_PC453,0.00016966124564223427,3.3019708529809557e-06,0.00016966124564223427,embedding_pca
esmif_PC454,0.00018333938439941402,1.5026373456122333e-05,0.00018333938439941402,embedding_pca
esmif_PC455,0.0001854549467860391,7.249177663670869e-06,0.0001854549467860391,embedding_pca
esmif_PC456,0.0001801746033679896,9.230895664453182e-06,0.0001801746033679896,embedding_pca
esmif_PC457,0.0001789688591697956,6.896079422966106e-06,0.0001789688591697956,embedding_pca
esmif_PC458,0.0001743154760418796,6.1577956789191175e-06,0.0001743154760418796,embedding_pca
esmif_PC459,0.00018809803943740363,2.224189523378198e-05,0.00018809803943740363,embedding_pca
esmif_PC460,0.0001842160050841934,1.098229276404962e-05,0.0001842160050841934,embedding_pca
esmif_PC461,0.00021007767126817616,7.03131885454044e-05,0.00021007767126817616,embedding_pca
esmif_PC462,0.0001667841655480447,9.268778771040578e-06,0.0001667841655480447,embedding_pca
esmif_PC463,0.00017351549255662557,1.2856929228921765e-05,0.00017351549255662557,embedding_pca
esmif_PC464,0.0001724337316271772,8.710196097838615e-06,0.0001724337316271772,embedding_pca
esmif_PC465,0.00017120137979777955,6.725827125664299e-06,0.00017120137979777955,embedding_pca
esmif_PC466,0.0001743547423997182,6.113036173455305e-06,0.0001743547423997182,embedding_pca
esmif_PC467,0.00017912781494047974,6.951652540633884e-06,0.00017912781494047974,embedding_pca
esmif_PC468,0.00018110510328991932,1.8752412653914765e-05,0.00018110510328991932,embedding_pca
esmif_PC469,0.00017413997167019078,6.816727958184735e-06,0.00017413997167019078,embedding_pca
esmif_PC470,0.00019586531050909558,4.6019294862955166e-05,0.00019586531050909558,embedding_pca
esmif_PC471,0.0001836884896397845,1.39229160647708e-05,0.0001836884896397845,embedding_pca
esmif_PC472,0.00017785607914931617,5.467467613007036e-06,0.00017785607914931617,embedding_pca
esmif_PC473,0.00018497893549013499,1.8500100166740983e-05,0.00018497893549013499,embedding_pca
esmif_PC474,0.0001806815000260963,1.167190298528587e-05,0.0001806815000260963,embedding_pca
esmif_PC475,0.00018079614780640594,1.788105003984846e-05,0.00018079614780640594,embedding_pca
esmif_PC476,0.00018538250759209354,2.266475760385935e-05,0.00018538250759209354,embedding_pca
esmif_PC477,0.00017528576368464735,8.998382945347727e-06,0.00017528576368464735,embedding_pca
esmif_PC478,0.00020104938882206194,5.7260682600648244e-05,0.00020104938882206194,embedding_pca
esmif_PC479,0.0001883752268071274,3.864262370680716e-05,0.0001883752268071274,embedding_pca
esmif_PC480,0.00017689593936915136,4.71780573679681e-06,0.00017689593936915136,embedding_pca
esmif_PC481,0.00018666740824886362,2.382541268084296e-05,0.00018666740824886362,embedding_pca
esmif_PC482,0.00016923398203704372,9.692605672064023e-06,0.00016923398203704372,embedding_pca
esmif_PC483,0.0001755553534971351,1.0134774807033968e-05,0.0001755553534971351,embedding_pca
esmif_PC484,0.00016793156979886812,5.425778718620496e-06,0.00016793156979886812,embedding_pca
esmif_PC485,0.00017818336205417256,7.5876605408765095e-06,0.00017818336205417256,embedding_pca
esmif_PC486,0.00017833620793490288,2.0778693141079323e-05,0.00017833620793490288,embedding_pca
esmif_PC487,0.0002098781334692934,6.299289538925698e-05,0.0002098781334692934,embedding_pca
esmif_PC488,0.00017362677427389562,1.0448584523843557e-05,0.00017362677427389562,embedding_pca
esmif_PC489,0.00017252659993938747,7.222029614035766e-06,0.00017252659993938747,embedding_pca
esmif_PC490,0.00019961049232266768,5.484632412204719e-05,0.00019961049232266768,embedding_pca
esmif_PC491,0.00017674243578004407,8.244655497875876e-06,0.00017674243578004407,embedding_pca
esmif_PC492,0.0001708536624085309,6.038142489372632e-06,0.0001708536624085309,embedding_pca
esmif_PC493,0.00017162921791613256,1.1198364567917338e-05,0.00017162921791613256,embedding_pca
esmif_PC494,0.0001810283318074419,2.6788927189877998e-05,0.0001810283318074419,embedding_pca
esmif_PC495,0.00017570399184853577,1.4951161908073885e-05,0.00017570399184853577,embedding_pca
esmif_PC496,0.00017193331919150985,5.909381507563366e-06,0.00017193331919150985,embedding_pca
esmif_PC497,0.0001699338929004141,4.610202806090217e-06,0.0001699338929004141,embedding_pca
esmif_PC498,0.00017146375948007953,9.954275051684065e-06,0.00017146375948007953,embedding_pca
esmif_PC499,0.00016651645816467744,1.0473866271861786e-05,0.00016651645816467744,embedding_pca
esmif_PC500,0.00017948166142221935,8.032065258237254e-06,0.00017948166142221935,embedding_pca
esmif_PC501,0.0001736797855009461,1.5494736458462513e-05,0.0001736797855009461,embedding_pca
esmif_PC502,0.00018213841384719844,8.165060995956225e-06,0.00018213841384719844,embedding_pca
esmif_PC503,0.0001745726918451092,7.948493006951089e-06,0.0001745726918451092,embedding_pca
esmif_PC504,0.0001736583348515377,1.2694130207028296e-05,0.0001736583348515377,embedding_pca
esmif_PC505,0.000178145895606206,1.2480988874323141e-05,0.000178145895606206,embedding_pca
esmif_PC506,0.00016999075240652263,1.221466723464823e-05,0.00016999075240652263,embedding_pca
esmif_PC507,0.00017672181880396462,9.23211963482045e-06,0.00017672181880396462,embedding_pca
esmif_PC508,0.00017533878803343197,5.583041220652512e-06,0.00017533878803343197,embedding_pca
esmif_PC509,0.00019616285072569713,4.521792267968014e-05,0.00019616285072569713,embedding_pca
esmif_PC510,0.0001767201937399382,1.457891331869539e-05,0.0001767201937399382,embedding_pca
esmif_PC511,0.00017334125434205597,1.9421677190104007e-05,0.00017334125434205597,embedding_pca
esmif_PC512,0.00017542420981124952,9.879727126806352e-06,0.00017542420981124952,embedding_pca
esmif_PC513,0.00018293181192005278,1.1865234081864915e-05,0.00018293181192005278,embedding_pca
esmif_PC514,0.00017115639719514323,9.419517674495893e-06,0.00017115639719514323,embedding_pca
esmif_PC515,0.00017136225631649992,5.399565841909451e-06,0.00017136225631649992,embedding_pca
esmif_PC516,0.00017435510167468636,7.213467246245507e-06,0.00017435510167468636,embedding_pca
esmif_PC517,0.00017214232542794739,9.932206850698903e-06,0.00017214232542794739,embedding_pca
esmif_PC518,0.0001708162617512793,7.5498008047865345e-06,0.0001708162617512793,embedding_pca
esmif_PC519,0.000192388032656654,2.0609907782885485e-05,0.000192388032656654,embedding_pca
esmif_PC520,0.0001765714339812285,1.1454139809700869e-05,0.0001765714339812285,embedding_pca
esmif_PC521,0.00017030377484114856,2.7314414692179724e-05,0.00017030377484114856,embedding_pca
esmif_PC522,0.00021496925294619635,4.370703430164928e-05,0.00021496925294619635,embedding_pca
esmif_PC523,0.0001808887516188725,1.5225470503861685e-05,0.0001808887516188725,embedding_pca
esmif_PC524,0.0001844446340874835,1.6891217794912853e-05,0.0001844446340874835,embedding_pca
esmif_PC525,0.00017526613905109747,6.940194077556237e-06,0.00017526613905109747,embedding_pca
esmif_PC526,0.0001742963969937603,1.239817945141538e-05,0.0001742963969937603,embedding_pca
esmif_PC527,0.00017584074207144777,7.104371457207912e-06,0.00017584074207144777,embedding_pca
esmif_PC528,0.00023430840254888693,0.00010354621757569681,0.00023430840254888693,embedding_pca
esmif_PC529,0.00018621251905936244,2.8973697080088997e-05,0.00018621251905936244,embedding_pca
esmif_PC530,0.00018151883429519113,1.353533720773051e-05,0.00018151883429519113,embedding_pca
esmif_PC531,0.00017119481521724581,5.354786056518547e-06,0.00017119481521724581,embedding_pca
esmif_PC532,0.00018767470000305469,2.821118302586625e-05,0.00018767470000305469,embedding_pca
esmif_PC533,0.0001657406769140469,9.358618260120775e-06,0.0001657406769140469,embedding_pca
esmif_PC534,0.00019492477701312134,3.974508083963832e-05,0.00019492477701312134,embedding_pca
esmif_PC535,0.00017607506884162054,6.066486075737542e-06,0.00017607506884162054,embedding_pca
esmif_PC536,0.00017113946324321365,1.918439555474238e-05,0.00017113946324321365,embedding_pca
esmif_PC537,0.00017365127697804188,7.961849391919346e-06,0.00017365127697804188,embedding_pca
esmif_PC538,0.00017886439094287883,7.620103302718514e-06,0.00017886439094287883,embedding_pca
esmif_PC539,0.00017236085165707403,9.140675325310752e-06,0.00017236085165707403,embedding_pca
esmif_PC540,0.0001699977068850363,4.50633584729705e-06,0.0001699977068850363,embedding_pca
esmif_PC541,0.00017593578432617904,1.1073517056681739e-05,0.00017593578432617904,embedding_pca
esmif_PC542,0.00016472333639035681,7.1527999347624376e-06,0.00016472333639035681,embedding_pca
esmif_PC543,0.0001688910538790203,8.001602711547595e-06,0.0001688910538790203,embedding_pca
esmif_PC544,0.00017118078691141352,7.510817225316695e-06,0.00017118078691141352,embedding_pca
esmif_PC545,0.00017991678099108858,1.3411947155770424e-05,0.00017991678099108858,embedding_pca
esmif_PC546,0.0002117582760632012,4.6115789998196656e-05,0.0002117582760632012,embedding_pca
esmif_PC547,0.00017471123780644893,8.128195665832502e-06,0.00017471123780644893,embedding_pca
esmif_PC548,0.0001748490714649882,5.726156722439262e-06,0.0001748490714649882,embedding_pca
esmif_PC549,0.0001919458349529891,3.258879158323631e-05,0.0001919458349529891,embedding_pca
esmif_PC550,0.00021977840913333662,5.9626424914820826e-05,0.00021977840913333662,embedding_pca
esmif_PC551,0.00017534000846297645,7.457735472671524e-06,0.00017534000846297645,embedding_pca
esmif_PC552,0.00021788809565179528,8.759983182011135e-05,0.00021788809565179528,embedding_pca
esmif_PC553,0.00017887626828003516,8.247321387314862e-06,0.00017887626828003516,embedding_pca
esmif_PC554,0.00018071227790557868,2.881550000244233e-05,0.00018071227790557868,embedding_pca
esmif_PC555,0.00017667958979476664,9.9107476028448e-06,0.00017667958979476664,embedding_pca
esmif_PC556,0.00017215695698820718,5.474589749736158e-06,0.00017215695698820718,embedding_pca
esmif_PC557,0.00016916515644556276,6.7495839035849265e-06,0.00016916515644556276,embedding_pca
esmif_PC558,0.0001796246922544157,1.0326123710994882e-05,0.0001796246922544157,embedding_pca
esmif_PC559,0.00017259071509294777,5.911137267066937e-06,0.00017259071509294777,embedding_pca
esmif_PC560,0.00019585974585097508,4.133664250775968e-05,0.00019585974585097508,embedding_pca
esmif_PC561,0.00017854745544956943,5.755484562390885e-06,0.00017854745544956943,embedding_pca
esmif_PC562,0.000175659783267122,9.872530283407539e-06,0.000175659783267122,embedding_pca
esmif_PC563,0.0001791123588813097,1.7112652008537355e-05,0.0001791123588813097,embedding_pca
esmif_PC564,0.00019638641801414934,4.885319352784038e-05,0.00019638641801414934,embedding_pca
esmif_PC565,0.0001785691033131432,9.278305434523785e-06,0.0001785691033131432,embedding_pca
esmif_PC566,0.00020259095954050285,6.992339836303904e-05,0.00020259095954050285,embedding_pca
esmif_PC567,0.00017669771561934288,7.572054562763452e-06,0.00017669771561934288,embedding_pca
esmif_PC568,0.0001910392015924068,5.0583031983199584e-05,0.0001910392015924068,embedding_pca
esmif_PC569,0.00017954150513445696,6.847928185562207e-06,0.00017954150513445696,embedding_pca
esmif_PC570,0.00017268518167187525,5.9398126969205645e-06,0.00017268518167187525,embedding_pca
esmif_PC571,0.0001771499075667436,6.039760416632182e-06,0.0001771499075667436,embedding_pca
esmif_PC572,0.00017409146278939602,6.672318683418297e-06,0.00017409146278939602,embedding_pca
esmif_PC573,0.00018543860740954926,1.2907359708560583e-05,0.00018543860740954926,embedding_pca
esmif_PC574,0.00020510626776618058,6.826123040820204e-05,0.00020510626776618058,embedding_pca
esmif_PC575,0.00016478967720899137,4.263524355076935e-06,0.00016478967720899137,embedding_pca
esmif_PC576,0.0001804609649228438,6.887181292894691e-06,0.0001804609649228438,embedding_pca
esmif_PC577,0.00017798195332660653,1.0403010589351873e-05,0.00017798195332660653,embedding_pca
esmif_PC578,0.0001782322307156709,1.7004761927156183e-05,0.0001782322307156709,embedding_pca
esmif_PC579,0.0001820828952589816,8.092688837830053e-06,0.0001820828952589816,embedding_pca
esmif_PC580,0.0001797291320329254,6.1874815136415205e-06,0.0001797291320329254,embedding_pca
esmif_PC581,0.00018657555453851197,1.195703967525906e-05,0.00018657555453851197,embedding_pca
esmif_PC582,0.0002023197900927354,4.591649325329394e-05,0.0002023197900927354,embedding_pca
esmif_PC583,0.00020359168844918856,5.5136306121945015e-05,0.00020359168844918856,embedding_pca
esmif_PC584,0.00016769477542657928,1.1845142122425129e-05,0.00016769477542657928,embedding_pca
esmif_PC585,0.00017157571830051202,4.9183504968225005e-06,0.00017157571830051202,embedding_pca
esmif_PC586,0.0001723039494258791,8.471505365336552e-06,0.0001723039494258791,embedding_pca
esmif_PC587,0.00017424824899125906,1.47629320073172e-05,0.00017424824899125906,embedding_pca
esmif_PC588,0.00017925445781324657,5.764621127235952e-06,0.00017925445781324657,embedding_pca
esmif_PC589,0.00017362075450769106,1.4247489547675073e-05,0.00017362075450769106,embedding_pca
esmif_PC590,0.00017547898203142072,1.213080535565853e-05,0.00017547898203142072,embedding_pca
esmif_PC591,0.00017179968801615722,6.655947601139829e-06,0.00017179968801615722,embedding_pca
esmif_PC592,0.00022539334492338182,7.931387227514733e-05,0.00022539334492338182,embedding_pca
esmif_PC593,0.0001880351714659831,1.4056702475954136e-05,0.0001880351714659831,embedding_pca
esmif_PC594,0.0001861386626467416,3.406492356284323e-05,0.0001861386626467416,embedding_pca
esmif_PC595,0.00017220219843258437,1.5404600550092352e-05,0.00017220219843258437,embedding_pca
esmif_PC596,0.00019381814756258653,5.659138229520855e-05,0.00019381814756258653,embedding_pca
esmif_PC597,0.0001829662013038004,2.8012724359788472e-05,0.0001829662013038004,embedding_pca
esmif_PC598,0.00017981428311377844,1.2480731652739609e-05,0.00017981428311377844,embedding_pca
esmif_PC599,0.00023567792020307948,8.983831201704258e-05,0.00023567792020307948,embedding_pca
esmif_PC600,0.00017732847829433757,9.53313202595379e-06,0.00017732847829433757,embedding_pca
esmif_PC601,0.00018183235604184313,2.8690438282393107e-05,0.00018183235604184313,embedding_pca
esmif_PC602,0.00017699521125905305,6.55236840471126e-06,0.00017699521125905305,embedding_pca
esmif_PC603,0.00019610957728203817,5.039178431974424e-05,0.00019610957728203817,embedding_pca
esmif_PC604,0.00018103092958759767,1.71099917539609e-05,0.00018103092958759767,embedding_pca
esmif_PC605,0.0001814618079809212,6.834363657511134e-06,0.0001814618079809212,embedding_pca
esmif_PC606,0.00018635132027735985,2.1919990609759672e-05,0.00018635132027735985,embedding_pca
esmif_PC607,0.0001962142016174215,4.5943933314188734e-05,0.0001962142016174215,embedding_pca
esmif_PC608,0.00016906585474918214,5.748085745551293e-06,0.00016906585474918214,embedding_pca
esmif_PC609,0.00017727246335469196,2.1474326719017073e-05,0.00017727246335469196,embedding_pca
esmif_PC610,0.00021541102600863027,5.631145642163122e-05,0.00021541102600863027,embedding_pca
esmif_PC611,0.00016884116098248703,9.589178424970583e-06,0.00016884116098248703,embedding_pca
esmif_PC612,0.00016823376623891252,3.850379599245096e-06,0.00016823376623891252,embedding_pca
esmif_PC613,0.00016613264477266212,4.986349629398194e-06,0.00016613264477266212,embedding_pca
esmif_PC614,0.0001711151932567694,5.582439066479396e-06,0.0001711151932567694,embedding_pca
esmif_PC615,0.0001892770198063739,3.5667058424394916e-05,0.0001892770198063739,embedding_pca
esmif_PC616,0.00018099322183347044,7.988262379668499e-06,0.00018099322183347044,embedding_pca
esmif_PC617,0.00020477792245202276,5.320014408168731e-05,0.00020477792245202276,embedding_pca
esmif_PC618,0.00018323205316654834,6.4692592212498724e-06,0.00018323205316654834,embedding_pca
esmif_PC619,0.0001918768222417332,3.663452323067995e-05,0.0001918768222417332,embedding_pca
esmif_PC620,0.0001729480123236063,8.15590460161591e-06,0.0001729480123236063,embedding_pca
esmif_PC621,0.00017386135011002968,2.7537300939952436e-06,0.00017386135011002968,embedding_pca
esmif_PC622,0.00019550359178665874,2.6460584937598925e-05,0.00019550359178665874,embedding_pca
esmif_PC623,0.0001757042247144352,5.421222269442136e-06,0.0001757042247144352,embedding_pca
esmif_PC624,0.00017159396310738152,4.273319605026016e-06,0.00017159396310738152,embedding_pca
esmif_PC625,0.00017695524375989003,7.395016828841751e-06,0.00017695524375989003,embedding_pca
esmif_PC626,0.0001797140447835429,2.1454338408221904e-05,0.0001797140447835429,embedding_pca
esmif_PC627,0.00017761041694735823,6.147604236891782e-06,0.00017761041694735823,embedding_pca
esmif_PC628,0.0001880023049232111,2.9686463590297813e-05,0.0001880023049232111,embedding_pca
esmif_PC629,0.00018701005796267572,3.431916984760161e-05,0.00018701005796267572,embedding_pca
esmif_PC630,0.00017457680571203183,1.1320510168600751e-05,0.00017457680571203183,embedding_pca
esmif_PC631,0.0002608762315888534,0.00010997954080940366,0.0002608762315888534,embedding_pca
esmif_PC632,0.0001650204764500344,4.936371939516633e-06,0.0001650204764500344,embedding_pca
esmif_PC633,0.0001863134880803222,2.785626256622613e-05,0.0001863134880803222,embedding_pca
esmif_PC634,0.00017899280875379394,1.340942250621643e-05,0.00017899280875379394,embedding_pca
esmif_PC635,0.00019520423900004437,2.222332903048067e-05,0.00019520423900004437,embedding_pca
esmif_PC636,0.00022213717076727696,8.137728247516052e-05,0.00022213717076727696,embedding_pca
esmif_PC637,0.00017719326102265276,5.992906809916599e-06,0.00017719326102265276,embedding_pca
esmif_PC638,0.000176840053385613,8.142919017636837e-06,0.000176840053385613,embedding_pca
esmif_PC639,0.000173829054710003,8.298102054418999e-06,0.000173829054710003,embedding_pca
esmif_PC640,0.00018690396011722112,2.7617288144432614e-05,0.00018690396011722112,embedding_pca
esmif_PC641,0.00016948917772677792,5.342319032902392e-06,0.00016948917772677792,embedding_pca
esmif_PC642,0.00017153261525043584,7.367557364597801e-06,0.00017153261525043584,embedding_pca
esmif_PC643,0.00018082068545108044,1.384164151761477e-05,0.00018082068545108044,embedding_pca
esmif_PC644,0.00017330634003017456,4.953828626951698e-06,0.00017330634003017456,embedding_pca
esmif_PC645,0.0001993815140308943,2.7605652697288992e-05,0.0001993815140308943,embedding_pca
esmif_PC646,0.00017451277391511367,1.0186270101592428e-05,0.00017451277391511367,embedding_pca
esmif_PC647,0.00017414203934469405,1.0752302966238161e-05,0.00017414203934469405,embedding_pca
esmif_PC648,0.00017260508647382907,7.04101197845434e-06,0.00017260508647382907,embedding_pca
esmif_PC649,0.00017441832350836777,1.0947363714181906e-05,0.00017441832350836777,embedding_pca
esmif_PC650,0.0002458830887045372,0.0001398845658650593,0.0002458830887045372,embedding_pca
esmif_PC651,0.00018323136071863365,1.6936892732505533e-05,0.00018323136071863365,embedding_pca
esmif_PC652,0.00018109486105151072,2.9434845085254938e-05,0.00018109486105151072,embedding_pca
esmif_PC653,0.00018078700727950734,2.3798774849760145e-05,0.00018078700727950734,embedding_pca
esmif_PC654,0.00017137217455523557,5.990417595349311e-06,0.00017137217455523557,embedding_pca
esmif_PC655,0.00021607076230799278,7.705194600073641e-05,0.00021607076230799278,embedding_pca
esmif_PC656,0.00022060158913271045,9.195637967057e-05,0.00022060158913271045,embedding_pca
esmif_PC657,0.00018205681760876074,8.366950701837495e-06,0.00018205681760876074,embedding_pca
esmif_PC658,0.00017808031290350888,1.3790340975512379e-05,0.00017808031290350888,embedding_pca
esmif_PC659,0.0001881086667306755,3.3615613925205895e-05,0.0001881086667306755,embedding_pca
esmif_PC660,0.0001991675131420679,4.116175906982535e-05,0.0001991675131420679,embedding_pca
esmif_PC661,0.00016975266186924966,1.4213932474439726e-05,0.00016975266186924966,embedding_pca
esmif_PC662,0.00018961352518277326,3.347897741713418e-05,0.00018961352518277326,embedding_pca
esmif_PC663,0.00016812141798315598,9.138616252199404e-06,0.00016812141798315598,embedding_pca
esmif_PC664,0.00018716031325898176,4.127173870463138e-05,0.00018716031325898176,embedding_pca
esmif_PC665,0.00016732891640337423,8.58834232534899e-06,0.00016732891640337423,embedding_pca
esmif_PC666,0.00020754611215101105,5.506252004627119e-05,0.00020754611215101105,embedding_pca
esmif_PC667,0.0001743680744317259,7.52582929949511e-06,0.0001743680744317259,embedding_pca
esmif_PC668,0.00016772585459742985,6.706441199621192e-06,0.00016772585459742985,embedding_pca
esmif_PC669,0.00017286697356534483,9.683670770063244e-06,0.00017286697356534483,embedding_pca
esmif_PC670,0.00017135851180625247,4.821020410019944e-06,0.00017135851180625247,embedding_pca
esmif_PC671,0.00018117951585375805,1.0749524289377614e-05,0.00018117951585375805,embedding_pca
esmif_PC672,0.00019785700260823667,3.134835798147235e-05,0.00019785700260823667,embedding_pca
esmif_PC673,0.0001856359010948301,2.5258969770541632e-05,0.0001856359010948301,embedding_pca
esmif_PC674,0.0002133789959945381,7.575620801440587e-05,0.0002133789959945381,embedding_pca
esmif_PC675,0.00017603324255880396,7.969103959707763e-06,0.00017603324255880396,embedding_pca
esmif_PC676,0.0002082657233573832,3.385911258774327e-05,0.0002082657233573832,embedding_pca
esmif_PC677,0.00017205504025747756,8.540164894968419e-06,0.00017205504025747756,embedding_pca
esmif_PC678,0.00017473528784247853,8.935226346290393e-06,0.00017473528784247853,embedding_pca
esmif_PC679,0.00018229348416351542,9.113862989539073e-06,0.00018229348416351542,embedding_pca
esmif_PC680,0.000169412325516171,7.516725821477991e-06,0.000169412325516171,embedding_pca
esmif_PC681,0.00017115153485816611,4.706590016975065e-06,0.00017115153485816611,embedding_pca
esmif_PC682,0.00020207811508101005,4.724266904821003e-05,0.00020207811508101005,embedding_pca
esmif_PC683,0.0001774325702414155,9.775495454664173e-06,0.0001774325702414155,embedding_pca
esmif_PC684,0.00018723938125744902,2.7677457201781554e-05,0.00018723938125744902,embedding_pca
esmif_PC685,0.00019020591840484524,3.262753062482668e-05,0.00019020591840484524,embedding_pca
esmif_PC686,0.00016681036737356244,3.45780554120322e-06,0.00016681036737356244,embedding_pca
esmif_PC687,0.00017935794845245253,1.8100607985886648e-05,0.00017935794845245253,embedding_pca
esmif_PC688,0.00017417550485148708,1.3101156977030303e-05,0.00017417550485148708,embedding_pca
esmif_PC689,0.00021363100555291337,6.522463604717017e-05,0.00021363100555291337,embedding_pca
esmif_PC690,0.00016991302042632396,7.395867416618431e-06,0.00016991302042632396,embedding_pca
esmif_PC691,0.00017910932969113463,1.2877753604883777e-05,0.00017910932969113463,embedding_pca
esmif_PC692,0.00016911955341064854,8.281451134104158e-06,0.00016911955341064854,embedding_pca
esmif_PC693,0.00017670489602959188,7.6067397279159e-06,0.00017670489602959188,embedding_pca
esmif_PC694,0.00022249380881912115,5.864036815458148e-05,0.00022249380881912115,embedding_pca
esmif_PC695,0.00018088296302850307,2.3416305356398682e-05,0.00018088296302850307,embedding_pca
esmif_PC696,0.00019952381767164478,3.5835757852793926e-05,0.00019952381767164478,embedding_pca
esmif_PC697,0.00017595155983709377,3.850824390379305e-06,0.00017595155983709377,embedding_pca
esmif_PC698,0.00016989027420898773,6.541160025024345e-06,0.00016989027420898773,embedding_pca
esmif_PC699,0.0001728387009879352,7.282724573439227e-06,0.0001728387009879352,embedding_pca
esmif_PC700,0.00017045554215162732,3.98385021389782e-06,0.00017045554215162732,embedding_pca
esmif_PC701,0.00017725485246628876,8.516728779867686e-06,0.00017725485246628876,embedding_pca
esmif_PC702,0.000174828155495088,8.712857457091453e-06,0.000174828155495088,embedding_pca
esmif_PC703,0.00017240499599523754,6.514086722760735e-06,0.00017240499599523754,embedding_pca
esmif_PC704,0.000179753182250631,1.560631052441668e-05,0.000179753182250631,embedding_pca
esmif_PC705,0.00016748861964535345,6.938319466257887e-06,0.00016748861964535345,embedding_pca
esmif_PC706,0.00019096253964259537,3.580557394278051e-05,0.00019096253964259537,embedding_pca
esmif_PC707,0.00016541754568768688,1.0173030341097845e-05,0.00016541754568768688,embedding_pca
esmif_PC708,0.00017223519223397992,5.631168437144655e-06,0.00017223519223397992,embedding_pca
esmif_PC709,0.0001717378250860109,9.578086705189995e-06,0.0001717378250860109,embedding_pca
esmif_PC710,0.00017840677879308106,7.91005734765688e-06,0.00017840677879308106,embedding_pca
esmif_PC711,0.0001788617801298966,4.21481623622694e-06,0.0001788617801298966,embedding_pca
esmif_PC712,0.00017831144915707596,8.43047612154839e-06,0.00017831144915707596,embedding_pca
esmif_PC713,0.00018074783920720263,2.5695046340966343e-05,0.00018074783920720263,embedding_pca
esmif_PC714,0.00016688184447533603,5.5484965698879566e-06,0.00016688184447533603,embedding_pca
esmif_PC715,0.00018807737645787733,2.39145588620439e-05,0.00018807737645787733,embedding_pca
esmif_PC716,0.0001758826683639352,6.98350078324882e-06,0.0001758826683639352,embedding_pca
esmif_PC717,0.000204453868324673,5.981832213537786e-05,0.000204453868324673,embedding_pca
esmif_PC718,0.00017186726173431483,7.274563880097543e-06,0.00017186726173431483,embedding_pca
esmif_PC719,0.00020642016856203794,3.7750818477603614e-05,0.00020642016856203794,embedding_pca
esmif_PC720,0.00016743421825210803,1.1900811226633702e-05,0.00016743421825210803,embedding_pca
esmif_PC721,0.00018657427564066584,1.74849631405894e-05,0.00018657427564066584,embedding_pca
esmif_PC722,0.00016582150942895895,1.0385768078283153e-05,0.00016582150942895895,embedding_pca
esmif_PC723,0.00016619478044907742,4.210249717160169e-06,0.00016619478044907742,embedding_pca
esmif_PC724,0.00019137898160584638,3.8626898791709027e-05,0.00019137898160584638,embedding_pca
esmif_PC725,0.00016578760394273326,3.5114612590074517e-06,0.00016578760394273326,embedding_pca
esmif_PC726,0.00017788564865918916,8.067550987730431e-06,0.00017788564865918916,embedding_pca
esmif_PC727,0.00017569493756197015,9.550832244377463e-06,0.00017569493756197015,embedding_pca
esmif_PC728,0.00017348880032096352,1.0509481112106267e-05,0.00017348880032096352,embedding_pca
esmif_PC729,0.00017492776853338593,1.1768966704112836e-05,0.00017492776853338593,embedding_pca
esmif_PC730,0.00018176157700952218,9.32649263679206e-06,0.00018176157700952218,embedding_pca
esmif_PC731,0.00017752358715630804,1.1340962780212762e-05,0.00017752358715630804,embedding_pca
esmif_PC732,0.00017636067817208386,1.9141083513578453e-05,0.00017636067817208386,embedding_pca
esmif_PC733,0.00017298128803629772,6.215516088191614e-06,0.00017298128803629772,embedding_pca
esmif_PC734,0.00020020499357924288,4.0895402637089225e-05,0.00020020499357924288,embedding_pca
esmif_PC735,0.00018213737424164242,1.250957881427809e-05,0.00018213737424164242,embedding_pca
esmif_PC736,0.00017609302313104888,1.2509401139658859e-05,0.00017609302313104888,embedding_pca
esmif_PC737,0.0001864556844395567,2.5642910354846234e-05,0.0001864556844395567,embedding_pca
esmif_PC738,0.00019003959909402813,3.564360544663251e-05,0.00019003959909402813,embedding_pca
esmif_PC739,0.00017458541622332213,1.0337206306169037e-05,0.00017458541622332213,embedding_pca
esmif_PC740,0.00017828857131000337,7.371493425015398e-06,0.00017828857131000337,embedding_pca
esmif_PC741,0.00017246826907193642,4.8201679350320774e-06,0.00017246826907193642,embedding_pca
esmif_PC742,0.0001754431790801699,9.206516483880212e-06,0.0001754431790801699,embedding_pca
esmif_PC743,0.00020723520215173928,6.0073257667190345e-05,0.00020723520215173928,embedding_pca
esmif_PC744,0.00022618038197957507,9.212743178161337e-05,0.00022618038197957507,embedding_pca
esmif_PC745,0.00016605172664053107,8.567165768797018e-06,0.00016605172664053107,embedding_pca
esmif_PC746,0.00017277620618190646,4.856746183111616e-06,0.00017277620618190646,embedding_pca
esmif_PC747,0.00017221373901258152,2.950396767925914e-06,0.00017221373901258152,embedding_pca
esmif_PC748,0.00016582401183901291,6.804518350935147e-06,0.00016582401183901291,embedding_pca
esmif_PC749,0.00017685693151013948,1.1619985183049271e-05,0.00017685693151013948,embedding_pca
esmif_PC750,0.00017730009198914707,7.305434590673371e-06,0.00017730009198914707,embedding_pca
esmif_PC751,0.00017781164942214304,1.3506554818249044e-05,0.00017781164942214304,embedding_pca
esmif_PC752,0.00018093295617490672,3.21013995966915e-05,0.00018093295617490672,embedding_pca
esmif_PC753,0.0001830065394802307,1.4449418023026401e-05,0.0001830065394802307,embedding_pca
esmif_PC754,0.0001780222624401919,4.6911764151750976e-06,0.0001780222624401919,embedding_pca
esmif_PC755,0.00017999798241941567,1.9563799345750407e-05,0.00017999798241941567,embedding_pca
esmif_PC756,0.00019759831966694838,3.365983096507438e-05,0.00019759831966694838,embedding_pca
esmif_PC757,0.00018259101632732292,4.3176221656767086e-05,0.00018259101632732292,embedding_pca
esmif_PC758,0.0001846004693506915,2.3227280693946784e-05,0.0001846004693506915,embedding_pca
esmif_PC759,0.00017168857293634255,8.227940908058965e-06,0.00017168857293634255,embedding_pca
esmif_PC760,0.00017550513295579748,1.3168445176998738e-05,0.00017550513295579748,embedding_pca
esmif_PC761,0.00017179920911142185,9.594931490909605e-06,0.00017179920911142185,embedding_pca
esmif_PC762,0.00017061130292743513,1.1206362954189177e-05,0.00017061130292743513,embedding_pca
esmif_PC763,0.00016671940809150797,6.563027745636171e-06,0.00016671940809150797,embedding_pca
esmif_PC764,0.00017511139064217384,1.2965082640472641e-05,0.00017511139064217384,embedding_pca
esmif_PC765,0.00017834589632551023,1.0736165316210233e-05,0.00017834589632551023,embedding_pca
esmif_PC766,0.00017273913101436433,4.5373353953497275e-06,0.00017273913101436433,embedding_pca
esmif_PC767,0.0001821113329896731,1.0595575845492561e-05,0.0001821113329896731,embedding_pca
esmif_PC768,0.00016748975132376505,1.5170784056641532e-05,0.00016748975132376505,embedding_pca
esmif_PC769,0.00022129231238128566,4.4910590338261946e-05,0.00022129231238128566,embedding_pca
esmif_PC770,0.00020849261306526835,4.632147187754194e-05,0.00020849261306526835,embedding_pca
esmif_PC771,0.00021620698519782323,9.310806946936273e-05,0.00021620698519782323,embedding_pca
esmif_PC772,0.00018791526762634777,1.269638819329397e-05,0.00018791526762634777,embedding_pca
esmif_PC773,0.00018235330826103408,1.3201735765669619e-05,0.00018235330826103408,embedding_pca
esmif_PC774,0.0002470231896021146,0.00012409980380259658,0.0002470231896021146,embedding_pca
esmif_PC775,0.00018372239219398664,1.5191338429572258e-05,0.00018372239219398664,embedding_pca
esmif_PC776,0.00019858535790991385,6.686801615633313e-05,0.00019858535790991385,embedding_pca
esmif_PC777,0.0001952627308591522,4.059330147724458e-05,0.0001952627308591522,embedding_pca
esmif_PC778,0.0001698415641740991,6.739428737664616e-06,0.0001698415641740991,embedding_pca
esmif_PC779,0.00017136716089291953,7.321611600796221e-06,0.00017136716089291953,embedding_pca
esmif_PC780,0.00020067067223085859,5.753323445237858e-05,0.00020067067223085859,embedding_pca
esmif_PC781,0.00024540636372467065,9.791957739806507e-05,0.00024540636372467065,embedding_pca
esmif_PC782,0.00017079003449790346,8.734315722067622e-06,0.00017079003449790346,embedding_pca
esmif_PC783,0.00018115788017041405,3.287354185449553e-05,0.00018115788017041405,embedding_pca
esmif_PC784,0.0001942221187449434,3.749788527328517e-05,0.0001942221187449434,embedding_pca
esmif_PC785,0.00017734666948004176,7.64095889419384e-06,0.00017734666948004176,embedding_pca
esmif_PC786,0.00019729866734129387,3.93990448132496e-05,0.00019729866734129387,embedding_pca
esmif_PC787,0.00017979746820848008,2.0864363842257052e-05,0.00017979746820848008,embedding_pca
esmif_PC788,0.00021581700213246286,5.5791771891548964e-05,0.00021581700213246286,embedding_pca
esmif_PC789,0.00017682105244921546,6.861112344823674e-06,0.00017682105244921546,embedding_pca
esmif_PC790,0.0001699657939187007,9.379713261720274e-06,0.0001699657939187007,embedding_pca
esmif_PC791,0.00021031488910823367,4.492965388193303e-05,0.00021031488910823367,embedding_pca
esmif_PC792,0.00017633001136250896,4.713206052133959e-06,0.00017633001136250896,embedding_pca
esmif_PC793,0.00017133530338749335,1.1278513537465713e-05,0.00017133530338749335,embedding_pca
esmif_PC794,0.00017963366279407297,5.438117582846309e-06,0.00017963366279407297,embedding_pca
esmif_PC795,0.0001825054802661541,9.733308475979711e-06,0.0001825054802661541,embedding_pca
esmif_PC796,0.00018551412195231008,9.186300452769746e-06,0.00018551412195231008,embedding_pca
esmif_PC797,0.00023175583569498304,0.00010649208628583862,0.00023175583569498304,embedding_pca
esmif_PC798,0.00017592519999827628,3.0625602364138017e-06,0.00017592519999827628,embedding_pca
esmif_PC799,0.00018426554630007606,1.7618276833124075e-05,0.00018426554630007606,embedding_pca
esmif_PC800,0.000201534932196442,5.909097904975384e-05,0.000201534932196442,embedding_pca
esmif_PC801,0.00017582131908485839,7.355153315198979e-06,0.00017582131908485839,embedding_pca
esmif_PC802,0.00018607755803144252,2.2877432719009782e-05,0.00018607755803144252,embedding_pca
esmif_PC803,0.00016736380103446073,1.4145258961256072e-05,0.00016736380103446073,embedding_pca
esmif_PC804,0.00016992689548506914,5.374241711324146e-06,0.00016992689548506914,embedding_pca
esmif_PC805,0.00017301752511381113,9.26668261654613e-06,0.00017301752511381113,embedding_pca
esmif_PC806,0.00017254555959269268,8.01546613519538e-06,0.00017254555959269268,embedding_pca
esmif_PC807,0.000187235518565184,2.4555649230076554e-05,0.000187235518565184,embedding_pca
esmif_PC808,0.00017570515481739795,9.133853684451641e-06,0.00017570515481739795,embedding_pca
esmif_PC809,0.00017084223240681042,6.03054443730559e-06,0.00017084223240681042,embedding_pca
esmif_PC810,0.0001774342110711192,5.691622040326848e-06,0.0001774342110711192,embedding_pca
esmif_PC811,0.00017228662660759552,7.426617531502932e-06,0.00017228662660759552,embedding_pca
esmif_PC812,0.00017585015558300798,7.342711390409561e-06,0.00017585015558300798,embedding_pca
esmif_PC813,0.00018008868583246012,1.444599277511089e-05,0.00018008868583246012,embedding_pca
esmif_PC814,0.00017131419386075147,5.1428916628426554e-06,0.00017131419386075147,embedding_pca
esmif_PC815,0.0001719996555219439,3.6989701568391693e-06,0.0001719996555219439,embedding_pca
esmif_PC816,0.00016724578646088681,1.65980249190998e-06,0.00016724578646088681,embedding_pca
esmif_PC817,0.00020091405484345119,4.4525308913196494e-05,0.00020091405484345119,embedding_pca
esmif_PC818,0.00017287916754950435,4.4185494742982935e-06,0.00017287916754950435,embedding_pca
esmif_PC819,0.00017774699645358745,8.528537144018941e-06,0.00017774699645358745,embedding_pca
esmif_PC820,0.0001670197720367127,6.3087445989110225e-06,0.0001670197720367127,embedding_pca
esmif_PC821,0.0002047328867593064,6.027409919487699e-05,0.0002047328867593064,embedding_pca
esmif_PC822,0.00017605828623182637,1.0325119219701752e-05,0.00017605828623182637,embedding_pca
esmif_PC823,0.0001773379422257808,1.844389189176264e-05,0.0001773379422257808,embedding_pca
esmif_PC824,0.0001874161247917352,2.8887999575704177e-05,0.0001874161247917352,embedding_pca
esmif_PC825,0.0001739754134229536,9.96615925211776e-06,0.0001739754134229536,embedding_pca
esmif_PC826,0.00016998082660125941,1.0364165524875908e-05,0.00016998082660125941,embedding_pca
esmif_PC827,0.00019426513226598177,3.701162524147362e-05,0.00019426513226598177,embedding_pca
esmif_PC828,0.00016732391540682555,6.883163741602914e-06,0.00016732391540682555,embedding_pca
esmif_PC829,0.00020272292295645103,7.488134613301284e-05,0.00020272292295645103,embedding_pca
esmif_PC830,0.000174408309875335,6.92720908017172e-06,0.000174408309875335,embedding_pca
esmif_PC831,0.00018030334463345712,1.3524944031866227e-05,0.00018030334463345712,embedding_pca
esmif_PC832,0.00018008800701248902,1.2499004864631166e-05,0.00018008800701248902,embedding_pca
esmif_PC833,0.00016969466226898034,5.24054595009974e-06,0.00016969466226898034,embedding_pca
esmif_PC834,0.0001759261730139426,6.260083907533535e-06,0.0001759261730139426,embedding_pca
esmif_PC835,0.00016896169872905917,8.806731312687638e-06,0.00016896169872905917,embedding_pca
esmif_PC836,0.000176915907973409,9.972118825712825e-06,0.000176915907973409,embedding_pca
esmif_PC837,0.0002044627145059823,5.988389783165094e-05,0.0002044627145059823,embedding_pca
esmif_PC838,0.0001736673476905043,6.124863710711538e-06,0.0001736673476905043,embedding_pca
esmif_PC839,0.00019686181294883048,4.487743840450605e-05,0.00019686181294883048,embedding_pca
esmif_PC840,0.00017418729698462308,6.242849422510561e-06,0.00017418729698462308,embedding_pca
esmif_PC841,0.00017439288080186246,1.733966520555535e-05,0.00017439288080186246,embedding_pca
esmif_PC842,0.00017279958597108108,1.4653229110176703e-05,0.00017279958597108108,embedding_pca
esmif_PC843,0.00017611328002319955,1.183039803765907e-05,0.00017611328002319955,embedding_pca
esmif_PC844,0.00017239494567507452,1.0876753962959186e-05,0.00017239494567507452,embedding_pca
esmif_PC845,0.0001740799357727944,1.280752504203582e-05,0.0001740799357727944,embedding_pca
esmif_PC846,0.00017806071027539296,1.5906920733309358e-05,0.00017806071027539296,embedding_pca
esmif_PC847,0.00017015742221316787,8.733625485651725e-06,0.00017015742221316787,embedding_pca
esmif_PC848,0.00016796194508030216,4.915723709759323e-06,0.00016796194508030216,embedding_pca
esmif_PC849,0.00016673293293618003,7.522550501783549e-06,0.00016673293293618003,embedding_pca
esmif_PC850,0.00017121679452770372,1.3049994813462611e-05,0.00017121679452770372,embedding_pca
esmif_PC851,0.00017853085526725699,8.595522059258533e-06,0.00017853085526725699,embedding_pca
esmif_PC852,0.00020453160437777193,6.587309019484939e-05,0.00020453160437777193,embedding_pca
esmif_PC853,0.00016925281617582563,9.101372989651007e-06,0.00016925281617582563,embedding_pca
esmif_PC854,0.0001634737251874459,6.879443218896673e-06,0.0001634737251874459,embedding_pca
esmif_PC855,0.00022958269486236067,8.353705122463568e-05,0.00022958269486236067,embedding_pca
esmif_PC856,0.0002148205637762355,4.897273917707796e-05,0.0002148205637762355,embedding_pca
esmif_PC857,0.0001739308670445449,1.9054633816884293e-05,0.0001739308670445449,embedding_pca
esmif_PC858,0.00019663774504970465,4.951073075391248e-05,0.00019663774504970465,embedding_pca
esmif_PC859,0.0001786537564853092,8.633499390466507e-06,0.0001786537564853092,embedding_pca
esmif_PC860,0.0001653813602466316,2.936591968158097e-06,0.0001653813602466316,embedding_pca
esmif_PC861,0.00017481294702401123,2.2485080030171776e-05,0.00017481294702401123,embedding_pca
esmif_PC862,0.00017435431417011372,1.1884566872902258e-05,0.00017435431417011372,embedding_pca
esmif_PC863,0.0001743119380730413,6.759469327218588e-06,0.0001743119380730413,embedding_pca
esmif_PC864,0.00016943822289933584,1.046839769726561e-06,0.00016943822289933584,embedding_pca
esmif_PC865,0.00017327438084947482,8.20575054735178e-06,0.00017327438084947482,embedding_pca
esmif_PC866,0.00018377133859545265,1.6290664943725984e-05,0.00018377133859545265,embedding_pca
esmif_PC867,0.0001704066784753488,9.62985901007954e-06,0.0001704066784753488,embedding_pca
esmif_PC868,0.00020216604473223274,4.5231981940862884e-05,0.00020216604473223274,embedding_pca
esmif_PC869,0.00017188184142525229,8.749569423147987e-06,0.00017188184142525229,embedding_pca
esmif_PC870,0.00017149902810302499,4.3775565787091996e-06,0.00017149902810302499,embedding_pca
esmif_PC871,0.00021399448385085604,8.084886827927786e-05,0.00021399448385085604,embedding_pca
esmif_PC872,0.0001761853250102802,1.603351230590684e-05,0.0001761853250102802,embedding_pca
esmif_PC873,0.0001754134392537317,5.894074377992827e-06,0.0001754134392537317,embedding_pca
esmif_PC874,0.00017468483210300443,1.1585218140600122e-05,0.00017468483210300443,embedding_pca
esmif_PC875,0.00020526561226825193,4.788504898224969e-05,0.00020526561226825193,embedding_pca
esmif_PC876,0.0001711824897793014,4.056656559840132e-06,0.0001711824897793014,embedding_pca
esmif_PC877,0.0001799882711315594,2.6616780699502072e-05,0.0001799882711315594,embedding_pca
esmif_PC878,0.0001832418187164738,1.2753299273603027e-05,0.0001832418187164738,embedding_pca
esmif_PC879,0.0001845059335785763,1.8941333093911476e-05,0.0001845059335785763,embedding_pca
esmif_PC880,0.00016860796718634561,8.483795423292464e-06,0.00016860796718634561,embedding_pca
esmif_PC881,0.00016602171965565546,7.270733630057944e-06,0.00016602171965565546,embedding_pca
esmif_PC882,0.00018401325204355683,3.601554122201211e-05,0.00018401325204355683,embedding_pca
esmif_PC883,0.0001954771394420953,2.7510196807454566e-05,0.0001954771394420953,embedding_pca
esmif_PC884,0.00020537751397945158,7.101100316096619e-05,0.00020537751397945158,embedding_pca
esmif_PC885,0.00016969445722086272,6.384385537373205e-06,0.00016969445722086272,embedding_pca
esmif_PC886,0.00016982976983013972,7.91339368469244e-06,0.00016982976983013972,embedding_pca
esmif_PC887,0.00017621209259236102,8.787019187866059e-06,0.00017621209259236102,embedding_pca
esmif_PC888,0.00017337664712393624,2.8542445289926183e-06,0.00017337664712393624,embedding_pca
esmif_PC889,0.00017998937786122102,1.1317155924856075e-05,0.00017998937786122102,embedding_pca
esmif_PC890,0.00016667392622234843,9.403213149343383e-06,0.00016667392622234843,embedding_pca
esmif_PC891,0.00017164556134061988,6.144294136451509e-06,0.00017164556134061988,embedding_pca
esmif_PC892,0.0001717200702524985,3.3769175676321776e-06,0.0001717200702524985,embedding_pca
esmif_PC893,0.00018449898761359633,2.5764261312457156e-05,0.00018449898761359633,embedding_pca
esmif_PC894,0.00017544525324874702,9.059746044268108e-06,0.00017544525324874702,embedding_pca
esmif_PC895,0.00017013691185437742,8.530636965743718e-06,0.00017013691185437742,embedding_pca
esmif_PC896,0.0001696223835790324,3.933578645698863e-06,0.0001696223835790324,embedding_pca
esmif_PC897,0.00017259574911255082,1.2911469323544177e-05,0.00017259574911255082,embedding_pca
esmif_PC898,0.0001681517179334051,1.0227517873423158e-05,0.0001681517179334051,embedding_pca
esmif_PC899,0.00017479786483926078,2.053425236104735e-06,0.00017479786483926078,embedding_pca
esmif_PC900,0.00016589276486210343,7.474115686816836e-06,0.00016589276486210343,embedding_pca
esmif_PC901,0.00017331242090670734,9.192111280469619e-06,0.00017331242090670734,embedding_pca
esmif_PC902,0.00016574808386789235,2.8902702375458e-06,0.00016574808386789235,embedding_pca
esmif_PC903,0.0001744169523839832,5.795985951483992e-06,0.0001744169523839832,embedding_pca
esmif_PC904,0.00016809902569474248,5.330649001747197e-06,0.00016809902569474248,embedding_pca
esmif_PC905,0.0001693400255907154,6.306558337485081e-06,0.0001693400255907154,embedding_pca
esmif_PC906,0.00017812296968626375,3.442585594909899e-06,0.00017812296968626375,embedding_pca
esmif_PC907,0.0001733845653303203,1.609040547168269e-05,0.0001733845653303203,embedding_pca
esmif_PC908,0.00016875574862407336,8.608736685956898e-06,0.00016875574862407336,embedding_pca
esmif_PC909,0.00022605172471353417,7.597407768037487e-05,0.00022605172471353417,embedding_pca
esmif_PC910,0.00016682650865372384,1.0335516180693796e-05,0.00016682650865372384,embedding_pca
esmif_PC911,0.00017445830674435887,7.703180266236085e-06,0.00017445830674435887,embedding_pca
esmif_PC912,0.0001855956219741299,1.4799602800420528e-05,0.0001855956219741299,embedding_pca
esmif_PC913,0.00017720077906398492,8.230107021673844e-06,0.00017720077906398492,embedding_pca
esmif_PC914,0.0001652173389935487,7.505499823956116e-06,0.0001652173389935487,embedding_pca
esmif_PC915,0.00017930043465575528,1.588387396706592e-05,0.00017930043465575528,embedding_pca
esmif_PC916,0.0001656484772719834,3.7586997927494266e-06,0.0001656484772719834,embedding_pca
esmif_PC917,0.00017011558541164224,8.037665037257712e-06,0.00017011558541164224,embedding_pca
esmif_PC918,0.0001738168913147897,1.1149287455148007e-05,0.0001738168913147897,embedding_pca
esmif_PC919,0.00017463935736603407,1.667814096747694e-05,0.00017463935736603407,embedding_pca
esmif_PC920,0.00016500070744476184,7.958404512289507e-06,0.00016500070744476184,embedding_pca
esmif_PC921,0.00018605280154202392,3.132199669042768e-05,0.00018605280154202392,embedding_pca
esmif_PC922,0.0001735257661477731,8.857618302086088e-06,0.0001735257661477731,embedding_pca
esmif_PC923,0.00020403527263736977,5.43328323808174e-05,0.00020403527263736977,embedding_pca
esmif_PC924,0.00016489232111837663,5.516279174612407e-06,0.00016489232111837663,embedding_pca
esmif_PC925,0.00015732962254404626,7.394194590213195e-06,0.00015732962254404626,embedding_pca
esmif_PC926,0.00016953920629125704,1.1558863772554325e-05,0.00016953920629125704,embedding_pca
esmif_PC927,0.00017508903973973295,1.4338290004199036e-05,0.00017508903973973295,embedding_pca
esmif_PC928,0.0001701241358771541,7.795547888887898e-06,0.0001701241358771541,embedding_pca
esmif_PC929,0.00016205566630600314,1.0134400851511758e-05,0.00016205566630600314,embedding_pca
esmif_PC930,0.00018565704073642033,3.967777046549768e-05,0.00018565704073642033,embedding_pca
esmif_PC931,0.00017974616533511777,1.4367054160965643e-05,0.00017974616533511777,embedding_pca
esmif_PC932,0.00019698352870920347,6.14340396582995e-05,0.00019698352870920347,embedding_pca
esmif_PC933,0.0001720663917498814,8.660698742356017e-06,0.0001720663917498814,embedding_pca
esmif_PC934,0.00020024564875402207,5.6503638947839615e-05,0.00020024564875402207,embedding_pca
esmif_PC935,0.0001788220536138305,1.157516251511563e-05,0.0001788220536138305,embedding_pca
esmif_PC936,0.00016965822995415836,1.1610405903359998e-05,0.00016965822995415836,embedding_pca
esmif_PC937,0.00018700071657240747,2.91647748024569e-05,0.00018700071657240747,embedding_pca
esmif_PC938,0.00017584320075579926,4.786707825774433e-06,0.00017584320075579926,embedding_pca
esmif_PC939,0.00021914274007987637,4.577366212405463e-05,0.00021914274007987637,embedding_pca
esmif_PC940,0.0002134398136371414,6.353576087762498e-05,0.0002134398136371414,embedding_pca
esmif_PC941,0.00020399813350241674,5.5670197232760886e-05,0.00020399813350241674,embedding_pca
esmif_PC942,0.00017616701505856268,1.9002789124517523e-05,0.00017616701505856268,embedding_pca
esmif_PC943,0.00017460766754913304,4.758239275533505e-06,0.00017460766754913304,embedding_pca
esmif_PC944,0.00022211515014073087,9.560420286060736e-05,0.00022211515014073087,embedding_pca
esmif_PC945,0.00017768064971481701,5.287589303770668e-06,0.00017768064971481701,embedding_pca
esmif_PC946,0.0001915626270263625,2.9102766830243676e-05,0.0001915626270263625,embedding_pca
esmif_PC947,0.00017719112660182952,9.264633836722035e-06,0.00017719112660182952,embedding_pca
esmif_PC948,0.00020703326569194687,4.538018099878216e-05,0.00020703326569194687,embedding_pca
esmif_PC949,0.00017643537682187938,1.0905277863919256e-05,0.00017643537682187938,embedding_pca
esmif_PC950,0.00020978458564599028,6.299737487995498e-05,0.00020978458564599028,embedding_pca
esmif_PC951,0.0001925706996444287,4.5478221961806215e-05,0.0001925706996444287,embedding_pca
esmif_PC952,0.00018385650020169537,2.071297067095168e-05,0.00018385650020169537,embedding_pca
esmif_PC953,0.00017727469046423345,1.0657208089475735e-05,0.00017727469046423345,embedding_pca
esmif_PC954,0.00016724880012278085,1.0656254191336197e-05,0.00016724880012278085,embedding_pca
esmif_PC955,0.00030373922804078995,0.00016144562822091658,0.00030373922804078995,embedding_pca
esmif_PC956,0.00017904455442336386,7.1146175652394305e-06,0.00017904455442336386,embedding_pca
esmif_PC957,0.00017313179425499883,1.2385317354874023e-05,0.00017313179425499883,embedding_pca
esmif_PC958,0.00017171282990136283,8.32645777171354e-06,0.00017171282990136283,embedding_pca
esmif_PC959,0.00016721528955626264,5.426834714666581e-06,0.00016721528955626264,embedding_pca
esmif_PC960,0.0001814403841521815,1.2926881993730337e-05,0.0001814403841521815,embedding_pca
esmif_PC961,0.00016205895049973355,9.5329338884434e-06,0.00016205895049973355,embedding_pca
esmif_PC962,0.00017256252636947304,1.1505257038450014e-05,0.00017256252636947304,embedding_pca
esmif_PC963,0.00019641292296065124,5.191098867157484e-05,0.00019641292296065124,embedding_pca
esmif_PC964,0.00023306171097786568,7.972298228275377e-05,0.00023306171097786568,embedding_pca
esmif_PC965,0.0001962249212524577,3.5595417009248707e-05,0.0001962249212524577,embedding_pca
esmif_PC966,0.00018057806558003896,1.6478437438406482e-05,0.00018057806558003896,embedding_pca
esmif_PC967,0.00016505800446258174,1.1190279025324223e-05,0.00016505800446258174,embedding_pca
esmif_PC968,0.0001683249486697825,3.8332673317202825e-06,0.0001683249486697825,embedding_pca
esmif_PC969,0.0001833332161180023,2.221766499497167e-05,0.0001833332161180023,embedding_pca
esmif_PC970,0.00016550260362289775,1.2786833965707775e-05,0.00016550260362289775,embedding_pca
esmif_PC971,0.00016703528228948706,6.560435168660768e-06,0.00016703528228948706,embedding_pca
esmif_PC972,0.00017214865132753526,1.4798159762109623e-05,0.00017214865132753526,embedding_pca
esmif_PC973,0.0001756674709209569,1.0537026986174025e-05,0.0001756674709209569,embedding_pca
esmif_PC974,0.00017108889022007557,6.6147880673265005e-06,0.00017108889022007557,embedding_pca
esmif_PC975,0.00025090790003844804,7.92171490482248e-05,0.00025090790003844804,embedding_pca
esmif_PC976,0.0002182086615310305,7.503935412859042e-05,0.0002182086615310305,embedding_pca
esmif_PC977,0.0002121796365606293,7.13386232756353e-05,0.0002121796365606293,embedding_pca
esmif_PC978,0.00017227648554894408,6.531748557230778e-06,0.00017227648554894408,embedding_pca
esmif_PC979,0.0003225137358868007,0.00017918573256620363,0.0003225137358868007,embedding_pca
esmif_PC980,0.00018631353706964368,3.625181761023087e-05,0.00018631353706964368,embedding_pca
esmif_PC981,0.0001681438011969575,6.671387959068557e-06,0.0001681438011969575,embedding_pca
esmif_PC982,0.0001781741107031416,1.0388218686461546e-05,0.0001781741107031416,embedding_pca
esmif_PC983,0.0001910816186708938,2.2871512068372353e-05,0.0001910816186708938,embedding_pca
esmif_PC984,0.0001766843427084265,1.9274943550737243e-05,0.0001766843427084265,embedding_pca
esmif_PC985,0.00018586552980488072,3.721312252536675e-06,0.00018586552980488072,embedding_pca
esmif_PC986,0.00022281645542225945,6.79095291972814e-05,0.00022281645542225945,embedding_pca
esmif_PC987,0.00020134968943307042,4.7533232293948326e-05,0.00020134968943307042,embedding_pca
esmif_PC988,0.0001793176013958178,2.5971506476440817e-05,0.0001793176013958178,embedding_pca
esmif_PC989,0.00018361907187247275,2.1871652577690603e-05,0.00018361907187247275,embedding_pca
esmif_PC990,0.00020160309834147473,5.9170907645798036e-05,0.00020160309834147473,embedding_pca
esmif_PC991,0.00016406540245473124,1.2750593753014535e-05,0.00016406540245473124,embedding_pca
esmif_PC992,0.00016759217075609136,1.063761480266873e-05,0.00016759217075609136,embedding_pca
esmif_PC993,0.00017436532407857482,6.526310279996775e-06,0.00017436532407857482,embedding_pca
esmif_PC994,0.00017063238209646188,7.116668280058557e-06,0.00017063238209646188,embedding_pca
esmif_PC995,0.00019421730244920666,4.737102070117352e-05,0.00019421730244920666,embedding_pca
esmif_PC996,0.00018007315476568716,6.191444141622973e-06,0.00018007315476568716,embedding_pca
esmif_PC997,0.00017568655144126107,1.4405240390518276e-05,0.00017568655144126107,embedding_pca
esmif_PC998,0.00020566675189510092,5.794431680435137e-05,0.00020566675189510092,embedding_pca
esmif_PC999,0.00017264137607894947,4.627601020482648e-06,0.00017264137607894947,embedding_pca
esmif_PC1000,0.00018085673652040195,1.1547366160549099e-05,0.00018085673652040195,embedding_pca
esmif_PC1001,0.00017093456094765145,5.016860062854672e-06,0.00017093456094765145,embedding_pca
esmif_PC1002,0.00017007286936255193,7.528278598053449e-06,0.00017007286936255193,embedding_pca
esmif_PC1003,0.0001716990723653441,6.998984406598735e-06,0.0001716990723653441,embedding_pca
esmif_PC1004,0.00017043442428908367,9.318907402233204e-06,0.00017043442428908367,embedding_pca
esmif_PC1005,0.0001675926802392148,5.242840853309245e-06,0.0001675926802392148,embedding_pca
esmif_PC1006,0.0001676484506588852,5.00912624170298e-06,0.0001676484506588852,embedding_pca
esmif_PC1007,0.0001757511724297322,1.57545027205435e-05,0.0001757511724297322,embedding_pca
esmif_PC1008,0.00018276070369678917,1.8513001808119498e-05,0.00018276070369678917,embedding_pca
esmif_PC1009,0.00018342084360465825,2.5927645910877207e-05,0.00018342084360465825,embedding_pca
esmif_PC1010,0.00017227662415531775,1.0293176240467755e-05,0.00017227662415531775,embedding_pca
esmif_PC1011,0.00018673700865911265,1.4126603033333707e-05,0.00018673700865911265,embedding_pca
esmif_PC1012,0.00019687244745294428,4.8805210009591034e-05,0.00019687244745294428,embedding_pca
esmif_PC1013,0.00017446430361922434,5.147110222694147e-06,0.00017446430361922434,embedding_pca
esmif_PC1014,0.00017399554215377142,6.908927544099028e-06,0.00017399554215377142,embedding_pca
esmif_PC1015,0.0002144628634870867,5.1798245030545626e-05,0.0002144628634870867,embedding_pca
esmif_PC1016,0.00017014287739127473,5.756391098922944e-06,0.00017014287739127473,embedding_pca
esmif_PC1017,0.00017048657582698084,7.898741492309791e-06,0.00017048657582698084,embedding_pca
esmif_PC1018,0.00017628997675730383,1.4476715128472788e-05,0.00017628997675730383,embedding_pca
esmif_PC1019,0.0001633985090647532,3.030804363099747e-06,0.0001633985090647532,embedding_pca
esmif_PC1020,0.00017865529425581465,1.0513989828089822e-05,0.00017865529425581465,embedding_pca
esmif_PC1021,0.00017334444208476948,5.856502251705613e-06,0.00017334444208476948,embedding_pca
esmif_PC1022,0.0001714075721087479,8.060394475713532e-06,0.0001714075721087479,embedding_pca
esmif_PC1023,0.000197174509159782,4.587904661283941e-05,0.000197174509159782,embedding_pca
esmif_PC1024,0.00017051671874652305,1.1729344762283122e-05,0.00017051671874652305,embedding_pca
esmif_PC1025,0.00017252337054929072,4.390084973753337e-06,0.00017252337054929072,embedding_pca
esmif_PC1026,0.00017257826892912525,6.339757445302214e-06,0.00017257826892912525,embedding_pca
esmif_PC1027,0.0001769487673425171,6.876740470535117e-06,0.0001769487673425171,embedding_pca
esmif_PC1028,0.0001715109157478238,1.6802637264431362e-05,0.0001715109157478238,embedding_pca
esmif_PC1029,0.0002160995296428988,9.3004884443276e-05,0.0002160995296428988,embedding_pca
esmif_PC1030,0.0001771096877085067,2.3582302150152756e-05,0.0001771096877085067,embedding_pca
esmif_PC1031,0.00017077309019679276,9.063309379143104e-06,0.00017077309019679276,embedding_pca
esmif_PC1032,0.00017018516211610258,6.7361196421348185e-06,0.00017018516211610258,embedding_pca
esmif_PC1033,0.00017359693601020796,5.6420027892628794e-06,0.00017359693601020796,embedding_pca
esmif_PC1034,0.00018359443157360327,2.5421595429021985e-05,0.00018359443157360327,embedding_pca
esmif_PC1035,0.00019761218551435792,5.316032741910029e-05,0.00019761218551435792,embedding_pca
esmif_PC1036,0.00017971234448189465,1.668993014570727e-05,0.00017971234448189465,embedding_pca
esmif_PC1037,0.0001629891163423543,1.0394049155365809e-05,0.0001629891163423543,embedding_pca
esmif_PC1038,0.00019644609595252947,3.731115607426084e-05,0.00019644609595252947,embedding_pca
esmif_PC1039,0.0001821443174155074,3.919699269384708e-05,0.0001821443174155074,embedding_pca
esmif_PC1040,0.00018555462665241146,4.5869272763696155e-05,0.00018555462665241146,embedding_pca
esmif_PC1041,0.00018073227118584368,1.7976551231271558e-05,0.00018073227118584368,embedding_pca
esmif_PC1042,0.00017125736620953757,8.477913718995245e-06,0.00017125736620953757,embedding_pca
esmif_PC1043,0.00017845100932318468,1.134840828151948e-05,0.00017845100932318468,embedding_pca
esmif_PC1044,0.0001974552315173123,3.165790545879718e-05,0.0001974552315173123,embedding_pca
esmif_PC1045,0.00017387038563835812,8.207958521640997e-06,0.00017387038563835812,embedding_pca
esmif_PC1046,0.00016763270187251494,6.540226858592857e-06,0.00016763270187251494,embedding_pca
esmif_PC1047,0.00017572497779333001,1.0851036997823347e-05,0.00017572497779333001,embedding_pca
esmif_PC1048,0.0001683181064404415,1.1166290978767432e-05,0.0001683181064404415,embedding_pca
esmif_PC1049,0.0001691316937626139,1.2031275310425947e-05,0.0001691316937626139,embedding_pca
esmif_PC1050,0.0001693177136752577,8.563223631103315e-06,0.0001693177136752577,embedding_pca
esmif_PC1051,0.00017224127858676347,7.501463709724966e-06,0.00017224127858676347,embedding_pca
esmif_PC1052,0.00016807078355450026,4.1733958086871866e-06,0.00016807078355450026,embedding_pca
esmif_PC1053,0.00018946182194826778,4.5754049319902535e-05,0.00018946182194826778,embedding_pca
esmif_PC1054,0.00017473431824559593,7.521185358946801e-06,0.00017473431824559593,embedding_pca
esmif_PC1055,0.00016761866210874779,5.64392242320005e-06,0.00016761866210874779,embedding_pca
esmif_PC1056,0.00017273315394199953,7.096780709221468e-06,0.00017273315394199953,embedding_pca
esmif_PC1057,0.0001992859122746174,4.416565121357152e-05,0.0001992859122746174,embedding_pca
esmif_PC1058,0.00017370998539613866,5.563309649025732e-06,0.00017370998539613866,embedding_pca
esmif_PC1059,0.00018838481539960408,4.2227403562680304e-05,0.00018838481539960408,embedding_pca
esmif_PC1060,0.00016976937066995554,9.343388538099011e-06,0.00016976937066995554,embedding_pca
esmif_PC1061,0.00017480963975382834,8.74729007141872e-06,0.00017480963975382834,embedding_pca
esmif_PC1062,0.00017767736223192813,1.1309621516015035e-05,0.00017767736223192813,embedding_pca
esmif_PC1063,0.0001737830701250342,5.188574976511762e-06,0.0001737830701250342,embedding_pca
esmif_PC1064,0.0001678402909785285,7.764491888604159e-06,0.0001678402909785285,embedding_pca
esmif_PC1065,0.00017214956944555372,8.425169635534138e-06,0.00017214956944555372,embedding_pca
esmif_PC1066,0.0001729137951164523,9.80226581758384e-06,0.0001729137951164523,embedding_pca
esmif_PC1067,0.00016937356068015427,8.242222530663938e-06,0.00016937356068015427,embedding_pca
esmif_PC1068,0.00017648548077860157,1.4324152834902898e-05,0.00017648548077860157,embedding_pca
esmif_PC1069,0.00021689509368628263,9.197048120757021e-05,0.00021689509368628263,embedding_pca
esmif_PC1070,0.00016589236350439277,6.289604832515123e-06,0.00016589236350439277,embedding_pca
esmif_PC1071,0.00017480454019634775,6.593016067797498e-06,0.00017480454019634775,embedding_pca
esmif_PC1072,0.00017370012906702066,1.81612875303898e-05,0.00017370012906702066,embedding_pca
esmif_PC1073,0.00016794177865468883,6.380772173947789e-06,0.00016794177865468883,embedding_pca
esmif_PC1074,0.0001714404250319419,7.1800668507621635e-06,0.0001714404250319419,embedding_pca
esmif_PC1075,0.000173444447140683,9.681129261335303e-06,0.000173444447140683,embedding_pca
esmif_PC1076,0.00016824803023445428,8.563344743438523e-06,0.00016824803023445428,embedding_pca
esmif_PC1077,0.00016669468967547125,7.778382266347282e-06,0.00016669468967547125,embedding_pca
esmif_PC1078,0.0001840684922064604,1.4909568314971517e-05,0.0001840684922064604,embedding_pca
esmif_PC1079,0.00017876184477989314,1.6853318587708396e-05,0.00017876184477989314,embedding_pca
esmif_PC1080,0.00016890781831710943,1.2515085379753168e-05,0.00016890781831710943,embedding_pca
esmif_PC1081,0.0001841145860717331,8.87329513120752e-06,0.0001841145860717331,embedding_pca
esmif_PC1082,0.00016870944823378428,4.527547984240521e-06,0.00016870944823378428,embedding_pca
esmif_PC1083,0.00018684434822747783,3.5177806080525366e-05,0.00018684434822747783,embedding_pca
esmif_PC1084,0.00017891219913724314,2.730095334215732e-05,0.00017891219913724314,embedding_pca
esmif_PC1085,0.00019178220815719123,3.730295309677819e-05,0.00019178220815719123,embedding_pca
esmif_PC1086,0.00016259241778776026,7.915370007448842e-06,0.00016259241778776026,embedding_pca
esmif_PC1087,0.0001778909222990436,6.952290658956021e-06,0.0001778909222990436,embedding_pca
esmif_PC1088,0.00016278654757328914,9.786497774036182e-06,0.00016278654757328914,embedding_pca
esmif_PC1089,0.00017568267257223597,8.643328701890934e-06,0.00017568267257223597,embedding_pca
esmif_PC1090,0.0001675326351198104,5.630895531092831e-06,0.0001675326351198104,embedding_pca
esmif_PC1091,0.00016578365960246794,1.1533927492593e-05,0.00016578365960246794,embedding_pca
esmif_PC1092,0.00017085254269972425,7.578926636003018e-06,0.00017085254269972425,embedding_pca
esmif_PC1093,0.0001694306954233402,4.987056914981944e-06,0.0001694306954233402,embedding_pca
esmif_PC1094,0.0001689773158979412,1.750329079171106e-05,0.0001689773158979412,embedding_pca
esmif_PC1095,0.0001716485907499116,4.26947223678003e-06,0.0001716485907499116,embedding_pca
esmif_PC1096,0.000172955159385956,1.1781806830060334e-05,0.000172955159385956,embedding_pca
esmif_PC1097,0.00016983326100078304,8.695540359792946e-06,0.00016983326100078304,embedding_pca
esmif_PC1098,0.00018070200696122606,1.250963925810841e-05,0.00018070200696122606,embedding_pca
esmif_PC1099,0.00017850865126423372,1.2177751211459905e-05,0.00017850865126423372,embedding_pca
esmif_PC1100,0.00017471189717912648,1.50815658723059e-05,0.00017471189717912648,embedding_pca
esmif_PC1101,0.00016832611655128528,3.104000336441732e-06,0.00016832611655128528,embedding_pca
esmif_PC1102,0.00017271959390694952,4.258173198083618e-06,0.00017271959390694952,embedding_pca
esmif_PC1103,0.00017051315290269274,1.0893958721496326e-05,0.00017051315290269274,embedding_pca
esmif_PC1104,0.00016715033746658202,4.815920221684793e-06,0.00016715033746658202,embedding_pca
esmif_PC1105,0.0001692666057584419,6.967634867314576e-06,0.0001692666057584419,embedding_pca
esmif_PC1106,0.00016850109771005263,6.303752496593818e-06,0.00016850109771005263,embedding_pca
esmif_PC1107,0.00017163089766077523,5.785892291720215e-06,0.00017163089766077523,embedding_pca
esmif_PC1108,0.0001677967382126252,5.311081737403773e-06,0.0001677967382126252,embedding_pca
esmif_PC1109,0.00017005916092815334,5.8460477574257644e-06,0.00017005916092815334,embedding_pca
esmif_PC1110,0.00017254058405201806,8.673865160716959e-06,0.00017254058405201806,embedding_pca
esmif_PC1111,0.0001725313990140055,7.853547076267455e-06,0.0001725313990140055,embedding_pca
esmif_PC1112,0.0001666552176978596,6.310901231433123e-06,0.0001666552176978596,embedding_pca
esmif_PC1113,0.0001688707841289025,7.332153554950347e-06,0.0001688707841289025,embedding_pca
esmif_PC1114,0.00016637354282920738,1.4475050740071557e-05,0.00016637354282920738,embedding_pca
esmif_PC1115,0.00017785836817982525,2.9181372237908107e-05,0.00017785836817982525,embedding_pca
esmif_PC1116,0.00017002003009212956,8.084276688953737e-06,0.00017002003009212956,embedding_pca
esmif_PC1117,0.00017195172934256138,6.038913424946015e-06,0.00017195172934256138,embedding_pca
esmif_PC1118,0.00019909061489290026,4.20694813699764e-05,0.00019909061489290026,embedding_pca
esmif_PC1119,0.0001685794569392303,9.30024274730874e-06,0.0001685794569392303,embedding_pca
esmif_PC1120,0.00016912067814415596,4.789639567818412e-06,0.00016912067814415596,embedding_pca
esmif_PC1121,0.00016688864588830168,1.0512783926740285e-05,0.00016688864588830168,embedding_pca
esmif_PC1122,0.00016968443816488607,1.2261660374095444e-05,0.00016968443816488607,embedding_pca
esmif_PC1123,0.00016721799563228202,4.361658849067072e-06,0.00016721799563228202,embedding_pca
esmif_PC1124,0.000176533919101752,2.760563811464135e-05,0.000176533919101752,embedding_pca
esmif_PC1125,0.0001714931515527055,4.181112453192672e-06,0.0001714931515527055,embedding_pca
esmif_PC1126,0.0001656371825334556,5.002468568763038e-06,0.0001656371825334556,embedding_pca
esmif_PC1127,0.00017646070938963043,1.1272014278882457e-05,0.00017646070938963043,embedding_pca
esmif_PC1128,0.00017188437438279353,1.0669387463462931e-05,0.00017188437438279353,embedding_pca
esmif_PC1129,0.00016987488482734145,9.893693561730643e-06,0.00016987488482734145,embedding_pca
esmif_PC1130,0.00016775014812154626,5.905712830537634e-06,0.00016775014812154626,embedding_pca
esmif_PC1131,0.000172268506120138,1.055928960367753e-05,0.000172268506120138,embedding_pca
esmif_PC1132,0.0001668443110697246,7.877143894624502e-06,0.0001668443110697246,embedding_pca
esmif_PC1133,0.00017727857501080433,2.718744181881246e-05,0.00017727857501080433,embedding_pca
esmif_PC1134,0.0002144490801396057,9.41617669007465e-05,0.0002144490801396057,embedding_pca
esmif_PC1135,0.0001762100533608915,7.140525492931011e-06,0.0001762100533608915,embedding_pca
esmif_PC1136,0.0001780652386810566,7.461173442446142e-06,0.0001780652386810566,embedding_pca
esmif_PC1137,0.00016523285797136655,8.227011899170716e-06,0.00016523285797136655,embedding_pca
esmif_PC1138,0.00017196748557979128,2.4017704512126677e-05,0.00017196748557979128,embedding_pca
esmif_PC1139,0.00018765245366757,5.741908504409143e-05,0.00018765245366757,embedding_pca
esmif_PC1140,0.00017233190912486633,9.027837097576549e-06,0.00017233190912486633,embedding_pca
esmif_PC1141,0.00017004370787899317,8.993780020171133e-06,0.00017004370787899317,embedding_pca
esmif_PC1142,0.0002091961020364375,8.081269035677687e-05,0.0002091961020364375,embedding_pca
esmif_PC1143,0.00016944092242054316,1.0308537647838195e-05,0.00016944092242054316,embedding_pca
esmif_PC1144,0.00016792232311169594,5.422086163596041e-06,0.00016792232311169594,embedding_pca
esmif_PC1145,0.00017907255433372837,7.930230327867229e-06,0.00017907255433372837,embedding_pca
esmif_PC1146,0.0001734135134155196,2.0814572167144597e-05,0.0001734135134155196,embedding_pca
esmif_PC1147,0.00017381635421407545,8.760617773304752e-06,0.00017381635421407545,embedding_pca
esmif_PC1148,0.0001692294119486983,7.639250136162477e-06,0.0001692294119486983,embedding_pca
esmif_PC1149,0.0001646689583233356,1.0638310523463824e-05,0.0001646689583233356,embedding_pca
esmif_PC1150,0.00017273325928810298,8.262053789619817e-06,0.00017273325928810298,embedding_pca
esmif_PC1151,0.00016042963569021874,7.593516814844466e-06,0.00016042963569021874,embedding_pca
esmif_PC1152,0.00016854081071643624,9.97466953575797e-06,0.00016854081071643624,embedding_pca
esmif_PC1153,0.0001705364048671523,5.853708967032895e-06,0.0001705364048671523,embedding_pca
esmif_PC1154,0.00017873352150698783,1.603564222095052e-05,0.00017873352150698783,embedding_pca
esmif_PC1155,0.00017664894818477398,6.227663102819332e-06,0.00017664894818477398,embedding_pca
esmif_PC1156,0.00017136025624577553,6.704314331668477e-06,0.00017136025624577553,embedding_pca
esmif_PC1157,0.00017126267765697222,8.25308565992864e-06,0.00017126267765697222,embedding_pca
esmif_PC1158,0.0002026298942108576,7.20257163814601e-05,0.0002026298942108576,embedding_pca
esmif_PC1159,0.0001740932934988566,7.406981643702578e-06,0.0001740932934988566,embedding_pca
esmif_PC1160,0.00017365662350320155,1.003298166759151e-05,0.00017365662350320155,embedding_pca
esmif_PC1161,0.0001750077834447188,7.954638255575416e-06,0.0001750077834447188,embedding_pca
esmif_PC1162,0.00017424540999762793,1.2754610797357538e-05,0.00017424540999762793,embedding_pca
esmif_PC1163,0.00017961087403791032,2.804882129191876e-05,0.00017961087403791032,embedding_pca
esmif_PC1164,0.0002493787345890385,0.00014386256804081274,0.0002493787345890385,embedding_pca
esmif_PC1165,0.00017491867091389446,6.947469026047557e-06,0.00017491867091389446,embedding_pca
esmif_PC1166,0.00019410176455988623,3.1694721283152934e-05,0.00019410176455988623,embedding_pca
esmif_PC1167,0.00016745595811730612,3.6202357381886596e-06,0.00016745595811730612,embedding_pca
esmif_PC1168,0.00017327392441356403,1.325704247237221e-05,0.00017327392441356403,embedding_pca
esmif_PC1169,0.00019045653143703805,3.317646679471732e-05,0.00019045653143703805,embedding_pca
esmif_PC1170,0.0001777784961178956,1.0886070942874283e-05,0.0001777784961178956,embedding_pca
esmif_PC1171,0.0001687410658915966,1.0345507111592224e-05,0.0001687410658915966,embedding_pca
esmif_PC1172,0.00016765647282905355,3.9386590102517994e-06,0.00016765647282905355,embedding_pca
esmif_PC1173,0.00017708393493198646,9.236000208779716e-06,0.00017708393493198646,embedding_pca
esmif_PC1174,0.0001646963037466259,7.040487128643839e-06,0.0001646963037466259,embedding_pca
esmif_PC1175,0.0001671785401337902,5.296161861516716e-06,0.0001671785401337902,embedding_pca
esmif_PC1176,0.00019648311000227967,6.655186885912452e-05,0.00019648311000227967,embedding_pca
esmif_PC1177,0.00016515554085778304,1.0289074706512297e-05,0.00016515554085778304,embedding_pca
esmif_PC1178,0.00016335731029502393,7.110734112494691e-06,0.00016335731029502393,embedding_pca
esmif_PC1179,0.0001767533784068131,8.704865328652627e-06,0.0001767533784068131,embedding_pca
esmif_PC1180,0.00016506726740139098,1.2354637746667366e-05,0.00016506726740139098,embedding_pca
esmif_PC1181,0.00017387955028911353,8.026493140345896e-06,0.00017387955028911353,embedding_pca
esmif_PC1182,0.0001715232776611163,7.2843607787781276e-06,0.0001715232776611163,embedding_pca
esmif_PC1183,0.00016425382848504814,8.565062455109837e-06,0.00016425382848504814,embedding_pca
esmif_PC1184,0.00017873301888856997,1.8952994289203374e-05,0.00017873301888856997,embedding_pca
esmif_PC1185,0.00017081472752874627,4.5645454890488164e-06,0.00017081472752874627,embedding_pca
esmif_PC1186,0.00016954614641875464,6.823258641338041e-06,0.00016954614641875464,embedding_pca
esmif_PC1187,0.00016224686728216273,6.3834691703548066e-06,0.00016224686728216273,embedding_pca
esmif_PC1188,0.00017068670246603402,9.864271328745835e-06,0.00017068670246603402,embedding_pca
esmif_PC1189,0.00016611843530650984,1.0648845492177522e-05,0.00016611843530650984,embedding_pca
esmif_PC1190,0.00017712172458054552,7.154857057393765e-06,0.00017712172458054552,embedding_pca
esmif_PC1191,0.00016272645396429622,1.2654022478873071e-05,0.00016272645396429622,embedding_pca
esmif_PC1192,0.00016898394820988294,1.2690488499467267e-05,0.00016898394820988294,embedding_pca
esmif_PC1193,0.00016595336941667424,7.447074891804274e-06,0.00016595336941667424,embedding_pca
esmif_PC1194,0.0001760326864643256,1.6995177371540435e-05,0.0001760326864643256,embedding_pca
esmif_PC1195,0.00017801506293882373,1.2843953744242732e-05,0.00017801506293882373,embedding_pca
esmif_PC1196,0.0001724574612072747,4.0189963316415355e-06,0.0001724574612072747,embedding_pca
esmif_PC1197,0.000174530348520139,6.576519668759127e-06,0.000174530348520139,embedding_pca
esmif_PC1198,0.0001804108670750358,9.351274812097965e-06,0.0001804108670750358,embedding_pca
esmif_PC1199,0.00017134627177233978,6.303030849647392e-06,0.00017134627177233978,embedding_pca
esmif_PC1200,0.00017811398633702254,5.463954410531955e-06,0.00017811398633702254,embedding_pca
esmif_PC1201,0.00016872906341945307,6.628947967720472e-06,0.00016872906341945307,embedding_pca
esmif_PC1202,0.00017145419746253057,4.523417850292892e-06,0.00017145419746253057,embedding_pca
esmif_PC1203,0.0001596151348994881,6.066033480277886e-06,0.0001596151348994881,embedding_pca
esmif_PC1204,0.00016106600925960254,9.790431806108886e-06,0.00016106600925960254,embedding_pca
esmif_PC1205,0.00016516777880852472,1.0110074198544164e-05,0.00016516777880852472,embedding_pca
esmif_PC1206,0.00016970213805630828,1.2373513620582216e-05,0.00016970213805630828,embedding_pca
esmif_PC1207,0.00017262787686617268,6.125802878989311e-06,0.00017262787686617268,embedding_pca
esmif_PC1208,0.00021996356173302798,9.666405530439783e-05,0.00021996356173302798,embedding_pca
esmif_PC1209,0.0001964341126541137,5.373331428169811e-05,0.0001964341126541137,embedding_pca
esmif_PC1210,0.00017411953394732643,1.6859993471203184e-05,0.00017411953394732643,embedding_pca
esmif_PC1211,0.00018505297778254336,3.626836951072706e-05,0.00018505297778254336,embedding_pca
esmif_PC1212,0.00017351237862175842,5.315140793373797e-06,0.00017351237862175842,embedding_pca
esmif_PC1213,0.00017292624364627905,1.2856531103107394e-05,0.00017292624364627905,embedding_pca
esmif_PC1214,0.00017780074996121242,1.2060458321313469e-05,0.00017780074996121242,embedding_pca
esmif_PC1215,0.00017247045872071393,2.9035198711004602e-06,0.00017247045872071393,embedding_pca
esmif_PC1216,0.00016666089196184827,5.375783361932666e-06,0.00016666089196184827,embedding_pca
esmif_PC1217,0.00017598954860496672,1.0780463507169309e-05,0.00017598954860496672,embedding_pca
esmif_PC1218,0.00019939146328091395,3.683473465511242e-05,0.00019939146328091395,embedding_pca
esmif_PC1219,0.0001993578698199731,5.984220499898334e-05,0.0001993578698199731,embedding_pca
esmif_PC1220,0.00017039498022595147,1.1710119545611969e-05,0.00017039498022595147,embedding_pca
esmif_PC1221,0.00018439809941056382,1.8855267220076648e-05,0.00018439809941056382,embedding_pca
esmif_PC1222,0.00018136979399019387,1.1838311133865892e-05,0.00018136979399019387,embedding_pca
esmif_PC1223,0.00022494974611439377,0.00010622931843437684,0.00022494974611439377,embedding_pca
esmif_PC1224,0.00018811098403537886,4.468129333678847e-05,0.00018811098403537886,embedding_pca
esmif_PC1225,0.0001692675620113966,5.5668000040916915e-06,0.0001692675620113966,embedding_pca
esmif_PC1226,0.00017906672633088955,8.140354411613113e-06,0.00017906672633088955,embedding_pca
esmif_PC1227,0.00017017053383931193,6.949053905585918e-06,0.00017017053383931193,embedding_pca
esmif_PC1228,0.00017421234948806181,4.914559347204656e-06,0.00017421234948806181,embedding_pca
esmif_PC1229,0.00018126594626045265,2.9987660076477725e-05,0.00018126594626045265,embedding_pca
esmif_PC1230,0.00019365470079052834,5.076247596232164e-05,0.00019365470079052834,embedding_pca
esmif_PC1231,0.00017277753863558502,1.665642063512233e-05,0.00017277753863558502,embedding_pca
esmif_PC1232,0.00016818922994862358,1.2476448084600217e-05,0.00016818922994862358,embedding_pca
esmif_PC1233,0.00019265338866702623,3.520989961650359e-05,0.00019265338866702623,embedding_pca
esmif_PC1234,0.00021916547089285347,8.939496976504173e-05,0.00021916547089285347,embedding_pca
esmif_PC1235,0.00016574309488255606,4.530317534747998e-06,0.00016574309488255606,embedding_pca
esmif_PC1236,0.00017269498981133683,2.003813415636507e-05,0.00017269498981133683,embedding_pca
esmif_PC1237,0.00017563354190008312,5.840112420804915e-06,0.00017563354190008312,embedding_pca
esmif_PC1238,0.00019456679404933748,2.7850021541673982e-05,0.00019456679404933748,embedding_pca
esmif_PC1239,0.00020173363532558424,6.437021137036492e-05,0.00020173363532558424,embedding_pca
esmif_PC1240,0.00017649058361435784,6.1367013382732355e-06,0.00017649058361435784,embedding_pca
esmif_PC1241,0.00016828087092302275,6.7107794120025475e-06,0.00016828087092302275,embedding_pca
esmif_PC1242,0.00019138613335164013,1.6234292725811565e-05,0.00019138613335164013,embedding_pca
esmif_PC1243,0.00017391721297420738,1.3452718198087452e-05,0.00017391721297420738,embedding_pca
esmif_PC1244,0.00017880990741823548,2.189826328888577e-05,0.00017880990741823548,embedding_pca
esmif_PC1245,0.00016536180699187747,8.29244238803799e-06,0.00016536180699187747,embedding_pca
esmif_PC1246,0.00019829053538359737,3.707729340215347e-05,0.00019829053538359737,embedding_pca
esmif_PC1247,0.0001743639321224638,3.584973570325391e-06,0.0001743639321224638,embedding_pca
esmif_PC1248,0.00019390787653538553,2.0682048830956263e-05,0.00019390787653538553,embedding_pca
esmif_PC1249,0.00021805153526053222,9.407913083722277e-05,0.00021805153526053222,embedding_pca
esmif_PC1250,0.00016401765100387605,8.773192677542573e-06,0.00016401765100387605,embedding_pca
esmif_PC1251,0.00017357778844038227,1.4802949133430623e-05,0.00017357778844038227,embedding_pca
esmif_PC1252,0.00017441701215835755,1.4409584804434167e-05,0.00017441701215835755,embedding_pca
esmif_PC1253,0.00020793415582974522,3.783913922115271e-05,0.00020793415582974522,embedding_pca
esmif_PC1254,0.00018372830199015622,2.170930335351757e-05,0.00018372830199015622,embedding_pca
esmif_PC1255,0.00017813436765746425,3.097286042593064e-05,0.00017813436765746425,embedding_pca
esmif_PC1256,0.0001718950823940879,1.2427356430115999e-05,0.0001718950823940879,embedding_pca
esmif_PC1257,0.0001776787208595724,1.0805361377692457e-05,0.0001776787208595724,embedding_pca
esmif_PC1258,0.00020023288800312405,6.526934934797145e-05,0.00020023288800312405,embedding_pca
esmif_PC1259,0.00021116005900084192,7.576968637631594e-05,0.00021116005900084192,embedding_pca
esmif_PC1260,0.00016695591572231174,1.193365608875688e-05,0.00016695591572231174,embedding_pca
esmif_PC1261,0.00017117702163212294,1.0642440244566085e-05,0.00017117702163212294,embedding_pca
esmif_PC1262,0.00017062677520180967,7.115875957783907e-06,0.00017062677520180967,embedding_pca
esmif_PC1263,0.00023526904591614608,6.009935963047955e-05,0.00023526904591614608,embedding_pca
esmif_PC1264,0.00016968700004223357,8.554572374857535e-06,0.00016968700004223357,embedding_pca
esmif_PC1265,0.0002420013960409142,8.063950672625185e-05,0.0002420013960409142,embedding_pca
esmif_PC1266,0.00019441365720661324,4.471265197932748e-05,0.00019441365720661324,embedding_pca
esmif_PC1267,0.0001669800935336398,7.800919058760336e-06,0.0001669800935336398,embedding_pca
esmif_PC1268,0.00023516386729585431,7.494096250502742e-05,0.00023516386729585431,embedding_pca
esmif_PC1269,0.00018269390489488192,2.509451881401332e-05,0.00018269390489488192,embedding_pca
esmif_PC1270,0.00017756769890224972,1.6045087544944214e-05,0.00017756769890224972,embedding_pca
esmif_PC1271,0.00019031926770625375,5.7199729658539446e-05,0.00019031926770625375,embedding_pca
esmif_PC1272,0.00019036730917987914,3.3350856896856285e-05,0.00019036730917987914,embedding_pca
esmif_PC1273,0.00018199386378762092,2.744415289951869e-05,0.00018199386378762092,embedding_pca
esmif_PC1274,0.00022296380937848645,8.341558821043182e-05,0.00022296380937848645,embedding_pca
esmif_PC1275,0.00016885962631941294,5.6903390006596875e-06,0.00016885962631941294,embedding_pca
esmif_PC1276,0.00019747449911931863,3.871580869714945e-05,0.00019747449911931863,embedding_pca
esmif_PC1277,0.0001711517551416794,1.3404064639515255e-05,0.0001711517551416794,embedding_pca
esmif_PC1278,0.00016906693678117569,6.032473249593087e-06,0.00016906693678117569,embedding_pca
esmif_PC1279,0.0001988015711635786,5.6319315229923965e-05,0.0001988015711635786,embedding_pca
esmif_PC1280,0.00017219567728331706,2.2163098390820877e-06,0.00017219567728331706,embedding_pca
esmif_PC1281,0.00018300219998269643,2.812845418252141e-05,0.00018300219998269643,embedding_pca
esmif_PC1282,0.0001766691217120248,1.122409171193244e-05,0.0001766691217120248,embedding_pca
esmif_PC1283,0.000174009512101159,8.772710101155531e-06,0.000174009512101159,embedding_pca
esmif_PC1284,0.00017187095663617925,1.2930270940032593e-05,0.00017187095663617925,embedding_pca
esmif_PC1285,0.00020337189711998744,3.822415198389276e-05,0.00020337189711998744,embedding_pca
esmif_PC1286,0.0001708947706712176,3.1165901051475383e-06,0.0001708947706712176,embedding_pca
esmif_PC1287,0.0002087810390589786,6.731538967198653e-05,0.0002087810390589786,embedding_pca
esmif_PC1288,0.00017486139211101884,1.0895737313168478e-05,0.00017486139211101884,embedding_pca
esmif_PC1289,0.00017163460077043757,2.2034169207651233e-05,0.00017163460077043757,embedding_pca
esmif_PC1290,0.00017331473291159306,1.6895892183786654e-05,0.00017331473291159306,embedding_pca
esmif_PC1291,0.00017860903746647297,1.0883241017657359e-05,0.00017860903746647297,embedding_pca
esmif_PC1292,0.00020188922847687242,4.7059444483252855e-05,0.00020188922847687242,embedding_pca
esmif_PC1293,0.0001895279238887938,2.8486639543156997e-05,0.0001895279238887938,embedding_pca
esmif_PC1294,0.00019570905044706473,2.2862979349452455e-05,0.00019570905044706473,embedding_pca
esmif_PC1295,0.00016780461100613682,1.0321441832374766e-05,0.00016780461100613682,embedding_pca
esmif_PC1296,0.0001934577491781634,3.3081988376270934e-05,0.0001934577491781634,embedding_pca
esmif_PC1297,0.00016682760555645812,1.244961800886664e-05,0.00016682760555645812,embedding_pca
esmif_PC1298,0.00019643834132329163,3.934580291005208e-05,0.00019643834132329163,embedding_pca
esmif_PC1299,0.00018944869714308783,2.0335439641241256e-05,0.00018944869714308783,embedding_pca
esmif_PC1300,0.00017167596819259048,1.1151225939161119e-05,0.00017167596819259048,embedding_pca
esmif_PC1301,0.00016641418353074253,1.2035377105947429e-05,0.00016641418353074253,embedding_pca
esmif_PC1302,0.00019623530649012197,3.0062830499325636e-05,0.00019623530649012197,embedding_pca
esmif_PC1303,0.00017596955192538148,1.4416395064245356e-05,0.00017596955192538148,embedding_pca
esmif_PC1304,0.00017620620108166972,1.3778057476799776e-05,0.00017620620108166972,embedding_pca
esmif_PC1305,0.00017256207455995879,9.129606135620696e-06,0.00017256207455995879,embedding_pca
esmif_PC1306,0.00017525438392037622,1.141078869989476e-05,0.00017525438392037622,embedding_pca
esmif_PC1307,0.0001767015149261338,5.31635105140384e-06,0.0001767015149261338,embedding_pca
esmif_PC1308,0.00016709502206868615,7.558769113221061e-06,0.00016709502206868615,embedding_pca
esmif_PC1309,0.00016890511291506842,4.243858179145009e-06,0.00016890511291506842,embedding_pca
esmif_PC1310,0.00018368006321203796,8.202358051902232e-06,0.00018368006321203796,embedding_pca
esmif_PC1311,0.00017442717494865756,1.0618922357833862e-05,0.00017442717494865756,embedding_pca
esmif_PC1312,0.0001898411708838183,1.8557828818552654e-05,0.0001898411708838183,embedding_pca
esmif_PC1313,0.0001773752637081715,2.0731192977275912e-05,0.0001773752637081715,embedding_pca
esmif_PC1314,0.00017222691080284448,2.4463206372344502e-06,0.00017222691080284448,embedding_pca
esmif_PC1315,0.00016520706982005494,1.1456351192693279e-05,0.00016520706982005494,embedding_pca
esmif_PC1316,0.00016983870246021463,6.203395681595684e-06,0.00016983870246021463,embedding_pca
esmif_PC1317,0.00016931976151051122,5.137321858097453e-06,0.00016931976151051122,embedding_pca
esmif_PC1318,0.00017209451124008797,7.44297786137225e-06,0.00017209451124008797,embedding_pca
esmif_PC1319,0.00019212824596306777,4.7841758049382785e-05,0.00019212824596306777,embedding_pca
esmif_PC1320,0.0001664493164006703,1.179083965033805e-05,0.0001664493164006703,embedding_pca
esmif_PC1321,0.0001656498808522399,3.1564328454540423e-06,0.0001656498808522399,embedding_pca
esmif_PC1322,0.00017114045363944428,1.3717305159968266e-05,0.00017114045363944428,embedding_pca
esmif_PC1323,0.0001830877525829084,1.1230383291621648e-05,0.0001830877525829084,embedding_pca
esmif_PC1324,0.0001966238485866491,6.580449652168253e-05,0.0001966238485866491,embedding_pca
esmif_PC1325,0.00016433835387672478,8.683977752158277e-06,0.00016433835387672478,embedding_pca
esmif_PC1326,0.00016913352507470872,5.396707923856174e-06,0.00016913352507470872,embedding_pca
esmif_PC1327,0.00017401637791591176,1.4195036893273949e-05,0.00017401637791591176,embedding_pca
esmif_PC1328,0.00018549972993068474,2.7354670966674266e-05,0.00018549972993068474,embedding_pca
esmif_PC1329,0.00016839997716447196,7.771894156023733e-06,0.00016839997716447196,embedding_pca
esmif_PC1330,0.00018998310793934972,3.112455870661526e-05,0.00018998310793934972,embedding_pca
esmif_PC1331,0.00017491138793274797,8.11813018712224e-06,0.00017491138793274797,embedding_pca
esmif_PC1332,0.00022162671481060786,7.592729313362908e-05,0.00022162671481060786,embedding_pca
esmif_PC1333,0.00020874674728220042,4.1305224749207294e-05,0.00020874674728220042,embedding_pca
esmif_PC1334,0.00021587753028978916,5.2507458151784194e-05,0.00021587753028978916,embedding_pca
esmif_PC1335,0.00024763821867198075,0.00015847424176599487,0.00024763821867198075,embedding_pca
esmif_PC1336,0.00017758214345858097,2.2553859763053556e-05,0.00017758214345858097,embedding_pca
esmif_PC1337,0.0001976733535970422,4.9461771729231185e-05,0.0001976733535970422,embedding_pca
esmif_PC1338,0.00017026650375517822,4.840939010744838e-06,0.00017026650375517822,embedding_pca
esmif_PC1339,0.00017877436055820269,1.6652493136274843e-05,0.00017877436055820269,embedding_pca
esmif_PC1340,0.00018289906737198065,3.664480102012345e-05,0.00018289906737198065,embedding_pca
esmif_PC1341,0.00017380639416479242,8.79113775476874e-06,0.00017380639416479242,embedding_pca
esmif_PC1342,0.00026307690934486715,7.811244563486362e-05,0.00026307690934486715,embedding_pca
esmif_PC1343,0.00019400321928030623,7.117123774673483e-05,0.00019400321928030623,embedding_pca
esmif_PC1344,0.00018204860004355816,2.3207543854731286e-05,0.00018204860004355816,embedding_pca
esmif_PC1345,0.00017825423102258304,1.5400887759764343e-05,0.00017825423102258304,embedding_pca
esmif_PC1346,0.00020549999539032354,3.4251537391087346e-05,0.00020549999539032354,embedding_pca
esmif_PC1347,0.00017608060522865933,6.57257525044711e-06,0.00017608060522865933,embedding_pca
esmif_PC1348,0.0002329292012142024,9.414279935314014e-05,0.0002329292012142024,embedding_pca
esmif_PC1349,0.0001747815755634301,1.1348127545499789e-05,0.0001747815755634301,embedding_pca
esmif_PC1350,0.00018602515631795444,2.306450497683797e-05,0.00018602515631795444,embedding_pca
esmif_PC1351,0.00018973959450288601,4.4135605995096365e-05,0.00018973959450288601,embedding_pca
esmif_PC1352,0.00019908172032161324,7.570899210610746e-05,0.00019908172032161324,embedding_pca
esmif_PC1353,0.00017026744387310826,1.2245087703570725e-05,0.00017026744387310826,embedding_pca
esmif_PC1354,0.00019667318509850092,6.924334346946226e-05,0.00019667318509850092,embedding_pca
esmif_PC1355,0.0001616406578322347,3.3166828802889764e-06,0.0001616406578322347,embedding_pca
esmif_PC1356,0.00021081934261477406,5.554566642956849e-05,0.00021081934261477406,embedding_pca
esmif_PC1357,0.0001685973071275123,3.507267045262535e-06,0.0001685973071275123,embedding_pca
esmif_PC1358,0.00020282427956727728,4.8341236006785434e-05,0.00020282427956727728,embedding_pca
esmif_PC1359,0.0001710574297326338,1.7967337640025353e-06,0.0001710574297326338,embedding_pca
esmif_PC1360,0.000179431429595461,3.0954430851372295e-05,0.000179431429595461,embedding_pca
esmif_PC1361,0.00019290371154847145,4.1201424104843e-05,0.00019290371154847145,embedding_pca
esmif_PC1362,0.00017270720117833733,4.211112416785737e-06,0.00017270720117833733,embedding_pca
esmif_PC1363,0.00018460303802623953,1.636928093787328e-05,0.00018460303802623953,embedding_pca
esmif_PC1364,0.00021491304039308193,9.194632795121858e-05,0.00021491304039308193,embedding_pca
esmif_PC1365,0.0001701863465602636,1.0140286505407163e-05,0.0001701863465602636,embedding_pca
esmif_PC1366,0.00025510030435588557,0.00013845787475482972,0.00025510030435588557,embedding_pca
esmif_PC1367,0.00017255058883688379,6.59760509128774e-06,0.00017255058883688379,embedding_pca
esmif_PC1368,0.00017448766204226893,1.134485585580424e-05,0.00017448766204226893,embedding_pca
esmif_PC1369,0.00017260979867781223,5.19992358879331e-06,0.00017260979867781223,embedding_pca
esmif_PC1370,0.00016583084964651946,9.717803212982311e-06,0.00016583084964651946,embedding_pca
esmif_PC1371,0.00018820988264204195,2.8497186438283606e-05,0.00018820988264204195,embedding_pca
esmif_PC1372,0.00016128865284860443,8.179040569188212e-06,0.00016128865284860443,embedding_pca
esmif_PC1373,0.00018165692033926453,2.0259488075999034e-05,0.00018165692033926453,embedding_pca
esmif_PC1374,0.00019924565906905136,4.4689146648804975e-05,0.00019924565906905136,embedding_pca
esmif_PC1375,0.00022207515665614085,8.007147894360731e-05,0.00022207515665614085,embedding_pca
esmif_PC1376,0.00022376964778026597,7.100095429692439e-05,0.00022376964778026597,embedding_pca
esmif_PC1377,0.0001838763305395183,2.2013151243803415e-05,0.0001838763305395183,embedding_pca
esmif_PC1378,0.00019310914284003858,3.7002940247415404e-05,0.00019310914284003858,embedding_pca
esmif_PC1379,0.00018063989024421335,2.2979668699344745e-05,0.00018063989024421335,embedding_pca
esmif_PC1380,0.0002455744749592982,0.00011371722238695122,0.0002455744749592982,embedding_pca
esmif_PC1381,0.00018363122633102057,1.3916597646724107e-05,0.00018363122633102057,embedding_pca
esmif_PC1382,0.00021206004498930847,9.586834326436043e-05,0.00021206004498930847,embedding_pca
esmif_PC1383,0.00019332468939614294,4.508307120568983e-05,0.00019332468939614294,embedding_pca
esmif_PC1384,0.0001943387584305124,2.984451002787824e-05,0.0001943387584305124,embedding_pca
esmif_PC1385,0.00017335790614573504,1.2865919561471314e-05,0.00017335790614573504,embedding_pca
esmif_PC1386,0.0001938058627973215,4.4395715473776366e-05,0.0001938058627973215,embedding_pca
esmif_PC1387,0.000179229320384813,2.065595769022579e-05,0.000179229320384813,embedding_pca
esmif_PC1388,0.00021551794057038357,9.529252698060676e-05,0.00021551794057038357,embedding_pca
esmif_PC1389,0.00022146494104313794,6.772980850698882e-05,0.00022146494104313794,embedding_pca
esmif_PC1390,0.00021726142546012596,0.00011198809477350623,0.00021726142546012596,embedding_pca
esmif_PC1391,0.000181248698502191,2.414591927113868e-05,0.000181248698502191,embedding_pca
esmif_PC1392,0.00016768750975800387,7.268959995039478e-06,0.00016768750975800387,embedding_pca
esmif_PC1393,0.00022204597670324772,0.00011288990410591712,0.00022204597670324772,embedding_pca
esmif_PC1394,0.00016407865963325488,4.170625480779594e-06,0.00016407865963325488,embedding_pca
esmif_PC1395,0.00018627345598727676,3.597244212551576e-05,0.00018627345598727676,embedding_pca
esmif_PC1396,0.0001862637439106192,4.005722942760818e-05,0.0001862637439106192,embedding_pca
esmif_PC1397,0.00019353043742578266,4.0026812003884324e-05,0.00019353043742578266,embedding_pca
esmif_PC1398,0.00017788247891968264,1.173081038647066e-05,0.00017788247891968264,embedding_pca
esmif_PC1399,0.0002618327580843416,0.0001210923358316839,0.0002618327580843416,embedding_pca
esmif_PC1400,0.00016556518718838334,7.976435100952164e-06,0.00016556518718838334,embedding_pca
esmif_PC1401,0.00020063581800751538,5.742024388628776e-05,0.00020063581800751538,embedding_pca
esmif_PC1402,0.00023610722688548698,0.00010356883250467031,0.00023610722688548698,embedding_pca
esmif_PC1403,0.00019749739825075235,4.1334121119256085e-05,0.00019749739825075235,embedding_pca
esmif_PC1404,0.000240139750922669,0.00014995744925493275,0.000240139750922669,embedding_pca
esmif_PC1405,0.00017806992892493813,1.7041732793029478e-05,0.00017806992892493813,embedding_pca
esmif_PC1406,0.00021797008977315915,9.931915150004843e-05,0.00021797008977315915,embedding_pca
esmif_PC1407,0.00017174292954867375,5.988018438031744e-06,0.00017174292954867375,embedding_pca
esmif_PC1408,0.00019197055458080974,3.218372936400485e-05,0.00019197055458080974,embedding_pca
esmif_PC1409,0.00017950720646701306,2.1387784540296542e-05,0.00017950720646701306,embedding_pca
esmif_PC1410,0.0001950037188655981,3.208332054597569e-05,0.0001950037188655981,embedding_pca
esmif_PC1411,0.00028727044649415323,0.00010828900869570707,0.00028727044649415323,embedding_pca
esmif_PC1412,0.00016704572045817237,9.402708838997148e-06,0.00016704572045817237,embedding_pca
esmif_PC1413,0.00016728860377132664,1.0736978167715409e-05,0.00016728860377132664,embedding_pca
esmif_PC1414,0.00018929069390682935,1.5023312796339149e-05,0.00018929069390682935,embedding_pca
esmif_PC1415,0.0001794437298634387,1.9471185515031655e-05,0.0001794437298634387,embedding_pca
esmif_PC1416,0.00017017311749509598,1.4171627310822676e-05,0.00017017311749509598,embedding_pca
esmif_PC1417,0.0001911774745999995,3.695926580499779e-05,0.0001911774745999995,embedding_pca
esmif_PC1418,0.00018254274208204374,2.2875683856324806e-05,0.00018254274208204374,embedding_pca
esmif_PC1419,0.00016656549935232325,6.097056220390241e-06,0.00016656549935232325,embedding_pca
esmif_PC1420,0.00017503231702008164,1.0506800541567761e-05,0.00017503231702008164,embedding_pca
esmif_PC1421,0.00016647994775853488,9.518360247369957e-06,0.00016647994775853488,embedding_pca
esmif_PC1422,0.0001713359957773028,1.0021921122528929e-05,0.0001713359957773028,embedding_pca
esmif_PC1423,0.00016714912072863177,4.655793447257699e-06,0.00016714912072863177,embedding_pca
esmif_PC1424,0.00017834254059348448,1.1347576894025394e-05,0.00017834254059348448,embedding_pca
esmif_PC1425,0.00017112964899110853,9.752379172580707e-06,0.00017112964899110853,embedding_pca
esmif_PC1426,0.00017169284474977865,6.67521376465214e-06,0.00017169284474977865,embedding_pca
esmif_PC1427,0.00016638214651327354,3.5662768536188277e-06,0.00016638214651327354,embedding_pca
esmif_PC1428,0.0001687704933958518,8.82697155015448e-06,0.0001687704933958518,embedding_pca
esmif_PC1429,0.00016303003971501376,7.814378127893307e-06,0.00016303003971501376,embedding_pca
esmif_PC1430,0.00020538916736025998,6.266060931343071e-05,0.00020538916736025998,embedding_pca
esmif_PC1431,0.00016591874119636563,8.03378459859914e-06,0.00016591874119636563,embedding_pca
esmif_PC1432,0.0001705324041230144,7.652843446885692e-06,0.0001705324041230144,embedding_pca
esmif_PC1433,0.00016649147615705622,5.901876462479183e-06,0.00016649147615705622,embedding_pca
esmif_PC1434,0.00020338866815343247,6.760155635182654e-05,0.00020338866815343247,embedding_pca
esmif_PC1435,0.00017057347949421049,1.0155563047289985e-05,0.00017057347949421049,embedding_pca
esmif_PC1436,0.00016366060234384252,2.084262305031786e-06,0.00016366060234384252,embedding_pca
esmif_PC1437,0.00017924850186917262,2.535287502732376e-05,0.00017924850186917262,embedding_pca
esmif_PC1438,0.00016892491422153518,1.0678593045613407e-05,0.00016892491422153518,embedding_pca
esmif_PC1439,0.00016431383988365085,7.63606949963679e-06,0.00016431383988365085,embedding_pca
esmif_PC1440,0.00016795499064133738,2.9316168913559618e-06,0.00016795499064133738,embedding_pca
esmif_PC1441,0.0001877589801775862,2.2668230983551825e-05,0.0001877589801775862,embedding_pca
esmif_PC1442,0.00017479875653368633,1.4138727340944639e-05,0.00017479875653368633,embedding_pca
esmif_PC1443,0.0001665739611107353,6.326873324532107e-06,0.0001665739611107353,embedding_pca
esmif_PC1444,0.00017319612530222872,5.0101988485269764e-06,0.00017319612530222872,embedding_pca
esmif_PC1445,0.00016793866399777377,1.3194019842194907e-05,0.00016793866399777377,embedding_pca
esmif_PC1446,0.00016600494397693563,1.0998262007562326e-05,0.00016600494397693563,embedding_pca
esmif_PC1447,0.00017509464076925503,5.938362682382851e-06,0.00017509464076925503,embedding_pca
esmif_PC1448,0.000182843041887986,3.5152060949539434e-05,0.000182843041887986,embedding_pca
esmif_PC1449,0.0001751441904445513,7.798713214777495e-06,0.0001751441904445513,embedding_pca
esmif_PC1450,0.00017545650806083106,9.069975896157038e-06,0.00017545650806083106,embedding_pca
esmif_PC1451,0.00018756248984154567,2.6418559277344658e-05,0.00018756248984154567,embedding_pca
esmif_PC1452,0.00016881257554645255,1.2460689827825873e-05,0.00016881257554645255,embedding_pca
esmif_PC1453,0.00016982034585783236,7.953542946031706e-06,0.00016982034585783236,embedding_pca
esmif_PC1454,0.00018654634284313783,3.539522744172207e-05,0.00018654634284313783,embedding_pca
esmif_PC1455,0.00016983714069546035,4.9916905476864555e-06,0.00016983714069546035,embedding_pca
esmif_PC1456,0.00016920764245577548,9.695546099733078e-06,0.00016920764245577548,embedding_pca
esmif_PC1457,0.00016998891004039914,6.487584155438749e-06,0.00016998891004039914,embedding_pca
esmif_PC1458,0.00017273835271814928,1.9896885089476703e-05,0.00017273835271814928,embedding_pca
esmif_PC1459,0.00017492256927490566,5.0895772658517615e-06,0.00017492256927490566,embedding_pca
esmif_PC1460,0.0001702505522905415,1.0633470777147888e-05,0.0001702505522905415,embedding_pca
esmif_PC1461,0.00016975185672839566,8.451171641013356e-06,0.00016975185672839566,embedding_pca
esmif_PC1462,0.00017826879935390315,8.627057960844224e-06,0.00017826879935390315,embedding_pca
esmif_PC1463,0.0001682176477458372,4.4105476985506015e-06,0.0001682176477458372,embedding_pca
esmif_PC1464,0.00016962794678508877,3.165224625739105e-06,0.00016962794678508877,embedding_pca
esmif_PC1465,0.00017252365323580372,1.1195217710836718e-05,0.00017252365323580372,embedding_pca
esmif_PC1466,0.00017211219257613967,1.1032138799199573e-05,0.00017211219257613967,embedding_pca
esmif_PC1467,0.00017183293585018583,9.758167728229852e-06,0.00017183293585018583,embedding_pca
esmif_PC1468,0.00016669178963938167,6.744174972242895e-06,0.00016669178963938167,embedding_pca
esmif_PC1469,0.0001669874780531509,3.1213703151902913e-06,0.0001669874780531509,embedding_pca
esmif_PC1470,0.00016836864099398793,3.3700788772984708e-06,0.00016836864099398793,embedding_pca
esmif_PC1471,0.000166851451673865,8.102048836588749e-06,0.000166851451673865,embedding_pca
esmif_PC1472,0.00016840247210759196,9.210135833054011e-06,0.00016840247210759196,embedding_pca
esmif_PC1473,0.00016551700510600815,2.3315713416471323e-06,0.00016551700510600815,embedding_pca
esmif_PC1474,0.00016981710288861365,9.56893421685139e-06,0.00016981710288861365,embedding_pca
esmif_PC1475,0.0001734034724457299,5.539230851758469e-06,0.0001734034724457299,embedding_pca
esmif_PC1476,0.0001673454316808832,5.656597778996351e-06,0.0001673454316808832,embedding_pca
esmif_PC1477,0.00016095845938030552,1.0353236822988114e-05,0.00016095845938030552,embedding_pca
esmif_PC1478,0.00017175246477645078,5.033371863144602e-06,0.00017175246477645078,embedding_pca
esmif_PC1479,0.00017192191726966152,5.519706209670399e-06,0.00017192191726966152,embedding_pca
esmif_PC1480,0.00016703839556969172,7.888375237905994e-06,0.00016703839556969172,embedding_pca
esmif_PC1481,0.00017018652939701,8.857908120750312e-06,0.00017018652939701,embedding_pca
esmif_PC1482,0.00017030869741840713,1.4687041772545208e-05,0.00017030869741840713,embedding_pca
esmif_PC1483,0.0001733472509147588,1.5617248363751596e-05,0.0001733472509147588,embedding_pca
esmif_PC1484,0.00017140848440977586,1.585566113136204e-05,0.00017140848440977586,embedding_pca
esmif_PC1485,0.00018556939178551328,1.794704865932116e-05,0.00018556939178551328,embedding_pca
esmif_PC1486,0.00016736159145263734,4.935892189581286e-06,0.00016736159145263734,embedding_pca
esmif_PC1487,0.00022660829378316335,9.213248329206936e-05,0.00022660829378316335,embedding_pca
esmif_PC1488,0.00020318271969428764,7.114661147472826e-05,0.00020318271969428764,embedding_pca
esmif_PC1489,0.00019704583476939626,6.612446330464077e-05,0.00019704583476939626,embedding_pca
esmif_PC1490,0.00022309988905897595,0.0001018725252781458,0.00022309988905897595,embedding_pca
esmif_PC1491,0.00021634281698363215,8.232980824868241e-05,0.00021634281698363215,embedding_pca
esmif_PC1492,0.00017545222644423778,1.0422267092588307e-05,0.00017545222644423778,embedding_pca
esmif_PC1493,0.00018439895042599673,1.770395514652455e-05,0.00018439895042599673,embedding_pca
esmif_PC1494,0.00032632484254923406,6.897689697740272e-05,0.00032632484254923406,embedding_pca
esmif_PC1495,0.00021315127578691172,9.16817159082334e-05,0.00021315127578691172,embedding_pca
esmif_PC1496,0.0002615004259119011,0.00010621789201012602,0.0002615004259119011,embedding_pca
esmif_PC1497,0.00032092485358102064,9.886727544898595e-05,0.00032092485358102064,embedding_pca
esmif_PC1498,0.00016895571062311855,4.8855726381833135e-06,0.00016895571062311855,embedding_pca
esmif_PC1499,0.00018189068225538216,1.2061073583638843e-05,0.00018189068225538216,embedding_pca
esmif_PC1500,0.00019139527352896434,4.1508704099025e-05,0.00019139527352896434,embedding_pca
esmif_PC1501,0.00023369899956026557,7.561594883271108e-05,0.00023369899956026557,embedding_pca
esmif_PC1502,0.0003046605683720989,9.057827375508459e-05,0.0003046605683720989,embedding_pca
esmif_PC1503,0.00020526056688737184,7.80060751842527e-05,0.00020526056688737184,embedding_pca
esmif_PC1504,0.00017193217319738527,5.921692394186078e-06,0.00017193217319738527,embedding_pca
esmif_PC1505,0.00016755644271521062,6.556908182720383e-06,0.00016755644271521062,embedding_pca
esmif_PC1506,0.00017426250166901932,5.934397705409354e-06,0.00017426250166901932,embedding_pca
esmif_PC1507,0.0002041361846956638,4.605775424886418e-05,0.0002041361846956638,embedding_pca
esmif_PC1508,0.00020116120961223192,4.1018055243986536e-05,0.00020116120961223192,embedding_pca
esmif_PC1509,0.00018130671076542726,2.8325414942306495e-05,0.00018130671076542726,embedding_pca
esmif_PC1510,0.00018401467877548922,2.2322876089665353e-05,0.00018401467877548922,embedding_pca
esmif_PC1511,0.00017326615041346805,6.608719746090075e-06,0.00017326615041346805,embedding_pca
esmif_PC1512,0.00018152421684618697,7.205523066239247e-06,0.00018152421684618697,embedding_pca
esmif_PC1513,0.00017250004790955945,8.453364186681871e-06,0.00017250004790955945,embedding_pca
esmif_PC1514,0.0002202105115632819,5.26617070336962e-05,0.0002202105115632819,embedding_pca
esmif_PC1515,0.0003037682146179215,0.00011122441673194151,0.0003037682146179215,embedding_pca
esmif_PC1516,0.00025689518382885176,0.0001128701407662634,0.00025689518382885176,embedding_pca
esmif_PC1517,0.0002644873427395241,0.00012518031562096086,0.0002644873427395241,embedding_pca
esmif_PC1518,0.00021997684529052424,6.284446522556023e-05,0.00021997684529052424,embedding_pca
esmif_PC1519,0.0003281157300906587,0.00013230446947534887,0.0003281157300906587,embedding_pca
esmif_PC1520,0.00037754601708755027,3.4133639239038276e-05,0.00037754601708755027,embedding_pca
esmif_PC1521,0.0002499070024800139,0.00012782922002424417,0.0002499070024800139,embedding_pca
esmif_PC1522,0.00035369553906213744,9.391238152642869e-05,0.00035369553906213744,embedding_pca
esmif_PC1523,0.00047710501150668283,5.261115488201569e-05,0.00047710501150668283,embedding_pca
esmif_PC1524,0.0003009258802504448,0.00010709935960054693,0.0003009258802504448,embedding_pca
esmif_PC1525,0.0002334390867629917,8.073588772991412e-05,0.0002334390867629917,embedding_pca
esmif_PC1526,0.0004435744800420407,5.7705619243055715e-05,0.0004435744800420407,embedding_pca
esmif_PC1527,0.0006422771879916831,8.636107183295787e-05,0.0006422771879916831,embedding_pca
esmif_PC1528,0.00017078309808854234,7.957279750621116e-06,0.00017078309808854234,embedding_pca
esmif_PC1529,0.00021603951083814615,5.49663955583277e-05,0.00021603951083814615,embedding_pca
esmif_PC1530,0.0004820423055188714,5.5686268858729505e-05,0.0004820423055188714,embedding_pca
esmif_PC1531,0.000491949700616466,3.704619779871706e-05,0.000491949700616466,embedding_pca
esmif_PC1532,0.0003895289161770907,4.924684605658358e-05,0.0003895289161770907,embedding_pca
esmif_PC1533,0.0005086955264849119,3.624373642309071e-05,0.0005086955264849119,embedding_pca
esmif_PC1534,0.0005326658426357015,4.605271497323885e-05,0.0005326658426357015,embedding_pca
esmif_PC1535,0.00041451624941336526,2.6124242463550725e-05,0.00041451624941336526,embedding_pca
esmif_PC1536,0.00044558060911124706,3.383709346861234e-05,0.00044558060911124706,embedding_pca
