uniprot_id,peptide_missing_rate,nflank_missing_rate,cflank_missing_rate,n_peptides
A0A024R6N5,0.0,0.0,0.0,3
A0A075B6F3,1.0,1.0,1.0,46
A0A075B6W5,0.0,0.0,0.0,1
A0A087WTI6,0.0,0.0,0.0,6
A0A087WUL8,1.0,1.0,1.0,42
A0A087WX93,0.0,0.0,1.0,1
A0A087WXS9,0.0,0.0,0.0,3
A0A087WZ13,0.0,0.0,0.0,1
A0A096LNH2,1.0,1.0,1.0,7
A0A096LP25,0.0,0.0,0.0,8
A0A0A6YYJ5,1.0,1.0,1.0,7
A0A0B4J287,0.0,0.0,0.0,5
A0A0C4DGP1,0.0,0.0,0.0,3
A0A0F7UNS9,0.0,0.0,0.0,3
A0A0F7URF8,0.0,0.0,0.0,10
A0A0F7US18,0.0,0.0,0.0,2
A0A0F7UVN4,0.0,0.0,0.0,6
A0A0F7UVP8,0.0,0.0,0.0,3
A0A0F7UZ13,0.0,0.0,0.0,2
A0A0F7V4E5,0.0,0.0,0.0,1
A0A0F7V4M1,0.0,0.0,0.0,10
A0A0F7V5E7,0.0,0.0,0.0,3
A0A0F7V6C1,0.0,0.0,0.0,3
A0A0F7V6V4,0.0,0.0,0.0,2
A0A0G2JH50,0.0,0.0,0.0,2
A0A0G2JI36,0.0,0.0,0.0,1
A0A0G2JPD3,0.0,0.0,0.0,1
A0A0G2JPH3,0.0,0.0,0.0,7
A0A0G2JPU2,0.0,0.0,0.0,5
A0A0G2JQM2,0.0,0.0,0.0,3
A0A0J9YXY3,0.0,0.0,0.0,1
A0A0K0K1A5,0.0,0.0,0.0,1
A0A0K0K1D8,0.0,0.0,0.0,2
A0A0M3V1U8,0.0,0.0,0.0,6
A0A0U1RQK7,1.0,1.0,1.0,18
A0A0U1RR48,1.0,1.0,1.0,2
A0A125YGP5,1.0,1.0,1.0,6
A0A125YJ41,0.0,0.0,0.0,5
A0A125YJK4,1.0,1.0,1.0,4
A0A125YRD7,0.0,0.0,0.0,2
A0A125YWY4,0.0,0.0,0.0,7
A0A140T8Y4,0.0,0.0,0.0,1
A0A140T912,0.0,0.0,0.0,3
A0A140T913,0.0,0.0,0.0,4
A0A140T951,1.0,1.0,1.0,1
A0A140T9B3,0.0,0.0,0.0,1
A0A140T9G0,1.0,1.0,1.0,2
A0A140T9I0,1.0,1.0,1.0,2
A0A140T9M0,0.0,0.0,0.0,3
A0A140TA02,0.0,0.0,0.0,1
A0A140TA18,0.0,0.0,0.0,2
A0A175Y5H9,0.0,0.0,0.0,4
A0A1B0GUD6,0.0,0.0,0.0,3
A0A1B0GUI1,1.0,1.0,1.0,17
A0A1B0GUS4,0.0,0.0,0.0,2
A0A1B0GVH5,0.0,0.0,0.0,5
A0A1B0GVP4,1.0,1.0,1.0,7
A0A1B0GVS8,0.7,0.7,0.7,10
A0A1B0GWC6,1.0,1.0,1.0,1
A0A1B0GWI6,0.0,0.0,0.5,2
A0A1B0GX49,0.0,0.0,0.0,1
A0A1W2PQS8,0.0,0.0,0.0,1
A0A1W2PRQ6,0.0,0.0,0.0,4
A0A1X9RU27,0.0,0.0,0.0,3
A0A2A3YGA7,0.0,0.0,0.0,2
A0A2A3YGK1,0.0,0.0,0.0,3
A0A2A3YJ57,0.0,0.0,0.0,1
A0A2A3YM07,0.0,0.0,0.0,4
A0A2A3YP00,0.0,0.0,0.0,3
A0A2R8Y445,1.0,1.0,1.0,6
A0A2R8Y4L2,0.0,0.0,0.0,2
A0A2R8Y619,0.0,0.0,0.0,3
A0A2R8Y7B3,0.0,0.0,0.0,4
A0A2R8Y7T9,0.0,0.0,0.0,1
A0A2R8Y8D9,0.0,0.0,0.0,5
A0A2X0VFN3,1.0,1.0,1.0,13
A0A2X0VRU2,0.0,0.0,0.0,7
A0A2Z4LIS9,0.0,0.0,0.0,1
A0A3B3IRR3,0.0,0.0,0.0,8
A0A3B3IRV3,0.0,0.0,0.0,3
A0A3B3IS79,1.0,1.0,1.0,5
A0A3B3ISF6,0.0,0.0,0.0,6
A0A3B3ISJ8,0.0,0.0,0.0,13
A0A494C0S0,0.0,0.0,0.0,11
A0A494C1N0,0.0,0.0,0.0,2
A0A499FJF3,0.0,0.0,0.0,3
A0A590UJ20,0.0,0.0,0.0,1
A0A5F9ZHN9,0.0,0.0,0.0,5
A0A6Q8PF18,0.0,0.0,0.0,7
A0A6Q8PFC9,0.0,0.0,0.0,1
A0A6Q8PHC9,1.0,1.0,1.0,7
A0A7I2RVZ4,0.0,0.0,0.0,6
A0A7I2V3W8,0.0,0.0,0.0,7
A0A7I2V4U8,0.0,0.0,0.0,1
A0A804HJV0,0.0,0.0,0.0,5
A0A804HJX8,1.0,1.0,1.0,38
A0A804HLA8,0.0,0.0,0.0,1
A0A804HLD3,1.0,1.0,1.0,27
A0A8C8P5L8,1.0,1.0,1.0,12
A0A8I5KZ38,1.0,1.0,1.0,13
A0A8I5QL06,1.0,1.0,1.0,7
A0A8J8YUZ5,0.0,0.0,0.0,7
A0A8Q3SIK5,0.0,0.0,0.0,5
A0A8V8TLA2,0.0,0.0,0.0,10
A0A9L9PXT0,0.0,0.0,0.0,5
A0AAG2TVC3,0.0,0.0,0.0,2
A0AAQ5BI93,0.0,0.0,0.0,2
A0ABB0MUZ6,0.0,0.0,0.0,3
A0ABM6TP76,1.0,1.0,1.0,5
A0ABM6TP97,1.0,1.0,1.0,3
A0ABM6TRQ2,1.0,1.0,1.0,6
A0ABN0PSG5,1.0,1.0,1.0,8
A0ABN5IZY2,1.0,1.0,1.0,3
A0ABN5J0M8,1.0,1.0,1.0,14
A0ABN5J312,1.0,1.0,1.0,6
A0ABN5J5C8,1.0,1.0,1.0,9
A0ABN5J5X9,1.0,1.0,1.0,3
A0ABX8KJ08,1.0,1.0,1.0,2
A0ABY7UUA0,1.0,1.0,1.0,1
A0AUZ9,0.0,0.0,0.0,4
A0AV02,0.0,0.0,0.0,5
A0AV96,0.0,0.0,0.0,5
A0AVF1,0.0,0.0,0.0,4
A0AVI4,0.0,0.0,0.0,3
A0AVK6,0.0,0.0,0.0,7
A0AVT1,0.0,0.0,0.0,9
A0FGR8,0.0,0.0,0.0,8
A0JLT2,0.0,0.0,0.0,2
A0JNW5,0.0,0.0,0.0,13
A0MZ66,0.0,0.0,0.0,4
A0PG75,0.0,0.0,0.0,4
A0PJE2,0.0,0.0,0.0,2
A0PJK1,0.0,0.0,0.0,6
A0PJW6,0.0,0.0,0.0,3
A0PJX8,0.0,0.0,0.0,5
A1A4S6,0.0,0.0,0.0,4
A1A4V9,0.0,0.0,0.0,1
A1A5B4,0.0,0.0,0.0,7
A1A5C7,0.0,0.0,0.0,4
A1KXE4,0.0,0.0,0.0,1
A1L0T0,0.0,0.0,0.0,7
A1L157,0.0,0.0,0.0,3
A1L167,0.0,0.0,0.0,2
A1L390,0.0,0.0,0.0,5
A1L3X0,0.0,0.0,0.0,4
A1X283,0.0,0.0,0.0,4
A1XBS5,0.0,0.0,0.0,1
A2A2Z9,0.0,0.0,0.125,8
A2A3K4,0.0,0.0,0.0,5
A2A3N6,0.0,0.0,0.0,12
A2RRH5,0.0,0.0,0.0,8
A2RRP1,0.0,0.0,0.0,18
A2RTX5,0.0,0.0,0.0,3
A2RU49,0.0,0.0,0.0,3
A2RUB1,0.0,0.0,0.0,3
A2RUB6,0.0,0.0,0.0,5
A2RUR9,0.0,0.0,0.0,12
A2RUS2,0.0,0.0,0.0,7
A2VDF0,0.0,0.0,0.3333333333333333,3
A2VDJ0,0.0,0.0,0.0,10
A3KMH1,0.0,0.0,0.0,22
A3KN83,0.0,0.0,0.0,11
A4D0T7,0.0,0.0,0.0,2
A4D0V7,0.0,0.0,0.0,6
A4D1B5,0.0,0.0,0.0,6
A4D1P6,0.0,0.0,0.0,4
A4D1U4,0.0,0.0,0.0,5
A4D2P6,0.0,0.0,0.0,12
A4QPB2,0.0,0.0,0.0,1
A4UGR9,1.0,1.0,1.0,8
A5A3E0,0.0,0.0,0.0,8
A5D8W1,0.0,0.0,0.0,6
A5PL33,0.0,0.0,0.0,5
A5PLK6,0.0,0.0,0.0,3
A5PLN9,0.0,0.0,0.0,1
A5YKK6,0.0,0.0,0.0,32
A5YM72,0.0,0.0,0.0,7
A6NC57,0.0,0.0,0.0,3
A6NC97,0.0,0.0,0.0,4
A6NC98,0.0,0.0,0.0,15
A6NCE7,0.0,0.0,0.0,2
A6NCF5,0.0,0.0,0.0,5
A6NCK2,0.0,0.0,0.0,1
A6NCL7,0.0,0.0,0.0,2
A6ND36,0.0,0.0,0.0,6
A6NDG6,0.0,0.0,0.0,7
A6NDU8,0.0,0.0,0.0,5
A6NDV4,0.0,0.0,0.0,4
A6NEQ2,0.0,0.0,0.0,4
A6NES4,0.0,0.0,0.0,19
A6NF34,0.0,0.0,0.0,1
A6NFI3,0.0,0.0,0.0,3
A6NFQ2,0.0,0.0,0.0,8
A6NFX1,0.0,0.0,0.0,1
A6NFY4,0.0,0.0,0.0,4
A6NGB9,0.0,0.0,0.0,2
A6NGR9,0.0,0.0,0.0,6
A6NGW2,0.0,0.0,0.0,18
A6NHG4,0.0,0.0,0.0,1
A6NHR9,0.0,0.0,0.0,21
A6NHT5,0.0,0.0,0.0,1
A6NHX0,0.0,0.0,0.0,1
A6NHY2,0.0,0.0,0.0,4
A6NI28,0.0,0.0,0.0,4
A6NIE6,0.0,0.0,0.0,3
A6NIH7,0.0,0.0,0.0,1
A6NJ78,0.0,0.0,0.0,2
A6NJU9,0.0,0.0,0.0,12
A6NJZ3,0.0,0.0,0.0,1
A6NJZ7,0.0,0.0,0.0,13
A6NKD9,0.0,0.0,0.0,5
A6NKF1,0.0,0.0,0.0,3
A6NKT7,0.0,0.0,0.0,14
A6NMB9,0.0,0.0,0.0,3
A6NMY6,0.0,0.0,0.0,1
A6NN90,0.0,0.0,0.0,5
A6NND4,0.0,0.0,0.0,6
A6NNE9,0.0,0.0,0.0,1
A6NNP5,0.0,0.0,0.0,3
A6NNY8,0.0,0.0,0.0,3
A6QL63,0.0,0.0,0.0,7
A6XGL2,0.0,0.0,0.0,3
A6ZKI3,0.0,0.0,0.0,3
A7E2Y1,0.0,0.0,0.0,11
A7MCY6,0.0,0.0,0.0,2
A7XYQ1,0.0,0.0,0.0,3
A8CG34,0.0,0.0,0.0,5
A8K0Z3,0.0,0.0,0.0,9
A8K554,0.0,0.0,0.0,2
A8K8P3,0.0,0.0,0.0,8
A8K979,0.0,0.0,0.0,5
A8MPP1,0.0,0.0,0.0,9
A8MPS7,0.0,0.0,0.0,3
A8MQ27,0.0,0.0,0.0,2
A8MT70,0.0,0.0,0.0,2
A8MTJ3,0.0,0.0,0.0,3
A8MTT3,0.0,0.0,0.0,1
A8MV65,0.0,0.0,0.0,2
A8MVW0,0.0,0.0,0.0,5
A8MVX0,0.0,0.0,0.0,5
A8MW92,0.0,0.0,0.0,5
A8MWD9,0.0,0.0,1.0,1
A8MWX3,0.0,0.0,0.0,4
A8MWY0,0.0,0.0,0.0,3
A8MXV4,0.0,0.0,0.0,1
A8MYZ6,0.0,0.0,0.0,3
A8MZ36,0.0,0.0,0.0,2
A9UHW6,0.0,0.0,0.0,2
A9YTQ3,0.0,0.0,0.0,3
B0I1T2,0.0,0.0,0.0,11
B0YJ81,0.0,0.0,0.0,6
B1AJZ9,0.0,0.0,0.0,9
B1AK53,0.0,0.0,0.0,3
B1ANS9,0.0,0.0,0.0,3
B2RBV5,0.0,0.0,0.0,2
B2RNG4,0.0,0.0,0.0,6
B2RTY4,0.0,0.0,0.0,19
B2RXH8,0.0,0.0,0.0,5
B3EWG3,0.0,0.0,0.0,1
B3KW44,0.0,0.0,0.0,4
B4DEV8,0.0,0.0,0.0,1
B5MCY1,0.0,0.0,0.0,14
B5ME19,0.0,0.0,0.0,13
B6KJP5,1.0,1.0,1.0,11
B6KR25,0.0,0.0,0.0,10
B7Z2R2,0.0,0.0,0.0,1
B7ZAP0,0.0,0.0,0.0,3
B7ZAQ6,0.0,0.0,0.0,4
B7ZW38,0.0,0.0,0.0,4
B8ZZS2,0.0,0.0,0.0,4
B9PH46,0.0,0.0,0.0,1
B9PIS8,0.0,0.0,0.0,2
B9PK74,0.0,0.0,0.0,7
B9PNE7,0.0,0.0,0.0,4
B9PT01,0.0,0.0,0.0,1
B9PTM6,0.0,0.0,0.0,2
B9PUW8,0.0,0.0,0.0,3
B9Q1S5,0.0,0.0,0.0,5
B9Q2S1,0.0,0.0,0.0,5
B9QCZ2,0.0,0.0,0.0,14
B9QDT9,0.0,0.0,0.0,4
B9QFB9,1.0,1.0,1.0,11
B9QI15,0.0,0.0,0.0,2
B9QK09,0.0,0.0,0.0,10
B9QK32,1.0,1.0,1.0,8
B9QN40,1.0,1.0,1.0,11
C4AMC7,0.0,0.0,0.0,7
C4P0D6,0.0,0.0,0.0,4
C9J798,0.0,0.0,0.0,7
C9J7D4,0.0,0.0,1.0,1
C9JBF9,0.0,0.0,0.0,3
C9JI98,0.0,0.0,0.0,2
C9JJ37,0.0,0.0,0.0,2
C9JMY0,0.0,0.0,0.0,2
C9JRZ8,0.0,0.0,0.0,2
D6RB46,0.0,0.0,0.0,1
D6RBD7,0.0,0.0,0.0,3
D6REC4,0.0,0.0,0.0,2
D9J307,0.0,0.0,0.0,1
E0CX11,0.0,0.0,0.0,1
E5KLJ9,0.0,0.0,0.0,10
E5RFT4,0.0,0.0,0.0,1
E5RIU9,0.0,0.0,0.0,2
E7EMB1,0.0,0.0,0.0,4
E7ENF1,0.0,0.0,0.0,1
E7EW31,0.0,0.0,0.0,4
E9PAM5,0.0,0.0,0.0,1
E9PAV3,0.0,0.0,0.0,6
E9PLG4,0.0,0.0,0.0,1
E9PNK1,0.0,0.0,0.0,3
E9PQ53,0.0,0.0,0.0,2
F5H277,0.0,0.0,0.0,2
F5H5D3,0.0,0.0,0.0,3
F5H8R0,1.0,1.0,1.0,1
F5H8S6,1.0,1.0,1.0,6
F5HB40,1.0,1.0,1.0,2
F5HB41,1.0,1.0,1.0,1
F5HB52,1.0,1.0,1.0,2
F5HB53,1.0,1.0,1.0,6
F5HC16,1.0,1.0,1.0,2
F5HC33,1.0,1.0,1.0,3
F5HC79,1.0,1.0,1.0,7
F5HC97,1.0,1.0,1.0,2
F5HCM1,1.0,1.0,1.0,3
F5HCP3,1.0,1.0,1.0,2
F5HCU8,1.0,1.0,1.0,9
F5HDK1,1.0,1.0,1.0,3
F5HDQ6,1.0,1.0,1.0,8
F5HE69,1.0,1.0,1.0,5
F5HEA3,1.0,1.0,1.0,4
F5HEN8,1.0,1.0,1.0,7
F5HF35,1.0,1.0,1.0,1
F5HFH0,1.0,1.0,1.0,4
F5HFZ4,1.0,1.0,1.0,1
F5HG51,1.0,1.0,1.0,7
F5HG95,1.0,1.0,1.0,1
F5HGP1,1.0,1.0,1.0,2
F5HGT1,1.0,1.0,1.0,4
F5HH39,1.0,1.0,1.0,2
F6S8N6,0.0,0.0,0.0,3
F6TDL0,0.0,0.0,0.0,1
F7V998,1.0,1.0,1.0,2
F8VV91,0.0,0.0,1.0,1
F8WCM5,0.0,0.0,0.0,1
F8WF08,0.0,0.0,0.0,2
F9UTQ0,1.0,1.0,1.0,15
G3V441,0.0,0.0,1.0,1
G5E977,0.0,0.0,0.0,1
G9CGD6,0.0,0.0,0.0,3
H0Y354,0.0,0.0,0.0,2
H0Y4V9,1.0,1.0,1.0,1
H0Y5F5,1.0,1.0,1.0,5
H0Y9Y9,1.0,1.0,1.0,1
H0YAG0,1.0,1.0,1.0,1
H0YAW1,1.0,1.0,1.0,1
H0YC56,1.0,1.0,1.0,1
H0YCP9,1.0,1.0,1.0,1
H0YEK1,1.0,1.0,1.0,1
H0YH69,0.0,0.0,0.0,4
H0YI94,1.0,1.0,1.0,3
H0YIK4,1.0,1.0,1.0,2
H0YNE4,1.0,1.0,1.0,1
H3BP35,0.0,0.0,0.0,1
H3BQJ1,1.0,1.0,1.0,2
H3BQU2,0.0,0.0,0.0,2
H3BR37,1.0,1.0,1.0,1
H3BRU6,1.0,1.0,1.0,2
H3BV60,0.0,0.0,0.0,2
H3BVE0,0.0,0.0,0.0,1
H7BZ55,0.0,0.0,0.0,17
H7C0E7,1.0,1.0,1.0,1
H7C0U7,1.0,1.0,1.0,132
H7C0V5,0.0,0.0,0.0,2
H7C2C6,0.0,0.0,0.0,7
H7C3M7,0.0,0.0,0.0,2
H7C4G9,0.0,0.0,0.0,5
H7C525,1.0,1.0,1.0,3
I6L899,0.0,0.0,0.0,3
K7EIQ3,0.0,0.0,0.0,1
K7EM85,0.0,0.0,0.0,6
K7EMN7,0.0,0.0,0.0,1
K7ERW2,1.0,1.0,1.0,3
L0R6Q1,0.0,0.0,0.0,2
M0QZ01,0.0,0.0,0.0,1
M0QZD8,1.0,1.0,1.0,17
M0R1K2,0.0,0.0,0.0,1
M0R210,0.0,0.0,0.0,3
O00116,0.0,0.0,0.0,4
O00124,0.0,0.0,0.0,3
O00139,0.0,0.0,0.0,6
O00141,0.0,0.0,0.0,4
O00148,0.0,0.0,0.0,4
O00154,0.0,0.0,0.0,6
O00155,0.0,0.0,0.0,4
O00159,0.0,0.0,0.0,13
O00160,0.0,0.0,0.0,14
O00167,0.0,0.0,0.0,2
O00170,0.0,0.0,0.0,3
O00178,0.0,0.0,0.0,2
O00180,0.0,0.0,0.0,3
O00182,0.0,0.0,0.0,5
O00186,0.0,0.0,0.0,9
O00192,0.0,0.0,0.0,8
O00203,0.0,0.0,0.0,11
O00206,0.0,0.0,0.0,3
O00212,0.0,0.0,0.0,1
O00213,0.0,0.0,0.0,5
O00214,0.0,0.0,0.0,2
O00217,0.0,0.0,0.0,2
O00221,0.0,0.0,0.0,5
O00231,0.0,0.0,0.0,7
O00232,0.0,0.0,0.0,9
O00237,0.0,0.0,0.0,2
O00238,0.0,0.0,0.0,2
O00241,0.0,0.0,0.0,3
O00257,0.0,0.0,0.0,3
O00264,0.0,0.0,0.0,1
O00267,0.0,0.0,0.0,8
O00268,0.0,0.0,0.0,4
O00273,0.0,0.0,0.0,2
O00291,0.0,0.0,0.0,12
O00299,0.0,0.0,0.0,6
O00303,0.0,0.0,0.14285714285714285,7
O00305,0.0,0.0,0.0,3
O00308,0.0,0.0,0.0,5
O00311,0.0,0.0,0.0,4
O00329,0.0,0.0,0.0,12
O00339,0.0,0.0,0.0,8
O00391,0.0,0.0,0.0,8
O00400,0.0,0.0,0.0,4
O00401,0.0,0.0,0.0,3
O00408,0.0,0.0,0.0,12
O00410,0.0,0.0,0.0625,16
O00411,0.0,0.0,0.0,9
O00418,0.0,0.0,0.0,5
O00423,0.0,0.0,0.0,4
O00425,0.0,0.0,0.0,3
O00429,0.0,0.0,0.0,8
O00442,0.0,0.0,0.0,1
O00443,0.0,0.0,0.0,6
O00444,0.0,0.0,0.0,1
O00458,0.0,0.0,0.0,2
O00462,0.0,0.0,0.0,5
O00463,0.0,0.0,0.0,2
O00468,0.0,0.0,0.0,8
O00469,0.0,0.0,0.0,8
O00471,0.0,0.0,0.0,8
O00472,0.0,0.0,0.0,6
O00478,0.0,0.0,0.0,9
O00483,0.0,0.0,0.0,2
O00487,0.0,0.0,0.0,4
O00499,0.0,0.0,0.0,4
O00501,0.0,0.0,0.0,3
O00505,0.0,0.0,0.0,4
O00506,0.0,0.0,0.0,1
O00507,0.0,0.0,0.0,20
O00519,0.0,0.0,0.0,6
O00522,0.0,0.0,0.0,4
O00534,0.0,0.0,0.0,3
O00541,0.0,0.0,0.0,4
O00555,0.0,0.0,0.0,14
O00560,0.0,0.0,0.5,2
O00562,0.0,0.0,0.0,7
O00566,0.0,0.0,0.0,8
O00567,0.0,0.0,0.0,3
O00571,0.0,0.0,0.0,7
O00622,0.0,0.0,0.0,1
O00626,0.0,0.0,0.0,1
O00629,0.0,0.0,0.0,2
O00635,0.0,0.0,0.0,4
O00712,0.0,0.0,0.0,2
O00716,0.0,0.0,0.0,4
O00743,0.0,0.0,0.0,5
O00748,0.0,0.0,0.0,6
O00750,0.0,0.0,0.0,13
O00754,0.0,0.0,0.0,9
O00762,0.0,0.0,0.0,1
O00763,0.0,0.0,0.0,20
O00764,0.0,0.0,0.0,4
O00767,0.0,0.0,0.0,4
O14493,0.0,0.0,0.0,3
O14497,0.0,0.0,0.0,9
O14503,0.0,0.0,0.0,3
O14508,0.0,0.0,0.3333333333333333,3
O14511,0.0,0.0,0.0,1
O14512,0.0,0.0,0.0,2
O14513,0.0,0.0,0.0,7
O14514,0.0,0.0,0.0,9
O14519,0.0,0.0,0.0,1
O14520,0.0,0.0,0.0,3
O14521,0.0,0.0,0.0,3
O14522,0.0,0.0,0.0,9
O14524,0.0,0.0,0.0,3
O14525,0.0,0.0,0.0,5
O14526,0.0,0.0,0.0,3
O14530,0.0,0.0,0.0,3
O14544,0.0,0.0,0.0,2
O14545,0.0,0.0,0.0,4
O14548,0.0,0.0,0.0,1
O14556,0.0,0.0,0.0,4
O14559,0.0,0.0,0.0,2
O14561,0.0,0.0,0.0,1
O14569,0.0,0.0,0.0,1
O14578,0.0,0.0,0.0,22
O14579,0.0,0.0,0.0,2
O14607,0.0,0.0,0.0,4
O14617,0.0,0.0,0.0,16
O14618,0.0,0.0,0.0,3
O14641,0.0,0.0,0.0,3
O14646,0.0,0.0,0.0,5
O14647,0.0,0.0,0.0,11
O14649,0.0,0.0,0.0,3
O14653,0.0,0.0,0.0,2
O14654,0.0,0.0,0.0,2
O14656,0.0,0.0,0.0,3
O14657,0.0,0.0,0.0,4
O14662,0.0,0.0,0.0,3
O14672,0.0,0.0,0.0,4
O14678,0.0,0.0,0.0,6
O14681,0.0,0.0,0.0,3
O14682,0.0,0.0,0.0,6
O14683,0.0,0.0,0.0,2
O14684,0.0,0.0,0.5,2
O14686,1.0,1.0,1.0,22
O14709,0.0,0.0,0.0,2
O14715,0.0,0.0,0.0,13
O14717,0.0,0.0,0.0,1
O14727,0.0,0.0,0.0,5
O14730,0.0,0.0,0.0,4
O14733,0.0,0.0,0.0,6
O14735,0.0,0.0,0.0,3
O14737,0.0,0.0,0.0,1
O14744,0.0,0.0,0.0,6
O14745,0.0,0.0,0.0,2
O14746,0.0,0.0,0.0,8
O14753,0.0,0.0,0.5,2
O14756,0.0,0.0,0.0,2
O14757,0.0,0.0,0.0,3
O14763,0.0,0.0,0.0,5
O14772,0.0,0.0,0.0,2
O14773,0.0,0.0,0.0,4
O14775,0.0,0.0,0.0,2
O14776,0.0,0.0,0.0,4
O14777,0.0,0.0,0.0,10
O14782,0.0,0.0,0.0,4
O14786,0.0,0.0,0.0,4
O14787,0.0,0.0,0.0,13
O14791,0.0,0.0,0.0,8
O14795,0.0,0.0,0.0,12
O14802,0.0,0.0,0.0,15
O14817,0.0,0.0,0.0,3
O14818,0.0,0.0,0.0,1
O14829,0.0,0.0,0.0,4
O14832,0.0,0.0,0.0,3
O14836,0.0,0.0,0.0,1
O14841,0.0,0.0,0.0,8
O14863,0.0,0.0,0.0,3
O14879,0.0,0.0,0.0,4
O14880,0.0,0.0,0.0,1
O14896,0.0,0.0,0.0,3
O14908,0.0,0.0,0.0,3
O14917,0.0,0.0,0.0,10
O14920,0.0,0.0,0.0,7
O14924,0.0,0.0,0.0,4
O14926,0.0,0.0,0.0,2
O14929,0.0,0.0,0.0,4
O14931,0.0,0.0,0.0,1
O14936,0.0,0.0,0.0,9
O14939,0.0,0.0,0.0,9
O14944,0.0,0.0,0.0,1
O14950,0.0,0.0,0.0,1
O14957,0.0,0.0,0.0,1
O14964,0.0,0.0,0.0,4
O14965,0.0,0.0,0.0,2
O14972,0.0,0.0,0.0,4
O14974,0.0,0.0,0.0,5
O14975,0.0,0.0,0.0,3
O14976,0.0,0.0,0.0,6
O14977,0.0,0.0,0.0,9
O14979,0.0,0.0,0.0,4
O14980,0.0,0.0,0.0,16
O14981,0.0,0.0,0.0,19
O14983,0.0,0.0,0.0,17
O14986,0.0,0.0,0.0,6
O15013,0.0,0.0,0.0,4
O15014,0.0,0.0,0.0,4
O15015,0.0,0.0,0.0,4
O15016,0.0,0.0,0.14285714285714285,7
O15018,1.0,1.0,1.0,9
O15020,0.0,0.0,0.0,24
O15021,0.0,0.0,0.0,3
O15027,0.0,0.0,0.0,11
O15031,0.0,0.0,0.0,16
O15033,0.0,0.0,0.0,9
O15034,0.0,0.0,0.0,3
O15040,0.0,0.0,0.0,4
O15042,0.0,0.0,0.0,9
O15047,0.0,0.0,0.0,5
O15050,1.0,1.0,1.0,17
O15054,0.0,0.0,0.0,6
O15055,0.0,0.0,0.0,8
O15056,0.0,0.0,0.0,5
O15060,0.0,0.0,0.0,7
O15061,0.0,0.0,0.0,4
O15062,0.0,0.0,0.0,4
O15063,0.0,0.0,0.0,5
O15066,0.0,0.0,0.0,4
O15067,0.0,0.0,0.0,8
O15068,0.0,0.0,0.0,7
O15069,0.0,0.0,0.0,6
O15078,0.0,0.0,0.0,19
O15079,0.0,0.0,0.0,3
O15083,0.0,0.0,0.0,8
O15084,0.0,0.0,0.0,4
O15085,0.0,0.0,0.0,3
O15091,0.0,0.0,0.0,4
O15111,0.0,0.0,0.0,12
O15118,0.0,0.0,0.0,8
O15119,0.0,0.0,0.0,6
O15121,0.0,0.0,0.0,4
O15126,0.0,0.0,0.0,1
O15127,0.0,0.0,0.0,6
O15131,0.0,0.0,0.0,7
O15143,0.0,0.0,0.0,2
O15144,0.0,0.0,0.0,4
O15145,0.0,0.0,0.0,4
O15156,0.0,0.0,0.0,2
O15160,0.0,0.0,0.0,5
O15162,0.0,0.0,0.0,1
O15164,0.0,0.0,0.0,10
O15169,0.0,0.0,0.0,3
O15173,0.0,0.0,0.0,1
O15211,0.0,0.0,0.0,6
O15212,0.0,0.0,0.0,3
O15213,0.0,0.0,0.0,4
O15217,0.0,0.0,0.0,6
O15218,0.0,0.0,0.0,3
O15226,0.0,0.0,0.0,5
O15228,0.0,0.0,0.0,7
O15229,0.0,0.0,0.0,4
O15230,1.0,1.0,1.0,21
O15235,0.0,0.0,0.0,3
O15239,0.0,0.0,0.0,1
O15240,0.0,0.0,0.0,4
O15244,0.0,0.0,0.0,3
O15254,0.0,0.0,0.0,5
O15258,0.0,0.0,0.0,2
O15259,0.0,0.0,0.0,2
O15260,0.0,0.0,0.0,1
O15266,0.0,0.0,0.0,3
O15269,0.0,0.0,0.0,3
O15270,0.0,0.0,0.0,6
O15287,0.0,0.0,0.0,6
O15294,0.0,0.0,0.0,13
O15297,0.0,0.0,0.0,4
O15321,0.0,0.0,0.0,3
O15327,0.0,0.0,0.0,4
O15344,0.0,0.0,0.0,2
O15355,0.0,0.0,0.0,2
O15357,0.0,0.0,0.0,10
O15360,0.0,0.0,0.0,19
O15371,0.0,0.0,0.0,2
O15372,0.0,0.0,0.0,6
O15379,0.0,0.0,0.0,4
O15381,0.0,0.0,0.0,5
O15382,0.0,0.0,0.0,3
O15391,0.0,0.0,0.0,1
O15394,0.0,0.0,0.0,6
O15397,0.0,0.0,0.0,13
O15399,0.0,0.0,0.0,5
O15403,0.0,0.0,0.0,1
O15409,0.0,0.0,0.0,4
O15417,1.0,1.0,1.0,8
O15427,0.0,0.0,0.0,4
O15432,0.0,0.0,0.0,3
O15438,0.0,0.0,0.0,11
O15439,0.0,0.0,0.0,21
O15440,0.0,0.0,0.0,13
O15442,0.0,0.0,0.0,3
O15460,0.0,0.0,0.0,2
O15479,0.0,0.0,0.0,2
O15481,0.0,0.0,0.0,1
O15482,0.0,0.0,0.0,5
O15488,0.0,0.0,0.0,4
O15498,0.0,0.0,0.0,2
O15499,0.0,0.0,0.0,1
O15503,0.0,0.0,0.0,2
O15504,0.0,0.0,0.0,2
O15514,0.0,0.0,0.0,2
O15516,0.0,0.0,0.0,5
O15519,0.0,0.14285714285714285,0.0,7
O15523,0.0,0.0,0.0,2
O15527,0.0,0.0,0.0,2
O15530,0.0,0.0,0.0,4
O15533,0.0,0.0,0.0,6
O15534,0.0,0.0,0.0,8
O15539,0.0,0.0,0.0,3
O15547,0.0,0.0,0.0,2
O15550,0.0,0.0,0.0,8
O15552,0.0,0.0,0.0,4
O15553,0.0,0.0,0.0,3
O15554,0.0,0.0,0.0,7
O43143,0.0,0.0,0.0,10
O43147,0.0,0.0,0.0,10
O43148,0.0,0.0,0.0,2
O43149,1.0,1.0,1.0,19
O43150,0.0,0.0,0.0,4
O43151,0.0,0.0,0.0,7
O43156,0.0,0.0,0.0,17
O43157,0.0,0.0,0.0,10
O43159,0.0,0.0,0.0,3
O43164,0.0,0.0,0.0,7
O43166,0.0,0.0,0.0,7
O43169,0.0,0.0,0.0,2
O43172,0.0,0.0,0.0,1
O43175,0.0,0.0,0.0,6
O43181,0.0,0.0,0.0,1
O43187,0.0,0.0,0.0,6
O43194,0.0,0.0,0.0,2
O43196,0.0,0.0,0.0,7
O43236,1.0,1.0,1.0,4
O43237,0.0,0.0,0.0,9
O43242,0.0,0.0,0.0,13
O43251,0.0,0.0,0.0,3
O43252,0.0,0.0,0.0,7
O43255,0.0,0.0,0.0,2
O43264,0.0,0.0,0.0,13
O43286,0.0,0.0,0.0,2
O43290,0.0,0.0,0.0,3
O43292,0.0,0.0,0.0,9
O43293,0.0,0.0,0.0,3
O43295,0.0,0.0,0.0,14
O43296,0.0,0.0,0.0,1
O43299,0.0,0.0,0.0,13
O43301,0.0,0.0,0.0,3
O43303,0.0,0.0,0.0,10
O43306,0.0,0.0,0.0,9
O43307,0.0,0.0,0.0,4
O43310,0.0,0.0,0.0,5
O43312,0.0,0.0,0.0,2
O43313,0.0,0.0,0.0,2
O43314,0.0,0.0,0.0,7
O43324,0.0,0.0,0.0,3
O43325,0.0,0.0,0.0,1
O43353,0.0,0.0,0.0,7
O43361,0.0,0.0,0.0,1
O43374,0.0,0.0,0.0,7
O43379,0.0,0.0,0.0,7
O43390,0.0,0.0,0.0,4
O43395,0.0,0.0,0.0,9
O43396,0.0,0.0,0.0,1
O43399,0.0,0.0,0.0,2
O43402,0.0,0.0,0.0,2
O43405,0.0,0.0,0.0,5
O43414,0.0,0.0,0.0,7
O43422,0.0,0.0,0.0,8
O43424,0.0,0.0,0.0,9
O43426,0.0,0.0,0.0,7
O43427,0.0,0.0,0.0,8
O43432,0.0,0.0,0.0,14
O43439,0.0,0.0,0.0,3
O43451,1.0,1.0,1.0,14
O43462,0.0,0.0,0.0,8
O43463,0.0,0.0,0.0,2
O43464,0.0,0.0,0.0,2
O43482,0.0,0.0,0.0,3
O43491,0.0,0.0,0.0,3
O43502,0.0,0.0,0.0,3
O43504,0.0,0.0,0.0,2
O43511,0.0,0.0,0.0,11
O43513,0.0,0.0,0.0,1
O43521,0.0,0.0,0.0,1
O43529,0.0,0.0,0.0,1
O43541,0.0,0.0,0.0,1
O43542,0.0,0.0,0.0,1
O43548,0.0,0.0,0.0,7
O43556,0.0,0.0,0.0,1
O43557,0.0,0.0,0.0,4
O43566,0.0,0.0,0.0,6
O43567,0.0,0.3333333333333333,0.0,3
O43570,0.0,0.0,0.0,2
O43572,0.0,0.0,0.0,3
O43592,0.0,0.0,0.0,14
O43593,0.0,0.0,0.0,4
O43598,0.0,0.0,0.0,2
O43615,0.0,0.0,0.0,5
O43617,0.0,0.0,0.0,4
O43633,0.0,0.0,0.0,2
O43657,0.0,0.0,0.0,3
O43660,0.0,0.0,0.0,3
O43663,0.0,0.0,0.0,2
O43665,0.0,0.0,0.0,3
O43674,0.0,0.0,0.0,2
O43676,0.0,0.0,0.0,1
O43677,0.0,0.0,0.0,1
O43678,0.0,0.0,0.0,1
O43681,0.0,0.0,0.0,5
O43683,0.0,0.0,0.0,14
O43684,0.0,0.0,0.0,3
O43707,0.0,0.0,0.0,6
O43709,0.0,0.0,0.0,2
O43716,0.0,0.0,0.0,1
O43719,0.0,0.0,0.0,2
O43731,0.0,0.0,0.0,5
O43736,0.0,0.0,0.0,4
O43741,0.0,0.0,0.0,3
O43747,0.0,0.0,0.0,11
O43752,0.0,0.0,0.0,3
O43760,0.0,0.0,0.0,2
O43765,0.0,0.0,0.0,3
O43768,0.0,0.0,0.0,2
O43772,0.0,0.0,0.3333333333333333,3
O43776,0.0,0.0,0.0,3
O43781,0.0,0.0,0.0,1
O43790,0.0,0.0,0.0,4
O43791,0.0,0.0,0.0,4
O43795,0.0,0.0,0.0,18
O43805,0.0,0.0,0.0,4
O43808,0.0,0.0,0.0,7
O43809,0.0,0.0,0.0,2
O43813,0.0,0.0,0.0,5
O43818,0.0,0.0,0.0,3
O43819,0.0,0.0,0.0,2
O43820,0.0,0.0,0.0,3
O43823,0.0,0.0,0.0,3
O43824,0.0,0.0,0.0,5
O43826,0.0,0.0,0.0,2
O43847,0.0,0.0,0.0,12
O43852,0.0,0.0,0.0,1
O43861,0.0,0.0,0.0,10
O43865,0.0,0.0,0.0,8
O43868,0.0,0.0,0.0,1
O43889,0.0,0.0,0.0,2
O43896,0.0,0.0,0.0,5
O43909,0.0,0.0,0.0,5
O43913,0.0,0.0,0.0,5
O43916,0.0,0.0,0.0,2
O43929,0.0,0.0,0.0,4
O43930,0.0,0.0,0.0,3
O43933,0.0,0.0,0.0,6
O43934,0.0,0.0,0.0,5
O60216,0.0,0.0,0.0,6
O60229,1.0,1.0,1.0,31
O60231,0.0,0.0,0.0,6
O60232,0.0,0.0,0.0,2
O60234,0.0,0.0,0.0,3
O60237,0.0,0.0,0.0,5
O60238,0.0,0.0,0.0,1
O60239,0.0,0.0,0.0,3
O60240,0.0,0.0,0.0,7
O60241,0.0,0.0,0.0,7
O60242,0.0,0.0,0.0,7
O60243,0.0,0.0,0.0,1
O60244,0.0,0.0,0.0,13
O60256,0.0,0.0,0.0,3
O60264,0.0,0.0,0.0,8
O60266,0.0,0.0,0.0,10
O60271,0.0,0.0,0.0,12
O60281,1.0,1.0,1.0,17
O60282,0.0,0.0,0.0,11
O60284,0.0,0.0,0.0,6
O60285,0.0,0.0,0.0,2
O60287,0.0,0.0,0.0,55
O60291,0.0,0.0,0.0,4
O60292,0.0,0.0,0.0,8
O60293,0.0,0.0,0.0,10
O60294,0.0,0.0,0.0,10
O60296,0.0,0.0,0.0,5
O60303,0.0,0.0,0.0,8
O60306,0.0,0.0,0.0,20
O60307,0.0,0.0,0.0,5
O60308,0.0,0.0,0.0,7
O60312,0.0,0.0,0.0,12
O60313,0.0,0.0,0.0,9
O60315,0.0,0.0,0.0,7
O60318,0.0,0.0,0.0,16
O60330,0.0,0.0,0.0,6
O60331,0.0,0.0,0.0,7
O60333,0.0,0.0,0.0,11
O60336,0.0,0.0,0.0,9
O60337,0.0,0.0,0.0,9
O60341,0.0,0.0,0.0,17
O60343,0.0,0.0,0.0,8
O60346,0.0,0.0,0.0,15
O60347,0.0,0.0,0.0,7
O60353,0.0,0.0,0.0,6
O60381,0.0,0.0,0.0,3
O60391,0.0,0.0,0.0,9
O60427,0.0,0.0,0.0,6
O60437,0.0,0.0,0.0,12
O60443,0.0,0.0,0.0,7
O60447,0.0,0.0,0.0,11
O60449,0.0,0.0,0.0,7
O60476,0.0,0.0,0.0,5
O60479,0.0,0.0,0.0,2
O60481,0.0,0.0,0.0,1
O60486,0.0,0.0,0.0,13
O60488,0.0,0.0,0.0,5
O60493,0.0,0.0,0.0,1
O60494,1.0,1.0,1.0,7
O60496,0.0,0.0,0.0,1
O60499,0.0,0.0,0.0,2
O60502,0.0,0.0,0.0,14
O60506,0.0,0.0,0.0,5
O60507,0.0,0.0,0.0,2
O60508,0.0,0.0,0.0,4
O60518,0.0,0.0,0.05263157894736842,19
O60524,0.0,0.0,0.0,9
O60547,0.0,0.0,0.0,4
O60551,0.0,0.0,0.0,1
O60563,0.0,0.0,0.0,7
O60566,0.0,0.0,0.0,11
O60568,0.0,0.0,0.0,8
O60573,0.0,0.0,0.0,2
O60583,0.0,0.0,0.0,7
O60595,0.0,0.0,0.0,4
O60603,0.0,0.0,0.0,8
O60610,0.0,0.0,0.0,13
O60637,0.0,0.0,0.0,4
O60645,0.0,0.0,0.0,7
O60658,0.0,0.0,0.0,3
O60662,0.0,0.0,0.0,6
O60664,0.0,0.0,0.0,5
O60667,0.0,0.0,0.0,2
O60669,0.0,0.0,0.0,4
O60671,0.0,0.0,0.0,1
O60673,1.0,1.0,1.0,20
O60674,0.0,0.0,0.0,14
O60678,0.0,0.0,0.0,6
O60682,0.0,0.0,0.0,2
O60684,0.0,0.0,0.0,10
O60687,0.0,0.0,0.0,2
O60688,0.0,0.0,0.0,3
O60701,0.0,0.0,0.0,6
O60704,0.0,0.0,0.0,3
O60706,0.0,0.0,0.0,16
O60711,0.0,0.0,0.0,3
O60716,0.0,0.0,0.0,9
O60725,0.0,0.0,0.0,2
O60733,0.0,0.0,0.0,6
O60749,0.0,0.0,0.16666666666666666,6
O60759,0.0,0.0,0.0,4
O60763,0.0,0.0,0.0,10
O60765,0.0,0.0,0.0,1
O60779,0.0,0.0,0.0,2
O60783,0.0,0.0,0.0,1
O60784,0.0,0.0,0.0,4
O60806,0.0,0.0,0.0,2
O60811,0.0,0.0,0.0,1
O60812,0.0,0.0,0.0,5
O60814,0.0,0.0,0.0,2
O60826,0.0,0.0,0.1111111111111111,9
O60830,0.0,0.0,0.0,2
O60831,0.0,0.0,0.0,2
O60832,0.0,0.0,0.0,3
O60841,0.0,0.0,0.0,5
O60858,0.0,0.0,0.0,2
O60869,0.0,0.0,0.0,2
O60870,0.0,0.0,0.0,5
O60879,0.0,0.0,0.0,6
O60884,0.0,0.0,0.0,4
O60885,0.0,0.0,0.0,4
O60888,0.0,0.0,0.0,5
O60890,0.0,0.0,0.0,4
O60895,0.0,0.0,0.0,2
O60906,0.0,0.0,0.0,6
O60907,0.0,0.0,0.0,3
O60911,0.0,0.0,0.0,3
O60925,0.0,0.0,0.0,1
O60927,0.0,0.0,0.0,1
O60931,0.0,0.0,0.0,7
O60934,0.0,0.0,0.0,4
O60941,0.0,0.0,0.0,6
O60942,0.0,0.0,0.0,6
O75023,0.0,0.0,0.0,3
O75027,0.0,0.0,0.0,9
O75030,0.0,0.0,0.0,2
O75031,0.0,0.0,0.0,6
O75037,0.0,0.0,0.0,5
O75038,0.0,0.0,0.0,5
O75044,0.0,0.0,0.0,11
O75051,0.0,0.0,0.0,16
O75054,0.0,0.0,0.0,6
O75061,0.0,0.0,0.0,4
O75063,0.0,0.0,0.0,4
O75071,0.0,0.0,0.0,4
O75072,0.0,0.0,0.0,7
O75074,0.0,0.0,0.0,2
O75081,0.0,0.0,0.0,3
O75083,0.0,0.0,0.0,6
O75094,0.0,0.0,0.0,14
O75110,0.0,0.0,0.0,5
O75113,0.0,0.0,0.0,9
O75116,0.0,0.0,0.0,16
O75122,0.0,0.0,0.0,8
O75128,0.0,0.0,0.0,7
O75129,0.0,0.0,0.0,7
O75131,0.0,0.0,0.0,6
O75132,0.0,0.0,0.0,11
O75140,0.0,0.0,0.0,9
O75143,0.0,0.0,0.0,5
O75145,0.0,0.0,0.0,10
O75146,0.0,0.0,0.0,9
O75147,0.0,0.0,0.0,7
O75150,0.0,0.0,0.0,9
O75151,0.0,0.0,0.0,5
O75153,0.0,0.0,0.0,15
O75154,0.0,0.0,0.0,12
O75155,0.0,0.0,0.0,18
O75157,0.0,0.0,0.0,4
O75161,0.0,0.0,0.0,12
O75164,0.0,0.0,0.0,1
O75165,0.0,0.0,0.0,22
O75170,0.0,0.0,0.0,4
O75175,0.0,0.0,0.0,5
O75177,0.0,0.0,0.0,3
O75179,0.0,0.0,0.0,17
O75182,0.0,0.0,0.0,4
O75190,0.0,0.0,0.0,1
O75191,0.0,0.0,0.0,4
O75192,0.0,0.0,0.0,2
O75197,0.0,0.0,0.0,9
O75204,0.0,0.0,0.0,2
O75223,0.0,0.0,0.0,1
O75251,0.0,0.0,0.0,4
O75264,0.0,0.0,0.0,2
O75293,0.0,0.0,0.0,3
O75298,0.0,0.0,0.0,5
O75306,0.0,0.0,0.0,9
O75310,0.0,0.0,0.0,3
O75311,0.0,0.0,0.0,4
O75312,0.0,0.0,0.0,3
O75323,0.0,0.0,0.0,1
O75325,0.0,0.0,0.0,3
O75326,0.0,0.0,0.0,2
O75330,0.0,0.0,0.0,8
O75339,0.0,0.0,0.0,5
O75340,0.0,0.0,0.0,2
O75344,0.0,0.0,0.0,1
O75347,0.0,0.0,0.5,2
O75348,0.0,0.0,0.0,2
O75351,0.0,0.0,0.0,6
O75352,0.0,0.0,0.0,6
O75354,0.0,0.0,0.0,2
O75362,0.0,0.0,0.0,7
O75365,0.0,0.0,0.0,1
O75367,0.0,0.0,0.0,5
O75369,0.0,0.0,0.0,10
O75376,0.0,0.0,0.0,7
O75379,0.0,0.0,0.0,2
O75381,0.0,0.0,0.0,3
O75382,0.0,0.0,0.0,5
O75385,0.0,0.0,0.0,9
O75386,0.0,0.0,0.0,6
O75390,0.0,0.0,0.0,5
O75391,0.0,0.0,0.0,2
O75394,0.0,0.0,0.0,1
O75396,0.0,0.0,0.0,5
O75398,0.0,0.0,0.0,4
O75400,0.0,0.0,0.0,9
O75417,0.0,0.0,0.0,11
O75419,0.0,0.0,0.0,8
O75420,0.0,0.0,0.0,6
O75427,0.0,0.0,0.0,2
O75431,0.0,0.0,0.0,3
O75436,0.0,0.0,0.0,2
O75439,0.0,0.0,0.0,8
O75443,0.0,0.0,0.0,8
O75444,0.0,0.0,0.0,3
O75446,0.0,0.0,0.0,1
O75448,0.0,0.0,0.0,14
O75449,0.0,0.0,0.0,5
O75460,0.0,0.0,0.0,5
O75461,0.0,0.0,0.0,5
O75467,0.0,0.0,0.0,3
O75475,0.0,0.0,0.0,2
O75477,0.0,0.0,0.0,4
O75478,0.0,0.0,0.0,3
O75487,0.0,0.0,0.0,2
O75489,0.0,0.0,0.0,1
O75493,0.0,0.0,0.0,2
O75494,0.0,0.0,0.0,1
O75496,0.0,0.0,0.0,1
O75506,0.0,0.0,0.0,2
O75509,0.0,0.0,0.0,5
O75526,0.0,0.0,0.0,1
O75529,0.0,0.0,0.0,5
O75533,0.0,0.0,0.0,28
O75534,0.0,0.0,0.0,4
O75554,0.0,0.0,0.0,1
O75558,0.0,0.0,0.0,1
O75563,0.0,0.0,0.0,2
O75575,0.0,0.0,0.0,3
O75581,0.0,0.0,0.0,5
O75582,0.0,0.0,0.0,4
O75586,0.0,0.0,0.0,1
O75592,1.0,1.0,1.0,28
O75616,0.0,0.0,0.0,4
O75618,0.0,0.0,0.0,2
O75626,0.0,0.0,0.0,2
O75635,0.0,0.0,0.0,1
O75643,0.0,0.0,0.0,21
O75648,0.0,0.0,0.0,3
O75663,0.0,0.0,0.0,6
O75665,0.0,0.0,0.0,7
O75674,0.0,0.0,0.0,2
O75676,0.0,0.0,0.0,3
O75683,0.0,0.0,0.0,2
O75691,1.0,1.0,1.0,26
O75694,0.0,0.0,0.0,27
O75695,0.0,0.0,0.0,2
O75716,0.0,0.0,0.0,3
O75717,0.0,0.0,0.0,6
O75718,0.0,0.0,0.0,3
O75746,0.0,0.0,0.0,4
O75751,0.0,0.0,0.0,4
O75762,0.0,0.0,0.0,11
O75781,0.0,0.0,0.0,3
O75787,0.0,0.0,0.0,4
O75792,0.0,0.0,0.0,4
O75794,0.0,0.0,0.0,6
O75795,0.0,0.0,0.0,4
O75800,0.0,0.0,0.0,5
O75807,0.0,0.0,0.0,2
O75808,0.0,0.0,0.0,6
O75815,0.0,0.0,0.0,9
O75818,0.0,0.0,0.0,2
O75820,0.0,0.0,0.0,1
O75821,0.0,0.0,0.0,2
O75822,0.0,0.0,0.0,1
O75829,0.0,0.0,0.0,3
O75830,0.0,0.0,0.0,2
O75838,0.0,0.0,1.0,1
O75843,0.0,0.0,0.0,10
O75844,0.0,0.0,0.0,4
O75845,0.0,0.0,0.0,5
O75865,0.0,0.0,0.0,1
O75874,0.0,0.0,0.0,3
O75879,0.0,0.0,0.0,6
O75881,0.0,0.0,0.0,9
O75882,0.0,0.0,0.0,7
O75886,0.0,0.0,0.0,7
O75891,0.0,0.0,0.0,6
O75899,0.0,0.0,0.0,5
O75907,0.0,0.0,0.0,8
O75911,0.0,0.0,0.0,2
O75912,0.0,0.0,0.0,5
O75914,0.0,0.0,0.0,5
O75915,0.0,0.0,0.0,4
O75916,0.0,0.0,0.0,3
O75923,0.0,0.0,0.0,10
O75925,0.0,0.0,0.0,6
O75928,0.0,0.0,0.0,3
O75934,0.0,0.0,0.0,2
O75935,0.0,0.0,0.0,5
O75937,0.0,0.0,0.0,2
O75940,0.0,0.0,0.0,3
O75943,0.0,0.0,0.0,2
O75947,0.0,0.0,0.0,3
O75955,0.0,0.0,0.0,7
O75962,1.0,1.0,1.0,25
O75964,0.0,0.0,0.0,4
O75970,0.0,0.0,0.0,13
O75971,0.0,0.0,0.0,1
O75976,0.0,0.0,0.0,8
O75995,0.0,0.0,0.0,4
O76002,0.0,0.0,0.0,2
O76003,0.0,0.0,0.0,3
O76013,0.0,0.0,0.0,2
O76021,0.0,0.0,0.0,2
O76024,0.0,0.0,0.0,9
O76031,0.0,0.0,0.0,3
O76062,0.0,0.0,0.0,4
O76071,0.0,0.0,0.0,3
O76074,0.0,0.0,0.0,2
O76075,0.0,0.0,0.0,4
O76080,0.0,0.0,1.0,1
O76081,0.0,0.0,0.0,2
O76094,0.0,0.0,0.0,5
O94759,0.0,0.0,0.0,12
O94762,0.0,0.0,0.0,2
O94768,0.0,0.0,0.0,4
O94776,0.0,0.0,0.0,4
O94782,0.0,0.0,0.0,6
O94804,0.0,0.0,0.0,7
O94805,0.0,0.0,0.0,3
O94806,0.0,0.0,0.0,7
O94808,0.0,0.0,0.0,12
O94812,0.0,0.0,0.0,9
O94813,0.0,0.0,0.0,12
O94819,0.0,0.0,0.0,5
O94822,0.0,0.0,0.0,27
O94823,0.0,0.0,0.0,11
O94826,0.0,0.0,0.0,5
O94827,0.0,0.0,0.0,7
O94829,0.0,0.0,0.0,17
O94830,0.0,0.0,0.0,3
O94832,0.0,0.0,0.0,10
O94842,0.0,0.0,0.0,3
O94844,0.0,0.0,0.0,6
O94851,0.0,0.0,0.0,8
O94855,0.0,0.0,0.0,8
O94856,0.0,0.0,0.0,3
O94868,0.0,0.0,0.0,9
O94874,0.0,0.0,0.0,8
O94876,0.0,0.0,0.0,8
O94885,0.0,0.0,0.0,3
O94887,0.0,0.0,0.0,7
O94888,0.0,0.0,0.0,3
O94889,0.0,0.0,0.0,8
O94892,0.0,0.0,0.0,3
O94898,0.0,0.0,0.0,5
O94900,0.0,0.0,0.0,1
O94901,0.0,0.0,0.0,4
O94903,0.0,0.0,0.0,3
O94905,0.0,0.0,0.0,3
O94906,0.0,0.0,0.0,9
O94910,0.0,0.0,0.0,12
O94913,0.0,0.0,0.0,8
O94915,1.0,1.0,1.0,44
O94916,0.0,0.0,0.0,4
O94919,0.0,0.0,0.0,7
O94921,0.0,0.0,0.0,3
O94925,0.0,0.0,0.0,2
O94927,0.0,0.0,0.0,6
O94929,0.0,0.0,0.0,3
O94952,0.0,0.0,0.0,11
O94953,0.0,0.0,0.0,3
O94955,0.0,0.0,0.0,4
O94964,0.0,0.0,0.0,12
O94966,0.0,0.0,0.0,9
O94967,0.0,0.0,0.0,2
O94972,0.0,0.0,0.0,7
O94973,0.0,0.0,0.0,6
O94979,0.0,0.0,0.0,14
O94983,0.0,0.0,0.0,7
O94985,0.0,0.0,0.0,11
O94986,0.0,0.0,0.0,10
O94989,0.0,0.0,0.0,8
O94991,0.0,0.0,0.0,8
O94992,0.0,0.0,0.0,2
O95007,0.0,0.0,0.0,6
O95067,0.0,0.0,0.0,7
O95070,0.0,0.0,0.0,3
O95071,1.0,1.0,1.0,27
O95072,0.0,0.0,0.0,6
O95073,0.0,0.0,0.0,4
O95081,0.0,0.0,0.0,4
O95084,0.0,0.0,0.0,2
O95104,0.0,0.0,0.0,5
O95125,0.0,0.0,0.0,2
O95139,0.0,0.0,0.0,1
O95140,0.0,0.0,0.0,9
O95147,0.0,0.0,0.0,3
O95153,0.0,0.0,0.0,6
O95155,0.0,0.0,0.0,14
O95159,0.0,0.0,0.0,2
O95163,0.0,0.0,0.0,16
O95166,0.0,0.0,0.3333333333333333,3
O95167,0.0,0.0,0.0,2
O95168,0.0,0.0,0.0,1
O95169,0.0,0.0,0.0,1
O95180,0.0,0.0,0.0,15
O95197,0.0,0.0,0.0,4
O95198,0.0,0.0,0.0,9
O95199,0.0,0.0,0.0,3
O95202,0.0,0.0,0.0,6
O95206,0.0,0.0,0.0,4
O95208,0.0,0.0,0.0,3
O95210,0.0,0.0,0.0,1
O95219,0.0,0.0,0.0,4
O95229,0.0,0.0,0.0,4
O95232,0.0,0.0,0.0,5
O95235,0.0,0.0,0.0,7
O95236,0.0,0.0,0.0,6
O95239,0.0,0.0,0.0,9
O95243,0.0,0.0,0.0,2
O95248,0.0,0.0,0.0,11
O95249,0.0,0.0,0.0,6
O95251,0.0,0.0,0.0,2
O95255,0.0,0.0,0.0,15
O95260,0.0,0.0,0.0,3
O95267,0.0,0.0,0.0,6
O95271,0.0,0.0,0.0,5
O95273,0.0,0.0,0.0,5
O95279,0.0,0.0,0.0,8
O95295,0.0,0.0,0.0,3
O95298,0.0,0.0,0.0,3
O95299,0.0,0.0,0.0,5
O95302,0.0,0.0,0.0,2
O95319,0.0,0.0,0.0,2
O95336,0.0,0.0,0.0,3
O95340,0.0,0.0,0.0,9
O95342,0.0,0.0,0.0,4
O95347,0.0,0.0,0.0,13
O95352,0.0,0.0,0.0,5
O95359,1.0,1.0,1.0,8
O95361,0.0,0.0,0.0,3
O95363,0.0,0.0,0.0,1
O95365,0.0,0.0,0.0,3
O95372,0.0,0.0,1.0,1
O95373,0.0,0.0,0.0,13
O95376,0.0,0.0,0.0,3
O95379,0.0,0.0,0.0,2
O95382,0.0,0.0,0.0,14
O95390,0.0,0.0,0.0,1
O95391,0.0,0.0,0.0,6
O95394,0.0,0.0,0.0,6
O95395,0.0,0.0,0.0,3
O95396,0.0,0.0,0.0,4
O95397,0.0,0.0,0.0,2
O95398,0.0,0.0,0.0,8
O95400,0.0,0.0,0.0,2
O95402,0.0,0.0,0.0,1
O95405,0.0,0.0,0.0,9
O95409,0.0,0.0,0.0,3
O95425,0.0,0.0,0.0,11
O95427,0.0,0.0,0.0,5
O95428,0.0,0.0,0.0,6
O95433,0.0,0.0,0.0,2
O95450,0.0,0.0,0.0,8
O95453,0.0,0.0,0.0,5
O95455,0.0,0.0,0.0,3
O95456,0.0,0.0,0.0,3
O95466,0.0,0.0,0.0,8
O95470,0.0,0.0,0.0,8
O95473,0.0,0.0,0.0,3
O95476,0.0,0.0,0.0,2
O95477,0.0,0.0,0.0,17
O95479,0.0,0.0,0.0,7
O95486,0.0,0.0,0.0,15
O95487,0.0,0.0,0.0,6
O95490,0.0,0.0,0.0,6
O95502,0.0,0.0,0.0,4
O95503,0.0,0.0,0.0,3
O95528,0.0,0.0,0.0,5
O95544,0.0,0.0,0.0,5
O95551,0.0,0.0,0.0,2
O95562,0.0,0.0,0.0,1
O95563,0.0,0.0,0.0,5
O95573,0.0,0.0,0.0,7
O95600,0.0,0.0,0.0,3
O95602,0.0,0.0,0.0,11
O95613,1.0,1.0,1.0,24
O95619,0.0,0.0,0.0,2
O95625,0.0,0.0,0.0,6
O95628,0.0,0.0,0.0,4
O95630,0.0,0.0,0.0,5
O95644,0.0,0.0,0.0,7
O95671,0.0,0.0,0.0,4
O95677,0.0,0.0,0.0,4
O95678,0.0,0.0,0.0,4
O95696,0.0,0.0,0.0,7
O95707,0.0,0.0,0.0,3
O95714,1.0,1.0,1.0,43
O95718,0.0,0.0,0.0,5
O95721,0.0,0.0,0.0,3
O95747,0.0,0.0,0.0,3
O95749,0.0,0.0,0.0,1
O95751,0.0,0.0,0.0,2
O95757,0.0,0.0,0.0,6
O95758,0.0,0.0,0.0,4
O95759,0.0,0.0,0.0,9
O95777,0.0,0.0,0.0,2
O95782,0.0,0.0,0.0,7
O95785,0.0,0.0,0.0,6
O95786,0.0,0.0,0.0,6
O95789,0.0,0.0,0.0,12
O95793,0.0,0.0,0.0,3
O95803,0.0,0.0,0.0,8
O95807,0.0,0.0,0.0,1
O95810,0.0,0.0,0.0,6
O95816,0.0,0.0,0.0,4
O95817,0.0,0.0,0.0,2
O95819,0.0,0.0,0.0,8
O95822,0.0,0.0,0.0,3
O95825,0.0,0.0,0.0,6
O95831,0.0,0.0,0.0,4
O95833,0.0,0.0,0.0,5
O95834,0.0,0.0,0.0,2
O95835,0.0,0.0,0.0,4
O95848,0.0,0.0,0.0,1
O95857,0.0,0.0,0.0,1
O95858,0.0,0.0,0.0,7
O95861,0.0,0.0,0.0,5
O95864,0.0,0.0,0.0,9
O95870,0.0,0.0,0.0,5
O95876,0.0,0.0,0.0,8
O95886,0.0,0.0,0.0,2
O95897,0.0,0.0,0.0,3
O95905,0.0,0.0,0.0,7
O95907,0.0,0.0,0.0,6
O95922,0.0,0.0,0.0,6
O95931,0.0,0.0,0.0,3
O95932,0.0,0.0,0.0,5
O95935,0.0,0.0,0.0,3
O95947,0.0,0.0,0.0,3
O95977,0.0,0.0,0.0,7
O95983,0.0,0.0,0.0,3
O95985,0.0,0.0,0.0,4
O95995,0.0,0.0,0.0,3
O95996,0.0,0.0,0.0,9
O95997,0.0,0.0,0.0,2
O95999,0.0,0.0,0.0,3
O96000,0.0,0.0,0.0,2
O96005,0.0,0.0,0.0,11
O96006,0.0,0.0,0.0,5
O96008,0.0,0.0,0.0,6
O96009,0.0,0.0,0.0,3
O96011,0.0,0.0,0.0,3
O96013,0.0,0.0,0.0,2
O96015,0.0,0.0,0.0,1
O96017,0.0,0.0,0.0,1
O96018,0.0,0.0,0.0,4
O96019,0.0,0.0,0.0,8
O96020,0.0,0.0,0.0,6
P00156,0.0,0.0,0.0,4
P00167,0.0,0.0,0.0,2
P00325,0.0,0.0,0.0,2
P00326,0.0,0.0,0.0,3
P00338,0.0,0.0,0.0,6
P00367,0.0,0.0,0.0,4
P00374,0.0,0.0,0.0,1
P00387,0.0,0.0,0.0,2
P00390,0.0,0.0,0.0,4
P00395,0.0,0.0,0.0,7
P00403,0.0,0.0,0.0,5
P00414,0.0,0.0,0.0,2
P00451,0.0,0.0,0.0,16
P00488,0.0,0.0,0.0,2
P00491,0.0,0.0,0.0,3
P00505,0.0,0.0,0.0,2
P00519,0.0,0.0,0.0,3
P00533,0.0,0.0,0.0,3
P00558,0.0,0.0,0.0,9
P00736,0.0,0.0,0.0,6
P00738,0.0,0.0,0.0,4
P00739,0.0,0.0,0.0,6
P00746,0.0,0.0,0.0,5
P00747,0.0,0.0,0.0,1
P00750,0.0,0.0,0.0,1
P00751,0.0,0.0,0.0,6
P00797,0.0,0.0,0.0,3
P00813,0.0,0.0,0.0,3
P00846,0.0,0.0,0.0,5
P00918,0.0,0.0,0.0,4
P00966,0.0,0.0,0.0,7
P01019,0.0,0.0,0.0,5
P01024,0.0,0.0,0.0,11
P01031,0.0,0.0,0.0,12
P01033,0.0,0.0,0.0,2
P01106,0.0,0.0,0.0,6
P01130,0.0,0.0,0.0,5
P01137,0.0,0.0,0.0,4
P01266,1.0,1.0,1.0,12
P01308,0.0,0.0,0.0,2
P01584,0.0,0.0,0.0,2
P01721,0.0,0.0,0.0,1
P01730,0.0,0.0,0.0,3
P01834,0.0,0.0,0.0,2
P01857,0.0,0.0,0.0,2
P01859,0.0,0.0,0.0,2
P01889,0.0,0.0,0.0,4
P01893,0.0,0.0,0.0,3
P01903,0.0,0.0,0.0,3
P01906,0.0,0.0,0.0,5
P01909,0.0,0.2,0.0,5
P01911,0.0,0.0,0.0,1
P01920,0.0,0.0,0.0,3
P01966,0.0,0.0,0.0,3
P02008,0.0,0.0,0.0,2
P02042,0.0,0.0,0.0,1
P02144,0.0,0.0,0.0,2
P02461,0.0,0.0,0.0,3
P02462,0.0,0.0,0.0,2
P02511,0.0,0.0,0.0,1
P02533,0.0,0.0,0.0,4
P02538,0.0,0.0,0.0,4
P02545,0.0,0.0,0.0,6
P02649,0.0,0.0,0.0,2
P02652,0.0,0.0,0.0,1
P02655,0.0,0.0,0.0,4
P02671,0.0,0.0,0.0,2
P02679,0.0,0.0,0.0,2
P02730,0.0,0.0,0.0,10
P02741,0.0,0.0,0.0,2
P02746,0.0,0.0,1.0,1
P02748,0.0,0.0,0.0,5
P02751,0.0,0.0,0.0,18
P02765,0.0,0.0,0.0,2
P02768,0.0,0.0,0.0,6
P02786,0.0,0.0,0.0,5
P02787,0.0,0.0,0.0,3
P02792,0.0,0.0,0.0,5
P02794,0.0,0.0,0.0,1
P03129,1.0,1.0,1.0,3
P03135,1.0,1.0,1.0,2
P03428,1.0,1.0,1.0,1
P03431,1.0,1.0,1.0,4
P03433,1.0,1.0,1.0,6
P03452,1.0,1.0,1.0,2
P03460,1.0,1.0,1.0,6
P03468,1.0,1.0,1.0,2
P03485,1.0,1.0,1.0,3
P03489,1.0,1.0,1.0,2
P03496,1.0,1.0,1.0,1
P03502,1.0,1.0,1.0,2
P03511,1.0,1.0,1.0,3
P03891,0.0,0.0,0.0,5
P03901,0.0,0.0,0.0,2
P03905,0.0,0.0,0.0,7
P03923,0.0,0.0,0.0,2
P03928,0.0,0.0,0.0,2
P03951,0.0,0.0,0.2,5
P04003,0.0,0.0,0.0,2
P04035,0.0,0.0,0.0,11
P04049,0.0,0.0,0.0,4
P04053,0.0,0.0,0.0,4
P04062,0.0,0.0,0.0,4
P04066,0.0,0.0,0.0,3
P04075,0.0,0.0,0.0,7
P04083,0.0,0.0,0.0,1
P04085,0.0,0.0,0.0,2
P04114,1.0,1.0,1.0,43
P04150,0.0,0.0,0.0,8
P04156,0.0,0.0,0.0,2
P04179,0.0,0.0,0.0,3
P04183,0.0,0.0,0.0,1
P04201,0.0,0.0,0.0,3
P04233,0.0,0.0,0.0,3
P04234,0.0,0.0,0.0,3
P04264,0.0,0.0,0.0,1
P04271,0.0,0.0,0.0,1
P04275,1.0,1.0,1.0,10
P04297,1.0,1.0,1.0,5
P04298,1.0,1.0,1.0,9
P04300,1.0,1.0,1.0,2
P04312,1.0,1.0,1.0,2
P04318,1.0,1.0,1.0,5
P04350,0.0,0.0,0.0,1
P04406,0.0,0.0,0.0,12
P04424,0.0,0.0,0.0,2
P04439,0.0,0.0,0.0,2
P04626,0.0,0.0,0.0,5
P04632,0.0,0.0,0.0,5
P04637,0.0,0.0,0.0,3
P04665,1.0,1.0,1.0,2
P04792,0.0,0.0,0.0,2
P04798,0.0,0.2,0.0,5
P04818,0.0,0.0,0.0,4
P04839,0.0,0.0,0.0,6
P04843,0.0,0.0,0.0,11
P04844,0.0,0.0,0.0,10
P04899,0.0,0.0,0.0,4
P04908,0.0,0.0,0.0,6
P04920,0.0,0.0,0.0,8
P05023,0.0,0.0,0.0,12
P05026,0.0,0.0,0.0,1
P05060,0.0,0.0,0.0,3
P05062,0.0,0.0,0.0,3
P05067,0.0,0.0,0.0,4
P05089,0.0,0.0,0.0,1
P05106,0.0,0.0,0.0,6
P05107,0.0,0.125,0.0,8
P05109,0.0,1.0,0.0,1
P05120,0.0,0.0,0.0,6
P05121,0.0,0.0,0.0,4
P05129,0.0,0.0,0.0,4
P05141,0.0,0.0,0.0,3
P05154,0.0,0.0,0.0,3
P05155,0.0,0.0,0.0,4
P05156,0.0,0.0,0.0,2
P05161,0.0,0.0,0.0,4
P05164,0.0,0.0,0.0,5
P05165,0.0,0.0,0.0,9
P05166,0.0,0.0,0.0,6
P05177,0.0,0.0,0.0,2
P05181,0.0,0.0,0.0,6
P05186,0.0,0.25,0.0,4
P05198,0.0,0.0,0.0,4
P05231,0.0,0.0,0.0,4
P05362,0.0,0.0,0.0,2
P05386,0.0,0.0,0.0,1
P05387,0.0,0.0,0.0,3
P05388,0.0,0.0,0.0,9
P05412,0.0,0.0,0.0,3
P05455,0.0,0.0,0.0,4
P05496,0.0,0.0,0.0,1
P05538,0.0,0.0,0.0,3
P05543,0.0,0.0,0.0,4
P05549,0.0,0.0,0.0,3
P05556,0.0,0.0,0.0,4
P05771,0.0,0.0,0.0,6
P05783,0.0,0.0,0.0,5
P05787,0.0,0.0,0.0,4
P05814,0.0,0.0,0.0,8
P06132,0.0,0.0,0.0,3
P06213,0.0,0.0,0.0,8
P06239,0.0,0.0,0.0,2
P06241,0.0,0.0,0.0,4
P06276,0.0,0.0,0.0,4
P06396,0.0,0.0,0.0,4
P06400,0.0,0.0,0.0,7
P06401,0.0,0.0,0.0,3
P06440,1.0,1.0,1.0,5
P06493,0.0,0.0,0.0,7
P06576,0.0,0.0,0.0,10
P06681,0.0,0.0,0.0,8
P06703,0.0,0.0,0.0,1
P06727,0.0,0.0,0.0,5
P06730,0.0,0.0,0.0,1
P06731,0.0,0.0,0.0,2
P06733,0.0,0.0,0.0,6
P06734,0.0,0.0,0.0,2
P06737,0.0,0.0,0.0,12
P06744,0.0,0.0,0.0,5
P06746,0.0,0.0,0.0,3
P06748,0.0,0.0,0.0,2
P06753,0.0,0.0,0.0,2
P06756,0.0,0.0,0.0,6
P06856,1.0,1.0,1.0,4
P06865,0.0,0.0,0.0,5
P06899,0.0,0.0,0.0,2
P06935,1.0,1.0,1.0,16
P07099,0.0,0.0,0.0,5
P07101,0.0,0.0,0.0,5
P07195,0.0,0.0,0.0,11
P07196,0.0,0.0,0.0,7
P07199,0.0,0.0,0.0,5
P07202,0.0,0.0,0.0,7
P07205,0.0,0.0,0.0,4
P07225,0.0,0.0,0.0,5
P07237,0.0,0.0,0.0,6
P07240,1.0,1.0,1.0,3
P07332,0.0,0.0,0.0,5
P07333,0.0,0.0,0.0,6
P07339,0.0,0.0,0.0,5
P07355,0.0,0.0,0.0,1
P07359,0.0,0.0,0.0,4
P07384,0.0,0.0,0.0,6
P07392,1.0,1.0,1.0,9
P07437,0.0,0.0,0.0,2
P07602,0.0,0.0,0.0,13
P07611,1.0,1.0,1.0,2
P07614,1.0,1.0,1.0,2
P07686,0.0,0.0,0.0,10
P07737,0.0,0.0,0.0,3
P07738,0.0,0.0,0.0,4
P07814,0.0,0.0,0.0,12
P07832,1.0,1.0,1.0,2
P07900,0.0,0.0,0.0,6
P07902,0.0,0.0,0.0,2
P07910,0.0,0.0,0.0,3
P07919,0.0,0.0,0.0,1
P07942,0.0,0.0,0.0,16
P07947,0.0,0.0,0.0,6
P07948,0.0,0.0,0.0,4
P07949,0.0,0.0,0.0,7
P07954,0.0,0.0,0.0,8
P07988,0.0,0.0,0.0,3
P07992,0.0,0.0,0.0,2
P07996,0.0,0.0,0.0,5
P08047,0.0,0.0,0.0,12
P08069,0.0,0.0,0.0,4
P08133,0.0,0.0,0.0,2
P08174,0.0,0.0,0.0,2
P08183,0.0,0.0,0.0,15
P08195,0.0,0.0,0.25,4
P08236,0.0,0.0,0.0,8
P08237,0.0,0.0,0.0,2
P08238,0.0,0.0,0.0,9
P08240,0.0,0.0,0.0,9
P08243,0.0,0.0,0.0,9
P08246,0.0,0.0,0.0,4
P08294,0.0,0.0,0.0,1
P08311,0.0,0.0,0.3333333333333333,3
P08567,0.0,0.0,0.0,3
P08571,0.0,0.0,0.0,3
P08574,0.0,0.0,0.0,6
P08575,0.0,0.0,0.0,7
P08579,0.0,0.0,0.0,3
P08581,0.0,0.0,0.0,11
P08582,0.0,0.0,0.0,5
P08621,0.0,0.0,0.0,2
P08631,0.0,0.0,0.0,2
P08648,0.0,0.0,0.0,5
P08651,0.0,0.0,0.0,2
P08670,0.0,0.0,0.0,11
P08697,0.0,0.0,0.0,5
P08708,0.0,0.0,0.0,3
P08709,0.0,0.0,0.0,2
P08727,0.0,0.0,0.0,4
P08729,0.0,0.0,0.0,7
P08754,0.0,0.0,0.0,3
P08779,0.0,0.0,0.0,6
P08842,0.0,0.0,0.0,5
P08910,0.0,0.0,0.0,4
P08922,0.0,0.0,0.0,15
P08F94,1.0,1.0,1.0,31
P09001,0.0,0.0,0.0,2
P09012,0.0,0.0,0.0,3
P09086,0.0,0.0,0.0,1
P09104,0.0,0.0,0.0,3
P09105,0.0,0.0,0.0,3
P09110,0.0,0.0,0.0,2
P09131,0.0,0.0,0.0,12
P09132,0.0,0.0,0.0,1
P09210,0.0,0.0,0.0,4
P09211,0.0,0.0,0.0,1
P09228,0.0,0.0,0.0,1
P09234,0.0,0.0,0.0,3
P09326,0.0,0.0,0.0,1
P09382,0.0,0.0,0.0,1
P09488,0.0,0.0,0.0,3
P09564,0.0,0.0,0.0,2
P09601,0.0,0.0,0.0,4
P09603,0.0,0.0,0.0,3
P09619,0.0,0.0,0.0,9
P09651,0.0,0.0,0.0,2
P09661,0.0,0.0,0.0,1
P09668,0.0,0.0,0.0,3
P09769,0.0,0.0,0.0,2
P09871,0.0,0.0,0.0,4
P09874,0.0,0.0,0.0,11
P09884,0.0,0.0,0.0,13
P09912,0.0,0.0,0.0,2
P09913,0.0,0.0,0.0,9
P09914,0.0,0.0,0.0,5
P09917,0.0,0.0,0.0,6
P09923,0.0,0.0,0.0,4
P09936,0.0,0.0,0.0,3
P09958,0.0,0.0,0.0,5
P09960,0.0,0.0,0.0,3
P09972,0.0,0.0,0.0,3
P0C024,0.0,0.0,0.0,4
P0C0L4,0.0,0.0,0.0,9
P0C0S5,0.0,0.0,0.0,1
P0C0S8,0.0,0.0,0.0,4
P0C1Z6,0.0,0.0,0.0,3
P0C221,0.0,0.0,0.0,9
P0C5Y9,0.0,0.0,0.0,2
P0C5Z0,0.0,0.0,0.0,2
P0C645,0.0,0.0,0.0,4
P0C7M8,0.0,0.0,0.0,1
P0C7P3,0.0,0.0,0.0,3
P0C7P4,0.0,0.0,0.0,2
P0C7T4,0.0,0.0,0.0,1
P0C7U0,0.0,0.0,0.0,2
P0C7V4,0.0,0.0,0.0,1
P0C860,0.0,0.0,0.0,4
P0C870,0.0,0.0,0.0,5
P0C874,0.0,0.0,0.0,8
P0CF75,0.0,0.0,0.0,4
P0CG12,0.0,0.0,0.0,1
P0CG13,0.0,0.0,0.0,1
P0CG23,0.0,0.0,0.0,4
P0CG38,0.0,0.0,0.0,5
P0CG40,0.0,0.0,0.0,3
P0CG47,0.0,0.0,0.0,6
P0CG48,0.0,0.0,0.0,6
P0CK96,0.0,0.0,0.0,5
P0CL83,0.0,0.0,0.0,2
P0CL85,0.0,0.0,0.0,1
P0CW18,0.0,0.0,0.0,5
P0DI81,0.0,0.0,0.0,1
P0DJD0,0.0,0.0,0.0,12
P0DJD1,0.0,0.0,0.0,8
P0DJI9,0.0,0.0,0.0,2
P0DJJ0,0.0,0.0,0.0,7
P0DMP2,0.0,0.0,0.0,6
P0DMS8,0.0,0.0,0.0,2
P0DMU9,0.0,0.0,0.0,1
P0DMV8,0.0,0.0,0.0,15
P0DMW4,0.0,0.0,0.0,1
P0DO97,0.0,0.0,0.0,3
P0DP23,0.0,0.0,0.0,1
P0DPB6,0.0,0.0,0.0,3
P0DPD7,0.0,0.0,0.0,1
P0DPD8,0.0,0.0,0.0,2
P0DPF3,0.0,0.0,0.0,8
P0DPH7,0.0,0.0,0.0,5
P0DPI2,0.0,0.0,0.0,1
P0DTC5,1.0,1.0,1.0,2
P0DTD1,1.0,1.0,1.0,56
P0DTL5,0.0,0.0,0.0,2
P0DTL6,0.0,0.0,0.0,3
P0DTU3,0.0,0.0,0.0,1
P0DTU4,0.0,0.0,0.0,3
P10071,0.0,0.0,0.0,5
P10073,0.0,0.0,0.0,3
P10124,0.0,0.0,0.0,1
P10145,0.0,0.0,0.0,1
P10147,0.0,0.0,0.5,2
P10153,0.0,0.0,0.0,1
P10155,0.0,0.0,0.0,5
P10176,0.0,0.0,0.0,2
P10242,0.0,0.0,0.0,6
P10243,0.0,0.0,0.0,4
P10244,0.0,0.0,0.0,3
P10253,0.0,0.0,0.0,9
P10275,0.0,0.0,0.0,7
P10276,0.0,0.0,0.0,1
P10301,0.0,0.0,0.0,3
P10321,0.0,0.0,0.0,4
P10398,0.0,0.0,0.0,2
P10412,0.0,0.0,0.0,2
P10415,0.0,0.0,0.0,1
P10515,0.0,0.0,0.0,5
P10586,0.0,0.0,0.0,10
P10588,0.0,0.0,0.0,1
P10589,0.0,0.0,0.0,3
P10606,0.0,0.0,0.0,1
P10619,0.0,0.0,0.0,2
P10620,0.0,0.0,0.5,2
P10643,0.0,0.0,0.0,2
P10644,0.0,0.0,0.0,9
P10645,0.0,0.0,0.0,2
P10646,0.0,0.0,0.0,2
P10745,0.0,0.0,0.0,12
P10747,0.0,0.0,0.0,1
P10768,0.0,0.0,0.0,3
P10809,0.0,0.0,0.0,15
P10826,0.0,0.0,0.0,2
P10909,0.0,0.0,0.0,3
P10911,0.0,0.0,0.0,10
P10914,0.0,0.0,0.0,3
P11021,0.0,0.0,0.0,8
P11047,0.0,0.0,0.0,5
P11049,0.0,0.0,0.0,3
P11117,0.0,0.0,0.0,3
P11137,0.0,0.0,0.0,14
P11142,0.0,0.0,0.0,9
P11166,0.0,0.0,0.0,4
P11171,0.0,0.0,0.0,1
P11172,0.0,0.0,0.0,7
P11177,0.0,0.0,0.0,3
P11215,0.0,0.0,0.0,5
P11216,0.0,0.0,0.0,4
P11217,0.0,0.0,0.0,6
P11230,0.0,0.0,0.0,3
P11258,1.0,1.0,1.0,1
P11274,0.0,0.0,0.0,8
P11277,0.0,0.0,0.0,10
P11279,0.0,0.0,0.0,2
P11308,0.0,0.0,0.0,3
P11309,0.0,1.0,0.0,1
P11310,0.0,0.0,0.0,3
P11362,0.0,0.0,0.0,2
P11387,0.0,0.0,0.0,8
P11388,0.0,0.0,0.0,14
P11413,0.0,0.0,0.0,4
P11441,0.0,0.0,0.0,2
P11498,0.0,0.0,0.0,10
P11511,0.0,0.0,0.0,5
P11532,1.0,1.0,1.0,27
P11586,0.0,0.0,0.0,18
P11597,0.0,0.0,0.0,4
P11678,0.0,0.0,0.0,3
P11684,0.0,0.0,0.0,2
P11717,0.0,0.0,0.0,12
P11766,0.0,0.0,0.0,1
P11802,0.0,0.0,0.0,2
P11831,0.0,0.0,0.0,4
P11836,0.0,0.0,0.0,5
P11908,0.0,0.0,0.0,3
P11926,0.0,0.0,0.0,3
P11940,0.0,0.0,0.0,11
P12004,0.0,0.0,0.0,6
P12036,0.0,0.0,0.0,2
P12074,0.0,0.0,0.0,2
P12081,0.0,0.0,0.0,8
P12109,0.0,0.0,0.0,6
P12110,0.0,0.0,0.0,9
P12111,1.0,1.0,1.0,36
P12235,0.0,0.0,0.0,5
P12236,0.0,0.0,0.0,5
P12259,0.0,0.0,0.0,7
P12268,0.0,0.0,0.0,3
P12270,0.0,0.0,0.0,23
P12272,0.0,0.0,0.0,2
P12277,0.0,0.0,0.0,1
P12314,0.0,0.0,0.0,1
P12318,0.0,0.0,0.0,3
P12429,0.0,0.0,0.0,1
P12532,0.0,0.0,0.0,2
P12643,0.0,0.0,0.0,3
P12755,0.0,0.0,0.0,2
P12757,0.0,0.0,0.0,5
P12814,0.0,0.0,0.0,4
P12821,0.0,0.0,0.0,4
P12883,0.0,0.0,0.0,9
P12923,1.0,1.0,1.0,3
P12926,1.0,1.0,1.0,2
P12927,1.0,1.0,1.0,7
P12931,0.0,0.0,0.0,4
P12955,0.0,0.0,0.0,5
P12956,0.0,0.0,0.0,14
P12980,0.0,0.0,0.0,5
P13010,0.0,0.0,0.0,11
P13051,0.0,0.0,0.0,3
P13056,0.0,0.0,0.0,4
P13073,0.0,0.5,0.0,2
P13164,0.0,0.0,0.0,3
P13196,0.0,0.0,0.0,4
P13284,0.0,0.0,0.0,8
P13285,1.0,1.0,1.0,2
P13378,0.0,0.0,0.0,1
P13473,0.0,0.0,0.0,3
P13489,0.0,0.0,0.0,5
P13498,0.0,0.0,0.0,2
P13535,0.0,0.0,0.0,8
P13569,0.0,0.0,0.0,11
P13598,0.0,0.0,0.0,5
P13611,1.0,1.0,1.0,20
P13612,0.0,0.0,0.0,3
P13631,0.0,0.0,0.0,3
P13637,0.0,0.0,0.0,9
P13639,0.0,0.0,0.058823529411764705,17
P13645,0.0,0.0,0.0,3
P13647,0.0,0.0,0.0,5
P13667,0.0,0.0,0.0,3
P13674,0.0,0.0,0.0,3
P13716,0.0,0.0,0.0,1
P13747,0.0,0.125,0.0,8
P13762,0.0,0.0,0.0,1
P13765,0.0,0.0,0.0,4
P13796,0.0,0.0,0.0,4
P13797,0.0,0.0,0.0,4
P13798,0.0,0.0,0.0,3
P13804,0.0,0.0,0.0,4
P13807,0.0,0.0,0.0,6
P13861,0.0,0.0,0.0,2
P13866,0.0,0.0,0.0,8
P13929,0.0,0.0,0.0,3
P13942,0.0,0.0,0.0,2
P13987,0.0,0.0,0.0,2
P13994,0.0,0.0,0.0,2
P13995,0.0,0.0,0.0,5
P14136,0.0,0.0,0.0,3
P14174,0.0,0.0,0.0,1
P14222,0.0,0.0,0.0,2
P14317,0.0,0.0,0.0,1
P14324,0.0,0.0,0.0,5
P14373,0.0,0.0,0.0,6
P14384,0.0,0.0,0.0,3
P14406,0.0,0.0,0.0,1
P14543,0.0,0.0,0.0,4
P14550,0.0,0.0,0.0,3
P14598,0.0,0.0,0.0,2
P14618,0.0,0.0,0.0,4
P14625,0.0,0.0,0.0,9
P14635,0.0,0.0,0.08333333333333333,12
P14651,0.0,0.0,0.0,1
P14672,0.0,0.0,0.0,7
P14678,0.0,0.0,0.0,4
P14679,0.0,0.0,0.0,5
P14735,0.0,0.0,0.0,8
P14770,0.0,0.0,0.0,2
P14778,0.0,0.0,0.0,6
P14859,0.0,0.0,0.0,1
P14866,0.0,0.0,0.0,6
P14868,0.0,0.0,0.0,3
P14902,0.0,0.0,0.0,6
P14921,0.0,0.0,0.0,3
P14923,0.0,0.0,0.0,12
P14927,0.0,0.0,0.0,1
P15018,0.0,0.0,0.0,2
P15036,0.0,0.0,0.0,3
P15056,0.0,0.0,0.0,5
P15058,1.0,1.0,1.0,5
P15059,1.0,1.0,1.0,4
P15085,0.0,0.0,0.0,4
P15104,0.0,0.0,0.0,5
P15121,0.0,0.0,0.0,1
P15151,0.0,0.0,0.0,4
P15153,0.0,0.0,0.0,3
P15169,0.0,0.0,0.0,6
P15170,0.0,0.0,0.0,4
P15260,0.0,0.0,0.0,6
P15289,0.0,0.0,0.0,2
P15291,0.0,0.0,0.0,4
P15309,0.0,0.0,0.0,3
P15311,0.0,0.0,0.0,2
P15374,0.0,0.0,0.0,2
P15391,0.0,0.0,0.0,1
P15408,0.0,0.0,0.0,3
P15498,0.0,0.0,0.0,2
P15509,0.0,0.0,0.0,2
P15514,0.0,0.0,0.0,2
P15531,0.0,0.0,0.0,4
P15538,0.0,0.0,0.0,5
P15559,0.0,0.0,0.0,2
P15586,0.0,0.0,0.0,3
P15735,0.0,0.0,0.0,4
P15814,0.0,0.0,0.0,1
P15822,1.0,1.0,1.0,12
P15848,0.0,0.0,0.0,2
P15880,0.0,0.0,0.0,2
P15884,0.0,0.0,0.0,2
P15907,0.0,0.0,0.0,5
P15923,0.0,0.0,0.0,4
P15924,1.0,1.0,1.0,17
P15927,0.0,0.0,0.0,1
P15941,0.0,0.0,0.0,4
P15954,0.0,0.0,0.0,1
P16050,0.0,0.0,0.0,8
P16066,0.0,0.0,0.0,5
P16104,0.0,0.0,0.0,5
P16112,0.0,0.0,0.0,8
P16118,0.0,0.0,0.0,6
P16144,0.0,0.0,0.0,9
P16152,0.0,0.0,0.0,1
P16157,0.0,0.0,0.0,13
P16219,0.0,0.0,0.0,2
P16220,0.0,0.0,0.0,3
P16272,1.0,1.0,1.0,11
P16278,0.0,0.0,0.0,4
P16284,0.0,0.0,0.0,6
P16298,0.0,0.0,0.0,4
P16333,0.0,0.0,0.0,3
P16383,0.0,0.0,0.0,3
P16389,0.0,0.0,0.0,1
P16402,0.0,0.0,0.0,2
P16403,0.0,0.0,0.0,2
P16435,0.0,0.0,0.0,3
P16444,0.0,0.0,0.0,2
P16455,0.0,0.0,0.0,2
P16519,0.0,0.0,0.0,3
P16520,0.0,0.0,0.0,3
P16615,0.0,0.0,0.0,12
P16619,0.0,0.0,1.0,1
P16714,1.0,1.0,1.0,6
P16870,0.0,0.0,0.0,5
P16885,0.0,0.0,0.0,14
P16930,0.0,0.0,0.0,4
P16949,0.0,0.0,0.0,2
P16989,0.0,0.0,0.0,1
P17021,0.0,0.0,0.0,2
P17026,0.0,0.0,0.0,1
P17027,0.0,0.0,0.0,2
P17029,0.0,0.0,0.0,3
P17040,0.0,0.0,0.0,3
P17050,0.0,0.25,0.0,4
P17066,0.0,0.0,0.0,5
P17097,0.0,0.0,0.0,1
P17098,0.0,0.0,0.3333333333333333,3
P17174,0.0,0.0,0.0,3
P17181,0.0,0.0,0.0,3
P17252,0.0,0.0,0.0,7
P17275,0.0,0.0,0.0,4
P17301,0.0,0.0,0.0,4
P17302,0.0,0.0,0.0,3
P17367,1.0,1.0,1.0,2
P17368,1.0,1.0,1.0,3
P17370,1.0,1.0,1.0,2
P17371,1.0,1.0,1.0,5
P17372,1.0,1.0,1.0,2
P17480,0.0,0.0,0.0,4
P17535,0.0,0.0,0.0,4
P17568,0.0,0.0,0.0,1
P17600,0.0,0.0,0.0,1
P17612,0.0,0.0,0.0,2
P17655,0.0,0.0,0.0,6
P17661,0.0,0.0,0.0,5
P17676,0.0,0.0,0.0,2
P17693,0.0,0.0,0.0,1
P17706,0.0,0.0,1.0,1
P17707,0.0,0.0,0.0,2
P17735,0.0,0.0,0.0,4
P17763,1.0,1.0,1.0,14
P17812,0.0,0.0,0.0,3
P17813,0.0,0.0,0.0,8
P17844,0.0,0.0,0.0,9
P17858,0.0,0.0,0.0,5
P17861,0.0,0.0,0.0,2
P17900,0.0,0.0,0.0,2
P17927,0.0,0.0,0.0,9
P17931,0.0,0.0,0.0,3
P17980,0.0,0.0,0.0,4
P17987,0.0,0.0,0.0,6
P18054,0.0,0.0,0.0,10
P18074,0.0,0.0,0.0,10
P18077,0.0,0.0,0.0,2
P18084,0.0,0.0,0.0,7
P18085,0.0,0.0,0.0,2
P18124,0.0,0.0,0.0,4
P18206,0.0,0.0,0.0,12
P18378,1.0,1.0,1.0,1
P18428,0.0,0.0,0.0,6
P18433,0.0,0.0,0.0,4
P18583,0.0,0.0,0.0,17
P18621,0.0,0.0,0.0,1
P18669,0.0,0.0,0.0,1
P18754,0.0,0.0,0.0,5
P18825,0.0,0.0,0.0,3
P18846,0.0,0.0,0.0,2
P18847,0.0,0.0,0.0,1
P18848,0.0,0.0,0.0,4
P18850,0.0,0.0,0.0,9
P18858,0.0,0.0,0.0,12
P18859,0.0,0.0,0.0,1
P18887,0.0,0.0,0.2,5
P19012,0.0,0.0,0.0,3
P19021,0.0,0.0,0.0,6
P19022,0.0,0.0,0.0,8
P19086,0.0,0.0,0.0,3
P19105,0.0,0.0,0.0,2
P19174,0.0,0.0,0.0,10
P19237,0.0,0.0,0.0,2
P19256,0.0,0.0,0.0,2
P19320,0.0,0.0,0.0,3
P19338,0.0,0.0,0.0,4
P19367,0.0,0.0,0.0,7
P19387,0.0,0.0,0.0,2
P19388,0.0,0.0,0.0,1
P19397,0.0,0.0,0.0,6
P19440,0.0,0.0,0.0,7
P19447,0.0,0.0,0.0,5
P19474,0.0,0.0,0.0,3
P19484,0.0,0.0,0.0,2
P19525,0.0,0.0,0.0,5
P19544,0.0,0.0,0.0,4
P19623,0.0,0.0,0.0,1
P19634,0.0,0.0,0.0,11
P19784,0.0,0.0,0.0,2
P19793,0.0,0.0,0.0,4
P19801,0.0,0.0,0.0,5
P19823,0.0,0.0,0.0,3
P19838,0.0,0.0,0.0,6
P19876,0.0,0.0,0.0,1
P19878,0.0,0.0,0.0,4
P19971,0.0,0.0,0.0,7
P20020,0.0,0.0,0.0,6
P20023,0.0,0.0,0.0,3
P20036,0.0,0.0,0.0,4
P20042,0.0,0.0,0.0,2
P20132,0.0,0.0,0.0,5
P20155,0.0,0.0,0.0,1
P20226,0.0,0.0,0.0,4
P20231,0.0,0.0,0.0,4
P20248,0.0,0.0,0.0,7
P20273,0.0,0.0,0.0,4
P20290,0.0,0.0,0.0,4
P20333,0.0,0.0,0.0,1
P20393,0.0,0.0,0.0,6
P20585,0.0,0.0,0.0,13
P20591,0.0,0.0,0.0,9
P20592,0.0,0.0,0.0,7
P20594,0.0,0.0,0.0,9
P20636,1.0,1.0,1.0,5
P20674,0.0,0.0,0.0,1
P20700,0.0,0.0,0.0,10
P20701,0.0,0.0,0.0,11
P20702,0.0,0.0,0.0,10
P20718,0.0,0.0,0.0,2
P20749,0.0,0.0,0.0,8
P20774,0.0,0.0,0.0,5
P20783,0.0,0.0,0.0,1
P20809,0.0,0.0,0.0,2
P20810,0.0,0.0,0.0,2
P20813,0.0,0.0,0.0,4
P20929,1.0,1.0,1.0,45
P20930,1.0,1.0,1.0,1
P20936,0.0,0.0,0.0,6
P20963,0.0,0.0,0.0,3
P21127,0.0,0.0,0.0,4
P21281,0.0,0.0,0.0,3
P21283,0.0,0.0,0.0,8
P21291,0.0,0.0,0.0,1
P21333,0.0,0.0,0.0,14
P21359,1.0,1.0,1.0,41
P21399,0.0,0.0,0.0,8
P21453,0.0,0.0,0.0,1
P21462,0.0,0.0,0.0,4
P21580,0.0,0.0,0.0,6
P21583,0.0,0.0,0.0,2
P21604,1.0,1.0,1.0,8
P21606,1.0,1.0,1.0,2
P21607,1.0,1.0,1.0,8
P21675,0.0,0.0,0.0,16
P21754,0.0,0.0,0.0,3
P21757,0.0,0.0,0.0,7
P21796,0.0,0.0,0.0,2
P21810,0.0,0.0,0.0,4
P21817,1.0,1.0,1.0,36
P21953,0.0,0.0,0.0,2
P21964,0.0,0.0,0.0,4
P21980,0.0,0.0,0.0,3
P22001,0.0,0.0,0.0,3
P22061,0.0,0.0,0.0,2
P22079,0.0,0.0,0.0,4
P22087,0.0,0.0,0.0,1
P22090,0.0,0.0,0.0,2
P22102,0.0,0.0,0.0,10
P22105,1.0,1.0,1.0,5
P22234,0.0,0.0,0.0,2
P22307,0.0,0.0,0.5,2
P22314,0.0,0.0,0.0,11
P22392,0.0,0.0,0.0,5
P22415,0.0,0.0,0.0,3
P22455,0.0,0.0,0.0,6
P22460,0.0,0.0,0.0,4
P22466,0.0,0.0,0.0,2
P22570,0.0,0.0,0.0,4
P22607,0.0,0.0,0.0,3
P22626,0.0,0.0,0.0,4
P22670,0.0,0.0,0.0,6
P22674,0.0,0.0,0.0,3
P22681,0.0,0.0,0.0,6
P22694,0.0,0.0,0.0,2
P22695,0.0,0.0,0.0,5
P22736,0.0,0.0,0.0,6
P22794,0.0,0.0,0.0,3
P23025,0.0,0.0,0.0,1
P23219,0.0,0.0,0.0,7
P23229,0.0,0.0,0.0,6
P23246,0.0,0.0,0.0,1
P23258,0.0,0.0,0.0,7
P23284,0.0,0.0,0.0,2
P23368,0.0,0.0,0.0,5
P23378,0.0,0.0,0.0,7
P23381,0.0,0.0,0.0,3
P23396,0.0,0.0,0.0,3
P23416,0.0,0.0,0.0,2
P23443,0.0,0.0,0.0,3
P23458,0.0,0.0,0.0,7
P23467,0.0,0.0,0.0,9
P23468,0.0,0.0,0.0,9
P23469,0.0,0.0,0.0,6
P23470,0.0,0.0,0.0,7
P23471,0.0,0.0,0.0,20
P23497,0.0,0.0,0.0,1
P23526,0.0,0.0,0.0,10
P23527,0.0,0.0,0.0,2
P23528,0.0,0.0,0.0,4
P23588,0.0,0.0,0.0,2
P23610,0.0,0.0,0.0,4
P23634,0.0,0.0,0.1,10
P23677,0.0,0.0,0.0,3
P23743,0.0,0.0,0.0,3
P23763,0.0,0.0,0.0,2
P23771,0.0,0.0,0.0,2
P23919,0.0,0.0,0.0,1
P23921,0.0,0.0,0.0,10
P23946,0.0,0.0,0.0,1
P24001,0.0,0.0,0.0,3
P24043,1.0,1.0,1.0,14
P24158,0.0,0.0,0.0,4
P24278,0.0,0.0,0.0,3
P24311,0.0,0.0,0.0,1
P24356,1.0,1.0,1.0,3
P24385,0.0,0.0,0.0,1
P24386,0.0,0.0,0.0,3
P24390,0.0,0.0,0.0,4
P24394,0.0,0.0,0.0,5
P24468,0.0,0.0,0.0,3
P24522,0.0,0.0,0.0,4
P24530,0.0,0.0,0.0,3
P24539,0.0,0.25,0.0,4
P24557,0.0,0.0,0.0,6
P24593,0.0,0.0,0.0,1
P24723,0.0,0.0,0.0,5
P24752,0.0,0.0,0.0,2
P24757,1.0,1.0,1.0,5
P24759,1.0,1.0,1.0,4
P24760,1.0,1.0,1.0,1
P24762,1.0,1.0,1.0,4
P24764,1.0,1.0,1.0,3
P24770,1.0,1.0,1.0,1
P24772,1.0,1.0,1.0,1
P24821,0.0,0.0,0.0,14
P24855,0.0,0.0,0.0,4
P24863,0.0,0.0,0.0,5
P24864,0.0,0.0,0.0,6
P24928,0.0,0.0,0.0,12
P24941,0.0,0.0,0.0,4
P25024,0.0,0.0,0.0,2
P25025,0.0,0.0,0.0,2
P25054,1.0,1.0,1.0,8
P25098,0.0,0.0,0.0,6
P25101,0.0,0.0,0.0,2
P25205,0.0,0.0,0.0,12
P25213,1.0,1.0,1.0,4
P25391,1.0,1.0,1.0,16
P25398,0.0,0.0,0.0,4
P25440,0.0,0.0,0.0,6
P25445,0.0,0.0,0.0,3
P25490,0.0,0.0,0.0,2
P25685,0.0,0.0,0.5,2
P25705,0.0,0.0,0.0,5
P25786,0.0,0.0,0.0,3
P25787,0.0,0.0,0.0,4
P25788,0.0,0.0,0.0,1
P25789,0.0,0.0,0.0,5
P25791,0.0,0.0,0.0,1
P25940,0.0,0.0,0.0,1
P25963,0.0,0.0,0.0,5
P26006,0.0,0.0,0.0,12
P26010,0.0,0.0,0.14285714285714285,7
P26012,0.0,0.0,0.0,4
P26022,0.0,0.0,0.0,2
P26038,0.0,0.0,0.0,4
P26196,0.0,0.0,0.0,8
P26232,0.0,0.0,0.0,7
P26358,0.0,0.0,0.0,13
P26368,0.0,0.0,0.0,5
P26373,0.0,0.0,0.0,3
P26378,0.0,0.0,0.0,2
P26439,0.0,0.0,0.0,4
P26440,0.0,0.0,0.0,5
P26572,0.0,0.0,0.0,3
P26583,0.0,0.0,0.0,1
P26599,0.0,0.0,0.0,6
P26639,0.0,0.0,0.0,8
P26640,0.0,0.0,0.0,13
P26641,0.0,0.0,0.0,5
P26651,0.0,0.0,0.0,2
P26670,1.0,1.0,1.0,3
P26673,1.0,1.0,1.0,5
P26951,0.0,0.0,0.0,4
P27037,0.0,0.0,0.0,4
P27144,0.0,0.0,0.0,2
P27169,0.0,0.0,0.0,3
P27348,0.0,0.0,0.0,2
P27361,0.0,0.0,0.0,1
P27448,0.0,0.0,0.0,2
P27449,0.0,0.0,0.0,3
P27469,0.0,0.0,0.0,2
P27540,0.0,0.0,0.0,4
P27544,0.0,0.0,0.0,3
P27635,0.0,0.0,0.0,3
P27694,0.0,0.0,0.0,3
P27695,0.0,0.0,0.0,1
P27701,0.0,0.0,0.0,1
P27707,0.0,0.0,1.0,1
P27708,0.0,0.0,0.0,24
P27797,0.0,0.3333333333333333,0.0,3
P27815,0.0,0.0,0.0,6
P27816,0.0,0.0,0.0,9
P27824,0.0,0.0,0.0,4
P27930,0.0,0.0,0.0,3
P27958,1.0,1.0,1.0,18
P27986,0.0,0.0,0.0,6
P27987,0.0,0.0,0.0,8
P28039,0.0,0.0,0.0,5
P28062,0.0,0.0,0.0,3
P28065,0.0,0.0,0.0,1
P28066,0.0,0.0,0.0,7
P28070,0.0,0.0,0.0,3
P28074,0.0,0.0,0.0,4
P28161,0.0,0.0,0.0,2
P28288,0.0,0.0,0.0,10
P28290,0.0,0.0,0.0,4
P28328,0.0,0.0,0.0,2
P28331,0.0,0.0,0.0,10
P28340,0.0,0.0,0.0,14
P28347,0.0,0.0,0.0,3
P28370,0.0,0.0,0.0,6
P28482,0.0,0.0,0.0,3
P28562,0.0,0.0,0.0,5
P28702,0.0,0.0,0.0,3
P28715,0.0,0.0,0.0,7
P28749,0.0,0.0,0.0,2
P28827,0.0,0.0,0.0,10
P28838,0.0,0.0,0.0,6
P28908,0.0,0.0,0.0,1
P29074,0.0,0.0,0.0,4
P29083,0.0,0.0,0.0,3
P29084,0.0,0.0,0.0,4
P29144,0.0,0.0,0.0,6
P29192,1.0,1.0,1.0,3
P29274,0.0,0.0,0.0,3
P29317,0.0,0.0,0.0,7
P29350,0.0,0.0,0.0,1
P29353,0.0,0.0,0.0,4
P29372,0.0,0.0,0.0,1
P29373,0.0,0.0,0.0,1
P29374,0.0,0.0,0.0,8
P29375,0.0,0.0,0.0,12
P29400,0.0,0.0,0.0,2
P29401,0.0,0.0,0.0,4
P29459,0.0,0.0,0.0,3
P29460,0.0,0.0,0.0,2
P29466,0.0,0.0,0.0,1
P29558,0.0,0.0,0.0,2
P29590,0.0,0.0,0.0,6
P29597,0.0,0.0,0.0,9
P29692,0.0,0.0,0.0,3
P29728,0.0,0.0,0.0,7
P29762,0.0,0.0,0.0,2
P29966,0.0,0.0,0.0,2
P29992,0.0,0.0,0.0,2
P30040,0.0,0.0,0.0,3
P30041,0.0,0.0,0.0,4
P30043,0.0,0.0,0.0,1
P30044,0.0,0.0,0.0,4
P30049,0.0,0.0,0.0,3
P30050,0.0,0.0,0.0,1
P30084,0.0,0.0,0.0,3
P30086,0.0,0.0,0.0,1
P30101,0.0,0.0,0.0,3
P30153,0.0,0.0,0.0,16
P30154,0.0,0.0,0.0,13
P30260,0.0,0.0,0.0,8
P30279,0.0,0.0,0.0,4
P30281,0.0,0.0,0.0,2
P30291,0.0,0.0,0.0,2
P30304,0.0,0.0,0.0,2
P30305,0.0,0.0,0.0,2
P30307,0.0,0.0,0.0,5
P30405,0.0,0.0,0.0,1
P30411,0.0,0.0,0.0,1
P30519,0.0,0.0,0.0,3
P30520,0.0,0.0,0.0,2
P30530,0.0,0.0,0.0,4
P30533,0.0,0.0,0.0,3
P30556,0.0,0.0,0.0,3
P30559,0.0,0.0,0.0,4
P30566,0.0,0.0,0.0,10
P30613,0.0,0.0,0.0,3
P30622,0.0,0.0,0.0,18
P30679,0.0,0.0,0.0,5
P30711,0.0,0.0,0.0,6
P30740,0.0,0.0,0.0,2
P30793,0.0,0.0,0.0,2
P30825,0.0,0.0,0.0,8
P30837,0.0,0.0,0.0,3
P30838,0.0,0.0,0.0,6
P30876,0.0,0.0,0.05263157894736842,19
P30939,0.0,0.0,0.0,4
P31040,0.0,0.0,0.0,3
P31146,0.0,0.0,0.0,4
P31152,0.0,0.0,0.0,2
P31153,0.0,0.0,0.0,7
P31321,0.0,0.0,0.0,3
P31327,0.0,0.0,0.0,16
P31350,0.0,0.0,0.0,4
P31358,0.0,0.0,0.0,1
P31512,0.0,0.0,0.0,2
P31513,0.0,0.0,0.0,5
P31629,0.0,0.0,0.0,7
P31639,0.0,0.0,0.0,9
P31641,0.0,0.0,0.0,5
P31644,0.0,0.0,0.0,2
P31645,0.0,0.0,0.0,8
P31689,0.0,0.0,0.0,5
P31749,0.0,0.0,0.0,2
P31751,0.0,0.0,0.0,2
P31785,0.0,0.0,0.0,5
P31930,0.0,0.0,0.0,5
P31937,0.0,0.0,0.0,2
P31939,0.0,0.0,0.0,7
P31941,0.0,0.0,0.0,3
P31943,0.0,0.0,0.0,1
P31946,0.0,1.0,0.0,1
P31947,0.0,0.0,0.0,1
P31948,0.0,0.0,0.0,4
P31949,0.0,0.0,0.0,4
P32004,0.0,0.0,0.0,5
P32019,0.0,0.0,0.0,8
P32189,0.0,0.0,0.0,3
P32239,0.0,0.0,0.0,4
P32248,0.0,0.0,0.0,3
P32249,0.0,0.0,0.0,1
P32297,0.0,0.0,0.0,7
P32314,0.0,0.0,0.0,1
P32321,0.0,0.0,0.0,3
P32322,0.0,0.0,0.0,3
P32455,0.0,0.0,0.0,3
P32519,0.0,0.0,0.0,5
P32856,0.0,0.0,0.0,3
P32929,0.0,0.0,0.0,6
P32969,0.0,0.0,0.0,4
P32970,0.0,0.0,0.0,2
P33076,0.0,0.0,0.0,10
P33121,0.0,0.0,0.0,6
P33151,0.0,0.0,0.0,1
P33176,0.0,0.0,0.0,12
P33240,0.0,0.0,0.0,2
P33241,0.0,0.0,0.0,2
P33402,0.0,0.0,0.0,7
P33527,0.0,0.0,0.0,16
P33897,0.0,0.0,0.0,5
P33908,0.0,0.0,0.0,6
P33947,0.0,0.0,0.0,3
P33981,0.0,0.0,0.0,5
P33991,0.0,0.0,0.0,15
P33992,0.0,0.0,0.0,11
P33993,0.0,0.0,0.0,8
P34059,0.0,0.0,0.0,4
P34810,0.0,0.0,0.0,3
P34820,0.0,0.0,0.0,6
P34896,0.0,0.0,0.0,4
P34897,0.0,0.0,0.0,4
P34913,0.0,0.0,0.0,6
P34925,0.0,0.0,0.0,4
P34931,0.0,0.0,0.0,8
P34932,0.0,0.0,0.0,5
P34949,0.0,0.0,0.0,4
P34969,0.0,0.0,0.0,3
P35125,0.0,0.0,0.0,6
P35219,0.0,0.0,0.0,1
P35221,0.0,0.0,0.0,12
P35222,0.0,0.0,0.0,10
P35226,0.0,0.0,0.0,3
P35227,0.0,0.0,0.0,3
P35232,0.0,0.0,0.0,4
P35236,0.0,0.0,0.0,3
P35237,0.0,0.0,0.0,2
P35240,0.0,0.0,0.0,3
P35241,0.0,0.0,0.0,2
P35244,0.0,0.0,0.0,3
P35249,0.0,0.0,0.0,4
P35250,0.0,0.0,0.0,4
P35251,0.0,0.0,0.0,5
P35354,0.0,0.0,0.0,5
P35398,0.0,0.0,0.0,5
P35408,0.0,0.0,0.0,3
P35414,0.0,0.0,0.0,6
P35443,0.0,0.16666666666666666,0.0,6
P35499,0.0,0.0,0.0,10
P35503,0.0,0.0,0.0,2
P35520,0.0,0.0,0.0,2
P35527,0.0,0.0,0.0,2
P35556,1.0,1.0,1.0,2
P35568,0.0,0.0,0.0,3
P35573,0.0,0.0,0.0,13
P35579,0.0,0.0,0.0,25
P35580,0.0,0.0,0.0,12
P35590,0.0,0.0,0.0,4
P35606,0.0,0.0,0.0,13
P35609,0.0,0.0,0.0,4
P35610,0.0,0.0,0.0,8
P35611,0.0,0.0,0.0,5
P35612,0.0,0.0,0.0,5
P35613,0.0,0.0,0.0,6
P35625,0.0,0.0,0.0,2
P35626,0.0,0.0,0.0,6
P35638,0.0,0.0,0.0,2
P35658,0.0,0.0,0.0,14
P35670,0.0,0.0,0.0,9
P35712,0.0,0.0,0.0,5
P35713,0.0,0.0,0.0,2
P35716,0.0,0.0,0.0,1
P35749,0.0,0.0,0.0,13
P35790,0.0,0.0,0.0,7
P35813,0.0,0.0,0.0,1
P35869,0.0,0.0,0.0,10
P35908,0.0,0.0,0.0,5
P35914,0.0,0.0,0.0,6
P35916,0.0,0.0,0.0,8
P35998,0.0,0.0,0.0,5
P36021,0.0,0.0,0.0,5
P36222,0.0,0.0,0.0,3
P36382,0.0,0.0,0.0,3
P36383,0.0,0.0,0.0,4
P36402,0.0,0.0,0.0,1
P36405,0.0,0.0,0.0,1
P36406,0.0,0.0,0.0,8
P36507,0.0,0.0,0.0,2
P36508,0.0,0.0,0.0,5
P36544,0.0,0.0,0.0,4
P36578,0.0,0.0,0.0,1
P36639,0.0,0.0,0.25,4
P36776,0.0,0.0,0.0,15
P36871,0.0,0.0,0.0,8
P36873,0.0,0.0,0.0,3
P36888,0.0,0.0,0.0,5
P36897,0.0,0.0,0.0,4
P36915,0.0,0.0,0.0,4
P36941,0.0,0.0,0.0,1
P36952,0.0,0.0,0.0,3
P36954,0.0,0.0,0.0,1
P36955,0.0,0.0,0.0,2
P36956,0.0,0.0,0.0,16
P36957,0.0,0.0,0.0,2
P36959,0.0,0.0,0.0,2
P37059,0.0,0.0,0.0,3
P37088,0.0,0.0,0.0,4
P37108,0.0,0.0,0.0,2
P37198,0.0,0.0,0.0,2
P37231,0.0,0.0,0.0,3
P37235,0.0,0.0,0.0,1
P37268,0.0,0.0,0.0,4
P37287,0.0,0.0,0.0,3
P37802,0.0,0.0,0.0,1
P37837,0.0,0.0,0.0,3
P37840,0.0,0.0,0.0,2
P38117,0.0,0.0,0.0,3
P38159,0.0,0.0,0.0,1
P38398,0.0,0.0,0.0,6
P38432,0.0,0.0,0.0,1
P38435,0.0,0.0,0.0,6
P38571,0.0,0.0,0.0,3
P38606,0.0,0.0,0.0,6
P38646,0.0,0.0,0.0,6
P38919,0.0,0.0,0.0,6
P38935,0.0,0.0,0.0,5
P38936,0.0,0.0,0.0,2
P39019,0.0,0.0,0.0,1
P39023,0.0,0.0,0.0,3
P39060,0.0,0.0,0.0,5
P39210,0.0,0.0,0.25,4
P39656,0.0,0.0,0.0,5
P39687,0.0,0.0,0.0,5
P39748,0.0,0.0,0.0,6
P39880,0.0,0.0,0.0,10
P40121,0.0,0.0,0.0,4
P40123,0.0,0.0,0.0,4
P40126,0.0,0.0,0.0,4
P40189,0.0,0.0,0.0,6
P40197,0.0,0.0,0.0,3
P40198,0.0,0.0,0.0,2
P40222,0.0,0.0,0.0,3
P40227,0.0,0.0,0.0,8
P40259,0.0,0.0,0.0,5
P40305,0.0,0.0,0.0,3
P40429,0.0,0.0,0.0,5
P40617,0.0,0.0,0.0,2
P40692,0.0,0.0,0.0,7
P40763,0.0,0.0,0.0,13
P40818,0.0,0.0,0.0,3
P40855,0.0,0.0,0.0,2
P40925,0.0,0.0,0.0,5
P40926,0.0,0.0,0.0,4
P40937,0.0,0.0,0.0,5
P40938,0.0,0.0,0.0,3
P40939,0.0,0.0,0.0,6
P40967,0.0,0.0,0.0,9
P41002,0.0,0.0,0.0,8
P41091,0.0,0.0,0.0,11
P41134,0.0,0.0,0.0,2
P41146,0.0,0.0,0.0,4
P41161,0.0,0.0,0.0,1
P41162,0.0,0.0,0.0,2
P41181,0.0,0.0,0.0,1
P41182,0.0,0.0,0.0,1
P41212,0.0,0.0,0.0,3
P41214,0.0,0.0,0.0,4
P41218,0.0,0.0,0.0,2
P41219,0.0,0.0,0.0,4
P41220,0.0,0.0,0.0,1
P41221,0.0,0.0,0.0,1
P41225,0.0,0.0,0.0,1
P41226,0.0,0.0,0.0,8
P41227,0.0,0.0,0.0,1
P41229,0.0,0.0,0.0,11
P41231,0.0,0.0,0.0,1
P41250,0.0,0.0,0.0,12
P41252,0.0,0.0,0.0,7
P41279,0.0,0.0,0.0,5
P41440,0.0,0.0,0.0,3
P41597,0.0,0.0,0.0,4
P41970,0.0,0.0,0.0,3
P42025,0.0,0.0,0.0,6
P42126,0.0,0.0,0.0,3
P42166,0.0,0.0,0.0,3
P42224,0.0,0.0,0.0,16
P42226,0.0,0.0,0.0,7
P42229,0.0,0.0,0.0,7
P42285,0.0,0.0,0.0,15
P42330,0.0,0.0,0.0,2
P42336,0.0,0.0,0.0,12
P42338,0.0,0.0,0.0,8
P42345,0.0,0.0,0.0,40
P42356,0.0,0.0,0.0,26
P42357,0.0,0.0,0.0,10
P42566,0.0,0.0,0.0,9
P42568,0.0,0.0,0.0,2
P42575,0.0,0.0,0.1111111111111111,9
P42677,0.0,0.0,0.0,1
P42684,0.0,0.0,0.0,4
P42685,0.0,0.0,0.0,3
P42694,0.0,0.0,0.0,9
P42695,0.0,0.0,0.0,10
P42696,0.0,0.0,0.0,4
P42704,0.0,0.0,0.0,15
P42765,0.0,0.0,0.0,5
P42766,0.0,0.0,0.0,4
P42768,0.0,0.0,0.0,5
P42773,0.0,0.0,0.0,2
P42785,0.0,0.0,0.0,6
P42858,1.0,1.0,1.0,43
P42892,0.0,0.0,0.0,7
P42898,0.0,0.0,0.0,2
P43005,0.0,0.0,0.0,8
P43007,0.0,0.0,0.0,9
P43034,0.0,0.0,0.0,4
P43146,0.0,0.0,0.0,8
P43155,0.0,0.0,0.0,4
P43234,0.0,0.0,0.0,2
P43235,0.0,0.0,0.0,2
P43243,0.0,0.0,0.0,6
P43246,0.0,0.0,0.0,11
P43250,0.0,0.0,0.0,1
P43251,0.0,0.0,0.0,4
P43304,0.0,0.0,0.0,5
P43307,0.0,0.0,0.0,4
P43308,0.0,0.0,0.0,2
P43353,0.0,0.0,0.0,3
P43354,0.0,0.0,0.0,3
P43355,0.0,0.0,0.16666666666666666,6
P43356,0.0,0.0,0.0,4
P43357,0.0,0.0,0.0,2
P43358,0.0,0.0,0.2,5
P43360,0.0,0.0,0.0,2
P43362,0.0,0.0,0.25,4
P43363,0.0,0.0,0.0,2
P43364,0.0,0.0,0.2,5
P43365,0.0,0.0,0.0,4
P43378,0.0,0.0,0.0,3
P43403,0.0,0.0,0.0,7
P43405,0.0,0.0,0.0,4
P43487,0.0,0.0,0.0,1
P43490,0.0,0.0,0.0,3
P43686,0.0,0.0,0.0,3
P43694,0.0,0.0,0.0,2
P43897,0.0,0.0,0.0,4
P45378,0.0,0.0,0.0,2
P45844,0.0,0.0,0.0,6
P45974,0.0,0.0,0.0,3
P46013,1.0,1.0,1.0,10
P46019,0.0,0.0,0.0,6
P46020,0.0,0.0,0.0,9
P46059,0.0,0.0,0.0,8
P46060,0.0,0.0,0.14285714285714285,7
P46063,0.0,0.0,0.0,4
P46087,0.0,0.0,0.0,5
P46089,0.0,0.0,0.0,3
P46091,0.0,0.0,0.0,6
P46092,0.0,0.0,0.0,3
P46094,0.0,0.0,0.0,3
P46100,0.0,0.0,0.0,11
P46199,0.0,0.0,0.0,4
P46379,0.0,0.0,0.0,15
P46459,0.0,0.0,0.0,6
P46531,0.0,0.0,0.0,4
P46663,0.0,0.0,0.0,5
P46695,0.0,0.0,0.0,3
P46734,0.0,0.0,0.0,5
P46736,0.0,0.0,0.0,3
P46776,0.0,0.0,0.0,2
P46777,0.0,0.0,0.0,2
P46779,0.0,0.0,0.0,1
P46781,0.0,0.0,0.0,4
P46782,0.0,0.0,0.0,2
P46783,0.0,0.25,0.0,4
P46821,0.0,0.0,0.0,10
P46926,0.0,0.0,0.0,3
P46939,1.0,1.0,1.0,38
P46940,0.0,0.0,0.0,23
P46976,0.0,0.25,0.0,4
P46977,0.0,0.0,0.0,7
P47712,0.0,0.0,0.0,8
P47755,0.0,0.0,0.0,2
P47756,0.0,0.0,0.0,8
P47870,0.0,0.0,0.0,5
P47895,0.0,0.0,0.0,2
P47897,0.0,0.0,0.125,8
P47901,0.0,0.0,0.0,7
P47914,0.0,0.0,0.0,2
P47972,0.0,0.0,0.0,5
P47974,0.0,0.0,0.0,1
P47985,0.0,0.0,0.0,3
P47989,0.0,0.0,0.0,2
P48047,0.0,0.0,0.0,3
P48048,0.0,0.0,0.0,2
P48051,0.0,0.0,0.0,3
P48058,0.0,0.0,0.0,8
P48059,0.0,0.0,0.0,5
P48060,0.0,0.0,0.0,2
P48066,0.0,0.0,0.0,2
P48067,0.0,0.0,0.0,8
P48147,0.0,0.0,0.0,1
P48163,0.0,0.0,0.0,5
P48165,0.0,0.0,0.0,5
P48167,0.0,0.0,0.0,1
P48200,0.0,0.0,0.0,8
P48201,0.0,0.0,0.0,1
P48378,0.0,0.0,0.0,5
P48380,0.0,0.0,0.0,3
P48382,0.0,0.0,0.0,2
P48426,0.0,0.0,0.0,5
P48431,0.0,0.0,0.0,1
P48436,0.0,0.0,0.0,4
P48443,0.0,0.0,0.0,2
P48444,0.0,0.0,0.16666666666666666,6
P48449,0.0,0.0,0.0,4
P48454,0.0,0.0,0.0,4
P48506,0.0,0.0,0.0,4
P48507,0.0,0.0,0.0,1
P48509,0.0,0.0,0.0,2
P48552,0.0,0.0,0.0,6
P48553,0.0,0.0,0.0,17
P48556,0.0,0.0,0.0,4
P48634,0.0,0.0,0.0,4
P48637,0.0,0.0,0.125,8
P48643,0.0,0.0,0.0,8
P48651,0.0,0.0,0.0,3
P48681,0.0,0.0,0.0,9
P48723,0.0,0.0,0.0,7
P48729,0.0,0.0,0.0,1
P48730,0.0,0.0,0.0,1
P48735,0.0,0.0,0.0,2
P48736,0.0,0.0,0.0,11
P48739,0.0,0.0,0.0,2
P48751,0.0,0.0,0.0,8
P48764,0.0,0.0,0.0,12
P48995,0.0,0.0,0.0,7
P49005,0.0,0.0,0.0,3
P49023,0.0,0.0,0.0,3
P49116,0.0,0.0,0.0,7
P49137,0.0,0.0,0.0,2
P49184,0.0,0.0,0.0,2
P49189,0.0,0.0,0.0,2
P49207,0.0,0.0,0.0,1
P49238,0.0,0.0,0.0,4
P49257,0.0,0.0,0.0,3
P49279,0.0,0.0,0.0,6
P49281,0.0,0.0,0.0,7
P49286,0.0,0.0,0.0,2
P49321,0.0,0.0,0.0,11
P49326,0.0,0.0,0.0,3
P49327,0.0,0.0,0.0,42
P49336,0.0,0.0,0.0,2
P49356,0.0,0.0,0.0,6
P49366,0.0,0.0,0.0,2
P49368,0.0,0.0,0.0,6
P49406,0.0,0.0,0.0,2
P49407,0.0,0.0,0.0,4
P49411,0.0,0.0,0.0,2
P49418,0.0,0.0,0.0,2
P49419,0.0,0.0,0.0,7
P49448,0.0,0.0,0.0,3
P49450,0.0,0.0,0.0,2
P49454,1.0,1.0,1.0,21
P49459,0.0,0.0,0.0,3
P49585,0.0,0.0,0.0,3
P49588,0.0,0.0,0.0,8
P49589,0.0,0.0,0.0,9
P49590,0.0,0.0,0.0,3
P49591,0.0,0.0,0.0,7
P49641,0.0,0.0,0.0,13
P49642,0.0,0.0,0.0,3
P49643,0.0,0.0,0.0,3
P49662,0.0,0.0,0.0,1
P49674,0.0,0.0,0.0,1
P49682,0.0,0.0,0.0,5
P49685,0.0,0.0,0.0,4
P49703,0.0,0.0,0.0,3
P49711,0.0,0.0,0.0,3
P49715,0.0,0.0,0.0,1
P49716,0.0,0.0,0.0,3
P49720,0.0,0.0,0.0,4
P49721,0.0,0.0,0.0,2
P49736,0.0,0.0,0.0,9
P49746,0.0,0.0,0.0,5
P49748,0.0,0.0,0.0,3
P49750,0.0,0.0,0.0,7
P49754,0.0,0.0,0.0,9
P49755,0.0,0.0,0.0,4
P49756,0.0,0.0,0.0,6
P49757,0.0,0.0,0.0,4
P49759,0.0,0.0,0.0,3
P49760,0.0,0.0,0.0,2
P49761,0.0,0.0,0.0,3
P49768,0.0,0.0,0.2,5
P49770,0.0,0.0,0.0,6
P49771,0.0,0.0,0.0,2
P49773,0.0,0.0,0.0,1
P49790,0.0,0.0,0.0,6
P49792,1.0,1.0,1.0,18
P49795,0.0,0.0,0.0,1
P49796,0.0,0.0,0.0,4
P49798,0.0,0.0,0.0,1
P49810,0.0,0.0,0.2,5
P49815,0.0,0.0,0.0,17
P49821,0.0,0.0,0.0,4
P49840,0.0,0.0,0.0,5
P49841,0.0,0.0,0.0,8
P49842,0.0,0.0,0.0,1
P49848,0.0,0.0,0.0,8
P49902,0.0,0.0,0.0,7
P49903,0.0,0.0,0.0,3
P49915,0.0,0.0,0.0,6
P49916,0.0,0.0,0.0,10
P49917,0.0,0.0,0.0,8
P49918,0.0,0.0,0.0,1
P49959,0.0,0.0,0.0,5
P49961,0.0,0.0,0.0,5
P50213,0.0,0.0,0.0,1
P50238,0.0,0.0,0.0,1
P50281,0.0,0.0,0.0,1
P50395,0.0,0.0,0.0,3
P50416,0.0,0.0,0.0,6
P50440,0.0,0.0,0.0,3
P50443,0.0,0.0,0.0,7
P50452,0.0,0.0,0.0,2
P50453,0.0,0.0,0.0,2
P50454,0.0,0.0,0.0,13
P50502,0.0,0.0,0.0,6
P50542,0.0,0.0,0.0,6
P50548,0.0,0.0,0.0,2
P50552,0.0,0.0,0.0,3
P50570,0.0,0.0,0.0,6
P50579,0.0,0.0,0.0,5
P50583,0.0,0.0,0.0,1
P50613,0.0,0.0,0.0,3
P50747,0.0,0.0,0.0,6
P50748,0.0,0.0,0.0,32
P50749,0.0,0.0,0.0,3
P50750,0.0,0.0,0.0,4
P50851,1.0,1.0,1.0,25
P50897,0.0,0.0,0.0,5
P50914,0.0,0.0,0.0,1
P50990,0.0,0.0,0.0,13
P50991,0.0,0.0,0.0,7
P50993,0.0,0.0,0.0,7
P50995,0.0,0.0,0.0,2
P51003,0.0,0.0,0.0,8
P51114,0.0,0.0,0.0,4
P51116,0.0,0.0,0.0,3
P51157,0.0,0.0,0.0,1
P51168,0.0,0.0,0.0,4
P51170,0.0,0.0,0.0,2
P51172,0.0,0.0,0.0,6
P51398,0.0,0.1111111111111111,0.0,9
P51451,0.0,0.0,0.0,2
P51452,0.0,0.0,0.0,2
P51508,0.0,0.0,0.0,3
P51523,0.0,0.0,0.0,1
P51530,0.0,0.0,0.0,6
P51531,0.0,0.0,0.0,15
P51532,0.0,0.0,0.0,14
P51553,0.0,0.0,0.0,3
P51570,0.0,0.0,0.0,2
P51571,0.0,0.0,0.0,6
P51572,0.0,0.0,0.0,5
P51587,1.0,1.0,1.0,18
P51589,0.0,0.0,0.0,5
P51610,0.0,0.0,0.0,14
P51617,0.0,0.0,0.0,7
P51648,0.0,0.0,0.0,7
P51649,0.0,0.0,0.0,1
P51654,0.0,0.0,0.0,7
P51659,0.0,0.0,0.0,5
P51665,0.0,0.0,0.0,6
P51679,0.0,0.0,0.0,5
P51684,0.0,0.0,0.0,7
P51687,0.0,0.0,0.0,5
P51688,0.0,0.0,0.0,1
P51689,0.0,0.0,0.0,3
P51690,0.0,0.0,0.0,9
P51692,0.0,0.0,0.0,6
P51693,0.0,0.0,0.0,5
P51784,0.0,0.0,0.0,11
P51787,0.0,0.0,0.0,5
P51788,0.0,0.0,0.0,9
P51790,0.0,0.0,0.0,9
P51795,0.0,0.0,0.0,7
P51797,0.0,0.0,0.0,8
P51798,0.0,0.0,0.0,11
P51805,0.0,0.0,0.0,12
P51809,0.0,0.0,0.0,2
P51812,0.0,0.0,0.0,6
P51816,0.0,0.0,0.0,5
P51825,0.0,0.0,0.0,6
P51826,0.0,0.0,0.0,5
P51828,0.0,0.0,0.0,7
P51854,0.0,0.0,0.0,3
P51878,0.0,0.0,0.0,4
P51888,0.0,0.0,0.0,6
P51911,0.0,0.0,0.0,1
P51946,0.0,0.0,0.0,5
P51957,0.0,0.0,0.0,3
P51959,0.0,0.0,0.0,1
P52209,0.0,0.0,0.0,4
P52272,0.0,0.0,0.0,13
P52292,0.0,0.0,0.0,13
P52294,0.0,0.0,0.0,5
P52306,0.0,0.0,0.0,6
P52333,0.0,0.0,0.0,15
P52429,0.0,0.0,0.0,5
P52434,0.0,0.0,0.0,2
P52435,0.0,0.0,0.0,2
P52564,0.0,0.0,0.0,2
P52565,0.0,0.0,0.0,1
P52566,0.0,0.0,0.0,2
P52594,0.0,0.0,0.0,5
P52597,0.0,0.0,0.0,1
P52630,0.0,0.0,0.0,11
P52655,0.0,0.0,0.0,3
P52701,0.0,0.0,0.06666666666666667,15
P52732,0.0,0.0,0.0,22
P52735,0.0,0.0,0.0,3
P52737,0.0,0.0,0.0,1
P52739,0.0,0.0,0.0,4
P52746,0.0,0.0,0.0,3
P52747,0.0,0.0,0.0,3
P52756,0.0,0.0,0.0,5
P52758,0.0,0.0,0.0,2
P52788,0.0,0.0,0.0,4
P52789,0.0,0.0,0.0,7
P52798,0.0,0.0,0.0,2
P52799,0.0,0.0,0.0,1
P52815,0.0,0.0,0.0,1
P52824,0.0,0.0,0.0,4
P52848,0.0,0.0,0.0,5
P52888,0.0,0.0,0.0,10
P52895,0.0,0.0,0.0,4
P52948,0.0,0.0,0.0,15
P52954,0.0,0.0,0.0,2
P53004,0.0,0.0,0.0,7
P53007,0.0,0.0,0.0,4
P53041,0.0,0.0,0.0,3
P53350,0.0,0.0,0.0,4
P53355,0.0,0.0,0.0,10
P53365,0.0,0.0,0.0,5
P53367,0.0,0.0,0.0,3
P53370,0.0,0.0,0.0,1
P53384,0.0,0.0,0.0,2
P53396,0.0,0.0,0.0,11
P53567,0.0,0.0,0.0,4
P53582,0.0,0.0,0.0,2
P53597,0.0,0.0,0.0,2
P53602,0.0,0.0,0.0,3
P53609,0.0,0.0,0.0,2
P53611,0.0,0.0,0.0,6
P53618,0.0,0.0,0.0,15
P53621,0.0,0.0,0.0,18
P53634,0.0,0.0,0.0,1
P53667,0.0,0.0,0.0,3
P53671,0.0,0.0,0.0,6
P53675,0.0,0.0,0.0,21
P53677,0.0,0.0,0.0,7
P53680,0.0,0.0,0.0,5
P53794,0.0,0.0,0.0,9
P53804,0.0,0.0,0.0,15
P53814,0.0,0.0,0.0,3
P53816,0.0,0.0,0.0,1
P53985,0.0,0.0,0.0,3
P53990,0.0,0.0,0.0,5
P53992,0.0,0.0,0.0,10
P54098,0.0,0.0,0.0,9
P54108,0.0,0.0,0.0,2
P54132,0.0,0.0,0.0,7
P54136,0.0,0.0,0.0,8
P54198,0.0,0.0,0.0,5
P54252,0.0,0.0,0.0,2
P54259,0.0,0.0,0.0,4
P54274,0.0,0.0,0.0,5
P54277,0.0,0.0,0.0,6
P54278,0.0,0.0,0.0,5
P54284,0.0,0.0,0.0,1
P54289,0.0,0.0,0.0,8
P54577,0.0,0.0,0.0,6
P54578,0.0,0.0,0.0,2
P54619,0.0,0.0,0.0,7
P54646,0.0,0.0,0.0,7
P54652,0.0,0.0,0.0,6
P54687,0.0,0.0,0.0,6
P54709,0.0,0.0,0.0,2
P54725,0.0,0.0,0.0,3
P54727,0.0,0.0,0.0,2
P54760,0.0,0.0,0.0,3
P54762,0.0,0.0,0.0,3
P54802,0.0,0.0,0.0,11
P54803,0.0,0.0,0.0,5
P54819,0.0,0.0,0.0,3
P54829,0.0,0.0,0.0,4
P54840,0.0,0.0,0.0,7
P54855,0.0,0.0,0.0,4
P54886,0.0,0.0,0.0,3
P54920,0.0,0.0,0.0,5
P55010,0.0,0.0,0.0,4
P55011,0.0,0.0,0.0,7
P55036,0.0,0.0,0.0,6
P55039,0.0,0.0,0.0,5
P55040,0.0,0.0,0.0,1
P55042,0.0,0.0,0.0,1
P55055,0.0,0.0,0.0,2
P55058,0.0,0.0,0.0,5
P55060,0.0,0.0,0.0,13
P55061,0.0,0.0,0.0,6
P55072,0.0,0.0,0.0,5
P55081,0.0,0.0,0.0,1
P55083,0.0,0.0,0.0,3
P55084,0.0,0.0,0.0,2
P55085,0.0,0.0,0.0,8
P55145,0.0,0.0,0.0,1
P55160,0.0,0.0,0.0,23
P55196,0.0,0.0,0.0,8
P55199,0.0,0.0,0.0,3
P55201,0.0,0.0,0.0,3
P55209,0.0,0.0,0.0,1
P55212,0.0,0.0,0.0,4
P55263,0.0,0.0,0.0,3
P55265,0.0,0.0,0.0,9
P55268,0.0,0.0,0.0,12
P55273,0.0,0.0,0.0,2
P55286,0.0,0.0,0.0,6
P55290,0.0,0.0,0.0,5
P55344,0.0,0.0,0.0,1
P55786,0.0,0.0,0.0,9
P55808,0.0,0.0,0.0,1
P55809,0.0,0.0,0.0,3
P55884,0.0,0.0,0.0,6
P55899,0.0,0.0,0.0,1
P56182,0.0,0.0,0.0,2
P56192,0.0,0.0,0.0,12
P56270,0.0,0.0,0.0,2
P56278,0.0,0.0,0.0,1
P56282,0.0,0.0,0.0,7
P56524,0.0,0.0,0.0,8
P56537,0.0,0.0,0.0,3
P56545,0.0,0.0,0.0,1
P56556,0.0,0.0,0.0,3
P56589,0.0,0.0,0.0,6
P56693,0.0,0.0,0.0,3
P56817,0.0,0.0,0.0,3
P56937,0.0,0.0,0.0,4
P56945,0.0,0.0,0.1,10
P56962,0.0,0.0,0.0,3
P57057,0.0,0.0,0.0,7
P57059,0.0,0.0,0.0,6
P57060,0.0,0.0,0.0,2
P57071,0.0,0.0,0.0,5
P57073,0.0,0.0,0.0,2
P57076,0.0,0.0,0.0,1
P57078,0.0,0.0,0.0,9
P57081,0.0,0.0,0.0,3
P57082,0.0,0.0,0.0,3
P57086,0.0,0.0,0.0,2
P57087,0.0,0.0,0.0,2
P57088,0.0,0.0,0.0,6
P57678,0.0,0.0,0.0,14
P57679,0.0,0.0,0.0,6
P57721,0.0,0.0,0.0,1
P57723,0.0,0.0,0.0,2
P57727,0.0,0.0,0.0,2
P57735,0.0,0.0,0.0,2
P57737,0.0,0.0,0.0,4
P57740,0.0,0.0,0.0,6
P57764,0.0,0.0,0.0,6
P58004,0.0,0.0,0.0,8
P58005,0.0,0.0,0.0,8
P58107,1.0,1.0,1.0,20
P58166,0.0,0.0,0.0,1
P58215,0.0,0.0,0.0,3
P58317,0.0,0.0,0.0,1
P58340,0.0,0.0,0.0,1
P58397,0.0,0.0,0.0,3
P58511,0.0,0.0,0.0,1
P58546,0.0,0.0,0.0,1
P58876,0.0,0.0,0.0,3
P59044,0.0,0.0,0.0,4
P59045,0.0,0.0,0.0,10
P59542,0.0,0.0,0.0,4
P59666,0.0,0.0,0.0,1
P59780,0.0,0.0,0.0,4
P59817,0.0,0.0,0.0,4
P59826,0.0,0.0,0.0,6
P59901,0.0,0.0,0.0,1
P59998,0.0,0.0,0.0,3
P60033,0.0,0.0,0.0,3
P60059,0.0,0.0,0.0,2
P60174,0.0,0.0,0.0,2
P60228,0.0,0.0,0.0,10
P60468,0.0,0.0,0.0,1
P60510,0.0,0.0,0.0,4
P60520,0.0,0.0,0.0,1
P60660,0.0,0.0,0.0,4
P60709,0.0,0.0,0.0,4
P60763,0.0,0.0,0.0,2
P60842,0.0,0.0,0.0,7
P60900,0.0,0.0,0.0,1
P60903,0.0,0.0,0.0,2
P60953,0.0,0.0,0.0,4
P60981,0.0,0.0,0.0,1
P61011,0.0,0.0,0.0,9
P61026,0.0,0.0,0.0,2
P61086,0.0,0.0,0.0,3
P61088,0.0,0.0,0.0,2
P61106,0.0,0.0,0.0,1
P61160,0.0,0.0,0.0,6
P61165,0.0,0.0,0.0,2
P61201,0.0,0.0,0.0,7
P61204,0.0,0.0,0.0,3
P61221,0.0,0.0,0.0,8
P61236,0.0,0.0,0.0,3
P61244,0.0,0.0,0.0,4
P61247,0.0,0.0,0.0,3
P61254,0.0,0.0,0.0,1
P61289,0.0,0.0,0.0,6
P61313,0.0,0.0,0.0,4
P61326,0.0,0.0,0.0,3
P61353,0.0,0.0,0.0,3
P61371,0.0,0.0,0.0,2
P61421,0.0,0.0,0.0,6
P61457,0.0,0.0,0.0,3
P61586,0.0,0.0,0.0,2
P61599,0.0,0.0,0.0,4
P61604,0.0,0.0,0.0,4
P61619,0.0,0.0,0.0,6
P61758,0.0,0.0,0.0,1
P61764,0.0,0.0,0.0,11
P61803,0.0,0.0,0.0,3
P61812,0.0,0.0,0.0,2
P61916,0.0,0.0,0.0,1
P61923,0.0,0.0,0.0,6
P61962,0.0,0.0,0.0,3
P61964,0.0,0.0,0.0,2
P61966,0.0,0.0,0.0,2
P61970,0.0,0.0,0.0,1
P61978,0.0,0.0,0.0,4
P61981,0.0,0.0,0.0,2
P62081,0.0,0.0,0.0,2
P62136,0.0,0.0,0.0,2
P62140,0.0,0.0,0.0,3
P62191,0.0,0.0,0.0,7
P62195,0.0,0.0,0.0,8
P62241,0.0,0.0,0.0,1
P62244,0.0,0.0,0.0,2
P62249,0.0,0.0,0.0,2
P62256,0.0,0.0,0.0,3
P62258,0.0,0.0,0.0,3
P62266,0.0,0.0,0.0,1
P62269,0.0,0.0,0.0,3
P62277,0.0,0.0,0.0,3
P62280,0.0,0.0,0.0,2
P62306,0.0,0.0,0.0,2
P62308,0.0,0.0,1.0,1
P62310,0.0,0.0,0.0,2
P62314,0.0,0.0,0.0,7
P62324,0.0,0.0,0.0,3
P62330,0.0,0.0,0.0,3
P62333,0.0,0.0,0.0,2
P62380,0.0,0.0,0.0,2
P62424,0.0,0.0,0.0,4
P62487,0.0,0.0,0.0,4
P62491,0.0,0.0,0.0,2
P62495,0.0,0.0,0.0,6
P62633,0.0,0.0,0.0,1
P62699,0.0,0.0,0.0,1
P62701,0.0,0.0,0.0,1
P62714,0.0,0.0,0.0,4
P62736,0.0,0.0,0.0,2
P62750,0.0,0.0,0.0,1
P62753,0.0,0.0,0.0,2
P62805,0.0,0.0,0.0,5
P62807,0.0,0.0,0.0,1
P62826,0.0,0.0,0.0,3
P62841,0.0,0.0,0.0,1
P62851,0.0,0.0,0.0,1
P62854,0.0,0.0,0.0,3
P62857,0.0,0.0,0.0,2
P62861,0.0,0.0,0.0,3
P62873,0.0,0.0,0.0,3
P62875,0.0,0.0,0.0,1
P62877,0.0,0.0,0.0,1
P62879,0.0,0.0,0.0,4
P62888,0.0,0.0,0.0,3
P62899,0.0,0.0,0.0,3
P62906,0.0,0.0,0.0,6
P62910,0.0,0.0,0.0,2
P62913,0.0,0.0,0.0,2
P62917,0.0,0.0,0.0,2
P62937,0.0,0.0,0.0,1
P62979,0.0,0.0,0.0,1
P62987,0.0,0.0,0.0,2
P62993,0.0,0.0,0.5,2
P63000,0.0,0.0,0.0,3
P63010,0.0,0.0,0.0,16
P63027,0.0,0.0,0.0,1
P63096,0.0,0.0,0.0,3
P63098,0.0,0.0,0.0,1
P63104,0.0,0.0,0.0,1
P63125,0.0,0.0,0.0,1
P63128,0.0,0.0,0.0,4
P63146,0.0,0.0,0.0,1
P63151,0.0,0.0,0.0,1
P63208,0.0,0.0,0.0,4
P63218,0.0,0.0,0.0,1
P63220,0.0,0.0,0.0,1
P63244,0.0,0.0,0.0,4
P63261,0.0,0.0,0.0,5
P63267,0.0,0.0,0.0,1
P63272,0.0,0.0,0.0,1
P63279,0.0,0.0,0.0,1
P67936,0.0,0.0,0.0,1
P68032,0.0,0.0,0.0,5
P68036,0.0,0.0,0.0,1
P68104,0.0,0.0,0.0,7
P68317,1.0,1.0,1.0,1
P68319,1.0,1.0,1.0,1
P68363,0.0,0.0,0.0,2
P68366,0.0,0.0,0.0,3
P68371,0.0,0.0,0.0,1
P68400,0.0,0.0,0.0,3
P68431,0.0,0.0,0.0,4
P68438,1.0,1.0,1.0,6
P68440,1.0,1.0,1.0,6
P68442,1.0,1.0,1.0,3
P68543,0.0,0.0,0.0,3
P68600,1.0,1.0,1.0,2
P68619,1.0,1.0,1.0,1
P68698,1.0,1.0,1.0,4
P68707,1.0,1.0,1.0,1
P68716,1.0,1.0,1.0,5
P68720,1.0,1.0,1.0,4
P69849,0.0,0.0,0.0,17
P69905,0.0,0.0,0.0,7
P71639,0.0,0.0,0.0,4
P78312,0.2,0.2,0.2,5
P78316,0.0,0.0,0.0,5
P78318,0.0,0.0,0.0,1
P78325,0.0,0.0,0.0,5
P78329,0.0,0.0,0.0,3
P78330,0.0,0.0,0.0,3
P78333,0.0,0.0,0.0,3
P78344,0.0,0.0,0.0,16
P78345,0.0,0.0,0.0,4
P78347,0.0,0.0,0.0,6
P78356,0.0,0.0,0.0,4
P78357,0.0,0.0,0.0,7
P78363,0.0,0.0,0.0,21
P78364,0.0,0.0,0.0,4
P78371,0.0,0.0,0.0,7
P78381,0.0,0.0,0.0,7
P78382,0.0,0.0,0.0,6
P78395,0.0,0.0,0.0,10
P78396,0.0,0.0,0.0,7
P78406,0.0,0.0,0.0,2
P78410,0.0,0.0,0.0,4
P78415,0.0,0.0,0.0,4
P78426,0.0,0.0,0.0,1
P78508,0.0,0.0,0.3333333333333333,3
P78509,1.0,1.0,1.0,12
P78527,1.0,1.0,1.0,55
P78536,0.0,0.0,0.0,4
P78537,0.0,0.0,0.0,4
P78539,0.0,0.0,0.0,3
P78540,0.0,0.0,0.0,3
P78543,0.0,0.0,0.0,4
P78549,0.0,0.0,0.0,2
P78559,1.0,1.0,1.0,17
P78560,0.0,0.0,0.0,1
P78563,0.0,0.0,0.0,4
P79483,0.0,0.0,0.0,3
P80217,0.0,0.0,0.0,2
P80303,0.0,0.0,0.0,4
P80748,0.0,0.0,0.0,1
P81172,0.0,0.0,0.0,1
P81274,0.0,0.0,0.0,5
P81408,0.0,0.0,0.0,5
P81877,0.0,0.0,0.0,2
P82094,0.0,0.0,0.0,7
P82279,0.0,0.0,0.0,12
P82933,0.0,0.0,0.0,2
P83111,0.0,0.0,0.0,2
P83436,0.0,0.0,0.0,17
P83731,0.0,0.0,0.0,1
P83876,0.0,0.0,0.0,3
P84022,0.0,0.0,0.0,2
P84077,0.0,0.0,0.0,2
P84085,0.0,0.0,0.0,3
P84090,0.0,0.0,0.0,3
P84095,0.0,0.0,0.0,3
P84098,0.0,0.0,0.0,5
P84243,0.0,0.0,0.0,2
P85037,0.0,0.0,0.0,3
P86452,0.0,0.0,0.0,3
P86790,0.0,0.0,0.0,4
P95029,1.0,1.0,1.0,20
P98082,0.0,0.0,0.0,7
P98095,0.0,0.0,0.0,1
P98160,1.0,1.0,1.0,24
P98161,1.0,1.0,1.0,31
P98170,0.0,0.0,0.0,2
P98171,0.0,0.0,0.0,15
P98174,0.0,0.0,0.0,9
P98177,0.0,0.0,0.0,4
P98179,0.0,0.0,0.0,3
P98194,0.0,0.0,0.0,13
P98196,0.0,0.0,0.0,14
P98198,0.0,0.0,0.0,9
P9WJV9,0.0,0.0,0.0,17
P9WLA9,0.0,0.0,0.0,7
Q00013,0.0,0.0,0.0,2
Q00059,0.0,0.0,0.0,2
Q00169,0.0,0.0,0.0,1
Q00266,0.0,0.0,0.0,4
Q00325,0.0,0.0,0.0,5
Q00341,0.0,0.0,0.0,15
Q00526,0.0,0.0,0.0,5
Q00532,0.0,0.0,0.0,2
Q00534,0.0,0.0,0.0,2
Q00535,0.0,0.0,0.0,3
Q00536,0.0,0.0,0.0,4
Q00537,0.0,0.0,0.0,6
Q00587,0.0,0.0,0.0,2
Q00597,0.0,0.0,0.0,5
Q00610,0.0,0.0,0.0,20
Q00613,0.0,0.0,0.0,8
Q00653,0.0,0.0,0.0,8
Q00688,0.0,0.0,0.0,1
Q00722,0.0,0.0,0.0,7
Q00839,0.0,0.0,0.0,4
Q00889,0.0,0.0,0.0,2
Q00987,0.0,0.0,0.0,2
Q01082,0.0,0.0,0.0,25
Q01085,0.0,0.0,0.0,2
Q01105,0.0,0.0,0.0,1
Q01130,0.0,0.0,0.0,1
Q01151,0.0,0.0,0.0,1
Q01167,0.0,0.0,0.0,3
Q01196,0.0,0.0,0.0,2
Q01201,0.0,0.0,0.0,1
Q01219,1.0,1.0,1.0,2
Q01220,1.0,1.0,1.0,4
Q01415,0.0,0.0,0.0,3
Q01432,0.0,0.0,0.0,9
Q01433,0.0,0.0,0.0,1
Q01484,1.0,1.0,1.0,25
Q01518,0.0,0.0,0.0,11
Q01543,0.0,0.0,0.0,4
Q01581,0.0,0.0,0.0,8
Q01628,0.0,0.0,0.0,1
Q01629,0.0,0.0,0.0,2
Q01638,0.0,0.0,0.0,3
Q01650,0.0,0.0,0.0,6
Q01664,0.0,0.0,0.0,5
Q01668,0.0,0.0,0.0,13
Q01780,0.0,0.0,0.0,5
Q01804,0.0,0.0,0.0,5
Q01813,0.0,0.0,0.0,4
Q01814,0.0,0.0,0.0,6
Q01826,0.0,0.0,0.0,9
Q01844,0.0,0.0,0.0,1
Q01850,0.0,0.0,0.0,5
Q01954,0.0,0.0,0.0,6
Q01968,0.0,0.0,0.0,5
Q01970,0.0,0.0,0.0,9
Q02040,0.0,0.0,0.0,1
Q02078,0.0,0.0,0.0,2
Q02080,0.0,0.0,0.0,2
Q02083,0.0,0.0,0.0,3
Q02108,0.0,0.0,0.0,7
Q02127,0.0,0.0,0.0,3
Q02153,0.0,0.0,0.0,11
Q02156,0.0,0.0,0.0,2
Q02161,0.0,0.0,0.0,6
Q02218,0.0,0.0,0.0,6
Q02224,1.0,1.0,1.0,31
Q02241,0.0,0.0,0.0,4
Q02297,0.0,0.0,0.0,2
Q02318,0.0,0.0,0.0,4
Q02338,0.0,0.0,0.0,3
Q02363,0.0,0.0,0.0,5
Q02388,1.0,1.0,1.0,8
Q02413,0.0,0.0,0.0,3
Q02446,0.0,0.0,0.0,6
Q02447,0.0,0.0,0.0,5
Q02509,0.0,0.0,0.0,4
Q02535,0.0,0.0,0.0,5
Q02539,0.0,0.0,0.0,1
Q02543,0.0,0.0,0.0,2
Q02548,0.0,0.0,0.0,2
Q02641,0.0,0.0,0.0,2
Q02742,0.0,0.0,0.0,3
Q02750,0.0,0.0,0.0,6
Q02763,0.0,0.0,0.0,6
Q02790,0.0,0.0,0.0,3
Q02809,0.0,0.0,0.0,6
Q02817,1.0,1.0,1.0,5
Q02818,0.0,0.0,0.0,4
Q02833,0.0,0.0,0.0,1
Q02878,0.0,0.0,0.0,4
Q02880,0.0,0.0,0.0,12
Q02952,0.0,0.0,0.0,2
Q03001,1.0,1.0,1.0,62
Q03013,0.0,0.0,0.0,6
Q03060,0.0,0.0,0.0,1
Q03111,0.0,0.0,0.0,2
Q03113,0.0,0.0,0.0,3
Q03135,0.0,0.0,0.0,4
Q03154,0.0,0.0,0.0,3
Q03164,1.0,1.0,1.0,15
Q03167,0.0,0.0,0.0,5
Q03169,0.0,0.0,0.0,4
Q03181,0.0,0.0,0.0,5
Q03188,0.0,0.0,0.0,6
Q03252,0.0,0.0,0.0,5
Q03393,0.0,0.0,0.0,1
Q03405,0.0,0.0,0.0,1
Q03426,0.0,0.0,0.0,3
Q03468,0.0,0.0,0.0,7
Q03518,0.0,0.0,0.0,12
Q03519,0.0,0.0,0.0,9
Q03701,0.0,0.0,0.0,12
Q03933,0.0,0.0,0.0,5
Q03989,0.0,0.0,0.0,5
Q04206,0.0,0.0,0.0,7
Q04323,0.0,0.0,0.0,2
Q04446,0.0,0.0,0.0,8
Q04609,0.0,0.0,0.0,5
Q04637,0.0,0.0,0.0,16
Q04656,0.0,0.0,0.0,8
Q04671,0.0,0.0,0.0,16
Q04721,0.0,0.0,0.0,6
Q04724,0.0,0.0,0.0,2
Q04725,0.0,0.0,0.0,2
Q04726,0.0,0.0,0.0,5
Q04727,0.0,0.0,0.0,3
Q04759,0.0,0.0,0.0,2
Q04837,0.0,0.0,0.0,1
Q04844,0.0,0.0,0.0,2
Q04864,0.0,0.0,0.0,1
Q04912,0.0,0.0,0.0,14
Q04917,0.0,0.0,0.0,1
Q04941,0.0,0.0,0.0,2
Q05048,0.0,0.0,0.0,2
Q05066,0.0,0.0,0.0,2
Q05193,0.0,0.0,0.0,5
Q05209,0.0,0.0,0.0,2
Q05329,0.0,0.0,0.0,5
Q05397,0.0,0.0,0.0,8
Q05469,0.0,0.0,0.0,7
Q05513,0.0,0.0,0.0,3
Q05519,0.0,0.0,0.0,3
Q05639,0.0,0.0,0.0,5
Q05655,0.0,0.0,0.0,4
Q05707,0.0,0.0,0.0,13
Q05923,0.0,0.0,0.0,4
Q05925,0.0,0.0,0.0,1
Q05932,0.0,0.0,0.0,3
Q05BQ5,0.0,0.0,0.0,4
Q05BV3,0.0,0.0,0.0,13
Q05D32,0.0,0.0,0.0,4
Q05DH4,0.0,0.0,0.0,12
Q06033,0.0,0.0,0.0,4
Q06055,0.0,0.0,0.0,1
Q06124,0.0,0.0,0.0,3
Q06136,0.0,0.0,0.0,3
Q06187,0.0,0.0,0.0,3
Q06203,0.0,0.0,0.0,4
Q06210,0.0,0.0,0.0,11
Q06265,0.0,0.0,0.0,2
Q06278,0.0,0.0,0.0,7
Q06323,0.0,0.0,0.0,4
Q06413,0.0,0.0,0.0,2
Q06418,0.0,0.0,0.0,6
Q06455,0.0,0.0,0.0,1
Q06481,0.0,0.0,0.0,7
Q06546,0.0,0.0,0.0,6
Q06547,0.0,0.0,0.0,2
Q06710,0.0,0.0,0.0,3
Q06732,0.0,0.0,0.0,1
Q06787,0.0,0.0,0.0,3
Q06945,0.0,0.0,0.0,1
Q07021,0.0,0.0,0.0,1
Q07065,0.0,0.0,0.0,14
Q07157,0.0,0.0,0.0,9
Q07326,0.0,0.0,0.0,2
Q07343,0.0,0.0,0.0,3
Q07352,0.0,0.0,0.0,1
Q07617,0.0,0.0,0.0,5
Q07666,0.0,0.0,0.0,4
Q07687,0.0,0.0,0.0,3
Q07820,0.0,0.0,0.0,2
Q07864,0.0,0.0,0.0,18
Q07866,0.0,0.0,0.0,7
Q07869,0.0,0.0,0.0,5
Q07889,0.0,0.0,0.0,7
Q07890,0.0,0.0,0.0,10
Q07912,0.0,0.0,0.0,4
Q07954,1.0,1.0,1.0,19
Q07960,0.0,0.0,0.0,7
Q07973,0.0,0.0,0.0,6
Q08050,0.0,0.0,0.0,4
Q08116,0.0,0.0,0.0,2
Q08117,0.0,0.0,0.0,1
Q08174,0.0,0.0,0.0,8
Q08209,0.0,0.0,0.0,4
Q08211,0.0,0.0,0.0,12
Q08257,0.0,0.0,0.0,2
Q08289,0.0,0.0,0.0,4
Q08345,0.0,0.0,0.0,6
Q08378,0.0,0.0,0.0,11
Q08379,0.0,0.0,0.0,8
Q08380,0.0,0.0,0.0,2
Q08397,0.0,0.0,0.0,3
Q08431,0.0,0.0,0.0,3
Q08462,0.0,0.0,0.0,8
Q08493,0.0,0.0,0.0,6
Q08499,0.0,0.0,0.0,4
Q08708,0.0,0.0,0.0,1
Q08945,0.0,0.0,0.0,4
Q08999,0.0,0.0,0.0,3
Q08AD1,0.0,0.0,0.0,13
Q08AF3,0.0,0.0,0.09090909090909091,11
Q08AG5,0.0,0.0,0.0,4
Q08AG7,0.0,0.0,0.0,2
Q08AI8,0.0,0.0,0.0,1
Q08AM6,0.0,0.0,0.0,15
Q08J23,0.0,0.0,0.0,5
Q09013,0.0,0.0,0.0,7
Q09019,0.0,0.0,0.0,3
Q09028,0.0,0.0,0.0,2
Q09161,0.0,0.0,0.0,7
Q09327,0.0,0.0,0.0,2
Q09328,0.0,0.0,0.0,5
Q09472,0.0,0.0,0.0,12
Q09666,1.0,1.0,1.0,66
Q0D2I5,0.0,0.0,0.0,2
Q0D2K0,0.0,0.0,0.0,4
Q0D2K2,0.0,0.0,0.0,7
Q0IIM8,0.0,0.0,0.0,7
Q0JRZ9,0.0,0.0,0.0,6
Q0P651,0.0,0.0,0.0,2
Q0P6D6,0.0,0.0,0.0,9
Q0VAM2,0.0,0.0,0.0,5
Q0VD83,0.0,0.0,0.0,4
Q0VDD8,1.0,1.0,1.0,23
Q0VDF9,0.0,0.0,0.0,3
Q0VDG4,0.0,0.0,0.0,2
Q0VF96,0.0,0.0,0.0,8
Q0VG06,0.0,0.0,0.0,7
Q10469,0.0,0.0,0.0,4
Q10471,0.0,0.0,0.0,4
Q10472,0.0,0.0,0.0,4
Q10567,0.0,0.0,0.0,15
Q10570,0.0,0.0,0.0,16
Q10586,0.0,0.0,0.0,2
Q10588,0.0,0.0,0.0,3
Q10589,0.0,0.0,0.0,2
Q10713,0.0,0.0,0.0,3
Q10981,0.0,0.0,0.0,1
Q11203,0.0,0.0,0.0,2
Q12756,0.0,0.0,0.0,7
Q12766,0.0,0.0,0.0,14
Q12767,0.0,0.0,0.0,11
Q12768,0.0,0.0,0.058823529411764705,17
Q12769,0.0,0.0,0.0,18
Q12770,0.0,0.0,0.0,13
Q12772,0.0,0.0,0.0,10
Q12774,0.0,0.0,0.0,4
Q12778,0.0,0.0,0.0,4
Q12788,0.0,0.0,0.0,9
Q12789,0.0,0.0,0.0,15
Q12791,0.0,0.0,0.0,11
Q12792,0.0,0.0,0.0,1
Q12796,0.0,0.0,0.0,2
Q12797,0.0,0.0,0.0,5
Q12800,0.0,0.0,0.0,3
Q12802,1.0,1.0,1.0,14
Q12815,0.0,0.0,0.0,3
Q12816,0.0,0.0,0.0,5
Q12824,0.0,0.0,0.0,3
Q12830,1.0,1.0,1.0,12
Q12834,0.0,0.0,0.0,2
Q12840,0.0,0.0,0.0,11
Q12841,0.0,0.0,0.0,2
Q12849,0.0,0.0,0.0,1
Q12852,0.0,0.0,0.0,3
Q12864,0.0,0.0,0.0,6
Q12866,0.0,0.0,0.0,9
Q12872,0.0,0.0,0.0,6
Q12873,0.0,0.0,0.0,7
Q12874,0.0,0.0,0.0,2
Q12879,0.0,0.0,0.0,6
Q12887,0.0,0.0,0.0,2
Q12888,0.0,0.0,0.0,2
Q12891,0.0,0.0,0.0,4
Q12893,0.0,0.0,0.0,5
Q12894,0.0,0.0,0.0,7
Q12899,0.0,0.0,0.0,6
Q12904,0.0,0.0,0.0,3
Q12905,0.0,0.0,0.0,10
Q12906,0.0,0.0,0.0,6
Q12907,0.0,0.0,0.0,2
Q12912,0.0,0.0,0.0,2
Q12913,0.0,0.0,0.0,4
Q12923,0.0,0.0,0.0,7
Q12926,0.0,0.0,0.0,3
Q12929,0.0,0.0,0.0,7
Q12931,0.0,0.0,0.0,11
Q12933,0.0,0.0,0.0,7
Q12947,0.0,0.0,0.0,4
Q12948,0.0,0.0,0.0,2
Q12955,1.0,1.0,1.0,19
Q12959,0.0,0.0,0.0,10
Q12962,0.0,0.0,0.0,5
Q12965,0.0,0.0,0.0,11
Q12967,0.0,0.0,0.0,5
Q12968,0.0,0.0,0.0,2
Q12972,0.0,0.0,0.0,3
Q12974,0.0,0.0,0.0,1
Q12979,0.0,0.0,0.0,8
Q12980,0.0,0.0,0.0,2
Q12981,0.0,0.0,0.0,1
Q12982,0.0,0.0,0.0,3
Q12983,0.0,0.0,0.0,1
Q12996,0.0,0.0,0.0,4
Q13003,0.0,0.0,0.0,8
Q13007,0.0,0.0,0.0,2
Q13011,0.0,0.0,0.0,3
Q13017,0.0,0.0,0.0,13
Q13018,0.0,0.0,0.0,9
Q13023,0.0,0.0,0.0,9
Q13029,0.0,0.0,0.0,4
Q13033,0.0,0.0,0.0,9
Q13042,0.0,0.0,0.0,4
Q13045,0.0,0.0,0.0,12
Q13057,0.0,0.0,0.0,9
Q13077,0.0,0.0,0.0,5
Q13085,0.0,0.0,0.0,22
Q13094,0.0,0.0,0.0,4
Q13098,0.0,0.0,0.0,4
Q13099,0.0,0.0,0.0,6
Q13107,0.0,0.0,0.0,11
Q13111,0.0,0.0,0.0,3
Q13112,0.0,0.0,0.0,2
Q13115,0.0,0.0,0.0,5
Q13118,0.0,0.0,0.0,4
Q13123,0.0,0.0,0.0,4
Q13126,0.0,0.0,0.0,2
Q13127,0.0,0.0,0.0,3
Q13129,0.0,0.0,0.0,3
Q13131,0.0,0.0,0.0,7
Q13133,0.0,0.0,0.0,4
Q13136,0.0,0.0,0.0,11
Q13137,0.0,0.0,0.0,2
Q13144,0.0,0.0,0.0,5
Q13148,0.0,0.0,0.0,2
Q13151,0.0,0.0,0.0,5
Q13155,0.0,0.0,0.0,5
Q13158,0.0,0.0,0.0,3
Q13162,0.0,0.0,0.0,2
Q13164,0.0,0.0,0.0,3
Q13177,0.0,0.0,0.0,5
Q13190,0.0,0.0,0.0,2
Q13191,0.0,0.0,0.0,10
Q13200,0.0,0.0,0.0,12
Q13201,0.0,0.0,0.0,15
Q13203,0.0,0.0,0.0,2
Q13206,0.0,0.0,0.0,5
Q13207,0.0,0.0,0.0,7
Q13217,0.0,0.0,0.0,6
Q13219,0.0,0.0,0.0,10
Q13228,0.0,0.0,0.0,5
Q13232,0.0,0.0,0.0,4
Q13233,0.0,0.0,0.0,7
Q13243,0.0,0.0,0.0,1
Q13257,0.0,0.0,0.0,6
Q13263,0.0,0.0,0.0,6
Q13268,0.0,0.0,0.0,2
Q13275,0.0,0.0,0.0,1
Q13283,0.0,0.16666666666666666,0.0,6
Q13286,0.0,0.0,0.0,8
Q13287,0.0,0.0,0.0,1
Q13291,0.0,0.0,0.0,4
Q13303,0.0,0.0,0.0,3
Q13308,0.0,0.0,0.0,5
Q13309,0.0,0.0,0.0,2
Q13310,0.0,0.0,0.0,6
Q13315,1.0,1.0,1.0,33
Q13322,0.0,0.0,0.0,3
Q13324,0.0,0.0,0.0,1
Q13325,0.0,0.0,0.0,6
Q13330,0.0,0.0,0.0,5
Q13332,0.0,0.0,0.0,13
Q13336,0.0,0.0,0.0,5
Q13342,0.0,0.0,0.0,6
Q13347,0.0,0.0,0.0,4
Q13349,0.0,0.0,0.0,7
Q13352,0.0,0.0,0.0,3
Q13356,0.0,0.0,0.0,3
Q13362,0.0,0.0,0.0,5
Q13363,0.0,0.0,0.0,5
Q13367,0.0,0.0,0.0,6
Q13370,0.0,0.0,0.0,4
Q13371,0.0,0.0,0.0,3
Q13393,0.0,0.0,0.0,5
Q13394,0.0,0.0,0.0,7
Q13395,0.0,0.0,0.0,22
Q13402,0.0,0.0,0.0,12
Q13410,0.0,0.0,0.0,3
Q13415,0.0,0.0,0.0,3
Q13416,0.0,0.0,0.0,6
Q13418,0.0,0.0,0.0,3
Q13421,0.0,0.0,0.0,10
Q13422,0.0,0.0,0.0,1
Q13423,0.0,0.0,0.0,12
Q13424,0.0,0.0,0.0,6
Q13425,0.0,0.0,0.0,7
Q13428,0.0,0.0,0.0,6
Q13433,0.0,0.0,0.0,7
Q13435,0.0,0.0,0.0,2
Q13438,0.0,0.0,0.0,2
Q13439,0.0,0.0,0.0,18
Q13442,0.0,0.0,0.0,1
Q13444,0.0,0.0,0.0,2
Q13454,0.0,0.0,0.0,2
Q13459,0.0,0.0,0.0,15
Q13464,0.0,0.0,0.0,9
Q13472,0.0,0.0,0.0,6
Q13474,0.0,0.0,0.0,8
Q13480,0.0,0.0,0.0,3
Q13485,0.0,0.0,0.0,4
Q13487,0.0,0.0,0.0,2
Q13488,0.0,0.0,0.0,22
Q13490,0.0,0.0,0.0,1
Q13491,0.0,0.0,0.0,1
Q13492,0.0,0.0,0.0,9
Q13496,0.0,0.0,0.0,6
Q13501,0.0,0.0,0.0,4
Q13503,0.0,0.0,0.0,1
Q13505,0.0,0.0,0.0,3
Q13506,0.0,0.0,0.0,3
Q13516,0.0,0.0,0.0,2
Q13530,0.0,0.0,0.0,5
Q13535,0.0,0.0,0.0,29
Q13546,0.0,0.14285714285714285,0.0,7
Q13547,0.0,0.0,0.0,4
Q13554,0.0,0.0,0.0,6
Q13555,0.0,0.0,0.0,4
Q13557,0.0,0.0,0.0,6
Q13561,0.0,0.0,0.0,5
Q13564,0.0,0.0,0.0,4
Q13568,0.0,0.0,0.0,1
Q13569,0.0,0.0,0.0,3
Q13571,0.0,0.0,0.0,4
Q13572,0.0,0.0,0.0,5
Q13573,0.0,0.0,0.0,1
Q13574,0.0,0.0,0.0,3
Q13576,0.0,0.0,0.0,24
Q13585,0.0,0.0,0.0,7
Q13586,0.0,0.0,0.0,9
Q13588,0.0,0.0,0.0,2
Q13596,0.0,0.0,0.0,5
Q13608,0.0,0.0,0.0,6
Q13610,0.0,0.0,0.0,3
Q13613,0.0,0.0,0.0,7
Q13614,0.0,0.0,0.0,12
Q13615,0.0,0.0,0.0,4
Q13616,0.0,0.0,0.0,8
Q13617,0.0,0.0,0.0,7
Q13618,0.0,0.0,0.0,9
Q13619,0.0,0.0,0.0,5
Q13620,0.0,0.0,0.0,12
Q13621,0.0,0.0,0.0,6
Q13625,0.0,0.0,0.0,7
Q13627,0.0,0.0,0.0,4
Q13630,0.0,0.0,0.0,4
Q13651,0.0,0.0,0.0,2
Q13671,0.0,0.0,0.0,3
Q13683,0.0,0.0,0.0,6
Q13685,0.0,0.0,0.0,3
Q13686,0.0,0.0,0.0,6
Q13698,0.0,0.0,0.0,12
Q13724,0.0,0.0,0.0,6
Q13733,0.0,0.0,0.0,7
Q13751,0.0,0.0,0.0,4
Q13761,0.0,0.0,0.0,4
Q13769,0.0,0.0,0.0,7
Q13772,0.0,0.0,0.0,1
Q13794,0.0,0.0,0.0,1
Q13795,0.0,0.0,0.0,1
Q13796,0.0,0.0,0.0,7
Q13813,0.0,0.0,0.0,20
Q13822,0.0,0.0,0.125,8
Q13823,0.0,0.0,0.0,4
Q13829,0.0,0.0,0.0,6
Q13835,0.0,0.0,0.0,2
Q13838,0.0,0.0,0.0,5
Q13867,0.0,0.0,0.0,4
Q13868,0.0,0.0,0.0,3
Q13873,0.0,0.0,0.0,5
Q13882,0.0,0.0,0.0,5
Q13884,0.0,0.0,0.0,5
Q13885,0.0,0.0,0.0,3
Q13887,0.0,0.0,0.0,1
Q13888,0.0,0.0,0.0,2
Q13889,0.0,0.0,0.0,3
Q13895,0.0,0.0,0.0,4
Q13905,0.0,0.0,0.0,4
Q13907,0.0,0.0,0.0,5
Q13950,0.0,0.0,0.0,8
Q13952,0.0,0.0,0.0,4
Q13972,0.0,0.0,0.0,10
Q14004,0.0,0.0,0.0,8
Q14005,0.0,0.0,0.0,7
Q14008,0.0,0.0,0.0,27
Q14011,0.0,0.0,0.0,2
Q14012,0.0,0.0,0.0,2
Q14094,0.0,0.0,0.0,8
Q14103,0.0,0.0,0.0,2
Q14106,0.0,0.0,0.0,3
Q14108,0.0,0.0,0.0,8
Q14114,0.0,0.0,0.0,3
Q14116,0.0,0.0,0.0,2
Q14119,0.0,0.0,0.0,3
Q14123,0.0,0.0,0.0,3
Q14126,0.0,0.0,0.0,4
Q14135,0.0,0.0,0.0,1
Q14137,0.0,0.0,0.0,4
Q14139,0.0,0.0,0.0,22
Q14141,0.0,0.0,0.0,3
Q14142,0.0,0.0,0.0,4
Q14145,0.0,0.0,0.0,6
Q14146,0.0,0.0,0.0,21
Q14147,0.0,0.0,0.0,4
Q14149,0.0,0.0,0.0,5
Q14151,0.0,0.0,0.0,1
Q14152,0.0,0.0,0.0,10
Q14153,0.0,0.0,0.0,1
Q14154,0.0,0.0,0.0,4
Q14155,0.0,0.0,0.0,7
Q14156,0.0,0.0,0.0,8
Q14157,0.0,0.0,0.0,7
Q14160,0.0,0.0,0.0,9
Q14161,0.0,0.0,0.0,6
Q14164,0.0,0.0,0.0,8
Q14165,0.0,0.0,0.0,4
Q14166,0.0,0.0,0.0,3
Q14181,0.0,0.0,0.0,6
Q14185,0.0,0.0,0.0,16
Q14188,0.0,0.0,0.0,3
Q14190,0.0,0.0,0.0,6
Q14191,0.0,0.0,0.0,15
Q14192,0.0,0.0,0.0,3
Q14194,0.0,0.0,0.0,2
Q14201,0.0,0.0,0.0,1
Q14202,0.0,0.0,0.0,11
Q14203,0.0,0.0,0.0,17
Q14204,1.0,1.0,1.0,73
Q14207,0.0,0.0,0.0,5
Q14209,0.0,0.0,0.0,3
Q14213,0.0,0.0,0.0,2
Q14232,0.0,0.0,0.0,4
Q14240,0.0,0.0,0.0,6
Q14241,0.0,0.0,0.0,5
Q14246,0.0,0.0,0.0,6
Q14247,0.0,0.0,0.0,2
Q14249,0.0,0.0,0.0,5
Q14254,0.0,0.0,0.0,6
Q14257,0.0,0.0,0.0,2
Q14289,0.0,0.0,0.0,5
Q14296,0.0,0.0,0.0,5
Q14315,1.0,1.0,1.0,12
Q14318,0.0,0.0,0.0,3
Q14320,0.0,0.0,0.0,1
Q14324,0.0,0.0,0.0,5
Q14331,0.0,0.0,0.0,4
Q14332,0.0,0.0,0.0,7
Q14344,0.0,0.0,0.0,2
Q14376,0.0,0.0,0.0,2
Q14393,0.0,0.0,0.0,4
Q14435,0.0,0.0,0.0,8
Q14439,0.0,0.0,0.0,3
Q14442,0.0,0.0,0.0,2
Q14444,0.0,0.0,0.0,8
Q14449,0.0,0.0,0.0,5
Q14457,0.0,0.0,0.0,2
Q14493,0.0,0.0,0.0,1
Q14494,0.0,0.0,0.0,7
Q14498,0.0,0.0,0.0,5
Q14511,0.0,0.0,0.0,8
Q14517,1.0,1.0,1.0,23
Q14526,0.0,0.0,0.0,4
Q14527,0.0,0.0,0.0,7
Q14533,0.0,0.0,0.0,5
Q14534,0.0,0.0,0.0,10
Q14541,0.0,0.0,0.0,2
Q14542,0.0,0.0,0.0,5
Q14554,0.0,0.0,0.0,3
Q14558,0.0,0.0,0.0,4
Q14562,0.0,0.0,0.0,10
Q14566,0.0,0.0,0.0,8
Q14568,0.0,0.0,0.0,3
Q14571,1.0,1.0,1.0,29
Q14573,0.0,0.0,0.0,24
Q14582,0.0,0.0,0.0,1
Q14586,0.0,0.0,0.0,2
Q14592,0.0,0.0,1.0,1
Q14596,0.0,0.0,0.0,6
Q14624,0.0,0.0,0.0,9
Q14626,0.0,0.0,0.0,5
Q14627,0.0,0.0,0.0,2
Q14643,1.0,1.0,1.0,26
Q14644,0.0,0.0,0.0,5
Q14651,0.0,0.0,0.0,4
Q14653,0.0,0.0,0.0,4
Q14667,0.0,0.0,0.0,17
Q14669,0.058823529411764705,0.058823529411764705,0.058823529411764705,17
Q14671,0.0,0.0,0.0,4
Q14674,0.0,0.0,0.0,19
Q14676,0.0,0.0,0.0,10
Q14677,0.0,0.0,0.0,3
Q14678,0.0,0.0,0.0,11
Q14679,0.0,0.0,0.0,8
Q14680,0.0,0.0,0.0,9
Q14683,0.0,0.0,0.0,13
Q14684,0.0,0.0,0.0,4
Q14686,0.0,0.0,0.0,13
Q14687,0.0,0.0,0.0,5
Q14689,0.0,0.0,0.0,13
Q14690,0.0,0.0,0.0,11
Q14691,0.0,0.0,0.0,3
Q14692,0.0,0.0,0.0,10
Q14693,0.0,0.0,0.0,4
Q14694,0.0,0.0,0.0,7
Q14696,0.0,0.0,0.0,1
Q14697,0.0,0.0,0.0,8
Q14699,0.0,0.0,0.0,3
Q14703,0.0,0.0,0.0,5
Q14728,0.0,0.0,0.0,2
Q14738,0.0,0.0,0.1,10
Q14739,0.0,0.0,0.0,13
Q14746,0.0,0.0,0.0,10
Q14764,0.0,0.0,0.0,5
Q14765,0.0,0.0,0.0,9
Q14766,0.0,0.0,0.0,2
Q14767,0.0,0.0,0.0,2
Q14774,0.0,0.0,0.0,3
Q14781,0.0,0.0,0.0,2
Q14789,1.0,1.0,1.0,30
Q14790,0.0,0.0,0.0,9
Q147X3,0.0,0.0,0.0,3
Q14807,0.0,0.0,0.0,5
Q14814,0.0,0.0,0.0,3
Q14839,0.0,0.0,0.0,7
Q14849,0.0,0.0,0.0,5
Q14865,0.0,0.0,0.0,1
Q14916,0.0,0.0,0.0,4
Q14919,0.0,0.0,0.0,2
Q14938,0.0,0.0,0.0,6
Q14940,0.0,0.0,0.0,9
Q14956,0.0,0.0,0.0,6
Q14957,0.0,0.0,0.0,4
Q14966,0.0,0.0,0.0,8
Q14974,0.0,0.0,0.0,15
Q14980,0.0,0.0,0.0,15
Q14995,0.0,0.0,0.0,4
Q14997,0.0,0.0,0.0,20
Q14999,0.0,0.0,0.0,16
Q149N8,0.0,0.0,0.0,14
Q14BN4,0.0,0.0,0.0,4
Q14C86,0.0,0.0,0.0,11
Q14CB8,0.0,0.0,0.0,4
Q14CS0,0.0,0.0,0.0,2
Q14CX7,0.0,0.0,0.0,12
Q14CZ0,0.0,0.0,0.0,1
Q14CZ7,0.0,0.0,0.0,8
Q14D33,0.0,0.0,0.0,3
Q14DG7,0.0,0.0,0.0,5
Q15003,0.0,0.0,0.0,3
Q15005,0.0,0.0,0.0,6
Q15006,0.0,0.0,0.0,2
Q15007,0.0,0.0,0.0,6
Q15008,0.0,0.0,0.0,6
Q15011,0.0,0.0,0.0,4
Q15013,0.0,0.0,0.0,1
Q15014,0.0,0.0,0.0,2
Q15018,0.0,0.0,0.0,3
Q15019,0.0,0.0,0.0,4
Q15020,0.0,0.0,0.0,6
Q15021,0.0,0.0,0.0,18
Q15022,0.0,0.0,0.0,5
Q15024,0.0,0.0,0.0,2
Q15025,0.0,0.0,0.0,5
Q15027,0.0,0.0,0.0,8
Q15029,0.0,0.0,0.0,11
Q15031,0.0,0.0,0.0,3
Q15032,0.0,0.0,0.0,5
Q15034,0.0,0.0,0.0,14
Q15035,0.0,0.0,0.0,4
Q15036,0.0,0.0,0.0,2
Q15038,0.0,0.0,0.0,1
Q15041,0.0,0.0,0.0,4
Q15042,0.0,0.0,0.0,7
Q15043,0.0,0.0,0.0,5
Q15046,0.0,0.0,0.0,6
Q15047,0.0,0.0,0.0,3
Q15048,0.0,0.0,0.0,7
Q15049,0.0,0.0,0.0,5
Q15050,0.0,0.0,0.0,2
Q15051,0.0,0.0,0.0,6
Q15052,0.0,0.0,0.0,5
Q15053,0.0,0.0,0.0,2
Q15056,0.0,0.0,0.0,2
Q15057,0.0,0.0,0.0,2
Q15058,0.0,0.0,0.0,8
Q15059,0.0,0.0,0.0,4
Q15061,0.0,0.0,0.0,5
Q15063,0.0,0.0,0.0,9
Q15067,0.0,0.0,0.0,9
Q15075,0.0,0.0,0.0,15
Q15077,0.0,0.0,0.0,1
Q15080,0.0,0.0,0.0,2
Q15084,0.0,0.0,0.0,6
Q15109,0.0,0.0,0.0,1
Q15121,0.0,0.0,0.5,2
Q15124,0.0,0.0,0.0,4
Q15125,0.0,0.0,0.0,3
Q15131,0.0,0.0,0.0,3
Q15147,0.0,0.0,0.0,8
Q15149,1.0,1.0,1.0,39
Q15154,0.0,0.0,0.0,17
Q15155,0.0,0.0,0.0,15
Q15165,0.0,0.0,0.0,3
Q15166,0.0,0.0,0.0,2
Q15172,0.0,0.0,0.0,5
Q15181,0.0,0.0,0.0,2
Q15208,0.0,0.0,0.0,3
Q15223,0.0,0.0,0.2,5
Q15233,0.0,0.0,0.0,6
Q15238,0.0,0.0,0.0,2
Q15257,0.0,0.0,0.0,6
Q15262,0.0,0.0,0.0,11
Q15269,0.0,0.0,0.0,2
Q15274,0.0,0.0,0.0,8
Q15283,0.0,0.0,0.0,2
Q15291,0.0,0.0,0.0,2
Q15293,0.0,0.0,0.0,5
Q15306,0.0,0.0,0.0,4
Q15323,0.0,0.0,0.0,3
Q15327,0.0,0.0,0.0,5
Q15334,0.0,0.0,0.0,7
Q15345,0.0,0.0,0.0,5
Q15349,0.0,0.0,0.0,3
Q15361,0.0,0.0,0.0,6
Q15363,0.0,0.0,0.0,4
Q15365,0.0,0.0,0.0,5
Q15366,0.0,0.0,0.0,3
Q15370,0.0,0.0,0.0,1
Q15375,0.0,0.0,0.0,5
Q15382,0.0,0.0,0.0,1
Q15386,0.0,0.0,0.0,11
Q15388,0.0,0.0,0.0,1
Q15389,0.0,0.0,0.0,4
Q15392,0.0,0.0,0.0,5
Q15393,0.0,0.0,0.0,10
Q15397,0.0,0.0,0.0,9
Q15398,0.0,0.0,0.0,6
Q15399,0.0,0.0,0.0,3
Q15404,0.0,0.0,0.0,6
Q15406,0.0,0.0,0.0,6
Q15413,1.0,1.0,1.0,37
Q15417,0.0,0.0,0.0,1
Q15418,0.0,0.0,0.0,1
Q15424,0.0,0.0,0.0,1
Q15427,0.0,0.0,0.0,3
Q15428,0.0,0.0,0.0,12
Q15435,0.0,0.0,0.0,3
Q15436,0.0,0.0,0.0,6
Q15437,0.0,0.0,0.0,3
Q15438,0.0,0.0,0.0,1
Q15459,0.0,0.0,0.0,10
Q15468,0.0,0.0,0.0,6
Q15475,0.0,0.0,0.0,2
Q15477,0.0,0.0,0.0,12
Q15486,0.0,0.0,0.0,2
Q15517,0.0,0.0,0.0,2
Q15528,0.0,0.0,0.0,1
Q15532,0.0,0.0,0.0,3
Q15542,0.0,0.0,0.0,4
Q15543,0.0,0.0,0.0,1
Q15544,0.0,0.0,0.0,1
Q15545,0.0,0.0,0.0,4
Q15554,0.0,0.0,0.0,3
Q15555,0.0,0.0,0.0,1
Q15562,0.0,0.0,0.0,1
Q15573,0.0,0.0,0.0,6
Q15582,0.0,0.0,0.0,7
Q15583,0.0,0.0,0.0,2
Q15596,0.0,0.0,0.0,4
Q15628,0.0,0.0,0.0,5
Q15629,0.0,0.0,0.0,7
Q15631,0.0,0.0,0.0,2
Q15633,0.0,0.0,0.0,3
Q15642,0.0,0.0,0.0,2
Q15643,0.0,0.0,0.0,24
Q15645,0.0,0.0,0.0,8
Q15646,0.0,0.0,0.0,3
Q15648,0.0,0.0,0.0,9
Q15649,0.0,0.0,0.0,1
Q15650,0.0,0.0,0.0,2
Q15652,0.0,0.0,0.0,10
Q15653,0.0,0.0,0.0,3
Q15654,0.0,0.0,0.0,4
Q15669,0.0,0.0,0.0,1
Q15672,0.0,0.0,0.0,2
Q15678,0.0,0.0,0.0,7
Q15691,0.0,0.0,0.0,2
Q15696,0.0,0.0,0.0,2
Q15714,0.0,0.0,0.0,5
Q15717,0.0,0.0,0.0,4
Q15723,0.0,0.0,0.0,4
Q15726,0.0,0.0,0.0,1
Q15738,0.0,0.0,0.0,2
Q15742,0.0,0.0,0.0,4
Q15743,0.0,0.0,0.0,3
Q15746,0.0,0.0,0.0,6
Q15750,0.0,0.0,0.0,7
Q15751,1.0,1.0,1.0,44
Q15758,0.0,0.0,0.0,8
Q15761,0.0,0.0,0.0,3
Q15772,1.0,1.0,1.0,14
Q15776,0.0,0.0,0.0,5
Q15782,0.0,0.0,0.0,7
Q15785,0.0,0.0,0.0,3
Q15788,0.0,0.0,0.0,7
Q15796,0.0,0.0,0.0,3
Q15800,0.0,0.0,0.0,3
Q15811,0.0,0.0,0.0,12
Q15813,0.0,0.0,0.0,6
Q15814,0.0,0.0,0.0,3
Q15825,0.0,0.0,0.0,3
Q15831,0.0,0.0,0.0,3
Q15833,0.0,0.0,0.0,12
Q15843,0.0,0.0,0.0,1
Q15853,0.0,0.0,0.0,3
Q15878,0.0,0.0,0.0,11
Q15884,0.0,0.0,0.0,4
Q15904,0.0,0.0,0.0,7
Q15910,0.0,0.0,0.0,3
Q15911,1.0,1.0,1.0,22
Q15915,0.0,0.0,0.0,2
Q15916,0.0,0.0,0.0,1
Q16181,0.0,0.0,0.0,4
Q16186,0.0,0.0,0.0,4
Q16204,0.0,0.0,0.0,3
Q16206,0.0,0.0,0.0,6
Q16222,0.0,0.0,0.0,3
Q16236,0.0,0.0,0.0,4
Q16254,0.0,0.0,0.0,2
Q16352,0.0,0.0,0.0,7
Q16363,0.0,0.0,0.0,15
Q16384,0.0,0.0,0.0,2
Q16385,0.0,0.0,0.0,1
Q16401,0.0,0.0,0.0,6
Q16512,0.0,0.0,0.0,5
Q16513,0.0,0.0,0.0,15
Q16527,0.0,0.0,0.0,1
Q16531,0.0,0.0,0.0,23
Q16533,0.0,0.0,0.0,2
Q16537,0.0,0.0,0.0,7
Q16543,0.0,0.0,0.0,3
Q16548,0.0,0.0,0.0,2
Q16549,0.0,0.0,0.0,4
Q16553,0.0,0.0,0.0,1
Q16555,0.0,0.0,0.0,2
Q16563,0.0,0.0,0.0,4
Q16566,0.0,0.0,0.0,3
Q16570,0.0,0.0,0.0,3
Q16572,0.0,0.0,0.0,11
Q16576,0.0,0.0,0.0,2
Q16584,0.0,0.0,0.0,3
Q16585,0.0,0.0,0.0,2
Q16589,0.0,0.0,0.0,2
Q16610,0.0,0.0,0.0,2
Q16611,0.0,0.0,0.0,4
Q16623,0.0,0.0,0.0,4
Q16630,0.0,0.0,0.0,2
Q16633,0.0,0.0,0.0,1
Q16643,0.0,0.0,0.0,2
Q16647,0.0,0.0,0.0,5
Q16649,0.0,0.0,0.0,4
Q16655,0.0,0.0,0.0,2
Q16656,0.0,0.0,0.0,5
Q16658,0.0,0.0,0.0,2
Q16659,0.0,0.0,0.0,8
Q16665,0.0,0.0,0.0,9
Q16666,0.0,0.0,0.0,5
Q16667,0.0,0.0,0.0,2
Q16676,0.0,0.0,0.0,1
Q16678,0.0,0.0,0.0,5
Q16690,0.0,0.0,0.0,4
Q16706,0.0,0.0,0.0,13
Q16718,0.0,0.0,0.0,2
Q16719,0.0,0.0,0.0,3
Q16739,0.0,0.0,0.0,5
Q16740,0.0,0.0,0.0,2
Q16760,0.0,0.0,0.0,12
Q16763,0.0,0.0,0.0,4
Q16773,0.0,0.0,0.0,5
Q16774,0.0,0.0,0.0,3
Q16775,0.0,0.0,0.0,4
Q16778,0.0,0.0,0.0,2
Q16787,1.0,1.0,1.0,22
Q16790,0.0,0.0,0.0,3
Q16795,0.0,0.0,0.0,4
Q16821,0.0,0.0,0.0,2
Q16822,0.0,0.0,0.0,1
Q16827,0.0,0.0,0.0,7
Q16828,0.0,0.0,0.3333333333333333,3
Q16829,0.0,0.0,0.0,3
Q16831,0.0,0.0,0.0,1
Q16832,0.0,0.0,0.0,7
Q16836,0.0,0.0,0.0,2
Q16849,0.0,0.0,0.0,4
Q16850,0.0,0.0,0.0,9
Q16851,0.0,0.0,0.0,6
Q16853,0.0,0.0,0.0,3
Q16854,0.0,0.0,0.0,4
Q16864,0.0,0.0,0.0,2
Q16873,0.0,0.0,0.0,3
Q16875,0.0,0.0,0.0,6
Q16877,0.0,0.0,0.0,5
Q16880,0.0,0.0,0.0,4
Q16891,0.0,0.0,0.0,4
Q17R31,0.0,0.0,0.0,3
Q17R98,0.0,0.0,0.0,3
Q17RB8,0.0,0.0,0.0,6
Q17RP2,0.0,0.0,0.0,6
Q17RS7,0.0,0.0,0.0,6
Q17RW2,0.0,0.0,0.0,8
Q17RY0,0.0,0.0,0.0,2
Q18PE1,0.0,0.0,0.0,2
Q1A5X7,0.0,0.0,0.0,1
Q1AE95,0.0,0.0,0.0,1
Q1ED39,0.0,0.0,0.0,2
Q1KMD3,0.0,0.0,0.0,3
Q1RMZ1,0.0,0.0,0.0,3
Q1XH10,0.0,0.0,0.0,5
Q24JP5,0.0,0.0,0.0,8
Q24JQ0,0.0,0.0,0.0,1
Q27J81,0.0,0.0,0.0,14
Q29980,0.0,0.0,0.0,2
Q29RF7,0.0,0.0,0.0,14
Q2FVX4,0.0,0.0,0.0,1
Q2FX65,0.0,0.0,0.0,25
Q2G080,0.0,0.0,0.0,4
Q2G168,0.0,0.0,0.0,4
Q2G1K8,0.0,0.0,0.0,2
Q2KHM9,0.0,0.0,0.0,3
Q2KHR3,0.0,0.0,0.0,13
Q2KHT3,0.0,0.0,0.0,8
Q2KJY2,0.0,0.0,0.0,5
Q2LD37,1.0,1.0,1.0,31
Q2M1K9,0.0,0.0,0.0,7
Q2M1P5,0.0,0.0,0.0,9
Q2M1Z3,0.0,0.0,0.0,9
Q2M238,0.0,0.0,0.0,1
Q2M243,0.0,0.0,0.0,5
Q2M2I5,0.0,0.0,0.0,3
Q2M2I8,0.0,0.0,0.14285714285714285,7
Q2M389,0.0,0.0,0.0,18
Q2M3D2,0.0,0.0,0.0,10
Q2MV58,0.0,0.0,0.0,5
Q2NKJ3,0.0,0.0,0.0,7
Q2NKX8,0.0,0.0,0.0,6
Q2NL68,0.0,0.0,0.0,3
Q2NL82,0.0,0.0,0.0,6
Q2NL98,0.0,0.0,0.0,1
Q2PPJ7,0.0,0.0,0.0,19
Q2PZI1,0.0,0.0,0.0,4
Q2QD12,0.0,0.0,0.0,5
Q2QGD7,0.0,0.0,0.0,3
Q2T9J0,0.0,0.0,0.0,3
Q2T9K0,0.0,0.0,0.0,3
Q2TAA5,0.0,0.0,0.0,6
Q2TAK8,0.0,0.0,0.0,6
Q2TAL8,0.0,0.0,0.0,13
Q2TAY7,0.0,0.0,0.0,5
Q2TAZ0,0.0,0.0,0.0,15
Q2TB10,0.0,0.0,0.0,4
Q2TB90,0.0,0.0,0.0,9
Q2TBE0,0.0,0.0,0.0,3
Q2V2M9,0.0,0.0,0.0,10
Q2VIQ3,0.0,0.0,0.0,9
Q2VIR3,0.0,0.0,0.0,8
Q2VPB7,0.0,0.0,0.0,14
Q2VPK5,0.0,0.0,0.0,4
Q2VYF4,0.0,0.0,0.0,8
Q30154,0.0,0.0,0.0,2
Q32MH5,0.0,0.0,0.0,6
Q32MK0,0.0,0.0,0.0,5
Q32MZ4,0.0,0.0,0.0,4
Q32NB8,0.0,0.0,0.0,5
Q32P28,0.0,0.0,0.0,6
Q32P41,0.0,0.0,0.0,6
Q38SD2,0.0,0.0,0.0,14
Q3B726,0.0,0.0,0.0,1
Q3B7J2,0.0,0.0,0.0,3
Q3B7T1,0.0,0.0,0.0,13
Q3B820,0.0,0.0,0.0,3
Q3BBV0,0.0,0.0,0.0,9
Q3KNS1,0.0,0.0,0.0,11
Q3KNV8,0.0,0.0,0.0,3
Q3KP31,0.0,0.0,0.0,2
Q3KP66,0.0,0.0,0.0,1
Q3KR37,0.0,0.0,0.0,2
Q3KRA9,0.0,0.0,0.0,1
Q3KRB8,0.0,0.0,0.0,5
Q3L8U1,1.0,1.0,1.0,13
Q3LXA3,0.0,0.0,0.0,6
Q3MIP1,0.0,0.0,0.0,2
Q3MIR4,0.0,0.0,0.0,2
Q3MIT2,0.0,0.0,0.0,5
Q3MIX3,0.0,0.0,0.0,3
Q3SXM5,0.0,0.0,0.0,1
Q3SY69,0.0,0.0,0.0,9
Q3SY84,0.0,0.0,0.0,5
Q3SYG4,0.0,0.0,0.0,4
Q3T8J9,0.0,0.0,0.0,8
Q3T906,0.0,0.0,0.0,8
Q3V6T2,0.0,0.0,0.0,16
Q3YBR2,0.0,0.0,0.0,2
Q3YEC7,0.0,0.0,0.0,3
Q3ZAQ7,0.0,0.0,0.0,1
Q3ZCH9,0.0,0.0,0.0,1
Q3ZCQ3,0.0,0.0,0.0,1
Q3ZCQ8,0.0,0.0,0.0,4
Q3ZCT1,0.0,0.0,0.0,1
Q3ZCT8,0.0,0.0,0.0,7
Q3ZCW2,0.0,0.0,0.0,2
Q460N3,0.0,0.0,0.0,5
Q460N5,0.0,0.0,0.0,18
Q495B1,0.0,0.0,0.0,7
Q495M3,0.0,0.0,0.0,5
Q495W5,0.0,0.0,0.0,3
Q495Y8,0.0,0.0,0.0,1
Q496Y0,0.0,0.0,0.0,3
Q49A26,0.0,0.0,0.0,6
Q49A88,0.0,0.0,0.0,7
Q49AA0,0.0,0.0,0.0,3
Q49AG3,0.0,0.0,0.0,8
Q49AJ0,0.0,0.0,0.0,14
Q49AM3,0.0,0.0,0.0,3
Q49AN0,0.0,0.0,0.0,7
Q49MG5,0.0,0.0,0.0,1
Q4AC94,0.0,0.0,0.0,23
Q4ADV7,0.0,0.0,0.0,11
Q4G0A6,0.0,0.0,0.0,3
Q4G0J3,0.0,0.0,0.0,4
Q4G0P3,1.0,1.0,1.0,26
Q4G0X4,0.0,0.0,0.0,6
Q4G0X9,0.0,0.0,0.0,11
Q4G148,0.0,0.0,0.0,1
Q4J6C6,0.0,0.0,0.0,4
Q4KMG0,0.0,0.0,0.0,8
Q4KMQ2,0.0,0.0,0.0,10
Q4KWH8,0.0,0.0,0.0,4
Q4L180,0.0,0.0,0.0,7
Q4L235,0.0,0.0,0.0,12
Q4LDE5,1.0,1.0,1.0,18
Q4LE39,0.0,0.0,0.0,4
Q4U2R6,0.0,0.0,0.0,2
Q4V328,0.0,0.0,0.0,10
Q4V339,0.0,0.0,0.0,6
Q4V9L6,0.0,0.0,0.0,2
Q4VC31,0.0,0.0,0.0,3
Q4VC44,0.0,0.0,0.0,1
Q4VCS5,0.0,0.0,0.0,3
Q4VNC0,0.0,0.0,0.0,8
Q4VX76,0.0,0.0,0.0,3
Q4W5G0,0.0,0.0,0.0,5
Q4ZG55,0.0,0.0,0.0,15
Q4ZIN3,0.0,0.0,0.0,5
Q504Q3,0.0,0.0,0.0,9
Q504T8,0.0,0.0,0.0,1
Q504U0,0.0,0.0,0.0,1
Q50LG9,0.0,0.0,0.0,6
Q52LD8,0.0,0.0,0.0,4
Q52LJ0,0.0,0.0,0.0,3
Q52LR7,0.0,0.0,0.0,3
Q52LW3,0.0,0.0,0.0,9
Q53EL6,0.0,0.0,0.0,4
Q53EP0,0.0,0.0,0.0,4
Q53EQ6,0.0,0.0,0.0,3
Q53ET0,0.0,0.0,0.0,4
Q53EU6,0.0,0.0,0.0,4
Q53EZ4,0.0,0.0,0.0,6
Q53F19,0.0,0.0,0.0,1
Q53F39,0.0,0.0,0.0,6
Q53FA7,0.0,0.0,0.0,4
Q53FT3,0.0,0.0,0.0,2
Q53FV1,0.0,0.0,0.0,8
Q53G44,0.0,0.0,0.0,6
Q53G59,0.0,0.0,0.0,8
Q53GL7,0.0,0.0,0.0,6
Q53GQ0,0.0,0.0,0.0,2
Q53GS7,0.0,0.0,0.0,8
Q53GS9,0.0,0.0,0.0,12
Q53GT1,0.0,0.0,0.0,9
Q53H12,0.0,0.0,0.0,2
Q53H47,0.0,0.0,0.0,2
Q53H54,0.0,0.0,0.0,4
Q53H80,0.0,0.0,0.0,2
Q53H82,0.0,0.0,0.0,5
Q53H96,0.0,0.0,0.0,6
Q53HC5,0.0,0.0,0.0,5
Q53HI1,0.0,0.0,0.0,4
Q53HL2,0.0,0.0,0.0,3
Q53LP3,0.0,0.0,0.0,1
Q53QV2,0.0,0.0,0.0,1
Q53QZ3,0.0,0.0,0.0,5
Q53R41,0.0,0.0,0.0,8
Q53RD9,0.0,0.0,0.0,1
Q53RE8,0.0,0.0,0.0,1
Q53S58,0.0,0.0,0.0,3
Q53T59,0.0,0.0,0.0,1
Q53T94,0.0,0.0,0.0,7
Q53TN4,0.0,0.0,0.0,2
Q53TQ3,0.0,0.0,0.0,3
Q53YP1,0.0,0.0,0.0,3
Q562E7,0.0,0.0,0.0,23
Q562F6,0.0,0.0,0.0,5
Q567U6,0.0,0.0,0.0,9
Q567V2,0.0,0.0,0.0,1
Q56NI9,0.0,0.0,0.0,4
Q587J7,0.0,0.0,0.0,10
Q58A45,0.0,0.0,0.0,7
Q58EX7,0.0,0.0,0.0,15
Q58F21,0.0,0.0,0.0,6
Q58FF3,0.0,0.0,0.0,2
Q58FF7,0.0,0.0,0.0,3
Q59EK9,0.0,0.0,0.0,3
Q59FN2,0.0,0.0,0.0,4
Q5BJD5,0.0,0.0,0.0,4
Q5BJF2,0.0,0.0,0.0,4
Q5BJF6,0.0,0.0,0.0,8
Q5BJH7,0.0,0.0,0.0,2
Q5BKT4,0.0,0.0,0.0,11
Q5BKX5,0.0,0.0,0.0,2
Q5BKX6,0.0,0.0,0.0,9
Q5BLP8,0.0,0.0,0.0,1
Q5C9Z4,0.0,0.0,0.0,4
Q5CZC0,1.0,1.0,1.0,70
Q5DID0,0.0,0.0,0.0,3
Q5EB52,0.0,0.0,0.0,2
Q5EBL4,0.0,0.0,0.0,4
Q5EBM0,0.0,0.0,0.0,4
Q5EBN2,0.0,0.0,0.0,3
Q5FWF4,0.0,0.0,0.0,8
Q5FWF5,0.0,0.0,0.0,1
Q5GH73,0.0,0.0,0.0,2
Q5GLZ8,0.0,0.0,0.0,4
Q5H8A4,0.0,0.0,0.0,11
Q5H9E4,0.0,0.0,0.0,3
Q5H9F3,0.0,0.0,0.0,9
Q5H9J7,0.0,0.0,0.0,1
Q5H9R7,0.0,0.0,0.0,7
Q5H9S7,0.0,0.0,0.0,4
Q5H9U9,0.0,0.0,0.0,16
Q5HY98,0.0,0.0,0.0,3
Q5HYA8,0.0,0.0,0.1111111111111111,9
Q5HYC2,0.0,0.0,0.0,7
Q5HYI7,0.0,0.0,0.0,3
Q5HYK7,0.0,0.0,0.0,2
Q5HYK9,0.0,0.0,0.0,2
Q5HYN5,0.0,0.0,0.0,2
Q5HYW3,0.0,0.0,0.0,5
Q5I0X7,0.0,0.0,0.0,1
Q5I7T1,0.0,0.0,0.0,7
Q5J8M3,0.0,0.0,0.0,5
Q5JP01,0.0,0.0,0.0,2
Q5JPE7,0.0,0.0,0.0,7
Q5JPH6,0.0,0.0,0.0,1
Q5JPI3,0.0,0.0,0.0,3
Q5JQC4,0.0,0.0,0.0,4
Q5JRA6,0.0,0.0,0.0,11
Q5JRR6,0.0,0.0,0.0,3
Q5JRX3,0.0,0.0,0.0,8
Q5JS37,0.0,0.0,0.0,5
Q5JS54,0.0,0.0,0.0,1
Q5JSH3,0.0,0.0,0.0,4
Q5JSJ4,0.0,0.0,0.0,5
Q5JSL3,0.0,0.0,0.0,15
Q5JSP0,0.0,0.0,0.0,7
Q5JTD0,0.0,0.0,0.0,4
Q5JTH9,0.0,0.0,0.0,16
Q5JTV8,0.0,0.0,0.0,4
Q5JTW2,0.0,0.0,0.0,3
Q5JTY5,0.0,0.0,0.0,5
Q5JTZ9,0.0,0.0,0.0,7
Q5JU85,0.0,0.0,0.0,9
Q5JUR7,0.0,0.0,0.0,2
Q5JVF3,0.0,0.0,0.0,6
Q5JVL4,0.0,0.0,0.0,5
Q5JWF2,0.0,0.0,0.0,9
Q5JWR5,0.0,0.0,0.0,29
Q5JXB2,0.0,0.0,0.0,2
Q5K651,0.0,0.0,0.0,9
Q5M775,0.0,0.0,0.0,5
Q5M7Z0,0.0,0.0,0.0,3
Q5MIZ7,0.0,0.0,0.0,8
Q5MNV8,0.0,0.0,0.0,4
Q5MNZ9,0.0,0.0,0.0,2
Q5PRF9,0.0,0.0,0.0,4
Q5QJ74,0.0,0.0,0.0,4
Q5QJE6,0.0,0.0,0.0,2
Q5QNW6,0.0,0.0,0.0,1
Q5QP82,0.0,0.0,0.0,4
Q5QPE8,0.0,0.0,0.0,1
Q5QT33,0.0,0.0,0.0,2
Q5R372,0.0,0.0,0.0,8
Q5R3K3,0.0,0.0,0.0,3
Q5RHP9,0.0,0.0,0.0,5
Q5RKV6,0.0,0.0,0.0,5
Q5RL73,0.0,0.0,0.0,2
Q5S007,0.0,0.0,0.0,28
Q5SGD2,0.0,0.0,0.0,2
Q5SNT2,0.0,0.0,0.0,3
Q5SQI0,0.0,0.0,0.0,2
Q5SQN1,0.0,0.0,0.0,3
Q5SR56,0.0,0.0,0.0,6
Q5SRE5,0.0,0.0,0.0,22
Q5SSJ5,0.0,0.0,0.0,1
Q5ST30,0.0,0.0,0.0,7
Q5SUL5,0.0,0.0,0.0,2
Q5SVQ8,0.0,0.0,0.0,3
Q5SVZ6,0.0,0.0,0.0,13
Q5SW24,0.0,0.0,0.0,4
Q5SW79,0.0,0.0,0.0,3
Q5SWA1,0.0,0.0,0.0,2
Q5SWH9,0.0,0.0,0.0,2
Q5SWX8,0.0,0.0,0.0,3
Q5SXM2,0.0,0.0,0.0,9
Q5SY16,0.0,0.0,0.0,4
Q5SYE7,0.0,0.0,0.0,4
Q5SZK8,1.0,1.0,1.0,20
Q5T011,1.0,1.0,1.0,30
Q5T089,0.0,0.0,0.0,1
Q5T0B9,0.0,0.0,0.0,4
Q5T0N1,0.0,0.0,0.0,8
Q5T0N5,0.0,0.0,0.0,2
Q5T0Q6,0.0,0.0,0.0,1
Q5T0U0,0.0,0.0,0.0,2
Q5T124,0.0,0.0,0.0,4
Q5T1B0,0.0,0.0,0.0,9
Q5T1M5,0.0,0.0,0.0,8
Q5T1R4,0.0,0.0,0.0,7
Q5T1V6,0.0,0.0,0.0,7
Q5T1W1,0.0,0.0,0.0,5
Q5T280,0.0,0.0,0.0,4
Q5T292,0.0,0.0,0.0,2
Q5T2D3,0.0,0.0,0.0,1
Q5T2E6,0.0,0.0,0.0,11
Q5T2R2,0.0,0.0,0.0,5
Q5T2S8,0.0,0.0,0.0,5
Q5T2T1,0.0,0.0,0.0,4
Q5T3J3,0.0,0.0,0.0,4
Q5T3U5,0.0,0.0,0.0,17
Q5T447,0.0,0.0,0.0,9
Q5T481,0.0,0.0,0.0,5
Q5T4B2,0.0,0.0,0.0,3
Q5T4D3,0.0,0.0,0.0,8
Q5T4F4,0.0,0.0,0.0,6
Q5T4S7,1.0,1.0,1.0,53
Q5T5C0,0.0,0.0,0.0,13
Q5T5J6,0.0,0.0,0.0,7
Q5T5M9,0.0,0.0,0.0,2
Q5T5P2,0.0,0.0,0.0,11
Q5T5U3,0.0,0.0,0.0,6
Q5T5X7,0.0,0.0,0.0,8
Q5T5Y3,0.0,0.0,0.0,10
Q5T653,0.0,0.0,0.0,1
Q5T6F0,0.0,0.0,0.0,5
Q5T6F2,0.0,0.0,0.0,2
Q5T6L9,0.0,0.0,0.0,5
Q5T6S3,0.0,0.0,0.0,2
Q5T7M9,0.0,0.0,0.0,6
Q5T7V8,0.0,0.0,0.0,3
Q5T7W0,0.0,0.0,0.0,6
Q5T7W7,0.0,0.0,0.0,1
Q5T8D3,0.0,0.0,0.0,4
Q5T8I3,0.0,0.0,0.0,3
Q5T8P6,0.0,0.0,0.0,5
Q5T953,0.0,0.0,0.0,5
Q5T9L3,0.0,0.0,0.0,8
Q5T9S5,0.0,0.0,0.0,15
Q5TA31,0.0,0.0,0.0,2
Q5TA45,0.0,0.0,0.0,5
Q5TA50,0.0,0.0,0.0,2
Q5TAP6,0.0,0.0,0.0,4
Q5TAQ9,0.0,0.0,0.0,1
Q5TAX3,0.0,0.0,0.0,9
Q5TB30,0.0,0.0,0.0,7
Q5TB80,0.0,0.0,0.0,8
Q5TBA9,1.0,1.0,1.0,34
Q5TBB1,0.0,0.0,0.0,4
Q5TC12,0.0,0.0,0.0,1
Q5TC79,0.0,0.0,0.0,2
Q5TC82,0.0,0.0,0.0,6
Q5TCQ9,0.0,0.0,0.0,8
Q5TCS8,0.0,0.0,0.0,8
Q5TCY1,0.0,0.0,0.0,5
Q5TEA3,0.0,0.0,0.0,9
Q5TEA6,0.0,0.0,0.0,5
Q5TEC6,0.0,0.0,0.0,3
Q5TF21,0.0,0.0,0.0,8
Q5TF39,0.0,0.0,0.0,5
Q5TF58,0.0,0.0,0.0,2
Q5TFE4,0.0,0.0,0.0,2
Q5TGY1,0.0,0.0,0.0,7
Q5TGZ0,0.0,0.0,0.0,1
Q5TH69,0.0,0.0,0.0,18
Q5TH74,0.0,0.0,0.0,3
Q5THJ4,1.0,1.0,1.0,37
Q5THK1,0.0,0.0,0.0,11
Q5TIA1,0.0,0.0,0.0,13
Q5TID7,0.0,0.0,0.0,1
Q5TIE3,0.0,0.0,0.0,12
Q5TYM5,0.0,0.0,0.0,3
Q5TZ20,0.0,0.0,0.0,1
Q5TZA2,0.0,0.0,0.0,15
Q5TZF3,0.0,0.0,0.0,2
Q5U3C3,0.0,0.0,0.0,9
Q5U5R9,0.0,0.0,0.0,3
Q5U623,0.0,0.0,0.0,3
Q5U651,0.0,0.0,0.0,10
Q5UAW9,0.0,0.0,0.0,5
Q5UCC4,0.0,0.0,0.0,2
Q5UE93,0.0,0.0,0.0,11
Q5UIP0,0.0,0.0,0.0,19
Q5VIR6,0.0,0.0,0.0,8
Q5VSG8,0.0,0.0,0.0,1
Q5VSL9,0.0,0.0,0.0,7
Q5VST6,0.0,0.0,0.0,2
Q5VST9,1.0,1.0,1.0,22
Q5VT06,1.0,1.0,1.0,13
Q5VT25,0.0,0.0,0.0,11
Q5VT52,0.0,0.0,0.0,7
Q5VT66,0.0,0.0,0.0,2
Q5VT97,0.0,0.0,0.0,8
Q5VT99,0.0,0.0,0.0,2
Q5VTD9,0.0,0.0,0.0,1
Q5VTE0,0.0,0.0,0.0,3
Q5VTE6,0.0,0.0,0.0,2
Q5VTM2,0.0,0.0,0.0,2
Q5VTR2,0.0,0.0,0.0,19
Q5VTY9,0.0,0.0,0.0,2
Q5VU43,0.0,0.0,0.0,17
Q5VUA4,0.0,0.0,0.0,9
Q5VUG0,0.0,0.0,0.0,2
Q5VUJ6,0.0,0.0,0.0,7
Q5VUY2,0.0,0.0,0.0,3
Q5VV17,0.0,0.0,0.0,3
Q5VV42,0.0,0.0,0.0,6
Q5VV67,0.0,0.0,0.0,8
Q5VVJ2,0.0,0.0,0.0,5
Q5VW32,0.0,0.0,0.0,3
Q5VW36,0.0,0.0,0.0,26
Q5VW38,0.0,0.0,0.0,10
Q5VWG9,0.0,0.0,0.0,5
Q5VWJ9,0.0,0.0,0.0,3
Q5VWK0,0.0,0.0,0.0,3
Q5VWN6,0.0,0.0,0.0,10
Q5VWP2,0.0,0.0,0.0,5
Q5VWQ0,0.0,0.0,0.0,3
Q5VWQ8,0.0,0.0,0.0,9
Q5VY09,0.0,0.0,0.0,1
Q5VYK3,0.0,0.0,0.0,31
Q5VYS4,0.0,0.0,0.0,4
Q5VYS8,0.0,0.0,0.0,8
Q5VYY1,0.0,0.0,0.0,2
Q5VZ03,0.0,0.0,0.0,1
Q5VZ66,0.0,0.0,0.0,4
Q5VZ89,0.0,0.0,0.0,15
Q5VZE5,0.0,0.0,0.0,3
Q5VZE7,0.0,0.0,0.0,1
Q5VZI3,0.0,0.0,0.0,3
Q5VZK9,0.0,0.0,0.0,12
Q5VZL5,0.0,0.0,0.0,7
Q5VZM2,0.0,0.0,0.0,5
Q5VZR4,0.0,0.0,0.0,2
Q5VZV1,0.0,0.0,0.0,5
Q5VZY2,0.0,0.0,0.0,2
Q5W0B1,0.0,0.0,0.0,5
Q5W0B7,0.0,0.0,0.0,6
Q5W0Q7,0.0,0.0,0.0,7
Q5W0V3,0.0,0.0,0.0,10
Q5W5X9,0.0,0.0,0.0,4
Q5XG87,0.0,0.0,0.0,5
Q5XKP0,0.0,0.0,0.0,1
Q5XPI4,0.0,0.0,0.0,12
Q5XUX1,0.0,0.0,0.0,2
Q5XX13,0.0,0.0,0.0,5
Q5ZPR3,0.0,0.0,0.0,5
Q63HK5,0.0,0.0,0.0,8
Q63HM2,0.0,0.0,0.0,13
Q63HN8,1.0,1.0,1.0,55
Q63HR2,0.0,0.0,0.0,4
Q63ZY3,0.0,0.0,0.0,6
Q641Q2,0.0,0.0,0.0,6
Q643R3,0.0,0.0,0.0,2
Q64LD2,0.0,0.0,0.0,1
Q658L1,0.0,0.0,0.0,3
Q658P3,0.0,0.0,0.25,4
Q658Y4,0.0,0.0,0.0,10
Q659A1,0.0,0.0,0.0,11
Q659C4,0.0,0.0,0.0,4
Q66GS9,0.0,0.0,0.0,7
Q66K14,0.0,0.0,0.0,8
Q66K64,0.0,0.0,0.0,3
Q66K74,0.0,0.0,0.0,8
Q66K79,0.0,0.0,0.0,6
Q66K89,0.0,0.0,0.0,6
Q66LE6,0.0,0.0,0.0,1
Q674R7,0.0,0.0,0.0,7
Q674X7,0.0,0.0,0.0,5
Q676U5,0.0,0.0,0.0,5
Q684P5,0.0,0.0,0.0,4
Q685J3,1.0,1.0,1.0,9
Q687X5,0.0,0.0,0.0,3
Q68BL8,0.0,0.0,0.0,6
Q68CL5,0.0,0.0,0.0,2
Q68CP9,0.0,0.0,0.0,4
Q68CQ1,0.0,0.0,0.0,4
Q68CQ4,0.0,0.0,0.0,5
Q68CR1,0.0,0.0,0.0,8
Q68CZ1,0.0,0.0,0.0,7
Q68CZ2,0.0,0.0,0.1,10
Q68CZ6,0.0,0.0,0.0,11
Q68D06,0.0,0.0,0.0,5
Q68D10,0.0,0.0,0.0,2
Q68D85,0.0,0.0,0.0,1
Q68D91,0.0,0.0,0.0,1
Q68DA7,0.0,0.0,0.0,6
Q68DH5,0.0,0.0,0.0,5
Q68DK2,0.0,0.0,0.0,20
Q68DK7,0.0,0.0,0.0,5
Q68DN1,0.0,0.0,0.0,9
Q68DQ2,1.0,1.0,1.0,10
Q68DX3,0.0,0.0,0.0,6
Q68E01,0.0,0.0,0.0,14
Q68EA5,0.0,0.0,0.0,1
Q68EM7,0.0,0.0,0.0,4
Q69028,1.0,1.0,1.0,6
Q69YG0,0.0,0.0,0.0,2
Q69YH5,0.0,0.0,0.0,3
Q69YN4,0.0,0.0,0.0,21
Q69YQ0,0.0,0.0,0.0,7
Q69YU3,0.0,0.0,0.0,2
Q69YZ2,0.0,0.0,0.0,1
Q6A162,0.0,0.0,0.0,3
Q6AHZ1,0.0,0.0,0.0,13
Q6AI08,0.0,0.0,0.0,12
Q6AI12,0.0,0.0,0.0,1
Q6AI39,0.0,0.0,0.0,7
Q6AWC2,0.0,0.0,0.0,10
Q6AZY7,0.0,0.0,0.0,6
Q6AZZ1,0.0,0.0,0.0,4
Q6BAA4,0.0,0.0,0.0,1
Q6BDS2,0.0,0.0,0.0,12
Q6DD88,0.0,0.125,0.0,8
Q6DHV7,0.0,0.0,0.0,3
Q6DKI1,0.0,0.0,0.0,2
Q6DKI2,0.0,0.0,0.0,3
Q6DKK2,0.0,0.0,0.0,7
Q6DN03,0.0,0.0,0.0,1
Q6DN12,0.0,0.0,0.0,7
Q6DN14,0.0,0.0,0.0,6
Q6DN90,0.0,0.0,0.0,6
Q6DRA6,0.0,0.0,0.0,2
Q6DT37,0.0,0.0,0.0,8
Q6EKJ0,0.0,0.0,0.0,7
Q6EMB2,0.0,0.0,0.0,6
Q6EMK4,0.0,0.0,0.0,3
Q6F5E8,0.0,0.0,0.0,10
Q6FI13,0.0,0.0,0.0,4
Q6FI81,0.0,0.0,0.0,3
Q6GPH6,0.0,0.0,0.0,4
Q6GQQ9,0.0,0.0,0.0,6
Q6GYQ0,0.0,0.0,0.0,19
Q6I9Y2,0.0,0.0,0.0,3
Q6IA69,0.0,0.0,0.0,4
Q6IA86,0.0,0.0,0.0,8
Q6IAA8,0.0,0.0,0.0,1
Q6IAN0,0.0,0.0,0.0,3
Q6IBS0,0.0,0.0,0.0,1
Q6IBW4,0.0,0.0,0.0,2
Q6IC98,0.0,0.0,0.0,4
Q6ICB0,0.0,0.0,0.0,4
Q6ICC9,0.0,0.0,0.0,3
Q6ICG6,0.0,0.0,0.0,5
Q6ICL3,0.0,0.0,0.0,3
Q6ICL7,0.0,0.0,0.0,1
Q6IE81,0.0,0.0,0.0,4
Q6IEY1,0.0,0.0,0.0,1
Q6IMN6,0.0,0.0,0.0,4
Q6IN84,0.0,0.0,0.0,2
Q6IN85,0.0,0.0,0.0,6
Q6IPR1,0.0,0.0,0.0,2
Q6IPT4,0.0,0.0,0.0,3
Q6IPW1,0.0,0.0,0.0,2
Q6IQ16,0.0,0.0,0.0,3
Q6IQ23,0.0,0.0,0.0,3
Q6IQ26,0.0,0.0,0.0,14
Q6IQ32,0.0,0.0,0.0,14
Q6IQ55,0.0,0.0,0.0,4
Q6IS24,0.0,0.0,0.0,3
Q6IV72,0.0,0.0,0.0,1
Q6IWH7,0.0,0.0,0.0,5
Q6J4K2,0.0,0.0,0.0,7
Q6J9G0,0.0,0.0,0.0,4
Q6JQN1,0.0,0.0,0.0,14
Q6KB66,0.0,0.0,0.0,8
Q6KC79,1.0,1.0,1.0,18
Q6L9T8,0.0,0.0,0.0,1
Q6N021,0.0,0.0,0.0,8
Q6N022,1.0,1.0,1.0,12
Q6N043,0.0,0.0,0.0,3
Q6N063,0.0,0.0,0.0,5
Q6N069,0.0,0.0,0.0,9
Q6N075,0.0,0.0,0.0,5
Q6NS38,0.0,0.0,0.0,1
Q6NSI4,0.0,0.0,0.0,6
Q6NSI8,0.0,0.0,0.0,4
Q6NSJ0,0.0,0.0,0.0,4
Q6NSJ5,0.0,0.0,0.0,8
Q6NT32,0.0,0.0,0.0,3
Q6NTE8,0.0,0.0,0.0,1
Q6NTF9,0.0,0.0,0.0,3
Q6NUI2,0.0,0.0,0.0,5
Q6NUK1,0.0,0.0,0.0,3
Q6NUK4,0.0,0.0,0.0,3
Q6NUM6,0.0,0.0,0.0,4
Q6NUM9,0.0,0.0,0.0,6
Q6NUN7,0.0,0.0,0.0,1
Q6NUN9,0.0,0.0,0.0,1
Q6NUP7,0.0,0.0,0.0,11
Q6NUQ1,0.0,0.0,0.0,11
Q6NUQ4,0.0,0.0,0.0,5
Q6NUS6,0.0,0.0,0.0,7
Q6NUT3,0.0,0.0,0.0,2
Q6NW34,0.0,0.0,0.0,6
Q6NWY9,0.0,0.0,0.0,5
Q6NXE6,0.0,0.0,0.0,1
Q6NXP0,0.0,0.0,0.0,4
Q6NXR4,0.0,0.0,0.0,3
Q6NXT1,0.0,0.0,0.0,2
Q6NXT4,0.0,0.0,0.0,11
Q6NXT6,0.0,0.0,0.0,4
Q6NYC8,0.0,0.0,0.0,1
Q6NZ36,0.0,0.0,0.0,1
Q6NZ63,0.0,0.0,0.0,6
Q6NZ67,0.0,0.0,0.0,2
Q6NZI2,0.0,0.0,0.0,7
Q6P087,0.0,0.0,0.0,4
Q6P0N0,0.0,0.0,0.0,3
Q6P158,0.0,0.0,0.0,11
Q6P179,0.0,0.0,0.0,7
Q6P1A2,0.0,0.0,0.0,7
Q6P1J6,0.0,0.0,0.0,11
Q6P1J9,0.0,0.0,0.0,3
Q6P1K2,0.0,0.0,0.0,2
Q6P1K8,0.0,0.0,0.0,1
Q6P1L6,0.0,0.0,0.0,3
Q6P1L8,0.0,0.0,1.0,1
Q6P1M3,0.0,0.0,0.0,7
Q6P1M9,0.0,0.0,0.0,4
Q6P1N0,0.0,0.0,0.0,5
Q6P1N9,0.0,0.0,0.0,4
Q6P1Q0,0.0,0.0,0.0,5
Q6P1R4,0.0,0.0,0.0,2
Q6P1W5,0.0,0.0,0.0,5
Q6P1X5,0.0,0.0,0.0,12
Q6P280,0.0,0.0,0.0,4
Q6P2C8,0.0,0.0,0.0,2
Q6P2D8,0.0,0.0,0.0,6
Q6P2E9,0.0,0.0,0.0,20
Q6P2H3,0.0,0.0,0.0,6
Q6P2H8,0.0,0.0,0.0,6
Q6P2I3,0.0,0.0,0.0,5
Q6P2P2,0.0,0.0,0.0,5
Q6P2Q9,0.0,0.0,0.0,23
Q6P3S1,0.0,0.0,0.0,11
Q6P3S6,0.0,0.0,0.0,5
Q6P3W7,0.0,0.0,0.0,11
Q6P3X3,0.0,0.0,0.0,6
Q6P444,0.0,0.0,0.0,1
Q6P474,0.0,0.0,0.0,4
Q6P4A7,0.0,0.0,0.0,6
Q6P4E1,0.0,0.0,0.0,6
Q6P4F7,0.0,0.0,0.0,7
Q6P4Q7,0.0,0.0,0.0,2
Q6P4R8,0.0,0.0,0.0,6
Q6P531,0.0,0.0,0.0,3
Q6P582,0.0,0.0,0.0,1
Q6P587,0.0,0.0,0.0,5
Q6P597,0.0,0.0,0.0,5
Q6P5S7,0.0,0.0,0.0,3
Q6P5W5,0.0,0.0,0.07692307692307693,13
Q6P5Z2,0.0,0.0,0.0,4
Q6P6B7,0.0,0.0,0.0,3
Q6P988,0.0,0.0,0.0,3
Q6P995,0.0,0.0,0.0,7
Q6P996,0.0,0.0,0.0,8
Q6P9A2,0.0,0.0,0.0,9
Q6P9B9,0.0,0.0,0.0,10
Q6P9F0,0.0,0.0,0.0,2
Q6P9F7,0.0,0.0,0.0,11
Q6P9G9,0.0,0.0,0.0,3
Q6P9H5,0.0,0.0,0.0,2
Q6PCB7,0.0,0.0,0.0,7
Q6PCB8,0.0,0.0,0.0,4
Q6PCD5,0.0,0.0,0.0,6
Q6PCE3,0.0,0.0,0.0,2
Q6PCT2,0.0,0.0,0.0,2
Q6PD62,0.0,0.0,0.0,10
Q6PD74,0.0,0.0,0.0,5
Q6PEV8,0.0,0.0,0.0,2
Q6PEY2,0.0,0.0,0.0,2
Q6PEZ8,0.0,0.0,0.0,6
Q6PFW1,0.0,0.0,0.0,7
Q6PGP7,0.0,0.0,0.0,11
Q6PGQ7,0.0,0.0,0.0,2
Q6PH81,0.0,0.0,0.0,2
Q6PH85,0.0,0.0,0.0,3
Q6PHR2,0.0,0.0,0.0,6
Q6PI26,0.0,0.0,0.0,2
Q6PI48,0.0,0.0,0.0,2
Q6PI78,0.0,0.0,0.0,3
Q6PID6,0.0,0.0,0.0,4
Q6PID8,0.0,0.0,0.0,5
Q6PIF2,0.0,0.0,0.0,1
Q6PIF6,0.0,0.0,0.0,11
Q6PII3,0.0,0.0,0.0,2
Q6PIJ6,0.0,0.0,0.0,6
Q6PIS1,0.0,0.0,0.0,3
Q6PIU2,0.0,0.0,0.0,5
Q6PIY5,0.0,0.0,0.0,4
Q6PIY7,0.0,0.0,0.0,6
Q6PJ61,0.0,0.0,0.0,6
Q6PJ69,0.0,0.0,0.0,4
Q6PJF5,0.0,0.0,0.0,4
Q6PJG2,0.0,0.0,0.0,3
Q6PJG6,0.0,0.0,0.0,9
Q6PJP8,0.0,0.0,0.0,7
Q6PJT7,0.0,0.0,0.0,7
Q6PJW8,0.0,0.0,0.0,1
Q6PK18,0.0,0.0,0.0,1
Q6PKC3,0.0,0.0,0.0,9
Q6PKG0,0.0,0.0,0.0,9
Q6PL18,0.0,0.0,0.0,14
Q6PRD1,0.0,0.0,0.0,8
Q6Q0C0,0.0,0.0,0.0,9
Q6Q4G3,0.0,0.0,0.0,6
Q6QAJ8,0.0,0.0,0.0,2
Q6QEF8,0.0,0.0,0.0,2
Q6QNK2,0.0,0.0,0.0,8
Q6QNY0,0.0,0.0,0.0,4
Q6QNY1,0.0,0.0,0.0,2
Q6R2W3,0.0,0.0,0.0,9
Q6R327,0.0,0.0,0.0,15
Q6RI45,0.0,0.0,0.0,9
Q6SJ93,0.0,0.0,0.0,2
Q6SPF0,0.0,0.0,0.0,2
Q6STE5,0.0,0.0,0.0,4
Q6SVZ0,1.0,1.0,1.0,2
Q6SW34,1.0,1.0,1.0,1
Q6SW43,1.0,1.0,1.0,4
Q6SW46,1.0,1.0,1.0,1
Q6SW48,1.0,1.0,1.0,2
Q6SW59,1.0,1.0,1.0,3
Q6SW67,1.0,1.0,1.0,9
Q6SW77,1.0,1.0,1.0,8
Q6SW79,1.0,1.0,1.0,3
Q6SW81,1.0,1.0,1.0,1
Q6SW82,1.0,1.0,1.0,4
Q6SW84,1.0,1.0,1.0,22
Q6SW85,1.0,1.0,1.0,11
Q6SW92,1.0,1.0,1.0,1
Q6SW98,1.0,1.0,1.0,3
Q6SWA3,1.0,1.0,1.0,4
Q6SWB7,1.0,1.0,1.0,1
Q6T310,0.0,0.0,0.0,2
Q6T4P5,0.0,0.0,0.0,4
Q6TDP4,0.0,0.0,0.0,3
Q6TFL3,0.0,0.0,0.0,13
Q6TFL4,0.0,0.0,0.0,2
Q6TGC4,0.0,0.0,0.0,9
Q6UB35,0.0,0.0,0.0,13
Q6UB98,0.0,0.0,0.0,5
Q6UB99,0.0,0.0,0.0,2
Q6ULP2,0.0,0.0,0.0,2
Q6UN15,0.0,0.0,0.0,2
Q6UUV7,0.0,0.0,0.0,3
Q6UUV9,0.0,0.0,0.0,2
Q6UVJ0,0.0,0.0,0.0,4
Q6UVK1,0.0,0.0,0.07692307692307693,13
Q6UW02,0.0,0.1111111111111111,0.0,9
Q6UW56,0.0,0.0,0.0,1
Q6UW63,0.0,0.0,0.0,8
Q6UW68,0.0,0.0,0.3333333333333333,3
Q6UW78,0.0,0.0,0.0,1
Q6UWB1,0.0,0.0,0.0,3
Q6UWD8,0.0,0.0,0.0,2
Q6UWE0,0.0,0.0,0.0,4
Q6UWH6,0.0,0.0,0.0,3
Q6UWJ1,0.0,0.0,0.0,5
Q6UWL2,0.0,0.0,0.0,4
Q6UWM7,0.0,0.0,0.0,3
Q6UWP7,0.0,0.0,0.0,2
Q6UWS5,0.0,0.0,0.0,1
Q6UWU2,0.0,0.0,0.0,8
Q6UWU4,0.0,0.0,0.0,3
Q6UWW8,0.0,0.0,0.0,5
Q6UWY0,0.0,0.0,0.0,5
Q6UWY2,0.0,0.0,0.0,2
Q6UWY5,0.0,0.0,0.0,1
Q6UWZ7,0.0,0.0,0.0,4
Q6UX01,0.0,0.0,0.0,4
Q6UX06,0.0,0.0,0.0,8
Q6UX41,0.0,0.0,0.0,8
Q6UX65,0.0,0.0,0.0,2
Q6UX71,0.0,0.0,0.0,3
Q6UX98,0.0,0.0,0.0,6
Q6UXB4,0.0,0.0,0.0,3
Q6UXD5,0.0,0.0,0.0,4
Q6UXG2,0.0,0.0,0.0,2
Q6UXG8,0.0,0.0,0.0,4
Q6UXH1,0.0,0.0,0.0,4
Q6UXK5,0.0,0.0,0.0,4
Q6UXM1,0.0,0.0,0.0,3
Q6UXN9,0.0,0.0,0.0,4
Q6UXP7,0.0,0.0,0.0,5
Q6UXT9,0.0,0.0,0.0,1
Q6UXV4,0.0,0.0,0.0,1
Q6UY14,0.0,0.0,0.0,3
Q6V0I7,1.0,1.0,1.0,19
Q6V1X1,0.0,0.0,0.0,7
Q6V702,0.0,0.0,0.0,1
Q6V9R5,0.0,0.0,0.0,1
Q6VEQ5,0.0,0.0,0.0,9
Q6VMQ6,0.0,0.0,0.0,6
Q6VN20,0.0,0.0,0.0,4
Q6VY07,0.0,0.0,0.0,5
Q6W2J9,0.0,0.0,0.0,2
Q6WCQ1,0.0,0.0,0.0,6
Q6WKZ4,0.0,0.0,0.0,5
Q6WRI0,0.0,0.0,0.0,12
Q6WRX3,0.0,0.0,0.0,8
Q6X4W1,0.0,0.0,0.5,2
Q6XQN6,0.0,0.0,0.0,7
Q6XUX3,0.0,0.0,0.0,8
Q6XZF7,0.0,0.0,0.0,11
Q6Y1H2,0.0,0.0,0.0,3
Q6Y288,0.0,0.0,0.0,3
Q6Y2X3,0.0,0.0,0.0,3
Q6Y7W6,0.0,0.0,0.0,5
Q6YBV0,0.0,0.0,0.0,8
Q6YHK3,0.0,0.0,0.0,13
Q6YHU6,0.0,0.0,0.0,24
Q6YI46,0.0,0.0,0.0,5
Q6YN16,0.0,0.0,0.0,5
Q6YP21,0.0,0.0,0.0,5
Q6ZMB5,0.0,0.0,0.0,2
Q6ZMD2,0.0,0.0,0.0,6
Q6ZMG9,0.0,0.0,0.0,1
Q6ZMH5,0.0,0.0,0.0,6
Q6ZMI0,0.0,0.0,0.0,5
Q6ZMI3,0.0,0.0,0.0,5
Q6ZMS4,0.0,0.0,0.0,1
Q6ZMT4,0.0,0.0,0.0,5
Q6ZMU5,0.0,0.0,0.0,7
Q6ZMV5,0.0,0.0,0.0,11
Q6ZMY3,0.0,0.0,0.0,4
Q6ZMZ3,0.0,0.0,0.0,11
Q6ZN16,0.0,0.0,0.0,12
Q6ZN18,0.0,0.0,0.0,4
Q6ZN28,0.0,0.0,0.0,7
Q6ZN30,0.0,0.0,0.0,5
Q6ZN54,0.0,0.0,0.0,4
Q6ZN55,0.0,0.0,0.0,6
Q6ZN66,0.0,0.0,0.0,5
Q6ZN84,0.0,0.14285714285714285,0.0,7
Q6ZNB7,0.0,0.0,0.0,5
Q6ZNJ1,1.0,1.0,1.0,32
Q6ZNL6,0.0,0.0,0.0,10
Q6ZP29,0.0,0.0,0.0,8
Q6ZP65,0.0,0.0,0.0,4
Q6ZP82,0.0,0.0,0.0,7
Q6ZQQ6,1.0,1.0,1.0,19
Q6ZQT7,0.0,0.0,0.0,1
Q6ZQX7,0.0,0.0,0.0,1
Q6ZQY3,0.0,0.0,0.0,3
Q6ZR08,1.0,1.0,1.0,19
Q6ZR37,0.0,0.0,0.0,6
Q6ZRI6,0.0,0.0,0.1111111111111111,9
Q6ZRP7,0.0,0.0,0.0,4
Q6ZRQ5,0.0,0.0,0.0,23
Q6ZRS2,1.0,1.0,1.0,13
Q6ZRV2,0.0,0.0,0.0,4
Q6ZS10,0.0,0.0,0.0,2
Q6ZS11,0.0,0.0,0.0,5
Q6ZS17,0.0,0.0,0.0,5
Q6ZS27,0.0,0.0,0.0,2
Q6ZS30,0.0,0.0,0.0,31
Q6ZS81,1.0,1.0,1.0,34
Q6ZSB9,0.0,0.0,0.0,2
Q6ZSS7,0.0,0.0,0.0,4
Q6ZSZ5,0.0,0.0,0.0,11
Q6ZT07,0.0,0.0,0.0,13
Q6ZT12,0.0,0.0,0.0,16
Q6ZT21,0.0,0.0,0.0,4
Q6ZT62,0.0,0.0,0.0,10
Q6ZT98,0.0,0.0,0.0,10
Q6ZTN6,0.0,0.0,0.0,5
Q6ZTW0,0.0,0.0,0.0,3
Q6ZU35,0.0,0.0,0.0,4
Q6ZU65,0.0,0.0,0.0,10
Q6ZU80,0.0,0.0,0.0,3
Q6ZUJ8,0.0,0.0,0.0,8
Q6ZUM4,0.0,0.0,0.0,1
Q6ZUS6,0.0,0.0,0.0,2
Q6ZUT9,0.0,0.0,0.0,12
Q6ZUX3,0.0,0.0,0.0,8
Q6ZV29,0.0,0.0,0.0,9
Q6ZV70,0.0,0.0,0.0,5
Q6ZV73,0.0,0.0,0.0,8
Q6ZVD7,0.0,0.0,0.0,5
Q6ZVD8,0.0,0.0,0.0,14
Q6ZVM7,0.0,0.0,0.0,9
Q6ZVN8,0.0,0.0,0.0,4
Q6ZW49,0.0,0.0,0.0,4
Q6ZWE6,0.0,0.0,0.0,5
Q6ZWJ1,0.0,0.0,0.0,4
Q6ZWT7,0.0,0.0,0.0,5
Q6ZXV5,0.0,0.0,0.0,8
Q6ZYL4,0.0,0.0,0.0,2
Q702N8,0.0,0.0,0.0,4
Q709C8,1.0,1.0,1.0,31
Q709F0,0.0,0.0,0.0,8
Q70CQ2,1.0,1.0,1.0,33
Q70CQ3,0.0,0.0,0.0,3
Q70E73,0.0,0.0,0.0,10
Q70EK8,0.0,0.0,0.0,2
Q70EL1,0.0,0.0,0.0,7
Q70EL2,0.0,0.0,0.0,7
Q70HW3,0.0,0.0,0.0,4
Q70IA6,0.0,0.0,0.0,5
Q70IA8,0.0,0.0,0.0,2
Q70J99,0.0,0.0,0.0,6
Q70JA7,0.0,0.0,0.0,6
Q70SY1,0.0,0.0,0.0,8
Q70UQ0,0.0,0.0,0.0,5
Q70Z35,0.0,0.0,0.0,8
Q712K3,0.0,0.0,0.0,2
Q719H9,0.0,0.0,0.0,2
Q71DI3,0.0,0.0,0.0,1
Q71F23,0.0,0.0,0.0,4
Q71F56,0.0,0.0,0.0,15
Q71RC2,0.0,0.0,0.0,2
Q71RG4,0.0,0.0,0.0,2
Q71SY5,0.0,0.0,0.0,2
Q71U36,0.0,0.0,0.0,2
Q71UI9,0.0,0.0,0.0,2
Q71UM5,0.0,0.0,0.0,1
Q75N03,0.0,0.0,0.0,1
Q75N90,1.0,1.0,1.0,2
Q75QN2,0.0,0.0,0.0,9
Q75T13,0.0,0.0,0.0,10
Q75V66,0.0,0.0,0.0,7
Q75VX8,0.0,0.0,0.0,2
Q765P7,0.0,0.0,0.0,7
Q76EJ3,0.0,0.0,0.0,4
Q76I76,0.0,0.0,0.0,5
Q76L83,0.0,0.0,0.0,8
Q76M96,0.0,0.0,0.0,3
Q76MJ5,0.0,0.0,0.0,6
Q76N32,0.0,0.0,0.0,6
Q76N89,0.0,0.0,0.0,7
Q76R62,1.0,1.0,1.0,4
Q76ZN8,1.0,1.0,1.0,2
Q786F2,1.0,1.0,1.0,5
Q786F3,1.0,1.0,1.0,5
Q7KYR7,0.0,0.0,0.0,4
Q7KZ85,0.0,0.0,0.0,9
Q7KZF4,0.0,0.0,0.0,13
Q7KZN9,0.0,0.0,0.0,4
Q7L014,0.0,0.0,0.0,4
Q7L099,0.0,0.0,0.0,5
Q7L0R7,0.0,0.0,0.0,3
Q7L190,0.0,0.0,0.0,2
Q7L1Q6,0.0,0.0,0.0,7
Q7L1V2,0.0,0.0,0.0,4
Q7L1W4,0.0,0.0,0.0,7
Q7L211,0.0,0.0,0.0,4
Q7L273,0.0,0.0,0.0,6
Q7L2E3,0.0,0.0,0.0,11
Q7L2H7,0.0,0.0,0.0,5
Q7L2K0,0.0,0.0,0.0,3
Q7L2R6,0.0,0.0,0.0,1
Q7L2Z9,0.0,0.0,0.0,2
Q7L3B6,0.0,0.0,0.0,2
Q7L3V2,0.0,0.0,0.0,2
Q7L4I2,0.0,0.0,0.0,4
Q7L513,0.0,0.0,0.0,3
Q7L523,0.0,0.0,0.0,4
Q7L576,0.0,0.0,0.0,17
Q7L590,0.0,0.0,0.0,2
Q7L591,0.0,0.0,0.0,1
Q7L5D6,0.0,0.0,0.0,2
Q7L5N1,0.0,0.0,0.0,3
Q7L5N7,0.0,0.0,0.0,2
Q7L5Y1,0.0,0.0,0.0,2
Q7L5Y9,0.0,0.0,0.0,3
Q7L622,0.0,0.0,0.0,3
Q7L775,0.0,0.0,0.0,6
Q7L7V1,0.0,0.0,0.0,3
Q7L7X3,0.0,0.0,0.0,4
Q7L804,0.0,0.0,0.0,4
Q7L8L6,0.0,0.0,0.0,10
Q7L8W6,0.0,0.0,0.0,1
Q7L9B9,0.0,0.0,0.0,7
Q7L9L4,0.0,0.0,0.0,2
Q7LBC6,0.0,0.0,0.0,9
Q7LBR1,0.0,0.0,0.0,3
Q7LDG7,0.0,0.0,0.0,7
Q7LG56,0.0,0.0,0.0,1
Q7LGA3,0.0,0.0,0.0,5
Q7LGC8,0.0,0.0,0.0,3
Q7RTN6,0.0,0.0,0.0,7
Q7RTP0,0.0,0.0,0.0,5
Q7RTP6,0.0,0.0,0.0,8
Q7RTS7,0.0,0.0,0.0,6
Q7RTS9,0.0,0.0,0.0,6
Q7RTU1,0.0,0.0,0.0,2
Q7RTU9,0.0,0.0,0.0,16
Q7RTV2,0.0,0.0,0.0,4
Q7RTW8,0.0,0.0,0.0,5
Q7RTX0,0.0,0.0,0.0,6
Q7RTX7,0.0,0.0,0.0,2
Q7RTY1,0.0,0.0,0.16666666666666666,6
Q7Z2D5,0.0,0.0,0.0,8
Q7Z2E3,0.0,0.0,0.0,2
Q7Z2K6,0.0,0.0,0.0,7
Q7Z2Q7,0.0,0.0,0.0,5
Q7Z2T5,0.0,0.0,0.0,8
Q7Z2W4,0.0,0.0,0.0,3
Q7Z2W7,0.0,0.0,0.0,8
Q7Z2W9,0.0,0.0,0.0,4
Q7Z2Y5,0.0,0.0,0.0,10
Q7Z2Y8,0.0,0.0,0.0,12
Q7Z2Z1,0.0,0.0,0.0,7
Q7Z333,0.0,0.0,0.0,15
Q7Z388,0.0,0.0,0.0,4
Q7Z392,0.0,0.0,0.0,14
Q7Z3B3,0.0,0.0,0.0,2
Q7Z3B4,0.0,0.0,0.0,5
Q7Z3C6,0.0,0.0,0.1111111111111111,9
Q7Z3E1,0.0,0.0,0.0,6
Q7Z3E2,0.0,0.0,0.0,8
Q7Z3E5,0.0,0.0,0.0,9
Q7Z3G6,0.0,0.0,0.0,1
Q7Z3H0,0.0,0.0,0.0,5
Q7Z3J2,0.0,0.0,0.0,14
Q7Z3K3,0.0,0.0,0.0,5
Q7Z3K6,0.0,0.0,0.0,4
Q7Z3T1,0.0,0.0,0.0,3
Q7Z3T8,0.0,0.0,0.0,6
Q7Z3U7,0.0,0.0,0.0,23
Q7Z3V4,0.0,0.0,0.0,11
Q7Z3Y7,0.0,0.0,0.0,7
Q7Z3Z4,0.0,0.0,0.1111111111111111,9
Q7Z401,0.0,0.0,0.0,11
Q7Z402,0.0,0.0,0.0,6
Q7Z403,0.0,0.0,0.0,7
Q7Z406,0.0,0.0,0.0,14
Q7Z407,1.0,1.0,1.0,7
Q7Z412,0.0,0.0,0.0,3
Q7Z418,0.0,0.0,0.0,5
Q7Z419,0.0,0.0,0.0,1
Q7Z429,0.0,0.0,0.0,1
Q7Z434,0.0,0.0,0.0,2
Q7Z442,0.0,0.0,0.0,14
Q7Z443,0.0,0.0,0.0,10
Q7Z449,0.0,0.0,0.0,5
Q7Z460,0.0,0.0,0.0,17
Q7Z465,0.0,0.0,0.0,4
Q7Z478,0.0,0.0,0.0,13
Q7Z494,0.0,0.0,0.0,12
Q7Z4F1,0.0,0.5,0.0,2
Q7Z4G1,0.0,0.0,0.0,1
Q7Z4H7,0.0,0.0,0.0,6
Q7Z4H8,0.0,0.0,0.0,7
Q7Z4I7,0.0,0.0,0.0,1
Q7Z4K8,0.0,0.0,0.0,5
Q7Z4L5,0.0,0.0,0.0,13
Q7Z4N2,0.0,0.0,0.0,10
Q7Z4N8,0.0,0.0,0.0,4
Q7Z4Q2,0.0,0.0,0.0,8
Q7Z4S6,0.0,0.0,0.0,5
Q7Z4V0,0.0,0.0,0.0,5
Q7Z4V5,0.0,0.0,0.0,2
Q7Z4W1,0.0,0.0,0.0,4
Q7Z4Y8,0.0,0.0,0.0,1
Q7Z569,0.0,0.0,0.0,2
Q7Z570,0.0,0.0,0.0,3
Q7Z589,0.0,0.0,0.0,5
Q7Z591,0.0,0.0,0.0,2
Q7Z5D8,0.0,0.0,0.0,1
Q7Z5J4,0.0,0.0,0.0,3
Q7Z5J8,0.0,0.0,0.0,8
Q7Z5K2,0.0,0.0,0.125,8
Q7Z5L0,0.0,0.0,0.0,2
Q7Z5L7,0.0,0.0,0.0,10
Q7Z5L9,0.0,0.0,0.0,3
Q7Z5M5,0.0,0.0,0.0,6
Q7Z5N4,0.0,0.0,0.0,10
Q7Z5P4,0.0,0.0,0.0,2
Q7Z5P9,1.0,1.0,1.0,8
Q7Z5R6,0.0,0.0,0.0,4
Q7Z5W3,0.0,0.0,0.0,4
Q7Z5Y7,0.0,0.0,0.0,1
Q7Z614,0.0,0.0,0.0,1
Q7Z624,0.0,0.0,0.0,4
Q7Z628,0.0,0.0,0.0,4
Q7Z695,0.0,0.0,0.0,6
Q7Z6A9,0.0,0.0,0.0,2
Q7Z6B0,0.0,0.0,0.0,3
Q7Z6B7,0.0,0.0,0.0,8
Q7Z6E9,0.0,0.0,0.0,6
Q7Z6G3,0.0,0.0,0.0,5
Q7Z6G8,0.0,0.0,0.0,7
Q7Z6I6,0.0,0.0,0.0,10
Q7Z6J2,0.0,0.0,0.0,4
Q7Z6J8,0.0,0.0,0.0,4
Q7Z6K3,0.0,0.0,0.0,1
Q7Z6L1,0.0,0.0,0.0,5
Q7Z6M2,0.0,0.0,0.0,5
Q7Z6M4,0.0,0.0,0.0,2
Q7Z6Z7,1.0,1.0,1.0,53
Q7Z736,0.0,0.0,0.0,2
Q7Z739,0.0,0.0,0.0,3
Q7Z7A1,0.0,0.0,0.0,25
Q7Z7A3,0.0,0.0,0.0,2
Q7Z7A4,0.0,0.0,0.0,6
Q7Z7B0,0.0,0.0,0.0,10
Q7Z7C8,0.0,0.0,0.0,2
Q7Z7D3,0.0,0.0,0.0,3
Q7Z7E8,0.0,0.0,0.0,3
Q7Z7F0,0.0,0.0,0.0,3
Q7Z7G8,1.0,1.0,1.0,34
Q7Z7H5,0.0,0.0,0.0,3
Q7Z7H8,0.0,0.0,0.0,2
Q7Z7J9,0.0,0.0,1.0,1
Q7Z7L1,0.0,0.0,0.0,4
Q7Z7L7,0.0,0.0,0.0,8
Q7Z7M0,1.0,1.0,1.0,8
Q7Z7M9,0.0,0.0,0.0,4
Q7Z7N9,0.0,0.0,0.0,1
Q80HT9,1.0,1.0,1.0,1
Q80HV2,1.0,1.0,1.0,3
Q80HV8,1.0,1.0,1.0,4
Q80HX0,1.0,1.0,1.0,6
Q80HX1,1.0,1.0,1.0,17
Q80HX6,1.0,1.0,1.0,5
Q80HX7,1.0,1.0,1.0,2
Q86SE9,0.0,0.0,0.0,3
Q86SF2,0.0,0.0,0.0,5
Q86SG6,0.0,0.0,0.0,3
Q86SJ2,0.0,0.0,0.0,4
Q86SQ0,0.0,0.0,0.0,6
Q86SQ7,0.0,0.0,0.0,7
Q86SQ9,0.0,0.0,0.0,2
Q86SR1,0.0,0.0,0.0,3
Q86SX3,0.0,0.0,0.0,6
Q86T24,0.0,0.0,0.0,4
Q86T65,0.0,0.0,0.0,8
Q86T75,0.0,0.0,0.0,5
Q86T82,0.0,0.0,0.0,2
Q86T90,0.0,0.0,0.0,5
Q86T96,0.0,0.0,0.0,2
Q86TA1,0.0,0.0,0.0,1
Q86TB3,0.0,0.0,0.0,6
Q86TB9,0.0,0.0,0.0,7
Q86TC9,0.0,0.0,0.0,4
Q86TG7,0.0,0.0,0.0,6
Q86TI0,0.0,0.0,0.0,9
Q86TI2,0.0,0.0,0.0,6
Q86TL0,0.0,0.0,0.0,1
Q86TM3,0.0,0.0,0.0,6
Q86TM6,0.0,0.0,0.0,6
Q86TU7,0.0,0.0,0.0,2
Q86TW2,0.0,0.0,0.0,6
Q86TY3,0.0,0.0,0.0,5
Q86U06,0.0,0.0,0.0,2
Q86U17,0.0,0.0,0.0,2
Q86U38,0.0,0.0,0.0,5
Q86U44,0.0,0.0,0.0,4
Q86U70,0.0,0.0,0.0,2
Q86U86,0.0,0.0,0.0,14
Q86U90,0.0,0.0,0.0,3
Q86UB9,0.0,0.0,0.0,7
Q86UC2,0.0,0.0,0.0,5
Q86UD0,0.0,0.0,0.0,4
Q86UD1,0.0,0.0,0.0,1
Q86UD5,0.0,0.0,0.16666666666666666,6
Q86UE4,0.0,0.0,0.0,2
Q86UE8,0.0,0.0,0.0,5
Q86UF1,0.0,0.0,0.0,1
Q86UK0,0.0,0.0,0.0,30
Q86UK7,0.0,0.0,0.0,3
Q86UL3,0.0,0.0,0.0,4
Q86UL8,0.0,0.0,0.0,9
Q86UP2,0.0,0.0,0.0,9
Q86UP3,1.0,1.0,1.0,15
Q86UP6,0.0,0.0,0.0,4
Q86UP8,0.0,0.0,0.0,7
Q86UQ4,1.0,1.0,1.0,57
Q86US8,0.0,0.0,0.0,6
Q86UT6,0.0,0.0,0.0,6
Q86UT8,0.0,0.0,0.0,2
Q86UU0,0.0,0.0,0.0,3
Q86UU1,0.0,0.0,0.0,5
Q86UV5,0.0,0.0,0.0,7
Q86UW6,0.0,0.0,0.0,11
Q86UX6,0.0,0.0,0.0,2
Q86UX7,0.0,0.0,0.0,4
Q86UY6,0.0,0.0,0.0,1
Q86UY8,0.0,0.0,0.0,2
Q86UZ6,0.0,0.0,0.0,3
Q86V15,0.0,0.0,0.0,3
Q86V20,0.0,0.0,0.0,3
Q86V21,0.0,0.0,0.0,6
Q86V24,0.0,0.0,0.0,7
Q86V40,0.0,0.0,0.0,1
Q86V48,0.0,0.0,0.0,4
Q86V59,0.0,0.0,0.0,5
Q86V81,0.0,0.0,0.0,2
Q86V85,0.0,0.0,0.0,4
Q86V86,0.0,0.0,0.0,1
Q86V87,0.0,0.0,0.0,7
Q86V88,0.0,0.0,0.0,2
Q86V97,0.0,0.0,0.0,4
Q86VB7,0.0,0.0,0.0,3
Q86VD1,0.0,0.0,0.0,8
Q86VD7,0.0,0.0,0.0,4
Q86VD9,0.0,0.0,0.0,7
Q86VE0,0.0,0.0,0.0,3
Q86VE9,0.0,0.0,0.0,5
Q86VH2,0.0,0.0,0.0,11
Q86VI1,0.0,0.0,0.0,11
Q86VI3,0.0,0.0,0.0,18
Q86VL8,0.0,0.0,0.0,4
Q86VM9,0.0,0.0,0.0,1
Q86VN1,0.0,0.0,0.0,4
Q86VP1,0.0,0.0,0.0,5
Q86VP3,0.0,0.0,0.0,2
Q86VP6,0.0,0.0,0.0,22
Q86VQ0,0.0,0.0,0.0,4
Q86VQ1,0.0,0.0,0.0,2
Q86VR2,0.0,0.0,0.0,4
Q86VR7,0.0,0.0,0.0,5
Q86VS3,0.0,0.0,0.0,9
Q86VS8,0.0,0.0,0.0,9
Q86VV8,0.0,0.0,0.0,29
Q86VW0,0.0,0.0,0.0,4
Q86VW1,0.0,0.0,0.0,6
Q86VY4,0.0,0.0,0.0,3
Q86VZ1,0.0,0.0,0.0,2
Q86VZ2,0.0,0.0,0.0,4
Q86VZ4,0.0,0.0,0.0,2
Q86VZ6,0.0,0.0,0.0,1
Q86W11,0.0,0.0,0.0,3
Q86W24,0.0,0.0,0.0,5
Q86W26,0.0,0.0,0.0,5
Q86W34,0.0,0.0,0.0,3
Q86W50,0.0,0.0,0.0,1
Q86W56,0.0,0.0,0.0,7
Q86W92,0.0,0.0,0.0,7
Q86WA6,0.0,0.0,0.0,1
Q86WA8,0.0,0.0,0.0,11
Q86WA9,0.0,0.0,0.0,7
Q86WB0,0.0,0.0,0.0,1
Q86WC4,0.0,0.0,0.0,3
Q86WG5,0.0,0.0,0.0,16
Q86WH2,0.0,0.0,0.0,2
Q86WI1,1.0,1.0,1.0,31
Q86WI3,0.0,0.0,0.0,24
Q86WJ1,0.0,0.0,0.0,7
Q86WK9,0.0,0.0,0.0,7
Q86WN1,0.0,0.0,0.0,5
Q86WR0,0.0,0.0,0.0,1
Q86WR7,0.0,0.0,0.0,4
Q86WV1,0.0,0.0,0.0,2
Q86WV6,0.0,0.0,0.0,4
Q86X02,0.0,0.0,0.0,6
Q86X10,0.0,0.0,0.0,12
Q86X19,0.0,0.0,0.0,2
Q86X24,0.0,0.0,0.0,4
Q86X27,0.0,0.0,0.0,8
Q86X29,0.0,0.0,1.0,1
Q86X45,0.0,0.0,0.0,3
Q86X53,0.0,0.0,0.0,4
Q86X55,0.0,0.0,0.0,2
Q86X60,0.0,0.0,0.0,1
Q86X76,0.0,0.0,0.0,3
Q86X83,0.0,0.0,0.0,3
Q86X95,0.0,0.0,0.0,1
Q86XA0,0.0,0.0,0.0,1
Q86XA9,0.0,0.0,0.0,12
Q86XE0,0.0,0.0,0.0,3
Q86XF0,0.0,0.0,0.0,1
Q86XH1,0.0,0.0,0.0,10
Q86XI2,0.0,0.0,0.0,17
Q86XI6,0.0,0.0,0.0,2
Q86XI8,0.0,0.0,0.0,4
Q86XJ0,0.0,0.0,0.0,1
Q86XK2,0.0,0.0,0.0,2
Q86XL3,0.0,0.16666666666666666,0.0,6
Q86XN7,0.0,0.0,0.0,8
Q86XN8,0.0,0.0,0.0,2
Q86XP1,0.0,0.0,0.0,10
Q86XP3,0.0,0.0,0.0,7
Q86XR2,0.0,0.0,0.0,5
Q86XR8,0.0,0.0,0.0,5
Q86XS8,0.0,0.0,0.0,1
Q86XZ4,0.0,0.0,0.0,3
Q86Y07,0.0,0.0,0.0,2
Q86Y13,0.0,0.0,0.0,9
Q86Y22,0.0,0.0,0.0,1
Q86Y38,0.0,0.0,0.0,9
Q86Y39,0.0,0.0,0.0,2
Q86Y46,0.0,0.0,0.0,3
Q86Y56,0.0,0.0,0.0,18
Q86Y79,0.0,0.0,0.0,1
Q86Y82,0.0,0.0,0.0,2
Q86Y91,0.0,0.0,0.0,5
Q86YA3,0.0,0.0,0.0,13
Q86YC2,0.0,0.0,0.0,6
Q86YC3,0.0,0.0,0.0,5
Q86YD1,0.0,0.0,0.0,2
Q86YD3,0.0,0.0,0.0,3
Q86YE8,0.0,0.0,0.0,1
Q86YF9,0.0,0.0,0.0,7
Q86YH2,0.0,0.0,0.0,2
Q86YH6,0.0,0.0,0.0,5
Q86YJ6,0.0,0.0,0.0,8
Q86YL7,0.0,0.0,0.0,2
Q86YM7,0.0,0.0,0.0,3
Q86YN1,0.0,0.0,0.0,3
Q86YP4,0.0,0.0,0.0,2
Q86YR7,0.0,0.0,0.0,6
Q86YS3,0.0,0.0,0.0,8
Q86YT6,0.0,0.0,0.0,5
Q86YV0,0.0,0.0,0.0,11
Q86YV5,0.0,0.0,0.0,2
Q86YV9,0.0,0.0,0.0,4
Q86YW9,0.0,0.0,0.0,14
Q86Z02,0.0,0.0,0.0,9
Q89121,1.0,1.0,1.0,4
Q8HWS3,0.0,0.0,0.0,7
Q8I0U8,0.0,0.0,0.0,18
Q8IU60,0.0,0.0,0.0,2
Q8IU68,0.0,0.0,0.0,6
Q8IU85,0.0,0.0,0.0,6
Q8IUC6,0.0,0.0,0.0,2
Q8IUC8,0.0,0.0,0.0,7
Q8IUD2,0.0,0.0,0.0,10
Q8IUD6,0.0,0.0,0.3333333333333333,3
Q8IUE6,0.0,0.0,0.0,3
Q8IUF8,0.0,0.0,0.0,4
Q8IUG5,0.0,0.0,0.0,8
Q8IUH5,0.0,0.0,0.0,5
Q8IUI8,0.0,0.0,0.0,8
Q8IUQ4,0.0,0.0,0.0,2
Q8IUR0,0.0,0.0,0.0,3
Q8IUR6,0.0,0.0,0.0,4
Q8IUR7,0.0,0.0,0.0,9
Q8IUW3,0.0,0.0,0.0,2
Q8IUX1,0.0,0.0,0.0,3
Q8IUX4,0.0,0.0,0.0,3
Q8IUX7,0.0,0.0,0.0,7
Q8IUY3,0.0,0.0,0.0,4
Q8IUZ0,0.0,0.0,0.0,3
Q8IUZ5,0.0,0.0,0.0,4
Q8IV03,0.0,0.0,0.0,2
Q8IV04,0.0,0.0,0.0,4
Q8IV08,0.0,0.0,0.0,8
Q8IV32,0.0,0.0,0.0,3
Q8IV35,0.0,0.0,0.0,7
Q8IV36,0.0,0.0,0.0,4
Q8IV38,0.0,0.0,0.0,6
Q8IV48,0.0,0.0,0.0,2
Q8IV53,0.0,0.0,0.0,5
Q8IV63,0.0,0.0,0.0,4
Q8IV76,0.0,0.0,0.0,3
Q8IVB4,0.0,0.0,0.0,6
Q8IVB5,0.0,0.0,0.0,2
Q8IVD9,0.0,0.0,0.0,2
Q8IVF2,1.0,1.0,1.0,58
Q8IVF4,1.0,1.0,1.0,47
Q8IVF5,0.0,0.0,0.0,10
Q8IVF6,0.0,0.0,0.0,8
Q8IVF7,0.0,0.0,0.0,12
Q8IVG5,0.0,0.0,0.0,15
Q8IVJ1,0.0,0.0,0.0,12
Q8IVL0,0.0,0.0,0.0,15
Q8IVL1,0.0,0.0,0.0,14
Q8IVL5,0.0,0.0,0.0,6
Q8IVL6,0.0,0.0,0.0,7
Q8IVM0,0.0,0.0,0.0,2
Q8IVP5,0.0,0.0,0.0,1
Q8IVS8,0.0,0.0,0.0,7
Q8IVT5,0.0,0.0,0.3333333333333333,3
Q8IVU3,0.0,0.0,0.0,8
Q8IVV2,0.0,0.0,0.0,5
Q8IVW1,0.0,0.0,0.0,1
Q8IVW6,0.0,0.0,0.0,3
Q8IW35,0.0,0.0,0.1111111111111111,9
Q8IW41,0.0,0.0,0.0,3
Q8IW70,0.0,0.0,0.0,1
Q8IW93,0.0,0.0,0.0,7
Q8IWA0,0.0,0.0,0.0,3
Q8IWA4,0.0,0.0,0.0,9
Q8IWA5,0.0,0.0,0.0,6
Q8IWB1,0.0,0.0,0.0,4
Q8IWB4,0.0,0.0,0.0,12
Q8IWB7,0.0,0.0,0.0,1
Q8IWB9,0.0,0.0,0.0,7
Q8IWC1,0.0,0.0,0.0,7
Q8IWD4,0.0,0.0,0.0,2
Q8IWE2,0.0,0.0,0.0,7
Q8IWE5,0.0,0.0,0.0,7
Q8IWF2,0.0,0.0,0.0,6
Q8IWF6,0.0,0.0,0.0,6
Q8IWI9,1.0,1.0,1.0,19
Q8IWJ2,0.0,0.0,0.0,16
Q8IWK6,0.0,0.0,0.125,8
Q8IWL1,0.0,0.0,0.0,2
Q8IWP9,0.0,0.0,0.0,2
Q8IWR0,0.0,0.0,0.0,5
Q8IWR1,0.0,0.0,0.0,5
Q8IWS0,0.0,0.0,0.0,1
Q8IWT0,0.0,0.0,0.0,2
Q8IWT3,0.0,0.0,0.0,17
Q8IWT6,0.0,0.0,0.0,9
Q8IWU2,0.0,0.0,0.0,3
Q8IWU5,0.0,0.0,0.0,1
Q8IWV7,0.0,0.0,0.0,16
Q8IWV8,0.0,0.0,0.0,20
Q8IWW6,0.0,0.0,0.0,2
Q8IWX5,0.0,0.0,0.0,4
Q8IWX8,0.0,0.0,0.0,2
Q8IWY9,0.0,0.0,0.0,5
Q8IWZ3,0.0,0.0,0.0,19
Q8IWZ6,0.0,0.0,0.0,5
Q8IWZ8,0.0,0.0,0.0,3
Q8IX01,0.0,0.0,0.0,8
Q8IX04,0.0,0.0,0.0,4
Q8IX05,0.0,0.0,0.0,2
Q8IX06,0.0,0.0,0.0,2
Q8IX12,0.0,0.0,0.0,13
Q8IX18,0.0,0.0,0.0,4
Q8IX21,0.0,0.0,0.0,6
Q8IX90,0.0,0.0,0.0,3
Q8IX95,0.0,0.0,0.0,3
Q8IXB1,0.0,0.0,0.0,5
Q8IXB3,0.0,0.0,0.0,3
Q8IXH7,0.0,0.0,0.0,14
Q8IXI1,0.0,0.0,0.0,4
Q8IXI2,0.0,0.0,0.0,6
Q8IXK0,0.0,0.0,0.0,3
Q8IXK2,0.0,0.0,0.0,8
Q8IXL6,0.0,0.0,0.0,2
Q8IXM2,0.0,0.0,0.0,2
Q8IXM6,0.0,0.0,0.0,3
Q8IXN7,0.0,0.0,0.0,6
Q8IXQ5,0.0,0.0,0.0,8
Q8IXQ6,0.0,0.0,0.0,5
Q8IXS8,0.0,0.0,0.0,6
Q8IXT5,0.0,0.0,0.0,3
Q8IXU6,0.0,0.0,0.0,3
Q8IXV7,0.0,0.0,0.0,2
Q8IXW5,0.0,0.0,0.0,6
Q8IXX5,0.0,0.0,0.0,2
Q8IXZ2,0.0,0.0,0.0,1
Q8IXZ3,0.0,0.0,0.0,3
Q8IY17,0.0,0.0,0.0,5
Q8IY18,0.0,0.0,0.0,6
Q8IY21,0.0,0.0,0.0,13
Q8IY22,0.0,0.0,0.0,8
Q8IY31,0.0,0.0,0.0,2
Q8IY33,0.0,0.0,0.0,3
Q8IY34,0.0,0.0,0.0,10
Q8IY37,0.0,0.0,0.0,7
Q8IY45,0.0,0.0,0.0,4
Q8IY47,0.0,0.0,0.0,2
Q8IY63,0.0,0.0,0.0,8
Q8IY67,0.0,0.0,0.0,5
Q8IY81,0.0,0.0,0.0,4
Q8IY82,0.0,0.0,0.0,8
Q8IYA2,0.0,0.0,0.0,6
Q8IYA6,0.0,0.0,0.0,4
Q8IYA7,0.0,0.0,0.0,1
Q8IYA8,0.0,0.0,0.0,5
Q8IYB1,0.0,0.0,0.0,7
Q8IYB7,0.0,0.0,0.0,10
Q8IYB8,0.0,0.0,0.0,5
Q8IYD1,0.0,0.0,0.0,2
Q8IYD8,0.0,0.0,0.0,11
Q8IYD9,0.0,0.0,0.0,1
Q8IYI6,0.0,0.0,0.0,6
Q8IYK4,0.0,0.0,0.0,6
Q8IYL2,0.0,0.0,0.0,6
Q8IYM9,0.0,0.0,0.0,5
Q8IYN6,0.0,0.0,0.0,1
Q8IYR2,0.0,0.0,0.0,6
Q8IYS0,0.0,0.0,0.0,6
Q8IYS1,0.0,0.0,0.0,2
Q8IYS2,0.0,0.0,0.0,4
Q8IYT2,0.0,0.0,0.0,8
Q8IYT8,0.0,0.0,0.14285714285714285,7
Q8IYU2,0.0,0.0,0.0,8
Q8IYU8,0.0,0.0,0.0,4
Q8IYW5,0.0,0.0,0.0,1
Q8IYX8,0.0,0.0,0.0,2
Q8IZ02,0.0,0.0,0.0,5
Q8IZ07,0.0,0.0,0.0,4
Q8IZ13,0.0,0.0,0.0,5
Q8IZ20,0.0,0.0,0.0,1
Q8IZ21,0.0,0.0,0.0,1
Q8IZ52,0.0,0.0,0.0,5
Q8IZ69,0.0,0.0,0.0,5
Q8IZ73,0.0,0.0,0.0,2
Q8IZ83,0.0,0.0,0.0,2
Q8IZD2,0.0,0.0,0.0,8
Q8IZD4,0.0,0.0,0.0,5
Q8IZD6,0.0,0.0,0.0,6
Q8IZE3,0.0,0.0,0.0,13
Q8IZF5,0.0,0.0,0.0,8
Q8IZF6,1.0,1.0,1.0,12
Q8IZH2,0.0,0.0,0.0,8
Q8IZL8,0.0,0.0,0.0,12
Q8IZM8,0.0,0.0,0.0,7
Q8IZM9,0.0,0.0,0.0,5
Q8IZP0,0.0,0.0,0.0,6
Q8IZQ1,1.0,1.0,1.0,38
Q8IZQ8,0.0,0.0,0.0,7
Q8IZT6,1.0,1.0,1.0,19
Q8IZU8,0.0,0.0,0.0,2
Q8IZW8,0.0,0.0,0.0,5
Q8IZX4,0.0,0.0,0.0,12
Q8IZY2,0.0,0.0,0.0,23
Q8N0S2,0.0,0.0,0.0,3
Q8N0S6,0.0,0.0,0.0,4
Q8N0V5,0.0,0.0,0.0,4
Q8N0W3,0.0,0.0,0.0,4
Q8N0W4,0.0,0.0,0.0,7
Q8N0X2,0.0,0.0,0.0,7
Q8N0X4,0.0,0.0,0.0,2
Q8N0X7,0.0,0.0,0.0,4
Q8N0Y7,0.0,0.0,0.0,1
Q8N0Z3,0.0,0.0,0.0,9
Q8N0Z6,0.0,0.16666666666666666,0.0,6
Q8N0Z9,0.0,0.0,0.0,5
Q8N103,0.0,0.0,0.2,5
Q8N108,0.0,0.0,0.0,3
Q8N114,0.0,0.0,1.0,1
Q8N122,0.0,0.0,0.0,14
Q8N128,0.0,0.0,0.0,1
Q8N137,0.0,0.0,0.0,8
Q8N138,0.0,0.0,0.0,3
Q8N139,0.0,0.0,0.0,17
Q8N149,0.0,0.0,0.0,2
Q8N157,0.0,0.0,0.0,4
Q8N159,0.0,0.0,0.0,3
Q8N163,0.0,0.0,0.0,10
Q8N165,0.0,0.0,0.0,2
Q8N184,0.0,0.0,0.0,1
Q8N187,0.0,0.0,0.0,4
Q8N196,0.0,0.0,0.0,7
Q8N1B3,0.0,0.0,0.0,5
Q8N1B4,0.0,0.0,0.0,6
Q8N1F7,0.0,0.0,0.0,9
Q8N1F8,0.0,0.0,0.0,11
Q8N1G0,0.0,0.0,0.0,7
Q8N1G2,0.0,0.0,0.0,5
Q8N1G4,0.0,0.0,0.0,8
Q8N1I0,0.0,0.0,0.0,19
Q8N1K5,0.0,0.0,0.0,7
Q8N1L9,0.0,0.0,0.0,1
Q8N1S5,0.0,0.0,0.0,4
Q8N1T3,0.0,0.0,0.0,8
Q8N1W1,0.0,0.0,0.0,9
Q8N201,0.0,0.0,0.0,23
Q8N264,0.0,0.0,0.0,3
Q8N283,0.0,0.0,0.0,11
Q8N292,0.0,0.0,0.0,1
Q8N2A8,0.0,0.0,0.0,1
Q8N2C7,1.0,1.0,1.0,30
Q8N2F6,0.0,0.0,0.3333333333333333,3
Q8N2G6,0.0,0.0,0.0,1
Q8N2G8,0.0,0.0,0.0,4
Q8N2K0,0.0,0.0,0.0,3
Q8N2K1,0.0,0.0,0.0,3
Q8N2U9,0.0,0.0,0.0,2
Q8N2Y8,0.0,0.0,0.0,7
Q8N302,0.0,0.0,0.0,4
Q8N335,0.0,0.0,0.0,2
Q8N344,0.0,0.0,0.0,1
Q8N357,0.0,0.0,0.0,3
Q8N370,0.0,0.0,0.0,3
Q8N371,0.0,0.0,0.0,4
Q8N392,0.0,0.0,0.0,5
Q8N3A8,0.0,0.0,0.0,7
Q8N3C0,0.0,0.0,0.0,22
Q8N3C7,0.0,0.0,0.0,3
Q8N3D4,0.0,0.0,0.0,6
Q8N3F8,0.0,0.0,0.0,4
Q8N3I7,0.0,0.0,0.0,7
Q8N3J5,0.0,0.0,0.0,2
Q8N3J9,0.0,0.0,0.0,1
Q8N3P4,0.0,0.0,0.0,18
Q8N3R9,0.0,0.0,0.0,4
Q8N3S3,0.0,0.0,0.0,7
Q8N3U4,0.0,0.0,0.0,10
Q8N3V7,0.0,0.0,0.0,1
Q8N3X6,0.0,0.0,0.0,1
Q8N3Y1,0.0,0.0,0.0,4
Q8N3Z3,0.0,0.0,0.0,5
Q8N3Z6,0.0,0.0,0.0,1
Q8N431,0.0,0.0,0.0,4
Q8N434,0.0,0.0,0.0,2
Q8N442,0.0,0.0,0.0,8
Q8N448,0.0,0.0,0.0,3
Q8N4A0,0.0,0.0,0.0,6
Q8N4C6,0.0,0.0,0.0,21
Q8N4C8,0.0,0.0,0.0,4
Q8N4F7,0.0,0.0,0.0,5
Q8N4H5,0.0,0.0,0.5,2
Q8N4J0,0.0,0.0,0.0,3
Q8N4N3,0.0,0.0,0.0,7
Q8N4P3,0.0,0.0,0.0,1
Q8N4Q0,0.0,0.0,0.0,4
Q8N4S7,0.0,0.0,0.0,3
Q8N4T4,0.0,0.0,0.0,2
Q8N4U5,0.0,0.0,0.0,7
Q8N4V1,0.0,0.0,0.0,1
Q8N4W6,0.0,0.0,0.0,3
Q8N4Z0,0.0,0.0,0.0,1
Q8N511,0.0,0.0,0.0,4
Q8N531,0.0,0.0,0.0,4
Q8N539,0.0,0.0,0.0,4
Q8N543,0.0,0.0,0.0,2
Q8N565,0.0,0.0,0.0,3
Q8N573,0.0,0.0,0.0,4
Q8N584,0.0,0.0,0.0,6
Q8N594,0.0,0.0,0.0,5
Q8N5A5,0.0,0.0,0.0,4
Q8N5B7,0.0,0.0,0.0,2
Q8N5C1,0.0,0.0,0.0,2
Q8N5C6,0.0,0.0,0.0,9
Q8N5G2,0.0,0.0,0.0,2
Q8N5H7,0.0,0.0,0.0,7
Q8N5I2,0.0,0.0,0.0,6
Q8N5I4,0.0,0.0,0.0,2
Q8N5J2,0.0,0.0,0.0,4
Q8N5M4,0.0,0.0,0.0,2
Q8N5M9,0.0,0.0,0.0,2
Q8N5T2,0.0,0.0,0.0,7
Q8N5U0,0.0,0.0,0.0,1
Q8N5U6,0.0,0.0,0.0,4
Q8N5V2,0.0,0.0,0.0,6
Q8N5Y2,0.0,0.0,0.0,4
Q8N612,0.0,0.0,0.0,3
Q8N628,0.0,0.0,0.0,3
Q8N635,0.0,0.0,0.0,5
Q8N653,0.0,0.0,0.0,3
Q8N680,0.0,0.0,0.0,1
Q8N684,0.0,0.0,0.0,3
Q8N697,0.0,0.0,0.0,6
Q8N6D5,0.0,0.0,0.0,4
Q8N6F8,0.0,0.0,0.0,2
Q8N6L1,0.0,0.0,0.0,4
Q8N6M3,0.0,0.0,0.0,2
Q8N6M6,0.0,0.0,0.0,6
Q8N6R0,0.0,0.0,0.0,4
Q8N6S5,0.0,0.0,0.0,1
Q8N6T0,0.0,0.0,0.0,5
Q8N6V9,0.0,0.0,0.0,3
Q8N6Y1,0.0,0.0,0.0,6
Q8N752,0.0,0.0,0.0,1
Q8N766,0.0,0.0,0.0,12
Q8N7H5,0.0,0.0,0.0,1
Q8N7K0,0.0,0.0,0.0,1
Q8N7M0,0.0,0.0,0.0,1
Q8N7X0,0.0,0.0,0.0,12
Q8N806,0.0,0.0,0.0,3
Q8N807,0.0,0.0,0.0,4
Q8N815,0.0,0.0,0.0,4
Q8N816,0.0,0.0,0.0,2
Q8N841,0.0,0.0,0.0,3
Q8N884,0.0,0.0,0.0,2
Q8N8A2,0.0,0.0,0.0,6
Q8N8A6,0.0,0.0,0.0,10
Q8N8Q8,0.0,0.0,0.0,2
Q8N8Q9,0.0,0.0,0.0,4
Q8N8R5,0.0,0.0,0.0,3
Q8N8S7,0.0,0.0,0.0,2
Q8N8U2,0.0,0.0,0.3333333333333333,3
Q8N8Y2,0.0,0.0,0.0,5
Q8N954,0.0,0.0,0.0,1
Q8N960,0.0,0.0,0.0,9
Q8N961,0.0,0.0,0.0,8
Q8N983,0.0,0.0,0.0,3
Q8N999,0.0,0.0,0.3333333333333333,3
Q8N9F0,0.0,0.0,0.0,3
Q8N9H8,0.0,0.0,0.0,6
Q8N9H9,0.0,0.0,0.0,4
Q8N9I5,0.0,0.0,0.0,1
Q8N9I9,0.0,0.0,0.0,2
Q8N9K5,0.0,0.0,0.0,1
Q8N9L9,0.0,0.0,0.0,3
Q8N9M1,0.0,0.0,0.0,2
Q8N9M5,0.0,0.0,0.0,5
Q8N9N2,0.0,0.0,0.0,3
Q8N9N5,0.0,0.0,0.0,3
Q8N9R8,0.0,0.0,0.0,2
Q8N9T8,0.0,0.0,0.0,3
Q8N9W5,0.0,0.0,0.0,3
Q8NA03,0.0,0.0,0.0,5
Q8NA29,0.0,0.0,0.0,3
Q8NA72,0.0,0.0,0.0,2
Q8NA92,0.0,0.0,1.0,1
Q8NAA4,0.0,0.0,0.0,6
Q8NAB2,0.0,0.0,0.0,2
Q8NAF0,0.0,0.0,0.0,3
Q8NAN2,0.0,0.0,0.0,7
Q8NAP3,0.0,0.0,0.0,5
Q8NAT1,0.0,0.0,0.0,3
Q8NAV1,0.0,0.0,0.0,2
Q8NB14,0.0,0.0,0.0,12
Q8NB15,0.0,0.0,0.0,1
Q8NB16,0.0,0.0,0.0,1
Q8NB25,0.0,0.0,0.0,11
Q8NB46,0.0,0.0,0.0,12
Q8NB49,0.0,0.0,0.0,5
Q8NB59,0.0,0.0,0.0,3
Q8NB66,0.0,0.0,0.0,17
Q8NB78,0.0,0.0,0.0,3
Q8NB90,0.0,0.0,0.0,7
Q8NB91,0.0,0.0,0.0,6
Q8NBA8,0.0,0.0,0.0,5
Q8NBE8,0.0,0.0,0.0,3
Q8NBF2,0.0,0.0,0.0,9
Q8NBF6,0.0,0.0,0.0,2
Q8NBI2,0.0,0.0,0.0,3
Q8NBI5,0.0,0.0,0.0,6
Q8NBI6,0.0,0.0,0.0,3
Q8NBJ4,0.0,0.0,0.0,5
Q8NBJ5,0.0,0.0,0.0,5
Q8NBK3,0.0,0.0,0.0,3
Q8NBM8,0.0,0.0,0.0,6
Q8NBN3,0.0,0.0,0.0,3
Q8NBP0,0.0,0.0,0.0,6
Q8NBQ5,0.0,0.0,0.0,3
Q8NBR0,0.0,0.0,0.0,1
Q8NBR6,0.0,0.0,0.0,6
Q8NBS3,0.0,0.0,0.0,12
Q8NBT0,0.0,0.0,0.0,4
Q8NBU5,0.0,0.0,0.0,7
Q8NBV4,0.0,0.0,0.0,2
Q8NBW4,0.0,0.0,0.0,5
Q8NBX0,0.0,0.0,0.0,2
Q8NC44,0.0,0.0,0.0,2
Q8NC51,0.0,0.0,0.0,1
Q8NC54,0.0,0.0,0.0,2
Q8NC56,0.0,0.0,0.0,4
Q8NC60,0.0,0.0,0.0,5
Q8NC96,0.0,0.0,0.0,1
Q8NCA5,0.0,0.0,0.0,3
Q8NCC3,0.0,0.0,0.0,3
Q8NCD3,0.0,0.0,0.0,2
Q8NCE0,0.0,0.0,0.0,3
Q8NCF5,0.0,0.0,0.0,5
Q8NCG7,0.0,0.0,0.0,6
Q8NCH0,0.0,0.0,0.0,3
Q8NCK7,0.0,0.0,0.0,3
Q8NCL8,0.0,0.0,0.0,5
Q8NCM8,1.0,1.0,1.0,43
Q8NCN2,0.0,0.0,0.0,1
Q8NCN5,0.0,0.0,0.0,5
Q8NCP5,0.0,0.0,0.0,2
Q8NCQ5,0.0,0.0,0.0,7
Q8NCR0,0.0,0.0,0.0,4
Q8NCS4,0.0,0.0,0.0,2
Q8NCT1,0.0,0.0,0.0,3
Q8NCU4,0.0,0.0,0.0,6
Q8NCU8,0.0,0.0,0.0,1
Q8NCW0,0.0,0.0,0.0,1
Q8NCW5,0.0,0.0,0.0,4
Q8NCW6,0.0,0.0,0.0,4
Q8ND04,0.0,0.0,0.0,7
Q8ND24,0.0,0.0,0.0,4
Q8ND30,0.0,0.0,0.0,5
Q8ND56,0.0,0.0,0.0,2
Q8ND61,0.0,0.0,0.0,3
Q8ND71,0.0,0.0,0.0,2
Q8ND83,0.0,0.0,0.0,5
Q8ND90,0.0,0.0,0.0,4
Q8NDA2,1.0,1.0,1.0,28
Q8NDA8,0.0,0.0,0.0,23
Q8NDB2,0.0,0.0,0.0,4
Q8NDD1,0.0,0.0,0.0,1
Q8NDF8,0.0,0.0,0.0,2
Q8NDG6,0.0,0.0,0.0,15
Q8NDH6,0.0,0.0,0.0,4
Q8NDI1,0.0,0.0,0.0,8
Q8NDL9,0.0,0.0,0.0,2
Q8NDN9,0.0,0.0,0.0,5
Q8NDT2,0.0,0.0,0.0,3
Q8NDV7,0.0,0.0,0.0,3
Q8NDX1,0.0,0.0,0.0,4
Q8NDX5,0.0,0.0,0.0,8
Q8NDZ2,0.0,0.0,0.0,7
Q8NE01,0.0,0.0,0.0,5
Q8NE18,0.0,0.0,0.0,4
Q8NE71,0.0,0.0,0.0,7
Q8NE86,0.0,0.0,0.0,5
Q8NEA4,0.0,0.0,0.0,3
Q8NEA6,0.0,0.0,0.0,1
Q8NEB5,0.0,0.0,0.0,2
Q8NEB9,0.0,0.0,0.0,7
Q8NEC5,0.0,0.0,0.0,4
Q8NEC7,0.0,0.0,0.0,5
Q8NEF3,0.0,0.0,0.0,3
Q8NEF9,0.0,0.0,0.0,1
Q8NEG7,0.0,0.0,0.0,8
Q8NEH6,0.0,0.0,0.0,3
Q8NEJ9,0.0,0.0,0.0,4
Q8NEL9,0.0,0.0,0.0,4
Q8NEM2,0.0,0.0,0.0,4
Q8NEM7,0.0,0.0,0.0,1
Q8NEN0,0.0,0.0,0.0,8
Q8NEN9,0.0,0.0,0.1111111111111111,9
Q8NER1,0.0,0.0,0.0,5
Q8NET4,0.0,0.0,0.0,6
Q8NEU8,0.0,0.0,0.0,9
Q8NEV1,0.0,0.0,0.0,3
Q8NEV8,0.0,0.0,0.0,3
Q8NEW0,0.0,0.0,0.0,3
Q8NEY1,0.0,0.0,0.0,11
Q8NEY4,0.0,0.0,0.0,3
Q8NEY8,0.0,0.0,0.0,3
Q8NEZ2,0.0,0.0,0.0,2
Q8NEZ3,0.0,0.0,0.0,4
Q8NEZ4,1.0,1.0,1.0,23
Q8NEZ5,0.0,0.0,0.0,5
Q8NF37,0.0,0.0,0.0,7
Q8NF50,0.0,0.0,0.0,32
Q8NF64,0.0,0.0,0.0,6
Q8NF67,0.0,0.0,0.0,2
Q8NF91,1.0,1.0,1.0,74
Q8NFA0,0.0,0.0,0.0,8
Q8NFB2,0.0,0.0,0.0,4
Q8NFC6,1.0,1.0,1.0,8
Q8NFD2,0.0,0.0,0.0,4
Q8NFD5,0.0,0.0,0.0,9
Q8NFF5,0.0,0.0,0.0,8
Q8NFG4,0.0,0.0,0.0,4
Q8NFH4,0.0,0.0,0.5,2
Q8NFH5,0.0,0.0,0.0,3
Q8NFH8,0.0,0.0,0.0,2
Q8NFI3,0.0,0.0,0.0,4
Q8NFJ8,0.0,0.0,0.0,3
Q8NFJ9,0.0,0.0,0.0,6
Q8NFL0,0.0,0.0,0.0,3
Q8NFM7,0.0,0.0,0.0,5
Q8NFP9,1.0,1.0,1.0,18
Q8NFQ6,0.0,0.0,0.0,4
Q8NFQ8,0.0,0.0,0.0,1
Q8NFR9,0.0,0.0,0.0,8
Q8NFT2,0.0,0.0,0.0,9
Q8NFT6,0.0,0.0,0.0,2
Q8NFT8,0.0,0.0,0.0,3
Q8NFU5,0.0,0.0,0.0,2
Q8NFV4,0.0,0.0,0.0,4
Q8NFX7,0.0,0.0,0.0,1
Q8NFY4,0.0,0.0,0.0,7
Q8NFZ0,0.0,0.0,0.0,9
Q8NFZ3,0.0,0.0,0.0,5
Q8NFZ5,0.0,0.0,0.0,3
Q8NG04,0.0,0.0,0.0,6
Q8NG06,0.0,0.0,0.0,3
Q8NG08,0.0,0.0,0.0,5
Q8NG11,0.0,0.0,0.0,3
Q8NG27,0.0,0.0,0.0,7
Q8NG31,0.0,0.0,0.0,9
Q8NG48,0.0,0.0,0.0,6
Q8NG68,0.0,0.0,0.0,4
Q8NGC6,0.0,0.0,0.0,5
Q8NGD3,0.0,0.0,0.0,6
Q8NGE1,0.0,0.0,0.0,2
Q8NGI2,0.0,0.0,0.0,2
Q8NGL1,0.0,0.0,0.0,3
Q8NGL6,0.0,0.0,0.0,5
Q8NGM1,0.0,0.0,0.0,1
Q8NGM9,0.0,0.0,0.0,2
Q8NGR1,0.0,0.0,0.0,7
Q8NGR8,0.0,0.0,0.0,4
Q8NGT5,0.0,0.0,0.0,3
Q8NGT7,0.0,0.0,0.0,3
Q8NGU1,0.0,0.0,0.0,3
Q8NH09,0.0,0.0,0.0,3
Q8NH43,0.0,0.0,0.0,6
Q8NH51,0.0,0.0,0.0,4
Q8NHA6,0.0,0.0,0.0,5
Q8NHH9,0.0,0.0,0.0,2
Q8NHJ6,0.0,0.0,0.0,1
Q8NHM5,0.0,0.0,0.0,7
Q8NHP6,0.0,0.0,0.0,1
Q8NHP8,0.0,0.0,0.0,2
Q8NHQ1,0.0,0.0,0.0,4
Q8NHQ8,0.0,0.0,0.0,3
Q8NHQ9,0.0,0.0,0.0,6
Q8NHS3,0.0,0.0,0.0,8
Q8NHS4,0.0,0.0,0.0,3
Q8NHU2,0.0,0.0,0.0,9
Q8NHU6,0.0,0.0,0.0,6
Q8NHV4,0.0,0.0,0.0,6
Q8NHW5,0.0,0.0,0.0,2
Q8NHX9,0.0,0.0,0.0,7
Q8NHY2,0.0,0.0,0.0,2
Q8NHY5,0.0,0.0,0.5,2
Q8NHY6,0.0,0.0,0.0,4
Q8NI08,0.0,0.0,0.0,2
Q8NI22,0.0,0.0,0.0,2
Q8NI27,0.0,0.0,0.0,12
Q8NI35,0.0,0.0,0.0,17
Q8NI36,0.0,0.0,0.0,8
Q8NI37,0.0,0.0,0.0,4
Q8NI77,0.0,0.0,0.0,6
Q8NI99,0.0,0.0,0.0,4
Q8R604,0.0,0.0,0.0,8
Q8RE01,0.0,0.0,0.0,2
Q8RE86,0.0,0.0,0.0,5
Q8REP9,0.0,0.0,0.0,3
Q8RFP4,0.0,0.0,0.0,6
Q8RFR3,0.0,0.0,0.0,1
Q8RI12,0.0,0.0,0.0,2
Q8RIC9,0.0,0.0,0.0,1
Q8TA94,0.0,0.0,0.0,2
Q8TAB5,0.0,0.0,0.0,3
Q8TAC9,0.0,0.0,0.0,2
Q8TAD4,0.0,0.0,0.0,3
Q8TAE8,0.0,0.0,0.0,2
Q8TAF3,0.0,0.0,0.0,5
Q8TAG9,0.0,0.0,0.0,10
Q8TAM1,0.0,0.0,0.0,4
Q8TAM2,0.0,0.0,0.0,5
Q8TAP6,0.0,0.0,0.0,6
Q8TAP8,0.0,0.0,0.0,2
Q8TAQ2,0.0,0.0,0.0,4
Q8TAS1,0.0,0.0,0.0,7
Q8TAT5,0.0,0.0,0.0,3
Q8TAT6,0.0,0.0,0.0,4
Q8TAV0,0.0,0.0,0.0,1
Q8TB03,0.0,0.0,0.0,7
Q8TB22,0.0,0.0,0.0,6
Q8TB24,0.0,0.0,0.0,10
Q8TB36,0.0,0.0,0.0,8
Q8TB52,0.0,0.0,0.0,2
Q8TB61,0.0,0.0,0.0,5
Q8TB68,0.0,0.0,0.0,1
Q8TB72,0.0,0.0,0.0,5
Q8TB96,0.0,0.0,0.0,6
Q8TBA6,0.0,0.0,0.0,7
Q8TBB0,0.0,0.0,0.0,4
Q8TBB5,0.0,0.0,0.0,3
Q8TBB6,0.0,0.0,0.0,7
Q8TBC3,0.0,0.0,0.0,5
Q8TBC4,0.0,0.0,0.0,6
Q8TBC5,0.0,0.0,0.0,4
Q8TBE0,0.0,0.0,0.0,4
Q8TBE7,0.0,0.0,0.0,8
Q8TBF4,0.0,0.0,0.0,1
Q8TBF8,0.0,0.0,0.0,2
Q8TBG4,0.0,0.0,0.0,5
Q8TBH0,0.0,0.0,0.0,5
Q8TBM7,0.0,0.0,0.0,1
Q8TBP0,0.0,0.0,0.0,3
Q8TBX8,0.0,0.0,0.0,4
Q8TBZ0,0.0,0.0,0.0,12
Q8TBZ3,0.0,0.0,0.0,3
Q8TC07,0.0,0.0,0.0,4
Q8TC12,0.0,0.0,0.0,2
Q8TC27,0.0,0.0,0.0,3
Q8TC57,0.0,0.0,0.0,1
Q8TC59,0.0,0.0,0.1,10
Q8TC92,0.0,0.0,0.0,4
Q8TCA0,0.0,0.0,0.0,4
Q8TCB0,0.0,0.0,0.0,2
Q8TCC3,0.0,0.0,0.0,1
Q8TCC7,0.0,0.0,0.0,5
Q8TCD5,0.0,0.0,0.0,3
Q8TCE6,0.0,0.0,0.0,2
Q8TCG1,0.0,0.0,0.0,15
Q8TCG2,0.0,0.0,0.0,4
Q8TCG5,0.0,0.0,0.0,6
Q8TCJ0,0.0,0.0,0.0,1
Q8TCJ2,0.0,0.0,0.0,6
Q8TCN5,0.0,0.0,0.0,4
Q8TCP9,0.0,0.0,0.0,4
Q8TCS8,0.0,0.0,0.0,5
Q8TCT0,0.0,0.0,0.0,2
Q8TCT6,0.0,0.0,0.0,3
Q8TCT8,0.0,0.0,0.0,2
Q8TCT9,0.0,0.0,0.0,4
Q8TCU4,1.0,1.0,1.0,23
Q8TCU6,0.0,0.0,0.0,13
Q8TCX1,0.0,0.0,0.0,1
Q8TCX5,0.0,0.0,0.0,3
Q8TCY9,0.0,0.0,0.16666666666666666,6
Q8TD10,0.0,0.0,0.0,6
Q8TD16,0.0,0.0,0.0,9
Q8TD17,0.0,0.0,0.0,1
Q8TD19,0.0,0.0,0.0,7
Q8TD20,0.0,0.0,0.0,6
Q8TD22,0.0,0.0,0.0,5
Q8TD26,1.0,1.0,1.0,9
Q8TD30,0.0,0.0,0.0,3
Q8TD31,0.0,0.0,0.0,7
Q8TD43,0.0,0.0,0.0,9
Q8TD47,0.0,0.0,0.0,1
Q8TD57,1.0,1.0,1.0,25
Q8TD90,0.0,0.0,0.0,5
Q8TDB6,0.0,0.0,0.0,4
Q8TDB8,0.0,0.0,0.0,3
Q8TDD1,0.0,0.0,0.0,8
Q8TDE3,0.0,0.0,0.0,3
Q8TDF6,0.0,0.0,0.0,5
Q8TDG4,0.0,0.0,0.0,10
Q8TDH9,0.0,0.0,0.0,3
Q8TDI0,0.0,0.0,0.0,10
Q8TDJ6,1.0,1.0,1.0,19
Q8TDL5,0.0,0.0,0.0,11
Q8TDM0,0.0,0.0,0.0,3
Q8TDN6,0.0,0.0,0.0,2
Q8TDP1,0.0,0.0,0.0,1
Q8TDR2,0.0,0.0,0.0,4
Q8TDS7,0.0,0.0,0.0,3
Q8TDV0,0.0,0.0,0.0,3
Q8TDV5,0.0,0.0,0.0,3
Q8TDW0,0.0,0.0,0.0,3
Q8TDW4,0.0,0.0,0.0,8
Q8TDW7,1.0,1.0,1.0,25
Q8TDX6,0.0,0.0,0.0,4
Q8TDX7,0.0,0.0,0.0,2
Q8TDY2,0.0,0.0,0.0,18
Q8TDY4,0.0,0.0,0.0,5
Q8TDY8,0.0,0.0,0.0,7
Q8TDZ2,0.0,0.0,0.0,3
Q8TE02,0.0,0.0,0.0,4
Q8TE04,0.0,0.0,0.0,2
Q8TE54,0.0,0.0,0.0,6
Q8TE73,1.0,1.0,1.0,34
Q8TE76,0.0,0.0,0.0,6
Q8TE77,0.0,0.0,0.0,2
Q8TE82,0.0,0.0,0.0,10
Q8TEA1,0.0,0.0,0.0,8
Q8TEA7,0.0,0.0,0.0,11
Q8TEA8,0.0,0.0,0.0,3
Q8TEB1,0.0,0.0,0.0,1
Q8TEB9,0.0,0.0,0.0,2
Q8TEC5,0.0,0.0,0.0,1
Q8TED0,0.0,0.0,0.0,5
Q8TED1,0.0,0.0,0.0,1
Q8TED4,0.0,0.0,0.0,6
Q8TED9,0.0,0.0,0.0,4
Q8TEH3,0.0,0.0,0.0,12
Q8TEK3,0.0,0.0,0.0,10
Q8TEL6,0.0,0.0,0.0,17
Q8TEM1,0.0,0.0,0.0,21
Q8TEP8,0.0,0.0,0.0,7
Q8TEQ0,0.0,0.0,0.0,7
Q8TEQ6,0.0,0.0,0.0,10
Q8TEQ8,0.0,0.0,0.0,8
Q8TER0,0.0,0.0,0.0,3
Q8TER5,0.0,0.0,0.125,8
Q8TES7,0.0,0.0,0.0,6
Q8TET4,0.0,0.0,0.0,6
Q8TEU7,0.0,0.0,0.0,9
Q8TEV9,0.0,0.0,0.16666666666666666,6
Q8TEW0,0.0,0.0,0.0,10
Q8TEW8,0.0,0.0,0.0,2
Q8TEX9,0.0,0.0,0.0,17
Q8TEY5,0.0,0.0,0.0,3
Q8TEY7,0.0,0.0,0.0,4
Q8TEZ7,0.0,0.0,0.0,5
Q8TF05,0.0,0.0,0.0,12
Q8TF40,0.0,0.0,0.0,6
Q8TF42,0.0,0.0,0.0,3
Q8TF46,0.0,0.0,0.0,9
Q8TF47,0.0,0.0,0.0,1
Q8TF50,0.0,0.0,0.0,1
Q8TF62,0.0,0.0,0.0,10
Q8TF72,0.0,0.0,0.0,8
Q8TF74,0.0,0.0,0.0,1
Q8WTP8,0.0,0.0,0.0,2
Q8WTT2,0.0,0.0,0.0,6
Q8WTV0,0.0,0.0,0.0,3
Q8WTW3,0.0,0.0,0.0,8
Q8WTW4,0.0,0.0,0.0,4
Q8WTX7,0.0,0.0,0.0,2
Q8WTX9,0.0,0.0,0.0,3
Q8WU03,0.0,0.0,0.0,4
Q8WU08,0.0,0.0,0.0,3
Q8WU10,0.0,0.0,0.0,3
Q8WU17,0.0,0.0,0.0,9
Q8WU39,0.0,0.0,0.0,1
Q8WU40,0.0,0.0,0.0,3
Q8WU58,0.0,0.0,0.0,2
Q8WU67,0.0,0.0,0.0,6
Q8WU76,0.0,0.0,0.0,7
Q8WU79,0.0,0.0,0.0,4
Q8WU90,0.0,0.0,0.0,4
Q8WUA4,0.0,0.0,0.0,6
Q8WUA7,0.0,0.0,0.0,3
Q8WUA8,0.0,0.0,0.0,4
Q8WUB8,0.0,0.0,0.0,2
Q8WUD1,0.0,0.0,0.0,1
Q8WUF5,0.0,0.0,0.0,8
Q8WUF8,0.0,0.0,0.0,3
Q8WUH2,0.0,0.0,0.0,7
Q8WUI4,0.0,0.0,0.0,7
Q8WUJ0,0.0,0.0,0.0,3
Q8WUJ1,0.0,0.0,0.0,1
Q8WUJ3,0.0,0.0,0.0,9
Q8WUK0,0.0,0.0,0.0,1
Q8WUM0,0.0,0.0,0.0,12
Q8WUM4,0.0,0.0,0.0,10
Q8WUM9,0.0,0.0,0.0,3
Q8WUP2,0.0,0.0,0.0,2
Q8WUS8,0.0,0.0,0.0,2
Q8WUT4,0.0,0.0,0.0,4
Q8WUT9,0.0,0.0,0.0,2
Q8WUU4,0.0,0.0,0.0,2
Q8WUU5,0.0,0.0,0.0,2
Q8WUW1,0.0,0.0,0.0,4
Q8WUX1,0.0,0.0,0.0,5
Q8WUX2,0.0,0.0,0.0,1
Q8WUX9,0.0,0.0,0.0,5
Q8WUY3,1.0,1.0,1.0,14
Q8WUY9,0.0,0.0,0.0,5
Q8WV16,0.0,0.0,0.0,3
Q8WV19,0.0,0.0,0.0,3
Q8WV22,0.0,0.0,0.0,1
Q8WV28,0.0,0.0,0.0,4
Q8WV41,0.0,0.0,0.0,3
Q8WV44,0.0,0.0,0.0,3
Q8WV48,0.0,0.0,0.0,3
Q8WV92,0.0,0.0,0.0,3
Q8WVB3,0.0,0.0,0.0,4
Q8WVB6,0.0,0.0,0.0,8
Q8WVC6,0.0,0.0,0.0,1
Q8WVD5,0.0,0.0,0.0,1
Q8WVE0,0.0,0.0,0.0,1
Q8WVJ9,0.0,0.0,0.0,2
Q8WVM7,0.0,0.0,0.0,9
Q8WVM8,0.0,0.0,0.0,7
Q8WVN6,0.0,0.0,0.0,1
Q8WVN8,0.0,0.0,0.0,1
Q8WVP5,0.0,0.0,0.0,2
Q8WVP7,0.0,0.0,0.0,5
Q8WVT3,0.0,0.0,0.0,4
Q8WVV4,0.0,0.0,0.0,5
Q8WVV5,0.0,0.0,0.0,3
Q8WVV9,0.0,0.0,0.0,5
Q8WVX3,0.0,0.0,0.0,1
Q8WVX9,0.0,0.0,0.0,8
Q8WVY7,0.0,0.0,0.0,3
Q8WVZ9,0.0,0.0,0.0,1
Q8WW01,0.0,0.0,0.0,2
Q8WW12,0.0,0.0,0.0,2
Q8WW22,0.0,0.0,0.0,4
Q8WW24,0.0,0.0,0.0,7
Q8WW33,0.0,0.0,0.0,1
Q8WW38,0.0,0.0,0.0,5
Q8WWC4,0.0,0.0,0.0,2
Q8WWH5,0.0,0.0,0.0,3
Q8WWI1,0.0,0.0,0.0,3
Q8WWI5,0.0,0.0,0.0,5
Q8WWK9,0.0,0.0,0.0,2
Q8WWM7,0.0,0.0,0.0,5
Q8WWM9,0.0,0.0,0.0,3
Q8WWN8,0.0,0.0,0.0,8
Q8WWQ0,0.0,0.0,0.0,7
Q8WWT9,0.0,0.0,0.0,9
Q8WWW0,0.0,0.0,0.0,3
Q8WWX0,0.0,0.0,0.0,2
Q8WWY3,0.0,0.0,0.0,5
Q8WWZ4,0.0,0.0,0.0,15
Q8WWZ7,0.0,0.0,0.0,10
Q8WX77,0.0,0.0,0.0,1
Q8WX92,0.0,0.0,0.0,12
Q8WX93,0.0,0.0,0.0,6
Q8WX94,0.0,0.0,0.0,13
Q8WXA3,0.0,0.0,0.0,8
Q8WXA9,0.0,0.0,0.0,2
Q8WXB1,0.0,0.0,0.0,4
Q8WXD0,0.0,0.0,0.0,2
Q8WXD5,0.0,0.0,0.0,1
Q8WXE0,0.0,0.0,0.0,4
Q8WXE1,0.0,0.0,0.0,1
Q8WXF7,0.0,0.0,0.0,2
Q8WXF8,0.0,0.0,0.0,3
Q8WXG1,0.0,0.0,0.0,5
Q8WXG6,0.0,0.0,0.0,16
Q8WXG9,1.0,1.0,1.0,39
Q8WXH0,1.0,1.0,1.0,68
Q8WXI3,0.0,0.0,0.0,3
Q8WXI7,1.0,1.0,1.0,64
Q8WXI9,0.0,0.0,0.0,5
Q8WXR4,0.0,0.0,0.0,9
Q8WXS5,0.0,0.0,0.2,5
Q8WXS8,0.0,0.0,0.0,3
Q8WXU2,0.0,0.0,0.0,5
Q8WXW3,0.0,0.0,0.0,7
Q8WXX0,1.0,1.0,1.0,30
Q8WXX5,0.0,0.0,0.0,5
Q8WXX7,0.0,0.0,0.0,4
Q8WY07,0.0,0.0,0.0,3
Q8WY22,0.0,0.0,0.0,1
Q8WY36,0.0,0.0,0.0,2
Q8WY64,0.0,0.0,0.0,3
Q8WY91,0.0,0.0,0.0,1
Q8WY98,0.0,0.0,0.0,2
Q8WYA0,0.0,0.0,0.0,8
Q8WYA1,0.0,0.0,0.0,6
Q8WYA6,0.0,0.0,0.0,6
Q8WYB5,0.0,0.0,0.0,6
Q8WYK1,0.0,0.0,0.0,9
Q8WYL5,0.0,0.0,0.0,7
Q8WYN0,0.0,0.0,0.0,5
Q8WYP3,0.0,0.0,0.0,7
Q8WYP5,0.0,0.0,0.0,19
Q8WYQ5,0.0,0.0,0.0,1
Q8WYR1,0.0,0.0,0.0,5
Q8WZ04,0.0,0.0,0.0,4
Q8WZ19,0.0,0.0,0.0,4
Q8WZ42,1.0,1.0,1.0,128
Q8WZ60,0.0,0.0,0.0,5
Q8WZ64,0.0,0.0,0.0,8
Q8WZ73,0.0,0.0,0.0,1
Q8WZA1,0.0,0.0,0.0,4
Q8WZA2,0.0,0.0,0.0,8
Q8WZA9,0.0,0.0,0.0,4
Q92484,0.0,0.0,0.0,3
Q92485,0.0,0.0,0.0,3
Q92499,0.0,0.0,0.0,13
Q92502,0.0,0.0,0.0,7
Q92503,0.0,0.0,0.0,9
Q92504,0.0,0.0,0.0,7
Q92508,0.0,0.0,0.0,23
Q92520,0.0,0.0,0.0,3
Q92521,0.0,0.0,0.0,4
Q92522,0.0,0.0,0.0,4
Q92526,0.0,0.0,0.0,7
Q92530,0.0,0.0,0.0,2
Q92535,0.0,0.0,0.0,1
Q92536,0.0,0.0,0.0,5
Q92538,0.0,0.0,0.0,26
Q92539,0.0,0.0,0.0,4
Q92540,0.0,0.0,0.0,7
Q92541,0.0,0.0,0.0,6
Q92542,0.0,0.0,0.0,5
Q92543,0.0,0.0,0.0,7
Q92544,0.0,0.0,0.0,3
Q92545,0.0,0.0,0.0,11
Q92546,0.0,0.0,0.0,3
Q92547,0.0,0.0,0.0,8
Q92551,0.0,0.0,0.0,3
Q92552,0.0,0.0,0.0,4
Q92556,0.0,0.0,0.0,7
Q92558,0.0,0.0,0.0,6
Q92560,0.0,0.0,0.0,4
Q92562,0.0,0.0,0.0,13
Q92565,0.0,0.0,0.0,6
Q92567,0.0,0.0,0.0,2
Q92569,0.0,0.0,0.0,5
Q92570,0.0,0.0,0.0,5
Q92572,0.0,0.0,0.0,4
Q92574,0.0,0.0,0.0,14
Q92575,0.0,0.0,0.0,5
Q92576,0.0,0.0,0.0,13
Q92581,0.0,0.0,0.0,9
Q92585,0.0,0.0,0.0,5
Q92597,0.0,0.0,0.0,4
Q92598,0.0,0.0,0.0,4
Q92599,0.0,0.0,0.0,2
Q92600,0.0,0.0,0.0,7
Q92604,0.0,0.0,0.0,2
Q92608,0.0,0.0,0.0,23
Q92609,0.0,0.0,0.0,8
Q92610,0.0,0.0,0.0,6
Q92611,0.0,0.0,0.0,4
Q92613,0.0,0.0,0.0,6
Q92614,0.0,0.0,0.0,12
Q92616,0.0,0.0,0.0,57
Q92617,0.0,0.0,0.0,13
Q92619,0.0,0.0,0.0,5
Q92620,0.0,0.0,0.0,8
Q92621,0.0,0.0,0.0,24
Q92622,0.0,0.0,0.0,3
Q92624,0.0,0.0,0.0,9
Q92625,0.0,0.0,0.0,3
Q92626,0.0,0.0,0.0,7
Q92636,0.0,0.0,0.0,4
Q92643,0.0,0.0,0.0,3
Q92664,0.0,0.0,0.0,1
Q92667,0.0,0.0,0.0,6
Q92673,0.0,0.0,0.0,9
Q92674,0.0,0.0,0.0,11
Q92685,0.0,0.0,0.0,5
Q92688,0.0,0.0,0.0,8
Q92696,0.0,0.0,0.0,4
Q92698,0.0,0.0,0.0,4
Q92729,0.0,0.0,0.0,5
Q92730,0.0,0.0,0.0,1
Q92731,0.0,0.0,0.0,5
Q92733,0.0,0.0,0.0,1
Q92734,0.0,0.0,0.0,2
Q92736,1.0,1.0,1.0,36
Q92743,0.0,0.0,0.0,3
Q92747,0.0,0.0,0.0,3
Q92750,0.0,0.0,0.0,4
Q92753,0.0,0.0,0.0,4
Q92754,0.0,0.14285714285714285,0.0,7
Q92759,0.0,0.0,0.0,6
Q92766,0.0,0.0,0.0,6
Q92769,0.0,0.0,0.0,5
Q92771,0.0,0.0,0.0,8
Q92783,0.0,0.0,0.0,1
Q92791,0.0,0.0,0.0,2
Q92793,0.0,0.0,0.0,13
Q92794,0.0,0.0,0.0,5
Q92796,0.0,0.0,0.0,4
Q92797,0.0,0.0,0.0,16
Q92802,0.0,0.0,0.0,2
Q92805,0.0,0.0,0.0,8
Q92806,0.0,0.0,0.0,3
Q92817,0.0,0.0,0.0,15
Q92819,0.0,0.0,0.0,8
Q92823,0.0,0.0,0.0,6
Q92828,0.0,0.0,0.0,5
Q92830,0.0,0.0,0.0,5
Q92833,0.0,0.0,0.0,7
Q92835,0.0,0.0,0.0,9
Q92841,0.0,0.0,0.0,6
Q92845,0.0,0.0,0.0,8
Q92854,0.0,0.0,0.0,8
Q92859,0.0,0.0,0.0,9
Q92870,0.0,0.0,0.0,3
Q92878,0.0,0.0,0.0,11
Q92879,0.0,0.0,0.0,3
Q92887,0.0,0.0,0.0,16
Q92888,0.0,0.0,0.0,8
Q92889,0.0,0.0,0.0,9
Q92890,0.0,0.0,0.0,1
Q92896,0.0,0.0,0.0,8
Q92900,0.0,0.0,0.0,12
Q92902,0.0,0.0,0.0,8
Q92903,0.0,0.0,0.0,2
Q92905,0.0,0.0,0.0,5
Q92908,0.0,0.0,0.0,4
Q92911,0.0,0.0,0.0,6
Q92917,0.0,0.0,0.0,3
Q92918,0.0,0.0,0.0,6
Q92922,0.0,0.0,0.0,6
Q92925,0.0,0.0,0.0,6
Q92930,0.0,0.0,0.0,1
Q92932,0.0,0.0,0.0,8
Q92945,0.0,0.0,0.0,2
Q92947,0.0,0.0,0.0,6
Q92952,0.0,0.0,0.0,6
Q92959,0.0,0.0,0.0,3
Q92963,0.0,0.0,0.0,1
Q92973,0.0,0.0,0.0,17
Q92974,0.0,0.0,0.0,12
Q92979,0.0,0.0,0.0,2
Q92985,0.0,0.0,0.3333333333333333,3
Q92989,0.0,0.0,0.0,2
Q92990,0.0,0.0,0.0,6
Q92994,0.0,0.0,0.0,8
Q92995,0.0,0.0,0.0,5
Q92997,0.0,0.0,0.0,3
Q93008,0.0,0.0,0.0,22
Q93009,0.0,0.0,0.0,10
Q93033,0.0,0.0,0.0,5
Q93034,0.0,0.0,0.0,5
Q93045,0.0,0.0,0.0,2
Q93050,0.0,0.0,0.0,6
Q93052,0.0,0.0,0.0,4
Q93063,0.0,0.0,0.0,7
Q93073,0.0,0.0,0.0,9
Q93074,0.0,0.0,0.0,20
Q93077,0.0,0.0,0.0,4
Q93084,0.0,0.0,0.0,14
Q93091,0.0,0.0,0.0,1
Q93096,0.0,0.0,0.0,1
Q93100,0.0,0.0,0.0,13
Q95460,0.0,0.0,0.0,4
Q969E2,0.0,0.0,0.0,3
Q969E3,0.0,0.5,0.0,2
Q969F2,0.0,0.0,0.0,2
Q969F9,0.0,0.0,0.0,14
Q969G2,0.0,0.0,0.0,4
Q969G3,0.0,0.0,0.0,5
Q969G5,0.0,0.0,0.0,5
Q969G9,0.0,0.0,0.0,2
Q969H0,0.0,0.0,0.0,5
Q969H6,0.0,0.0,0.0,1
Q969I6,0.0,0.0,0.0,6
Q969J3,0.0,0.0,0.0,3
Q969K4,0.0,0.0,0.0,10
Q969L2,0.0,0.0,0.0,1
Q969L4,0.0,0.0,0.0,5
Q969M1,0.0,0.0,0.0,8
Q969M3,0.0,0.0,0.0,1
Q969N2,0.0,0.0,0.0,9
Q969N4,0.0,0.0,0.0,3
Q969P0,0.0,0.0,0.0,3
Q969P5,0.0,0.0,0.0,5
Q969P6,0.0,0.0,0.0,5
Q969Q6,0.0,0.0,0.0,3
Q969R2,0.0,0.0,0.0,3
Q969R5,0.0,0.0,0.0,4
Q969R8,0.0,0.0,0.0,5
Q969S0,0.0,0.0,0.0,2
Q969S3,0.0,0.0,0.0,4
Q969S6,0.0,0.0,0.0,1
Q969S8,0.0,0.0,0.0,4
Q969S9,0.0,0.0,0.0,8
Q969T4,0.0,0.0,0.0,1
Q969T7,0.0,0.0,0.0,5
Q969U6,0.0,0.0,0.0,5
Q969U7,0.0,0.0,0.0,3
Q969V3,0.0,0.0,0.0,11
Q969V5,0.0,0.0,0.0,4
Q969V6,0.0,0.0,0.0,7
Q969X0,0.0,0.0,0.0,2
Q969X5,0.0,0.0,0.0,4
Q969X6,0.0,0.0,0.0,2
Q969Y0,0.0,0.0,0.0,5
Q969Y2,0.0,0.0,0.0,4
Q969Z0,0.0,0.0,0.0,11
Q969Z4,0.0,0.0,0.0,2
Q96A08,0.0,0.0,0.0,2
Q96A09,0.0,0.0,0.0,3
Q96A19,0.0,0.0,0.0,1
Q96A23,0.0,0.0,0.0,5
Q96A33,0.0,0.0,0.0,2
Q96A35,0.0,0.0,0.0,1
Q96A47,0.0,0.0,0.0,1
Q96A49,0.0,0.0,0.0,2
Q96A54,0.0,0.0,0.0,6
Q96A56,0.0,0.0,0.0,1
Q96A65,0.0,0.0,0.0,13
Q96A70,0.0,0.0,0.0,2
Q96AA3,0.0,0.0,0.0,9
Q96AA8,0.0,0.0,0.0,5
Q96AB3,0.0,0.0,0.0,6
Q96AC1,0.0,0.0,0.0,7
Q96AC6,0.0,0.0,0.0,5
Q96AD5,0.0,0.0,0.0,6
Q96AE4,0.0,0.0,0.0,1
Q96AE7,0.0,0.0,0.0,16
Q96AG3,0.0,0.0,0.0,6
Q96AG4,0.0,0.0,0.0,3
Q96AH0,0.0,0.0,0.0,2
Q96AJ1,0.0,0.0,0.0,2
Q96AJ9,0.0,0.0,0.0,2
Q96AK3,0.0,0.0,0.0,2
Q96AN5,0.0,0.0,0.0,2
Q96AP0,0.0,0.0,0.0,3
Q96AP4,0.0,0.0,0.0,3
Q96AQ1,0.0,0.0,0.0,2
Q96AQ6,0.0,0.0,0.0,6
Q96AQ8,0.0,0.0,0.0,4
Q96AT9,0.0,0.0,0.0,3
Q96AV8,0.0,0.0,0.0,8
Q96AX1,0.0,0.0,0.0,7
Q96AX9,0.0,0.0,0.0,2
Q96AY2,0.0,0.0,0.0,2
Q96AY3,0.0,0.0,0.0,2
Q96AY4,0.0,0.0,0.0,18
Q96AZ1,0.0,0.0,0.0,7
Q96B01,0.0,0.0,0.0,6
Q96B26,0.0,0.0,0.0,4
Q96B33,0.0,0.0,0.0,1
Q96B36,0.0,0.0,0.0,2
Q96B45,0.0,0.0,0.0,2
Q96B49,0.0,0.0,0.0,2
Q96B67,0.0,0.0,0.0,2
Q96B70,0.0,0.0,0.0,3
Q96B77,0.0,0.0,0.0,2
Q96B97,0.0,0.0,0.0,2
Q96BA8,0.0,0.0,0.0,6
Q96BD0,0.0,0.0,0.0,3
Q96BI1,0.0,0.0,0.0,3
Q96BI3,0.0,0.0,0.0,7
Q96BK5,0.0,0.0,0.0,2
Q96BM0,0.0,0.0,0.0,1
Q96BN2,0.0,0.0,0.0,3
Q96BP3,0.0,0.0,0.0,3
Q96BR1,0.0,0.0,0.0,9
Q96BR5,0.0,0.0,0.0,1
Q96BT7,0.0,0.0,0.0,3
Q96BU1,0.0,0.0,0.0,4
Q96BW1,0.0,0.0,0.0,2
Q96BW5,0.0,0.0,0.0,4
Q96BW9,0.0,0.0,0.0,5
Q96BX8,0.0,0.0,0.0,3
Q96BY2,0.0,0.0,0.0,8
Q96BY6,0.0,0.0,0.0,20
Q96BY7,0.0,0.0,0.0,18
Q96BY9,0.0,0.0,0.0,3
Q96BZ4,0.0,0.0,0.0,7
Q96BZ8,0.0,0.0,0.0,1
Q96BZ9,0.0,0.0,0.0,7
Q96C00,0.0,0.0,0.0,2
Q96C03,0.0,0.0,0.0,7
Q96C10,0.0,0.0,0.0,6
Q96C12,0.0,0.0,0.0,3
Q96C34,0.0,0.0,0.0,8
Q96C36,0.0,0.0,0.0,4
Q96C45,0.0,0.0,0.0,15
Q96C57,0.0,0.0,0.0,2
Q96C86,0.0,0.0,0.0,5
Q96CB5,0.0,0.0,0.0,1
Q96CD2,0.0,0.0,0.0,4
Q96CF2,0.0,0.0,0.0,3
Q96CG3,0.0,0.0,0.0,1
Q96CG8,0.0,0.0,0.0,2
Q96CH1,0.0,0.0,0.0,6
Q96CK0,0.0,0.0,0.0,3
Q96CM3,0.0,0.0,0.0,3
Q96CN4,0.0,0.0,0.0,7
Q96CN5,0.0,0.0,0.0,3
Q96CN7,0.0,0.0,0.0,7
Q96CN9,0.0,0.0,0.0,5
Q96CP2,0.0,0.0,0.0,1
Q96CP6,0.0,0.0,0.0,9
Q96CP7,0.0,0.0,0.0,2
Q96CQ1,0.0,0.0,0.0,4
Q96CS2,0.0,0.0,0.0,5
Q96CS3,0.0,0.0,0.0,2
Q96CT2,0.0,0.0,0.0,9
Q96CU9,0.0,0.0,0.0,5
Q96CV9,0.0,0.0,0.0,5
Q96CW1,0.0,0.0,0.0,4
Q96CW5,0.0,0.0,0.0,10
Q96CW6,0.0,0.0,0.0,1
Q96CX6,0.0,0.0,0.0,4
Q96D09,0.0,0.0,0.0,2
Q96D15,0.0,0.0,0.0,2
Q96D31,0.0,0.0,0.0,1
Q96D46,0.0,0.0,0.0,2
Q96D70,0.0,0.0,0.0,2
Q96D71,0.0,0.0,0.0,3
Q96D96,0.0,0.0,0.0,4
Q96DB2,0.0,0.0,0.0,6
Q96DB5,0.0,0.0,0.0,3
Q96DC7,0.0,0.0,0.0,4
Q96DE5,0.0,0.0,0.0,1
Q96DF8,0.0,0.0,0.0,2
Q96DH6,0.0,0.0,0.0,1
Q96DI7,0.0,0.0,0.0,1
Q96DM3,0.0,0.0,0.0,12
Q96DN2,0.0,0.0,0.0,1
Q96DN5,0.0,0.0,0.0,9
Q96DP5,0.0,0.0,0.0,1
Q96DR5,0.0,0.0,0.0,5
Q96DR7,0.0,0.0,0.5,2
Q96DS6,0.0,0.0,0.0,1
Q96DT5,1.0,1.0,1.0,48
Q96DT7,0.0,0.0,0.0,2
Q96DU7,0.0,0.0,0.0,2
Q96DU9,0.0,0.0,0.0,1
Q96DV4,0.0,0.0,0.0,2
Q96DX7,0.0,0.0,0.0,5
Q96DY2,0.0,0.0,0.0,4
Q96DY7,0.0,0.0,0.0,8
Q96DZ1,0.0,0.0,0.0,3
Q96DZ7,0.0,0.0,0.0,2
Q96E11,0.0,0.0,0.0,2
Q96E22,0.0,0.0,0.0,3
Q96E29,0.0,0.0,0.0,3
Q96E40,0.0,0.0,0.0,1
Q96E52,0.0,0.0,0.0,8
Q96EA4,0.0,0.0,0.0,5
Q96EB1,0.0,0.0,0.0,6
Q96EB6,0.0,0.0,0.0,2
Q96ED9,0.0,0.0,0.0,6
Q96EE3,0.0,0.0,0.0,3
Q96EE4,0.0,0.0,0.0,2
Q96EF0,0.0,0.0,0.0,3
Q96EF9,0.0,0.0,0.0,3
Q96EK4,0.0,0.0,0.0,2
Q96EK5,0.0,0.0,0.0,6
Q96EK7,0.0,0.0,0.0,6
Q96EK9,0.0,0.0,0.0,2
Q96EM0,0.0,0.0,0.0,2
Q96EN8,0.0,0.0,0.0,13
Q96EN9,0.0,0.0,0.0,4
Q96EP0,0.0,0.0,0.0,7
Q96EP1,0.0,0.0,0.0,3
Q96EP5,0.0,0.0,0.0,1
Q96EP9,0.0,0.0,0.0,6
Q96EQ0,0.0,0.0,0.0,3
Q96ER3,0.0,0.0,0.0,7
Q96ER9,0.0,0.0,0.0,8
Q96ES6,0.0,0.0,0.0,10
Q96ES7,0.0,0.0,0.0,5
Q96EU6,0.0,0.0,0.0,1
Q96EV2,0.0,0.0,0.0,2
Q96EV8,0.0,0.0,0.0,3
Q96EX2,0.0,0.0,0.0,7
Q96EX3,0.0,0.0,0.0,2
Q96EY1,0.0,0.0,0.0,2
Q96EY4,0.0,0.0,0.0,3
Q96EY5,0.0,0.0,0.0,3
Q96EY7,0.0,0.0,0.0,5
Q96EY8,0.0,0.0,0.0,2
Q96EZ8,0.0,0.0,0.0,4
Q96F05,0.0,0.0,0.0,3
Q96F07,0.0,0.0,0.0,11
Q96F10,0.0,0.0,0.0,1
Q96F44,0.0,0.0,0.0,4
Q96F46,0.0,0.0,0.0,3
Q96F86,0.0,0.0,0.0,5
Q96FA7,0.0,0.0,0.0,3
Q96FB5,0.0,0.0,0.0,3
Q96FC9,0.0,0.0,0.0,9
Q96FF9,0.0,0.0,0.0,1
Q96FH0,0.0,0.0,0.0,3
Q96FJ0,0.0,0.0,0.0,4
Q96FJ2,0.0,0.0,0.0,1
Q96FL9,0.0,0.0,0.0,6
Q96FN4,0.0,0.0,0.0,5
Q96FS4,0.0,0.0,0.0,6
Q96FT9,0.0,0.0,0.0,1
Q96FV3,0.0,0.0,0.0,3
Q96FV9,0.0,0.0,0.0,2
Q96FW1,0.0,0.0,0.0,2
Q96FX2,0.0,0.0,0.0,1
Q96FZ2,0.0,0.0,0.0,2
Q96G01,0.0,0.0,0.0,7
Q96G03,0.0,0.0,0.0,4
Q96G04,0.0,0.0,0.0,6
Q96G23,0.0,0.0,0.0,4
Q96G25,0.0,0.0,0.0,5
Q96G46,0.0,0.0,0.0,4
Q96G74,0.0,0.0,0.0,2
Q96G75,0.0,0.0,0.0,2
Q96G79,0.0,0.0,0.0,6
Q96GA3,0.0,0.0,0.0,3
Q96GA7,0.0,0.0,0.0,4
Q96GC6,0.0,0.0,0.0,7
Q96GC9,0.0,0.0,0.0,6
Q96GD4,0.0,0.0,0.0,2
Q96GE4,0.0,0.0,0.09090909090909091,11
Q96GG9,0.0,0.0,0.0,2
Q96GK7,0.0,0.0,0.0,3
Q96GM5,0.0,0.0,0.0,4
Q96GQ5,0.0,0.0,0.0,6
Q96GQ7,0.0,0.0,0.0,8
Q96GR2,0.0,0.0,0.0,8
Q96GR4,0.0,0.0,0.0,4
Q96GS6,0.0,0.0,0.0,3
Q96GV9,0.0,0.0,0.0,1
Q96GW7,0.0,0.0,0.0,5
Q96GW9,0.0,0.0,0.0,6
Q96GX5,0.0,0.0,0.0,2
Q96GX9,0.0,0.0,0.0,1
Q96GY3,0.0,0.0,0.0,1
Q96GZ6,0.0,0.0,0.0,11
Q96H20,0.0,0.0,0.0,2
Q96H55,0.0,0.0,0.0,7
Q96H72,0.0,0.0,0.0,4
Q96H78,0.0,0.0,0.0,5
Q96H96,0.0,0.0,0.0,4
Q96HA1,0.0,0.0,0.0,6
Q96HA7,0.0,0.0,0.0,5
Q96HC4,0.0,0.0,0.0,2
Q96HD1,0.0,0.0,0.0,2
Q96HE7,0.0,0.0,0.0,3
Q96HE9,0.0,0.0,0.0,5
Q96HG1,0.0,0.0,0.0,2
Q96HH6,0.0,0.0,0.0,1
Q96HH9,0.0,0.0,0.0,2
Q96HI0,0.0,0.0,0.0,5
Q96HM7,0.0,0.0,0.0,4
Q96HN2,0.0,0.0,0.0,7
Q96HP0,0.0,0.0,0.0,24
Q96HQ2,0.0,0.0,0.0,3
Q96HR3,0.0,0.0,0.0,1
Q96HR8,0.0,0.0,0.0,2
Q96HS1,0.0,0.0,0.0,2
Q96HT8,0.0,0.0,0.0,5
Q96HU1,0.0,0.0,0.0,7
Q96HV5,0.0,0.0,0.0,4
Q96HW7,0.0,0.0,0.0,17
Q96HY6,0.0,0.0,0.0,2
Q96HY7,0.0,0.0,0.0,9
Q96HZ4,0.0,0.0,0.0,1
Q96HZ7,0.0,0.0,0.0,1
Q96I13,0.0,0.0,0.0,6
Q96I15,0.0,0.0,0.0,1
Q96I25,0.0,0.0,0.25,4
Q96I45,0.0,0.0,0.0,1
Q96I51,0.0,0.0,0.0,4
Q96I76,0.0,0.0,0.0,1
Q96IC2,0.0,0.0,0.0,10
Q96IF1,0.0,0.0,0.0,6
Q96II8,0.0,0.0,0.0,10
Q96IJ6,0.0,0.0,0.0,3
Q96IK0,0.0,0.0,0.0,6
Q96IP4,0.0,0.0,0.0,4
Q96IQ9,0.0,0.0,0.0,3
Q96IT1,0.0,0.0,0.0,3
Q96IU4,0.0,0.0,0.0,3
Q96IV6,0.0,0.0,0.0,3
Q96IY1,0.0,0.0,0.0,1
Q96IZ0,0.0,0.0,0.0,5
Q96IZ7,0.0,0.0,0.0,1
Q96J01,0.0,0.0,0.0,3
Q96J65,0.0,0.05555555555555555,0.05555555555555555,18
Q96J84,0.0,0.0,0.0,2
Q96J88,0.0,0.0,0.0,1
Q96J92,0.0,0.0,0.0,3
Q96JA3,0.0,0.0,0.0,4
Q96JB1,1.0,1.0,1.0,41
Q96JB2,0.0,0.0,0.0,11
Q96JB5,0.0,0.0,0.0,5
Q96JC1,0.0,0.0,0.0,13
Q96JE7,0.0,0.0,0.0,5
Q96JF0,0.0,0.0,0.0,3
Q96JG6,0.0,0.0,0.0,24
Q96JG8,0.0,0.0,0.0,5
Q96JG9,1.0,1.0,1.0,9
Q96JH7,0.0,0.0,0.0,7
Q96JH8,0.0,0.0,0.0,12
Q96JI7,0.0,0.0,0.0,27
Q96JJ3,0.0,0.0,0.0,5
Q96JJ7,0.0,0.0,0.0,3
Q96JL9,0.0,0.0,0.0,3
Q96JM2,0.0,0.0,0.0,10
Q96JM4,0.0,0.0,0.0,4
Q96JM7,0.0,0.0,0.0,4
Q96JN8,0.0,0.0,0.0,7
Q96JP0,0.0,0.0,0.0,4
Q96JP2,1.0,1.0,1.0,17
Q96JP9,0.0,0.0,0.0,6
Q96JQ0,1.0,1.0,1.0,12
Q96JQ2,0.0,0.0,0.0,7
Q96JS3,0.0,0.0,0.0,4
Q96JW4,0.0,0.0,0.0,8
Q96JX3,0.0,0.0,0.0,4
Q96JZ2,0.0,0.0,0.0,4
Q96K12,0.0,0.0,0.0,7
Q96K17,0.0,0.0,0.0,1
Q96K21,0.0,0.0,0.0,2
Q96K37,0.0,0.0,0.0,4
Q96K58,0.0,0.0,0.0,1
Q96K76,0.0,0.0,0.0,9
Q96K80,0.0,0.0,0.0,3
Q96K83,0.0,0.0,0.0,10
Q96KA5,0.0,0.0,0.0,6
Q96KB5,0.0,0.0,0.0,1
Q96KC8,0.0,0.0,0.0,3
Q96KE9,0.0,0.0,0.0,2
Q96KG9,0.0,0.0,0.0,5
Q96KJ4,0.0,0.0,0.0,8
Q96KM6,0.0,0.0,0.0,1
Q96KN7,0.0,0.0,0.0,9
Q96KP1,0.0,0.0,0.0,8
Q96KP4,0.0,0.0,0.0,5
Q96KQ4,0.0,0.0,0.0,6
Q96KQ7,0.0,0.0,0.0,2
Q96KR1,0.0,0.0,0.0,4
Q96KR7,0.0,0.0,0.0,2
Q96KS9,0.0,0.0,0.0,1
Q96KV7,0.0,0.0,0.0,9
Q96L08,0.0,0.0,0.0,1
Q96L33,0.0,0.0,0.0,3
Q96L34,0.0,0.0,0.0,3
Q96L42,0.0,0.0,0.0,11
Q96L50,0.0,0.0,0.0,5
Q96L73,0.0,0.0,0.0,10
Q96L91,1.0,1.0,1.0,14
Q96L92,0.0,0.0,0.0,3
Q96L93,0.0,0.0,0.0,7
Q96LA8,0.0,0.0,0.0,2
Q96LB3,0.0,0.0,0.0,8
Q96LC7,0.0,0.0,0.0,1
Q96LD4,0.0,0.0,0.0,2
Q96LI5,0.0,0.0,0.0,5
Q96LJ7,0.0,0.0,0.0,4
Q96LK8,0.0,0.0,0.0,1
Q96LR5,0.0,0.0,0.0,1
Q96LT4,0.0,0.0,0.0,3
Q96LT6,0.0,0.0,0.0,3
Q96LT7,0.0,0.0,0.0,2
Q96LT9,0.0,0.0,0.0,3
Q96LU5,0.0,0.0,0.0,1
Q96LW1,0.0,0.0,0.0,1
Q96LW4,0.0,0.0,0.0,4
Q96LW7,0.0,0.0,0.0,2
Q96LY2,0.0,0.0,0.0,3
Q96LZ2,0.0,0.0,0.0,2
Q96LZ7,0.0,0.0,0.0,8
Q96M27,0.0,0.0,0.0,5
Q96M53,0.0,0.0,0.0,2
Q96M60,0.0,0.0,0.0,3
Q96M61,0.0,0.0,0.0,4
Q96M86,1.0,1.0,1.0,36
Q96M89,0.0,0.0,0.0,6
Q96M94,0.0,0.0,0.0,9
Q96MB7,0.0,0.0,0.0,3
Q96MC5,0.0,0.0,0.0,2
Q96MC6,0.0,0.0,0.0,4
Q96MD2,0.0,0.0,0.0,2
Q96ME1,0.0,0.0,0.0,8
Q96ME7,0.0,0.0,0.0,4
Q96MF6,0.0,0.0,0.0,1
Q96MF7,0.0,0.0,0.0,1
Q96MG2,0.0,0.0,0.0,1
Q96MG7,0.0,0.0,0.0,3
Q96MH6,0.0,0.0,0.0,6
Q96MH7,0.0,0.0,0.0,5
Q96MI6,0.0,0.0,0.0,6
Q96MM6,0.0,0.0,0.0,5
Q96MM7,0.0,0.0,0.0,3
Q96MN5,0.0,0.0,0.0,2
Q96MP5,0.0,0.0,0.0,7
Q96MP8,0.0,0.0,0.0,2
Q96MS0,0.0,0.0,0.0,7
Q96MT0,0.0,0.0,0.0,1
Q96MT1,0.0,0.0,0.0,7
Q96MT8,0.0,0.0,0.0,4
Q96MU7,0.0,0.0,0.0,6
Q96MV1,0.0,0.0,0.0,3
Q96MW1,0.0,0.0,0.0,2
Q96MW5,0.0,0.0,0.0,8
Q96MW7,0.0,0.0,0.0,3
Q96MY1,0.0,0.0,0.0,2
Q96N03,0.0,0.0,0.0,1
Q96N11,0.0,0.0,0.0,5
Q96N16,0.0,0.0,0.0,4
Q96N21,0.0,0.0,0.0,4
Q96N23,1.0,1.0,1.0,29
Q96N46,0.0,0.0,0.0,3
Q96N66,0.0,0.0,0.0,4
Q96N67,0.0,0.0,0.0,29
Q96N95,0.0,0.0,0.0,1
Q96N96,0.0,0.0,0.0,2
Q96NA2,0.0,0.0,0.0,6
Q96NB2,0.0,0.0,0.0,4
Q96NB3,0.0,0.0,0.0,1
Q96NE9,0.0,0.0,0.0,4
Q96NG3,0.0,0.0,0.0,2
Q96NH3,0.0,0.0,0.0,12
Q96NL6,0.0,0.0,0.0,3
Q96NM4,0.0,0.0,0.0,4
Q96NT0,0.0,0.0,0.0,1
Q96NW4,0.0,0.0,0.0,6
Q96NX9,0.0,0.0,0.0,5
Q96NY9,0.0,0.0,0.0,2
Q96NZ8,0.0,0.0,0.0,5
Q96P11,0.0,0.0,0.0,3
Q96P16,0.0,0.0,0.0,3
Q96P20,0.0,0.0,0.0,9
Q96P31,0.0,0.0,0.0,2
Q96P48,0.0,0.0,0.0,9
Q96P50,0.0,0.0,0.0,5
Q96P53,0.0,0.0,0.0,2
Q96P56,0.0,0.0,0.0,11
Q96P65,0.0,0.0,0.0,4
Q96P70,0.0,0.0,0.0,19
Q96PC5,0.0,0.0,0.0,9
Q96PD2,0.0,0.0,0.0,4
Q96PD5,0.0,0.0,0.0,11
Q96PE1,0.0,0.0,0.1111111111111111,9
Q96PE2,0.0,0.0,0.0,7
Q96PE3,0.0,0.0,0.0,7
Q96PE7,0.0,0.0,0.0,2
Q96PK6,0.0,0.0,0.0,2
Q96PL5,0.0,0.0,0.0,4
Q96PM9,0.0,0.0,0.0,1
Q96PN6,0.0,0.0,0.0,16
Q96PN7,0.0,0.0,0.0,2
Q96PP8,0.0,0.0,0.0,3
Q96PP9,0.0,0.0,0.0,7
Q96PQ0,0.0,0.0,0.0,7
Q96PQ1,0.0,0.0,0.0,2
Q96PQ6,0.0,0.0,0.0,2
Q96PQ7,0.0,0.0,0.0,11
Q96PU4,0.0,0.0,0.0,4
Q96PU5,0.0,0.0,0.0,4
Q96PU8,0.0,0.0,0.0,8
Q96PU9,0.0,0.0,0.0,1
Q96PV0,0.0,0.0,0.0,9
Q96PV6,0.0,0.0,0.0,1
Q96PV7,0.0,0.0,0.0,4
Q96PX6,0.0,0.0,0.0,2
Q96PX9,0.0,0.0,0.0,9
Q96PY5,0.0,0.0,0.0,14
Q96PY6,0.0,0.0,0.0,4
Q96PZ2,0.0,0.0,0.0,5
Q96PZ7,1.0,1.0,1.0,14
Q96Q04,0.0,0.0,0.0,2
Q96Q05,0.0,0.0,0.0,6
Q96Q06,0.0,0.0,0.0,6
Q96Q07,0.0,0.0,0.0,6
Q96Q15,1.0,1.0,1.0,41
Q96Q40,0.0,0.0,0.0,3
Q96Q42,0.0,0.0,0.0,15
Q96Q80,0.0,0.0,0.0,5
Q96Q83,0.0,0.0,0.0,2
Q96Q89,0.0,0.0,0.0,14
Q96QA6,0.0,0.0,0.0,3
Q96QB1,0.0,0.0,0.0,12
Q96QD8,0.0,0.0,0.0,10
Q96QD9,0.0,0.0,0.0,2
Q96QE2,0.0,0.0,0.0,5
Q96QE3,0.0,0.0,0.0,11
Q96QG7,0.0,0.0,0.0,5
Q96QK1,0.0,0.0,0.0,17
Q96QP1,0.0,0.0,0.0,6
Q96QT4,0.0,0.0,0.0,10
Q96QU1,0.0,0.0,0.0,13
Q96QU6,0.0,0.0,0.0,7
Q96QU8,0.0,0.0,0.0,13
Q96QV1,0.0,0.0,0.0,7
Q96QV6,0.0,0.0,0.0,3
Q96R06,0.0,0.0,0.0,11
Q96RD6,0.0,0.0,0.0,4
Q96RD7,0.0,0.0,0.0,4
Q96RF0,0.0,0.0,0.0,4
Q96RG2,0.0,0.0,0.0,8
Q96RK0,0.0,0.0,0.0,8
Q96RK1,0.0,0.0,0.0,3
Q96RK4,0.0,0.0,0.0,3
Q96RL1,0.0,0.0,0.0,2
Q96RL7,1.0,1.0,1.0,38
Q96RN1,0.0,0.0,0.0,11
Q96RN5,0.0,0.0,0.0,3
Q96RP7,0.0,0.0,0.0,1
Q96RP9,0.0,0.0,0.0,5
Q96RQ1,0.0,0.0,0.0,1
Q96RQ3,0.0,0.0,0.0,3
Q96RQ9,0.0,0.0,0.0,3
Q96RR4,0.0,0.0,0.0,2
Q96RS0,0.0,0.0,0.0,4
Q96RS6,0.0,0.0,0.0,5
Q96RT1,0.0,0.0,0.0,11
Q96RT6,0.0,0.0,0.0,6
Q96RT7,0.0,0.0,0.0,16
Q96RT8,0.0,0.0,0.0,17
Q96RU2,0.0,0.0,0.0,8
Q96RU3,0.0,0.0,0.0,5
Q96RU8,0.0,0.0,0.0,3
Q96RV3,0.0,0.0,0.0,12
Q96RW7,1.0,1.0,1.0,33
Q96RY5,0.0,0.0,0.0,5
Q96RY7,0.0,0.0,0.0,9
Q96S15,0.0,0.0,0.0,5
Q96S16,0.0,0.0,0.0,1
Q96S19,0.0,0.0,0.0,3
Q96S21,0.0,0.0,0.0,2
Q96S37,0.0,0.0,0.0,6
Q96S38,0.0,0.0,0.0,6
Q96S44,0.0,0.0,0.0,1
Q96S52,0.0,0.0,0.0,10
Q96S53,0.0,0.0,0.0,6
Q96S55,0.0,0.0,0.0,5
Q96S59,0.0,0.0,0.0,7
Q96S66,0.0,0.0,0.0,6
Q96S82,0.0,0.0,0.0,4
Q96S94,0.0,0.0,0.0,4
Q96S97,0.0,0.0,0.0,6
Q96S99,0.0,0.0,0.0,1
Q96SA4,0.0,0.0,0.0,2
Q96SB3,0.0,0.0,0.0,5
Q96SB4,0.0,0.0,0.0,2
Q96SB8,0.0,0.0,0.0,7
Q96SD1,0.0,0.0,0.0,4
Q96SF2,0.0,0.0,0.0,2
Q96SF7,0.0,0.0,0.0,3
Q96SI9,0.0,0.0,0.0,6
Q96SK2,0.0,0.0,0.0,7
Q96SM3,0.0,0.0,0.0,5
Q96SN7,0.0,0.0,0.0,3
Q96SN8,0.0,0.0,0.0,16
Q96SQ5,0.0,0.0,0.0,2
Q96SQ7,0.0,0.0,0.0,1
Q96SQ9,0.0,0.0,0.0,6
Q96ST2,0.0,0.0,0.0,5
Q96ST3,0.0,0.0,0.0,7
Q96SU4,0.0,0.0,0.0,5
Q96SW2,0.0,0.0,0.0,2
Q96SY0,0.0,0.0,0.0,1
Q96SZ6,0.0,0.0,0.0,4
Q96T17,0.0,0.0,0.0,1
Q96T21,0.0,0.0,0.0,1
Q96T23,0.0,0.0,0.0,4
Q96T37,0.0,0.0,0.0,5
Q96T49,0.0,0.0,0.0,5
Q96T51,0.0,0.0,0.0,8
Q96T55,0.0,0.0,0.0,4
Q96T58,1.0,1.0,1.0,14
Q96T60,0.0,0.0,0.0,7
Q96T68,0.0,0.0,0.0,1
Q96T76,0.0,0.0,0.0,13
Q96T83,0.0,0.0,0.0,9
Q96T88,0.0,0.0,0.0,5
Q96T92,0.0,0.0,0.0,2
Q96TA1,0.0,0.0,0.0,7
Q96TA2,0.0,0.0,0.0,4
Q96TC7,0.0,0.0,0.0,5
Q99062,0.0,0.0,0.0,4
Q99081,0.0,0.0,0.0,3
Q99417,0.0,0.0,0.0,3
Q99426,0.0,0.0,0.0,1
Q99436,0.0,0.0,0.0,2
Q99437,0.0,0.0,0.0,4
Q99439,0.0,0.0,0.0,2
Q99442,0.0,0.0,0.0,2
Q99456,0.0,0.0,0.0,5
Q99459,0.0,0.0,0.0,3
Q99460,0.0,0.0,0.0,14
Q99467,0.0,0.0,0.0,5
Q99470,0.0,0.0,0.0,1
Q99471,0.0,0.0,0.0,6
Q99487,0.0,0.0,0.0,2
Q99496,0.0,0.0,0.0,2
Q99500,0.0,0.0,0.0,9
Q99502,0.0,0.0,0.0,2
Q99504,0.0,0.0,0.0,3
Q99518,0.0,0.0,0.0,2
Q99519,0.0,0.0,0.0,3
Q99536,0.0,0.0,0.0,4
Q99541,0.0,0.0,0.0,8
Q99543,0.0,0.0,0.0,2
Q99547,0.0,0.0,0.0,2
Q99549,0.0,0.0,0.0,5
Q99550,0.0,0.0,0.0,10
Q99558,0.0,0.0,0.0,3
Q99567,0.0,0.0,0.0,6
Q99569,0.0,0.0,0.0,8
Q99570,0.0,0.0,0.0,13
Q99571,0.0,0.0,0.0,4
Q99572,0.0,0.0,0.0,5
Q99574,0.0,0.0,0.0,2
Q99575,0.0,0.0,0.0,3
Q99576,0.0,0.0,0.0,2
Q99583,0.0,0.0,0.0,3
Q99584,0.0,0.0,0.0,1
Q99590,0.0,0.0,0.0,3
Q99594,0.0,0.0,0.0,2
Q99595,0.0,0.0,0.0,1
Q99598,0.0,0.0,0.0,6
Q99607,0.0,0.0,0.0,6
Q99612,0.0,0.0,0.0,1
Q99613,0.0,0.0,0.0,13
Q99614,0.0,0.0,0.0,4
Q99615,0.0,0.0,0.0,3
Q99622,0.0,0.0,0.0,2
Q99623,0.0,0.0,0.0,2
Q99624,0.0,0.0,0.0,3
Q99627,0.0,0.0,0.0,3
Q99638,0.0,0.0,0.0,4
Q99640,0.0,0.0,0.0,7
Q99643,0.0,0.0,0.0,1
Q99650,0.0,0.0,0.0,9
Q99661,0.0,0.0,0.0,2
Q99665,0.0,0.0,0.0,7
Q99666,0.0,0.0,0.0,10
Q99675,0.0,0.0,0.0,1
Q99683,0.0,0.0,0.0,13
Q99684,0.0,0.0,0.0,4
Q99685,0.0,0.0,0.0,7
Q99689,0.0,0.0,0.0,1
Q99698,1.0,1.0,1.0,33
Q99700,0.0,0.0,0.0,3
Q99704,0.0,0.0,0.0,2
Q99707,0.0,0.0,0.0,10
Q99708,0.0,0.0,0.0,3
Q99712,0.0,0.0,0.0,3
Q99714,0.0,0.0,0.0,2
Q99715,1.0,1.0,1.0,19
Q99717,0.0,0.0,0.0,1
Q99719,0.0,0.0,0.0,2
Q99720,0.0,0.0,0.0,2
Q99726,0.0,0.0,0.0,3
Q99727,0.0,0.0,0.0,1
Q99728,0.0,0.0,0.0,4
Q99729,0.0,0.0,0.0,2
Q99733,0.0,0.0,0.0,3
Q99741,0.0,0.0,0.0,7
Q99743,0.0,0.0,0.0,2
Q99747,0.0,0.0,0.0,3
Q99755,0.0,0.0,0.0,6
Q99759,0.0,0.0,0.0,1
Q99766,0.0,0.0,0.0,2
Q99797,0.0,0.0,0.0,5
Q99798,0.0,0.0,0.0,7
Q99805,0.0,0.0,0.0,2
Q99808,0.0,0.0,0.0,5
Q99814,0.0,0.0,0.0,4
Q99816,0.0,0.0,0.0,4
Q99828,0.0,0.0,0.0,1
Q99829,0.0,0.0,0.0,2
Q99832,0.0,0.1,0.0,10
Q99835,0.0,0.0,0.0,4
Q99836,0.0,0.0,0.0,4
Q99848,0.0,0.0,0.0,2
Q99853,0.0,0.0,0.0,1
Q99856,0.0,0.0,0.0,2
Q99871,0.0,0.0,0.0,8
Q99873,0.0,0.0,0.0,6
Q99878,0.0,0.0,0.0,5
Q99879,0.0,0.0,0.0,2
Q99933,0.0,0.0,0.0,4
Q99941,0.0,0.0,0.0,7
Q99943,0.0,0.0,0.0,6
Q99956,0.0,0.0,0.0,3
Q99958,0.0,0.0,0.0,1
Q99959,0.0,0.0,0.0,5
Q99961,0.0,0.0,0.0,3
Q99967,0.0,0.0,0.0,3
Q99973,0.0,0.0,0.0,27
Q99986,0.0,0.0,0.0,1
Q99988,0.0,0.0,0.0,2
Q99996,1.0,1.0,1.0,37
Q9BPW4,0.0,0.0,0.0,6
Q9BPX1,0.0,0.0,0.0,3
Q9BPX3,0.0,0.0,0.0,19
Q9BPX6,0.0,0.0,0.0,5
Q9BPY3,0.0,0.0,0.0,3
Q9BPZ7,0.0,0.0,0.0,4
Q9BQ04,0.0,0.0,0.0,2
Q9BQ39,0.0,0.0,0.0,6
Q9BQ52,0.0,0.0,0.0,4
Q9BQ65,0.0,0.0,0.0,1
Q9BQ67,0.0,0.0,0.3333333333333333,3
Q9BQ70,0.0,0.0,0.0,6
Q9BQ75,0.0,0.0,0.0,4
Q9BQ83,0.0,0.0,0.0,1
Q9BQ89,0.0,0.0,0.0,1
Q9BQ90,0.0,0.0,0.0,2
Q9BQ95,0.0,0.0,0.0,2
Q9BQA1,0.0,0.0,0.0,3
Q9BQA5,0.0,0.0,0.0,2
Q9BQA9,0.0,0.0,0.0,3
Q9BQB6,0.0,0.0,0.0,4
Q9BQC3,0.0,0.0,0.0,5
Q9BQC6,0.0,0.0,0.0,1
Q9BQD7,0.0,0.0,0.0,2
Q9BQE3,0.0,0.0,0.0,3
Q9BQE5,0.0,0.0,0.0,5
Q9BQE9,0.0,0.0,0.0,1
Q9BQF6,0.0,0.0,0.0,7
Q9BQG0,0.0,0.0,0.0,15
Q9BQG1,0.0,0.0,0.0,2
Q9BQI3,0.0,0.0,0.0,5
Q9BQI6,0.0,0.0,0.0,8
Q9BQI7,0.0,0.0,0.0,2
Q9BQK8,0.0,0.0,0.0,7
Q9BQL6,0.0,0.0,0.0,2
Q9BQP7,0.0,0.0,0.0,1
Q9BQS8,0.0,0.0,0.0,12
Q9BQT9,0.0,0.0,0.0,5
Q9BR01,0.0,0.0,0.0,6
Q9BR09,0.0,0.0,0.0,1
Q9BR11,0.0,0.0,0.0,5
Q9BR26,0.0,0.0,0.0,6
Q9BR61,0.0,0.0,0.0,3
Q9BR76,0.0,0.0,0.0,5
Q9BR77,0.0,0.0,0.0,2
Q9BRA0,0.0,0.0,0.0,1
Q9BRB3,0.0,0.0,0.08333333333333333,12
Q9BRD0,0.0,0.0,0.0,1
Q9BRF8,0.0,0.0,0.0,1
Q9BRG1,0.0,0.0,0.0,1
Q9BRG2,0.0,0.0,0.0,5
Q9BRJ7,0.0,0.0,0.0,5
Q9BRK3,0.0,0.0,0.0,1
Q9BRK4,0.0,0.0,0.0,4
Q9BRK5,0.0,0.0,0.0,2
Q9BRL7,0.0,0.0,0.0,1
Q9BRP4,0.0,0.0,0.0,4
Q9BRP7,0.0,0.0,0.0,5
Q9BRQ4,0.0,0.0,0.0,1
Q9BRQ5,0.0,0.0,0.3333333333333333,3
Q9BRQ6,0.0,0.0,0.0,1
Q9BRQ8,0.0,0.0,0.0,7
Q9BRR6,0.0,0.0,0.0,5
Q9BRR9,0.0,0.0,0.0,4
Q9BRS2,0.0,0.0,0.0,6
Q9BRS8,0.0,0.0,0.0,3
Q9BRT2,0.0,0.0,0.0,1
Q9BRT6,0.0,0.0,0.0,1
Q9BRT8,0.0,0.0,0.0,6
Q9BRT9,0.0,0.0,0.0,2
Q9BRV3,0.0,0.0,0.0,3
Q9BRV8,0.0,0.0,0.0,3
Q9BRX2,0.0,0.0,0.0,3
Q9BRX5,0.0,0.0,0.0,2
Q9BRY0,0.0,0.0,0.0,5
Q9BRZ2,0.0,0.0,0.0,6
Q9BS16,0.0,0.0,0.0,5
Q9BS26,0.0,0.0,0.0,4
Q9BSA9,0.0,0.0,0.0,4
Q9BSB4,0.0,0.0,0.25,4
Q9BSC4,0.0,0.0,0.0,7
Q9BSD7,0.0,0.0,0.0,2
Q9BSE4,0.0,0.0,0.0,4
Q9BSJ2,0.0,0.0,0.0,18
Q9BSJ5,0.0,0.0,0.0,1
Q9BSJ6,0.0,0.0,0.0,1
Q9BSJ8,0.0,0.0,0.0,9
Q9BSK2,0.0,0.0,0.0,4
Q9BSK4,0.0,0.0,0.0,10
Q9BSL1,0.0,0.0,0.0,4
Q9BSM1,0.0,0.0,0.0,3
Q9BSQ5,0.0,0.0,0.0,2
Q9BSR8,0.0,0.0,0.0,3
Q9BSU1,0.0,0.0,0.0,4
Q9BSV6,0.0,0.0,0.0,2
Q9BSW2,0.0,0.0,0.0,8
Q9BT04,0.0,0.0,0.2,5
Q9BT09,0.0,0.0,0.0,6
Q9BT17,0.0,0.0,0.0,3
Q9BT22,0.0,0.0,0.0,1
Q9BT23,0.0,0.0,0.0,1
Q9BT25,0.0,0.0,0.0,4
Q9BT30,0.0,0.0,0.0,2
Q9BT49,0.0,0.0,0.0,1
Q9BT73,0.0,0.0,0.0,1
Q9BT78,0.0,0.0,0.0,4
Q9BT92,0.0,0.0,0.0,3
Q9BTA9,0.0,0.0,0.0,4
Q9BTC0,0.0,0.0,0.0,3
Q9BTC8,0.0,0.0,0.0,5
Q9BTE0,0.0,0.0,0.0,2
Q9BTE1,0.0,0.0,0.0,3
Q9BTE3,0.0,0.0,0.0,13
Q9BTE6,0.0,0.0,0.0,4
Q9BTF0,0.0,0.0,0.0,5
Q9BTL4,0.0,0.0,0.0,4
Q9BTM1,0.0,0.0,0.0,5
Q9BTM9,0.0,0.5,0.0,2
Q9BTT4,0.0,0.0,0.0,3
Q9BTT6,0.0,0.0,0.14285714285714285,7
Q9BTU6,0.0,0.0,0.0,4
Q9BTV4,0.0,0.0,0.0,4
Q9BTV7,0.0,0.0,0.0,3
Q9BTW9,0.0,0.0,0.0,14
Q9BTX3,0.0,0.0,0.0,4
Q9BTY2,0.0,0.0,0.0,8
Q9BTY7,0.0,0.0,0.0,4
Q9BU20,0.0,0.0,0.0,3
Q9BU23,0.0,0.0,0.0,13
Q9BU64,0.0,0.0,0.0,6
Q9BU79,0.0,0.0,0.0,1
Q9BUB4,0.0,0.0,0.0,5
Q9BUB5,0.0,0.0,0.0,3
Q9BUB7,0.0,0.0,0.0,1
Q9BUE0,0.0,0.0,0.0,3
Q9BUH6,0.0,0.0,0.0,2
Q9BUH8,0.0,0.0,0.0,4
Q9BUI4,0.0,0.0,0.0,7
Q9BUJ0,0.0,0.0,0.0,5
Q9BUJ2,0.0,0.0,0.0,3
Q9BUK6,0.0,0.0,0.0,5
Q9BUL5,0.0,0.0,0.0,1
Q9BUL8,0.0,0.0,0.0,2
Q9BUM1,0.0,0.0,0.0,2
Q9BUN8,0.0,0.0,0.0,2
Q9BUP0,0.0,0.0,0.0,1
Q9BUP3,0.0,0.0,0.0,1
Q9BUT1,0.0,0.0,0.0,2
Q9BUY5,0.0,0.0,0.0,2
Q9BUY7,0.0,0.0,0.0,1
Q9BUZ4,0.0,0.0,0.0,2
Q9BV10,0.0,0.0,0.0,6
Q9BV19,0.0,0.0,0.0,2
Q9BV23,0.0,0.0,0.0,4
Q9BV35,0.0,0.0,0.0,2
Q9BV36,0.0,0.0,0.0,2
Q9BV38,0.0,0.0,0.0,3
Q9BV40,0.0,0.0,0.0,2
Q9BV44,0.0,0.0,0.0,1
Q9BV47,0.0,0.0,0.0,3
Q9BV73,0.0,0.0,0.0,25
Q9BV86,0.0,0.0,0.0,6
Q9BV87,0.0,0.0,0.0,4
Q9BV90,0.0,0.0,0.0,2
Q9BV94,0.0,0.0,0.0,5
Q9BVA0,0.0,0.0,0.0,3
Q9BVC3,0.0,0.0,0.0,2
Q9BVC6,0.0,0.0,0.0,3
Q9BVG3,0.0,0.0,0.0,5
Q9BVG8,0.0,0.0,0.0,8
Q9BVH7,0.0,0.0,0.0,1
Q9BVI0,0.0,0.0,0.0,5
Q9BVI4,0.0,0.0,0.0,4
Q9BVJ6,0.0,0.0,0.0,5
Q9BVK2,0.0,0.0,0.0,9
Q9BVK6,0.0,0.0,0.0,3
Q9BVK8,0.0,0.0,0.0,6
Q9BVL2,0.0,0.0,0.0,1
Q9BVN2,0.0,0.0,0.0,4
Q9BVQ7,0.0,0.0,0.0,5
Q9BVR0,0.0,0.0,0.0,12
Q9BVS4,0.0,0.0,0.0,4
Q9BVT8,0.0,0.0,0.0,3
Q9BVV6,0.0,0.0,0.0,10
Q9BVW5,0.0,0.0,0.0,3
Q9BVX2,0.0,0.0,0.0,1
Q9BW19,0.0,0.0,0.0,6
Q9BW27,0.0,0.0,0.0,13
Q9BW60,0.0,0.0,0.0,6
Q9BW66,0.0,0.0,0.0,2
Q9BW83,0.0,0.0,0.0,3
Q9BW85,0.0,0.0,0.0,1
Q9BW91,0.0,0.0,0.0,3
Q9BW92,0.0,0.0,0.0,5
Q9BWD1,0.0,0.0,0.0,2
Q9BWD3,0.0,0.0,0.0,3
Q9BWE0,0.0,0.0,0.0,1
Q9BWF2,0.0,0.0,0.0,3
Q9BWF3,0.0,0.0,0.0,3
Q9BWG4,0.0,0.0,0.0,1
Q9BWG6,0.0,0.0,0.0,1
Q9BWH2,0.0,0.0,0.0,1
Q9BWH6,0.0,0.0,0.0,17
Q9BWL3,0.0,0.0,0.0,2
Q9BWM7,0.0,0.0,0.0,1
Q9BWN1,0.0,0.0,0.0,5
Q9BWQ6,0.0,0.0,0.0,3
Q9BWS9,0.0,0.0,0.0,5
Q9BWT1,0.0,0.0,0.0,1
Q9BWT3,0.0,0.0,0.0,9
Q9BWT6,0.0,0.0,0.0,2
Q9BWT7,0.0,0.0,0.0,5
Q9BWU0,0.0,0.0,0.0,3
Q9BWU1,0.0,0.0,0.0,1
Q9BWW4,0.0,0.0,0.0,2
Q9BX10,0.0,0.0,0.0,5
Q9BX26,0.0,0.0,0.0,5
Q9BX40,0.0,0.0,0.0,5
Q9BX59,0.0,0.0,0.0,3
Q9BX63,0.0,0.0,0.0,8
Q9BX67,0.0,0.0,0.0,3
Q9BX68,0.0,0.0,0.0,2
Q9BX70,0.0,0.0,0.0,4
Q9BX74,0.0,0.0,0.0,1
Q9BX84,0.0,0.0,0.0,12
Q9BX95,0.0,0.0,0.0,3
Q9BXA9,0.0,0.0,0.0,7
Q9BXB1,0.0,0.0,0.0,2
Q9BXB5,0.0,0.0,0.0,1
Q9BXC9,0.0,0.0,0.0,5
Q9BXD5,0.0,0.0,0.0,3
Q9BXI9,0.0,0.0,0.0,3
Q9BXJ1,0.0,0.0,0.0,2
Q9BXJ9,0.0,0.0,0.0,2
Q9BXK5,0.0,0.0,0.0,5
Q9BXL6,0.0,0.0,0.0,6
Q9BXL7,0.0,0.0,0.0,2
Q9BXM0,0.0,0.0,0.0,7
Q9BXM9,0.0,0.0,0.0,7
Q9BXP2,0.0,0.0,0.0,7
Q9BXP5,0.0,0.0,0.0,5
Q9BXR3,0.0,0.0,0.0,6
Q9BXR5,0.0,0.0,0.0,8
Q9BXS4,0.0,0.0,0.0,1
Q9BXS6,0.0,0.5,0.0,2
Q9BXS9,0.0,0.0,0.0,7
Q9BXT4,0.0,0.0,0.0,10
Q9BXT6,0.0,0.0,0.0,12
Q9BXU1,0.0,0.0,0.0,9
Q9BXU8,0.0,0.0,0.0,1
Q9BXV9,0.0,0.0,0.0,2
Q9BXW6,0.0,0.0,0.0,4
Q9BXW7,0.0,0.0,0.0,1
Q9BXW9,0.0,0.0,0.0,21
Q9BXX0,0.0,0.0,0.25,4
Q9BY07,0.0,0.0,0.0,8
Q9BY11,0.0,0.0,0.0,3
Q9BY12,0.0,0.0,0.0,9
Q9BY15,0.0,0.0,0.0,8
Q9BY32,0.0,0.0,0.0,1
Q9BY41,0.0,0.0,0.0,3
Q9BY43,0.0,0.0,0.0,2
Q9BY50,0.0,0.0,0.0,1
Q9BY66,0.0,0.0,0.0,9
Q9BY67,0.0,0.0,0.0,3
Q9BY71,0.0,0.0,0.0,2
Q9BY77,0.0,0.0,0.0,2
Q9BY78,0.0,0.0,0.2,5
Q9BY84,0.0,0.0,0.0,3
Q9BYB4,0.0,0.0,0.5,2
Q9BYC5,0.0,0.0,0.0,2
Q9BYC9,0.0,0.0,0.0,2
Q9BYD1,0.0,0.0,0.0,1
Q9BYD2,0.0,0.0,0.2,5
Q9BYD3,0.0,0.0,0.0,3
Q9BYD6,0.0,0.0,0.0,6
Q9BYE7,0.0,0.0,0.0,4
Q9BYG0,0.0,0.0,0.0,4
Q9BYG3,0.0,0.0,0.0,2
Q9BYG5,0.0,0.0,0.0,4
Q9BYG8,0.0,0.0,0.16666666666666666,6
Q9BYH1,0.0,0.0,0.0,8
Q9BYH8,0.0,0.0,0.0,2
Q9BYI3,0.0,0.0,0.0,9
Q9BYJ4,0.0,0.0,0.0,5
Q9BYK8,1.0,1.0,1.0,14
Q9BYL1,0.0,0.0,0.0,3
Q9BYM8,0.0,0.0,0.0,3
Q9BYN0,0.0,0.0,0.0,3
Q9BYT1,0.0,0.0,0.0,3
Q9BYT8,0.0,0.0,0.0,6
Q9BYV6,0.0,0.0,0.0,2
Q9BYV8,0.0,0.0,0.0,3
Q9BYV9,0.0,0.0,0.0,2
Q9BYW2,0.0,0.0,0.0,7
Q9BYX2,0.0,0.0,0.0,7
Q9BYX4,0.0,0.0,0.0,10
Q9BYX7,0.0,0.0,0.0,1
Q9BYZ6,0.0,0.0,0.0,5
Q9BZ23,0.0,0.0,0.0,4
Q9BZ29,0.0,0.0,0.0,18
Q9BZ67,0.0,0.0,0.0,5
Q9BZ68,0.0,0.0,0.0,5
Q9BZ95,0.0,0.0,0.0,2
Q9BZC7,0.0,0.0,0.0,17
Q9BZD2,0.0,0.0,0.0,4
Q9BZD4,0.0,0.0,0.0,9
Q9BZE0,0.0,0.0,0.0,4
Q9BZE1,0.0,0.0,0.0,6
Q9BZE4,0.0,0.0,0.0,6
Q9BZE9,0.0,0.0,0.0,2
Q9BZF3,0.0,0.0,0.0,4
Q9BZF9,0.0,0.0,0.0,7
Q9BZG8,0.0,0.0,0.0,4
Q9BZH6,0.0,0.0,0.0,8
Q9BZJ0,0.0,0.0,0.0,5
Q9BZK7,0.0,0.0,0.0,1
Q9BZL4,0.0,0.0,0.0,4
Q9BZL6,0.0,0.0,0.3333333333333333,3
Q9BZM1,0.0,0.0,0.0,3
Q9BZQ6,0.0,0.0,0.0,6
Q9BZQ8,0.0,0.0,0.0,7
Q9BZR9,0.0,0.0,0.0,5
Q9BZV1,0.0,0.0,0.0,3
Q9BZW2,0.0,0.0,0.0,5
Q9BZX2,0.0,0.0,0.0,4
Q9BZZ2,0.0,0.0,0.0,10
Q9BZZ5,0.0,0.0,0.0,9
Q9C000,0.0,0.0,0.0,11
Q9C005,0.0,0.0,0.0,3
Q9C010,0.0,0.0,0.0,1
Q9C026,0.0,0.0,0.0,4
Q9C035,0.0,0.0,0.0,7
Q9C037,0.0,0.0,0.0,8
Q9C040,0.0,0.0,0.0,5
Q9C073,0.0,0.0,0.0,1
Q9C075,0.0,0.0,0.0,3
Q9C091,0.0,0.0,0.0,13
Q9C099,0.0,0.0,0.1,10
Q9C0A1,0.0,0.0,0.0,17
Q9C0B0,0.0,0.0,0.0,2
Q9C0B1,0.0,0.0,0.0,5
Q9C0B5,0.0,0.0,0.0,3
Q9C0B7,0.0,0.0,0.0,11
Q9C0B9,0.0,0.0,0.0,9
Q9C0C2,0.0,0.0,0.0,3
Q9C0C4,0.0,0.0,0.0,5
Q9C0C7,0.0,0.0,0.0,7
Q9C0C9,0.0,0.0,0.0,7
Q9C0D2,0.0,0.0,0.0,15
Q9C0D3,0.0,0.0,0.0,9
Q9C0D4,0.0,0.0,0.0,1
Q9C0D5,0.0,0.0,0.0,18
Q9C0D6,0.0,0.0,0.0,4
Q9C0E2,0.0,0.0,0.0,13
Q9C0E4,0.0,0.0,0.0,4
Q9C0E8,0.0,0.0,0.0,6
Q9C0F1,0.0,0.0,0.0,5
Q9C0G0,0.0,0.0,0.0,5
Q9C0G6,1.0,1.0,1.0,39
Q9C0H2,0.0,0.0,0.0,3
Q9C0H6,0.0,0.0,0.0,9
Q9C0I1,0.0,0.0,0.0,6
Q9C0J8,0.0,0.0,0.0,4
Q9C0J9,0.0,0.0,0.0,3
Q9C0K1,0.0,0.0,0.0,5
Q9GZL7,0.0,0.0,0.0,3
Q9GZM5,0.0,0.0,0.0,3
Q9GZM8,0.0,0.0,0.0,1
Q9GZN0,0.0,0.0,0.0,6
Q9GZN1,0.0,0.0,0.0,5
Q9GZN7,0.0,0.0,0.0,5
Q9GZN8,0.0,0.0,0.0,4
Q9GZP4,0.0,0.0,0.0,2
Q9GZQ3,0.0,0.0,0.0,1
Q9GZQ8,0.0,0.0,0.0,3
Q9GZR2,0.0,0.0,0.0,2
Q9GZR5,0.0,0.0,0.0,1
Q9GZR7,0.0,0.0,0.0,5
Q9GZS1,0.0,0.2,0.0,5
Q9GZS3,0.0,0.0,0.0,1
Q9GZT3,0.0,0.0,0.0,1
Q9GZT5,0.0,0.0,0.0,1
Q9GZT8,0.0,0.0,0.0,3
Q9GZU1,0.0,0.0,0.0,5
Q9GZU2,0.0,0.0,0.0,2
Q9GZU3,0.0,0.0,0.0,3
Q9GZW8,0.0,0.0,0.0,2
Q9GZX9,0.0,0.0,0.0,1
Q9GZY4,0.0,0.0,0.0,3
Q9GZY6,0.0,0.0,0.0,2
Q9GZZ1,0.0,0.0,0.0,2
Q9GZZ9,0.0,0.0,0.0,2
Q9H000,0.0,0.0,0.0,2
Q9H013,0.0,0.0,0.0,3
Q9H040,0.0,0.0,0.0,4
Q9H061,0.0,0.0,0.0,3
Q9H063,0.0,0.0,0.0,1
Q9H074,0.0,0.0,0.0,5
Q9H078,0.0,0.0,0.0,6
Q9H079,0.0,0.0,0.0,2
Q9H089,0.0,0.0,0.0,3
Q9H095,0.0,0.0,0.0,2
Q9H0A0,0.0,0.0,0.0,7
Q9H0A8,0.0,0.0,0.0,4
Q9H0A9,0.0,0.0,0.0,6
Q9H0C5,0.0,0.0,0.0,5
Q9H0C8,0.0,0.0,0.0,3
Q9H0D6,0.0,0.0,0.0,3
Q9H0E3,0.0,0.0,0.0,4
Q9H0E9,0.0,0.0,0.0,6
Q9H0F5,0.0,0.0,0.0,6
Q9H0F6,0.0,0.0,0.0,2
Q9H0F7,0.0,0.0,0.0,3
Q9H0H0,0.0,0.0,0.0,24
Q9H0H3,0.0,0.0,0.0,6
Q9H0H5,0.0,0.0,0.0,7
Q9H0I2,0.0,0.0,0.0,1
Q9H0J4,0.0,0.0,0.0,9
Q9H0J9,0.0,0.0,0.0,2
Q9H0K1,0.0,0.0,0.0,6
Q9H0K6,0.0,0.0,0.0,5
Q9H0L4,0.0,0.0,0.0,7
Q9H0M0,0.0,0.0,0.0,1
Q9H0M5,0.0,0.0,0.0,2
Q9H0N5,0.0,0.0,0.0,1
Q9H0P0,0.0,0.0,0.0,9
Q9H0Q0,0.0,0.0,0.0,3
Q9H0Q3,0.0,0.0,0.0,1
Q9H0R1,0.0,0.0,0.0,5
Q9H0R3,0.0,0.0,0.0,3
Q9H0R5,0.0,0.0,0.0,5
Q9H0R6,0.0,0.0,0.0,3
Q9H0S4,0.0,0.0,0.0,7
Q9H0U3,0.0,0.0,0.0,4
Q9H0U9,0.0,0.0,0.0,1
Q9H0W5,0.0,0.0,0.0,3
Q9H0W8,0.0,0.0,0.0,4
Q9H0X9,0.0,0.0,0.0,9
Q9H0Y0,0.0,0.0,0.0,2
Q9H0Z9,0.0,0.0,0.0,2
Q9H115,0.0,0.0,0.0,1
Q9H116,0.0,0.0,0.0,3
Q9H147,0.0,0.0,0.0,4
Q9H165,0.0,0.0,0.0,1
Q9H173,0.0,0.0,0.0,8
Q9H175,0.0,0.0,0.3333333333333333,3
Q9H1A3,0.0,0.0,0.0,6
Q9H1A4,0.0,0.0,0.0,19
Q9H1B5,0.0,0.0,0.0,4
Q9H1B7,0.0,0.0,0.0,6
Q9H1C3,0.0,0.0,0.0,2
Q9H1C4,0.0,0.0,0.0,5
Q9H1D0,0.0,0.0,0.0,9
Q9H1D9,0.0,0.0,0.0,2
Q9H1E5,0.0,0.0,0.0,1
Q9H1H9,0.0,0.0,0.0,11
Q9H1I8,0.0,0.0,0.0,4
Q9H1K1,0.0,0.0,0.0,1
Q9H1M0,0.0,0.0,0.0,3
Q9H1N7,0.0,0.0,0.0,4
Q9H1P3,0.0,0.0,0.0,2
Q9H1Q7,0.0,0.0,0.0,4
Q9H1Y0,0.0,0.0,0.0,3
Q9H1Y3,0.0,0.0,0.0,4
Q9H1Z9,0.0,0.0,0.0,5
Q9H211,0.0,0.0,0.0,1
Q9H213,0.0,0.0,0.0,2
Q9H223,0.0,0.0,0.0,10
Q9H237,0.0,0.0,0.0,4
Q9H239,0.0,0.0,0.0,2
Q9H251,1.0,1.0,1.0,21
Q9H257,0.0,0.0,0.0,3
Q9H267,0.0,0.0,0.0,5
Q9H269,0.0,0.0,0.0,6
Q9H270,0.0,0.0,0.0,5
Q9H299,0.0,0.0,1.0,1
Q9H2B4,0.0,0.0,0.0,7
Q9H2C0,0.0,0.0,0.0,3
Q9H2C2,0.0,0.0,0.0,2
Q9H2D1,0.0,0.0,0.0,5
Q9H2D6,0.0,0.0,0.0,4
Q9H2F3,0.0,0.0,0.0,4
Q9H2F5,0.0,0.0,0.0,2
Q9H2G2,0.0,0.0,0.0,6
Q9H2G9,0.0,0.0,0.0,4
Q9H2H8,0.0,0.0,0.0,2
Q9H2H9,0.0,0.0,0.0,5
Q9H2I8,0.0,0.0,0.0,2
Q9H2J7,0.0,0.0,0.0,7
Q9H2K2,0.0,0.0,0.0,3
Q9H2K8,0.0,0.0,0.0,7
Q9H2L4,0.0,0.0,0.0,1
Q9H2L5,0.0,0.0,0.0,3
Q9H2M9,0.0,0.0,0.0,10
Q9H2P0,0.0,0.0,0.0,4
Q9H2S1,0.0,0.0,0.0,4
Q9H2T7,0.0,0.0,0.0,15
Q9H2U1,0.0,0.0,0.0,10
Q9H2W6,0.0,0.0,0.0,3
Q9H2X3,0.0,0.0,0.0,7
Q9H2X8,0.0,0.0,0.0,2
Q9H2X9,0.0,0.0,0.0,4
Q9H2Y7,0.0,0.0,0.0,3
Q9H2Y9,0.0,0.0,0.0,6
Q9H307,0.0,0.0,0.0,5
Q9H330,0.0,0.0,0.0,11
Q9H334,0.0,0.0,0.0,6
Q9H336,0.0,0.0,0.0,2
Q9H3C7,0.0,0.0,0.0,4
Q9H3E2,0.0,0.0,0.0,10
Q9H3F6,0.0,0.0,0.0,3
Q9H3H1,0.0,0.0,0.0,4
Q9H3H3,0.0,0.0,0.0,1
Q9H3H5,0.0,0.0,0.0,10
Q9H3J6,0.0,0.0,0.0,3
Q9H3K2,0.0,0.0,0.0,6
Q9H3L0,0.0,0.0,0.0,1
Q9H3M7,0.0,0.0,0.0,8
Q9H3P2,0.0,0.0,0.0,4
Q9H3Q3,0.0,0.0,0.0,4
Q9H3R5,0.0,0.0,0.0,8
Q9H3S1,0.0,0.0,0.0,5
Q9H3S5,0.0,0.0,0.0,4
Q9H3S7,0.0,0.0,0.0,10
Q9H3U1,0.0,0.0,0.0,8
Q9H3U5,0.0,0.0,0.0,5
Q9H410,0.0,0.0,0.0,5
Q9H422,0.0,0.0,0.0,3
Q9H425,0.0,0.0,0.0,1
Q9H446,0.0,0.0,0.0,4
Q9H461,0.0,0.0,0.0,7
Q9H467,0.0,0.0,0.0,1
Q9H469,0.0,0.0,0.0,3
Q9H479,0.0,0.0,0.0,1
Q9H488,0.0,0.0,0.0,5
Q9H490,0.0,0.0,0.0,9
Q9H497,0.0,0.0,0.0,6
Q9H4A3,0.0,0.0,0.0,9
Q9H4A5,0.0,0.0,0.0,4
Q9H4A6,0.0,0.0,0.0,4
Q9H4B0,0.0,0.0,0.0,1
Q9H4B4,0.0,0.0,0.0,1
Q9H4B7,0.0,0.0,0.0,3
Q9H4E7,0.0,0.0,0.0,4
Q9H4H8,0.0,0.0,0.0,7
Q9H4I2,0.0,0.0,0.0,4
Q9H4I3,0.0,0.0,0.0,4
Q9H4I8,0.0,0.0,0.0,3
Q9H4I9,0.0,0.0,0.0,2
Q9H4K7,0.0,0.0,0.0,1
Q9H4L4,0.0,0.0,0.0,2
Q9H4L5,0.0,0.0,0.0,3
Q9H4L7,0.0,0.0,0.16666666666666666,6
Q9H4M7,0.0,0.0,0.0,3
Q9H4M9,0.0,0.0,0.0,9
Q9H4T2,0.0,0.0,0.0,2
Q9H4Z2,0.0,0.0,0.0,4
Q9H4Z3,0.0,0.0,0.0,3
Q9H501,0.0,0.0,0.0,2
Q9H568,0.0,0.0,0.0,1
Q9H579,0.0,0.0,0.0,5
Q9H582,0.0,0.0,0.0,9
Q9H583,0.0,0.0,0.0,39
Q9H5F2,0.0,0.0,0.0,1
Q9H5I5,1.0,1.0,1.0,26
Q9H5J8,0.0,0.0,0.0,1
Q9H5K3,0.0,0.0,0.0,1
Q9H5L6,0.0,0.0,0.0,8
Q9H5P4,0.0,0.0,0.0,2
Q9H5Q4,0.0,0.0,0.0,4
Q9H5V7,0.0,0.0,0.0,3
Q9H5V8,0.0,0.0,0.0,2
Q9H5V9,0.0,0.0,0.0,1
Q9H5Z1,0.0,0.0,0.0,6
Q9H611,0.0,0.0,0.0,5
Q9H633,0.0,0.0,0.0,2
Q9H668,0.0,0.0,0.0,3
Q9H672,0.0,0.0,0.0,4
Q9H694,0.0,0.0,0.0,5
Q9H6A0,0.0,0.0,0.0,2
Q9H6A9,0.0,0.0,0.0,18
Q9H6D7,0.0,0.0,0.0,4
Q9H6E4,0.0,0.0,0.0,2
Q9H6F2,0.0,0.0,0.0,2
Q9H6J7,0.0,0.0,0.0,3
Q9H6K1,0.0,0.0,0.0,3
Q9H6K5,0.0,0.0,0.0,7
Q9H6Q4,0.0,0.0,0.0,2
Q9H6R0,0.0,0.0,0.0,6
Q9H6R3,0.0,0.0,0.0,3
Q9H6R4,0.0,0.0,0.0,10
Q9H6R7,0.0,0.0,0.0,6
Q9H6S0,0.0,0.0,0.0,9
Q9H6S3,0.0,0.0,0.0,6
Q9H6T0,0.0,0.0,0.0,4
Q9H6T3,0.0,0.0,0.0,1
Q9H6U6,0.0,0.0,0.0,3
Q9H6U8,0.0,0.0,0.0,7
Q9H6W3,0.0,0.0,0.0,6
Q9H6X2,0.0,0.0,0.0,7
Q9H6X5,0.0,0.0,0.16666666666666666,6
Q9H6Y7,0.0,0.0,0.0,2
Q9H6Z4,0.0,0.0,0.0,2
Q9H6Z9,0.0,0.0,0.0,4
Q9H707,0.0,0.0,0.0,2
Q9H714,0.0,0.0,0.0,6
Q9H765,0.0,0.0,0.0,5
Q9H773,0.0,0.0,0.0,1
Q9H790,0.0,0.0,0.0,3
Q9H792,0.0,0.0,0.0,7
Q9H799,1.0,1.0,1.0,27
Q9H7B2,0.0,0.0,0.0,1
Q9H7B4,0.0,0.0,0.0,4
Q9H7C4,0.0,0.0,0.0,4
Q9H7D0,0.0,0.0,0.0,12
Q9H7D7,0.0,0.0,0.0,7
Q9H7F0,0.0,0.0,0.0,12
Q9H7H0,0.0,0.0,0.0,5
Q9H7L9,0.0,0.0,0.0,3
Q9H7M6,0.0,0.0,0.0,9
Q9H7N4,0.0,0.0,0.0,4
Q9H7P6,0.0,0.0,0.0,2
Q9H7P9,0.0,0.0,0.0,7
Q9H7U1,0.0,0.0,0.0,2
Q9H7X0,0.0,0.0,0.0,3
Q9H7X7,0.0,0.0,0.0,1
Q9H7Y0,0.0,0.0,0.0,2
Q9H7Z3,0.0,0.0,0.0,8
Q9H7Z6,0.0,0.0,0.0,1
Q9H7Z7,0.0,0.0,0.0,2
Q9H808,0.0,0.0,0.0,2
Q9H813,0.0,0.0,0.0,2
Q9H816,0.0,0.0,0.0,3
Q9H832,0.0,0.0,0.0,2
Q9H841,0.0,0.0,0.0,1
Q9H845,0.0,0.0,0.0,7
Q9H869,0.0,0.0,0.0,7
Q9H871,0.0,0.0,0.0,3
Q9H892,0.0,0.0,0.0,5
Q9H8H0,0.0,0.0,0.0,14
Q9H8H2,0.0,0.0,0.0,7
Q9H8H3,0.0,0.0,0.0,2
Q9H8K7,0.0,0.0,0.0,4
Q9H8M1,0.0,0.0,0.0,3
Q9H8M2,0.0,0.0,0.0,6
Q9H8M5,0.0,0.0,0.0,3
Q9H8M9,0.0,0.0,0.0,2
Q9H8S9,0.0,0.0,0.0,2
Q9H8T0,0.0,0.0,0.0,1
Q9H8V3,0.0,0.0,0.0,10
Q9H8W5,0.0,0.0,0.0,2
Q9H8X2,0.0,0.0,0.0,6
Q9H8Y5,0.0,0.0,0.0,2
Q9H8Y8,0.0,0.0,0.0,3
Q9H900,0.0,0.0,0.0,4
Q9H920,0.0,0.0,0.0,4
Q9H930,0.0,0.0,0.0,1
Q9H939,0.0,0.0,0.0,2
Q9H944,0.0,0.0,0.0,2
Q9H967,0.0,0.0,0.0,2
Q9H972,0.0,0.0,0.0,3
Q9H974,0.0,0.0,0.0,1
Q9H977,0.0,0.0,0.0,2
Q9H981,0.0,0.0,0.0,4
Q9H992,0.0,0.0,0.0,3
Q9H999,0.0,0.0,0.0,3
Q9H9A5,0.0,0.0,0.0,8
Q9H9A6,0.0,0.0,0.0,10
Q9H9A7,0.0,0.0,0.0,6
Q9H9B1,0.0,0.0,0.0,6
Q9H9E3,0.0,0.0,0.0,14
Q9H9F9,0.0,0.0,0.0,2
Q9H9H4,0.0,0.0,0.0,3
Q9H9J2,0.0,0.0,0.0,2
Q9H9L3,0.0,0.0,0.0,1
Q9H9P5,0.0,0.0,0.0,4
Q9H9P8,0.0,0.0,0.0,2
Q9H9Q2,0.0,0.0,0.0,6
Q9H9Q4,0.0,0.0,0.0,3
Q9H9S3,0.0,0.0,0.0,8
Q9H9S4,0.0,0.0,0.0,5
Q9H9T3,0.0,0.0,0.0,6
Q9H9V9,0.0,0.0,0.0,3
Q9H9Y2,0.0,0.0,0.0,2
Q9H9Y4,0.0,0.0,0.0,6
Q9H9Y6,0.0,0.0,0.0,9
Q9HA64,0.0,0.0,0.0,1
Q9HA65,0.0,0.0,0.0,5
Q9HA72,0.0,0.0,0.0,7
Q9HA77,0.0,0.0,0.0,3
Q9HA92,0.0,0.0,0.0,7
Q9HAB3,0.0,0.0,0.0,5
Q9HAB8,0.0,0.0,0.0,2
Q9HAC8,0.0,0.0,0.0,2
Q9HAD4,0.0,0.0,0.0,2
Q9HAH7,0.0,0.0,0.0,2
Q9HAI6,0.0,0.0,0.0,3
Q9HAP2,0.0,0.0,0.0,5
Q9HAS0,0.0,0.0,0.0,4
Q9HAT2,0.0,0.0,0.0,1
Q9HAU4,0.0,0.0,0.0,5
Q9HAU5,0.0,0.0,0.0,10
Q9HAU8,0.0,0.0,0.0,3
Q9HAV0,0.0,0.0,0.0,1
Q9HAV4,0.0,0.0,0.0,27
Q9HAV5,0.0,0.0,0.0,1
Q9HAV7,0.0,0.0,0.3333333333333333,3
Q9HAW4,0.0,0.0,0.0,6
Q9HAW8,0.0,0.0,0.0,8
Q9HAY2,0.0,0.0,0.0,2
Q9HAZ2,0.0,0.0,0.0,7
Q9HB09,0.0,0.0,0.0,4
Q9HB19,0.0,0.0,0.0,1
Q9HB20,0.0,0.0,0.0,3
Q9HB40,0.0,0.0,0.0,5
Q9HB58,0.0,0.0,0.0,4
Q9HB71,0.0,0.0,0.0,2
Q9HB75,0.0,0.0,0.0,8
Q9HB90,0.0,0.0,0.0,7
Q9HB96,0.0,0.0,0.0,6
Q9HBD1,0.0,0.0,0.0,4
Q9HBE1,0.0,0.0,0.0,5
Q9HBE5,0.0,0.0,0.0,4
Q9HBF4,0.0,0.0,0.0,6
Q9HBG4,0.0,0.0,0.0,11
Q9HBG6,0.0,0.0,0.0,9
Q9HBG7,0.0,0.0,0.0,2
Q9HBH0,0.0,0.0,0.0,2
Q9HBH9,0.0,0.0,0.0,3
Q9HBI0,0.0,0.0,0.0,8
Q9HBI1,0.0,0.0,0.0,6
Q9HBI5,0.0,0.0,0.0,2
Q9HBK9,0.0,0.0,0.0,5
Q9HBL0,0.0,0.0,0.0,9
Q9HBL8,0.0,0.0,0.0,2
Q9HBM0,0.0,0.0,0.0,3
Q9HBM1,0.0,0.0,0.0,2
Q9HBM6,0.0,0.0,0.0,3
Q9HBR0,0.0,0.0,0.0,9
Q9HBU6,0.0,0.0,0.0,3
Q9HBW0,0.0,0.0,0.0,2
Q9HBW9,0.0,0.0,0.0,6
Q9HBX9,0.0,0.0,0.0,9
Q9HBY8,0.0,0.0,0.0,2
Q9HBZ2,0.0,0.0,0.0,3
Q9HC07,0.0,0.0,0.0,5
Q9HC16,0.0,0.0,0.0,3
Q9HC24,0.0,0.0,0.0,10
Q9HC29,0.0,0.0,0.0,9
Q9HC35,0.0,0.0,0.0,4
Q9HC36,0.0,0.0,0.0,2
Q9HC44,0.0,0.0,0.0,3
Q9HC52,0.0,0.0,0.0,3
Q9HC77,0.0,0.0,0.0,7
Q9HC78,0.0,0.0,0.0,6
Q9HC84,1.0,1.0,1.0,16
Q9HC98,0.0,0.0,0.0,1
Q9HCC0,0.0,0.0,0.0,4
Q9HCD6,0.0,0.0,0.0,12
Q9HCE0,0.0,0.0,0.0,32
Q9HCE1,0.0,0.0,0.0,11
Q9HCE3,0.0,0.0,0.0,5
Q9HCE6,0.0,0.0,0.0,7
Q9HCE7,0.0,0.0,0.0,5
Q9HCE9,0.0,0.0,0.0,11
Q9HCG7,0.0,0.0,0.0,8
Q9HCG8,0.0,0.0,0.0,3
Q9HCH0,0.0,0.0,0.0,2
Q9HCH5,0.0,0.0,0.0,2
Q9HCI6,0.0,0.0,0.0,6
Q9HCI7,0.0,0.0,0.0,2
Q9HCJ1,0.0,0.0,0.0,8
Q9HCJ3,0.0,0.0,0.0,4
Q9HCJ5,0.0,0.0,0.0,10
Q9HCK1,0.0,0.0,0.0,8
Q9HCK4,0.0,0.0,0.0,8
Q9HCK5,0.0,0.0,0.0,3
Q9HCK8,0.0,0.0,0.0,16
Q9HCL2,0.0,0.0,0.0,7
Q9HCM1,0.0,0.0,0.0,8
Q9HCM2,0.0,0.0,0.0,16
Q9HCM3,0.0,0.0,0.0,20
Q9HCM4,0.0,0.0,0.0,5
Q9HCM7,0.0,0.0,0.0,5
Q9HCN3,0.0,0.0,0.0,5
Q9HCN4,0.0,0.0,0.0,6
Q9HCQ5,0.0,0.0,0.0,4
Q9HCS7,0.0,0.0,0.0,8
Q9HCU4,1.0,1.0,1.0,11
Q9HD15,0.0,0.0,0.0,3
Q9HD20,0.0,0.0,0.0,1
Q9HD23,0.0,0.0,0.0,6
Q9HD26,0.0,0.0,0.0,7
Q9HD40,0.0,0.0,0.0,3
Q9HD42,0.0,0.0,0.0,6
Q9HD67,0.0,0.0,0.0,14
Q9HD89,0.0,0.0,0.0,1
Q9HDC9,0.0,0.0,0.0,1
Q9JKP8,0.0,0.0,0.0,1
Q9NNW5,0.0,0.0,0.0,13
Q9NNX1,0.0,0.0,0.0,1
Q9NNX6,0.0,0.0,0.0,6
Q9NP55,0.0,0.0,0.0,7
Q9NP56,0.0,0.0,0.0,6
Q9NP58,0.0,0.0,0.0,7
Q9NP59,0.0,0.0,0.0,5
Q9NP61,0.0,0.0,0.0,1
Q9NP66,0.0,0.0,0.0,1
Q9NP71,0.0,0.0,0.0,6
Q9NP72,0.0,0.0,0.0,2
Q9NP73,0.0,0.0,0.0,4
Q9NP74,0.0,0.0,0.0,2
Q9NP77,0.0,0.0,0.0,1
Q9NP78,0.0,0.0,0.0,9
Q9NP79,0.0,0.0,0.0,3
Q9NP80,0.0,0.0,0.0,3
Q9NP81,0.0,0.0,0.0,3
Q9NP85,0.0,0.0,0.0,2
Q9NP87,0.0,0.0,0.0,7
Q9NP92,0.0,0.0,0.0,6
Q9NP97,0.0,0.0,0.0,1
Q9NPA0,0.0,0.0,0.0,4
Q9NPA3,0.0,0.0,0.0,2
Q9NPB0,0.0,0.0,0.0,2
Q9NPB8,0.0,0.0,0.0,7
Q9NPC4,0.0,0.0,0.0,4
Q9NPC7,0.0,0.0,0.0,2
Q9NPD3,0.0,0.0,0.0,3
Q9NPD7,0.0,0.0,0.0,4
Q9NPD8,0.0,0.0,0.0,3
Q9NPE2,0.0,0.0,0.0,1
Q9NPE3,0.0,0.0,0.0,2
Q9NPE6,0.0,0.0,0.0,5
Q9NPF0,0.0,0.0,0.0,1
Q9NPF4,0.0,0.0,0.0,3
Q9NPF5,0.0,0.0,0.0,2
Q9NPG4,0.0,0.0,0.0,6
Q9NPH3,0.0,0.0,0.0,4
Q9NPI1,0.0,0.0,0.0,3
Q9NPI6,0.0,0.0,0.0,6
Q9NPI8,0.0,0.0,0.25,4
Q9NPI9,0.0,0.0,0.0,2
Q9NPJ1,0.0,0.0,0.0,7
Q9NPJ3,0.0,0.0,0.0,2
Q9NPJ6,0.0,0.0,0.0,1
Q9NPL8,0.0,0.0,0.0,1
Q9NPQ8,0.0,0.0,0.0,6
Q9NPR9,0.0,0.0,0.0,6
Q9NPU4,0.0,0.0,0.0,1
Q9NQ11,0.0,0.0,0.0,7
Q9NQ25,0.0,0.0,0.0,1
Q9NQ29,0.0,0.0,0.0,3
Q9NQ34,0.0,0.0,0.0,2
Q9NQ38,0.0,0.0,0.0,1
Q9NQ39,0.0,0.0,0.0,2
Q9NQ55,0.0,0.0,0.0,6
Q9NQ66,0.0,0.0,0.0,2
Q9NQ84,0.0,0.0,0.0,4
Q9NQ86,0.0,0.0,0.0,5
Q9NQ89,0.0,0.0,0.0,2
Q9NQ90,0.0,0.0,0.0,6
Q9NQA3,0.0,0.0,0.0,9
Q9NQC1,0.0,0.0,0.0,6
Q9NQC3,0.0,0.0,0.0,13
Q9NQC7,0.0,0.0,0.0,7
Q9NQC8,0.0,0.0,0.0,3
Q9NQE7,0.0,0.0,0.0,2
Q9NQG5,0.0,0.0,0.0,5
Q9NQG6,0.0,0.0,0.0,8
Q9NQG7,0.0,0.0,0.0,5
Q9NQH7,0.0,0.0,0.0,3
Q9NQL2,0.0,0.0,0.0,6
Q9NQP4,0.0,0.0,0.0,1
Q9NQQ7,0.0,0.0,0.0,5
Q9NQS3,0.0,0.0,0.0,5
Q9NQS7,0.0,0.0,0.0,1
Q9NQT4,0.0,0.0,0.0,2
Q9NQT8,0.0,0.0,0.0,8
Q9NQU5,0.0,0.0,0.0,5
Q9NQW6,0.0,0.0,0.0,4
Q9NQW7,0.0,0.0,0.0,3
Q9NQX1,0.0,0.0,0.0,2
Q9NQX3,0.0,0.0,0.0,10
Q9NQX4,0.0,0.0,0.0,19
Q9NQX7,0.0,0.0,0.0,2
Q9NQZ2,0.0,0.0,0.0,3
Q9NQZ5,0.0,0.0,0.0,5
Q9NQZ7,0.0,0.0,0.0,2
Q9NR09,1.0,1.0,1.0,64
Q9NR19,0.0,0.0,0.0,1
Q9NR28,0.0,0.0,0.0,2
Q9NR30,0.0,0.0,0.0,8
Q9NR31,0.0,0.0,0.0,5
Q9NR46,0.0,0.0,0.0,3
Q9NR48,1.0,1.0,1.0,16
Q9NR50,0.0,0.0,0.0,2
Q9NR56,0.0,0.0,0.0,2
Q9NR63,0.0,0.125,0.0,8
Q9NR77,0.0,0.0,0.0,2
Q9NR81,0.0,0.0,0.0,5
Q9NR82,0.0,0.0,0.0,10
Q9NR96,0.0,0.0,0.0,6
Q9NR99,1.0,1.0,1.0,17
Q9NRA0,0.0,0.0,0.0,6
Q9NRA1,0.0,0.0,0.0,2
Q9NRA8,0.0,0.0,0.0,3
Q9NRB3,0.0,0.0,0.0,6
Q9NRC1,0.0,0.0,0.0,9
Q9NRD0,0.0,0.0,0.0,4
Q9NRD5,0.0,0.0,0.0,6
Q9NRD8,0.0,0.0,0.0,8
Q9NRF8,0.0,0.0,0.0,4
Q9NRG0,0.0,0.0,0.0,1
Q9NRG9,0.0,0.0,0.0,4
Q9NRI5,0.0,0.0,0.0,11
Q9NRJ1,0.0,0.0,0.0,2
Q9NRJ4,0.0,0.0,0.0,6
Q9NRK6,0.0,0.0,0.0,9
Q9NRL2,0.0,0.0,0.0,6
Q9NRL3,0.0,0.0,0.0,8
Q9NRM2,0.0,0.0,0.0,2
Q9NRM7,0.0,0.0,0.0,7
Q9NRN7,0.0,0.0,0.0,1
Q9NRP4,0.0,0.0,0.0,2
Q9NRP7,0.0,0.0,0.0,8
Q9NRQ5,0.0,0.0,0.0,1
Q9NRR4,0.0,0.0,0.0,17
Q9NRR5,0.0,0.0,0.0,5
Q9NRR6,0.0,0.0,0.0,2
Q9NRS4,0.0,0.0,0.0,6
Q9NRU3,0.0,0.0,0.0,6
Q9NRV9,0.0,0.0,0.0,1
Q9NRW7,0.0,0.0,0.0,7
Q9NRX1,0.0,0.0,0.0,3
Q9NRX5,0.0,0.0,0.0,4
Q9NRY4,0.0,0.0,0.0,11
Q9NRY5,0.0,0.0,0.0,4
Q9NRY7,0.0,0.0,0.0,2
Q9NRZ7,0.0,0.0,0.0,5
Q9NRZ9,0.0,0.0,0.0,8
Q9NS00,0.0,0.0,0.0,4
Q9NS18,0.0,0.0,0.0,1
Q9NS23,0.0,0.0,0.0,3
Q9NS37,0.0,0.0,0.0,3
Q9NS56,0.0,0.0,0.0,3
Q9NS69,0.0,0.0,0.0,2
Q9NS73,0.0,0.0,0.0,9
Q9NS86,0.0,0.0,0.0,3
Q9NS87,0.0,0.0,0.0,13
Q9NS91,0.0,0.0,0.0,2
Q9NSA2,0.0,0.0,0.0,4
Q9NSB8,0.0,0.0,0.0,3
Q9NSC5,0.0,0.0,0.0,4
Q9NSD9,0.0,0.0,0.0,4
Q9NSE2,0.0,0.0,0.0,1
Q9NSE4,0.0,0.0,0.0,9
Q9NSG2,0.0,0.0,0.0,18
Q9NSI2,0.0,0.0,0.0,1
Q9NSI6,0.0,0.0,0.0,10
Q9NSI8,0.0,0.0,0.0,4
Q9NSK0,0.0,0.0,0.0,5
Q9NSP4,0.0,0.0,0.0,1
Q9NST1,0.0,0.0,0.0,2
Q9NSV4,0.0,0.0,0.0,13
Q9NSY0,0.0,0.0,0.0,4
Q9NSY1,0.0,0.0,0.0,6
Q9NSY2,0.0,0.0,0.0,2
Q9NT62,0.0,0.0,0.0,2
Q9NT68,1.0,1.0,1.0,20
Q9NTI2,0.0,0.0,0.0,10
Q9NTI5,0.0,0.0,0.0,15
Q9NTJ3,0.0,0.0,0.0,21
Q9NTJ4,0.0,0.0,0.0,8
Q9NTJ5,0.0,0.0,0.0,8
Q9NTK1,0.0,0.0,0.0,2
Q9NTX5,0.0,0.0,0.0,2
Q9NTX7,0.0,0.0,0.0,2
Q9NTZ6,0.0,0.0,0.0,4
Q9NU02,0.0,0.0,0.0,7
Q9NU19,0.0,0.0,0.0,3
Q9NU22,1.0,1.0,1.0,54
Q9NU23,0.0,0.0,0.0,1
Q9NU53,0.0,0.0,0.0,2
Q9NUA8,0.0,0.0,0.0,9
Q9NUD5,0.0,0.0,0.0,1
Q9NUD7,0.0,0.0,0.0,4
Q9NUD9,0.0,0.0,0.0,3
Q9NUG6,0.0,0.0,0.0,2
Q9NUH8,0.0,0.0,0.0,2
Q9NUJ3,0.0,0.0,0.0,4
Q9NUJ7,0.0,0.0,0.0,6
Q9NUL7,0.0,0.0,0.0,12
Q9NUM3,0.0,0.0,0.0,3
Q9NUM4,0.0,0.0,0.0,1
Q9NUN5,0.0,0.0,0.0,4
Q9NUN7,0.0,0.0,0.0,4
Q9NUP1,0.0,0.0,0.0,5
Q9NUQ2,0.0,0.0,0.0,4
Q9NUQ6,0.0,0.0,0.0,7
Q9NUQ7,0.0,0.0,0.0,5
Q9NUQ8,0.0,0.0,0.0,11
Q9NUQ9,0.0,0.0,0.0,2
Q9NUS5,0.0,0.0,0.0,4
Q9NUT2,0.0,0.0,0.0,10
Q9NUU7,0.0,0.0,0.0,5
Q9NUV7,0.0,0.0,0.0,5
Q9NUV9,0.0,0.0,0.0,2
Q9NUW8,0.0,0.0,0.0,5
Q9NUX5,0.0,0.0,0.0,6
Q9NUY8,0.0,0.0,0.0,2
Q9NV06,0.0,0.0,0.0,2
Q9NV12,0.0,0.0,0.0,3
Q9NV31,0.0,0.0,0.0,7
Q9NV56,0.0,0.0,0.0,2
Q9NV58,0.0,0.0,0.0,4
Q9NV64,0.0,0.0,0.0,7
Q9NV66,0.0,0.0,0.0,4
Q9NV70,0.0,0.0,0.0,12
Q9NV79,0.0,0.0,0.0,2
Q9NV88,0.0,0.0,0.0,4
Q9NV96,0.0,0.0,0.0,4
Q9NVA2,0.0,0.0,0.0,4
Q9NVC3,0.0,0.0,0.0,4
Q9NVC6,0.0,0.0,0.0,6
Q9NVD7,0.0,0.0,0.0,4
Q9NVE5,0.0,0.0,0.0,6
Q9NVE7,0.0,0.0,0.0,9
Q9NVF7,0.0,0.0,0.0,4
Q9NVF9,0.0,0.0,0.0,1
Q9NVG8,0.0,0.0,0.0,4
Q9NVH0,0.0,0.0,0.0,4
Q9NVH1,0.0,0.0,0.0,4
Q9NVH2,0.0,0.0,0.0,15
Q9NVH6,0.0,0.0,0.0,3
Q9NVI1,0.0,0.0,0.0,16
Q9NVJ2,0.0,0.0,0.0,1
Q9NVK5,0.0,0.0,0.0,3
Q9NVM4,0.0,0.0,0.0,2
Q9NVM9,0.0,0.0,0.0,9
Q9NVN8,0.0,0.0,0.0,5
Q9NVP1,0.0,0.0,0.0,7
Q9NVP2,0.0,0.0,0.0,1
Q9NVP4,0.0,0.0,0.0,3
Q9NVQ4,0.0,0.0,0.0,1
Q9NVR0,0.0,0.0,0.0,7
Q9NVR2,0.0,0.0,0.0,9
Q9NVR5,0.0,0.0,0.0,2
Q9NVT9,0.0,0.0,0.0,1
Q9NVU0,0.0,0.0,0.0,5
Q9NVU7,0.0,0.0,0.0,7
Q9NVV0,0.0,0.0,0.0,1
Q9NVV5,0.0,0.0,0.0,3
Q9NVV9,0.0,0.0,0.0,2
Q9NVW2,0.0,0.0,0.0,4
Q9NVX0,0.0,0.0,0.0,4
Q9NVX2,0.0,0.0,0.0,2
Q9NVX7,0.0,0.0,0.0,6
Q9NW08,0.0,0.0,0.0,7
Q9NW13,0.0,0.0,0.0,6
Q9NW15,0.0,0.0,0.0,7
Q9NW38,0.0,0.0,0.0,4
Q9NW64,0.0,0.0,0.0,1
Q9NW82,0.0,0.0,0.0,2
Q9NWB7,0.0,0.0,0.0,3
Q9NWD8,0.0,0.0,0.0,5
Q9NWF4,0.0,0.0,0.0,6
Q9NWF9,0.0,0.0,0.0,4
Q9NWH2,0.0,0.0,0.0,2
Q9NWH7,0.0,0.0,0.0,3
Q9NWH9,0.0,0.0,0.0,2
Q9NWK9,0.0,0.0,0.0,3
Q9NWN3,0.0,0.0,0.0,3
Q9NWQ8,0.0,0.0,0.0,2
Q9NWQ9,0.0,0.0,0.0,2
Q9NWR8,0.0,0.0,0.0,6
Q9NWS0,0.0,0.0,0.0,1
Q9NWS1,0.0,0.0,0.0,9
Q9NWS6,0.0,0.0,0.0,3
Q9NWT1,0.0,0.0,0.0,1
Q9NWT6,0.0,0.0,0.0,1
Q9NWT8,0.0,0.0,0.0,1
Q9NWU1,0.0,0.0,0.0,2
Q9NWV8,0.0,0.0,0.0,1
Q9NWW5,0.0,0.0,0.0,3
Q9NWX5,0.0,0.0,0.0,4
Q9NWY4,0.0,0.0,0.0,3
Q9NWZ3,0.0,0.0,0.0,7
Q9NWZ5,0.0,0.0,0.0,5
Q9NX02,0.0,0.0,0.0,9
Q9NX04,0.0,0.0,0.0,1
Q9NX05,0.0,0.0,0.0,7
Q9NX07,0.0,0.0,0.0,4
Q9NX08,0.0,0.0,0.0,2
Q9NX09,0.0,0.0,0.0,3
Q9NX18,0.0,0.0,0.0,2
Q9NX20,0.0,0.0,0.0,3
Q9NX36,0.0,0.0,0.0,2
Q9NX38,0.0,0.0,0.0,1
Q9NX45,0.0,0.0,0.0,4
Q9NX46,0.0,0.0,0.0,2
Q9NX47,0.0,0.0,0.0,2
Q9NX57,0.0,0.0,0.0,1
Q9NX58,0.0,0.0,0.0,2
Q9NX61,0.0,0.0,0.0,4
Q9NX62,0.0,0.0,0.0,1
Q9NX70,0.0,0.0,0.0,1
Q9NX74,0.0,0.0,0.0,7
Q9NX95,0.0,0.0,0.0,2
Q9NXB9,0.0,0.0,0.0,2
Q9NXC5,0.0,0.0,0.0,4
Q9NXD2,0.0,0.0,0.0,6
Q9NXE4,0.0,0.0,0.0,9
Q9NXE8,0.0,0.0,0.0,3
Q9NXF1,0.0,0.0,0.0,22
Q9NXF7,0.0,0.0,0.0,1
Q9NXH8,0.0,0.0,0.0,4
Q9NXH9,0.0,0.0,0.0,4
Q9NXK6,0.0,0.0,0.0,2
Q9NXK8,0.0,0.0,0.0,6
Q9NXL6,0.0,0.0,0.0,7
Q9NXL9,0.0,0.0,0.0,8
Q9NXN4,0.0,0.0,0.0,5
Q9NXR1,0.0,0.0,0.0,2
Q9NXR5,0.0,0.0,0.0,1
Q9NXR7,0.0,0.0,0.0,7
Q9NXR8,0.0,0.0,0.0,1
Q9NXS2,0.0,0.0,0.0,3
Q9NXS3,0.0,0.0,0.0,8
Q9NXV2,0.0,0.0,0.0,1
Q9NXW2,0.0,0.0,0.0,4
Q9NXX6,0.0,0.0,0.0,6
Q9NY15,0.0,0.0,0.0,9
Q9NY26,0.0,0.0,0.0,5
Q9NY33,0.0,0.0,0.0,7
Q9NY47,0.0,0.0,0.0,8
Q9NY59,0.0,0.0,0.0,3
Q9NY61,0.0,0.0,0.0,8
Q9NY64,0.0,0.0,0.0,3
Q9NY65,0.0,0.0,0.0,1
Q9NY74,0.0,0.0,0.0,2
Q9NY91,0.0,0.0,0.0,6
Q9NY93,0.0,0.0,0.0,3
Q9NY97,0.0,0.0,0.0,7
Q9NYA1,0.0,0.0,0.0,3
Q9NYA4,0.0,0.0,0.0,5
Q9NYB0,0.0,0.0,0.0,1
Q9NYB9,0.0,0.0,0.0,3
Q9NYC9,1.0,1.0,1.0,33
Q9NYF5,0.0,0.0,0.0,6
Q9NYF8,0.0,0.0,0.0,1
Q9NYG8,0.0,0.0,0.0,2
Q9NYH9,0.0,0.0,0.0,4
Q9NYI0,0.0,0.0,0.0,3
Q9NYJ8,0.0,0.0,0.0,1
Q9NYK1,0.0,0.0,0.0,9
Q9NYL2,0.0,0.0,0.0,2
Q9NYL4,0.0,0.0,0.0,1
Q9NYL9,0.0,0.0,0.0,3
Q9NYM9,0.0,0.0,0.0,1
Q9NYP3,0.0,0.0,0.0,6
Q9NYP7,0.0,0.0,0.0,4
Q9NYP9,0.0,0.0,0.0,1
Q9NYQ3,0.0,0.0,0.0,3
Q9NYQ6,1.0,1.0,1.0,9
Q9NYQ7,1.0,1.0,1.0,16
Q9NYQ8,1.0,1.0,1.0,26
Q9NYR9,0.0,0.0,0.0,1
Q9NYT6,0.0,0.0,0.0,2
Q9NYU1,0.0,0.0,0.0,15
Q9NYU2,0.0,0.0,0.0,9
Q9NYV4,0.0,0.0,0.0,11
Q9NYV6,0.0,0.0,0.0,6
Q9NYY3,0.0,0.0,0.0,2
Q9NYY8,0.0,0.0,0.0,11
Q9NYZ3,0.0,0.0,0.0,1
Q9NZ01,0.0,0.0,0.0,4
Q9NZ08,0.0,0.0,0.0,11
Q9NZ32,0.0,0.0,0.0,8
Q9NZ43,0.0,0.0,0.0,3
Q9NZ52,0.0,0.0,0.0,5
Q9NZ53,0.0,0.0,0.0,2
Q9NZ71,0.0,0.0,0.0,7
Q9NZ94,0.0,0.0,0.0,8
Q9NZA1,0.0,0.0,0.0,4
Q9NZB2,0.0,0.0,0.0,5
Q9NZB8,0.0,0.0,0.0,7
Q9NZC3,0.0,0.0,0.0,3
Q9NZC9,0.0,0.0,0.0,13
Q9NZD8,0.0,0.0,0.0,3
Q9NZE8,0.0,0.0,0.0,3
Q9NZH5,0.0,0.0,0.0,2
Q9NZI8,0.0,0.0,0.0,6
Q9NZJ0,0.0,0.0,0.0,3
Q9NZJ4,1.0,1.0,1.0,39
Q9NZJ5,0.0,0.0,0.0,5
Q9NZJ6,0.0,0.0,0.0,1
Q9NZJ7,0.0,0.0,0.0,7
Q9NZK5,0.0,0.0,0.0,2
Q9NZL3,0.0,0.0,0.0,1
Q9NZL4,0.0,0.0,0.0,2
Q9NZL6,0.0,0.0,0.0,4
Q9NZL9,0.0,0.0,0.0,6
Q9NZM1,0.0,0.0,0.0,10
Q9NZM3,0.0,0.0,0.08333333333333333,12
Q9NZM4,0.0,0.0,0.0,8
Q9NZM5,0.0,0.0,0.0,4
Q9NZN1,0.0,0.0,0.0,1
Q9NZN3,0.0,0.0,0.0,8
Q9NZN4,0.0,0.0,0.0,7
Q9NZN5,0.0,0.0,0.0,12
Q9NZN8,0.0,0.0,0.0,2
Q9NZP8,0.0,0.0,0.0,3
Q9NZQ3,0.0,0.0,0.0,4
Q9NZR2,1.0,1.0,1.0,17
Q9NZS9,0.0,0.0,0.0,5
Q9NZU0,0.0,0.0,0.0,2
Q9NZU1,0.0,0.0,0.0,4
Q9NZU5,0.0,0.0,0.0,2
Q9NZV8,0.0,0.0,0.0,1
Q9NZW4,0.0,0.0,0.0,1
Q9P000,0.0,0.0,0.0,2
Q9P013,0.0,0.0,0.0,1
Q9P015,0.0,0.0,0.0,2
Q9P016,0.0,0.0,0.0,1
Q9P032,0.0,0.0,0.0,3
Q9P035,0.0,0.0,0.0,7
Q9P055,0.0,0.0,0.0,6
Q9P086,0.0,0.0,0.0,1
Q9P0I2,0.0,0.0,0.0,4
Q9P0J1,0.0,0.0,0.0,4
Q9P0J6,0.0,0.0,0.0,2
Q9P0J7,0.0,0.0,0.0,3
Q9P0K7,0.0,0.0,0.0,10
Q9P0L0,0.0,0.0,0.0,2
Q9P0L2,0.0,0.0,0.0,1
Q9P0L9,0.0,0.0,0.0,7
Q9P0M2,0.0,0.0,0.0,3
Q9P0M6,0.0,0.0,0.0,3
Q9P0M9,0.0,0.0,0.0,2
Q9P0N5,0.0,0.0,0.0,3
Q9P0N9,0.0,0.0,0.0,2
Q9P0P8,0.0,0.0,0.0,2
Q9P0R6,0.0,0.0,0.0,3
Q9P0S3,0.0,0.0,0.0,4
Q9P0S9,0.0,0.0,0.0,1
Q9P0T7,0.0,0.0,0.0,2
Q9P0U3,0.0,0.0,0.0,2
Q9P0V3,0.0,0.0,0.0,7
Q9P0V9,0.0,0.0,0.0,4
Q9P0W2,0.0,0.0,0.0,2
Q9P0W8,0.0,0.0,0.0,3
Q9P0X4,0.0,0.0,0.0,17
Q9P0Z9,0.0,0.0,0.0,4
Q9P107,0.0,0.0,0.0,6
Q9P1A2,0.0,0.0,0.0,5
Q9P1F3,0.0,0.0,0.0,3
Q9P1Q0,0.0,0.0,0.0,14
Q9P1W3,0.0,0.0,0.0,2
Q9P1W8,0.0,0.0,0.0,1
Q9P1Y5,0.0,0.0,0.0,10
Q9P1Y6,0.0,0.0,0.0,8
Q9P1Z2,0.0,0.0,0.0,4
Q9P203,0.0,0.0,0.0,7
Q9P206,0.0,0.0,0.0,4
Q9P209,0.0,0.0,0.0,2
Q9P212,0.0,0.0,0.0,17
Q9P215,0.0,0.0,0.0,4
Q9P217,0.0,0.0,0.0,8
Q9P219,0.0,0.0,0.0,11
Q9P225,1.0,1.0,1.0,38
Q9P227,0.0,0.0,0.0,3
Q9P241,0.0,0.0,0.0,18
Q9P243,0.0,0.0,0.0,9
Q9P246,0.0,0.0,0.0,6
Q9P253,0.0,0.0,0.0,9
Q9P258,0.0,0.0,0.0,2
Q9P260,0.0,0.0,0.0,19
Q9P265,0.0,0.0,0.0,18
Q9P266,0.0,0.0,0.0,2
Q9P273,0.0,0.0,0.0,12
Q9P275,0.0,0.0,0.0,4
Q9P278,0.0,0.0,0.0,7
Q9P281,0.0,0.0,0.0,9
Q9P287,0.0,0.0,0.0,7
Q9P289,0.0,0.0,0.0,3
Q9P296,0.0,0.0,0.0,2
Q9P2A4,0.0,0.0,0.0,3
Q9P2B2,0.0,0.0,0.0,5
Q9P2B4,0.0,0.0,0.0,1
Q9P2B7,0.0,0.0,0.0,3
Q9P2D0,0.0,0.0,0.0,6
Q9P2D1,1.0,1.0,1.0,13
Q9P2D3,0.0,0.0,0.0,25
Q9P2D6,0.0,0.0,0.0,13
Q9P2D7,1.0,1.0,1.0,37
Q9P2D8,0.0,0.0,0.0,22
Q9P2E2,0.0,0.0,0.0,5
Q9P2E3,0.0,0.0,0.0,13
Q9P2E5,0.0,0.0,0.0,8
Q9P2E9,0.0,0.0,0.0,14
Q9P2F8,0.0,0.0,0.0,6
Q9P2G1,0.0,0.0,0.0,7
Q9P2G3,0.0,0.0,0.0,10
Q9P2G4,0.0,0.0,0.0,7
Q9P2G9,0.0,0.0,0.0,4
Q9P2H0,0.0,0.0,0.0,3
Q9P2H5,0.0,0.0,0.0,5
Q9P2I0,0.0,0.0,0.125,8
Q9P2J3,0.0,0.0,0.0,8
Q9P2J5,0.0,0.0,0.0,12
Q9P2K1,0.0,0.0,0.0,9
Q9P2K2,0.0,0.0,0.0,7
Q9P2K3,0.0,0.0,0.0,2
Q9P2K5,0.0,0.0,0.0,2
Q9P2K6,0.0,0.0,0.0,9
Q9P2K8,0.0,0.0,0.0,11
Q9P2L0,0.0,0.0,0.0,6
Q9P2M7,0.0,0.0,0.0,5
Q9P2N2,0.0,0.0,0.0,12
Q9P2N5,0.0,0.16666666666666666,0.0,6
Q9P2N6,0.0,0.0,0.0,5
Q9P2N7,0.0,0.0,0.0,7
Q9P2P1,0.0,0.0,0.0,10
Q9P2P5,0.0,0.0,0.0,7
Q9P2P6,1.0,1.0,1.0,21
Q9P2Q2,0.0,0.0,0.0,8
Q9P2R3,0.0,0.0,0.0,12
Q9P2R6,0.0,0.0,0.0,2
Q9P2R7,0.0,0.0,0.0,3
Q9P2S2,0.0,0.0,0.0,13
Q9P2S5,0.0,0.0,0.0,3
Q9P2T1,0.0,0.0,0.0,2
Q9P2W1,0.0,0.0,0.0,2
Q9P2W9,0.0,0.0,0.0,3
Q9P2X0,0.0,0.0,0.0,3
Q9P2X3,0.0,0.0,0.0,1
Q9P2Y5,0.0,0.0,0.0,6
Q9QLI9,1.0,1.0,1.0,5
Q9QLL6,1.0,1.0,1.0,6
Q9UBB4,0.0,0.0,0.0,6
Q9UBB6,0.0,0.0,0.0,9
Q9UBB9,0.0,0.0,0.0,7
Q9UBC1,0.0,0.0,0.0,2
Q9UBC2,0.0,0.0,0.0,7
Q9UBC3,0.0,0.0,0.0,8
Q9UBC5,0.0,0.0,0.0,10
Q9UBD5,0.0,0.0,0.0,9
Q9UBD9,0.0,0.0,0.0,2
Q9UBE0,0.0,0.0,0.0,3
Q9UBF1,0.0,0.0,0.0,7
Q9UBF2,0.0,0.0,0.0,9
Q9UBF8,0.0,0.0,0.0,9
Q9UBG0,0.0,0.0,0.0,5
Q9UBH0,0.0,0.0,0.0,1
Q9UBH6,0.0,0.0,0.0,5
Q9UBI4,0.0,0.0,0.0,4
Q9UBI9,0.0,0.0,0.0,2
Q9UBJ2,0.0,0.0,0.0,11
Q9UBK5,0.0,0.0,0.0,1
Q9UBK7,0.0,0.0,0.0,4
Q9UBK8,0.0,0.0,0.0,5
Q9UBK9,0.0,0.0,0.0,5
Q9UBL3,0.0,0.0,0.0,6
Q9UBM1,0.0,0.0,0.0,3
Q9UBM7,0.0,0.0,0.0,6
Q9UBN7,0.0,0.0,0.0,10
Q9UBP0,0.0,0.0,0.0,4
Q9UBP4,0.0,0.0,0.0,2
Q9UBP5,0.0,0.0,0.0,2
Q9UBP6,0.0,0.0,0.0,3
Q9UBQ0,0.0,0.0,0.0,4
Q9UBQ5,0.0,0.0,0.0,3
Q9UBQ6,0.0,0.0,0.0,3
Q9UBQ7,0.0,0.0,0.0,4
Q9UBR5,0.0,0.0,0.0,3
Q9UBS4,0.0,0.0,0.0,2
Q9UBS8,0.0,0.0,0.0,2
Q9UBS9,0.0,0.0,0.0,6
Q9UBT2,0.0,0.0,0.0,2
Q9UBT6,0.0,0.0,0.0,4
Q9UBT7,0.0,0.0,0.0,13
Q9UBU7,0.0,0.0,0.0,7
Q9UBU8,0.0,0.0,0.0,5
Q9UBV2,0.0,0.0,0.0,8
Q9UBV8,0.0,0.0,0.0,3
Q9UBW5,0.0,0.0,0.0,3
Q9UBW7,0.0,0.0,0.0,6
Q9UBW8,0.0,0.0,0.0,4
Q9UBX1,0.0,0.0,0.0,3
Q9UBX8,0.0,0.0,0.0,6
Q9UBY0,0.0,0.0,0.0,5
Q9UBY8,0.0,0.0,0.0,3
Q9UBZ4,0.0,0.0,0.0,1
Q9UBZ9,0.0,0.0,0.0,10
Q9UDR5,0.0,0.0,0.0,9
Q9UDT6,0.0,0.0,0.0,4
Q9UDV6,0.0,0.0,0.0,3
Q9UDW1,0.0,0.0,0.0,1
Q9UDY2,0.0,0.0,0.0,5
Q9UDY8,0.0,0.0,0.0,10
Q9UEE5,0.0,0.0,0.0,6
Q9UER7,0.0,0.0,0.0,3
Q9UET6,0.0,0.0,0.0,4
Q9UEW8,0.0,0.0,0.0,6
Q9UEY8,0.0,0.0,0.0,7
Q9UF12,0.0,0.0,0.0,2
Q9UF83,0.0,0.0,0.0,2
Q9UFB7,0.0,0.0,0.0,2
Q9UFC0,0.0,0.0,0.0,3
Q9UFD9,0.0,0.0,0.0,12
Q9UFF9,0.0,0.0,0.0,2
Q9UFH2,1.0,1.0,1.0,55
Q9UG01,0.0,0.0,0.0,15
Q9UG56,0.0,0.0,0.0,2
Q9UG63,0.0,0.0,0.0,7
Q9UGC7,0.0,0.0,0.0,3
Q9UGH3,0.0,0.0,0.0,6
Q9UGI6,0.0,0.0,0.0,8
Q9UGI8,0.0,0.0,0.0,4
Q9UGJ0,0.0,0.0,0.0,3
Q9UGJ1,0.0,0.0,0.0,16
Q9UGL1,0.0,0.0,0.0,13
Q9UGN5,0.0,0.0,0.0,2
Q9UGP5,0.0,0.0,0.0,4
Q9UGP8,0.0,0.0,0.0,7
Q9UGQ3,0.0,0.0,0.0,10
Q9UGR2,0.0,0.0,0.0,6
Q9UGU0,0.0,0.0,0.0,6
Q9UGV2,0.0,0.0,0.0,5
Q9UH17,0.0,0.0,0.0,6
Q9UH36,0.0,0.0,0.0,3
Q9UH65,0.0,0.0,0.0,7
Q9UH77,0.0,0.0,0.0,7
Q9UH92,0.0,0.0,0.0,4
Q9UH99,0.0,0.0,0.0,7
Q9UHA2,0.0,0.0,0.0,2
Q9UHA4,0.0,0.0,0.0,1
Q9UHB4,0.0,0.0,0.0,6
Q9UHB7,0.0,0.0,0.0,4
Q9UHB9,0.0,0.0,0.0,7
Q9UHC1,0.0,0.0,0.0,6
Q9UHC7,0.0,0.0,0.0,1
Q9UHD1,0.0,0.0,0.0,2
Q9UHD2,0.0,0.0,0.0,7
Q9UHD8,0.0,0.0,0.0,5
Q9UHD9,0.0,0.0,0.0,4
Q9UHE8,0.0,0.0,0.0,5
Q9UHF1,0.0,0.0,0.0,3
Q9UHF7,0.0,0.0,0.0,5
Q9UHG2,0.0,0.0,0.0,2
Q9UHG3,0.0,0.0,0.0,5
Q9UHH9,0.0,0.0,0.0,4
Q9UHI6,0.0,0.0,0.0,5
Q9UHI7,0.0,0.0,0.0,8
Q9UHJ3,0.0,0.0,0.0,7
Q9UHJ6,0.0,0.0,0.0,7
Q9UHK0,0.0,0.0,0.0,1
Q9UHK6,0.0,0.0,0.0,4
Q9UHL4,0.0,0.0,0.0,6
Q9UHL9,0.0,0.0,0.0,5
Q9UHP3,0.0,0.0,0.0,8
Q9UHP6,0.0,0.0,0.0,4
Q9UHQ1,0.0,0.0,0.0,1
Q9UHQ9,0.0,0.0,0.0,4
Q9UHR4,0.0,0.0,0.0,1
Q9UHR5,0.0,0.0,0.0,2
Q9UHV2,0.0,0.0,0.0,5
Q9UHV5,0.0,0.0,0.0,7
Q9UHV7,0.0,0.0,0.0,17
Q9UHV9,0.0,0.0,0.0,3
Q9UHW5,0.0,0.0,0.0,8
Q9UHW9,0.0,0.0,0.0,7
Q9UHX1,0.0,0.0,0.0,4
Q9UHX3,0.0,0.0,0.0,12
Q9UHY1,0.0,0.0,0.0,3
Q9UHY7,0.0,0.0,0.0,3
Q9UHY8,0.0,0.0,0.0,2
Q9UI08,0.0,0.0,0.0,5
Q9UI10,0.0,0.0,0.0,4
Q9UI12,0.0,0.0,0.0,5
Q9UI15,0.0,0.0,0.0,3
Q9UI26,0.0,0.0,0.0,15
Q9UI30,0.0,0.0,0.0,3
Q9UI36,0.0,0.0,0.0,8
Q9UI43,0.0,0.0,0.0,1
Q9UI47,0.0,0.0,0.0,7
Q9UI95,0.0,0.0,0.0,4
Q9UIA0,0.0,0.0,0.0,3
Q9UIA9,0.0,0.0,0.0,15
Q9UID3,0.0,0.0,0.0,14
Q9UID6,0.0,0.0,0.0,3
Q9UIF7,0.0,0.0,0.0,8
Q9UIF8,0.0,0.0,0.0,7
Q9UIF9,0.0,0.0,0.0,10
Q9UIG0,0.0,0.0,0.0,6
Q9UIG5,0.0,0.0,0.0,1
Q9UIG8,0.0,0.0,0.0,4
Q9UII2,0.0,0.0,0.0,1
Q9UII4,0.0,0.0,0.0,8
Q9UIJ7,0.0,0.0,0.0,2
Q9UIK4,0.0,0.0,0.0,6
Q9UIK5,0.0,0.0,0.0,1
Q9UIL1,0.0,0.0,0.0,4
Q9UIL8,0.0,0.0,0.0,3
Q9UIQ6,0.0,0.0,0.0,19
Q9UIU6,0.0,0.0,0.0,5
Q9UIW2,0.0,0.0,0.0,10
Q9UIX4,0.0,0.0,0.0,5
Q9UJ14,0.0,0.0,0.0,3
Q9UJ37,0.0,0.0,0.0,1
Q9UJ41,0.0,0.0,0.0,4
Q9UJ42,0.0,0.0,0.0,4
Q9UJ70,0.0,0.0,0.0,5
Q9UJ78,0.0,0.0,0.0,3
Q9UJ83,0.0,0.0,0.0,3
Q9UJ98,0.0,0.0,0.0,11
Q9UJA2,0.0,0.0,0.0,4
Q9UJA3,0.0,0.0,0.0,7
Q9UJA5,0.0,0.0,0.0,1
Q9UJC3,0.0,0.0,0.0,6
Q9UJD7,0.0,0.0,0.0,2
Q9UJF2,0.0,0.0,0.0,17
Q9UJH8,0.0,0.0,0.0,1
Q9UJJ9,0.0,0.0,0.0,2
Q9UJK0,0.0,0.0,0.0,1
Q9UJL9,0.0,0.0,0.0,2
Q9UJM3,0.0,0.0,0.0,2
Q9UJP4,0.0,0.0,0.0,5
Q9UJS0,0.0,0.0,0.0,5
Q9UJT0,0.0,0.0,0.0,6
Q9UJT1,0.0,0.0,0.0,2
Q9UJU6,0.0,0.0,0.0,3
Q9UJV9,0.0,0.0,0.0,6
Q9UJW0,0.0,0.0,0.0,3
Q9UJX0,0.0,0.0,0.0,4
Q9UJX2,0.0,0.0,0.0,6
Q9UJX3,0.0,0.0,0.0,6
Q9UJX4,0.0,0.0,0.0,7
Q9UJX5,0.0,0.0,0.0,8
Q9UJX6,0.0,0.0,0.0,7
Q9UJY1,0.0,0.0,0.0,2
Q9UJY4,0.0,0.0,0.0,2
Q9UJY5,0.0,0.0,0.0,5
Q9UJZ1,0.0,0.0,0.0,5
Q9UK28,0.0,0.0,0.0,5
Q9UK32,0.0,0.0,0.0,5
Q9UK41,0.0,0.0,0.0,2
Q9UK45,0.0,0.0,0.0,2
Q9UK58,0.0,0.0,0.0,2
Q9UK59,0.0,0.0,0.0,5
Q9UK61,0.0,0.0,0.0,16
Q9UK73,0.0,0.0,0.0,6
Q9UKA1,0.0,0.0,0.0,4
Q9UKA4,0.0,0.0,0.0,13
Q9UKA9,0.0,0.0,0.0,7
Q9UKB1,0.0,0.0,0.0,4
Q9UKB3,0.0,0.0,0.0,1
Q9UKD1,0.0,0.0,0.0,7
Q9UKE5,0.0,0.0,0.0,9
Q9UKF6,0.0,0.0,0.0,9
Q9UKF7,0.0,0.0,0.0,5
Q9UKG1,0.0,0.0,0.0,4
Q9UKG9,0.0,0.0,0.0,2
Q9UKI2,0.0,0.0,0.0,4
Q9UKI3,0.0,0.0,0.0,1
Q9UKI8,0.0,0.0,0.0,3
Q9UKJ3,0.0,0.0,0.0,6
Q9UKK3,0.0,0.0,0.0,16
Q9UKL0,0.0,0.0,0.0,3
Q9UKL3,0.0,0.0,0.0,9
Q9UKM7,0.0,0.0,0.0,7
Q9UKM9,0.0,0.0,0.0,2
Q9UKN5,0.0,0.0,0.0,7
Q9UKN7,1.0,1.0,1.0,20
Q9UKN8,0.0,0.0,0.0,6
Q9UKP4,0.0,0.0,0.0,2
Q9UKR5,0.0,0.0,0.0,2
Q9UKS6,0.0,0.0,0.0,2
Q9UKS7,0.0,0.0,0.0,6
Q9UKT4,0.0,0.0,0.0,1
Q9UKT7,0.0,0.0,0.0,4
Q9UKT8,0.0,0.0,0.0,3
Q9UKT9,0.0,0.0,0.0,2
Q9UKU6,0.0,0.0,0.0,10
Q9UKU7,0.0,0.0,0.0,2
Q9UKV0,0.0,0.0,0.0,4
Q9UKV3,0.0,0.0,0.0,3
Q9UKV5,0.0,0.0,0.0,10
Q9UKV8,0.0,0.0,0.0,2
Q9UKX2,0.0,0.0,0.0,12
Q9UKX3,0.0,0.0,0.0,8
Q9UKX5,0.0,0.0,0.0,10
Q9UKX7,0.0,0.0,0.0,2
Q9UKY1,0.0,0.0,0.0,3
Q9UKY4,0.0,0.0,0.0,6
Q9UKY7,0.0,0.0,0.0,2
Q9UKZ1,0.0,0.0,0.0,5
Q9UKZ4,1.0,1.0,1.0,11
Q9UL01,0.0,0.0,0.0,10
Q9UL03,0.0,0.0,0.0,9
Q9UL15,0.0,0.0,0.0,5
Q9UL33,0.0,0.0,0.0,4
Q9UL36,0.0,0.0,0.0,8
Q9UL40,0.0,0.0,0.0,2
Q9UL45,0.0,0.0,0.0,2
Q9UL46,0.0,0.0,0.0,5
Q9UL54,0.0,0.0,0.0,9
Q9UL58,0.0,0.0,0.0,3
Q9UL63,0.0,0.0,0.0,4
Q9ULA0,0.0,0.0,0.0,3
Q9ULC4,0.0,0.0,0.0,2
Q9ULC5,0.0,0.0,0.0,6
Q9ULC8,0.0,0.0,0.0,3
Q9ULD0,0.0,0.0,0.0,4
Q9ULD4,0.0,0.0,0.0,4
Q9ULD5,0.0,0.0,0.0,3
Q9ULD6,0.0,0.0,0.0,9
Q9ULE3,0.0,0.0,0.0,2
Q9ULE6,0.0,0.0,0.0,11
Q9ULF5,0.0,0.0,0.0,4
Q9ULG1,0.0,0.0,0.0,4
Q9ULG6,0.0,0.0,0.0,5
Q9ULH0,0.0,0.0,0.0,9
Q9ULH1,0.0,0.0,0.0,7
Q9ULH7,0.0,0.0,0.0,7
Q9ULI0,0.0,0.0,0.0,6
Q9ULI2,0.0,0.0,0.0,9
Q9ULJ1,0.0,0.0,0.0,3
Q9ULJ3,0.0,0.0,0.0,3
Q9ULJ6,0.0,0.0,0.0,3
Q9ULJ7,0.0,0.0,0.0,7
Q9ULJ8,0.0,0.0,0.0,2
Q9ULK0,0.0,0.0,0.0,8
Q9ULK2,0.0,0.0,0.0,4
Q9ULK4,0.0,0.0,0.0,22
Q9ULK5,0.0,0.0,0.0,5
Q9ULK6,0.0,0.0,0.0,3
Q9ULL1,0.0,0.0,0.0,7
Q9ULL4,0.0,0.0,0.0,15
Q9ULL5,0.0,0.0,0.0,10
Q9ULL8,0.0,0.0,0.0,5
Q9ULM3,0.0,0.0,0.0,7
Q9ULM6,0.0,0.0,0.0,5
Q9ULP0,0.0,0.0,0.0,5
Q9ULP9,0.0,0.0,0.0,8
Q9ULQ0,0.0,0.0,0.0,5
Q9ULQ1,0.0,0.0,0.0,6
Q9ULR0,0.0,0.0,0.0,3
Q9ULS5,0.0,0.0,0.0,6
Q9ULT0,0.0,0.0,0.0,6
Q9ULT6,0.0,0.0,0.0,2
Q9ULT8,0.0,0.0,0.0,16
Q9ULU4,0.0,0.0,0.0,6
Q9ULV0,0.0,0.0,0.0,8
Q9ULV3,0.0,0.0,0.0,4
Q9ULV4,0.0,0.0,0.0,2
Q9ULV5,0.0,0.0,0.0,4
Q9ULW0,0.0,0.0,0.0,5
Q9ULW6,0.0,0.0,0.0,2
Q9ULX3,0.0,0.0,0.0,5
Q9ULX6,0.0,0.0,0.0,3
Q9ULZ3,0.0,0.0,0.3333333333333333,3
Q9ULZ9,0.0,0.0,0.0,4
Q9UM00,0.0,0.0,0.0,1
Q9UM01,0.0,0.0,0.0,3
Q9UM11,0.0,0.0,0.0,2
Q9UM44,0.0,0.0,0.0,6
Q9UM47,0.0,0.0,0.0,4
Q9UM54,0.0,0.0,0.0,9
Q9UM82,0.0,0.0,0.0,3
Q9UMN6,1.0,1.0,1.0,15
Q9UMQ3,0.0,0.0,0.0,1
Q9UMR2,0.0,0.0,0.0,7
Q9UMR3,0.0,0.0,0.0,1
Q9UMS0,0.0,0.0,0.0,2
Q9UMS4,0.0,0.0,0.0,7
Q9UMS5,0.0,0.0,0.0,7
Q9UMS6,0.0,0.0,0.0,5
Q9UMW8,0.0,0.0,0.0,4
Q9UMX0,0.0,0.0,0.0,3
Q9UMX1,0.0,0.0,0.0,3
Q9UMX5,0.0,0.0,0.0,2
Q9UMX9,0.0,0.0,0.0,9
Q9UMZ2,0.0,0.0,0.0,3
Q9UN37,0.0,0.0,0.0,5
Q9UN66,0.0,0.0,0.0,5
Q9UN67,0.0,0.0,0.0,5
Q9UN70,0.0,0.0,0.0,3
Q9UN73,0.0,0.0,0.0,4
Q9UN79,0.0,0.0,0.0,5
Q9UN81,0.0,0.0,0.0,1
Q9UN86,0.0,0.0,0.0,2
Q9UNA1,0.0,0.0,0.0,8
Q9UNA4,0.0,0.0,0.0,3
Q9UNF0,0.0,0.0,0.0,4
Q9UNF1,0.0,0.0,0.0,4
Q9UNH5,0.0,0.0,0.0,2
Q9UNH6,0.0,0.0,0.0,5
Q9UNH7,0.0,0.0,0.0,2
Q9UNK9,0.0,0.0,0.0,4
Q9UNL2,0.0,0.0,0.0,5
Q9UNL4,0.0,0.0,0.0,3
Q9UNM6,0.0,0.0,0.0,5
Q9UNN5,0.0,0.0,0.0,2
Q9UNN8,0.0,0.0,0.0,2
Q9UNP4,0.0,0.0,0.0,4
Q9UNQ0,0.0,0.0,0.0,8
Q9UNQ2,0.0,0.0,0.0,3
Q9UNS1,0.0,0.0,0.0,10
Q9UNS2,0.0,0.0,0.0,3
Q9UNT1,0.0,0.0,0.0,4
Q9UNU6,0.0,0.0,0.0,4
Q9UNW1,0.0,0.0,0.0,3
Q9UNW8,0.0,0.0,0.0,3
Q9UNW9,0.0,0.0,0.0,2
Q9UNX3,0.0,0.0,0.0,1
Q9UNX4,0.0,0.0,0.0,10
Q9UNY4,0.0,0.0,0.0,7
Q9UNZ2,0.0,0.0,0.0,5
Q9UNZ5,0.0,0.0,0.0,1
Q9UP38,0.0,0.0,0.0,8
Q9UP52,0.0,0.0,0.0,8
Q9UP65,0.0,0.0,0.0,4
Q9UP83,0.0,0.0,0.0,13
Q9UP95,0.0,0.0,0.0,5
Q9UPA5,1.0,1.0,1.0,12
Q9UPG8,0.0,0.0,0.0,3
Q9UPI3,0.0,0.0,0.0,7
Q9UPM8,0.0,0.0,0.0,15
Q9UPN3,1.0,1.0,1.0,66
Q9UPN6,0.0,0.0,0.0,10
Q9UPN7,0.0,0.0,0.0,8
Q9UPN9,0.0,0.0,0.0,4
Q9UPP1,0.0,0.0,0.0,6
Q9UPP2,0.0,0.0,0.0,7
Q9UPQ0,0.0,0.0,0.0,4
Q9UPQ4,0.0,0.0,0.0,5
Q9UPQ8,0.0,0.0,0.0,7
Q9UPQ9,0.0,0.0,0.0,7
Q9UPR0,0.0,0.0,0.0,7
Q9UPR3,0.0,0.0,0.0,9
Q9UPS6,0.0,0.0,0.0,8
Q9UPS8,0.0,0.0,0.0,17
Q9UPT5,0.0,0.0,0.0,3
Q9UPT9,0.0,0.0,0.0,5
Q9UPU5,0.0,0.0,0.0,32
Q9UPU7,0.0,0.0,0.0,6
Q9UPU9,0.0,0.0,0.0,2
Q9UPV0,0.0,0.0,0.0,8
Q9UPV7,0.0,0.0,0.0,2
Q9UPV9,0.0,0.0,0.0,9
Q9UPW0,0.0,0.0,0.0,4
Q9UPW5,0.0,0.0,0.0,9
Q9UPW6,0.0,0.0,0.0,8
Q9UPW8,0.0,0.0,0.0,14
Q9UPX8,0.0,0.0,0.0,10
Q9UPY3,0.0,0.0,0.0,12
Q9UPY5,0.0,0.0,0.0,3
Q9UPY8,0.0,0.0,0.0,3
Q9UPZ3,0.0,0.0,0.0,10
Q9UPZ9,0.0,0.0,0.0,4
Q9UQ05,0.0,0.0,0.0,6
Q9UQ10,0.0,0.0,0.0,1
Q9UQ13,0.0,0.0,0.0,6
Q9UQ16,0.0,0.0,0.0,6
Q9UQ35,1.0,1.0,1.0,6
Q9UQ53,0.0,0.0,0.0,7
Q9UQ80,0.0,0.0,0.0,4
Q9UQ84,0.0,0.0,0.0,5
Q9UQ88,0.0,0.0,0.0,7
Q9UQ90,0.0,0.0,0.0,2
Q9UQB8,0.0,0.0,0.0,1
Q9UQB9,0.0,0.0,0.0,4
Q9UQC2,0.0,0.0,0.0,3
Q9UQD0,0.0,0.0,0.0,16
Q9UQE7,0.0,0.0,0.0,14
Q9UQL6,0.0,0.0,0.0,9
Q9UQN3,0.0,0.0,0.0,2
Q9UQQ2,0.0,0.0,0.0,3
Q9UQR1,0.0,0.0,0.0,1
Q9UQV4,0.0,0.0,0.0,3
Q9W850,1.0,1.0,1.0,1
Q9WMB3,1.0,1.0,1.0,17
Q9Y217,0.0,0.0,0.0,10
Q9Y219,0.0,0.0,0.0,3
Q9Y221,0.0,0.0,0.0,4
Q9Y222,0.0,0.0,0.0,4
Q9Y223,0.0,0.0,0.0,6
Q9Y224,0.0,0.0,0.0,1
Q9Y225,0.0,0.0,0.0,2
Q9Y227,0.0,0.0,0.0,4
Q9Y228,0.0,0.0,0.0,4
Q9Y234,0.0,0.0,0.0,4
Q9Y236,0.0,0.0,0.0,7
Q9Y237,0.0,0.0,0.0,1
Q9Y238,0.0,0.0,0.0,11
Q9Y239,0.0,0.0,0.0,7
Q9Y240,0.0,0.0,0.0,9
Q9Y243,0.0,0.0,0.0,2
Q9Y244,0.0,0.0,0.0,3
Q9Y248,0.0,0.0,0.0,1
Q9Y250,0.0,0.0,0.0,4
Q9Y252,0.0,0.0,0.0,2
Q9Y253,0.0,0.0,0.0,1
Q9Y255,0.0,0.0,0.0,1
Q9Y256,0.0,0.0,0.0,2
Q9Y257,0.0,0.0,0.0,5
Q9Y259,0.0,0.0,0.0,3
Q9Y262,0.0,0.0,0.0,12
Q9Y263,0.0,0.0,0.0,6
Q9Y264,0.0,0.0,0.0,3
Q9Y265,0.0,0.0,0.0,6
Q9Y266,0.0,0.0,0.0,1
Q9Y271,0.0,0.0,0.0,3
Q9Y277,0.0,0.0,0.0,3
Q9Y278,0.0,0.0,0.0,2
Q9Y282,0.0,0.0,0.0,6
Q9Y283,0.0,0.0,0.0,7
Q9Y284,0.0,0.0,0.0,1
Q9Y285,0.0,0.0,0.0,2
Q9Y289,0.0,0.0,0.0,4
Q9Y291,0.0,0.0,0.0,1
Q9Y295,0.0,0.0,0.0,6
Q9Y296,0.0,0.0,0.0,5
Q9Y297,0.0,0.0,0.0,6
Q9Y2A7,0.0,0.0,0.0,17
Q9Y2B1,0.0,0.0,0.0,5
Q9Y2B2,0.0,0.0,0.0,1
Q9Y2C4,0.0,0.0,0.0,3
Q9Y2C9,0.0,0.0,0.0,5
Q9Y2D2,0.0,0.0,0.0,5
Q9Y2D4,0.0,0.0,0.0,11
Q9Y2D5,0.0,0.0,0.0,4
Q9Y2D8,0.0,0.0,0.0,5
Q9Y2E5,0.0,0.0,0.0,8
Q9Y2E6,0.0,0.0,0.0,4
Q9Y2E8,0.0,0.0,0.0,9
Q9Y2F5,0.0,0.0,0.0,10
Q9Y2F9,0.0,0.0,0.0,4
Q9Y2G0,0.0,0.0,0.0,8
Q9Y2G1,0.0,0.0,0.0,5
Q9Y2G2,0.0,0.0,0.0,6
Q9Y2G3,0.0,0.0,0.0,6
Q9Y2G4,0.0,0.0,0.0,3
Q9Y2G5,0.0,0.0,0.0,5
Q9Y2G8,0.0,0.0,0.0,11
Q9Y2G9,0.0,0.0,0.0,5
Q9Y2H0,0.0,0.0,0.16666666666666666,6
Q9Y2H1,0.0,0.0,0.0,3
Q9Y2H2,0.0,0.0,0.0,7
Q9Y2H5,0.0,0.0,0.0,5
Q9Y2H6,0.0,0.0,0.0,3
Q9Y2H9,0.0,0.0,0.0,3
Q9Y2I1,0.0,0.0,0.0,20
Q9Y2I6,0.0,0.0,0.0,10
Q9Y2I7,0.0,0.0,0.0,9
Q9Y2J2,0.0,0.0,0.0,5
Q9Y2J4,0.0,0.0,0.0,2
Q9Y2J8,0.0,0.0,0.0,8
Q9Y2K1,0.0,0.0,0.0,4
Q9Y2K2,0.0,0.0,0.0,6
Q9Y2K3,0.0,0.0,0.0,13
Q9Y2K5,0.0,0.0,0.0,3
Q9Y2K7,0.0,0.0,0.0,3
Q9Y2K9,0.0,0.0,0.0,9
Q9Y2L1,0.0,0.0,0.0,10
Q9Y2L5,0.0,0.0,0.0,7
Q9Y2L6,0.0,0.0,0.0,9
Q9Y2M5,0.0,0.0,0.0,5
Q9Y2P5,0.0,0.0,0.2,5
Q9Y2P8,0.0,0.0,0.0,4
Q9Y2Q0,0.0,0.0,0.0,7
Q9Y2Q3,0.0,0.0,0.0,5
Q9Y2Q5,0.0,0.0,0.0,2
Q9Y2R0,0.0,0.0,0.0,1
Q9Y2R2,0.0,0.0,0.0,6
Q9Y2R4,0.0,0.0,0.0,1
Q9Y2R5,0.0,0.0,0.0,2
Q9Y2R9,0.0,0.0,0.0,1
Q9Y2S2,0.0,0.0,0.0,2
Q9Y2S7,0.0,0.0,0.0,4
Q9Y2T1,0.0,0.0,0.0,4
Q9Y2T2,0.0,0.0,0.0,7
Q9Y2T6,0.0,0.0,0.0,3
Q9Y2U5,0.0,0.0,0.0,3
Q9Y2U8,0.0,0.0,0.0,8
Q9Y2V0,0.0,0.0,0.0,4
Q9Y2V7,0.0,0.0,0.0,4
Q9Y2W2,0.0,0.0,0.3333333333333333,3
Q9Y2W6,0.0,0.0,0.0,2
Q9Y2X0,0.0,0.0,0.0,7
Q9Y2X3,0.0,0.0,0.0,5
Q9Y2X7,0.0,0.0,0.0,4
Q9Y2X9,0.0,0.0,0.0,3
Q9Y2Y0,0.0,0.0,0.0,3
Q9Y2Y4,0.0,0.0,0.0,3
Q9Y2Y6,0.0,0.0,0.0,8
Q9Y2Z0,0.0,0.0,0.0,3
Q9Y2Z2,0.0,0.0,0.0,8
Q9Y2Z4,0.0,0.0,0.0,4
Q9Y305,0.0,0.0,0.0,6
Q9Y314,0.0,0.0,0.0,2
Q9Y316,0.0,0.0,0.0,3
Q9Y320,0.0,0.0,0.0,4
Q9Y330,0.0,0.0,0.0,5
Q9Y333,0.0,0.0,0.0,3
Q9Y366,0.0,0.0,0.0,1
Q9Y371,0.0,0.0,0.0,3
Q9Y375,0.0,0.0,0.0,1
Q9Y376,0.0,0.0,0.0,3
Q9Y383,0.0,0.0,0.0,4
Q9Y385,0.0,0.0,0.0,4
Q9Y388,0.0,0.0,0.0,3
Q9Y394,0.0,0.0,0.0,1
Q9Y399,0.0,0.0,0.0,5
Q9Y3A2,0.0,0.0,0.0,2
Q9Y3A4,0.0,0.0,0.0,4
Q9Y3A5,0.0,0.0,0.0,3
Q9Y3A6,0.0,0.0,0.0,2
Q9Y3B1,0.0,0.0,0.0,2
Q9Y3B2,0.0,0.0,0.0,1
Q9Y3B3,0.0,0.0,0.0,2
Q9Y3B4,0.0,0.0,0.0,1
Q9Y3B6,0.0,0.0,0.0,2
Q9Y3B8,0.0,0.0,0.0,5
Q9Y3C0,0.0,0.0,0.0,4
Q9Y3C1,0.0,0.0,0.0,1
Q9Y3C4,0.0,0.0,0.0,3
Q9Y3D0,0.0,0.0,0.0,2
Q9Y3D2,0.0,0.0,0.0,1
Q9Y3D5,0.0,0.0,0.0,1
Q9Y3D6,0.0,0.0,0.0,3
Q9Y3D7,0.0,0.0,0.0,1
Q9Y3E5,0.0,0.0,0.0,2
Q9Y3E7,0.0,0.0,0.0,4
Q9Y3F4,0.0,0.0,0.0,2
Q9Y3I0,0.0,0.0,0.0,7
Q9Y3I1,0.0,0.0,0.0,5
Q9Y3L3,0.0,0.0,0.0,8
Q9Y3M8,0.0,0.0,0.0,11
Q9Y3M9,0.0,0.0,0.0,3
Q9Y3P4,0.0,0.0,0.0,4
Q9Y3P8,0.0,0.0,0.0,2
Q9Y3P9,0.0,0.0,0.0,4
Q9Y3Q3,0.0,0.0,0.0,1
Q9Y3Q4,0.0,0.0,0.0,5
Q9Y3Q8,0.0,0.0,0.0,1
Q9Y3R0,0.0,0.0,0.0,5
Q9Y3R5,0.0,0.0,0.0,27
Q9Y3S1,0.0,0.0,0.0,8
Q9Y3T9,0.0,0.0,0.0,10
Q9Y3U8,0.0,0.0,0.0,2
Q9Y3Z3,0.0,0.0,0.0,5
Q9Y426,0.0,0.0,0.0,5
Q9Y450,0.0,0.0,0.0,5
Q9Y462,0.0,0.0,0.0,2
Q9Y463,0.0,0.0,0.0,3
Q9Y468,0.0,0.0,0.0,5
Q9Y483,0.0,0.0,0.0,3
Q9Y485,1.0,1.0,1.0,18
Q9Y487,0.0,0.0,0.0,11
Q9Y490,0.0,0.0,0.0,43
Q9Y496,0.0,0.0,0.0,6
Q9Y4A0,0.0,0.0,0.0,4
Q9Y4A5,1.0,1.0,1.0,61
Q9Y4A8,0.0,0.0,0.0,9
Q9Y4B4,0.0,0.0,0.0,7
Q9Y4B5,0.0,0.0,0.0,10
Q9Y4B6,0.0,0.0,0.0,11
Q9Y4C0,0.0,0.0,0.0,12
Q9Y4C1,0.0,0.0,0.0,4
Q9Y4C2,0.0,0.0,0.0,8
Q9Y4C5,0.0,0.0,0.0,4
Q9Y4C8,0.0,0.0,0.0,9
Q9Y4D1,0.0,0.0,0.0,7
Q9Y4D7,0.0,0.0,0.0,17
Q9Y4D8,0.6388888888888888,0.6388888888888888,0.6388888888888888,36
Q9Y4E1,0.0,0.0,0.0,6
Q9Y4E5,0.0,0.0,0.0,1
Q9Y4E6,0.0,0.0,0.0,17
Q9Y4E8,0.0,0.0,0.0,8
Q9Y4F1,0.0,0.0,0.0,5
Q9Y4F3,0.0,0.0,0.0,13
Q9Y4F4,0.0,0.0,0.0,12
Q9Y4F5,0.0,0.0,0.0,8
Q9Y4G2,0.0,0.0,0.0,5
Q9Y4G6,0.0,0.0,0.0,29
Q9Y4G8,0.0,0.0,0.0,14
Q9Y4H2,0.0,0.0,0.0,6
Q9Y4I1,0.0,0.0,0.0,13
Q9Y4J8,0.0,0.0,0.0,5
Q9Y4K0,0.0,0.0,0.0,3
Q9Y4K1,0.0,0.0,0.0,1
Q9Y4K4,0.0,0.0,0.0,4
Q9Y4L1,0.0,0.0,0.0,12
Q9Y4P1,0.0,0.0,0.0,5
Q9Y4P8,0.0,0.0,0.0,2
Q9Y4R8,0.0,0.0,0.0,14
Q9Y4W2,0.0,0.0,0.0,9
Q9Y4W6,0.0,0.0,0.0,8
Q9Y4X4,0.0,0.0,0.0,3
Q9Y4Y9,0.0,0.0,0.0,1
Q9Y508,0.0,0.0,0.0,4
Q9Y512,0.0,0.0,0.0,3
Q9Y519,0.0,0.0,0.0,2
Q9Y520,1.0,1.0,1.0,10
Q9Y530,0.0,0.0,0.0,1
Q9Y535,0.0,0.0,0.0,1
Q9Y546,0.0,0.0,0.0,5
Q9Y547,0.0,0.0,0.0,2
Q9Y548,0.0,0.0,0.0,5
Q9Y561,0.0,0.0,0.0,3
Q9Y566,0.0,0.0,0.0,14
Q9Y570,0.0,0.0,0.0,2
Q9Y572,0.0,0.0,0.0,3
Q9Y573,0.0,0.0,0.0,6
Q9Y575,0.0,0.0,0.0,8
Q9Y580,0.0,0.0,0.0,3
Q9Y586,0.0,0.0,0.0,3
Q9Y592,0.0,0.0,0.0,6
Q9Y597,0.0,0.0,0.0,5
Q9Y5A7,0.0,0.0,0.0,4
Q9Y5A9,0.0,0.0,0.0,2
Q9Y5B0,0.0,0.0,0.0,5
Q9Y5B8,0.0,0.0,0.0,2
Q9Y5B9,0.0,0.0,0.0,11
Q9Y5C1,0.0,0.0,0.0,6
Q9Y5E2,0.0,0.0,0.0,5
Q9Y5E3,0.0,0.0,0.0,3
Q9Y5E4,0.0,0.0,0.0,4
Q9Y5E5,0.0,0.0,0.0,5
Q9Y5E7,0.0,0.0,0.0,6
Q9Y5E9,0.0,0.0,0.0,4
Q9Y5F2,0.0,0.0,0.0,3
Q9Y5F6,0.0,0.0,0.0,1
Q9Y5G1,0.0,0.0,0.0,3
Q9Y5G3,0.0,0.0,0.0,6
Q9Y5G7,0.0,0.0,0.0,7
Q9Y5G8,0.0,0.0,0.0,5
Q9Y5G9,0.0,0.0,0.0,5
Q9Y5H0,0.0,0.0,0.0,7
Q9Y5H3,0.0,0.0,0.0,8
Q9Y5H8,0.0,0.0,0.0,4
Q9Y5H9,0.0,0.0,0.0,7
Q9Y5I3,0.0,0.0,0.0,6
Q9Y5I4,0.0,0.0,0.0,8
Q9Y5J1,0.0,0.0,0.0,1
Q9Y5K5,0.0,0.0,0.0,4
Q9Y5K6,0.0,0.0,0.0,4
Q9Y5K8,0.0,0.0,0.0,3
Q9Y5L0,0.0,0.0,0.0,18
Q9Y5L2,0.0,0.0,0.0,2
Q9Y5L3,0.0,0.0,0.0,4
Q9Y5M8,0.0,0.0,0.0,3
Q9Y5P1,0.0,0.0,0.0,4
Q9Y5P6,0.0,0.0,0.0,1
Q9Y5Q0,0.0,0.0,0.0,5
Q9Y5Q3,0.0,0.0,0.0,1
Q9Y5Q8,0.0,0.0,0.0,2
Q9Y5Q9,0.0,0.0,0.0,12
Q9Y5R8,0.0,0.0,0.0,3
Q9Y5S1,0.0,0.0,0.0,9
Q9Y5S2,0.0,0.0,0.0,13
Q9Y5T5,0.0,0.0,0.0,2
Q9Y5U4,0.0,0.0,0.0,3
Q9Y5U8,0.0,0.0,0.0,1
Q9Y5U9,0.0,0.0,0.0,3
Q9Y5V3,0.0,0.0,0.0,4
Q9Y5W7,0.0,0.0,0.0,18
Q9Y5W8,0.0,0.0,0.0,11
Q9Y5W9,0.0,0.0,0.0,3
Q9Y5X0,0.0,0.0,0.0,2
Q9Y5X1,0.0,0.0,0.0,3
Q9Y5X2,0.0,0.0,0.0,3
Q9Y5X3,0.0,0.0,0.0,5
Q9Y5Y0,0.0,0.0,0.0,6
Q9Y5Y2,0.0,0.0,0.0,4
Q9Y5Y5,0.0,0.0,0.0,2
Q9Y5Y6,0.0,0.0,0.0,7
Q9Y5Z0,0.0,0.0,0.0,5
Q9Y5Z9,0.0,0.0,0.0,4
Q9Y600,0.0,0.0,0.0,6
Q9Y603,0.0,0.0,0.0,3
Q9Y605,0.0,0.0,0.0,4
Q9Y606,0.0,0.0,0.0,2
Q9Y608,0.0,0.0,0.0,2
Q9Y613,0.0,0.0,0.0,8
Q9Y616,0.0,0.0,0.0,10
Q9Y617,0.0,0.0,0.0,4
Q9Y618,0.0,0.0,0.0,10
Q9Y620,0.0,0.0,0.0,8
Q9Y624,0.0,0.0,0.0,2
Q9Y639,0.0,0.0,0.0,4
Q9Y644,0.0,0.0,0.0,2
Q9Y646,0.0,0.0,0.0,4
Q9Y653,0.0,0.0,0.0,9
Q9Y672,0.0,0.0,0.0,11
Q9Y675,0.0,0.0,0.0,1
Q9Y676,0.0,0.0,0.0,2
Q9Y678,0.0,0.0,0.0,15
Q9Y679,0.0,0.0,0.0,5
Q9Y689,0.0,0.0,0.0,1
Q9Y692,0.0,0.0,0.0,3
Q9Y694,0.0,0.0,0.0,6
Q9Y696,0.0,0.0,0.0,5
Q9Y6A1,0.0,0.0,0.0,8
Q9Y6A5,0.0,0.0,0.0,2
Q9Y6A9,0.0,0.0,0.0,1
Q9Y6B2,0.0,0.0,0.0,1
Q9Y6B6,0.0,0.0,0.0,5
Q9Y6B7,0.0,0.0,0.0,9
Q9Y6C2,0.0,0.0,0.0,10
Q9Y6C9,0.0,0.0,0.0,7
Q9Y6D5,0.0,0.0,0.0,10
Q9Y6D6,0.0,0.0,0.0,13
Q9Y6D9,0.0,0.0,0.0,7
Q9Y6E2,0.0,0.0,0.0,4
Q9Y6F1,0.0,0.0,0.0,3
Q9Y6G9,0.0,0.0,0.0,6
Q9Y6H1,0.0,0.0,0.0,3
Q9Y6H3,0.0,0.0,0.0,2
Q9Y6H5,0.0,0.0,0.0,3
Q9Y6H8,0.0,0.0,0.0,3
Q9Y6I3,0.0,0.0,0.0,4
Q9Y6I4,0.0,0.0,0.0,6
Q9Y6I7,0.0,0.0,0.0,3
Q9Y6I8,0.0,0.0,0.0,5
Q9Y6J0,0.0,0.0,0.0,17
Q9Y6J8,0.0,0.0,0.0,2
Q9Y6J9,0.0,0.0,0.0,7
Q9Y6K0,0.0,0.0,0.0,2
Q9Y6K5,0.0,0.0,0.0,11
Q9Y6K9,0.0,0.0,0.0,3
Q9Y6M1,0.0,0.0,0.0,4
Q9Y6M7,0.0,0.0,0.0,8
Q9Y6N5,0.0,0.0,0.0,3
Q9Y6N6,0.0,0.0,0.0,7
Q9Y6P5,0.0,0.0,0.0,8
Q9Y6Q1,0.0,0.0,0.0,6
Q9Y6Q2,0.0,0.0,0.0,1
Q9Y6Q9,0.0,0.0,0.0,8
Q9Y6R0,0.0,0.0,0.0,4
Q9Y6R1,0.0,0.0,0.0,8
Q9Y6R4,0.0,0.0,0.0,18
Q9Y6R6,0.0,0.0,0.0,1
Q9Y6R9,0.0,0.0,0.0,3
Q9Y6S9,0.0,0.0,0.0,5
Q9Y6U7,0.0,0.0,0.0,2
Q9Y6V7,0.0,0.0,0.0,6
Q9Y6W3,0.0,0.0,0.0,3
Q9Y6W5,0.0,0.0,0.0,3
Q9Y6W6,0.0,0.0,0.5,2
Q9Y6X2,0.0,0.0,0.0,3
Q9Y6X3,0.0,0.0,0.0,11
Q9Y6X5,0.0,0.0,0.0,7
Q9Y6X6,0.0,0.0,0.0,17
Q9Y6X8,0.0,0.0,0.0,6
Q9Y6X9,0.0,0.0,0.0,5
Q9Y6Y0,0.0,0.0,0.0,7
Q9Y6Y1,0.0,0.0,0.0,12
Q9Y6Y8,0.0,0.0,0.0,9
Q9YZN9,1.0,1.0,1.0,1
R4GMW8,1.0,1.0,1.0,7
R4GMX3,0.0,0.0,0.0,3
S6AU73,0.0,0.0,0.0,1
V4YJP8,1.0,1.0,1.0,12
V4Z5V1,0.0,0.0,0.0,2
V4Z6U4,0.0,0.0,0.0,8
V4Z894,1.0,1.0,1.0,55
V4ZGQ7,1.0,1.0,1.0,17
V4ZQH2,0.0,0.0,0.0,2
V4ZQN2,1.0,1.0,1.0,6
V5B319,0.0,0.0,0.0,2
V5BMS8,0.0,0.0,0.0,6
V7IA51,0.0,0.0,0.0,1
V7IAM7,0.0,0.0,0.0,4
V7IF06,0.0,0.0,0.0,2
V9GYK3,1.0,1.0,1.0,1
V9GZ38,0.0,0.0,0.0,3
X6REB3,0.0,0.0,0.0,4
